payment_id,order_id,payment_date,method,amount,status
PAY00000001,ORD00000001,2024-03-21,ACH,3697.61,Succeeded
PAY00000002,ORD00000002,2024-11-06,PayPal,5320.55,Succeeded
PAY00000003,ORD00000003,2026-02-20,ACH,2031.85,Succeeded
PAY00000004,ORD00000004,2024-07-20,Wire,1490.16,Succeeded
PAY00000005,ORD00000005,2025-01-20,Wire,2953.96,Pending
PAY00000006,ORD00000006,2025-11-20,Card,7730.18,Succeeded
PAY00000008,ORD00000008,2025-03-25,ACH,5045.61,Succeeded
PAY00000009,ORD00000009,2025-12-17,Card,3128.15,Succeeded
PAY00000010,ORD00000010,2025-05-06,Card,5049.86,Succeeded
PAY00000011,ORD00000011,2026-01-31,Wire,1242.64,Succeeded
PAY00000012,ORD00000012,2024-08-24,Card,1221.23,Succeeded
PAY00000013,ORD00000013,2024-07-07,ACH,4478.55,Succeeded
PAY00000014,ORD00000014,2025-09-29,Wire,912.44,Succeeded
PAY00000015,ORD00000015,2024-03-31,Wire,3057.6,Succeeded
PAY00000016,ORD00000016,2025-03-13,PayPal,3223.15,Succeeded
PAY00000017,ORD00000017,2024-05-22,PayPal,831.86,Succeeded
PAY00000018,ORD00000018,2025-10-22,Card,1389.57,Succeeded
PAY00000019,ORD00000019,2026-02-28,ACH,4551.51,Succeeded
PAY00000020,ORD00000020,2024-07-27,PayPal,5882.16,Succeeded
PAY00000021,ORD00000021,2025-11-20,Card,415.31,Succeeded
PAY00000022,ORD00000022,2025-08-06,PayPal,2589.12,Pending
PAY00000023,ORD00000023,2025-03-03,Wire,4320.32,Succeeded
PAY00000024,ORD00000024,2025-09-25,ACH,5898.8,Succeeded
PAY00000026,ORD00000026,2026-02-12,ACH,5543.25,Succeeded
PAY00000027,ORD00000027,2025-11-05,Wire,1028.61,Succeeded
PAY00000028,ORD00000028,2025-03-21,Wire,6001.83,Succeeded
PAY00000029,ORD00000029,2024-06-05,Wire,2123.51,Succeeded
PAY00000030,ORD00000030,2025-03-06,Card,8018.28,Succeeded
PAY00000031,ORD00000031,2025-12-02,Card,5835.64,Succeeded
PAY00000032,ORD00000032,2024-09-25,PayPal,2641.06,Succeeded
PAY00000033,ORD00000033,2025-06-14,Wire,4956.15,Pending
PAY00000034,ORD00000034,2024-07-14,ACH,4298.21,Succeeded
PAY00000035,ORD00000035,2024-07-17,PayPal,1830.15,Pending
PAY00000036,ORD00000036,2025-04-27,Wire,399.26,Succeeded
PAY00000037,ORD00000037,2024-10-29,Card,3835.21,Succeeded
PAY00000038,ORD00000038,2024-02-28,PayPal,759.78,Succeeded
PAY00000039,ORD00000039,2024-01-17,Card,1480.47,Succeeded
PAY00000040,ORD00000040,2024-12-05,PayPal,5536.11,Succeeded
PAY00000041,ORD00000041,2025-09-26,PayPal,7317.3,Succeeded
PAY00000042,ORD00000042,2025-06-09,Card,4812.36,Succeeded
PAY00000043,ORD00000043,2025-09-20,PayPal,5990.84,Succeeded
PAY00000044,ORD00000044,2024-01-26,Wire,2715.48,Succeeded
PAY00000045,ORD00000045,2024-09-04,Card,5092.26,Succeeded
PAY00000047,ORD00000047,2025-07-11,Wire,2124.55,Succeeded
PAY00000048,ORD00000048,2024-09-22,Wire,2987.3,Succeeded
PAY00000049,ORD00000049,2025-02-02,Card,5562.4,Pending
PAY00000050,ORD00000050,2025-03-11,Wire,4501.88,Succeeded
PAY00000051,ORD00000051,2025-11-06,Card,434.09,Succeeded
PAY00000052,ORD00000052,2024-03-11,ACH,2007.88,Succeeded
PAY00000053,ORD00000053,2025-10-22,Wire,5267.27,Pending
PAY00000054,ORD00000054,2024-07-28,ACH,5076.14,Succeeded
PAY00000055,ORD00000055,2026-01-25,PayPal,4438.46,Succeeded
PAY00000056,ORD00000056,2025-08-01,Card,1520.73,Succeeded
PAY00000057,ORD00000057,2024-12-19,ACH,3530.05,Succeeded
PAY00000058,ORD00000058,2025-09-13,ACH,4196.51,Succeeded
PAY00000059,ORD00000059,2025-08-28,Wire,3884.83,Succeeded
PAY00000060,ORD00000060,2024-09-07,ACH,9042.78,Succeeded
PAY00000061,ORD00000061,2024-04-19,PayPal,4576.1,Succeeded
PAY00000062,ORD00000062,2025-03-17,Wire,6545.61,Succeeded
PAY00000063,ORD00000063,2025-05-09,Card,1684.23,Succeeded
PAY00000064,ORD00000064,2025-10-06,ACH,6320.67,Failed
PAY00000065,ORD00000065,2025-03-23,ACH,4117.68,Succeeded
PAY00000067,ORD00000067,2025-07-08,Card,5896.59,Succeeded
PAY00000068,ORD00000068,2024-06-11,Wire,5010.33,Succeeded
PAY00000069,ORD00000069,2024-10-13,PayPal,1372.41,Succeeded
PAY00000070,ORD00000070,2024-07-31,ACH,3012.29,Succeeded
PAY00000071,ORD00000071,2024-12-01,PayPal,4100.71,Succeeded
PAY00000072,ORD00000072,2024-03-15,Card,2155.53,Succeeded
PAY00000073,ORD00000073,2024-09-05,Card,4937.55,Succeeded
PAY00000074,ORD00000074,2024-05-27,ACH,2818.24,Succeeded
PAY00000075,ORD00000075,2025-03-21,Wire,7247.31,Succeeded
PAY00000076,ORD00000076,2026-02-28,Card,1710.48,Succeeded
PAY00000077,ORD00000077,2024-07-08,Card,2975.53,Succeeded
PAY00000079,ORD00000079,2024-04-26,ACH,4099.75,Succeeded
PAY00000080,ORD00000080,2026-02-11,Card,4067.28,Succeeded
PAY00000082,ORD00000082,2024-11-24,ACH,5296.03,Succeeded
PAY00000083,ORD00000083,2024-03-22,PayPal,5181.43,Succeeded
PAY00000085,ORD00000085,2025-12-17,Card,4477.23,Succeeded
PAY00000087,ORD00000087,2025-03-23,Wire,912.68,Succeeded
PAY00000088,ORD00000088,2025-09-25,ACH,2375.44,Succeeded
PAY00000089,ORD00000089,2025-05-28,Wire,4381.6,Succeeded
PAY00000090,ORD00000090,2024-07-19,Card,8885.04,Succeeded
PAY00000091,ORD00000091,2025-07-28,ACH,3894.39,Succeeded
PAY00000092,ORD00000092,2025-02-13,Wire,2962.89,Succeeded
PAY00000093,ORD00000093,2025-10-23,ACH,249.44,Succeeded
PAY00000094,ORD00000094,2025-10-17,ACH,1590.76,Succeeded
PAY00000095,ORD00000095,2025-10-15,PayPal,1330.27,Succeeded
PAY00000096,ORD00000096,2025-01-23,ACH,5195.98,Failed
PAY00000097,ORD00000097,2025-04-20,PayPal,6226.28,Succeeded
PAY00000098,ORD00000098,2024-09-10,Wire,1067.7,Succeeded
PAY00000099,ORD00000099,2024-11-05,ACH,4826.69,Succeeded
PAY00000100,ORD00000100,2024-05-18,PayPal,4153.64,Succeeded
PAY00000102,ORD00000102,2025-10-26,PayPal,608.8,Succeeded
PAY00000103,ORD00000103,2024-12-28,ACH,291.18,Succeeded
PAY00000104,ORD00000104,2024-03-30,PayPal,1640.04,Succeeded
PAY00000105,ORD00000105,2025-04-10,Wire,7831.97,Succeeded
PAY00000106,ORD00000106,2025-01-21,Card,5850.06,Succeeded
PAY00000107,ORD00000107,2024-12-02,Card,2918.66,Succeeded
PAY00000108,ORD00000108,2025-08-09,PayPal,3875.39,Succeeded
PAY00000109,ORD00000109,2025-01-13,Wire,2453.62,Succeeded
PAY00000110,ORD00000110,2025-09-02,ACH,6659.92,Succeeded
PAY00000111,ORD00000111,2025-08-16,PayPal,4376.78,Succeeded
PAY00000112,ORD00000112,2025-05-10,Wire,6543.26,Succeeded
PAY00000113,ORD00000113,2025-12-28,ACH,1282.36,Succeeded
PAY00000114,ORD00000114,2024-04-28,PayPal,4206.17,Succeeded
PAY00000115,ORD00000115,2025-07-28,Card,6092.86,Succeeded
PAY00000116,ORD00000116,2025-01-24,Wire,6707.84,Pending
PAY00000117,ORD00000117,2025-04-06,ACH,1570.77,Succeeded
PAY00000118,ORD00000118,2024-11-18,PayPal,196.87,Succeeded
PAY00000119,ORD00000119,2024-12-01,Card,1223.87,Succeeded
PAY00000120,ORD00000120,2025-03-10,Wire,2353.77,Succeeded
PAY00000121,ORD00000121,2025-02-08,ACH,775.76,Succeeded
PAY00000122,ORD00000122,2024-06-19,ACH,425.03,Succeeded
PAY00000123,ORD00000123,2024-07-07,PayPal,3726.51,Succeeded
PAY00000124,ORD00000124,2024-02-25,Wire,2594.81,Succeeded
PAY00000125,ORD00000125,2024-07-14,Card,532.46,Succeeded
PAY00000126,ORD00000126,2026-01-26,Card,5493.93,Succeeded
PAY00000127,ORD00000127,2024-02-13,Wire,1832.11,Succeeded
PAY00000128,ORD00000128,2025-10-30,PayPal,3951.68,Succeeded
PAY00000129,ORD00000129,2025-08-28,ACH,1115.49,Succeeded
PAY00000130,ORD00000130,2025-08-09,ACH,110.23,Succeeded
PAY00000132,ORD00000132,2026-02-21,ACH,4112.03,Succeeded
PAY00000133,ORD00000133,2025-07-25,ACH,6499.37,Succeeded
PAY00000134,ORD00000134,2024-10-01,ACH,3611.67,Succeeded
PAY00000135,ORD00000135,2024-01-21,Card,285.51,Succeeded
PAY00000136,ORD00000136,2024-10-14,Card,6519.58,Succeeded
PAY00000137,ORD00000137,2025-04-22,Card,1018.55,Succeeded
PAY00000138,ORD00000138,2026-01-13,Card,172.81,Pending
PAY00000139,ORD00000139,2024-09-15,Wire,998.25,Succeeded
PAY00000140,ORD00000140,2024-09-11,Wire,1522.04,Succeeded
PAY00000141,ORD00000141,2025-06-08,ACH,2400.35,Pending
PAY00000142,ORD00000142,2025-12-04,Wire,1162.94,Succeeded
PAY00000143,ORD00000143,2025-08-16,Card,5703.8,Succeeded
PAY00000144,ORD00000144,2024-03-11,Wire,8112.29,Succeeded
PAY00000145,ORD00000145,2025-04-21,PayPal,4176.74,Succeeded
PAY00000146,ORD00000146,2024-07-01,Wire,10590.45,Succeeded
PAY00000147,ORD00000147,2024-03-08,Wire,1708.38,Succeeded
PAY00000148,ORD00000148,2024-06-28,Wire,5775.13,Succeeded
PAY00000149,ORD00000149,2024-01-10,Card,4506.9,Succeeded
PAY00000150,ORD00000150,2025-10-23,ACH,1570.77,Succeeded
PAY00000151,ORD00000151,2025-07-12,Card,4813.56,Succeeded
PAY00000152,ORD00000152,2025-11-15,Card,5226.97,Succeeded
PAY00000153,ORD00000153,2025-01-18,Wire,4990.08,Succeeded
PAY00000154,ORD00000154,2024-04-01,ACH,2754.28,Succeeded
PAY00000155,ORD00000155,2026-02-13,ACH,3006.38,Succeeded
PAY00000156,ORD00000156,2025-06-13,Card,1253.02,Succeeded
PAY00000157,ORD00000157,2024-08-05,ACH,4797.61,Succeeded
PAY00000158,ORD00000158,2024-04-21,Card,3102.14,Succeeded
PAY00000159,ORD00000159,2025-03-08,Wire,5730.36,Pending
PAY00000160,ORD00000160,2024-05-28,ACH,6359.05,Succeeded
PAY00000161,ORD00000161,2025-03-21,PayPal,3824.52,Succeeded
PAY00000162,ORD00000162,2025-02-03,Card,1012.59,Succeeded
PAY00000163,ORD00000163,2024-09-04,Wire,2208.37,Succeeded
PAY00000164,ORD00000164,2024-08-29,ACH,1429.51,Succeeded
PAY00000165,ORD00000165,2024-02-18,PayPal,7277.4,Pending
PAY00000166,ORD00000166,2025-03-17,PayPal,5031.35,Succeeded
PAY00000167,ORD00000167,2025-03-19,ACH,3869.81,Succeeded
PAY00000168,ORD00000168,2026-02-02,ACH,6411.13,Succeeded
PAY00000169,ORD00000169,2025-11-01,PayPal,5471.22,Succeeded
PAY00000170,ORD00000170,2024-06-21,Card,1281.56,Succeeded
PAY00000171,ORD00000171,2025-06-07,Wire,4889.46,Succeeded
PAY00000172,ORD00000172,2024-05-26,ACH,3669.21,Succeeded
PAY00000173,ORD00000173,2025-08-10,Wire,15.51,Succeeded
PAY00000174,ORD00000174,2025-08-12,PayPal,2820.27,Failed
PAY00000175,ORD00000175,2024-10-19,Card,666.84,Succeeded
PAY00000176,ORD00000176,2025-11-07,PayPal,1068.17,Succeeded
PAY00000177,ORD00000177,2025-11-06,PayPal,4930.75,Succeeded
PAY00000178,ORD00000178,2025-04-14,ACH,1051.13,Pending
PAY00000179,ORD00000179,2024-03-27,Wire,8325.06,Pending
PAY00000180,ORD00000180,2024-05-22,Wire,1884.63,Succeeded
PAY00000182,ORD00000182,2025-02-20,ACH,134.34,Succeeded
PAY00000183,ORD00000183,2025-02-05,Card,1529.37,Succeeded
PAY00000184,ORD00000184,2025-12-05,Wire,581.73,Succeeded
PAY00000185,ORD00000185,2025-06-28,Card,381.92,Succeeded
PAY00000186,ORD00000186,2024-02-07,ACH,1009.15,Succeeded
PAY00000187,ORD00000187,2025-04-10,Card,4314.89,Succeeded
PAY00000188,ORD00000188,2025-09-18,PayPal,5518.56,Succeeded
PAY00000189,ORD00000189,2024-03-30,PayPal,1963.87,Succeeded
PAY00000190,ORD00000190,2024-10-10,PayPal,432.04,Succeeded
PAY00000191,ORD00000191,2025-08-26,Card,3221.83,Pending
PAY00000192,ORD00000192,2024-12-01,Card,2226.84,Succeeded
PAY00000193,ORD00000193,2025-10-02,ACH,717.04,Succeeded
PAY00000194,ORD00000194,2025-04-25,ACH,966.65,Succeeded
PAY00000195,ORD00000195,2024-02-18,PayPal,8371.02,Succeeded
PAY00000196,ORD00000196,2024-09-01,Wire,3107.62,Succeeded
PAY00000197,ORD00000197,2025-07-31,PayPal,297.56,Succeeded
PAY00000198,ORD00000198,2025-08-29,ACH,5912.61,Succeeded
PAY00000199,ORD00000199,2024-09-04,PayPal,5567.02,Succeeded
PAY00000200,ORD00000200,2024-03-13,Card,7007.45,Succeeded
PAY00000201,ORD00000201,2024-05-17,Wire,312.47,Succeeded
PAY00000202,ORD00000202,2025-07-23,PayPal,5207.99,Succeeded
PAY00000203,ORD00000203,2025-11-13,Wire,6007.53,Succeeded
PAY00000204,ORD00000204,2025-03-14,Card,142.18,Succeeded
PAY00000205,ORD00000205,2026-02-02,Wire,4030.74,Succeeded
PAY00000206,ORD00000206,2025-05-18,PayPal,1787.6,Succeeded
PAY00000207,ORD00000207,2025-03-10,Card,2477.48,Succeeded
PAY00000208,ORD00000208,2024-12-28,Wire,1614.01,Succeeded
PAY00000209,ORD00000209,2025-05-10,Card,3249.19,Succeeded
PAY00000210,ORD00000210,2025-10-17,ACH,648.06,Succeeded
PAY00000211,ORD00000211,2025-07-13,PayPal,4343.39,Succeeded
PAY00000212,ORD00000212,2025-02-10,Card,6576.58,Succeeded
PAY00000213,ORD00000213,2025-03-12,ACH,3789.73,Succeeded
PAY00000214,ORD00000214,2024-01-27,Card,585.29,Succeeded
PAY00000215,ORD00000215,2024-08-17,Wire,1938.65,Succeeded
PAY00000216,ORD00000216,2025-10-05,PayPal,5109.02,Succeeded
PAY00000217,ORD00000217,2024-02-02,ACH,3816.06,Succeeded
PAY00000218,ORD00000218,2025-06-09,Wire,1675.27,Succeeded
PAY00000219,ORD00000219,2024-09-16,PayPal,1518.96,Succeeded
PAY00000220,ORD00000220,2024-09-09,Wire,5521.25,Succeeded
PAY00000221,ORD00000221,2024-09-09,ACH,2352.15,Succeeded
PAY00000222,ORD00000222,2025-06-25,PayPal,549.62,Succeeded
PAY00000223,ORD00000223,2025-07-12,Card,3175.8,Succeeded
PAY00000224,ORD00000224,2024-06-22,Wire,1840.9,Pending
PAY00000226,ORD00000226,2024-06-04,ACH,3769.26,Succeeded
PAY00000227,ORD00000227,2024-03-25,Wire,1233.04,Succeeded
PAY00000228,ORD00000228,2024-06-08,PayPal,1799.8,Succeeded
PAY00000229,ORD00000229,2025-07-01,PayPal,6078.57,Succeeded
PAY00000230,ORD00000230,2025-07-19,ACH,1357.58,Succeeded
PAY00000231,ORD00000231,2024-02-02,ACH,1552.35,Succeeded
PAY00000232,ORD00000232,2025-08-17,Card,4575.99,Succeeded
PAY00000233,ORD00000233,2026-01-20,Wire,1713.23,Succeeded
PAY00000234,ORD00000234,2025-09-29,PayPal,3733.53,Succeeded
PAY00000236,ORD00000236,2024-11-14,PayPal,150.41,Succeeded
PAY00000237,ORD00000237,2024-06-02,ACH,7923.0,Succeeded
PAY00000238,ORD00000238,2025-01-28,Card,5724.29,Succeeded
PAY00000239,ORD00000239,2026-01-24,Wire,5680.89,Succeeded
PAY00000240,ORD00000240,2025-04-08,Card,4393.04,Pending
PAY00000241,ORD00000241,2025-07-06,Wire,3460.6,Failed
PAY00000242,ORD00000242,2026-01-19,ACH,2732.45,Succeeded
PAY00000243,ORD00000243,2024-07-08,ACH,2697.13,Succeeded
PAY00000244,ORD00000244,2025-04-10,Card,8236.08,Succeeded
PAY00000245,ORD00000245,2026-02-05,ACH,2286.76,Succeeded
PAY00000246,ORD00000246,2024-03-09,Wire,7741.04,Succeeded
PAY00000247,ORD00000247,2025-06-07,Wire,4327.72,Succeeded
PAY00000248,ORD00000248,2024-12-07,ACH,825.51,Succeeded
PAY00000249,ORD00000249,2024-12-21,Card,12915.62,Succeeded
PAY00000250,ORD00000250,2025-02-12,Wire,1857.07,Succeeded
PAY00000251,ORD00000251,2025-03-23,Card,6263.63,Succeeded
PAY00000252,ORD00000252,2024-02-25,Wire,9353.09,Succeeded
PAY00000253,ORD00000253,2024-08-25,Wire,729.17,Succeeded
PAY00000254,ORD00000254,2024-03-15,ACH,1141.83,Succeeded
PAY00000255,ORD00000255,2024-04-28,Card,7410.26,Succeeded
PAY00000256,ORD00000256,2024-03-01,Card,6332.68,Succeeded
PAY00000257,ORD00000257,2024-05-31,Wire,6464.01,Succeeded
PAY00000258,ORD00000258,2025-02-23,Card,3446.58,Failed
PAY00000260,ORD00000260,2025-12-02,PayPal,7207.85,Succeeded
PAY00000261,ORD00000261,2025-11-25,PayPal,3631.28,Succeeded
PAY00000262,ORD00000262,2025-02-11,Card,6500.89,Succeeded
PAY00000263,ORD00000263,2025-10-30,Wire,1912.74,Succeeded
PAY00000264,ORD00000264,2025-05-13,ACH,4175.78,Succeeded
PAY00000265,ORD00000265,2024-03-31,Wire,4568.12,Succeeded
PAY00000266,ORD00000266,2024-12-07,ACH,385.83,Succeeded
PAY00000268,ORD00000268,2025-02-03,PayPal,3943.68,Succeeded
PAY00000269,ORD00000269,2024-09-29,PayPal,2936.05,Succeeded
PAY00000270,ORD00000270,2025-09-04,Wire,6577.55,Succeeded
PAY00000271,ORD00000271,2025-01-25,PayPal,215.17,Succeeded
PAY00000273,ORD00000273,2024-05-07,ACH,2366.47,Succeeded
PAY00000274,ORD00000274,2025-04-24,PayPal,5062.92,Succeeded
PAY00000275,ORD00000275,2025-06-18,Card,2780.1,Succeeded
PAY00000276,ORD00000276,2025-10-19,ACH,3089.93,Succeeded
PAY00000277,ORD00000277,2025-09-16,Card,997.45,Succeeded
PAY00000278,ORD00000278,2025-07-31,ACH,1474.3,Succeeded
PAY00000279,ORD00000279,2024-05-13,Wire,1240.89,Succeeded
PAY00000280,ORD00000280,2026-01-28,ACH,2046.21,Succeeded
PAY00000282,ORD00000282,2025-11-09,Wire,7303.71,Succeeded
PAY00000283,ORD00000283,2024-06-16,ACH,4995.73,Succeeded
PAY00000284,ORD00000284,2024-12-25,Wire,1612.05,Succeeded
PAY00000285,ORD00000285,2024-11-12,PayPal,1763.93,Succeeded
PAY00000286,ORD00000286,2025-09-25,PayPal,3142.85,Succeeded
PAY00000287,ORD00000287,2026-01-05,ACH,5548.87,Succeeded
PAY00000288,ORD00000288,2025-06-12,ACH,5758.74,Succeeded
PAY00000289,ORD00000289,2025-03-22,ACH,2394.74,Succeeded
PAY00000290,ORD00000290,2025-07-31,Card,2653.45,Succeeded
PAY00000291,ORD00000291,2025-06-25,Wire,7169.24,Succeeded
PAY00000292,ORD00000292,2025-03-31,Card,564.33,Succeeded
PAY00000293,ORD00000293,2025-01-29,ACH,5461.69,Succeeded
PAY00000294,ORD00000294,2025-04-26,Wire,3854.97,Succeeded
PAY00000295,ORD00000295,2025-01-01,ACH,5152.51,Succeeded
PAY00000297,ORD00000297,2026-01-01,PayPal,7491.51,Succeeded
PAY00000298,ORD00000298,2025-10-30,Card,1718.78,Succeeded
PAY00000300,ORD00000300,2025-05-23,PayPal,59.4,Succeeded
PAY00000301,ORD00000301,2025-06-10,Card,540.84,Succeeded
PAY00000302,ORD00000302,2024-07-18,Wire,4740.6,Succeeded
PAY00000303,ORD00000303,2025-02-20,Card,5357.26,Succeeded
PAY00000304,ORD00000304,2024-07-13,Wire,6369.3,Succeeded
PAY00000305,ORD00000305,2024-03-17,ACH,5048.1,Succeeded
PAY00000306,ORD00000306,2025-02-18,PayPal,626.86,Succeeded
PAY00000307,ORD00000307,2024-01-07,Card,6082.81,Succeeded
PAY00000308,ORD00000308,2024-03-08,PayPal,3529.47,Succeeded
PAY00000309,ORD00000309,2024-09-22,Wire,1307.44,Succeeded
PAY00000310,ORD00000310,2025-02-04,PayPal,5275.85,Succeeded
PAY00000311,ORD00000311,2024-06-09,ACH,1286.14,Succeeded
PAY00000312,ORD00000312,2026-01-26,Wire,5404.06,Succeeded
PAY00000313,ORD00000313,2026-02-14,ACH,4210.29,Succeeded
PAY00000314,ORD00000314,2024-10-24,Card,4768.37,Succeeded
PAY00000315,ORD00000315,2024-11-12,PayPal,2715.33,Succeeded
PAY00000316,ORD00000316,2024-10-22,ACH,7120.57,Succeeded
PAY00000317,ORD00000317,2025-04-26,PayPal,3205.28,Succeeded
PAY00000318,ORD00000318,2024-05-11,Card,3669.09,Succeeded
PAY00000319,ORD00000319,2024-12-02,PayPal,1264.44,Succeeded
PAY00000320,ORD00000320,2024-03-22,PayPal,4640.38,Succeeded
PAY00000321,ORD00000321,2025-03-22,Wire,3747.37,Succeeded
PAY00000322,ORD00000322,2024-12-31,PayPal,3291.33,Succeeded
PAY00000323,ORD00000323,2025-02-10,ACH,213.04,Succeeded
PAY00000324,ORD00000324,2025-08-05,PayPal,1309.02,Succeeded
PAY00000325,ORD00000325,2024-12-03,ACH,3234.95,Succeeded
PAY00000326,ORD00000326,2025-02-07,PayPal,697.54,Succeeded
PAY00000327,ORD00000327,2026-01-19,Wire,5835.15,Succeeded
PAY00000328,ORD00000328,2024-07-21,PayPal,4985.39,Succeeded
PAY00000329,ORD00000329,2024-07-01,ACH,268.02,Succeeded
PAY00000330,ORD00000330,2025-10-18,Card,5455.68,Succeeded
PAY00000331,ORD00000331,2026-01-08,ACH,2512.89,Succeeded
PAY00000332,ORD00000332,2026-03-02,Wire,222.67,Succeeded
PAY00000333,ORD00000333,2025-04-05,Wire,3564.51,Succeeded
PAY00000334,ORD00000334,2024-05-04,PayPal,3049.61,Succeeded
PAY00000335,ORD00000335,2024-12-09,Card,4978.71,Pending
PAY00000336,ORD00000336,2025-12-14,Card,2147.97,Succeeded
PAY00000337,ORD00000337,2024-01-21,ACH,976.5,Succeeded
PAY00000338,ORD00000338,2024-09-14,ACH,5830.03,Succeeded
PAY00000340,ORD00000340,2024-06-20,PayPal,1455.61,Succeeded
PAY00000342,ORD00000342,2024-09-29,Card,3500.82,Succeeded
PAY00000343,ORD00000343,2024-08-24,ACH,4294.82,Failed
PAY00000344,ORD00000344,2025-11-04,ACH,342.15,Succeeded
PAY00000345,ORD00000345,2025-01-11,Card,3425.31,Succeeded
PAY00000346,ORD00000346,2024-06-19,ACH,1678.87,Succeeded
PAY00000347,ORD00000347,2024-03-30,Wire,1431.19,Succeeded
PAY00000348,ORD00000348,2025-10-07,PayPal,1540.83,Succeeded
PAY00000349,ORD00000349,2025-12-01,Card,9248.35,Pending
PAY00000350,ORD00000350,2024-07-25,PayPal,477.82,Succeeded
PAY00000351,ORD00000351,2025-02-27,Wire,2558.4,Succeeded
PAY00000352,ORD00000352,2024-08-28,ACH,4375.26,Succeeded
PAY00000353,ORD00000353,2025-05-27,Wire,4027.52,Succeeded
PAY00000354,ORD00000354,2024-01-02,ACH,4130.45,Succeeded
PAY00000355,ORD00000355,2025-01-31,Wire,2588.68,Succeeded
PAY00000356,ORD00000356,2024-02-07,Card,468.6,Succeeded
PAY00000357,ORD00000357,2025-12-23,Wire,3402.15,Succeeded
PAY00000358,ORD00000358,2025-05-17,Wire,4387.63,Succeeded
PAY00000359,ORD00000359,2024-03-19,Wire,4355.66,Succeeded
PAY00000360,ORD00000360,2024-07-02,Wire,3053.3,Succeeded
PAY00000361,ORD00000361,2024-05-10,PayPal,4428.88,Succeeded
PAY00000362,ORD00000362,2025-08-24,Wire,910.01,Pending
PAY00000363,ORD00000363,2025-06-26,Wire,3394.17,Succeeded
PAY00000364,ORD00000364,2026-01-28,Card,1061.51,Succeeded
PAY00000365,ORD00000365,2024-07-15,ACH,7432.53,Succeeded
PAY00000366,ORD00000366,2025-10-07,Card,6374.37,Succeeded
PAY00000367,ORD00000367,2024-06-12,Wire,735.74,Succeeded
PAY00000368,ORD00000368,2024-03-05,ACH,5144.5,Succeeded
PAY00000370,ORD00000370,2024-04-28,ACH,8539.99,Succeeded
PAY00000371,ORD00000371,2025-01-25,Card,3129.8,Succeeded
PAY00000372,ORD00000372,2024-07-21,PayPal,7076.34,Succeeded
PAY00000373,ORD00000373,2024-05-01,Wire,2137.96,Succeeded
PAY00000374,ORD00000374,2025-02-10,PayPal,495.81,Succeeded
PAY00000375,ORD00000375,2024-02-22,Wire,4108.9,Succeeded
PAY00000376,ORD00000376,2024-09-16,ACH,5847.29,Succeeded
PAY00000377,ORD00000377,2025-05-30,PayPal,5619.9,Succeeded
PAY00000378,ORD00000378,2025-06-13,PayPal,2297.85,Succeeded
PAY00000379,ORD00000379,2025-08-14,Wire,5509.45,Succeeded
PAY00000380,ORD00000380,2025-05-12,ACH,3017.13,Succeeded
PAY00000381,ORD00000381,2024-11-29,Wire,2375.32,Succeeded
PAY00000382,ORD00000382,2024-01-27,ACH,4743.03,Succeeded
PAY00000383,ORD00000383,2025-10-10,Card,3520.64,Succeeded
PAY00000384,ORD00000384,2024-03-23,PayPal,5607.4,Succeeded
PAY00000385,ORD00000385,2026-02-19,Wire,956.52,Succeeded
PAY00000386,ORD00000386,2025-12-17,Wire,1750.92,Succeeded
PAY00000387,ORD00000387,2025-06-29,PayPal,3300.19,Succeeded
PAY00000388,ORD00000388,2025-05-15,Card,4520.75,Succeeded
PAY00000389,ORD00000389,2025-02-22,Wire,1373.0,Succeeded
PAY00000390,ORD00000390,2025-06-17,Wire,779.0,Succeeded
PAY00000391,ORD00000391,2024-04-28,ACH,5556.98,Succeeded
PAY00000392,ORD00000392,2024-07-06,ACH,812.68,Succeeded
PAY00000393,ORD00000393,2024-03-19,ACH,5356.68,Succeeded
PAY00000395,ORD00000395,2026-01-29,PayPal,1399.07,Succeeded
PAY00000396,ORD00000396,2025-08-16,PayPal,2463.43,Succeeded
PAY00000397,ORD00000397,2024-01-19,Card,5452.66,Succeeded
PAY00000398,ORD00000398,2025-11-19,PayPal,3390.14,Succeeded
PAY00000400,ORD00000400,2024-08-18,ACH,5120.73,Succeeded
PAY00000401,ORD00000401,2025-11-29,Wire,1788.28,Succeeded
PAY00000402,ORD00000402,2025-12-06,PayPal,1065.45,Succeeded
PAY00000403,ORD00000403,2024-10-10,Card,5021.56,Succeeded
PAY00000404,ORD00000404,2024-09-25,Card,3860.15,Succeeded
PAY00000405,ORD00000405,2025-10-14,Wire,3302.07,Succeeded
PAY00000406,ORD00000406,2024-10-02,Card,1766.75,Succeeded
PAY00000407,ORD00000407,2024-10-19,PayPal,5000.96,Succeeded
PAY00000408,ORD00000408,2025-08-06,ACH,146.31,Succeeded
PAY00000409,ORD00000409,2025-02-19,PayPal,1332.89,Succeeded
PAY00000410,ORD00000410,2025-01-02,Card,6305.46,Succeeded
PAY00000411,ORD00000411,2025-09-13,PayPal,4696.56,Succeeded
PAY00000412,ORD00000412,2024-03-20,ACH,1359.96,Succeeded
PAY00000413,ORD00000413,2024-05-18,Card,3685.08,Succeeded
PAY00000414,ORD00000414,2025-06-07,ACH,2991.06,Pending
PAY00000415,ORD00000415,2024-11-14,ACH,958.18,Succeeded
PAY00000416,ORD00000416,2024-07-18,Wire,603.92,Succeeded
PAY00000417,ORD00000417,2024-12-14,ACH,3667.12,Succeeded
PAY00000418,ORD00000418,2026-02-26,PayPal,8048.66,Succeeded
PAY00000419,ORD00000419,2025-10-07,Card,5997.18,Succeeded
PAY00000420,ORD00000420,2025-04-26,Wire,5744.58,Succeeded
PAY00000421,ORD00000421,2026-02-02,Wire,3807.11,Succeeded
PAY00000422,ORD00000422,2024-12-15,Wire,4992.58,Succeeded
PAY00000423,ORD00000423,2025-06-06,Card,1825.63,Succeeded
PAY00000424,ORD00000424,2024-05-02,Wire,4021.82,Succeeded
PAY00000425,ORD00000425,2024-09-28,Card,1703.76,Failed
PAY00000426,ORD00000426,2025-12-24,ACH,5287.67,Succeeded
PAY00000428,ORD00000428,2024-05-14,Wire,1770.58,Succeeded
PAY00000429,ORD00000429,2025-05-05,Card,512.75,Succeeded
PAY00000430,ORD00000430,2025-10-17,Card,1344.11,Succeeded
PAY00000431,ORD00000431,2024-03-27,Wire,2492.01,Succeeded
PAY00000432,ORD00000432,2026-02-18,Wire,4052.34,Succeeded
PAY00000433,ORD00000433,2025-01-15,ACH,7188.06,Succeeded
PAY00000434,ORD00000434,2025-02-14,Wire,2101.45,Pending
PAY00000435,ORD00000435,2024-07-02,PayPal,1374.85,Succeeded
PAY00000436,ORD00000436,2024-05-01,Card,6903.33,Succeeded
PAY00000437,ORD00000437,2025-03-07,PayPal,4240.59,Succeeded
PAY00000438,ORD00000438,2025-06-14,Wire,5166.53,Succeeded
PAY00000439,ORD00000439,2024-03-22,Wire,1470.72,Succeeded
PAY00000440,ORD00000440,2026-01-28,PayPal,2030.16,Succeeded
PAY00000441,ORD00000441,2025-12-21,PayPal,2881.82,Succeeded
PAY00000442,ORD00000442,2025-02-05,Card,5598.35,Succeeded
PAY00000443,ORD00000443,2025-04-20,PayPal,1047.31,Succeeded
PAY00000445,ORD00000445,2026-01-08,ACH,5443.8,Succeeded
PAY00000446,ORD00000446,2025-02-01,PayPal,992.93,Succeeded
PAY00000447,ORD00000447,2024-09-05,PayPal,7023.44,Succeeded
PAY00000448,ORD00000448,2024-12-02,PayPal,5158.56,Succeeded
PAY00000449,ORD00000449,2025-06-13,Card,3014.33,Failed
PAY00000450,ORD00000450,2025-03-21,Wire,1803.2,Succeeded
PAY00000451,ORD00000451,2025-09-26,Wire,4901.36,Succeeded
PAY00000452,ORD00000452,2025-11-17,PayPal,5078.65,Succeeded
PAY00000453,ORD00000453,2025-08-20,PayPal,1420.31,Succeeded
PAY00000454,ORD00000454,2025-03-21,PayPal,3493.61,Succeeded
PAY00000455,ORD00000455,2024-01-30,Card,1619.77,Succeeded
PAY00000456,ORD00000456,2024-10-12,PayPal,413.63,Succeeded
PAY00000457,ORD00000457,2025-05-04,ACH,5280.92,Succeeded
PAY00000458,ORD00000458,2025-03-09,Card,388.09,Succeeded
PAY00000459,ORD00000459,2024-09-15,PayPal,2486.45,Succeeded
PAY00000460,ORD00000460,2024-08-09,PayPal,3701.53,Succeeded
PAY00000461,ORD00000461,2025-02-07,Card,3247.34,Succeeded
PAY00000462,ORD00000462,2024-09-10,Wire,3524.68,Succeeded
PAY00000463,ORD00000463,2024-05-28,Card,5757.45,Succeeded
PAY00000464,ORD00000464,2025-04-13,PayPal,2959.73,Succeeded
PAY00000465,ORD00000465,2024-05-10,PayPal,6531.82,Succeeded
PAY00000466,ORD00000466,2025-10-21,Wire,151.87,Succeeded
PAY00000467,ORD00000467,2025-06-20,ACH,2460.04,Succeeded
PAY00000468,ORD00000468,2024-10-17,PayPal,348.39,Succeeded
PAY00000469,ORD00000469,2025-06-06,Card,3387.37,Succeeded
PAY00000470,ORD00000470,2025-02-09,PayPal,4885.49,Succeeded
PAY00000472,ORD00000472,2024-11-15,ACH,4859.92,Succeeded
PAY00000473,ORD00000473,2024-09-21,Card,3475.33,Succeeded
PAY00000474,ORD00000474,2024-08-01,Wire,87.2,Succeeded
PAY00000475,ORD00000475,2024-03-13,PayPal,6547.12,Succeeded
PAY00000476,ORD00000476,2024-03-29,Wire,2898.46,Succeeded
PAY00000477,ORD00000477,2025-02-13,ACH,5954.15,Succeeded
PAY00000478,ORD00000478,2025-06-25,ACH,5481.97,Succeeded
PAY00000479,ORD00000479,2025-10-14,ACH,5002.79,Succeeded
PAY00000480,ORD00000480,2026-01-12,Card,1773.91,Succeeded
PAY00000481,ORD00000481,2025-06-23,PayPal,2267.0,Succeeded
PAY00000482,ORD00000482,2025-03-05,Card,3801.89,Succeeded
PAY00000483,ORD00000483,2025-01-21,Card,1777.82,Succeeded
PAY00000484,ORD00000484,2025-04-18,ACH,6879.03,Succeeded
PAY00000485,ORD00000485,2024-10-16,ACH,5317.43,Succeeded
PAY00000486,ORD00000486,2024-09-16,ACH,3335.31,Succeeded
PAY00000487,ORD00000487,2025-01-26,Wire,465.36,Succeeded
PAY00000488,ORD00000488,2024-08-27,PayPal,2259.53,Succeeded
PAY00000489,ORD00000489,2024-11-21,Card,1683.18,Succeeded
PAY00000490,ORD00000490,2024-02-21,PayPal,2731.68,Succeeded
PAY00000491,ORD00000491,2025-10-04,PayPal,1723.39,Succeeded
PAY00000492,ORD00000492,2025-02-09,Card,5095.88,Succeeded
PAY00000493,ORD00000493,2025-05-17,Wire,5754.35,Succeeded
PAY00000494,ORD00000494,2025-12-17,Card,6016.1,Succeeded
PAY00000495,ORD00000495,2025-01-15,Card,4157.67,Succeeded
PAY00000497,ORD00000497,2026-02-15,PayPal,6346.23,Succeeded
PAY00000498,ORD00000498,2024-05-30,PayPal,4076.71,Succeeded
PAY00000499,ORD00000499,2024-10-10,ACH,304.31,Succeeded
PAY00000501,ORD00000501,2025-09-21,ACH,1664.59,Succeeded
PAY00000502,ORD00000502,2025-04-01,ACH,1696.41,Succeeded
PAY00000503,ORD00000503,2025-10-21,Wire,3529.37,Succeeded
PAY00000505,ORD00000505,2024-07-28,PayPal,10668.11,Succeeded
PAY00000506,ORD00000506,2024-11-11,Wire,2139.81,Succeeded
PAY00000507,ORD00000507,2024-03-21,Card,2857.17,Succeeded
PAY00000508,ORD00000508,2025-01-25,Wire,5657.04,Succeeded
PAY00000509,ORD00000509,2026-01-12,Wire,2439.05,Pending
PAY00000510,ORD00000510,2025-10-09,Card,3740.58,Succeeded
PAY00000512,ORD00000512,2025-07-01,ACH,270.69,Succeeded
PAY00000513,ORD00000513,2024-03-25,Card,2526.7,Succeeded
PAY00000514,ORD00000514,2025-08-25,ACH,4978.61,Succeeded
PAY00000515,ORD00000515,2024-04-21,Card,365.11,Succeeded
PAY00000516,ORD00000516,2025-02-08,PayPal,3143.01,Succeeded
PAY00000517,ORD00000517,2024-10-10,ACH,3479.95,Succeeded
PAY00000518,ORD00000518,2024-07-22,Card,2987.7,Succeeded
PAY00000519,ORD00000519,2025-09-24,ACH,2688.92,Succeeded
PAY00000520,ORD00000520,2026-01-26,ACH,3832.43,Succeeded
PAY00000521,ORD00000521,2024-10-22,ACH,3250.59,Succeeded
PAY00000522,ORD00000522,2025-02-20,Wire,6988.92,Succeeded
PAY00000523,ORD00000523,2024-02-03,Wire,1275.49,Succeeded
PAY00000524,ORD00000524,2025-05-03,PayPal,7676.76,Succeeded
PAY00000525,ORD00000525,2024-11-12,Card,3027.19,Succeeded
PAY00000526,ORD00000526,2024-11-17,PayPal,6827.55,Succeeded
PAY00000527,ORD00000527,2024-09-16,Card,1669.9,Succeeded
PAY00000528,ORD00000528,2024-11-07,ACH,2112.63,Succeeded
PAY00000529,ORD00000529,2025-10-12,Wire,7945.37,Succeeded
PAY00000530,ORD00000530,2025-03-30,PayPal,8151.33,Succeeded
PAY00000531,ORD00000531,2025-04-03,ACH,8914.84,Succeeded
PAY00000532,ORD00000532,2025-03-22,PayPal,2832.81,Succeeded
PAY00000533,ORD00000533,2025-06-29,PayPal,2339.26,Succeeded
PAY00000534,ORD00000534,2025-11-14,ACH,5155.52,Succeeded
PAY00000535,ORD00000535,2025-04-29,PayPal,7055.26,Failed
PAY00000536,ORD00000536,2025-01-04,ACH,1720.68,Succeeded
PAY00000537,ORD00000537,2025-10-05,Wire,1130.16,Succeeded
PAY00000538,ORD00000538,2025-11-15,Wire,3478.14,Succeeded
PAY00000539,ORD00000539,2025-02-28,ACH,5117.1,Succeeded
PAY00000540,ORD00000540,2025-03-06,Wire,3995.1,Succeeded
PAY00000541,ORD00000541,2025-01-05,ACH,3760.06,Succeeded
PAY00000542,ORD00000542,2024-11-26,Wire,6788.8,Succeeded
PAY00000543,ORD00000543,2024-01-24,PayPal,832.87,Succeeded
PAY00000544,ORD00000544,2025-03-18,Wire,7634.5,Succeeded
PAY00000545,ORD00000545,2024-01-20,Wire,3030.86,Succeeded
PAY00000546,ORD00000546,2024-05-13,PayPal,3800.82,Succeeded
PAY00000547,ORD00000547,2024-09-26,Wire,2682.92,Succeeded
PAY00000548,ORD00000548,2025-02-17,Card,5018.47,Succeeded
PAY00000549,ORD00000549,2024-10-28,Card,4440.8,Succeeded
PAY00000550,ORD00000550,2025-10-29,PayPal,5892.85,Succeeded
PAY00000551,ORD00000551,2025-11-24,Card,750.0,Succeeded
PAY00000552,ORD00000552,2024-08-05,PayPal,3088.09,Succeeded
PAY00000553,ORD00000553,2025-02-02,Wire,1084.58,Succeeded
PAY00000554,ORD00000554,2024-01-02,Wire,740.98,Succeeded
PAY00000555,ORD00000555,2024-11-24,Wire,1320.82,Succeeded
PAY00000556,ORD00000556,2024-03-30,Card,1659.64,Succeeded
PAY00000557,ORD00000557,2024-03-14,PayPal,5090.35,Succeeded
PAY00000558,ORD00000558,2024-02-27,PayPal,5550.23,Succeeded
PAY00000559,ORD00000559,2025-05-04,ACH,983.89,Succeeded
PAY00000560,ORD00000560,2025-02-21,PayPal,6432.38,Succeeded
PAY00000561,ORD00000561,2024-10-14,Card,7835.64,Succeeded
PAY00000562,ORD00000562,2025-07-31,Wire,7638.5,Succeeded
PAY00000563,ORD00000563,2025-07-10,Card,1720.42,Succeeded
PAY00000564,ORD00000564,2024-01-29,Wire,3019.03,Succeeded
PAY00000565,ORD00000565,2025-10-01,Card,4901.5,Succeeded
PAY00000566,ORD00000566,2025-08-24,Card,10761.27,Succeeded
PAY00000567,ORD00000567,2024-03-04,Card,994.81,Succeeded
PAY00000568,ORD00000568,2025-02-28,ACH,894.03,Succeeded
PAY00000569,ORD00000569,2025-03-26,PayPal,4464.4,Succeeded
PAY00000570,ORD00000570,2025-11-23,PayPal,5141.06,Succeeded
PAY00000571,ORD00000571,2024-01-18,PayPal,447.86,Succeeded
PAY00000572,ORD00000572,2025-03-04,Wire,4118.05,Succeeded
PAY00000573,ORD00000573,2024-02-28,ACH,2143.83,Succeeded
PAY00000574,ORD00000574,2024-10-21,ACH,6226.77,Succeeded
PAY00000575,ORD00000575,2025-02-03,Wire,7658.39,Succeeded
PAY00000576,ORD00000576,2024-09-23,PayPal,3375.12,Pending
PAY00000579,ORD00000579,2025-11-07,Wire,1177.06,Succeeded
PAY00000580,ORD00000580,2025-07-27,PayPal,6806.25,Succeeded
PAY00000581,ORD00000581,2024-07-06,PayPal,1663.93,Succeeded
PAY00000582,ORD00000582,2025-08-26,PayPal,5334.6,Succeeded
PAY00000583,ORD00000583,2024-08-09,Card,2562.87,Succeeded
PAY00000584,ORD00000584,2025-11-02,Card,4648.44,Succeeded
PAY00000585,ORD00000585,2025-03-10,PayPal,2343.84,Succeeded
PAY00000586,ORD00000586,2024-07-07,ACH,605.0,Succeeded
PAY00000588,ORD00000588,2025-01-03,Wire,7604.25,Succeeded
PAY00000589,ORD00000589,2025-02-24,ACH,5498.39,Succeeded
PAY00000590,ORD00000590,2025-05-24,Wire,7362.98,Succeeded
PAY00000592,ORD00000592,2025-02-20,Wire,2556.64,Succeeded
PAY00000593,ORD00000593,2024-10-05,ACH,5452.66,Succeeded
PAY00000594,ORD00000594,2025-07-12,Card,4510.08,Succeeded
PAY00000595,ORD00000595,2024-09-22,Card,718.11,Succeeded
PAY00000596,ORD00000596,2024-08-04,ACH,3006.03,Succeeded
PAY00000597,ORD00000597,2025-01-30,ACH,1747.22,Succeeded
PAY00000599,ORD00000599,2026-01-16,Wire,4449.12,Succeeded
PAY00000600,ORD00000600,2025-12-07,ACH,3255.52,Succeeded
PAY00000601,ORD00000601,2025-11-06,Card,706.16,Succeeded
PAY00000602,ORD00000602,2024-12-28,ACH,4147.27,Succeeded
PAY00000603,ORD00000603,2025-02-17,Card,5442.49,Succeeded
PAY00000604,ORD00000604,2024-03-04,Wire,3217.33,Succeeded
PAY00000605,ORD00000605,2024-05-07,Wire,2143.6,Succeeded
PAY00000606,ORD00000606,2024-05-05,ACH,4486.36,Succeeded
PAY00000607,ORD00000607,2026-02-25,Card,7135.61,Succeeded
PAY00000608,ORD00000608,2024-02-09,Wire,114.14,Succeeded
PAY00000609,ORD00000609,2025-07-26,ACH,1593.31,Pending
PAY00000610,ORD00000610,2026-02-27,Wire,3723.13,Succeeded
PAY00000611,ORD00000611,2025-11-07,Card,2987.11,Succeeded
PAY00000612,ORD00000612,2025-01-20,Card,5897.0,Succeeded
PAY00000613,ORD00000613,2025-07-30,Card,2872.65,Succeeded
PAY00000614,ORD00000614,2025-11-04,ACH,778.8,Pending
PAY00000615,ORD00000615,2025-11-01,PayPal,1285.08,Pending
PAY00000616,ORD00000616,2024-03-22,Wire,2766.96,Succeeded
PAY00000617,ORD00000617,2025-05-02,PayPal,2654.07,Succeeded
PAY00000618,ORD00000618,2024-07-09,ACH,2360.08,Succeeded
PAY00000619,ORD00000619,2024-04-17,Wire,4858.27,Succeeded
PAY00000620,ORD00000620,2025-08-26,ACH,6141.2,Failed
PAY00000621,ORD00000621,2024-03-28,PayPal,1079.36,Succeeded
PAY00000622,ORD00000622,2024-03-07,PayPal,2741.0,Succeeded
PAY00000623,ORD00000623,2025-11-02,PayPal,2636.43,Succeeded
PAY00000624,ORD00000624,2024-09-29,ACH,6601.62,Succeeded
PAY00000625,ORD00000625,2024-10-02,Card,2799.31,Succeeded
PAY00000626,ORD00000626,2025-08-20,ACH,6583.4,Succeeded
PAY00000627,ORD00000627,2025-06-04,PayPal,6364.78,Succeeded
PAY00000628,ORD00000628,2025-09-14,Card,2519.96,Succeeded
PAY00000629,ORD00000629,2024-05-31,ACH,7475.1,Succeeded
PAY00000630,ORD00000630,2026-01-05,ACH,70.12,Succeeded
PAY00000631,ORD00000631,2025-05-12,Wire,148.76,Succeeded
PAY00000633,ORD00000633,2025-07-22,Wire,531.31,Succeeded
PAY00000634,ORD00000634,2024-06-14,ACH,3718.12,Succeeded
PAY00000635,ORD00000635,2025-06-10,PayPal,570.61,Succeeded
PAY00000636,ORD00000636,2024-04-24,Card,187.97,Succeeded
PAY00000637,ORD00000637,2025-12-13,ACH,1679.01,Succeeded
PAY00000638,ORD00000638,2024-11-18,PayPal,2045.56,Succeeded
PAY00000640,ORD00000640,2024-10-21,Card,2436.97,Succeeded
PAY00000641,ORD00000641,2024-06-22,ACH,227.51,Succeeded
PAY00000642,ORD00000642,2025-10-19,ACH,1665.84,Succeeded
PAY00000643,ORD00000643,2025-08-25,Card,2261.03,Succeeded
PAY00000644,ORD00000644,2025-06-11,PayPal,6701.24,Succeeded
PAY00000645,ORD00000645,2024-12-05,PayPal,3837.38,Succeeded
PAY00000646,ORD00000646,2026-01-03,Card,3707.5,Failed
PAY00000647,ORD00000647,2024-01-18,Card,805.58,Succeeded
PAY00000648,ORD00000648,2024-09-19,ACH,3162.1,Succeeded
PAY00000649,ORD00000649,2025-05-12,Card,4818.52,Succeeded
PAY00000650,ORD00000650,2026-02-20,ACH,3049.1,Succeeded
PAY00000651,ORD00000651,2025-03-21,PayPal,4356.53,Succeeded
PAY00000652,ORD00000652,2025-01-19,Card,5692.54,Failed
PAY00000653,ORD00000653,2025-03-02,ACH,4908.21,Succeeded
PAY00000654,ORD00000654,2025-07-08,ACH,253.93,Succeeded
PAY00000655,ORD00000655,2025-08-23,Card,5557.2,Succeeded
PAY00000656,ORD00000656,2025-06-03,Card,5928.87,Succeeded
PAY00000657,ORD00000657,2025-03-26,Card,2641.94,Succeeded
PAY00000658,ORD00000658,2025-07-10,Card,3762.26,Succeeded
PAY00000659,ORD00000659,2024-06-28,ACH,2366.81,Succeeded
PAY00000660,ORD00000660,2024-07-10,ACH,5958.07,Succeeded
PAY00000661,ORD00000661,2025-07-21,Wire,2618.31,Succeeded
PAY00000662,ORD00000662,2025-04-01,PayPal,2410.03,Succeeded
PAY00000663,ORD00000663,2025-12-29,Wire,423.64,Succeeded
PAY00000664,ORD00000664,2024-05-25,ACH,392.4,Succeeded
PAY00000665,ORD00000665,2024-01-25,ACH,3038.46,Succeeded
PAY00000666,ORD00000666,2025-05-10,PayPal,3594.59,Succeeded
PAY00000667,ORD00000667,2025-03-16,PayPal,5273.91,Succeeded
PAY00000668,ORD00000668,2025-04-23,ACH,5411.99,Succeeded
PAY00000669,ORD00000669,2025-02-23,PayPal,1941.74,Succeeded
PAY00000670,ORD00000670,2024-05-25,ACH,1569.4,Succeeded
PAY00000671,ORD00000671,2025-03-02,ACH,4918.45,Succeeded
PAY00000672,ORD00000672,2025-11-16,PayPal,6008.7,Succeeded
PAY00000673,ORD00000673,2024-05-26,Wire,386.38,Succeeded
PAY00000674,ORD00000674,2024-11-10,Wire,836.72,Succeeded
PAY00000675,ORD00000675,2025-03-08,Card,1215.45,Succeeded
PAY00000676,ORD00000676,2024-01-05,ACH,1594.06,Succeeded
PAY00000678,ORD00000678,2024-07-08,PayPal,6774.26,Succeeded
PAY00000679,ORD00000679,2024-07-21,PayPal,2436.82,Succeeded
PAY00000681,ORD00000681,2025-10-31,Wire,2517.15,Succeeded
PAY00000682,ORD00000682,2024-02-03,Wire,2383.74,Succeeded
PAY00000683,ORD00000683,2025-07-02,ACH,8756.83,Succeeded
PAY00000684,ORD00000684,2024-09-04,PayPal,1668.36,Succeeded
PAY00000685,ORD00000685,2024-12-30,ACH,961.74,Succeeded
PAY00000686,ORD00000686,2026-02-08,Card,513.43,Succeeded
PAY00000687,ORD00000687,2024-08-02,Wire,2545.09,Succeeded
PAY00000688,ORD00000688,2026-02-16,Card,3695.53,Succeeded
PAY00000689,ORD00000689,2025-06-02,Wire,5845.85,Succeeded
PAY00000690,ORD00000690,2024-09-16,Wire,5391.61,Succeeded
PAY00000692,ORD00000692,2025-01-30,ACH,3443.76,Succeeded
PAY00000693,ORD00000693,2025-05-24,Card,4674.28,Succeeded
PAY00000694,ORD00000694,2025-01-31,Card,4135.57,Succeeded
PAY00000695,ORD00000695,2024-12-07,Wire,8232.13,Succeeded
PAY00000696,ORD00000696,2026-01-01,Wire,2873.67,Succeeded
PAY00000697,ORD00000697,2024-06-13,PayPal,2803.65,Succeeded
PAY00000698,ORD00000698,2024-08-21,Card,2298.51,Succeeded
PAY00000699,ORD00000699,2024-06-12,Wire,4147.19,Failed
PAY00000700,ORD00000700,2025-07-28,Wire,5149.85,Succeeded
PAY00000701,ORD00000701,2024-04-01,Card,7054.64,Succeeded
PAY00000702,ORD00000702,2024-05-05,Card,3277.48,Succeeded
PAY00000703,ORD00000703,2024-11-07,Card,3768.49,Succeeded
PAY00000704,ORD00000704,2025-08-19,Wire,1464.55,Succeeded
PAY00000705,ORD00000705,2024-05-19,Wire,2977.87,Succeeded
PAY00000706,ORD00000706,2025-03-08,ACH,5859.34,Succeeded
PAY00000707,ORD00000707,2025-11-23,ACH,6751.96,Succeeded
PAY00000708,ORD00000708,2024-10-05,Wire,10069.06,Succeeded
PAY00000709,ORD00000709,2025-06-20,Wire,642.52,Succeeded
PAY00000710,ORD00000710,2025-12-17,PayPal,2624.47,Succeeded
PAY00000712,ORD00000712,2025-02-08,Wire,646.77,Succeeded
PAY00000713,ORD00000713,2024-08-25,ACH,3567.98,Succeeded
PAY00000714,ORD00000714,2025-10-04,Card,10175.92,Succeeded
PAY00000716,ORD00000716,2024-05-01,Wire,5029.48,Succeeded
PAY00000717,ORD00000717,2024-12-03,PayPal,1699.23,Succeeded
PAY00000718,ORD00000718,2025-06-25,ACH,2432.68,Failed
PAY00000719,ORD00000719,2024-09-24,Card,2792.38,Succeeded
PAY00000720,ORD00000720,2025-03-21,PayPal,5804.24,Succeeded
PAY00000721,ORD00000721,2024-03-11,PayPal,373.6,Succeeded
PAY00000722,ORD00000722,2024-08-06,Wire,1750.45,Succeeded
PAY00000723,ORD00000723,2024-08-25,ACH,1613.98,Succeeded
PAY00000724,ORD00000724,2024-09-10,Card,5015.17,Succeeded
PAY00000725,ORD00000725,2026-02-24,Wire,337.46,Succeeded
PAY00000726,ORD00000726,2025-10-10,Wire,915.55,Succeeded
PAY00000727,ORD00000727,2025-11-27,Card,382.0,Succeeded
PAY00000728,ORD00000728,2025-01-31,Card,3541.84,Succeeded
PAY00000729,ORD00000729,2024-04-23,Wire,6200.58,Succeeded
PAY00000730,ORD00000730,2024-01-16,PayPal,1595.25,Succeeded
PAY00000731,ORD00000731,2024-12-11,Card,1457.15,Succeeded
PAY00000732,ORD00000732,2024-08-05,PayPal,2635.81,Succeeded
PAY00000733,ORD00000733,2024-07-26,Card,3246.52,Failed
PAY00000734,ORD00000734,2025-08-26,ACH,3863.65,Succeeded
PAY00000735,ORD00000735,2025-11-24,Wire,1841.93,Succeeded
PAY00000736,ORD00000736,2025-01-02,Card,2925.77,Succeeded
PAY00000738,ORD00000738,2024-09-05,Wire,3045.28,Succeeded
PAY00000739,ORD00000739,2025-11-19,ACH,1342.08,Succeeded
PAY00000740,ORD00000740,2024-03-14,Card,2671.02,Succeeded
PAY00000741,ORD00000741,2024-08-02,PayPal,7407.4,Succeeded
PAY00000742,ORD00000742,2025-11-21,PayPal,219.86,Succeeded
PAY00000743,ORD00000743,2024-01-21,Wire,8610.03,Succeeded
PAY00000744,ORD00000744,2025-11-28,ACH,4400.62,Succeeded
PAY00000745,ORD00000745,2025-11-13,PayPal,959.25,Succeeded
PAY00000746,ORD00000746,2025-11-29,Wire,213.05,Succeeded
PAY00000747,ORD00000747,2025-09-29,Wire,3150.52,Succeeded
PAY00000748,ORD00000748,2024-05-25,Wire,4593.37,Succeeded
PAY00000749,ORD00000749,2024-10-23,ACH,4176.55,Succeeded
PAY00000750,ORD00000750,2024-06-25,Card,1934.75,Succeeded
PAY00000751,ORD00000751,2024-03-10,Wire,2097.65,Succeeded
PAY00000752,ORD00000752,2025-06-13,Card,427.93,Succeeded
PAY00000753,ORD00000753,2025-09-06,Wire,4429.01,Succeeded
PAY00000754,ORD00000754,2025-06-24,PayPal,356.7,Succeeded
PAY00000755,ORD00000755,2025-06-14,Wire,3421.11,Succeeded
PAY00000756,ORD00000756,2025-03-22,ACH,716.64,Succeeded
PAY00000757,ORD00000757,2025-05-02,Card,2328.53,Succeeded
PAY00000758,ORD00000758,2024-04-21,Wire,1140.81,Succeeded
PAY00000760,ORD00000760,2026-02-15,Wire,5849.48,Succeeded
PAY00000761,ORD00000761,2025-06-21,PayPal,4182.11,Succeeded
PAY00000762,ORD00000762,2025-03-24,Wire,2124.85,Succeeded
PAY00000763,ORD00000763,2024-06-26,Wire,2144.7,Pending
PAY00000766,ORD00000766,2025-09-26,Card,4012.85,Succeeded
PAY00000767,ORD00000767,2025-10-28,ACH,4987.41,Succeeded
PAY00000768,ORD00000768,2024-01-13,Wire,6784.7,Succeeded
PAY00000769,ORD00000769,2024-10-02,Wire,4250.11,Succeeded
PAY00000770,ORD00000770,2025-05-22,PayPal,1383.92,Succeeded
PAY00000771,ORD00000771,2024-04-05,ACH,402.81,Failed
PAY00000772,ORD00000772,2025-05-28,Card,4457.13,Succeeded
PAY00000773,ORD00000773,2025-04-16,ACH,283.66,Succeeded
PAY00000774,ORD00000774,2024-05-08,Wire,1357.12,Succeeded
PAY00000775,ORD00000775,2024-07-29,ACH,3212.86,Succeeded
PAY00000776,ORD00000776,2025-12-26,Wire,4620.41,Succeeded
PAY00000777,ORD00000777,2024-02-02,Card,3091.06,Succeeded
PAY00000778,ORD00000778,2024-07-09,ACH,4882.75,Succeeded
PAY00000779,ORD00000779,2025-03-12,PayPal,827.58,Succeeded
PAY00000780,ORD00000780,2025-09-08,ACH,2578.14,Pending
PAY00000781,ORD00000781,2025-02-25,Card,2195.86,Succeeded
PAY00000782,ORD00000782,2024-08-23,Card,1076.1,Succeeded
PAY00000783,ORD00000783,2025-11-23,Card,4940.08,Succeeded
PAY00000784,ORD00000784,2024-02-11,ACH,119.74,Succeeded
PAY00000785,ORD00000785,2025-01-04,Wire,5906.03,Succeeded
PAY00000786,ORD00000786,2024-02-19,Card,8323.73,Succeeded
PAY00000787,ORD00000787,2025-11-16,Card,6496.05,Succeeded
PAY00000788,ORD00000788,2024-09-26,ACH,2250.87,Succeeded
PAY00000789,ORD00000789,2024-04-20,ACH,6714.78,Succeeded
PAY00000790,ORD00000790,2024-01-24,Card,4848.52,Succeeded
PAY00000791,ORD00000791,2024-12-01,Wire,3351.77,Succeeded
PAY00000792,ORD00000792,2024-02-17,Card,5804.22,Succeeded
PAY00000794,ORD00000794,2024-05-05,Card,4113.71,Succeeded
PAY00000795,ORD00000795,2024-05-15,PayPal,1913.16,Succeeded
PAY00000796,ORD00000796,2025-09-04,Card,4375.48,Succeeded
PAY00000797,ORD00000797,2024-02-06,ACH,2840.4,Pending
PAY00000798,ORD00000798,2025-01-19,ACH,12352.48,Succeeded
PAY00000799,ORD00000799,2024-04-30,ACH,1263.38,Succeeded
PAY00000800,ORD00000800,2025-05-26,ACH,3039.31,Succeeded
PAY00000801,ORD00000801,2024-11-20,PayPal,3042.2,Succeeded
PAY00000803,ORD00000803,2024-09-14,Card,4919.8,Succeeded
PAY00000804,ORD00000804,2024-11-26,PayPal,4395.12,Succeeded
PAY00000805,ORD00000805,2026-01-06,ACH,2346.41,Succeeded
PAY00000806,ORD00000806,2024-07-09,ACH,3549.38,Succeeded
PAY00000807,ORD00000807,2024-09-05,Card,2880.56,Succeeded
PAY00000808,ORD00000808,2026-01-28,PayPal,1121.61,Succeeded
PAY00000809,ORD00000809,2024-06-06,PayPal,4040.42,Succeeded
PAY00000810,ORD00000810,2025-08-20,PayPal,251.82,Pending
PAY00000811,ORD00000811,2024-05-22,ACH,6618.13,Succeeded
PAY00000812,ORD00000812,2025-11-19,PayPal,3572.42,Pending
PAY00000813,ORD00000813,2024-07-17,PayPal,1242.05,Succeeded
PAY00000814,ORD00000814,2025-06-05,Wire,7245.1,Succeeded
PAY00000815,ORD00000815,2024-12-09,PayPal,6685.69,Succeeded
PAY00000816,ORD00000816,2024-04-01,ACH,4419.14,Succeeded
PAY00000817,ORD00000817,2025-09-10,ACH,3110.06,Succeeded
PAY00000818,ORD00000818,2024-01-26,Card,7267.76,Succeeded
PAY00000820,ORD00000820,2024-01-03,PayPal,5414.26,Succeeded
PAY00000821,ORD00000821,2025-09-23,Card,2709.07,Succeeded
PAY00000822,ORD00000822,2024-12-13,Wire,4536.66,Failed
PAY00000823,ORD00000823,2025-02-26,Card,1447.98,Succeeded
PAY00000824,ORD00000824,2025-06-10,ACH,3990.42,Succeeded
PAY00000825,ORD00000825,2025-01-06,ACH,7903.51,Succeeded
PAY00000826,ORD00000826,2026-02-01,ACH,3533.59,Succeeded
PAY00000827,ORD00000827,2025-11-03,Card,3141.1,Succeeded
PAY00000828,ORD00000828,2024-07-16,ACH,2773.79,Pending
PAY00000829,ORD00000829,2025-02-11,ACH,1908.25,Succeeded
PAY00000830,ORD00000830,2025-04-01,Wire,2860.04,Failed
PAY00000831,ORD00000831,2024-06-26,PayPal,465.8,Succeeded
PAY00000832,ORD00000832,2024-11-15,Wire,2485.48,Succeeded
PAY00000833,ORD00000833,2024-10-08,Wire,618.93,Succeeded
PAY00000834,ORD00000834,2025-08-23,ACH,919.6,Succeeded
PAY00000835,ORD00000835,2025-07-12,Card,404.9,Succeeded
PAY00000836,ORD00000836,2025-12-06,PayPal,7982.81,Succeeded
PAY00000839,ORD00000839,2024-02-04,Wire,9669.98,Succeeded
PAY00000841,ORD00000841,2024-02-05,Card,3148.28,Succeeded
PAY00000842,ORD00000842,2025-06-02,ACH,138.35,Succeeded
PAY00000843,ORD00000843,2024-12-16,ACH,2882.9,Succeeded
PAY00000844,ORD00000844,2025-05-02,Card,2905.86,Succeeded
PAY00000845,ORD00000845,2024-10-19,PayPal,4177.05,Succeeded
PAY00000846,ORD00000846,2025-01-06,PayPal,4785.87,Succeeded
PAY00000847,ORD00000847,2024-10-29,Card,1858.36,Succeeded
PAY00000848,ORD00000848,2025-05-09,PayPal,205.91,Succeeded
PAY00000849,ORD00000849,2025-09-17,ACH,4516.22,Succeeded
PAY00000851,ORD00000851,2024-08-19,PayPal,2583.85,Succeeded
PAY00000852,ORD00000852,2024-01-03,Wire,2008.11,Succeeded
PAY00000853,ORD00000853,2025-12-02,Card,4650.64,Succeeded
PAY00000854,ORD00000854,2025-05-14,ACH,3077.82,Succeeded
PAY00000855,ORD00000855,2024-03-20,Card,5222.8,Pending
PAY00000856,ORD00000856,2024-02-19,PayPal,2485.17,Succeeded
PAY00000857,ORD00000857,2025-01-02,Wire,2775.18,Succeeded
PAY00000858,ORD00000858,2026-02-01,Wire,3276.06,Succeeded
PAY00000859,ORD00000859,2024-10-04,PayPal,7936.03,Succeeded
PAY00000860,ORD00000860,2025-09-10,ACH,3000.19,Succeeded
PAY00000861,ORD00000861,2024-05-03,ACH,3592.78,Succeeded
PAY00000863,ORD00000863,2024-01-26,Card,3556.56,Succeeded
PAY00000864,ORD00000864,2025-11-27,ACH,1201.45,Succeeded
PAY00000865,ORD00000865,2024-04-04,Wire,8562.88,Succeeded
PAY00000866,ORD00000866,2024-06-22,Card,6635.27,Succeeded
PAY00000867,ORD00000867,2026-01-25,Card,3179.95,Succeeded
PAY00000868,ORD00000868,2025-09-08,ACH,4889.76,Succeeded
PAY00000869,ORD00000869,2024-08-30,PayPal,340.47,Succeeded
PAY00000870,ORD00000870,2026-02-27,Wire,30.69,Succeeded
PAY00000871,ORD00000871,2025-10-25,Wire,1172.46,Succeeded
PAY00000872,ORD00000872,2024-01-03,Wire,1966.81,Succeeded
PAY00000873,ORD00000873,2024-05-06,PayPal,5551.62,Succeeded
PAY00000874,ORD00000874,2025-01-04,Wire,773.52,Succeeded
PAY00000875,ORD00000875,2025-06-22,PayPal,3257.24,Succeeded
PAY00000876,ORD00000876,2024-08-01,PayPal,3593.5,Succeeded
PAY00000877,ORD00000877,2025-07-07,PayPal,4401.62,Succeeded
PAY00000878,ORD00000878,2025-03-20,ACH,110.61,Succeeded
PAY00000879,ORD00000879,2024-04-24,PayPal,6077.33,Succeeded
PAY00000880,ORD00000880,2024-07-19,PayPal,4094.91,Succeeded
PAY00000881,ORD00000881,2025-06-24,ACH,2003.21,Succeeded
PAY00000882,ORD00000882,2025-12-01,Wire,10286.35,Succeeded
PAY00000883,ORD00000883,2025-01-06,Card,1094.2,Pending
PAY00000884,ORD00000884,2024-10-09,Card,701.3,Succeeded
PAY00000885,ORD00000885,2024-01-20,PayPal,4179.86,Succeeded
PAY00000886,ORD00000886,2025-12-04,PayPal,7863.94,Succeeded
PAY00000887,ORD00000887,2026-02-06,ACH,4729.93,Succeeded
PAY00000888,ORD00000888,2025-12-22,Card,2629.32,Succeeded
PAY00000889,ORD00000889,2025-03-20,ACH,323.71,Succeeded
PAY00000890,ORD00000890,2025-01-17,PayPal,2467.05,Succeeded
PAY00000891,ORD00000891,2024-03-18,Wire,1708.93,Succeeded
PAY00000892,ORD00000892,2025-12-27,ACH,2888.57,Succeeded
PAY00000893,ORD00000893,2025-01-08,Wire,104.55,Succeeded
PAY00000894,ORD00000894,2025-11-01,PayPal,8029.77,Succeeded
PAY00000895,ORD00000895,2024-11-19,ACH,248.74,Succeeded
PAY00000896,ORD00000896,2024-06-16,ACH,964.45,Succeeded
PAY00000897,ORD00000897,2024-01-22,Card,1512.8,Succeeded
PAY00000898,ORD00000898,2025-01-25,Wire,3756.66,Failed
PAY00000899,ORD00000899,2025-06-05,PayPal,4460.75,Succeeded
PAY00000901,ORD00000901,2024-01-06,Wire,5648.31,Succeeded
PAY00000902,ORD00000902,2025-04-14,PayPal,2911.7,Succeeded
PAY00000903,ORD00000903,2025-08-11,ACH,6075.74,Pending
PAY00000904,ORD00000904,2024-10-18,Card,6671.02,Succeeded
PAY00000905,ORD00000905,2024-03-28,ACH,3041.38,Succeeded
PAY00000906,ORD00000906,2024-04-19,Card,2917.25,Succeeded
PAY00000907,ORD00000907,2024-07-02,ACH,5982.24,Succeeded
PAY00000908,ORD00000908,2025-05-14,Wire,2248.55,Succeeded
PAY00000909,ORD00000909,2025-03-16,ACH,1377.05,Succeeded
PAY00000910,ORD00000910,2024-07-30,Card,1430.89,Succeeded
PAY00000911,ORD00000911,2024-03-21,Wire,1915.07,Succeeded
PAY00000913,ORD00000913,2024-08-14,ACH,4264.29,Succeeded
PAY00000914,ORD00000914,2025-05-13,Card,1146.05,Succeeded
PAY00000915,ORD00000915,2025-01-15,Card,2627.49,Succeeded
PAY00000916,ORD00000916,2024-07-08,ACH,2483.7,Succeeded
PAY00000917,ORD00000917,2025-05-19,PayPal,592.91,Succeeded
PAY00000919,ORD00000919,2025-11-10,PayPal,2665.34,Succeeded
PAY00000920,ORD00000920,2024-08-17,Wire,294.43,Succeeded
PAY00000921,ORD00000921,2024-08-07,PayPal,2028.4,Succeeded
PAY00000922,ORD00000922,2026-02-26,ACH,1079.75,Succeeded
PAY00000923,ORD00000923,2025-11-26,Card,107.73,Succeeded
PAY00000924,ORD00000924,2025-03-22,PayPal,4642.08,Succeeded
PAY00000925,ORD00000925,2025-05-25,ACH,3651.3,Succeeded
PAY00000926,ORD00000926,2026-03-01,ACH,3783.32,Succeeded
PAY00000927,ORD00000927,2025-08-14,Card,1117.67,Succeeded
PAY00000928,ORD00000928,2024-12-24,Card,1711.59,Succeeded
PAY00000929,ORD00000929,2025-11-13,ACH,2936.95,Succeeded
PAY00000930,ORD00000930,2025-11-23,ACH,2260.85,Succeeded
PAY00000931,ORD00000931,2025-04-22,Card,1149.28,Succeeded
PAY00000932,ORD00000932,2025-07-02,Wire,2338.55,Succeeded
PAY00000933,ORD00000933,2024-10-10,Wire,6689.09,Succeeded
PAY00000934,ORD00000934,2024-05-04,Wire,657.31,Succeeded
PAY00000935,ORD00000935,2024-02-14,PayPal,3992.32,Failed
PAY00000936,ORD00000936,2025-06-11,ACH,6308.96,Succeeded
PAY00000937,ORD00000937,2025-12-27,ACH,2926.09,Succeeded
PAY00000938,ORD00000938,2024-06-04,Wire,2183.19,Succeeded
PAY00000939,ORD00000939,2024-09-05,PayPal,47.9,Succeeded
PAY00000940,ORD00000940,2025-06-30,Wire,2936.93,Succeeded
PAY00000941,ORD00000941,2025-04-13,Card,2928.11,Succeeded
PAY00000943,ORD00000943,2024-01-27,Card,2670.75,Succeeded
PAY00000945,ORD00000945,2025-08-01,Wire,6022.28,Failed
PAY00000946,ORD00000946,2025-01-09,Card,7418.12,Succeeded
PAY00000947,ORD00000947,2025-07-01,Card,2716.9,Succeeded
PAY00000948,ORD00000948,2025-12-29,ACH,1900.51,Succeeded
PAY00000949,ORD00000949,2025-01-03,Wire,4893.01,Succeeded
PAY00000950,ORD00000950,2025-09-29,Card,5281.76,Succeeded
PAY00000951,ORD00000951,2024-12-29,Wire,6418.82,Succeeded
PAY00000952,ORD00000952,2024-11-29,PayPal,4385.18,Succeeded
PAY00000953,ORD00000953,2025-09-27,Card,2393.03,Succeeded
PAY00000954,ORD00000954,2024-04-05,PayPal,3128.6,Succeeded
PAY00000955,ORD00000955,2025-07-20,PayPal,41.33,Succeeded
PAY00000956,ORD00000956,2024-08-14,ACH,3426.12,Succeeded
PAY00000957,ORD00000957,2024-01-28,ACH,1693.11,Succeeded
PAY00000958,ORD00000958,2025-04-26,Card,4990.52,Pending
PAY00000959,ORD00000959,2024-06-10,ACH,3728.08,Succeeded
PAY00000960,ORD00000960,2025-07-28,ACH,6184.75,Succeeded
PAY00000961,ORD00000961,2025-06-15,ACH,3143.25,Succeeded
PAY00000962,ORD00000962,2025-10-24,Wire,2219.68,Succeeded
PAY00000963,ORD00000963,2024-09-21,PayPal,1023.73,Succeeded
PAY00000964,ORD00000964,2024-06-17,Card,901.0,Succeeded
PAY00000965,ORD00000965,2024-12-31,Wire,1506.29,Succeeded
PAY00000966,ORD00000966,2025-04-02,Card,4596.27,Succeeded
PAY00000967,ORD00000967,2024-04-13,Wire,868.04,Succeeded
PAY00000968,ORD00000968,2025-07-11,ACH,1375.72,Succeeded
PAY00000969,ORD00000969,2024-05-08,PayPal,5021.44,Succeeded
PAY00000970,ORD00000970,2024-11-30,PayPal,4461.96,Succeeded
PAY00000971,ORD00000971,2025-04-01,Card,4319.0,Succeeded
PAY00000972,ORD00000972,2025-07-09,PayPal,7470.75,Succeeded
PAY00000973,ORD00000973,2025-12-23,Card,2309.49,Succeeded
PAY00000974,ORD00000974,2025-07-12,Wire,2645.47,Succeeded
PAY00000975,ORD00000975,2024-04-12,ACH,5028.21,Pending
PAY00000977,ORD00000977,2024-08-02,PayPal,3988.7,Succeeded
PAY00000978,ORD00000978,2024-06-24,PayPal,3743.79,Succeeded
PAY00000979,ORD00000979,2025-01-17,ACH,149.9,Succeeded
PAY00000980,ORD00000980,2024-05-13,Card,252.09,Succeeded
PAY00000981,ORD00000981,2024-01-21,Card,1403.23,Succeeded
PAY00000982,ORD00000982,2025-05-05,Wire,7918.49,Succeeded
PAY00000983,ORD00000983,2026-01-02,ACH,4105.0,Succeeded
PAY00000984,ORD00000984,2025-08-08,PayPal,489.45,Succeeded
PAY00000985,ORD00000985,2026-02-23,Card,872.11,Succeeded
PAY00000986,ORD00000986,2024-05-01,PayPal,4959.91,Succeeded
PAY00000987,ORD00000987,2024-01-29,PayPal,5036.12,Succeeded
PAY00000988,ORD00000988,2024-07-16,Card,300.97,Succeeded
PAY00000990,ORD00000990,2026-02-11,Card,1275.99,Succeeded
PAY00000991,ORD00000991,2025-05-31,ACH,931.5,Succeeded
PAY00000992,ORD00000992,2024-08-21,Card,349.37,Succeeded
PAY00000993,ORD00000993,2024-02-18,Wire,1054.68,Succeeded
PAY00000994,ORD00000994,2025-05-09,ACH,5129.36,Succeeded
PAY00000995,ORD00000995,2025-12-17,ACH,4621.05,Succeeded
PAY00000996,ORD00000996,2025-06-21,Wire,1875.2,Succeeded
PAY00000997,ORD00000997,2025-03-16,Wire,2520.77,Succeeded
PAY00000998,ORD00000998,2024-05-11,Wire,3330.93,Pending
PAY00000999,ORD00000999,2025-10-25,Wire,3931.12,Succeeded
PAY00001000,ORD00001000,2024-10-09,PayPal,4236.68,Succeeded
PAY00001001,ORD00001001,2024-12-25,Wire,6605.23,Succeeded
PAY00001002,ORD00001002,2024-10-12,Wire,1024.59,Succeeded
PAY00001003,ORD00001003,2024-03-21,PayPal,330.51,Succeeded
PAY00001004,ORD00001004,2025-01-15,Wire,4980.76,Succeeded
PAY00001005,ORD00001005,2026-02-12,PayPal,1797.87,Succeeded
PAY00001006,ORD00001006,2026-01-22,ACH,909.13,Succeeded
PAY00001008,ORD00001008,2024-02-17,Wire,4236.25,Succeeded
PAY00001009,ORD00001009,2025-10-15,ACH,3009.46,Succeeded
PAY00001010,ORD00001010,2025-02-24,Wire,2965.02,Succeeded
PAY00001011,ORD00001011,2024-11-16,ACH,2721.97,Succeeded
PAY00001012,ORD00001012,2024-07-07,Card,179.79,Succeeded
PAY00001013,ORD00001013,2024-07-11,Card,3647.16,Succeeded
PAY00001014,ORD00001014,2025-10-06,Wire,1667.46,Succeeded
PAY00001015,ORD00001015,2024-07-10,PayPal,2679.4,Succeeded
PAY00001016,ORD00001016,2024-04-14,Card,4637.96,Succeeded
PAY00001017,ORD00001017,2025-11-20,Card,7514.01,Succeeded
PAY00001018,ORD00001018,2025-11-16,ACH,222.18,Succeeded
PAY00001020,ORD00001020,2024-09-10,Card,4616.81,Succeeded
PAY00001021,ORD00001021,2025-01-17,PayPal,1966.49,Succeeded
PAY00001022,ORD00001022,2025-04-14,Wire,3418.69,Succeeded
PAY00001023,ORD00001023,2024-12-27,PayPal,2921.01,Succeeded
PAY00001024,ORD00001024,2024-07-26,Wire,1672.74,Succeeded
PAY00001025,ORD00001025,2025-12-31,ACH,3460.8,Succeeded
PAY00001026,ORD00001026,2024-09-02,ACH,1942.43,Succeeded
PAY00001028,ORD00001028,2025-06-19,Wire,8033.17,Succeeded
PAY00001029,ORD00001029,2026-02-06,Card,4840.3,Pending
PAY00001030,ORD00001030,2024-02-28,ACH,1606.53,Succeeded
PAY00001031,ORD00001031,2025-01-20,ACH,1920.78,Succeeded
PAY00001032,ORD00001032,2024-03-02,PayPal,3978.34,Succeeded
PAY00001033,ORD00001033,2025-04-22,ACH,7273.92,Succeeded
PAY00001034,ORD00001034,2024-07-11,ACH,3074.13,Succeeded
PAY00001035,ORD00001035,2024-04-13,ACH,5353.29,Succeeded
PAY00001036,ORD00001036,2024-09-25,PayPal,327.35,Pending
PAY00001037,ORD00001037,2024-09-05,Wire,1484.09,Succeeded
PAY00001038,ORD00001038,2024-02-06,ACH,3620.41,Pending
PAY00001039,ORD00001039,2024-08-31,PayPal,4069.23,Succeeded
PAY00001040,ORD00001040,2025-11-11,PayPal,3376.11,Succeeded
PAY00001041,ORD00001041,2025-07-16,PayPal,2750.3,Succeeded
PAY00001042,ORD00001042,2024-10-16,PayPal,1976.69,Succeeded
PAY00001043,ORD00001043,2024-03-21,Wire,200.3,Succeeded
PAY00001044,ORD00001044,2024-02-03,PayPal,307.42,Succeeded
PAY00001045,ORD00001045,2025-03-24,Card,5790.99,Succeeded
PAY00001046,ORD00001046,2025-12-24,ACH,613.51,Succeeded
PAY00001047,ORD00001047,2024-02-24,PayPal,1271.74,Succeeded
PAY00001049,ORD00001049,2024-11-24,ACH,1150.2,Succeeded
PAY00001050,ORD00001050,2025-10-21,Wire,8513.99,Succeeded
PAY00001051,ORD00001051,2025-01-11,Wire,655.35,Pending
PAY00001053,ORD00001053,2024-08-10,PayPal,855.78,Succeeded
PAY00001054,ORD00001054,2025-07-31,PayPal,1645.79,Succeeded
PAY00001055,ORD00001055,2026-02-24,Card,1835.82,Succeeded
PAY00001056,ORD00001056,2024-05-04,ACH,1257.9,Succeeded
PAY00001057,ORD00001057,2025-10-07,Wire,6244.87,Succeeded
PAY00001058,ORD00001058,2024-08-14,Wire,4714.19,Succeeded
PAY00001059,ORD00001059,2024-04-06,ACH,579.38,Succeeded
PAY00001060,ORD00001060,2025-11-07,Wire,2748.38,Succeeded
PAY00001061,ORD00001061,2024-12-02,PayPal,3370.08,Succeeded
PAY00001062,ORD00001062,2025-11-26,ACH,406.58,Succeeded
PAY00001063,ORD00001063,2024-02-12,ACH,3219.54,Succeeded
PAY00001064,ORD00001064,2025-07-26,PayPal,2061.56,Pending
PAY00001065,ORD00001065,2025-09-28,ACH,5384.33,Failed
PAY00001066,ORD00001066,2025-05-25,Wire,2363.55,Succeeded
PAY00001067,ORD00001067,2024-10-11,Wire,2806.82,Succeeded
PAY00001068,ORD00001068,2025-12-06,ACH,2111.94,Succeeded
PAY00001069,ORD00001069,2024-09-20,Card,4937.41,Succeeded
PAY00001070,ORD00001070,2024-10-25,Card,1606.91,Succeeded
PAY00001071,ORD00001071,2025-09-16,Card,3009.36,Succeeded
PAY00001072,ORD00001072,2025-01-26,PayPal,3053.07,Succeeded
PAY00001073,ORD00001073,2026-02-13,PayPal,527.47,Succeeded
PAY00001074,ORD00001074,2025-08-30,Wire,1799.71,Succeeded
PAY00001076,ORD00001076,2025-08-27,Wire,6281.0,Succeeded
PAY00001077,ORD00001077,2024-11-01,ACH,1128.61,Pending
PAY00001078,ORD00001078,2025-06-23,PayPal,5679.99,Succeeded
PAY00001079,ORD00001079,2025-03-02,Wire,5861.63,Succeeded
PAY00001080,ORD00001080,2025-10-23,Wire,1923.15,Succeeded
PAY00001081,ORD00001081,2025-08-13,Card,5791.0,Succeeded
PAY00001082,ORD00001082,2026-01-26,Card,6458.04,Succeeded
PAY00001084,ORD00001084,2024-01-27,PayPal,4600.8,Succeeded
PAY00001085,ORD00001085,2024-09-15,Wire,2751.89,Succeeded
PAY00001086,ORD00001086,2025-11-17,Card,6201.87,Succeeded
PAY00001087,ORD00001087,2024-09-13,ACH,5583.93,Succeeded
PAY00001088,ORD00001088,2024-08-23,ACH,5760.98,Succeeded
PAY00001089,ORD00001089,2024-02-22,ACH,4518.79,Succeeded
PAY00001090,ORD00001090,2025-07-27,Wire,6097.82,Succeeded
PAY00001092,ORD00001092,2024-05-29,PayPal,3668.67,Succeeded
PAY00001093,ORD00001093,2025-02-20,ACH,7896.18,Succeeded
PAY00001094,ORD00001094,2024-07-29,ACH,201.89,Succeeded
PAY00001095,ORD00001095,2024-09-07,Wire,8633.56,Succeeded
PAY00001096,ORD00001096,2025-06-23,PayPal,2973.77,Succeeded
PAY00001097,ORD00001097,2024-04-15,Card,8417.56,Succeeded
PAY00001098,ORD00001098,2024-12-12,PayPal,150.91,Succeeded
PAY00001099,ORD00001099,2025-02-12,ACH,1287.32,Succeeded
PAY00001100,ORD00001100,2026-01-09,Card,2571.41,Pending
PAY00001101,ORD00001101,2025-12-27,PayPal,1871.59,Succeeded
PAY00001102,ORD00001102,2025-08-26,Wire,5863.38,Succeeded
PAY00001103,ORD00001103,2024-07-11,Card,4669.71,Succeeded
PAY00001104,ORD00001104,2024-04-20,Wire,463.32,Succeeded
PAY00001105,ORD00001105,2025-06-27,Wire,1070.65,Succeeded
PAY00001106,ORD00001106,2025-10-08,ACH,919.54,Succeeded
PAY00001107,ORD00001107,2025-04-04,ACH,521.88,Succeeded
PAY00001108,ORD00001108,2024-05-10,ACH,3239.88,Succeeded
PAY00001109,ORD00001109,2025-10-11,ACH,6018.18,Succeeded
PAY00001110,ORD00001110,2025-10-16,Wire,2388.12,Failed
PAY00001111,ORD00001111,2024-03-27,Card,6914.79,Succeeded
PAY00001112,ORD00001112,2024-01-12,Card,7019.81,Succeeded
PAY00001114,ORD00001114,2025-08-29,Card,3998.43,Succeeded
PAY00001116,ORD00001116,2024-11-28,Wire,1087.07,Succeeded
PAY00001117,ORD00001117,2025-08-15,PayPal,880.79,Succeeded
PAY00001118,ORD00001118,2025-06-01,PayPal,7566.63,Succeeded
PAY00001119,ORD00001119,2024-02-02,Wire,5006.72,Succeeded
PAY00001120,ORD00001120,2025-08-16,ACH,2572.07,Succeeded
PAY00001121,ORD00001121,2025-03-06,ACH,453.64,Pending
PAY00001122,ORD00001122,2024-11-01,PayPal,5194.31,Succeeded
PAY00001123,ORD00001123,2026-02-08,Wire,2459.99,Succeeded
PAY00001124,ORD00001124,2025-03-13,Wire,2555.4,Succeeded
PAY00001125,ORD00001125,2025-04-03,PayPal,1370.05,Succeeded
PAY00001127,ORD00001127,2026-02-26,Wire,4928.72,Succeeded
PAY00001128,ORD00001128,2024-03-29,Wire,6173.27,Succeeded
PAY00001129,ORD00001129,2026-02-25,Card,785.01,Succeeded
PAY00001130,ORD00001130,2025-07-17,Wire,990.27,Succeeded
PAY00001131,ORD00001131,2024-06-24,ACH,521.65,Succeeded
PAY00001132,ORD00001132,2024-11-10,Card,897.12,Succeeded
PAY00001133,ORD00001133,2025-08-30,ACH,214.81,Succeeded
PAY00001134,ORD00001134,2024-06-21,Card,1573.51,Succeeded
PAY00001135,ORD00001135,2025-10-11,ACH,3038.93,Succeeded
PAY00001136,ORD00001136,2024-02-21,ACH,1447.17,Succeeded
PAY00001137,ORD00001137,2024-03-29,PayPal,1004.3,Succeeded
PAY00001138,ORD00001138,2025-01-04,ACH,405.38,Succeeded
PAY00001139,ORD00001139,2026-01-09,PayPal,2608.35,Succeeded
PAY00001140,ORD00001140,2024-03-21,ACH,429.69,Failed
PAY00001141,ORD00001141,2024-10-15,Card,613.4,Pending
PAY00001142,ORD00001142,2026-01-29,PayPal,1803.96,Succeeded
PAY00001143,ORD00001143,2024-06-26,Card,4593.31,Succeeded
PAY00001144,ORD00001144,2024-02-14,PayPal,9226.16,Succeeded
PAY00001145,ORD00001145,2024-09-19,Wire,2507.64,Succeeded
PAY00001146,ORD00001146,2024-02-16,PayPal,6921.62,Succeeded
PAY00001147,ORD00001147,2024-06-28,ACH,183.66,Succeeded
PAY00001148,ORD00001148,2024-12-30,PayPal,6085.4,Succeeded
PAY00001149,ORD00001149,2025-07-20,Card,1301.66,Succeeded
PAY00001150,ORD00001150,2024-12-02,ACH,5416.02,Succeeded
PAY00001151,ORD00001151,2025-11-13,Wire,3829.19,Succeeded
PAY00001152,ORD00001152,2024-10-22,Wire,2002.16,Succeeded
PAY00001153,ORD00001153,2025-12-29,Card,36.44,Succeeded
PAY00001154,ORD00001154,2025-03-30,Wire,1838.88,Succeeded
PAY00001155,ORD00001155,2024-01-07,Wire,2878.24,Succeeded
PAY00001156,ORD00001156,2025-11-15,Card,521.56,Succeeded
PAY00001157,ORD00001157,2024-01-26,Card,7296.03,Succeeded
PAY00001158,ORD00001158,2025-08-07,Card,1954.43,Succeeded
PAY00001159,ORD00001159,2024-03-16,Wire,4032.67,Succeeded
PAY00001160,ORD00001160,2025-11-19,Card,8579.15,Succeeded
PAY00001161,ORD00001161,2025-10-04,PayPal,1890.12,Succeeded
PAY00001162,ORD00001162,2025-06-01,ACH,6558.19,Succeeded
PAY00001163,ORD00001163,2024-01-12,PayPal,1921.85,Succeeded
PAY00001164,ORD00001164,2025-03-06,PayPal,4353.86,Succeeded
PAY00001165,ORD00001165,2024-01-04,Card,4210.12,Succeeded
PAY00001166,ORD00001166,2025-06-08,ACH,4870.33,Succeeded
PAY00001167,ORD00001167,2025-02-26,Card,5307.86,Succeeded
PAY00001168,ORD00001168,2025-03-19,Card,2906.6,Succeeded
PAY00001169,ORD00001169,2024-04-19,Card,120.73,Succeeded
PAY00001170,ORD00001170,2024-07-18,ACH,6529.54,Succeeded
PAY00001171,ORD00001171,2024-12-21,ACH,5710.19,Succeeded
PAY00001172,ORD00001172,2024-12-15,Card,5021.15,Succeeded
PAY00001173,ORD00001173,2024-06-17,Card,8752.97,Succeeded
PAY00001174,ORD00001174,2025-03-18,Card,1230.18,Succeeded
PAY00001175,ORD00001175,2025-09-06,PayPal,492.13,Succeeded
PAY00001176,ORD00001176,2024-02-24,ACH,3030.4,Succeeded
PAY00001177,ORD00001177,2024-12-06,ACH,1697.4,Succeeded
PAY00001178,ORD00001178,2024-04-01,PayPal,1437.24,Succeeded
PAY00001179,ORD00001179,2025-11-20,ACH,3553.19,Succeeded
PAY00001180,ORD00001180,2025-10-24,PayPal,2264.5,Pending
PAY00001181,ORD00001181,2025-03-03,PayPal,1995.48,Succeeded
PAY00001182,ORD00001182,2025-05-30,ACH,5512.58,Succeeded
PAY00001183,ORD00001183,2026-01-21,ACH,1459.78,Succeeded
PAY00001184,ORD00001184,2024-12-03,PayPal,2304.0,Succeeded
PAY00001185,ORD00001185,2025-01-13,ACH,5389.99,Succeeded
PAY00001186,ORD00001186,2025-01-14,Wire,4312.53,Succeeded
PAY00001187,ORD00001187,2025-10-24,PayPal,3619.86,Succeeded
PAY00001188,ORD00001188,2024-01-04,Wire,2998.27,Succeeded
PAY00001189,ORD00001189,2025-02-15,PayPal,6905.06,Succeeded
PAY00001190,ORD00001190,2024-05-19,Card,2083.99,Succeeded
PAY00001192,ORD00001192,2024-02-25,PayPal,6934.82,Succeeded
PAY00001193,ORD00001193,2026-01-27,Card,1268.15,Succeeded
PAY00001194,ORD00001194,2025-11-16,ACH,2710.03,Succeeded
PAY00001195,ORD00001195,2026-02-11,ACH,9192.0,Succeeded
PAY00001196,ORD00001196,2024-12-05,PayPal,3922.15,Succeeded
PAY00001197,ORD00001197,2024-04-04,Wire,2427.8,Succeeded
PAY00001198,ORD00001198,2025-03-03,ACH,1655.24,Succeeded
PAY00001199,ORD00001199,2024-07-17,Wire,3996.18,Succeeded
PAY00001200,ORD00001200,2024-09-20,ACH,1589.48,Succeeded
PAY00001201,ORD00001201,2025-09-28,PayPal,3156.71,Succeeded
PAY00001202,ORD00001202,2024-05-03,Wire,1715.53,Succeeded
PAY00001203,ORD00001203,2026-02-09,Wire,6901.93,Succeeded
PAY00001204,ORD00001204,2024-04-03,ACH,4867.74,Succeeded
PAY00001205,ORD00001205,2025-06-30,Card,1407.47,Succeeded
PAY00001206,ORD00001206,2025-11-27,Wire,7071.47,Succeeded
PAY00001207,ORD00001207,2024-02-22,Card,992.7,Succeeded
PAY00001208,ORD00001208,2025-06-05,Wire,3861.42,Succeeded
PAY00001209,ORD00001209,2026-02-11,Wire,578.66,Succeeded
PAY00001210,ORD00001210,2025-12-26,Card,4552.5,Succeeded
PAY00001211,ORD00001211,2024-10-14,PayPal,3597.84,Succeeded
PAY00001212,ORD00001212,2025-01-13,PayPal,794.85,Succeeded
PAY00001213,ORD00001213,2025-03-16,Wire,2723.23,Succeeded
PAY00001214,ORD00001214,2025-10-07,ACH,318.88,Succeeded
PAY00001215,ORD00001215,2025-10-24,Card,860.39,Succeeded
PAY00001216,ORD00001216,2025-05-07,ACH,5055.86,Succeeded
PAY00001217,ORD00001217,2025-02-20,PayPal,5509.1,Succeeded
PAY00001218,ORD00001218,2026-01-17,Wire,3363.42,Succeeded
PAY00001219,ORD00001219,2024-11-12,Card,6900.06,Succeeded
PAY00001220,ORD00001220,2025-08-23,PayPal,2504.12,Succeeded
PAY00001221,ORD00001221,2025-09-16,Wire,3235.45,Succeeded
PAY00001222,ORD00001222,2024-12-14,Card,3999.38,Succeeded
PAY00001223,ORD00001223,2024-10-08,Card,4042.01,Succeeded
PAY00001224,ORD00001224,2025-11-26,ACH,3607.74,Succeeded
PAY00001225,ORD00001225,2024-03-20,PayPal,2406.96,Succeeded
PAY00001226,ORD00001226,2024-07-11,Card,5478.24,Pending
PAY00001227,ORD00001227,2024-11-20,Wire,3600.15,Succeeded
PAY00001228,ORD00001228,2024-05-28,ACH,5297.46,Succeeded
PAY00001229,ORD00001229,2025-03-09,Wire,8331.36,Succeeded
PAY00001230,ORD00001230,2025-11-08,Card,2938.59,Succeeded
PAY00001231,ORD00001231,2025-10-12,PayPal,7286.31,Succeeded
PAY00001232,ORD00001232,2025-08-05,ACH,3360.7,Failed
PAY00001233,ORD00001233,2024-12-06,Card,4582.89,Succeeded
PAY00001234,ORD00001234,2024-01-25,ACH,5208.77,Pending
PAY00001235,ORD00001235,2024-08-01,Card,2408.27,Succeeded
PAY00001237,ORD00001237,2025-03-20,ACH,528.14,Succeeded
PAY00001238,ORD00001238,2024-09-28,PayPal,361.12,Pending
PAY00001239,ORD00001239,2024-11-02,Card,4442.4,Succeeded
PAY00001240,ORD00001240,2024-05-12,Wire,116.97,Succeeded
PAY00001241,ORD00001241,2024-01-11,Card,1507.72,Succeeded
PAY00001242,ORD00001242,2024-02-02,Wire,3667.32,Succeeded
PAY00001243,ORD00001243,2025-01-11,PayPal,3186.38,Succeeded
PAY00001244,ORD00001244,2024-06-23,Wire,2044.99,Succeeded
PAY00001245,ORD00001245,2026-01-03,Card,4125.57,Succeeded
PAY00001246,ORD00001246,2025-01-12,PayPal,1352.7,Succeeded
PAY00001247,ORD00001247,2025-12-02,Card,3077.98,Succeeded
PAY00001248,ORD00001248,2025-12-12,PayPal,200.07,Pending
PAY00001249,ORD00001249,2024-12-13,Wire,4423.89,Succeeded
PAY00001250,ORD00001250,2025-10-26,ACH,1281.17,Succeeded
PAY00001251,ORD00001251,2025-10-03,Wire,436.26,Succeeded
PAY00001252,ORD00001252,2024-01-25,PayPal,933.12,Succeeded
PAY00001253,ORD00001253,2025-09-09,PayPal,607.86,Succeeded
PAY00001254,ORD00001254,2024-11-24,Card,6205.48,Succeeded
PAY00001255,ORD00001255,2024-10-18,ACH,4496.73,Succeeded
PAY00001256,ORD00001256,2024-12-10,Card,2559.47,Succeeded
PAY00001257,ORD00001257,2025-11-08,ACH,5148.57,Succeeded
PAY00001258,ORD00001258,2024-08-15,Card,1946.99,Succeeded
PAY00001259,ORD00001259,2025-09-25,Wire,224.83,Succeeded
PAY00001260,ORD00001260,2024-12-06,Wire,2665.36,Succeeded
PAY00001261,ORD00001261,2025-10-15,Wire,5494.65,Succeeded
PAY00001262,ORD00001262,2024-11-20,PayPal,4725.14,Succeeded
PAY00001263,ORD00001263,2025-10-15,Card,4258.56,Succeeded
PAY00001264,ORD00001264,2025-03-05,Wire,4957.49,Succeeded
PAY00001265,ORD00001265,2025-09-14,PayPal,583.4,Succeeded
PAY00001266,ORD00001266,2025-07-18,PayPal,3496.28,Succeeded
PAY00001267,ORD00001267,2024-02-01,PayPal,725.38,Succeeded
PAY00001268,ORD00001268,2024-05-10,PayPal,7874.44,Succeeded
PAY00001269,ORD00001269,2024-07-04,ACH,4522.68,Succeeded
PAY00001270,ORD00001270,2025-05-27,PayPal,4054.19,Succeeded
PAY00001271,ORD00001271,2025-04-18,Card,9956.34,Succeeded
PAY00001272,ORD00001272,2025-02-25,Card,3948.13,Succeeded
PAY00001273,ORD00001273,2024-04-18,Wire,5571.73,Succeeded
PAY00001274,ORD00001274,2024-10-26,Wire,6599.51,Succeeded
PAY00001275,ORD00001275,2025-06-24,Wire,1807.44,Succeeded
PAY00001276,ORD00001276,2025-11-26,PayPal,1336.3,Succeeded
PAY00001277,ORD00001277,2025-12-13,Wire,6461.38,Succeeded
PAY00001278,ORD00001278,2024-04-28,ACH,259.3,Succeeded
PAY00001279,ORD00001279,2026-02-05,PayPal,2237.4,Succeeded
PAY00001280,ORD00001280,2024-04-07,Card,6534.11,Succeeded
PAY00001281,ORD00001281,2025-07-29,Wire,3463.8,Succeeded
PAY00001282,ORD00001282,2025-07-08,Wire,3860.82,Succeeded
PAY00001283,ORD00001283,2026-01-08,ACH,1893.09,Succeeded
PAY00001284,ORD00001284,2025-08-03,PayPal,2152.41,Succeeded
PAY00001285,ORD00001285,2024-01-21,PayPal,5118.73,Succeeded
PAY00001287,ORD00001287,2024-06-05,Card,205.31,Succeeded
PAY00001288,ORD00001288,2024-01-06,Wire,5943.28,Succeeded
PAY00001289,ORD00001289,2025-11-16,PayPal,2651.07,Succeeded
PAY00001290,ORD00001290,2025-03-13,PayPal,2765.05,Succeeded
PAY00001291,ORD00001291,2024-05-10,Card,5252.85,Succeeded
PAY00001292,ORD00001292,2026-01-25,PayPal,3510.39,Succeeded
PAY00001293,ORD00001293,2024-01-11,ACH,667.16,Succeeded
PAY00001294,ORD00001294,2025-07-31,Card,5249.95,Succeeded
PAY00001295,ORD00001295,2024-09-08,PayPal,6892.02,Succeeded
PAY00001296,ORD00001296,2024-02-07,PayPal,3098.3,Succeeded
PAY00001298,ORD00001298,2024-09-18,PayPal,1816.58,Succeeded
PAY00001299,ORD00001299,2024-11-18,Card,4845.19,Succeeded
PAY00001300,ORD00001300,2026-02-19,ACH,2178.58,Succeeded
PAY00001302,ORD00001302,2024-05-10,Card,7340.5,Succeeded
PAY00001303,ORD00001303,2024-08-06,Wire,412.15,Succeeded
PAY00001304,ORD00001304,2024-10-15,ACH,390.01,Succeeded
PAY00001307,ORD00001307,2024-01-19,PayPal,4548.73,Succeeded
PAY00001308,ORD00001308,2024-08-01,ACH,4353.79,Succeeded
PAY00001309,ORD00001309,2024-03-27,ACH,5447.14,Succeeded
PAY00001310,ORD00001310,2025-06-03,ACH,6476.59,Succeeded
PAY00001311,ORD00001311,2024-01-24,Card,4291.11,Succeeded
PAY00001313,ORD00001313,2026-02-23,ACH,5778.08,Succeeded
PAY00001314,ORD00001314,2024-04-13,ACH,1611.58,Succeeded
PAY00001315,ORD00001315,2025-04-28,ACH,2620.49,Succeeded
PAY00001316,ORD00001316,2025-07-21,PayPal,6119.39,Succeeded
PAY00001317,ORD00001317,2025-04-16,Wire,7789.53,Succeeded
PAY00001318,ORD00001318,2025-08-25,PayPal,2652.75,Succeeded
PAY00001319,ORD00001319,2025-03-18,PayPal,742.44,Succeeded
PAY00001320,ORD00001320,2025-03-24,Wire,874.14,Succeeded
PAY00001321,ORD00001321,2024-05-19,PayPal,1414.27,Succeeded
PAY00001322,ORD00001322,2026-01-08,ACH,6884.61,Succeeded
PAY00001323,ORD00001323,2024-07-10,PayPal,5825.98,Succeeded
PAY00001324,ORD00001324,2025-07-07,Card,910.97,Failed
PAY00001325,ORD00001325,2024-10-12,ACH,611.92,Succeeded
PAY00001326,ORD00001326,2024-07-17,ACH,3840.94,Succeeded
PAY00001327,ORD00001327,2024-08-15,Card,3037.07,Succeeded
PAY00001328,ORD00001328,2025-11-03,ACH,6629.48,Succeeded
PAY00001329,ORD00001329,2026-01-13,Card,451.49,Succeeded
PAY00001330,ORD00001330,2024-02-16,ACH,5310.57,Succeeded
PAY00001332,ORD00001332,2025-12-10,ACH,2023.9,Succeeded
PAY00001333,ORD00001333,2025-07-10,Wire,2881.89,Succeeded
PAY00001334,ORD00001334,2025-10-29,Wire,3945.36,Succeeded
PAY00001335,ORD00001335,2025-01-18,PayPal,5625.24,Succeeded
PAY00001336,ORD00001336,2026-01-05,Card,1431.22,Succeeded
PAY00001337,ORD00001337,2024-02-25,Wire,1840.92,Succeeded
PAY00001338,ORD00001338,2025-09-30,Card,695.11,Succeeded
PAY00001339,ORD00001339,2024-10-14,Card,6067.66,Succeeded
PAY00001340,ORD00001340,2024-11-13,PayPal,5169.71,Succeeded
PAY00001341,ORD00001341,2025-07-06,Wire,3749.84,Succeeded
PAY00001342,ORD00001342,2024-07-25,ACH,3943.64,Succeeded
PAY00001343,ORD00001343,2024-11-21,PayPal,945.12,Succeeded
PAY00001345,ORD00001345,2026-02-04,PayPal,5288.75,Succeeded
PAY00001347,ORD00001347,2025-01-02,Wire,3362.9,Failed
PAY00001348,ORD00001348,2024-03-08,Card,1206.72,Succeeded
PAY00001349,ORD00001349,2025-04-21,PayPal,6082.43,Succeeded
PAY00001350,ORD00001350,2025-09-17,Card,3408.99,Succeeded
PAY00001351,ORD00001351,2024-12-13,Card,3236.96,Succeeded
PAY00001352,ORD00001352,2025-11-20,ACH,1019.63,Succeeded
PAY00001353,ORD00001353,2024-03-07,PayPal,6630.2,Succeeded
PAY00001354,ORD00001354,2024-10-10,Card,4389.41,Succeeded
PAY00001355,ORD00001355,2025-02-21,Card,5802.31,Succeeded
PAY00001356,ORD00001356,2024-09-16,Card,7171.25,Succeeded
PAY00001357,ORD00001357,2025-09-23,PayPal,6812.87,Succeeded
PAY00001358,ORD00001358,2024-12-08,Wire,566.46,Succeeded
PAY00001359,ORD00001359,2025-02-09,PayPal,3979.38,Succeeded
PAY00001360,ORD00001360,2024-08-27,PayPal,5088.21,Succeeded
PAY00001361,ORD00001361,2024-07-17,Wire,2787.35,Succeeded
PAY00001362,ORD00001362,2024-11-22,PayPal,5581.16,Succeeded
PAY00001363,ORD00001363,2026-01-23,PayPal,3511.03,Succeeded
PAY00001364,ORD00001364,2025-03-16,ACH,312.03,Succeeded
PAY00001365,ORD00001365,2025-08-20,ACH,2138.56,Succeeded
PAY00001366,ORD00001366,2025-08-13,PayPal,2594.01,Succeeded
PAY00001367,ORD00001367,2025-08-23,Wire,3858.61,Pending
PAY00001368,ORD00001368,2025-12-25,Card,3549.54,Succeeded
PAY00001369,ORD00001369,2024-05-31,Wire,197.52,Succeeded
PAY00001370,ORD00001370,2024-06-14,Card,2359.77,Succeeded
PAY00001371,ORD00001371,2025-01-27,Card,3974.86,Succeeded
PAY00001372,ORD00001372,2026-01-26,ACH,1282.04,Failed
PAY00001373,ORD00001373,2025-08-02,Card,7414.93,Succeeded
PAY00001374,ORD00001374,2024-05-30,Card,1070.76,Succeeded
PAY00001375,ORD00001375,2025-08-10,Wire,2460.16,Succeeded
PAY00001376,ORD00001376,2025-03-11,ACH,6003.07,Succeeded
PAY00001377,ORD00001377,2025-03-04,PayPal,3207.74,Succeeded
PAY00001378,ORD00001378,2025-01-15,Card,2154.89,Succeeded
PAY00001379,ORD00001379,2024-10-23,Card,3344.46,Succeeded
PAY00001380,ORD00001380,2026-01-23,ACH,8957.38,Succeeded
PAY00001381,ORD00001381,2025-09-01,Wire,5125.86,Succeeded
PAY00001382,ORD00001382,2025-02-08,Card,3613.22,Succeeded
PAY00001383,ORD00001383,2026-02-02,Wire,4193.08,Succeeded
PAY00001384,ORD00001384,2026-01-06,PayPal,2911.94,Succeeded
PAY00001385,ORD00001385,2024-05-25,Card,2130.51,Succeeded
PAY00001386,ORD00001386,2025-03-29,ACH,7645.85,Succeeded
PAY00001387,ORD00001387,2025-06-17,PayPal,2473.62,Failed
PAY00001388,ORD00001388,2024-11-02,PayPal,4946.93,Succeeded
PAY00001389,ORD00001389,2025-08-30,Card,6552.76,Succeeded
PAY00001390,ORD00001390,2024-11-21,Card,4446.54,Failed
PAY00001391,ORD00001391,2025-12-14,Card,4307.75,Succeeded
PAY00001392,ORD00001392,2025-06-17,Wire,3193.78,Succeeded
PAY00001393,ORD00001393,2024-10-02,Card,937.32,Succeeded
PAY00001394,ORD00001394,2024-11-05,Wire,1948.2,Succeeded
PAY00001395,ORD00001395,2024-09-16,PayPal,1970.9,Succeeded
PAY00001396,ORD00001396,2025-12-20,Wire,4657.76,Succeeded
PAY00001397,ORD00001397,2025-09-09,ACH,567.23,Succeeded
PAY00001398,ORD00001398,2025-11-02,ACH,6683.41,Succeeded
PAY00001399,ORD00001399,2025-01-04,Wire,6811.84,Succeeded
PAY00001400,ORD00001400,2025-12-13,ACH,3231.58,Succeeded
PAY00001401,ORD00001401,2025-09-03,Wire,5307.06,Succeeded
PAY00001402,ORD00001402,2025-11-03,Card,1616.64,Succeeded
PAY00001403,ORD00001403,2024-04-03,Card,7751.71,Succeeded
PAY00001404,ORD00001404,2025-08-25,ACH,8969.74,Succeeded
PAY00001405,ORD00001405,2025-07-11,PayPal,3065.19,Succeeded
PAY00001406,ORD00001406,2024-06-22,ACH,2145.88,Succeeded
PAY00001408,ORD00001408,2026-01-06,Card,72.45,Succeeded
PAY00001409,ORD00001409,2024-01-08,PayPal,3414.44,Succeeded
PAY00001410,ORD00001410,2024-04-03,PayPal,1411.5,Succeeded
PAY00001412,ORD00001412,2024-02-22,ACH,3165.85,Succeeded
PAY00001413,ORD00001413,2025-03-30,Wire,3036.9,Succeeded
PAY00001414,ORD00001414,2026-02-13,Card,4880.87,Succeeded
PAY00001415,ORD00001415,2024-07-12,Wire,7815.23,Succeeded
PAY00001416,ORD00001416,2025-03-12,Card,3399.09,Succeeded
PAY00001417,ORD00001417,2025-02-22,Card,2339.08,Succeeded
PAY00001418,ORD00001418,2024-06-17,ACH,1640.59,Succeeded
PAY00001419,ORD00001419,2025-08-27,Card,6182.11,Succeeded
PAY00001420,ORD00001420,2025-02-11,PayPal,881.51,Succeeded
PAY00001421,ORD00001421,2024-10-15,Card,2810.95,Succeeded
PAY00001422,ORD00001422,2024-07-10,Wire,2164.27,Succeeded
PAY00001423,ORD00001423,2026-02-02,PayPal,2281.01,Pending
PAY00001424,ORD00001424,2024-05-20,PayPal,5375.21,Succeeded
PAY00001425,ORD00001425,2024-03-09,Wire,2262.34,Succeeded
PAY00001426,ORD00001426,2024-11-04,Card,1585.01,Succeeded
PAY00001427,ORD00001427,2024-05-16,Wire,7419.2,Succeeded
PAY00001428,ORD00001428,2025-10-08,ACH,4815.02,Succeeded
PAY00001429,ORD00001429,2025-05-31,PayPal,3687.83,Succeeded
PAY00001430,ORD00001430,2025-09-26,Wire,2699.29,Succeeded
PAY00001431,ORD00001431,2025-08-20,Wire,2666.92,Succeeded
PAY00001432,ORD00001432,2024-12-14,ACH,3801.26,Succeeded
PAY00001433,ORD00001433,2025-06-20,PayPal,5250.57,Succeeded
PAY00001434,ORD00001434,2026-02-11,Card,1532.36,Succeeded
PAY00001435,ORD00001435,2024-11-28,PayPal,2177.87,Succeeded
PAY00001436,ORD00001436,2024-10-29,Card,5094.46,Failed
PAY00001437,ORD00001437,2024-04-19,Card,2142.5,Succeeded
PAY00001438,ORD00001438,2025-10-15,Card,3620.7,Succeeded
PAY00001439,ORD00001439,2024-04-01,Card,4193.9,Succeeded
PAY00001440,ORD00001440,2024-07-31,ACH,5455.32,Succeeded
PAY00001441,ORD00001441,2024-05-28,ACH,5134.37,Succeeded
PAY00001442,ORD00001442,2025-12-06,Card,6121.88,Succeeded
PAY00001443,ORD00001443,2024-01-09,Wire,5021.14,Succeeded
PAY00001444,ORD00001444,2025-12-17,Card,339.69,Succeeded
PAY00001445,ORD00001445,2024-06-05,Wire,3124.26,Succeeded
PAY00001446,ORD00001446,2025-05-28,PayPal,2813.46,Succeeded
PAY00001447,ORD00001447,2025-09-15,ACH,4662.22,Succeeded
PAY00001448,ORD00001448,2025-01-24,Wire,12284.98,Succeeded
PAY00001449,ORD00001449,2025-11-13,Wire,4758.64,Succeeded
PAY00001450,ORD00001450,2024-10-16,Wire,3450.16,Succeeded
PAY00001452,ORD00001452,2025-04-29,PayPal,2209.47,Succeeded
PAY00001453,ORD00001453,2025-10-22,ACH,8551.45,Succeeded
PAY00001454,ORD00001454,2024-12-23,PayPal,3008.89,Succeeded
PAY00001455,ORD00001455,2025-03-11,Card,1461.27,Succeeded
PAY00001456,ORD00001456,2024-08-25,Card,124.52,Succeeded
PAY00001457,ORD00001457,2024-08-19,PayPal,957.86,Succeeded
PAY00001458,ORD00001458,2026-01-22,Wire,4732.77,Succeeded
PAY00001459,ORD00001459,2025-07-14,ACH,5461.98,Succeeded
PAY00001460,ORD00001460,2025-11-16,Card,821.02,Succeeded
PAY00001461,ORD00001461,2024-10-16,Wire,3203.02,Succeeded
PAY00001463,ORD00001463,2025-12-07,ACH,1335.0,Succeeded
PAY00001464,ORD00001464,2025-05-15,ACH,5447.12,Succeeded
PAY00001465,ORD00001465,2025-02-12,PayPal,8133.24,Succeeded
PAY00001466,ORD00001466,2024-02-26,Card,3206.32,Failed
PAY00001468,ORD00001468,2024-03-14,Card,2348.38,Succeeded
PAY00001469,ORD00001469,2024-04-14,Wire,4571.24,Succeeded
PAY00001471,ORD00001471,2025-04-07,PayPal,4278.88,Succeeded
PAY00001472,ORD00001472,2024-12-18,ACH,8745.65,Succeeded
PAY00001473,ORD00001473,2025-01-18,Wire,317.86,Succeeded
PAY00001474,ORD00001474,2025-01-04,PayPal,5055.95,Succeeded
PAY00001475,ORD00001475,2024-01-23,Card,3244.94,Succeeded
PAY00001476,ORD00001476,2024-06-06,ACH,4802.4,Failed
PAY00001477,ORD00001477,2025-06-27,Card,5206.89,Succeeded
PAY00001478,ORD00001478,2024-08-10,Card,7569.84,Pending
PAY00001479,ORD00001479,2024-04-29,ACH,454.99,Succeeded
PAY00001480,ORD00001480,2024-04-18,PayPal,5337.76,Succeeded
PAY00001481,ORD00001481,2025-04-11,Wire,2889.09,Pending
PAY00001483,ORD00001483,2024-09-16,PayPal,1154.67,Failed
PAY00001484,ORD00001484,2025-12-29,ACH,4784.05,Succeeded
PAY00001485,ORD00001485,2024-09-15,PayPal,2604.27,Succeeded
PAY00001486,ORD00001486,2025-01-01,ACH,903.88,Succeeded
PAY00001487,ORD00001487,2025-02-27,Card,7662.92,Succeeded
PAY00001488,ORD00001488,2026-01-05,PayPal,6985.92,Succeeded
PAY00001489,ORD00001489,2025-03-08,ACH,1395.35,Succeeded
PAY00001490,ORD00001490,2024-03-03,PayPal,7727.74,Succeeded
PAY00001491,ORD00001491,2025-08-03,PayPal,1713.6,Succeeded
PAY00001492,ORD00001492,2024-11-29,ACH,5620.82,Succeeded
PAY00001493,ORD00001493,2024-02-07,Wire,4119.07,Succeeded
PAY00001495,ORD00001495,2026-02-05,ACH,4635.54,Succeeded
PAY00001496,ORD00001496,2026-03-01,Card,5021.58,Succeeded
PAY00001497,ORD00001497,2025-03-04,Wire,4142.77,Succeeded
PAY00001498,ORD00001498,2025-10-13,PayPal,2976.77,Succeeded
PAY00001499,ORD00001499,2025-02-27,Wire,2573.11,Pending
PAY00001500,ORD00001500,2024-03-16,Card,2775.51,Succeeded
PAY00001501,ORD00001501,2026-02-09,Card,7911.86,Succeeded
PAY00001502,ORD00001502,2024-03-07,Wire,1335.37,Succeeded
PAY00001503,ORD00001503,2025-08-23,Card,3005.81,Succeeded
PAY00001504,ORD00001504,2024-09-23,Card,3020.55,Pending
PAY00001505,ORD00001505,2025-07-18,Wire,1160.04,Succeeded
PAY00001506,ORD00001506,2024-07-15,PayPal,3326.15,Succeeded
PAY00001507,ORD00001507,2024-03-31,Wire,4273.47,Succeeded
PAY00001508,ORD00001508,2024-11-21,PayPal,470.76,Succeeded
PAY00001510,ORD00001510,2025-05-23,PayPal,3506.84,Succeeded
PAY00001511,ORD00001511,2024-06-28,Card,115.99,Succeeded
PAY00001512,ORD00001512,2026-02-12,Card,374.74,Succeeded
PAY00001513,ORD00001513,2025-09-23,PayPal,3568.58,Succeeded
PAY00001514,ORD00001514,2026-02-06,PayPal,872.15,Succeeded
PAY00001515,ORD00001515,2024-02-28,PayPal,2099.45,Succeeded
PAY00001516,ORD00001516,2025-01-01,PayPal,1760.49,Succeeded
PAY00001517,ORD00001517,2024-02-20,PayPal,2683.35,Succeeded
PAY00001518,ORD00001518,2025-10-29,Card,2385.76,Succeeded
PAY00001519,ORD00001519,2025-08-18,ACH,7209.66,Succeeded
PAY00001520,ORD00001520,2024-05-07,PayPal,1155.05,Pending
PAY00001521,ORD00001521,2026-01-12,Wire,8791.07,Succeeded
PAY00001522,ORD00001522,2025-04-02,ACH,5985.48,Succeeded
PAY00001523,ORD00001523,2024-09-09,Card,4279.98,Succeeded
PAY00001524,ORD00001524,2025-10-17,PayPal,5462.71,Succeeded
PAY00001525,ORD00001525,2024-10-23,PayPal,2737.58,Succeeded
PAY00001526,ORD00001526,2024-05-09,PayPal,1265.52,Succeeded
PAY00001527,ORD00001527,2024-02-02,Card,405.75,Succeeded
PAY00001528,ORD00001528,2024-02-29,Card,1328.83,Succeeded
PAY00001529,ORD00001529,2025-12-11,Card,565.85,Succeeded
PAY00001530,ORD00001530,2024-07-01,PayPal,1998.55,Succeeded
PAY00001531,ORD00001531,2025-10-27,ACH,2428.93,Pending
PAY00001532,ORD00001532,2024-03-22,ACH,3822.6,Succeeded
PAY00001533,ORD00001533,2025-12-27,Wire,3552.51,Succeeded
PAY00001534,ORD00001534,2025-06-18,PayPal,8027.36,Succeeded
PAY00001536,ORD00001536,2024-02-11,Card,3236.03,Succeeded
PAY00001537,ORD00001537,2024-02-26,Card,1763.24,Succeeded
PAY00001538,ORD00001538,2025-05-25,ACH,5051.4,Succeeded
PAY00001539,ORD00001539,2024-11-20,PayPal,40.7,Succeeded
PAY00001540,ORD00001540,2024-08-28,Wire,2774.82,Failed
PAY00001541,ORD00001541,2024-05-30,Card,6324.49,Succeeded
PAY00001542,ORD00001542,2024-02-03,ACH,3702.66,Succeeded
PAY00001543,ORD00001543,2025-10-12,Wire,4851.73,Succeeded
PAY00001544,ORD00001544,2024-06-20,ACH,3665.14,Succeeded
PAY00001545,ORD00001545,2024-02-27,Wire,2542.8,Succeeded
PAY00001546,ORD00001546,2024-06-25,Card,713.41,Succeeded
PAY00001547,ORD00001547,2024-05-31,PayPal,5901.76,Succeeded
PAY00001548,ORD00001548,2025-05-08,Card,5223.95,Succeeded
PAY00001549,ORD00001549,2024-03-11,ACH,3693.06,Succeeded
PAY00001550,ORD00001550,2024-03-28,Card,998.7,Succeeded
PAY00001551,ORD00001551,2024-06-08,Wire,1852.83,Succeeded
PAY00001552,ORD00001552,2025-03-24,Wire,3287.41,Succeeded
PAY00001553,ORD00001553,2025-07-20,Wire,1468.04,Succeeded
PAY00001554,ORD00001554,2025-04-28,ACH,6542.79,Succeeded
PAY00001555,ORD00001555,2025-02-10,Card,1921.2,Succeeded
PAY00001556,ORD00001556,2024-12-12,Card,5128.21,Succeeded
PAY00001557,ORD00001557,2024-10-07,PayPal,2439.3,Succeeded
PAY00001558,ORD00001558,2024-02-04,Card,939.42,Succeeded
PAY00001559,ORD00001559,2026-02-08,Card,1562.33,Succeeded
PAY00001560,ORD00001560,2025-10-15,ACH,2873.37,Succeeded
PAY00001561,ORD00001561,2024-02-21,ACH,2667.37,Succeeded
PAY00001562,ORD00001562,2024-10-10,ACH,6363.29,Succeeded
PAY00001563,ORD00001563,2025-06-02,PayPal,6091.01,Succeeded
PAY00001564,ORD00001564,2026-02-04,ACH,5589.26,Succeeded
PAY00001565,ORD00001565,2024-12-01,ACH,3865.45,Succeeded
PAY00001566,ORD00001566,2024-11-21,Wire,2427.86,Succeeded
PAY00001567,ORD00001567,2024-04-04,PayPal,8721.53,Succeeded
PAY00001568,ORD00001568,2025-07-23,ACH,2162.68,Succeeded
PAY00001569,ORD00001569,2025-02-04,Wire,6336.17,Succeeded
PAY00001571,ORD00001571,2025-01-27,ACH,1781.17,Succeeded
PAY00001572,ORD00001572,2025-09-11,PayPal,4269.61,Succeeded
PAY00001573,ORD00001573,2024-09-28,PayPal,5075.52,Succeeded
PAY00001575,ORD00001575,2025-10-09,PayPal,4403.79,Succeeded
PAY00001576,ORD00001576,2024-08-16,PayPal,3341.19,Succeeded
PAY00001577,ORD00001577,2024-08-22,ACH,5186.17,Succeeded
PAY00001578,ORD00001578,2024-01-29,PayPal,5008.26,Pending
PAY00001579,ORD00001579,2024-09-26,Wire,7335.68,Succeeded
PAY00001580,ORD00001580,2024-03-15,Wire,3663.38,Succeeded
PAY00001582,ORD00001582,2024-11-19,ACH,3520.67,Succeeded
PAY00001583,ORD00001583,2025-06-18,PayPal,1840.04,Succeeded
PAY00001584,ORD00001584,2024-05-08,Card,1500.18,Succeeded
PAY00001585,ORD00001585,2025-06-22,ACH,1597.63,Succeeded
PAY00001586,ORD00001586,2025-10-22,ACH,1472.66,Succeeded
PAY00001587,ORD00001587,2025-10-24,Card,9214.73,Succeeded
PAY00001588,ORD00001588,2024-10-05,ACH,2003.55,Succeeded
PAY00001589,ORD00001589,2025-01-30,PayPal,797.86,Succeeded
PAY00001590,ORD00001590,2024-06-20,Wire,1729.95,Succeeded
PAY00001591,ORD00001591,2025-04-17,Wire,1566.01,Succeeded
PAY00001592,ORD00001592,2024-06-13,PayPal,5499.74,Succeeded
PAY00001593,ORD00001593,2025-10-15,ACH,1844.27,Succeeded
PAY00001594,ORD00001594,2026-02-06,Card,2975.26,Succeeded
PAY00001595,ORD00001595,2025-03-25,Wire,355.38,Succeeded
PAY00001596,ORD00001596,2024-07-27,ACH,2947.19,Succeeded
PAY00001597,ORD00001597,2025-07-13,PayPal,2124.47,Succeeded
PAY00001598,ORD00001598,2024-05-03,Wire,499.53,Succeeded
PAY00001599,ORD00001599,2025-01-07,Wire,2328.92,Succeeded
PAY00001600,ORD00001600,2024-10-20,ACH,1504.57,Succeeded
PAY00001602,ORD00001602,2025-05-30,PayPal,2209.57,Succeeded
PAY00001603,ORD00001603,2024-09-11,Wire,3814.96,Succeeded
PAY00001604,ORD00001604,2024-04-03,Card,4760.02,Succeeded
PAY00001605,ORD00001605,2025-04-03,ACH,7455.97,Succeeded
PAY00001606,ORD00001606,2026-02-02,Wire,5674.42,Succeeded
PAY00001607,ORD00001607,2026-01-12,PayPal,1222.19,Succeeded
PAY00001608,ORD00001608,2024-10-03,PayPal,2565.96,Succeeded
PAY00001609,ORD00001609,2024-04-27,Wire,999.57,Succeeded
PAY00001611,ORD00001611,2025-12-29,Card,2020.35,Succeeded
PAY00001612,ORD00001612,2024-09-21,PayPal,1765.77,Succeeded
PAY00001613,ORD00001613,2025-01-28,Wire,2106.01,Succeeded
PAY00001614,ORD00001614,2025-06-23,Wire,3033.57,Succeeded
PAY00001615,ORD00001615,2024-11-16,PayPal,1003.94,Succeeded
PAY00001616,ORD00001616,2025-03-17,Wire,1835.77,Succeeded
PAY00001617,ORD00001617,2024-12-02,PayPal,801.95,Succeeded
PAY00001619,ORD00001619,2024-05-10,PayPal,4455.54,Succeeded
PAY00001620,ORD00001620,2024-01-19,ACH,185.49,Succeeded
PAY00001621,ORD00001621,2024-06-23,Wire,483.63,Succeeded
PAY00001622,ORD00001622,2024-01-01,Wire,4037.23,Succeeded
PAY00001623,ORD00001623,2025-08-07,PayPal,1687.9,Succeeded
PAY00001625,ORD00001625,2025-10-07,Card,990.8,Succeeded
PAY00001626,ORD00001626,2024-08-13,Card,2871.2,Succeeded
PAY00001627,ORD00001627,2026-01-28,Card,561.46,Succeeded
PAY00001628,ORD00001628,2024-08-22,PayPal,7994.2,Succeeded
PAY00001629,ORD00001629,2024-08-07,PayPal,4216.79,Succeeded
PAY00001630,ORD00001630,2024-12-09,ACH,3036.01,Succeeded
PAY00001631,ORD00001631,2024-12-16,Wire,6887.35,Succeeded
PAY00001632,ORD00001632,2024-08-19,PayPal,2034.38,Succeeded
PAY00001633,ORD00001633,2025-06-22,Card,9578.53,Succeeded
PAY00001634,ORD00001634,2024-01-09,ACH,4715.62,Succeeded
PAY00001635,ORD00001635,2024-03-15,Card,1992.52,Succeeded
PAY00001637,ORD00001637,2024-09-30,Wire,2419.8,Succeeded
PAY00001638,ORD00001638,2024-09-15,Card,2954.67,Succeeded
PAY00001639,ORD00001639,2024-01-14,ACH,5974.92,Succeeded
PAY00001640,ORD00001640,2025-04-13,Wire,7697.16,Succeeded
PAY00001641,ORD00001641,2024-08-19,PayPal,5020.22,Succeeded
PAY00001642,ORD00001642,2026-02-03,Card,4085.36,Succeeded
PAY00001643,ORD00001643,2024-06-29,Card,3706.67,Succeeded
PAY00001644,ORD00001644,2024-01-21,Card,4596.39,Succeeded
PAY00001645,ORD00001645,2025-09-22,Card,1942.85,Succeeded
PAY00001646,ORD00001646,2025-12-10,Card,2672.53,Pending
PAY00001647,ORD00001647,2025-02-24,ACH,2079.05,Succeeded
PAY00001648,ORD00001648,2024-04-19,Card,2983.52,Succeeded
PAY00001649,ORD00001649,2025-02-06,Wire,281.45,Succeeded
PAY00001650,ORD00001650,2026-01-16,Card,2986.79,Succeeded
PAY00001651,ORD00001651,2025-10-03,ACH,4733.9,Succeeded
PAY00001652,ORD00001652,2024-04-17,PayPal,4716.64,Succeeded
PAY00001653,ORD00001653,2024-07-14,PayPal,1627.68,Succeeded
PAY00001654,ORD00001654,2025-08-25,PayPal,5386.46,Succeeded
PAY00001655,ORD00001655,2026-02-11,Wire,4706.42,Succeeded
PAY00001656,ORD00001656,2024-02-14,PayPal,10832.54,Succeeded
PAY00001657,ORD00001657,2024-12-10,ACH,803.44,Succeeded
PAY00001658,ORD00001658,2024-08-20,PayPal,3397.71,Succeeded
PAY00001659,ORD00001659,2024-09-01,Wire,4044.03,Succeeded
PAY00001660,ORD00001660,2025-11-15,ACH,2973.13,Succeeded
PAY00001661,ORD00001661,2025-10-16,PayPal,3038.97,Failed
PAY00001662,ORD00001662,2025-09-21,ACH,238.24,Succeeded
PAY00001663,ORD00001663,2025-10-24,ACH,2506.48,Succeeded
PAY00001664,ORD00001664,2025-03-07,Wire,8522.25,Succeeded
PAY00001665,ORD00001665,2025-07-18,PayPal,7661.77,Succeeded
PAY00001666,ORD00001666,2025-04-18,Wire,6026.35,Succeeded
PAY00001667,ORD00001667,2024-04-29,PayPal,274.78,Succeeded
PAY00001668,ORD00001668,2024-12-21,Card,8915.52,Succeeded
PAY00001669,ORD00001669,2024-03-11,PayPal,2747.68,Succeeded
PAY00001670,ORD00001670,2024-06-30,Card,1485.35,Succeeded
PAY00001671,ORD00001671,2025-09-11,PayPal,2567.59,Succeeded
PAY00001672,ORD00001672,2024-07-01,PayPal,3773.86,Failed
PAY00001673,ORD00001673,2025-11-09,Wire,3835.56,Succeeded
PAY00001674,ORD00001674,2024-04-26,ACH,7302.49,Succeeded
PAY00001675,ORD00001675,2025-01-19,Card,4643.57,Pending
PAY00001676,ORD00001676,2024-08-11,Card,166.29,Succeeded
PAY00001677,ORD00001677,2024-01-14,ACH,2915.94,Succeeded
PAY00001678,ORD00001678,2025-04-25,ACH,2386.9,Failed
PAY00001679,ORD00001679,2025-08-12,Wire,629.42,Succeeded
PAY00001680,ORD00001680,2024-07-11,Wire,470.49,Succeeded
PAY00001681,ORD00001681,2025-03-14,Card,3982.54,Succeeded
PAY00001682,ORD00001682,2024-07-21,Wire,1076.92,Succeeded
PAY00001683,ORD00001683,2026-01-11,ACH,473.68,Succeeded
PAY00001684,ORD00001684,2025-06-20,Wire,1828.76,Succeeded
PAY00001685,ORD00001685,2024-03-28,ACH,2753.36,Succeeded
PAY00001686,ORD00001686,2025-06-15,Wire,6549.04,Succeeded
PAY00001687,ORD00001687,2024-05-29,Card,5601.1,Succeeded
PAY00001688,ORD00001688,2024-06-09,PayPal,3131.01,Succeeded
PAY00001689,ORD00001689,2025-04-05,Card,8208.23,Succeeded
PAY00001690,ORD00001690,2024-01-29,Card,1235.14,Succeeded
PAY00001691,ORD00001691,2024-10-21,ACH,6890.08,Succeeded
PAY00001693,ORD00001693,2025-01-14,Card,6325.75,Succeeded
PAY00001694,ORD00001694,2024-01-19,Card,2043.72,Succeeded
PAY00001696,ORD00001696,2024-10-10,PayPal,2742.05,Succeeded
PAY00001698,ORD00001698,2025-06-06,Wire,1967.52,Succeeded
PAY00001699,ORD00001699,2024-02-04,PayPal,620.47,Succeeded
PAY00001700,ORD00001700,2024-04-10,ACH,4941.7,Succeeded
PAY00001701,ORD00001701,2025-02-09,PayPal,1144.13,Succeeded
PAY00001702,ORD00001702,2025-04-23,Wire,2944.28,Succeeded
PAY00001703,ORD00001703,2024-06-17,PayPal,4953.12,Succeeded
PAY00001705,ORD00001705,2024-06-25,Wire,2340.1,Succeeded
PAY00001706,ORD00001706,2025-04-14,ACH,3824.82,Succeeded
PAY00001707,ORD00001707,2025-07-24,Wire,1030.24,Succeeded
PAY00001708,ORD00001708,2024-01-06,PayPal,436.37,Succeeded
PAY00001709,ORD00001709,2025-07-04,Wire,822.99,Succeeded
PAY00001710,ORD00001710,2025-09-28,Wire,813.53,Succeeded
PAY00001711,ORD00001711,2025-11-06,Wire,1439.87,Succeeded
PAY00001712,ORD00001712,2024-07-16,ACH,570.15,Succeeded
PAY00001713,ORD00001713,2024-05-28,ACH,4425.27,Succeeded
PAY00001714,ORD00001714,2024-12-31,Wire,748.42,Succeeded
PAY00001715,ORD00001715,2025-06-09,PayPal,6650.22,Succeeded
PAY00001716,ORD00001716,2026-01-11,ACH,9046.54,Succeeded
PAY00001717,ORD00001717,2024-06-08,Wire,4040.57,Succeeded
PAY00001718,ORD00001718,2026-02-01,PayPal,3143.05,Failed
PAY00001719,ORD00001719,2024-05-11,ACH,174.73,Succeeded
PAY00001720,ORD00001720,2025-10-13,Wire,392.05,Succeeded
PAY00001721,ORD00001721,2025-08-01,PayPal,1162.11,Succeeded
PAY00001722,ORD00001722,2025-04-14,Card,8697.6,Succeeded
PAY00001723,ORD00001723,2024-11-03,PayPal,5926.15,Pending
PAY00001724,ORD00001724,2024-01-29,Wire,5302.46,Succeeded
PAY00001725,ORD00001725,2024-12-03,Wire,2971.69,Succeeded
PAY00001726,ORD00001726,2024-04-14,PayPal,1047.72,Succeeded
PAY00001727,ORD00001727,2026-01-10,PayPal,6663.67,Succeeded
PAY00001728,ORD00001728,2025-01-25,Wire,2413.71,Succeeded
PAY00001729,ORD00001729,2024-03-24,Wire,102.45,Succeeded
PAY00001730,ORD00001730,2024-09-30,PayPal,2640.73,Succeeded
PAY00001731,ORD00001731,2025-02-23,Card,5940.94,Pending
PAY00001732,ORD00001732,2024-03-15,PayPal,6528.42,Succeeded
PAY00001733,ORD00001733,2025-10-03,PayPal,4642.18,Succeeded
PAY00001734,ORD00001734,2026-01-26,PayPal,3897.91,Succeeded
PAY00001735,ORD00001735,2025-12-30,PayPal,748.76,Succeeded
PAY00001736,ORD00001736,2024-02-04,Wire,1621.18,Succeeded
PAY00001738,ORD00001738,2026-01-20,PayPal,6323.9,Succeeded
PAY00001740,ORD00001740,2025-07-14,Wire,976.46,Succeeded
PAY00001742,ORD00001742,2025-06-30,ACH,5053.23,Succeeded
PAY00001743,ORD00001743,2026-01-26,ACH,5192.2,Succeeded
PAY00001744,ORD00001744,2024-05-29,Wire,4787.61,Succeeded
PAY00001745,ORD00001745,2024-07-26,Card,2935.5,Succeeded
PAY00001746,ORD00001746,2026-02-12,Card,3305.12,Succeeded
PAY00001747,ORD00001747,2025-06-23,ACH,6531.27,Succeeded
PAY00001748,ORD00001748,2025-09-14,Card,939.16,Succeeded
PAY00001750,ORD00001750,2025-08-08,Wire,5574.79,Succeeded
PAY00001751,ORD00001751,2025-02-21,ACH,997.03,Succeeded
PAY00001753,ORD00001753,2024-06-30,Card,581.44,Succeeded
PAY00001754,ORD00001754,2025-10-18,PayPal,3802.26,Succeeded
PAY00001755,ORD00001755,2025-01-11,PayPal,1698.53,Succeeded
PAY00001756,ORD00001756,2026-03-01,PayPal,2455.35,Succeeded
PAY00001757,ORD00001757,2025-04-03,Wire,3630.14,Succeeded
PAY00001758,ORD00001758,2025-12-05,PayPal,6982.21,Succeeded
PAY00001759,ORD00001759,2026-02-17,Wire,886.18,Succeeded
PAY00001760,ORD00001760,2025-06-01,PayPal,692.68,Succeeded
PAY00001761,ORD00001761,2024-10-18,PayPal,1040.56,Succeeded
PAY00001762,ORD00001762,2024-08-24,Card,3070.99,Succeeded
PAY00001763,ORD00001763,2025-12-13,PayPal,6358.74,Succeeded
PAY00001764,ORD00001764,2024-07-03,ACH,6741.57,Succeeded
PAY00001766,ORD00001766,2024-06-14,Card,1373.68,Succeeded
PAY00001767,ORD00001767,2025-06-05,Wire,5015.18,Succeeded
PAY00001768,ORD00001768,2025-05-17,Card,3390.14,Succeeded
PAY00001769,ORD00001769,2024-12-07,Wire,8337.4,Succeeded
PAY00001770,ORD00001770,2024-06-07,Wire,2644.99,Succeeded
PAY00001772,ORD00001772,2024-07-31,Card,5262.3,Succeeded
PAY00001773,ORD00001773,2024-11-16,PayPal,216.9,Succeeded
PAY00001774,ORD00001774,2026-02-10,Wire,1098.73,Succeeded
PAY00001775,ORD00001775,2025-10-04,ACH,4734.01,Succeeded
PAY00001776,ORD00001776,2024-03-02,ACH,5679.11,Succeeded
PAY00001777,ORD00001777,2024-07-29,Wire,1406.32,Succeeded
PAY00001778,ORD00001778,2025-08-19,Card,1072.13,Succeeded
PAY00001780,ORD00001780,2025-01-17,PayPal,3797.75,Succeeded
PAY00001781,ORD00001781,2024-01-25,Wire,3506.29,Succeeded
PAY00001782,ORD00001782,2024-04-08,Wire,1315.57,Succeeded
PAY00001783,ORD00001783,2026-01-29,Card,9177.63,Succeeded
PAY00001784,ORD00001784,2025-12-25,ACH,3318.09,Succeeded
PAY00001786,ORD00001786,2026-02-07,PayPal,1383.76,Succeeded
PAY00001788,ORD00001788,2025-11-26,PayPal,3121.67,Succeeded
PAY00001789,ORD00001789,2024-11-22,Card,4568.91,Succeeded
PAY00001790,ORD00001790,2025-10-12,Card,7091.25,Succeeded
PAY00001791,ORD00001791,2026-01-06,Wire,2495.68,Succeeded
PAY00001792,ORD00001792,2026-02-10,Wire,1764.29,Succeeded
PAY00001793,ORD00001793,2024-11-24,PayPal,3589.34,Succeeded
PAY00001794,ORD00001794,2025-05-11,PayPal,2730.46,Succeeded
PAY00001795,ORD00001795,2024-08-24,Card,3453.93,Succeeded
PAY00001796,ORD00001796,2025-04-17,Wire,1860.18,Succeeded
PAY00001797,ORD00001797,2025-07-02,Wire,4286.95,Succeeded
PAY00001798,ORD00001798,2025-06-21,Card,1507.48,Succeeded
PAY00001799,ORD00001799,2026-02-15,ACH,6446.2,Succeeded
PAY00001800,ORD00001800,2025-12-16,Wire,1599.31,Succeeded
PAY00001801,ORD00001801,2025-01-31,ACH,8401.16,Succeeded
PAY00001802,ORD00001802,2025-02-01,Wire,5505.59,Succeeded
PAY00001803,ORD00001803,2024-11-06,ACH,5220.37,Succeeded
PAY00001804,ORD00001804,2024-10-25,ACH,2520.71,Succeeded
PAY00001805,ORD00001805,2024-10-04,PayPal,2092.38,Succeeded
PAY00001806,ORD00001806,2025-05-10,Wire,6299.96,Succeeded
PAY00001807,ORD00001807,2024-11-08,PayPal,4042.1,Succeeded
PAY00001809,ORD00001809,2024-10-21,ACH,6819.96,Succeeded
PAY00001810,ORD00001810,2025-03-15,PayPal,5906.36,Succeeded
PAY00001811,ORD00001811,2025-01-01,PayPal,4434.69,Succeeded
PAY00001812,ORD00001812,2025-08-12,ACH,62.3,Succeeded
PAY00001813,ORD00001813,2024-12-12,ACH,128.9,Succeeded
PAY00001814,ORD00001814,2025-08-17,Wire,286.48,Succeeded
PAY00001815,ORD00001815,2025-04-16,ACH,3690.59,Succeeded
PAY00001816,ORD00001816,2024-09-04,Card,782.59,Succeeded
PAY00001818,ORD00001818,2024-12-31,PayPal,3551.25,Succeeded
PAY00001819,ORD00001819,2024-10-16,ACH,5237.78,Succeeded
PAY00001820,ORD00001820,2025-08-10,PayPal,4822.65,Succeeded
PAY00001821,ORD00001821,2025-08-16,PayPal,7202.02,Succeeded
PAY00001822,ORD00001822,2025-10-28,PayPal,5764.56,Succeeded
PAY00001823,ORD00001823,2024-07-10,ACH,1658.44,Succeeded
PAY00001824,ORD00001824,2024-11-15,ACH,3697.15,Succeeded
PAY00001825,ORD00001825,2024-10-16,ACH,3870.97,Succeeded
PAY00001826,ORD00001826,2025-01-21,Card,5063.86,Failed
PAY00001827,ORD00001827,2024-02-27,Wire,7575.13,Succeeded
PAY00001828,ORD00001828,2024-01-22,Wire,1005.85,Succeeded
PAY00001829,ORD00001829,2024-11-21,ACH,3166.83,Succeeded
PAY00001830,ORD00001830,2025-05-10,Wire,5915.97,Succeeded
PAY00001831,ORD00001831,2026-01-28,ACH,2008.98,Succeeded
PAY00001832,ORD00001832,2025-02-13,Wire,4720.6,Succeeded
PAY00001833,ORD00001833,2025-08-08,ACH,5706.35,Succeeded
PAY00001834,ORD00001834,2024-07-13,Card,5355.71,Succeeded
PAY00001835,ORD00001835,2024-12-15,Wire,2957.67,Pending
PAY00001837,ORD00001837,2024-03-12,ACH,5531.83,Succeeded
PAY00001838,ORD00001838,2025-11-24,PayPal,1317.18,Succeeded
PAY00001839,ORD00001839,2024-11-26,ACH,1630.74,Succeeded
PAY00001840,ORD00001840,2025-09-12,ACH,4983.83,Succeeded
PAY00001841,ORD00001841,2025-05-13,PayPal,4464.2,Succeeded
PAY00001842,ORD00001842,2024-01-13,Card,6803.69,Succeeded
PAY00001843,ORD00001843,2024-07-10,Wire,5862.52,Pending
PAY00001844,ORD00001844,2025-03-22,Card,5091.52,Succeeded
PAY00001845,ORD00001845,2026-02-28,Card,3432.44,Succeeded
PAY00001846,ORD00001846,2025-09-14,Card,5757.62,Succeeded
PAY00001847,ORD00001847,2024-11-29,Wire,3785.92,Succeeded
PAY00001848,ORD00001848,2024-03-03,Card,2689.65,Succeeded
PAY00001849,ORD00001849,2025-11-27,Wire,4234.32,Succeeded
PAY00001850,ORD00001850,2025-07-11,PayPal,4643.38,Succeeded
PAY00001851,ORD00001851,2025-12-28,ACH,3153.61,Succeeded
PAY00001852,ORD00001852,2025-05-02,Wire,2189.12,Succeeded
PAY00001853,ORD00001853,2025-01-21,Wire,2109.19,Succeeded
PAY00001854,ORD00001854,2025-09-08,Wire,8122.04,Succeeded
PAY00001855,ORD00001855,2024-08-01,ACH,2054.75,Succeeded
PAY00001856,ORD00001856,2024-07-15,Wire,1744.43,Succeeded
PAY00001857,ORD00001857,2024-12-27,Card,483.83,Succeeded
PAY00001858,ORD00001858,2025-09-04,ACH,1647.95,Failed
PAY00001859,ORD00001859,2025-05-02,Wire,8880.69,Succeeded
PAY00001860,ORD00001860,2025-07-02,ACH,3030.53,Succeeded
PAY00001861,ORD00001861,2024-11-25,ACH,2211.5,Succeeded
PAY00001862,ORD00001862,2026-01-10,ACH,4047.96,Failed
PAY00001863,ORD00001863,2024-08-26,Wire,6396.36,Succeeded
PAY00001864,ORD00001864,2025-06-20,PayPal,4439.33,Succeeded
PAY00001865,ORD00001865,2025-08-25,ACH,3189.73,Succeeded
PAY00001866,ORD00001866,2025-02-25,ACH,5473.69,Succeeded
PAY00001867,ORD00001867,2024-09-03,Card,4380.2,Succeeded
PAY00001868,ORD00001868,2024-11-21,Wire,5135.4,Succeeded
PAY00001869,ORD00001869,2025-06-12,Card,7618.05,Succeeded
PAY00001870,ORD00001870,2025-07-29,Wire,2819.43,Succeeded
PAY00001871,ORD00001871,2025-10-16,Wire,4484.15,Succeeded
PAY00001872,ORD00001872,2025-02-12,Card,466.22,Failed
PAY00001874,ORD00001874,2025-04-07,Wire,6428.13,Succeeded
PAY00001875,ORD00001875,2025-11-01,Card,4950.93,Succeeded
PAY00001876,ORD00001876,2025-07-31,ACH,7930.74,Succeeded
PAY00001877,ORD00001877,2025-12-01,Wire,2645.39,Succeeded
PAY00001878,ORD00001878,2026-01-28,Card,4835.64,Succeeded
PAY00001879,ORD00001879,2025-03-31,Card,5161.63,Pending
PAY00001880,ORD00001880,2024-02-16,PayPal,2957.81,Succeeded
PAY00001881,ORD00001881,2025-02-26,ACH,1741.15,Pending
PAY00001883,ORD00001883,2024-02-22,Wire,3413.82,Succeeded
PAY00001884,ORD00001884,2024-06-22,Card,2429.21,Succeeded
PAY00001885,ORD00001885,2024-03-27,ACH,5320.05,Succeeded
PAY00001886,ORD00001886,2025-05-10,ACH,3105.96,Succeeded
PAY00001887,ORD00001887,2025-09-13,PayPal,1950.69,Succeeded
PAY00001888,ORD00001888,2024-05-09,PayPal,115.15,Succeeded
PAY00001889,ORD00001889,2026-02-01,Card,1686.0,Succeeded
PAY00001890,ORD00001890,2024-06-22,PayPal,6185.69,Succeeded
PAY00001891,ORD00001891,2024-10-29,ACH,2562.3,Succeeded
PAY00001892,ORD00001892,2024-06-21,PayPal,1112.11,Failed
PAY00001893,ORD00001893,2024-08-21,ACH,3321.59,Failed
PAY00001894,ORD00001894,2025-08-26,PayPal,573.08,Succeeded
PAY00001895,ORD00001895,2024-10-06,Wire,395.07,Succeeded
PAY00001896,ORD00001896,2024-12-04,Wire,8231.89,Succeeded
PAY00001897,ORD00001897,2024-08-31,Card,2418.98,Succeeded
PAY00001898,ORD00001898,2024-04-17,Wire,2935.41,Succeeded
PAY00001899,ORD00001899,2025-03-10,Wire,274.01,Pending
PAY00001900,ORD00001900,2024-03-01,Wire,1792.5,Succeeded
PAY00001901,ORD00001901,2025-01-23,Card,5226.83,Succeeded
PAY00001902,ORD00001902,2024-06-19,Card,8393.73,Succeeded
PAY00001903,ORD00001903,2024-06-19,PayPal,374.59,Succeeded
PAY00001904,ORD00001904,2025-12-22,Card,9086.65,Succeeded
PAY00001905,ORD00001905,2026-02-04,Card,3361.44,Succeeded
PAY00001906,ORD00001906,2024-04-27,ACH,3953.73,Succeeded
PAY00001907,ORD00001907,2024-05-24,ACH,3608.55,Succeeded
PAY00001908,ORD00001908,2025-06-26,ACH,7052.62,Succeeded
PAY00001909,ORD00001909,2024-08-16,Wire,4133.07,Succeeded
PAY00001910,ORD00001910,2025-01-05,Card,3155.2,Pending
PAY00001911,ORD00001911,2024-09-09,Wire,1029.73,Succeeded
PAY00001912,ORD00001912,2025-09-16,PayPal,6400.17,Succeeded
PAY00001913,ORD00001913,2025-07-15,ACH,5715.1,Succeeded
PAY00001914,ORD00001914,2025-03-19,ACH,4514.37,Succeeded
PAY00001916,ORD00001916,2024-07-25,PayPal,8776.42,Succeeded
PAY00001917,ORD00001917,2024-10-25,PayPal,1684.05,Succeeded
PAY00001919,ORD00001919,2025-02-24,Card,2826.55,Succeeded
PAY00001920,ORD00001920,2024-02-05,Wire,7823.62,Succeeded
PAY00001921,ORD00001921,2024-08-12,PayPal,555.37,Succeeded
PAY00001922,ORD00001922,2025-03-20,Wire,3151.43,Succeeded
PAY00001923,ORD00001923,2025-10-12,PayPal,5150.2,Succeeded
PAY00001924,ORD00001924,2025-02-08,PayPal,4715.75,Pending
PAY00001925,ORD00001925,2024-11-14,PayPal,3001.19,Succeeded
PAY00001926,ORD00001926,2025-10-26,Card,8791.32,Succeeded
PAY00001927,ORD00001927,2024-01-12,ACH,4017.67,Succeeded
PAY00001928,ORD00001928,2025-05-03,PayPal,3132.76,Succeeded
PAY00001929,ORD00001929,2024-10-25,PayPal,2893.25,Failed
PAY00001930,ORD00001930,2026-02-02,Card,7246.58,Succeeded
PAY00001932,ORD00001932,2024-11-12,ACH,1590.51,Failed
PAY00001933,ORD00001933,2024-08-04,PayPal,3974.32,Succeeded
PAY00001934,ORD00001934,2024-03-16,ACH,3912.58,Succeeded
PAY00001935,ORD00001935,2024-10-10,ACH,1194.24,Succeeded
PAY00001936,ORD00001936,2024-05-24,ACH,607.89,Pending
PAY00001937,ORD00001937,2025-05-15,PayPal,7296.95,Succeeded
PAY00001938,ORD00001938,2025-03-30,Wire,3745.41,Succeeded
PAY00001939,ORD00001939,2024-01-26,PayPal,2436.19,Succeeded
PAY00001940,ORD00001940,2024-10-10,ACH,2378.82,Succeeded
PAY00001941,ORD00001941,2024-09-11,Wire,5061.05,Succeeded
PAY00001942,ORD00001942,2024-10-04,Card,6292.43,Succeeded
PAY00001943,ORD00001943,2024-02-07,Card,5821.02,Succeeded
PAY00001944,ORD00001944,2024-08-31,PayPal,2405.88,Succeeded
PAY00001945,ORD00001945,2024-06-03,Card,360.33,Pending
PAY00001946,ORD00001946,2024-04-07,Wire,4267.19,Succeeded
PAY00001947,ORD00001947,2024-12-16,Wire,2422.3,Succeeded
PAY00001948,ORD00001948,2025-09-20,ACH,3514.91,Succeeded
PAY00001949,ORD00001949,2025-03-07,PayPal,392.79,Succeeded
PAY00001950,ORD00001950,2024-10-13,ACH,868.86,Succeeded
PAY00001951,ORD00001951,2024-04-27,PayPal,105.86,Succeeded
PAY00001952,ORD00001952,2025-12-19,Card,379.35,Succeeded
PAY00001953,ORD00001953,2024-11-09,PayPal,3569.32,Succeeded
PAY00001954,ORD00001954,2026-01-27,PayPal,4293.82,Pending
PAY00001955,ORD00001955,2025-08-04,Card,502.82,Succeeded
PAY00001956,ORD00001956,2025-07-20,Wire,1454.85,Succeeded
PAY00001957,ORD00001957,2025-12-10,Wire,1738.01,Succeeded
PAY00001958,ORD00001958,2026-01-12,PayPal,253.48,Succeeded
PAY00001959,ORD00001959,2024-10-25,Wire,3847.19,Succeeded
PAY00001960,ORD00001960,2024-05-01,Wire,1959.74,Succeeded
PAY00001961,ORD00001961,2025-03-21,Card,2688.23,Succeeded
PAY00001962,ORD00001962,2024-03-09,Card,3035.45,Succeeded
PAY00001963,ORD00001963,2024-04-30,Card,1772.8,Succeeded
PAY00001964,ORD00001964,2025-01-31,Card,2730.11,Succeeded
PAY00001965,ORD00001965,2025-10-10,ACH,1814.35,Succeeded
PAY00001966,ORD00001966,2024-12-30,Card,5401.97,Succeeded
PAY00001967,ORD00001967,2024-05-22,Wire,5498.98,Succeeded
PAY00001968,ORD00001968,2024-09-01,ACH,3158.07,Failed
PAY00001970,ORD00001970,2024-09-02,Card,634.2,Succeeded
PAY00001971,ORD00001971,2025-06-18,Wire,8750.13,Pending
PAY00001972,ORD00001972,2025-02-16,PayPal,5541.24,Succeeded
PAY00001973,ORD00001973,2024-05-21,PayPal,2355.43,Succeeded
PAY00001974,ORD00001974,2024-06-11,ACH,5920.5,Succeeded
PAY00001975,ORD00001975,2024-03-21,Card,1836.01,Succeeded
PAY00001976,ORD00001976,2024-12-11,ACH,4013.78,Succeeded
PAY00001977,ORD00001977,2025-05-09,PayPal,2735.91,Succeeded
PAY00001978,ORD00001978,2025-08-16,Card,5452.22,Failed
PAY00001979,ORD00001979,2025-06-09,ACH,39.51,Succeeded
PAY00001980,ORD00001980,2025-03-14,Wire,3147.02,Succeeded
PAY00001981,ORD00001981,2025-11-09,PayPal,4850.19,Succeeded
PAY00001982,ORD00001982,2024-09-30,Wire,421.58,Succeeded
PAY00001983,ORD00001983,2025-08-14,ACH,10047.3,Failed
PAY00001984,ORD00001984,2025-11-05,ACH,11520.86,Succeeded
PAY00001985,ORD00001985,2025-08-29,PayPal,1590.22,Pending
PAY00001986,ORD00001986,2025-06-26,Wire,1868.78,Succeeded
PAY00001987,ORD00001987,2025-05-26,ACH,3266.35,Succeeded
PAY00001988,ORD00001988,2024-06-24,PayPal,2458.35,Succeeded
PAY00001989,ORD00001989,2025-09-02,ACH,4143.1,Succeeded
PAY00001990,ORD00001990,2025-01-20,ACH,3466.76,Succeeded
PAY00001991,ORD00001991,2024-07-03,PayPal,1981.68,Succeeded
PAY00001992,ORD00001992,2026-01-30,Card,3873.57,Succeeded
PAY00001993,ORD00001993,2025-01-15,PayPal,2464.06,Succeeded
PAY00001994,ORD00001994,2024-08-09,Card,4798.34,Succeeded
PAY00001995,ORD00001995,2025-08-08,Card,8175.63,Succeeded
PAY00001996,ORD00001996,2025-07-11,Wire,2110.72,Pending
PAY00001997,ORD00001997,2024-11-01,Card,821.44,Succeeded
PAY00001998,ORD00001998,2024-09-30,Wire,1905.84,Succeeded
PAY00001999,ORD00001999,2025-01-25,PayPal,2991.61,Succeeded
PAY00002000,ORD00002000,2024-08-02,ACH,2708.89,Succeeded
PAY00002001,ORD00002001,2025-03-14,Card,263.6,Failed
PAY00002002,ORD00002002,2024-01-05,Card,3162.83,Succeeded
PAY00002003,ORD00002003,2026-01-30,PayPal,3330.43,Succeeded
PAY00002004,ORD00002004,2025-03-31,ACH,2550.27,Succeeded
PAY00002005,ORD00002005,2026-01-22,Card,3588.52,Succeeded
PAY00002007,ORD00002007,2025-11-18,Wire,2104.33,Succeeded
PAY00002008,ORD00002008,2025-01-31,PayPal,4700.46,Succeeded
PAY00002009,ORD00002009,2025-02-28,Wire,922.43,Succeeded
PAY00002010,ORD00002010,2024-07-14,Wire,5368.11,Succeeded
PAY00002011,ORD00002011,2024-09-14,PayPal,2030.36,Succeeded
PAY00002012,ORD00002012,2026-01-02,Wire,664.62,Pending
PAY00002013,ORD00002013,2026-01-29,PayPal,6956.88,Succeeded
PAY00002014,ORD00002014,2025-03-14,ACH,3005.58,Succeeded
PAY00002015,ORD00002015,2024-03-20,PayPal,3034.59,Succeeded
PAY00002016,ORD00002016,2025-10-22,Card,4310.82,Succeeded
PAY00002017,ORD00002017,2024-04-07,Wire,7315.84,Succeeded
PAY00002018,ORD00002018,2024-12-02,Wire,4444.35,Succeeded
PAY00002019,ORD00002019,2024-11-02,ACH,5473.31,Succeeded
PAY00002020,ORD00002020,2024-04-13,PayPal,4760.02,Succeeded
PAY00002021,ORD00002021,2024-12-14,Card,2056.38,Succeeded
PAY00002022,ORD00002022,2024-01-26,PayPal,2778.72,Succeeded
PAY00002023,ORD00002023,2024-06-14,PayPal,8905.55,Succeeded
PAY00002024,ORD00002024,2025-06-21,Card,3377.1,Pending
PAY00002025,ORD00002025,2025-09-29,Card,7205.63,Succeeded
PAY00002026,ORD00002026,2025-04-13,PayPal,4128.51,Failed
PAY00002027,ORD00002027,2025-10-09,PayPal,2454.29,Succeeded
PAY00002028,ORD00002028,2025-09-03,Card,787.3,Succeeded
PAY00002029,ORD00002029,2024-09-27,ACH,4197.22,Succeeded
PAY00002030,ORD00002030,2024-06-13,Card,2947.68,Succeeded
PAY00002032,ORD00002032,2025-04-25,Card,5255.08,Succeeded
PAY00002033,ORD00002033,2024-03-14,ACH,6528.85,Pending
PAY00002034,ORD00002034,2025-01-15,ACH,5386.56,Succeeded
PAY00002035,ORD00002035,2024-12-22,Wire,2159.72,Succeeded
PAY00002036,ORD00002036,2024-05-08,ACH,272.78,Succeeded
PAY00002037,ORD00002037,2024-12-17,ACH,2227.67,Succeeded
PAY00002038,ORD00002038,2024-11-04,PayPal,6225.53,Succeeded
PAY00002039,ORD00002039,2024-06-18,Wire,5988.02,Succeeded
PAY00002040,ORD00002040,2025-10-28,ACH,4050.51,Succeeded
PAY00002041,ORD00002041,2024-04-27,Card,4218.71,Succeeded
PAY00002042,ORD00002042,2025-02-12,PayPal,3423.9,Succeeded
PAY00002043,ORD00002043,2025-10-27,ACH,3568.65,Succeeded
PAY00002044,ORD00002044,2024-05-19,ACH,1331.77,Succeeded
PAY00002045,ORD00002045,2024-03-12,Wire,2744.55,Succeeded
PAY00002046,ORD00002046,2026-01-18,Card,5676.5,Succeeded
PAY00002047,ORD00002047,2024-10-15,PayPal,3221.02,Failed
PAY00002048,ORD00002048,2024-12-09,Wire,2933.49,Failed
PAY00002049,ORD00002049,2024-04-13,Card,4618.03,Succeeded
PAY00002050,ORD00002050,2025-02-27,PayPal,1224.71,Succeeded
PAY00002051,ORD00002051,2025-07-30,ACH,2210.47,Succeeded
PAY00002052,ORD00002052,2024-06-30,Wire,5108.58,Succeeded
PAY00002053,ORD00002053,2025-06-27,PayPal,4072.73,Succeeded
PAY00002054,ORD00002054,2026-02-08,Card,5004.57,Succeeded
PAY00002055,ORD00002055,2024-09-22,Card,838.75,Succeeded
PAY00002057,ORD00002057,2026-01-26,Card,5247.12,Succeeded
PAY00002058,ORD00002058,2024-08-08,Card,1199.07,Succeeded
PAY00002059,ORD00002059,2026-01-09,Wire,5675.0,Succeeded
PAY00002060,ORD00002060,2025-01-10,Card,1963.27,Succeeded
PAY00002061,ORD00002061,2025-12-04,ACH,316.24,Succeeded
PAY00002062,ORD00002062,2024-08-29,Card,1134.39,Succeeded
PAY00002063,ORD00002063,2025-03-19,PayPal,5760.27,Succeeded
PAY00002064,ORD00002064,2024-10-27,Wire,1533.73,Succeeded
PAY00002065,ORD00002065,2024-05-08,PayPal,4042.39,Succeeded
PAY00002066,ORD00002066,2025-01-17,Wire,3302.24,Succeeded
PAY00002067,ORD00002067,2025-08-28,ACH,1559.15,Succeeded
PAY00002068,ORD00002068,2025-01-31,ACH,263.88,Succeeded
PAY00002069,ORD00002069,2025-01-15,Card,1151.43,Succeeded
PAY00002070,ORD00002070,2024-10-21,Wire,2733.2,Succeeded
PAY00002072,ORD00002072,2025-03-21,PayPal,3409.2,Succeeded
PAY00002075,ORD00002075,2025-06-02,Card,5624.88,Succeeded
PAY00002076,ORD00002076,2026-02-09,Wire,1398.73,Succeeded
PAY00002077,ORD00002077,2025-07-04,ACH,9367.42,Succeeded
PAY00002078,ORD00002078,2024-04-21,ACH,4320.9,Pending
PAY00002079,ORD00002079,2024-08-18,Card,2396.34,Succeeded
PAY00002080,ORD00002080,2024-11-08,ACH,3368.11,Succeeded
PAY00002081,ORD00002081,2025-06-28,Card,3425.97,Succeeded
PAY00002082,ORD00002082,2025-03-26,Card,5519.35,Succeeded
PAY00002083,ORD00002083,2024-06-04,Card,1092.56,Succeeded
PAY00002084,ORD00002084,2024-10-20,ACH,2635.51,Succeeded
PAY00002085,ORD00002085,2024-11-02,Wire,2702.73,Succeeded
PAY00002086,ORD00002086,2025-09-01,Wire,3537.19,Succeeded
PAY00002087,ORD00002087,2024-07-30,ACH,4901.69,Succeeded
PAY00002088,ORD00002088,2024-07-27,ACH,3044.55,Succeeded
PAY00002089,ORD00002089,2025-12-27,PayPal,4933.67,Succeeded
PAY00002090,ORD00002090,2025-05-16,ACH,4803.27,Succeeded
PAY00002091,ORD00002091,2025-05-17,ACH,69.83,Succeeded
PAY00002092,ORD00002092,2024-12-13,PayPal,5698.72,Succeeded
PAY00002093,ORD00002093,2024-12-26,PayPal,1651.02,Succeeded
PAY00002094,ORD00002094,2025-06-19,PayPal,9154.04,Succeeded
PAY00002095,ORD00002095,2026-01-10,ACH,5811.74,Succeeded
PAY00002096,ORD00002096,2024-07-22,ACH,307.58,Succeeded
PAY00002097,ORD00002097,2025-11-27,PayPal,6262.99,Succeeded
PAY00002098,ORD00002098,2024-06-27,PayPal,4507.35,Succeeded
PAY00002099,ORD00002099,2025-10-03,PayPal,4767.19,Succeeded
PAY00002100,ORD00002100,2025-05-04,ACH,4644.15,Succeeded
PAY00002101,ORD00002101,2025-04-17,Card,2409.41,Succeeded
PAY00002102,ORD00002102,2025-04-01,Card,1778.51,Succeeded
PAY00002103,ORD00002103,2026-02-28,Wire,4291.0,Succeeded
PAY00002104,ORD00002104,2025-03-19,ACH,390.27,Succeeded
PAY00002105,ORD00002105,2024-07-23,Card,2985.92,Succeeded
PAY00002107,ORD00002107,2024-10-21,PayPal,4558.49,Succeeded
PAY00002108,ORD00002108,2024-06-29,Card,306.32,Succeeded
PAY00002110,ORD00002110,2024-11-07,PayPal,130.74,Succeeded
PAY00002111,ORD00002111,2024-04-27,Card,4961.4,Succeeded
PAY00002112,ORD00002112,2024-05-20,PayPal,3362.08,Succeeded
PAY00002113,ORD00002113,2024-10-17,Card,1045.19,Succeeded
PAY00002114,ORD00002114,2024-03-22,ACH,1487.61,Succeeded
PAY00002115,ORD00002115,2024-06-15,Wire,6908.78,Succeeded
PAY00002116,ORD00002116,2025-08-27,Wire,5713.86,Succeeded
PAY00002117,ORD00002117,2025-03-17,Card,4438.6,Succeeded
PAY00002118,ORD00002118,2025-12-05,Card,9331.66,Succeeded
PAY00002119,ORD00002119,2025-01-14,ACH,1066.32,Succeeded
PAY00002120,ORD00002120,2025-02-24,Wire,1525.98,Succeeded
PAY00002121,ORD00002121,2024-12-27,ACH,8083.83,Succeeded
PAY00002122,ORD00002122,2025-05-27,ACH,3774.94,Succeeded
PAY00002123,ORD00002123,2026-01-30,Card,2503.23,Succeeded
PAY00002124,ORD00002124,2025-03-24,ACH,1503.93,Succeeded
PAY00002125,ORD00002125,2024-02-24,ACH,4898.2,Succeeded
PAY00002126,ORD00002126,2025-04-09,Card,988.38,Succeeded
PAY00002127,ORD00002127,2024-01-30,Wire,1859.42,Succeeded
PAY00002128,ORD00002128,2025-01-23,Card,7256.55,Succeeded
PAY00002129,ORD00002129,2025-07-12,Card,2873.38,Succeeded
PAY00002131,ORD00002131,2025-01-08,Card,3611.8,Succeeded
PAY00002132,ORD00002132,2025-04-18,Card,141.92,Succeeded
PAY00002133,ORD00002133,2025-10-05,Card,1646.14,Succeeded
PAY00002134,ORD00002134,2025-04-08,PayPal,3077.13,Succeeded
PAY00002135,ORD00002135,2024-03-15,ACH,4308.81,Pending
PAY00002136,ORD00002136,2025-02-02,ACH,2146.44,Succeeded
PAY00002137,ORD00002137,2026-01-17,Wire,4976.22,Succeeded
PAY00002138,ORD00002138,2025-04-29,PayPal,903.69,Succeeded
PAY00002139,ORD00002139,2024-02-01,ACH,8255.14,Succeeded
PAY00002141,ORD00002141,2024-06-14,Card,3777.77,Succeeded
PAY00002142,ORD00002142,2025-11-04,PayPal,2196.63,Succeeded
PAY00002143,ORD00002143,2025-11-11,Card,6039.19,Succeeded
PAY00002144,ORD00002144,2025-04-03,Wire,1757.71,Succeeded
PAY00002145,ORD00002145,2025-05-16,Wire,4204.99,Succeeded
PAY00002146,ORD00002146,2024-11-06,Wire,5444.77,Succeeded
PAY00002147,ORD00002147,2025-04-19,Wire,3815.43,Succeeded
PAY00002148,ORD00002148,2024-06-07,ACH,860.56,Succeeded
PAY00002149,ORD00002149,2025-05-23,Wire,5081.55,Succeeded
PAY00002150,ORD00002150,2025-07-12,Wire,5722.51,Succeeded
PAY00002151,ORD00002151,2026-01-05,Card,3497.31,Succeeded
PAY00002152,ORD00002152,2025-05-25,Card,2613.86,Succeeded
PAY00002153,ORD00002153,2025-12-05,ACH,4339.61,Succeeded
PAY00002154,ORD00002154,2026-02-01,Card,3101.14,Succeeded
PAY00002155,ORD00002155,2024-10-16,Wire,3994.42,Succeeded
PAY00002156,ORD00002156,2025-12-15,PayPal,4312.47,Succeeded
PAY00002157,ORD00002157,2024-03-30,Wire,143.99,Succeeded
PAY00002158,ORD00002158,2024-03-31,ACH,4463.07,Succeeded
PAY00002159,ORD00002159,2024-08-12,PayPal,1110.7,Succeeded
PAY00002160,ORD00002160,2024-04-02,Wire,1603.09,Succeeded
PAY00002161,ORD00002161,2024-08-09,Card,5708.28,Succeeded
PAY00002162,ORD00002162,2024-03-15,Wire,3655.59,Succeeded
PAY00002163,ORD00002163,2024-07-10,PayPal,2438.46,Succeeded
PAY00002164,ORD00002164,2024-02-12,Wire,2862.56,Failed
PAY00002165,ORD00002165,2024-10-04,Card,2391.96,Succeeded
PAY00002166,ORD00002166,2025-05-21,Card,6409.12,Succeeded
PAY00002167,ORD00002167,2025-05-14,Card,781.23,Succeeded
PAY00002168,ORD00002168,2026-02-15,Card,390.11,Succeeded
PAY00002169,ORD00002169,2024-12-12,ACH,7941.59,Succeeded
PAY00002170,ORD00002170,2025-12-11,Card,6246.01,Succeeded
PAY00002171,ORD00002171,2024-10-29,PayPal,9095.38,Succeeded
PAY00002172,ORD00002172,2024-10-18,PayPal,2877.94,Succeeded
PAY00002173,ORD00002173,2025-01-27,PayPal,6672.19,Succeeded
PAY00002174,ORD00002174,2024-12-08,Wire,4009.72,Succeeded
PAY00002175,ORD00002175,2024-06-20,ACH,2251.43,Succeeded
PAY00002176,ORD00002176,2025-02-11,PayPal,2768.27,Succeeded
PAY00002177,ORD00002177,2025-01-24,Wire,944.94,Succeeded
PAY00002178,ORD00002178,2025-08-08,Wire,3371.51,Succeeded
PAY00002180,ORD00002180,2024-09-18,ACH,4194.75,Succeeded
PAY00002181,ORD00002181,2024-08-04,ACH,6075.29,Succeeded
PAY00002182,ORD00002182,2025-01-07,ACH,395.98,Pending
PAY00002183,ORD00002183,2024-07-04,Wire,546.24,Succeeded
PAY00002184,ORD00002184,2025-03-30,Card,2754.12,Succeeded
PAY00002185,ORD00002185,2025-08-23,ACH,5590.61,Succeeded
PAY00002186,ORD00002186,2026-02-19,Card,3315.16,Pending
PAY00002187,ORD00002187,2024-09-30,ACH,366.72,Succeeded
PAY00002188,ORD00002188,2024-05-23,Card,4648.76,Succeeded
PAY00002189,ORD00002189,2024-05-27,Wire,1312.89,Succeeded
PAY00002191,ORD00002191,2025-03-10,ACH,441.09,Succeeded
PAY00002193,ORD00002193,2024-02-29,PayPal,5286.69,Succeeded
PAY00002194,ORD00002194,2026-02-13,Wire,7875.37,Succeeded
PAY00002196,ORD00002196,2024-01-25,Card,1778.97,Succeeded
PAY00002197,ORD00002197,2024-03-10,Card,5633.08,Succeeded
PAY00002198,ORD00002198,2024-10-15,PayPal,2355.33,Succeeded
PAY00002199,ORD00002199,2024-11-19,PayPal,1926.82,Succeeded
PAY00002201,ORD00002201,2025-01-05,ACH,4455.27,Succeeded
PAY00002202,ORD00002202,2026-02-17,Wire,3796.46,Succeeded
PAY00002203,ORD00002203,2024-12-23,Card,2816.36,Succeeded
PAY00002204,ORD00002204,2024-03-26,PayPal,2633.28,Pending
PAY00002205,ORD00002205,2025-02-15,PayPal,5564.77,Succeeded
PAY00002206,ORD00002206,2024-04-19,ACH,735.71,Succeeded
PAY00002207,ORD00002207,2024-03-02,ACH,3376.53,Failed
PAY00002208,ORD00002208,2024-12-02,PayPal,2043.27,Succeeded
PAY00002209,ORD00002209,2025-05-25,Wire,3404.91,Succeeded
PAY00002210,ORD00002210,2025-05-07,ACH,4452.14,Succeeded
PAY00002211,ORD00002211,2024-11-18,Wire,276.8,Succeeded
PAY00002212,ORD00002212,2024-01-20,Card,1458.02,Succeeded
PAY00002213,ORD00002213,2026-02-28,Wire,4931.28,Succeeded
PAY00002214,ORD00002214,2024-07-25,ACH,6445.42,Succeeded
PAY00002215,ORD00002215,2024-03-26,Wire,6341.15,Pending
PAY00002216,ORD00002216,2024-06-30,ACH,4699.8,Succeeded
PAY00002217,ORD00002217,2024-10-15,ACH,731.35,Succeeded
PAY00002218,ORD00002218,2025-04-20,ACH,6554.68,Succeeded
PAY00002220,ORD00002220,2025-11-08,Wire,1355.4,Failed
PAY00002222,ORD00002222,2025-03-31,ACH,3545.34,Succeeded
PAY00002223,ORD00002223,2024-02-28,PayPal,904.11,Succeeded
PAY00002224,ORD00002224,2025-05-20,Wire,6985.44,Succeeded
PAY00002226,ORD00002226,2024-04-01,Wire,2069.65,Succeeded
PAY00002227,ORD00002227,2025-02-21,Wire,10096.72,Succeeded
PAY00002228,ORD00002228,2025-08-20,ACH,2712.86,Succeeded
PAY00002229,ORD00002229,2026-02-18,ACH,5204.5,Succeeded
PAY00002230,ORD00002230,2025-02-19,ACH,5178.9,Succeeded
PAY00002231,ORD00002231,2024-06-19,ACH,802.89,Succeeded
PAY00002232,ORD00002232,2026-02-07,PayPal,1321.03,Succeeded
PAY00002233,ORD00002233,2024-02-04,Wire,3138.52,Succeeded
PAY00002234,ORD00002234,2025-11-29,ACH,1665.19,Succeeded
PAY00002235,ORD00002235,2024-05-13,PayPal,63.56,Succeeded
PAY00002236,ORD00002236,2025-07-28,ACH,5299.59,Succeeded
PAY00002237,ORD00002237,2025-01-15,PayPal,3557.68,Succeeded
PAY00002238,ORD00002238,2025-06-08,ACH,2954.36,Succeeded
PAY00002239,ORD00002239,2026-01-07,PayPal,3466.86,Succeeded
PAY00002240,ORD00002240,2025-04-29,Wire,757.05,Succeeded
PAY00002241,ORD00002241,2025-10-26,Wire,6270.07,Succeeded
PAY00002242,ORD00002242,2024-04-24,Card,3798.23,Succeeded
PAY00002243,ORD00002243,2024-02-28,PayPal,2066.28,Succeeded
PAY00002244,ORD00002244,2024-07-14,Card,6519.43,Pending
PAY00002245,ORD00002245,2024-05-03,Wire,3894.68,Succeeded
PAY00002246,ORD00002246,2026-01-17,Card,3997.53,Succeeded
PAY00002247,ORD00002247,2024-09-11,PayPal,7110.27,Succeeded
PAY00002248,ORD00002248,2025-02-14,Wire,3971.24,Succeeded
PAY00002249,ORD00002249,2024-04-08,Wire,197.54,Succeeded
PAY00002251,ORD00002251,2024-05-23,PayPal,645.99,Succeeded
PAY00002252,ORD00002252,2025-10-05,PayPal,1251.54,Succeeded
PAY00002253,ORD00002253,2024-05-14,PayPal,2198.26,Succeeded
PAY00002254,ORD00002254,2024-01-08,Wire,3403.23,Succeeded
PAY00002255,ORD00002255,2025-06-01,ACH,2711.57,Pending
PAY00002256,ORD00002256,2025-10-27,Card,5418.18,Failed
PAY00002257,ORD00002257,2024-11-15,Wire,6935.71,Succeeded
PAY00002258,ORD00002258,2024-12-30,Wire,726.46,Succeeded
PAY00002259,ORD00002259,2024-04-25,Card,431.12,Succeeded
PAY00002260,ORD00002260,2025-11-01,Wire,1695.13,Succeeded
PAY00002261,ORD00002261,2024-01-30,Wire,2472.22,Failed
PAY00002262,ORD00002262,2025-05-16,ACH,5444.51,Succeeded
PAY00002263,ORD00002263,2025-05-05,Card,603.94,Succeeded
PAY00002264,ORD00002264,2024-01-08,PayPal,638.01,Succeeded
PAY00002265,ORD00002265,2025-05-11,Card,6820.58,Succeeded
PAY00002266,ORD00002266,2024-06-24,ACH,1866.15,Succeeded
PAY00002267,ORD00002267,2024-08-24,ACH,1980.87,Succeeded
PAY00002268,ORD00002268,2025-04-28,ACH,3955.62,Succeeded
PAY00002269,ORD00002269,2024-08-10,Card,2000.15,Pending
PAY00002270,ORD00002270,2024-01-09,ACH,3782.94,Pending
PAY00002271,ORD00002271,2024-07-02,Wire,1640.51,Succeeded
PAY00002272,ORD00002272,2024-01-31,PayPal,1541.84,Succeeded
PAY00002273,ORD00002273,2024-09-29,PayPal,470.21,Succeeded
PAY00002274,ORD00002274,2024-07-06,PayPal,3530.47,Succeeded
PAY00002275,ORD00002275,2025-08-03,ACH,4074.22,Succeeded
PAY00002276,ORD00002276,2025-12-06,Card,2009.05,Succeeded
PAY00002277,ORD00002277,2025-11-16,Card,1672.57,Succeeded
PAY00002278,ORD00002278,2025-10-02,Wire,384.12,Succeeded
PAY00002279,ORD00002279,2024-01-05,ACH,1961.69,Succeeded
PAY00002280,ORD00002280,2025-10-27,Wire,2049.51,Succeeded
PAY00002281,ORD00002281,2025-03-07,PayPal,969.8,Succeeded
PAY00002282,ORD00002282,2025-12-22,ACH,3145.83,Succeeded
PAY00002283,ORD00002283,2025-05-29,PayPal,3865.08,Succeeded
PAY00002284,ORD00002284,2025-01-27,Card,807.97,Succeeded
PAY00002285,ORD00002285,2025-03-24,ACH,1496.74,Succeeded
PAY00002286,ORD00002286,2025-10-10,PayPal,844.93,Succeeded
PAY00002287,ORD00002287,2025-04-09,ACH,2404.06,Succeeded
PAY00002288,ORD00002288,2024-11-01,Wire,7045.53,Pending
PAY00002289,ORD00002289,2024-10-31,PayPal,7056.69,Pending
PAY00002290,ORD00002290,2025-05-13,Card,4605.21,Succeeded
PAY00002291,ORD00002291,2024-09-30,Card,1737.38,Succeeded
PAY00002292,ORD00002292,2024-12-26,PayPal,4209.27,Succeeded
PAY00002293,ORD00002293,2024-09-11,Card,2410.85,Succeeded
PAY00002294,ORD00002294,2025-11-08,Wire,1063.82,Succeeded
PAY00002295,ORD00002295,2024-05-05,Wire,6051.95,Succeeded
PAY00002296,ORD00002296,2026-01-24,PayPal,2113.71,Succeeded
PAY00002297,ORD00002297,2024-05-18,PayPal,438.26,Succeeded
PAY00002298,ORD00002298,2024-09-08,ACH,3389.0,Succeeded
PAY00002299,ORD00002299,2024-08-22,Card,5107.78,Succeeded
PAY00002300,ORD00002300,2026-01-03,PayPal,3814.25,Succeeded
PAY00002301,ORD00002301,2024-09-19,PayPal,1515.59,Succeeded
PAY00002302,ORD00002302,2025-07-04,PayPal,1844.83,Succeeded
PAY00002303,ORD00002303,2024-07-05,Card,4972.34,Succeeded
PAY00002304,ORD00002304,2024-08-09,ACH,3570.55,Succeeded
PAY00002305,ORD00002305,2025-10-28,Wire,2866.99,Failed
PAY00002306,ORD00002306,2025-02-20,Card,5539.24,Succeeded
PAY00002307,ORD00002307,2024-04-29,ACH,4789.14,Succeeded
PAY00002308,ORD00002308,2024-07-25,Wire,5011.4,Succeeded
PAY00002309,ORD00002309,2026-01-07,PayPal,4428.97,Failed
PAY00002310,ORD00002310,2024-05-02,ACH,5155.58,Succeeded
PAY00002311,ORD00002311,2024-11-08,Wire,5221.86,Succeeded
PAY00002312,ORD00002312,2026-02-01,Wire,3481.67,Succeeded
PAY00002313,ORD00002313,2024-09-17,Wire,4996.97,Succeeded
PAY00002314,ORD00002314,2025-03-23,Card,7869.1,Succeeded
PAY00002315,ORD00002315,2025-02-16,Wire,7446.88,Succeeded
PAY00002316,ORD00002316,2025-10-20,PayPal,2032.54,Succeeded
PAY00002317,ORD00002317,2024-02-20,Card,2012.9,Succeeded
PAY00002318,ORD00002318,2024-11-05,Card,5677.06,Succeeded
PAY00002319,ORD00002319,2025-04-03,ACH,3540.93,Succeeded
PAY00002320,ORD00002320,2025-03-27,Wire,9387.41,Succeeded
PAY00002321,ORD00002321,2024-04-18,ACH,6149.03,Succeeded
PAY00002322,ORD00002322,2024-04-25,Wire,1080.73,Succeeded
PAY00002323,ORD00002323,2025-05-26,PayPal,7911.65,Succeeded
PAY00002324,ORD00002324,2025-12-07,ACH,2293.43,Failed
PAY00002326,ORD00002326,2026-02-23,Wire,1415.24,Succeeded
PAY00002327,ORD00002327,2024-10-24,Card,4079.57,Succeeded
PAY00002328,ORD00002328,2024-09-20,PayPal,3612.91,Succeeded
PAY00002329,ORD00002329,2025-11-09,Card,1327.59,Succeeded
PAY00002330,ORD00002330,2025-10-17,ACH,7371.97,Succeeded
PAY00002331,ORD00002331,2026-02-22,PayPal,2851.61,Succeeded
PAY00002332,ORD00002332,2024-07-16,ACH,2799.1,Succeeded
PAY00002333,ORD00002333,2025-01-21,Wire,5299.76,Succeeded
PAY00002334,ORD00002334,2025-10-14,ACH,5168.06,Succeeded
PAY00002335,ORD00002335,2026-02-19,ACH,1116.23,Pending
PAY00002337,ORD00002337,2024-01-31,Card,3605.66,Succeeded
PAY00002338,ORD00002338,2024-06-20,Card,4278.52,Succeeded
PAY00002339,ORD00002339,2025-11-22,ACH,959.46,Succeeded
PAY00002340,ORD00002340,2024-10-23,ACH,2026.32,Succeeded
PAY00002341,ORD00002341,2025-08-01,ACH,4524.94,Succeeded
PAY00002342,ORD00002342,2024-04-08,ACH,6632.42,Succeeded
PAY00002343,ORD00002343,2025-05-22,ACH,3543.34,Succeeded
PAY00002344,ORD00002344,2024-12-17,Card,5698.31,Succeeded
PAY00002345,ORD00002345,2025-08-13,ACH,587.69,Succeeded
PAY00002346,ORD00002346,2025-10-17,PayPal,1904.23,Succeeded
PAY00002347,ORD00002347,2025-07-11,Card,502.42,Succeeded
PAY00002348,ORD00002348,2025-02-14,Wire,6604.33,Succeeded
PAY00002349,ORD00002349,2025-11-30,Card,401.89,Succeeded
PAY00002350,ORD00002350,2025-12-29,Card,4004.98,Succeeded
PAY00002351,ORD00002351,2024-10-15,ACH,4935.95,Succeeded
PAY00002352,ORD00002352,2025-07-27,ACH,1718.08,Succeeded
PAY00002353,ORD00002353,2025-09-11,Card,7027.49,Succeeded
PAY00002354,ORD00002354,2024-08-03,Wire,6022.27,Pending
PAY00002355,ORD00002355,2024-11-18,Card,720.46,Succeeded
PAY00002356,ORD00002356,2025-01-10,Wire,2999.03,Succeeded
PAY00002357,ORD00002357,2026-02-03,PayPal,615.9,Succeeded
PAY00002359,ORD00002359,2024-03-04,ACH,5588.83,Succeeded
PAY00002360,ORD00002360,2024-08-19,ACH,7951.91,Succeeded
PAY00002361,ORD00002361,2025-04-07,ACH,4576.34,Succeeded
PAY00002362,ORD00002362,2024-10-02,PayPal,1192.81,Succeeded
PAY00002363,ORD00002363,2026-02-10,Card,4363.2,Succeeded
PAY00002364,ORD00002364,2025-03-01,Wire,2907.38,Succeeded
PAY00002365,ORD00002365,2026-01-03,ACH,4218.32,Succeeded
PAY00002366,ORD00002366,2025-01-09,Wire,4238.75,Failed
PAY00002367,ORD00002367,2024-03-07,Card,2009.47,Succeeded
PAY00002368,ORD00002368,2025-09-07,ACH,2842.98,Succeeded
PAY00002369,ORD00002369,2024-01-30,Wire,4507.74,Succeeded
PAY00002370,ORD00002370,2025-11-19,Card,1049.84,Succeeded
PAY00002371,ORD00002371,2024-03-08,PayPal,678.13,Succeeded
PAY00002372,ORD00002372,2024-07-01,ACH,357.07,Succeeded
PAY00002373,ORD00002373,2024-10-16,Card,4671.97,Succeeded
PAY00002374,ORD00002374,2025-11-16,Card,4863.5,Succeeded
PAY00002375,ORD00002375,2024-11-13,ACH,1271.17,Succeeded
PAY00002376,ORD00002376,2025-05-27,ACH,151.18,Succeeded
PAY00002377,ORD00002377,2026-02-17,Card,4774.22,Succeeded
PAY00002378,ORD00002378,2025-05-29,ACH,3173.42,Succeeded
PAY00002379,ORD00002379,2025-01-02,ACH,5285.16,Succeeded
PAY00002381,ORD00002381,2024-04-21,Card,70.84,Succeeded
PAY00002382,ORD00002382,2024-09-10,Wire,5896.62,Succeeded
PAY00002383,ORD00002383,2025-11-17,PayPal,4831.56,Succeeded
PAY00002384,ORD00002384,2025-03-01,ACH,8172.0,Succeeded
PAY00002385,ORD00002385,2025-04-21,PayPal,4916.64,Succeeded
PAY00002386,ORD00002386,2024-01-12,ACH,653.65,Succeeded
PAY00002387,ORD00002387,2024-11-03,Wire,1559.02,Succeeded
PAY00002388,ORD00002388,2024-10-05,Wire,6911.14,Succeeded
PAY00002389,ORD00002389,2025-03-13,Wire,1320.61,Succeeded
PAY00002390,ORD00002390,2024-06-01,PayPal,863.24,Succeeded
PAY00002391,ORD00002391,2025-11-05,Wire,3537.78,Succeeded
PAY00002392,ORD00002392,2025-03-20,ACH,5453.11,Succeeded
PAY00002394,ORD00002394,2025-11-26,Wire,2540.95,Succeeded
PAY00002395,ORD00002395,2025-12-20,Wire,359.19,Succeeded
PAY00002396,ORD00002396,2025-02-24,ACH,4207.16,Succeeded
PAY00002397,ORD00002397,2025-01-25,PayPal,4308.77,Succeeded
PAY00002399,ORD00002399,2025-01-20,ACH,1582.68,Succeeded
PAY00002400,ORD00002400,2024-09-01,Card,166.36,Succeeded
PAY00002402,ORD00002402,2025-09-26,PayPal,4417.7,Succeeded
PAY00002403,ORD00002403,2025-07-16,Card,3038.05,Succeeded
PAY00002405,ORD00002405,2025-11-14,Wire,7409.42,Succeeded
PAY00002406,ORD00002406,2024-08-08,PayPal,3627.65,Succeeded
PAY00002407,ORD00002407,2024-08-28,ACH,2552.17,Succeeded
PAY00002408,ORD00002408,2025-09-19,PayPal,3028.18,Succeeded
PAY00002409,ORD00002409,2024-08-18,ACH,7162.54,Succeeded
PAY00002410,ORD00002410,2024-06-02,Card,2697.99,Succeeded
PAY00002411,ORD00002411,2024-03-20,ACH,7839.25,Failed
PAY00002412,ORD00002412,2025-05-15,ACH,8504.77,Succeeded
PAY00002413,ORD00002413,2025-12-04,Card,2431.23,Succeeded
PAY00002414,ORD00002414,2024-03-21,Card,4625.36,Succeeded
PAY00002415,ORD00002415,2024-05-24,Wire,4429.17,Succeeded
PAY00002416,ORD00002416,2026-02-06,ACH,478.52,Succeeded
PAY00002417,ORD00002417,2025-11-12,PayPal,2258.06,Succeeded
PAY00002418,ORD00002418,2024-08-18,Wire,7383.09,Succeeded
PAY00002419,ORD00002419,2025-09-30,ACH,6365.4,Succeeded
PAY00002420,ORD00002420,2025-04-28,PayPal,4099.25,Succeeded
PAY00002421,ORD00002421,2025-12-15,Card,239.16,Succeeded
PAY00002423,ORD00002423,2024-10-16,Card,4725.98,Succeeded
PAY00002424,ORD00002424,2024-08-23,Wire,6102.44,Succeeded
PAY00002425,ORD00002425,2026-02-04,PayPal,300.37,Succeeded
PAY00002426,ORD00002426,2025-07-23,PayPal,1023.43,Succeeded
PAY00002427,ORD00002427,2024-05-14,Wire,4008.5,Succeeded
PAY00002428,ORD00002428,2025-02-27,ACH,3937.31,Succeeded
PAY00002429,ORD00002429,2025-12-03,ACH,1869.67,Succeeded
PAY00002430,ORD00002430,2024-11-05,Card,2137.48,Succeeded
PAY00002431,ORD00002431,2025-07-28,Card,7482.28,Succeeded
PAY00002432,ORD00002432,2025-12-23,Card,3120.71,Succeeded
PAY00002433,ORD00002433,2025-03-24,ACH,95.19,Succeeded
PAY00002434,ORD00002434,2024-01-19,ACH,4340.16,Succeeded
PAY00002435,ORD00002435,2024-05-08,Wire,6161.46,Succeeded
PAY00002436,ORD00002436,2024-11-27,Wire,5339.91,Succeeded
PAY00002437,ORD00002437,2025-02-13,Card,606.72,Succeeded
PAY00002438,ORD00002438,2026-01-01,ACH,1889.83,Succeeded
PAY00002439,ORD00002439,2024-12-18,Wire,2520.1,Succeeded
PAY00002440,ORD00002440,2024-10-09,ACH,3753.45,Succeeded
PAY00002441,ORD00002441,2025-12-21,Card,4898.75,Succeeded
PAY00002442,ORD00002442,2024-10-23,PayPal,4078.62,Succeeded
PAY00002443,ORD00002443,2025-06-21,Card,5445.39,Succeeded
PAY00002444,ORD00002444,2025-03-02,ACH,5512.13,Succeeded
PAY00002445,ORD00002445,2025-01-13,PayPal,3398.6,Succeeded
PAY00002446,ORD00002446,2025-04-26,Wire,5846.51,Succeeded
PAY00002447,ORD00002447,2025-11-01,Card,492.83,Succeeded
PAY00002449,ORD00002449,2024-03-09,Card,3809.61,Succeeded
PAY00002450,ORD00002450,2025-07-21,PayPal,8254.42,Succeeded
PAY00002451,ORD00002451,2024-12-02,PayPal,414.58,Succeeded
PAY00002452,ORD00002452,2024-08-27,Card,4958.56,Succeeded
PAY00002453,ORD00002453,2025-08-25,ACH,2332.03,Succeeded
PAY00002455,ORD00002455,2025-10-14,Card,3736.36,Succeeded
PAY00002456,ORD00002456,2025-05-22,Wire,5276.21,Succeeded
PAY00002457,ORD00002457,2025-01-07,PayPal,6732.67,Succeeded
PAY00002459,ORD00002459,2024-07-26,ACH,5483.41,Succeeded
PAY00002460,ORD00002460,2025-11-22,Wire,136.65,Succeeded
PAY00002462,ORD00002462,2025-09-30,Wire,2368.75,Succeeded
PAY00002463,ORD00002463,2024-06-19,PayPal,4910.88,Succeeded
PAY00002464,ORD00002464,2024-07-24,ACH,2603.81,Succeeded
PAY00002465,ORD00002465,2025-01-05,Card,3828.4,Succeeded
PAY00002466,ORD00002466,2025-12-05,PayPal,481.42,Succeeded
PAY00002467,ORD00002467,2025-08-11,ACH,2226.08,Succeeded
PAY00002468,ORD00002468,2025-04-29,Card,1960.76,Succeeded
PAY00002469,ORD00002469,2025-04-04,Card,6923.44,Succeeded
PAY00002470,ORD00002470,2025-12-23,ACH,618.66,Succeeded
PAY00002471,ORD00002471,2025-11-07,PayPal,4859.14,Succeeded
PAY00002472,ORD00002472,2024-03-01,ACH,2955.18,Succeeded
PAY00002473,ORD00002473,2025-07-19,Wire,1546.02,Succeeded
PAY00002474,ORD00002474,2024-01-13,PayPal,5358.52,Pending
PAY00002475,ORD00002475,2024-06-07,PayPal,2084.73,Succeeded
PAY00002476,ORD00002476,2024-06-04,Card,10424.63,Succeeded
PAY00002477,ORD00002477,2024-10-02,PayPal,481.97,Succeeded
PAY00002478,ORD00002478,2024-03-09,PayPal,2325.13,Succeeded
PAY00002479,ORD00002479,2025-11-13,PayPal,7849.78,Succeeded
PAY00002480,ORD00002480,2025-03-30,Wire,3521.66,Succeeded
PAY00002481,ORD00002481,2025-03-28,ACH,2676.81,Succeeded
PAY00002482,ORD00002482,2024-05-29,PayPal,7306.02,Succeeded
PAY00002483,ORD00002483,2025-04-22,ACH,2264.53,Succeeded
PAY00002484,ORD00002484,2024-06-05,Card,4597.15,Succeeded
PAY00002485,ORD00002485,2025-05-28,ACH,7724.31,Succeeded
PAY00002486,ORD00002486,2025-02-14,PayPal,1962.71,Succeeded
PAY00002487,ORD00002487,2024-08-19,PayPal,3042.96,Succeeded
PAY00002488,ORD00002488,2025-05-17,Card,5619.42,Succeeded
PAY00002489,ORD00002489,2024-08-29,PayPal,237.12,Succeeded
PAY00002490,ORD00002490,2025-02-27,PayPal,4648.07,Succeeded
PAY00002492,ORD00002492,2024-10-14,Card,3941.59,Succeeded
PAY00002493,ORD00002493,2025-05-08,Card,8186.32,Pending
PAY00002494,ORD00002494,2024-02-09,ACH,1315.4,Succeeded
PAY00002495,ORD00002495,2024-08-02,Card,7787.82,Succeeded
PAY00002496,ORD00002496,2025-11-13,Wire,6293.81,Succeeded
PAY00002497,ORD00002497,2025-09-01,PayPal,2470.06,Succeeded
PAY00002498,ORD00002498,2025-12-05,ACH,6645.13,Succeeded
PAY00002499,ORD00002499,2026-02-06,ACH,5016.28,Succeeded
PAY00002500,ORD00002500,2024-06-02,Card,4926.08,Succeeded
PAY00002501,ORD00002501,2025-01-20,Card,4282.99,Succeeded
PAY00002502,ORD00002502,2025-05-27,PayPal,3570.23,Succeeded
PAY00002504,ORD00002504,2026-02-10,Wire,4827.63,Succeeded
PAY00002505,ORD00002505,2024-10-24,Wire,4240.92,Succeeded
PAY00002506,ORD00002506,2025-11-04,PayPal,4924.77,Succeeded
PAY00002507,ORD00002507,2025-03-06,Wire,2880.79,Succeeded
PAY00002508,ORD00002508,2025-08-01,Wire,95.65,Succeeded
PAY00002509,ORD00002509,2025-09-15,ACH,7357.18,Succeeded
PAY00002510,ORD00002510,2024-06-03,ACH,4385.04,Succeeded
PAY00002511,ORD00002511,2024-05-16,Wire,1461.01,Succeeded
PAY00002512,ORD00002512,2025-08-17,PayPal,2074.8,Succeeded
PAY00002513,ORD00002513,2024-06-03,Wire,4236.45,Succeeded
PAY00002514,ORD00002514,2025-10-06,ACH,1258.64,Succeeded
PAY00002515,ORD00002515,2025-04-26,PayPal,282.87,Succeeded
PAY00002516,ORD00002516,2025-03-22,PayPal,1110.54,Succeeded
PAY00002517,ORD00002517,2025-09-03,PayPal,3148.53,Succeeded
PAY00002518,ORD00002518,2024-05-10,Wire,5436.74,Succeeded
PAY00002520,ORD00002520,2024-09-05,Wire,439.57,Succeeded
PAY00002521,ORD00002521,2024-11-16,Card,4131.31,Succeeded
PAY00002522,ORD00002522,2024-09-18,Wire,536.96,Succeeded
PAY00002523,ORD00002523,2024-11-16,Card,3117.61,Pending
PAY00002524,ORD00002524,2024-03-27,Card,1436.02,Succeeded
PAY00002525,ORD00002525,2024-05-31,Wire,4221.34,Succeeded
PAY00002526,ORD00002526,2024-10-05,PayPal,2032.84,Succeeded
PAY00002527,ORD00002527,2024-05-12,Wire,2943.01,Succeeded
PAY00002528,ORD00002528,2024-11-09,Wire,5039.29,Succeeded
PAY00002529,ORD00002529,2024-03-14,Card,4347.06,Succeeded
PAY00002530,ORD00002530,2026-01-13,ACH,4547.95,Succeeded
PAY00002531,ORD00002531,2024-09-03,Wire,2182.11,Failed
PAY00002532,ORD00002532,2026-02-24,PayPal,1145.75,Succeeded
PAY00002533,ORD00002533,2024-06-06,Card,3116.21,Succeeded
PAY00002534,ORD00002534,2024-04-09,Card,1411.96,Succeeded
PAY00002535,ORD00002535,2026-03-01,ACH,3468.14,Succeeded
PAY00002536,ORD00002536,2025-01-15,Wire,83.82,Succeeded
PAY00002537,ORD00002537,2025-10-17,PayPal,2725.66,Succeeded
PAY00002538,ORD00002538,2025-05-12,Wire,4191.53,Succeeded
PAY00002539,ORD00002539,2025-10-08,ACH,3237.28,Succeeded
PAY00002540,ORD00002540,2025-01-12,Wire,3112.99,Succeeded
PAY00002541,ORD00002541,2024-02-21,Card,758.34,Succeeded
PAY00002542,ORD00002542,2025-10-07,ACH,4278.5,Succeeded
PAY00002544,ORD00002544,2026-01-05,Wire,872.55,Succeeded
PAY00002545,ORD00002545,2024-09-28,PayPal,5403.17,Succeeded
PAY00002546,ORD00002546,2024-02-05,Card,5660.89,Succeeded
PAY00002547,ORD00002547,2025-12-02,Wire,434.24,Succeeded
PAY00002548,ORD00002548,2025-01-01,Wire,2450.79,Succeeded
PAY00002549,ORD00002549,2025-05-20,Card,3938.71,Succeeded
PAY00002550,ORD00002550,2025-09-22,Card,4574.04,Failed
PAY00002551,ORD00002551,2024-11-21,Card,2126.81,Succeeded
PAY00002552,ORD00002552,2025-07-29,Wire,2990.82,Pending
PAY00002554,ORD00002554,2025-01-16,ACH,4036.66,Succeeded
PAY00002555,ORD00002555,2026-01-15,ACH,2269.94,Succeeded
PAY00002556,ORD00002556,2024-02-18,PayPal,9917.78,Succeeded
PAY00002557,ORD00002557,2024-09-12,Wire,5127.27,Succeeded
PAY00002559,ORD00002559,2024-03-09,Card,2591.07,Succeeded
PAY00002560,ORD00002560,2025-08-30,Card,4250.89,Succeeded
PAY00002561,ORD00002561,2024-05-16,Wire,6437.52,Succeeded
PAY00002562,ORD00002562,2025-10-06,ACH,3524.42,Succeeded
PAY00002563,ORD00002563,2026-01-10,Card,452.03,Succeeded
PAY00002564,ORD00002564,2024-07-19,Wire,1265.81,Succeeded
PAY00002565,ORD00002565,2024-12-11,Wire,2347.32,Succeeded
PAY00002566,ORD00002566,2025-12-13,Card,4625.05,Succeeded
PAY00002567,ORD00002567,2024-07-06,Wire,1100.95,Succeeded
PAY00002568,ORD00002568,2024-11-09,ACH,2440.81,Succeeded
PAY00002569,ORD00002569,2025-07-04,Card,6646.82,Succeeded
PAY00002570,ORD00002570,2024-12-31,Card,4243.77,Succeeded
PAY00002571,ORD00002571,2024-08-13,Wire,4049.02,Succeeded
PAY00002572,ORD00002572,2025-01-02,Card,8117.65,Succeeded
PAY00002573,ORD00002573,2024-05-20,PayPal,1955.44,Succeeded
PAY00002574,ORD00002574,2026-02-20,Card,913.11,Succeeded
PAY00002576,ORD00002576,2025-02-21,PayPal,4320.15,Pending
PAY00002578,ORD00002578,2025-06-11,PayPal,1925.52,Succeeded
PAY00002580,ORD00002580,2024-05-09,PayPal,5481.32,Succeeded
PAY00002581,ORD00002581,2024-09-02,PayPal,1934.36,Succeeded
PAY00002582,ORD00002582,2024-05-15,PayPal,2428.89,Succeeded
PAY00002583,ORD00002583,2025-06-03,PayPal,6475.72,Succeeded
PAY00002584,ORD00002584,2024-07-09,ACH,4533.12,Succeeded
PAY00002585,ORD00002585,2025-04-11,Card,6301.88,Pending
PAY00002586,ORD00002586,2024-12-10,Card,1362.49,Succeeded
PAY00002587,ORD00002587,2025-01-27,PayPal,5011.78,Succeeded
PAY00002588,ORD00002588,2025-05-13,ACH,2762.61,Succeeded
PAY00002589,ORD00002589,2024-04-19,Wire,3148.94,Succeeded
PAY00002590,ORD00002590,2024-01-14,PayPal,4757.63,Succeeded
PAY00002591,ORD00002591,2024-06-14,Card,389.09,Failed
PAY00002593,ORD00002593,2024-09-15,Card,3614.9,Succeeded
PAY00002594,ORD00002594,2025-03-08,Wire,592.52,Succeeded
PAY00002595,ORD00002595,2024-08-04,ACH,3483.94,Succeeded
PAY00002596,ORD00002596,2025-04-19,ACH,5092.56,Succeeded
PAY00002597,ORD00002597,2024-08-01,Card,3448.18,Succeeded
PAY00002598,ORD00002598,2024-03-03,Card,1154.93,Succeeded
PAY00002599,ORD00002599,2025-02-05,Wire,1305.91,Succeeded
PAY00002601,ORD00002601,2025-12-07,Card,1587.58,Succeeded
PAY00002602,ORD00002602,2024-10-02,PayPal,3526.62,Pending
PAY00002603,ORD00002603,2024-07-15,Card,2667.78,Succeeded
PAY00002604,ORD00002604,2024-01-12,Card,4420.8,Succeeded
PAY00002605,ORD00002605,2025-12-04,ACH,3395.15,Succeeded
PAY00002606,ORD00002606,2024-09-13,PayPal,4387.68,Pending
PAY00002607,ORD00002607,2025-11-17,Wire,606.13,Succeeded
PAY00002608,ORD00002608,2024-08-03,PayPal,4987.12,Succeeded
PAY00002610,ORD00002610,2025-08-23,Card,5142.38,Succeeded
PAY00002611,ORD00002611,2025-06-05,Card,4627.02,Succeeded
PAY00002612,ORD00002612,2024-12-09,Card,2312.53,Succeeded
PAY00002613,ORD00002613,2025-05-02,ACH,3990.62,Succeeded
PAY00002614,ORD00002614,2024-10-27,ACH,3469.56,Succeeded
PAY00002615,ORD00002615,2025-11-14,Card,2244.57,Succeeded
PAY00002619,ORD00002619,2025-11-01,ACH,1371.81,Succeeded
PAY00002620,ORD00002620,2025-10-24,ACH,2423.41,Succeeded
PAY00002621,ORD00002621,2024-01-25,PayPal,4816.57,Failed
PAY00002622,ORD00002622,2026-01-27,Card,5314.35,Succeeded
PAY00002623,ORD00002623,2025-05-26,Wire,172.47,Succeeded
PAY00002625,ORD00002625,2025-02-09,PayPal,4044.48,Succeeded
PAY00002626,ORD00002626,2024-08-15,Wire,3600.47,Succeeded
PAY00002627,ORD00002627,2025-03-01,PayPal,3340.53,Succeeded
PAY00002629,ORD00002629,2025-11-17,PayPal,2864.39,Succeeded
PAY00002630,ORD00002630,2024-03-31,Card,5332.75,Succeeded
PAY00002631,ORD00002631,2025-03-02,ACH,2638.12,Pending
PAY00002632,ORD00002632,2025-10-22,Wire,5449.18,Pending
PAY00002633,ORD00002633,2025-11-07,Wire,5794.38,Succeeded
PAY00002634,ORD00002634,2025-04-24,PayPal,654.16,Succeeded
PAY00002635,ORD00002635,2026-01-24,Card,5171.86,Succeeded
PAY00002636,ORD00002636,2024-02-28,PayPal,4061.6,Succeeded
PAY00002637,ORD00002637,2024-05-30,Card,3112.65,Succeeded
PAY00002639,ORD00002639,2026-02-18,PayPal,2392.33,Succeeded
PAY00002640,ORD00002640,2026-01-12,Card,269.32,Succeeded
PAY00002641,ORD00002641,2025-12-01,ACH,2195.19,Succeeded
PAY00002642,ORD00002642,2024-07-24,Card,417.72,Succeeded
PAY00002643,ORD00002643,2024-05-03,ACH,97.91,Succeeded
PAY00002644,ORD00002644,2024-08-30,PayPal,954.98,Succeeded
PAY00002645,ORD00002645,2024-07-05,ACH,3508.31,Succeeded
PAY00002646,ORD00002646,2024-01-15,ACH,6221.67,Succeeded
PAY00002647,ORD00002647,2025-06-29,ACH,1156.92,Succeeded
PAY00002648,ORD00002648,2025-05-11,ACH,96.42,Succeeded
PAY00002649,ORD00002649,2024-12-10,Card,1915.69,Succeeded
PAY00002650,ORD00002650,2024-12-19,Wire,142.99,Succeeded
PAY00002651,ORD00002651,2025-07-14,ACH,3423.29,Succeeded
PAY00002652,ORD00002652,2025-03-25,Wire,2573.57,Succeeded
PAY00002653,ORD00002653,2024-12-17,ACH,3560.19,Succeeded
PAY00002654,ORD00002654,2024-08-06,ACH,1845.61,Succeeded
PAY00002655,ORD00002655,2025-03-07,Wire,1044.51,Succeeded
PAY00002656,ORD00002656,2024-11-15,Wire,3270.87,Succeeded
PAY00002657,ORD00002657,2026-02-13,Card,5871.64,Succeeded
PAY00002658,ORD00002658,2024-10-24,Wire,5855.76,Succeeded
PAY00002659,ORD00002659,2024-07-04,PayPal,5062.48,Succeeded
PAY00002660,ORD00002660,2024-08-09,ACH,1953.21,Succeeded
PAY00002661,ORD00002661,2024-08-07,Card,138.29,Succeeded
PAY00002662,ORD00002662,2026-01-06,PayPal,1960.55,Succeeded
PAY00002663,ORD00002663,2025-02-07,PayPal,2272.34,Succeeded
PAY00002664,ORD00002664,2025-09-22,Wire,2103.48,Succeeded
PAY00002665,ORD00002665,2025-02-03,Card,7265.54,Succeeded
PAY00002666,ORD00002666,2026-01-29,PayPal,7311.02,Failed
PAY00002667,ORD00002667,2025-11-27,Card,5195.08,Succeeded
PAY00002668,ORD00002668,2025-05-25,PayPal,500.96,Succeeded
PAY00002669,ORD00002669,2024-06-20,Card,1424.99,Succeeded
PAY00002670,ORD00002670,2024-03-30,ACH,3884.6,Succeeded
PAY00002671,ORD00002671,2025-01-02,PayPal,4528.99,Succeeded
PAY00002672,ORD00002672,2024-06-05,Card,338.65,Succeeded
PAY00002673,ORD00002673,2025-07-02,Card,2023.4,Succeeded
PAY00002674,ORD00002674,2024-09-02,ACH,5648.54,Succeeded
PAY00002677,ORD00002677,2024-05-09,ACH,4798.03,Succeeded
PAY00002678,ORD00002678,2024-01-08,ACH,2419.34,Succeeded
PAY00002679,ORD00002679,2024-12-10,ACH,1310.62,Succeeded
PAY00002680,ORD00002680,2026-01-24,ACH,398.66,Succeeded
PAY00002681,ORD00002681,2025-02-17,PayPal,1932.25,Succeeded
PAY00002682,ORD00002682,2024-06-10,Card,2478.78,Succeeded
PAY00002683,ORD00002683,2024-07-28,Wire,1525.92,Succeeded
PAY00002684,ORD00002684,2025-08-15,Wire,3748.1,Succeeded
PAY00002685,ORD00002685,2025-01-23,Wire,3191.58,Failed
PAY00002686,ORD00002686,2025-06-17,PayPal,2718.21,Succeeded
PAY00002687,ORD00002687,2024-04-06,PayPal,7093.85,Succeeded
PAY00002688,ORD00002688,2025-12-31,ACH,752.04,Pending
PAY00002689,ORD00002689,2024-09-07,ACH,2679.71,Succeeded
PAY00002691,ORD00002691,2025-06-29,ACH,2933.09,Succeeded
PAY00002692,ORD00002692,2025-04-09,ACH,5717.79,Succeeded
PAY00002693,ORD00002693,2025-01-19,Card,4364.85,Succeeded
PAY00002694,ORD00002694,2024-07-01,ACH,7676.89,Succeeded
PAY00002695,ORD00002695,2025-05-28,Card,1862.0,Succeeded
PAY00002696,ORD00002696,2025-07-01,Card,2955.15,Succeeded
PAY00002697,ORD00002697,2024-06-28,Wire,2777.84,Succeeded
PAY00002698,ORD00002698,2025-04-16,PayPal,2529.92,Succeeded
PAY00002699,ORD00002699,2024-12-01,ACH,4982.64,Succeeded
PAY00002700,ORD00002700,2024-12-08,Wire,6902.35,Succeeded
PAY00002701,ORD00002701,2025-05-04,PayPal,858.51,Succeeded
PAY00002702,ORD00002702,2025-07-15,PayPal,2191.52,Succeeded
PAY00002703,ORD00002703,2024-10-29,ACH,2405.2,Failed
PAY00002704,ORD00002704,2025-10-16,Wire,2102.32,Failed
PAY00002705,ORD00002705,2024-09-22,ACH,3217.08,Succeeded
PAY00002706,ORD00002706,2025-07-22,Wire,6133.21,Succeeded
PAY00002707,ORD00002707,2025-07-24,Card,808.44,Succeeded
PAY00002708,ORD00002708,2026-01-02,Card,1935.83,Succeeded
PAY00002709,ORD00002709,2024-10-30,ACH,899.88,Succeeded
PAY00002710,ORD00002710,2024-10-17,ACH,3178.49,Failed
PAY00002711,ORD00002711,2025-03-01,Card,8929.74,Succeeded
PAY00002712,ORD00002712,2024-11-01,PayPal,289.12,Succeeded
PAY00002713,ORD00002713,2026-01-06,Card,8665.62,Succeeded
PAY00002714,ORD00002714,2025-06-17,Card,6126.34,Succeeded
PAY00002715,ORD00002715,2024-02-11,Wire,4732.73,Succeeded
PAY00002716,ORD00002716,2025-08-25,Card,4556.18,Succeeded
PAY00002717,ORD00002717,2026-02-14,Wire,2685.11,Succeeded
PAY00002718,ORD00002718,2025-10-10,PayPal,2259.45,Succeeded
PAY00002719,ORD00002719,2024-01-10,Card,4725.93,Succeeded
PAY00002720,ORD00002720,2025-02-07,Wire,1436.7,Succeeded
PAY00002721,ORD00002721,2025-07-13,Card,6132.14,Succeeded
PAY00002722,ORD00002722,2024-10-17,Wire,2293.94,Succeeded
PAY00002723,ORD00002723,2025-08-03,Wire,607.51,Succeeded
PAY00002724,ORD00002724,2024-05-20,PayPal,2201.15,Succeeded
PAY00002725,ORD00002725,2025-01-17,PayPal,3232.88,Succeeded
PAY00002726,ORD00002726,2025-09-18,Wire,1854.15,Succeeded
PAY00002727,ORD00002727,2026-01-03,Wire,5094.03,Succeeded
PAY00002728,ORD00002728,2025-01-22,ACH,1124.25,Succeeded
PAY00002729,ORD00002729,2024-07-14,Wire,12237.73,Succeeded
PAY00002730,ORD00002730,2026-01-11,Wire,958.7,Succeeded
PAY00002731,ORD00002731,2025-10-10,Card,3847.27,Succeeded
PAY00002732,ORD00002732,2025-10-09,Card,1681.32,Succeeded
PAY00002733,ORD00002733,2025-02-14,Wire,3354.85,Failed
PAY00002734,ORD00002734,2025-12-20,PayPal,4748.61,Succeeded
PAY00002735,ORD00002735,2024-11-05,PayPal,4609.92,Succeeded
PAY00002736,ORD00002736,2024-11-03,ACH,1411.08,Succeeded
PAY00002737,ORD00002737,2024-09-15,ACH,2898.08,Succeeded
PAY00002738,ORD00002738,2025-01-07,Wire,4368.53,Succeeded
PAY00002739,ORD00002739,2025-01-09,PayPal,3878.63,Succeeded
PAY00002740,ORD00002740,2025-12-01,Card,5529.13,Succeeded
PAY00002741,ORD00002741,2024-08-23,PayPal,2787.14,Succeeded
PAY00002742,ORD00002742,2024-04-27,Wire,454.13,Succeeded
PAY00002743,ORD00002743,2025-03-14,Wire,7690.24,Succeeded
PAY00002744,ORD00002744,2024-12-01,Card,2124.54,Succeeded
PAY00002745,ORD00002745,2024-02-07,PayPal,2329.42,Succeeded
PAY00002746,ORD00002746,2024-11-06,Wire,2610.95,Succeeded
PAY00002747,ORD00002747,2025-09-12,Wire,3499.82,Succeeded
PAY00002748,ORD00002748,2025-10-22,PayPal,1497.15,Succeeded
PAY00002749,ORD00002749,2025-06-07,Wire,4558.24,Succeeded
PAY00002750,ORD00002750,2024-09-18,ACH,3945.28,Succeeded
PAY00002751,ORD00002751,2024-09-07,PayPal,2828.81,Succeeded
PAY00002752,ORD00002752,2025-12-31,Wire,4069.49,Failed
PAY00002753,ORD00002753,2025-11-27,PayPal,903.65,Succeeded
PAY00002755,ORD00002755,2024-08-30,PayPal,1680.38,Succeeded
PAY00002757,ORD00002757,2024-07-05,ACH,486.5,Succeeded
PAY00002758,ORD00002758,2024-04-25,Wire,10170.32,Succeeded
PAY00002760,ORD00002760,2024-09-25,Card,3755.14,Succeeded
PAY00002762,ORD00002762,2025-03-15,PayPal,5060.45,Succeeded
PAY00002763,ORD00002763,2024-06-29,PayPal,7188.26,Succeeded
PAY00002764,ORD00002764,2024-01-20,Wire,5876.68,Succeeded
PAY00002765,ORD00002765,2024-11-14,PayPal,1090.15,Succeeded
PAY00002766,ORD00002766,2024-06-21,PayPal,2715.71,Failed
PAY00002767,ORD00002767,2024-12-27,PayPal,5701.76,Succeeded
PAY00002768,ORD00002768,2025-04-04,PayPal,3294.72,Succeeded
PAY00002769,ORD00002769,2024-03-02,ACH,2448.04,Succeeded
PAY00002770,ORD00002770,2025-12-11,Card,2926.27,Succeeded
PAY00002771,ORD00002771,2024-09-07,Card,5375.58,Succeeded
PAY00002772,ORD00002772,2025-02-08,PayPal,5399.47,Succeeded
PAY00002773,ORD00002773,2025-07-08,Card,1278.38,Succeeded
PAY00002774,ORD00002774,2025-01-21,ACH,6712.18,Succeeded
PAY00002775,ORD00002775,2025-09-23,Card,374.76,Succeeded
PAY00002776,ORD00002776,2024-04-17,Wire,3066.05,Succeeded
PAY00002777,ORD00002777,2025-04-18,PayPal,2496.85,Succeeded
PAY00002778,ORD00002778,2024-07-27,PayPal,2986.75,Succeeded
PAY00002779,ORD00002779,2025-02-09,PayPal,4825.08,Succeeded
PAY00002781,ORD00002781,2024-02-12,ACH,868.39,Succeeded
PAY00002782,ORD00002782,2024-04-06,PayPal,4309.8,Succeeded
PAY00002783,ORD00002783,2024-11-09,Wire,870.58,Succeeded
PAY00002784,ORD00002784,2025-08-11,ACH,4322.95,Succeeded
PAY00002785,ORD00002785,2025-11-04,Card,3884.09,Succeeded
PAY00002786,ORD00002786,2025-12-20,Card,2241.32,Succeeded
PAY00002787,ORD00002787,2025-06-28,Wire,1219.78,Succeeded
PAY00002788,ORD00002788,2024-03-08,ACH,5201.07,Pending
PAY00002789,ORD00002789,2024-08-24,PayPal,10325.64,Succeeded
PAY00002790,ORD00002790,2024-06-23,Wire,532.61,Succeeded
PAY00002791,ORD00002791,2024-03-10,ACH,4916.96,Succeeded
PAY00002792,ORD00002792,2025-07-29,Wire,6861.72,Succeeded
PAY00002793,ORD00002793,2025-07-21,PayPal,3557.27,Succeeded
PAY00002794,ORD00002794,2025-07-19,Card,1302.64,Succeeded
PAY00002795,ORD00002795,2024-05-07,ACH,893.87,Succeeded
PAY00002796,ORD00002796,2024-10-02,Wire,4597.93,Succeeded
PAY00002797,ORD00002797,2024-08-09,PayPal,954.38,Succeeded
PAY00002798,ORD00002798,2024-09-12,Card,1443.83,Succeeded
PAY00002799,ORD00002799,2025-09-13,Wire,510.85,Succeeded
PAY00002800,ORD00002800,2024-07-17,Card,7681.03,Succeeded
PAY00002801,ORD00002801,2024-08-24,PayPal,4341.36,Succeeded
PAY00002802,ORD00002802,2025-12-02,PayPal,2694.56,Succeeded
PAY00002803,ORD00002803,2024-08-06,ACH,3401.96,Succeeded
PAY00002804,ORD00002804,2025-12-14,Wire,2364.33,Succeeded
PAY00002806,ORD00002806,2025-06-19,Card,4451.37,Succeeded
PAY00002807,ORD00002807,2024-12-01,Card,5823.51,Succeeded
PAY00002808,ORD00002808,2025-02-14,Card,2157.27,Succeeded
PAY00002809,ORD00002809,2025-05-03,Wire,7371.49,Succeeded
PAY00002810,ORD00002810,2025-10-15,PayPal,4093.62,Pending
PAY00002811,ORD00002811,2025-10-29,Card,1932.65,Pending
PAY00002812,ORD00002812,2025-01-10,PayPal,4699.33,Succeeded
PAY00002813,ORD00002813,2024-08-28,Card,1139.89,Succeeded
PAY00002814,ORD00002814,2025-10-15,ACH,1383.67,Pending
PAY00002815,ORD00002815,2024-04-28,PayPal,5707.29,Succeeded
PAY00002816,ORD00002816,2024-06-07,PayPal,4719.77,Succeeded
PAY00002817,ORD00002817,2024-04-25,PayPal,1075.01,Succeeded
PAY00002818,ORD00002818,2024-06-20,ACH,6101.07,Succeeded
PAY00002819,ORD00002819,2024-11-29,Wire,5347.14,Succeeded
PAY00002821,ORD00002821,2024-03-21,PayPal,6002.29,Succeeded
PAY00002822,ORD00002822,2025-11-12,Wire,2513.06,Succeeded
PAY00002823,ORD00002823,2024-10-01,Card,4317.93,Succeeded
PAY00002824,ORD00002824,2024-03-25,ACH,8309.15,Pending
PAY00002825,ORD00002825,2024-01-06,ACH,2578.8,Succeeded
PAY00002826,ORD00002826,2025-05-17,ACH,1319.28,Succeeded
PAY00002828,ORD00002828,2024-02-10,PayPal,5283.3,Succeeded
PAY00002829,ORD00002829,2024-04-03,Wire,2876.52,Succeeded
PAY00002830,ORD00002830,2024-11-25,ACH,3299.99,Succeeded
PAY00002831,ORD00002831,2024-02-19,ACH,1184.1,Succeeded
PAY00002832,ORD00002832,2025-10-09,Card,4133.88,Succeeded
PAY00002833,ORD00002833,2024-05-24,Wire,2381.89,Succeeded
PAY00002834,ORD00002834,2026-01-15,ACH,1536.88,Succeeded
PAY00002835,ORD00002835,2026-02-17,Card,2228.76,Succeeded
PAY00002836,ORD00002836,2025-05-14,PayPal,5045.61,Succeeded
PAY00002838,ORD00002838,2025-10-27,PayPal,265.95,Succeeded
PAY00002839,ORD00002839,2024-11-26,ACH,3236.66,Succeeded
PAY00002840,ORD00002840,2025-11-05,ACH,2752.32,Succeeded
PAY00002841,ORD00002841,2025-01-03,Wire,6098.94,Succeeded
PAY00002842,ORD00002842,2024-02-03,Card,5428.45,Succeeded
PAY00002843,ORD00002843,2024-09-08,ACH,491.8,Succeeded
PAY00002844,ORD00002844,2024-10-23,PayPal,1574.39,Succeeded
PAY00002845,ORD00002845,2026-01-17,ACH,4278.42,Succeeded
PAY00002846,ORD00002846,2024-03-26,Card,6583.56,Failed
PAY00002847,ORD00002847,2024-06-21,ACH,6579.22,Succeeded
PAY00002848,ORD00002848,2024-10-20,Wire,3979.81,Succeeded
PAY00002849,ORD00002849,2025-02-19,PayPal,1656.73,Succeeded
PAY00002850,ORD00002850,2025-05-06,Card,10705.96,Succeeded
PAY00002851,ORD00002851,2025-02-04,Card,2829.22,Succeeded
PAY00002852,ORD00002852,2024-01-09,Wire,2794.07,Succeeded
PAY00002854,ORD00002854,2024-09-19,Card,1089.38,Succeeded
PAY00002855,ORD00002855,2026-01-04,PayPal,4172.54,Succeeded
PAY00002856,ORD00002856,2024-08-24,Card,2672.88,Succeeded
PAY00002857,ORD00002857,2025-11-04,Wire,4716.11,Succeeded
PAY00002858,ORD00002858,2024-07-06,ACH,1614.26,Succeeded
PAY00002859,ORD00002859,2025-02-18,ACH,6278.14,Succeeded
PAY00002860,ORD00002860,2025-09-19,Wire,2455.37,Succeeded
PAY00002861,ORD00002861,2025-11-06,ACH,3221.98,Succeeded
PAY00002862,ORD00002862,2024-02-01,PayPal,1067.8,Succeeded
PAY00002863,ORD00002863,2024-04-08,Card,1709.28,Succeeded
PAY00002864,ORD00002864,2025-03-17,Card,4400.29,Succeeded
PAY00002865,ORD00002865,2024-02-21,Wire,4603.73,Succeeded
PAY00002866,ORD00002866,2025-05-21,Card,4639.7,Succeeded
PAY00002867,ORD00002867,2024-10-29,Card,2986.92,Succeeded
PAY00002868,ORD00002868,2025-10-11,PayPal,3825.54,Pending
PAY00002869,ORD00002869,2024-06-17,PayPal,4641.27,Succeeded
PAY00002870,ORD00002870,2025-11-12,PayPal,1822.64,Succeeded
PAY00002871,ORD00002871,2024-09-22,ACH,1748.07,Succeeded
PAY00002872,ORD00002872,2024-03-24,Wire,7049.82,Succeeded
PAY00002873,ORD00002873,2025-03-22,PayPal,544.31,Succeeded
PAY00002874,ORD00002874,2024-04-21,ACH,1616.54,Succeeded
PAY00002875,ORD00002875,2024-12-10,ACH,333.46,Succeeded
PAY00002876,ORD00002876,2025-05-31,PayPal,1634.25,Succeeded
PAY00002877,ORD00002877,2025-06-22,ACH,4362.53,Succeeded
PAY00002878,ORD00002878,2024-07-10,ACH,6013.14,Succeeded
PAY00002879,ORD00002879,2025-05-19,ACH,10506.8,Succeeded
PAY00002880,ORD00002880,2025-06-14,Wire,289.24,Failed
PAY00002881,ORD00002881,2024-11-20,ACH,3418.43,Succeeded
PAY00002882,ORD00002882,2025-11-06,PayPal,4674.44,Succeeded
PAY00002883,ORD00002883,2025-03-29,PayPal,1589.5,Succeeded
PAY00002885,ORD00002885,2025-08-24,PayPal,5581.38,Succeeded
PAY00002886,ORD00002886,2025-01-08,Card,2785.26,Succeeded
PAY00002887,ORD00002887,2025-09-07,Card,5562.74,Succeeded
PAY00002888,ORD00002888,2024-02-07,PayPal,1299.51,Succeeded
PAY00002889,ORD00002889,2024-12-14,PayPal,1209.61,Succeeded
PAY00002890,ORD00002890,2025-11-22,ACH,1131.9,Succeeded
PAY00002891,ORD00002891,2024-08-15,Card,117.97,Succeeded
PAY00002892,ORD00002892,2024-04-11,PayPal,4934.5,Succeeded
PAY00002893,ORD00002893,2025-04-21,Wire,1874.34,Succeeded
PAY00002894,ORD00002894,2025-09-15,ACH,6718.97,Succeeded
PAY00002895,ORD00002895,2026-01-22,Card,1918.03,Succeeded
PAY00002896,ORD00002896,2025-10-29,ACH,1142.28,Succeeded
PAY00002897,ORD00002897,2024-05-11,PayPal,3724.91,Failed
PAY00002898,ORD00002898,2024-08-02,Wire,2349.65,Succeeded
PAY00002899,ORD00002899,2024-03-29,Wire,414.53,Succeeded
PAY00002900,ORD00002900,2024-02-18,Card,3357.48,Succeeded
PAY00002901,ORD00002901,2024-04-09,Wire,1257.84,Succeeded
PAY00002903,ORD00002903,2024-04-27,ACH,1070.2,Succeeded
PAY00002904,ORD00002904,2024-02-11,Card,8367.07,Succeeded
PAY00002905,ORD00002905,2024-04-11,Wire,4499.82,Succeeded
PAY00002906,ORD00002906,2024-05-22,Card,1711.68,Succeeded
PAY00002907,ORD00002907,2024-06-16,ACH,1519.56,Failed
PAY00002908,ORD00002908,2025-07-25,Card,7716.06,Pending
PAY00002909,ORD00002909,2024-02-26,Wire,1004.81,Pending
PAY00002910,ORD00002910,2024-06-05,PayPal,3847.91,Succeeded
PAY00002912,ORD00002912,2025-09-15,Wire,3300.73,Succeeded
PAY00002913,ORD00002913,2024-09-04,PayPal,1792.31,Succeeded
PAY00002914,ORD00002914,2025-02-20,ACH,3576.95,Succeeded
PAY00002915,ORD00002915,2024-11-24,ACH,3250.9,Succeeded
PAY00002916,ORD00002916,2024-11-15,Wire,3512.02,Succeeded
PAY00002917,ORD00002917,2024-01-13,Wire,6036.43,Succeeded
PAY00002918,ORD00002918,2024-02-29,ACH,9653.39,Succeeded
PAY00002919,ORD00002919,2024-04-16,Wire,1329.39,Succeeded
PAY00002920,ORD00002920,2024-10-13,PayPal,5662.36,Succeeded
PAY00002921,ORD00002921,2024-08-19,ACH,1344.01,Succeeded
PAY00002922,ORD00002922,2025-05-21,ACH,6530.94,Succeeded
PAY00002923,ORD00002923,2025-10-07,Card,4354.56,Succeeded
PAY00002924,ORD00002924,2024-11-24,ACH,5249.93,Succeeded
PAY00002925,ORD00002925,2025-04-01,Card,5634.67,Succeeded
PAY00002926,ORD00002926,2024-03-23,Card,6327.37,Succeeded
PAY00002927,ORD00002927,2025-07-12,PayPal,7355.62,Succeeded
PAY00002928,ORD00002928,2025-05-28,Card,6815.06,Succeeded
PAY00002929,ORD00002929,2024-10-09,Wire,1614.92,Succeeded
PAY00002930,ORD00002930,2025-05-30,ACH,146.64,Succeeded
PAY00002931,ORD00002931,2024-05-27,ACH,1305.15,Succeeded
PAY00002933,ORD00002933,2024-09-09,ACH,2912.5,Succeeded
PAY00002934,ORD00002934,2025-06-22,Card,10826.26,Failed
PAY00002935,ORD00002935,2025-07-15,PayPal,4165.99,Succeeded
PAY00002936,ORD00002936,2025-03-10,Card,3488.65,Succeeded
PAY00002937,ORD00002937,2025-08-22,ACH,3983.67,Succeeded
PAY00002938,ORD00002938,2024-02-23,PayPal,2674.37,Succeeded
PAY00002939,ORD00002939,2024-01-03,ACH,3104.93,Succeeded
PAY00002940,ORD00002940,2024-07-03,PayPal,9011.29,Succeeded
PAY00002942,ORD00002942,2025-09-20,ACH,5595.4,Succeeded
PAY00002943,ORD00002943,2024-11-02,Card,3693.62,Succeeded
PAY00002944,ORD00002944,2024-11-14,Wire,5643.21,Succeeded
PAY00002945,ORD00002945,2025-04-30,PayPal,556.35,Succeeded
PAY00002946,ORD00002946,2024-06-06,Card,2011.33,Succeeded
PAY00002947,ORD00002947,2025-08-23,ACH,2391.22,Succeeded
PAY00002948,ORD00002948,2025-05-27,Wire,4728.8,Succeeded
PAY00002949,ORD00002949,2024-04-26,PayPal,2878.86,Succeeded
PAY00002950,ORD00002950,2026-01-29,Wire,1147.65,Pending
PAY00002951,ORD00002951,2024-02-27,ACH,3805.19,Succeeded
PAY00002952,ORD00002952,2024-06-27,ACH,6536.44,Succeeded
PAY00002953,ORD00002953,2024-08-17,ACH,6157.19,Succeeded
PAY00002954,ORD00002954,2025-08-19,Card,5376.31,Succeeded
PAY00002955,ORD00002955,2024-01-17,ACH,2884.62,Succeeded
PAY00002956,ORD00002956,2025-02-27,Card,6474.11,Succeeded
PAY00002957,ORD00002957,2025-04-26,PayPal,2439.42,Succeeded
PAY00002958,ORD00002958,2024-09-08,Card,2251.3,Succeeded
PAY00002959,ORD00002959,2025-05-13,Card,3143.23,Succeeded
PAY00002960,ORD00002960,2025-10-09,PayPal,2845.36,Succeeded
PAY00002962,ORD00002962,2025-05-14,Card,4132.2,Succeeded
PAY00002963,ORD00002963,2024-01-13,PayPal,6641.24,Succeeded
PAY00002964,ORD00002964,2024-05-21,PayPal,5629.07,Succeeded
PAY00002965,ORD00002965,2025-02-05,Wire,4422.11,Succeeded
PAY00002966,ORD00002966,2025-09-09,Card,4883.54,Pending
PAY00002967,ORD00002967,2025-10-18,ACH,5185.51,Pending
PAY00002968,ORD00002968,2025-11-11,Card,3354.96,Succeeded
PAY00002969,ORD00002969,2025-06-10,ACH,4202.37,Succeeded
PAY00002970,ORD00002970,2024-09-30,PayPal,3964.64,Succeeded
PAY00002971,ORD00002971,2024-02-07,PayPal,3802.69,Failed
PAY00002972,ORD00002972,2025-07-24,ACH,6756.85,Succeeded
PAY00002973,ORD00002973,2024-03-28,ACH,1332.48,Succeeded
PAY00002974,ORD00002974,2024-10-07,Card,5543.43,Succeeded
PAY00002975,ORD00002975,2024-02-15,PayPal,2221.36,Succeeded
PAY00002976,ORD00002976,2025-05-10,PayPal,2600.32,Succeeded
PAY00002977,ORD00002977,2025-11-07,ACH,2180.44,Failed
PAY00002978,ORD00002978,2025-01-20,Card,3514.48,Succeeded
PAY00002979,ORD00002979,2025-09-09,Wire,7032.68,Succeeded
PAY00002980,ORD00002980,2025-09-09,PayPal,3416.58,Succeeded
PAY00002981,ORD00002981,2024-02-19,Card,4239.88,Succeeded
PAY00002982,ORD00002982,2024-11-17,Wire,5981.43,Succeeded
PAY00002983,ORD00002983,2025-04-18,PayPal,1035.15,Succeeded
PAY00002984,ORD00002984,2024-01-12,ACH,2888.55,Succeeded
PAY00002985,ORD00002985,2024-03-01,ACH,2321.02,Succeeded
PAY00002986,ORD00002986,2024-04-02,Card,5995.75,Succeeded
PAY00002987,ORD00002987,2024-08-05,ACH,2945.58,Succeeded
PAY00002988,ORD00002988,2025-09-14,Wire,10045.81,Succeeded
PAY00002989,ORD00002989,2024-07-21,ACH,5686.56,Succeeded
PAY00002990,ORD00002990,2025-01-18,Wire,361.91,Succeeded
PAY00002991,ORD00002991,2024-12-19,PayPal,1035.91,Succeeded
PAY00002992,ORD00002992,2025-12-22,PayPal,3308.22,Succeeded
PAY00002993,ORD00002993,2024-07-09,PayPal,1789.78,Succeeded
PAY00002994,ORD00002994,2024-11-11,ACH,3010.48,Succeeded
PAY00002995,ORD00002995,2026-01-14,ACH,4238.82,Succeeded
PAY00002996,ORD00002996,2024-06-19,ACH,9644.62,Succeeded
PAY00002997,ORD00002997,2024-03-24,PayPal,494.55,Succeeded
PAY00002998,ORD00002998,2024-03-11,PayPal,7887.35,Succeeded
PAY00002999,ORD00002999,2025-01-03,Wire,120.66,Succeeded
PAY00003000,ORD00003000,2025-02-17,ACH,6234.4,Succeeded
PAY00003001,ORD00003001,2024-10-02,ACH,1469.19,Pending
PAY00003002,ORD00003002,2025-04-16,ACH,349.63,Succeeded
PAY00003003,ORD00003003,2025-06-10,ACH,2363.34,Pending
PAY00003005,ORD00003005,2025-01-10,Card,5691.02,Succeeded
PAY00003006,ORD00003006,2025-08-17,Wire,6710.82,Succeeded
PAY00003007,ORD00003007,2025-03-01,PayPal,3987.14,Failed
PAY00003008,ORD00003008,2025-04-29,Card,5179.01,Succeeded
PAY00003009,ORD00003009,2024-01-30,Card,6762.29,Succeeded
PAY00003010,ORD00003010,2025-10-31,PayPal,3995.6,Succeeded
PAY00003012,ORD00003012,2025-12-14,Wire,934.61,Succeeded
PAY00003013,ORD00003013,2025-02-27,ACH,4585.85,Pending
PAY00003014,ORD00003014,2024-12-04,Wire,3951.19,Succeeded
PAY00003015,ORD00003015,2025-11-01,PayPal,1839.58,Failed
PAY00003016,ORD00003016,2024-09-13,Card,254.97,Succeeded
PAY00003017,ORD00003017,2025-05-06,ACH,2723.05,Succeeded
PAY00003018,ORD00003018,2025-03-27,Card,777.29,Succeeded
PAY00003019,ORD00003019,2024-01-14,PayPal,6489.57,Pending
PAY00003020,ORD00003020,2024-10-14,Card,3963.87,Succeeded
PAY00003021,ORD00003021,2025-07-02,PayPal,1373.02,Succeeded
PAY00003022,ORD00003022,2025-02-06,Wire,1954.71,Succeeded
PAY00003024,ORD00003024,2026-02-12,ACH,2034.81,Succeeded
PAY00003025,ORD00003025,2024-01-25,Wire,6993.92,Succeeded
PAY00003026,ORD00003026,2024-05-28,Wire,1691.01,Succeeded
PAY00003027,ORD00003027,2026-02-10,Card,2308.99,Succeeded
PAY00003028,ORD00003028,2025-08-17,PayPal,6161.26,Succeeded
PAY00003029,ORD00003029,2025-03-15,PayPal,8503.27,Succeeded
PAY00003030,ORD00003030,2024-12-22,Card,2040.33,Succeeded
PAY00003031,ORD00003031,2024-11-25,Wire,1119.44,Succeeded
PAY00003032,ORD00003032,2026-02-14,PayPal,5587.77,Succeeded
PAY00003033,ORD00003033,2024-01-10,ACH,890.17,Succeeded
PAY00003034,ORD00003034,2025-05-19,Card,3116.85,Succeeded
PAY00003035,ORD00003035,2026-02-10,ACH,2891.83,Succeeded
PAY00003036,ORD00003036,2025-12-16,PayPal,672.66,Succeeded
PAY00003037,ORD00003037,2024-07-10,ACH,1989.38,Succeeded
PAY00003038,ORD00003038,2025-11-11,Card,2584.58,Succeeded
PAY00003039,ORD00003039,2025-05-26,ACH,1761.9,Succeeded
PAY00003040,ORD00003040,2024-01-04,Card,2150.38,Succeeded
PAY00003041,ORD00003041,2025-06-16,PayPal,4565.35,Succeeded
PAY00003042,ORD00003042,2024-10-16,Card,3319.95,Succeeded
PAY00003043,ORD00003043,2024-08-09,Card,5537.21,Succeeded
PAY00003044,ORD00003044,2025-06-12,Wire,174.71,Succeeded
PAY00003045,ORD00003045,2025-02-21,Wire,306.39,Pending
PAY00003046,ORD00003046,2024-06-11,Wire,7504.31,Succeeded
PAY00003047,ORD00003047,2024-09-30,Card,2973.97,Succeeded
PAY00003048,ORD00003048,2024-04-23,Card,1033.93,Succeeded
PAY00003049,ORD00003049,2024-10-01,Card,5585.02,Succeeded
PAY00003050,ORD00003050,2025-03-20,Card,1240.64,Succeeded
PAY00003051,ORD00003051,2025-11-30,Card,3585.97,Pending
PAY00003055,ORD00003055,2025-01-16,Wire,5510.89,Succeeded
PAY00003056,ORD00003056,2025-04-22,Wire,8041.74,Succeeded
PAY00003057,ORD00003057,2025-08-11,Wire,3718.68,Succeeded
PAY00003058,ORD00003058,2025-04-08,Wire,2163.77,Succeeded
PAY00003059,ORD00003059,2025-02-05,Wire,2204.51,Succeeded
PAY00003060,ORD00003060,2025-09-07,Card,1393.09,Succeeded
PAY00003061,ORD00003061,2024-10-10,ACH,5162.43,Succeeded
PAY00003062,ORD00003062,2024-11-02,Card,872.89,Succeeded
PAY00003064,ORD00003064,2024-03-15,Card,1552.35,Succeeded
PAY00003065,ORD00003065,2025-04-28,Wire,3458.55,Succeeded
PAY00003066,ORD00003066,2025-01-08,ACH,521.21,Succeeded
PAY00003067,ORD00003067,2024-01-24,ACH,3007.59,Succeeded
PAY00003068,ORD00003068,2024-03-21,ACH,5085.83,Succeeded
PAY00003069,ORD00003069,2025-09-18,PayPal,4537.68,Succeeded
PAY00003070,ORD00003070,2024-05-24,ACH,5510.52,Succeeded
PAY00003071,ORD00003071,2026-01-24,Wire,6967.1,Succeeded
PAY00003072,ORD00003072,2026-02-07,ACH,3031.32,Succeeded
PAY00003073,ORD00003073,2025-10-04,ACH,3657.95,Succeeded
PAY00003075,ORD00003075,2025-09-24,Card,4198.37,Succeeded
PAY00003076,ORD00003076,2024-12-27,PayPal,1570.21,Succeeded
PAY00003077,ORD00003077,2026-02-08,PayPal,4508.95,Succeeded
PAY00003078,ORD00003078,2025-06-06,Card,5961.5,Succeeded
PAY00003079,ORD00003079,2024-08-29,Card,3312.69,Succeeded
PAY00003080,ORD00003080,2025-09-04,Wire,3147.35,Succeeded
PAY00003081,ORD00003081,2025-12-16,PayPal,2625.98,Succeeded
PAY00003082,ORD00003082,2025-09-28,Wire,3902.33,Succeeded
PAY00003083,ORD00003083,2025-07-27,PayPal,5222.65,Succeeded
PAY00003084,ORD00003084,2025-04-08,Wire,5684.07,Succeeded
PAY00003085,ORD00003085,2025-04-06,Card,6445.18,Succeeded
PAY00003086,ORD00003086,2025-10-11,Wire,6996.3,Succeeded
PAY00003087,ORD00003087,2024-06-09,Wire,416.44,Succeeded
PAY00003088,ORD00003088,2026-01-26,PayPal,1548.53,Succeeded
PAY00003089,ORD00003089,2025-07-02,ACH,3858.03,Succeeded
PAY00003090,ORD00003090,2024-05-09,Card,1871.69,Succeeded
PAY00003091,ORD00003091,2024-02-01,Wire,768.75,Succeeded
PAY00003092,ORD00003092,2024-10-18,Card,6008.98,Succeeded
PAY00003093,ORD00003093,2024-08-30,ACH,5534.39,Succeeded
PAY00003094,ORD00003094,2025-07-10,PayPal,6211.6,Succeeded
PAY00003095,ORD00003095,2024-04-21,Wire,851.89,Succeeded
PAY00003097,ORD00003097,2024-12-16,Wire,8587.03,Succeeded
PAY00003098,ORD00003098,2025-01-17,Card,2798.92,Succeeded
PAY00003099,ORD00003099,2024-10-03,PayPal,3886.54,Succeeded
PAY00003100,ORD00003100,2026-02-23,Wire,1026.44,Succeeded
PAY00003101,ORD00003101,2024-10-18,Card,380.3,Succeeded
PAY00003103,ORD00003103,2026-01-10,ACH,8341.48,Succeeded
PAY00003104,ORD00003104,2024-01-31,ACH,4504.62,Succeeded
PAY00003105,ORD00003105,2025-01-29,Card,646.29,Succeeded
PAY00003106,ORD00003106,2025-11-21,PayPal,1460.16,Succeeded
PAY00003107,ORD00003107,2026-02-03,ACH,3025.15,Succeeded
PAY00003108,ORD00003108,2024-12-31,ACH,4134.76,Succeeded
PAY00003109,ORD00003109,2025-08-11,Card,299.54,Succeeded
PAY00003110,ORD00003110,2025-02-25,Wire,2713.04,Succeeded
PAY00003111,ORD00003111,2026-01-31,ACH,3824.06,Succeeded
PAY00003112,ORD00003112,2024-10-11,ACH,856.27,Succeeded
PAY00003114,ORD00003114,2025-07-31,PayPal,5994.14,Succeeded
PAY00003115,ORD00003115,2025-06-22,Wire,3561.28,Failed
PAY00003116,ORD00003116,2025-11-18,Card,4306.86,Succeeded
PAY00003117,ORD00003117,2026-01-02,PayPal,866.3,Succeeded
PAY00003118,ORD00003118,2024-07-19,ACH,5353.16,Succeeded
PAY00003119,ORD00003119,2024-08-29,ACH,4470.31,Pending
PAY00003120,ORD00003120,2025-02-26,Card,1110.24,Succeeded
PAY00003122,ORD00003122,2025-03-18,Wire,214.43,Succeeded
PAY00003123,ORD00003123,2025-03-29,PayPal,1438.63,Succeeded
PAY00003124,ORD00003124,2025-08-02,PayPal,2468.55,Succeeded
PAY00003125,ORD00003125,2025-03-24,PayPal,3654.77,Succeeded
PAY00003126,ORD00003126,2025-04-24,Card,2622.11,Succeeded
PAY00003127,ORD00003127,2024-10-01,Wire,5321.1,Succeeded
PAY00003128,ORD00003128,2025-01-19,PayPal,2081.69,Succeeded
PAY00003129,ORD00003129,2025-10-07,Card,6391.73,Succeeded
PAY00003130,ORD00003130,2025-10-30,Wire,1766.1,Succeeded
PAY00003132,ORD00003132,2024-04-22,PayPal,1492.67,Succeeded
PAY00003133,ORD00003133,2024-02-09,ACH,3212.34,Succeeded
PAY00003134,ORD00003134,2024-01-16,PayPal,1811.85,Succeeded
PAY00003135,ORD00003135,2025-04-16,PayPal,2896.78,Succeeded
PAY00003136,ORD00003136,2025-07-04,PayPal,4879.85,Succeeded
PAY00003137,ORD00003137,2025-01-31,Wire,1632.45,Succeeded
PAY00003138,ORD00003138,2024-05-09,PayPal,5937.11,Succeeded
PAY00003139,ORD00003139,2025-04-22,PayPal,1994.81,Succeeded
PAY00003140,ORD00003140,2024-12-06,ACH,290.79,Succeeded
PAY00003141,ORD00003141,2024-12-15,PayPal,3205.47,Succeeded
PAY00003142,ORD00003142,2025-12-29,ACH,7044.48,Succeeded
PAY00003143,ORD00003143,2024-07-22,ACH,3320.49,Succeeded
PAY00003144,ORD00003144,2025-12-24,ACH,6041.77,Succeeded
PAY00003145,ORD00003145,2024-07-06,Wire,2540.75,Succeeded
PAY00003146,ORD00003146,2024-01-27,ACH,4576.65,Pending
PAY00003147,ORD00003147,2024-04-26,Wire,3554.29,Succeeded
PAY00003148,ORD00003148,2025-08-29,Wire,3518.69,Succeeded
PAY00003149,ORD00003149,2024-12-14,PayPal,8630.09,Succeeded
PAY00003150,ORD00003150,2026-02-19,Card,5072.86,Succeeded
PAY00003151,ORD00003151,2024-01-14,PayPal,3071.32,Succeeded
PAY00003154,ORD00003154,2024-09-12,ACH,7187.92,Succeeded
PAY00003155,ORD00003155,2024-05-01,Card,3320.85,Succeeded
PAY00003156,ORD00003156,2025-09-12,Wire,7455.35,Succeeded
PAY00003157,ORD00003157,2025-08-27,ACH,2815.23,Succeeded
PAY00003158,ORD00003158,2024-05-26,ACH,3361.7,Succeeded
PAY00003159,ORD00003159,2024-11-01,Wire,782.69,Succeeded
PAY00003160,ORD00003160,2025-02-09,ACH,2307.3,Succeeded
PAY00003161,ORD00003161,2025-01-15,ACH,2789.43,Succeeded
PAY00003162,ORD00003162,2024-02-03,Card,2032.62,Succeeded
PAY00003163,ORD00003163,2025-12-14,ACH,702.88,Succeeded
PAY00003164,ORD00003164,2024-10-10,PayPal,2999.32,Succeeded
PAY00003165,ORD00003165,2025-09-12,PayPal,4122.06,Succeeded
PAY00003166,ORD00003166,2025-02-07,Wire,2727.31,Succeeded
PAY00003167,ORD00003167,2025-06-30,PayPal,6472.67,Succeeded
PAY00003168,ORD00003168,2025-05-11,PayPal,1496.86,Succeeded
PAY00003169,ORD00003169,2025-05-12,Card,4601.52,Succeeded
PAY00003171,ORD00003171,2024-08-18,Wire,1101.54,Succeeded
PAY00003172,ORD00003172,2025-08-21,Wire,3703.7,Succeeded
PAY00003173,ORD00003173,2025-01-17,ACH,4368.17,Succeeded
PAY00003174,ORD00003174,2025-03-16,Card,5009.29,Succeeded
PAY00003175,ORD00003175,2025-10-28,PayPal,2720.3,Succeeded
PAY00003177,ORD00003177,2026-01-15,ACH,4957.74,Succeeded
PAY00003178,ORD00003178,2024-04-22,PayPal,2900.64,Pending
PAY00003179,ORD00003179,2025-09-25,Card,1765.43,Succeeded
PAY00003180,ORD00003180,2025-04-25,ACH,2478.24,Succeeded
PAY00003181,ORD00003181,2024-09-29,ACH,1931.96,Succeeded
PAY00003182,ORD00003182,2025-01-18,Wire,4114.93,Succeeded
PAY00003183,ORD00003183,2025-09-09,ACH,3121.07,Succeeded
PAY00003185,ORD00003185,2024-09-25,PayPal,4653.53,Succeeded
PAY00003186,ORD00003186,2025-10-28,Wire,4438.3,Succeeded
PAY00003187,ORD00003187,2024-12-23,Card,4924.83,Succeeded
PAY00003188,ORD00003188,2024-02-16,Card,6692.56,Succeeded
PAY00003189,ORD00003189,2024-08-18,Wire,4528.46,Succeeded
PAY00003190,ORD00003190,2025-10-20,Wire,5830.47,Succeeded
PAY00003191,ORD00003191,2025-11-27,Card,1276.06,Succeeded
PAY00003192,ORD00003192,2025-08-09,Card,4413.1,Succeeded
PAY00003193,ORD00003193,2025-04-04,PayPal,1908.91,Succeeded
PAY00003194,ORD00003194,2024-12-28,PayPal,3571.41,Succeeded
PAY00003195,ORD00003195,2024-02-19,ACH,935.61,Succeeded
PAY00003196,ORD00003196,2024-05-10,Wire,2137.29,Succeeded
PAY00003197,ORD00003197,2024-06-14,Card,2169.31,Succeeded
PAY00003198,ORD00003198,2024-11-09,PayPal,3501.91,Succeeded
PAY00003199,ORD00003199,2024-05-30,ACH,3402.23,Succeeded
PAY00003201,ORD00003201,2024-09-27,Card,1044.7,Succeeded
PAY00003202,ORD00003202,2024-09-07,PayPal,4623.81,Succeeded
PAY00003203,ORD00003203,2025-07-31,Wire,694.91,Succeeded
PAY00003204,ORD00003204,2024-10-12,Card,4454.27,Succeeded
PAY00003205,ORD00003205,2024-02-25,ACH,5999.54,Succeeded
PAY00003206,ORD00003206,2026-02-15,PayPal,925.9,Succeeded
PAY00003207,ORD00003207,2024-02-08,Card,5667.48,Succeeded
PAY00003208,ORD00003208,2025-05-20,Card,887.1,Succeeded
PAY00003209,ORD00003209,2024-09-27,Wire,2223.67,Succeeded
PAY00003210,ORD00003210,2025-07-11,Card,2337.42,Succeeded
PAY00003211,ORD00003211,2024-01-27,PayPal,1190.17,Succeeded
PAY00003212,ORD00003212,2025-02-03,Wire,5488.69,Succeeded
PAY00003213,ORD00003213,2025-06-22,PayPal,2401.94,Succeeded
PAY00003214,ORD00003214,2025-11-23,ACH,518.57,Pending
PAY00003215,ORD00003215,2025-12-21,Wire,5085.2,Succeeded
PAY00003216,ORD00003216,2025-10-20,Wire,4455.15,Succeeded
PAY00003217,ORD00003217,2024-08-12,Wire,5310.39,Succeeded
PAY00003218,ORD00003218,2025-05-15,Wire,5761.38,Succeeded
PAY00003219,ORD00003219,2025-08-09,Wire,5081.98,Succeeded
PAY00003220,ORD00003220,2025-06-05,ACH,796.95,Succeeded
PAY00003221,ORD00003221,2024-04-21,Card,5605.97,Succeeded
PAY00003222,ORD00003222,2024-08-10,PayPal,2079.56,Succeeded
PAY00003223,ORD00003223,2026-01-29,Card,2830.12,Succeeded
PAY00003224,ORD00003224,2024-09-04,PayPal,2299.06,Succeeded
PAY00003225,ORD00003225,2024-04-06,ACH,6345.41,Succeeded
PAY00003226,ORD00003226,2025-05-04,Card,2507.69,Succeeded
PAY00003227,ORD00003227,2024-01-05,Card,2341.25,Succeeded
PAY00003228,ORD00003228,2024-05-24,Card,4112.35,Succeeded
PAY00003229,ORD00003229,2024-05-06,PayPal,2117.48,Succeeded
PAY00003230,ORD00003230,2025-07-05,Card,1064.74,Succeeded
PAY00003231,ORD00003231,2024-10-17,Card,3780.36,Succeeded
PAY00003232,ORD00003232,2025-08-01,PayPal,2320.06,Succeeded
PAY00003233,ORD00003233,2025-09-09,ACH,3789.24,Succeeded
PAY00003234,ORD00003234,2024-03-02,ACH,4658.09,Succeeded
PAY00003235,ORD00003235,2024-04-07,ACH,4858.88,Succeeded
PAY00003236,ORD00003236,2025-11-04,Wire,2280.59,Succeeded
PAY00003237,ORD00003237,2024-02-08,ACH,2542.34,Succeeded
PAY00003238,ORD00003238,2024-07-16,ACH,3332.76,Pending
PAY00003239,ORD00003239,2024-07-06,ACH,2640.43,Succeeded
PAY00003240,ORD00003240,2025-11-16,PayPal,4035.04,Succeeded
PAY00003241,ORD00003241,2024-04-11,Wire,2444.54,Succeeded
PAY00003242,ORD00003242,2025-06-24,Card,5759.85,Succeeded
PAY00003243,ORD00003243,2024-06-08,PayPal,1117.54,Succeeded
PAY00003244,ORD00003244,2025-12-22,Wire,8643.57,Succeeded
PAY00003245,ORD00003245,2026-01-20,Card,4969.14,Succeeded
PAY00003246,ORD00003246,2025-06-10,Wire,5881.93,Succeeded
PAY00003247,ORD00003247,2025-06-13,ACH,84.9,Succeeded
PAY00003248,ORD00003248,2025-12-27,Card,7694.56,Succeeded
PAY00003249,ORD00003249,2024-10-03,ACH,2844.82,Succeeded
PAY00003250,ORD00003250,2024-02-29,PayPal,203.88,Pending
PAY00003251,ORD00003251,2026-01-27,ACH,2095.4,Succeeded
PAY00003252,ORD00003252,2025-09-01,ACH,5189.57,Succeeded
PAY00003253,ORD00003253,2026-01-07,Wire,2046.97,Succeeded
PAY00003254,ORD00003254,2026-02-18,ACH,1600.81,Succeeded
PAY00003255,ORD00003255,2025-03-04,Wire,2938.64,Succeeded
PAY00003256,ORD00003256,2024-05-30,ACH,1094.51,Succeeded
PAY00003257,ORD00003257,2026-02-11,PayPal,7327.8,Succeeded
PAY00003258,ORD00003258,2026-01-25,Card,7025.68,Succeeded
PAY00003259,ORD00003259,2024-05-30,PayPal,2630.39,Succeeded
PAY00003260,ORD00003260,2024-02-18,PayPal,841.54,Succeeded
PAY00003261,ORD00003261,2024-03-05,Card,4505.11,Succeeded
PAY00003262,ORD00003262,2024-02-02,PayPal,2204.16,Succeeded
PAY00003263,ORD00003263,2024-07-10,Wire,2064.0,Succeeded
PAY00003264,ORD00003264,2024-06-13,Card,6390.86,Succeeded
PAY00003265,ORD00003265,2026-01-21,ACH,2134.97,Succeeded
PAY00003266,ORD00003266,2025-08-06,ACH,5006.06,Succeeded
PAY00003267,ORD00003267,2024-11-03,Card,3974.04,Succeeded
PAY00003268,ORD00003268,2025-10-30,Wire,9048.06,Succeeded
PAY00003269,ORD00003269,2025-04-30,ACH,7059.89,Succeeded
PAY00003270,ORD00003270,2024-12-26,ACH,3806.06,Succeeded
PAY00003271,ORD00003271,2025-01-06,Wire,1285.91,Succeeded
PAY00003272,ORD00003272,2024-10-22,Card,914.79,Succeeded
PAY00003273,ORD00003273,2024-07-11,ACH,5407.77,Succeeded
PAY00003274,ORD00003274,2024-06-23,ACH,1671.23,Succeeded
PAY00003275,ORD00003275,2026-02-15,PayPal,2698.82,Succeeded
PAY00003276,ORD00003276,2024-01-24,Card,5106.44,Succeeded
PAY00003277,ORD00003277,2024-12-21,Wire,5390.36,Succeeded
PAY00003278,ORD00003278,2025-04-02,Card,4449.9,Succeeded
PAY00003279,ORD00003279,2025-09-30,Card,7948.65,Succeeded
PAY00003280,ORD00003280,2025-11-04,Card,6038.13,Succeeded
PAY00003281,ORD00003281,2024-05-05,Card,6255.98,Succeeded
PAY00003282,ORD00003282,2025-08-17,Wire,495.64,Succeeded
PAY00003283,ORD00003283,2024-06-23,PayPal,3356.64,Succeeded
PAY00003284,ORD00003284,2024-05-16,Card,675.63,Succeeded
PAY00003285,ORD00003285,2024-01-16,Card,1046.05,Succeeded
PAY00003286,ORD00003286,2025-12-28,PayPal,2908.6,Succeeded
PAY00003287,ORD00003287,2025-03-12,Card,687.18,Succeeded
PAY00003288,ORD00003288,2024-11-07,PayPal,1473.84,Succeeded
PAY00003289,ORD00003289,2024-03-16,PayPal,440.56,Succeeded
PAY00003290,ORD00003290,2025-04-15,PayPal,7370.14,Succeeded
PAY00003291,ORD00003291,2025-05-02,Card,905.28,Succeeded
PAY00003292,ORD00003292,2024-04-10,Card,4526.27,Succeeded
PAY00003293,ORD00003293,2025-01-05,PayPal,1784.13,Pending
PAY00003294,ORD00003294,2024-03-16,Wire,737.5,Succeeded
PAY00003295,ORD00003295,2025-11-23,ACH,3587.42,Succeeded
PAY00003296,ORD00003296,2025-12-24,PayPal,3039.79,Succeeded
PAY00003297,ORD00003297,2024-01-10,Card,1429.86,Succeeded
PAY00003298,ORD00003298,2025-03-16,Card,4607.8,Succeeded
PAY00003299,ORD00003299,2025-04-03,Wire,1190.44,Succeeded
PAY00003300,ORD00003300,2024-10-25,ACH,3320.38,Succeeded
PAY00003301,ORD00003301,2024-09-04,Card,8663.45,Succeeded
PAY00003302,ORD00003302,2025-02-20,ACH,3412.79,Succeeded
PAY00003303,ORD00003303,2024-05-30,Wire,3608.55,Succeeded
PAY00003304,ORD00003304,2024-11-26,ACH,1474.91,Succeeded
PAY00003305,ORD00003305,2024-09-25,ACH,6275.69,Failed
PAY00003306,ORD00003306,2024-06-12,Card,635.02,Succeeded
PAY00003307,ORD00003307,2024-12-01,ACH,3891.42,Succeeded
PAY00003308,ORD00003308,2024-05-28,Card,8557.94,Succeeded
PAY00003309,ORD00003309,2025-12-23,Card,2168.7,Succeeded
PAY00003310,ORD00003310,2024-02-28,ACH,565.68,Succeeded
PAY00003311,ORD00003311,2024-05-16,Card,1463.48,Succeeded
PAY00003312,ORD00003312,2025-02-05,ACH,1516.28,Succeeded
PAY00003313,ORD00003313,2024-02-12,Card,6837.62,Succeeded
PAY00003315,ORD00003315,2025-02-10,PayPal,1985.38,Succeeded
PAY00003316,ORD00003316,2024-04-24,Wire,5981.18,Succeeded
PAY00003317,ORD00003317,2025-10-24,Wire,7160.69,Succeeded
PAY00003318,ORD00003318,2024-03-09,Card,4156.28,Succeeded
PAY00003319,ORD00003319,2025-03-06,Card,5764.73,Succeeded
PAY00003320,ORD00003320,2024-12-23,Card,6120.51,Succeeded
PAY00003321,ORD00003321,2025-09-11,ACH,743.57,Succeeded
PAY00003322,ORD00003322,2024-07-28,Card,1811.59,Succeeded
PAY00003323,ORD00003323,2025-01-18,Card,9565.83,Succeeded
PAY00003324,ORD00003324,2024-01-06,ACH,1390.91,Succeeded
PAY00003325,ORD00003325,2025-11-10,PayPal,1704.03,Succeeded
PAY00003326,ORD00003326,2024-12-01,PayPal,373.21,Succeeded
PAY00003328,ORD00003328,2024-12-27,PayPal,2689.13,Succeeded
PAY00003329,ORD00003329,2024-07-18,ACH,214.18,Succeeded
PAY00003330,ORD00003330,2026-01-27,Card,4003.75,Succeeded
PAY00003331,ORD00003331,2025-10-14,Card,2285.96,Succeeded
PAY00003332,ORD00003332,2025-08-19,ACH,7220.12,Succeeded
PAY00003333,ORD00003333,2025-05-26,Card,4187.95,Succeeded
PAY00003334,ORD00003334,2025-05-14,PayPal,6038.47,Succeeded
PAY00003335,ORD00003335,2025-03-10,Card,2448.87,Succeeded
PAY00003336,ORD00003336,2025-11-09,Card,1675.57,Succeeded
PAY00003337,ORD00003337,2025-06-03,Card,2945.56,Succeeded
PAY00003338,ORD00003338,2025-08-22,PayPal,1809.12,Succeeded
PAY00003340,ORD00003340,2024-11-03,ACH,1817.82,Failed
PAY00003341,ORD00003341,2025-05-16,PayPal,4036.09,Succeeded
PAY00003342,ORD00003342,2026-01-17,ACH,2930.83,Succeeded
PAY00003343,ORD00003343,2024-07-27,Wire,3842.05,Succeeded
PAY00003345,ORD00003345,2025-12-22,Card,3049.76,Succeeded
PAY00003346,ORD00003346,2025-03-26,PayPal,1539.25,Succeeded
PAY00003347,ORD00003347,2024-12-26,PayPal,6163.64,Succeeded
PAY00003348,ORD00003348,2026-03-02,Card,1070.91,Succeeded
PAY00003349,ORD00003349,2025-05-11,Wire,7222.43,Succeeded
PAY00003350,ORD00003350,2024-08-17,ACH,10559.1,Succeeded
PAY00003351,ORD00003351,2025-05-22,Card,3761.21,Succeeded
PAY00003352,ORD00003352,2025-11-16,ACH,8114.13,Succeeded
PAY00003353,ORD00003353,2025-09-12,Wire,5394.63,Succeeded
PAY00003355,ORD00003355,2025-01-03,Card,5948.59,Succeeded
PAY00003356,ORD00003356,2024-04-16,Wire,6709.46,Pending
PAY00003357,ORD00003357,2025-07-29,ACH,1416.8,Succeeded
PAY00003358,ORD00003358,2025-10-12,ACH,2558.06,Succeeded
PAY00003359,ORD00003359,2025-11-17,PayPal,5256.55,Succeeded
PAY00003360,ORD00003360,2025-02-21,PayPal,1567.39,Succeeded
PAY00003361,ORD00003361,2024-04-17,Card,1205.79,Succeeded
PAY00003362,ORD00003362,2024-09-20,Wire,388.24,Succeeded
PAY00003364,ORD00003364,2026-01-22,PayPal,953.2,Succeeded
PAY00003365,ORD00003365,2025-09-09,PayPal,2991.66,Succeeded
PAY00003366,ORD00003366,2025-10-15,PayPal,5037.15,Succeeded
PAY00003368,ORD00003368,2025-06-25,PayPal,9460.16,Failed
PAY00003369,ORD00003369,2025-11-09,ACH,860.7,Succeeded
PAY00003370,ORD00003370,2026-01-27,ACH,3993.16,Succeeded
PAY00003371,ORD00003371,2025-08-19,Card,7308.98,Succeeded
PAY00003372,ORD00003372,2024-10-12,Card,3408.41,Succeeded
PAY00003374,ORD00003374,2025-03-31,Wire,3375.1,Succeeded
PAY00003375,ORD00003375,2025-03-09,Wire,5765.71,Succeeded
PAY00003376,ORD00003376,2024-06-17,Card,4115.88,Succeeded
PAY00003377,ORD00003377,2025-12-18,Wire,3479.62,Succeeded
PAY00003378,ORD00003378,2024-08-14,ACH,5476.94,Succeeded
PAY00003379,ORD00003379,2024-04-02,Wire,3281.32,Succeeded
PAY00003380,ORD00003380,2024-12-26,ACH,5370.13,Pending
PAY00003381,ORD00003381,2025-01-05,PayPal,290.54,Succeeded
PAY00003382,ORD00003382,2025-07-26,ACH,590.72,Succeeded
PAY00003384,ORD00003384,2024-12-22,ACH,2719.93,Succeeded
PAY00003385,ORD00003385,2024-07-01,ACH,1085.42,Succeeded
PAY00003386,ORD00003386,2024-10-16,ACH,2950.2,Succeeded
PAY00003387,ORD00003387,2024-09-20,PayPal,4891.69,Succeeded
PAY00003388,ORD00003388,2024-03-07,Wire,1801.01,Failed
PAY00003389,ORD00003389,2025-01-28,ACH,3630.35,Succeeded
PAY00003390,ORD00003390,2025-08-05,ACH,59.84,Succeeded
PAY00003391,ORD00003391,2026-02-25,ACH,5755.65,Succeeded
PAY00003392,ORD00003392,2024-02-29,Card,3889.0,Pending
PAY00003393,ORD00003393,2025-04-06,Card,3554.49,Succeeded
PAY00003394,ORD00003394,2025-09-29,PayPal,56.3,Pending
PAY00003395,ORD00003395,2026-01-31,ACH,1161.72,Succeeded
PAY00003397,ORD00003397,2025-11-08,ACH,1968.96,Succeeded
PAY00003398,ORD00003398,2024-05-14,ACH,3898.75,Succeeded
PAY00003399,ORD00003399,2025-02-12,Wire,2120.05,Succeeded
PAY00003400,ORD00003400,2024-07-10,PayPal,2160.82,Succeeded
PAY00003401,ORD00003401,2025-10-01,Card,334.16,Succeeded
PAY00003402,ORD00003402,2025-01-10,ACH,227.59,Succeeded
PAY00003403,ORD00003403,2024-08-09,Wire,3252.72,Succeeded
PAY00003404,ORD00003404,2025-02-15,Wire,620.08,Succeeded
PAY00003405,ORD00003405,2024-05-30,Card,1684.47,Succeeded
PAY00003406,ORD00003406,2025-06-24,Wire,4366.34,Succeeded
PAY00003407,ORD00003407,2024-12-19,Card,2575.83,Succeeded
PAY00003408,ORD00003408,2025-05-01,PayPal,1650.84,Succeeded
PAY00003409,ORD00003409,2026-02-09,Wire,8808.83,Succeeded
PAY00003410,ORD00003410,2024-06-20,Card,6158.25,Succeeded
PAY00003411,ORD00003411,2024-09-04,ACH,7086.31,Succeeded
PAY00003412,ORD00003412,2024-09-27,ACH,3905.44,Succeeded
PAY00003413,ORD00003413,2025-09-24,ACH,3880.57,Succeeded
PAY00003414,ORD00003414,2024-08-29,Wire,1115.44,Succeeded
PAY00003415,ORD00003415,2025-11-03,Card,668.26,Succeeded
PAY00003416,ORD00003416,2024-12-16,Card,6743.91,Succeeded
PAY00003417,ORD00003417,2025-09-04,Wire,2986.45,Succeeded
PAY00003418,ORD00003418,2024-01-11,Card,3716.47,Succeeded
PAY00003419,ORD00003419,2025-02-20,ACH,6028.69,Succeeded
PAY00003420,ORD00003420,2024-03-07,Card,2839.08,Succeeded
PAY00003422,ORD00003422,2024-03-12,Wire,6555.41,Succeeded
PAY00003423,ORD00003423,2024-05-02,Card,4744.63,Succeeded
PAY00003425,ORD00003425,2024-11-14,ACH,215.46,Succeeded
PAY00003426,ORD00003426,2024-06-02,Wire,1453.96,Succeeded
PAY00003427,ORD00003427,2024-05-11,Card,7068.96,Succeeded
PAY00003428,ORD00003428,2024-08-21,Card,6111.61,Succeeded
PAY00003429,ORD00003429,2024-01-02,PayPal,2783.87,Succeeded
PAY00003430,ORD00003430,2025-09-18,PayPal,1458.32,Succeeded
PAY00003431,ORD00003431,2025-07-13,ACH,4249.31,Succeeded
PAY00003432,ORD00003432,2025-01-11,ACH,4798.09,Succeeded
PAY00003433,ORD00003433,2025-08-13,ACH,2483.42,Succeeded
PAY00003435,ORD00003435,2024-02-10,PayPal,6934.9,Succeeded
PAY00003436,ORD00003436,2024-09-24,Card,5054.1,Succeeded
PAY00003437,ORD00003437,2025-04-24,ACH,4517.21,Succeeded
PAY00003438,ORD00003438,2024-07-10,Card,2741.29,Succeeded
PAY00003439,ORD00003439,2025-04-09,Card,1404.72,Succeeded
PAY00003440,ORD00003440,2024-01-21,Card,2636.69,Succeeded
PAY00003441,ORD00003441,2025-02-11,Card,3096.76,Succeeded
PAY00003442,ORD00003442,2026-02-27,PayPal,2635.98,Succeeded
PAY00003443,ORD00003443,2025-02-02,Card,4608.56,Succeeded
PAY00003444,ORD00003444,2025-09-11,ACH,5380.95,Succeeded
PAY00003445,ORD00003445,2025-01-04,PayPal,338.56,Succeeded
PAY00003446,ORD00003446,2025-05-10,ACH,5656.05,Succeeded
PAY00003447,ORD00003447,2024-04-18,Wire,708.17,Succeeded
PAY00003448,ORD00003448,2024-03-25,Card,5099.69,Succeeded
PAY00003449,ORD00003449,2024-06-19,Card,3116.41,Succeeded
PAY00003450,ORD00003450,2024-12-18,PayPal,680.16,Succeeded
PAY00003451,ORD00003451,2025-04-24,ACH,1645.8,Succeeded
PAY00003453,ORD00003453,2025-08-12,Wire,8609.09,Succeeded
PAY00003454,ORD00003454,2024-03-27,ACH,5204.49,Succeeded
PAY00003455,ORD00003455,2024-11-18,ACH,391.67,Succeeded
PAY00003456,ORD00003456,2025-01-14,Wire,5046.15,Succeeded
PAY00003457,ORD00003457,2024-10-02,Wire,5709.03,Succeeded
PAY00003458,ORD00003458,2025-03-07,PayPal,2295.21,Succeeded
PAY00003459,ORD00003459,2025-01-22,ACH,1662.34,Succeeded
PAY00003460,ORD00003460,2025-01-27,ACH,2956.76,Succeeded
PAY00003461,ORD00003461,2026-02-26,PayPal,5417.96,Succeeded
PAY00003462,ORD00003462,2025-03-25,Wire,1395.2,Succeeded
PAY00003463,ORD00003463,2024-03-19,ACH,2117.94,Succeeded
PAY00003464,ORD00003464,2025-09-10,Wire,2926.25,Succeeded
PAY00003466,ORD00003466,2025-04-05,Wire,8790.59,Succeeded
PAY00003467,ORD00003467,2025-06-13,PayPal,2202.1,Succeeded
PAY00003468,ORD00003468,2025-08-21,Card,2821.32,Succeeded
PAY00003469,ORD00003469,2025-08-14,Wire,2318.83,Succeeded
PAY00003470,ORD00003470,2025-11-01,PayPal,2072.92,Succeeded
PAY00003471,ORD00003471,2024-02-03,Wire,4228.34,Succeeded
PAY00003472,ORD00003472,2024-10-26,PayPal,8215.02,Succeeded
PAY00003473,ORD00003473,2024-01-11,PayPal,1673.8,Succeeded
PAY00003474,ORD00003474,2025-12-16,ACH,152.55,Succeeded
PAY00003475,ORD00003475,2024-05-21,PayPal,6547.06,Succeeded
PAY00003476,ORD00003476,2026-01-09,Wire,4006.57,Failed
PAY00003477,ORD00003477,2024-08-22,Card,4145.48,Pending
PAY00003478,ORD00003478,2025-02-21,Wire,196.68,Succeeded
PAY00003479,ORD00003479,2024-01-15,Card,1545.84,Succeeded
PAY00003480,ORD00003480,2025-09-22,ACH,1710.38,Succeeded
PAY00003481,ORD00003481,2025-05-29,PayPal,400.25,Succeeded
PAY00003482,ORD00003482,2025-01-16,Card,2226.14,Succeeded
PAY00003483,ORD00003483,2025-06-08,Wire,6558.31,Succeeded
PAY00003484,ORD00003484,2024-08-18,Card,7197.69,Succeeded
PAY00003485,ORD00003485,2024-05-08,Wire,6046.48,Succeeded
PAY00003486,ORD00003486,2024-03-18,Card,2463.17,Succeeded
PAY00003488,ORD00003488,2024-03-29,Card,447.35,Succeeded
PAY00003489,ORD00003489,2025-05-12,PayPal,3927.96,Succeeded
PAY00003490,ORD00003490,2025-10-11,Wire,2013.47,Succeeded
PAY00003491,ORD00003491,2024-07-15,Card,8815.25,Pending
PAY00003492,ORD00003492,2025-10-28,Card,1837.84,Succeeded
PAY00003493,ORD00003493,2025-01-14,PayPal,3366.47,Succeeded
PAY00003494,ORD00003494,2024-03-10,Card,1679.36,Succeeded
PAY00003495,ORD00003495,2024-11-08,Card,5476.7,Succeeded
PAY00003496,ORD00003496,2024-08-25,Wire,622.27,Succeeded
PAY00003498,ORD00003498,2024-08-12,Wire,3171.24,Succeeded
PAY00003499,ORD00003499,2024-08-20,ACH,6174.42,Succeeded
PAY00003501,ORD00003501,2026-02-26,PayPal,75.68,Succeeded
PAY00003502,ORD00003502,2024-01-17,ACH,4441.66,Succeeded
PAY00003503,ORD00003503,2025-11-02,ACH,2927.42,Succeeded
PAY00003504,ORD00003504,2024-03-16,Wire,2064.54,Succeeded
PAY00003506,ORD00003506,2025-09-18,ACH,4400.94,Succeeded
PAY00003507,ORD00003507,2024-03-20,PayPal,3191.39,Succeeded
PAY00003508,ORD00003508,2024-05-13,Card,7209.79,Succeeded
PAY00003509,ORD00003509,2024-08-14,PayPal,1840.56,Succeeded
PAY00003511,ORD00003511,2025-10-22,PayPal,1834.83,Succeeded
PAY00003512,ORD00003512,2025-12-24,Card,2428.92,Succeeded
PAY00003513,ORD00003513,2025-02-02,PayPal,6066.89,Succeeded
PAY00003514,ORD00003514,2026-01-27,Wire,1319.81,Pending
PAY00003515,ORD00003515,2024-12-31,Wire,1653.21,Succeeded
PAY00003516,ORD00003516,2025-06-14,PayPal,2066.25,Succeeded
PAY00003517,ORD00003517,2024-04-02,ACH,1598.74,Succeeded
PAY00003518,ORD00003518,2024-11-18,ACH,3483.85,Succeeded
PAY00003519,ORD00003519,2025-10-22,Card,1691.02,Succeeded
PAY00003520,ORD00003520,2025-06-14,Card,6084.97,Succeeded
PAY00003521,ORD00003521,2025-09-10,PayPal,4595.36,Succeeded
PAY00003522,ORD00003522,2025-07-04,Wire,1621.21,Succeeded
PAY00003523,ORD00003523,2025-06-12,ACH,1820.51,Succeeded
PAY00003525,ORD00003525,2025-02-22,ACH,892.82,Succeeded
PAY00003526,ORD00003526,2025-01-21,Wire,990.58,Succeeded
PAY00003527,ORD00003527,2025-12-18,Wire,1662.13,Succeeded
PAY00003528,ORD00003528,2024-02-02,PayPal,4374.14,Succeeded
PAY00003529,ORD00003529,2025-02-11,Wire,1732.34,Succeeded
PAY00003530,ORD00003530,2024-04-18,PayPal,1692.8,Succeeded
PAY00003531,ORD00003531,2025-07-01,ACH,969.59,Succeeded
PAY00003532,ORD00003532,2024-11-18,Card,840.96,Succeeded
PAY00003533,ORD00003533,2024-07-27,Card,3138.33,Succeeded
PAY00003534,ORD00003534,2024-05-06,Card,4104.93,Succeeded
PAY00003535,ORD00003535,2025-10-17,ACH,3790.75,Succeeded
PAY00003536,ORD00003536,2025-06-18,PayPal,8324.92,Succeeded
PAY00003537,ORD00003537,2024-08-17,Wire,6500.98,Pending
PAY00003538,ORD00003538,2025-12-14,Card,7005.84,Succeeded
PAY00003539,ORD00003539,2025-08-11,Card,268.13,Succeeded
PAY00003540,ORD00003540,2024-12-14,Card,1654.45,Succeeded
PAY00003541,ORD00003541,2025-08-13,ACH,4596.12,Succeeded
PAY00003542,ORD00003542,2025-08-19,Card,157.26,Succeeded
PAY00003543,ORD00003543,2025-04-08,PayPal,758.53,Succeeded
PAY00003544,ORD00003544,2024-05-22,PayPal,2769.24,Succeeded
PAY00003545,ORD00003545,2026-02-16,ACH,359.48,Succeeded
PAY00003546,ORD00003546,2025-07-29,PayPal,5243.99,Succeeded
PAY00003547,ORD00003547,2025-07-21,Card,11234.37,Succeeded
PAY00003548,ORD00003548,2026-02-16,PayPal,3237.73,Succeeded
PAY00003549,ORD00003549,2024-02-01,Card,388.09,Succeeded
PAY00003550,ORD00003550,2026-03-02,Wire,4055.68,Succeeded
PAY00003552,ORD00003552,2024-09-30,PayPal,2085.18,Succeeded
PAY00003553,ORD00003553,2024-05-14,PayPal,5712.74,Succeeded
PAY00003554,ORD00003554,2026-02-26,ACH,4319.39,Succeeded
PAY00003555,ORD00003555,2025-02-09,Card,6810.26,Succeeded
PAY00003556,ORD00003556,2025-04-13,Wire,977.3,Succeeded
PAY00003557,ORD00003557,2024-10-30,ACH,1332.59,Succeeded
PAY00003558,ORD00003558,2025-04-16,Wire,3914.77,Succeeded
PAY00003559,ORD00003559,2025-07-29,PayPal,4340.74,Failed
PAY00003560,ORD00003560,2024-06-18,Wire,2512.2,Succeeded
PAY00003561,ORD00003561,2024-09-12,ACH,4747.28,Succeeded
PAY00003562,ORD00003562,2024-09-27,ACH,812.54,Succeeded
PAY00003563,ORD00003563,2024-09-10,Card,3187.33,Succeeded
PAY00003564,ORD00003564,2024-06-22,Card,2357.43,Failed
PAY00003565,ORD00003565,2024-10-23,ACH,4956.71,Succeeded
PAY00003566,ORD00003566,2025-05-20,ACH,6349.7,Succeeded
PAY00003567,ORD00003567,2026-02-04,Card,6249.73,Pending
PAY00003569,ORD00003569,2025-05-07,ACH,4127.32,Succeeded
PAY00003570,ORD00003570,2024-03-27,Wire,194.65,Succeeded
PAY00003571,ORD00003571,2025-01-11,ACH,4680.63,Succeeded
PAY00003572,ORD00003572,2025-09-24,Wire,6241.64,Succeeded
PAY00003573,ORD00003573,2024-09-16,PayPal,3617.37,Succeeded
PAY00003574,ORD00003574,2024-02-13,PayPal,11493.1,Succeeded
PAY00003576,ORD00003576,2024-12-05,Card,3659.03,Succeeded
PAY00003577,ORD00003577,2025-04-20,ACH,2078.45,Succeeded
PAY00003578,ORD00003578,2024-02-04,Wire,2316.12,Succeeded
PAY00003579,ORD00003579,2024-11-22,ACH,8378.22,Succeeded
PAY00003581,ORD00003581,2024-05-11,Wire,500.16,Succeeded
PAY00003582,ORD00003582,2024-10-14,Wire,4021.93,Succeeded
PAY00003583,ORD00003583,2026-03-03,Card,1545.49,Succeeded
PAY00003584,ORD00003584,2025-06-19,Card,3897.32,Succeeded
PAY00003585,ORD00003585,2025-08-08,ACH,2768.31,Succeeded
PAY00003586,ORD00003586,2024-08-31,ACH,4838.92,Pending
PAY00003587,ORD00003587,2025-08-28,Wire,3941.54,Succeeded
PAY00003588,ORD00003588,2024-04-27,ACH,6537.07,Succeeded
PAY00003589,ORD00003589,2024-08-25,ACH,7780.06,Succeeded
PAY00003590,ORD00003590,2024-04-30,PayPal,4788.34,Succeeded
PAY00003592,ORD00003592,2025-10-10,Card,5471.37,Succeeded
PAY00003593,ORD00003593,2025-09-13,ACH,905.82,Succeeded
PAY00003594,ORD00003594,2025-07-29,PayPal,2510.23,Succeeded
PAY00003595,ORD00003595,2025-06-07,ACH,4819.2,Succeeded
PAY00003596,ORD00003596,2026-02-25,Card,4653.25,Succeeded
PAY00003597,ORD00003597,2024-04-16,ACH,2566.63,Succeeded
PAY00003598,ORD00003598,2024-02-27,Card,4498.53,Succeeded
PAY00003599,ORD00003599,2024-07-27,ACH,4617.44,Succeeded
PAY00003600,ORD00003600,2025-09-12,Wire,3167.57,Succeeded
PAY00003601,ORD00003601,2024-06-03,ACH,5069.5,Succeeded
PAY00003602,ORD00003602,2025-04-17,Card,1878.15,Succeeded
PAY00003603,ORD00003603,2024-11-01,Wire,4872.15,Succeeded
PAY00003605,ORD00003605,2024-09-09,PayPal,6251.33,Succeeded
PAY00003607,ORD00003607,2024-08-21,ACH,841.25,Succeeded
PAY00003608,ORD00003608,2024-05-25,ACH,434.91,Pending
PAY00003609,ORD00003609,2024-04-03,PayPal,4080.02,Succeeded
PAY00003610,ORD00003610,2024-04-27,Card,1039.28,Succeeded
PAY00003611,ORD00003611,2024-12-11,Card,6002.94,Succeeded
PAY00003612,ORD00003612,2024-01-08,Wire,3324.36,Succeeded
PAY00003613,ORD00003613,2024-03-13,PayPal,5533.77,Succeeded
PAY00003615,ORD00003615,2024-03-12,PayPal,7829.94,Pending
PAY00003616,ORD00003616,2025-03-04,Wire,1352.43,Succeeded
PAY00003618,ORD00003618,2025-03-08,Card,8042.56,Succeeded
PAY00003619,ORD00003619,2025-01-29,Card,1173.72,Succeeded
PAY00003621,ORD00003621,2024-10-19,Wire,2499.07,Succeeded
PAY00003622,ORD00003622,2025-09-05,Card,1906.47,Succeeded
PAY00003623,ORD00003623,2024-09-24,ACH,155.1,Succeeded
PAY00003624,ORD00003624,2025-10-22,Wire,5871.09,Succeeded
PAY00003625,ORD00003625,2025-03-02,ACH,875.54,Succeeded
PAY00003626,ORD00003626,2025-05-23,Wire,306.63,Succeeded
PAY00003627,ORD00003627,2026-02-17,Wire,2615.41,Succeeded
PAY00003628,ORD00003628,2024-12-03,ACH,3131.21,Succeeded
PAY00003629,ORD00003629,2024-03-26,Wire,2699.02,Succeeded
PAY00003630,ORD00003630,2025-02-24,ACH,530.32,Succeeded
PAY00003631,ORD00003631,2024-06-17,ACH,1436.69,Succeeded
PAY00003632,ORD00003632,2025-01-12,ACH,4690.74,Succeeded
PAY00003633,ORD00003633,2024-09-25,ACH,1688.14,Succeeded
PAY00003634,ORD00003634,2025-08-25,Wire,8823.43,Succeeded
PAY00003635,ORD00003635,2025-08-18,PayPal,2792.84,Succeeded
PAY00003636,ORD00003636,2025-12-29,PayPal,11646.5,Succeeded
PAY00003637,ORD00003637,2024-11-15,Card,103.41,Succeeded
PAY00003638,ORD00003638,2025-09-21,PayPal,8303.93,Succeeded
PAY00003639,ORD00003639,2025-12-04,Card,1776.84,Succeeded
PAY00003640,ORD00003640,2024-02-01,ACH,571.09,Failed
PAY00003641,ORD00003641,2024-11-15,Card,2882.88,Succeeded
PAY00003642,ORD00003642,2024-09-18,PayPal,2904.24,Failed
PAY00003643,ORD00003643,2024-06-25,Wire,5806.16,Succeeded
PAY00003644,ORD00003644,2024-06-15,ACH,5455.44,Succeeded
PAY00003645,ORD00003645,2024-12-29,Card,4786.74,Succeeded
PAY00003647,ORD00003647,2025-05-23,PayPal,5594.71,Succeeded
PAY00003648,ORD00003648,2025-11-18,ACH,1841.22,Succeeded
PAY00003649,ORD00003649,2024-02-15,Card,6001.94,Pending
PAY00003650,ORD00003650,2025-01-04,PayPal,6317.45,Succeeded
PAY00003652,ORD00003652,2024-01-21,ACH,2156.34,Succeeded
PAY00003653,ORD00003653,2024-01-20,Wire,1673.63,Succeeded
PAY00003654,ORD00003654,2024-12-12,ACH,5681.43,Succeeded
PAY00003655,ORD00003655,2025-11-15,Card,2599.63,Succeeded
PAY00003656,ORD00003656,2024-01-19,PayPal,1325.35,Succeeded
PAY00003657,ORD00003657,2025-02-28,ACH,705.71,Succeeded
PAY00003658,ORD00003658,2024-04-26,PayPal,395.84,Succeeded
PAY00003659,ORD00003659,2025-04-02,PayPal,992.41,Succeeded
PAY00003660,ORD00003660,2025-11-12,Card,5047.54,Succeeded
PAY00003661,ORD00003661,2024-06-23,PayPal,7247.06,Succeeded
PAY00003662,ORD00003662,2025-11-03,PayPal,1845.12,Succeeded
PAY00003663,ORD00003663,2025-10-12,Card,5560.2,Pending
PAY00003664,ORD00003664,2025-02-17,Card,552.57,Succeeded
PAY00003665,ORD00003665,2025-01-31,PayPal,5252.58,Succeeded
PAY00003666,ORD00003666,2026-01-22,Wire,7433.34,Succeeded
PAY00003667,ORD00003667,2025-08-15,Wire,3707.37,Pending
PAY00003668,ORD00003668,2025-03-26,PayPal,5017.79,Succeeded
PAY00003669,ORD00003669,2025-02-06,Card,3516.7,Succeeded
PAY00003670,ORD00003670,2025-03-21,PayPal,4500.64,Succeeded
PAY00003671,ORD00003671,2024-02-04,Card,996.79,Succeeded
PAY00003672,ORD00003672,2024-01-29,PayPal,6444.78,Succeeded
PAY00003673,ORD00003673,2026-02-03,PayPal,5397.63,Pending
PAY00003675,ORD00003675,2024-04-04,ACH,652.0,Succeeded
PAY00003676,ORD00003676,2025-09-29,ACH,7695.05,Succeeded
PAY00003677,ORD00003677,2024-02-20,Wire,3745.03,Succeeded
PAY00003678,ORD00003678,2025-12-05,ACH,2214.33,Succeeded
PAY00003679,ORD00003679,2026-01-30,PayPal,1749.7,Succeeded
PAY00003680,ORD00003680,2024-10-23,ACH,435.99,Succeeded
PAY00003681,ORD00003681,2024-02-24,Wire,7728.65,Succeeded
PAY00003682,ORD00003682,2025-05-16,Wire,1296.2,Succeeded
PAY00003683,ORD00003683,2025-01-01,Wire,1191.83,Succeeded
PAY00003684,ORD00003684,2024-11-20,PayPal,2148.65,Succeeded
PAY00003685,ORD00003685,2024-05-08,Wire,3478.25,Succeeded
PAY00003686,ORD00003686,2025-04-30,Card,3636.96,Succeeded
PAY00003687,ORD00003687,2025-04-12,ACH,2840.56,Succeeded
PAY00003688,ORD00003688,2025-02-28,Card,2024.43,Succeeded
PAY00003689,ORD00003689,2025-07-28,ACH,2172.1,Succeeded
PAY00003690,ORD00003690,2025-02-02,Wire,2184.91,Succeeded
PAY00003693,ORD00003693,2025-03-08,ACH,7948.12,Succeeded
PAY00003694,ORD00003694,2025-03-04,ACH,6111.37,Succeeded
PAY00003695,ORD00003695,2025-07-05,PayPal,5443.78,Succeeded
PAY00003696,ORD00003696,2026-02-05,Wire,6310.53,Succeeded
PAY00003697,ORD00003697,2024-06-20,Card,3236.63,Pending
PAY00003698,ORD00003698,2025-03-31,PayPal,1263.7,Pending
PAY00003699,ORD00003699,2025-05-15,ACH,5166.56,Succeeded
PAY00003700,ORD00003700,2024-12-26,ACH,1436.53,Failed
PAY00003701,ORD00003701,2024-05-14,PayPal,4570.79,Succeeded
PAY00003702,ORD00003702,2025-03-20,Card,2536.13,Succeeded
PAY00003703,ORD00003703,2024-09-10,Wire,2174.34,Pending
PAY00003704,ORD00003704,2024-09-21,Card,193.51,Succeeded
PAY00003705,ORD00003705,2024-01-08,PayPal,5368.35,Succeeded
PAY00003706,ORD00003706,2025-07-03,Wire,3564.5,Succeeded
PAY00003707,ORD00003707,2025-02-11,PayPal,3372.7,Pending
PAY00003709,ORD00003709,2024-09-18,Card,3372.18,Succeeded
PAY00003710,ORD00003710,2024-04-17,PayPal,4780.74,Succeeded
PAY00003711,ORD00003711,2025-12-11,Card,3879.8,Succeeded
PAY00003712,ORD00003712,2024-01-23,Wire,3869.25,Succeeded
PAY00003713,ORD00003713,2024-06-17,Card,92.85,Succeeded
PAY00003714,ORD00003714,2025-02-05,ACH,3547.73,Succeeded
PAY00003715,ORD00003715,2025-10-06,Wire,2135.38,Succeeded
PAY00003716,ORD00003716,2024-12-14,Card,6156.43,Succeeded
PAY00003717,ORD00003717,2025-09-07,ACH,1850.14,Succeeded
PAY00003718,ORD00003718,2024-08-09,Card,3300.45,Succeeded
PAY00003719,ORD00003719,2025-11-12,ACH,210.02,Succeeded
PAY00003720,ORD00003720,2024-09-22,Card,5598.17,Succeeded
PAY00003721,ORD00003721,2025-10-12,PayPal,3111.1,Succeeded
PAY00003722,ORD00003722,2025-12-30,ACH,1155.51,Succeeded
PAY00003723,ORD00003723,2024-07-14,Card,2285.59,Succeeded
PAY00003724,ORD00003724,2024-12-19,ACH,3541.83,Succeeded
PAY00003725,ORD00003725,2025-11-24,Card,1333.64,Succeeded
PAY00003726,ORD00003726,2025-02-20,Card,3405.35,Succeeded
PAY00003727,ORD00003727,2025-07-25,ACH,237.88,Succeeded
PAY00003728,ORD00003728,2025-04-03,PayPal,2054.92,Succeeded
PAY00003729,ORD00003729,2025-02-17,Wire,8439.14,Succeeded
PAY00003730,ORD00003730,2024-06-10,Card,3175.13,Succeeded
PAY00003731,ORD00003731,2025-05-03,Wire,5931.01,Succeeded
PAY00003732,ORD00003732,2024-10-09,ACH,2183.71,Succeeded
PAY00003733,ORD00003733,2025-11-23,ACH,1296.44,Failed
PAY00003734,ORD00003734,2025-08-19,PayPal,2586.93,Succeeded
PAY00003736,ORD00003736,2026-02-14,PayPal,281.89,Succeeded
PAY00003737,ORD00003737,2025-08-05,Wire,1535.63,Succeeded
PAY00003738,ORD00003738,2024-05-12,Wire,5377.22,Succeeded
PAY00003739,ORD00003739,2024-07-22,ACH,1379.15,Succeeded
PAY00003740,ORD00003740,2024-04-19,Card,4146.47,Succeeded
PAY00003741,ORD00003741,2024-05-23,PayPal,1070.09,Succeeded
PAY00003742,ORD00003742,2025-07-01,ACH,4296.03,Succeeded
PAY00003743,ORD00003743,2025-07-12,PayPal,1135.79,Failed
PAY00003745,ORD00003745,2024-11-30,Card,2821.93,Succeeded
PAY00003746,ORD00003746,2026-01-07,ACH,5432.27,Succeeded
PAY00003747,ORD00003747,2024-05-28,Wire,1283.47,Succeeded
PAY00003748,ORD00003748,2024-03-24,PayPal,94.95,Failed
PAY00003749,ORD00003749,2026-02-01,PayPal,3455.2,Succeeded
PAY00003750,ORD00003750,2024-06-19,Card,4466.41,Succeeded
PAY00003751,ORD00003751,2025-02-23,Card,2264.22,Succeeded
PAY00003752,ORD00003752,2025-05-09,Card,738.41,Succeeded
PAY00003754,ORD00003754,2024-02-26,Wire,242.76,Succeeded
PAY00003755,ORD00003755,2025-09-27,ACH,969.01,Succeeded
PAY00003756,ORD00003756,2025-03-03,ACH,661.88,Succeeded
PAY00003757,ORD00003757,2025-01-17,Card,533.95,Succeeded
PAY00003758,ORD00003758,2025-02-27,Wire,2430.16,Succeeded
PAY00003759,ORD00003759,2024-03-25,PayPal,1780.61,Succeeded
PAY00003760,ORD00003760,2024-10-01,ACH,1891.2,Succeeded
PAY00003761,ORD00003761,2025-09-23,ACH,2435.4,Succeeded
PAY00003762,ORD00003762,2024-05-25,ACH,4081.18,Succeeded
PAY00003763,ORD00003763,2024-12-24,Card,2238.52,Succeeded
PAY00003764,ORD00003764,2024-02-11,Card,7709.38,Failed
PAY00003766,ORD00003766,2024-04-01,ACH,142.24,Succeeded
PAY00003767,ORD00003767,2024-11-18,PayPal,2595.61,Succeeded
PAY00003768,ORD00003768,2025-04-19,PayPal,2537.56,Succeeded
PAY00003770,ORD00003770,2026-01-03,PayPal,4579.25,Succeeded
PAY00003772,ORD00003772,2025-09-28,Card,600.88,Succeeded
PAY00003773,ORD00003773,2025-05-14,PayPal,8513.77,Succeeded
PAY00003774,ORD00003774,2024-08-03,PayPal,4094.38,Succeeded
PAY00003775,ORD00003775,2024-09-15,Card,3595.81,Succeeded
PAY00003776,ORD00003776,2024-01-28,ACH,3693.74,Succeeded
PAY00003777,ORD00003777,2025-07-20,Card,1708.38,Succeeded
PAY00003778,ORD00003778,2025-11-29,PayPal,1436.37,Succeeded
PAY00003779,ORD00003779,2024-12-02,PayPal,8521.21,Succeeded
PAY00003780,ORD00003780,2024-08-15,Wire,9823.57,Succeeded
PAY00003781,ORD00003781,2025-06-11,PayPal,4959.13,Pending
PAY00003783,ORD00003783,2025-11-03,PayPal,7686.56,Succeeded
PAY00003784,ORD00003784,2024-04-11,PayPal,1352.0,Succeeded
PAY00003785,ORD00003785,2025-11-22,Card,8761.48,Succeeded
PAY00003786,ORD00003786,2025-05-21,PayPal,8118.83,Succeeded
PAY00003787,ORD00003787,2025-04-01,ACH,3386.24,Succeeded
PAY00003788,ORD00003788,2024-07-28,PayPal,7110.11,Succeeded
PAY00003789,ORD00003789,2025-10-01,Wire,5317.8,Succeeded
PAY00003790,ORD00003790,2025-01-26,ACH,40.37,Succeeded
PAY00003791,ORD00003791,2025-03-10,PayPal,1277.79,Succeeded
PAY00003792,ORD00003792,2024-07-27,Wire,6718.06,Succeeded
PAY00003793,ORD00003793,2024-04-13,Wire,3096.74,Succeeded
PAY00003794,ORD00003794,2025-11-21,Wire,5959.75,Succeeded
PAY00003795,ORD00003795,2024-04-24,ACH,3010.62,Succeeded
PAY00003796,ORD00003796,2025-05-29,ACH,4578.09,Succeeded
PAY00003797,ORD00003797,2025-12-18,Wire,3173.56,Succeeded
PAY00003798,ORD00003798,2024-12-12,PayPal,456.35,Pending
PAY00003800,ORD00003800,2025-11-16,Card,1108.06,Succeeded
PAY00003801,ORD00003801,2025-10-22,ACH,3363.31,Succeeded
PAY00003802,ORD00003802,2025-11-06,PayPal,5319.15,Pending
PAY00003803,ORD00003803,2024-12-01,PayPal,3132.3,Succeeded
PAY00003804,ORD00003804,2025-04-22,Card,4466.53,Succeeded
PAY00003805,ORD00003805,2024-06-23,PayPal,4222.6,Succeeded
PAY00003806,ORD00003806,2025-06-02,Wire,678.41,Succeeded
PAY00003807,ORD00003807,2024-10-28,PayPal,3579.59,Succeeded
PAY00003808,ORD00003808,2025-03-21,Wire,659.51,Failed
PAY00003809,ORD00003809,2024-02-23,PayPal,2873.82,Succeeded
PAY00003810,ORD00003810,2026-02-20,Card,1985.49,Succeeded
PAY00003811,ORD00003811,2025-05-06,ACH,2140.21,Succeeded
PAY00003812,ORD00003812,2024-06-12,Card,2772.28,Succeeded
PAY00003815,ORD00003815,2024-04-16,Card,3429.52,Pending
PAY00003816,ORD00003816,2024-08-21,PayPal,690.6,Succeeded
PAY00003817,ORD00003817,2025-12-08,Card,2112.16,Succeeded
PAY00003818,ORD00003818,2025-08-26,ACH,2695.38,Succeeded
PAY00003819,ORD00003819,2025-04-26,Card,3816.56,Succeeded
PAY00003820,ORD00003820,2025-01-05,Card,4605.47,Succeeded
PAY00003821,ORD00003821,2025-01-25,Card,3900.93,Succeeded
PAY00003822,ORD00003822,2025-09-07,PayPal,6947.85,Succeeded
PAY00003823,ORD00003823,2025-07-30,Wire,5322.26,Failed
PAY00003825,ORD00003825,2025-01-12,Card,2951.5,Succeeded
PAY00003826,ORD00003826,2024-08-29,ACH,3758.11,Succeeded
PAY00003827,ORD00003827,2024-08-09,PayPal,4323.16,Succeeded
PAY00003829,ORD00003829,2025-05-06,PayPal,2839.47,Succeeded
PAY00003830,ORD00003830,2024-05-16,ACH,2108.71,Succeeded
PAY00003831,ORD00003831,2025-01-22,PayPal,1197.04,Succeeded
PAY00003832,ORD00003832,2024-03-27,ACH,2447.27,Succeeded
PAY00003833,ORD00003833,2025-12-24,Wire,871.43,Succeeded
PAY00003834,ORD00003834,2025-06-22,PayPal,3425.3,Succeeded
PAY00003835,ORD00003835,2025-05-28,Card,4141.16,Pending
PAY00003836,ORD00003836,2026-01-04,ACH,4919.93,Succeeded
PAY00003837,ORD00003837,2025-01-16,Card,5926.64,Succeeded
PAY00003838,ORD00003838,2024-09-01,Card,1775.61,Succeeded
PAY00003839,ORD00003839,2024-01-02,PayPal,8461.08,Succeeded
PAY00003840,ORD00003840,2024-05-19,Wire,1182.31,Succeeded
PAY00003841,ORD00003841,2025-11-17,PayPal,434.83,Failed
PAY00003842,ORD00003842,2024-05-06,Card,4179.5,Succeeded
PAY00003843,ORD00003843,2024-03-08,PayPal,4054.27,Succeeded
PAY00003844,ORD00003844,2025-05-21,Card,3015.84,Succeeded
PAY00003845,ORD00003845,2025-03-06,Wire,2766.64,Succeeded
PAY00003846,ORD00003846,2024-01-23,Wire,2689.13,Failed
PAY00003847,ORD00003847,2025-04-10,Wire,814.92,Succeeded
PAY00003848,ORD00003848,2024-09-24,ACH,577.36,Succeeded
PAY00003849,ORD00003849,2024-02-01,Wire,6118.59,Succeeded
PAY00003850,ORD00003850,2024-01-07,ACH,4271.44,Succeeded
PAY00003851,ORD00003851,2024-10-09,Card,2567.52,Succeeded
PAY00003852,ORD00003852,2026-01-22,PayPal,2686.31,Succeeded
PAY00003853,ORD00003853,2025-04-23,Wire,3847.49,Succeeded
PAY00003854,ORD00003854,2024-11-09,Card,5310.51,Pending
PAY00003855,ORD00003855,2025-06-04,PayPal,6205.69,Succeeded
PAY00003856,ORD00003856,2025-04-30,Wire,1958.07,Failed
PAY00003857,ORD00003857,2025-09-05,PayPal,879.03,Succeeded
PAY00003858,ORD00003858,2024-02-12,PayPal,546.17,Succeeded
PAY00003859,ORD00003859,2024-12-28,PayPal,4933.05,Succeeded
PAY00003860,ORD00003860,2026-01-01,Wire,1422.75,Failed
PAY00003861,ORD00003861,2024-01-20,Card,337.62,Pending
PAY00003862,ORD00003862,2025-07-08,Card,569.43,Succeeded
PAY00003863,ORD00003863,2024-06-19,ACH,2630.59,Succeeded
PAY00003864,ORD00003864,2026-03-02,Card,3776.9,Succeeded
PAY00003865,ORD00003865,2024-09-07,Wire,4124.71,Succeeded
PAY00003866,ORD00003866,2024-11-22,Card,3369.19,Succeeded
PAY00003867,ORD00003867,2024-11-29,Wire,1739.13,Succeeded
PAY00003868,ORD00003868,2025-10-30,Card,2035.62,Failed
PAY00003869,ORD00003869,2025-06-23,Wire,474.53,Succeeded
PAY00003870,ORD00003870,2025-01-16,PayPal,4082.37,Succeeded
PAY00003871,ORD00003871,2026-01-24,Wire,2367.38,Pending
PAY00003872,ORD00003872,2026-02-26,ACH,5934.66,Succeeded
PAY00003873,ORD00003873,2024-12-04,ACH,2658.24,Succeeded
PAY00003874,ORD00003874,2025-09-23,ACH,384.83,Succeeded
PAY00003875,ORD00003875,2025-10-22,Card,1402.56,Succeeded
PAY00003876,ORD00003876,2024-09-27,PayPal,4298.65,Succeeded
PAY00003877,ORD00003877,2024-02-19,Wire,5651.46,Succeeded
PAY00003879,ORD00003879,2026-01-07,ACH,8194.98,Succeeded
PAY00003880,ORD00003880,2024-07-11,ACH,5622.49,Succeeded
PAY00003881,ORD00003881,2026-02-11,PayPal,3569.45,Succeeded
PAY00003882,ORD00003882,2024-04-07,ACH,6793.88,Succeeded
PAY00003883,ORD00003883,2024-01-28,Wire,276.71,Succeeded
PAY00003884,ORD00003884,2024-10-29,Card,5414.71,Succeeded
PAY00003885,ORD00003885,2025-07-26,Wire,5749.66,Pending
PAY00003887,ORD00003887,2025-11-15,PayPal,3320.57,Succeeded
PAY00003888,ORD00003888,2024-04-16,Card,612.31,Pending
PAY00003889,ORD00003889,2024-12-10,PayPal,224.65,Succeeded
PAY00003890,ORD00003890,2025-02-03,ACH,8356.12,Succeeded
PAY00003892,ORD00003892,2024-06-04,Wire,1831.76,Succeeded
PAY00003893,ORD00003893,2024-09-09,ACH,422.07,Pending
PAY00003894,ORD00003894,2025-01-05,ACH,683.13,Succeeded
PAY00003895,ORD00003895,2025-03-27,Wire,24.89,Succeeded
PAY00003896,ORD00003896,2024-07-10,Card,2302.75,Succeeded
PAY00003897,ORD00003897,2025-01-14,PayPal,2136.74,Succeeded
PAY00003898,ORD00003898,2024-06-24,PayPal,3431.81,Succeeded
PAY00003899,ORD00003899,2024-03-29,Wire,7731.86,Succeeded
PAY00003900,ORD00003900,2025-03-04,Card,9618.14,Succeeded
PAY00003901,ORD00003901,2024-04-30,PayPal,1306.07,Succeeded
PAY00003902,ORD00003902,2024-07-25,Wire,2198.9,Succeeded
PAY00003903,ORD00003903,2024-12-02,Wire,2040.55,Succeeded
PAY00003904,ORD00003904,2025-04-20,ACH,6095.36,Succeeded
PAY00003906,ORD00003906,2025-06-24,Card,159.13,Succeeded
PAY00003907,ORD00003907,2025-09-28,ACH,2044.04,Succeeded
PAY00003909,ORD00003909,2025-01-22,PayPal,6974.49,Succeeded
PAY00003910,ORD00003910,2025-06-06,PayPal,2096.29,Succeeded
PAY00003911,ORD00003911,2025-08-06,Wire,5144.71,Succeeded
PAY00003912,ORD00003912,2025-08-25,ACH,2966.98,Pending
PAY00003913,ORD00003913,2024-11-10,Wire,1755.72,Succeeded
PAY00003914,ORD00003914,2025-04-13,PayPal,2616.16,Succeeded
PAY00003915,ORD00003915,2024-08-05,Card,5763.84,Succeeded
PAY00003916,ORD00003916,2024-06-20,Wire,140.22,Succeeded
PAY00003917,ORD00003917,2024-04-17,Card,5279.12,Succeeded
PAY00003919,ORD00003919,2024-10-02,Card,3665.5,Succeeded
PAY00003920,ORD00003920,2024-03-25,ACH,3774.88,Succeeded
PAY00003921,ORD00003921,2025-03-26,PayPal,1014.22,Succeeded
PAY00003922,ORD00003922,2026-02-09,Card,8902.75,Succeeded
PAY00003923,ORD00003923,2024-05-27,PayPal,571.24,Pending
PAY00003924,ORD00003924,2024-03-02,Wire,10884.62,Failed
PAY00003925,ORD00003925,2024-05-23,Card,3439.86,Succeeded
PAY00003926,ORD00003926,2025-11-02,ACH,4611.47,Succeeded
PAY00003927,ORD00003927,2024-12-30,ACH,4776.01,Failed
PAY00003928,ORD00003928,2024-03-27,ACH,1667.71,Succeeded
PAY00003929,ORD00003929,2025-10-13,ACH,5907.99,Succeeded
PAY00003930,ORD00003930,2025-07-13,Card,225.51,Succeeded
PAY00003931,ORD00003931,2024-05-14,ACH,7032.41,Succeeded
PAY00003932,ORD00003932,2025-12-15,Wire,3814.91,Succeeded
PAY00003933,ORD00003933,2025-03-14,ACH,9046.68,Succeeded
PAY00003934,ORD00003934,2024-11-11,PayPal,1618.74,Succeeded
PAY00003935,ORD00003935,2025-01-02,Wire,4607.17,Succeeded
PAY00003936,ORD00003936,2024-10-04,Card,787.37,Succeeded
PAY00003937,ORD00003937,2025-07-11,PayPal,3571.12,Succeeded
PAY00003938,ORD00003938,2024-03-05,Card,1091.52,Succeeded
PAY00003939,ORD00003939,2025-03-13,Wire,2937.06,Succeeded
PAY00003940,ORD00003940,2025-12-09,PayPal,5956.47,Succeeded
PAY00003941,ORD00003941,2024-12-15,Wire,232.41,Succeeded
PAY00003942,ORD00003942,2025-07-08,Card,1037.21,Succeeded
PAY00003943,ORD00003943,2025-07-20,ACH,8085.56,Pending
PAY00003944,ORD00003944,2025-10-29,PayPal,3532.03,Succeeded
PAY00003945,ORD00003945,2025-07-05,Card,7751.75,Succeeded
PAY00003946,ORD00003946,2025-05-05,ACH,1180.37,Succeeded
PAY00003947,ORD00003947,2024-06-29,Card,1055.52,Succeeded
PAY00003948,ORD00003948,2024-02-02,Wire,3768.98,Succeeded
PAY00003949,ORD00003949,2024-03-17,Card,1372.94,Succeeded
PAY00003950,ORD00003950,2024-12-17,Wire,1383.39,Succeeded
PAY00003951,ORD00003951,2025-08-07,ACH,590.76,Succeeded
PAY00003952,ORD00003952,2026-02-03,Card,4754.31,Succeeded
PAY00003953,ORD00003953,2025-12-08,ACH,835.64,Succeeded
PAY00003955,ORD00003955,2025-04-20,ACH,2838.36,Succeeded
PAY00003956,ORD00003956,2024-07-09,PayPal,900.63,Succeeded
PAY00003957,ORD00003957,2025-07-02,PayPal,6074.07,Succeeded
PAY00003958,ORD00003958,2024-01-07,PayPal,400.81,Succeeded
PAY00003959,ORD00003959,2024-12-02,Wire,2413.05,Succeeded
PAY00003960,ORD00003960,2025-04-20,PayPal,4303.46,Succeeded
PAY00003961,ORD00003961,2024-06-28,ACH,4096.44,Succeeded
PAY00003962,ORD00003962,2025-09-14,PayPal,4800.24,Succeeded
PAY00003963,ORD00003963,2025-03-08,Card,1741.03,Succeeded
PAY00003964,ORD00003964,2024-09-09,ACH,4672.12,Succeeded
PAY00003965,ORD00003965,2025-08-04,PayPal,5452.9,Succeeded
PAY00003966,ORD00003966,2024-05-08,Card,3260.15,Succeeded
PAY00003967,ORD00003967,2024-10-29,ACH,2645.14,Pending
PAY00003968,ORD00003968,2025-07-14,ACH,8082.37,Succeeded
PAY00003969,ORD00003969,2025-01-29,Wire,4209.97,Succeeded
PAY00003970,ORD00003970,2024-06-19,PayPal,3116.06,Succeeded
PAY00003971,ORD00003971,2025-04-30,Card,3448.31,Succeeded
PAY00003972,ORD00003972,2024-09-08,Card,5922.88,Succeeded
PAY00003973,ORD00003973,2025-05-23,Wire,2079.7,Succeeded
PAY00003974,ORD00003974,2024-10-04,PayPal,2938.79,Succeeded
PAY00003975,ORD00003975,2025-04-02,Wire,715.79,Succeeded
PAY00003976,ORD00003976,2024-10-16,ACH,602.42,Succeeded
PAY00003977,ORD00003977,2026-01-24,ACH,4959.08,Succeeded
PAY00003979,ORD00003979,2025-07-31,Wire,950.41,Succeeded
PAY00003980,ORD00003980,2025-07-18,PayPal,6017.68,Succeeded
PAY00003982,ORD00003982,2025-03-23,ACH,268.33,Succeeded
PAY00003983,ORD00003983,2024-03-29,Card,2928.9,Pending
PAY00003984,ORD00003984,2025-10-22,Card,4071.52,Succeeded
PAY00003985,ORD00003985,2025-05-29,ACH,1651.57,Pending
PAY00003986,ORD00003986,2024-11-25,PayPal,299.94,Succeeded
PAY00003987,ORD00003987,2024-06-10,PayPal,7640.85,Succeeded
PAY00003988,ORD00003988,2025-01-07,Wire,1222.35,Succeeded
PAY00003989,ORD00003989,2024-08-01,Card,4061.51,Succeeded
PAY00003990,ORD00003990,2025-03-08,ACH,4012.41,Succeeded
PAY00003991,ORD00003991,2024-07-24,Card,1355.02,Succeeded
PAY00003992,ORD00003992,2024-09-06,PayPal,2126.65,Succeeded
PAY00003993,ORD00003993,2024-08-07,Wire,808.38,Succeeded
PAY00003994,ORD00003994,2025-01-06,Wire,4186.51,Succeeded
PAY00003995,ORD00003995,2024-07-05,Card,7558.51,Failed
PAY00003996,ORD00003996,2026-02-14,PayPal,3000.14,Succeeded
PAY00003997,ORD00003997,2024-01-24,Card,351.56,Succeeded
PAY00003998,ORD00003998,2025-06-25,ACH,7920.39,Succeeded
PAY00003999,ORD00003999,2024-05-03,Card,7902.55,Succeeded
PAY00004000,ORD00004000,2024-01-04,Card,785.24,Succeeded
PAY00004001,ORD00004001,2025-12-18,PayPal,2327.07,Succeeded
PAY00004002,ORD00004002,2025-02-22,Wire,1413.05,Succeeded
PAY00004003,ORD00004003,2025-04-06,Card,4380.93,Succeeded
PAY00004004,ORD00004004,2024-08-02,Wire,7652.5,Succeeded
PAY00004005,ORD00004005,2026-02-11,Wire,5087.17,Succeeded
PAY00004006,ORD00004006,2025-06-16,PayPal,856.93,Succeeded
PAY00004007,ORD00004007,2025-11-14,Card,4007.11,Succeeded
PAY00004008,ORD00004008,2024-09-05,Wire,4137.53,Succeeded
PAY00004009,ORD00004009,2024-09-24,Wire,1289.83,Pending
PAY00004010,ORD00004010,2024-06-27,Wire,311.59,Succeeded
PAY00004011,ORD00004011,2024-03-12,Card,4517.11,Succeeded
PAY00004012,ORD00004012,2024-04-06,ACH,3813.89,Succeeded
PAY00004013,ORD00004013,2024-02-18,ACH,3322.49,Succeeded
PAY00004014,ORD00004014,2025-08-20,Card,7718.73,Succeeded
PAY00004015,ORD00004015,2026-02-24,Wire,6761.36,Succeeded
PAY00004016,ORD00004016,2026-01-18,Card,6835.56,Succeeded
PAY00004018,ORD00004018,2025-05-07,ACH,1586.15,Succeeded
PAY00004019,ORD00004019,2024-07-15,ACH,5013.9,Succeeded
PAY00004020,ORD00004020,2025-12-17,ACH,2988.18,Succeeded
PAY00004021,ORD00004021,2024-08-22,ACH,845.29,Succeeded
PAY00004023,ORD00004023,2025-02-26,Card,792.65,Succeeded
PAY00004024,ORD00004024,2025-09-22,ACH,2655.97,Succeeded
PAY00004025,ORD00004025,2024-08-21,Card,3797.22,Succeeded
PAY00004026,ORD00004026,2025-11-13,ACH,3883.54,Succeeded
PAY00004027,ORD00004027,2025-10-18,ACH,5077.99,Succeeded
PAY00004028,ORD00004028,2025-07-29,PayPal,5383.96,Succeeded
PAY00004029,ORD00004029,2025-05-15,Card,3478.69,Succeeded
PAY00004030,ORD00004030,2025-04-25,Card,1113.05,Succeeded
PAY00004031,ORD00004031,2025-03-05,Wire,456.28,Succeeded
PAY00004032,ORD00004032,2025-04-19,Wire,723.8,Failed
PAY00004033,ORD00004033,2025-01-21,Card,3891.86,Succeeded
PAY00004034,ORD00004034,2025-02-15,Wire,5456.38,Succeeded
PAY00004035,ORD00004035,2025-07-26,Card,3655.9,Succeeded
PAY00004036,ORD00004036,2025-01-03,PayPal,3154.5,Succeeded
PAY00004037,ORD00004037,2024-06-20,ACH,7029.7,Succeeded
PAY00004038,ORD00004038,2024-08-20,Wire,609.8,Succeeded
PAY00004039,ORD00004039,2024-06-21,Card,1152.61,Succeeded
PAY00004040,ORD00004040,2025-04-30,PayPal,2183.12,Succeeded
PAY00004041,ORD00004041,2024-10-14,Card,96.61,Succeeded
PAY00004042,ORD00004042,2025-04-23,ACH,329.53,Succeeded
PAY00004043,ORD00004043,2025-04-09,Card,3648.31,Succeeded
PAY00004044,ORD00004044,2024-10-29,Card,3423.65,Succeeded
PAY00004045,ORD00004045,2025-09-20,Card,383.27,Succeeded
PAY00004046,ORD00004046,2025-01-06,ACH,4566.66,Succeeded
PAY00004047,ORD00004047,2024-01-04,ACH,5519.77,Succeeded
PAY00004048,ORD00004048,2025-03-29,PayPal,4901.49,Succeeded
PAY00004049,ORD00004049,2024-01-05,ACH,210.58,Succeeded
PAY00004050,ORD00004050,2025-03-12,Wire,2944.5,Succeeded
PAY00004051,ORD00004051,2025-06-25,Card,4227.69,Succeeded
PAY00004052,ORD00004052,2025-02-24,Wire,6082.71,Succeeded
PAY00004053,ORD00004053,2026-02-06,Wire,4449.41,Succeeded
PAY00004054,ORD00004054,2024-09-11,Card,5223.83,Succeeded
PAY00004055,ORD00004055,2024-04-04,PayPal,6243.79,Pending
PAY00004056,ORD00004056,2025-04-05,ACH,6874.44,Succeeded
PAY00004057,ORD00004057,2024-05-19,Card,2251.6,Succeeded
PAY00004059,ORD00004059,2024-11-24,Card,2189.69,Succeeded
PAY00004060,ORD00004060,2024-07-24,Card,6977.09,Succeeded
PAY00004062,ORD00004062,2025-05-27,Card,7483.98,Failed
PAY00004063,ORD00004063,2024-07-06,ACH,382.93,Succeeded
PAY00004064,ORD00004064,2024-09-12,ACH,4997.49,Succeeded
PAY00004065,ORD00004065,2025-08-27,ACH,3700.71,Succeeded
PAY00004066,ORD00004066,2024-12-20,ACH,566.73,Succeeded
PAY00004067,ORD00004067,2024-03-23,PayPal,3397.32,Succeeded
PAY00004068,ORD00004068,2024-02-20,ACH,5197.34,Succeeded
PAY00004069,ORD00004069,2024-07-16,PayPal,7656.69,Succeeded
PAY00004070,ORD00004070,2025-10-02,PayPal,5928.05,Succeeded
PAY00004072,ORD00004072,2024-05-03,Wire,2824.98,Failed
PAY00004073,ORD00004073,2024-02-09,Card,4787.03,Succeeded
PAY00004074,ORD00004074,2024-08-26,Card,3064.6,Succeeded
PAY00004076,ORD00004076,2024-01-02,PayPal,2549.47,Succeeded
PAY00004077,ORD00004077,2024-10-30,Card,2607.53,Failed
PAY00004078,ORD00004078,2025-03-25,PayPal,570.01,Succeeded
PAY00004079,ORD00004079,2025-11-12,Card,4346.32,Succeeded
PAY00004080,ORD00004080,2025-08-06,ACH,2190.33,Succeeded
PAY00004081,ORD00004081,2024-09-20,ACH,617.7,Pending
PAY00004082,ORD00004082,2025-12-02,Wire,5691.68,Succeeded
PAY00004083,ORD00004083,2025-03-14,Wire,5194.06,Succeeded
PAY00004084,ORD00004084,2025-01-22,Wire,1870.27,Succeeded
PAY00004085,ORD00004085,2025-03-15,Wire,1611.29,Succeeded
PAY00004086,ORD00004086,2025-01-19,PayPal,8810.7,Succeeded
PAY00004087,ORD00004087,2026-01-12,Wire,10832.47,Succeeded
PAY00004088,ORD00004088,2024-07-26,Wire,914.07,Succeeded
PAY00004089,ORD00004089,2024-01-02,Card,1683.48,Succeeded
PAY00004090,ORD00004090,2024-08-11,Card,5212.59,Succeeded
PAY00004091,ORD00004091,2025-09-11,ACH,2546.14,Succeeded
PAY00004092,ORD00004092,2024-11-27,Card,1591.03,Succeeded
PAY00004093,ORD00004093,2025-08-27,Wire,1692.47,Succeeded
PAY00004094,ORD00004094,2024-08-16,Wire,6695.38,Succeeded
PAY00004095,ORD00004095,2024-07-29,ACH,4361.42,Succeeded
PAY00004096,ORD00004096,2025-08-13,Card,2368.37,Succeeded
PAY00004097,ORD00004097,2024-10-01,Wire,4557.97,Succeeded
PAY00004098,ORD00004098,2024-02-03,Wire,5593.08,Failed
PAY00004100,ORD00004100,2024-03-18,Wire,1017.44,Succeeded
PAY00004101,ORD00004101,2024-03-10,Wire,962.55,Succeeded
PAY00004102,ORD00004102,2025-08-04,Card,6470.7,Succeeded
PAY00004103,ORD00004103,2024-11-12,Wire,1217.73,Succeeded
PAY00004104,ORD00004104,2025-06-03,Card,3001.36,Succeeded
PAY00004105,ORD00004105,2025-02-20,Wire,2815.07,Succeeded
PAY00004106,ORD00004106,2024-07-19,PayPal,5279.66,Succeeded
PAY00004108,ORD00004108,2024-04-30,Card,8815.73,Succeeded
PAY00004109,ORD00004109,2025-07-15,ACH,1064.4,Succeeded
PAY00004110,ORD00004110,2024-07-24,Card,3665.91,Failed
PAY00004111,ORD00004111,2024-04-10,Wire,10332.66,Succeeded
PAY00004112,ORD00004112,2025-09-05,Wire,1862.76,Pending
PAY00004113,ORD00004113,2024-06-19,Card,5132.02,Succeeded
PAY00004114,ORD00004114,2025-10-27,ACH,167.6,Succeeded
PAY00004115,ORD00004115,2024-12-03,ACH,2281.09,Succeeded
PAY00004116,ORD00004116,2024-09-03,Card,337.14,Succeeded
PAY00004118,ORD00004118,2024-08-22,ACH,253.95,Succeeded
PAY00004119,ORD00004119,2024-01-14,Card,7152.26,Succeeded
PAY00004120,ORD00004120,2026-02-06,Card,2390.51,Succeeded
PAY00004121,ORD00004121,2024-12-13,ACH,5865.5,Succeeded
PAY00004122,ORD00004122,2026-02-20,Card,7874.21,Succeeded
PAY00004123,ORD00004123,2024-01-21,Card,6880.1,Succeeded
PAY00004124,ORD00004124,2025-03-30,Wire,1501.2,Succeeded
PAY00004126,ORD00004126,2025-01-01,ACH,335.42,Pending
PAY00004127,ORD00004127,2025-03-14,PayPal,8126.46,Succeeded
PAY00004128,ORD00004128,2024-11-01,ACH,5715.27,Succeeded
PAY00004129,ORD00004129,2025-04-21,ACH,657.35,Succeeded
PAY00004130,ORD00004130,2025-07-07,Card,4825.14,Succeeded
PAY00004131,ORD00004131,2024-10-14,Card,1439.01,Succeeded
PAY00004132,ORD00004132,2024-03-06,ACH,4560.52,Succeeded
PAY00004133,ORD00004133,2025-06-18,ACH,5015.02,Succeeded
PAY00004134,ORD00004134,2024-04-21,ACH,5626.61,Succeeded
PAY00004135,ORD00004135,2024-03-25,PayPal,4441.59,Succeeded
PAY00004136,ORD00004136,2024-02-11,PayPal,3473.98,Succeeded
PAY00004137,ORD00004137,2025-01-07,Wire,2118.35,Succeeded
PAY00004138,ORD00004138,2025-06-17,ACH,2802.41,Succeeded
PAY00004139,ORD00004139,2024-10-15,Wire,2620.28,Succeeded
PAY00004140,ORD00004140,2025-09-27,PayPal,3642.7,Succeeded
PAY00004141,ORD00004141,2025-10-12,Wire,225.98,Succeeded
PAY00004142,ORD00004142,2025-03-14,Wire,5485.67,Succeeded
PAY00004143,ORD00004143,2024-02-29,Wire,2129.52,Succeeded
PAY00004144,ORD00004144,2026-01-08,PayPal,2837.19,Succeeded
PAY00004145,ORD00004145,2026-01-19,ACH,3292.6,Succeeded
PAY00004146,ORD00004146,2025-06-16,ACH,3073.98,Succeeded
PAY00004147,ORD00004147,2024-05-27,Wire,289.76,Succeeded
PAY00004148,ORD00004148,2024-06-08,Card,4433.17,Succeeded
PAY00004149,ORD00004149,2025-03-01,PayPal,5508.88,Succeeded
PAY00004150,ORD00004150,2025-04-02,Card,496.26,Succeeded
PAY00004151,ORD00004151,2025-01-13,ACH,9011.21,Succeeded
PAY00004152,ORD00004152,2026-01-08,Wire,4688.8,Succeeded
PAY00004153,ORD00004153,2025-11-27,PayPal,7136.33,Succeeded
PAY00004154,ORD00004154,2025-12-13,Wire,1798.66,Succeeded
PAY00004155,ORD00004155,2024-08-16,ACH,5488.11,Succeeded
PAY00004156,ORD00004156,2025-10-28,PayPal,4377.49,Succeeded
PAY00004157,ORD00004157,2024-05-10,Wire,510.82,Succeeded
PAY00004158,ORD00004158,2024-11-23,Wire,5353.78,Succeeded
PAY00004159,ORD00004159,2025-12-24,ACH,1077.82,Succeeded
PAY00004160,ORD00004160,2024-05-26,PayPal,1059.04,Succeeded
PAY00004161,ORD00004161,2025-09-19,ACH,5903.73,Succeeded
PAY00004162,ORD00004162,2025-05-13,ACH,1434.61,Succeeded
PAY00004163,ORD00004163,2024-05-23,ACH,2190.15,Succeeded
PAY00004164,ORD00004164,2024-03-31,ACH,7451.27,Succeeded
PAY00004165,ORD00004165,2024-04-25,ACH,3568.03,Pending
PAY00004166,ORD00004166,2026-02-19,Card,5345.26,Succeeded
PAY00004167,ORD00004167,2024-05-02,PayPal,2825.57,Succeeded
PAY00004168,ORD00004168,2025-10-17,Wire,4120.53,Succeeded
PAY00004169,ORD00004169,2025-09-19,ACH,5547.98,Succeeded
PAY00004170,ORD00004170,2024-08-15,PayPal,483.72,Succeeded
PAY00004171,ORD00004171,2025-07-13,PayPal,4254.42,Succeeded
PAY00004172,ORD00004172,2024-03-29,ACH,4972.48,Succeeded
PAY00004173,ORD00004173,2024-01-27,PayPal,5397.61,Failed
PAY00004174,ORD00004174,2025-12-15,ACH,1072.82,Succeeded
PAY00004175,ORD00004175,2025-05-06,Wire,5949.8,Succeeded
PAY00004176,ORD00004176,2025-05-01,PayPal,4407.21,Succeeded
PAY00004177,ORD00004177,2025-05-07,PayPal,3743.4,Succeeded
PAY00004178,ORD00004178,2024-11-23,ACH,887.4,Succeeded
PAY00004179,ORD00004179,2026-02-02,Wire,350.59,Succeeded
PAY00004180,ORD00004180,2024-02-22,Wire,3090.43,Succeeded
PAY00004181,ORD00004181,2024-10-22,ACH,4289.72,Succeeded
PAY00004182,ORD00004182,2025-12-27,PayPal,5486.41,Pending
PAY00004183,ORD00004183,2026-02-10,Wire,713.11,Succeeded
PAY00004184,ORD00004184,2025-11-14,Wire,6993.2,Succeeded
PAY00004185,ORD00004185,2026-01-07,Wire,4067.87,Succeeded
PAY00004186,ORD00004186,2025-04-13,Wire,578.1,Failed
PAY00004187,ORD00004187,2024-07-18,Card,259.06,Succeeded
PAY00004188,ORD00004188,2025-02-15,ACH,1881.0,Succeeded
PAY00004189,ORD00004189,2024-04-11,PayPal,963.27,Succeeded
PAY00004190,ORD00004190,2026-02-09,PayPal,6352.7,Succeeded
PAY00004191,ORD00004191,2024-03-24,ACH,4542.71,Succeeded
PAY00004192,ORD00004192,2025-01-09,Wire,3271.26,Succeeded
PAY00004193,ORD00004193,2024-07-08,Wire,5847.77,Succeeded
PAY00004194,ORD00004194,2025-09-13,Card,3688.23,Succeeded
PAY00004195,ORD00004195,2025-01-18,ACH,2196.53,Succeeded
PAY00004197,ORD00004197,2025-06-22,ACH,1547.06,Succeeded
PAY00004198,ORD00004198,2025-04-24,Card,3890.96,Succeeded
PAY00004199,ORD00004199,2025-08-20,PayPal,1270.4,Succeeded
PAY00004200,ORD00004200,2024-10-19,PayPal,923.84,Succeeded
PAY00004201,ORD00004201,2025-05-13,ACH,8541.88,Succeeded
PAY00004202,ORD00004202,2026-01-11,PayPal,4508.06,Succeeded
PAY00004203,ORD00004203,2025-04-30,Wire,3905.65,Succeeded
PAY00004204,ORD00004204,2025-10-03,Wire,3724.2,Succeeded
PAY00004205,ORD00004205,2025-08-18,PayPal,3482.56,Succeeded
PAY00004206,ORD00004206,2024-12-06,PayPal,3057.12,Succeeded
PAY00004207,ORD00004207,2024-12-18,Card,1102.56,Succeeded
PAY00004208,ORD00004208,2024-11-12,PayPal,1190.11,Succeeded
PAY00004209,ORD00004209,2025-10-29,PayPal,521.22,Succeeded
PAY00004210,ORD00004210,2024-08-31,Wire,3406.65,Succeeded
PAY00004211,ORD00004211,2025-06-20,Card,100.13,Succeeded
PAY00004212,ORD00004212,2024-02-29,Wire,3999.54,Succeeded
PAY00004213,ORD00004213,2025-03-29,Wire,7288.83,Pending
PAY00004216,ORD00004216,2025-09-13,PayPal,2855.93,Succeeded
PAY00004217,ORD00004217,2025-11-23,PayPal,3850.91,Pending
PAY00004218,ORD00004218,2025-01-28,Wire,2290.45,Succeeded
PAY00004219,ORD00004219,2025-01-30,ACH,3598.18,Succeeded
PAY00004220,ORD00004220,2025-08-31,Wire,1886.01,Succeeded
PAY00004221,ORD00004221,2024-05-07,Wire,3625.54,Succeeded
PAY00004222,ORD00004222,2025-05-06,Card,2358.81,Succeeded
PAY00004223,ORD00004223,2025-10-19,PayPal,1903.28,Succeeded
PAY00004224,ORD00004224,2025-12-12,ACH,3497.8,Succeeded
PAY00004226,ORD00004226,2025-01-16,Card,1602.43,Succeeded
PAY00004227,ORD00004227,2024-04-19,ACH,1543.52,Succeeded
PAY00004228,ORD00004228,2025-03-10,ACH,1772.21,Succeeded
PAY00004229,ORD00004229,2025-11-06,ACH,689.13,Failed
PAY00004230,ORD00004230,2025-08-25,Wire,1014.1,Succeeded
PAY00004231,ORD00004231,2024-01-02,PayPal,4417.44,Succeeded
PAY00004232,ORD00004232,2026-02-11,Wire,659.87,Succeeded
PAY00004233,ORD00004233,2025-09-16,ACH,3509.47,Succeeded
PAY00004234,ORD00004234,2025-02-08,Wire,2511.98,Succeeded
PAY00004235,ORD00004235,2024-09-09,Card,878.58,Succeeded
PAY00004236,ORD00004236,2025-05-11,ACH,6067.78,Succeeded
PAY00004237,ORD00004237,2024-06-10,PayPal,5716.51,Succeeded
PAY00004238,ORD00004238,2024-11-07,PayPal,1046.96,Succeeded
PAY00004239,ORD00004239,2024-06-14,ACH,6037.1,Succeeded
PAY00004240,ORD00004240,2024-08-12,PayPal,2708.52,Succeeded
PAY00004241,ORD00004241,2026-02-06,ACH,6336.77,Succeeded
PAY00004242,ORD00004242,2025-04-16,Wire,1127.63,Succeeded
PAY00004243,ORD00004243,2024-09-26,ACH,1017.24,Succeeded
PAY00004244,ORD00004244,2024-01-29,PayPal,6865.32,Succeeded
PAY00004245,ORD00004245,2025-06-29,Card,5372.03,Succeeded
PAY00004246,ORD00004246,2024-04-29,ACH,1488.95,Succeeded
PAY00004247,ORD00004247,2025-07-10,Wire,4013.5,Succeeded
PAY00004248,ORD00004248,2024-01-08,Card,6485.97,Succeeded
PAY00004249,ORD00004249,2024-01-13,PayPal,7488.81,Succeeded
PAY00004251,ORD00004251,2025-03-30,ACH,489.62,Succeeded
PAY00004253,ORD00004253,2024-01-04,Card,2702.59,Succeeded
PAY00004254,ORD00004254,2024-12-13,Wire,1136.52,Succeeded
PAY00004255,ORD00004255,2024-04-11,Card,4288.0,Succeeded
PAY00004256,ORD00004256,2025-03-04,PayPal,2119.04,Succeeded
PAY00004257,ORD00004257,2024-08-27,PayPal,10564.77,Succeeded
PAY00004258,ORD00004258,2025-07-13,Card,371.81,Succeeded
PAY00004259,ORD00004259,2025-03-28,ACH,5738.41,Succeeded
PAY00004260,ORD00004260,2025-08-03,Wire,8064.1,Failed
PAY00004262,ORD00004262,2025-12-19,PayPal,4865.44,Succeeded
PAY00004263,ORD00004263,2024-06-30,ACH,1915.68,Succeeded
PAY00004264,ORD00004264,2025-03-21,ACH,3817.73,Succeeded
PAY00004265,ORD00004265,2026-01-15,Card,5892.94,Succeeded
PAY00004267,ORD00004267,2024-07-05,PayPal,3716.12,Succeeded
PAY00004268,ORD00004268,2025-10-09,ACH,3765.48,Succeeded
PAY00004269,ORD00004269,2026-02-01,ACH,1290.49,Succeeded
PAY00004270,ORD00004270,2024-12-19,Card,3640.97,Succeeded
PAY00004272,ORD00004272,2025-06-06,PayPal,4354.94,Succeeded
PAY00004273,ORD00004273,2026-02-24,PayPal,3245.82,Succeeded
PAY00004274,ORD00004274,2025-03-04,Wire,6799.9,Succeeded
PAY00004275,ORD00004275,2024-04-11,ACH,428.05,Succeeded
PAY00004276,ORD00004276,2025-01-09,PayPal,4376.32,Succeeded
PAY00004277,ORD00004277,2024-02-19,PayPal,2547.65,Failed
PAY00004278,ORD00004278,2025-11-02,Card,4935.87,Succeeded
PAY00004279,ORD00004279,2025-02-28,Card,9203.34,Succeeded
PAY00004280,ORD00004280,2024-06-19,Wire,1089.45,Succeeded
PAY00004281,ORD00004281,2026-02-02,PayPal,4374.9,Succeeded
PAY00004282,ORD00004282,2024-07-03,PayPal,4997.92,Succeeded
PAY00004283,ORD00004283,2024-07-07,PayPal,3226.69,Succeeded
PAY00004285,ORD00004285,2026-02-07,Card,3532.43,Succeeded
PAY00004286,ORD00004286,2025-02-23,Card,875.06,Succeeded
PAY00004287,ORD00004287,2024-11-12,Wire,3240.3,Succeeded
PAY00004288,ORD00004288,2025-07-08,ACH,5092.54,Succeeded
PAY00004289,ORD00004289,2024-08-23,Wire,2425.05,Succeeded
PAY00004290,ORD00004290,2024-02-21,PayPal,4652.86,Succeeded
PAY00004291,ORD00004291,2024-09-01,PayPal,2884.35,Succeeded
PAY00004292,ORD00004292,2025-11-15,Wire,5086.36,Succeeded
PAY00004293,ORD00004293,2025-04-02,ACH,2106.47,Failed
PAY00004295,ORD00004295,2025-01-11,ACH,5390.75,Succeeded
PAY00004296,ORD00004296,2024-07-29,ACH,2403.78,Succeeded
PAY00004297,ORD00004297,2025-10-18,PayPal,1601.04,Succeeded
PAY00004299,ORD00004299,2025-01-19,ACH,5512.05,Succeeded
PAY00004300,ORD00004300,2025-07-08,ACH,3931.65,Succeeded
PAY00004301,ORD00004301,2024-08-02,Wire,6655.92,Succeeded
PAY00004302,ORD00004302,2024-04-05,Card,2844.72,Succeeded
PAY00004303,ORD00004303,2024-07-04,Card,2200.61,Pending
PAY00004304,ORD00004304,2024-11-25,Wire,154.09,Succeeded
PAY00004305,ORD00004305,2024-04-04,ACH,7156.21,Succeeded
PAY00004306,ORD00004306,2026-02-21,Wire,2635.18,Succeeded
PAY00004307,ORD00004307,2024-09-24,ACH,1602.59,Succeeded
PAY00004308,ORD00004308,2024-03-25,ACH,4127.9,Succeeded
PAY00004309,ORD00004309,2025-11-28,Wire,1489.86,Succeeded
PAY00004310,ORD00004310,2024-02-07,PayPal,1524.77,Succeeded
PAY00004311,ORD00004311,2024-11-30,Card,2974.65,Succeeded
PAY00004312,ORD00004312,2024-09-13,Wire,4413.7,Succeeded
PAY00004313,ORD00004313,2024-07-17,Wire,5137.92,Succeeded
PAY00004314,ORD00004314,2024-12-08,ACH,3764.59,Succeeded
PAY00004316,ORD00004316,2025-12-22,Card,4437.65,Succeeded
PAY00004317,ORD00004317,2024-10-05,Card,3632.73,Succeeded
PAY00004318,ORD00004318,2024-05-19,Card,1572.36,Succeeded
PAY00004319,ORD00004319,2024-05-07,ACH,5853.06,Succeeded
PAY00004320,ORD00004320,2024-07-25,Card,1758.58,Succeeded
PAY00004321,ORD00004321,2025-01-26,Card,3906.32,Succeeded
PAY00004322,ORD00004322,2025-02-27,PayPal,2356.44,Succeeded
PAY00004323,ORD00004323,2024-06-05,Card,3262.32,Succeeded
PAY00004324,ORD00004324,2024-12-31,Card,3310.87,Succeeded
PAY00004325,ORD00004325,2024-07-30,Wire,967.5,Succeeded
PAY00004326,ORD00004326,2024-04-14,Wire,2424.4,Succeeded
PAY00004327,ORD00004327,2025-10-25,Card,1460.03,Succeeded
PAY00004328,ORD00004328,2024-11-07,Wire,5818.27,Succeeded
PAY00004329,ORD00004329,2025-03-22,Wire,7546.77,Succeeded
PAY00004331,ORD00004331,2025-03-16,Card,5400.54,Failed
PAY00004332,ORD00004332,2025-01-14,Wire,5034.95,Succeeded
PAY00004333,ORD00004333,2024-12-11,Card,3545.2,Succeeded
PAY00004334,ORD00004334,2026-02-18,Wire,355.36,Pending
PAY00004335,ORD00004335,2024-06-01,ACH,9710.72,Succeeded
PAY00004336,ORD00004336,2024-02-01,Wire,264.98,Succeeded
PAY00004337,ORD00004337,2024-12-30,Card,3586.14,Succeeded
PAY00004338,ORD00004338,2025-07-23,PayPal,872.45,Succeeded
PAY00004339,ORD00004339,2025-05-15,Wire,5257.86,Succeeded
PAY00004340,ORD00004340,2024-07-09,PayPal,1846.24,Succeeded
PAY00004341,ORD00004341,2024-01-26,ACH,3358.45,Succeeded
PAY00004342,ORD00004342,2024-11-06,ACH,2349.89,Succeeded
PAY00004343,ORD00004343,2026-02-14,PayPal,3320.29,Succeeded
PAY00004344,ORD00004344,2024-08-16,PayPal,7531.03,Succeeded
PAY00004345,ORD00004345,2025-01-30,PayPal,3179.4,Succeeded
PAY00004346,ORD00004346,2024-10-01,Card,5195.23,Succeeded
PAY00004347,ORD00004347,2024-03-16,Card,2257.27,Succeeded
PAY00004348,ORD00004348,2025-10-16,ACH,8390.92,Succeeded
PAY00004349,ORD00004349,2024-04-30,PayPal,429.09,Succeeded
PAY00004350,ORD00004350,2024-01-06,Wire,227.58,Failed
PAY00004353,ORD00004353,2025-10-16,Wire,2967.83,Failed
PAY00004354,ORD00004354,2024-06-11,Wire,5098.79,Succeeded
PAY00004355,ORD00004355,2024-08-16,Wire,3143.13,Succeeded
PAY00004356,ORD00004356,2026-01-10,Card,4000.26,Succeeded
PAY00004357,ORD00004357,2024-03-03,Wire,1627.09,Succeeded
PAY00004358,ORD00004358,2025-04-30,Wire,2206.57,Succeeded
PAY00004359,ORD00004359,2025-11-21,ACH,7297.32,Succeeded
PAY00004361,ORD00004361,2024-06-07,Wire,1958.34,Succeeded
PAY00004363,ORD00004363,2025-09-21,ACH,672.48,Succeeded
PAY00004365,ORD00004365,2024-04-18,Wire,2688.39,Succeeded
PAY00004366,ORD00004366,2024-03-12,ACH,3149.12,Succeeded
PAY00004367,ORD00004367,2025-06-11,Wire,2339.11,Succeeded
PAY00004368,ORD00004368,2025-04-13,ACH,1320.29,Succeeded
PAY00004369,ORD00004369,2024-07-08,ACH,5406.94,Succeeded
PAY00004370,ORD00004370,2025-03-19,PayPal,4299.86,Failed
PAY00004371,ORD00004371,2025-07-25,ACH,6717.53,Succeeded
PAY00004372,ORD00004372,2024-02-10,ACH,8778.03,Succeeded
PAY00004374,ORD00004374,2026-02-12,Wire,3620.48,Succeeded
PAY00004375,ORD00004375,2024-03-30,PayPal,2042.36,Succeeded
PAY00004376,ORD00004376,2024-12-05,Wire,6327.13,Succeeded
PAY00004377,ORD00004377,2026-02-05,Card,5196.35,Succeeded
PAY00004378,ORD00004378,2025-02-27,PayPal,3909.4,Succeeded
PAY00004379,ORD00004379,2026-01-09,ACH,1195.0,Succeeded
PAY00004380,ORD00004380,2025-04-27,Card,3010.05,Succeeded
PAY00004381,ORD00004381,2025-09-21,Wire,4557.68,Succeeded
PAY00004382,ORD00004382,2024-10-24,Card,3574.42,Succeeded
PAY00004384,ORD00004384,2025-08-07,ACH,3962.21,Succeeded
PAY00004385,ORD00004385,2025-08-02,PayPal,7437.23,Succeeded
PAY00004386,ORD00004386,2025-06-17,PayPal,2232.92,Succeeded
PAY00004387,ORD00004387,2024-05-27,Card,1092.09,Succeeded
PAY00004388,ORD00004388,2024-06-07,Card,3001.18,Succeeded
PAY00004389,ORD00004389,2024-10-26,ACH,7703.42,Succeeded
PAY00004390,ORD00004390,2024-02-17,PayPal,7028.66,Succeeded
PAY00004391,ORD00004391,2025-04-17,PayPal,298.46,Succeeded
PAY00004392,ORD00004392,2025-01-31,Card,3816.93,Succeeded
PAY00004393,ORD00004393,2025-02-11,Wire,3644.41,Succeeded
PAY00004394,ORD00004394,2024-05-06,ACH,4699.08,Succeeded
PAY00004396,ORD00004396,2025-10-19,Wire,4103.04,Succeeded
PAY00004397,ORD00004397,2025-03-14,Card,2660.91,Succeeded
PAY00004398,ORD00004398,2025-09-05,Wire,1390.75,Succeeded
PAY00004399,ORD00004399,2024-03-26,Wire,33.21,Succeeded
PAY00004400,ORD00004400,2024-09-02,Wire,596.65,Succeeded
PAY00004401,ORD00004401,2024-09-20,Card,6268.54,Failed
PAY00004403,ORD00004403,2025-05-28,ACH,3515.31,Succeeded
PAY00004404,ORD00004404,2025-03-30,PayPal,5004.49,Succeeded
PAY00004405,ORD00004405,2025-09-14,ACH,2440.42,Succeeded
PAY00004406,ORD00004406,2024-01-05,Wire,3554.73,Succeeded
PAY00004407,ORD00004407,2026-01-14,Card,5398.16,Succeeded
PAY00004408,ORD00004408,2024-01-13,PayPal,2599.06,Succeeded
PAY00004410,ORD00004410,2024-06-17,ACH,6858.28,Succeeded
PAY00004411,ORD00004411,2025-04-14,Card,3412.3,Succeeded
PAY00004412,ORD00004412,2025-10-28,Wire,1607.73,Succeeded
PAY00004414,ORD00004414,2024-03-21,Wire,5238.24,Succeeded
PAY00004415,ORD00004415,2025-01-19,Wire,3710.58,Succeeded
PAY00004416,ORD00004416,2026-01-29,Wire,6423.26,Succeeded
PAY00004417,ORD00004417,2025-06-20,ACH,3526.99,Succeeded
PAY00004418,ORD00004418,2026-01-12,PayPal,79.42,Succeeded
PAY00004419,ORD00004419,2025-12-25,PayPal,5207.63,Succeeded
PAY00004420,ORD00004420,2025-09-09,Wire,2592.89,Succeeded
PAY00004421,ORD00004421,2025-10-04,ACH,4363.65,Succeeded
PAY00004422,ORD00004422,2025-05-05,Wire,1563.72,Succeeded
PAY00004423,ORD00004423,2024-10-27,Card,5293.99,Succeeded
PAY00004424,ORD00004424,2025-04-15,Card,6753.21,Succeeded
PAY00004425,ORD00004425,2025-04-04,Card,3835.09,Succeeded
PAY00004426,ORD00004426,2025-10-23,PayPal,3397.27,Succeeded
PAY00004427,ORD00004427,2024-12-04,Card,5263.2,Succeeded
PAY00004428,ORD00004428,2025-02-01,Wire,2069.46,Pending
PAY00004429,ORD00004429,2024-03-16,ACH,783.69,Succeeded
PAY00004430,ORD00004430,2025-03-13,PayPal,4513.75,Succeeded
PAY00004431,ORD00004431,2025-10-14,Card,1969.81,Succeeded
PAY00004432,ORD00004432,2025-10-09,Card,2716.94,Pending
PAY00004434,ORD00004434,2025-11-03,Card,1811.51,Succeeded
PAY00004435,ORD00004435,2024-04-09,Wire,4527.37,Succeeded
PAY00004436,ORD00004436,2024-09-03,PayPal,3614.02,Succeeded
PAY00004437,ORD00004437,2024-09-30,ACH,6063.36,Succeeded
PAY00004438,ORD00004438,2024-05-21,Card,732.49,Succeeded
PAY00004440,ORD00004440,2024-10-26,Card,2561.2,Succeeded
PAY00004441,ORD00004441,2024-11-04,Card,406.59,Failed
PAY00004442,ORD00004442,2024-03-13,PayPal,598.4,Succeeded
PAY00004443,ORD00004443,2024-06-01,Wire,6158.58,Succeeded
PAY00004444,ORD00004444,2024-04-08,ACH,2186.81,Succeeded
PAY00004445,ORD00004445,2024-09-08,Wire,3318.47,Succeeded
PAY00004446,ORD00004446,2024-12-08,Card,952.25,Succeeded
PAY00004447,ORD00004447,2024-09-09,PayPal,797.16,Succeeded
PAY00004448,ORD00004448,2025-03-26,PayPal,665.12,Succeeded
PAY00004449,ORD00004449,2024-05-29,PayPal,4770.06,Succeeded
PAY00004450,ORD00004450,2025-04-20,PayPal,876.47,Succeeded
PAY00004451,ORD00004451,2025-10-18,PayPal,3741.37,Succeeded
PAY00004452,ORD00004452,2025-11-21,Wire,7407.6,Succeeded
PAY00004453,ORD00004453,2024-05-23,Wire,1028.87,Succeeded
PAY00004454,ORD00004454,2024-04-11,Card,6203.28,Succeeded
PAY00004455,ORD00004455,2024-04-02,Wire,2991.0,Succeeded
PAY00004456,ORD00004456,2025-02-21,Card,577.85,Succeeded
PAY00004458,ORD00004458,2025-12-07,Wire,2734.9,Succeeded
PAY00004459,ORD00004459,2025-05-28,ACH,7912.16,Succeeded
PAY00004460,ORD00004460,2024-05-13,Card,2678.09,Succeeded
PAY00004461,ORD00004461,2025-01-01,Wire,6453.16,Succeeded
PAY00004462,ORD00004462,2025-02-22,ACH,4310.46,Succeeded
PAY00004463,ORD00004463,2025-11-23,ACH,5392.64,Succeeded
PAY00004464,ORD00004464,2024-02-09,PayPal,8564.0,Succeeded
PAY00004466,ORD00004466,2025-07-07,Wire,1089.68,Succeeded
PAY00004468,ORD00004468,2025-03-28,ACH,4408.78,Succeeded
PAY00004469,ORD00004469,2025-09-07,PayPal,3334.13,Succeeded
PAY00004470,ORD00004470,2025-06-25,PayPal,2725.09,Succeeded
PAY00004471,ORD00004471,2025-10-28,Card,2948.81,Succeeded
PAY00004472,ORD00004472,2025-02-09,Wire,2689.56,Succeeded
PAY00004473,ORD00004473,2025-06-16,PayPal,4349.16,Succeeded
PAY00004475,ORD00004475,2025-03-02,ACH,4867.34,Succeeded
PAY00004476,ORD00004476,2024-12-06,ACH,2442.55,Succeeded
PAY00004477,ORD00004477,2024-08-22,Wire,7591.43,Succeeded
PAY00004478,ORD00004478,2025-07-04,PayPal,1747.28,Succeeded
PAY00004479,ORD00004479,2024-03-01,Wire,108.45,Succeeded
PAY00004481,ORD00004481,2025-12-26,PayPal,5268.62,Succeeded
PAY00004482,ORD00004482,2025-01-08,Wire,5498.0,Succeeded
PAY00004483,ORD00004483,2024-06-13,Wire,5616.58,Succeeded
PAY00004484,ORD00004484,2024-01-06,Card,1552.73,Succeeded
PAY00004485,ORD00004485,2024-07-30,Wire,2525.66,Succeeded
PAY00004486,ORD00004486,2024-12-27,Card,500.7,Succeeded
PAY00004487,ORD00004487,2025-01-14,ACH,7027.8,Pending
PAY00004488,ORD00004488,2026-02-19,ACH,4884.71,Succeeded
PAY00004489,ORD00004489,2026-01-12,Card,398.27,Succeeded
PAY00004490,ORD00004490,2025-06-26,Wire,2338.1,Succeeded
PAY00004491,ORD00004491,2025-01-04,ACH,1931.93,Failed
PAY00004492,ORD00004492,2024-10-16,Card,3123.76,Succeeded
PAY00004493,ORD00004493,2026-01-27,ACH,455.96,Succeeded
PAY00004494,ORD00004494,2025-12-23,Card,3375.84,Succeeded
PAY00004495,ORD00004495,2025-05-05,ACH,4228.79,Succeeded
PAY00004496,ORD00004496,2025-02-23,Wire,283.66,Succeeded
PAY00004497,ORD00004497,2025-12-11,Card,6400.76,Succeeded
PAY00004498,ORD00004498,2024-01-14,Card,991.24,Succeeded
PAY00004500,ORD00004500,2025-08-04,ACH,316.5,Succeeded
PAY00004501,ORD00004501,2025-02-21,Card,2108.22,Succeeded
PAY00004502,ORD00004502,2026-01-29,Wire,2004.76,Succeeded
PAY00004503,ORD00004503,2025-09-26,Card,897.83,Failed
PAY00004504,ORD00004504,2026-02-16,Card,1422.43,Failed
PAY00004505,ORD00004505,2024-10-19,Card,10140.32,Succeeded
PAY00004506,ORD00004506,2024-04-15,Card,4472.89,Pending
PAY00004508,ORD00004508,2025-03-07,ACH,7680.19,Succeeded
PAY00004509,ORD00004509,2026-01-10,Wire,2062.76,Succeeded
PAY00004510,ORD00004510,2024-12-27,Wire,1243.88,Succeeded
PAY00004511,ORD00004511,2025-10-13,Wire,1844.38,Succeeded
PAY00004512,ORD00004512,2025-06-09,ACH,2520.31,Succeeded
PAY00004513,ORD00004513,2025-11-22,Wire,2794.94,Succeeded
PAY00004514,ORD00004514,2025-01-14,Card,582.23,Succeeded
PAY00004515,ORD00004515,2025-02-14,PayPal,677.94,Succeeded
PAY00004516,ORD00004516,2025-05-18,Card,6118.11,Pending
PAY00004517,ORD00004517,2024-05-14,ACH,6445.77,Succeeded
PAY00004518,ORD00004518,2025-10-12,ACH,3013.07,Succeeded
PAY00004519,ORD00004519,2025-01-30,Card,1796.8,Succeeded
PAY00004520,ORD00004520,2025-02-05,Wire,3246.53,Succeeded
PAY00004521,ORD00004521,2024-04-05,Card,6350.16,Succeeded
PAY00004522,ORD00004522,2025-02-27,ACH,5635.8,Pending
PAY00004523,ORD00004523,2025-10-17,Card,4400.67,Succeeded
PAY00004524,ORD00004524,2026-01-13,Card,4068.08,Succeeded
PAY00004525,ORD00004525,2024-08-16,PayPal,1834.97,Succeeded
PAY00004526,ORD00004526,2025-12-27,ACH,5548.02,Succeeded
PAY00004527,ORD00004527,2024-11-13,PayPal,1198.99,Succeeded
PAY00004528,ORD00004528,2025-11-29,Wire,1028.34,Succeeded
PAY00004529,ORD00004529,2026-01-03,ACH,2332.69,Succeeded
PAY00004531,ORD00004531,2025-02-14,ACH,3354.9,Succeeded
PAY00004533,ORD00004533,2026-01-20,Wire,2266.57,Succeeded
PAY00004534,ORD00004534,2024-02-22,Card,3598.36,Succeeded
PAY00004535,ORD00004535,2025-07-28,Card,6275.0,Succeeded
PAY00004536,ORD00004536,2024-07-28,Card,4953.56,Succeeded
PAY00004537,ORD00004537,2024-06-01,Wire,3952.66,Succeeded
PAY00004538,ORD00004538,2025-04-14,PayPal,1897.35,Succeeded
PAY00004539,ORD00004539,2026-01-08,ACH,1339.41,Pending
PAY00004540,ORD00004540,2025-10-20,ACH,2746.66,Succeeded
PAY00004541,ORD00004541,2026-02-02,Wire,3102.33,Succeeded
PAY00004542,ORD00004542,2024-01-05,ACH,5407.61,Succeeded
PAY00004543,ORD00004543,2024-12-31,PayPal,7914.12,Succeeded
PAY00004544,ORD00004544,2025-04-02,ACH,3242.78,Succeeded
PAY00004545,ORD00004545,2026-02-21,Wire,2410.9,Succeeded
PAY00004546,ORD00004546,2024-09-11,PayPal,269.9,Succeeded
PAY00004547,ORD00004547,2025-03-18,Card,5851.4,Succeeded
PAY00004548,ORD00004548,2024-06-26,ACH,1233.95,Succeeded
PAY00004549,ORD00004549,2026-01-26,ACH,930.88,Succeeded
PAY00004550,ORD00004550,2025-04-09,PayPal,572.35,Succeeded
PAY00004551,ORD00004551,2025-08-25,PayPal,7273.39,Succeeded
PAY00004552,ORD00004552,2024-11-04,PayPal,4463.9,Succeeded
PAY00004553,ORD00004553,2024-01-21,Wire,480.87,Succeeded
PAY00004554,ORD00004554,2025-02-24,Wire,3716.22,Succeeded
PAY00004555,ORD00004555,2024-04-11,ACH,3976.41,Failed
PAY00004556,ORD00004556,2024-02-18,PayPal,123.13,Succeeded
PAY00004557,ORD00004557,2025-10-23,PayPal,859.8,Succeeded
PAY00004558,ORD00004558,2024-09-17,PayPal,3453.74,Succeeded
PAY00004559,ORD00004559,2025-07-31,PayPal,3724.03,Succeeded
PAY00004560,ORD00004560,2025-11-13,Wire,5122.95,Succeeded
PAY00004561,ORD00004561,2026-01-10,PayPal,3247.62,Succeeded
PAY00004562,ORD00004562,2024-04-01,Card,6531.13,Succeeded
PAY00004563,ORD00004563,2025-02-09,Wire,471.85,Succeeded
PAY00004564,ORD00004564,2024-03-03,ACH,3460.5,Succeeded
PAY00004565,ORD00004565,2024-01-12,ACH,617.68,Succeeded
PAY00004566,ORD00004566,2025-03-31,Wire,1254.12,Succeeded
PAY00004567,ORD00004567,2024-08-12,Wire,3895.99,Succeeded
PAY00004568,ORD00004568,2025-10-30,Wire,5137.94,Succeeded
PAY00004569,ORD00004569,2024-11-29,Wire,333.93,Succeeded
PAY00004570,ORD00004570,2024-11-02,PayPal,2956.5,Succeeded
PAY00004571,ORD00004571,2025-07-27,PayPal,544.15,Succeeded
PAY00004572,ORD00004572,2024-07-16,ACH,667.08,Succeeded
PAY00004573,ORD00004573,2025-10-03,ACH,7211.89,Succeeded
PAY00004574,ORD00004574,2025-08-30,PayPal,4522.92,Succeeded
PAY00004575,ORD00004575,2024-11-10,Wire,1569.14,Succeeded
PAY00004576,ORD00004576,2025-01-15,PayPal,4346.55,Succeeded
PAY00004577,ORD00004577,2025-11-19,Card,4245.41,Succeeded
PAY00004578,ORD00004578,2025-08-23,Wire,5635.32,Succeeded
PAY00004579,ORD00004579,2024-12-20,Wire,5131.31,Pending
PAY00004580,ORD00004580,2024-07-03,ACH,3147.05,Succeeded
PAY00004581,ORD00004581,2025-01-10,Card,711.79,Succeeded
PAY00004582,ORD00004582,2024-02-28,Wire,2273.42,Succeeded
PAY00004583,ORD00004583,2024-08-10,ACH,3713.51,Succeeded
PAY00004584,ORD00004584,2025-10-15,ACH,1799.26,Succeeded
PAY00004585,ORD00004585,2024-12-19,Wire,760.5,Succeeded
PAY00004586,ORD00004586,2024-02-02,ACH,1042.14,Succeeded
PAY00004587,ORD00004587,2024-03-06,PayPal,3762.51,Succeeded
PAY00004588,ORD00004588,2024-10-16,ACH,363.7,Succeeded
PAY00004589,ORD00004589,2024-02-03,Card,1855.62,Succeeded
PAY00004590,ORD00004590,2024-08-24,ACH,5344.17,Failed
PAY00004591,ORD00004591,2025-06-21,Wire,4897.81,Failed
PAY00004592,ORD00004592,2024-04-24,Wire,4924.51,Succeeded
PAY00004593,ORD00004593,2024-10-10,Wire,503.41,Succeeded
PAY00004594,ORD00004594,2024-02-10,Card,986.15,Succeeded
PAY00004595,ORD00004595,2024-11-17,PayPal,1126.11,Succeeded
PAY00004596,ORD00004596,2024-12-12,Wire,7648.62,Succeeded
PAY00004597,ORD00004597,2024-07-05,Card,1465.85,Succeeded
PAY00004598,ORD00004598,2024-06-11,Wire,3847.48,Succeeded
PAY00004599,ORD00004599,2025-02-13,Card,8137.47,Succeeded
PAY00004600,ORD00004600,2024-04-06,Card,1732.22,Succeeded
PAY00004601,ORD00004601,2024-10-09,ACH,6627.09,Succeeded
PAY00004602,ORD00004602,2024-12-29,Wire,3097.5,Succeeded
PAY00004603,ORD00004603,2024-03-09,Wire,4008.42,Succeeded
PAY00004604,ORD00004604,2024-03-10,Card,3175.1,Succeeded
PAY00004605,ORD00004605,2025-06-23,ACH,1964.89,Succeeded
PAY00004606,ORD00004606,2025-05-03,Card,3848.13,Succeeded
PAY00004607,ORD00004607,2024-09-08,Card,4055.43,Pending
PAY00004609,ORD00004609,2024-05-02,Wire,4110.3,Succeeded
PAY00004610,ORD00004610,2025-06-25,Card,2682.11,Succeeded
PAY00004611,ORD00004611,2025-07-03,Wire,7044.47,Succeeded
PAY00004612,ORD00004612,2024-09-26,ACH,3889.22,Succeeded
PAY00004613,ORD00004613,2026-01-06,Card,1351.1,Succeeded
PAY00004614,ORD00004614,2025-01-29,Card,4782.75,Succeeded
PAY00004615,ORD00004615,2025-05-03,PayPal,5889.34,Succeeded
PAY00004616,ORD00004616,2025-08-21,Card,4475.6,Succeeded
PAY00004617,ORD00004617,2024-04-23,PayPal,1588.26,Succeeded
PAY00004618,ORD00004618,2024-04-02,ACH,358.19,Succeeded
PAY00004619,ORD00004619,2025-07-06,PayPal,3153.97,Succeeded
PAY00004620,ORD00004620,2024-03-06,PayPal,2300.23,Succeeded
PAY00004621,ORD00004621,2025-09-20,ACH,1699.9,Succeeded
PAY00004623,ORD00004623,2025-02-09,ACH,9723.61,Succeeded
PAY00004624,ORD00004624,2025-10-01,PayPal,7538.64,Succeeded
PAY00004625,ORD00004625,2025-09-20,ACH,3554.24,Succeeded
PAY00004626,ORD00004626,2024-12-13,Wire,3055.17,Succeeded
PAY00004627,ORD00004627,2024-08-02,ACH,8586.57,Succeeded
PAY00004628,ORD00004628,2024-06-20,Wire,3818.1,Succeeded
PAY00004629,ORD00004629,2025-10-15,Wire,222.12,Succeeded
PAY00004630,ORD00004630,2024-04-25,PayPal,190.35,Succeeded
PAY00004631,ORD00004631,2024-06-23,PayPal,1230.43,Succeeded
PAY00004632,ORD00004632,2024-11-25,Wire,5281.72,Succeeded
PAY00004633,ORD00004633,2025-06-27,Card,1245.11,Succeeded
PAY00004634,ORD00004634,2025-10-09,PayPal,8767.31,Succeeded
PAY00004635,ORD00004635,2025-12-18,ACH,1218.98,Pending
PAY00004636,ORD00004636,2025-05-28,PayPal,3217.22,Succeeded
PAY00004637,ORD00004637,2025-06-24,Card,2157.32,Succeeded
PAY00004638,ORD00004638,2024-07-27,Wire,3787.07,Succeeded
PAY00004639,ORD00004639,2024-03-31,Wire,618.01,Succeeded
PAY00004640,ORD00004640,2024-09-16,Card,6613.25,Succeeded
PAY00004641,ORD00004641,2024-04-11,ACH,2557.47,Succeeded
PAY00004642,ORD00004642,2025-06-25,Wire,7110.37,Failed
PAY00004644,ORD00004644,2025-07-28,Wire,2448.23,Succeeded
PAY00004645,ORD00004645,2025-09-20,PayPal,2089.63,Succeeded
PAY00004646,ORD00004646,2025-12-28,ACH,237.25,Succeeded
PAY00004648,ORD00004648,2024-03-13,PayPal,6862.37,Succeeded
PAY00004649,ORD00004649,2025-05-17,Wire,1665.93,Succeeded
PAY00004650,ORD00004650,2024-11-17,Wire,6669.45,Succeeded
PAY00004651,ORD00004651,2026-02-11,ACH,2753.03,Failed
PAY00004652,ORD00004652,2025-10-07,Card,5992.7,Succeeded
PAY00004653,ORD00004653,2024-07-03,Card,3244.6,Succeeded
PAY00004655,ORD00004655,2026-01-26,PayPal,1606.96,Succeeded
PAY00004656,ORD00004656,2024-12-28,Wire,4177.47,Succeeded
PAY00004657,ORD00004657,2025-07-29,Wire,3862.78,Succeeded
PAY00004658,ORD00004658,2025-02-02,Card,2825.68,Succeeded
PAY00004659,ORD00004659,2025-06-23,ACH,956.38,Succeeded
PAY00004660,ORD00004660,2024-10-24,Wire,1144.9,Succeeded
PAY00004661,ORD00004661,2024-09-06,Wire,1863.25,Succeeded
PAY00004662,ORD00004662,2026-02-10,Card,661.06,Failed
PAY00004664,ORD00004664,2024-09-22,Card,1431.42,Succeeded
PAY00004665,ORD00004665,2024-07-25,Card,8348.46,Succeeded
PAY00004666,ORD00004666,2025-03-01,PayPal,4694.57,Succeeded
PAY00004667,ORD00004667,2024-07-22,Wire,6772.65,Succeeded
PAY00004669,ORD00004669,2025-04-03,Wire,4115.42,Succeeded
PAY00004670,ORD00004670,2025-10-28,PayPal,3043.97,Succeeded
PAY00004671,ORD00004671,2025-11-05,Wire,6301.16,Succeeded
PAY00004672,ORD00004672,2024-12-13,ACH,4411.89,Succeeded
PAY00004673,ORD00004673,2024-08-16,Wire,5145.28,Succeeded
PAY00004674,ORD00004674,2024-03-02,Wire,1213.81,Failed
PAY00004676,ORD00004676,2024-10-17,ACH,1139.92,Succeeded
PAY00004677,ORD00004677,2024-04-25,Card,2374.35,Succeeded
PAY00004678,ORD00004678,2024-05-25,PayPal,3674.74,Pending
PAY00004679,ORD00004679,2024-07-16,Wire,7660.74,Succeeded
PAY00004680,ORD00004680,2025-04-05,PayPal,6751.19,Succeeded
PAY00004681,ORD00004681,2024-12-14,Card,2291.97,Succeeded
PAY00004682,ORD00004682,2024-04-25,ACH,4773.66,Pending
PAY00004684,ORD00004684,2025-03-31,Card,3162.79,Succeeded
PAY00004685,ORD00004685,2025-09-14,Wire,4073.67,Succeeded
PAY00004686,ORD00004686,2026-02-14,Card,1551.92,Succeeded
PAY00004687,ORD00004687,2025-02-19,Wire,4620.52,Succeeded
PAY00004688,ORD00004688,2024-11-12,PayPal,79.17,Succeeded
PAY00004689,ORD00004689,2025-03-06,PayPal,347.99,Succeeded
PAY00004690,ORD00004690,2024-08-25,PayPal,3444.24,Succeeded
PAY00004692,ORD00004692,2026-01-06,Wire,222.89,Succeeded
PAY00004694,ORD00004694,2024-01-20,ACH,3006.09,Succeeded
PAY00004695,ORD00004695,2025-01-06,Wire,1404.01,Succeeded
PAY00004696,ORD00004696,2024-10-22,PayPal,5464.68,Succeeded
PAY00004697,ORD00004697,2025-09-22,Card,930.03,Succeeded
PAY00004698,ORD00004698,2025-08-26,PayPal,4460.02,Succeeded
PAY00004699,ORD00004699,2024-10-08,Wire,1444.64,Succeeded
PAY00004700,ORD00004700,2024-07-05,Wire,5409.69,Succeeded
PAY00004701,ORD00004701,2024-11-22,Card,6353.3,Pending
PAY00004703,ORD00004703,2025-07-10,PayPal,5308.54,Succeeded
PAY00004704,ORD00004704,2025-06-18,Card,3311.91,Succeeded
PAY00004705,ORD00004705,2024-12-28,ACH,583.78,Succeeded
PAY00004706,ORD00004706,2024-10-23,PayPal,2638.37,Succeeded
PAY00004707,ORD00004707,2025-02-12,PayPal,2431.25,Succeeded
PAY00004708,ORD00004708,2024-01-21,Card,2753.56,Succeeded
PAY00004709,ORD00004709,2024-06-18,ACH,2796.23,Pending
PAY00004710,ORD00004710,2024-11-20,PayPal,3576.74,Succeeded
PAY00004711,ORD00004711,2025-05-07,PayPal,5748.49,Succeeded
PAY00004712,ORD00004712,2025-06-22,Card,2622.69,Succeeded
PAY00004713,ORD00004713,2025-08-03,PayPal,7447.34,Succeeded
PAY00004714,ORD00004714,2025-04-01,ACH,457.98,Succeeded
PAY00004715,ORD00004715,2025-08-23,Wire,5081.7,Succeeded
PAY00004716,ORD00004716,2025-03-15,ACH,5842.06,Succeeded
PAY00004717,ORD00004717,2025-08-04,PayPal,4229.14,Succeeded
PAY00004719,ORD00004719,2024-06-25,Card,7071.15,Succeeded
PAY00004720,ORD00004720,2025-03-23,ACH,6020.43,Succeeded
PAY00004721,ORD00004721,2024-07-16,Wire,4547.71,Succeeded
PAY00004722,ORD00004722,2024-04-16,Card,4308.65,Succeeded
PAY00004723,ORD00004723,2024-05-05,Card,3473.21,Succeeded
PAY00004724,ORD00004724,2024-06-21,Wire,988.46,Succeeded
PAY00004725,ORD00004725,2025-02-08,Wire,5378.31,Succeeded
PAY00004726,ORD00004726,2025-09-23,PayPal,3762.09,Succeeded
PAY00004727,ORD00004727,2024-02-11,Wire,6912.93,Succeeded
PAY00004728,ORD00004728,2025-10-20,ACH,4761.9,Succeeded
PAY00004729,ORD00004729,2024-08-19,Card,4672.0,Succeeded
PAY00004730,ORD00004730,2024-01-30,Card,33.63,Succeeded
PAY00004731,ORD00004731,2025-08-11,PayPal,1798.14,Succeeded
PAY00004732,ORD00004732,2024-12-16,Card,5926.06,Succeeded
PAY00004733,ORD00004733,2025-11-29,Card,5818.32,Succeeded
PAY00004734,ORD00004734,2024-06-25,Wire,896.15,Succeeded
PAY00004735,ORD00004735,2024-06-04,Wire,2466.62,Succeeded
PAY00004736,ORD00004736,2025-02-28,Card,5070.16,Succeeded
PAY00004737,ORD00004737,2025-10-31,Card,585.92,Succeeded
PAY00004738,ORD00004738,2026-03-02,PayPal,5017.12,Pending
PAY00004739,ORD00004739,2024-08-08,Wire,2022.61,Succeeded
PAY00004740,ORD00004740,2025-03-16,Wire,3534.1,Succeeded
PAY00004742,ORD00004742,2024-05-25,Card,2296.91,Failed
PAY00004743,ORD00004743,2024-04-15,PayPal,1060.43,Succeeded
PAY00004744,ORD00004744,2024-01-30,Wire,6616.95,Succeeded
PAY00004746,ORD00004746,2024-08-30,Wire,1236.96,Succeeded
PAY00004747,ORD00004747,2025-07-04,PayPal,1004.62,Succeeded
PAY00004748,ORD00004748,2024-07-28,Card,3782.74,Succeeded
PAY00004749,ORD00004749,2025-10-22,PayPal,939.85,Succeeded
PAY00004750,ORD00004750,2025-11-06,PayPal,7051.08,Succeeded
PAY00004751,ORD00004751,2025-02-11,Wire,2661.25,Succeeded
PAY00004752,ORD00004752,2025-06-20,Wire,5619.38,Succeeded
PAY00004753,ORD00004753,2025-12-09,PayPal,3822.98,Succeeded
PAY00004754,ORD00004754,2025-12-17,ACH,6007.7,Succeeded
PAY00004756,ORD00004756,2024-12-24,Wire,4617.97,Succeeded
PAY00004757,ORD00004757,2025-10-14,Wire,4251.14,Succeeded
PAY00004758,ORD00004758,2024-01-21,Card,1397.94,Succeeded
PAY00004759,ORD00004759,2025-06-22,Card,169.15,Succeeded
PAY00004760,ORD00004760,2024-01-07,Wire,1860.61,Succeeded
PAY00004761,ORD00004761,2025-07-10,Card,3094.2,Succeeded
PAY00004762,ORD00004762,2024-08-05,PayPal,3339.45,Succeeded
PAY00004763,ORD00004763,2025-04-22,Wire,1727.83,Succeeded
PAY00004764,ORD00004764,2024-08-11,Card,1315.43,Succeeded
PAY00004765,ORD00004765,2026-03-03,ACH,313.69,Succeeded
PAY00004766,ORD00004766,2025-04-23,ACH,3289.38,Succeeded
PAY00004767,ORD00004767,2026-03-01,Wire,5189.29,Succeeded
PAY00004768,ORD00004768,2024-06-12,Card,3435.29,Succeeded
PAY00004769,ORD00004769,2025-02-03,Card,8762.36,Succeeded
PAY00004770,ORD00004770,2025-03-03,PayPal,4562.69,Succeeded
PAY00004771,ORD00004771,2024-07-07,Wire,4110.69,Pending
PAY00004772,ORD00004772,2025-10-17,Wire,1733.12,Succeeded
PAY00004773,ORD00004773,2025-04-13,Card,2985.75,Succeeded
PAY00004774,ORD00004774,2025-12-25,PayPal,6654.9,Succeeded
PAY00004775,ORD00004775,2025-04-09,ACH,3374.57,Failed
PAY00004776,ORD00004776,2024-05-20,Wire,4986.69,Succeeded
PAY00004777,ORD00004777,2024-05-01,Wire,470.03,Succeeded
PAY00004778,ORD00004778,2024-10-02,ACH,2267.08,Succeeded
PAY00004779,ORD00004779,2024-06-09,Card,2287.05,Succeeded
PAY00004780,ORD00004780,2025-04-20,PayPal,2516.16,Succeeded
PAY00004781,ORD00004781,2025-01-14,Wire,6266.11,Succeeded
PAY00004782,ORD00004782,2025-06-14,Wire,3527.26,Succeeded
PAY00004783,ORD00004783,2024-01-27,Wire,3851.03,Succeeded
PAY00004784,ORD00004784,2024-03-30,Card,3292.31,Succeeded
PAY00004785,ORD00004785,2025-05-24,ACH,4078.09,Succeeded
PAY00004786,ORD00004786,2025-08-06,Card,3465.41,Succeeded
PAY00004787,ORD00004787,2025-07-11,ACH,4108.44,Succeeded
PAY00004788,ORD00004788,2025-12-05,ACH,3802.89,Succeeded
PAY00004789,ORD00004789,2024-05-13,Wire,3078.68,Succeeded
PAY00004790,ORD00004790,2024-03-13,Card,646.16,Succeeded
PAY00004791,ORD00004791,2025-06-02,ACH,4369.81,Succeeded
PAY00004792,ORD00004792,2024-10-01,Wire,3507.63,Succeeded
PAY00004793,ORD00004793,2024-02-28,PayPal,3327.1,Succeeded
PAY00004794,ORD00004794,2026-03-01,PayPal,2487.1,Succeeded
PAY00004795,ORD00004795,2024-02-06,ACH,1698.9,Succeeded
PAY00004796,ORD00004796,2024-12-10,Wire,1813.92,Succeeded
PAY00004798,ORD00004798,2024-04-26,ACH,866.99,Succeeded
PAY00004799,ORD00004799,2024-12-13,ACH,2059.41,Succeeded
PAY00004800,ORD00004800,2025-01-14,Wire,1181.67,Succeeded
PAY00004801,ORD00004801,2024-03-26,PayPal,5265.53,Succeeded
PAY00004802,ORD00004802,2025-08-09,PayPal,124.6,Succeeded
PAY00004803,ORD00004803,2026-02-18,PayPal,412.59,Succeeded
PAY00004804,ORD00004804,2026-01-08,Card,4363.06,Succeeded
PAY00004805,ORD00004805,2024-06-16,Card,2817.17,Succeeded
PAY00004806,ORD00004806,2025-01-03,PayPal,4359.14,Succeeded
PAY00004807,ORD00004807,2025-12-28,ACH,3341.15,Failed
PAY00004808,ORD00004808,2025-06-11,Card,5165.34,Succeeded
PAY00004809,ORD00004809,2025-12-10,PayPal,300.24,Succeeded
PAY00004810,ORD00004810,2024-12-22,PayPal,2444.64,Succeeded
PAY00004811,ORD00004811,2025-03-23,Wire,6036.13,Succeeded
PAY00004812,ORD00004812,2024-09-04,PayPal,2837.99,Succeeded
PAY00004814,ORD00004814,2025-12-28,ACH,5652.79,Succeeded
PAY00004815,ORD00004815,2024-03-01,Card,1812.16,Succeeded
PAY00004816,ORD00004816,2024-02-26,ACH,2386.62,Succeeded
PAY00004818,ORD00004818,2024-07-03,Card,1718.08,Succeeded
PAY00004819,ORD00004819,2025-02-09,Wire,5418.33,Succeeded
PAY00004820,ORD00004820,2025-10-18,ACH,5163.62,Succeeded
PAY00004822,ORD00004822,2025-02-24,PayPal,206.3,Succeeded
PAY00004823,ORD00004823,2025-04-27,Card,2689.17,Succeeded
PAY00004824,ORD00004824,2025-05-16,Card,6652.78,Succeeded
PAY00004825,ORD00004825,2025-03-21,Card,5777.21,Succeeded
PAY00004826,ORD00004826,2025-08-07,ACH,1755.66,Succeeded
PAY00004827,ORD00004827,2024-03-05,PayPal,3855.26,Succeeded
PAY00004828,ORD00004828,2024-09-02,ACH,836.8,Succeeded
PAY00004831,ORD00004831,2024-04-01,PayPal,1336.02,Succeeded
PAY00004832,ORD00004832,2025-11-05,PayPal,4886.33,Succeeded
PAY00004833,ORD00004833,2024-10-07,Card,379.34,Succeeded
PAY00004834,ORD00004834,2025-07-02,Card,4233.67,Succeeded
PAY00004836,ORD00004836,2026-01-28,ACH,3138.66,Succeeded
PAY00004837,ORD00004837,2024-01-02,ACH,6346.99,Succeeded
PAY00004838,ORD00004838,2024-02-14,Wire,11312.93,Succeeded
PAY00004839,ORD00004839,2024-02-14,PayPal,5899.35,Succeeded
PAY00004841,ORD00004841,2024-02-03,Wire,1722.33,Succeeded
PAY00004842,ORD00004842,2025-01-05,Card,3780.11,Succeeded
PAY00004843,ORD00004843,2025-05-13,ACH,2527.34,Succeeded
PAY00004844,ORD00004844,2026-02-24,Wire,5882.01,Succeeded
PAY00004845,ORD00004845,2024-03-30,ACH,2502.45,Succeeded
PAY00004846,ORD00004846,2026-02-26,ACH,5755.36,Succeeded
PAY00004847,ORD00004847,2025-09-15,Wire,1849.62,Failed
PAY00004848,ORD00004848,2025-06-01,ACH,2521.16,Succeeded
PAY00004849,ORD00004849,2024-04-21,Card,3528.09,Succeeded
PAY00004850,ORD00004850,2025-12-20,Card,242.41,Succeeded
PAY00004851,ORD00004851,2024-08-22,Wire,2853.9,Succeeded
PAY00004852,ORD00004852,2024-01-06,Card,2018.81,Succeeded
PAY00004854,ORD00004854,2025-05-16,PayPal,1942.16,Succeeded
PAY00004855,ORD00004855,2024-01-03,Card,4398.57,Succeeded
PAY00004856,ORD00004856,2024-11-30,ACH,6392.86,Succeeded
PAY00004857,ORD00004857,2026-01-04,ACH,7595.8,Succeeded
PAY00004858,ORD00004858,2025-03-28,Card,2091.77,Failed
PAY00004859,ORD00004859,2024-02-16,PayPal,5292.24,Failed
PAY00004860,ORD00004860,2024-03-03,Wire,1298.62,Succeeded
PAY00004861,ORD00004861,2024-10-02,ACH,1060.18,Pending
PAY00004862,ORD00004862,2024-07-30,ACH,935.35,Succeeded
PAY00004863,ORD00004863,2025-07-24,Wire,6327.1,Succeeded
PAY00004864,ORD00004864,2024-07-24,ACH,2711.76,Succeeded
PAY00004865,ORD00004865,2024-12-25,PayPal,1771.54,Succeeded
PAY00004866,ORD00004866,2024-07-22,Card,3089.37,Succeeded
PAY00004867,ORD00004867,2025-08-23,PayPal,2846.7,Succeeded
PAY00004868,ORD00004868,2024-01-18,ACH,3359.66,Succeeded
PAY00004869,ORD00004869,2025-07-10,Card,2153.24,Succeeded
PAY00004870,ORD00004870,2024-05-15,Card,1397.16,Succeeded
PAY00004871,ORD00004871,2024-11-18,PayPal,1418.62,Succeeded
PAY00004872,ORD00004872,2025-03-19,PayPal,611.44,Succeeded
PAY00004873,ORD00004873,2025-03-07,PayPal,6668.52,Succeeded
PAY00004874,ORD00004874,2025-02-28,Card,3508.27,Succeeded
PAY00004875,ORD00004875,2024-12-05,Wire,5041.97,Succeeded
PAY00004876,ORD00004876,2025-10-30,PayPal,2095.84,Succeeded
PAY00004877,ORD00004877,2025-10-21,ACH,6579.82,Succeeded
PAY00004878,ORD00004878,2024-07-31,Card,1113.67,Succeeded
PAY00004879,ORD00004879,2024-09-29,PayPal,9394.64,Succeeded
PAY00004880,ORD00004880,2025-08-16,Card,3142.57,Succeeded
PAY00004881,ORD00004881,2026-01-12,PayPal,1933.22,Succeeded
PAY00004882,ORD00004882,2024-05-04,Card,3418.2,Failed
PAY00004883,ORD00004883,2026-02-13,PayPal,1842.21,Succeeded
PAY00004885,ORD00004885,2025-12-02,ACH,2955.18,Succeeded
PAY00004886,ORD00004886,2024-11-05,ACH,5388.52,Succeeded
PAY00004887,ORD00004887,2024-06-04,PayPal,3063.23,Succeeded
PAY00004888,ORD00004888,2025-08-17,Wire,8494.86,Succeeded
PAY00004889,ORD00004889,2025-01-04,ACH,1216.51,Succeeded
PAY00004890,ORD00004890,2025-03-17,ACH,1527.74,Succeeded
PAY00004891,ORD00004891,2025-05-26,Wire,426.56,Succeeded
PAY00004893,ORD00004893,2024-08-26,Card,4766.85,Succeeded
PAY00004894,ORD00004894,2025-02-23,ACH,2302.28,Succeeded
PAY00004895,ORD00004895,2024-08-06,PayPal,3820.77,Succeeded
PAY00004896,ORD00004896,2026-02-03,Wire,4448.24,Succeeded
PAY00004898,ORD00004898,2024-03-03,PayPal,2362.07,Succeeded
PAY00004899,ORD00004899,2025-07-21,PayPal,6339.78,Succeeded
PAY00004900,ORD00004900,2024-02-11,Card,687.64,Succeeded
PAY00004901,ORD00004901,2025-04-17,ACH,4145.37,Succeeded
PAY00004902,ORD00004902,2025-10-02,PayPal,1799.37,Succeeded
PAY00004903,ORD00004903,2025-01-11,Wire,3062.82,Succeeded
PAY00004904,ORD00004904,2025-10-04,Wire,3307.47,Succeeded
PAY00004905,ORD00004905,2024-12-12,ACH,4322.17,Succeeded
PAY00004906,ORD00004906,2024-08-26,PayPal,1633.34,Succeeded
PAY00004907,ORD00004907,2024-07-29,ACH,4922.84,Succeeded
PAY00004908,ORD00004908,2025-10-07,Wire,3271.48,Succeeded
PAY00004909,ORD00004909,2025-10-02,PayPal,370.86,Succeeded
PAY00004910,ORD00004910,2026-01-26,ACH,5459.55,Succeeded
PAY00004911,ORD00004911,2025-10-02,Card,3011.64,Succeeded
PAY00004912,ORD00004912,2024-11-22,Wire,753.68,Succeeded
PAY00004913,ORD00004913,2024-10-19,ACH,1445.86,Succeeded
PAY00004915,ORD00004915,2025-09-05,ACH,3689.89,Succeeded
PAY00004916,ORD00004916,2025-08-04,PayPal,1317.42,Pending
PAY00004917,ORD00004917,2024-10-19,PayPal,2801.17,Succeeded
PAY00004918,ORD00004918,2026-02-04,ACH,6754.63,Succeeded
PAY00004919,ORD00004919,2025-03-15,PayPal,4217.45,Succeeded
PAY00004920,ORD00004920,2025-05-18,Card,1746.52,Pending
PAY00004921,ORD00004921,2025-07-26,PayPal,3265.19,Succeeded
PAY00004922,ORD00004922,2024-11-12,PayPal,1439.98,Succeeded
PAY00004923,ORD00004923,2025-06-30,PayPal,3591.73,Succeeded
PAY00004924,ORD00004924,2024-01-07,Wire,2865.17,Succeeded
PAY00004925,ORD00004925,2025-07-23,Card,5039.7,Succeeded
PAY00004926,ORD00004926,2024-05-08,ACH,2581.42,Succeeded
PAY00004927,ORD00004927,2024-02-03,ACH,1853.27,Succeeded
PAY00004928,ORD00004928,2025-02-13,Wire,6196.54,Pending
PAY00004929,ORD00004929,2024-04-23,PayPal,3621.45,Succeeded
PAY00004930,ORD00004930,2024-03-20,Card,5259.3,Succeeded
PAY00004931,ORD00004931,2026-03-02,PayPal,4255.8,Succeeded
PAY00004932,ORD00004932,2024-04-10,ACH,2921.54,Succeeded
PAY00004933,ORD00004933,2024-02-15,Card,2671.91,Succeeded
PAY00004934,ORD00004934,2025-12-18,PayPal,2604.23,Succeeded
PAY00004935,ORD00004935,2025-12-29,PayPal,4303.43,Succeeded
PAY00004936,ORD00004936,2025-01-11,PayPal,3883.73,Succeeded
PAY00004937,ORD00004937,2024-12-13,Card,9611.88,Succeeded
PAY00004938,ORD00004938,2026-01-20,Card,4165.72,Succeeded
PAY00004939,ORD00004939,2025-10-01,PayPal,837.81,Succeeded
PAY00004940,ORD00004940,2024-06-30,PayPal,5647.19,Succeeded
PAY00004941,ORD00004941,2025-12-07,PayPal,5909.71,Succeeded
PAY00004942,ORD00004942,2025-07-30,Wire,1266.09,Succeeded
PAY00004943,ORD00004943,2024-10-29,Wire,4256.06,Succeeded
PAY00004944,ORD00004944,2024-06-30,ACH,386.54,Succeeded
PAY00004945,ORD00004945,2025-12-24,Wire,3234.51,Succeeded
PAY00004946,ORD00004946,2026-02-15,Wire,2244.79,Succeeded
PAY00004947,ORD00004947,2024-11-02,ACH,3875.26,Succeeded
PAY00004948,ORD00004948,2025-01-07,ACH,6216.13,Succeeded
PAY00004949,ORD00004949,2024-02-13,Wire,901.2,Pending
PAY00004950,ORD00004950,2024-12-25,Card,2941.22,Succeeded
PAY00004951,ORD00004951,2024-10-15,Card,5515.43,Pending
PAY00004952,ORD00004952,2025-03-16,Card,5235.99,Succeeded
PAY00004953,ORD00004953,2025-01-05,PayPal,3980.14,Succeeded
PAY00004954,ORD00004954,2024-10-22,Card,2100.95,Succeeded
PAY00004955,ORD00004955,2025-06-25,Card,4537.48,Succeeded
PAY00004956,ORD00004956,2025-01-23,ACH,9821.94,Succeeded
PAY00004958,ORD00004958,2024-10-23,PayPal,4074.23,Succeeded
PAY00004959,ORD00004959,2025-04-29,Wire,2798.15,Succeeded
PAY00004960,ORD00004960,2024-05-26,PayPal,1172.38,Succeeded
PAY00004961,ORD00004961,2024-09-30,ACH,849.32,Succeeded
PAY00004963,ORD00004963,2024-05-03,Wire,3777.0,Succeeded
PAY00004964,ORD00004964,2024-05-04,Wire,3939.79,Succeeded
PAY00004965,ORD00004965,2025-05-30,Wire,1784.96,Succeeded
PAY00004966,ORD00004966,2025-05-07,PayPal,1594.87,Succeeded
PAY00004968,ORD00004968,2025-01-18,Wire,3010.81,Succeeded
PAY00004969,ORD00004969,2025-12-15,Card,2894.37,Succeeded
PAY00004970,ORD00004970,2024-08-27,ACH,2080.49,Succeeded
PAY00004972,ORD00004972,2024-11-19,ACH,3748.76,Succeeded
PAY00004973,ORD00004973,2025-11-15,Wire,2985.86,Succeeded
PAY00004974,ORD00004974,2025-07-08,Wire,9584.34,Pending
PAY00004977,ORD00004977,2025-10-12,PayPal,43.15,Succeeded
PAY00004978,ORD00004978,2025-09-18,ACH,7087.39,Succeeded
PAY00004979,ORD00004979,2025-10-01,Wire,3954.53,Succeeded
PAY00004980,ORD00004980,2025-07-05,Wire,2818.44,Succeeded
PAY00004981,ORD00004981,2025-07-19,Card,3100.03,Succeeded
PAY00004982,ORD00004982,2024-04-18,Card,10193.55,Succeeded
PAY00004983,ORD00004983,2025-11-15,Card,8682.26,Succeeded
PAY00004984,ORD00004984,2024-04-17,ACH,4636.51,Succeeded
PAY00004985,ORD00004985,2025-10-18,Wire,11548.25,Succeeded
PAY00004986,ORD00004986,2025-10-03,Card,8696.1,Succeeded
PAY00004987,ORD00004987,2024-11-12,Wire,2217.64,Succeeded
PAY00004988,ORD00004988,2025-02-10,Wire,7216.05,Pending
PAY00004989,ORD00004989,2026-02-08,ACH,5420.94,Succeeded
PAY00004990,ORD00004990,2025-04-20,PayPal,8311.1,Succeeded
PAY00004991,ORD00004991,2026-01-27,PayPal,8335.09,Succeeded
PAY00004992,ORD00004992,2025-08-13,PayPal,826.38,Succeeded
PAY00004993,ORD00004993,2024-02-03,ACH,2784.72,Succeeded
PAY00004994,ORD00004994,2024-05-12,Card,2197.53,Succeeded
PAY00004995,ORD00004995,2025-09-29,PayPal,4629.51,Succeeded
PAY00004996,ORD00004996,2024-02-08,Wire,7319.25,Succeeded
PAY00004997,ORD00004997,2025-03-12,Card,5402.28,Succeeded
PAY00004998,ORD00004998,2024-10-08,Wire,1207.06,Succeeded
PAY00004999,ORD00004999,2025-05-26,Card,1186.51,Succeeded
PAY00005000,ORD00005000,2025-05-08,Card,10486.5,Succeeded
PAY00005002,ORD00005002,2025-07-21,ACH,1805.28,Succeeded
PAY00005003,ORD00005003,2025-01-13,Card,6636.22,Succeeded
PAY00005004,ORD00005004,2025-10-09,Wire,1892.25,Failed
PAY00005005,ORD00005005,2024-04-23,Card,3431.34,Succeeded
PAY00005007,ORD00005007,2025-04-23,PayPal,3228.83,Succeeded
PAY00005008,ORD00005008,2025-04-01,Card,5007.95,Succeeded
PAY00005009,ORD00005009,2024-10-09,ACH,4502.99,Succeeded
PAY00005010,ORD00005010,2026-01-11,Card,3533.04,Succeeded
PAY00005011,ORD00005011,2025-02-23,Card,1175.54,Succeeded
PAY00005012,ORD00005012,2025-12-23,PayPal,3222.16,Succeeded
PAY00005013,ORD00005013,2025-02-05,PayPal,1370.64,Succeeded
PAY00005014,ORD00005014,2024-11-26,Card,992.01,Succeeded
PAY00005015,ORD00005015,2024-12-12,PayPal,687.76,Succeeded
PAY00005016,ORD00005016,2024-11-14,Card,1898.87,Succeeded
PAY00005017,ORD00005017,2024-03-24,ACH,4783.21,Succeeded
PAY00005018,ORD00005018,2025-12-18,Card,3639.31,Succeeded
PAY00005019,ORD00005019,2025-02-24,ACH,3297.02,Succeeded
PAY00005020,ORD00005020,2025-07-27,Wire,2226.46,Succeeded
PAY00005021,ORD00005021,2024-04-02,Card,6267.09,Succeeded
PAY00005022,ORD00005022,2024-01-31,Wire,2736.6,Succeeded
PAY00005023,ORD00005023,2024-10-06,ACH,787.16,Succeeded
PAY00005024,ORD00005024,2026-02-21,ACH,7563.41,Succeeded
PAY00005025,ORD00005025,2024-04-30,Card,2677.19,Succeeded
PAY00005026,ORD00005026,2024-02-12,PayPal,4342.36,Succeeded
PAY00005027,ORD00005027,2025-06-20,Wire,1023.82,Succeeded
PAY00005028,ORD00005028,2024-04-09,PayPal,956.45,Succeeded
PAY00005030,ORD00005030,2024-03-17,PayPal,4714.37,Succeeded
PAY00005031,ORD00005031,2024-09-16,Card,5502.59,Succeeded
PAY00005032,ORD00005032,2025-09-03,PayPal,2005.42,Succeeded
PAY00005033,ORD00005033,2025-02-17,Card,778.97,Pending
PAY00005034,ORD00005034,2026-03-03,Card,3004.92,Pending
PAY00005035,ORD00005035,2025-03-09,Card,2669.85,Succeeded
PAY00005036,ORD00005036,2025-05-06,PayPal,2279.64,Succeeded
PAY00005037,ORD00005037,2024-06-28,Card,4374.57,Succeeded
PAY00005038,ORD00005038,2025-01-07,ACH,972.54,Succeeded
PAY00005039,ORD00005039,2024-02-17,Wire,3118.84,Succeeded
PAY00005040,ORD00005040,2024-10-27,Wire,222.76,Succeeded
PAY00005041,ORD00005041,2025-06-08,Wire,5879.08,Succeeded
PAY00005042,ORD00005042,2024-06-06,Card,4026.7,Succeeded
PAY00005043,ORD00005043,2025-03-30,PayPal,743.78,Succeeded
PAY00005044,ORD00005044,2024-12-29,PayPal,1321.6,Succeeded
PAY00005045,ORD00005045,2025-10-28,PayPal,1845.8,Succeeded
PAY00005046,ORD00005046,2024-01-24,Wire,4459.18,Succeeded
PAY00005047,ORD00005047,2024-06-26,Wire,258.49,Succeeded
PAY00005048,ORD00005048,2024-12-18,Wire,1366.28,Succeeded
PAY00005049,ORD00005049,2025-05-07,PayPal,4890.41,Succeeded
PAY00005050,ORD00005050,2025-04-16,PayPal,2832.44,Succeeded
PAY00005051,ORD00005051,2024-03-21,PayPal,3016.87,Succeeded
PAY00005052,ORD00005052,2024-04-28,PayPal,5111.02,Succeeded
PAY00005053,ORD00005053,2025-05-10,PayPal,2743.97,Succeeded
PAY00005054,ORD00005054,2025-11-01,PayPal,2866.78,Succeeded
PAY00005055,ORD00005055,2024-09-11,ACH,2430.98,Succeeded
PAY00005056,ORD00005056,2025-08-04,ACH,256.96,Succeeded
PAY00005057,ORD00005057,2025-10-12,ACH,3890.48,Succeeded
PAY00005058,ORD00005058,2024-10-12,PayPal,2746.49,Succeeded
PAY00005059,ORD00005059,2025-06-11,Wire,5708.09,Succeeded
PAY00005061,ORD00005061,2025-04-05,PayPal,943.77,Succeeded
PAY00005062,ORD00005062,2024-04-10,Wire,3020.71,Succeeded
PAY00005063,ORD00005063,2025-06-30,Card,5212.99,Succeeded
PAY00005064,ORD00005064,2024-09-02,PayPal,5862.7,Succeeded
PAY00005065,ORD00005065,2024-05-23,PayPal,5532.94,Succeeded
PAY00005066,ORD00005066,2024-12-15,Card,3988.19,Succeeded
PAY00005067,ORD00005067,2025-05-09,PayPal,6043.81,Succeeded
PAY00005068,ORD00005068,2025-12-02,Card,3966.81,Succeeded
PAY00005069,ORD00005069,2024-02-05,Card,4829.8,Pending
PAY00005070,ORD00005070,2024-08-30,Wire,4448.07,Succeeded
PAY00005072,ORD00005072,2025-04-05,PayPal,4753.73,Succeeded
PAY00005073,ORD00005073,2024-08-27,ACH,1293.91,Succeeded
PAY00005074,ORD00005074,2025-10-20,ACH,981.73,Succeeded
PAY00005075,ORD00005075,2024-04-12,Card,4035.53,Succeeded
PAY00005076,ORD00005076,2024-02-22,PayPal,2010.36,Succeeded
PAY00005077,ORD00005077,2024-02-03,ACH,4730.33,Failed
PAY00005078,ORD00005078,2024-05-20,Wire,4242.33,Succeeded
PAY00005079,ORD00005079,2025-09-15,PayPal,992.21,Succeeded
PAY00005080,ORD00005080,2026-01-25,ACH,906.05,Succeeded
PAY00005081,ORD00005081,2025-10-08,PayPal,5768.79,Succeeded
PAY00005082,ORD00005082,2025-12-04,PayPal,5136.93,Succeeded
PAY00005083,ORD00005083,2024-03-07,Card,5744.42,Succeeded
PAY00005084,ORD00005084,2024-11-01,PayPal,4496.24,Succeeded
PAY00005086,ORD00005086,2024-07-10,Wire,2341.74,Succeeded
PAY00005087,ORD00005087,2025-08-16,Wire,520.77,Pending
PAY00005088,ORD00005088,2025-09-24,ACH,740.14,Failed
PAY00005089,ORD00005089,2024-12-31,Wire,1025.32,Succeeded
PAY00005090,ORD00005090,2025-10-31,Wire,590.07,Succeeded
PAY00005091,ORD00005091,2025-07-29,PayPal,5383.08,Succeeded
PAY00005092,ORD00005092,2024-01-04,Card,4701.56,Succeeded
PAY00005093,ORD00005093,2024-03-21,ACH,4353.12,Succeeded
PAY00005095,ORD00005095,2025-08-01,ACH,6590.84,Succeeded
PAY00005096,ORD00005096,2026-01-04,ACH,6726.67,Succeeded
PAY00005097,ORD00005097,2025-03-13,Card,1610.02,Succeeded
PAY00005098,ORD00005098,2025-05-11,ACH,5981.12,Succeeded
PAY00005099,ORD00005099,2026-02-12,Wire,5075.19,Succeeded
PAY00005100,ORD00005100,2026-02-21,ACH,3434.39,Failed
PAY00005102,ORD00005102,2024-12-25,Wire,6595.94,Succeeded
PAY00005104,ORD00005104,2025-03-29,Card,995.62,Succeeded
PAY00005105,ORD00005105,2025-04-18,PayPal,1905.69,Pending
PAY00005106,ORD00005106,2025-07-15,PayPal,4708.48,Succeeded
PAY00005107,ORD00005107,2026-01-30,PayPal,92.01,Succeeded
PAY00005109,ORD00005109,2024-03-28,ACH,1561.22,Succeeded
PAY00005110,ORD00005110,2025-06-17,ACH,580.22,Succeeded
PAY00005111,ORD00005111,2024-12-12,ACH,3683.22,Succeeded
PAY00005112,ORD00005112,2025-02-04,Wire,4680.82,Succeeded
PAY00005113,ORD00005113,2024-01-19,Card,3077.76,Succeeded
PAY00005114,ORD00005114,2025-08-23,Card,3326.29,Succeeded
PAY00005115,ORD00005115,2024-12-26,ACH,5044.19,Succeeded
PAY00005116,ORD00005116,2025-12-25,ACH,3450.61,Succeeded
PAY00005117,ORD00005117,2025-08-14,PayPal,3887.23,Succeeded
PAY00005118,ORD00005118,2025-11-12,ACH,430.56,Succeeded
PAY00005119,ORD00005119,2024-10-10,ACH,4486.68,Succeeded
PAY00005120,ORD00005120,2024-06-14,PayPal,7807.27,Succeeded
PAY00005121,ORD00005121,2024-04-29,ACH,6216.25,Succeeded
PAY00005123,ORD00005123,2025-01-07,PayPal,3573.09,Succeeded
PAY00005124,ORD00005124,2026-01-07,Wire,2837.33,Succeeded
PAY00005125,ORD00005125,2024-03-02,PayPal,556.27,Succeeded
PAY00005126,ORD00005126,2026-02-22,Wire,4911.87,Succeeded
PAY00005127,ORD00005127,2024-04-07,Card,3559.28,Succeeded
PAY00005128,ORD00005128,2025-08-13,PayPal,5891.38,Succeeded
PAY00005129,ORD00005129,2024-10-28,ACH,1760.54,Succeeded
PAY00005130,ORD00005130,2025-11-24,ACH,2821.33,Succeeded
PAY00005131,ORD00005131,2025-08-06,PayPal,5272.68,Succeeded
PAY00005132,ORD00005132,2024-07-30,Card,3433.63,Succeeded
PAY00005133,ORD00005133,2025-12-03,PayPal,3041.29,Succeeded
PAY00005136,ORD00005136,2025-08-16,Card,1696.15,Failed
PAY00005137,ORD00005137,2024-09-26,Card,1384.17,Succeeded
PAY00005138,ORD00005138,2024-10-12,Wire,5117.29,Succeeded
PAY00005139,ORD00005139,2024-05-20,Wire,3004.86,Succeeded
PAY00005140,ORD00005140,2024-10-23,PayPal,1562.15,Succeeded
PAY00005141,ORD00005141,2025-12-19,ACH,386.26,Succeeded
PAY00005142,ORD00005142,2024-11-03,Card,1105.43,Succeeded
PAY00005143,ORD00005143,2024-12-20,ACH,160.84,Succeeded
PAY00005144,ORD00005144,2024-01-11,ACH,5783.68,Succeeded
PAY00005145,ORD00005145,2024-06-23,ACH,6477.55,Succeeded
PAY00005146,ORD00005146,2025-05-04,Card,1389.58,Succeeded
PAY00005147,ORD00005147,2025-06-02,Wire,8760.43,Succeeded
PAY00005148,ORD00005148,2025-01-11,Wire,2221.57,Succeeded
PAY00005149,ORD00005149,2025-11-21,Card,1539.84,Succeeded
PAY00005151,ORD00005151,2025-03-04,Card,4902.66,Succeeded
PAY00005152,ORD00005152,2025-12-05,ACH,4162.71,Succeeded
PAY00005153,ORD00005153,2024-07-16,ACH,4292.27,Succeeded
PAY00005154,ORD00005154,2025-06-16,Wire,679.2,Pending
PAY00005155,ORD00005155,2024-05-03,PayPal,6262.54,Succeeded
PAY00005156,ORD00005156,2025-08-29,PayPal,4741.21,Succeeded
PAY00005157,ORD00005157,2024-12-17,ACH,2024.31,Succeeded
PAY00005158,ORD00005158,2024-04-13,Wire,2312.27,Succeeded
PAY00005159,ORD00005159,2025-09-29,PayPal,2099.92,Succeeded
PAY00005160,ORD00005160,2024-11-08,Card,1468.31,Succeeded
PAY00005161,ORD00005161,2025-01-15,PayPal,307.19,Succeeded
PAY00005162,ORD00005162,2025-06-29,PayPal,10820.31,Succeeded
PAY00005163,ORD00005163,2024-04-25,Wire,3397.0,Succeeded
PAY00005164,ORD00005164,2026-02-27,Wire,5711.14,Succeeded
PAY00005165,ORD00005165,2024-10-17,ACH,4026.94,Succeeded
PAY00005166,ORD00005166,2025-06-15,Wire,69.36,Succeeded
PAY00005167,ORD00005167,2025-05-21,ACH,6410.27,Succeeded
PAY00005168,ORD00005168,2024-07-09,Card,552.33,Succeeded
PAY00005169,ORD00005169,2024-04-16,ACH,4411.04,Succeeded
PAY00005170,ORD00005170,2026-01-23,Wire,239.83,Failed
PAY00005171,ORD00005171,2024-07-01,Wire,8380.91,Succeeded
PAY00005172,ORD00005172,2024-12-26,PayPal,2301.33,Succeeded
PAY00005173,ORD00005173,2024-03-30,Card,7357.25,Succeeded
PAY00005174,ORD00005174,2025-01-27,Wire,7094.91,Succeeded
PAY00005175,ORD00005175,2025-06-18,Card,3270.34,Succeeded
PAY00005176,ORD00005176,2025-09-13,PayPal,3694.17,Succeeded
PAY00005177,ORD00005177,2025-02-16,Wire,8275.2,Succeeded
PAY00005178,ORD00005178,2024-07-16,ACH,308.62,Succeeded
PAY00005179,ORD00005179,2024-11-13,Card,5325.39,Failed
PAY00005180,ORD00005180,2025-02-02,ACH,2897.34,Succeeded
PAY00005181,ORD00005181,2025-10-16,ACH,5516.88,Succeeded
PAY00005182,ORD00005182,2025-05-19,Wire,3462.03,Succeeded
PAY00005183,ORD00005183,2026-01-27,Wire,3412.21,Succeeded
PAY00005184,ORD00005184,2024-12-30,Wire,553.92,Succeeded
PAY00005185,ORD00005185,2025-04-09,Wire,3318.81,Succeeded
PAY00005186,ORD00005186,2025-07-25,Wire,3611.44,Succeeded
PAY00005187,ORD00005187,2024-02-11,PayPal,2481.52,Succeeded
PAY00005188,ORD00005188,2024-11-27,PayPal,1501.6,Succeeded
PAY00005189,ORD00005189,2025-10-14,PayPal,5499.23,Succeeded
PAY00005190,ORD00005190,2024-12-25,ACH,1747.53,Pending
PAY00005191,ORD00005191,2025-07-20,ACH,6495.11,Succeeded
PAY00005192,ORD00005192,2024-05-22,ACH,10419.25,Succeeded
PAY00005193,ORD00005193,2024-07-24,Wire,402.82,Succeeded
PAY00005194,ORD00005194,2024-04-06,Card,5760.14,Succeeded
PAY00005196,ORD00005196,2024-07-22,PayPal,3261.04,Succeeded
PAY00005197,ORD00005197,2025-06-29,Wire,4768.91,Succeeded
PAY00005198,ORD00005198,2024-07-26,PayPal,4907.04,Succeeded
PAY00005199,ORD00005199,2024-04-07,PayPal,6076.75,Succeeded
PAY00005200,ORD00005200,2026-02-18,PayPal,3311.6,Succeeded
PAY00005201,ORD00005201,2025-06-30,Card,3690.42,Succeeded
PAY00005202,ORD00005202,2025-01-17,Wire,2350.07,Succeeded
PAY00005203,ORD00005203,2024-02-21,Wire,4788.12,Succeeded
PAY00005204,ORD00005204,2024-05-04,PayPal,5507.15,Succeeded
PAY00005205,ORD00005205,2024-01-12,Wire,6835.71,Succeeded
PAY00005206,ORD00005206,2025-12-07,Wire,6790.26,Succeeded
PAY00005207,ORD00005207,2024-04-04,Card,3605.01,Succeeded
PAY00005208,ORD00005208,2025-08-01,PayPal,655.41,Succeeded
PAY00005209,ORD00005209,2025-10-05,PayPal,3020.61,Succeeded
PAY00005210,ORD00005210,2024-02-26,Wire,1067.63,Succeeded
PAY00005211,ORD00005211,2024-01-15,PayPal,2424.79,Succeeded
PAY00005212,ORD00005212,2025-05-05,ACH,4783.4,Pending
PAY00005213,ORD00005213,2024-06-08,Card,1742.4,Succeeded
PAY00005214,ORD00005214,2025-01-18,Wire,298.99,Succeeded
PAY00005216,ORD00005216,2024-05-26,Wire,1482.19,Pending
PAY00005217,ORD00005217,2025-09-26,ACH,5344.9,Succeeded
PAY00005218,ORD00005218,2024-08-16,Card,3264.29,Succeeded
PAY00005219,ORD00005219,2025-06-05,Wire,319.36,Succeeded
PAY00005220,ORD00005220,2025-07-06,ACH,3045.94,Failed
PAY00005221,ORD00005221,2025-11-12,Card,136.85,Succeeded
PAY00005222,ORD00005222,2024-06-04,PayPal,3803.51,Succeeded
PAY00005223,ORD00005223,2024-05-16,ACH,4481.72,Succeeded
PAY00005224,ORD00005224,2024-01-28,Wire,4449.75,Succeeded
PAY00005225,ORD00005225,2024-05-02,Card,5606.81,Pending
PAY00005226,ORD00005226,2025-04-22,Wire,4487.82,Succeeded
PAY00005227,ORD00005227,2024-11-09,PayPal,802.32,Succeeded
PAY00005228,ORD00005228,2024-09-29,PayPal,4601.84,Failed
PAY00005229,ORD00005229,2025-01-11,ACH,4280.88,Succeeded
PAY00005230,ORD00005230,2025-12-08,Wire,942.59,Succeeded
PAY00005232,ORD00005232,2026-01-09,Wire,4515.52,Succeeded
PAY00005233,ORD00005233,2025-06-02,Card,3667.55,Succeeded
PAY00005234,ORD00005234,2025-10-24,ACH,750.23,Succeeded
PAY00005235,ORD00005235,2024-07-06,Card,4699.26,Succeeded
PAY00005236,ORD00005236,2025-02-27,Wire,2874.69,Succeeded
PAY00005238,ORD00005238,2024-10-10,Wire,2564.55,Succeeded
PAY00005239,ORD00005239,2024-06-06,Card,2198.42,Succeeded
PAY00005240,ORD00005240,2024-10-24,PayPal,1997.39,Succeeded
PAY00005241,ORD00005241,2024-02-22,ACH,6418.57,Succeeded
PAY00005242,ORD00005242,2025-01-20,PayPal,2631.57,Succeeded
PAY00005243,ORD00005243,2025-03-15,Wire,370.16,Succeeded
PAY00005244,ORD00005244,2024-06-11,ACH,4387.94,Succeeded
PAY00005245,ORD00005245,2024-12-19,Wire,563.89,Succeeded
PAY00005246,ORD00005246,2024-04-19,ACH,1218.31,Succeeded
PAY00005248,ORD00005248,2024-08-20,Wire,6201.62,Succeeded
PAY00005249,ORD00005249,2024-12-01,Wire,4167.67,Succeeded
PAY00005250,ORD00005250,2025-10-26,ACH,7396.04,Succeeded
PAY00005251,ORD00005251,2025-04-15,ACH,3144.32,Succeeded
PAY00005252,ORD00005252,2025-06-25,PayPal,2524.88,Succeeded
PAY00005253,ORD00005253,2024-12-07,ACH,8263.69,Succeeded
PAY00005254,ORD00005254,2024-02-10,ACH,4288.63,Succeeded
PAY00005255,ORD00005255,2026-01-24,PayPal,1874.31,Succeeded
PAY00005257,ORD00005257,2024-06-29,PayPal,3840.32,Succeeded
PAY00005258,ORD00005258,2025-07-30,Wire,1808.94,Succeeded
PAY00005259,ORD00005259,2025-01-25,Card,283.29,Succeeded
PAY00005261,ORD00005261,2025-09-17,PayPal,123.22,Succeeded
PAY00005262,ORD00005262,2024-01-26,Wire,3557.85,Succeeded
PAY00005263,ORD00005263,2025-04-06,Card,3763.68,Succeeded
PAY00005264,ORD00005264,2024-05-27,Card,1796.28,Succeeded
PAY00005265,ORD00005265,2024-10-10,Wire,7117.78,Failed
PAY00005266,ORD00005266,2024-10-08,ACH,4071.86,Succeeded
PAY00005267,ORD00005267,2025-07-31,ACH,4913.04,Succeeded
PAY00005268,ORD00005268,2024-08-29,Card,2807.94,Succeeded
PAY00005269,ORD00005269,2024-03-04,Wire,5571.19,Succeeded
PAY00005270,ORD00005270,2025-03-31,Card,6156.64,Succeeded
PAY00005271,ORD00005271,2026-01-07,Card,6941.63,Succeeded
PAY00005272,ORD00005272,2024-10-23,Card,6724.23,Succeeded
PAY00005273,ORD00005273,2025-08-27,PayPal,6314.05,Succeeded
PAY00005274,ORD00005274,2025-10-18,Wire,6396.46,Succeeded
PAY00005275,ORD00005275,2024-06-07,ACH,1979.88,Succeeded
PAY00005276,ORD00005276,2024-01-19,Card,3260.07,Succeeded
PAY00005277,ORD00005277,2024-05-05,Wire,1264.14,Succeeded
PAY00005278,ORD00005278,2024-07-25,PayPal,4969.22,Succeeded
PAY00005279,ORD00005279,2024-08-07,Wire,9840.31,Succeeded
PAY00005280,ORD00005280,2024-08-25,Card,4824.87,Succeeded
PAY00005281,ORD00005281,2024-07-09,ACH,8149.74,Succeeded
PAY00005282,ORD00005282,2025-08-27,PayPal,1188.59,Succeeded
PAY00005283,ORD00005283,2025-07-24,PayPal,3533.1,Succeeded
PAY00005284,ORD00005284,2024-09-21,Card,7461.14,Succeeded
PAY00005285,ORD00005285,2025-09-11,PayPal,6355.9,Succeeded
PAY00005286,ORD00005286,2024-07-13,ACH,379.24,Succeeded
PAY00005287,ORD00005287,2025-08-13,Wire,7475.25,Succeeded
PAY00005288,ORD00005288,2024-06-11,PayPal,3207.49,Succeeded
PAY00005289,ORD00005289,2025-03-14,ACH,4720.9,Succeeded
PAY00005290,ORD00005290,2024-07-21,ACH,6414.06,Succeeded
PAY00005291,ORD00005291,2024-02-28,PayPal,3073.71,Succeeded
PAY00005292,ORD00005292,2025-04-01,Wire,4061.36,Succeeded
PAY00005293,ORD00005293,2024-10-11,Wire,3842.57,Succeeded
PAY00005294,ORD00005294,2024-08-04,ACH,4136.68,Succeeded
PAY00005295,ORD00005295,2025-11-24,ACH,3205.86,Succeeded
PAY00005296,ORD00005296,2025-05-17,PayPal,8087.05,Succeeded
PAY00005297,ORD00005297,2025-03-30,Card,7446.74,Succeeded
PAY00005298,ORD00005298,2025-09-29,Wire,3581.24,Succeeded
PAY00005299,ORD00005299,2024-01-12,PayPal,1770.42,Succeeded
PAY00005300,ORD00005300,2024-03-11,Card,1566.02,Succeeded
PAY00005302,ORD00005302,2025-11-01,Card,2091.71,Succeeded
PAY00005303,ORD00005303,2025-04-27,PayPal,9814.43,Succeeded
PAY00005304,ORD00005304,2024-01-28,ACH,6397.97,Succeeded
PAY00005305,ORD00005305,2025-12-03,PayPal,453.99,Succeeded
PAY00005306,ORD00005306,2024-10-15,Wire,7392.02,Succeeded
PAY00005307,ORD00005307,2025-10-01,Wire,2604.29,Succeeded
PAY00005308,ORD00005308,2024-05-01,ACH,3516.4,Succeeded
PAY00005309,ORD00005309,2025-08-31,Card,3340.21,Succeeded
PAY00005310,ORD00005310,2025-12-25,Wire,4218.88,Succeeded
PAY00005311,ORD00005311,2025-10-10,Wire,5737.1,Succeeded
PAY00005312,ORD00005312,2024-07-12,ACH,6493.17,Succeeded
PAY00005313,ORD00005313,2025-07-18,Card,2174.86,Succeeded
PAY00005314,ORD00005314,2024-08-26,PayPal,1380.42,Succeeded
PAY00005315,ORD00005315,2025-03-15,PayPal,6622.84,Succeeded
PAY00005316,ORD00005316,2025-07-15,ACH,4074.28,Succeeded
PAY00005317,ORD00005317,2025-06-19,Card,1968.68,Succeeded
PAY00005318,ORD00005318,2025-06-20,Wire,2966.84,Succeeded
PAY00005319,ORD00005319,2024-05-12,ACH,646.22,Succeeded
PAY00005321,ORD00005321,2026-02-16,Wire,5064.17,Succeeded
PAY00005322,ORD00005322,2024-04-13,ACH,1580.51,Succeeded
PAY00005323,ORD00005323,2024-08-02,PayPal,5686.48,Succeeded
PAY00005324,ORD00005324,2025-07-01,PayPal,5396.13,Succeeded
PAY00005325,ORD00005325,2024-05-29,Wire,1575.87,Succeeded
PAY00005326,ORD00005326,2025-10-26,ACH,4164.53,Succeeded
PAY00005327,ORD00005327,2024-08-28,PayPal,4837.81,Pending
PAY00005328,ORD00005328,2025-04-02,ACH,2207.95,Succeeded
PAY00005329,ORD00005329,2025-11-22,Card,4443.36,Succeeded
PAY00005330,ORD00005330,2025-10-01,ACH,5844.32,Succeeded
PAY00005331,ORD00005331,2024-01-05,PayPal,3761.99,Succeeded
PAY00005333,ORD00005333,2024-03-29,Card,1929.71,Succeeded
PAY00005335,ORD00005335,2024-04-17,ACH,3138.15,Succeeded
PAY00005336,ORD00005336,2025-10-23,Wire,6377.88,Succeeded
PAY00005337,ORD00005337,2025-03-06,Card,335.58,Succeeded
PAY00005338,ORD00005338,2024-11-23,Wire,8869.98,Failed
PAY00005339,ORD00005339,2024-06-14,Card,2764.32,Succeeded
PAY00005340,ORD00005340,2024-01-10,ACH,643.4,Succeeded
PAY00005341,ORD00005341,2024-03-20,PayPal,6535.05,Succeeded
PAY00005342,ORD00005342,2024-06-25,PayPal,2313.62,Succeeded
PAY00005343,ORD00005343,2025-11-26,PayPal,1209.18,Succeeded
PAY00005344,ORD00005344,2025-08-11,Card,2798.68,Succeeded
PAY00005345,ORD00005345,2024-11-15,Card,6427.94,Succeeded
PAY00005346,ORD00005346,2025-08-02,Card,8804.68,Succeeded
PAY00005347,ORD00005347,2024-04-05,Card,1258.64,Succeeded
PAY00005348,ORD00005348,2025-07-16,PayPal,1609.74,Succeeded
PAY00005349,ORD00005349,2024-05-20,PayPal,227.89,Succeeded
PAY00005351,ORD00005351,2025-03-31,Card,4072.67,Succeeded
PAY00005352,ORD00005352,2025-06-23,ACH,2783.77,Succeeded
PAY00005353,ORD00005353,2025-09-04,PayPal,3737.87,Succeeded
PAY00005354,ORD00005354,2025-01-06,Wire,4879.92,Succeeded
PAY00005355,ORD00005355,2025-01-11,Card,2084.06,Succeeded
PAY00005356,ORD00005356,2024-01-17,Card,7345.0,Succeeded
PAY00005357,ORD00005357,2024-10-25,Wire,1949.08,Succeeded
PAY00005358,ORD00005358,2025-02-01,Card,6881.07,Succeeded
PAY00005359,ORD00005359,2024-10-30,PayPal,5022.8,Succeeded
PAY00005360,ORD00005360,2025-11-04,Card,2325.5,Succeeded
PAY00005361,ORD00005361,2024-11-03,Card,1718.26,Succeeded
PAY00005362,ORD00005362,2025-12-28,Card,512.84,Succeeded
PAY00005364,ORD00005364,2024-08-01,PayPal,5471.09,Succeeded
PAY00005365,ORD00005365,2024-05-27,Card,6404.07,Succeeded
PAY00005366,ORD00005366,2025-09-24,ACH,8423.95,Succeeded
PAY00005367,ORD00005367,2026-01-01,PayPal,104.21,Succeeded
PAY00005368,ORD00005368,2025-12-02,Wire,6573.37,Succeeded
PAY00005369,ORD00005369,2025-09-13,ACH,1580.54,Succeeded
PAY00005370,ORD00005370,2024-08-04,Wire,2132.42,Succeeded
PAY00005371,ORD00005371,2024-01-12,ACH,3922.37,Succeeded
PAY00005372,ORD00005372,2024-11-02,Card,3748.28,Succeeded
PAY00005373,ORD00005373,2024-07-20,Wire,8243.23,Succeeded
PAY00005374,ORD00005374,2024-04-24,Wire,1536.94,Succeeded
PAY00005375,ORD00005375,2024-09-21,Wire,4114.46,Succeeded
PAY00005376,ORD00005376,2025-08-16,Wire,500.83,Succeeded
PAY00005377,ORD00005377,2024-03-09,Card,962.66,Succeeded
PAY00005378,ORD00005378,2025-06-18,PayPal,198.33,Succeeded
PAY00005379,ORD00005379,2024-04-24,ACH,2341.72,Succeeded
PAY00005380,ORD00005380,2025-04-06,ACH,8421.64,Succeeded
PAY00005381,ORD00005381,2025-06-19,ACH,3842.39,Succeeded
PAY00005383,ORD00005383,2024-10-30,Wire,5350.5,Succeeded
PAY00005384,ORD00005384,2025-05-13,PayPal,2475.91,Succeeded
PAY00005385,ORD00005385,2024-09-24,PayPal,2118.89,Succeeded
PAY00005386,ORD00005386,2024-07-12,Card,5613.59,Succeeded
PAY00005387,ORD00005387,2025-06-02,Card,2778.96,Succeeded
PAY00005388,ORD00005388,2024-01-03,Card,6233.76,Succeeded
PAY00005389,ORD00005389,2024-04-10,ACH,4273.71,Succeeded
PAY00005390,ORD00005390,2025-05-04,Card,4588.7,Succeeded
PAY00005391,ORD00005391,2024-01-12,Wire,3494.12,Succeeded
PAY00005392,ORD00005392,2024-08-26,Card,2952.99,Succeeded
PAY00005393,ORD00005393,2025-11-02,Wire,1091.66,Succeeded
PAY00005394,ORD00005394,2024-11-12,ACH,2608.63,Failed
PAY00005395,ORD00005395,2024-05-16,Card,1116.85,Succeeded
PAY00005396,ORD00005396,2024-03-08,PayPal,2183.45,Succeeded
PAY00005397,ORD00005397,2024-01-23,PayPal,5026.17,Succeeded
PAY00005398,ORD00005398,2024-09-06,PayPal,1586.37,Succeeded
PAY00005399,ORD00005399,2025-03-14,ACH,4301.93,Succeeded
PAY00005401,ORD00005401,2025-03-30,PayPal,1723.96,Succeeded
PAY00005402,ORD00005402,2024-12-25,Wire,7066.58,Succeeded
PAY00005403,ORD00005403,2024-04-21,Wire,5628.24,Succeeded
PAY00005404,ORD00005404,2025-02-03,ACH,6168.89,Succeeded
PAY00005405,ORD00005405,2025-11-08,Wire,3738.3,Succeeded
PAY00005406,ORD00005406,2026-01-04,PayPal,7310.5,Succeeded
PAY00005407,ORD00005407,2024-06-19,Card,2850.72,Succeeded
PAY00005408,ORD00005408,2026-01-12,Card,859.14,Succeeded
PAY00005409,ORD00005409,2026-02-22,Wire,281.78,Pending
PAY00005410,ORD00005410,2024-06-19,Card,1248.4,Succeeded
PAY00005411,ORD00005411,2024-02-03,Wire,612.78,Succeeded
PAY00005412,ORD00005412,2026-02-04,ACH,3629.37,Succeeded
PAY00005413,ORD00005413,2025-11-18,Wire,3826.6,Succeeded
PAY00005414,ORD00005414,2025-02-02,Card,2923.82,Succeeded
PAY00005415,ORD00005415,2024-06-03,Wire,10568.2,Succeeded
PAY00005416,ORD00005416,2025-11-05,Card,6524.72,Succeeded
PAY00005417,ORD00005417,2026-03-03,Card,348.39,Succeeded
PAY00005418,ORD00005418,2025-07-31,Wire,1872.58,Succeeded
PAY00005419,ORD00005419,2024-10-08,Wire,410.35,Succeeded
PAY00005420,ORD00005420,2025-06-29,Card,4157.86,Succeeded
PAY00005421,ORD00005421,2026-01-06,ACH,5078.67,Succeeded
PAY00005422,ORD00005422,2024-04-26,ACH,5082.35,Succeeded
PAY00005423,ORD00005423,2025-11-11,PayPal,1753.31,Succeeded
PAY00005424,ORD00005424,2025-09-08,PayPal,1194.6,Succeeded
PAY00005425,ORD00005425,2025-05-27,PayPal,804.83,Succeeded
PAY00005426,ORD00005426,2024-03-28,PayPal,4796.52,Succeeded
PAY00005428,ORD00005428,2025-10-07,Wire,3163.56,Succeeded
PAY00005429,ORD00005429,2024-08-20,Card,1455.56,Succeeded
PAY00005430,ORD00005430,2024-08-15,Wire,8377.85,Succeeded
PAY00005431,ORD00005431,2026-02-20,PayPal,482.32,Succeeded
PAY00005432,ORD00005432,2024-11-11,ACH,3562.54,Failed
PAY00005433,ORD00005433,2026-02-17,PayPal,133.18,Succeeded
PAY00005434,ORD00005434,2025-03-14,Card,524.07,Succeeded
PAY00005435,ORD00005435,2024-03-21,Card,6663.37,Succeeded
PAY00005436,ORD00005436,2025-10-18,PayPal,2756.46,Succeeded
PAY00005437,ORD00005437,2025-07-23,ACH,4624.92,Succeeded
PAY00005438,ORD00005438,2024-06-02,PayPal,6251.85,Succeeded
PAY00005439,ORD00005439,2025-04-15,Wire,4274.89,Succeeded
PAY00005440,ORD00005440,2025-01-29,Wire,1536.55,Succeeded
PAY00005441,ORD00005441,2024-05-19,ACH,3625.64,Succeeded
PAY00005442,ORD00005442,2024-07-16,PayPal,2605.47,Succeeded
PAY00005443,ORD00005443,2025-11-05,Card,3487.07,Succeeded
PAY00005444,ORD00005444,2025-11-06,PayPal,2632.08,Succeeded
PAY00005445,ORD00005445,2025-12-03,PayPal,6208.6,Succeeded
PAY00005446,ORD00005446,2024-12-18,ACH,81.05,Succeeded
PAY00005447,ORD00005447,2025-06-12,PayPal,2382.7,Succeeded
PAY00005448,ORD00005448,2024-05-16,ACH,5846.9,Succeeded
PAY00005449,ORD00005449,2024-07-17,ACH,5289.07,Succeeded
PAY00005450,ORD00005450,2025-06-03,ACH,6635.12,Succeeded
PAY00005451,ORD00005451,2024-09-18,ACH,3768.29,Succeeded
PAY00005452,ORD00005452,2025-02-23,ACH,172.62,Succeeded
PAY00005453,ORD00005453,2026-01-30,PayPal,4059.16,Succeeded
PAY00005454,ORD00005454,2024-09-13,ACH,2305.85,Succeeded
PAY00005455,ORD00005455,2025-03-14,ACH,4725.77,Succeeded
PAY00005456,ORD00005456,2024-10-29,PayPal,606.06,Succeeded
PAY00005457,ORD00005457,2024-10-11,ACH,3786.31,Succeeded
PAY00005458,ORD00005458,2024-12-27,Card,1416.84,Succeeded
PAY00005459,ORD00005459,2024-11-09,ACH,5241.27,Succeeded
PAY00005460,ORD00005460,2025-07-03,Wire,2682.44,Succeeded
PAY00005461,ORD00005461,2024-03-01,PayPal,830.64,Succeeded
PAY00005463,ORD00005463,2026-01-16,Wire,3553.35,Succeeded
PAY00005464,ORD00005464,2024-12-10,Wire,3398.86,Succeeded
PAY00005466,ORD00005466,2024-06-10,Wire,7456.55,Succeeded
PAY00005467,ORD00005467,2024-11-02,Wire,4064.4,Succeeded
PAY00005469,ORD00005469,2025-08-14,ACH,1242.37,Failed
PAY00005470,ORD00005470,2025-12-26,Card,2154.83,Succeeded
PAY00005471,ORD00005471,2025-01-04,Wire,690.82,Succeeded
PAY00005472,ORD00005472,2025-06-14,PayPal,6216.9,Succeeded
PAY00005473,ORD00005473,2024-02-27,Card,352.45,Succeeded
PAY00005474,ORD00005474,2024-03-17,Card,5292.45,Succeeded
PAY00005475,ORD00005475,2025-06-23,PayPal,3285.13,Succeeded
PAY00005476,ORD00005476,2025-12-03,Card,1913.6,Succeeded
PAY00005477,ORD00005477,2024-04-20,Card,5570.69,Succeeded
PAY00005479,ORD00005479,2024-05-25,PayPal,1513.89,Succeeded
PAY00005480,ORD00005480,2024-11-29,Wire,3480.55,Succeeded
PAY00005481,ORD00005481,2025-05-18,ACH,967.6,Succeeded
PAY00005482,ORD00005482,2024-12-23,PayPal,4077.46,Succeeded
PAY00005483,ORD00005483,2025-09-03,PayPal,7184.15,Failed
PAY00005484,ORD00005484,2025-09-26,Card,2987.55,Succeeded
PAY00005485,ORD00005485,2026-01-17,ACH,4995.35,Succeeded
PAY00005486,ORD00005486,2025-06-11,PayPal,3915.77,Succeeded
PAY00005487,ORD00005487,2024-08-02,Wire,2688.68,Succeeded
PAY00005488,ORD00005488,2026-01-11,PayPal,4545.55,Succeeded
PAY00005489,ORD00005489,2024-02-28,PayPal,6946.59,Succeeded
PAY00005490,ORD00005490,2026-01-03,ACH,7178.36,Succeeded
PAY00005491,ORD00005491,2024-11-29,Wire,7719.47,Pending
PAY00005492,ORD00005492,2024-03-01,Card,119.07,Succeeded
PAY00005493,ORD00005493,2024-06-22,ACH,206.75,Succeeded
PAY00005494,ORD00005494,2025-09-07,Wire,2323.29,Succeeded
PAY00005495,ORD00005495,2024-09-18,PayPal,1545.52,Succeeded
PAY00005496,ORD00005496,2024-12-08,Card,3727.35,Succeeded
PAY00005497,ORD00005497,2026-02-26,Wire,156.99,Succeeded
PAY00005498,ORD00005498,2025-02-04,Wire,1490.97,Succeeded
PAY00005499,ORD00005499,2024-01-19,Wire,4139.56,Succeeded
PAY00005500,ORD00005500,2024-11-16,Wire,6511.36,Succeeded
PAY00005501,ORD00005501,2024-12-08,PayPal,4095.07,Succeeded
PAY00005502,ORD00005502,2025-11-04,PayPal,1368.64,Succeeded
PAY00005504,ORD00005504,2025-04-08,Wire,6968.14,Succeeded
PAY00005505,ORD00005505,2025-10-23,ACH,4550.76,Succeeded
PAY00005506,ORD00005506,2024-06-01,Card,255.12,Succeeded
PAY00005507,ORD00005507,2024-03-01,Wire,5294.94,Succeeded
PAY00005508,ORD00005508,2024-09-06,PayPal,1431.42,Succeeded
PAY00005509,ORD00005509,2024-07-08,ACH,3476.8,Succeeded
PAY00005510,ORD00005510,2025-11-20,Wire,2777.34,Succeeded
PAY00005511,ORD00005511,2024-09-11,Wire,5038.21,Succeeded
PAY00005512,ORD00005512,2025-01-28,ACH,380.25,Succeeded
PAY00005513,ORD00005513,2024-03-16,ACH,1878.74,Succeeded
PAY00005515,ORD00005515,2025-08-21,ACH,2596.98,Succeeded
PAY00005516,ORD00005516,2024-12-11,Wire,5137.28,Succeeded
PAY00005517,ORD00005517,2025-08-30,PayPal,1850.27,Succeeded
PAY00005518,ORD00005518,2025-10-15,Card,2096.26,Succeeded
PAY00005519,ORD00005519,2025-01-24,PayPal,1457.29,Succeeded
PAY00005520,ORD00005520,2025-09-03,ACH,1074.1,Succeeded
PAY00005521,ORD00005521,2024-05-23,PayPal,1447.56,Succeeded
PAY00005522,ORD00005522,2026-02-19,Card,7389.88,Succeeded
PAY00005523,ORD00005523,2025-12-28,Wire,4467.01,Succeeded
PAY00005524,ORD00005524,2026-02-27,Card,5654.47,Succeeded
PAY00005525,ORD00005525,2024-09-21,PayPal,7797.94,Succeeded
PAY00005526,ORD00005526,2024-11-10,ACH,6253.83,Succeeded
PAY00005527,ORD00005527,2026-02-11,Wire,7064.01,Succeeded
PAY00005528,ORD00005528,2025-01-28,Wire,123.03,Succeeded
PAY00005529,ORD00005529,2025-03-06,ACH,5485.16,Succeeded
PAY00005530,ORD00005530,2025-05-31,ACH,3350.66,Succeeded
PAY00005531,ORD00005531,2024-09-17,Card,1356.36,Succeeded
PAY00005532,ORD00005532,2024-01-17,ACH,3801.29,Succeeded
PAY00005533,ORD00005533,2025-05-21,Wire,2643.61,Succeeded
PAY00005534,ORD00005534,2026-02-26,PayPal,1795.88,Succeeded
PAY00005535,ORD00005535,2024-01-22,Wire,7067.63,Succeeded
PAY00005536,ORD00005536,2025-11-28,Wire,6489.4,Succeeded
PAY00005537,ORD00005537,2025-02-26,ACH,4054.04,Failed
PAY00005538,ORD00005538,2024-06-30,ACH,4957.07,Succeeded
PAY00005539,ORD00005539,2024-06-08,ACH,5153.59,Succeeded
PAY00005540,ORD00005540,2026-02-24,Wire,5557.47,Succeeded
PAY00005541,ORD00005541,2024-08-31,Wire,5682.59,Succeeded
PAY00005542,ORD00005542,2025-05-27,Card,6504.95,Succeeded
PAY00005543,ORD00005543,2024-07-02,Wire,2955.53,Succeeded
PAY00005544,ORD00005544,2025-02-09,PayPal,702.43,Succeeded
PAY00005545,ORD00005545,2025-04-06,Wire,5266.83,Succeeded
PAY00005546,ORD00005546,2026-01-19,PayPal,1609.12,Succeeded
PAY00005547,ORD00005547,2026-02-03,Wire,6004.61,Succeeded
PAY00005548,ORD00005548,2024-10-09,PayPal,5542.03,Succeeded
PAY00005549,ORD00005549,2024-01-30,Card,2323.47,Succeeded
PAY00005550,ORD00005550,2024-01-06,ACH,6290.87,Succeeded
PAY00005552,ORD00005552,2025-01-04,ACH,3804.1,Succeeded
PAY00005553,ORD00005553,2024-07-30,Wire,2636.34,Succeeded
PAY00005554,ORD00005554,2025-02-18,PayPal,3583.97,Succeeded
PAY00005555,ORD00005555,2024-05-07,PayPal,3712.41,Succeeded
PAY00005556,ORD00005556,2024-05-15,Card,3775.0,Succeeded
PAY00005557,ORD00005557,2025-11-25,Card,316.55,Succeeded
PAY00005558,ORD00005558,2026-01-30,Wire,5041.56,Succeeded
PAY00005561,ORD00005561,2024-09-07,ACH,3242.01,Succeeded
PAY00005562,ORD00005562,2025-04-02,Card,2467.93,Succeeded
PAY00005563,ORD00005563,2025-04-03,PayPal,1653.43,Succeeded
PAY00005564,ORD00005564,2024-10-20,ACH,3725.69,Succeeded
PAY00005565,ORD00005565,2026-01-28,ACH,1033.42,Succeeded
PAY00005566,ORD00005566,2025-01-31,Card,973.25,Succeeded
PAY00005567,ORD00005567,2025-08-02,ACH,2232.85,Succeeded
PAY00005568,ORD00005568,2025-07-29,ACH,3759.18,Succeeded
PAY00005569,ORD00005569,2025-02-11,ACH,1090.58,Succeeded
PAY00005570,ORD00005570,2025-04-22,Card,6339.15,Succeeded
PAY00005571,ORD00005571,2024-07-15,Card,4789.77,Succeeded
PAY00005572,ORD00005572,2024-05-03,Wire,4605.89,Pending
PAY00005573,ORD00005573,2025-04-18,ACH,4610.63,Succeeded
PAY00005574,ORD00005574,2025-05-13,Card,1559.32,Succeeded
PAY00005575,ORD00005575,2024-09-14,PayPal,2621.63,Succeeded
PAY00005576,ORD00005576,2025-10-03,Wire,1515.51,Failed
PAY00005577,ORD00005577,2024-11-20,Card,1646.83,Succeeded
PAY00005578,ORD00005578,2025-06-28,Card,1400.25,Succeeded
PAY00005579,ORD00005579,2024-10-25,Card,3342.54,Succeeded
PAY00005580,ORD00005580,2024-11-25,Card,1918.82,Succeeded
PAY00005581,ORD00005581,2025-06-24,PayPal,954.11,Succeeded
PAY00005582,ORD00005582,2024-03-23,PayPal,5220.99,Succeeded
PAY00005583,ORD00005583,2025-06-04,Card,3475.77,Succeeded
PAY00005584,ORD00005584,2025-04-02,Wire,4370.67,Succeeded
PAY00005585,ORD00005585,2026-01-02,Card,6936.73,Succeeded
PAY00005586,ORD00005586,2024-03-07,PayPal,4945.34,Succeeded
PAY00005587,ORD00005587,2024-12-13,PayPal,1980.52,Succeeded
PAY00005588,ORD00005588,2025-07-10,Card,132.27,Succeeded
PAY00005589,ORD00005589,2025-02-08,ACH,1336.78,Succeeded
PAY00005590,ORD00005590,2025-08-13,ACH,3907.63,Succeeded
PAY00005591,ORD00005591,2025-02-11,Wire,8245.03,Succeeded
PAY00005592,ORD00005592,2025-08-30,ACH,6033.62,Succeeded
PAY00005593,ORD00005593,2024-05-26,Wire,4471.17,Succeeded
PAY00005594,ORD00005594,2024-11-09,PayPal,2753.68,Succeeded
PAY00005595,ORD00005595,2025-11-29,PayPal,4871.74,Succeeded
PAY00005596,ORD00005596,2024-01-26,Card,2718.23,Succeeded
PAY00005597,ORD00005597,2025-11-20,Card,804.83,Succeeded
PAY00005598,ORD00005598,2025-02-11,Wire,3888.4,Succeeded
PAY00005599,ORD00005599,2024-02-18,Wire,419.43,Succeeded
PAY00005600,ORD00005600,2025-08-26,PayPal,4033.46,Succeeded
PAY00005601,ORD00005601,2025-02-25,Card,2727.73,Succeeded
PAY00005602,ORD00005602,2024-09-19,Wire,1108.83,Pending
PAY00005603,ORD00005603,2025-04-17,Card,6309.7,Succeeded
PAY00005604,ORD00005604,2024-01-23,PayPal,1354.35,Succeeded
PAY00005605,ORD00005605,2024-05-28,PayPal,1009.25,Succeeded
PAY00005606,ORD00005606,2024-10-07,Wire,5558.34,Succeeded
PAY00005607,ORD00005607,2025-10-20,Wire,5870.6,Succeeded
PAY00005608,ORD00005608,2025-09-06,ACH,924.0,Succeeded
PAY00005609,ORD00005609,2024-05-22,Wire,7508.39,Succeeded
PAY00005610,ORD00005610,2025-12-30,Card,160.54,Succeeded
PAY00005611,ORD00005611,2024-11-13,PayPal,666.63,Succeeded
PAY00005612,ORD00005612,2024-06-28,ACH,507.46,Succeeded
PAY00005613,ORD00005613,2024-03-27,ACH,646.95,Succeeded
PAY00005615,ORD00005615,2024-08-03,PayPal,730.47,Succeeded
PAY00005616,ORD00005616,2026-02-12,Card,5595.39,Succeeded
PAY00005617,ORD00005617,2024-02-29,Card,5121.76,Succeeded
PAY00005618,ORD00005618,2025-03-30,Card,8505.39,Failed
PAY00005620,ORD00005620,2024-03-08,Wire,1676.05,Pending
PAY00005622,ORD00005622,2024-09-08,Wire,2709.44,Succeeded
PAY00005623,ORD00005623,2026-01-13,PayPal,7423.94,Succeeded
PAY00005624,ORD00005624,2025-03-11,ACH,3274.31,Succeeded
PAY00005625,ORD00005625,2024-11-05,PayPal,2236.6,Succeeded
PAY00005626,ORD00005626,2024-10-17,Wire,2146.69,Succeeded
PAY00005627,ORD00005627,2024-05-11,Wire,2909.45,Succeeded
PAY00005628,ORD00005628,2025-04-22,PayPal,1183.59,Succeeded
PAY00005629,ORD00005629,2024-01-23,Card,5831.29,Succeeded
PAY00005630,ORD00005630,2025-05-06,Card,4798.89,Succeeded
PAY00005631,ORD00005631,2025-10-20,Card,2823.43,Succeeded
PAY00005632,ORD00005632,2024-12-31,ACH,7712.04,Succeeded
PAY00005633,ORD00005633,2026-01-28,PayPal,3029.51,Succeeded
PAY00005634,ORD00005634,2024-05-02,Card,7786.41,Succeeded
PAY00005635,ORD00005635,2024-05-31,Wire,4488.26,Failed
PAY00005636,ORD00005636,2025-09-30,Wire,2160.95,Succeeded
PAY00005637,ORD00005637,2025-07-28,PayPal,4332.83,Succeeded
PAY00005638,ORD00005638,2026-01-23,ACH,1694.94,Succeeded
PAY00005639,ORD00005639,2024-01-11,PayPal,1951.8,Succeeded
PAY00005640,ORD00005640,2025-09-16,Card,872.34,Pending
PAY00005641,ORD00005641,2024-05-21,ACH,2247.57,Succeeded
PAY00005642,ORD00005642,2025-08-23,Wire,1267.26,Succeeded
PAY00005643,ORD00005643,2025-12-07,Card,927.92,Succeeded
PAY00005644,ORD00005644,2025-04-16,PayPal,4201.67,Succeeded
PAY00005645,ORD00005645,2025-07-07,PayPal,1868.88,Pending
PAY00005646,ORD00005646,2026-02-02,Card,3032.72,Succeeded
PAY00005647,ORD00005647,2024-10-11,ACH,2714.44,Succeeded
PAY00005648,ORD00005648,2025-03-04,Wire,2701.25,Succeeded
PAY00005649,ORD00005649,2024-11-27,ACH,629.37,Failed
PAY00005650,ORD00005650,2025-10-30,Wire,4998.7,Succeeded
PAY00005651,ORD00005651,2025-08-16,Card,5421.82,Succeeded
PAY00005652,ORD00005652,2025-04-30,ACH,4034.55,Succeeded
PAY00005653,ORD00005653,2024-04-22,PayPal,2758.38,Succeeded
PAY00005654,ORD00005654,2025-07-09,ACH,1345.8,Succeeded
PAY00005655,ORD00005655,2024-02-07,Wire,4957.54,Succeeded
PAY00005656,ORD00005656,2025-06-19,PayPal,1375.69,Succeeded
PAY00005657,ORD00005657,2025-08-10,PayPal,4727.22,Succeeded
PAY00005658,ORD00005658,2025-11-27,PayPal,442.36,Succeeded
PAY00005659,ORD00005659,2024-09-05,PayPal,4592.58,Succeeded
PAY00005660,ORD00005660,2024-03-27,PayPal,4067.09,Succeeded
PAY00005661,ORD00005661,2025-07-08,ACH,4944.35,Succeeded
PAY00005662,ORD00005662,2024-05-11,Wire,9341.04,Succeeded
PAY00005663,ORD00005663,2026-01-14,Card,4964.68,Succeeded
PAY00005664,ORD00005664,2025-02-07,Card,3682.61,Succeeded
PAY00005665,ORD00005665,2024-01-19,PayPal,569.22,Succeeded
PAY00005666,ORD00005666,2025-04-01,Card,4927.37,Succeeded
PAY00005668,ORD00005668,2025-12-19,Card,3845.1,Succeeded
PAY00005669,ORD00005669,2025-06-07,PayPal,5350.27,Succeeded
PAY00005670,ORD00005670,2024-12-24,PayPal,2724.39,Succeeded
PAY00005671,ORD00005671,2025-05-31,PayPal,4258.99,Succeeded
PAY00005672,ORD00005672,2026-02-17,Wire,5850.69,Succeeded
PAY00005673,ORD00005673,2024-04-11,ACH,4198.71,Succeeded
PAY00005674,ORD00005674,2024-09-23,PayPal,1901.95,Succeeded
PAY00005675,ORD00005675,2026-01-29,Card,510.43,Succeeded
PAY00005676,ORD00005676,2025-11-20,PayPal,5762.64,Succeeded
PAY00005677,ORD00005677,2024-07-30,Wire,5872.9,Succeeded
PAY00005680,ORD00005680,2025-05-23,PayPal,5514.65,Pending
PAY00005682,ORD00005682,2025-08-03,Card,7032.4,Succeeded
PAY00005683,ORD00005683,2025-05-07,ACH,9292.94,Succeeded
PAY00005684,ORD00005684,2024-05-08,ACH,3582.93,Succeeded
PAY00005685,ORD00005685,2025-02-04,ACH,492.64,Succeeded
PAY00005686,ORD00005686,2025-02-26,ACH,3399.44,Succeeded
PAY00005687,ORD00005687,2024-01-16,ACH,6424.25,Succeeded
PAY00005688,ORD00005688,2025-01-29,ACH,4560.79,Succeeded
PAY00005689,ORD00005689,2026-02-06,PayPal,1425.21,Succeeded
PAY00005690,ORD00005690,2024-03-02,Card,2492.47,Failed
PAY00005691,ORD00005691,2025-12-05,Card,3249.94,Succeeded
PAY00005692,ORD00005692,2025-07-28,Card,4668.42,Succeeded
PAY00005693,ORD00005693,2024-07-16,Wire,4590.45,Succeeded
PAY00005695,ORD00005695,2024-12-01,ACH,3586.92,Succeeded
PAY00005696,ORD00005696,2024-01-07,Card,6507.65,Succeeded
PAY00005697,ORD00005697,2024-12-19,Card,4896.58,Succeeded
PAY00005698,ORD00005698,2025-04-04,Wire,411.45,Succeeded
PAY00005699,ORD00005699,2024-11-15,Card,4095.98,Succeeded
PAY00005701,ORD00005701,2024-03-07,ACH,2884.93,Succeeded
PAY00005702,ORD00005702,2024-04-28,PayPal,1182.45,Succeeded
PAY00005703,ORD00005703,2025-03-14,PayPal,3113.64,Succeeded
PAY00005704,ORD00005704,2026-01-15,Wire,4085.01,Succeeded
PAY00005705,ORD00005705,2025-10-16,ACH,1537.01,Succeeded
PAY00005706,ORD00005706,2026-02-27,PayPal,7141.0,Succeeded
PAY00005707,ORD00005707,2024-02-03,PayPal,2528.8,Succeeded
PAY00005708,ORD00005708,2025-05-05,Wire,245.61,Succeeded
PAY00005709,ORD00005709,2025-11-25,ACH,4434.77,Succeeded
PAY00005710,ORD00005710,2025-10-09,PayPal,6542.45,Succeeded
PAY00005711,ORD00005711,2025-11-07,Wire,7927.77,Failed
PAY00005712,ORD00005712,2024-05-29,PayPal,5531.63,Succeeded
PAY00005713,ORD00005713,2025-09-07,Card,4942.76,Succeeded
PAY00005714,ORD00005714,2024-10-28,ACH,2561.27,Succeeded
PAY00005715,ORD00005715,2024-06-14,Card,3084.07,Succeeded
PAY00005716,ORD00005716,2024-08-19,PayPal,1358.89,Succeeded
PAY00005717,ORD00005717,2025-12-30,Wire,5580.92,Succeeded
PAY00005718,ORD00005718,2025-10-26,ACH,83.09,Succeeded
PAY00005719,ORD00005719,2025-03-02,Wire,7407.71,Succeeded
PAY00005720,ORD00005720,2025-09-01,Wire,2271.85,Succeeded
PAY00005721,ORD00005721,2025-03-28,ACH,2620.82,Succeeded
PAY00005722,ORD00005722,2024-07-17,ACH,4639.1,Succeeded
PAY00005723,ORD00005723,2024-03-14,ACH,3408.8,Succeeded
PAY00005724,ORD00005724,2025-07-04,PayPal,1706.89,Succeeded
PAY00005726,ORD00005726,2024-11-29,Wire,2687.69,Succeeded
PAY00005727,ORD00005727,2025-08-03,ACH,4935.66,Succeeded
PAY00005729,ORD00005729,2025-10-08,ACH,2724.85,Succeeded
PAY00005730,ORD00005730,2025-07-26,PayPal,3565.98,Succeeded
PAY00005731,ORD00005731,2024-04-14,ACH,4342.15,Succeeded
PAY00005732,ORD00005732,2025-12-02,ACH,430.93,Failed
PAY00005733,ORD00005733,2024-02-04,PayPal,3847.22,Succeeded
PAY00005734,ORD00005734,2026-02-23,PayPal,3686.29,Succeeded
PAY00005735,ORD00005735,2026-03-01,ACH,2975.25,Failed
PAY00005736,ORD00005736,2025-12-18,ACH,3288.19,Succeeded
PAY00005737,ORD00005737,2025-06-19,PayPal,1641.87,Succeeded
PAY00005738,ORD00005738,2025-03-07,Wire,1401.58,Succeeded
PAY00005739,ORD00005739,2026-02-01,PayPal,3682.74,Succeeded
PAY00005740,ORD00005740,2024-07-24,PayPal,1566.73,Succeeded
PAY00005741,ORD00005741,2024-06-04,ACH,1722.65,Succeeded
PAY00005742,ORD00005742,2026-02-03,Card,8316.87,Succeeded
PAY00005743,ORD00005743,2024-11-05,PayPal,1359.99,Succeeded
PAY00005744,ORD00005744,2026-02-19,PayPal,3143.98,Succeeded
PAY00005745,ORD00005745,2025-12-15,ACH,3510.33,Succeeded
PAY00005746,ORD00005746,2024-12-15,PayPal,1569.71,Succeeded
PAY00005747,ORD00005747,2025-09-02,Wire,5222.85,Succeeded
PAY00005748,ORD00005748,2024-08-13,PayPal,5018.46,Succeeded
PAY00005749,ORD00005749,2025-07-26,PayPal,9592.19,Succeeded
PAY00005750,ORD00005750,2024-11-14,Card,165.08,Succeeded
PAY00005751,ORD00005751,2025-06-24,PayPal,4496.88,Succeeded
PAY00005752,ORD00005752,2024-06-20,ACH,4328.62,Succeeded
PAY00005753,ORD00005753,2024-02-08,ACH,7125.17,Succeeded
PAY00005754,ORD00005754,2025-09-29,Card,5503.33,Succeeded
PAY00005755,ORD00005755,2025-06-04,ACH,2539.72,Succeeded
PAY00005756,ORD00005756,2024-04-03,PayPal,5566.26,Succeeded
PAY00005757,ORD00005757,2025-11-26,Card,3218.51,Succeeded
PAY00005758,ORD00005758,2026-02-25,Wire,4054.09,Succeeded
PAY00005759,ORD00005759,2025-08-25,PayPal,1438.22,Succeeded
PAY00005761,ORD00005761,2025-08-28,Wire,8315.6,Succeeded
PAY00005762,ORD00005762,2025-03-20,ACH,4017.43,Succeeded
PAY00005763,ORD00005763,2025-02-27,Wire,1266.64,Succeeded
PAY00005764,ORD00005764,2024-01-25,Card,6377.5,Succeeded
PAY00005765,ORD00005765,2024-01-18,Card,238.07,Succeeded
PAY00005766,ORD00005766,2024-04-22,Wire,1075.68,Succeeded
PAY00005767,ORD00005767,2025-11-11,ACH,6605.45,Succeeded
PAY00005768,ORD00005768,2024-12-10,ACH,2507.84,Succeeded
PAY00005769,ORD00005769,2025-06-23,Wire,2347.37,Succeeded
PAY00005770,ORD00005770,2025-12-02,Wire,3349.14,Succeeded
PAY00005771,ORD00005771,2025-04-13,Wire,4937.86,Succeeded
PAY00005772,ORD00005772,2025-03-13,ACH,4090.96,Succeeded
PAY00005773,ORD00005773,2024-01-08,Wire,2149.54,Succeeded
PAY00005774,ORD00005774,2025-02-25,PayPal,2552.6,Succeeded
PAY00005775,ORD00005775,2025-07-09,Card,3510.69,Succeeded
PAY00005776,ORD00005776,2024-02-02,PayPal,2496.16,Succeeded
PAY00005777,ORD00005777,2025-01-12,PayPal,491.58,Succeeded
PAY00005778,ORD00005778,2025-03-11,Wire,604.06,Succeeded
PAY00005779,ORD00005779,2024-03-10,Wire,8030.86,Succeeded
PAY00005781,ORD00005781,2024-04-11,Card,4741.91,Succeeded
PAY00005782,ORD00005782,2025-11-18,Wire,7050.36,Succeeded
PAY00005783,ORD00005783,2024-03-21,PayPal,1490.27,Succeeded
PAY00005784,ORD00005784,2024-06-21,Card,5177.8,Succeeded
PAY00005785,ORD00005785,2025-11-02,ACH,2159.63,Succeeded
PAY00005786,ORD00005786,2024-12-16,Card,2933.04,Succeeded
PAY00005788,ORD00005788,2025-02-09,Card,299.68,Succeeded
PAY00005790,ORD00005790,2025-12-19,Card,5653.35,Succeeded
PAY00005791,ORD00005791,2025-03-21,Wire,4583.07,Succeeded
PAY00005792,ORD00005792,2025-03-14,ACH,5530.26,Succeeded
PAY00005793,ORD00005793,2026-01-10,Wire,1136.48,Succeeded
PAY00005794,ORD00005794,2026-02-13,ACH,3739.8,Succeeded
PAY00005795,ORD00005795,2025-05-08,PayPal,2221.06,Succeeded
PAY00005796,ORD00005796,2025-02-16,PayPal,5941.96,Failed
PAY00005797,ORD00005797,2025-01-29,Wire,1071.63,Succeeded
PAY00005799,ORD00005799,2025-04-03,ACH,6985.11,Succeeded
PAY00005800,ORD00005800,2025-02-18,Card,2247.35,Succeeded
PAY00005801,ORD00005801,2025-10-17,Wire,2939.13,Succeeded
PAY00005802,ORD00005802,2024-05-30,Wire,964.16,Succeeded
PAY00005803,ORD00005803,2024-09-03,ACH,3456.55,Succeeded
PAY00005804,ORD00005804,2024-09-15,PayPal,6643.05,Succeeded
PAY00005805,ORD00005805,2025-06-11,PayPal,3151.78,Succeeded
PAY00005806,ORD00005806,2025-11-04,Wire,3635.02,Succeeded
PAY00005807,ORD00005807,2024-05-08,PayPal,9217.94,Succeeded
PAY00005808,ORD00005808,2025-09-29,PayPal,2428.59,Succeeded
PAY00005809,ORD00005809,2024-06-06,Card,4193.54,Succeeded
PAY00005810,ORD00005810,2025-09-21,PayPal,3214.32,Succeeded
PAY00005811,ORD00005811,2024-11-10,ACH,2743.21,Succeeded
PAY00005813,ORD00005813,2026-01-30,Wire,693.74,Succeeded
PAY00005814,ORD00005814,2025-10-22,PayPal,4796.29,Succeeded
PAY00005815,ORD00005815,2024-07-11,Wire,6936.67,Succeeded
PAY00005816,ORD00005816,2024-01-31,ACH,1710.67,Failed
PAY00005817,ORD00005817,2025-10-11,PayPal,2389.82,Succeeded
PAY00005818,ORD00005818,2024-03-27,Card,5170.8,Succeeded
PAY00005819,ORD00005819,2024-08-17,PayPal,6174.32,Succeeded
PAY00005820,ORD00005820,2024-11-25,PayPal,4811.59,Succeeded
PAY00005821,ORD00005821,2024-04-12,PayPal,4901.19,Succeeded
PAY00005822,ORD00005822,2024-06-15,ACH,3549.78,Succeeded
PAY00005823,ORD00005823,2024-10-18,Card,922.87,Succeeded
PAY00005824,ORD00005824,2024-05-09,Wire,2529.68,Failed
PAY00005825,ORD00005825,2025-05-25,ACH,7933.76,Succeeded
PAY00005826,ORD00005826,2025-08-01,Wire,4160.67,Succeeded
PAY00005828,ORD00005828,2025-03-24,ACH,4084.66,Succeeded
PAY00005829,ORD00005829,2025-12-22,PayPal,7353.69,Succeeded
PAY00005830,ORD00005830,2024-08-20,Wire,5746.29,Succeeded
PAY00005831,ORD00005831,2024-01-28,PayPal,3319.19,Succeeded
PAY00005832,ORD00005832,2024-05-24,Wire,5599.71,Succeeded
PAY00005833,ORD00005833,2025-04-11,Wire,859.28,Succeeded
PAY00005834,ORD00005834,2025-05-03,ACH,185.58,Succeeded
PAY00005835,ORD00005835,2024-10-26,ACH,2217.58,Succeeded
PAY00005836,ORD00005836,2025-02-20,PayPal,3572.38,Succeeded
PAY00005837,ORD00005837,2025-07-05,ACH,1301.5,Succeeded
PAY00005838,ORD00005838,2025-02-01,Card,2346.46,Succeeded
PAY00005839,ORD00005839,2025-01-24,ACH,3329.58,Succeeded
PAY00005840,ORD00005840,2025-05-22,ACH,4255.08,Succeeded
PAY00005841,ORD00005841,2026-01-15,ACH,144.72,Succeeded
PAY00005842,ORD00005842,2025-11-10,Wire,8876.8,Succeeded
PAY00005843,ORD00005843,2026-01-07,PayPal,753.28,Succeeded
PAY00005844,ORD00005844,2024-05-06,PayPal,3167.36,Succeeded
PAY00005845,ORD00005845,2024-09-07,PayPal,3248.65,Succeeded
PAY00005846,ORD00005846,2025-04-04,ACH,7285.84,Pending
PAY00005847,ORD00005847,2024-10-25,ACH,3585.87,Succeeded
PAY00005848,ORD00005848,2025-09-06,PayPal,577.09,Succeeded
PAY00005849,ORD00005849,2024-10-13,Card,3243.58,Succeeded
PAY00005850,ORD00005850,2024-09-30,Wire,4043.99,Succeeded
PAY00005851,ORD00005851,2025-09-28,Wire,863.66,Succeeded
PAY00005852,ORD00005852,2024-12-27,PayPal,970.83,Succeeded
PAY00005853,ORD00005853,2026-02-26,PayPal,3088.5,Pending
PAY00005854,ORD00005854,2025-11-20,PayPal,2585.12,Succeeded
PAY00005855,ORD00005855,2026-02-17,ACH,1560.19,Succeeded
PAY00005856,ORD00005856,2024-04-04,ACH,1820.41,Succeeded
PAY00005857,ORD00005857,2026-01-17,Wire,4511.84,Succeeded
PAY00005858,ORD00005858,2024-08-01,PayPal,2021.29,Succeeded
PAY00005859,ORD00005859,2025-09-06,Card,3290.45,Succeeded
PAY00005860,ORD00005860,2025-05-28,PayPal,3691.27,Succeeded
PAY00005861,ORD00005861,2026-02-27,PayPal,5330.68,Succeeded
PAY00005862,ORD00005862,2024-08-03,Card,195.17,Succeeded
PAY00005863,ORD00005863,2024-07-12,Card,4629.53,Succeeded
PAY00005864,ORD00005864,2026-01-21,Wire,3217.08,Succeeded
PAY00005866,ORD00005866,2024-07-09,ACH,78.74,Failed
PAY00005867,ORD00005867,2025-06-15,Card,4069.19,Succeeded
PAY00005868,ORD00005868,2025-12-20,Card,1751.9,Pending
PAY00005869,ORD00005869,2025-10-07,Wire,3449.44,Succeeded
PAY00005870,ORD00005870,2025-07-28,PayPal,3257.12,Succeeded
PAY00005871,ORD00005871,2024-08-15,ACH,3200.61,Succeeded
PAY00005872,ORD00005872,2025-05-23,ACH,4815.54,Succeeded
PAY00005873,ORD00005873,2025-12-06,ACH,1309.12,Succeeded
PAY00005874,ORD00005874,2024-07-19,PayPal,5080.22,Succeeded
PAY00005875,ORD00005875,2024-02-01,Wire,2568.82,Succeeded
PAY00005876,ORD00005876,2024-04-16,PayPal,8231.27,Succeeded
PAY00005877,ORD00005877,2024-02-09,PayPal,3746.39,Succeeded
PAY00005878,ORD00005878,2024-01-12,Wire,139.78,Succeeded
PAY00005880,ORD00005880,2025-05-30,PayPal,8861.27,Succeeded
PAY00005881,ORD00005881,2025-09-22,Card,2767.11,Succeeded
PAY00005882,ORD00005882,2025-03-31,Card,7252.87,Succeeded
PAY00005883,ORD00005883,2024-11-24,PayPal,3385.68,Succeeded
PAY00005884,ORD00005884,2026-02-16,ACH,2930.24,Pending
PAY00005885,ORD00005885,2025-11-19,Card,5248.53,Pending
PAY00005886,ORD00005886,2025-10-21,ACH,3363.55,Succeeded
PAY00005887,ORD00005887,2025-01-13,Card,4469.98,Succeeded
PAY00005888,ORD00005888,2025-05-29,PayPal,2001.06,Succeeded
PAY00005889,ORD00005889,2024-02-24,ACH,5834.17,Succeeded
PAY00005890,ORD00005890,2025-04-14,Wire,5781.02,Succeeded
PAY00005891,ORD00005891,2025-05-13,Wire,2434.51,Succeeded
PAY00005892,ORD00005892,2025-09-10,ACH,8492.62,Succeeded
PAY00005893,ORD00005893,2024-07-29,Card,196.31,Succeeded
PAY00005894,ORD00005894,2025-12-07,ACH,4550.42,Succeeded
PAY00005895,ORD00005895,2025-05-23,Wire,3526.08,Succeeded
PAY00005896,ORD00005896,2026-02-24,ACH,5346.8,Succeeded
PAY00005897,ORD00005897,2025-05-15,Card,5167.23,Succeeded
PAY00005899,ORD00005899,2025-03-29,ACH,8390.32,Succeeded
PAY00005900,ORD00005900,2024-02-03,PayPal,2486.12,Succeeded
PAY00005901,ORD00005901,2024-07-06,ACH,4508.95,Succeeded
PAY00005902,ORD00005902,2024-01-08,ACH,2587.02,Succeeded
PAY00005903,ORD00005903,2024-08-29,Wire,3811.05,Succeeded
PAY00005904,ORD00005904,2025-06-26,Wire,2403.4,Succeeded
PAY00005905,ORD00005905,2025-07-23,PayPal,254.63,Succeeded
PAY00005906,ORD00005906,2024-12-13,PayPal,1160.13,Succeeded
PAY00005907,ORD00005907,2025-03-25,Card,1982.99,Succeeded
PAY00005908,ORD00005908,2024-02-25,ACH,4569.54,Succeeded
PAY00005909,ORD00005909,2025-01-19,ACH,5371.45,Succeeded
PAY00005910,ORD00005910,2025-09-07,PayPal,302.18,Succeeded
PAY00005912,ORD00005912,2025-06-09,ACH,6056.46,Succeeded
PAY00005913,ORD00005913,2024-10-19,ACH,3247.74,Succeeded
PAY00005914,ORD00005914,2024-08-06,ACH,4993.0,Succeeded
PAY00005915,ORD00005915,2024-04-25,ACH,7829.24,Succeeded
PAY00005916,ORD00005916,2025-04-29,Wire,1893.54,Succeeded
PAY00005917,ORD00005917,2025-01-06,PayPal,7855.83,Succeeded
PAY00005918,ORD00005918,2024-05-08,Card,4568.14,Succeeded
PAY00005919,ORD00005919,2026-01-16,ACH,8489.08,Succeeded
PAY00005920,ORD00005920,2025-12-31,PayPal,6699.98,Succeeded
PAY00005921,ORD00005921,2025-08-01,Card,4043.32,Succeeded
PAY00005922,ORD00005922,2025-09-23,ACH,2385.76,Succeeded
PAY00005923,ORD00005923,2025-02-02,Card,5449.86,Succeeded
PAY00005924,ORD00005924,2024-12-20,ACH,5352.36,Succeeded
PAY00005925,ORD00005925,2024-12-25,PayPal,2342.94,Succeeded
PAY00005926,ORD00005926,2025-07-11,PayPal,1300.83,Succeeded
PAY00005927,ORD00005927,2026-02-04,Wire,3051.81,Succeeded
PAY00005928,ORD00005928,2024-07-28,Card,1449.48,Succeeded
PAY00005929,ORD00005929,2025-11-03,Card,5058.93,Succeeded
PAY00005930,ORD00005930,2025-09-10,PayPal,654.64,Succeeded
PAY00005931,ORD00005931,2024-12-18,ACH,1981.85,Succeeded
PAY00005932,ORD00005932,2025-12-22,Card,3841.34,Succeeded
PAY00005933,ORD00005933,2025-02-08,ACH,3813.77,Succeeded
PAY00005935,ORD00005935,2025-11-07,ACH,582.41,Succeeded
PAY00005936,ORD00005936,2024-08-16,Card,1959.97,Succeeded
PAY00005937,ORD00005937,2025-06-08,Wire,297.42,Succeeded
PAY00005938,ORD00005938,2025-01-18,PayPal,3051.79,Succeeded
PAY00005939,ORD00005939,2025-10-02,Wire,4153.78,Succeeded
PAY00005940,ORD00005940,2025-11-11,ACH,6241.08,Succeeded
PAY00005941,ORD00005941,2024-09-27,ACH,7525.88,Failed
PAY00005942,ORD00005942,2025-05-12,Wire,1415.77,Succeeded
PAY00005944,ORD00005944,2024-07-03,Card,1248.47,Succeeded
PAY00005945,ORD00005945,2024-11-01,Wire,1946.75,Succeeded
PAY00005946,ORD00005946,2025-12-13,Wire,2404.13,Succeeded
PAY00005947,ORD00005947,2025-12-21,Card,5648.14,Succeeded
PAY00005948,ORD00005948,2024-05-29,PayPal,4171.25,Succeeded
PAY00005949,ORD00005949,2024-08-16,Wire,397.42,Succeeded
PAY00005950,ORD00005950,2025-05-30,Card,2539.17,Succeeded
PAY00005951,ORD00005951,2024-10-02,Wire,4695.6,Succeeded
PAY00005952,ORD00005952,2024-01-29,Wire,2263.59,Succeeded
PAY00005953,ORD00005953,2025-09-29,Card,2718.45,Succeeded
PAY00005954,ORD00005954,2024-09-18,ACH,1161.17,Succeeded
PAY00005955,ORD00005955,2025-07-24,Card,4509.14,Succeeded
PAY00005956,ORD00005956,2024-09-10,Wire,6005.29,Succeeded
PAY00005957,ORD00005957,2024-11-27,Card,1369.01,Succeeded
PAY00005959,ORD00005959,2024-02-23,Wire,5243.59,Succeeded
PAY00005960,ORD00005960,2025-04-29,PayPal,6138.29,Succeeded
PAY00005961,ORD00005961,2024-04-05,PayPal,2692.67,Succeeded
PAY00005962,ORD00005962,2024-11-04,PayPal,1441.68,Succeeded
PAY00005963,ORD00005963,2026-03-03,Wire,2702.37,Succeeded
PAY00005964,ORD00005964,2024-09-18,Card,2557.07,Succeeded
PAY00005965,ORD00005965,2025-06-21,PayPal,3614.31,Succeeded
PAY00005966,ORD00005966,2024-11-07,ACH,7851.51,Succeeded
PAY00005967,ORD00005967,2025-08-01,Card,3505.77,Succeeded
PAY00005968,ORD00005968,2024-12-26,Wire,2466.14,Succeeded
PAY00005969,ORD00005969,2025-11-26,ACH,4961.86,Succeeded
PAY00005970,ORD00005970,2024-10-04,PayPal,6241.18,Succeeded
PAY00005971,ORD00005971,2024-12-09,ACH,1085.87,Succeeded
PAY00005972,ORD00005972,2025-12-17,Wire,216.99,Succeeded
PAY00005973,ORD00005973,2025-12-15,PayPal,1351.38,Pending
PAY00005974,ORD00005974,2024-12-08,Wire,179.96,Succeeded
PAY00005975,ORD00005975,2025-02-22,Wire,3923.59,Succeeded
PAY00005976,ORD00005976,2025-03-05,PayPal,1648.1,Succeeded
PAY00005977,ORD00005977,2024-12-05,ACH,2461.56,Succeeded
PAY00005978,ORD00005978,2026-01-04,Card,4461.94,Succeeded
PAY00005979,ORD00005979,2025-08-26,ACH,5415.85,Succeeded
PAY00005980,ORD00005980,2024-10-27,PayPal,1474.1,Succeeded
PAY00005981,ORD00005981,2025-12-30,PayPal,1481.29,Succeeded
PAY00005982,ORD00005982,2024-05-19,ACH,3829.73,Succeeded
PAY00005983,ORD00005983,2025-04-19,Wire,486.32,Succeeded
PAY00005984,ORD00005984,2024-05-11,ACH,2570.78,Succeeded
PAY00005985,ORD00005985,2025-06-12,PayPal,5499.61,Succeeded
PAY00005986,ORD00005986,2024-06-17,Wire,8262.47,Succeeded
PAY00005987,ORD00005987,2025-08-10,PayPal,6089.11,Succeeded
PAY00005988,ORD00005988,2024-07-14,Card,5980.4,Pending
PAY00005989,ORD00005989,2025-01-07,PayPal,695.74,Succeeded
PAY00005990,ORD00005990,2024-02-21,ACH,2464.37,Succeeded
PAY00005991,ORD00005991,2025-02-06,ACH,2372.21,Succeeded
PAY00005992,ORD00005992,2024-04-18,ACH,9104.5,Succeeded
PAY00005993,ORD00005993,2025-12-20,ACH,3072.78,Succeeded
PAY00005994,ORD00005994,2024-08-28,PayPal,4784.09,Succeeded
PAY00005996,ORD00005996,2024-08-22,ACH,2731.16,Succeeded
PAY00005997,ORD00005997,2025-06-26,Wire,4464.03,Succeeded
PAY00005998,ORD00005998,2025-12-26,Wire,1450.75,Succeeded
PAY00005999,ORD00005999,2024-12-07,ACH,8621.17,Succeeded
PAY00006000,ORD00006000,2024-07-06,PayPal,2197.91,Succeeded
PAY00006001,ORD00006001,2024-06-13,Wire,1581.78,Succeeded
PAY00006002,ORD00006002,2024-06-25,Wire,4202.83,Succeeded
PAY00006004,ORD00006004,2024-11-18,ACH,2257.64,Succeeded
PAY00006005,ORD00006005,2025-07-07,PayPal,1321.68,Succeeded
PAY00006006,ORD00006006,2025-04-26,PayPal,1163.13,Succeeded
PAY00006007,ORD00006007,2025-05-22,PayPal,6236.24,Succeeded
PAY00006008,ORD00006008,2024-10-01,PayPal,1502.69,Succeeded
PAY00006009,ORD00006009,2026-02-22,Card,845.78,Succeeded
PAY00006011,ORD00006011,2024-11-07,Wire,3698.81,Succeeded
PAY00006012,ORD00006012,2026-01-17,Wire,599.62,Succeeded
PAY00006013,ORD00006013,2024-01-03,Card,2039.6,Succeeded
PAY00006014,ORD00006014,2025-04-08,PayPal,6405.56,Succeeded
PAY00006015,ORD00006015,2024-02-03,Card,8528.84,Succeeded
PAY00006016,ORD00006016,2026-01-26,PayPal,5032.56,Succeeded
PAY00006017,ORD00006017,2024-01-05,Wire,5484.39,Succeeded
PAY00006018,ORD00006018,2025-11-16,PayPal,1031.57,Succeeded
PAY00006019,ORD00006019,2025-06-22,Wire,4087.82,Succeeded
PAY00006021,ORD00006021,2025-01-21,PayPal,979.7,Succeeded
PAY00006022,ORD00006022,2024-10-14,Card,1750.88,Succeeded
PAY00006023,ORD00006023,2025-01-13,Card,1650.04,Succeeded
PAY00006025,ORD00006025,2024-12-26,ACH,1646.76,Succeeded
PAY00006026,ORD00006026,2025-10-27,Card,3182.21,Succeeded
PAY00006028,ORD00006028,2024-02-08,ACH,3535.17,Pending
PAY00006029,ORD00006029,2024-04-12,ACH,1899.28,Succeeded
PAY00006030,ORD00006030,2025-12-16,ACH,1934.05,Succeeded
PAY00006031,ORD00006031,2025-04-18,Wire,2367.45,Succeeded
PAY00006032,ORD00006032,2024-12-06,PayPal,8468.06,Succeeded
PAY00006034,ORD00006034,2024-01-21,ACH,1679.91,Succeeded
PAY00006035,ORD00006035,2024-07-03,PayPal,4417.99,Succeeded
PAY00006036,ORD00006036,2025-10-22,PayPal,3492.9,Succeeded
PAY00006037,ORD00006037,2026-02-07,ACH,15.6,Succeeded
PAY00006038,ORD00006038,2025-07-24,ACH,3236.98,Succeeded
PAY00006039,ORD00006039,2026-03-01,PayPal,2672.83,Succeeded
PAY00006040,ORD00006040,2024-01-29,Card,2222.11,Succeeded
PAY00006041,ORD00006041,2025-03-07,PayPal,3356.58,Succeeded
PAY00006042,ORD00006042,2026-01-08,PayPal,3796.0,Succeeded
PAY00006043,ORD00006043,2026-02-05,Card,1821.84,Succeeded
PAY00006044,ORD00006044,2024-05-12,ACH,1200.87,Succeeded
PAY00006045,ORD00006045,2024-08-29,Card,5932.1,Succeeded
PAY00006046,ORD00006046,2024-07-12,PayPal,1940.35,Succeeded
PAY00006048,ORD00006048,2024-08-29,PayPal,4368.73,Succeeded
PAY00006049,ORD00006049,2025-07-23,ACH,5727.37,Succeeded
PAY00006050,ORD00006050,2024-12-15,Card,354.0,Succeeded
PAY00006051,ORD00006051,2025-08-05,Wire,7283.83,Succeeded
PAY00006052,ORD00006052,2024-01-16,Card,84.45,Succeeded
PAY00006053,ORD00006053,2025-10-17,PayPal,4842.3,Succeeded
PAY00006054,ORD00006054,2024-11-29,PayPal,6905.24,Succeeded
PAY00006055,ORD00006055,2025-06-28,PayPal,6227.17,Succeeded
PAY00006056,ORD00006056,2024-07-10,Wire,1792.92,Succeeded
PAY00006059,ORD00006059,2025-10-26,PayPal,7368.67,Succeeded
PAY00006060,ORD00006060,2024-06-29,PayPal,5811.52,Succeeded
PAY00006061,ORD00006061,2026-02-20,PayPal,10505.1,Succeeded
PAY00006062,ORD00006062,2024-07-18,Wire,3434.72,Succeeded
PAY00006064,ORD00006064,2024-09-05,ACH,1265.19,Succeeded
PAY00006065,ORD00006065,2024-10-17,Card,4691.32,Succeeded
PAY00006066,ORD00006066,2025-03-20,ACH,2693.41,Succeeded
PAY00006067,ORD00006067,2025-03-11,ACH,2512.27,Succeeded
PAY00006068,ORD00006068,2026-02-03,Card,6554.78,Succeeded
PAY00006069,ORD00006069,2025-10-02,Card,9197.1,Succeeded
PAY00006072,ORD00006072,2026-02-17,PayPal,8318.92,Succeeded
PAY00006073,ORD00006073,2025-12-18,Card,3125.66,Succeeded
PAY00006074,ORD00006074,2025-08-01,ACH,3679.76,Succeeded
PAY00006075,ORD00006075,2024-03-06,PayPal,5023.72,Pending
PAY00006076,ORD00006076,2024-12-28,ACH,5678.65,Succeeded
PAY00006077,ORD00006077,2024-01-23,Wire,1061.38,Succeeded
PAY00006078,ORD00006078,2026-01-01,Wire,1320.7,Succeeded
PAY00006079,ORD00006079,2025-12-15,Card,421.99,Succeeded
PAY00006080,ORD00006080,2025-02-16,Card,1382.76,Succeeded
PAY00006081,ORD00006081,2025-10-21,Card,6979.66,Succeeded
PAY00006082,ORD00006082,2025-12-13,Card,3970.24,Succeeded
PAY00006083,ORD00006083,2025-06-23,Card,9761.32,Succeeded
PAY00006084,ORD00006084,2025-10-02,Wire,6232.04,Succeeded
PAY00006085,ORD00006085,2024-05-20,Wire,6535.47,Succeeded
PAY00006086,ORD00006086,2025-02-26,Card,6978.39,Succeeded
PAY00006087,ORD00006087,2024-09-26,PayPal,5057.51,Succeeded
PAY00006088,ORD00006088,2025-03-06,Wire,3127.78,Succeeded
PAY00006089,ORD00006089,2025-12-11,Wire,5141.34,Succeeded
PAY00006090,ORD00006090,2025-11-16,Wire,1130.3,Succeeded
PAY00006091,ORD00006091,2026-02-26,Wire,5043.08,Succeeded
PAY00006092,ORD00006092,2024-12-20,Wire,1286.79,Succeeded
PAY00006093,ORD00006093,2024-02-17,Card,1998.71,Succeeded
PAY00006094,ORD00006094,2025-06-03,Wire,1488.94,Succeeded
PAY00006095,ORD00006095,2024-01-22,PayPal,1681.28,Succeeded
PAY00006096,ORD00006096,2024-05-19,PayPal,4421.63,Succeeded
PAY00006097,ORD00006097,2024-01-25,Card,550.94,Succeeded
PAY00006099,ORD00006099,2024-04-15,Card,4427.38,Succeeded
PAY00006100,ORD00006100,2025-03-10,PayPal,4953.37,Succeeded
PAY00006101,ORD00006101,2024-09-26,PayPal,6778.15,Succeeded
PAY00006102,ORD00006102,2024-11-03,Card,5717.76,Succeeded
PAY00006103,ORD00006103,2025-08-19,PayPal,2510.03,Pending
PAY00006104,ORD00006104,2025-05-16,PayPal,2884.34,Succeeded
PAY00006105,ORD00006105,2025-11-15,Card,1597.0,Succeeded
PAY00006106,ORD00006106,2024-04-23,ACH,2342.08,Succeeded
PAY00006107,ORD00006107,2026-01-10,ACH,336.29,Succeeded
PAY00006108,ORD00006108,2024-10-26,Wire,3808.22,Succeeded
PAY00006109,ORD00006109,2024-01-14,ACH,8100.78,Succeeded
PAY00006110,ORD00006110,2025-12-14,Wire,4409.08,Succeeded
PAY00006111,ORD00006111,2025-05-23,Wire,1905.55,Succeeded
PAY00006112,ORD00006112,2024-09-01,Card,858.46,Succeeded
PAY00006113,ORD00006113,2024-04-22,PayPal,5639.67,Succeeded
PAY00006114,ORD00006114,2024-08-27,ACH,4285.71,Succeeded
PAY00006115,ORD00006115,2024-12-31,PayPal,3674.23,Succeeded
PAY00006116,ORD00006116,2024-12-18,Wire,1106.25,Succeeded
PAY00006117,ORD00006117,2025-08-13,PayPal,700.18,Succeeded
PAY00006118,ORD00006118,2026-02-11,ACH,7123.04,Pending
PAY00006119,ORD00006119,2024-09-05,Wire,1443.06,Succeeded
PAY00006120,ORD00006120,2025-12-04,Wire,2451.56,Succeeded
PAY00006121,ORD00006121,2025-09-21,Wire,4648.34,Succeeded
PAY00006122,ORD00006122,2026-02-09,Card,3211.98,Succeeded
PAY00006123,ORD00006123,2026-01-17,ACH,1667.57,Succeeded
PAY00006124,ORD00006124,2025-04-09,PayPal,1547.07,Succeeded
PAY00006125,ORD00006125,2026-02-18,Wire,1996.64,Succeeded
PAY00006126,ORD00006126,2024-03-25,ACH,5370.66,Succeeded
PAY00006127,ORD00006127,2024-10-16,Wire,3405.91,Succeeded
PAY00006128,ORD00006128,2025-10-03,Wire,3683.12,Succeeded
PAY00006129,ORD00006129,2025-06-01,PayPal,912.08,Succeeded
PAY00006130,ORD00006130,2025-07-08,ACH,2694.19,Succeeded
PAY00006131,ORD00006131,2024-09-22,Card,8295.33,Succeeded
PAY00006132,ORD00006132,2026-01-17,Card,5877.75,Succeeded
PAY00006133,ORD00006133,2025-10-13,ACH,6870.39,Succeeded
PAY00006134,ORD00006134,2025-02-02,PayPal,2259.17,Succeeded
PAY00006135,ORD00006135,2025-12-07,ACH,5249.22,Succeeded
PAY00006136,ORD00006136,2025-01-26,Card,5375.89,Succeeded
PAY00006137,ORD00006137,2026-02-18,Wire,4172.64,Succeeded
PAY00006138,ORD00006138,2025-01-12,PayPal,1795.15,Succeeded
PAY00006140,ORD00006140,2025-06-23,Wire,2188.94,Succeeded
PAY00006141,ORD00006141,2025-12-02,PayPal,380.07,Succeeded
PAY00006142,ORD00006142,2024-07-14,Card,3244.11,Succeeded
PAY00006143,ORD00006143,2025-03-20,Card,2265.94,Succeeded
PAY00006144,ORD00006144,2025-09-19,Wire,1085.9,Succeeded
PAY00006145,ORD00006145,2025-12-31,Wire,1753.33,Succeeded
PAY00006146,ORD00006146,2024-02-14,Wire,763.91,Pending
PAY00006147,ORD00006147,2025-06-04,ACH,6589.38,Succeeded
PAY00006148,ORD00006148,2025-11-19,PayPal,4739.54,Succeeded
PAY00006149,ORD00006149,2024-07-13,Card,1638.75,Succeeded
PAY00006151,ORD00006151,2024-02-21,ACH,2313.53,Succeeded
PAY00006152,ORD00006152,2025-04-29,Card,1601.45,Succeeded
PAY00006153,ORD00006153,2024-01-25,Card,7104.43,Succeeded
PAY00006155,ORD00006155,2025-07-07,PayPal,907.61,Succeeded
PAY00006156,ORD00006156,2025-05-18,PayPal,2123.01,Pending
PAY00006157,ORD00006157,2024-11-05,Card,3950.78,Succeeded
PAY00006159,ORD00006159,2025-07-03,Wire,378.64,Succeeded
PAY00006160,ORD00006160,2024-05-11,Wire,4568.12,Succeeded
PAY00006161,ORD00006161,2024-09-09,ACH,7102.23,Succeeded
PAY00006162,ORD00006162,2025-01-21,Wire,2537.92,Succeeded
PAY00006163,ORD00006163,2025-12-07,ACH,2374.14,Succeeded
PAY00006164,ORD00006164,2025-07-11,ACH,117.36,Succeeded
PAY00006165,ORD00006165,2025-04-10,ACH,1504.31,Succeeded
PAY00006166,ORD00006166,2026-01-30,ACH,7951.68,Succeeded
PAY00006167,ORD00006167,2025-07-06,Card,4999.31,Succeeded
PAY00006169,ORD00006169,2025-04-30,ACH,6389.01,Succeeded
PAY00006170,ORD00006170,2025-03-24,PayPal,4024.73,Succeeded
PAY00006171,ORD00006171,2025-09-26,PayPal,2537.92,Succeeded
PAY00006172,ORD00006172,2024-07-10,ACH,287.07,Succeeded
PAY00006173,ORD00006173,2024-01-26,PayPal,4771.46,Succeeded
PAY00006174,ORD00006174,2024-05-17,Card,5379.1,Failed
PAY00006175,ORD00006175,2024-01-09,ACH,3786.67,Succeeded
PAY00006176,ORD00006176,2025-03-19,PayPal,4006.02,Succeeded
PAY00006177,ORD00006177,2025-01-30,Card,4687.49,Succeeded
PAY00006178,ORD00006178,2025-05-15,PayPal,6795.63,Succeeded
PAY00006179,ORD00006179,2025-01-01,PayPal,1852.53,Succeeded
PAY00006180,ORD00006180,2025-11-12,ACH,3610.25,Succeeded
PAY00006181,ORD00006181,2024-09-07,PayPal,2703.6,Succeeded
PAY00006182,ORD00006182,2024-05-14,Card,5468.92,Succeeded
PAY00006183,ORD00006183,2024-04-25,Wire,6949.04,Succeeded
PAY00006184,ORD00006184,2024-02-18,Wire,3597.85,Succeeded
PAY00006185,ORD00006185,2024-06-17,Card,4732.74,Succeeded
PAY00006186,ORD00006186,2026-02-15,PayPal,11772.07,Succeeded
PAY00006187,ORD00006187,2025-03-22,PayPal,2655.41,Succeeded
PAY00006188,ORD00006188,2024-08-28,ACH,3246.68,Succeeded
PAY00006189,ORD00006189,2026-01-06,Wire,652.99,Succeeded
PAY00006190,ORD00006190,2024-10-29,ACH,96.04,Succeeded
PAY00006192,ORD00006192,2025-12-21,ACH,4251.26,Succeeded
PAY00006193,ORD00006193,2025-07-12,Card,3091.61,Succeeded
PAY00006194,ORD00006194,2024-08-16,PayPal,3348.3,Succeeded
PAY00006195,ORD00006195,2024-07-17,Wire,3196.33,Succeeded
PAY00006196,ORD00006196,2024-03-06,ACH,4809.55,Succeeded
PAY00006197,ORD00006197,2025-12-25,Wire,4279.25,Succeeded
PAY00006198,ORD00006198,2024-08-25,PayPal,2923.6,Succeeded
PAY00006199,ORD00006199,2024-02-18,Card,2663.3,Succeeded
PAY00006200,ORD00006200,2025-05-14,PayPal,3321.97,Succeeded
PAY00006201,ORD00006201,2025-07-28,Card,3780.61,Succeeded
PAY00006202,ORD00006202,2025-01-12,Card,5628.82,Succeeded
PAY00006203,ORD00006203,2025-02-03,Wire,1832.56,Succeeded
PAY00006204,ORD00006204,2025-01-22,Card,132.45,Succeeded
PAY00006205,ORD00006205,2025-01-01,Card,2364.19,Succeeded
PAY00006206,ORD00006206,2025-04-13,PayPal,3458.38,Succeeded
PAY00006207,ORD00006207,2025-04-06,Card,1983.85,Succeeded
PAY00006208,ORD00006208,2025-08-22,ACH,3814.09,Succeeded
PAY00006209,ORD00006209,2025-09-14,Wire,5548.84,Succeeded
PAY00006210,ORD00006210,2025-02-06,ACH,167.67,Succeeded
PAY00006211,ORD00006211,2024-02-10,ACH,3917.03,Succeeded
PAY00006212,ORD00006212,2024-04-24,ACH,4016.88,Succeeded
PAY00006213,ORD00006213,2024-05-27,Card,3609.21,Succeeded
PAY00006215,ORD00006215,2026-02-15,PayPal,454.65,Succeeded
PAY00006216,ORD00006216,2025-10-22,ACH,8113.04,Succeeded
PAY00006217,ORD00006217,2024-01-06,PayPal,267.02,Succeeded
PAY00006218,ORD00006218,2024-08-29,Card,159.65,Succeeded
PAY00006219,ORD00006219,2025-04-28,Card,3560.52,Succeeded
PAY00006220,ORD00006220,2024-05-23,Card,547.46,Succeeded
PAY00006221,ORD00006221,2024-06-20,PayPal,4666.3,Succeeded
PAY00006224,ORD00006224,2025-09-01,PayPal,5289.68,Succeeded
PAY00006226,ORD00006226,2024-02-16,ACH,6902.28,Succeeded
PAY00006227,ORD00006227,2024-06-24,Card,45.14,Succeeded
PAY00006228,ORD00006228,2025-07-03,ACH,2696.27,Succeeded
PAY00006229,ORD00006229,2024-11-09,Card,1846.72,Succeeded
PAY00006230,ORD00006230,2024-04-25,ACH,5123.72,Failed
PAY00006231,ORD00006231,2025-07-19,Card,4530.37,Succeeded
PAY00006232,ORD00006232,2025-02-05,Card,2143.03,Succeeded
PAY00006233,ORD00006233,2025-12-25,Wire,4142.16,Succeeded
PAY00006234,ORD00006234,2025-04-02,ACH,3148.0,Succeeded
PAY00006235,ORD00006235,2025-06-05,Wire,5518.39,Succeeded
PAY00006236,ORD00006236,2025-07-19,ACH,8705.95,Succeeded
PAY00006237,ORD00006237,2025-01-31,PayPal,1861.81,Succeeded
PAY00006238,ORD00006238,2025-09-18,Card,6335.31,Succeeded
PAY00006239,ORD00006239,2025-12-12,PayPal,423.67,Succeeded
PAY00006240,ORD00006240,2024-08-16,ACH,2591.48,Succeeded
PAY00006241,ORD00006241,2024-09-02,PayPal,2905.87,Succeeded
PAY00006243,ORD00006243,2024-08-24,Card,5969.53,Succeeded
PAY00006244,ORD00006244,2025-06-08,Card,852.5,Succeeded
PAY00006246,ORD00006246,2024-09-21,ACH,1958.91,Pending
PAY00006247,ORD00006247,2025-07-26,ACH,3939.51,Succeeded
PAY00006248,ORD00006248,2024-11-30,Card,6158.95,Succeeded
PAY00006249,ORD00006249,2025-07-05,ACH,3696.87,Pending
PAY00006250,ORD00006250,2025-08-18,Wire,6952.69,Succeeded
PAY00006251,ORD00006251,2025-07-19,Wire,4939.61,Succeeded
PAY00006252,ORD00006252,2024-09-14,Wire,1004.97,Succeeded
PAY00006253,ORD00006253,2025-03-10,Card,1192.68,Succeeded
PAY00006254,ORD00006254,2025-02-20,Wire,4298.53,Succeeded
PAY00006255,ORD00006255,2024-07-14,PayPal,3730.44,Succeeded
PAY00006256,ORD00006256,2025-04-06,Wire,105.14,Succeeded
PAY00006257,ORD00006257,2026-01-26,PayPal,10384.31,Succeeded
PAY00006258,ORD00006258,2024-02-29,PayPal,6063.35,Succeeded
PAY00006259,ORD00006259,2024-07-10,Card,7469.09,Succeeded
PAY00006260,ORD00006260,2025-02-04,PayPal,3094.53,Succeeded
PAY00006261,ORD00006261,2025-06-07,Wire,1625.41,Succeeded
PAY00006262,ORD00006262,2025-05-03,ACH,1376.92,Succeeded
PAY00006263,ORD00006263,2025-02-02,Wire,5417.8,Succeeded
PAY00006265,ORD00006265,2024-12-08,PayPal,1138.6,Succeeded
PAY00006266,ORD00006266,2025-11-14,Wire,2141.32,Succeeded
PAY00006267,ORD00006267,2024-06-13,Card,496.96,Succeeded
PAY00006268,ORD00006268,2025-03-24,Wire,1895.99,Succeeded
PAY00006269,ORD00006269,2024-01-29,ACH,3683.67,Succeeded
PAY00006270,ORD00006270,2024-06-05,ACH,1191.47,Succeeded
PAY00006271,ORD00006271,2025-11-10,PayPal,4922.11,Succeeded
PAY00006272,ORD00006272,2025-07-04,Card,6179.87,Succeeded
PAY00006273,ORD00006273,2025-03-17,Wire,5617.1,Succeeded
PAY00006274,ORD00006274,2025-07-02,Card,3224.27,Succeeded
PAY00006275,ORD00006275,2024-11-21,Wire,4437.97,Succeeded
PAY00006276,ORD00006276,2025-11-16,ACH,2595.76,Succeeded
PAY00006277,ORD00006277,2024-09-23,Wire,3206.0,Succeeded
PAY00006278,ORD00006278,2024-05-30,ACH,6172.51,Pending
PAY00006279,ORD00006279,2025-12-28,Card,6235.68,Succeeded
PAY00006280,ORD00006280,2024-01-06,Wire,2791.49,Succeeded
PAY00006281,ORD00006281,2025-08-15,ACH,2120.48,Succeeded
PAY00006282,ORD00006282,2024-05-13,Card,2873.07,Succeeded
PAY00006284,ORD00006284,2025-08-11,Wire,782.04,Succeeded
PAY00006285,ORD00006285,2025-12-01,Wire,5097.29,Succeeded
PAY00006286,ORD00006286,2025-05-10,Card,2347.32,Succeeded
PAY00006287,ORD00006287,2024-03-20,ACH,7444.07,Succeeded
PAY00006288,ORD00006288,2025-09-09,ACH,438.15,Succeeded
PAY00006289,ORD00006289,2025-11-20,PayPal,1095.53,Succeeded
PAY00006290,ORD00006290,2024-07-01,Wire,9687.14,Succeeded
PAY00006291,ORD00006291,2026-01-09,ACH,2089.85,Succeeded
PAY00006292,ORD00006292,2025-07-31,ACH,5089.01,Succeeded
PAY00006293,ORD00006293,2024-11-06,ACH,4517.89,Succeeded
PAY00006294,ORD00006294,2024-07-30,Wire,4708.56,Succeeded
PAY00006295,ORD00006295,2024-07-27,Card,2528.6,Succeeded
PAY00006296,ORD00006296,2025-08-28,Wire,3467.02,Succeeded
PAY00006298,ORD00006298,2024-02-04,Card,657.97,Succeeded
PAY00006299,ORD00006299,2024-03-21,Card,1535.5,Pending
PAY00006300,ORD00006300,2024-11-21,ACH,677.06,Succeeded
PAY00006302,ORD00006302,2024-01-22,ACH,558.22,Succeeded
PAY00006303,ORD00006303,2024-11-23,Card,1529.49,Succeeded
PAY00006304,ORD00006304,2025-09-14,PayPal,3743.49,Succeeded
PAY00006305,ORD00006305,2024-04-17,PayPal,1878.06,Succeeded
PAY00006306,ORD00006306,2024-04-11,Card,3354.43,Succeeded
PAY00006307,ORD00006307,2025-11-05,PayPal,4180.04,Succeeded
PAY00006308,ORD00006308,2024-05-25,PayPal,3883.05,Pending
PAY00006309,ORD00006309,2024-06-25,Wire,1906.35,Succeeded
PAY00006310,ORD00006310,2025-02-10,Wire,6344.56,Succeeded
PAY00006311,ORD00006311,2024-05-31,ACH,3181.05,Succeeded
PAY00006312,ORD00006312,2024-06-16,ACH,147.94,Succeeded
PAY00006313,ORD00006313,2026-01-17,Card,596.42,Succeeded
PAY00006314,ORD00006314,2025-08-31,ACH,2976.9,Succeeded
PAY00006315,ORD00006315,2026-02-10,ACH,3130.09,Succeeded
PAY00006316,ORD00006316,2026-01-15,Wire,4091.41,Succeeded
PAY00006317,ORD00006317,2026-02-13,ACH,3118.14,Pending
PAY00006318,ORD00006318,2025-12-24,Wire,2264.24,Succeeded
PAY00006319,ORD00006319,2024-08-24,PayPal,600.79,Succeeded
PAY00006320,ORD00006320,2026-02-24,ACH,3045.29,Failed
PAY00006321,ORD00006321,2026-01-15,Wire,3913.2,Succeeded
PAY00006322,ORD00006322,2026-02-12,Card,2366.07,Succeeded
PAY00006323,ORD00006323,2024-03-08,Wire,1870.68,Succeeded
PAY00006324,ORD00006324,2025-04-08,ACH,1200.27,Succeeded
PAY00006325,ORD00006325,2024-02-04,PayPal,1744.6,Succeeded
PAY00006326,ORD00006326,2026-01-02,Wire,4364.73,Succeeded
PAY00006328,ORD00006328,2026-01-22,ACH,6061.99,Failed
PAY00006329,ORD00006329,2025-06-17,Wire,3365.85,Succeeded
PAY00006330,ORD00006330,2025-10-03,Wire,5228.65,Succeeded
PAY00006331,ORD00006331,2024-11-27,Wire,9250.71,Succeeded
PAY00006332,ORD00006332,2024-09-03,Wire,3119.83,Succeeded
PAY00006333,ORD00006333,2025-02-27,PayPal,5044.61,Succeeded
PAY00006334,ORD00006334,2025-03-31,ACH,2659.18,Failed
PAY00006335,ORD00006335,2024-07-29,PayPal,3643.03,Succeeded
PAY00006336,ORD00006336,2025-03-29,Card,3324.74,Succeeded
PAY00006338,ORD00006338,2025-10-10,PayPal,349.94,Succeeded
PAY00006340,ORD00006340,2025-06-07,Wire,648.72,Succeeded
PAY00006341,ORD00006341,2024-05-18,Card,1373.32,Succeeded
PAY00006342,ORD00006342,2024-08-26,PayPal,134.1,Succeeded
PAY00006343,ORD00006343,2026-01-02,PayPal,2965.55,Succeeded
PAY00006344,ORD00006344,2025-12-30,PayPal,3141.96,Succeeded
PAY00006345,ORD00006345,2024-12-11,ACH,1809.54,Succeeded
PAY00006346,ORD00006346,2024-12-14,PayPal,6412.25,Succeeded
PAY00006347,ORD00006347,2024-01-07,Wire,4451.87,Succeeded
PAY00006348,ORD00006348,2026-02-20,PayPal,7304.81,Succeeded
PAY00006349,ORD00006349,2024-10-30,Card,3626.5,Succeeded
PAY00006350,ORD00006350,2024-03-07,PayPal,3282.36,Succeeded
PAY00006351,ORD00006351,2025-02-01,Card,2312.48,Succeeded
PAY00006353,ORD00006353,2025-05-09,ACH,490.01,Succeeded
PAY00006354,ORD00006354,2025-06-27,Card,2939.38,Succeeded
PAY00006355,ORD00006355,2026-02-21,PayPal,1557.52,Succeeded
PAY00006356,ORD00006356,2024-04-25,PayPal,4853.22,Succeeded
PAY00006357,ORD00006357,2024-04-20,Wire,2496.86,Succeeded
PAY00006358,ORD00006358,2024-02-03,PayPal,2166.87,Succeeded
PAY00006359,ORD00006359,2025-09-02,PayPal,2135.85,Succeeded
PAY00006360,ORD00006360,2024-09-16,Card,2999.27,Succeeded
PAY00006361,ORD00006361,2025-03-11,ACH,2477.99,Succeeded
PAY00006362,ORD00006362,2025-01-09,PayPal,3586.72,Succeeded
PAY00006363,ORD00006363,2026-01-31,PayPal,4105.07,Succeeded
PAY00006364,ORD00006364,2025-03-24,PayPal,2378.39,Succeeded
PAY00006365,ORD00006365,2024-06-04,PayPal,4184.6,Succeeded
PAY00006366,ORD00006366,2025-07-26,ACH,5585.85,Succeeded
PAY00006367,ORD00006367,2025-03-01,Card,2195.14,Succeeded
PAY00006368,ORD00006368,2024-12-27,PayPal,1324.7,Succeeded
PAY00006369,ORD00006369,2024-06-19,PayPal,5872.0,Succeeded
PAY00006371,ORD00006371,2024-04-23,Card,2544.17,Succeeded
PAY00006372,ORD00006372,2024-11-25,ACH,2754.71,Succeeded
PAY00006373,ORD00006373,2024-05-27,Card,1412.18,Succeeded
PAY00006374,ORD00006374,2025-08-14,ACH,6751.88,Succeeded
PAY00006375,ORD00006375,2024-01-27,PayPal,1885.91,Succeeded
PAY00006377,ORD00006377,2025-03-22,Wire,3091.57,Succeeded
PAY00006378,ORD00006378,2024-01-29,ACH,7529.23,Succeeded
PAY00006379,ORD00006379,2025-12-13,Card,6196.79,Succeeded
PAY00006380,ORD00006380,2025-04-01,PayPal,2917.46,Succeeded
PAY00006381,ORD00006381,2024-08-04,Card,5672.23,Succeeded
PAY00006382,ORD00006382,2024-01-10,Wire,1136.6,Succeeded
PAY00006383,ORD00006383,2024-11-05,Wire,1738.29,Succeeded
PAY00006384,ORD00006384,2026-02-03,ACH,3398.25,Succeeded
PAY00006385,ORD00006385,2025-09-12,PayPal,4450.86,Succeeded
PAY00006386,ORD00006386,2024-03-04,ACH,1409.03,Succeeded
PAY00006387,ORD00006387,2025-09-23,PayPal,5758.19,Succeeded
PAY00006388,ORD00006388,2025-08-20,Wire,5153.01,Succeeded
PAY00006390,ORD00006390,2026-01-23,Card,3778.29,Succeeded
PAY00006392,ORD00006392,2024-12-01,ACH,1468.38,Succeeded
PAY00006393,ORD00006393,2024-08-18,Wire,4797.11,Succeeded
PAY00006394,ORD00006394,2026-01-30,Wire,3858.07,Succeeded
PAY00006395,ORD00006395,2025-04-30,PayPal,566.74,Succeeded
PAY00006396,ORD00006396,2025-03-26,ACH,3359.17,Succeeded
PAY00006397,ORD00006397,2026-01-20,ACH,275.69,Succeeded
PAY00006398,ORD00006398,2024-06-21,PayPal,2254.11,Succeeded
PAY00006399,ORD00006399,2025-08-18,Card,920.93,Succeeded
PAY00006400,ORD00006400,2024-05-02,Card,152.75,Succeeded
PAY00006401,ORD00006401,2024-01-07,PayPal,3943.68,Succeeded
PAY00006402,ORD00006402,2024-03-10,PayPal,5510.57,Succeeded
PAY00006404,ORD00006404,2025-07-12,PayPal,3689.05,Succeeded
PAY00006406,ORD00006406,2024-03-07,PayPal,1858.39,Succeeded
PAY00006407,ORD00006407,2025-08-03,ACH,7041.67,Succeeded
PAY00006408,ORD00006408,2025-01-05,PayPal,5420.49,Succeeded
PAY00006409,ORD00006409,2024-07-07,PayPal,1818.31,Succeeded
PAY00006410,ORD00006410,2025-08-07,Card,2498.83,Failed
PAY00006411,ORD00006411,2026-01-17,PayPal,5706.08,Succeeded
PAY00006412,ORD00006412,2025-11-20,Wire,3849.24,Succeeded
PAY00006413,ORD00006413,2025-07-16,Card,4383.2,Succeeded
PAY00006414,ORD00006414,2026-02-04,Wire,3269.16,Pending
PAY00006415,ORD00006415,2024-11-16,Card,4261.53,Succeeded
PAY00006417,ORD00006417,2024-12-06,Wire,2529.65,Succeeded
PAY00006418,ORD00006418,2026-01-12,PayPal,2505.34,Succeeded
PAY00006419,ORD00006419,2025-04-13,PayPal,1352.99,Succeeded
PAY00006420,ORD00006420,2025-10-16,ACH,6190.18,Succeeded
PAY00006421,ORD00006421,2025-04-19,Wire,6478.86,Succeeded
PAY00006422,ORD00006422,2024-11-08,PayPal,1725.26,Succeeded
PAY00006423,ORD00006423,2025-09-11,Card,2161.69,Succeeded
PAY00006424,ORD00006424,2025-09-04,Wire,1157.82,Failed
PAY00006425,ORD00006425,2025-09-25,Card,6062.72,Pending
PAY00006426,ORD00006426,2025-12-10,ACH,3311.79,Succeeded
PAY00006427,ORD00006427,2025-01-21,PayPal,3925.9,Succeeded
PAY00006428,ORD00006428,2025-06-01,Card,2068.77,Succeeded
PAY00006429,ORD00006429,2024-08-08,Wire,8189.32,Failed
PAY00006430,ORD00006430,2025-04-22,PayPal,262.94,Succeeded
PAY00006431,ORD00006431,2025-03-07,Card,1117.62,Succeeded
PAY00006432,ORD00006432,2024-09-27,PayPal,1673.53,Pending
PAY00006433,ORD00006433,2026-01-27,ACH,4566.07,Succeeded
PAY00006434,ORD00006434,2025-06-16,PayPal,2939.48,Succeeded
PAY00006435,ORD00006435,2024-11-18,PayPal,4078.12,Succeeded
PAY00006436,ORD00006436,2025-03-31,PayPal,1320.33,Succeeded
PAY00006437,ORD00006437,2025-10-31,ACH,3311.87,Succeeded
PAY00006438,ORD00006438,2024-12-14,PayPal,1398.04,Succeeded
PAY00006439,ORD00006439,2024-08-13,Card,4113.8,Succeeded
PAY00006440,ORD00006440,2025-11-06,Card,598.36,Succeeded
PAY00006441,ORD00006441,2024-12-11,ACH,5214.46,Succeeded
PAY00006442,ORD00006442,2025-04-29,ACH,631.72,Succeeded
PAY00006443,ORD00006443,2025-07-29,Wire,1633.63,Pending
PAY00006444,ORD00006444,2025-12-16,Card,4121.04,Succeeded
PAY00006445,ORD00006445,2026-03-03,ACH,2355.9,Succeeded
PAY00006448,ORD00006448,2024-07-03,Card,6049.58,Failed
PAY00006449,ORD00006449,2024-03-04,PayPal,2604.12,Succeeded
PAY00006450,ORD00006450,2024-09-01,Wire,1857.78,Succeeded
PAY00006451,ORD00006451,2024-02-02,Wire,1707.71,Succeeded
PAY00006454,ORD00006454,2024-06-10,ACH,678.11,Succeeded
PAY00006455,ORD00006455,2026-01-12,Wire,803.32,Succeeded
PAY00006456,ORD00006456,2024-04-29,Card,606.57,Succeeded
PAY00006457,ORD00006457,2025-01-21,Wire,2473.25,Succeeded
PAY00006458,ORD00006458,2024-10-29,PayPal,1534.85,Failed
PAY00006459,ORD00006459,2025-04-29,Wire,3242.18,Succeeded
PAY00006460,ORD00006460,2025-09-09,PayPal,763.63,Succeeded
PAY00006461,ORD00006461,2026-02-27,Card,1074.71,Failed
PAY00006462,ORD00006462,2025-05-06,ACH,7702.56,Succeeded
PAY00006463,ORD00006463,2025-11-13,Wire,5236.19,Succeeded
PAY00006464,ORD00006464,2025-09-13,Card,2585.65,Succeeded
PAY00006465,ORD00006465,2024-12-18,Wire,975.02,Succeeded
PAY00006466,ORD00006466,2025-12-17,Card,6520.76,Succeeded
PAY00006467,ORD00006467,2025-11-14,PayPal,4499.67,Succeeded
PAY00006468,ORD00006468,2026-01-11,Card,4738.32,Succeeded
PAY00006469,ORD00006469,2026-02-11,Wire,3925.59,Succeeded
PAY00006471,ORD00006471,2024-02-03,PayPal,5585.36,Succeeded
PAY00006472,ORD00006472,2025-06-28,ACH,4950.95,Pending
PAY00006473,ORD00006473,2025-03-12,Wire,1921.5,Succeeded
PAY00006474,ORD00006474,2025-06-11,PayPal,1972.62,Pending
PAY00006476,ORD00006476,2024-11-01,Wire,5234.68,Succeeded
PAY00006477,ORD00006477,2024-08-23,Card,1458.19,Succeeded
PAY00006478,ORD00006478,2024-10-29,Wire,334.03,Succeeded
PAY00006479,ORD00006479,2025-12-22,Wire,228.68,Succeeded
PAY00006480,ORD00006480,2026-01-05,ACH,6985.99,Succeeded
PAY00006481,ORD00006481,2024-05-18,PayPal,1753.44,Succeeded
PAY00006482,ORD00006482,2025-05-19,Card,5981.89,Succeeded
PAY00006483,ORD00006483,2024-04-23,PayPal,1226.38,Succeeded
PAY00006484,ORD00006484,2025-02-12,ACH,6656.98,Succeeded
PAY00006485,ORD00006485,2025-04-23,Wire,995.68,Succeeded
PAY00006486,ORD00006486,2025-04-25,Wire,600.41,Succeeded
PAY00006488,ORD00006488,2025-08-29,Wire,2909.15,Succeeded
PAY00006489,ORD00006489,2024-11-15,PayPal,3087.87,Succeeded
PAY00006490,ORD00006490,2024-01-14,Card,3528.76,Succeeded
PAY00006491,ORD00006491,2025-10-22,Wire,2322.22,Succeeded
PAY00006492,ORD00006492,2026-01-22,PayPal,2269.58,Succeeded
PAY00006493,ORD00006493,2024-05-26,Wire,3773.01,Succeeded
PAY00006494,ORD00006494,2024-01-13,ACH,1012.75,Succeeded
PAY00006495,ORD00006495,2024-04-05,Wire,3864.62,Succeeded
PAY00006496,ORD00006496,2026-01-23,ACH,755.92,Succeeded
PAY00006497,ORD00006497,2025-12-22,Card,6901.47,Succeeded
PAY00006499,ORD00006499,2024-05-23,ACH,893.67,Succeeded
PAY00006500,ORD00006500,2025-08-08,ACH,6317.8,Succeeded
PAY00006501,ORD00006501,2026-01-27,Card,3115.45,Succeeded
PAY00006502,ORD00006502,2024-11-25,ACH,2412.32,Succeeded
PAY00006504,ORD00006504,2024-03-24,ACH,2439.11,Succeeded
PAY00006505,ORD00006505,2024-09-07,Card,1289.07,Succeeded
PAY00006506,ORD00006506,2024-03-08,PayPal,5370.27,Succeeded
PAY00006507,ORD00006507,2024-09-18,Wire,6569.81,Succeeded
PAY00006508,ORD00006508,2024-06-12,PayPal,6409.77,Succeeded
PAY00006509,ORD00006509,2025-04-28,Card,1199.41,Succeeded
PAY00006510,ORD00006510,2024-01-22,ACH,279.62,Succeeded
PAY00006511,ORD00006511,2024-06-12,Wire,953.13,Succeeded
PAY00006512,ORD00006512,2025-08-27,PayPal,2656.55,Pending
PAY00006513,ORD00006513,2026-02-07,PayPal,349.33,Succeeded
PAY00006514,ORD00006514,2026-02-23,ACH,13706.58,Succeeded
PAY00006515,ORD00006515,2025-08-20,ACH,772.9,Succeeded
PAY00006516,ORD00006516,2025-07-17,Card,2721.38,Succeeded
PAY00006517,ORD00006517,2025-01-16,Wire,4452.72,Pending
PAY00006518,ORD00006518,2025-09-28,PayPal,6884.5,Succeeded
PAY00006519,ORD00006519,2025-04-16,ACH,1648.13,Succeeded
PAY00006520,ORD00006520,2025-08-20,PayPal,2911.97,Succeeded
PAY00006521,ORD00006521,2025-09-01,Card,3594.83,Succeeded
PAY00006522,ORD00006522,2024-08-07,ACH,631.76,Succeeded
PAY00006523,ORD00006523,2025-06-12,PayPal,6869.45,Succeeded
PAY00006524,ORD00006524,2026-01-25,ACH,5362.45,Succeeded
PAY00006525,ORD00006525,2025-07-15,Wire,4024.9,Succeeded
PAY00006526,ORD00006526,2025-05-20,Wire,2655.61,Succeeded
PAY00006527,ORD00006527,2026-01-27,Wire,3173.47,Succeeded
PAY00006528,ORD00006528,2024-09-12,PayPal,8882.72,Failed
PAY00006529,ORD00006529,2024-10-29,ACH,2354.57,Pending
PAY00006530,ORD00006530,2024-11-18,PayPal,4972.33,Succeeded
PAY00006531,ORD00006531,2024-09-07,PayPal,7246.36,Succeeded
PAY00006532,ORD00006532,2024-04-30,Card,5043.65,Pending
PAY00006533,ORD00006533,2025-08-04,Card,2293.95,Succeeded
PAY00006534,ORD00006534,2025-07-11,PayPal,280.87,Succeeded
PAY00006535,ORD00006535,2025-09-07,ACH,1313.36,Succeeded
PAY00006536,ORD00006536,2024-12-29,Card,325.05,Succeeded
PAY00006537,ORD00006537,2024-08-16,ACH,5684.72,Succeeded
PAY00006538,ORD00006538,2024-11-15,PayPal,1396.23,Succeeded
PAY00006539,ORD00006539,2025-08-08,Wire,4111.71,Succeeded
PAY00006540,ORD00006540,2024-05-28,Wire,9248.43,Pending
PAY00006541,ORD00006541,2025-02-12,ACH,7178.84,Succeeded
PAY00006542,ORD00006542,2024-04-24,Card,2268.24,Succeeded
PAY00006543,ORD00006543,2025-09-24,PayPal,1533.01,Succeeded
PAY00006544,ORD00006544,2024-04-08,ACH,2794.96,Succeeded
PAY00006545,ORD00006545,2024-10-05,Card,4191.03,Succeeded
PAY00006546,ORD00006546,2025-12-20,Card,3714.97,Succeeded
PAY00006547,ORD00006547,2024-10-02,PayPal,4448.23,Succeeded
PAY00006548,ORD00006548,2025-07-05,ACH,1126.94,Succeeded
PAY00006549,ORD00006549,2024-11-03,PayPal,3178.53,Succeeded
PAY00006550,ORD00006550,2025-02-12,ACH,1115.14,Succeeded
PAY00006551,ORD00006551,2025-05-03,ACH,1464.63,Succeeded
PAY00006552,ORD00006552,2025-09-01,Card,1275.34,Succeeded
PAY00006553,ORD00006553,2025-05-24,Card,478.55,Succeeded
PAY00006554,ORD00006554,2024-10-03,Card,2978.83,Succeeded
PAY00006555,ORD00006555,2025-07-27,Card,2492.5,Succeeded
PAY00006556,ORD00006556,2025-02-07,ACH,1805.64,Succeeded
PAY00006557,ORD00006557,2024-05-26,PayPal,1882.25,Succeeded
PAY00006558,ORD00006558,2025-08-20,Card,347.12,Succeeded
PAY00006559,ORD00006559,2025-01-02,Wire,7841.34,Succeeded
PAY00006560,ORD00006560,2025-05-09,ACH,1566.18,Succeeded
PAY00006561,ORD00006561,2025-01-23,Wire,5339.53,Succeeded
PAY00006562,ORD00006562,2025-01-14,ACH,4010.23,Succeeded
PAY00006563,ORD00006563,2024-01-31,Card,5816.9,Succeeded
PAY00006564,ORD00006564,2025-05-26,PayPal,4525.88,Succeeded
PAY00006565,ORD00006565,2024-01-27,Card,4181.26,Succeeded
PAY00006566,ORD00006566,2025-03-09,ACH,660.7,Succeeded
PAY00006567,ORD00006567,2025-04-12,ACH,6819.67,Succeeded
PAY00006568,ORD00006568,2025-07-14,PayPal,821.63,Succeeded
PAY00006569,ORD00006569,2025-03-03,Card,2024.89,Succeeded
PAY00006570,ORD00006570,2025-10-09,PayPal,6624.1,Succeeded
PAY00006571,ORD00006571,2025-03-31,Wire,2861.78,Succeeded
PAY00006572,ORD00006572,2025-06-23,Wire,1149.46,Succeeded
PAY00006573,ORD00006573,2024-02-10,Card,6364.55,Succeeded
PAY00006574,ORD00006574,2025-03-18,PayPal,6900.25,Succeeded
PAY00006575,ORD00006575,2024-11-08,ACH,2895.09,Succeeded
PAY00006576,ORD00006576,2025-07-06,Wire,1869.76,Succeeded
PAY00006577,ORD00006577,2024-05-17,Wire,2036.35,Succeeded
PAY00006578,ORD00006578,2025-08-11,Card,4671.72,Succeeded
PAY00006579,ORD00006579,2025-01-10,PayPal,5330.76,Pending
PAY00006580,ORD00006580,2025-12-07,Wire,330.96,Succeeded
PAY00006581,ORD00006581,2024-07-29,Wire,2837.73,Succeeded
PAY00006582,ORD00006582,2025-01-31,ACH,3179.37,Succeeded
PAY00006583,ORD00006583,2025-08-24,Card,3554.14,Succeeded
PAY00006584,ORD00006584,2024-11-25,PayPal,2712.71,Succeeded
PAY00006586,ORD00006586,2024-01-20,ACH,702.37,Succeeded
PAY00006587,ORD00006587,2024-01-19,Wire,3272.49,Succeeded
PAY00006588,ORD00006588,2024-07-20,Wire,8953.05,Succeeded
PAY00006589,ORD00006589,2024-07-12,Card,2962.44,Succeeded
PAY00006591,ORD00006591,2024-10-14,PayPal,3025.37,Succeeded
PAY00006592,ORD00006592,2024-09-02,ACH,4757.43,Succeeded
PAY00006593,ORD00006593,2025-06-12,Card,4225.19,Succeeded
PAY00006595,ORD00006595,2024-03-08,Card,251.55,Succeeded
PAY00006596,ORD00006596,2025-02-26,Card,6580.95,Succeeded
PAY00006597,ORD00006597,2024-11-10,ACH,5438.47,Pending
PAY00006598,ORD00006598,2025-04-19,Card,4388.7,Succeeded
PAY00006599,ORD00006599,2024-05-01,PayPal,4593.8,Succeeded
PAY00006600,ORD00006600,2024-09-05,Wire,3368.12,Succeeded
PAY00006601,ORD00006601,2024-02-27,ACH,6959.96,Succeeded
PAY00006602,ORD00006602,2024-11-11,ACH,7139.95,Succeeded
PAY00006603,ORD00006603,2024-03-09,Wire,834.17,Succeeded
PAY00006604,ORD00006604,2024-08-12,Card,5790.89,Succeeded
PAY00006605,ORD00006605,2024-06-06,ACH,576.24,Succeeded
PAY00006606,ORD00006606,2024-03-31,Wire,721.55,Succeeded
PAY00006607,ORD00006607,2025-09-15,Wire,3515.95,Succeeded
PAY00006608,ORD00006608,2025-07-16,PayPal,2340.63,Succeeded
PAY00006610,ORD00006610,2024-04-13,Wire,3841.98,Succeeded
PAY00006611,ORD00006611,2025-08-09,ACH,2345.49,Succeeded
PAY00006612,ORD00006612,2025-02-23,ACH,8234.02,Failed
PAY00006613,ORD00006613,2025-08-06,ACH,4255.81,Succeeded
PAY00006614,ORD00006614,2025-11-02,Wire,3266.76,Succeeded
PAY00006615,ORD00006615,2025-12-16,PayPal,3800.5,Succeeded
PAY00006616,ORD00006616,2025-11-28,ACH,1366.67,Failed
PAY00006617,ORD00006617,2025-11-25,Card,5168.04,Succeeded
PAY00006618,ORD00006618,2024-01-12,Wire,2818.89,Succeeded
PAY00006619,ORD00006619,2025-09-05,ACH,1154.88,Succeeded
PAY00006620,ORD00006620,2024-01-21,ACH,6783.3,Succeeded
PAY00006621,ORD00006621,2024-01-08,PayPal,4189.62,Succeeded
PAY00006622,ORD00006622,2025-02-04,Card,4926.8,Succeeded
PAY00006624,ORD00006624,2025-02-20,ACH,682.17,Succeeded
PAY00006625,ORD00006625,2024-03-26,PayPal,3263.82,Succeeded
PAY00006626,ORD00006626,2025-12-21,ACH,3326.85,Succeeded
PAY00006627,ORD00006627,2025-01-27,Card,7212.59,Succeeded
PAY00006628,ORD00006628,2024-10-28,Wire,1939.23,Succeeded
PAY00006629,ORD00006629,2024-09-21,PayPal,7489.37,Succeeded
PAY00006630,ORD00006630,2024-03-22,ACH,3870.13,Succeeded
PAY00006631,ORD00006631,2024-11-26,Wire,1434.07,Succeeded
PAY00006632,ORD00006632,2025-06-20,PayPal,5539.38,Succeeded
PAY00006634,ORD00006634,2024-06-17,PayPal,688.72,Succeeded
PAY00006635,ORD00006635,2024-02-21,ACH,4451.41,Succeeded
PAY00006636,ORD00006636,2025-03-21,PayPal,1558.16,Succeeded
PAY00006637,ORD00006637,2024-07-05,ACH,4479.92,Succeeded
PAY00006638,ORD00006638,2025-11-05,ACH,226.69,Succeeded
PAY00006639,ORD00006639,2025-07-15,PayPal,2066.5,Succeeded
PAY00006640,ORD00006640,2024-08-22,PayPal,6735.32,Succeeded
PAY00006641,ORD00006641,2025-07-15,ACH,244.96,Succeeded
PAY00006642,ORD00006642,2025-03-02,PayPal,6635.57,Succeeded
PAY00006643,ORD00006643,2024-08-04,ACH,3596.44,Succeeded
PAY00006644,ORD00006644,2024-12-03,PayPal,1740.09,Succeeded
PAY00006645,ORD00006645,2025-10-12,ACH,5139.03,Succeeded
PAY00006646,ORD00006646,2025-08-10,Card,1411.61,Pending
PAY00006648,ORD00006648,2025-06-22,PayPal,1694.35,Succeeded
PAY00006649,ORD00006649,2024-07-07,PayPal,2283.11,Succeeded
PAY00006650,ORD00006650,2025-02-26,Card,1517.24,Succeeded
PAY00006651,ORD00006651,2025-02-10,PayPal,2872.98,Succeeded
PAY00006652,ORD00006652,2024-08-27,Wire,2528.65,Succeeded
PAY00006654,ORD00006654,2025-11-16,Card,367.1,Succeeded
PAY00006655,ORD00006655,2026-02-01,PayPal,4834.95,Succeeded
PAY00006656,ORD00006656,2025-08-10,ACH,4089.99,Pending
PAY00006657,ORD00006657,2025-07-02,Card,1740.11,Succeeded
PAY00006658,ORD00006658,2024-03-21,Card,1232.99,Failed
PAY00006659,ORD00006659,2025-08-21,ACH,1377.18,Succeeded
PAY00006660,ORD00006660,2025-06-22,Wire,2653.01,Succeeded
PAY00006661,ORD00006661,2024-09-26,ACH,1168.47,Succeeded
PAY00006662,ORD00006662,2024-08-11,Card,2916.43,Succeeded
PAY00006663,ORD00006663,2026-01-03,Card,801.28,Succeeded
PAY00006664,ORD00006664,2025-07-29,Wire,4356.52,Succeeded
PAY00006665,ORD00006665,2025-09-20,PayPal,4497.45,Succeeded
PAY00006666,ORD00006666,2025-02-21,Card,2624.37,Succeeded
PAY00006667,ORD00006667,2024-07-25,ACH,4373.72,Succeeded
PAY00006668,ORD00006668,2025-10-25,Card,433.61,Succeeded
PAY00006669,ORD00006669,2025-08-16,Wire,1080.2,Succeeded
PAY00006670,ORD00006670,2025-12-17,PayPal,2876.72,Succeeded
PAY00006671,ORD00006671,2024-02-24,Card,3039.2,Succeeded
PAY00006672,ORD00006672,2025-08-30,PayPal,482.78,Succeeded
PAY00006673,ORD00006673,2025-01-01,ACH,468.35,Pending
PAY00006674,ORD00006674,2025-03-24,Wire,1899.71,Succeeded
PAY00006675,ORD00006675,2024-12-13,ACH,3313.25,Succeeded
PAY00006676,ORD00006676,2025-07-29,Card,1158.51,Succeeded
PAY00006677,ORD00006677,2024-08-20,PayPal,338.95,Succeeded
PAY00006678,ORD00006678,2025-02-20,Wire,149.73,Succeeded
PAY00006679,ORD00006679,2024-05-13,ACH,5893.99,Succeeded
PAY00006680,ORD00006680,2025-11-04,PayPal,3308.0,Pending
PAY00006681,ORD00006681,2024-06-15,Card,2456.58,Succeeded
PAY00006682,ORD00006682,2024-07-07,PayPal,6084.56,Succeeded
PAY00006683,ORD00006683,2024-10-31,Wire,708.05,Succeeded
PAY00006684,ORD00006684,2024-11-29,Card,1532.51,Succeeded
PAY00006685,ORD00006685,2024-11-17,Wire,4718.54,Succeeded
PAY00006686,ORD00006686,2024-10-27,Card,3352.05,Succeeded
PAY00006688,ORD00006688,2024-09-24,Card,2314.66,Succeeded
PAY00006689,ORD00006689,2024-10-09,Card,6784.44,Succeeded
PAY00006690,ORD00006690,2025-03-10,ACH,5386.23,Succeeded
PAY00006692,ORD00006692,2024-03-29,Card,1792.89,Succeeded
PAY00006693,ORD00006693,2025-08-11,ACH,5010.33,Succeeded
PAY00006694,ORD00006694,2024-09-28,PayPal,1127.68,Succeeded
PAY00006695,ORD00006695,2024-03-10,Wire,2246.83,Succeeded
PAY00006696,ORD00006696,2024-09-22,Card,1835.98,Succeeded
PAY00006697,ORD00006697,2025-07-19,ACH,5459.83,Succeeded
PAY00006698,ORD00006698,2025-08-23,ACH,1015.12,Succeeded
PAY00006699,ORD00006699,2025-09-25,ACH,635.53,Succeeded
PAY00006700,ORD00006700,2025-02-28,PayPal,271.05,Succeeded
PAY00006701,ORD00006701,2025-09-12,Card,6041.18,Succeeded
PAY00006702,ORD00006702,2024-08-06,PayPal,5221.96,Succeeded
PAY00006703,ORD00006703,2024-12-25,PayPal,2057.06,Succeeded
PAY00006704,ORD00006704,2024-01-25,ACH,6761.24,Succeeded
PAY00006705,ORD00006705,2025-02-09,Wire,5022.17,Succeeded
PAY00006706,ORD00006706,2026-01-31,PayPal,8219.76,Succeeded
PAY00006707,ORD00006707,2024-11-03,PayPal,4039.37,Succeeded
PAY00006708,ORD00006708,2024-09-20,ACH,1130.14,Succeeded
PAY00006709,ORD00006709,2025-11-11,PayPal,5108.18,Succeeded
PAY00006710,ORD00006710,2025-09-07,ACH,1313.7,Succeeded
PAY00006711,ORD00006711,2026-01-05,Wire,2202.06,Succeeded
PAY00006712,ORD00006712,2024-01-07,ACH,2314.36,Succeeded
PAY00006713,ORD00006713,2024-02-12,ACH,1331.42,Succeeded
PAY00006714,ORD00006714,2025-09-04,Wire,3408.53,Succeeded
PAY00006715,ORD00006715,2025-03-18,PayPal,2720.7,Succeeded
PAY00006716,ORD00006716,2024-04-05,Card,8200.04,Succeeded
PAY00006717,ORD00006717,2024-01-22,Wire,658.12,Succeeded
PAY00006718,ORD00006718,2025-07-19,Card,3811.61,Succeeded
PAY00006719,ORD00006719,2024-07-21,PayPal,8342.11,Succeeded
PAY00006720,ORD00006720,2025-11-06,Wire,1306.94,Succeeded
PAY00006721,ORD00006721,2025-12-17,Wire,3069.27,Succeeded
PAY00006722,ORD00006722,2024-06-24,PayPal,3456.08,Succeeded
PAY00006723,ORD00006723,2026-01-20,Card,1209.74,Succeeded
PAY00006724,ORD00006724,2025-01-31,Wire,2365.05,Succeeded
PAY00006725,ORD00006725,2024-03-15,PayPal,6197.05,Succeeded
PAY00006728,ORD00006728,2024-04-03,Card,6079.7,Succeeded
PAY00006729,ORD00006729,2024-06-27,PayPal,3915.73,Succeeded
PAY00006730,ORD00006730,2024-11-13,Card,2657.38,Succeeded
PAY00006731,ORD00006731,2024-01-31,PayPal,1539.79,Succeeded
PAY00006732,ORD00006732,2024-05-14,Wire,1368.85,Succeeded
PAY00006733,ORD00006733,2024-12-31,Card,2718.78,Succeeded
PAY00006734,ORD00006734,2024-10-06,ACH,5139.83,Failed
PAY00006735,ORD00006735,2025-06-07,ACH,2238.22,Succeeded
PAY00006736,ORD00006736,2025-09-03,ACH,3303.24,Succeeded
PAY00006737,ORD00006737,2026-01-12,ACH,995.87,Succeeded
PAY00006738,ORD00006738,2025-04-12,Wire,5627.52,Succeeded
PAY00006739,ORD00006739,2024-03-09,Wire,1806.81,Succeeded
PAY00006740,ORD00006740,2024-06-30,PayPal,7118.62,Succeeded
PAY00006741,ORD00006741,2026-02-27,ACH,2854.2,Succeeded
PAY00006742,ORD00006742,2024-11-21,ACH,2975.0,Succeeded
PAY00006743,ORD00006743,2026-02-25,Wire,6063.74,Succeeded
PAY00006744,ORD00006744,2024-11-08,Wire,3690.81,Succeeded
PAY00006746,ORD00006746,2024-08-08,Card,3839.4,Succeeded
PAY00006747,ORD00006747,2026-03-01,Card,8643.5,Succeeded
PAY00006748,ORD00006748,2024-01-22,Wire,1904.43,Succeeded
PAY00006749,ORD00006749,2025-07-09,Wire,2768.24,Succeeded
PAY00006750,ORD00006750,2024-07-16,Card,6505.01,Succeeded
PAY00006751,ORD00006751,2025-11-07,Wire,6826.2,Succeeded
PAY00006753,ORD00006753,2025-02-09,Wire,4900.03,Succeeded
PAY00006754,ORD00006754,2025-05-10,Wire,5598.59,Succeeded
PAY00006755,ORD00006755,2024-11-25,Card,2907.33,Succeeded
PAY00006756,ORD00006756,2024-02-14,ACH,1398.23,Succeeded
PAY00006757,ORD00006757,2024-06-05,ACH,2310.32,Succeeded
PAY00006758,ORD00006758,2024-06-21,Wire,4179.6,Succeeded
PAY00006759,ORD00006759,2024-07-19,Card,1872.27,Succeeded
PAY00006760,ORD00006760,2025-08-11,Wire,3531.43,Succeeded
PAY00006761,ORD00006761,2024-04-15,ACH,4113.05,Succeeded
PAY00006763,ORD00006763,2024-05-18,ACH,3221.42,Succeeded
PAY00006764,ORD00006764,2024-10-31,PayPal,2053.78,Succeeded
PAY00006765,ORD00006765,2024-06-18,PayPal,5844.47,Succeeded
PAY00006768,ORD00006768,2024-12-22,Card,524.81,Succeeded
PAY00006769,ORD00006769,2024-11-01,Wire,587.98,Succeeded
PAY00006770,ORD00006770,2024-08-25,PayPal,285.91,Succeeded
PAY00006771,ORD00006771,2025-11-07,PayPal,457.0,Succeeded
PAY00006772,ORD00006772,2025-10-31,ACH,5711.86,Succeeded
PAY00006773,ORD00006773,2024-01-07,Wire,7682.45,Succeeded
PAY00006774,ORD00006774,2025-08-08,Card,1920.23,Pending
PAY00006775,ORD00006775,2025-11-03,ACH,3056.24,Succeeded
PAY00006777,ORD00006777,2026-02-20,ACH,4311.19,Succeeded
PAY00006778,ORD00006778,2024-03-02,Card,7479.82,Succeeded
PAY00006779,ORD00006779,2024-07-20,Card,1805.77,Succeeded
PAY00006780,ORD00006780,2025-12-02,Card,1933.41,Succeeded
PAY00006781,ORD00006781,2025-10-07,PayPal,7386.3,Succeeded
PAY00006782,ORD00006782,2024-10-14,ACH,296.98,Pending
PAY00006783,ORD00006783,2025-02-14,PayPal,3329.25,Succeeded
PAY00006784,ORD00006784,2025-01-31,Wire,709.58,Succeeded
PAY00006785,ORD00006785,2025-10-21,ACH,5301.42,Succeeded
PAY00006786,ORD00006786,2024-02-13,Wire,1052.08,Succeeded
PAY00006787,ORD00006787,2024-12-26,ACH,4773.69,Succeeded
PAY00006788,ORD00006788,2024-02-19,Wire,1621.16,Succeeded
PAY00006789,ORD00006789,2026-01-18,Wire,609.71,Succeeded
PAY00006790,ORD00006790,2024-10-06,PayPal,1407.1,Succeeded
PAY00006791,ORD00006791,2024-11-18,ACH,5213.88,Succeeded
PAY00006792,ORD00006792,2024-10-16,Wire,3100.57,Succeeded
PAY00006793,ORD00006793,2025-05-08,Card,668.28,Succeeded
PAY00006794,ORD00006794,2025-04-12,PayPal,5615.54,Succeeded
PAY00006796,ORD00006796,2026-02-06,Wire,1348.45,Succeeded
PAY00006797,ORD00006797,2024-12-10,Wire,696.23,Succeeded
PAY00006798,ORD00006798,2025-09-10,PayPal,2997.06,Succeeded
PAY00006799,ORD00006799,2025-08-22,Wire,4098.28,Succeeded
PAY00006800,ORD00006800,2025-07-11,PayPal,4911.17,Pending
PAY00006801,ORD00006801,2024-01-23,PayPal,2069.09,Succeeded
PAY00006802,ORD00006802,2025-04-22,PayPal,1807.59,Succeeded
PAY00006803,ORD00006803,2025-06-26,Card,5902.45,Pending
PAY00006804,ORD00006804,2025-06-05,PayPal,3468.7,Succeeded
PAY00006805,ORD00006805,2024-09-08,ACH,6867.55,Succeeded
PAY00006806,ORD00006806,2024-09-16,Wire,2085.1,Succeeded
PAY00006807,ORD00006807,2024-02-13,ACH,9735.06,Succeeded
PAY00006809,ORD00006809,2024-02-20,Wire,86.3,Succeeded
PAY00006810,ORD00006810,2025-04-09,Card,846.73,Succeeded
PAY00006811,ORD00006811,2024-10-06,PayPal,4786.32,Failed
PAY00006812,ORD00006812,2024-07-03,ACH,6657.68,Succeeded
PAY00006813,ORD00006813,2025-11-24,Card,4221.51,Succeeded
PAY00006814,ORD00006814,2025-06-04,PayPal,4533.48,Succeeded
PAY00006815,ORD00006815,2025-01-04,ACH,3040.75,Succeeded
PAY00006816,ORD00006816,2024-08-25,PayPal,4537.26,Succeeded
PAY00006817,ORD00006817,2024-12-16,PayPal,230.38,Succeeded
PAY00006818,ORD00006818,2026-01-27,ACH,7681.26,Succeeded
PAY00006819,ORD00006819,2025-03-10,Wire,433.16,Succeeded
PAY00006820,ORD00006820,2025-08-27,Card,447.53,Succeeded
PAY00006821,ORD00006821,2025-08-13,Card,3001.89,Succeeded
PAY00006823,ORD00006823,2025-08-01,PayPal,974.94,Pending
PAY00006824,ORD00006824,2024-08-05,ACH,1362.55,Succeeded
PAY00006825,ORD00006825,2026-01-21,PayPal,3723.58,Succeeded
PAY00006826,ORD00006826,2024-11-05,Wire,357.34,Succeeded
PAY00006827,ORD00006827,2024-06-10,ACH,1788.56,Succeeded
PAY00006828,ORD00006828,2026-02-04,ACH,4250.19,Succeeded
PAY00006829,ORD00006829,2025-01-11,PayPal,3445.83,Succeeded
PAY00006830,ORD00006830,2024-01-13,ACH,228.48,Succeeded
PAY00006831,ORD00006831,2024-08-30,Card,1209.15,Succeeded
PAY00006832,ORD00006832,2025-12-18,Card,9373.93,Failed
PAY00006833,ORD00006833,2024-10-23,PayPal,6373.16,Succeeded
PAY00006834,ORD00006834,2025-05-17,ACH,3641.0,Succeeded
PAY00006835,ORD00006835,2024-04-09,ACH,5892.78,Succeeded
PAY00006836,ORD00006836,2026-02-10,Card,2387.56,Pending
PAY00006837,ORD00006837,2026-01-20,Card,2889.75,Succeeded
PAY00006838,ORD00006838,2024-01-28,ACH,4902.06,Succeeded
PAY00006839,ORD00006839,2026-02-19,Wire,4929.54,Succeeded
PAY00006840,ORD00006840,2025-11-02,Wire,1511.69,Succeeded
PAY00006841,ORD00006841,2025-02-06,Card,7314.44,Succeeded
PAY00006843,ORD00006843,2025-11-07,PayPal,4558.82,Succeeded
PAY00006844,ORD00006844,2024-12-09,Card,3065.89,Succeeded
PAY00006845,ORD00006845,2025-10-06,ACH,2309.26,Succeeded
PAY00006846,ORD00006846,2025-09-16,Card,3968.36,Succeeded
PAY00006847,ORD00006847,2025-03-16,PayPal,2337.64,Succeeded
PAY00006848,ORD00006848,2024-08-09,Wire,167.63,Succeeded
PAY00006849,ORD00006849,2026-02-17,ACH,2940.25,Succeeded
PAY00006850,ORD00006850,2025-10-24,PayPal,2056.02,Succeeded
PAY00006851,ORD00006851,2025-12-07,ACH,6459.06,Succeeded
PAY00006852,ORD00006852,2025-07-17,PayPal,1857.29,Succeeded
PAY00006853,ORD00006853,2024-11-17,Card,4928.0,Succeeded
PAY00006854,ORD00006854,2024-05-27,Wire,3331.69,Succeeded
PAY00006855,ORD00006855,2025-06-15,Wire,2038.86,Succeeded
PAY00006856,ORD00006856,2024-07-06,ACH,3109.0,Succeeded
PAY00006857,ORD00006857,2024-07-16,ACH,134.97,Succeeded
PAY00006858,ORD00006858,2026-01-12,ACH,6119.37,Succeeded
PAY00006859,ORD00006859,2025-12-02,Wire,2170.22,Succeeded
PAY00006860,ORD00006860,2025-01-22,ACH,5813.56,Succeeded
PAY00006861,ORD00006861,2024-08-25,Wire,6523.76,Succeeded
PAY00006862,ORD00006862,2025-05-09,PayPal,6869.81,Pending
PAY00006863,ORD00006863,2025-04-27,ACH,442.65,Succeeded
PAY00006864,ORD00006864,2025-05-19,Card,3023.92,Succeeded
PAY00006865,ORD00006865,2025-06-03,Wire,5934.48,Succeeded
PAY00006866,ORD00006866,2025-06-09,PayPal,198.27,Succeeded
PAY00006867,ORD00006867,2025-04-18,PayPal,6116.66,Succeeded
PAY00006868,ORD00006868,2024-01-21,Card,3596.4,Succeeded
PAY00006869,ORD00006869,2024-11-28,Card,5982.94,Succeeded
PAY00006870,ORD00006870,2024-02-08,PayPal,5006.94,Succeeded
PAY00006871,ORD00006871,2025-12-28,Card,1618.34,Succeeded
PAY00006872,ORD00006872,2025-08-15,PayPal,1608.28,Pending
PAY00006874,ORD00006874,2024-08-13,PayPal,6325.28,Succeeded
PAY00006875,ORD00006875,2025-10-21,ACH,1752.05,Pending
PAY00006876,ORD00006876,2025-10-13,PayPal,452.42,Succeeded
PAY00006877,ORD00006877,2026-01-18,Card,4298.51,Succeeded
PAY00006878,ORD00006878,2025-12-28,ACH,1804.81,Succeeded
PAY00006879,ORD00006879,2024-02-19,ACH,329.53,Succeeded
PAY00006880,ORD00006880,2024-05-18,Card,4477.29,Succeeded
PAY00006881,ORD00006881,2025-07-30,PayPal,4725.55,Failed
PAY00006882,ORD00006882,2024-12-28,ACH,1825.59,Succeeded
PAY00006883,ORD00006883,2025-11-28,Card,175.34,Succeeded
PAY00006884,ORD00006884,2025-11-10,ACH,7321.69,Succeeded
PAY00006885,ORD00006885,2024-10-22,PayPal,2110.56,Succeeded
PAY00006886,ORD00006886,2024-06-12,Wire,7579.21,Succeeded
PAY00006887,ORD00006887,2024-01-21,Card,3957.67,Succeeded
PAY00006888,ORD00006888,2024-04-20,PayPal,9231.35,Succeeded
PAY00006889,ORD00006889,2024-09-22,ACH,1503.78,Succeeded
PAY00006890,ORD00006890,2024-03-09,Card,4202.06,Succeeded
PAY00006891,ORD00006891,2024-01-15,ACH,4772.32,Succeeded
PAY00006892,ORD00006892,2025-08-30,Card,4659.89,Succeeded
PAY00006893,ORD00006893,2024-07-29,Card,803.57,Succeeded
PAY00006894,ORD00006894,2025-12-12,Card,7193.13,Succeeded
PAY00006895,ORD00006895,2024-11-28,Wire,11371.95,Succeeded
PAY00006896,ORD00006896,2024-11-01,Card,8371.16,Succeeded
PAY00006897,ORD00006897,2024-12-25,PayPal,2878.58,Pending
PAY00006898,ORD00006898,2025-06-19,Card,4230.88,Succeeded
PAY00006899,ORD00006899,2024-03-20,ACH,1544.66,Succeeded
PAY00006901,ORD00006901,2024-01-19,Wire,1185.95,Succeeded
PAY00006902,ORD00006902,2024-09-02,PayPal,1130.45,Succeeded
PAY00006903,ORD00006903,2025-08-21,ACH,974.26,Succeeded
PAY00006904,ORD00006904,2025-05-02,ACH,1749.8,Succeeded
PAY00006905,ORD00006905,2025-09-02,ACH,9979.57,Succeeded
PAY00006906,ORD00006906,2024-12-02,Wire,752.27,Succeeded
PAY00006907,ORD00006907,2024-08-31,Wire,105.72,Succeeded
PAY00006908,ORD00006908,2025-01-24,Card,5703.72,Succeeded
PAY00006909,ORD00006909,2025-12-19,Wire,1843.62,Succeeded
PAY00006910,ORD00006910,2026-02-16,PayPal,3751.58,Succeeded
PAY00006911,ORD00006911,2024-09-10,PayPal,5464.66,Succeeded
PAY00006912,ORD00006912,2024-03-12,Card,3619.2,Succeeded
PAY00006913,ORD00006913,2024-07-31,PayPal,1102.17,Succeeded
PAY00006914,ORD00006914,2025-10-31,ACH,3733.6,Succeeded
PAY00006915,ORD00006915,2024-06-03,ACH,6016.51,Succeeded
PAY00006916,ORD00006916,2024-05-06,ACH,3549.84,Failed
PAY00006917,ORD00006917,2024-01-17,ACH,2444.23,Succeeded
PAY00006918,ORD00006918,2025-04-25,Wire,149.97,Succeeded
PAY00006919,ORD00006919,2025-10-29,Wire,1567.12,Succeeded
PAY00006921,ORD00006921,2025-12-25,Wire,5599.76,Succeeded
PAY00006922,ORD00006922,2024-08-01,Wire,746.1,Succeeded
PAY00006923,ORD00006923,2025-08-19,Wire,398.08,Succeeded
PAY00006924,ORD00006924,2024-02-24,Card,4492.38,Succeeded
PAY00006925,ORD00006925,2025-07-11,Wire,3300.6,Succeeded
PAY00006926,ORD00006926,2025-09-03,PayPal,1989.26,Succeeded
PAY00006927,ORD00006927,2024-07-30,Card,1201.03,Succeeded
PAY00006928,ORD00006928,2026-02-10,ACH,2018.49,Succeeded
PAY00006929,ORD00006929,2025-05-26,PayPal,4281.95,Succeeded
PAY00006930,ORD00006930,2026-01-21,ACH,1262.73,Succeeded
PAY00006931,ORD00006931,2025-01-17,PayPal,9196.27,Succeeded
PAY00006932,ORD00006932,2024-03-16,ACH,1768.29,Succeeded
PAY00006934,ORD00006934,2024-04-21,Card,5810.67,Succeeded
PAY00006935,ORD00006935,2025-01-21,ACH,3182.72,Succeeded
PAY00006936,ORD00006936,2024-12-27,Wire,6151.19,Succeeded
PAY00006937,ORD00006937,2025-08-08,ACH,5020.28,Succeeded
PAY00006938,ORD00006938,2024-02-23,PayPal,6657.07,Succeeded
PAY00006939,ORD00006939,2025-12-19,ACH,4288.06,Succeeded
PAY00006940,ORD00006940,2024-12-30,ACH,2690.19,Succeeded
PAY00006941,ORD00006941,2025-12-15,Wire,3380.87,Succeeded
PAY00006942,ORD00006942,2024-08-09,PayPal,1870.4,Succeeded
PAY00006943,ORD00006943,2025-05-16,PayPal,1460.64,Succeeded
PAY00006944,ORD00006944,2024-04-22,Wire,2219.55,Succeeded
PAY00006945,ORD00006945,2025-08-26,Card,2442.2,Succeeded
PAY00006946,ORD00006946,2024-05-15,PayPal,5964.2,Succeeded
PAY00006947,ORD00006947,2026-01-10,Card,1751.17,Succeeded
PAY00006948,ORD00006948,2024-10-12,ACH,459.84,Succeeded
PAY00006949,ORD00006949,2025-12-01,Card,3718.21,Succeeded
PAY00006950,ORD00006950,2025-06-09,ACH,1869.52,Succeeded
PAY00006951,ORD00006951,2024-01-24,ACH,7641.44,Pending
PAY00006952,ORD00006952,2024-11-23,PayPal,667.05,Failed
PAY00006953,ORD00006953,2025-05-31,PayPal,5110.11,Succeeded
PAY00006954,ORD00006954,2026-02-17,Card,5866.8,Succeeded
PAY00006955,ORD00006955,2024-04-02,Card,2068.35,Succeeded
PAY00006957,ORD00006957,2024-03-12,Card,1868.84,Succeeded
PAY00006959,ORD00006959,2026-01-12,Wire,1845.42,Succeeded
PAY00006960,ORD00006960,2025-08-13,PayPal,3230.7,Succeeded
PAY00006961,ORD00006961,2024-04-30,PayPal,1043.2,Succeeded
PAY00006962,ORD00006962,2024-11-06,Card,5139.95,Pending
PAY00006964,ORD00006964,2024-12-21,Wire,4263.02,Failed
PAY00006965,ORD00006965,2024-10-13,Card,6725.57,Succeeded
PAY00006966,ORD00006966,2025-03-18,PayPal,2509.85,Succeeded
PAY00006967,ORD00006967,2025-12-11,PayPal,2300.14,Succeeded
PAY00006968,ORD00006968,2024-07-07,Card,2816.6,Succeeded
PAY00006969,ORD00006969,2024-01-25,PayPal,8963.71,Succeeded
PAY00006970,ORD00006970,2024-02-20,Wire,8755.78,Succeeded
PAY00006971,ORD00006971,2024-12-30,Wire,4435.25,Succeeded
PAY00006974,ORD00006974,2025-01-02,PayPal,2746.82,Succeeded
PAY00006975,ORD00006975,2024-08-04,ACH,2811.83,Succeeded
PAY00006976,ORD00006976,2024-04-13,PayPal,5332.6,Succeeded
PAY00006977,ORD00006977,2026-02-18,PayPal,5533.07,Succeeded
PAY00006978,ORD00006978,2025-09-28,PayPal,731.15,Succeeded
PAY00006979,ORD00006979,2025-07-11,Card,5452.95,Succeeded
PAY00006980,ORD00006980,2025-08-29,Card,4868.47,Succeeded
PAY00006981,ORD00006981,2024-03-03,PayPal,2109.13,Succeeded
PAY00006982,ORD00006982,2025-09-17,Wire,4713.79,Succeeded
PAY00006983,ORD00006983,2025-09-05,PayPal,4170.75,Succeeded
PAY00006985,ORD00006985,2024-09-13,Wire,1007.46,Succeeded
PAY00006986,ORD00006986,2024-06-29,PayPal,3847.82,Succeeded
PAY00006987,ORD00006987,2025-06-17,Card,1606.07,Succeeded
PAY00006988,ORD00006988,2025-11-27,Card,1876.16,Succeeded
PAY00006989,ORD00006989,2024-09-21,Card,2856.91,Succeeded
PAY00006990,ORD00006990,2025-10-03,Wire,4622.77,Succeeded
PAY00006991,ORD00006991,2024-10-15,PayPal,3121.32,Succeeded
PAY00006992,ORD00006992,2024-06-14,ACH,2471.07,Succeeded
PAY00006993,ORD00006993,2024-06-08,ACH,7138.58,Succeeded
PAY00006994,ORD00006994,2025-10-30,ACH,5451.49,Succeeded
PAY00006995,ORD00006995,2025-02-01,PayPal,760.39,Succeeded
PAY00006996,ORD00006996,2024-06-05,ACH,7662.99,Pending
PAY00006997,ORD00006997,2025-08-13,Card,8375.58,Succeeded
PAY00006998,ORD00006998,2025-07-30,Wire,3580.18,Succeeded
PAY00006999,ORD00006999,2024-08-07,PayPal,2183.94,Pending
PAY00007000,ORD00007000,2025-12-04,Card,3815.49,Succeeded
PAY00007001,ORD00007001,2024-01-30,Wire,777.37,Pending
PAY00007002,ORD00007002,2025-02-18,PayPal,5563.35,Pending
PAY00007003,ORD00007003,2024-08-31,ACH,772.84,Succeeded
PAY00007004,ORD00007004,2025-06-20,ACH,973.87,Succeeded
PAY00007005,ORD00007005,2024-12-07,Card,5529.16,Succeeded
PAY00007006,ORD00007006,2024-01-17,Card,7260.24,Pending
PAY00007008,ORD00007008,2025-10-18,Wire,3799.47,Succeeded
PAY00007009,ORD00007009,2025-09-25,Wire,4905.13,Succeeded
PAY00007010,ORD00007010,2025-09-29,Wire,2657.04,Succeeded
PAY00007011,ORD00007011,2026-01-27,PayPal,2195.5,Succeeded
PAY00007012,ORD00007012,2024-01-16,PayPal,1755.06,Succeeded
PAY00007013,ORD00007013,2024-03-25,Wire,4984.51,Succeeded
PAY00007014,ORD00007014,2025-06-25,Card,4516.15,Succeeded
PAY00007015,ORD00007015,2024-12-06,Card,704.01,Failed
PAY00007016,ORD00007016,2026-02-08,Wire,5898.21,Succeeded
PAY00007017,ORD00007017,2024-05-13,PayPal,3116.4,Succeeded
PAY00007018,ORD00007018,2025-09-01,Wire,466.24,Succeeded
PAY00007020,ORD00007020,2026-01-18,ACH,1622.19,Succeeded
PAY00007021,ORD00007021,2025-05-18,PayPal,3638.77,Succeeded
PAY00007023,ORD00007023,2024-04-24,Card,2379.76,Succeeded
PAY00007024,ORD00007024,2025-07-05,ACH,5747.32,Succeeded
PAY00007025,ORD00007025,2025-07-19,PayPal,1067.78,Succeeded
PAY00007026,ORD00007026,2026-01-11,Wire,5528.04,Failed
PAY00007027,ORD00007027,2025-04-03,ACH,4039.83,Succeeded
PAY00007028,ORD00007028,2024-02-25,ACH,6068.35,Succeeded
PAY00007029,ORD00007029,2025-03-22,PayPal,1914.43,Succeeded
PAY00007030,ORD00007030,2026-02-21,Wire,419.29,Succeeded
PAY00007031,ORD00007031,2024-04-23,Card,2317.39,Succeeded
PAY00007032,ORD00007032,2025-07-17,PayPal,2312.26,Succeeded
PAY00007033,ORD00007033,2026-01-25,ACH,1466.49,Succeeded
PAY00007034,ORD00007034,2025-01-12,Card,6279.67,Succeeded
PAY00007035,ORD00007035,2026-01-10,ACH,6719.35,Succeeded
PAY00007036,ORD00007036,2025-06-13,ACH,3333.67,Succeeded
PAY00007037,ORD00007037,2024-04-28,PayPal,2476.99,Succeeded
PAY00007038,ORD00007038,2024-08-28,PayPal,1278.53,Succeeded
PAY00007039,ORD00007039,2024-12-08,Wire,1964.47,Succeeded
PAY00007040,ORD00007040,2024-03-05,ACH,3321.54,Succeeded
PAY00007041,ORD00007041,2024-05-14,Wire,566.71,Succeeded
PAY00007042,ORD00007042,2026-02-08,PayPal,92.24,Succeeded
PAY00007043,ORD00007043,2025-11-05,Card,3483.11,Succeeded
PAY00007044,ORD00007044,2025-07-29,PayPal,5559.51,Succeeded
PAY00007045,ORD00007045,2024-10-07,Wire,3885.44,Pending
PAY00007046,ORD00007046,2024-12-11,Card,6047.53,Succeeded
PAY00007047,ORD00007047,2025-10-19,PayPal,4453.19,Succeeded
PAY00007048,ORD00007048,2024-04-23,Wire,5110.61,Succeeded
PAY00007049,ORD00007049,2024-09-13,PayPal,258.41,Succeeded
PAY00007050,ORD00007050,2025-03-08,PayPal,6721.35,Succeeded
PAY00007051,ORD00007051,2025-04-16,Wire,6067.71,Succeeded
PAY00007052,ORD00007052,2024-08-06,Wire,3822.66,Pending
PAY00007053,ORD00007053,2025-08-18,PayPal,2789.45,Succeeded
PAY00007054,ORD00007054,2025-08-02,PayPal,383.28,Succeeded
PAY00007056,ORD00007056,2025-11-08,PayPal,642.66,Succeeded
PAY00007057,ORD00007057,2025-02-12,ACH,2866.04,Succeeded
PAY00007059,ORD00007059,2025-09-07,ACH,1373.31,Succeeded
PAY00007060,ORD00007060,2025-09-15,Wire,7472.18,Succeeded
PAY00007061,ORD00007061,2026-02-20,PayPal,3336.43,Succeeded
PAY00007062,ORD00007062,2026-01-12,PayPal,7426.76,Succeeded
PAY00007063,ORD00007063,2024-04-26,PayPal,3676.62,Succeeded
PAY00007064,ORD00007064,2025-08-04,ACH,525.85,Failed
PAY00007065,ORD00007065,2026-03-01,PayPal,5311.23,Succeeded
PAY00007066,ORD00007066,2025-11-24,Wire,2418.31,Pending
PAY00007067,ORD00007067,2025-12-16,PayPal,11512.12,Succeeded
PAY00007068,ORD00007068,2025-01-09,PayPal,7007.59,Succeeded
PAY00007069,ORD00007069,2024-03-17,Wire,4602.68,Succeeded
PAY00007070,ORD00007070,2025-11-11,PayPal,1089.49,Succeeded
PAY00007071,ORD00007071,2024-03-07,Wire,4973.56,Succeeded
PAY00007072,ORD00007072,2024-12-08,ACH,2901.14,Succeeded
PAY00007073,ORD00007073,2026-02-02,PayPal,1724.47,Succeeded
PAY00007074,ORD00007074,2026-02-08,ACH,4419.47,Succeeded
PAY00007075,ORD00007075,2024-12-09,ACH,4031.55,Succeeded
PAY00007076,ORD00007076,2025-10-31,PayPal,3260.82,Succeeded
PAY00007077,ORD00007077,2024-09-15,PayPal,1349.51,Succeeded
PAY00007078,ORD00007078,2025-02-28,Card,4034.92,Succeeded
PAY00007079,ORD00007079,2026-01-03,Card,2150.29,Succeeded
PAY00007080,ORD00007080,2025-12-12,PayPal,1971.45,Succeeded
PAY00007081,ORD00007081,2025-11-30,ACH,5091.81,Succeeded
PAY00007082,ORD00007082,2024-07-26,Wire,3488.27,Succeeded
PAY00007083,ORD00007083,2025-09-28,ACH,8181.95,Succeeded
PAY00007084,ORD00007084,2024-03-30,Card,314.61,Succeeded
PAY00007085,ORD00007085,2024-11-19,ACH,2372.12,Failed
PAY00007086,ORD00007086,2025-03-03,PayPal,6210.11,Succeeded
PAY00007087,ORD00007087,2024-04-14,Card,2835.57,Pending
PAY00007090,ORD00007090,2024-11-20,Card,4296.38,Succeeded
PAY00007092,ORD00007092,2026-01-14,ACH,6826.24,Succeeded
PAY00007093,ORD00007093,2026-02-24,PayPal,4308.83,Succeeded
PAY00007094,ORD00007094,2024-12-14,ACH,3200.61,Succeeded
PAY00007095,ORD00007095,2024-07-07,PayPal,2626.34,Succeeded
PAY00007096,ORD00007096,2024-02-11,Wire,853.86,Pending
PAY00007097,ORD00007097,2024-03-12,Wire,3228.2,Succeeded
PAY00007098,ORD00007098,2024-11-06,Card,1489.43,Succeeded
PAY00007099,ORD00007099,2024-08-26,PayPal,2124.46,Failed
PAY00007100,ORD00007100,2024-04-23,PayPal,1360.82,Succeeded
PAY00007101,ORD00007101,2025-02-15,Card,2241.84,Succeeded
PAY00007102,ORD00007102,2025-12-03,ACH,370.53,Succeeded
PAY00007103,ORD00007103,2024-12-13,ACH,905.78,Succeeded
PAY00007104,ORD00007104,2025-09-21,Card,7201.52,Succeeded
PAY00007105,ORD00007105,2024-01-14,ACH,991.34,Succeeded
PAY00007106,ORD00007106,2024-06-16,PayPal,1474.26,Succeeded
PAY00007107,ORD00007107,2025-05-17,PayPal,2630.72,Succeeded
PAY00007108,ORD00007108,2024-06-08,ACH,5975.75,Succeeded
PAY00007109,ORD00007109,2024-09-02,Wire,5149.97,Succeeded
PAY00007110,ORD00007110,2025-12-19,Card,1095.71,Succeeded
PAY00007111,ORD00007111,2024-12-07,ACH,3436.2,Succeeded
PAY00007113,ORD00007113,2024-04-24,PayPal,299.05,Succeeded
PAY00007114,ORD00007114,2025-03-08,Wire,789.04,Succeeded
PAY00007115,ORD00007115,2024-12-12,Wire,1124.16,Succeeded
PAY00007116,ORD00007116,2025-03-12,ACH,2303.35,Succeeded
PAY00007117,ORD00007117,2024-07-08,Card,7521.77,Succeeded
PAY00007118,ORD00007118,2025-12-12,Wire,7097.01,Succeeded
PAY00007119,ORD00007119,2025-03-19,Wire,3600.51,Succeeded
PAY00007120,ORD00007120,2025-06-10,PayPal,1762.99,Succeeded
PAY00007121,ORD00007121,2024-05-07,Card,2918.18,Succeeded
PAY00007122,ORD00007122,2024-07-11,ACH,343.6,Pending
PAY00007123,ORD00007123,2025-09-28,ACH,4609.29,Succeeded
PAY00007124,ORD00007124,2024-04-12,PayPal,4485.43,Succeeded
PAY00007125,ORD00007125,2025-09-22,Card,5902.47,Succeeded
PAY00007126,ORD00007126,2025-07-14,Wire,3034.43,Succeeded
PAY00007127,ORD00007127,2026-01-09,Card,3656.37,Pending
PAY00007128,ORD00007128,2024-11-13,PayPal,4809.66,Succeeded
PAY00007129,ORD00007129,2025-03-14,ACH,538.57,Pending
PAY00007130,ORD00007130,2024-06-11,ACH,2740.07,Succeeded
PAY00007131,ORD00007131,2025-09-20,PayPal,4351.5,Succeeded
PAY00007132,ORD00007132,2024-06-16,Wire,4741.56,Succeeded
PAY00007133,ORD00007133,2024-10-24,Wire,3828.33,Succeeded
PAY00007134,ORD00007134,2025-08-21,PayPal,2951.63,Succeeded
PAY00007135,ORD00007135,2025-09-21,Card,4642.61,Succeeded
PAY00007136,ORD00007136,2026-02-27,Card,2664.48,Succeeded
PAY00007137,ORD00007137,2025-08-09,PayPal,3340.83,Succeeded
PAY00007138,ORD00007138,2024-09-18,ACH,2924.87,Succeeded
PAY00007139,ORD00007139,2025-02-10,ACH,4202.96,Succeeded
PAY00007140,ORD00007140,2024-07-08,PayPal,1687.47,Succeeded
PAY00007141,ORD00007141,2025-08-28,PayPal,4891.93,Succeeded
PAY00007142,ORD00007142,2024-06-16,PayPal,3153.58,Succeeded
PAY00007143,ORD00007143,2025-12-22,Wire,2391.04,Succeeded
PAY00007144,ORD00007144,2026-01-22,Card,747.36,Succeeded
PAY00007145,ORD00007145,2025-01-14,PayPal,2889.56,Succeeded
PAY00007146,ORD00007146,2026-02-24,Card,5709.06,Succeeded
PAY00007147,ORD00007147,2024-04-29,Card,7753.88,Succeeded
PAY00007148,ORD00007148,2025-01-18,PayPal,1956.18,Succeeded
PAY00007149,ORD00007149,2026-01-04,Card,27.07,Succeeded
PAY00007150,ORD00007150,2024-03-08,Wire,8239.61,Succeeded
PAY00007151,ORD00007151,2024-07-22,ACH,206.86,Succeeded
PAY00007152,ORD00007152,2025-12-06,PayPal,1566.39,Succeeded
PAY00007153,ORD00007153,2024-07-08,ACH,2765.09,Succeeded
PAY00007154,ORD00007154,2025-06-30,Wire,615.2,Succeeded
PAY00007155,ORD00007155,2024-10-01,PayPal,624.27,Succeeded
PAY00007157,ORD00007157,2025-02-22,PayPal,1522.41,Succeeded
PAY00007158,ORD00007158,2025-10-02,Wire,1106.44,Succeeded
PAY00007159,ORD00007159,2024-07-11,Card,4449.6,Succeeded
PAY00007160,ORD00007160,2024-09-08,Card,527.43,Succeeded
PAY00007161,ORD00007161,2024-01-28,Card,2092.01,Pending
PAY00007162,ORD00007162,2025-11-13,PayPal,3328.2,Succeeded
PAY00007163,ORD00007163,2025-02-10,Wire,3115.69,Succeeded
PAY00007164,ORD00007164,2025-06-08,PayPal,1523.19,Succeeded
PAY00007165,ORD00007165,2024-02-13,Wire,3646.21,Succeeded
PAY00007166,ORD00007166,2025-11-07,Wire,7139.88,Succeeded
PAY00007167,ORD00007167,2026-01-12,Card,1853.87,Succeeded
PAY00007168,ORD00007168,2024-07-29,ACH,1711.34,Succeeded
PAY00007169,ORD00007169,2024-12-27,Wire,10002.73,Succeeded
PAY00007170,ORD00007170,2025-10-09,ACH,2917.18,Succeeded
PAY00007171,ORD00007171,2024-08-04,Card,501.01,Succeeded
PAY00007172,ORD00007172,2025-09-30,Wire,1143.52,Succeeded
PAY00007173,ORD00007173,2024-05-18,PayPal,5404.65,Succeeded
PAY00007174,ORD00007174,2024-06-21,Wire,2739.29,Succeeded
PAY00007175,ORD00007175,2024-08-09,PayPal,2245.07,Succeeded
PAY00007176,ORD00007176,2024-08-08,Wire,4299.01,Succeeded
PAY00007177,ORD00007177,2024-08-02,Wire,1931.28,Succeeded
PAY00007178,ORD00007178,2024-12-13,Wire,5168.93,Succeeded
PAY00007179,ORD00007179,2025-11-21,PayPal,1238.46,Succeeded
PAY00007180,ORD00007180,2024-04-09,Wire,1879.95,Succeeded
PAY00007181,ORD00007181,2026-03-02,ACH,933.31,Succeeded
PAY00007182,ORD00007182,2024-03-03,PayPal,2425.32,Succeeded
PAY00007183,ORD00007183,2025-05-08,PayPal,9895.8,Succeeded
PAY00007184,ORD00007184,2025-10-22,PayPal,1966.46,Pending
PAY00007185,ORD00007185,2025-08-25,ACH,5417.78,Succeeded
PAY00007186,ORD00007186,2025-07-12,Wire,5181.64,Succeeded
PAY00007187,ORD00007187,2024-07-13,Wire,4890.96,Succeeded
PAY00007188,ORD00007188,2026-03-02,Card,5049.0,Succeeded
PAY00007189,ORD00007189,2026-01-04,ACH,6145.31,Succeeded
PAY00007190,ORD00007190,2026-01-20,ACH,194.3,Succeeded
PAY00007191,ORD00007191,2025-08-10,ACH,4639.36,Succeeded
PAY00007192,ORD00007192,2024-07-28,PayPal,1157.1,Succeeded
PAY00007193,ORD00007193,2024-05-12,ACH,3250.88,Succeeded
PAY00007194,ORD00007194,2025-03-05,Card,4678.07,Succeeded
PAY00007195,ORD00007195,2024-01-09,PayPal,972.38,Succeeded
PAY00007196,ORD00007196,2024-07-19,ACH,5825.43,Succeeded
PAY00007197,ORD00007197,2024-10-25,Card,4113.28,Succeeded
PAY00007198,ORD00007198,2024-01-13,PayPal,2123.69,Succeeded
PAY00007199,ORD00007199,2024-11-11,Card,2218.78,Succeeded
PAY00007200,ORD00007200,2024-12-12,PayPal,3058.47,Succeeded
PAY00007201,ORD00007201,2025-07-02,ACH,878.9,Succeeded
PAY00007202,ORD00007202,2025-03-19,Wire,2737.83,Succeeded
PAY00007203,ORD00007203,2025-10-11,Wire,2795.81,Succeeded
PAY00007204,ORD00007204,2025-12-24,PayPal,4792.22,Succeeded
PAY00007205,ORD00007205,2024-11-14,ACH,1869.14,Succeeded
PAY00007206,ORD00007206,2025-12-27,PayPal,3660.58,Succeeded
PAY00007207,ORD00007207,2024-06-19,Wire,5830.23,Succeeded
PAY00007208,ORD00007208,2024-01-20,Wire,2086.66,Succeeded
PAY00007209,ORD00007209,2024-04-17,Wire,231.91,Succeeded
PAY00007210,ORD00007210,2024-04-28,ACH,2139.75,Succeeded
PAY00007211,ORD00007211,2025-10-18,Wire,6198.55,Succeeded
PAY00007212,ORD00007212,2024-12-31,Wire,8920.87,Succeeded
PAY00007214,ORD00007214,2024-05-16,ACH,2983.19,Succeeded
PAY00007215,ORD00007215,2024-07-22,Card,7611.16,Succeeded
PAY00007216,ORD00007216,2024-12-09,PayPal,3922.0,Succeeded
PAY00007217,ORD00007217,2025-12-19,Wire,265.58,Succeeded
PAY00007218,ORD00007218,2026-01-28,Card,50.3,Succeeded
PAY00007219,ORD00007219,2024-01-28,Card,6310.22,Succeeded
PAY00007220,ORD00007220,2025-05-08,PayPal,350.44,Pending
PAY00007222,ORD00007222,2024-08-23,ACH,1963.7,Succeeded
PAY00007223,ORD00007223,2025-05-06,PayPal,5588.36,Failed
PAY00007224,ORD00007224,2024-10-19,Wire,3856.87,Succeeded
PAY00007225,ORD00007225,2025-10-23,Wire,473.63,Succeeded
PAY00007226,ORD00007226,2025-07-17,Wire,3884.56,Succeeded
PAY00007227,ORD00007227,2025-03-15,ACH,8439.82,Succeeded
PAY00007228,ORD00007228,2024-06-17,PayPal,5217.97,Failed
PAY00007229,ORD00007229,2025-05-26,Wire,1078.41,Pending
PAY00007230,ORD00007230,2025-04-10,Card,3351.8,Succeeded
PAY00007231,ORD00007231,2024-03-06,Card,657.73,Succeeded
PAY00007232,ORD00007232,2025-05-14,ACH,7227.75,Succeeded
PAY00007233,ORD00007233,2024-04-25,Wire,5329.78,Succeeded
PAY00007234,ORD00007234,2024-01-03,Wire,8370.84,Succeeded
PAY00007235,ORD00007235,2024-04-30,Wire,4253.22,Succeeded
PAY00007236,ORD00007236,2024-12-30,ACH,4209.08,Succeeded
PAY00007237,ORD00007237,2024-10-07,Card,3653.06,Succeeded
PAY00007238,ORD00007238,2024-12-16,Card,9091.06,Pending
PAY00007239,ORD00007239,2024-06-25,PayPal,625.6,Succeeded
PAY00007240,ORD00007240,2025-05-29,PayPal,5043.29,Succeeded
PAY00007241,ORD00007241,2025-12-13,PayPal,970.29,Succeeded
PAY00007242,ORD00007242,2024-12-29,Wire,1045.57,Succeeded
PAY00007243,ORD00007243,2025-04-13,Wire,2998.86,Succeeded
PAY00007244,ORD00007244,2024-05-18,ACH,5928.57,Succeeded
PAY00007245,ORD00007245,2024-10-28,ACH,727.75,Succeeded
PAY00007246,ORD00007246,2025-12-19,Card,1565.15,Succeeded
PAY00007247,ORD00007247,2024-06-09,Wire,10101.84,Succeeded
PAY00007248,ORD00007248,2025-05-31,Wire,7265.92,Succeeded
PAY00007250,ORD00007250,2026-01-18,Card,2957.36,Succeeded
PAY00007251,ORD00007251,2025-12-26,Card,2753.75,Succeeded
PAY00007252,ORD00007252,2026-01-23,Wire,2851.85,Succeeded
PAY00007253,ORD00007253,2024-07-31,ACH,5150.29,Pending
PAY00007254,ORD00007254,2025-03-04,Wire,2513.59,Succeeded
PAY00007255,ORD00007255,2024-04-10,Card,664.7,Succeeded
PAY00007256,ORD00007256,2025-12-09,Card,6885.3,Succeeded
PAY00007258,ORD00007258,2024-04-25,ACH,591.0,Succeeded
PAY00007259,ORD00007259,2024-06-17,ACH,7030.43,Succeeded
PAY00007260,ORD00007260,2025-01-29,Wire,643.48,Succeeded
PAY00007261,ORD00007261,2024-04-20,Wire,5683.96,Succeeded
PAY00007262,ORD00007262,2025-03-28,Card,468.18,Succeeded
PAY00007263,ORD00007263,2024-10-21,PayPal,2820.88,Succeeded
PAY00007264,ORD00007264,2024-01-13,Wire,2828.4,Succeeded
PAY00007265,ORD00007265,2025-06-23,PayPal,1815.23,Succeeded
PAY00007266,ORD00007266,2024-11-26,Card,4414.86,Succeeded
PAY00007267,ORD00007267,2025-12-13,Wire,4225.13,Succeeded
PAY00007268,ORD00007268,2025-04-30,PayPal,1587.53,Succeeded
PAY00007269,ORD00007269,2024-03-19,PayPal,5225.14,Succeeded
PAY00007270,ORD00007270,2024-01-11,ACH,2934.73,Succeeded
PAY00007271,ORD00007271,2025-02-05,ACH,9493.81,Succeeded
PAY00007272,ORD00007272,2025-10-31,Wire,3326.69,Succeeded
PAY00007273,ORD00007273,2024-07-24,PayPal,3253.05,Succeeded
PAY00007274,ORD00007274,2024-03-25,Wire,824.67,Succeeded
PAY00007275,ORD00007275,2024-04-16,Wire,290.97,Succeeded
PAY00007277,ORD00007277,2026-01-13,Wire,156.56,Succeeded
PAY00007278,ORD00007278,2025-02-22,Wire,6241.68,Succeeded
PAY00007279,ORD00007279,2025-08-22,Card,6815.28,Succeeded
PAY00007280,ORD00007280,2025-08-26,Card,980.5,Succeeded
PAY00007281,ORD00007281,2024-04-17,PayPal,225.99,Succeeded
PAY00007282,ORD00007282,2026-01-08,Wire,2869.71,Succeeded
PAY00007283,ORD00007283,2025-09-05,PayPal,283.27,Pending
PAY00007284,ORD00007284,2024-06-19,Wire,340.32,Pending
PAY00007285,ORD00007285,2024-06-24,Card,3892.29,Succeeded
PAY00007286,ORD00007286,2024-07-28,ACH,2467.79,Pending
PAY00007287,ORD00007287,2024-07-10,PayPal,2367.47,Succeeded
PAY00007288,ORD00007288,2025-12-17,PayPal,1540.84,Succeeded
PAY00007290,ORD00007290,2024-08-24,Card,3747.27,Succeeded
PAY00007291,ORD00007291,2024-04-09,ACH,7975.05,Succeeded
PAY00007292,ORD00007292,2025-08-24,ACH,1941.33,Succeeded
PAY00007293,ORD00007293,2025-12-30,ACH,8347.04,Succeeded
PAY00007294,ORD00007294,2024-04-17,PayPal,2030.37,Succeeded
PAY00007295,ORD00007295,2025-05-06,Wire,3295.95,Succeeded
PAY00007296,ORD00007296,2025-10-18,Card,1844.24,Succeeded
PAY00007297,ORD00007297,2026-02-18,PayPal,5693.35,Succeeded
PAY00007298,ORD00007298,2025-03-01,Wire,3641.17,Succeeded
PAY00007299,ORD00007299,2024-07-14,Wire,4020.08,Succeeded
PAY00007300,ORD00007300,2024-05-20,PayPal,244.67,Succeeded
PAY00007301,ORD00007301,2024-04-02,Card,4728.76,Succeeded
PAY00007302,ORD00007302,2026-02-24,ACH,2364.27,Succeeded
PAY00007303,ORD00007303,2026-01-10,Card,8678.46,Succeeded
PAY00007304,ORD00007304,2024-06-10,ACH,7007.94,Succeeded
PAY00007305,ORD00007305,2025-04-12,Wire,5618.82,Succeeded
PAY00007306,ORD00007306,2025-06-23,ACH,1932.34,Succeeded
PAY00007307,ORD00007307,2025-02-13,ACH,9175.77,Succeeded
PAY00007309,ORD00007309,2025-12-16,Card,6838.99,Succeeded
PAY00007310,ORD00007310,2025-07-14,PayPal,2050.66,Succeeded
PAY00007311,ORD00007311,2024-11-12,PayPal,2236.03,Succeeded
PAY00007312,ORD00007312,2025-08-20,PayPal,8167.45,Succeeded
PAY00007313,ORD00007313,2025-10-10,Wire,3455.77,Succeeded
PAY00007314,ORD00007314,2024-01-06,PayPal,6045.8,Pending
PAY00007315,ORD00007315,2025-05-02,Card,3897.13,Succeeded
PAY00007316,ORD00007316,2024-06-10,ACH,3056.67,Succeeded
PAY00007317,ORD00007317,2024-10-28,Wire,6251.46,Succeeded
PAY00007318,ORD00007318,2025-06-20,Card,421.16,Succeeded
PAY00007320,ORD00007320,2024-03-22,ACH,6060.5,Succeeded
PAY00007321,ORD00007321,2024-09-24,Card,3743.36,Succeeded
PAY00007322,ORD00007322,2025-09-03,ACH,3420.74,Failed
PAY00007324,ORD00007324,2024-06-14,PayPal,976.43,Succeeded
PAY00007325,ORD00007325,2024-11-22,Wire,3567.93,Succeeded
PAY00007326,ORD00007326,2024-09-17,Card,2640.48,Succeeded
PAY00007327,ORD00007327,2024-02-06,PayPal,9362.54,Pending
PAY00007329,ORD00007329,2024-08-25,ACH,2089.2,Succeeded
PAY00007330,ORD00007330,2024-02-26,ACH,1104.9,Succeeded
PAY00007331,ORD00007331,2025-02-26,ACH,3892.28,Succeeded
PAY00007332,ORD00007332,2024-08-07,ACH,4411.22,Succeeded
PAY00007333,ORD00007333,2025-10-01,Wire,3375.31,Succeeded
PAY00007334,ORD00007334,2024-12-20,PayPal,1048.14,Succeeded
PAY00007338,ORD00007338,2024-11-05,ACH,5798.39,Succeeded
PAY00007339,ORD00007339,2025-03-10,ACH,4696.22,Succeeded
PAY00007340,ORD00007340,2025-01-03,ACH,3290.37,Succeeded
PAY00007341,ORD00007341,2024-01-31,Card,3610.4,Succeeded
PAY00007343,ORD00007343,2024-09-24,Card,289.31,Succeeded
PAY00007344,ORD00007344,2024-05-26,PayPal,8846.83,Succeeded
PAY00007345,ORD00007345,2025-10-16,PayPal,2092.05,Succeeded
PAY00007346,ORD00007346,2025-07-18,ACH,4417.85,Succeeded
PAY00007347,ORD00007347,2024-08-26,Card,1311.64,Succeeded
PAY00007348,ORD00007348,2024-08-21,Card,2322.8,Succeeded
PAY00007349,ORD00007349,2025-01-23,PayPal,5889.74,Succeeded
PAY00007350,ORD00007350,2025-10-31,Card,5485.8,Succeeded
PAY00007351,ORD00007351,2025-07-11,Card,2790.53,Succeeded
PAY00007352,ORD00007352,2025-02-12,Card,2983.21,Succeeded
PAY00007353,ORD00007353,2024-10-17,ACH,1275.14,Succeeded
PAY00007354,ORD00007354,2025-08-21,Card,2465.77,Succeeded
PAY00007355,ORD00007355,2025-04-25,Wire,10175.69,Succeeded
PAY00007356,ORD00007356,2025-08-16,ACH,3262.94,Succeeded
PAY00007357,ORD00007357,2025-09-13,PayPal,8858.59,Succeeded
PAY00007358,ORD00007358,2025-12-07,ACH,450.55,Succeeded
PAY00007360,ORD00007360,2025-02-03,Wire,5732.09,Succeeded
PAY00007361,ORD00007361,2025-05-04,ACH,3831.65,Succeeded
PAY00007362,ORD00007362,2024-03-22,PayPal,5964.38,Succeeded
PAY00007363,ORD00007363,2024-07-02,PayPal,7584.85,Succeeded
PAY00007364,ORD00007364,2025-03-29,Card,212.71,Succeeded
PAY00007365,ORD00007365,2025-04-05,Card,1094.21,Succeeded
PAY00007366,ORD00007366,2025-02-09,ACH,4646.59,Succeeded
PAY00007367,ORD00007367,2024-04-22,PayPal,2614.1,Succeeded
PAY00007368,ORD00007368,2025-02-27,Card,4901.28,Succeeded
PAY00007369,ORD00007369,2025-09-03,Wire,3917.63,Succeeded
PAY00007370,ORD00007370,2024-10-07,PayPal,9333.02,Succeeded
PAY00007371,ORD00007371,2024-12-22,PayPal,3415.19,Succeeded
PAY00007372,ORD00007372,2024-10-24,PayPal,6683.46,Succeeded
PAY00007373,ORD00007373,2024-06-22,ACH,5260.56,Succeeded
PAY00007375,ORD00007375,2024-05-12,ACH,2245.29,Succeeded
PAY00007376,ORD00007376,2024-02-26,ACH,1108.05,Succeeded
PAY00007377,ORD00007377,2025-11-26,ACH,3236.09,Pending
PAY00007378,ORD00007378,2025-11-05,ACH,7457.03,Succeeded
PAY00007379,ORD00007379,2026-01-11,Wire,545.25,Succeeded
PAY00007380,ORD00007380,2025-10-27,Wire,3424.41,Pending
PAY00007382,ORD00007382,2024-10-11,ACH,3592.77,Succeeded
PAY00007383,ORD00007383,2025-03-10,ACH,2334.99,Succeeded
PAY00007384,ORD00007384,2025-08-20,ACH,4431.98,Succeeded
PAY00007385,ORD00007385,2024-02-18,PayPal,1524.64,Succeeded
PAY00007386,ORD00007386,2025-05-03,PayPal,2997.62,Succeeded
PAY00007387,ORD00007387,2024-12-22,Card,4824.08,Succeeded
PAY00007388,ORD00007388,2025-08-06,Card,5367.91,Succeeded
PAY00007389,ORD00007389,2025-12-14,Card,3578.25,Succeeded
PAY00007390,ORD00007390,2024-08-31,Wire,3180.36,Succeeded
PAY00007391,ORD00007391,2024-05-19,PayPal,1672.36,Failed
PAY00007392,ORD00007392,2024-07-29,Card,5208.18,Succeeded
PAY00007393,ORD00007393,2026-01-12,PayPal,9350.01,Succeeded
PAY00007394,ORD00007394,2024-09-25,Card,2884.51,Succeeded
PAY00007395,ORD00007395,2025-08-15,PayPal,4485.47,Succeeded
PAY00007396,ORD00007396,2025-12-24,Wire,2065.07,Succeeded
PAY00007397,ORD00007397,2024-10-11,ACH,139.98,Succeeded
PAY00007398,ORD00007398,2026-01-13,PayPal,7487.77,Succeeded
PAY00007399,ORD00007399,2025-01-13,Card,2146.49,Succeeded
PAY00007400,ORD00007400,2024-11-27,Wire,1321.48,Succeeded
PAY00007401,ORD00007401,2026-02-25,Wire,2701.26,Succeeded
PAY00007402,ORD00007402,2024-12-29,PayPal,6143.41,Succeeded
PAY00007403,ORD00007403,2025-07-26,Card,8348.42,Succeeded
PAY00007404,ORD00007404,2024-04-23,Card,1705.57,Succeeded
PAY00007405,ORD00007405,2025-11-22,Card,5822.88,Succeeded
PAY00007406,ORD00007406,2024-08-31,PayPal,2397.09,Failed
PAY00007407,ORD00007407,2024-08-13,Card,2161.8,Succeeded
PAY00007408,ORD00007408,2025-04-17,ACH,2849.4,Succeeded
PAY00007409,ORD00007409,2025-03-23,ACH,2034.63,Succeeded
PAY00007410,ORD00007410,2024-09-08,ACH,2828.52,Succeeded
PAY00007411,ORD00007411,2025-07-25,ACH,3572.98,Succeeded
PAY00007412,ORD00007412,2025-03-09,PayPal,1317.29,Succeeded
PAY00007413,ORD00007413,2025-12-16,Card,3953.96,Succeeded
PAY00007414,ORD00007414,2024-11-01,ACH,3862.22,Succeeded
PAY00007415,ORD00007415,2026-01-25,PayPal,6828.92,Succeeded
PAY00007416,ORD00007416,2025-10-21,ACH,2830.48,Succeeded
PAY00007417,ORD00007417,2024-11-12,ACH,5219.39,Succeeded
PAY00007418,ORD00007418,2025-01-03,PayPal,2080.12,Succeeded
PAY00007419,ORD00007419,2024-10-05,Card,756.71,Succeeded
PAY00007420,ORD00007420,2025-09-21,Card,7945.88,Succeeded
PAY00007421,ORD00007421,2025-09-25,Wire,4636.8,Succeeded
PAY00007422,ORD00007422,2025-06-23,PayPal,1424.55,Succeeded
PAY00007423,ORD00007423,2025-02-18,Card,8086.71,Succeeded
PAY00007424,ORD00007424,2024-01-22,Wire,3838.24,Succeeded
PAY00007425,ORD00007425,2024-10-07,PayPal,38.78,Succeeded
PAY00007426,ORD00007426,2025-04-19,PayPal,8895.35,Succeeded
PAY00007427,ORD00007427,2025-08-08,Card,2959.38,Succeeded
PAY00007428,ORD00007428,2024-04-15,Card,5107.92,Succeeded
PAY00007429,ORD00007429,2025-10-01,Wire,1265.25,Succeeded
PAY00007430,ORD00007430,2024-09-01,PayPal,4362.21,Succeeded
PAY00007431,ORD00007431,2024-11-05,PayPal,2853.62,Succeeded
PAY00007432,ORD00007432,2024-07-21,Card,10165.6,Succeeded
PAY00007433,ORD00007433,2025-12-02,PayPal,3545.23,Succeeded
PAY00007434,ORD00007434,2024-12-15,ACH,463.21,Succeeded
PAY00007435,ORD00007435,2024-07-03,ACH,3540.36,Succeeded
PAY00007436,ORD00007436,2024-08-12,Wire,4882.24,Succeeded
PAY00007437,ORD00007437,2024-12-24,Wire,3893.11,Succeeded
PAY00007438,ORD00007438,2024-11-13,Card,5121.48,Succeeded
PAY00007439,ORD00007439,2024-06-21,Card,565.4,Succeeded
PAY00007440,ORD00007440,2025-05-15,ACH,3399.59,Succeeded
PAY00007441,ORD00007441,2026-01-26,Wire,1038.63,Succeeded
PAY00007442,ORD00007442,2025-10-25,PayPal,5080.66,Pending
PAY00007444,ORD00007444,2025-11-04,ACH,7629.01,Succeeded
PAY00007445,ORD00007445,2026-01-28,Card,4030.87,Succeeded
PAY00007446,ORD00007446,2025-05-10,ACH,1958.65,Succeeded
PAY00007447,ORD00007447,2025-05-04,Card,5604.42,Succeeded
PAY00007448,ORD00007448,2024-08-29,ACH,5147.59,Succeeded
PAY00007449,ORD00007449,2025-02-11,PayPal,1102.57,Succeeded
PAY00007450,ORD00007450,2024-02-13,Card,347.49,Succeeded
PAY00007451,ORD00007451,2024-10-24,PayPal,5131.06,Succeeded
PAY00007452,ORD00007452,2025-05-24,Card,2391.49,Succeeded
PAY00007453,ORD00007453,2025-06-07,ACH,4746.65,Succeeded
PAY00007454,ORD00007454,2026-01-19,PayPal,1521.13,Succeeded
PAY00007455,ORD00007455,2025-01-12,Card,3188.03,Succeeded
PAY00007456,ORD00007456,2025-12-23,ACH,4478.5,Succeeded
PAY00007458,ORD00007458,2025-07-26,ACH,1998.83,Succeeded
PAY00007459,ORD00007459,2024-11-19,ACH,4414.14,Succeeded
PAY00007460,ORD00007460,2024-09-06,Wire,6785.99,Succeeded
PAY00007462,ORD00007462,2025-06-05,PayPal,4040.67,Succeeded
PAY00007463,ORD00007463,2024-03-21,Wire,3454.35,Pending
PAY00007464,ORD00007464,2025-08-01,Card,978.05,Succeeded
PAY00007465,ORD00007465,2024-08-11,ACH,5343.87,Succeeded
PAY00007466,ORD00007466,2025-04-03,PayPal,786.17,Failed
PAY00007467,ORD00007467,2026-02-22,Wire,1895.01,Succeeded
PAY00007468,ORD00007468,2025-01-04,ACH,6414.86,Succeeded
PAY00007469,ORD00007469,2024-06-26,ACH,2386.26,Succeeded
PAY00007470,ORD00007470,2024-01-16,Wire,5409.8,Succeeded
PAY00007471,ORD00007471,2026-01-29,Wire,1516.12,Succeeded
PAY00007472,ORD00007472,2025-01-22,PayPal,1840.46,Succeeded
PAY00007473,ORD00007473,2025-06-16,Card,3999.33,Succeeded
PAY00007474,ORD00007474,2025-09-15,Wire,10225.55,Succeeded
PAY00007475,ORD00007475,2025-03-17,PayPal,4464.43,Succeeded
PAY00007476,ORD00007476,2024-07-29,ACH,4698.84,Succeeded
PAY00007477,ORD00007477,2025-07-18,ACH,1205.64,Succeeded
PAY00007478,ORD00007478,2025-04-14,Wire,44.47,Succeeded
PAY00007479,ORD00007479,2024-03-29,PayPal,5413.63,Succeeded
PAY00007480,ORD00007480,2025-04-03,ACH,307.85,Succeeded
PAY00007482,ORD00007482,2024-06-25,Card,6370.16,Pending
PAY00007484,ORD00007484,2024-03-21,Wire,7836.68,Succeeded
PAY00007485,ORD00007485,2024-03-07,Wire,3576.75,Succeeded
PAY00007486,ORD00007486,2025-06-06,PayPal,5399.41,Succeeded
PAY00007487,ORD00007487,2025-02-11,ACH,9525.6,Succeeded
PAY00007488,ORD00007488,2024-07-14,Wire,3204.06,Succeeded
PAY00007489,ORD00007489,2025-10-23,Card,831.02,Succeeded
PAY00007491,ORD00007491,2024-01-31,PayPal,8014.83,Succeeded
PAY00007493,ORD00007493,2025-01-16,Wire,2125.49,Succeeded
PAY00007494,ORD00007494,2025-12-08,ACH,10445.39,Succeeded
PAY00007495,ORD00007495,2024-01-28,Wire,1183.27,Succeeded
PAY00007496,ORD00007496,2025-08-31,PayPal,2493.53,Succeeded
PAY00007497,ORD00007497,2025-08-12,PayPal,2217.9,Succeeded
PAY00007498,ORD00007498,2025-11-06,PayPal,1580.07,Succeeded
PAY00007499,ORD00007499,2025-01-11,Card,2075.33,Succeeded
PAY00007500,ORD00007500,2024-05-05,PayPal,1762.44,Succeeded
PAY00007501,ORD00007501,2024-04-18,Wire,4733.07,Succeeded
PAY00007502,ORD00007502,2024-08-01,Wire,1609.06,Succeeded
PAY00007503,ORD00007503,2024-11-11,ACH,2033.42,Succeeded
PAY00007504,ORD00007504,2025-10-12,ACH,878.22,Failed
PAY00007505,ORD00007505,2024-01-15,ACH,2770.36,Succeeded
PAY00007506,ORD00007506,2024-05-29,PayPal,4303.57,Succeeded
PAY00007507,ORD00007507,2024-12-26,Wire,3095.94,Succeeded
PAY00007508,ORD00007508,2026-01-09,PayPal,4279.54,Succeeded
PAY00007509,ORD00007509,2025-12-25,ACH,1958.4,Succeeded
PAY00007511,ORD00007511,2025-11-10,PayPal,256.05,Succeeded
PAY00007512,ORD00007512,2024-02-26,Card,1490.75,Succeeded
PAY00007514,ORD00007514,2025-11-20,ACH,7798.57,Succeeded
PAY00007515,ORD00007515,2025-02-03,Wire,4701.62,Succeeded
PAY00007516,ORD00007516,2025-02-27,Wire,7246.07,Succeeded
PAY00007517,ORD00007517,2025-01-01,ACH,555.27,Succeeded
PAY00007518,ORD00007518,2025-07-24,ACH,3108.96,Succeeded
PAY00007519,ORD00007519,2024-04-11,Wire,2239.56,Succeeded
PAY00007520,ORD00007520,2024-11-29,Wire,5155.26,Succeeded
PAY00007521,ORD00007521,2024-11-21,ACH,8382.0,Succeeded
PAY00007522,ORD00007522,2025-04-09,ACH,7104.81,Succeeded
PAY00007523,ORD00007523,2025-08-31,Wire,6103.86,Succeeded
PAY00007524,ORD00007524,2024-11-28,Card,235.59,Succeeded
PAY00007525,ORD00007525,2024-10-11,Card,1866.53,Succeeded
PAY00007526,ORD00007526,2025-12-26,Card,2234.02,Succeeded
PAY00007527,ORD00007527,2025-05-09,Wire,138.73,Succeeded
PAY00007528,ORD00007528,2025-07-06,Card,4101.76,Succeeded
PAY00007529,ORD00007529,2026-02-10,ACH,7599.07,Succeeded
PAY00007530,ORD00007530,2026-01-31,Wire,4046.13,Succeeded
PAY00007531,ORD00007531,2025-06-08,ACH,1711.92,Succeeded
PAY00007532,ORD00007532,2024-01-07,Card,296.41,Succeeded
PAY00007533,ORD00007533,2024-11-15,ACH,4542.16,Pending
PAY00007534,ORD00007534,2025-11-27,ACH,684.4,Succeeded
PAY00007535,ORD00007535,2025-10-20,PayPal,646.04,Succeeded
PAY00007536,ORD00007536,2024-11-12,Wire,5822.09,Succeeded
PAY00007537,ORD00007537,2025-05-27,Wire,4824.99,Succeeded
PAY00007538,ORD00007538,2025-11-28,Card,383.35,Succeeded
PAY00007539,ORD00007539,2024-12-04,Card,4016.07,Succeeded
PAY00007540,ORD00007540,2025-08-24,PayPal,2704.31,Succeeded
PAY00007542,ORD00007542,2024-01-25,Card,2148.76,Succeeded
PAY00007543,ORD00007543,2025-07-24,ACH,944.4,Succeeded
PAY00007545,ORD00007545,2025-05-25,Wire,2055.85,Succeeded
PAY00007546,ORD00007546,2026-01-21,ACH,6074.92,Succeeded
PAY00007547,ORD00007547,2025-11-26,PayPal,6432.94,Succeeded
PAY00007548,ORD00007548,2026-01-04,ACH,4857.04,Pending
PAY00007549,ORD00007549,2024-01-29,Card,7780.47,Succeeded
PAY00007550,ORD00007550,2025-09-08,Card,4357.94,Succeeded
PAY00007551,ORD00007551,2026-01-08,PayPal,3286.83,Succeeded
PAY00007552,ORD00007552,2025-06-07,PayPal,7180.77,Succeeded
PAY00007553,ORD00007553,2026-01-12,ACH,6354.08,Succeeded
PAY00007554,ORD00007554,2024-03-19,ACH,2910.73,Succeeded
PAY00007555,ORD00007555,2024-06-06,ACH,1110.88,Succeeded
PAY00007556,ORD00007556,2024-03-14,Card,5863.62,Succeeded
PAY00007557,ORD00007557,2025-09-20,PayPal,2644.83,Succeeded
PAY00007558,ORD00007558,2024-02-15,Wire,5238.39,Succeeded
PAY00007559,ORD00007559,2025-03-05,PayPal,8003.91,Succeeded
PAY00007560,ORD00007560,2024-05-04,PayPal,6662.61,Succeeded
PAY00007561,ORD00007561,2024-11-14,Wire,4839.81,Succeeded
PAY00007562,ORD00007562,2024-09-22,Card,5482.48,Succeeded
PAY00007563,ORD00007563,2025-11-20,ACH,7606.65,Succeeded
PAY00007564,ORD00007564,2025-01-25,Card,4707.34,Succeeded
PAY00007565,ORD00007565,2025-10-14,ACH,436.21,Failed
PAY00007566,ORD00007566,2024-04-03,ACH,1711.43,Succeeded
PAY00007567,ORD00007567,2025-12-07,Wire,4689.14,Pending
PAY00007568,ORD00007568,2025-12-09,Card,858.75,Succeeded
PAY00007569,ORD00007569,2025-05-01,Card,5426.93,Succeeded
PAY00007570,ORD00007570,2025-09-03,PayPal,2625.05,Succeeded
PAY00007571,ORD00007571,2025-06-17,Wire,4768.99,Succeeded
PAY00007572,ORD00007572,2024-07-15,ACH,187.32,Succeeded
PAY00007573,ORD00007573,2024-02-21,PayPal,7209.32,Pending
PAY00007574,ORD00007574,2025-04-24,Wire,1989.16,Succeeded
PAY00007575,ORD00007575,2025-12-18,Wire,117.18,Succeeded
PAY00007576,ORD00007576,2024-08-10,Wire,604.65,Succeeded
PAY00007578,ORD00007578,2025-08-17,PayPal,1340.05,Succeeded
PAY00007579,ORD00007579,2025-08-29,PayPal,1302.27,Pending
PAY00007580,ORD00007580,2024-06-30,Card,1310.31,Succeeded
PAY00007581,ORD00007581,2024-04-28,PayPal,3319.32,Succeeded
PAY00007582,ORD00007582,2024-05-10,PayPal,4496.49,Succeeded
PAY00007583,ORD00007583,2024-08-27,ACH,1175.89,Succeeded
PAY00007585,ORD00007585,2025-08-02,Wire,3653.35,Succeeded
PAY00007586,ORD00007586,2024-03-16,Wire,4157.45,Succeeded
PAY00007587,ORD00007587,2024-02-08,PayPal,5712.91,Succeeded
PAY00007588,ORD00007588,2024-11-09,Card,5260.41,Succeeded
PAY00007590,ORD00007590,2024-02-04,Card,4373.35,Succeeded
PAY00007591,ORD00007591,2025-05-03,Card,486.71,Succeeded
PAY00007592,ORD00007592,2025-09-22,PayPal,786.8,Succeeded
PAY00007593,ORD00007593,2025-01-19,Card,5005.3,Succeeded
PAY00007594,ORD00007594,2025-08-11,ACH,6926.78,Succeeded
PAY00007595,ORD00007595,2025-01-14,Card,2086.78,Succeeded
PAY00007596,ORD00007596,2025-06-28,Wire,407.25,Succeeded
PAY00007597,ORD00007597,2025-06-20,Card,5917.78,Succeeded
PAY00007598,ORD00007598,2024-08-19,ACH,463.49,Succeeded
PAY00007599,ORD00007599,2024-08-18,PayPal,4194.65,Succeeded
PAY00007600,ORD00007600,2025-05-14,Wire,2987.21,Succeeded
PAY00007601,ORD00007601,2025-11-29,ACH,5337.43,Succeeded
PAY00007602,ORD00007602,2024-08-11,ACH,3244.65,Succeeded
PAY00007603,ORD00007603,2025-06-10,Wire,4905.77,Succeeded
PAY00007604,ORD00007604,2025-08-08,PayPal,4083.54,Succeeded
PAY00007605,ORD00007605,2024-05-14,PayPal,4820.76,Succeeded
PAY00007606,ORD00007606,2025-12-31,Wire,2357.33,Succeeded
PAY00007607,ORD00007607,2025-05-08,ACH,5451.45,Succeeded
PAY00007608,ORD00007608,2024-11-17,ACH,6747.69,Succeeded
PAY00007609,ORD00007609,2024-12-24,Card,4016.1,Succeeded
PAY00007610,ORD00007610,2025-05-18,Card,2357.89,Succeeded
PAY00007611,ORD00007611,2024-10-16,Wire,6955.21,Succeeded
PAY00007613,ORD00007613,2025-08-13,ACH,6031.37,Succeeded
PAY00007614,ORD00007614,2026-01-09,Wire,1764.8,Succeeded
PAY00007615,ORD00007615,2024-02-07,PayPal,7483.7,Succeeded
PAY00007616,ORD00007616,2024-08-21,Card,1140.2,Succeeded
PAY00007617,ORD00007617,2025-09-05,Wire,4030.15,Succeeded
PAY00007618,ORD00007618,2025-02-01,Wire,6343.59,Succeeded
PAY00007619,ORD00007619,2024-03-18,Wire,5730.94,Succeeded
PAY00007620,ORD00007620,2025-11-12,Wire,7491.11,Succeeded
PAY00007621,ORD00007621,2024-05-30,Card,539.39,Succeeded
PAY00007623,ORD00007623,2024-05-27,Card,6977.45,Succeeded
PAY00007624,ORD00007624,2025-10-25,Wire,937.78,Succeeded
PAY00007625,ORD00007625,2025-05-04,ACH,3778.66,Succeeded
PAY00007626,ORD00007626,2025-11-02,Card,3669.84,Succeeded
PAY00007627,ORD00007627,2024-05-06,Card,253.44,Succeeded
PAY00007628,ORD00007628,2026-01-20,PayPal,8886.53,Succeeded
PAY00007629,ORD00007629,2025-05-30,PayPal,3794.31,Succeeded
PAY00007630,ORD00007630,2025-10-27,ACH,4250.72,Succeeded
PAY00007631,ORD00007631,2025-11-28,PayPal,4851.96,Succeeded
PAY00007632,ORD00007632,2025-07-25,PayPal,2704.64,Succeeded
PAY00007633,ORD00007633,2025-12-03,Wire,3991.0,Succeeded
PAY00007634,ORD00007634,2025-04-25,Wire,3966.18,Succeeded
PAY00007635,ORD00007635,2025-03-10,Wire,6655.04,Pending
PAY00007637,ORD00007637,2025-01-04,Wire,3934.28,Failed
PAY00007638,ORD00007638,2025-01-29,ACH,223.55,Succeeded
PAY00007639,ORD00007639,2024-01-03,Wire,2105.95,Succeeded
PAY00007640,ORD00007640,2024-07-11,Wire,7389.52,Succeeded
PAY00007641,ORD00007641,2024-04-17,Card,4347.89,Succeeded
PAY00007642,ORD00007642,2024-08-29,Wire,604.22,Succeeded
PAY00007643,ORD00007643,2025-04-18,Wire,2609.43,Succeeded
PAY00007644,ORD00007644,2024-07-04,PayPal,318.87,Succeeded
PAY00007645,ORD00007645,2025-10-08,PayPal,3014.41,Succeeded
PAY00007646,ORD00007646,2025-10-27,PayPal,2297.01,Succeeded
PAY00007647,ORD00007647,2024-11-20,Wire,2717.0,Succeeded
PAY00007648,ORD00007648,2025-07-19,ACH,841.04,Succeeded
PAY00007649,ORD00007649,2025-02-13,ACH,6763.46,Succeeded
PAY00007650,ORD00007650,2026-01-31,PayPal,13772.45,Succeeded
PAY00007651,ORD00007651,2025-12-29,Card,7957.15,Succeeded
PAY00007652,ORD00007652,2024-03-25,Card,697.13,Succeeded
PAY00007653,ORD00007653,2025-11-03,Card,3014.49,Succeeded
PAY00007654,ORD00007654,2024-04-29,Wire,5075.88,Succeeded
PAY00007655,ORD00007655,2024-02-28,Card,5457.52,Succeeded
PAY00007656,ORD00007656,2025-01-27,PayPal,2962.9,Succeeded
PAY00007657,ORD00007657,2024-03-21,Card,8180.33,Succeeded
PAY00007658,ORD00007658,2025-03-13,Wire,5810.07,Succeeded
PAY00007659,ORD00007659,2025-11-04,ACH,2239.35,Succeeded
PAY00007660,ORD00007660,2024-01-21,Card,4484.85,Pending
PAY00007661,ORD00007661,2026-01-29,PayPal,746.01,Succeeded
PAY00007662,ORD00007662,2024-09-23,Card,6814.28,Succeeded
PAY00007663,ORD00007663,2024-10-18,Wire,2705.3,Succeeded
PAY00007664,ORD00007664,2025-07-09,Wire,1196.62,Succeeded
PAY00007665,ORD00007665,2024-05-15,ACH,2003.76,Succeeded
PAY00007666,ORD00007666,2025-10-29,ACH,361.45,Succeeded
PAY00007667,ORD00007667,2024-10-20,ACH,3528.73,Succeeded
PAY00007669,ORD00007669,2024-07-13,Wire,1405.64,Succeeded
PAY00007670,ORD00007670,2024-10-24,Wire,2820.3,Succeeded
PAY00007671,ORD00007671,2024-08-28,PayPal,5008.01,Succeeded
PAY00007672,ORD00007672,2024-04-15,Wire,5595.94,Succeeded
PAY00007673,ORD00007673,2025-12-22,Wire,2293.47,Succeeded
PAY00007674,ORD00007674,2025-04-29,Card,4707.13,Succeeded
PAY00007675,ORD00007675,2024-01-23,Card,1463.65,Succeeded
PAY00007676,ORD00007676,2024-01-20,Card,6083.57,Succeeded
PAY00007677,ORD00007677,2025-09-02,Wire,3221.03,Succeeded
PAY00007679,ORD00007679,2024-12-26,Card,2739.64,Succeeded
PAY00007680,ORD00007680,2024-07-11,Wire,2011.73,Succeeded
PAY00007681,ORD00007681,2024-06-17,Card,5917.55,Succeeded
PAY00007682,ORD00007682,2025-05-12,Card,855.29,Succeeded
PAY00007683,ORD00007683,2025-01-16,Wire,5841.06,Succeeded
PAY00007684,ORD00007684,2025-01-21,Card,3837.57,Succeeded
PAY00007685,ORD00007685,2025-09-17,Card,1869.86,Succeeded
PAY00007686,ORD00007686,2024-07-22,Wire,5050.12,Succeeded
PAY00007688,ORD00007688,2024-09-23,Wire,2914.52,Succeeded
PAY00007689,ORD00007689,2025-06-04,Wire,1058.26,Succeeded
PAY00007690,ORD00007690,2024-07-21,ACH,1451.19,Succeeded
PAY00007692,ORD00007692,2024-07-24,Wire,5764.75,Succeeded
PAY00007693,ORD00007693,2026-03-03,PayPal,214.74,Succeeded
PAY00007694,ORD00007694,2025-01-06,PayPal,675.65,Succeeded
PAY00007697,ORD00007697,2025-04-12,ACH,3423.96,Succeeded
PAY00007698,ORD00007698,2025-09-20,ACH,5339.6,Pending
PAY00007699,ORD00007699,2025-08-04,ACH,1354.74,Succeeded
PAY00007700,ORD00007700,2025-11-18,Card,5681.92,Succeeded
PAY00007701,ORD00007701,2024-12-14,ACH,4338.0,Succeeded
PAY00007702,ORD00007702,2025-06-19,Card,3581.07,Pending
PAY00007703,ORD00007703,2025-06-01,Card,424.8,Succeeded
PAY00007704,ORD00007704,2024-07-26,Card,1177.1,Succeeded
PAY00007706,ORD00007706,2024-07-28,Wire,7762.42,Succeeded
PAY00007707,ORD00007707,2025-04-11,ACH,5292.95,Succeeded
PAY00007708,ORD00007708,2025-04-08,Wire,6287.36,Succeeded
PAY00007710,ORD00007710,2025-08-05,PayPal,1740.52,Succeeded
PAY00007711,ORD00007711,2024-12-19,Card,2630.62,Succeeded
PAY00007712,ORD00007712,2024-10-14,PayPal,3780.65,Succeeded
PAY00007713,ORD00007713,2025-01-22,Card,2514.42,Succeeded
PAY00007714,ORD00007714,2026-01-12,PayPal,4412.43,Succeeded
PAY00007715,ORD00007715,2025-03-04,Wire,1945.87,Succeeded
PAY00007716,ORD00007716,2024-03-12,Card,2224.51,Succeeded
PAY00007717,ORD00007717,2026-01-16,Wire,1707.02,Succeeded
PAY00007718,ORD00007718,2026-02-17,PayPal,213.58,Failed
PAY00007719,ORD00007719,2024-11-03,Wire,3256.35,Succeeded
PAY00007720,ORD00007720,2026-02-03,ACH,7593.26,Succeeded
PAY00007721,ORD00007721,2024-11-17,PayPal,4505.94,Succeeded
PAY00007722,ORD00007722,2025-07-20,Card,4267.51,Succeeded
PAY00007723,ORD00007723,2025-07-27,Card,4225.92,Succeeded
PAY00007724,ORD00007724,2026-02-18,Wire,3031.86,Succeeded
PAY00007725,ORD00007725,2024-03-26,PayPal,7702.86,Succeeded
PAY00007726,ORD00007726,2026-02-19,Wire,6204.75,Succeeded
PAY00007727,ORD00007727,2025-10-29,Card,6479.19,Pending
PAY00007728,ORD00007728,2024-07-01,ACH,4702.04,Succeeded
PAY00007729,ORD00007729,2024-10-27,Wire,7730.59,Succeeded
PAY00007730,ORD00007730,2024-01-06,Wire,2719.13,Succeeded
PAY00007731,ORD00007731,2025-12-15,Card,2966.25,Succeeded
PAY00007732,ORD00007732,2025-11-15,PayPal,4873.07,Succeeded
PAY00007733,ORD00007733,2025-04-29,ACH,3628.07,Succeeded
PAY00007734,ORD00007734,2025-12-04,ACH,5362.02,Succeeded
PAY00007735,ORD00007735,2024-01-07,Card,3860.24,Failed
PAY00007736,ORD00007736,2025-06-21,Card,1705.35,Succeeded
PAY00007738,ORD00007738,2024-04-01,ACH,3609.39,Succeeded
PAY00007739,ORD00007739,2025-08-08,Wire,4014.0,Succeeded
PAY00007740,ORD00007740,2024-01-16,PayPal,1152.63,Succeeded
PAY00007741,ORD00007741,2025-09-25,ACH,1684.68,Succeeded
PAY00007742,ORD00007742,2025-12-27,ACH,2722.22,Succeeded
PAY00007743,ORD00007743,2025-02-06,ACH,5448.87,Succeeded
PAY00007744,ORD00007744,2024-03-15,PayPal,5314.36,Succeeded
PAY00007745,ORD00007745,2025-10-15,Wire,4963.3,Succeeded
PAY00007746,ORD00007746,2024-10-06,ACH,5266.07,Succeeded
PAY00007747,ORD00007747,2026-01-03,Wire,5348.66,Succeeded
PAY00007748,ORD00007748,2025-08-16,PayPal,1438.25,Succeeded
PAY00007750,ORD00007750,2024-03-09,Card,3219.63,Pending
PAY00007751,ORD00007751,2024-10-09,ACH,1900.33,Succeeded
PAY00007752,ORD00007752,2026-01-04,Card,6729.39,Succeeded
PAY00007753,ORD00007753,2024-12-22,Wire,4887.84,Succeeded
PAY00007754,ORD00007754,2025-09-23,ACH,7537.22,Succeeded
PAY00007755,ORD00007755,2025-11-09,Card,192.62,Succeeded
PAY00007756,ORD00007756,2024-05-12,Wire,3549.12,Succeeded
PAY00007757,ORD00007757,2025-08-10,PayPal,1466.98,Succeeded
PAY00007758,ORD00007758,2026-02-22,Wire,2270.25,Succeeded
PAY00007759,ORD00007759,2024-05-05,PayPal,1338.8,Succeeded
PAY00007760,ORD00007760,2025-03-29,PayPal,5003.39,Succeeded
PAY00007761,ORD00007761,2025-02-14,ACH,5754.65,Succeeded
PAY00007762,ORD00007762,2024-04-15,ACH,2756.56,Succeeded
PAY00007763,ORD00007763,2025-02-25,PayPal,3819.66,Succeeded
PAY00007764,ORD00007764,2024-04-23,PayPal,3095.61,Succeeded
PAY00007765,ORD00007765,2024-08-12,ACH,2936.56,Succeeded
PAY00007766,ORD00007766,2026-02-25,PayPal,5490.5,Pending
PAY00007767,ORD00007767,2025-08-01,PayPal,4523.76,Succeeded
PAY00007768,ORD00007768,2025-06-30,ACH,195.84,Succeeded
PAY00007769,ORD00007769,2025-08-31,PayPal,3252.59,Failed
PAY00007770,ORD00007770,2024-02-19,Wire,476.09,Succeeded
PAY00007771,ORD00007771,2025-08-30,Card,1699.9,Succeeded
PAY00007772,ORD00007772,2025-02-17,PayPal,824.54,Succeeded
PAY00007773,ORD00007773,2025-04-06,ACH,545.38,Succeeded
PAY00007774,ORD00007774,2026-01-21,PayPal,3028.31,Succeeded
PAY00007775,ORD00007775,2024-04-22,Card,2774.82,Succeeded
PAY00007776,ORD00007776,2026-02-01,Card,3747.65,Succeeded
PAY00007777,ORD00007777,2024-02-20,ACH,5021.36,Succeeded
PAY00007778,ORD00007778,2024-08-07,Wire,1243.18,Succeeded
PAY00007779,ORD00007779,2024-02-23,ACH,2824.18,Succeeded
PAY00007780,ORD00007780,2024-06-23,Wire,3101.7,Succeeded
PAY00007781,ORD00007781,2025-08-21,ACH,1854.9,Succeeded
PAY00007783,ORD00007783,2024-09-08,PayPal,3525.24,Succeeded
PAY00007784,ORD00007784,2025-10-25,ACH,4349.08,Succeeded
PAY00007786,ORD00007786,2024-07-23,PayPal,1605.94,Succeeded
PAY00007787,ORD00007787,2025-07-30,Card,3525.22,Succeeded
PAY00007788,ORD00007788,2024-10-15,PayPal,214.75,Succeeded
PAY00007789,ORD00007789,2025-04-18,Card,2586.27,Succeeded
PAY00007790,ORD00007790,2024-06-19,Wire,3482.88,Succeeded
PAY00007791,ORD00007791,2026-02-18,PayPal,331.33,Succeeded
PAY00007792,ORD00007792,2025-07-11,Card,4106.13,Succeeded
PAY00007793,ORD00007793,2025-09-04,Wire,2720.52,Succeeded
PAY00007794,ORD00007794,2024-08-07,PayPal,6051.62,Succeeded
PAY00007795,ORD00007795,2024-09-08,Card,2086.71,Succeeded
PAY00007796,ORD00007796,2024-03-25,Wire,5186.04,Succeeded
PAY00007797,ORD00007797,2024-03-03,Card,1170.13,Succeeded
PAY00007798,ORD00007798,2025-12-24,Card,5781.55,Pending
PAY00007799,ORD00007799,2025-01-03,Wire,9691.51,Succeeded
PAY00007800,ORD00007800,2024-06-09,PayPal,3487.82,Succeeded
PAY00007801,ORD00007801,2025-08-20,Wire,3456.3,Succeeded
PAY00007802,ORD00007802,2025-08-12,Card,7358.82,Succeeded
PAY00007803,ORD00007803,2025-02-16,ACH,1398.15,Succeeded
PAY00007804,ORD00007804,2025-02-28,PayPal,1391.37,Succeeded
PAY00007805,ORD00007805,2025-11-27,Wire,2028.22,Succeeded
PAY00007806,ORD00007806,2024-07-20,PayPal,4287.04,Succeeded
PAY00007807,ORD00007807,2024-12-24,Wire,3382.7,Succeeded
PAY00007808,ORD00007808,2024-08-25,Card,2147.97,Succeeded
PAY00007809,ORD00007809,2024-08-28,Card,6178.74,Succeeded
PAY00007810,ORD00007810,2024-06-06,Card,2550.5,Succeeded
PAY00007811,ORD00007811,2024-04-24,ACH,6158.02,Succeeded
PAY00007812,ORD00007812,2024-08-12,PayPal,5460.31,Succeeded
PAY00007813,ORD00007813,2025-09-25,Wire,2319.81,Succeeded
PAY00007814,ORD00007814,2026-02-25,Card,3195.94,Succeeded
PAY00007815,ORD00007815,2025-01-01,PayPal,8325.19,Succeeded
PAY00007816,ORD00007816,2025-11-08,PayPal,664.13,Succeeded
PAY00007817,ORD00007817,2024-01-17,ACH,4741.17,Succeeded
PAY00007818,ORD00007818,2025-09-10,ACH,2769.25,Succeeded
PAY00007819,ORD00007819,2025-11-23,ACH,5075.47,Succeeded
PAY00007820,ORD00007820,2025-06-04,ACH,6741.58,Succeeded
PAY00007821,ORD00007821,2024-05-24,ACH,3078.34,Succeeded
PAY00007822,ORD00007822,2025-11-14,Wire,4717.93,Succeeded
PAY00007823,ORD00007823,2025-06-08,Wire,3086.17,Succeeded
PAY00007824,ORD00007824,2025-05-24,Wire,1671.6,Succeeded
PAY00007825,ORD00007825,2024-04-18,Card,2815.93,Succeeded
PAY00007826,ORD00007826,2025-05-20,ACH,2024.85,Succeeded
PAY00007827,ORD00007827,2025-10-21,ACH,6278.99,Succeeded
PAY00007828,ORD00007828,2024-03-20,Wire,2064.36,Succeeded
PAY00007829,ORD00007829,2025-05-14,ACH,5150.42,Succeeded
PAY00007830,ORD00007830,2025-02-08,ACH,6553.55,Succeeded
PAY00007832,ORD00007832,2024-11-10,ACH,5371.35,Succeeded
PAY00007834,ORD00007834,2024-05-27,Wire,3231.69,Succeeded
PAY00007835,ORD00007835,2025-09-08,ACH,702.64,Succeeded
PAY00007836,ORD00007836,2025-04-17,Wire,4240.48,Succeeded
PAY00007838,ORD00007838,2024-10-13,Card,7399.33,Succeeded
PAY00007839,ORD00007839,2026-01-11,Wire,43.51,Succeeded
PAY00007840,ORD00007840,2024-11-10,Wire,6094.43,Succeeded
PAY00007841,ORD00007841,2025-11-21,Wire,1725.37,Succeeded
PAY00007843,ORD00007843,2024-07-28,Wire,2764.59,Succeeded
PAY00007844,ORD00007844,2024-06-12,ACH,531.87,Failed
PAY00007845,ORD00007845,2024-03-01,Card,2690.35,Succeeded
PAY00007846,ORD00007846,2026-02-08,Card,1236.87,Succeeded
PAY00007848,ORD00007848,2024-08-05,Wire,1424.86,Succeeded
PAY00007849,ORD00007849,2024-09-26,Wire,7441.32,Succeeded
PAY00007850,ORD00007850,2025-08-12,Card,2407.07,Succeeded
PAY00007851,ORD00007851,2025-08-11,ACH,5646.49,Succeeded
PAY00007852,ORD00007852,2024-10-19,ACH,1449.13,Succeeded
PAY00007853,ORD00007853,2024-03-21,PayPal,3026.99,Succeeded
PAY00007854,ORD00007854,2025-06-29,ACH,1107.37,Succeeded
PAY00007855,ORD00007855,2024-02-21,PayPal,6161.09,Succeeded
PAY00007856,ORD00007856,2024-12-21,PayPal,3130.86,Succeeded
PAY00007857,ORD00007857,2025-05-13,ACH,5106.87,Succeeded
PAY00007858,ORD00007858,2025-03-23,PayPal,3918.57,Succeeded
PAY00007859,ORD00007859,2025-05-07,ACH,125.31,Succeeded
PAY00007860,ORD00007860,2025-01-14,PayPal,1456.13,Succeeded
PAY00007861,ORD00007861,2024-04-13,Wire,2239.43,Succeeded
PAY00007862,ORD00007862,2025-03-04,Card,5827.53,Succeeded
PAY00007863,ORD00007863,2026-02-10,ACH,2928.74,Succeeded
PAY00007864,ORD00007864,2024-06-14,ACH,5635.28,Succeeded
PAY00007865,ORD00007865,2024-10-08,ACH,1684.71,Succeeded
PAY00007866,ORD00007866,2025-12-27,Wire,2654.22,Succeeded
PAY00007867,ORD00007867,2024-02-09,PayPal,2274.69,Succeeded
PAY00007868,ORD00007868,2024-09-29,PayPal,258.96,Succeeded
PAY00007869,ORD00007869,2024-07-22,PayPal,3940.75,Succeeded
PAY00007870,ORD00007870,2025-11-04,Wire,2676.62,Succeeded
PAY00007871,ORD00007871,2024-07-14,PayPal,345.15,Succeeded
PAY00007872,ORD00007872,2026-01-13,Wire,516.22,Succeeded
PAY00007873,ORD00007873,2025-10-12,Wire,1470.54,Succeeded
PAY00007874,ORD00007874,2025-04-29,PayPal,2690.82,Succeeded
PAY00007875,ORD00007875,2025-09-15,Card,2750.01,Succeeded
PAY00007876,ORD00007876,2025-11-29,PayPal,6217.51,Succeeded
PAY00007877,ORD00007877,2024-09-03,Wire,1379.18,Succeeded
PAY00007878,ORD00007878,2024-11-20,ACH,561.55,Succeeded
PAY00007879,ORD00007879,2026-02-13,Card,3392.48,Succeeded
PAY00007880,ORD00007880,2024-11-18,PayPal,3048.06,Failed
PAY00007881,ORD00007881,2024-04-24,ACH,9808.43,Succeeded
PAY00007882,ORD00007882,2025-07-29,PayPal,9072.12,Succeeded
PAY00007883,ORD00007883,2024-03-12,PayPal,2058.13,Succeeded
PAY00007884,ORD00007884,2025-06-19,PayPal,5120.25,Succeeded
PAY00007885,ORD00007885,2025-07-15,Wire,2099.04,Succeeded
PAY00007886,ORD00007886,2024-05-28,ACH,6296.73,Succeeded
PAY00007887,ORD00007887,2024-05-29,PayPal,5021.65,Succeeded
PAY00007888,ORD00007888,2024-09-14,ACH,352.77,Succeeded
PAY00007889,ORD00007889,2026-01-11,ACH,4451.91,Succeeded
PAY00007890,ORD00007890,2024-12-15,ACH,2968.73,Succeeded
PAY00007891,ORD00007891,2024-08-28,Wire,361.83,Succeeded
PAY00007892,ORD00007892,2026-02-25,ACH,2162.94,Succeeded
PAY00007893,ORD00007893,2025-06-16,Wire,5671.64,Succeeded
PAY00007894,ORD00007894,2026-01-10,ACH,674.9,Succeeded
PAY00007895,ORD00007895,2025-08-12,Card,2938.39,Succeeded
PAY00007896,ORD00007896,2024-02-20,Wire,1890.82,Succeeded
PAY00007897,ORD00007897,2025-11-02,Card,4095.2,Succeeded
PAY00007898,ORD00007898,2025-03-17,ACH,7476.01,Succeeded
PAY00007899,ORD00007899,2024-02-01,Card,1861.9,Succeeded
PAY00007900,ORD00007900,2024-08-11,Wire,4560.67,Failed
PAY00007901,ORD00007901,2024-03-09,PayPal,1847.08,Succeeded
PAY00007902,ORD00007902,2025-07-31,Wire,250.1,Succeeded
PAY00007903,ORD00007903,2025-11-27,Wire,752.65,Succeeded
PAY00007904,ORD00007904,2025-11-15,ACH,3072.35,Failed
PAY00007905,ORD00007905,2024-09-03,Card,2056.23,Succeeded
PAY00007906,ORD00007906,2024-08-02,Card,8485.35,Succeeded
PAY00007908,ORD00007908,2024-10-04,Card,2556.09,Succeeded
PAY00007909,ORD00007909,2026-02-17,Card,788.15,Succeeded
PAY00007910,ORD00007910,2025-02-21,PayPal,6520.64,Succeeded
PAY00007911,ORD00007911,2026-01-13,PayPal,2129.82,Succeeded
PAY00007912,ORD00007912,2025-07-15,Wire,2287.86,Succeeded
PAY00007913,ORD00007913,2025-03-04,Card,2819.27,Succeeded
PAY00007914,ORD00007914,2024-01-10,PayPal,922.78,Succeeded
PAY00007915,ORD00007915,2025-09-12,Card,3004.08,Failed
PAY00007916,ORD00007916,2026-02-02,Wire,6570.84,Succeeded
PAY00007917,ORD00007917,2025-06-09,ACH,843.37,Succeeded
PAY00007918,ORD00007918,2024-12-03,Card,2655.78,Succeeded
PAY00007919,ORD00007919,2026-01-10,Wire,3694.66,Succeeded
PAY00007920,ORD00007920,2024-08-11,PayPal,2515.47,Failed
PAY00007921,ORD00007921,2025-07-20,Wire,1613.8,Pending
PAY00007922,ORD00007922,2024-10-24,Card,3915.55,Succeeded
PAY00007923,ORD00007923,2024-02-27,Wire,4036.2,Succeeded
PAY00007924,ORD00007924,2024-06-11,PayPal,2057.88,Succeeded
PAY00007925,ORD00007925,2025-03-10,PayPal,3547.5,Succeeded
PAY00007926,ORD00007926,2024-12-27,PayPal,472.54,Succeeded
PAY00007927,ORD00007927,2024-11-13,Card,3984.54,Succeeded
PAY00007928,ORD00007928,2024-01-22,Wire,514.89,Succeeded
PAY00007930,ORD00007930,2024-09-19,PayPal,2762.78,Succeeded
PAY00007931,ORD00007931,2025-06-17,PayPal,2695.96,Succeeded
PAY00007933,ORD00007933,2025-05-08,Wire,2572.56,Failed
PAY00007934,ORD00007934,2025-08-09,Card,2860.19,Succeeded
PAY00007935,ORD00007935,2024-11-24,ACH,3123.01,Succeeded
PAY00007936,ORD00007936,2025-12-24,PayPal,2682.27,Succeeded
PAY00007937,ORD00007937,2024-12-28,Card,1133.23,Succeeded
PAY00007938,ORD00007938,2024-09-24,ACH,3624.76,Succeeded
PAY00007939,ORD00007939,2025-05-07,Wire,492.25,Succeeded
PAY00007940,ORD00007940,2024-10-14,Card,309.59,Succeeded
PAY00007941,ORD00007941,2024-11-03,Card,913.07,Succeeded
PAY00007942,ORD00007942,2024-08-28,Card,3641.23,Pending
PAY00007943,ORD00007943,2024-07-21,Wire,222.91,Succeeded
PAY00007945,ORD00007945,2024-09-24,Card,697.95,Succeeded
PAY00007946,ORD00007946,2024-03-27,Card,3192.37,Succeeded
PAY00007947,ORD00007947,2026-02-12,Wire,3944.42,Succeeded
PAY00007948,ORD00007948,2026-03-02,ACH,4611.13,Succeeded
PAY00007949,ORD00007949,2024-06-08,Wire,3093.18,Succeeded
PAY00007950,ORD00007950,2026-02-07,ACH,3198.81,Succeeded
PAY00007951,ORD00007951,2024-12-24,Card,3188.99,Succeeded
PAY00007952,ORD00007952,2024-01-31,ACH,363.25,Succeeded
PAY00007954,ORD00007954,2024-01-07,Card,2992.69,Succeeded
PAY00007955,ORD00007955,2024-01-21,ACH,4994.16,Succeeded
PAY00007956,ORD00007956,2024-02-18,ACH,2773.46,Succeeded
PAY00007957,ORD00007957,2025-09-13,ACH,1460.24,Succeeded
PAY00007958,ORD00007958,2024-08-09,Wire,3469.32,Succeeded
PAY00007959,ORD00007959,2024-04-29,Card,6613.28,Succeeded
PAY00007960,ORD00007960,2025-07-13,Wire,8452.29,Succeeded
PAY00007961,ORD00007961,2025-09-06,ACH,2509.02,Succeeded
PAY00007962,ORD00007962,2025-01-22,PayPal,5494.53,Succeeded
PAY00007963,ORD00007963,2024-08-05,ACH,1889.68,Succeeded
PAY00007965,ORD00007965,2024-04-16,ACH,5984.19,Succeeded
PAY00007966,ORD00007966,2024-03-29,PayPal,4870.43,Succeeded
PAY00007967,ORD00007967,2024-07-08,ACH,3512.34,Succeeded
PAY00007968,ORD00007968,2024-09-13,PayPal,2060.61,Succeeded
PAY00007969,ORD00007969,2025-09-13,PayPal,2732.36,Succeeded
PAY00007970,ORD00007970,2024-12-30,Card,4617.18,Succeeded
PAY00007971,ORD00007971,2025-12-30,ACH,3733.32,Failed
PAY00007972,ORD00007972,2025-03-24,Wire,1606.69,Succeeded
PAY00007973,ORD00007973,2025-06-08,PayPal,2314.44,Succeeded
PAY00007974,ORD00007974,2025-02-24,Card,1808.43,Succeeded
PAY00007975,ORD00007975,2024-12-11,ACH,3993.61,Succeeded
PAY00007976,ORD00007976,2024-04-17,Wire,485.43,Succeeded
PAY00007977,ORD00007977,2025-07-23,PayPal,1777.01,Succeeded
PAY00007978,ORD00007978,2025-03-02,ACH,205.47,Succeeded
PAY00007979,ORD00007979,2024-02-29,Wire,1129.22,Succeeded
PAY00007980,ORD00007980,2024-03-19,Card,5510.93,Succeeded
PAY00007981,ORD00007981,2024-10-19,Wire,3254.3,Succeeded
PAY00007982,ORD00007982,2024-02-02,Card,889.15,Succeeded
PAY00007983,ORD00007983,2024-12-25,Wire,5003.98,Succeeded
PAY00007984,ORD00007984,2024-01-27,Wire,987.11,Succeeded
PAY00007985,ORD00007985,2025-04-15,Card,1154.91,Succeeded
PAY00007986,ORD00007986,2025-03-10,ACH,2673.88,Succeeded
PAY00007987,ORD00007987,2025-09-13,PayPal,9068.03,Succeeded
PAY00007988,ORD00007988,2025-10-10,Card,3715.04,Succeeded
PAY00007989,ORD00007989,2024-10-27,ACH,1521.3,Succeeded
PAY00007990,ORD00007990,2025-11-29,Card,3524.57,Succeeded
PAY00007991,ORD00007991,2025-12-16,PayPal,314.06,Succeeded
PAY00007992,ORD00007992,2025-09-15,Wire,561.19,Succeeded
PAY00007993,ORD00007993,2024-01-27,PayPal,1124.25,Succeeded
PAY00007994,ORD00007994,2024-08-12,PayPal,1832.5,Succeeded
PAY00007995,ORD00007995,2024-10-24,Wire,2900.88,Succeeded
PAY00007996,ORD00007996,2025-03-26,Wire,910.3,Succeeded
PAY00007998,ORD00007998,2024-03-17,PayPal,6561.97,Pending
PAY00007999,ORD00007999,2024-10-25,Card,4477.11,Succeeded
PAY00008000,ORD00008000,2026-01-26,Wire,4208.62,Succeeded
PAY00008001,ORD00008001,2024-08-29,ACH,4397.67,Succeeded
PAY00008003,ORD00008003,2026-02-22,ACH,2679.01,Succeeded
PAY00008004,ORD00008004,2025-09-29,PayPal,2120.21,Failed
PAY00008005,ORD00008005,2025-10-23,ACH,966.48,Succeeded
PAY00008006,ORD00008006,2025-05-04,ACH,2325.1,Succeeded
PAY00008007,ORD00008007,2025-02-16,Card,4412.06,Succeeded
PAY00008008,ORD00008008,2026-01-23,ACH,4981.5,Succeeded
PAY00008009,ORD00008009,2024-02-11,Card,1692.2,Succeeded
PAY00008010,ORD00008010,2025-08-17,Wire,4888.98,Succeeded
PAY00008011,ORD00008011,2025-04-12,Card,1529.12,Succeeded
PAY00008012,ORD00008012,2025-03-17,PayPal,3366.42,Succeeded
PAY00008013,ORD00008013,2024-06-12,ACH,214.21,Succeeded
PAY00008014,ORD00008014,2024-04-20,PayPal,1946.67,Failed
PAY00008015,ORD00008015,2024-03-07,Card,1115.55,Succeeded
PAY00008016,ORD00008016,2024-01-19,PayPal,2238.23,Succeeded
PAY00008018,ORD00008018,2026-02-02,PayPal,1854.43,Succeeded
PAY00008019,ORD00008019,2024-06-02,Wire,2352.98,Succeeded
PAY00008020,ORD00008020,2025-08-19,PayPal,4636.68,Succeeded
PAY00008021,ORD00008021,2024-08-21,PayPal,5670.03,Succeeded
PAY00008022,ORD00008022,2025-05-24,PayPal,6037.81,Succeeded
PAY00008023,ORD00008023,2025-03-07,Card,6648.74,Succeeded
PAY00008024,ORD00008024,2025-11-30,ACH,6278.6,Succeeded
PAY00008025,ORD00008025,2026-02-14,ACH,2985.03,Succeeded
PAY00008026,ORD00008026,2025-06-30,ACH,392.72,Succeeded
PAY00008027,ORD00008027,2025-05-25,Card,3862.38,Succeeded
PAY00008028,ORD00008028,2025-12-20,Wire,1636.09,Succeeded
PAY00008029,ORD00008029,2024-02-25,Wire,4778.93,Succeeded
PAY00008030,ORD00008030,2025-10-13,ACH,1098.8,Succeeded
PAY00008031,ORD00008031,2026-01-29,Card,786.69,Succeeded
PAY00008032,ORD00008032,2024-07-23,Card,1335.61,Succeeded
PAY00008033,ORD00008033,2025-07-06,ACH,4534.95,Succeeded
PAY00008035,ORD00008035,2024-11-12,PayPal,1086.8,Succeeded
PAY00008036,ORD00008036,2025-09-24,ACH,4135.72,Succeeded
PAY00008037,ORD00008037,2024-12-20,Card,5217.03,Succeeded
PAY00008038,ORD00008038,2024-05-22,ACH,689.81,Succeeded
PAY00008039,ORD00008039,2025-08-24,Card,4188.01,Succeeded
PAY00008040,ORD00008040,2025-11-08,Wire,3042.25,Succeeded
PAY00008041,ORD00008041,2026-02-26,ACH,4896.61,Succeeded
PAY00008042,ORD00008042,2025-04-21,Wire,1394.06,Succeeded
PAY00008043,ORD00008043,2024-10-01,PayPal,6674.7,Succeeded
PAY00008044,ORD00008044,2024-11-30,ACH,7361.64,Succeeded
PAY00008045,ORD00008045,2025-01-23,Card,6873.14,Succeeded
PAY00008046,ORD00008046,2024-08-20,ACH,5759.43,Succeeded
PAY00008047,ORD00008047,2024-12-10,Wire,4457.4,Succeeded
PAY00008048,ORD00008048,2024-10-28,ACH,1434.81,Succeeded
PAY00008049,ORD00008049,2026-01-07,Card,2133.61,Succeeded
PAY00008050,ORD00008050,2024-07-17,ACH,3255.74,Succeeded
PAY00008051,ORD00008051,2024-09-04,PayPal,1298.64,Succeeded
PAY00008052,ORD00008052,2024-11-06,PayPal,4978.67,Succeeded
PAY00008053,ORD00008053,2024-12-01,ACH,4963.17,Succeeded
PAY00008054,ORD00008054,2024-03-02,PayPal,4689.16,Succeeded
PAY00008055,ORD00008055,2025-03-23,PayPal,5381.24,Succeeded
PAY00008056,ORD00008056,2024-05-21,Card,3608.5,Succeeded
PAY00008057,ORD00008057,2025-12-14,Card,5713.63,Succeeded
PAY00008058,ORD00008058,2025-03-01,PayPal,2448.86,Succeeded
PAY00008059,ORD00008059,2025-09-22,Wire,5244.93,Succeeded
PAY00008060,ORD00008060,2025-03-26,ACH,1895.3,Failed
PAY00008061,ORD00008061,2025-01-31,Wire,2505.4,Succeeded
PAY00008062,ORD00008062,2024-02-17,Wire,3968.77,Succeeded
PAY00008063,ORD00008063,2024-10-14,Wire,7884.53,Succeeded
PAY00008064,ORD00008064,2024-04-07,ACH,228.89,Succeeded
PAY00008065,ORD00008065,2025-10-08,Card,2417.68,Succeeded
PAY00008066,ORD00008066,2024-10-04,ACH,340.6,Succeeded
PAY00008068,ORD00008068,2024-02-29,ACH,6542.16,Succeeded
PAY00008069,ORD00008069,2024-10-23,ACH,3177.7,Succeeded
PAY00008070,ORD00008070,2025-01-10,PayPal,7384.29,Succeeded
PAY00008071,ORD00008071,2025-12-18,Card,2422.15,Succeeded
PAY00008072,ORD00008072,2025-07-14,Card,2005.03,Succeeded
PAY00008073,ORD00008073,2025-05-24,PayPal,5569.35,Pending
PAY00008074,ORD00008074,2025-08-06,Card,2999.83,Succeeded
PAY00008075,ORD00008075,2025-02-08,Wire,8620.01,Succeeded
PAY00008076,ORD00008076,2024-08-16,Wire,5353.63,Succeeded
PAY00008077,ORD00008077,2024-04-17,Card,2793.22,Succeeded
PAY00008078,ORD00008078,2025-09-16,ACH,1543.19,Succeeded
PAY00008079,ORD00008079,2024-05-04,Card,454.43,Succeeded
PAY00008080,ORD00008080,2025-11-01,PayPal,3134.81,Succeeded
PAY00008081,ORD00008081,2025-02-19,Card,1571.98,Succeeded
PAY00008082,ORD00008082,2024-10-26,Card,437.05,Failed
PAY00008083,ORD00008083,2024-06-27,Card,1226.07,Succeeded
PAY00008084,ORD00008084,2024-07-05,Wire,364.75,Succeeded
PAY00008086,ORD00008086,2025-09-09,ACH,4289.49,Succeeded
PAY00008087,ORD00008087,2025-10-04,ACH,2085.39,Succeeded
PAY00008088,ORD00008088,2025-09-13,PayPal,247.82,Succeeded
PAY00008089,ORD00008089,2024-10-08,Card,1441.5,Succeeded
PAY00008090,ORD00008090,2024-07-15,Wire,548.49,Succeeded
PAY00008091,ORD00008091,2025-03-21,Wire,8362.18,Succeeded
PAY00008092,ORD00008092,2025-08-20,ACH,5544.78,Succeeded
PAY00008093,ORD00008093,2024-03-15,Wire,792.81,Succeeded
PAY00008096,ORD00008096,2025-03-08,Card,3620.64,Succeeded
PAY00008097,ORD00008097,2024-09-06,ACH,2326.71,Succeeded
PAY00008098,ORD00008098,2025-07-26,Wire,3840.71,Succeeded
PAY00008099,ORD00008099,2024-12-21,PayPal,2599.9,Succeeded
PAY00008100,ORD00008100,2026-02-24,PayPal,4128.32,Succeeded
PAY00008101,ORD00008101,2025-04-09,PayPal,7853.77,Succeeded
PAY00008102,ORD00008102,2025-01-16,ACH,5410.74,Succeeded
PAY00008104,ORD00008104,2025-04-01,Card,701.64,Succeeded
PAY00008106,ORD00008106,2025-05-31,PayPal,3033.34,Succeeded
PAY00008107,ORD00008107,2024-07-06,Wire,3502.35,Succeeded
PAY00008108,ORD00008108,2024-10-13,ACH,4122.03,Succeeded
PAY00008109,ORD00008109,2025-05-29,PayPal,3959.73,Succeeded
PAY00008110,ORD00008110,2025-07-11,ACH,2568.9,Succeeded
PAY00008111,ORD00008111,2025-07-12,ACH,3616.76,Succeeded
PAY00008112,ORD00008112,2024-10-07,PayPal,9400.07,Succeeded
PAY00008113,ORD00008113,2024-03-31,Card,6584.04,Succeeded
PAY00008114,ORD00008114,2024-05-09,PayPal,3758.71,Succeeded
PAY00008115,ORD00008115,2025-09-10,ACH,4451.65,Succeeded
PAY00008116,ORD00008116,2025-06-23,ACH,642.58,Succeeded
PAY00008119,ORD00008119,2025-10-18,Card,783.94,Succeeded
PAY00008120,ORD00008120,2025-11-14,PayPal,4735.83,Succeeded
PAY00008121,ORD00008121,2024-03-08,PayPal,1079.06,Succeeded
PAY00008122,ORD00008122,2025-09-04,ACH,3002.86,Succeeded
PAY00008123,ORD00008123,2024-06-05,ACH,365.62,Succeeded
PAY00008124,ORD00008124,2025-07-27,ACH,2357.16,Succeeded
PAY00008125,ORD00008125,2025-05-24,Card,1736.34,Succeeded
PAY00008126,ORD00008126,2025-01-15,Wire,1962.56,Succeeded
PAY00008128,ORD00008128,2024-10-31,PayPal,4296.59,Succeeded
PAY00008129,ORD00008129,2024-11-19,Wire,1414.9,Succeeded
PAY00008130,ORD00008130,2024-07-09,Wire,11236.94,Succeeded
PAY00008131,ORD00008131,2024-03-16,PayPal,2723.76,Succeeded
PAY00008132,ORD00008132,2024-02-09,Wire,3309.72,Succeeded
PAY00008133,ORD00008133,2025-04-02,PayPal,2711.28,Succeeded
PAY00008134,ORD00008134,2025-05-31,Wire,3124.25,Succeeded
PAY00008135,ORD00008135,2024-11-09,Wire,3406.11,Failed
PAY00008136,ORD00008136,2024-10-16,PayPal,5870.25,Succeeded
PAY00008137,ORD00008137,2025-05-20,Wire,79.06,Succeeded
PAY00008138,ORD00008138,2025-05-04,Card,3250.6,Succeeded
PAY00008139,ORD00008139,2024-12-11,ACH,561.06,Succeeded
PAY00008140,ORD00008140,2024-04-18,Wire,3895.13,Succeeded
PAY00008141,ORD00008141,2026-02-23,Wire,1679.75,Succeeded
PAY00008142,ORD00008142,2025-11-20,Wire,231.06,Succeeded
PAY00008143,ORD00008143,2025-05-29,Wire,6449.16,Succeeded
PAY00008144,ORD00008144,2025-04-01,PayPal,4795.66,Succeeded
PAY00008145,ORD00008145,2025-03-08,Card,527.6,Succeeded
PAY00008146,ORD00008146,2025-09-14,Wire,7037.46,Succeeded
PAY00008147,ORD00008147,2024-12-13,Wire,3220.46,Succeeded
PAY00008148,ORD00008148,2025-09-17,Wire,4324.32,Succeeded
PAY00008149,ORD00008149,2024-04-05,Wire,498.24,Succeeded
PAY00008150,ORD00008150,2025-08-15,Card,3445.06,Succeeded
PAY00008151,ORD00008151,2025-02-10,Wire,175.66,Succeeded
PAY00008152,ORD00008152,2025-09-07,PayPal,2128.58,Succeeded
PAY00008153,ORD00008153,2025-08-03,PayPal,123.27,Succeeded
PAY00008154,ORD00008154,2025-05-20,ACH,539.73,Succeeded
PAY00008155,ORD00008155,2024-04-28,Wire,7347.94,Succeeded
PAY00008156,ORD00008156,2024-12-06,ACH,4756.66,Succeeded
PAY00008157,ORD00008157,2026-01-10,ACH,617.73,Succeeded
PAY00008158,ORD00008158,2024-04-30,PayPal,2476.97,Succeeded
PAY00008159,ORD00008159,2024-02-24,ACH,6802.38,Succeeded
PAY00008160,ORD00008160,2025-12-21,ACH,1775.76,Succeeded
PAY00008161,ORD00008161,2025-11-15,ACH,4359.33,Succeeded
PAY00008162,ORD00008162,2025-06-26,Wire,2490.56,Succeeded
PAY00008164,ORD00008164,2024-01-14,Wire,4690.55,Succeeded
PAY00008165,ORD00008165,2024-03-01,Wire,3099.64,Succeeded
PAY00008166,ORD00008166,2025-06-29,PayPal,2674.34,Succeeded
PAY00008167,ORD00008167,2024-11-03,PayPal,2941.2,Succeeded
PAY00008168,ORD00008168,2025-01-22,PayPal,3135.5,Succeeded
PAY00008169,ORD00008169,2025-10-17,Wire,7076.86,Succeeded
PAY00008170,ORD00008170,2024-10-03,Card,3631.76,Succeeded
PAY00008171,ORD00008171,2025-09-27,Wire,807.0,Succeeded
PAY00008172,ORD00008172,2025-02-07,ACH,6847.48,Succeeded
PAY00008173,ORD00008173,2024-11-20,ACH,6447.85,Succeeded
PAY00008174,ORD00008174,2024-11-17,PayPal,387.12,Succeeded
PAY00008175,ORD00008175,2024-08-24,ACH,319.98,Succeeded
PAY00008176,ORD00008176,2024-11-26,Card,6529.11,Succeeded
PAY00008177,ORD00008177,2024-07-08,ACH,4805.43,Succeeded
PAY00008178,ORD00008178,2025-09-05,PayPal,697.63,Succeeded
PAY00008179,ORD00008179,2024-02-06,Card,2798.28,Succeeded
PAY00008180,ORD00008180,2024-10-30,Wire,1435.22,Succeeded
PAY00008181,ORD00008181,2025-03-10,Card,6011.42,Succeeded
PAY00008182,ORD00008182,2025-07-27,Card,6899.15,Succeeded
PAY00008183,ORD00008183,2024-01-21,PayPal,3309.57,Succeeded
PAY00008184,ORD00008184,2024-01-15,Wire,7610.55,Succeeded
PAY00008185,ORD00008185,2025-01-01,Wire,955.15,Succeeded
PAY00008186,ORD00008186,2025-11-22,Wire,427.42,Succeeded
PAY00008187,ORD00008187,2024-10-28,ACH,3130.16,Succeeded
PAY00008188,ORD00008188,2025-10-09,PayPal,2330.68,Succeeded
PAY00008189,ORD00008189,2024-10-27,Card,5644.8,Succeeded
PAY00008190,ORD00008190,2025-06-14,PayPal,1279.25,Succeeded
PAY00008191,ORD00008191,2024-11-16,PayPal,4940.87,Succeeded
PAY00008192,ORD00008192,2024-03-10,PayPal,2258.22,Succeeded
PAY00008193,ORD00008193,2025-03-14,PayPal,3658.6,Failed
PAY00008194,ORD00008194,2024-04-21,ACH,7185.25,Succeeded
PAY00008196,ORD00008196,2024-04-24,Card,1894.46,Succeeded
PAY00008197,ORD00008197,2026-01-26,PayPal,4030.95,Pending
PAY00008198,ORD00008198,2025-08-17,PayPal,963.27,Succeeded
PAY00008199,ORD00008199,2025-01-23,Card,1217.94,Succeeded
PAY00008200,ORD00008200,2026-02-09,Card,1897.78,Succeeded
PAY00008201,ORD00008201,2025-09-01,Card,2493.06,Succeeded
PAY00008202,ORD00008202,2024-03-22,Wire,2378.62,Succeeded
PAY00008203,ORD00008203,2025-02-20,Card,2173.07,Succeeded
PAY00008204,ORD00008204,2025-05-18,Wire,1893.29,Succeeded
PAY00008206,ORD00008206,2025-05-01,PayPal,9163.26,Succeeded
PAY00008207,ORD00008207,2024-06-14,Card,5149.64,Succeeded
PAY00008208,ORD00008208,2024-05-26,Card,6210.71,Succeeded
PAY00008209,ORD00008209,2024-04-05,PayPal,2486.71,Succeeded
PAY00008210,ORD00008210,2025-03-24,Card,6079.35,Succeeded
PAY00008211,ORD00008211,2025-01-24,Wire,5020.17,Succeeded
PAY00008212,ORD00008212,2025-07-21,PayPal,2877.33,Succeeded
PAY00008214,ORD00008214,2024-06-23,PayPal,4791.36,Succeeded
PAY00008216,ORD00008216,2024-04-22,ACH,3137.92,Succeeded
PAY00008218,ORD00008218,2025-04-11,Card,1064.67,Succeeded
PAY00008219,ORD00008219,2025-12-03,ACH,1099.88,Succeeded
PAY00008221,ORD00008221,2024-01-04,Card,2751.19,Succeeded
PAY00008222,ORD00008222,2025-10-08,ACH,308.42,Succeeded
PAY00008224,ORD00008224,2024-04-13,ACH,1783.34,Failed
PAY00008225,ORD00008225,2025-11-11,ACH,5928.34,Succeeded
PAY00008226,ORD00008226,2025-04-29,Card,288.61,Succeeded
PAY00008227,ORD00008227,2025-04-16,Card,6122.89,Succeeded
PAY00008229,ORD00008229,2026-02-16,PayPal,1880.29,Failed
PAY00008230,ORD00008230,2025-06-01,PayPal,4326.15,Succeeded
PAY00008232,ORD00008232,2024-07-31,PayPal,6256.79,Succeeded
PAY00008233,ORD00008233,2025-07-20,Wire,2278.8,Succeeded
PAY00008234,ORD00008234,2024-07-21,Card,1626.56,Succeeded
PAY00008235,ORD00008235,2025-07-10,ACH,1362.42,Succeeded
PAY00008236,ORD00008236,2025-03-30,ACH,4143.77,Succeeded
PAY00008237,ORD00008237,2024-03-22,ACH,6894.35,Succeeded
PAY00008238,ORD00008238,2025-04-07,PayPal,2145.3,Succeeded
PAY00008239,ORD00008239,2025-11-28,ACH,5862.72,Succeeded
PAY00008240,ORD00008240,2026-02-03,Card,1142.53,Succeeded
PAY00008241,ORD00008241,2025-06-24,Wire,5244.52,Succeeded
PAY00008242,ORD00008242,2025-01-15,Card,3268.63,Succeeded
PAY00008243,ORD00008243,2024-02-22,Card,6292.15,Pending
PAY00008244,ORD00008244,2024-10-02,ACH,6238.25,Succeeded
PAY00008245,ORD00008245,2024-09-20,ACH,5841.55,Pending
PAY00008246,ORD00008246,2024-04-06,PayPal,616.27,Succeeded
PAY00008247,ORD00008247,2025-10-29,Card,3011.28,Succeeded
PAY00008248,ORD00008248,2024-03-19,Card,2042.22,Succeeded
PAY00008249,ORD00008249,2025-02-10,Card,3101.71,Succeeded
PAY00008250,ORD00008250,2025-04-07,ACH,5581.84,Failed
PAY00008251,ORD00008251,2024-03-27,PayPal,4085.94,Succeeded
PAY00008252,ORD00008252,2024-04-20,Wire,3766.17,Succeeded
PAY00008253,ORD00008253,2025-09-14,ACH,1505.04,Succeeded
PAY00008254,ORD00008254,2024-12-10,PayPal,550.9,Succeeded
PAY00008255,ORD00008255,2025-11-01,Wire,8353.53,Succeeded
PAY00008256,ORD00008256,2025-11-19,Wire,2552.63,Succeeded
PAY00008257,ORD00008257,2024-01-19,PayPal,4771.04,Succeeded
PAY00008258,ORD00008258,2024-02-19,ACH,6064.46,Succeeded
PAY00008259,ORD00008259,2025-07-29,ACH,4119.76,Succeeded
PAY00008260,ORD00008260,2024-01-25,ACH,2804.66,Succeeded
PAY00008261,ORD00008261,2025-11-18,ACH,3650.92,Succeeded
PAY00008262,ORD00008262,2025-05-24,ACH,1707.49,Succeeded
PAY00008263,ORD00008263,2025-11-06,Card,2327.05,Succeeded
PAY00008264,ORD00008264,2024-09-06,Card,1869.64,Succeeded
PAY00008265,ORD00008265,2025-09-07,ACH,2553.24,Succeeded
PAY00008266,ORD00008266,2024-03-02,Wire,7156.13,Succeeded
PAY00008267,ORD00008267,2025-07-19,Card,968.7,Succeeded
PAY00008268,ORD00008268,2024-08-28,PayPal,4450.79,Succeeded
PAY00008269,ORD00008269,2024-02-25,ACH,4312.88,Succeeded
PAY00008270,ORD00008270,2024-05-08,PayPal,3141.3,Succeeded
PAY00008271,ORD00008271,2024-11-23,ACH,1651.07,Succeeded
PAY00008272,ORD00008272,2025-12-19,PayPal,774.47,Succeeded
PAY00008274,ORD00008274,2025-10-30,ACH,2314.04,Succeeded
PAY00008275,ORD00008275,2025-09-06,Card,4209.91,Failed
PAY00008276,ORD00008276,2024-08-01,ACH,1316.04,Succeeded
PAY00008277,ORD00008277,2024-04-30,Wire,8420.24,Succeeded
PAY00008278,ORD00008278,2025-08-11,Wire,3457.07,Succeeded
PAY00008279,ORD00008279,2024-12-19,PayPal,1832.41,Succeeded
PAY00008280,ORD00008280,2025-04-28,Wire,5055.32,Succeeded
PAY00008281,ORD00008281,2024-06-18,Wire,4564.43,Succeeded
PAY00008282,ORD00008282,2024-07-27,ACH,3541.48,Succeeded
PAY00008283,ORD00008283,2025-01-03,Card,5351.32,Succeeded
PAY00008284,ORD00008284,2026-01-23,PayPal,2261.91,Succeeded
PAY00008285,ORD00008285,2025-04-30,Wire,1905.36,Succeeded
PAY00008286,ORD00008286,2025-03-06,Card,142.47,Succeeded
PAY00008287,ORD00008287,2026-02-25,ACH,2673.55,Succeeded
PAY00008288,ORD00008288,2025-10-11,Card,3532.0,Succeeded
PAY00008289,ORD00008289,2025-03-04,ACH,1400.8,Succeeded
PAY00008290,ORD00008290,2025-04-15,PayPal,2428.82,Succeeded
PAY00008291,ORD00008291,2024-05-09,Card,3974.38,Succeeded
PAY00008292,ORD00008292,2025-10-20,ACH,1950.98,Succeeded
PAY00008293,ORD00008293,2026-02-24,PayPal,4748.8,Pending
PAY00008294,ORD00008294,2024-12-14,ACH,2109.23,Succeeded
PAY00008295,ORD00008295,2024-06-29,Card,2099.59,Succeeded
PAY00008296,ORD00008296,2024-12-22,Wire,11077.23,Succeeded
PAY00008297,ORD00008297,2024-10-27,Card,2243.27,Succeeded
PAY00008298,ORD00008298,2024-04-17,Card,8058.43,Succeeded
PAY00008299,ORD00008299,2025-06-14,Card,1987.75,Succeeded
PAY00008300,ORD00008300,2024-04-04,Card,4324.56,Succeeded
PAY00008301,ORD00008301,2024-08-14,ACH,2413.82,Succeeded
PAY00008302,ORD00008302,2025-01-18,Card,5050.34,Succeeded
PAY00008303,ORD00008303,2026-01-05,Card,3640.69,Succeeded
PAY00008304,ORD00008304,2025-10-10,Wire,319.77,Succeeded
PAY00008305,ORD00008305,2024-07-02,ACH,427.8,Succeeded
PAY00008306,ORD00008306,2024-09-16,PayPal,1992.98,Succeeded
PAY00008307,ORD00008307,2024-11-08,Wire,2457.49,Succeeded
PAY00008308,ORD00008308,2024-08-27,PayPal,2495.55,Succeeded
PAY00008309,ORD00008309,2026-01-24,Card,370.35,Succeeded
PAY00008310,ORD00008310,2025-05-29,ACH,3800.72,Succeeded
PAY00008311,ORD00008311,2025-09-28,Card,6590.99,Pending
PAY00008312,ORD00008312,2025-08-23,Wire,5102.66,Succeeded
PAY00008313,ORD00008313,2025-10-14,PayPal,2811.86,Succeeded
PAY00008314,ORD00008314,2024-03-05,ACH,3148.1,Succeeded
PAY00008315,ORD00008315,2025-04-16,Wire,3821.15,Succeeded
PAY00008316,ORD00008316,2025-07-15,ACH,3750.56,Succeeded
PAY00008317,ORD00008317,2025-07-12,PayPal,5320.75,Succeeded
PAY00008318,ORD00008318,2024-08-31,PayPal,650.66,Pending
PAY00008319,ORD00008319,2025-02-26,ACH,3360.17,Succeeded
PAY00008320,ORD00008320,2025-10-30,Card,5251.47,Succeeded
PAY00008321,ORD00008321,2024-06-03,Wire,4851.18,Succeeded
PAY00008322,ORD00008322,2025-05-22,ACH,142.5,Pending
PAY00008323,ORD00008323,2024-04-29,ACH,2465.96,Succeeded
PAY00008324,ORD00008324,2024-12-31,Card,1117.7,Succeeded
PAY00008325,ORD00008325,2024-12-05,ACH,14301.8,Succeeded
PAY00008326,ORD00008326,2025-01-11,Wire,1339.29,Succeeded
PAY00008327,ORD00008327,2024-07-09,Wire,2218.52,Succeeded
PAY00008328,ORD00008328,2025-08-02,Card,1429.04,Succeeded
PAY00008329,ORD00008329,2025-09-15,ACH,642.94,Pending
PAY00008330,ORD00008330,2024-04-07,ACH,4883.9,Succeeded
PAY00008331,ORD00008331,2025-08-30,PayPal,5539.74,Succeeded
PAY00008332,ORD00008332,2025-04-02,PayPal,7511.3,Failed
PAY00008333,ORD00008333,2024-03-24,Card,3971.99,Succeeded
PAY00008334,ORD00008334,2026-02-26,PayPal,5019.13,Succeeded
PAY00008335,ORD00008335,2026-02-18,PayPal,411.22,Succeeded
PAY00008336,ORD00008336,2026-01-06,ACH,755.22,Succeeded
PAY00008337,ORD00008337,2024-02-20,Card,3373.4,Succeeded
PAY00008338,ORD00008338,2024-01-18,Card,1902.49,Succeeded
PAY00008339,ORD00008339,2024-04-30,PayPal,488.46,Succeeded
PAY00008340,ORD00008340,2025-06-05,Card,7110.83,Succeeded
PAY00008341,ORD00008341,2024-10-27,Wire,4136.04,Succeeded
PAY00008342,ORD00008342,2025-04-11,Wire,3375.3,Succeeded
PAY00008343,ORD00008343,2025-03-01,Wire,2978.27,Succeeded
PAY00008344,ORD00008344,2025-02-06,Wire,4999.16,Succeeded
PAY00008345,ORD00008345,2024-08-05,ACH,291.75,Pending
PAY00008346,ORD00008346,2025-10-09,PayPal,2968.85,Succeeded
PAY00008348,ORD00008348,2024-01-08,Wire,2609.59,Succeeded
PAY00008349,ORD00008349,2025-02-16,Wire,4194.41,Succeeded
PAY00008350,ORD00008350,2024-10-03,ACH,6040.0,Succeeded
PAY00008351,ORD00008351,2025-11-23,PayPal,5665.34,Succeeded
PAY00008352,ORD00008352,2025-09-13,Card,3269.06,Succeeded
PAY00008353,ORD00008353,2024-07-24,Wire,3397.57,Succeeded
PAY00008354,ORD00008354,2025-03-04,Card,3219.32,Succeeded
PAY00008355,ORD00008355,2025-04-26,PayPal,1524.15,Succeeded
PAY00008356,ORD00008356,2025-04-02,Wire,2932.9,Succeeded
PAY00008357,ORD00008357,2025-11-07,ACH,5663.27,Succeeded
PAY00008358,ORD00008358,2024-12-18,ACH,4731.6,Succeeded
PAY00008359,ORD00008359,2025-03-15,Card,2273.18,Succeeded
PAY00008360,ORD00008360,2024-04-27,Card,6018.37,Succeeded
PAY00008362,ORD00008362,2026-01-18,ACH,5867.71,Succeeded
PAY00008363,ORD00008363,2024-06-29,ACH,8492.94,Succeeded
PAY00008364,ORD00008364,2024-10-19,Card,3407.33,Succeeded
PAY00008365,ORD00008365,2024-02-19,PayPal,5018.94,Succeeded
PAY00008367,ORD00008367,2024-12-14,Wire,836.85,Succeeded
PAY00008368,ORD00008368,2024-07-23,ACH,1202.07,Succeeded
PAY00008369,ORD00008369,2024-05-12,ACH,5073.57,Succeeded
PAY00008370,ORD00008370,2025-10-08,Card,2818.23,Succeeded
PAY00008371,ORD00008371,2024-06-19,Wire,6199.99,Failed
PAY00008372,ORD00008372,2024-08-29,Card,4052.78,Succeeded
PAY00008373,ORD00008373,2025-04-24,Wire,4337.52,Succeeded
PAY00008374,ORD00008374,2025-11-17,Wire,5656.53,Succeeded
PAY00008375,ORD00008375,2025-10-21,ACH,5032.62,Succeeded
PAY00008376,ORD00008376,2025-08-10,PayPal,4870.13,Succeeded
PAY00008377,ORD00008377,2025-02-03,ACH,4665.68,Succeeded
PAY00008378,ORD00008378,2024-06-05,ACH,950.78,Succeeded
PAY00008380,ORD00008380,2025-04-11,PayPal,2582.51,Succeeded
PAY00008381,ORD00008381,2025-12-09,ACH,2539.76,Pending
PAY00008382,ORD00008382,2024-08-20,Wire,4621.5,Succeeded
PAY00008383,ORD00008383,2025-06-26,ACH,6126.43,Failed
PAY00008384,ORD00008384,2025-01-06,ACH,5241.75,Succeeded
PAY00008385,ORD00008385,2024-10-06,PayPal,3900.11,Succeeded
PAY00008386,ORD00008386,2025-01-08,Card,2791.05,Succeeded
PAY00008387,ORD00008387,2025-05-13,ACH,7800.33,Succeeded
PAY00008388,ORD00008388,2024-02-24,PayPal,7454.46,Succeeded
PAY00008389,ORD00008389,2024-08-15,ACH,5216.45,Succeeded
PAY00008390,ORD00008390,2024-06-28,Card,4258.77,Succeeded
PAY00008391,ORD00008391,2025-10-30,ACH,922.83,Succeeded
PAY00008392,ORD00008392,2025-06-18,PayPal,8609.73,Succeeded
PAY00008393,ORD00008393,2026-01-03,Card,283.83,Succeeded
PAY00008394,ORD00008394,2026-01-26,PayPal,7574.15,Succeeded
PAY00008395,ORD00008395,2026-01-18,Card,3621.0,Succeeded
PAY00008396,ORD00008396,2024-08-27,PayPal,560.28,Succeeded
PAY00008397,ORD00008397,2025-03-18,PayPal,3712.31,Succeeded
PAY00008398,ORD00008398,2025-09-09,PayPal,1180.27,Succeeded
PAY00008399,ORD00008399,2025-06-17,Wire,6160.41,Succeeded
PAY00008400,ORD00008400,2026-01-27,Wire,5715.88,Succeeded
PAY00008402,ORD00008402,2025-06-15,PayPal,2728.44,Succeeded
PAY00008403,ORD00008403,2024-06-21,PayPal,844.77,Succeeded
PAY00008404,ORD00008404,2024-06-08,Card,7343.88,Succeeded
PAY00008406,ORD00008406,2026-02-10,PayPal,2121.07,Succeeded
PAY00008407,ORD00008407,2024-01-22,ACH,7057.47,Succeeded
PAY00008408,ORD00008408,2024-05-11,ACH,4617.59,Succeeded
PAY00008409,ORD00008409,2025-06-17,ACH,1926.91,Succeeded
PAY00008410,ORD00008410,2024-08-19,Wire,618.4,Succeeded
PAY00008411,ORD00008411,2025-05-07,PayPal,8718.43,Succeeded
PAY00008412,ORD00008412,2025-01-13,Wire,7249.39,Succeeded
PAY00008414,ORD00008414,2025-09-15,Wire,5856.33,Succeeded
PAY00008415,ORD00008415,2026-01-03,ACH,2593.23,Succeeded
PAY00008416,ORD00008416,2024-02-28,Wire,3871.05,Succeeded
PAY00008417,ORD00008417,2025-10-17,PayPal,1973.66,Succeeded
PAY00008418,ORD00008418,2024-03-17,Wire,2761.94,Succeeded
PAY00008419,ORD00008419,2024-03-19,Wire,892.28,Succeeded
PAY00008420,ORD00008420,2025-02-25,PayPal,509.33,Succeeded
PAY00008421,ORD00008421,2024-05-27,PayPal,3926.69,Succeeded
PAY00008422,ORD00008422,2025-06-04,Wire,755.99,Succeeded
PAY00008423,ORD00008423,2025-11-23,Card,2833.67,Succeeded
PAY00008424,ORD00008424,2025-09-24,ACH,525.82,Succeeded
PAY00008425,ORD00008425,2025-11-24,Card,941.64,Succeeded
PAY00008426,ORD00008426,2024-08-05,ACH,1326.8,Succeeded
PAY00008428,ORD00008428,2024-08-03,PayPal,1333.71,Succeeded
PAY00008429,ORD00008429,2025-07-27,Card,2234.67,Pending
PAY00008430,ORD00008430,2024-10-21,PayPal,3864.52,Succeeded
PAY00008431,ORD00008431,2024-12-29,Card,7458.9,Succeeded
PAY00008432,ORD00008432,2024-01-20,ACH,1317.3,Succeeded
PAY00008433,ORD00008433,2025-12-12,Wire,4492.96,Succeeded
PAY00008434,ORD00008434,2026-02-18,Card,2292.89,Succeeded
PAY00008436,ORD00008436,2025-04-26,Card,2154.04,Succeeded
PAY00008437,ORD00008437,2024-04-14,ACH,5406.29,Succeeded
PAY00008438,ORD00008438,2025-01-02,PayPal,1034.72,Succeeded
PAY00008439,ORD00008439,2025-05-25,Wire,1528.45,Failed
PAY00008440,ORD00008440,2025-06-02,PayPal,336.57,Failed
PAY00008441,ORD00008441,2025-03-02,Card,6999.98,Pending
PAY00008442,ORD00008442,2026-01-22,PayPal,3928.24,Succeeded
PAY00008443,ORD00008443,2024-05-19,PayPal,3896.31,Succeeded
PAY00008444,ORD00008444,2025-06-07,Wire,4736.35,Succeeded
PAY00008445,ORD00008445,2025-09-23,Wire,2899.13,Succeeded
PAY00008446,ORD00008446,2024-03-30,Wire,2472.9,Succeeded
PAY00008447,ORD00008447,2025-02-09,ACH,4380.11,Succeeded
PAY00008448,ORD00008448,2025-03-05,PayPal,170.14,Succeeded
PAY00008449,ORD00008449,2025-01-08,Card,2159.11,Succeeded
PAY00008450,ORD00008450,2025-02-06,Card,261.78,Succeeded
PAY00008451,ORD00008451,2024-07-20,PayPal,2374.38,Succeeded
PAY00008452,ORD00008452,2025-12-17,Wire,4032.16,Failed
PAY00008453,ORD00008453,2024-11-22,Wire,8715.22,Succeeded
PAY00008454,ORD00008454,2024-07-31,ACH,4882.07,Succeeded
PAY00008455,ORD00008455,2025-01-17,Wire,1776.01,Succeeded
PAY00008456,ORD00008456,2025-02-14,ACH,167.94,Succeeded
PAY00008457,ORD00008457,2025-11-18,Card,5261.18,Succeeded
PAY00008458,ORD00008458,2024-06-26,Card,4040.01,Succeeded
PAY00008460,ORD00008460,2024-08-28,ACH,2404.88,Succeeded
PAY00008461,ORD00008461,2025-07-31,ACH,8146.39,Succeeded
PAY00008462,ORD00008462,2024-03-17,Card,1650.47,Succeeded
PAY00008463,ORD00008463,2025-05-08,Card,4113.5,Succeeded
PAY00008464,ORD00008464,2025-04-16,Card,5667.33,Succeeded
PAY00008465,ORD00008465,2024-03-05,ACH,2280.72,Succeeded
PAY00008466,ORD00008466,2024-09-29,Wire,6735.05,Succeeded
PAY00008467,ORD00008467,2026-02-12,ACH,1197.13,Succeeded
PAY00008468,ORD00008468,2024-03-16,Wire,4289.43,Succeeded
PAY00008469,ORD00008469,2024-03-23,PayPal,1183.49,Succeeded
PAY00008470,ORD00008470,2024-09-02,Card,145.91,Succeeded
PAY00008472,ORD00008472,2024-05-19,PayPal,5668.59,Succeeded
PAY00008473,ORD00008473,2024-04-03,ACH,3976.86,Pending
PAY00008474,ORD00008474,2024-10-10,Card,206.09,Pending
PAY00008475,ORD00008475,2024-04-04,Wire,5185.79,Succeeded
PAY00008476,ORD00008476,2025-09-14,ACH,711.54,Succeeded
PAY00008477,ORD00008477,2025-02-21,Wire,2664.02,Succeeded
PAY00008478,ORD00008478,2024-05-12,Card,891.19,Succeeded
PAY00008479,ORD00008479,2025-02-16,Card,4327.95,Succeeded
PAY00008480,ORD00008480,2025-12-27,PayPal,5448.48,Succeeded
PAY00008481,ORD00008481,2025-09-26,PayPal,1078.5,Succeeded
PAY00008482,ORD00008482,2024-08-14,ACH,504.32,Succeeded
PAY00008483,ORD00008483,2024-05-05,Wire,1706.58,Succeeded
PAY00008484,ORD00008484,2025-11-18,ACH,2437.61,Succeeded
PAY00008485,ORD00008485,2025-01-28,Card,337.97,Succeeded
PAY00008486,ORD00008486,2024-10-19,Wire,6110.22,Succeeded
PAY00008487,ORD00008487,2025-06-16,ACH,5647.09,Pending
PAY00008488,ORD00008488,2025-08-01,PayPal,157.87,Pending
PAY00008489,ORD00008489,2025-06-23,ACH,758.14,Pending
PAY00008490,ORD00008490,2025-09-16,Wire,3990.95,Succeeded
PAY00008491,ORD00008491,2025-04-15,ACH,945.43,Pending
PAY00008492,ORD00008492,2025-09-01,Wire,690.85,Succeeded
PAY00008493,ORD00008493,2024-11-06,Wire,5496.55,Succeeded
PAY00008494,ORD00008494,2025-03-16,Card,4635.98,Succeeded
PAY00008495,ORD00008495,2024-09-28,Wire,6647.21,Succeeded
PAY00008496,ORD00008496,2024-11-15,ACH,2432.98,Succeeded
PAY00008498,ORD00008498,2024-08-19,ACH,2893.67,Succeeded
PAY00008499,ORD00008499,2026-02-08,ACH,1126.97,Succeeded
PAY00008500,ORD00008500,2024-05-25,PayPal,2173.74,Succeeded
PAY00008501,ORD00008501,2024-05-08,Card,4441.05,Succeeded
PAY00008502,ORD00008502,2025-03-21,ACH,1900.15,Succeeded
PAY00008503,ORD00008503,2024-11-17,ACH,3940.6,Succeeded
PAY00008504,ORD00008504,2025-10-26,PayPal,7133.44,Succeeded
PAY00008506,ORD00008506,2026-01-19,Wire,3221.32,Succeeded
PAY00008507,ORD00008507,2025-02-12,ACH,964.54,Succeeded
PAY00008508,ORD00008508,2025-02-04,Card,1168.1,Failed
PAY00008509,ORD00008509,2024-11-05,ACH,738.03,Succeeded
PAY00008510,ORD00008510,2024-06-09,Card,4879.13,Succeeded
PAY00008511,ORD00008511,2025-03-11,Card,5977.47,Succeeded
PAY00008512,ORD00008512,2024-07-18,PayPal,9182.0,Succeeded
PAY00008513,ORD00008513,2025-03-17,Card,6142.4,Succeeded
PAY00008514,ORD00008514,2025-11-15,PayPal,5387.65,Succeeded
PAY00008515,ORD00008515,2025-12-23,Card,1312.96,Succeeded
PAY00008516,ORD00008516,2024-05-24,Card,5652.95,Succeeded
PAY00008517,ORD00008517,2025-03-15,Wire,2590.0,Pending
PAY00008518,ORD00008518,2025-11-14,ACH,207.05,Succeeded
PAY00008520,ORD00008520,2024-12-26,Card,375.55,Succeeded
PAY00008521,ORD00008521,2024-07-23,PayPal,4727.43,Succeeded
PAY00008522,ORD00008522,2025-08-20,Wire,3064.69,Succeeded
PAY00008523,ORD00008523,2025-02-17,Card,4278.84,Succeeded
PAY00008524,ORD00008524,2025-09-23,Wire,272.64,Succeeded
PAY00008525,ORD00008525,2024-10-09,PayPal,9050.74,Succeeded
PAY00008527,ORD00008527,2025-11-11,ACH,5246.12,Succeeded
PAY00008528,ORD00008528,2024-08-27,Wire,3862.35,Succeeded
PAY00008529,ORD00008529,2024-09-19,Wire,3699.65,Succeeded
PAY00008530,ORD00008530,2025-09-20,Card,692.68,Succeeded
PAY00008531,ORD00008531,2024-08-04,ACH,5456.88,Succeeded
PAY00008532,ORD00008532,2024-07-22,PayPal,4813.79,Succeeded
PAY00008533,ORD00008533,2024-08-01,Card,3720.34,Succeeded
PAY00008534,ORD00008534,2024-10-23,PayPal,6197.19,Succeeded
PAY00008535,ORD00008535,2024-03-15,ACH,3150.34,Succeeded
PAY00008536,ORD00008536,2024-05-02,Card,5044.48,Succeeded
PAY00008537,ORD00008537,2025-02-12,Wire,4236.05,Succeeded
PAY00008538,ORD00008538,2026-01-03,ACH,2352.05,Succeeded
PAY00008539,ORD00008539,2025-05-12,PayPal,4561.62,Succeeded
PAY00008540,ORD00008540,2026-02-20,ACH,3333.11,Succeeded
PAY00008541,ORD00008541,2025-06-06,Card,4569.37,Succeeded
PAY00008542,ORD00008542,2024-01-03,Card,3742.98,Succeeded
PAY00008543,ORD00008543,2025-08-09,Wire,3756.09,Succeeded
PAY00008544,ORD00008544,2024-06-14,Card,10321.3,Succeeded
PAY00008545,ORD00008545,2025-08-18,PayPal,5602.45,Succeeded
PAY00008546,ORD00008546,2025-07-12,PayPal,2672.57,Succeeded
PAY00008547,ORD00008547,2026-01-11,Card,4470.53,Succeeded
PAY00008548,ORD00008548,2026-01-30,Wire,1077.25,Succeeded
PAY00008549,ORD00008549,2024-08-09,ACH,6124.58,Pending
PAY00008550,ORD00008550,2026-02-06,Card,7392.28,Succeeded
PAY00008552,ORD00008552,2025-11-21,PayPal,6217.1,Succeeded
PAY00008553,ORD00008553,2025-07-18,PayPal,2222.55,Succeeded
PAY00008554,ORD00008554,2024-06-01,ACH,1970.5,Succeeded
PAY00008556,ORD00008556,2026-01-27,Card,3070.41,Succeeded
PAY00008557,ORD00008557,2024-10-02,PayPal,1941.58,Succeeded
PAY00008558,ORD00008558,2024-05-26,Wire,1082.62,Succeeded
PAY00008559,ORD00008559,2024-09-23,Wire,553.1,Succeeded
PAY00008560,ORD00008560,2024-06-21,ACH,2225.98,Succeeded
PAY00008561,ORD00008561,2024-03-29,ACH,535.98,Succeeded
PAY00008562,ORD00008562,2025-04-19,PayPal,3653.88,Succeeded
PAY00008563,ORD00008563,2024-06-29,PayPal,1267.03,Succeeded
PAY00008564,ORD00008564,2025-03-04,Wire,7030.19,Succeeded
PAY00008565,ORD00008565,2026-01-10,ACH,4133.39,Succeeded
PAY00008566,ORD00008566,2025-02-26,Wire,8538.86,Succeeded
PAY00008567,ORD00008567,2024-05-08,ACH,980.78,Succeeded
PAY00008568,ORD00008568,2026-01-14,ACH,196.04,Succeeded
PAY00008569,ORD00008569,2024-08-06,Wire,5349.94,Succeeded
PAY00008570,ORD00008570,2024-12-25,Card,2871.17,Succeeded
PAY00008571,ORD00008571,2025-12-29,Wire,6854.49,Succeeded
PAY00008572,ORD00008572,2024-04-14,Card,451.85,Succeeded
PAY00008573,ORD00008573,2024-11-29,ACH,1588.45,Failed
PAY00008574,ORD00008574,2025-02-13,Wire,2111.13,Succeeded
PAY00008575,ORD00008575,2024-08-30,PayPal,5080.1,Succeeded
PAY00008576,ORD00008576,2024-03-08,Card,6676.36,Succeeded
PAY00008577,ORD00008577,2025-08-10,ACH,3542.42,Succeeded
PAY00008578,ORD00008578,2025-04-02,PayPal,557.12,Succeeded
PAY00008579,ORD00008579,2024-05-31,Wire,223.23,Succeeded
PAY00008580,ORD00008580,2024-05-05,Wire,177.59,Succeeded
PAY00008581,ORD00008581,2026-02-26,PayPal,7317.15,Succeeded
PAY00008582,ORD00008582,2024-01-24,Wire,5212.92,Succeeded
PAY00008583,ORD00008583,2025-03-24,PayPal,75.36,Succeeded
PAY00008584,ORD00008584,2026-01-17,Card,2422.68,Succeeded
PAY00008585,ORD00008585,2026-01-10,ACH,1531.15,Succeeded
PAY00008586,ORD00008586,2025-10-03,ACH,1883.21,Succeeded
PAY00008587,ORD00008587,2025-02-27,PayPal,1575.89,Succeeded
PAY00008588,ORD00008588,2024-10-22,Card,2673.01,Succeeded
PAY00008589,ORD00008589,2026-01-30,ACH,6760.54,Succeeded
PAY00008590,ORD00008590,2025-01-15,Card,6343.45,Succeeded
PAY00008593,ORD00008593,2024-01-18,PayPal,2059.93,Succeeded
PAY00008594,ORD00008594,2026-01-26,ACH,4096.47,Succeeded
PAY00008595,ORD00008595,2026-01-23,Card,7266.51,Succeeded
PAY00008596,ORD00008596,2025-04-02,ACH,4245.56,Succeeded
PAY00008597,ORD00008597,2025-03-25,Card,1627.23,Succeeded
PAY00008598,ORD00008598,2025-05-20,PayPal,3844.3,Succeeded
PAY00008599,ORD00008599,2025-11-04,Wire,3000.09,Succeeded
PAY00008600,ORD00008600,2024-06-19,Wire,3241.47,Pending
PAY00008602,ORD00008602,2026-02-17,ACH,4794.16,Succeeded
PAY00008603,ORD00008603,2024-04-14,PayPal,7890.7,Succeeded
PAY00008604,ORD00008604,2025-08-02,ACH,10245.75,Succeeded
PAY00008605,ORD00008605,2025-12-24,ACH,3545.75,Succeeded
PAY00008606,ORD00008606,2025-10-07,Card,2469.6,Succeeded
PAY00008608,ORD00008608,2024-04-20,ACH,4591.87,Succeeded
PAY00008609,ORD00008609,2024-12-20,Card,1059.15,Succeeded
PAY00008610,ORD00008610,2024-07-18,Wire,3930.17,Succeeded
PAY00008611,ORD00008611,2024-04-20,ACH,3627.76,Succeeded
PAY00008612,ORD00008612,2025-05-14,PayPal,5424.08,Succeeded
PAY00008613,ORD00008613,2024-08-26,ACH,640.8,Succeeded
PAY00008614,ORD00008614,2025-06-03,Card,6238.73,Succeeded
PAY00008615,ORD00008615,2025-04-20,ACH,5700.94,Failed
PAY00008616,ORD00008616,2024-07-26,PayPal,2307.28,Succeeded
PAY00008617,ORD00008617,2024-01-13,ACH,4928.01,Succeeded
PAY00008618,ORD00008618,2025-09-01,PayPal,1103.82,Succeeded
PAY00008619,ORD00008619,2025-01-07,PayPal,2726.7,Succeeded
PAY00008620,ORD00008620,2024-08-17,Card,2863.61,Succeeded
PAY00008621,ORD00008621,2025-11-27,PayPal,107.04,Succeeded
PAY00008622,ORD00008622,2026-01-08,ACH,1875.1,Succeeded
PAY00008623,ORD00008623,2024-09-04,Card,3524.96,Succeeded
PAY00008624,ORD00008624,2025-02-25,Card,1597.73,Succeeded
PAY00008625,ORD00008625,2025-03-16,PayPal,1343.22,Succeeded
PAY00008626,ORD00008626,2025-06-01,Card,4216.3,Succeeded
PAY00008627,ORD00008627,2024-07-23,Card,3256.58,Succeeded
PAY00008628,ORD00008628,2025-08-27,PayPal,6692.36,Succeeded
PAY00008629,ORD00008629,2024-04-05,PayPal,1425.47,Succeeded
PAY00008630,ORD00008630,2025-09-26,Card,2656.09,Succeeded
PAY00008631,ORD00008631,2025-06-29,Card,1538.92,Succeeded
PAY00008632,ORD00008632,2025-06-01,ACH,119.22,Succeeded
PAY00008633,ORD00008633,2026-01-02,ACH,8774.14,Succeeded
PAY00008634,ORD00008634,2025-12-02,Wire,1199.45,Succeeded
PAY00008635,ORD00008635,2024-09-26,ACH,3735.04,Succeeded
PAY00008636,ORD00008636,2024-05-06,PayPal,925.38,Succeeded
PAY00008637,ORD00008637,2025-05-05,PayPal,2853.9,Succeeded
PAY00008638,ORD00008638,2024-02-22,Card,6362.66,Succeeded
PAY00008640,ORD00008640,2024-12-17,PayPal,5054.87,Succeeded
PAY00008641,ORD00008641,2024-06-03,ACH,3206.9,Succeeded
PAY00008642,ORD00008642,2025-07-11,PayPal,1096.91,Succeeded
PAY00008643,ORD00008643,2025-10-12,ACH,4524.53,Pending
PAY00008644,ORD00008644,2024-12-17,PayPal,1482.63,Succeeded
PAY00008645,ORD00008645,2024-09-22,Wire,3591.75,Succeeded
PAY00008646,ORD00008646,2024-11-06,Card,1365.65,Succeeded
PAY00008647,ORD00008647,2026-01-07,Wire,5063.78,Succeeded
PAY00008648,ORD00008648,2025-06-01,ACH,2191.6,Succeeded
PAY00008649,ORD00008649,2024-04-28,Wire,3984.75,Succeeded
PAY00008650,ORD00008650,2024-07-15,Wire,4261.88,Succeeded
PAY00008651,ORD00008651,2025-09-24,PayPal,1688.88,Succeeded
PAY00008652,ORD00008652,2025-12-30,PayPal,4598.98,Succeeded
PAY00008653,ORD00008653,2024-09-09,Wire,868.48,Succeeded
PAY00008654,ORD00008654,2025-04-10,Wire,2653.71,Succeeded
PAY00008655,ORD00008655,2024-09-19,Wire,294.61,Succeeded
PAY00008656,ORD00008656,2025-09-16,Card,27.41,Succeeded
PAY00008657,ORD00008657,2025-06-18,PayPal,3105.1,Succeeded
PAY00008658,ORD00008658,2025-09-06,Card,1875.79,Succeeded
PAY00008659,ORD00008659,2024-06-11,Card,7073.18,Succeeded
PAY00008660,ORD00008660,2025-05-29,PayPal,3476.89,Succeeded
PAY00008661,ORD00008661,2025-02-14,Wire,3209.99,Succeeded
PAY00008662,ORD00008662,2024-11-23,PayPal,4213.05,Succeeded
PAY00008664,ORD00008664,2026-02-07,Card,2942.59,Succeeded
PAY00008665,ORD00008665,2025-04-23,ACH,1927.15,Succeeded
PAY00008666,ORD00008666,2025-03-04,Card,2298.91,Succeeded
PAY00008667,ORD00008667,2025-11-12,Wire,6689.61,Succeeded
PAY00008668,ORD00008668,2024-03-19,Card,7323.81,Succeeded
PAY00008669,ORD00008669,2025-06-18,ACH,3626.73,Pending
PAY00008670,ORD00008670,2025-06-23,Wire,1984.65,Succeeded
PAY00008671,ORD00008671,2024-06-02,Wire,5461.38,Succeeded
PAY00008672,ORD00008672,2025-07-18,Card,2532.03,Succeeded
PAY00008673,ORD00008673,2024-05-16,PayPal,1430.81,Succeeded
PAY00008674,ORD00008674,2025-03-21,PayPal,5851.63,Succeeded
PAY00008676,ORD00008676,2024-09-10,ACH,564.03,Succeeded
PAY00008677,ORD00008677,2025-11-25,Wire,1161.75,Succeeded
PAY00008678,ORD00008678,2024-07-04,ACH,3640.1,Succeeded
PAY00008679,ORD00008679,2025-08-17,Card,3616.37,Succeeded
PAY00008680,ORD00008680,2024-05-13,Wire,3407.24,Succeeded
PAY00008681,ORD00008681,2026-01-05,Wire,4201.17,Succeeded
PAY00008682,ORD00008682,2025-02-10,Wire,3059.79,Succeeded
PAY00008683,ORD00008683,2025-12-12,PayPal,3196.54,Succeeded
PAY00008684,ORD00008684,2026-01-08,Card,5578.76,Succeeded
PAY00008686,ORD00008686,2026-01-25,Wire,6509.3,Succeeded
PAY00008687,ORD00008687,2024-12-11,PayPal,2397.45,Succeeded
PAY00008688,ORD00008688,2024-02-20,PayPal,5756.75,Succeeded
PAY00008690,ORD00008690,2024-04-07,Wire,8988.25,Succeeded
PAY00008691,ORD00008691,2024-01-29,Wire,2345.43,Succeeded
PAY00008692,ORD00008692,2024-04-10,Card,675.46,Succeeded
PAY00008693,ORD00008693,2024-03-21,Card,174.94,Succeeded
PAY00008694,ORD00008694,2024-09-01,Card,1268.57,Succeeded
PAY00008695,ORD00008695,2025-05-08,Wire,11384.77,Succeeded
PAY00008696,ORD00008696,2024-01-04,PayPal,3995.01,Succeeded
PAY00008697,ORD00008697,2025-01-17,PayPal,6553.99,Succeeded
PAY00008698,ORD00008698,2024-08-16,ACH,1339.86,Succeeded
PAY00008699,ORD00008699,2024-09-03,Wire,435.12,Succeeded
PAY00008700,ORD00008700,2024-02-25,ACH,3947.96,Succeeded
PAY00008701,ORD00008701,2025-05-10,Wire,2479.33,Succeeded
PAY00008702,ORD00008702,2025-03-03,Wire,2457.81,Succeeded
PAY00008703,ORD00008703,2026-02-11,Wire,474.29,Succeeded
PAY00008704,ORD00008704,2024-05-19,ACH,3233.01,Succeeded
PAY00008706,ORD00008706,2024-04-13,Card,5517.56,Succeeded
PAY00008707,ORD00008707,2025-08-22,Wire,192.97,Succeeded
PAY00008708,ORD00008708,2024-08-14,ACH,1454.16,Succeeded
PAY00008709,ORD00008709,2024-04-30,PayPal,3826.26,Succeeded
PAY00008710,ORD00008710,2025-05-22,Wire,3517.71,Succeeded
PAY00008711,ORD00008711,2024-12-11,ACH,2270.7,Succeeded
PAY00008712,ORD00008712,2025-12-26,Wire,5274.73,Succeeded
PAY00008714,ORD00008714,2025-01-10,PayPal,1656.47,Succeeded
PAY00008715,ORD00008715,2024-07-04,ACH,6407.26,Succeeded
PAY00008716,ORD00008716,2024-04-30,PayPal,158.43,Succeeded
PAY00008717,ORD00008717,2025-04-12,PayPal,7045.49,Succeeded
PAY00008718,ORD00008718,2026-02-19,Card,6926.55,Succeeded
PAY00008719,ORD00008719,2025-08-25,ACH,9400.98,Succeeded
PAY00008720,ORD00008720,2024-07-31,ACH,2018.86,Succeeded
PAY00008721,ORD00008721,2024-10-16,Wire,4103.2,Pending
PAY00008722,ORD00008722,2024-06-22,ACH,9403.86,Succeeded
PAY00008723,ORD00008723,2025-03-28,ACH,6689.8,Succeeded
PAY00008724,ORD00008724,2024-12-12,Wire,4276.49,Succeeded
PAY00008725,ORD00008725,2025-05-03,Wire,1386.46,Succeeded
PAY00008726,ORD00008726,2025-05-16,ACH,677.92,Succeeded
PAY00008727,ORD00008727,2025-10-03,ACH,917.03,Succeeded
PAY00008728,ORD00008728,2025-03-18,ACH,2421.5,Succeeded
PAY00008729,ORD00008729,2024-08-01,Card,3621.5,Succeeded
PAY00008730,ORD00008730,2025-01-21,ACH,1882.4,Succeeded
PAY00008731,ORD00008731,2025-03-09,Card,661.13,Succeeded
PAY00008732,ORD00008732,2025-02-19,ACH,3170.12,Succeeded
PAY00008733,ORD00008733,2026-02-08,Card,5587.58,Succeeded
PAY00008734,ORD00008734,2025-02-15,Wire,1673.28,Succeeded
PAY00008735,ORD00008735,2025-10-27,ACH,1245.39,Succeeded
PAY00008737,ORD00008737,2025-01-28,Wire,4022.32,Succeeded
PAY00008739,ORD00008739,2025-01-12,ACH,161.62,Succeeded
PAY00008741,ORD00008741,2025-04-06,Card,2385.02,Succeeded
PAY00008742,ORD00008742,2025-04-16,PayPal,808.08,Succeeded
PAY00008743,ORD00008743,2024-05-26,ACH,2158.51,Succeeded
PAY00008744,ORD00008744,2024-08-30,PayPal,2841.59,Succeeded
PAY00008745,ORD00008745,2024-04-04,ACH,3157.41,Succeeded
PAY00008746,ORD00008746,2025-07-27,PayPal,4132.34,Succeeded
PAY00008747,ORD00008747,2024-10-19,ACH,3359.65,Succeeded
PAY00008748,ORD00008748,2025-03-10,Card,3287.37,Succeeded
PAY00008749,ORD00008749,2025-06-11,PayPal,2481.58,Succeeded
PAY00008750,ORD00008750,2024-10-22,PayPal,149.39,Succeeded
PAY00008751,ORD00008751,2024-06-02,ACH,5800.12,Succeeded
PAY00008752,ORD00008752,2025-06-07,Card,3866.96,Succeeded
PAY00008753,ORD00008753,2024-08-10,ACH,6151.57,Succeeded
PAY00008754,ORD00008754,2025-11-29,Wire,7383.39,Succeeded
PAY00008755,ORD00008755,2024-01-30,Wire,6608.43,Succeeded
PAY00008758,ORD00008758,2025-03-31,PayPal,4019.86,Succeeded
PAY00008759,ORD00008759,2025-10-13,Card,608.67,Succeeded
PAY00008760,ORD00008760,2025-02-19,ACH,1590.28,Succeeded
PAY00008761,ORD00008761,2024-08-22,ACH,4011.11,Succeeded
PAY00008762,ORD00008762,2025-08-15,ACH,1205.52,Succeeded
PAY00008763,ORD00008763,2024-03-07,PayPal,4520.24,Succeeded
PAY00008764,ORD00008764,2024-10-10,Card,4551.16,Succeeded
PAY00008765,ORD00008765,2024-05-29,ACH,3735.89,Succeeded
PAY00008766,ORD00008766,2025-10-12,ACH,1611.5,Succeeded
PAY00008767,ORD00008767,2025-12-15,Card,6230.61,Pending
PAY00008768,ORD00008768,2024-07-18,Wire,752.51,Succeeded
PAY00008769,ORD00008769,2025-02-03,PayPal,2956.76,Succeeded
PAY00008770,ORD00008770,2025-06-05,Wire,1974.21,Succeeded
PAY00008771,ORD00008771,2024-08-05,Wire,2393.05,Succeeded
PAY00008772,ORD00008772,2026-02-21,Card,5643.35,Succeeded
PAY00008773,ORD00008773,2024-05-22,PayPal,414.59,Succeeded
PAY00008774,ORD00008774,2025-11-18,Wire,5810.22,Succeeded
PAY00008775,ORD00008775,2025-08-27,ACH,3590.52,Succeeded
PAY00008776,ORD00008776,2025-05-18,PayPal,3835.89,Succeeded
PAY00008777,ORD00008777,2025-04-06,Wire,2384.27,Succeeded
PAY00008778,ORD00008778,2025-01-24,ACH,5804.89,Succeeded
PAY00008779,ORD00008779,2025-09-08,PayPal,7810.14,Succeeded
PAY00008780,ORD00008780,2025-05-18,PayPal,4175.08,Succeeded
PAY00008781,ORD00008781,2024-06-28,Wire,1130.23,Succeeded
PAY00008782,ORD00008782,2025-03-01,PayPal,549.73,Succeeded
PAY00008783,ORD00008783,2024-05-05,Wire,4469.9,Succeeded
PAY00008784,ORD00008784,2024-11-04,PayPal,5844.58,Succeeded
PAY00008785,ORD00008785,2025-07-18,PayPal,5244.95,Succeeded
PAY00008786,ORD00008786,2024-02-23,Card,2992.21,Succeeded
PAY00008788,ORD00008788,2024-07-08,ACH,804.5,Succeeded
PAY00008789,ORD00008789,2026-02-24,Card,5361.0,Succeeded
PAY00008790,ORD00008790,2024-01-29,Card,4681.33,Succeeded
PAY00008791,ORD00008791,2024-06-07,Wire,3344.83,Pending
PAY00008792,ORD00008792,2024-01-14,ACH,1366.19,Succeeded
PAY00008793,ORD00008793,2024-04-03,Wire,3554.84,Succeeded
PAY00008794,ORD00008794,2025-08-05,PayPal,1390.18,Failed
PAY00008795,ORD00008795,2025-01-30,Wire,5520.56,Pending
PAY00008796,ORD00008796,2025-10-14,Wire,1885.76,Succeeded
PAY00008797,ORD00008797,2025-02-16,PayPal,3120.15,Succeeded
PAY00008798,ORD00008798,2024-09-17,PayPal,9913.3,Succeeded
PAY00008799,ORD00008799,2026-01-30,ACH,2383.42,Succeeded
PAY00008800,ORD00008800,2024-01-07,Card,6164.81,Succeeded
PAY00008801,ORD00008801,2024-01-13,Wire,438.05,Succeeded
PAY00008802,ORD00008802,2025-01-04,Wire,6283.96,Succeeded
PAY00008803,ORD00008803,2025-07-15,Card,582.48,Succeeded
PAY00008804,ORD00008804,2026-01-16,ACH,2651.58,Succeeded
PAY00008805,ORD00008805,2025-01-17,Card,2001.74,Succeeded
PAY00008806,ORD00008806,2025-08-17,Card,1532.07,Succeeded
PAY00008807,ORD00008807,2024-04-01,Wire,1193.88,Succeeded
PAY00008809,ORD00008809,2025-12-18,PayPal,458.66,Succeeded
PAY00008810,ORD00008810,2025-07-04,Card,2430.4,Failed
PAY00008812,ORD00008812,2024-08-16,Card,5049.7,Succeeded
PAY00008813,ORD00008813,2024-07-17,Card,634.43,Succeeded
PAY00008814,ORD00008814,2025-03-25,Card,6327.41,Succeeded
PAY00008815,ORD00008815,2025-01-16,Card,3315.65,Succeeded
PAY00008816,ORD00008816,2024-11-09,Card,8218.11,Succeeded
PAY00008817,ORD00008817,2025-11-19,Card,796.59,Pending
PAY00008818,ORD00008818,2025-02-10,Wire,2297.24,Succeeded
PAY00008819,ORD00008819,2025-08-06,PayPal,5408.13,Succeeded
PAY00008820,ORD00008820,2025-02-10,Wire,5101.26,Succeeded
PAY00008821,ORD00008821,2024-12-18,PayPal,5053.5,Succeeded
PAY00008824,ORD00008824,2025-05-21,PayPal,374.54,Succeeded
PAY00008825,ORD00008825,2025-04-26,PayPal,470.02,Succeeded
PAY00008826,ORD00008826,2025-10-10,ACH,1902.19,Succeeded
PAY00008827,ORD00008827,2024-11-21,ACH,3245.45,Succeeded
PAY00008828,ORD00008828,2024-08-28,ACH,11964.59,Succeeded
PAY00008829,ORD00008829,2026-01-07,PayPal,4603.81,Succeeded
PAY00008830,ORD00008830,2025-05-08,ACH,1335.52,Succeeded
PAY00008831,ORD00008831,2024-09-17,Card,3820.89,Succeeded
PAY00008832,ORD00008832,2024-12-06,PayPal,2115.03,Succeeded
PAY00008833,ORD00008833,2025-10-12,Wire,8482.96,Succeeded
PAY00008835,ORD00008835,2024-08-03,Wire,2884.8,Succeeded
PAY00008836,ORD00008836,2024-04-07,Card,10446.87,Succeeded
PAY00008837,ORD00008837,2026-02-01,ACH,8176.53,Succeeded
PAY00008838,ORD00008838,2024-05-26,Wire,1922.29,Succeeded
PAY00008839,ORD00008839,2024-12-12,ACH,8334.97,Succeeded
PAY00008840,ORD00008840,2024-07-05,Card,2384.36,Succeeded
PAY00008841,ORD00008841,2024-03-01,Wire,1973.44,Succeeded
PAY00008842,ORD00008842,2025-07-25,PayPal,317.8,Succeeded
PAY00008843,ORD00008843,2025-05-11,Card,52.23,Succeeded
PAY00008844,ORD00008844,2024-09-12,ACH,1172.94,Succeeded
PAY00008845,ORD00008845,2025-03-13,Wire,874.4,Succeeded
PAY00008846,ORD00008846,2025-09-27,PayPal,3763.63,Succeeded
PAY00008847,ORD00008847,2024-01-17,Wire,3836.75,Succeeded
PAY00008848,ORD00008848,2025-05-25,PayPal,5845.41,Succeeded
PAY00008849,ORD00008849,2024-10-30,PayPal,650.97,Succeeded
PAY00008850,ORD00008850,2025-11-06,Wire,3042.9,Succeeded
PAY00008851,ORD00008851,2025-07-20,Card,1261.3,Succeeded
PAY00008852,ORD00008852,2024-09-27,Wire,1697.6,Succeeded
PAY00008853,ORD00008853,2025-10-02,PayPal,4784.68,Succeeded
PAY00008854,ORD00008854,2024-05-29,Wire,4079.68,Succeeded
PAY00008855,ORD00008855,2024-10-31,Wire,3758.91,Succeeded
PAY00008856,ORD00008856,2025-03-19,ACH,549.01,Succeeded
PAY00008857,ORD00008857,2025-12-26,Card,2292.59,Succeeded
PAY00008858,ORD00008858,2024-02-04,PayPal,917.61,Succeeded
PAY00008859,ORD00008859,2025-06-04,Wire,1116.54,Succeeded
PAY00008860,ORD00008860,2024-12-09,Card,2199.67,Succeeded
PAY00008861,ORD00008861,2024-02-27,Card,4132.66,Succeeded
PAY00008862,ORD00008862,2025-06-08,Card,1294.33,Succeeded
PAY00008864,ORD00008864,2025-06-28,ACH,5088.61,Pending
PAY00008865,ORD00008865,2025-05-16,Wire,2914.14,Succeeded
PAY00008866,ORD00008866,2024-06-30,ACH,4775.59,Succeeded
PAY00008867,ORD00008867,2025-06-03,Wire,3972.87,Succeeded
PAY00008869,ORD00008869,2024-03-08,ACH,4334.0,Succeeded
PAY00008870,ORD00008870,2024-04-11,Wire,2384.98,Succeeded
PAY00008871,ORD00008871,2025-06-24,Wire,4194.48,Succeeded
PAY00008872,ORD00008872,2024-05-26,Card,4724.09,Succeeded
PAY00008873,ORD00008873,2024-04-25,PayPal,3867.92,Succeeded
PAY00008874,ORD00008874,2024-07-08,Wire,7204.54,Pending
PAY00008875,ORD00008875,2025-09-20,Wire,4838.52,Pending
PAY00008876,ORD00008876,2024-12-13,PayPal,1906.86,Succeeded
PAY00008877,ORD00008877,2024-05-11,Wire,6775.12,Succeeded
PAY00008878,ORD00008878,2024-01-06,Wire,2365.95,Succeeded
PAY00008879,ORD00008879,2026-02-11,Card,3256.26,Succeeded
PAY00008880,ORD00008880,2025-02-05,Wire,4168.82,Pending
PAY00008881,ORD00008881,2025-03-11,PayPal,3149.94,Succeeded
PAY00008882,ORD00008882,2025-06-20,Card,2535.78,Succeeded
PAY00008883,ORD00008883,2024-06-07,Wire,1998.47,Succeeded
PAY00008884,ORD00008884,2024-01-19,Wire,2516.61,Succeeded
PAY00008886,ORD00008886,2024-12-11,ACH,1843.83,Succeeded
PAY00008887,ORD00008887,2025-12-23,Card,2952.6,Succeeded
PAY00008888,ORD00008888,2025-06-30,PayPal,1414.9,Succeeded
PAY00008889,ORD00008889,2025-12-28,ACH,4993.21,Succeeded
PAY00008890,ORD00008890,2025-02-20,Wire,943.71,Succeeded
PAY00008891,ORD00008891,2026-01-25,Wire,7236.51,Succeeded
PAY00008893,ORD00008893,2026-03-01,Card,5115.2,Succeeded
PAY00008894,ORD00008894,2024-06-06,ACH,790.63,Succeeded
PAY00008895,ORD00008895,2026-01-18,PayPal,570.16,Succeeded
PAY00008896,ORD00008896,2026-02-08,Wire,6511.71,Failed
PAY00008897,ORD00008897,2025-08-22,Card,854.63,Succeeded
PAY00008898,ORD00008898,2025-08-26,PayPal,5690.23,Succeeded
PAY00008899,ORD00008899,2024-08-19,Card,1554.01,Succeeded
PAY00008900,ORD00008900,2025-11-11,Wire,1092.51,Succeeded
PAY00008901,ORD00008901,2025-06-19,PayPal,89.3,Succeeded
PAY00008902,ORD00008902,2024-12-18,Wire,4762.93,Succeeded
PAY00008903,ORD00008903,2024-01-24,Card,1531.3,Succeeded
PAY00008904,ORD00008904,2024-01-10,ACH,4502.33,Succeeded
PAY00008905,ORD00008905,2025-07-25,ACH,3363.72,Succeeded
PAY00008906,ORD00008906,2024-05-28,Wire,1462.19,Succeeded
PAY00008907,ORD00008907,2025-03-05,Card,3088.51,Succeeded
PAY00008908,ORD00008908,2025-06-26,Card,2360.57,Succeeded
PAY00008909,ORD00008909,2024-06-23,Card,3268.13,Succeeded
PAY00008910,ORD00008910,2025-12-31,Wire,1969.4,Succeeded
PAY00008911,ORD00008911,2024-06-27,PayPal,5992.89,Succeeded
PAY00008912,ORD00008912,2025-03-08,PayPal,319.95,Pending
PAY00008913,ORD00008913,2025-02-15,Wire,5679.14,Succeeded
PAY00008914,ORD00008914,2024-02-25,Card,4148.28,Succeeded
PAY00008915,ORD00008915,2026-02-02,Card,2568.94,Succeeded
PAY00008916,ORD00008916,2026-02-17,Wire,2412.55,Succeeded
PAY00008917,ORD00008917,2025-04-11,ACH,1986.25,Pending
PAY00008918,ORD00008918,2025-10-05,ACH,3132.54,Succeeded
PAY00008919,ORD00008919,2025-10-25,PayPal,4303.37,Succeeded
PAY00008920,ORD00008920,2024-01-18,PayPal,1275.42,Succeeded
PAY00008922,ORD00008922,2025-02-15,Card,8846.59,Succeeded
PAY00008923,ORD00008923,2024-02-03,Card,3484.81,Failed
PAY00008924,ORD00008924,2025-07-21,PayPal,2358.42,Succeeded
PAY00008925,ORD00008925,2024-09-18,ACH,521.13,Succeeded
PAY00008926,ORD00008926,2025-06-30,Wire,9102.8,Succeeded
PAY00008927,ORD00008927,2024-10-29,ACH,2152.56,Succeeded
PAY00008928,ORD00008928,2024-07-10,ACH,3945.01,Succeeded
PAY00008929,ORD00008929,2025-05-27,ACH,1353.93,Succeeded
PAY00008930,ORD00008930,2025-11-10,PayPal,2267.61,Succeeded
PAY00008931,ORD00008931,2025-03-04,PayPal,1628.22,Succeeded
PAY00008932,ORD00008932,2024-09-25,Card,3226.46,Succeeded
PAY00008933,ORD00008933,2024-01-30,ACH,2881.26,Succeeded
PAY00008934,ORD00008934,2025-05-23,PayPal,1207.74,Succeeded
PAY00008935,ORD00008935,2025-03-28,PayPal,5408.41,Succeeded
PAY00008936,ORD00008936,2024-01-02,ACH,2467.4,Succeeded
PAY00008937,ORD00008937,2025-02-07,Wire,2735.76,Succeeded
PAY00008938,ORD00008938,2024-10-11,ACH,758.64,Succeeded
PAY00008939,ORD00008939,2026-01-01,Wire,5322.07,Succeeded
PAY00008940,ORD00008940,2024-02-13,ACH,3259.52,Succeeded
PAY00008941,ORD00008941,2025-04-21,PayPal,5259.58,Succeeded
PAY00008942,ORD00008942,2025-03-03,Wire,3292.37,Succeeded
PAY00008943,ORD00008943,2025-08-03,ACH,2363.8,Succeeded
PAY00008944,ORD00008944,2024-08-05,PayPal,6565.35,Succeeded
PAY00008945,ORD00008945,2025-02-14,Wire,1836.99,Succeeded
PAY00008946,ORD00008946,2025-07-21,ACH,2497.37,Succeeded
PAY00008947,ORD00008947,2025-01-22,PayPal,4794.48,Succeeded
PAY00008948,ORD00008948,2025-12-27,PayPal,2072.61,Succeeded
PAY00008949,ORD00008949,2024-04-25,Card,5021.79,Succeeded
PAY00008950,ORD00008950,2026-02-07,ACH,3435.13,Succeeded
PAY00008951,ORD00008951,2024-04-22,ACH,5425.1,Succeeded
PAY00008952,ORD00008952,2024-12-18,Wire,165.44,Succeeded
PAY00008953,ORD00008953,2025-06-19,Wire,7002.52,Pending
PAY00008954,ORD00008954,2024-06-28,ACH,1837.64,Succeeded
PAY00008955,ORD00008955,2024-10-06,Wire,1644.14,Succeeded
PAY00008956,ORD00008956,2024-04-17,ACH,3009.35,Failed
PAY00008957,ORD00008957,2025-02-25,PayPal,1301.51,Succeeded
PAY00008958,ORD00008958,2025-07-24,Card,2002.99,Succeeded
PAY00008959,ORD00008959,2025-10-09,ACH,6504.22,Succeeded
PAY00008960,ORD00008960,2026-02-07,Card,9734.4,Pending
PAY00008961,ORD00008961,2025-02-12,Wire,2907.06,Succeeded
PAY00008962,ORD00008962,2024-01-26,Wire,7320.58,Succeeded
PAY00008963,ORD00008963,2024-11-13,Card,445.2,Succeeded
PAY00008964,ORD00008964,2025-04-21,Wire,1077.2,Succeeded
PAY00008965,ORD00008965,2025-10-29,Card,489.21,Succeeded
PAY00008966,ORD00008966,2025-09-06,ACH,1317.37,Failed
PAY00008967,ORD00008967,2024-07-04,Wire,5161.81,Succeeded
PAY00008968,ORD00008968,2024-08-27,PayPal,2709.88,Succeeded
PAY00008969,ORD00008969,2025-02-20,Card,8118.89,Succeeded
PAY00008970,ORD00008970,2025-10-11,PayPal,3113.01,Succeeded
PAY00008971,ORD00008971,2026-02-11,Card,6235.01,Succeeded
PAY00008972,ORD00008972,2024-01-07,ACH,2062.24,Succeeded
PAY00008974,ORD00008974,2024-04-16,Card,33.12,Succeeded
PAY00008975,ORD00008975,2024-05-17,ACH,5699.09,Succeeded
PAY00008976,ORD00008976,2025-03-11,PayPal,7766.94,Succeeded
PAY00008977,ORD00008977,2026-02-04,Card,450.71,Succeeded
PAY00008978,ORD00008978,2025-09-04,PayPal,6124.9,Succeeded
PAY00008979,ORD00008979,2025-05-22,Wire,2540.48,Succeeded
PAY00008980,ORD00008980,2024-10-14,Card,4951.99,Succeeded
PAY00008981,ORD00008981,2025-04-27,Card,5112.38,Succeeded
PAY00008982,ORD00008982,2024-11-28,PayPal,970.42,Succeeded
PAY00008983,ORD00008983,2025-01-30,Wire,2316.6,Succeeded
PAY00008985,ORD00008985,2024-12-12,Wire,5712.37,Succeeded
PAY00008987,ORD00008987,2024-09-10,PayPal,3654.59,Succeeded
PAY00008988,ORD00008988,2025-08-19,ACH,1571.45,Succeeded
PAY00008989,ORD00008989,2025-03-14,ACH,668.98,Succeeded
PAY00008991,ORD00008991,2025-06-20,Card,1095.49,Succeeded
PAY00008992,ORD00008992,2024-01-05,ACH,4494.86,Succeeded
PAY00008993,ORD00008993,2025-05-03,ACH,403.75,Succeeded
PAY00008994,ORD00008994,2025-04-01,PayPal,1838.57,Succeeded
PAY00008995,ORD00008995,2024-03-27,Card,2166.74,Succeeded
PAY00008996,ORD00008996,2024-09-17,PayPal,1257.75,Succeeded
PAY00008997,ORD00008997,2024-05-03,Card,5024.28,Succeeded
PAY00008998,ORD00008998,2024-01-16,PayPal,733.97,Succeeded
PAY00008999,ORD00008999,2024-11-30,PayPal,3128.36,Succeeded
PAY00009000,ORD00009000,2025-12-01,ACH,4755.42,Succeeded
PAY00009001,ORD00009001,2025-05-21,Wire,129.03,Succeeded
PAY00009002,ORD00009002,2025-05-01,Card,6512.44,Succeeded
PAY00009003,ORD00009003,2024-02-20,ACH,278.67,Succeeded
PAY00009004,ORD00009004,2025-10-06,PayPal,3396.35,Succeeded
PAY00009005,ORD00009005,2024-10-21,Card,7511.42,Succeeded
PAY00009007,ORD00009007,2025-04-30,ACH,3635.69,Pending
PAY00009008,ORD00009008,2025-01-16,PayPal,3678.31,Succeeded
PAY00009009,ORD00009009,2025-01-28,ACH,311.74,Succeeded
PAY00009010,ORD00009010,2024-05-05,PayPal,286.51,Succeeded
PAY00009011,ORD00009011,2024-06-08,Wire,1558.67,Succeeded
PAY00009012,ORD00009012,2024-02-27,Wire,6810.46,Succeeded
PAY00009013,ORD00009013,2024-12-03,PayPal,7331.3,Succeeded
PAY00009014,ORD00009014,2024-11-22,PayPal,5073.68,Succeeded
PAY00009015,ORD00009015,2025-07-23,Card,1005.93,Succeeded
PAY00009016,ORD00009016,2024-06-02,ACH,2340.98,Succeeded
PAY00009017,ORD00009017,2025-10-17,PayPal,5027.41,Succeeded
PAY00009018,ORD00009018,2025-01-18,ACH,2958.45,Succeeded
PAY00009019,ORD00009019,2024-08-03,Card,3704.32,Succeeded
PAY00009020,ORD00009020,2024-02-27,ACH,4673.37,Succeeded
PAY00009021,ORD00009021,2024-07-11,Card,450.86,Succeeded
PAY00009022,ORD00009022,2024-02-09,Wire,5624.72,Succeeded
PAY00009023,ORD00009023,2025-04-07,Wire,5974.3,Succeeded
PAY00009024,ORD00009024,2024-11-05,PayPal,539.02,Succeeded
PAY00009025,ORD00009025,2025-01-21,ACH,4413.87,Succeeded
PAY00009026,ORD00009026,2025-04-28,Card,1780.96,Succeeded
PAY00009028,ORD00009028,2025-12-05,ACH,4207.71,Succeeded
PAY00009029,ORD00009029,2025-01-02,Wire,5593.7,Succeeded
PAY00009030,ORD00009030,2024-07-28,Wire,2294.05,Succeeded
PAY00009031,ORD00009031,2025-02-07,ACH,629.78,Succeeded
PAY00009032,ORD00009032,2025-07-21,ACH,4427.94,Succeeded
PAY00009033,ORD00009033,2025-01-15,Card,380.11,Succeeded
PAY00009035,ORD00009035,2024-03-08,ACH,3531.83,Succeeded
PAY00009036,ORD00009036,2024-06-03,Wire,2753.9,Succeeded
PAY00009037,ORD00009037,2024-01-21,PayPal,1940.77,Succeeded
PAY00009038,ORD00009038,2025-12-06,Card,7029.22,Pending
PAY00009039,ORD00009039,2024-12-09,Card,6470.04,Pending
PAY00009040,ORD00009040,2024-07-23,Wire,1248.7,Succeeded
PAY00009042,ORD00009042,2025-09-04,Card,2748.87,Succeeded
PAY00009043,ORD00009043,2025-08-27,Wire,5866.11,Succeeded
PAY00009044,ORD00009044,2024-09-24,Wire,7285.99,Succeeded
PAY00009045,ORD00009045,2024-02-17,PayPal,2116.11,Succeeded
PAY00009046,ORD00009046,2024-10-18,Wire,998.09,Succeeded
PAY00009047,ORD00009047,2024-05-25,Card,3375.05,Succeeded
PAY00009048,ORD00009048,2025-09-17,Card,3646.77,Succeeded
PAY00009049,ORD00009049,2025-09-18,ACH,3352.57,Succeeded
PAY00009050,ORD00009050,2025-05-10,PayPal,3092.47,Succeeded
PAY00009051,ORD00009051,2025-10-21,Card,3522.65,Succeeded
PAY00009052,ORD00009052,2024-11-24,Wire,3413.07,Succeeded
PAY00009053,ORD00009053,2024-08-05,ACH,1776.68,Succeeded
PAY00009055,ORD00009055,2024-01-30,Wire,2226.28,Succeeded
PAY00009056,ORD00009056,2025-09-26,Wire,793.06,Succeeded
PAY00009057,ORD00009057,2025-12-21,Wire,727.74,Succeeded
PAY00009058,ORD00009058,2024-07-17,Card,1090.7,Succeeded
PAY00009059,ORD00009059,2024-08-31,ACH,2501.84,Succeeded
PAY00009060,ORD00009060,2025-08-16,ACH,90.71,Succeeded
PAY00009061,ORD00009061,2025-04-12,PayPal,4677.08,Succeeded
PAY00009062,ORD00009062,2024-05-24,Wire,4240.77,Succeeded
PAY00009063,ORD00009063,2025-11-06,ACH,449.01,Succeeded
PAY00009064,ORD00009064,2024-05-29,Card,2158.45,Succeeded
PAY00009065,ORD00009065,2024-05-29,Wire,1491.36,Succeeded
PAY00009066,ORD00009066,2024-07-31,PayPal,1101.98,Succeeded
PAY00009067,ORD00009067,2025-01-03,ACH,288.59,Succeeded
PAY00009068,ORD00009068,2024-07-10,Wire,2311.71,Succeeded
PAY00009069,ORD00009069,2025-02-15,Wire,7312.25,Succeeded
PAY00009070,ORD00009070,2025-08-15,PayPal,3091.71,Succeeded
PAY00009071,ORD00009071,2024-09-26,Card,3757.29,Succeeded
PAY00009072,ORD00009072,2025-01-30,Card,6160.1,Succeeded
PAY00009073,ORD00009073,2024-05-22,ACH,2978.24,Succeeded
PAY00009074,ORD00009074,2024-06-09,Wire,3330.01,Succeeded
PAY00009075,ORD00009075,2024-09-04,ACH,8563.06,Succeeded
PAY00009076,ORD00009076,2024-07-08,Wire,5541.9,Succeeded
PAY00009077,ORD00009077,2025-06-18,PayPal,3278.31,Succeeded
PAY00009078,ORD00009078,2024-08-23,Wire,3508.46,Succeeded
PAY00009079,ORD00009079,2024-02-13,ACH,3573.23,Succeeded
PAY00009080,ORD00009080,2024-03-21,PayPal,4236.22,Succeeded
PAY00009081,ORD00009081,2024-08-05,Card,5230.56,Succeeded
PAY00009082,ORD00009082,2025-05-21,ACH,369.51,Succeeded
PAY00009083,ORD00009083,2025-01-21,Wire,5688.64,Succeeded
PAY00009084,ORD00009084,2024-09-24,PayPal,2013.13,Failed
PAY00009085,ORD00009085,2025-01-02,Wire,1492.0,Succeeded
PAY00009086,ORD00009086,2024-11-15,PayPal,5047.67,Succeeded
PAY00009087,ORD00009087,2025-11-12,PayPal,1024.51,Succeeded
PAY00009088,ORD00009088,2024-11-16,ACH,3009.55,Succeeded
PAY00009089,ORD00009089,2024-02-15,ACH,2134.98,Succeeded
PAY00009090,ORD00009090,2025-02-05,ACH,1755.82,Succeeded
PAY00009092,ORD00009092,2025-07-06,PayPal,4658.8,Succeeded
PAY00009093,ORD00009093,2026-01-31,Card,1474.74,Succeeded
PAY00009094,ORD00009094,2024-05-08,PayPal,1211.73,Succeeded
PAY00009095,ORD00009095,2025-08-16,Card,6417.91,Succeeded
PAY00009096,ORD00009096,2025-11-17,Card,4539.56,Succeeded
PAY00009097,ORD00009097,2024-02-20,Card,6264.62,Succeeded
PAY00009098,ORD00009098,2025-09-12,ACH,6522.91,Succeeded
PAY00009099,ORD00009099,2026-02-22,Card,1614.5,Succeeded
PAY00009101,ORD00009101,2025-09-01,ACH,2585.57,Succeeded
PAY00009103,ORD00009103,2025-05-14,Card,8586.58,Succeeded
PAY00009104,ORD00009104,2024-05-02,Card,1388.31,Succeeded
PAY00009105,ORD00009105,2024-11-02,Card,536.1,Succeeded
PAY00009106,ORD00009106,2025-04-09,PayPal,381.27,Succeeded
PAY00009107,ORD00009107,2024-06-30,PayPal,8230.24,Succeeded
PAY00009108,ORD00009108,2024-11-21,Card,2677.43,Succeeded
PAY00009109,ORD00009109,2024-01-04,Wire,1346.05,Succeeded
PAY00009110,ORD00009110,2025-09-22,Wire,3983.88,Succeeded
PAY00009111,ORD00009111,2024-12-06,Card,6560.67,Succeeded
PAY00009113,ORD00009113,2025-07-10,Wire,69.94,Succeeded
PAY00009114,ORD00009114,2026-02-18,PayPal,790.13,Succeeded
PAY00009115,ORD00009115,2024-02-03,Wire,67.76,Succeeded
PAY00009116,ORD00009116,2025-12-03,ACH,7473.01,Succeeded
PAY00009117,ORD00009117,2025-09-24,PayPal,405.58,Succeeded
PAY00009118,ORD00009118,2025-07-25,Card,2637.77,Succeeded
PAY00009119,ORD00009119,2024-04-05,ACH,6104.48,Succeeded
PAY00009120,ORD00009120,2026-01-02,Wire,2534.17,Succeeded
PAY00009121,ORD00009121,2024-06-26,PayPal,4824.84,Succeeded
PAY00009122,ORD00009122,2024-01-18,Card,1177.21,Succeeded
PAY00009123,ORD00009123,2024-04-29,PayPal,4282.04,Succeeded
PAY00009124,ORD00009124,2025-08-15,Card,780.5,Succeeded
PAY00009125,ORD00009125,2025-07-30,Wire,5222.43,Succeeded
PAY00009126,ORD00009126,2025-06-20,PayPal,2519.72,Succeeded
PAY00009127,ORD00009127,2026-01-13,Wire,656.07,Succeeded
PAY00009128,ORD00009128,2024-08-22,Card,1574.25,Succeeded
PAY00009129,ORD00009129,2024-01-15,PayPal,2585.54,Succeeded
PAY00009130,ORD00009130,2025-08-25,PayPal,2153.05,Succeeded
PAY00009131,ORD00009131,2024-12-30,Card,1133.29,Succeeded
PAY00009132,ORD00009132,2025-12-26,Card,2021.02,Succeeded
PAY00009133,ORD00009133,2024-06-22,PayPal,1750.92,Succeeded
PAY00009134,ORD00009134,2024-02-25,ACH,6066.03,Succeeded
PAY00009136,ORD00009136,2024-04-25,PayPal,692.62,Succeeded
PAY00009137,ORD00009137,2024-03-16,PayPal,6103.69,Succeeded
PAY00009138,ORD00009138,2024-10-09,Card,2604.17,Succeeded
PAY00009139,ORD00009139,2025-10-04,ACH,4332.82,Succeeded
PAY00009140,ORD00009140,2025-06-27,Wire,1687.0,Succeeded
PAY00009141,ORD00009141,2025-12-22,ACH,1636.72,Succeeded
PAY00009142,ORD00009142,2026-02-01,ACH,2505.59,Succeeded
PAY00009143,ORD00009143,2026-02-27,PayPal,3741.91,Succeeded
PAY00009146,ORD00009146,2025-10-31,ACH,146.33,Succeeded
PAY00009147,ORD00009147,2025-08-23,Card,4668.85,Succeeded
PAY00009148,ORD00009148,2024-01-19,Card,3562.09,Succeeded
PAY00009149,ORD00009149,2025-04-12,ACH,2637.2,Succeeded
PAY00009150,ORD00009150,2024-02-14,Wire,2205.48,Succeeded
PAY00009151,ORD00009151,2025-12-08,ACH,6196.05,Succeeded
PAY00009152,ORD00009152,2025-04-05,Wire,3852.5,Succeeded
PAY00009154,ORD00009154,2024-05-13,PayPal,5739.63,Succeeded
PAY00009155,ORD00009155,2024-06-26,ACH,2343.92,Succeeded
PAY00009156,ORD00009156,2025-07-06,ACH,5350.99,Succeeded
PAY00009157,ORD00009157,2025-10-12,Card,3915.21,Succeeded
PAY00009158,ORD00009158,2024-12-21,Card,3114.39,Succeeded
PAY00009159,ORD00009159,2025-03-23,Wire,2324.27,Succeeded
PAY00009160,ORD00009160,2024-12-22,PayPal,1370.53,Succeeded
PAY00009161,ORD00009161,2024-07-14,PayPal,10894.39,Succeeded
PAY00009162,ORD00009162,2024-09-17,ACH,7631.95,Succeeded
PAY00009163,ORD00009163,2025-06-03,ACH,2723.93,Succeeded
PAY00009164,ORD00009164,2024-08-07,Card,8219.52,Succeeded
PAY00009165,ORD00009165,2025-11-14,ACH,4209.96,Pending
PAY00009167,ORD00009167,2024-06-03,Card,3955.79,Succeeded
PAY00009168,ORD00009168,2025-12-30,Wire,4482.64,Succeeded
PAY00009169,ORD00009169,2025-04-19,PayPal,2620.15,Succeeded
PAY00009170,ORD00009170,2025-12-22,Wire,1697.62,Succeeded
PAY00009171,ORD00009171,2024-05-29,PayPal,3270.01,Succeeded
PAY00009172,ORD00009172,2025-01-04,ACH,4288.97,Succeeded
PAY00009173,ORD00009173,2024-04-16,ACH,420.01,Succeeded
PAY00009174,ORD00009174,2025-07-29,Card,4062.06,Succeeded
PAY00009175,ORD00009175,2025-04-25,ACH,1093.47,Succeeded
PAY00009176,ORD00009176,2024-05-02,Card,4587.41,Succeeded
PAY00009177,ORD00009177,2025-05-29,Wire,8228.26,Succeeded
PAY00009179,ORD00009179,2025-07-19,PayPal,2599.6,Pending
PAY00009180,ORD00009180,2025-01-18,Wire,1795.69,Succeeded
PAY00009181,ORD00009181,2026-01-24,Wire,1648.52,Succeeded
PAY00009182,ORD00009182,2024-03-20,Wire,3482.75,Succeeded
PAY00009183,ORD00009183,2024-02-29,PayPal,3513.22,Succeeded
PAY00009184,ORD00009184,2026-02-07,Card,1223.3,Succeeded
PAY00009185,ORD00009185,2024-06-01,PayPal,4157.2,Succeeded
PAY00009186,ORD00009186,2025-09-29,ACH,613.7,Succeeded
PAY00009187,ORD00009187,2024-12-20,PayPal,3996.6,Succeeded
PAY00009188,ORD00009188,2025-09-05,ACH,1760.17,Succeeded
PAY00009189,ORD00009189,2026-01-03,ACH,2856.87,Succeeded
PAY00009190,ORD00009190,2024-12-21,PayPal,3978.45,Succeeded
PAY00009191,ORD00009191,2024-02-11,Card,1468.73,Succeeded
PAY00009192,ORD00009192,2024-09-03,PayPal,1222.56,Succeeded
PAY00009193,ORD00009193,2024-11-26,PayPal,5817.72,Succeeded
PAY00009194,ORD00009194,2024-10-24,ACH,5019.8,Succeeded
PAY00009195,ORD00009195,2026-01-21,ACH,1113.1,Succeeded
PAY00009196,ORD00009196,2025-11-20,PayPal,2572.15,Succeeded
PAY00009197,ORD00009197,2024-11-04,Card,3002.92,Succeeded
PAY00009198,ORD00009198,2024-11-11,PayPal,2846.39,Succeeded
PAY00009199,ORD00009199,2025-11-07,PayPal,2799.35,Succeeded
PAY00009200,ORD00009200,2025-11-17,Wire,8511.59,Succeeded
PAY00009201,ORD00009201,2024-04-10,PayPal,5457.21,Succeeded
PAY00009202,ORD00009202,2024-10-21,ACH,1893.57,Succeeded
PAY00009203,ORD00009203,2024-08-18,Card,190.3,Succeeded
PAY00009204,ORD00009204,2025-09-07,Wire,2500.61,Succeeded
PAY00009205,ORD00009205,2025-11-07,Wire,4414.79,Succeeded
PAY00009206,ORD00009206,2026-02-10,Card,4282.12,Succeeded
PAY00009207,ORD00009207,2024-10-04,ACH,228.26,Succeeded
PAY00009208,ORD00009208,2025-05-23,Wire,3690.0,Succeeded
PAY00009209,ORD00009209,2024-08-10,Wire,3712.73,Succeeded
PAY00009210,ORD00009210,2026-02-17,PayPal,5123.59,Succeeded
PAY00009211,ORD00009211,2024-11-25,PayPal,1306.13,Succeeded
PAY00009212,ORD00009212,2025-07-14,ACH,13019.62,Failed
PAY00009213,ORD00009213,2024-10-17,ACH,6231.69,Succeeded
PAY00009214,ORD00009214,2024-11-10,ACH,2100.06,Succeeded
PAY00009216,ORD00009216,2025-02-25,PayPal,4747.29,Succeeded
PAY00009217,ORD00009217,2024-06-01,Card,5935.11,Succeeded
PAY00009218,ORD00009218,2024-09-04,Card,1593.65,Succeeded
PAY00009219,ORD00009219,2024-04-02,ACH,822.68,Succeeded
PAY00009220,ORD00009220,2026-01-15,ACH,408.39,Succeeded
PAY00009221,ORD00009221,2024-01-23,Card,6502.38,Succeeded
PAY00009222,ORD00009222,2024-05-11,Card,5276.64,Succeeded
PAY00009223,ORD00009223,2024-04-19,Card,891.14,Succeeded
PAY00009224,ORD00009224,2024-03-08,ACH,2447.71,Succeeded
PAY00009226,ORD00009226,2025-03-23,ACH,214.15,Succeeded
PAY00009227,ORD00009227,2025-08-22,PayPal,6590.31,Succeeded
PAY00009228,ORD00009228,2024-03-26,Wire,6705.24,Succeeded
PAY00009229,ORD00009229,2025-08-23,ACH,3053.62,Succeeded
PAY00009230,ORD00009230,2026-01-05,PayPal,3054.36,Succeeded
PAY00009231,ORD00009231,2024-07-25,PayPal,5324.43,Succeeded
PAY00009232,ORD00009232,2026-03-01,Wire,973.38,Succeeded
PAY00009233,ORD00009233,2024-05-16,PayPal,1161.76,Succeeded
PAY00009234,ORD00009234,2024-11-21,Wire,670.11,Succeeded
PAY00009235,ORD00009235,2025-02-18,Card,917.04,Succeeded
PAY00009236,ORD00009236,2026-02-02,Wire,850.1,Succeeded
PAY00009237,ORD00009237,2026-01-15,PayPal,219.87,Succeeded
PAY00009238,ORD00009238,2024-04-30,Card,3524.7,Succeeded
PAY00009239,ORD00009239,2024-03-01,ACH,2512.58,Succeeded
PAY00009240,ORD00009240,2026-02-16,Wire,3776.9,Succeeded
PAY00009241,ORD00009241,2025-06-09,ACH,6936.87,Succeeded
PAY00009243,ORD00009243,2025-04-12,ACH,1441.5,Succeeded
PAY00009244,ORD00009244,2024-07-26,Card,552.53,Succeeded
PAY00009245,ORD00009245,2025-02-18,PayPal,3968.8,Succeeded
PAY00009246,ORD00009246,2026-02-13,Wire,4113.1,Succeeded
PAY00009247,ORD00009247,2024-04-07,PayPal,1201.38,Succeeded
PAY00009248,ORD00009248,2026-01-30,ACH,730.29,Succeeded
PAY00009249,ORD00009249,2025-05-03,ACH,4470.23,Succeeded
PAY00009250,ORD00009250,2025-02-10,Card,616.15,Succeeded
PAY00009251,ORD00009251,2025-07-03,ACH,1870.94,Failed
PAY00009252,ORD00009252,2024-08-02,Card,5000.41,Succeeded
PAY00009253,ORD00009253,2024-08-18,PayPal,3486.37,Succeeded
PAY00009254,ORD00009254,2025-01-18,Wire,1307.07,Succeeded
PAY00009255,ORD00009255,2025-02-19,Card,2921.89,Succeeded
PAY00009256,ORD00009256,2025-04-17,Wire,2659.51,Pending
PAY00009257,ORD00009257,2025-10-14,ACH,2923.64,Failed
PAY00009258,ORD00009258,2024-09-23,Wire,3585.3,Succeeded
PAY00009260,ORD00009260,2024-07-03,Wire,4505.89,Succeeded
PAY00009261,ORD00009261,2024-11-26,Card,1892.75,Succeeded
PAY00009262,ORD00009262,2024-08-12,Wire,4351.46,Succeeded
PAY00009263,ORD00009263,2025-11-17,PayPal,636.72,Succeeded
PAY00009264,ORD00009264,2025-08-07,ACH,8089.82,Succeeded
PAY00009265,ORD00009265,2025-09-21,PayPal,7339.16,Succeeded
PAY00009267,ORD00009267,2025-08-11,Wire,1162.06,Succeeded
PAY00009268,ORD00009268,2025-08-08,ACH,11320.71,Succeeded
PAY00009269,ORD00009269,2025-03-06,ACH,429.65,Pending
PAY00009271,ORD00009271,2026-01-28,PayPal,323.95,Succeeded
PAY00009272,ORD00009272,2025-01-14,Wire,1252.42,Failed
PAY00009273,ORD00009273,2024-09-19,ACH,8222.55,Succeeded
PAY00009274,ORD00009274,2025-05-05,PayPal,4186.4,Succeeded
PAY00009275,ORD00009275,2024-09-26,PayPal,938.56,Succeeded
PAY00009276,ORD00009276,2024-08-30,PayPal,500.94,Succeeded
PAY00009278,ORD00009278,2024-08-06,Card,1199.42,Succeeded
PAY00009279,ORD00009279,2025-04-13,Card,7742.6,Succeeded
PAY00009280,ORD00009280,2024-07-08,Card,2259.63,Succeeded
PAY00009281,ORD00009281,2025-09-11,Card,445.72,Succeeded
PAY00009282,ORD00009282,2024-04-15,PayPal,3948.05,Succeeded
PAY00009283,ORD00009283,2025-11-08,Card,4699.06,Succeeded
PAY00009284,ORD00009284,2024-01-21,ACH,433.05,Succeeded
PAY00009285,ORD00009285,2024-06-12,Card,6788.95,Succeeded
PAY00009287,ORD00009287,2024-01-18,PayPal,5371.21,Succeeded
PAY00009288,ORD00009288,2024-05-26,Card,5233.12,Succeeded
PAY00009289,ORD00009289,2025-07-31,Wire,6688.12,Succeeded
PAY00009290,ORD00009290,2025-09-10,Card,527.69,Pending
PAY00009291,ORD00009291,2026-02-17,Wire,1547.11,Succeeded
PAY00009292,ORD00009292,2026-01-27,ACH,1319.29,Succeeded
PAY00009293,ORD00009293,2025-02-13,Card,4139.07,Failed
PAY00009294,ORD00009294,2025-06-02,Wire,7838.87,Succeeded
PAY00009295,ORD00009295,2024-10-01,Card,5225.82,Succeeded
PAY00009296,ORD00009296,2025-01-01,Wire,1279.58,Succeeded
PAY00009298,ORD00009298,2025-07-05,ACH,1946.41,Pending
PAY00009299,ORD00009299,2024-03-26,ACH,4771.38,Succeeded
PAY00009300,ORD00009300,2024-04-09,ACH,3272.49,Succeeded
PAY00009301,ORD00009301,2024-12-22,PayPal,1835.73,Succeeded
PAY00009302,ORD00009302,2024-04-17,ACH,954.04,Succeeded
PAY00009303,ORD00009303,2024-06-17,Card,5941.67,Succeeded
PAY00009304,ORD00009304,2025-01-13,Card,4486.13,Succeeded
PAY00009305,ORD00009305,2025-10-26,Card,2792.29,Succeeded
PAY00009306,ORD00009306,2024-05-08,ACH,4757.52,Succeeded
PAY00009307,ORD00009307,2025-01-17,PayPal,3878.93,Succeeded
PAY00009308,ORD00009308,2024-11-08,ACH,2567.32,Succeeded
PAY00009309,ORD00009309,2026-01-19,Wire,1151.61,Succeeded
PAY00009310,ORD00009310,2024-08-10,Wire,4745.67,Succeeded
PAY00009311,ORD00009311,2025-08-05,ACH,1311.82,Succeeded
PAY00009313,ORD00009313,2024-01-04,Card,6315.43,Succeeded
PAY00009314,ORD00009314,2025-09-09,ACH,3634.9,Succeeded
PAY00009315,ORD00009315,2026-01-20,Card,1460.24,Succeeded
PAY00009316,ORD00009316,2026-02-17,Wire,5650.36,Succeeded
PAY00009317,ORD00009317,2025-07-25,ACH,6620.01,Succeeded
PAY00009318,ORD00009318,2024-10-15,Card,3095.0,Succeeded
PAY00009319,ORD00009319,2024-01-13,PayPal,3654.98,Succeeded
PAY00009320,ORD00009320,2025-09-18,ACH,1745.58,Succeeded
PAY00009321,ORD00009321,2025-12-07,Wire,5352.04,Succeeded
PAY00009322,ORD00009322,2024-05-14,PayPal,5946.33,Succeeded
PAY00009323,ORD00009323,2024-05-24,Card,748.52,Succeeded
PAY00009324,ORD00009324,2025-02-05,ACH,4659.34,Succeeded
PAY00009325,ORD00009325,2025-11-08,Wire,4292.66,Succeeded
PAY00009326,ORD00009326,2026-02-11,ACH,943.4,Succeeded
PAY00009327,ORD00009327,2024-02-23,Card,4992.47,Succeeded
PAY00009328,ORD00009328,2025-03-28,Card,1702.99,Succeeded
PAY00009329,ORD00009329,2025-12-23,Wire,708.99,Succeeded
PAY00009331,ORD00009331,2024-07-18,PayPal,5888.3,Succeeded
PAY00009332,ORD00009332,2025-06-13,ACH,1342.95,Succeeded
PAY00009333,ORD00009333,2024-01-18,ACH,2022.45,Succeeded
PAY00009334,ORD00009334,2024-06-14,Wire,1117.69,Succeeded
PAY00009335,ORD00009335,2024-04-19,Card,2511.51,Succeeded
PAY00009336,ORD00009336,2025-08-05,Wire,5869.86,Pending
PAY00009337,ORD00009337,2025-11-23,ACH,6387.58,Succeeded
PAY00009338,ORD00009338,2024-03-15,PayPal,4489.65,Succeeded
PAY00009340,ORD00009340,2024-02-04,ACH,160.36,Succeeded
PAY00009341,ORD00009341,2026-02-12,PayPal,5885.37,Succeeded
PAY00009342,ORD00009342,2024-11-12,PayPal,2627.64,Succeeded
PAY00009343,ORD00009343,2025-06-04,ACH,4533.62,Succeeded
PAY00009344,ORD00009344,2024-02-08,ACH,1509.75,Succeeded
PAY00009345,ORD00009345,2024-01-06,Wire,1105.86,Succeeded
PAY00009346,ORD00009346,2025-10-15,PayPal,1113.39,Succeeded
PAY00009347,ORD00009347,2024-03-22,ACH,930.57,Succeeded
PAY00009348,ORD00009348,2025-02-17,PayPal,1940.24,Pending
PAY00009349,ORD00009349,2024-09-21,PayPal,5773.92,Succeeded
PAY00009350,ORD00009350,2025-03-30,Card,1458.71,Succeeded
PAY00009351,ORD00009351,2024-08-23,ACH,4866.79,Succeeded
PAY00009352,ORD00009352,2025-08-15,ACH,3747.16,Succeeded
PAY00009353,ORD00009353,2026-02-27,PayPal,2957.49,Succeeded
PAY00009354,ORD00009354,2024-06-25,Card,4678.6,Succeeded
PAY00009356,ORD00009356,2024-07-13,ACH,9019.65,Succeeded
PAY00009357,ORD00009357,2024-11-01,ACH,207.57,Succeeded
PAY00009358,ORD00009358,2024-10-11,ACH,4355.79,Succeeded
PAY00009359,ORD00009359,2024-10-06,Card,3914.4,Succeeded
PAY00009360,ORD00009360,2024-12-28,PayPal,3574.55,Succeeded
PAY00009361,ORD00009361,2025-04-23,Wire,889.71,Pending
PAY00009362,ORD00009362,2024-07-21,ACH,2243.24,Succeeded
PAY00009363,ORD00009363,2025-03-04,Card,1739.16,Succeeded
PAY00009364,ORD00009364,2025-04-19,ACH,4772.27,Pending
PAY00009365,ORD00009365,2025-01-25,PayPal,138.1,Succeeded
PAY00009366,ORD00009366,2024-08-08,PayPal,1691.32,Succeeded
PAY00009367,ORD00009367,2026-02-13,Card,710.36,Succeeded
PAY00009368,ORD00009368,2025-10-04,ACH,137.45,Succeeded
PAY00009369,ORD00009369,2024-08-18,ACH,5430.04,Succeeded
PAY00009370,ORD00009370,2025-11-01,Wire,2773.97,Succeeded
PAY00009371,ORD00009371,2025-02-06,PayPal,4409.1,Succeeded
PAY00009372,ORD00009372,2024-07-14,PayPal,3066.95,Succeeded
PAY00009373,ORD00009373,2024-11-04,Wire,10063.89,Succeeded
PAY00009374,ORD00009374,2025-08-09,ACH,1334.37,Succeeded
PAY00009375,ORD00009375,2025-02-01,ACH,5788.13,Succeeded
PAY00009376,ORD00009376,2025-01-22,Card,7154.46,Succeeded
PAY00009377,ORD00009377,2024-09-23,ACH,4107.98,Succeeded
PAY00009378,ORD00009378,2025-02-22,ACH,5617.5,Succeeded
PAY00009380,ORD00009380,2024-01-06,Wire,329.75,Pending
PAY00009381,ORD00009381,2024-12-22,PayPal,721.17,Succeeded
PAY00009382,ORD00009382,2025-03-21,ACH,3778.59,Succeeded
PAY00009384,ORD00009384,2024-03-27,Card,841.62,Succeeded
PAY00009385,ORD00009385,2025-11-17,Wire,1914.72,Succeeded
PAY00009386,ORD00009386,2025-02-27,ACH,945.61,Succeeded
PAY00009387,ORD00009387,2025-07-20,PayPal,6252.21,Succeeded
PAY00009388,ORD00009388,2024-03-22,PayPal,6151.84,Succeeded
PAY00009389,ORD00009389,2025-04-05,Card,402.69,Succeeded
PAY00009390,ORD00009390,2024-11-30,Wire,9132.08,Succeeded
PAY00009391,ORD00009391,2025-01-30,Card,2744.03,Succeeded
PAY00009392,ORD00009392,2024-07-02,Card,4413.68,Failed
PAY00009393,ORD00009393,2025-12-26,Card,3416.71,Succeeded
PAY00009394,ORD00009394,2024-08-02,Card,6743.93,Succeeded
PAY00009395,ORD00009395,2025-08-10,ACH,1541.79,Succeeded
PAY00009396,ORD00009396,2025-03-25,PayPal,4078.59,Succeeded
PAY00009397,ORD00009397,2024-01-02,PayPal,5015.56,Succeeded
PAY00009399,ORD00009399,2024-06-10,ACH,1381.0,Succeeded
PAY00009400,ORD00009400,2025-05-31,PayPal,5200.77,Succeeded
PAY00009402,ORD00009402,2025-11-16,Card,1690.23,Succeeded
PAY00009403,ORD00009403,2024-06-30,ACH,4865.12,Pending
PAY00009404,ORD00009404,2025-12-18,ACH,7475.26,Succeeded
PAY00009407,ORD00009407,2024-05-17,Card,2002.32,Succeeded
PAY00009408,ORD00009408,2025-08-16,Card,4384.92,Succeeded
PAY00009409,ORD00009409,2026-02-14,ACH,3399.18,Succeeded
PAY00009410,ORD00009410,2025-06-24,PayPal,8786.73,Succeeded
PAY00009411,ORD00009411,2024-08-30,Card,4985.16,Succeeded
PAY00009412,ORD00009412,2024-05-01,Card,362.44,Succeeded
PAY00009413,ORD00009413,2024-04-17,Wire,5879.63,Succeeded
PAY00009414,ORD00009414,2025-01-15,ACH,4300.99,Succeeded
PAY00009415,ORD00009415,2025-11-28,Wire,3362.68,Succeeded
PAY00009417,ORD00009417,2024-07-25,ACH,4264.53,Pending
PAY00009418,ORD00009418,2024-12-30,Card,5096.31,Succeeded
PAY00009419,ORD00009419,2025-04-28,PayPal,3309.78,Succeeded
PAY00009421,ORD00009421,2025-10-03,Card,4520.54,Succeeded
PAY00009422,ORD00009422,2025-05-28,Card,4280.79,Succeeded
PAY00009423,ORD00009423,2025-04-15,ACH,3424.63,Succeeded
PAY00009424,ORD00009424,2026-02-27,Wire,2424.09,Succeeded
PAY00009425,ORD00009425,2025-08-13,Wire,6132.41,Succeeded
PAY00009426,ORD00009426,2025-07-17,ACH,5894.17,Succeeded
PAY00009427,ORD00009427,2025-05-13,PayPal,5501.37,Succeeded
PAY00009428,ORD00009428,2026-01-06,Card,4279.5,Succeeded
PAY00009429,ORD00009429,2025-11-08,Card,3070.37,Succeeded
PAY00009430,ORD00009430,2025-02-14,ACH,1792.92,Succeeded
PAY00009431,ORD00009431,2025-03-05,PayPal,1153.68,Succeeded
PAY00009432,ORD00009432,2024-09-30,PayPal,2038.87,Succeeded
PAY00009433,ORD00009433,2024-07-16,Card,7875.78,Failed
PAY00009434,ORD00009434,2024-06-05,PayPal,789.19,Succeeded
PAY00009435,ORD00009435,2024-01-06,Wire,10463.12,Succeeded
PAY00009436,ORD00009436,2024-09-30,ACH,2460.61,Succeeded
PAY00009437,ORD00009437,2025-10-03,Wire,731.75,Succeeded
PAY00009438,ORD00009438,2024-07-15,PayPal,4204.89,Succeeded
PAY00009439,ORD00009439,2024-02-26,Wire,358.61,Succeeded
PAY00009440,ORD00009440,2024-03-17,PayPal,3820.42,Succeeded
PAY00009441,ORD00009441,2024-02-18,Card,3927.08,Succeeded
PAY00009442,ORD00009442,2025-08-02,Card,7545.33,Succeeded
PAY00009443,ORD00009443,2025-01-21,Wire,4722.85,Succeeded
PAY00009444,ORD00009444,2025-09-20,PayPal,35.97,Succeeded
PAY00009445,ORD00009445,2024-09-24,PayPal,829.18,Succeeded
PAY00009446,ORD00009446,2024-04-18,ACH,3431.99,Succeeded
PAY00009447,ORD00009447,2024-06-21,Card,248.19,Succeeded
PAY00009448,ORD00009448,2024-10-04,Wire,8802.37,Succeeded
PAY00009449,ORD00009449,2024-05-03,Wire,515.81,Succeeded
PAY00009450,ORD00009450,2025-04-13,PayPal,3614.47,Succeeded
PAY00009453,ORD00009453,2025-11-13,Card,2213.0,Succeeded
PAY00009454,ORD00009454,2024-09-24,PayPal,6308.05,Succeeded
PAY00009455,ORD00009455,2025-02-25,Card,1253.99,Succeeded
PAY00009456,ORD00009456,2025-01-09,PayPal,1352.24,Succeeded
PAY00009457,ORD00009457,2024-08-31,PayPal,3205.53,Succeeded
PAY00009459,ORD00009459,2024-09-06,PayPal,1738.76,Succeeded
PAY00009460,ORD00009460,2025-04-18,Wire,1787.78,Succeeded
PAY00009461,ORD00009461,2024-01-15,Wire,377.82,Succeeded
PAY00009462,ORD00009462,2025-05-27,Wire,1959.62,Succeeded
PAY00009463,ORD00009463,2025-12-26,PayPal,4757.29,Succeeded
PAY00009464,ORD00009464,2024-04-21,ACH,310.57,Succeeded
PAY00009466,ORD00009466,2024-03-18,Card,1753.47,Succeeded
PAY00009467,ORD00009467,2024-07-29,Card,868.84,Succeeded
PAY00009468,ORD00009468,2024-08-05,Card,6146.56,Succeeded
PAY00009469,ORD00009469,2024-05-15,ACH,5016.96,Succeeded
PAY00009470,ORD00009470,2024-08-23,Wire,6300.9,Succeeded
PAY00009471,ORD00009471,2025-04-07,PayPal,1892.3,Succeeded
PAY00009472,ORD00009472,2024-03-21,PayPal,2083.79,Succeeded
PAY00009473,ORD00009473,2024-01-16,Card,3277.23,Succeeded
PAY00009477,ORD00009477,2025-01-04,PayPal,574.04,Succeeded
PAY00009478,ORD00009478,2025-09-20,Card,3413.36,Succeeded
PAY00009479,ORD00009479,2024-02-11,Card,5836.51,Succeeded
PAY00009480,ORD00009480,2024-03-21,Wire,9094.93,Succeeded
PAY00009481,ORD00009481,2024-07-21,Wire,6779.43,Succeeded
PAY00009482,ORD00009482,2024-01-04,Wire,2070.21,Succeeded
PAY00009483,ORD00009483,2024-03-10,Card,2903.71,Succeeded
PAY00009484,ORD00009484,2024-03-11,ACH,3548.48,Succeeded
PAY00009485,ORD00009485,2025-04-01,ACH,2557.02,Succeeded
PAY00009486,ORD00009486,2024-03-28,ACH,1084.21,Succeeded
PAY00009487,ORD00009487,2026-02-04,ACH,989.5,Succeeded
PAY00009488,ORD00009488,2025-09-03,Wire,509.99,Succeeded
PAY00009489,ORD00009489,2024-10-19,Wire,2140.82,Succeeded
PAY00009490,ORD00009490,2025-08-04,Card,3534.63,Succeeded
PAY00009491,ORD00009491,2025-05-24,Wire,5713.32,Failed
PAY00009492,ORD00009492,2024-09-20,ACH,4739.67,Failed
PAY00009493,ORD00009493,2024-12-08,PayPal,3734.16,Succeeded
PAY00009494,ORD00009494,2024-02-21,Wire,3513.03,Succeeded
PAY00009495,ORD00009495,2024-06-06,Card,5429.53,Succeeded
PAY00009496,ORD00009496,2024-01-31,PayPal,5555.92,Succeeded
PAY00009497,ORD00009497,2025-03-18,Wire,6037.2,Succeeded
PAY00009498,ORD00009498,2026-01-08,PayPal,7011.07,Succeeded
PAY00009499,ORD00009499,2026-01-18,PayPal,543.16,Succeeded
PAY00009500,ORD00009500,2026-02-01,PayPal,653.41,Succeeded
PAY00009501,ORD00009501,2025-05-04,Wire,91.46,Succeeded
PAY00009503,ORD00009503,2025-03-06,ACH,3450.17,Succeeded
PAY00009504,ORD00009504,2025-01-22,Card,5707.47,Succeeded
PAY00009505,ORD00009505,2025-06-10,PayPal,1927.55,Succeeded
PAY00009506,ORD00009506,2025-03-03,PayPal,1902.69,Succeeded
PAY00009507,ORD00009507,2024-04-17,Wire,1693.14,Succeeded
PAY00009508,ORD00009508,2026-01-03,ACH,4729.53,Succeeded
PAY00009509,ORD00009509,2024-02-17,Card,5522.01,Succeeded
PAY00009510,ORD00009510,2025-03-25,ACH,3909.31,Succeeded
PAY00009511,ORD00009511,2025-11-01,Card,1843.49,Failed
PAY00009512,ORD00009512,2025-04-12,Wire,3393.5,Succeeded
PAY00009513,ORD00009513,2024-08-10,PayPal,3925.85,Succeeded
PAY00009514,ORD00009514,2024-01-03,PayPal,2113.33,Succeeded
PAY00009516,ORD00009516,2025-09-28,Card,8030.06,Succeeded
PAY00009517,ORD00009517,2024-11-03,PayPal,4384.98,Succeeded
PAY00009518,ORD00009518,2024-07-09,ACH,1301.74,Succeeded
PAY00009519,ORD00009519,2025-12-07,Wire,3074.67,Succeeded
PAY00009520,ORD00009520,2025-12-26,ACH,5198.01,Succeeded
PAY00009521,ORD00009521,2025-10-29,PayPal,1786.47,Pending
PAY00009522,ORD00009522,2025-07-27,ACH,3194.68,Succeeded
PAY00009525,ORD00009525,2025-02-14,Card,6671.81,Succeeded
PAY00009526,ORD00009526,2024-07-11,Wire,1570.02,Pending
PAY00009527,ORD00009527,2026-01-06,ACH,3668.84,Succeeded
PAY00009528,ORD00009528,2024-07-29,ACH,2601.27,Succeeded
PAY00009529,ORD00009529,2024-08-16,Wire,5511.26,Succeeded
PAY00009530,ORD00009530,2024-02-29,Card,4951.16,Succeeded
PAY00009531,ORD00009531,2025-10-05,Card,3951.85,Succeeded
PAY00009532,ORD00009532,2025-03-04,Wire,7552.03,Pending
PAY00009533,ORD00009533,2024-11-12,Wire,4412.09,Succeeded
PAY00009534,ORD00009534,2025-11-08,ACH,617.05,Succeeded
PAY00009535,ORD00009535,2025-06-25,ACH,2886.24,Succeeded
PAY00009536,ORD00009536,2024-03-14,Wire,142.34,Succeeded
PAY00009537,ORD00009537,2024-01-10,PayPal,5159.89,Succeeded
PAY00009538,ORD00009538,2024-04-20,Card,6070.07,Succeeded
PAY00009539,ORD00009539,2024-06-14,PayPal,573.26,Succeeded
PAY00009540,ORD00009540,2025-05-25,ACH,1815.95,Succeeded
PAY00009542,ORD00009542,2025-11-25,PayPal,5858.26,Succeeded
PAY00009543,ORD00009543,2025-10-16,PayPal,1274.62,Succeeded
PAY00009544,ORD00009544,2025-07-06,ACH,6869.83,Succeeded
PAY00009546,ORD00009546,2025-06-18,Wire,233.97,Succeeded
PAY00009547,ORD00009547,2025-08-31,PayPal,1686.38,Succeeded
PAY00009548,ORD00009548,2024-03-14,PayPal,5552.31,Succeeded
PAY00009549,ORD00009549,2025-01-05,Card,3489.19,Succeeded
PAY00009550,ORD00009550,2024-05-24,ACH,1887.8,Pending
PAY00009551,ORD00009551,2024-02-16,ACH,4982.15,Succeeded
PAY00009552,ORD00009552,2024-09-23,Wire,166.38,Succeeded
PAY00009553,ORD00009553,2024-09-27,ACH,4272.98,Succeeded
PAY00009554,ORD00009554,2025-04-14,PayPal,5469.23,Succeeded
PAY00009556,ORD00009556,2025-06-18,ACH,647.56,Succeeded
PAY00009559,ORD00009559,2025-12-10,PayPal,6758.21,Succeeded
PAY00009560,ORD00009560,2025-10-21,Card,1916.9,Succeeded
PAY00009561,ORD00009561,2024-03-27,Card,306.41,Succeeded
PAY00009562,ORD00009562,2024-06-09,Wire,73.38,Succeeded
PAY00009563,ORD00009563,2025-07-27,Wire,1726.94,Succeeded
PAY00009564,ORD00009564,2025-06-07,ACH,2934.59,Succeeded
PAY00009565,ORD00009565,2024-02-04,ACH,2035.33,Failed
PAY00009566,ORD00009566,2025-10-31,ACH,1473.08,Succeeded
PAY00009567,ORD00009567,2024-09-20,Card,2239.68,Succeeded
PAY00009569,ORD00009569,2024-08-01,Wire,2218.17,Succeeded
PAY00009570,ORD00009570,2025-02-13,Wire,322.14,Succeeded
PAY00009571,ORD00009571,2024-07-11,ACH,6304.39,Succeeded
PAY00009572,ORD00009572,2024-06-12,Wire,2946.44,Succeeded
PAY00009573,ORD00009573,2025-07-29,ACH,4190.66,Succeeded
PAY00009574,ORD00009574,2025-04-12,Card,4604.96,Succeeded
PAY00009575,ORD00009575,2026-01-19,PayPal,3709.32,Succeeded
PAY00009576,ORD00009576,2026-01-26,PayPal,3825.83,Succeeded
PAY00009577,ORD00009577,2025-03-04,PayPal,972.95,Succeeded
PAY00009578,ORD00009578,2024-10-27,Card,1792.35,Succeeded
PAY00009579,ORD00009579,2024-11-17,Card,1446.13,Succeeded
PAY00009580,ORD00009580,2025-09-10,PayPal,3306.11,Succeeded
PAY00009581,ORD00009581,2025-12-28,Wire,1491.59,Succeeded
PAY00009582,ORD00009582,2025-11-08,Wire,5551.37,Succeeded
PAY00009583,ORD00009583,2026-01-09,Wire,6716.32,Succeeded
PAY00009584,ORD00009584,2025-02-25,Wire,1233.89,Succeeded
PAY00009587,ORD00009587,2025-07-22,Card,892.83,Succeeded
PAY00009588,ORD00009588,2025-12-19,PayPal,2342.44,Succeeded
PAY00009589,ORD00009589,2024-06-28,Card,6140.1,Succeeded
PAY00009590,ORD00009590,2025-08-02,Card,1377.83,Succeeded
PAY00009591,ORD00009591,2025-01-28,PayPal,524.85,Succeeded
PAY00009592,ORD00009592,2024-09-27,ACH,7604.92,Succeeded
PAY00009593,ORD00009593,2025-04-17,ACH,3865.81,Succeeded
PAY00009594,ORD00009594,2024-09-22,Card,2168.96,Succeeded
PAY00009595,ORD00009595,2025-10-15,ACH,9652.46,Succeeded
PAY00009596,ORD00009596,2025-10-09,Wire,3788.17,Succeeded
PAY00009597,ORD00009597,2024-02-15,Card,825.59,Failed
PAY00009598,ORD00009598,2024-07-30,Wire,4540.66,Succeeded
PAY00009599,ORD00009599,2024-02-23,Wire,1477.43,Succeeded
PAY00009600,ORD00009600,2025-12-24,PayPal,4171.97,Succeeded
PAY00009601,ORD00009601,2024-02-02,Wire,2523.14,Succeeded
PAY00009602,ORD00009602,2025-07-14,PayPal,5360.04,Succeeded
PAY00009603,ORD00009603,2024-11-11,PayPal,1172.93,Succeeded
PAY00009604,ORD00009604,2025-05-18,PayPal,3878.6,Succeeded
PAY00009605,ORD00009605,2025-05-09,Card,3565.15,Succeeded
PAY00009606,ORD00009606,2025-08-19,Wire,1289.54,Succeeded
PAY00009607,ORD00009607,2025-06-01,PayPal,3219.66,Pending
PAY00009608,ORD00009608,2024-06-21,Card,2554.79,Succeeded
PAY00009609,ORD00009609,2025-09-12,PayPal,1543.81,Succeeded
PAY00009610,ORD00009610,2025-03-26,ACH,1333.82,Succeeded
PAY00009611,ORD00009611,2024-07-20,PayPal,4155.82,Succeeded
PAY00009612,ORD00009612,2025-08-06,ACH,1732.88,Succeeded
PAY00009613,ORD00009613,2025-08-27,PayPal,2119.22,Succeeded
PAY00009614,ORD00009614,2025-01-03,ACH,5720.67,Succeeded
PAY00009615,ORD00009615,2025-07-17,PayPal,2192.72,Succeeded
PAY00009616,ORD00009616,2024-06-13,PayPal,5175.3,Succeeded
PAY00009617,ORD00009617,2024-03-24,Wire,2076.33,Succeeded
PAY00009618,ORD00009618,2024-05-26,PayPal,7739.0,Succeeded
PAY00009619,ORD00009619,2025-10-16,ACH,8109.39,Succeeded
PAY00009620,ORD00009620,2025-04-17,Wire,3865.53,Succeeded
PAY00009622,ORD00009622,2025-08-25,PayPal,3182.26,Succeeded
PAY00009623,ORD00009623,2024-03-10,Wire,1576.06,Succeeded
PAY00009624,ORD00009624,2026-01-18,ACH,1705.93,Succeeded
PAY00009625,ORD00009625,2025-09-19,Wire,847.27,Pending
PAY00009626,ORD00009626,2025-04-13,Wire,2709.84,Succeeded
PAY00009627,ORD00009627,2025-12-26,Wire,6950.09,Succeeded
PAY00009628,ORD00009628,2024-08-12,Card,241.88,Succeeded
PAY00009629,ORD00009629,2024-06-20,ACH,5126.3,Succeeded
PAY00009630,ORD00009630,2025-10-02,Card,4167.03,Succeeded
PAY00009631,ORD00009631,2024-12-17,Wire,5489.44,Succeeded
PAY00009632,ORD00009632,2024-05-27,Wire,4909.07,Succeeded
PAY00009633,ORD00009633,2025-02-27,Card,4032.98,Failed
PAY00009634,ORD00009634,2024-12-26,Card,1203.33,Succeeded
PAY00009635,ORD00009635,2025-03-30,PayPal,5022.71,Succeeded
PAY00009636,ORD00009636,2025-10-29,PayPal,5235.33,Succeeded
PAY00009637,ORD00009637,2024-03-03,PayPal,342.9,Succeeded
PAY00009638,ORD00009638,2025-04-04,Card,1018.71,Succeeded
PAY00009639,ORD00009639,2024-08-06,Card,1112.95,Succeeded
PAY00009640,ORD00009640,2024-06-29,ACH,4545.26,Succeeded
PAY00009642,ORD00009642,2025-08-03,Wire,1871.87,Succeeded
PAY00009644,ORD00009644,2024-02-19,ACH,6100.33,Succeeded
PAY00009645,ORD00009645,2024-06-05,Card,2916.18,Succeeded
PAY00009646,ORD00009646,2025-06-04,Wire,1755.97,Succeeded
PAY00009647,ORD00009647,2025-04-02,PayPal,8134.79,Succeeded
PAY00009648,ORD00009648,2026-02-01,ACH,1684.64,Succeeded
PAY00009649,ORD00009649,2024-11-07,Card,4126.12,Succeeded
PAY00009650,ORD00009650,2025-05-30,ACH,2434.46,Succeeded
PAY00009651,ORD00009651,2025-03-11,PayPal,3289.8,Succeeded
PAY00009652,ORD00009652,2025-11-03,Card,379.29,Succeeded
PAY00009653,ORD00009653,2025-07-02,ACH,558.59,Succeeded
PAY00009654,ORD00009654,2026-02-03,ACH,881.91,Succeeded
PAY00009655,ORD00009655,2024-04-16,PayPal,948.08,Succeeded
PAY00009656,ORD00009656,2024-04-26,Card,184.25,Succeeded
PAY00009657,ORD00009657,2025-12-20,ACH,1469.62,Pending
PAY00009658,ORD00009658,2024-07-31,PayPal,3781.86,Succeeded
PAY00009659,ORD00009659,2025-11-24,Wire,3043.38,Succeeded
PAY00009660,ORD00009660,2024-12-06,PayPal,2029.26,Succeeded
PAY00009661,ORD00009661,2026-01-10,Wire,1184.28,Succeeded
PAY00009662,ORD00009662,2026-02-17,Card,473.69,Succeeded
PAY00009663,ORD00009663,2024-03-08,Wire,1106.37,Succeeded
PAY00009664,ORD00009664,2024-07-13,Card,6282.77,Succeeded
PAY00009665,ORD00009665,2025-07-07,PayPal,6255.59,Succeeded
PAY00009666,ORD00009666,2024-07-05,ACH,2511.22,Succeeded
PAY00009667,ORD00009667,2026-02-09,Wire,8609.26,Succeeded
PAY00009668,ORD00009668,2025-11-03,Wire,3680.22,Pending
PAY00009669,ORD00009669,2024-08-06,Card,4356.43,Succeeded
PAY00009670,ORD00009670,2025-03-29,Wire,3484.32,Succeeded
PAY00009671,ORD00009671,2024-11-03,PayPal,5008.35,Succeeded
PAY00009672,ORD00009672,2025-11-12,PayPal,2676.54,Succeeded
PAY00009673,ORD00009673,2024-04-23,Wire,832.85,Failed
PAY00009674,ORD00009674,2024-03-20,PayPal,6860.8,Succeeded
PAY00009675,ORD00009675,2024-08-13,PayPal,1665.72,Pending
PAY00009676,ORD00009676,2026-02-21,Wire,748.62,Succeeded
PAY00009677,ORD00009677,2024-06-17,Wire,6452.56,Succeeded
PAY00009678,ORD00009678,2024-07-20,Wire,3411.49,Succeeded
PAY00009679,ORD00009679,2025-09-26,Wire,973.62,Succeeded
PAY00009680,ORD00009680,2025-08-09,Card,1716.26,Succeeded
PAY00009681,ORD00009681,2025-06-13,Wire,11986.78,Succeeded
PAY00009682,ORD00009682,2026-02-17,Wire,9823.4,Succeeded
PAY00009683,ORD00009683,2025-01-21,Card,4536.61,Succeeded
PAY00009684,ORD00009684,2025-08-26,ACH,3757.35,Succeeded
PAY00009685,ORD00009685,2024-10-07,Card,6403.73,Succeeded
PAY00009686,ORD00009686,2025-06-23,ACH,411.09,Succeeded
PAY00009687,ORD00009687,2026-01-29,Wire,5075.61,Succeeded
PAY00009688,ORD00009688,2024-11-08,PayPal,5206.84,Succeeded
PAY00009689,ORD00009689,2026-01-14,Wire,440.81,Succeeded
PAY00009690,ORD00009690,2025-02-09,PayPal,2797.7,Succeeded
PAY00009691,ORD00009691,2024-07-12,Wire,3946.29,Succeeded
PAY00009692,ORD00009692,2024-09-05,PayPal,427.94,Succeeded
PAY00009693,ORD00009693,2024-11-16,Card,3055.15,Succeeded
PAY00009694,ORD00009694,2025-11-16,Wire,4775.44,Succeeded
PAY00009695,ORD00009695,2025-07-03,Wire,4304.3,Succeeded
PAY00009696,ORD00009696,2025-03-03,Wire,7500.87,Succeeded
PAY00009697,ORD00009697,2024-09-26,Card,4183.61,Succeeded
PAY00009698,ORD00009698,2025-05-07,ACH,1353.87,Succeeded
PAY00009699,ORD00009699,2024-08-07,ACH,4908.81,Succeeded
PAY00009700,ORD00009700,2024-02-16,Card,5304.3,Succeeded
PAY00009703,ORD00009703,2025-01-21,Card,2422.84,Succeeded
PAY00009704,ORD00009704,2024-03-29,PayPal,6494.91,Succeeded
PAY00009705,ORD00009705,2024-11-14,PayPal,1071.1,Succeeded
PAY00009706,ORD00009706,2025-03-05,ACH,10374.48,Succeeded
PAY00009707,ORD00009707,2024-05-11,PayPal,890.15,Succeeded
PAY00009708,ORD00009708,2025-10-26,PayPal,3874.27,Succeeded
PAY00009709,ORD00009709,2025-02-05,PayPal,1125.11,Succeeded
PAY00009710,ORD00009710,2025-03-30,ACH,1560.97,Succeeded
PAY00009711,ORD00009711,2024-05-29,PayPal,613.64,Succeeded
PAY00009712,ORD00009712,2024-01-25,ACH,1169.25,Succeeded
PAY00009713,ORD00009713,2024-07-14,PayPal,7838.28,Succeeded
PAY00009714,ORD00009714,2024-12-09,Wire,1833.99,Succeeded
PAY00009715,ORD00009715,2025-12-13,Wire,3638.37,Succeeded
PAY00009716,ORD00009716,2025-09-06,Card,1179.29,Succeeded
PAY00009717,ORD00009717,2024-12-30,ACH,5450.91,Succeeded
PAY00009718,ORD00009718,2026-02-12,ACH,469.86,Succeeded
PAY00009719,ORD00009719,2026-02-01,PayPal,1115.23,Succeeded
PAY00009721,ORD00009721,2025-10-17,Wire,1814.68,Succeeded
PAY00009722,ORD00009722,2025-02-03,Card,2490.48,Succeeded
PAY00009723,ORD00009723,2024-04-30,ACH,6371.8,Succeeded
PAY00009724,ORD00009724,2025-07-25,PayPal,5017.18,Failed
PAY00009725,ORD00009725,2026-01-27,ACH,1912.13,Succeeded
PAY00009727,ORD00009727,2024-10-25,PayPal,1174.49,Succeeded
PAY00009728,ORD00009728,2024-01-11,Card,3115.02,Succeeded
PAY00009729,ORD00009729,2025-10-25,PayPal,4272.28,Succeeded
PAY00009730,ORD00009730,2025-06-27,Card,7472.84,Succeeded
PAY00009731,ORD00009731,2024-10-10,Wire,2789.44,Succeeded
PAY00009732,ORD00009732,2024-01-12,Card,2606.01,Succeeded
PAY00009733,ORD00009733,2024-03-05,PayPal,2589.27,Succeeded
PAY00009734,ORD00009734,2025-09-16,ACH,1753.01,Succeeded
PAY00009735,ORD00009735,2024-02-25,Wire,3351.26,Succeeded
PAY00009736,ORD00009736,2025-01-17,PayPal,379.6,Succeeded
PAY00009738,ORD00009738,2025-06-11,ACH,1065.34,Succeeded
PAY00009739,ORD00009739,2024-08-06,Card,4337.69,Succeeded
PAY00009740,ORD00009740,2025-04-21,PayPal,3268.62,Succeeded
PAY00009741,ORD00009741,2024-10-10,PayPal,344.4,Succeeded
PAY00009742,ORD00009742,2026-02-08,PayPal,940.99,Succeeded
PAY00009743,ORD00009743,2024-02-01,ACH,8112.5,Succeeded
PAY00009744,ORD00009744,2025-02-23,PayPal,3542.63,Succeeded
PAY00009745,ORD00009745,2024-05-26,ACH,660.28,Succeeded
PAY00009746,ORD00009746,2025-06-21,Card,4007.16,Succeeded
PAY00009747,ORD00009747,2024-06-05,PayPal,1528.31,Succeeded
PAY00009748,ORD00009748,2024-05-03,Card,1890.64,Succeeded
PAY00009749,ORD00009749,2025-09-17,PayPal,1021.25,Succeeded
PAY00009750,ORD00009750,2024-03-29,Card,3407.61,Succeeded
PAY00009751,ORD00009751,2024-08-11,ACH,7244.03,Succeeded
PAY00009752,ORD00009752,2025-02-04,ACH,3171.38,Succeeded
PAY00009753,ORD00009753,2024-08-29,Wire,3760.84,Succeeded
PAY00009754,ORD00009754,2024-01-20,ACH,4356.79,Succeeded
PAY00009755,ORD00009755,2025-09-07,PayPal,4452.77,Succeeded
PAY00009756,ORD00009756,2025-04-20,Card,4022.39,Succeeded
PAY00009757,ORD00009757,2025-08-12,ACH,7511.64,Succeeded
PAY00009758,ORD00009758,2025-01-30,PayPal,4989.47,Succeeded
PAY00009759,ORD00009759,2025-03-16,Wire,10432.0,Pending
PAY00009760,ORD00009760,2025-12-03,ACH,3017.39,Succeeded
PAY00009761,ORD00009761,2025-04-19,Wire,4408.01,Succeeded
PAY00009762,ORD00009762,2024-02-19,Card,920.87,Succeeded
PAY00009763,ORD00009763,2024-09-21,Card,193.23,Succeeded
PAY00009765,ORD00009765,2024-12-02,Card,3752.93,Succeeded
PAY00009766,ORD00009766,2025-03-05,Card,1091.28,Succeeded
PAY00009767,ORD00009767,2025-01-05,ACH,3266.53,Succeeded
PAY00009769,ORD00009769,2025-08-10,PayPal,2157.53,Succeeded
PAY00009770,ORD00009770,2025-12-21,ACH,1655.37,Succeeded
PAY00009771,ORD00009771,2025-02-25,PayPal,7784.17,Succeeded
PAY00009772,ORD00009772,2025-10-31,Card,6080.41,Succeeded
PAY00009773,ORD00009773,2024-10-15,PayPal,804.95,Succeeded
PAY00009774,ORD00009774,2024-11-14,PayPal,4200.17,Succeeded
PAY00009775,ORD00009775,2024-05-05,Card,2226.78,Succeeded
PAY00009776,ORD00009776,2026-02-04,ACH,4721.63,Succeeded
PAY00009777,ORD00009777,2024-10-08,Card,1637.47,Succeeded
PAY00009778,ORD00009778,2024-11-08,ACH,1849.47,Succeeded
PAY00009781,ORD00009781,2025-09-30,Wire,6526.75,Succeeded
PAY00009782,ORD00009782,2025-09-16,Card,337.82,Succeeded
PAY00009783,ORD00009783,2025-04-11,Wire,3867.78,Succeeded
PAY00009785,ORD00009785,2025-10-09,Wire,5354.9,Succeeded
PAY00009786,ORD00009786,2024-01-21,Wire,3797.92,Pending
PAY00009787,ORD00009787,2025-02-11,PayPal,3652.44,Succeeded
PAY00009788,ORD00009788,2025-03-21,Card,3787.66,Succeeded
PAY00009789,ORD00009789,2025-08-09,Card,4043.54,Succeeded
PAY00009790,ORD00009790,2025-03-02,PayPal,1885.52,Succeeded
PAY00009791,ORD00009791,2025-02-22,Card,10045.07,Succeeded
PAY00009792,ORD00009792,2024-01-22,Card,4509.57,Succeeded
PAY00009793,ORD00009793,2025-11-18,Card,4188.24,Succeeded
PAY00009794,ORD00009794,2025-04-24,PayPal,5682.73,Succeeded
PAY00009795,ORD00009795,2024-01-09,Wire,1284.43,Succeeded
PAY00009796,ORD00009796,2025-12-02,Wire,6219.99,Succeeded
PAY00009797,ORD00009797,2026-01-19,ACH,1718.22,Failed
PAY00009798,ORD00009798,2025-09-04,Wire,4149.96,Succeeded
PAY00009799,ORD00009799,2024-11-01,Wire,5532.86,Succeeded
PAY00009800,ORD00009800,2024-09-09,Wire,1329.29,Succeeded
PAY00009801,ORD00009801,2025-08-15,ACH,3603.93,Succeeded
PAY00009802,ORD00009802,2024-02-19,Wire,1436.69,Succeeded
PAY00009803,ORD00009803,2024-11-08,PayPal,9040.61,Succeeded
PAY00009804,ORD00009804,2024-05-03,Card,6133.05,Succeeded
PAY00009805,ORD00009805,2026-02-04,Card,4264.92,Succeeded
PAY00009806,ORD00009806,2025-06-24,ACH,587.14,Succeeded
PAY00009807,ORD00009807,2025-06-25,ACH,1890.45,Succeeded
PAY00009808,ORD00009808,2025-06-11,Wire,1066.89,Succeeded
PAY00009809,ORD00009809,2024-02-16,PayPal,1336.23,Succeeded
PAY00009810,ORD00009810,2024-01-27,ACH,3331.9,Succeeded
PAY00009811,ORD00009811,2025-08-21,PayPal,437.9,Succeeded
PAY00009812,ORD00009812,2025-04-02,Card,2660.29,Succeeded
PAY00009813,ORD00009813,2024-05-09,Card,1879.56,Succeeded
PAY00009814,ORD00009814,2025-03-24,ACH,4852.26,Succeeded
PAY00009815,ORD00009815,2024-10-21,Card,3767.56,Succeeded
PAY00009816,ORD00009816,2025-11-19,ACH,2084.6,Succeeded
PAY00009817,ORD00009817,2024-01-03,Card,4069.39,Failed
PAY00009818,ORD00009818,2025-02-02,ACH,8056.65,Succeeded
PAY00009819,ORD00009819,2024-10-07,Wire,7294.39,Succeeded
PAY00009820,ORD00009820,2024-01-24,PayPal,5438.36,Succeeded
PAY00009822,ORD00009822,2025-05-25,ACH,3988.04,Succeeded
PAY00009823,ORD00009823,2025-06-27,Card,154.94,Succeeded
PAY00009824,ORD00009824,2025-02-03,PayPal,21.76,Succeeded
PAY00009825,ORD00009825,2025-02-08,Card,1085.21,Succeeded
PAY00009826,ORD00009826,2025-06-16,PayPal,3989.67,Succeeded
PAY00009827,ORD00009827,2024-02-11,Card,300.78,Succeeded
PAY00009828,ORD00009828,2024-01-13,PayPal,11401.85,Failed
PAY00009829,ORD00009829,2025-06-02,PayPal,6667.15,Succeeded
PAY00009830,ORD00009830,2024-08-25,ACH,545.12,Succeeded
PAY00009831,ORD00009831,2026-01-31,Wire,1966.6,Succeeded
PAY00009832,ORD00009832,2025-08-14,PayPal,1437.14,Succeeded
PAY00009833,ORD00009833,2026-02-12,ACH,8241.4,Succeeded
PAY00009834,ORD00009834,2024-12-08,ACH,3174.99,Succeeded
PAY00009835,ORD00009835,2024-01-17,Card,3401.55,Succeeded
PAY00009836,ORD00009836,2025-11-08,ACH,3604.04,Succeeded
PAY00009837,ORD00009837,2025-07-01,PayPal,5409.97,Succeeded
PAY00009838,ORD00009838,2025-05-26,Card,3115.32,Succeeded
PAY00009839,ORD00009839,2025-04-28,Card,3773.16,Succeeded
PAY00009840,ORD00009840,2025-03-11,ACH,3036.87,Succeeded
PAY00009841,ORD00009841,2024-12-19,Wire,532.23,Succeeded
PAY00009842,ORD00009842,2024-11-12,Wire,3627.34,Succeeded
PAY00009843,ORD00009843,2025-01-06,ACH,4012.59,Succeeded
PAY00009845,ORD00009845,2025-10-09,Card,4432.51,Pending
PAY00009846,ORD00009846,2024-02-07,ACH,1858.54,Succeeded
PAY00009847,ORD00009847,2025-07-13,PayPal,511.33,Succeeded
PAY00009848,ORD00009848,2026-01-04,Card,1604.27,Succeeded
PAY00009849,ORD00009849,2024-02-14,PayPal,4228.12,Succeeded
PAY00009850,ORD00009850,2024-06-10,ACH,4538.42,Succeeded
PAY00009851,ORD00009851,2026-02-20,ACH,1757.89,Succeeded
PAY00009852,ORD00009852,2025-05-11,ACH,528.42,Succeeded
PAY00009853,ORD00009853,2024-11-02,Wire,9582.41,Succeeded
PAY00009854,ORD00009854,2024-10-01,ACH,3717.31,Succeeded
PAY00009855,ORD00009855,2025-11-26,ACH,3287.18,Succeeded
PAY00009856,ORD00009856,2025-05-12,Wire,4190.45,Succeeded
PAY00009857,ORD00009857,2025-04-22,PayPal,3334.46,Succeeded
PAY00009859,ORD00009859,2025-09-08,ACH,3221.55,Succeeded
PAY00009860,ORD00009860,2025-03-10,Wire,3603.35,Pending
PAY00009861,ORD00009861,2024-07-03,Card,4613.31,Succeeded
PAY00009862,ORD00009862,2024-04-25,Card,278.82,Succeeded
PAY00009863,ORD00009863,2026-01-10,ACH,2480.03,Succeeded
PAY00009864,ORD00009864,2025-01-13,Card,3457.63,Succeeded
PAY00009865,ORD00009865,2024-03-15,Card,4977.04,Succeeded
PAY00009866,ORD00009866,2024-11-22,PayPal,3901.42,Succeeded
PAY00009867,ORD00009867,2024-04-01,Card,7152.35,Succeeded
PAY00009868,ORD00009868,2024-08-18,Wire,1339.09,Succeeded
PAY00009869,ORD00009869,2025-11-29,Card,5016.76,Succeeded
PAY00009870,ORD00009870,2024-03-23,PayPal,3539.92,Succeeded
PAY00009871,ORD00009871,2025-09-23,PayPal,4517.74,Succeeded
PAY00009872,ORD00009872,2024-05-08,ACH,3309.14,Succeeded
PAY00009873,ORD00009873,2024-10-21,Card,2770.65,Succeeded
PAY00009874,ORD00009874,2025-04-05,ACH,355.33,Failed
PAY00009875,ORD00009875,2024-08-31,ACH,52.81,Succeeded
PAY00009876,ORD00009876,2025-10-22,Wire,3283.42,Succeeded
PAY00009877,ORD00009877,2024-07-12,Wire,840.68,Succeeded
PAY00009878,ORD00009878,2024-11-20,ACH,5744.77,Succeeded
PAY00009879,ORD00009879,2025-01-09,ACH,4245.09,Succeeded
PAY00009880,ORD00009880,2025-04-11,ACH,582.07,Succeeded
PAY00009882,ORD00009882,2024-01-27,Wire,5159.94,Succeeded
PAY00009883,ORD00009883,2025-05-13,Card,4998.55,Succeeded
PAY00009884,ORD00009884,2024-06-16,Wire,1683.92,Succeeded
PAY00009885,ORD00009885,2024-09-30,PayPal,10275.7,Succeeded
PAY00009886,ORD00009886,2024-12-04,ACH,1122.78,Succeeded
PAY00009887,ORD00009887,2024-04-26,PayPal,571.44,Succeeded
PAY00009888,ORD00009888,2025-11-20,ACH,2476.86,Succeeded
PAY00009889,ORD00009889,2025-07-18,Wire,2460.78,Succeeded
PAY00009890,ORD00009890,2025-09-23,PayPal,9003.38,Succeeded
PAY00009891,ORD00009891,2025-10-11,ACH,124.04,Succeeded
PAY00009892,ORD00009892,2025-02-22,PayPal,2741.02,Succeeded
PAY00009893,ORD00009893,2024-03-22,Card,4299.78,Succeeded
PAY00009894,ORD00009894,2024-01-03,ACH,1062.37,Succeeded
PAY00009895,ORD00009895,2025-09-28,ACH,747.1,Succeeded
PAY00009896,ORD00009896,2025-01-29,ACH,5259.21,Succeeded
PAY00009897,ORD00009897,2026-01-02,Wire,3747.88,Succeeded
PAY00009898,ORD00009898,2025-05-07,PayPal,973.49,Succeeded
PAY00009899,ORD00009899,2025-10-04,Wire,1960.72,Succeeded
PAY00009900,ORD00009900,2025-12-31,PayPal,833.93,Succeeded
PAY00009901,ORD00009901,2024-04-05,Wire,3334.94,Succeeded
PAY00009902,ORD00009902,2025-04-08,Wire,4615.43,Succeeded
PAY00009903,ORD00009903,2024-05-10,ACH,2194.83,Succeeded
PAY00009904,ORD00009904,2024-04-10,Wire,2729.0,Succeeded
PAY00009905,ORD00009905,2025-03-17,ACH,2478.17,Succeeded
PAY00009906,ORD00009906,2025-07-09,PayPal,7020.17,Succeeded
PAY00009907,ORD00009907,2025-04-15,PayPal,11166.13,Succeeded
PAY00009908,ORD00009908,2025-06-28,Card,4681.36,Pending
PAY00009909,ORD00009909,2024-09-22,Wire,1151.01,Succeeded
PAY00009910,ORD00009910,2025-04-16,Wire,9858.51,Succeeded
PAY00009911,ORD00009911,2024-06-06,Card,8059.35,Succeeded
PAY00009912,ORD00009912,2024-10-15,Wire,2566.27,Succeeded
PAY00009914,ORD00009914,2025-01-23,Wire,5380.85,Succeeded
PAY00009915,ORD00009915,2024-07-09,Wire,581.84,Succeeded
PAY00009916,ORD00009916,2026-02-14,ACH,5293.13,Succeeded
PAY00009917,ORD00009917,2024-08-19,Wire,6237.89,Succeeded
PAY00009918,ORD00009918,2025-01-04,ACH,3785.76,Succeeded
PAY00009919,ORD00009919,2025-09-06,PayPal,3535.45,Succeeded
PAY00009920,ORD00009920,2024-07-10,Wire,948.18,Succeeded
PAY00009921,ORD00009921,2024-09-09,Wire,4498.93,Succeeded
PAY00009922,ORD00009922,2025-04-20,PayPal,2658.82,Succeeded
PAY00009923,ORD00009923,2025-03-29,Wire,5097.09,Succeeded
PAY00009924,ORD00009924,2025-02-12,Wire,2209.8,Succeeded
PAY00009925,ORD00009925,2024-10-21,PayPal,941.25,Succeeded
PAY00009926,ORD00009926,2025-10-24,PayPal,5755.93,Pending
PAY00009927,ORD00009927,2024-09-21,PayPal,6876.74,Succeeded
PAY00009928,ORD00009928,2024-04-19,PayPal,2306.2,Succeeded
PAY00009929,ORD00009929,2025-10-27,PayPal,3492.91,Succeeded
PAY00009931,ORD00009931,2024-11-24,Card,5261.43,Succeeded
PAY00009932,ORD00009932,2025-07-09,Wire,4376.98,Succeeded
PAY00009933,ORD00009933,2024-04-30,Wire,186.76,Succeeded
PAY00009935,ORD00009935,2024-08-06,Card,2401.3,Succeeded
PAY00009936,ORD00009936,2026-01-17,PayPal,3392.11,Succeeded
PAY00009937,ORD00009937,2024-10-25,Wire,6067.09,Succeeded
PAY00009938,ORD00009938,2025-02-07,PayPal,2689.14,Succeeded
PAY00009939,ORD00009939,2024-12-25,PayPal,6409.56,Succeeded
PAY00009940,ORD00009940,2025-04-29,PayPal,9118.8,Succeeded
PAY00009941,ORD00009941,2024-07-18,PayPal,4082.84,Succeeded
PAY00009942,ORD00009942,2026-01-22,ACH,1604.62,Failed
PAY00009943,ORD00009943,2026-02-27,PayPal,3356.97,Succeeded
PAY00009944,ORD00009944,2024-11-09,Wire,312.85,Succeeded
PAY00009945,ORD00009945,2024-03-01,Card,785.29,Succeeded
PAY00009946,ORD00009946,2025-07-22,PayPal,213.56,Failed
PAY00009947,ORD00009947,2024-01-13,Card,767.71,Succeeded
PAY00009948,ORD00009948,2025-10-30,Wire,4157.5,Succeeded
PAY00009949,ORD00009949,2024-05-11,Wire,3443.38,Succeeded
PAY00009950,ORD00009950,2024-03-01,Card,132.87,Succeeded
PAY00009951,ORD00009951,2025-10-07,Card,2080.78,Succeeded
PAY00009952,ORD00009952,2024-01-06,ACH,3522.59,Succeeded
PAY00009953,ORD00009953,2025-04-15,Card,982.04,Succeeded
PAY00009955,ORD00009955,2026-01-09,PayPal,7634.07,Succeeded
PAY00009956,ORD00009956,2025-03-08,PayPal,4435.89,Succeeded
PAY00009957,ORD00009957,2024-10-24,Wire,883.83,Succeeded
PAY00009958,ORD00009958,2025-02-20,ACH,3807.89,Succeeded
PAY00009959,ORD00009959,2026-02-13,Wire,1363.01,Succeeded
PAY00009960,ORD00009960,2025-04-22,Wire,5019.18,Succeeded
PAY00009961,ORD00009961,2025-01-06,Wire,3030.44,Succeeded
PAY00009962,ORD00009962,2025-01-22,PayPal,2682.12,Failed
PAY00009963,ORD00009963,2025-05-23,Wire,5216.51,Succeeded
PAY00009964,ORD00009964,2025-12-01,ACH,1302.39,Succeeded
PAY00009965,ORD00009965,2024-02-05,Wire,6814.18,Succeeded
PAY00009966,ORD00009966,2024-03-12,ACH,1126.97,Succeeded
PAY00009967,ORD00009967,2024-06-02,ACH,3873.32,Succeeded
PAY00009968,ORD00009968,2024-03-09,Wire,5346.95,Succeeded
PAY00009969,ORD00009969,2025-08-11,PayPal,1421.97,Succeeded
PAY00009970,ORD00009970,2024-05-21,Wire,6173.14,Succeeded
PAY00009971,ORD00009971,2025-12-03,Wire,3173.35,Succeeded
PAY00009972,ORD00009972,2024-07-15,PayPal,3288.45,Succeeded
PAY00009973,ORD00009973,2024-10-31,PayPal,4725.26,Succeeded
PAY00009975,ORD00009975,2025-09-27,ACH,1618.64,Succeeded
PAY00009976,ORD00009976,2025-02-12,PayPal,1942.33,Succeeded
PAY00009978,ORD00009978,2025-03-04,PayPal,3630.41,Succeeded
PAY00009979,ORD00009979,2024-12-13,ACH,6607.07,Succeeded
PAY00009980,ORD00009980,2024-07-15,Card,2407.62,Succeeded
PAY00009981,ORD00009981,2024-02-15,Card,1639.12,Succeeded
PAY00009982,ORD00009982,2025-12-07,ACH,3655.7,Succeeded
PAY00009983,ORD00009983,2025-08-26,Card,3576.26,Succeeded
PAY00009984,ORD00009984,2026-01-06,PayPal,3561.61,Succeeded
PAY00009985,ORD00009985,2024-11-13,PayPal,5553.35,Failed
PAY00009986,ORD00009986,2025-07-15,Wire,5410.17,Succeeded
PAY00009987,ORD00009987,2024-02-02,Card,4825.0,Succeeded
PAY00009988,ORD00009988,2024-03-25,PayPal,5874.17,Succeeded
PAY00009989,ORD00009989,2024-04-29,Card,959.29,Succeeded
PAY00009990,ORD00009990,2025-01-29,PayPal,3251.0,Succeeded
PAY00009991,ORD00009991,2025-04-10,PayPal,5495.13,Pending
PAY00009992,ORD00009992,2024-09-02,Card,211.94,Succeeded
PAY00009993,ORD00009993,2025-12-15,Card,5108.93,Succeeded
PAY00009994,ORD00009994,2025-09-06,Wire,2194.66,Succeeded
PAY00009995,ORD00009995,2024-12-27,Wire,1183.79,Succeeded
PAY00009996,ORD00009996,2025-06-27,ACH,1087.74,Succeeded
PAY00009997,ORD00009997,2024-11-16,Wire,2599.03,Succeeded
PAY00009998,ORD00009998,2024-01-19,PayPal,4166.64,Succeeded
PAY00009999,ORD00009999,2025-02-06,Wire,5498.17,Succeeded
PAY00010000,ORD00010000,2024-05-03,ACH,1256.34,Succeeded
PAY00010001,ORD00010001,2024-05-12,ACH,6660.01,Succeeded
PAY00010002,ORD00010002,2026-02-04,ACH,2953.94,Succeeded
PAY00010003,ORD00010003,2024-08-10,PayPal,1985.59,Succeeded
PAY00010004,ORD00010004,2025-10-11,ACH,422.22,Succeeded
PAY00010005,ORD00010005,2024-02-16,ACH,989.16,Succeeded
PAY00010006,ORD00010006,2025-02-16,Card,5944.55,Succeeded
PAY00010007,ORD00010007,2025-03-04,Wire,4844.14,Succeeded
PAY00010008,ORD00010008,2025-12-28,ACH,4573.53,Succeeded
PAY00010009,ORD00010009,2024-01-16,PayPal,4165.85,Succeeded
PAY00010010,ORD00010010,2025-09-23,PayPal,1388.19,Succeeded
PAY00010011,ORD00010011,2024-04-28,ACH,3554.49,Succeeded
PAY00010012,ORD00010012,2024-10-17,Wire,3392.26,Succeeded
PAY00010013,ORD00010013,2024-09-16,ACH,1139.5,Succeeded
PAY00010014,ORD00010014,2024-12-27,Wire,4998.52,Pending
PAY00010015,ORD00010015,2024-02-17,Wire,243.35,Succeeded
PAY00010016,ORD00010016,2024-11-25,PayPal,3797.32,Succeeded
PAY00010017,ORD00010017,2025-09-23,Card,1216.71,Succeeded
PAY00010018,ORD00010018,2024-08-29,Card,7494.64,Succeeded
PAY00010019,ORD00010019,2024-06-05,Card,3125.68,Succeeded
PAY00010020,ORD00010020,2024-04-23,Card,934.24,Succeeded
PAY00010021,ORD00010021,2025-08-31,Card,2853.15,Succeeded
PAY00010022,ORD00010022,2024-12-16,PayPal,2068.03,Succeeded
PAY00010023,ORD00010023,2024-07-15,ACH,3609.71,Succeeded
PAY00010024,ORD00010024,2024-05-24,Card,1572.53,Pending
PAY00010025,ORD00010025,2025-10-19,PayPal,1410.78,Succeeded
PAY00010026,ORD00010026,2024-10-17,Wire,2510.94,Succeeded
PAY00010027,ORD00010027,2025-06-16,Card,1210.19,Succeeded
PAY00010028,ORD00010028,2025-01-10,PayPal,313.93,Succeeded
PAY00010029,ORD00010029,2024-10-29,ACH,7949.95,Succeeded
PAY00010030,ORD00010030,2024-05-12,Wire,4534.48,Succeeded
PAY00010031,ORD00010031,2025-01-23,PayPal,2509.36,Succeeded
PAY00010032,ORD00010032,2025-10-21,Wire,5057.46,Succeeded
PAY00010034,ORD00010034,2025-02-13,ACH,5901.83,Succeeded
PAY00010036,ORD00010036,2024-11-03,ACH,2970.92,Succeeded
PAY00010037,ORD00010037,2026-02-14,ACH,2843.89,Succeeded
PAY00010038,ORD00010038,2024-12-18,PayPal,4279.29,Succeeded
PAY00010039,ORD00010039,2024-06-30,PayPal,4149.78,Succeeded
PAY00010040,ORD00010040,2024-09-08,Wire,5553.02,Succeeded
PAY00010041,ORD00010041,2026-02-18,PayPal,5415.34,Succeeded
PAY00010042,ORD00010042,2024-01-17,ACH,4386.48,Succeeded
PAY00010043,ORD00010043,2025-08-03,PayPal,1293.28,Pending
PAY00010044,ORD00010044,2025-09-08,ACH,993.45,Succeeded
PAY00010045,ORD00010045,2025-10-06,Card,6423.5,Succeeded
PAY00010046,ORD00010046,2024-08-18,Wire,5900.02,Succeeded
PAY00010047,ORD00010047,2025-11-07,ACH,1518.6,Succeeded
PAY00010048,ORD00010048,2024-01-05,Wire,834.56,Succeeded
PAY00010049,ORD00010049,2025-06-30,Wire,8256.52,Succeeded
PAY00010050,ORD00010050,2026-03-02,PayPal,2963.88,Succeeded
PAY00010051,ORD00010051,2025-09-16,ACH,4004.79,Succeeded
PAY00010053,ORD00010053,2025-08-23,ACH,7445.69,Succeeded
PAY00010055,ORD00010055,2025-06-11,PayPal,2205.46,Pending
PAY00010056,ORD00010056,2024-01-15,Wire,8345.41,Succeeded
PAY00010057,ORD00010057,2025-06-25,Card,6732.24,Succeeded
PAY00010058,ORD00010058,2025-02-03,Card,5437.36,Succeeded
PAY00010059,ORD00010059,2024-09-17,ACH,5539.41,Succeeded
PAY00010060,ORD00010060,2026-02-15,Wire,8820.63,Succeeded
PAY00010061,ORD00010061,2024-11-28,PayPal,4614.9,Pending
PAY00010062,ORD00010062,2024-11-02,PayPal,6800.14,Succeeded
PAY00010063,ORD00010063,2024-07-30,PayPal,4468.09,Succeeded
PAY00010064,ORD00010064,2025-09-07,PayPal,4147.5,Succeeded
PAY00010065,ORD00010065,2024-01-12,ACH,539.4,Succeeded
PAY00010066,ORD00010066,2025-04-23,Card,4676.65,Succeeded
PAY00010067,ORD00010067,2024-09-05,Card,4189.1,Succeeded
PAY00010068,ORD00010068,2025-10-14,ACH,2147.72,Succeeded
PAY00010069,ORD00010069,2025-01-29,Wire,3518.31,Succeeded
PAY00010070,ORD00010070,2025-04-15,Wire,2591.04,Succeeded
PAY00010071,ORD00010071,2024-01-10,Wire,4754.56,Succeeded
PAY00010072,ORD00010072,2025-06-18,Card,7100.15,Succeeded
PAY00010073,ORD00010073,2025-08-12,ACH,2396.72,Succeeded
PAY00010074,ORD00010074,2025-03-06,Card,1761.18,Succeeded
PAY00010075,ORD00010075,2024-05-20,Card,3226.72,Succeeded
PAY00010076,ORD00010076,2025-08-09,Wire,357.65,Succeeded
PAY00010077,ORD00010077,2024-03-07,Wire,4622.53,Succeeded
PAY00010078,ORD00010078,2024-01-20,PayPal,4841.92,Succeeded
PAY00010080,ORD00010080,2026-02-21,Wire,42.97,Succeeded
PAY00010081,ORD00010081,2026-03-01,Wire,2090.76,Succeeded
PAY00010082,ORD00010082,2024-05-19,Card,7197.86,Failed
PAY00010083,ORD00010083,2024-06-17,Card,4937.97,Succeeded
PAY00010084,ORD00010084,2024-12-18,PayPal,5462.99,Succeeded
PAY00010085,ORD00010085,2025-12-12,ACH,1934.32,Failed
PAY00010086,ORD00010086,2024-11-04,ACH,4664.76,Succeeded
PAY00010087,ORD00010087,2026-02-12,PayPal,5133.38,Succeeded
PAY00010088,ORD00010088,2024-08-06,Wire,110.12,Succeeded
PAY00010089,ORD00010089,2025-08-05,Card,298.77,Succeeded
PAY00010090,ORD00010090,2024-01-15,PayPal,2090.24,Succeeded
PAY00010091,ORD00010091,2025-02-22,ACH,3245.33,Succeeded
PAY00010092,ORD00010092,2025-01-08,ACH,5888.94,Succeeded
PAY00010093,ORD00010093,2024-12-02,ACH,12579.7,Succeeded
PAY00010094,ORD00010094,2024-04-07,Card,1976.8,Succeeded
PAY00010095,ORD00010095,2025-09-10,Card,669.45,Succeeded
PAY00010096,ORD00010096,2025-07-02,PayPal,6345.14,Succeeded
PAY00010097,ORD00010097,2025-08-21,Wire,3766.45,Succeeded
PAY00010098,ORD00010098,2025-07-10,Card,145.2,Succeeded
PAY00010099,ORD00010099,2025-01-09,PayPal,4805.06,Succeeded
PAY00010100,ORD00010100,2025-05-02,PayPal,7845.58,Succeeded
PAY00010101,ORD00010101,2025-06-02,PayPal,7865.95,Succeeded
PAY00010102,ORD00010102,2024-06-11,PayPal,5217.98,Succeeded
PAY00010104,ORD00010104,2024-04-10,Wire,2057.7,Failed
PAY00010105,ORD00010105,2024-01-10,Card,3656.78,Succeeded
PAY00010106,ORD00010106,2025-06-24,PayPal,3874.3,Succeeded
PAY00010107,ORD00010107,2024-07-19,Wire,6167.05,Succeeded
PAY00010108,ORD00010108,2025-04-22,ACH,3187.22,Failed
PAY00010109,ORD00010109,2025-08-05,ACH,3590.14,Succeeded
PAY00010112,ORD00010112,2024-05-02,PayPal,3519.66,Succeeded
PAY00010113,ORD00010113,2024-01-17,Wire,2856.07,Succeeded
PAY00010114,ORD00010114,2025-03-23,ACH,4629.02,Succeeded
PAY00010115,ORD00010115,2025-07-14,Card,3019.19,Succeeded
PAY00010116,ORD00010116,2024-07-15,ACH,1710.75,Succeeded
PAY00010117,ORD00010117,2025-08-23,ACH,3311.92,Pending
PAY00010118,ORD00010118,2024-02-28,Wire,2265.34,Succeeded
PAY00010119,ORD00010119,2024-11-22,ACH,5904.08,Succeeded
PAY00010120,ORD00010120,2025-03-08,Card,1987.68,Succeeded
PAY00010121,ORD00010121,2024-04-16,Wire,5059.96,Succeeded
PAY00010122,ORD00010122,2026-02-24,ACH,4756.68,Succeeded
PAY00010123,ORD00010123,2024-08-25,Wire,7859.51,Succeeded
PAY00010124,ORD00010124,2024-10-23,ACH,3484.76,Succeeded
PAY00010125,ORD00010125,2024-04-26,Wire,3026.57,Succeeded
PAY00010126,ORD00010126,2025-02-20,ACH,8485.73,Succeeded
PAY00010127,ORD00010127,2025-12-23,Card,6960.91,Succeeded
PAY00010128,ORD00010128,2024-05-19,Wire,2398.41,Succeeded
PAY00010129,ORD00010129,2024-11-21,Wire,844.01,Succeeded
PAY00010130,ORD00010130,2025-01-31,Card,1415.5,Succeeded
PAY00010132,ORD00010132,2024-03-10,Wire,2724.76,Succeeded
PAY00010133,ORD00010133,2024-12-10,Wire,7829.6,Succeeded
PAY00010134,ORD00010134,2024-07-06,PayPal,3775.88,Succeeded
PAY00010135,ORD00010135,2025-03-06,Wire,5133.72,Succeeded
PAY00010136,ORD00010136,2024-03-02,Card,1845.79,Succeeded
PAY00010137,ORD00010137,2025-09-27,Card,2816.08,Succeeded
PAY00010138,ORD00010138,2024-06-26,PayPal,3535.76,Succeeded
PAY00010139,ORD00010139,2025-05-04,ACH,801.89,Failed
PAY00010140,ORD00010140,2024-07-07,ACH,2869.03,Succeeded
PAY00010141,ORD00010141,2024-01-20,Wire,3384.0,Succeeded
PAY00010142,ORD00010142,2024-07-30,ACH,5219.61,Succeeded
PAY00010143,ORD00010143,2025-04-01,PayPal,1997.63,Succeeded
PAY00010144,ORD00010144,2024-11-11,PayPal,6439.51,Succeeded
PAY00010145,ORD00010145,2024-10-29,ACH,2064.58,Succeeded
PAY00010146,ORD00010146,2025-05-08,Wire,571.76,Succeeded
PAY00010147,ORD00010147,2026-02-14,PayPal,7562.13,Succeeded
PAY00010148,ORD00010148,2026-01-18,Wire,434.21,Succeeded
PAY00010149,ORD00010149,2024-01-16,Card,6943.33,Failed
PAY00010150,ORD00010150,2025-09-01,PayPal,6125.21,Succeeded
PAY00010151,ORD00010151,2025-09-24,ACH,5156.43,Succeeded
PAY00010152,ORD00010152,2024-11-03,ACH,5536.61,Succeeded
PAY00010153,ORD00010153,2025-12-08,ACH,7270.33,Succeeded
PAY00010156,ORD00010156,2025-11-21,PayPal,1987.4,Pending
PAY00010157,ORD00010157,2024-11-27,Card,2371.11,Succeeded
PAY00010158,ORD00010158,2024-05-05,ACH,5552.03,Succeeded
PAY00010159,ORD00010159,2024-06-22,PayPal,5878.26,Succeeded
PAY00010160,ORD00010160,2025-03-26,ACH,38.93,Succeeded
PAY00010161,ORD00010161,2026-01-26,Card,4024.69,Succeeded
PAY00010162,ORD00010162,2024-08-11,Card,6169.09,Succeeded
PAY00010163,ORD00010163,2025-03-22,Wire,4063.96,Succeeded
PAY00010164,ORD00010164,2025-04-21,ACH,188.98,Succeeded
PAY00010165,ORD00010165,2024-01-17,Card,1181.64,Succeeded
PAY00010166,ORD00010166,2024-08-04,ACH,4246.53,Succeeded
PAY00010167,ORD00010167,2025-12-13,ACH,5264.05,Succeeded
PAY00010168,ORD00010168,2024-07-12,PayPal,7470.67,Succeeded
PAY00010169,ORD00010169,2024-11-17,Card,3223.49,Succeeded
PAY00010171,ORD00010171,2024-05-10,Wire,6377.49,Succeeded
PAY00010172,ORD00010172,2024-05-28,Wire,1132.04,Succeeded
PAY00010173,ORD00010173,2025-02-09,Wire,4793.01,Succeeded
PAY00010174,ORD00010174,2024-03-24,Wire,6824.65,Succeeded
PAY00010175,ORD00010175,2024-09-14,Wire,1418.96,Succeeded
PAY00010176,ORD00010176,2024-10-07,PayPal,5593.34,Succeeded
PAY00010177,ORD00010177,2024-04-09,PayPal,1562.92,Succeeded
PAY00010178,ORD00010178,2024-01-26,PayPal,2384.34,Succeeded
PAY00010179,ORD00010179,2025-08-24,ACH,6064.24,Succeeded
PAY00010180,ORD00010180,2024-11-16,PayPal,6436.93,Succeeded
PAY00010181,ORD00010181,2024-04-03,Card,2705.55,Succeeded
PAY00010182,ORD00010182,2024-01-21,Card,871.3,Succeeded
PAY00010183,ORD00010183,2024-03-03,Card,7351.32,Succeeded
PAY00010184,ORD00010184,2025-12-22,PayPal,943.44,Pending
PAY00010185,ORD00010185,2024-03-22,PayPal,630.02,Succeeded
PAY00010186,ORD00010186,2024-02-15,PayPal,2329.48,Succeeded
PAY00010187,ORD00010187,2024-10-26,ACH,2212.02,Succeeded
PAY00010189,ORD00010189,2024-12-20,Card,2300.89,Succeeded
PAY00010190,ORD00010190,2025-05-22,Wire,3745.99,Succeeded
PAY00010191,ORD00010191,2024-06-12,PayPal,7140.07,Succeeded
PAY00010192,ORD00010192,2024-06-23,Card,315.91,Succeeded
PAY00010193,ORD00010193,2024-03-08,Wire,105.36,Succeeded
PAY00010194,ORD00010194,2025-09-08,Wire,2608.55,Succeeded
PAY00010195,ORD00010195,2025-06-18,ACH,428.55,Succeeded
PAY00010196,ORD00010196,2025-07-06,Wire,3394.05,Succeeded
PAY00010197,ORD00010197,2024-12-09,Wire,2684.73,Succeeded
PAY00010198,ORD00010198,2026-02-26,ACH,4514.34,Succeeded
PAY00010200,ORD00010200,2024-07-02,PayPal,4932.14,Succeeded
PAY00010201,ORD00010201,2025-08-10,ACH,2774.48,Succeeded
PAY00010202,ORD00010202,2025-01-29,PayPal,7375.64,Succeeded
PAY00010203,ORD00010203,2025-01-12,Card,225.94,Succeeded
PAY00010204,ORD00010204,2025-04-30,Wire,363.16,Succeeded
PAY00010205,ORD00010205,2025-06-10,Wire,4498.08,Succeeded
PAY00010207,ORD00010207,2025-08-20,Card,5365.34,Succeeded
PAY00010208,ORD00010208,2024-04-29,ACH,4480.07,Succeeded
PAY00010209,ORD00010209,2025-01-05,ACH,4893.24,Succeeded
PAY00010210,ORD00010210,2026-01-26,ACH,721.69,Succeeded
PAY00010211,ORD00010211,2026-02-25,Wire,8152.75,Failed
PAY00010212,ORD00010212,2025-01-05,Wire,7010.7,Succeeded
PAY00010213,ORD00010213,2024-12-04,Card,1662.96,Succeeded
PAY00010214,ORD00010214,2026-01-20,PayPal,742.64,Succeeded
PAY00010215,ORD00010215,2024-02-03,Wire,1771.87,Succeeded
PAY00010216,ORD00010216,2025-11-23,ACH,4959.96,Succeeded
PAY00010218,ORD00010218,2024-08-17,PayPal,210.68,Succeeded
PAY00010219,ORD00010219,2024-12-19,Card,2609.53,Succeeded
PAY00010220,ORD00010220,2024-05-09,ACH,5991.15,Succeeded
PAY00010221,ORD00010221,2024-05-27,PayPal,4041.73,Pending
PAY00010222,ORD00010222,2025-11-25,PayPal,2434.96,Succeeded
PAY00010223,ORD00010223,2024-11-05,Card,3452.83,Succeeded
PAY00010224,ORD00010224,2025-10-05,PayPal,1313.99,Succeeded
PAY00010225,ORD00010225,2025-12-14,PayPal,2686.79,Succeeded
PAY00010226,ORD00010226,2024-06-19,Wire,2208.6,Succeeded
PAY00010227,ORD00010227,2024-02-17,Wire,1738.62,Pending
PAY00010228,ORD00010228,2025-01-23,Card,3006.87,Succeeded
PAY00010229,ORD00010229,2024-06-15,Wire,3948.08,Succeeded
PAY00010230,ORD00010230,2025-08-31,ACH,446.47,Succeeded
PAY00010231,ORD00010231,2025-02-08,ACH,7193.66,Succeeded
PAY00010232,ORD00010232,2024-12-25,Card,9715.79,Succeeded
PAY00010233,ORD00010233,2025-01-06,Wire,1794.69,Succeeded
PAY00010234,ORD00010234,2024-12-20,ACH,2508.72,Succeeded
PAY00010235,ORD00010235,2025-09-17,PayPal,3946.0,Succeeded
PAY00010236,ORD00010236,2024-09-11,ACH,3501.4,Succeeded
PAY00010237,ORD00010237,2025-04-23,Wire,6490.58,Succeeded
PAY00010238,ORD00010238,2025-09-17,ACH,358.13,Succeeded
PAY00010239,ORD00010239,2024-03-29,Card,760.2,Succeeded
PAY00010240,ORD00010240,2024-02-27,Card,409.38,Succeeded
PAY00010241,ORD00010241,2025-10-27,PayPal,1783.79,Succeeded
PAY00010242,ORD00010242,2024-02-17,ACH,6337.01,Succeeded
PAY00010243,ORD00010243,2024-06-25,ACH,1255.0,Succeeded
PAY00010244,ORD00010244,2024-01-27,Wire,5255.73,Succeeded
PAY00010246,ORD00010246,2025-03-10,PayPal,6087.63,Succeeded
PAY00010247,ORD00010247,2024-04-16,ACH,1913.96,Succeeded
PAY00010248,ORD00010248,2026-01-06,ACH,353.86,Succeeded
PAY00010249,ORD00010249,2025-03-12,ACH,6842.25,Succeeded
PAY00010250,ORD00010250,2025-04-11,PayPal,5147.94,Succeeded
PAY00010251,ORD00010251,2024-06-26,ACH,2984.31,Succeeded
PAY00010252,ORD00010252,2025-05-13,Card,2262.65,Succeeded
PAY00010253,ORD00010253,2025-10-03,PayPal,9060.16,Succeeded
PAY00010254,ORD00010254,2024-01-14,PayPal,5653.94,Succeeded
PAY00010255,ORD00010255,2024-04-20,ACH,8430.46,Succeeded
PAY00010256,ORD00010256,2024-08-09,Wire,6049.69,Succeeded
PAY00010257,ORD00010257,2024-11-26,ACH,6832.8,Succeeded
PAY00010258,ORD00010258,2024-03-15,ACH,3894.09,Succeeded
PAY00010259,ORD00010259,2024-01-29,PayPal,3935.92,Succeeded
PAY00010260,ORD00010260,2025-06-05,ACH,4528.73,Succeeded
PAY00010261,ORD00010261,2024-09-06,Card,647.58,Succeeded
PAY00010264,ORD00010264,2024-12-16,PayPal,1056.27,Succeeded
PAY00010265,ORD00010265,2025-03-08,Card,1163.45,Succeeded
PAY00010266,ORD00010266,2024-05-26,Wire,2757.16,Failed
PAY00010267,ORD00010267,2024-11-17,Card,1916.12,Succeeded
PAY00010268,ORD00010268,2024-11-24,ACH,4313.42,Succeeded
PAY00010269,ORD00010269,2025-01-24,Card,1438.26,Succeeded
PAY00010270,ORD00010270,2024-12-05,ACH,4510.83,Succeeded
PAY00010271,ORD00010271,2024-04-23,Card,4499.94,Succeeded
PAY00010272,ORD00010272,2025-12-21,ACH,4713.39,Failed
PAY00010273,ORD00010273,2024-01-20,ACH,5593.85,Succeeded
PAY00010274,ORD00010274,2026-02-17,Card,4468.93,Succeeded
PAY00010276,ORD00010276,2024-10-30,Card,268.14,Succeeded
PAY00010277,ORD00010277,2025-07-21,Wire,1916.76,Succeeded
PAY00010278,ORD00010278,2024-03-19,Card,4325.87,Succeeded
PAY00010279,ORD00010279,2024-11-27,PayPal,3454.72,Succeeded
PAY00010281,ORD00010281,2025-01-29,ACH,2063.51,Succeeded
PAY00010282,ORD00010282,2025-12-05,PayPal,3939.81,Succeeded
PAY00010283,ORD00010283,2025-09-22,PayPal,5981.69,Succeeded
PAY00010284,ORD00010284,2024-04-18,Wire,5561.0,Succeeded
PAY00010285,ORD00010285,2024-02-07,Card,3049.63,Succeeded
PAY00010286,ORD00010286,2024-06-07,ACH,2801.28,Succeeded
PAY00010287,ORD00010287,2025-05-13,Card,3085.77,Succeeded
PAY00010288,ORD00010288,2025-10-04,Card,2344.97,Pending
PAY00010289,ORD00010289,2024-07-16,ACH,4438.45,Succeeded
PAY00010290,ORD00010290,2025-09-20,ACH,1975.76,Succeeded
PAY00010291,ORD00010291,2024-07-21,Card,129.2,Succeeded
PAY00010292,ORD00010292,2025-03-10,Wire,1964.67,Succeeded
PAY00010293,ORD00010293,2024-09-17,Wire,126.7,Pending
PAY00010294,ORD00010294,2025-08-22,Card,6633.77,Succeeded
PAY00010295,ORD00010295,2024-10-14,ACH,1377.57,Succeeded
PAY00010296,ORD00010296,2025-08-22,ACH,309.89,Succeeded
PAY00010297,ORD00010297,2025-05-15,Card,1257.71,Succeeded
PAY00010298,ORD00010298,2025-04-22,ACH,4156.76,Succeeded
PAY00010299,ORD00010299,2026-01-10,Wire,10090.63,Succeeded
PAY00010300,ORD00010300,2024-10-20,PayPal,4652.37,Succeeded
PAY00010301,ORD00010301,2024-07-02,ACH,1623.53,Succeeded
PAY00010302,ORD00010302,2025-06-13,Card,8213.43,Failed
PAY00010303,ORD00010303,2026-02-21,Card,3007.25,Succeeded
PAY00010304,ORD00010304,2024-03-04,Card,6957.51,Succeeded
PAY00010305,ORD00010305,2025-03-05,Card,3464.2,Pending
PAY00010306,ORD00010306,2024-08-05,Wire,285.36,Succeeded
PAY00010307,ORD00010307,2024-01-09,Card,3132.24,Succeeded
PAY00010308,ORD00010308,2025-11-06,ACH,3203.98,Succeeded
PAY00010309,ORD00010309,2026-02-06,Card,2131.25,Succeeded
PAY00010310,ORD00010310,2025-02-11,ACH,2070.55,Succeeded
PAY00010311,ORD00010311,2024-10-13,Wire,4460.86,Succeeded
PAY00010312,ORD00010312,2024-03-31,PayPal,7068.61,Succeeded
PAY00010313,ORD00010313,2025-11-24,Wire,7403.07,Succeeded
PAY00010314,ORD00010314,2024-09-15,Card,5886.23,Succeeded
PAY00010315,ORD00010315,2025-01-19,ACH,1633.02,Succeeded
PAY00010316,ORD00010316,2026-02-17,PayPal,7557.62,Pending
PAY00010317,ORD00010317,2024-04-06,ACH,2610.4,Succeeded
PAY00010318,ORD00010318,2026-01-08,ACH,1187.94,Succeeded
PAY00010319,ORD00010319,2024-08-14,Card,6696.32,Pending
PAY00010320,ORD00010320,2024-04-29,ACH,5128.62,Failed
PAY00010321,ORD00010321,2024-10-25,Wire,3851.97,Succeeded
PAY00010322,ORD00010322,2025-06-04,Wire,949.69,Succeeded
PAY00010323,ORD00010323,2024-09-29,Card,1603.75,Succeeded
PAY00010324,ORD00010324,2025-07-19,Wire,75.16,Succeeded
PAY00010325,ORD00010325,2024-05-15,Wire,4008.4,Failed
PAY00010326,ORD00010326,2025-11-13,Wire,3001.53,Succeeded
PAY00010327,ORD00010327,2025-05-31,Wire,4047.71,Succeeded
PAY00010328,ORD00010328,2025-12-07,Wire,5794.47,Succeeded
PAY00010329,ORD00010329,2025-09-01,Card,5542.07,Succeeded
PAY00010330,ORD00010330,2024-09-09,ACH,3393.8,Succeeded
PAY00010331,ORD00010331,2025-08-26,Card,10855.63,Succeeded
PAY00010332,ORD00010332,2025-04-01,ACH,1168.0,Succeeded
PAY00010333,ORD00010333,2025-03-07,Wire,881.52,Succeeded
PAY00010334,ORD00010334,2025-08-10,Card,4232.82,Succeeded
PAY00010335,ORD00010335,2024-06-08,ACH,2643.89,Succeeded
PAY00010336,ORD00010336,2025-09-29,Wire,4608.0,Succeeded
PAY00010337,ORD00010337,2025-11-28,Wire,1200.79,Succeeded
PAY00010338,ORD00010338,2024-02-16,Wire,3670.2,Succeeded
PAY00010339,ORD00010339,2024-01-04,Card,6679.39,Pending
PAY00010341,ORD00010341,2025-08-22,PayPal,1139.43,Succeeded
PAY00010342,ORD00010342,2024-01-16,Card,2365.85,Succeeded
PAY00010343,ORD00010343,2025-02-01,PayPal,2355.1,Succeeded
PAY00010344,ORD00010344,2025-11-30,Wire,6397.32,Succeeded
PAY00010345,ORD00010345,2024-06-18,PayPal,766.45,Succeeded
PAY00010346,ORD00010346,2024-06-27,Wire,2120.17,Succeeded
PAY00010347,ORD00010347,2024-07-10,PayPal,2172.89,Succeeded
PAY00010348,ORD00010348,2026-01-10,ACH,3162.81,Succeeded
PAY00010349,ORD00010349,2025-02-18,Wire,4300.82,Succeeded
PAY00010350,ORD00010350,2025-02-23,PayPal,5034.02,Succeeded
PAY00010351,ORD00010351,2025-12-24,Wire,1755.7,Succeeded
PAY00010352,ORD00010352,2024-04-15,Card,2648.54,Succeeded
PAY00010353,ORD00010353,2025-04-15,Wire,3890.05,Succeeded
PAY00010354,ORD00010354,2025-03-05,ACH,653.41,Succeeded
PAY00010355,ORD00010355,2024-12-25,Card,1687.64,Succeeded
PAY00010356,ORD00010356,2024-09-28,PayPal,2467.14,Succeeded
PAY00010357,ORD00010357,2024-11-30,Wire,6747.83,Succeeded
PAY00010358,ORD00010358,2024-11-21,Wire,235.76,Succeeded
PAY00010359,ORD00010359,2024-04-09,Wire,5902.61,Succeeded
PAY00010360,ORD00010360,2025-04-10,PayPal,8980.31,Succeeded
PAY00010361,ORD00010361,2025-04-02,Wire,319.72,Succeeded
PAY00010362,ORD00010362,2024-06-18,Wire,5019.95,Succeeded
PAY00010363,ORD00010363,2025-09-19,ACH,4257.92,Succeeded
PAY00010364,ORD00010364,2025-06-28,Card,923.21,Succeeded
PAY00010366,ORD00010366,2024-10-23,PayPal,5642.93,Succeeded
PAY00010367,ORD00010367,2024-02-06,Wire,1269.83,Pending
PAY00010368,ORD00010368,2026-02-13,ACH,2721.38,Succeeded
PAY00010369,ORD00010369,2024-01-22,Card,3359.82,Succeeded
PAY00010370,ORD00010370,2024-04-22,Wire,335.11,Succeeded
PAY00010371,ORD00010371,2024-02-04,Wire,3320.71,Succeeded
PAY00010372,ORD00010372,2025-03-23,Card,5137.54,Succeeded
PAY00010373,ORD00010373,2024-10-28,ACH,1310.79,Succeeded
PAY00010374,ORD00010374,2024-01-05,PayPal,5380.69,Succeeded
PAY00010375,ORD00010375,2025-06-14,PayPal,5264.54,Succeeded
PAY00010378,ORD00010378,2024-10-26,ACH,1585.15,Succeeded
PAY00010379,ORD00010379,2024-04-17,Card,7077.15,Succeeded
PAY00010380,ORD00010380,2025-09-29,Card,8680.53,Succeeded
PAY00010381,ORD00010381,2025-07-14,PayPal,4867.72,Succeeded
PAY00010382,ORD00010382,2024-04-29,Wire,571.78,Succeeded
PAY00010383,ORD00010383,2024-06-09,PayPal,4713.82,Succeeded
PAY00010384,ORD00010384,2024-07-30,Card,6090.28,Succeeded
PAY00010385,ORD00010385,2025-02-22,ACH,6762.81,Succeeded
PAY00010386,ORD00010386,2025-12-22,Card,1591.36,Succeeded
PAY00010387,ORD00010387,2025-06-09,PayPal,2837.01,Succeeded
PAY00010388,ORD00010388,2024-10-09,ACH,552.57,Succeeded
PAY00010389,ORD00010389,2024-10-15,Wire,378.81,Succeeded
PAY00010390,ORD00010390,2024-08-05,ACH,847.96,Succeeded
PAY00010391,ORD00010391,2024-04-21,Card,1951.53,Succeeded
PAY00010392,ORD00010392,2024-08-15,Wire,1877.3,Succeeded
PAY00010393,ORD00010393,2025-03-12,Wire,9811.32,Succeeded
PAY00010394,ORD00010394,2024-05-01,ACH,7080.44,Pending
PAY00010395,ORD00010395,2024-02-13,ACH,1939.06,Succeeded
PAY00010396,ORD00010396,2024-01-14,Card,2714.14,Succeeded
PAY00010399,ORD00010399,2025-06-17,ACH,1774.13,Succeeded
PAY00010400,ORD00010400,2024-11-20,ACH,6176.05,Succeeded
PAY00010401,ORD00010401,2025-05-12,Wire,6046.83,Succeeded
PAY00010402,ORD00010402,2024-05-04,PayPal,1463.5,Succeeded
PAY00010403,ORD00010403,2025-11-09,ACH,956.4,Succeeded
PAY00010404,ORD00010404,2024-03-19,Wire,4392.51,Succeeded
PAY00010405,ORD00010405,2025-03-23,PayPal,2484.95,Succeeded
PAY00010406,ORD00010406,2024-01-12,PayPal,3694.68,Succeeded
PAY00010408,ORD00010408,2025-01-13,Wire,2772.66,Succeeded
PAY00010409,ORD00010409,2025-10-25,ACH,2181.48,Succeeded
PAY00010410,ORD00010410,2024-08-09,Wire,1664.48,Succeeded
PAY00010411,ORD00010411,2024-08-22,Card,1948.67,Succeeded
PAY00010412,ORD00010412,2025-02-19,Wire,9017.63,Succeeded
PAY00010413,ORD00010413,2026-02-03,Card,3894.98,Succeeded
PAY00010414,ORD00010414,2025-08-17,Card,4031.18,Succeeded
PAY00010415,ORD00010415,2026-01-30,Card,6884.24,Succeeded
PAY00010416,ORD00010416,2024-07-26,Wire,2675.6,Failed
PAY00010417,ORD00010417,2025-04-23,PayPal,305.89,Succeeded
PAY00010418,ORD00010418,2025-05-19,PayPal,963.61,Succeeded
PAY00010419,ORD00010419,2024-07-20,ACH,5206.72,Succeeded
PAY00010421,ORD00010421,2024-08-18,Card,5039.25,Succeeded
PAY00010422,ORD00010422,2024-10-13,Wire,1343.76,Pending
PAY00010424,ORD00010424,2024-11-24,PayPal,502.76,Succeeded
PAY00010425,ORD00010425,2025-03-01,PayPal,742.03,Succeeded
PAY00010426,ORD00010426,2025-04-10,Card,695.43,Succeeded
PAY00010427,ORD00010427,2024-08-12,Wire,117.16,Succeeded
PAY00010428,ORD00010428,2024-07-12,Card,4314.86,Succeeded
PAY00010430,ORD00010430,2024-03-14,Wire,3708.69,Succeeded
PAY00010431,ORD00010431,2024-06-28,Wire,4104.44,Succeeded
PAY00010432,ORD00010432,2025-03-16,Wire,2712.04,Succeeded
PAY00010433,ORD00010433,2025-11-29,Wire,2408.67,Succeeded
PAY00010434,ORD00010434,2024-07-10,Wire,2729.88,Succeeded
PAY00010435,ORD00010435,2024-05-28,ACH,6390.42,Succeeded
PAY00010436,ORD00010436,2024-11-04,Wire,5022.12,Succeeded
PAY00010437,ORD00010437,2025-05-13,ACH,4112.92,Succeeded
PAY00010438,ORD00010438,2025-02-05,Wire,7142.41,Succeeded
PAY00010439,ORD00010439,2025-06-26,ACH,1949.52,Succeeded
PAY00010440,ORD00010440,2025-08-08,ACH,2815.3,Succeeded
PAY00010441,ORD00010441,2024-01-07,Card,2334.08,Succeeded
PAY00010442,ORD00010442,2024-06-16,PayPal,4409.9,Succeeded
PAY00010444,ORD00010444,2024-03-22,Wire,778.19,Succeeded
PAY00010445,ORD00010445,2025-01-08,ACH,3156.34,Succeeded
PAY00010446,ORD00010446,2025-07-03,ACH,2296.16,Succeeded
PAY00010447,ORD00010447,2025-10-04,ACH,12182.48,Succeeded
PAY00010448,ORD00010448,2025-12-10,PayPal,1677.8,Succeeded
PAY00010449,ORD00010449,2024-02-22,PayPal,113.24,Succeeded
PAY00010450,ORD00010450,2024-07-30,Card,1833.72,Succeeded
PAY00010451,ORD00010451,2025-06-25,Wire,2341.07,Succeeded
PAY00010452,ORD00010452,2024-08-25,Card,5840.61,Succeeded
PAY00010453,ORD00010453,2024-05-04,ACH,3684.44,Succeeded
PAY00010454,ORD00010454,2024-07-24,PayPal,2969.23,Succeeded
PAY00010455,ORD00010455,2025-07-06,ACH,6765.14,Succeeded
PAY00010457,ORD00010457,2024-12-08,Wire,2068.08,Succeeded
PAY00010458,ORD00010458,2026-01-06,PayPal,611.33,Succeeded
PAY00010459,ORD00010459,2025-12-20,Card,4137.79,Succeeded
PAY00010460,ORD00010460,2025-04-09,Card,1947.01,Succeeded
PAY00010461,ORD00010461,2025-10-27,Wire,9622.43,Succeeded
PAY00010462,ORD00010462,2025-08-04,Card,107.38,Failed
PAY00010463,ORD00010463,2025-02-07,PayPal,4301.07,Succeeded
PAY00010464,ORD00010464,2024-06-07,PayPal,1172.02,Succeeded
PAY00010465,ORD00010465,2025-08-17,Card,10977.7,Succeeded
PAY00010466,ORD00010466,2024-06-03,Card,10124.62,Succeeded
PAY00010467,ORD00010467,2024-08-06,Wire,2844.23,Succeeded
PAY00010468,ORD00010468,2024-07-05,Wire,2651.48,Succeeded
PAY00010469,ORD00010469,2024-02-07,ACH,5975.73,Succeeded
PAY00010470,ORD00010470,2024-02-04,Wire,2229.87,Succeeded
PAY00010471,ORD00010471,2024-11-15,PayPal,4282.35,Succeeded
PAY00010472,ORD00010472,2025-05-21,Card,3646.12,Pending
PAY00010473,ORD00010473,2024-10-15,PayPal,2351.62,Succeeded
PAY00010474,ORD00010474,2025-01-20,ACH,3322.09,Succeeded
PAY00010475,ORD00010475,2025-06-11,Wire,260.1,Succeeded
PAY00010476,ORD00010476,2025-10-06,PayPal,854.95,Succeeded
PAY00010477,ORD00010477,2025-07-25,Wire,3123.02,Succeeded
PAY00010478,ORD00010478,2025-11-16,Card,3335.58,Succeeded
PAY00010479,ORD00010479,2024-11-09,ACH,4978.05,Succeeded
PAY00010480,ORD00010480,2025-04-19,PayPal,7617.56,Failed
PAY00010481,ORD00010481,2024-09-13,PayPal,4294.72,Succeeded
PAY00010482,ORD00010482,2024-02-15,ACH,2661.06,Succeeded
PAY00010483,ORD00010483,2025-02-20,PayPal,3061.67,Succeeded
PAY00010484,ORD00010484,2024-05-14,ACH,795.02,Succeeded
PAY00010485,ORD00010485,2024-03-12,Card,255.7,Succeeded
PAY00010486,ORD00010486,2024-10-27,Wire,5958.11,Succeeded
PAY00010487,ORD00010487,2024-01-08,PayPal,5278.27,Succeeded
PAY00010488,ORD00010488,2024-05-30,ACH,2672.34,Succeeded
PAY00010489,ORD00010489,2024-12-27,ACH,1885.7,Succeeded
PAY00010490,ORD00010490,2025-08-05,Wire,2632.66,Succeeded
PAY00010491,ORD00010491,2024-10-17,PayPal,444.77,Succeeded
PAY00010492,ORD00010492,2024-07-08,ACH,3186.75,Succeeded
PAY00010493,ORD00010493,2025-03-05,ACH,2107.7,Succeeded
PAY00010494,ORD00010494,2024-09-14,ACH,1974.85,Succeeded
PAY00010495,ORD00010495,2025-09-27,PayPal,4804.17,Succeeded
PAY00010496,ORD00010496,2024-03-13,PayPal,5767.92,Succeeded
PAY00010497,ORD00010497,2024-12-12,ACH,1512.17,Succeeded
PAY00010498,ORD00010498,2024-09-24,ACH,3531.31,Pending
PAY00010499,ORD00010499,2024-06-20,PayPal,2181.33,Succeeded
PAY00010501,ORD00010501,2025-10-21,PayPal,3418.11,Succeeded
PAY00010502,ORD00010502,2024-04-25,Wire,2936.42,Succeeded
PAY00010503,ORD00010503,2025-06-04,ACH,2046.33,Pending
PAY00010504,ORD00010504,2026-02-25,Card,2317.34,Succeeded
PAY00010506,ORD00010506,2024-07-17,Wire,3446.46,Succeeded
PAY00010507,ORD00010507,2024-02-23,Wire,5845.82,Succeeded
PAY00010508,ORD00010508,2024-09-21,Card,2994.72,Succeeded
PAY00010509,ORD00010509,2025-07-15,Wire,4014.49,Succeeded
PAY00010510,ORD00010510,2024-07-14,Card,2761.0,Succeeded
PAY00010511,ORD00010511,2025-08-15,Card,6376.71,Succeeded
PAY00010512,ORD00010512,2025-08-30,Card,9191.16,Succeeded
PAY00010513,ORD00010513,2025-04-04,PayPal,2986.66,Succeeded
PAY00010514,ORD00010514,2024-06-02,ACH,2435.97,Succeeded
PAY00010515,ORD00010515,2025-03-22,PayPal,1780.74,Succeeded
PAY00010516,ORD00010516,2024-07-08,ACH,3294.35,Succeeded
PAY00010517,ORD00010517,2025-07-19,Card,10802.83,Succeeded
PAY00010518,ORD00010518,2024-06-06,PayPal,3973.56,Succeeded
PAY00010519,ORD00010519,2025-03-21,Wire,1053.09,Succeeded
PAY00010520,ORD00010520,2025-04-15,PayPal,5289.13,Succeeded
PAY00010521,ORD00010521,2024-09-09,PayPal,2168.26,Succeeded
PAY00010522,ORD00010522,2024-01-22,Wire,627.67,Succeeded
PAY00010523,ORD00010523,2024-11-23,PayPal,2069.12,Succeeded
PAY00010524,ORD00010524,2025-05-02,Wire,1492.68,Succeeded
PAY00010525,ORD00010525,2024-11-06,Card,1008.46,Succeeded
PAY00010526,ORD00010526,2025-06-27,PayPal,4575.89,Succeeded
PAY00010527,ORD00010527,2024-01-16,PayPal,1636.22,Succeeded
PAY00010528,ORD00010528,2025-01-12,Card,2153.03,Succeeded
PAY00010529,ORD00010529,2024-03-12,ACH,3694.59,Succeeded
PAY00010530,ORD00010530,2024-07-10,PayPal,5276.17,Succeeded
PAY00010531,ORD00010531,2024-10-17,PayPal,4718.83,Succeeded
PAY00010532,ORD00010532,2025-03-01,ACH,6797.3,Failed
PAY00010533,ORD00010533,2025-08-04,Wire,4231.46,Succeeded
PAY00010534,ORD00010534,2025-04-28,Wire,5051.74,Succeeded
PAY00010535,ORD00010535,2025-07-19,ACH,805.74,Succeeded
PAY00010536,ORD00010536,2024-08-20,ACH,5325.94,Succeeded
PAY00010537,ORD00010537,2024-02-07,Card,6481.26,Succeeded
PAY00010538,ORD00010538,2026-02-23,ACH,8596.24,Pending
PAY00010539,ORD00010539,2024-02-27,PayPal,4588.79,Succeeded
PAY00010540,ORD00010540,2024-07-15,PayPal,2345.61,Succeeded
PAY00010541,ORD00010541,2025-08-07,Card,5860.03,Succeeded
PAY00010542,ORD00010542,2025-09-30,ACH,5405.63,Failed
PAY00010543,ORD00010543,2024-12-01,PayPal,5730.2,Succeeded
PAY00010544,ORD00010544,2024-02-26,Card,4759.26,Succeeded
PAY00010545,ORD00010545,2024-11-12,Card,5643.57,Succeeded
PAY00010546,ORD00010546,2025-07-04,ACH,6098.95,Succeeded
PAY00010547,ORD00010547,2024-02-01,PayPal,1302.39,Succeeded
PAY00010548,ORD00010548,2024-08-17,Card,701.24,Succeeded
PAY00010549,ORD00010549,2024-05-18,Card,1022.88,Succeeded
PAY00010550,ORD00010550,2025-03-16,ACH,2198.85,Succeeded
PAY00010551,ORD00010551,2024-03-24,PayPal,2281.89,Succeeded
PAY00010552,ORD00010552,2024-07-03,PayPal,4586.95,Succeeded
PAY00010553,ORD00010553,2025-01-06,PayPal,5489.95,Succeeded
PAY00010554,ORD00010554,2025-04-18,ACH,3092.7,Failed
PAY00010555,ORD00010555,2025-04-28,Wire,5179.16,Succeeded
PAY00010556,ORD00010556,2024-09-14,PayPal,1856.97,Succeeded
PAY00010557,ORD00010557,2024-06-16,Wire,5105.08,Succeeded
PAY00010558,ORD00010558,2024-05-28,ACH,2053.02,Succeeded
PAY00010559,ORD00010559,2024-03-11,Wire,272.88,Succeeded
PAY00010560,ORD00010560,2024-02-04,Wire,4893.31,Succeeded
PAY00010561,ORD00010561,2025-02-22,PayPal,2434.05,Succeeded
PAY00010562,ORD00010562,2024-04-25,PayPal,2373.44,Succeeded
PAY00010563,ORD00010563,2024-06-12,PayPal,781.69,Succeeded
PAY00010564,ORD00010564,2024-12-29,Card,8989.68,Succeeded
PAY00010565,ORD00010565,2025-03-29,ACH,6780.37,Succeeded
PAY00010566,ORD00010566,2025-11-11,PayPal,4620.17,Pending
PAY00010567,ORD00010567,2024-07-26,Wire,3267.68,Succeeded
PAY00010568,ORD00010568,2024-03-13,ACH,1557.66,Succeeded
PAY00010569,ORD00010569,2024-09-02,Wire,3773.91,Succeeded
PAY00010570,ORD00010570,2024-05-15,PayPal,2559.31,Succeeded
PAY00010571,ORD00010571,2025-12-25,PayPal,6610.05,Pending
PAY00010572,ORD00010572,2024-09-05,ACH,2099.56,Succeeded
PAY00010573,ORD00010573,2025-04-02,Wire,102.43,Succeeded
PAY00010574,ORD00010574,2025-10-04,Wire,190.91,Succeeded
PAY00010575,ORD00010575,2026-02-09,ACH,7337.08,Succeeded
PAY00010576,ORD00010576,2024-07-09,PayPal,3558.89,Succeeded
PAY00010577,ORD00010577,2024-01-16,Wire,2900.0,Succeeded
PAY00010578,ORD00010578,2024-06-08,Wire,4608.53,Succeeded
PAY00010579,ORD00010579,2024-05-14,Card,3750.72,Succeeded
PAY00010580,ORD00010580,2024-08-15,Card,6752.2,Succeeded
PAY00010581,ORD00010581,2025-05-04,Wire,3614.65,Succeeded
PAY00010582,ORD00010582,2024-02-26,ACH,3485.41,Succeeded
PAY00010583,ORD00010583,2025-03-21,Wire,4953.79,Succeeded
PAY00010584,ORD00010584,2025-11-03,Wire,5273.69,Succeeded
PAY00010585,ORD00010585,2026-01-28,Wire,6532.35,Failed
PAY00010586,ORD00010586,2024-12-06,Card,4494.75,Succeeded
PAY00010587,ORD00010587,2024-08-31,PayPal,2975.6,Succeeded
PAY00010588,ORD00010588,2024-01-02,PayPal,5244.06,Succeeded
PAY00010589,ORD00010589,2026-01-31,Wire,3387.35,Succeeded
PAY00010590,ORD00010590,2024-03-15,PayPal,5485.74,Succeeded
PAY00010591,ORD00010591,2025-02-13,Card,1555.63,Succeeded
PAY00010592,ORD00010592,2026-02-01,Card,831.01,Succeeded
PAY00010593,ORD00010593,2024-01-20,Card,3640.24,Succeeded
PAY00010594,ORD00010594,2025-10-15,Wire,860.93,Succeeded
PAY00010595,ORD00010595,2025-08-27,Wire,7380.28,Succeeded
PAY00010596,ORD00010596,2024-03-02,Card,4181.32,Succeeded
PAY00010598,ORD00010598,2024-07-17,PayPal,2674.75,Succeeded
PAY00010599,ORD00010599,2025-10-13,ACH,671.26,Succeeded
PAY00010600,ORD00010600,2025-05-24,Card,1837.05,Pending
PAY00010601,ORD00010601,2024-11-11,Card,3262.81,Succeeded
PAY00010602,ORD00010602,2025-10-22,Wire,2337.64,Succeeded
PAY00010603,ORD00010603,2025-12-31,PayPal,1600.85,Succeeded
PAY00010604,ORD00010604,2025-05-08,Card,9306.22,Succeeded
PAY00010605,ORD00010605,2024-12-09,Card,7676.53,Succeeded
PAY00010606,ORD00010606,2024-07-30,Wire,6711.75,Succeeded
PAY00010607,ORD00010607,2024-03-14,Wire,3997.06,Succeeded
PAY00010608,ORD00010608,2025-05-18,ACH,5009.03,Succeeded
PAY00010609,ORD00010609,2026-02-08,ACH,1895.68,Succeeded
PAY00010610,ORD00010610,2025-09-22,PayPal,2197.39,Succeeded
PAY00010611,ORD00010611,2025-11-22,PayPal,3588.72,Pending
PAY00010612,ORD00010612,2024-05-12,Card,4305.06,Succeeded
PAY00010613,ORD00010613,2024-01-27,Card,5523.33,Succeeded
PAY00010614,ORD00010614,2025-01-01,Wire,1006.34,Succeeded
PAY00010615,ORD00010615,2024-07-14,Wire,2863.74,Succeeded
PAY00010616,ORD00010616,2025-07-31,Card,663.16,Succeeded
PAY00010617,ORD00010617,2024-02-25,ACH,496.98,Succeeded
PAY00010618,ORD00010618,2024-03-03,PayPal,592.19,Succeeded
PAY00010619,ORD00010619,2024-12-19,PayPal,2711.73,Failed
PAY00010620,ORD00010620,2025-02-07,ACH,661.61,Succeeded
PAY00010621,ORD00010621,2024-06-12,ACH,8469.99,Succeeded
PAY00010622,ORD00010622,2025-07-20,ACH,933.26,Succeeded
PAY00010623,ORD00010623,2025-11-04,ACH,758.45,Succeeded
PAY00010624,ORD00010624,2024-05-04,ACH,5888.27,Succeeded
PAY00010625,ORD00010625,2025-04-28,ACH,4620.2,Succeeded
PAY00010626,ORD00010626,2026-02-13,PayPal,4799.37,Pending
PAY00010627,ORD00010627,2024-03-13,Card,4785.62,Succeeded
PAY00010628,ORD00010628,2024-04-16,ACH,3464.11,Succeeded
PAY00010629,ORD00010629,2025-12-25,Card,503.16,Succeeded
PAY00010630,ORD00010630,2024-07-15,PayPal,4040.52,Succeeded
PAY00010631,ORD00010631,2024-02-22,ACH,6684.22,Succeeded
PAY00010632,ORD00010632,2025-01-24,ACH,2866.1,Succeeded
PAY00010633,ORD00010633,2025-04-16,PayPal,3455.48,Succeeded
PAY00010634,ORD00010634,2024-12-24,PayPal,1348.77,Succeeded
PAY00010635,ORD00010635,2024-04-19,ACH,3186.0,Succeeded
PAY00010636,ORD00010636,2025-12-21,Wire,3602.37,Succeeded
PAY00010637,ORD00010637,2024-11-24,ACH,383.0,Succeeded
PAY00010638,ORD00010638,2025-10-06,ACH,5544.51,Succeeded
PAY00010639,ORD00010639,2024-10-19,ACH,273.94,Succeeded
PAY00010640,ORD00010640,2024-04-05,PayPal,5047.44,Pending
PAY00010641,ORD00010641,2025-05-12,ACH,7198.68,Pending
PAY00010642,ORD00010642,2025-02-05,Card,1634.34,Succeeded
PAY00010644,ORD00010644,2024-04-20,Card,4797.64,Succeeded
PAY00010645,ORD00010645,2026-02-10,ACH,9267.93,Succeeded
PAY00010646,ORD00010646,2024-03-28,ACH,236.8,Succeeded
PAY00010647,ORD00010647,2024-01-22,Wire,2232.95,Pending
PAY00010648,ORD00010648,2024-12-11,Wire,7050.24,Succeeded
PAY00010649,ORD00010649,2025-01-18,Wire,86.77,Succeeded
PAY00010650,ORD00010650,2025-11-20,ACH,767.11,Succeeded
PAY00010651,ORD00010651,2025-10-30,ACH,6085.69,Succeeded
PAY00010652,ORD00010652,2025-03-06,ACH,2428.99,Succeeded
PAY00010653,ORD00010653,2024-10-03,ACH,2752.46,Succeeded
PAY00010654,ORD00010654,2025-03-23,Card,2810.02,Succeeded
PAY00010655,ORD00010655,2025-10-03,Card,6427.76,Succeeded
PAY00010656,ORD00010656,2024-08-17,PayPal,468.02,Succeeded
PAY00010657,ORD00010657,2025-07-28,Card,6283.98,Succeeded
PAY00010658,ORD00010658,2024-09-14,PayPal,3162.54,Succeeded
PAY00010659,ORD00010659,2025-01-09,Wire,1750.39,Succeeded
PAY00010660,ORD00010660,2024-05-18,Wire,672.6,Succeeded
PAY00010661,ORD00010661,2025-05-11,Card,3245.15,Succeeded
PAY00010662,ORD00010662,2024-02-02,PayPal,94.29,Succeeded
PAY00010663,ORD00010663,2024-11-06,Wire,3505.76,Succeeded
PAY00010664,ORD00010664,2024-05-19,Card,2600.59,Succeeded
PAY00010665,ORD00010665,2024-02-09,Card,4530.05,Succeeded
PAY00010666,ORD00010666,2026-01-11,Card,836.17,Succeeded
PAY00010667,ORD00010667,2026-01-15,Wire,6292.81,Succeeded
PAY00010668,ORD00010668,2026-02-18,ACH,2038.31,Succeeded
PAY00010670,ORD00010670,2024-01-26,ACH,1925.86,Succeeded
PAY00010672,ORD00010672,2024-11-15,Card,8405.3,Succeeded
PAY00010673,ORD00010673,2024-03-05,Wire,3803.98,Succeeded
PAY00010674,ORD00010674,2026-02-19,ACH,1577.0,Succeeded
PAY00010675,ORD00010675,2024-05-12,ACH,3270.01,Succeeded
PAY00010676,ORD00010676,2026-03-03,Card,408.33,Succeeded
PAY00010678,ORD00010678,2025-05-27,Card,6670.48,Succeeded
PAY00010679,ORD00010679,2025-03-10,Card,324.26,Succeeded
PAY00010680,ORD00010680,2025-12-04,Wire,6063.97,Succeeded
PAY00010682,ORD00010682,2025-03-08,PayPal,1597.39,Succeeded
PAY00010683,ORD00010683,2024-03-30,Card,4206.05,Succeeded
PAY00010684,ORD00010684,2024-07-01,ACH,4293.6,Succeeded
PAY00010685,ORD00010685,2024-01-28,Card,486.59,Succeeded
PAY00010686,ORD00010686,2024-04-18,ACH,6676.96,Succeeded
PAY00010687,ORD00010687,2025-04-05,ACH,1246.98,Succeeded
PAY00010688,ORD00010688,2025-07-22,Wire,1544.97,Succeeded
PAY00010689,ORD00010689,2024-05-29,PayPal,107.25,Pending
PAY00010690,ORD00010690,2024-09-30,Card,4815.99,Succeeded
PAY00010691,ORD00010691,2025-08-22,Wire,1294.7,Succeeded
PAY00010692,ORD00010692,2024-07-31,ACH,2049.42,Succeeded
PAY00010693,ORD00010693,2025-01-27,Wire,2111.44,Succeeded
PAY00010694,ORD00010694,2024-02-23,ACH,2791.42,Succeeded
PAY00010695,ORD00010695,2024-08-31,ACH,3264.06,Succeeded
PAY00010696,ORD00010696,2025-07-21,Wire,3657.62,Pending
PAY00010697,ORD00010697,2024-07-12,PayPal,3452.57,Succeeded
PAY00010698,ORD00010698,2025-05-25,ACH,3373.57,Succeeded
PAY00010699,ORD00010699,2024-01-26,Card,1647.67,Succeeded
PAY00010701,ORD00010701,2024-03-13,ACH,3139.43,Succeeded
PAY00010702,ORD00010702,2024-03-09,ACH,2738.25,Succeeded
PAY00010704,ORD00010704,2025-02-14,PayPal,5817.84,Succeeded
PAY00010705,ORD00010705,2025-07-26,PayPal,1295.1,Succeeded
PAY00010706,ORD00010706,2025-02-07,ACH,3636.19,Succeeded
PAY00010707,ORD00010707,2025-08-18,Card,254.9,Succeeded
PAY00010708,ORD00010708,2025-02-13,Card,1994.05,Succeeded
PAY00010709,ORD00010709,2024-09-18,Card,4713.5,Succeeded
PAY00010710,ORD00010710,2025-04-15,Wire,5375.29,Succeeded
PAY00010711,ORD00010711,2025-03-15,PayPal,4127.04,Succeeded
PAY00010712,ORD00010712,2024-03-04,Card,3612.53,Succeeded
PAY00010713,ORD00010713,2024-06-30,ACH,11089.81,Succeeded
PAY00010714,ORD00010714,2024-06-24,ACH,3021.22,Succeeded
PAY00010715,ORD00010715,2025-04-03,PayPal,3820.82,Succeeded
PAY00010716,ORD00010716,2024-03-14,PayPal,160.87,Succeeded
PAY00010717,ORD00010717,2024-02-29,Wire,2070.64,Failed
PAY00010718,ORD00010718,2024-01-21,ACH,4887.13,Succeeded
PAY00010719,ORD00010719,2025-05-22,Card,3087.93,Succeeded
PAY00010720,ORD00010720,2026-01-26,PayPal,5214.49,Succeeded
PAY00010721,ORD00010721,2025-01-03,PayPal,2643.48,Succeeded
PAY00010722,ORD00010722,2025-01-05,Card,4809.11,Succeeded
PAY00010723,ORD00010723,2025-10-29,Wire,845.23,Succeeded
PAY00010724,ORD00010724,2024-12-17,ACH,331.9,Succeeded
PAY00010725,ORD00010725,2025-11-25,Wire,6817.14,Succeeded
PAY00010726,ORD00010726,2024-04-25,Card,2426.36,Succeeded
PAY00010727,ORD00010727,2025-01-14,ACH,3924.36,Succeeded
PAY00010728,ORD00010728,2025-12-18,Wire,4215.66,Pending
PAY00010729,ORD00010729,2024-04-03,ACH,3571.1,Succeeded
PAY00010730,ORD00010730,2024-01-28,Wire,6554.27,Failed
PAY00010731,ORD00010731,2025-03-18,PayPal,3642.35,Succeeded
PAY00010732,ORD00010732,2025-05-06,ACH,2132.54,Succeeded
PAY00010733,ORD00010733,2025-11-28,ACH,3477.63,Succeeded
PAY00010734,ORD00010734,2025-08-04,ACH,5854.18,Succeeded
PAY00010735,ORD00010735,2024-10-03,Card,5388.26,Succeeded
PAY00010736,ORD00010736,2025-09-09,Wire,7839.71,Succeeded
PAY00010737,ORD00010737,2024-10-31,ACH,2981.63,Succeeded
PAY00010738,ORD00010738,2025-10-01,Card,54.78,Succeeded
PAY00010739,ORD00010739,2024-01-23,PayPal,2221.48,Succeeded
PAY00010741,ORD00010741,2025-01-11,Card,1114.06,Succeeded
PAY00010742,ORD00010742,2025-12-10,Wire,3722.57,Succeeded
PAY00010743,ORD00010743,2024-09-20,Wire,4996.25,Succeeded
PAY00010744,ORD00010744,2024-10-09,Card,1319.57,Succeeded
PAY00010745,ORD00010745,2025-09-13,PayPal,3066.72,Succeeded
PAY00010746,ORD00010746,2025-12-17,ACH,2261.21,Pending
PAY00010747,ORD00010747,2024-12-02,ACH,8833.93,Succeeded
PAY00010748,ORD00010748,2024-06-12,PayPal,6410.85,Succeeded
PAY00010749,ORD00010749,2026-02-03,Card,314.82,Succeeded
PAY00010750,ORD00010750,2025-07-15,Wire,2390.59,Succeeded
PAY00010751,ORD00010751,2024-11-16,Wire,4357.91,Succeeded
PAY00010752,ORD00010752,2025-07-06,PayPal,4792.06,Succeeded
PAY00010753,ORD00010753,2025-05-25,PayPal,918.03,Succeeded
PAY00010754,ORD00010754,2026-02-07,PayPal,4354.76,Succeeded
PAY00010755,ORD00010755,2025-10-10,PayPal,2067.11,Failed
PAY00010756,ORD00010756,2024-05-30,Card,7779.46,Succeeded
PAY00010757,ORD00010757,2024-11-09,PayPal,4993.89,Succeeded
PAY00010758,ORD00010758,2024-07-01,Card,2079.67,Succeeded
PAY00010759,ORD00010759,2024-03-22,PayPal,4700.65,Succeeded
PAY00010760,ORD00010760,2024-06-08,Card,1788.7,Pending
PAY00010761,ORD00010761,2024-12-07,ACH,4253.56,Failed
PAY00010762,ORD00010762,2025-12-13,PayPal,5365.36,Succeeded
PAY00010763,ORD00010763,2024-09-22,Wire,3537.15,Succeeded
PAY00010764,ORD00010764,2026-01-08,Card,507.03,Succeeded
PAY00010765,ORD00010765,2024-12-29,ACH,5065.96,Succeeded
PAY00010766,ORD00010766,2024-05-21,Card,2843.74,Succeeded
PAY00010767,ORD00010767,2025-07-29,ACH,2519.71,Succeeded
PAY00010768,ORD00010768,2025-05-01,Wire,9731.79,Succeeded
PAY00010769,ORD00010769,2024-01-02,Wire,5269.08,Succeeded
PAY00010770,ORD00010770,2024-06-26,Wire,6645.9,Succeeded
PAY00010771,ORD00010771,2025-10-04,Wire,244.9,Succeeded
PAY00010773,ORD00010773,2025-12-31,Wire,2740.59,Succeeded
PAY00010774,ORD00010774,2024-12-04,PayPal,1802.56,Succeeded
PAY00010775,ORD00010775,2024-10-25,Card,7006.96,Succeeded
PAY00010776,ORD00010776,2024-04-02,Wire,3549.36,Succeeded
PAY00010777,ORD00010777,2024-05-17,Card,7571.17,Succeeded
PAY00010778,ORD00010778,2025-12-30,ACH,4267.37,Succeeded
PAY00010779,ORD00010779,2024-05-03,ACH,1208.47,Succeeded
PAY00010780,ORD00010780,2024-11-19,Wire,3653.48,Succeeded
PAY00010781,ORD00010781,2024-03-06,PayPal,3761.28,Succeeded
PAY00010782,ORD00010782,2024-09-28,Card,3174.83,Succeeded
PAY00010783,ORD00010783,2024-05-09,PayPal,3077.25,Succeeded
PAY00010784,ORD00010784,2025-01-07,ACH,4578.84,Succeeded
PAY00010785,ORD00010785,2024-06-01,ACH,310.7,Succeeded
PAY00010786,ORD00010786,2025-12-04,ACH,3531.34,Succeeded
PAY00010787,ORD00010787,2025-02-22,Card,1805.31,Succeeded
PAY00010788,ORD00010788,2024-12-18,Wire,6249.64,Succeeded
PAY00010789,ORD00010789,2024-12-25,Card,3704.33,Succeeded
PAY00010790,ORD00010790,2024-05-18,PayPal,11485.09,Succeeded
PAY00010791,ORD00010791,2024-08-22,PayPal,3971.82,Succeeded
PAY00010792,ORD00010792,2025-11-21,PayPal,1209.25,Succeeded
PAY00010793,ORD00010793,2025-10-28,ACH,3171.51,Succeeded
PAY00010794,ORD00010794,2025-10-01,Card,961.74,Succeeded
PAY00010795,ORD00010795,2025-05-09,ACH,7502.45,Succeeded
PAY00010796,ORD00010796,2025-11-29,Card,2223.74,Succeeded
PAY00010797,ORD00010797,2024-06-26,PayPal,425.36,Succeeded
PAY00010798,ORD00010798,2025-06-09,Card,347.01,Succeeded
PAY00010800,ORD00010800,2024-03-16,Card,3750.69,Failed
PAY00010801,ORD00010801,2025-03-07,PayPal,6526.82,Succeeded
PAY00010802,ORD00010802,2025-10-23,PayPal,6383.76,Succeeded
PAY00010803,ORD00010803,2026-02-16,PayPal,631.22,Succeeded
PAY00010804,ORD00010804,2026-01-03,Card,5682.12,Succeeded
PAY00010805,ORD00010805,2025-11-13,Card,6818.14,Succeeded
PAY00010806,ORD00010806,2024-06-05,ACH,4647.4,Succeeded
PAY00010807,ORD00010807,2024-12-25,Card,345.93,Succeeded
PAY00010808,ORD00010808,2024-02-16,ACH,10721.03,Succeeded
PAY00010809,ORD00010809,2024-04-20,ACH,4765.61,Succeeded
PAY00010810,ORD00010810,2025-04-03,ACH,2535.91,Succeeded
PAY00010811,ORD00010811,2025-06-29,Card,3513.18,Succeeded
PAY00010812,ORD00010812,2025-06-22,ACH,3146.08,Succeeded
PAY00010813,ORD00010813,2025-04-04,Wire,5436.97,Succeeded
PAY00010814,ORD00010814,2024-06-08,PayPal,5280.24,Succeeded
PAY00010816,ORD00010816,2024-10-24,ACH,420.59,Succeeded
PAY00010817,ORD00010817,2025-04-17,PayPal,5590.84,Succeeded
PAY00010819,ORD00010819,2024-08-14,Wire,3909.12,Succeeded
PAY00010820,ORD00010820,2025-07-15,ACH,5989.25,Succeeded
PAY00010821,ORD00010821,2025-03-29,Wire,1644.27,Succeeded
PAY00010822,ORD00010822,2024-09-12,ACH,2191.25,Succeeded
PAY00010823,ORD00010823,2024-08-18,Card,2448.82,Succeeded
PAY00010824,ORD00010824,2024-01-27,Card,959.11,Pending
PAY00010825,ORD00010825,2024-07-29,Card,7154.84,Succeeded
PAY00010826,ORD00010826,2024-11-21,Wire,865.41,Succeeded
PAY00010827,ORD00010827,2024-06-23,Wire,5346.43,Succeeded
PAY00010828,ORD00010828,2024-07-07,Wire,2650.41,Succeeded
PAY00010829,ORD00010829,2024-01-12,PayPal,2909.28,Succeeded
PAY00010830,ORD00010830,2024-01-14,ACH,8641.23,Succeeded
PAY00010831,ORD00010831,2024-12-14,Card,5184.04,Succeeded
PAY00010832,ORD00010832,2024-03-07,PayPal,4381.35,Succeeded
PAY00010833,ORD00010833,2025-01-25,PayPal,2198.91,Succeeded
PAY00010834,ORD00010834,2025-12-16,Card,4296.19,Succeeded
PAY00010835,ORD00010835,2025-06-10,ACH,1995.52,Succeeded
PAY00010836,ORD00010836,2024-09-10,Wire,2736.07,Succeeded
PAY00010838,ORD00010838,2024-05-14,Wire,1962.15,Succeeded
PAY00010839,ORD00010839,2025-04-02,PayPal,2249.33,Succeeded
PAY00010840,ORD00010840,2025-12-14,Card,1698.34,Succeeded
PAY00010841,ORD00010841,2024-11-16,PayPal,4162.15,Succeeded
PAY00010842,ORD00010842,2025-07-27,Card,3318.6,Succeeded
PAY00010843,ORD00010843,2025-01-14,Card,6684.35,Succeeded
PAY00010844,ORD00010844,2024-08-07,ACH,1655.83,Succeeded
PAY00010845,ORD00010845,2026-01-23,ACH,1274.66,Succeeded
PAY00010846,ORD00010846,2025-02-11,PayPal,2679.44,Succeeded
PAY00010847,ORD00010847,2024-04-20,PayPal,6201.66,Succeeded
PAY00010848,ORD00010848,2024-04-01,ACH,3331.47,Succeeded
PAY00010849,ORD00010849,2025-06-16,PayPal,7099.75,Succeeded
PAY00010850,ORD00010850,2025-10-08,PayPal,3883.76,Succeeded
PAY00010851,ORD00010851,2024-08-27,PayPal,3467.08,Succeeded
PAY00010852,ORD00010852,2025-01-31,ACH,5515.08,Succeeded
PAY00010853,ORD00010853,2025-06-19,Card,8046.43,Succeeded
PAY00010854,ORD00010854,2024-12-14,PayPal,3443.21,Succeeded
PAY00010855,ORD00010855,2025-09-24,Wire,6523.77,Succeeded
PAY00010856,ORD00010856,2025-07-08,ACH,5420.28,Succeeded
PAY00010857,ORD00010857,2024-04-25,Wire,1231.08,Succeeded
PAY00010858,ORD00010858,2024-06-05,Wire,3559.64,Succeeded
PAY00010859,ORD00010859,2026-01-09,ACH,1774.27,Pending
PAY00010860,ORD00010860,2024-05-21,PayPal,2741.63,Succeeded
PAY00010861,ORD00010861,2024-09-02,Wire,3716.46,Succeeded
PAY00010862,ORD00010862,2025-12-17,Wire,5241.89,Succeeded
PAY00010863,ORD00010863,2024-05-28,Wire,5585.43,Succeeded
PAY00010864,ORD00010864,2026-01-11,Wire,6214.19,Failed
PAY00010865,ORD00010865,2024-06-24,PayPal,3167.54,Succeeded
PAY00010866,ORD00010866,2025-04-07,ACH,464.15,Succeeded
PAY00010867,ORD00010867,2025-12-14,ACH,3700.02,Succeeded
PAY00010870,ORD00010870,2025-04-11,ACH,3269.51,Succeeded
PAY00010871,ORD00010871,2025-01-22,Card,1046.85,Pending
PAY00010872,ORD00010872,2025-08-29,Wire,3298.18,Succeeded
PAY00010873,ORD00010873,2026-02-06,PayPal,842.03,Succeeded
PAY00010874,ORD00010874,2024-03-24,Card,4612.31,Succeeded
PAY00010875,ORD00010875,2024-07-02,PayPal,2842.11,Succeeded
PAY00010877,ORD00010877,2024-12-13,Card,6022.03,Succeeded
PAY00010878,ORD00010878,2025-03-23,Wire,1693.33,Succeeded
PAY00010880,ORD00010880,2024-07-09,Wire,1806.98,Succeeded
PAY00010881,ORD00010881,2025-06-08,Card,3836.4,Succeeded
PAY00010882,ORD00010882,2025-11-17,Card,1027.11,Succeeded
PAY00010883,ORD00010883,2025-01-21,Wire,2802.93,Succeeded
PAY00010884,ORD00010884,2025-11-01,Wire,4166.24,Succeeded
PAY00010885,ORD00010885,2025-03-24,ACH,9552.05,Succeeded
PAY00010886,ORD00010886,2025-11-18,ACH,981.44,Succeeded
PAY00010887,ORD00010887,2024-05-10,Wire,168.24,Succeeded
PAY00010889,ORD00010889,2025-12-29,ACH,3240.95,Succeeded
PAY00010890,ORD00010890,2024-12-11,PayPal,555.92,Succeeded
PAY00010891,ORD00010891,2026-01-23,Card,5897.6,Succeeded
PAY00010892,ORD00010892,2025-02-23,Card,837.39,Succeeded
PAY00010893,ORD00010893,2024-02-16,Card,8056.68,Succeeded
PAY00010894,ORD00010894,2025-10-28,Wire,514.66,Succeeded
PAY00010895,ORD00010895,2024-08-12,PayPal,4383.13,Succeeded
PAY00010896,ORD00010896,2024-08-14,Wire,1684.57,Succeeded
PAY00010897,ORD00010897,2025-08-23,Wire,2524.06,Succeeded
PAY00010898,ORD00010898,2025-07-13,Card,2706.39,Succeeded
PAY00010899,ORD00010899,2025-01-13,PayPal,1320.92,Succeeded
PAY00010900,ORD00010900,2024-05-13,ACH,5601.63,Succeeded
PAY00010901,ORD00010901,2025-05-23,ACH,767.28,Succeeded
PAY00010903,ORD00010903,2024-06-13,PayPal,3742.01,Succeeded
PAY00010904,ORD00010904,2025-01-18,PayPal,3711.0,Succeeded
PAY00010905,ORD00010905,2024-04-10,Wire,5251.75,Succeeded
PAY00010906,ORD00010906,2024-11-10,ACH,1750.55,Succeeded
PAY00010907,ORD00010907,2025-10-08,ACH,7277.7,Succeeded
PAY00010908,ORD00010908,2025-01-25,Card,5752.24,Succeeded
PAY00010909,ORD00010909,2024-02-19,Wire,1886.28,Succeeded
PAY00010910,ORD00010910,2025-03-16,ACH,7391.1,Succeeded
PAY00010911,ORD00010911,2024-02-26,Card,3656.97,Succeeded
PAY00010912,ORD00010912,2024-01-24,ACH,3571.6,Succeeded
PAY00010913,ORD00010913,2025-12-02,PayPal,762.42,Succeeded
PAY00010914,ORD00010914,2025-10-11,Wire,1751.36,Succeeded
PAY00010915,ORD00010915,2024-09-29,Wire,2471.28,Succeeded
PAY00010916,ORD00010916,2025-05-13,Wire,2195.16,Succeeded
PAY00010917,ORD00010917,2024-01-17,Card,6996.67,Succeeded
PAY00010918,ORD00010918,2024-09-30,Card,1453.05,Succeeded
PAY00010919,ORD00010919,2025-11-01,Card,4177.8,Succeeded
PAY00010920,ORD00010920,2025-07-19,Wire,3922.54,Succeeded
PAY00010921,ORD00010921,2025-04-07,Card,3479.38,Succeeded
PAY00010922,ORD00010922,2024-08-15,Wire,650.97,Succeeded
PAY00010923,ORD00010923,2026-01-11,ACH,4885.85,Succeeded
PAY00010924,ORD00010924,2024-04-06,Card,2612.1,Succeeded
PAY00010925,ORD00010925,2026-01-27,PayPal,2329.11,Succeeded
PAY00010926,ORD00010926,2024-06-19,Wire,7242.48,Succeeded
PAY00010927,ORD00010927,2026-01-13,ACH,3677.03,Succeeded
PAY00010928,ORD00010928,2024-01-22,PayPal,1692.23,Succeeded
PAY00010929,ORD00010929,2024-02-28,Card,2600.89,Succeeded
PAY00010930,ORD00010930,2025-12-23,Card,1493.74,Succeeded
PAY00010931,ORD00010931,2024-09-13,PayPal,7428.27,Succeeded
PAY00010932,ORD00010932,2024-09-03,PayPal,774.1,Succeeded
PAY00010933,ORD00010933,2025-10-06,Card,2002.69,Succeeded
PAY00010934,ORD00010934,2024-11-30,ACH,634.59,Succeeded
PAY00010935,ORD00010935,2024-05-22,ACH,2378.02,Succeeded
PAY00010936,ORD00010936,2024-05-17,Wire,276.38,Succeeded
PAY00010937,ORD00010937,2025-01-12,PayPal,3902.81,Failed
PAY00010938,ORD00010938,2025-04-15,Wire,3109.3,Succeeded
PAY00010940,ORD00010940,2026-01-31,Wire,4709.53,Succeeded
PAY00010941,ORD00010941,2025-03-29,ACH,4166.59,Succeeded
PAY00010942,ORD00010942,2024-11-27,ACH,2850.71,Succeeded
PAY00010943,ORD00010943,2025-07-04,PayPal,1343.27,Succeeded
PAY00010944,ORD00010944,2024-01-22,ACH,7961.9,Succeeded
PAY00010945,ORD00010945,2024-10-09,ACH,1194.36,Succeeded
PAY00010946,ORD00010946,2024-11-09,Card,3993.16,Succeeded
PAY00010947,ORD00010947,2025-01-12,Wire,5138.75,Pending
PAY00010948,ORD00010948,2025-03-31,Wire,4181.33,Succeeded
PAY00010949,ORD00010949,2024-03-15,PayPal,752.22,Succeeded
PAY00010950,ORD00010950,2025-12-27,Card,4696.61,Succeeded
PAY00010951,ORD00010951,2024-06-17,Card,486.9,Succeeded
PAY00010952,ORD00010952,2026-02-17,Wire,6597.88,Succeeded
PAY00010953,ORD00010953,2024-11-17,PayPal,3944.55,Succeeded
PAY00010954,ORD00010954,2024-12-02,Wire,72.04,Succeeded
PAY00010955,ORD00010955,2026-01-03,Wire,884.25,Succeeded
PAY00010956,ORD00010956,2025-08-15,ACH,4692.62,Succeeded
PAY00010957,ORD00010957,2025-05-12,PayPal,3858.45,Succeeded
PAY00010958,ORD00010958,2025-08-11,ACH,651.97,Pending
PAY00010959,ORD00010959,2024-04-20,ACH,1481.63,Succeeded
PAY00010960,ORD00010960,2026-02-28,ACH,6906.36,Failed
PAY00010961,ORD00010961,2024-01-27,PayPal,10086.16,Succeeded
PAY00010962,ORD00010962,2026-01-03,Card,6829.63,Succeeded
PAY00010963,ORD00010963,2025-06-14,PayPal,1061.61,Succeeded
PAY00010964,ORD00010964,2025-07-06,ACH,2147.1,Succeeded
PAY00010965,ORD00010965,2025-02-03,Card,3350.64,Succeeded
PAY00010966,ORD00010966,2025-03-31,PayPal,3673.35,Succeeded
PAY00010967,ORD00010967,2024-04-11,Card,10490.63,Succeeded
PAY00010968,ORD00010968,2025-09-22,Card,4173.14,Succeeded
PAY00010969,ORD00010969,2026-02-05,Wire,6997.26,Succeeded
PAY00010970,ORD00010970,2024-11-08,ACH,2559.46,Succeeded
PAY00010971,ORD00010971,2025-01-11,Wire,7904.73,Succeeded
PAY00010972,ORD00010972,2025-04-12,Wire,8032.19,Succeeded
PAY00010973,ORD00010973,2024-06-07,Card,1255.11,Succeeded
PAY00010974,ORD00010974,2024-01-26,Card,4323.31,Succeeded
PAY00010975,ORD00010975,2025-06-12,PayPal,546.59,Succeeded
PAY00010976,ORD00010976,2024-04-16,ACH,2862.33,Succeeded
PAY00010977,ORD00010977,2025-10-02,ACH,3657.62,Succeeded
PAY00010978,ORD00010978,2024-06-02,ACH,6740.66,Succeeded
PAY00010979,ORD00010979,2025-06-02,Wire,1558.18,Succeeded
PAY00010980,ORD00010980,2025-06-29,ACH,4576.8,Succeeded
PAY00010981,ORD00010981,2026-01-19,Card,4293.39,Succeeded
PAY00010982,ORD00010982,2024-02-24,Card,7247.15,Succeeded
PAY00010983,ORD00010983,2024-03-24,ACH,3594.72,Succeeded
PAY00010985,ORD00010985,2024-06-10,ACH,5308.9,Succeeded
PAY00010986,ORD00010986,2024-04-23,Wire,3232.78,Succeeded
PAY00010987,ORD00010987,2025-05-28,PayPal,4663.16,Succeeded
PAY00010988,ORD00010988,2025-07-08,Card,793.63,Succeeded
PAY00010989,ORD00010989,2025-05-31,ACH,5506.47,Succeeded
PAY00010990,ORD00010990,2024-06-11,ACH,7589.17,Succeeded
PAY00010991,ORD00010991,2025-02-16,Card,1698.36,Succeeded
PAY00010992,ORD00010992,2025-09-17,PayPal,212.29,Succeeded
PAY00010993,ORD00010993,2025-04-27,PayPal,4609.75,Succeeded
PAY00010994,ORD00010994,2024-10-31,Wire,1178.39,Succeeded
PAY00010995,ORD00010995,2025-06-02,Card,8606.86,Succeeded
PAY00010996,ORD00010996,2024-06-11,PayPal,6264.56,Pending
PAY00010997,ORD00010997,2024-02-07,PayPal,3803.67,Succeeded
PAY00010998,ORD00010998,2024-12-24,ACH,201.26,Succeeded
PAY00010999,ORD00010999,2025-08-14,Card,1585.76,Succeeded
PAY00011000,ORD00011000,2025-09-02,ACH,5096.24,Succeeded
PAY00011001,ORD00011001,2025-05-05,Card,2904.43,Succeeded
PAY00011002,ORD00011002,2025-01-27,ACH,4055.74,Succeeded
PAY00011003,ORD00011003,2025-06-11,Card,6830.31,Succeeded
PAY00011004,ORD00011004,2025-04-02,Wire,3904.49,Succeeded
PAY00011005,ORD00011005,2025-08-03,Wire,2393.97,Succeeded
PAY00011006,ORD00011006,2024-07-01,Card,18.95,Succeeded
PAY00011007,ORD00011007,2024-03-15,PayPal,4185.73,Succeeded
PAY00011008,ORD00011008,2024-01-14,Card,4429.76,Succeeded
PAY00011009,ORD00011009,2024-03-05,Card,2609.03,Succeeded
PAY00011010,ORD00011010,2025-01-08,Card,4628.16,Succeeded
PAY00011011,ORD00011011,2025-08-03,Wire,915.63,Succeeded
PAY00011012,ORD00011012,2025-05-16,Card,2643.27,Succeeded
PAY00011013,ORD00011013,2025-12-03,ACH,1025.18,Failed
PAY00011014,ORD00011014,2024-04-10,PayPal,5633.55,Succeeded
PAY00011016,ORD00011016,2024-10-25,PayPal,2597.84,Succeeded
PAY00011018,ORD00011018,2025-08-18,ACH,2973.34,Succeeded
PAY00011019,ORD00011019,2024-11-19,PayPal,4072.07,Succeeded
PAY00011020,ORD00011020,2024-08-04,ACH,2455.49,Succeeded
PAY00011021,ORD00011021,2025-05-23,Card,2267.72,Succeeded
PAY00011022,ORD00011022,2025-04-08,Wire,6866.67,Succeeded
PAY00011023,ORD00011023,2024-05-17,PayPal,3541.48,Succeeded
PAY00011024,ORD00011024,2024-06-24,ACH,6071.36,Succeeded
PAY00011025,ORD00011025,2024-05-13,Wire,3899.57,Succeeded
PAY00011026,ORD00011026,2025-04-16,Wire,6939.52,Succeeded
PAY00011027,ORD00011027,2024-07-20,Card,4248.92,Succeeded
PAY00011028,ORD00011028,2024-11-21,ACH,4446.55,Succeeded
PAY00011029,ORD00011029,2025-08-20,Wire,5532.88,Succeeded
PAY00011030,ORD00011030,2025-08-11,ACH,3297.93,Succeeded
PAY00011031,ORD00011031,2025-02-24,ACH,4964.56,Failed
PAY00011032,ORD00011032,2024-11-15,ACH,3199.45,Succeeded
PAY00011033,ORD00011033,2025-07-06,Wire,3795.45,Succeeded
PAY00011034,ORD00011034,2024-06-19,Card,1094.54,Succeeded
PAY00011035,ORD00011035,2025-08-15,Wire,7816.51,Succeeded
PAY00011036,ORD00011036,2025-01-10,Card,2708.53,Succeeded
PAY00011037,ORD00011037,2025-06-25,Wire,1028.76,Succeeded
PAY00011038,ORD00011038,2026-02-27,Wire,495.53,Succeeded
PAY00011039,ORD00011039,2024-08-20,PayPal,2137.93,Succeeded
PAY00011040,ORD00011040,2025-09-09,Card,1597.78,Succeeded
PAY00011041,ORD00011041,2024-02-20,Card,1217.95,Succeeded
PAY00011042,ORD00011042,2025-02-28,ACH,6000.97,Succeeded
PAY00011043,ORD00011043,2025-08-04,PayPal,2673.31,Succeeded
PAY00011045,ORD00011045,2026-01-05,Wire,3238.54,Succeeded
PAY00011047,ORD00011047,2024-11-01,Card,546.14,Succeeded
PAY00011048,ORD00011048,2025-06-23,Card,3375.83,Succeeded
PAY00011050,ORD00011050,2025-08-09,Wire,6493.52,Succeeded
PAY00011051,ORD00011051,2024-03-18,PayPal,3850.89,Succeeded
PAY00011052,ORD00011052,2025-07-17,PayPal,2915.84,Succeeded
PAY00011053,ORD00011053,2024-10-13,PayPal,3313.92,Succeeded
PAY00011055,ORD00011055,2024-04-21,Wire,159.39,Succeeded
PAY00011057,ORD00011057,2024-07-12,ACH,2700.03,Succeeded
PAY00011058,ORD00011058,2025-06-15,Card,7799.79,Succeeded
PAY00011059,ORD00011059,2024-03-07,ACH,717.41,Succeeded
PAY00011060,ORD00011060,2024-01-19,ACH,341.16,Succeeded
PAY00011061,ORD00011061,2024-10-13,Card,3702.96,Succeeded
PAY00011062,ORD00011062,2025-04-23,Wire,249.62,Succeeded
PAY00011063,ORD00011063,2025-04-25,Wire,228.22,Succeeded
PAY00011064,ORD00011064,2024-11-06,Card,1442.83,Succeeded
PAY00011065,ORD00011065,2024-03-05,ACH,2726.42,Failed
PAY00011066,ORD00011066,2025-02-27,Card,2668.23,Succeeded
PAY00011067,ORD00011067,2025-05-02,Card,1817.93,Succeeded
PAY00011068,ORD00011068,2026-02-06,ACH,1723.31,Succeeded
PAY00011069,ORD00011069,2026-02-02,Wire,7262.66,Succeeded
PAY00011070,ORD00011070,2024-03-09,ACH,2376.22,Succeeded
PAY00011071,ORD00011071,2025-06-12,Wire,1301.45,Succeeded
PAY00011072,ORD00011072,2026-02-20,Card,292.94,Succeeded
PAY00011073,ORD00011073,2025-05-06,Card,1344.32,Succeeded
PAY00011074,ORD00011074,2025-12-22,Wire,9187.66,Succeeded
PAY00011075,ORD00011075,2024-03-29,Wire,6082.78,Succeeded
PAY00011076,ORD00011076,2025-10-24,ACH,6881.2,Succeeded
PAY00011077,ORD00011077,2025-10-23,PayPal,3782.2,Succeeded
PAY00011078,ORD00011078,2025-12-02,ACH,2464.78,Succeeded
PAY00011080,ORD00011080,2024-11-21,Card,4955.09,Succeeded
PAY00011081,ORD00011081,2025-06-21,PayPal,1559.58,Succeeded
PAY00011082,ORD00011082,2024-07-03,PayPal,5461.45,Succeeded
PAY00011083,ORD00011083,2026-03-03,PayPal,2104.67,Succeeded
PAY00011084,ORD00011084,2026-02-25,Wire,2727.41,Pending
PAY00011086,ORD00011086,2024-11-23,Wire,271.45,Succeeded
PAY00011087,ORD00011087,2025-12-27,Card,2541.31,Failed
PAY00011088,ORD00011088,2024-06-06,Card,10503.44,Succeeded
PAY00011089,ORD00011089,2024-08-14,Wire,5695.4,Succeeded
PAY00011090,ORD00011090,2025-09-13,Card,351.01,Succeeded
PAY00011092,ORD00011092,2026-02-14,Card,1713.44,Succeeded
PAY00011093,ORD00011093,2025-01-17,ACH,4197.96,Succeeded
PAY00011094,ORD00011094,2024-05-28,PayPal,2497.14,Succeeded
PAY00011095,ORD00011095,2024-02-26,PayPal,992.61,Succeeded
PAY00011096,ORD00011096,2025-04-04,ACH,1915.18,Succeeded
PAY00011097,ORD00011097,2024-04-04,PayPal,3474.99,Succeeded
PAY00011098,ORD00011098,2024-10-06,Card,1627.43,Succeeded
PAY00011099,ORD00011099,2024-10-08,Card,1542.0,Succeeded
PAY00011100,ORD00011100,2025-04-27,PayPal,3702.03,Succeeded
PAY00011101,ORD00011101,2024-12-01,PayPal,1930.76,Succeeded
PAY00011102,ORD00011102,2024-03-26,Wire,3523.12,Succeeded
PAY00011103,ORD00011103,2024-11-03,PayPal,2131.94,Succeeded
PAY00011104,ORD00011104,2025-06-02,Card,12644.48,Succeeded
PAY00011105,ORD00011105,2025-08-16,PayPal,5001.25,Succeeded
PAY00011108,ORD00011108,2025-02-06,ACH,3625.31,Succeeded
PAY00011109,ORD00011109,2024-11-11,PayPal,4029.11,Succeeded
PAY00011110,ORD00011110,2024-01-24,PayPal,3129.24,Succeeded
PAY00011111,ORD00011111,2025-07-24,Card,4143.9,Succeeded
PAY00011112,ORD00011112,2024-02-28,Card,3025.11,Succeeded
PAY00011113,ORD00011113,2025-08-03,PayPal,6945.3,Succeeded
PAY00011114,ORD00011114,2025-04-23,PayPal,4762.69,Succeeded
PAY00011115,ORD00011115,2025-09-26,Wire,1169.58,Succeeded
PAY00011116,ORD00011116,2024-01-20,ACH,3919.81,Succeeded
PAY00011118,ORD00011118,2024-04-05,ACH,1765.62,Succeeded
PAY00011119,ORD00011119,2025-05-09,ACH,606.49,Pending
PAY00011120,ORD00011120,2024-04-22,ACH,2058.92,Failed
PAY00011121,ORD00011121,2025-05-15,PayPal,4624.34,Succeeded
PAY00011122,ORD00011122,2024-07-06,Card,3409.62,Succeeded
PAY00011124,ORD00011124,2025-07-03,Wire,3911.23,Succeeded
PAY00011125,ORD00011125,2024-09-09,Card,729.69,Succeeded
PAY00011126,ORD00011126,2024-03-09,PayPal,1655.07,Succeeded
PAY00011128,ORD00011128,2025-12-01,Card,794.82,Succeeded
PAY00011130,ORD00011130,2024-06-26,ACH,5217.72,Succeeded
PAY00011131,ORD00011131,2025-06-09,Wire,4700.46,Succeeded
PAY00011132,ORD00011132,2024-12-22,Card,1761.71,Succeeded
PAY00011134,ORD00011134,2024-03-31,Card,2342.96,Succeeded
PAY00011135,ORD00011135,2024-06-22,Card,5262.6,Succeeded
PAY00011136,ORD00011136,2024-07-07,Card,2858.95,Succeeded
PAY00011137,ORD00011137,2025-05-23,Wire,5830.41,Succeeded
PAY00011138,ORD00011138,2024-01-19,Wire,1977.74,Succeeded
PAY00011139,ORD00011139,2024-09-07,Card,3907.09,Succeeded
PAY00011140,ORD00011140,2024-03-20,ACH,274.45,Succeeded
PAY00011141,ORD00011141,2024-07-10,ACH,234.35,Succeeded
PAY00011142,ORD00011142,2025-06-11,PayPal,3280.15,Succeeded
PAY00011143,ORD00011143,2025-08-22,ACH,4544.66,Succeeded
PAY00011144,ORD00011144,2025-03-20,Card,4012.34,Succeeded
PAY00011145,ORD00011145,2025-07-17,ACH,1324.2,Succeeded
PAY00011146,ORD00011146,2025-11-22,PayPal,2158.03,Succeeded
PAY00011147,ORD00011147,2025-08-24,Card,2333.69,Succeeded
PAY00011148,ORD00011148,2024-05-31,Wire,3035.67,Succeeded
PAY00011149,ORD00011149,2024-05-09,PayPal,1279.05,Succeeded
PAY00011150,ORD00011150,2025-11-21,Wire,2518.05,Succeeded
PAY00011151,ORD00011151,2025-08-18,Card,1975.86,Succeeded
PAY00011152,ORD00011152,2025-11-01,PayPal,1315.27,Succeeded
PAY00011154,ORD00011154,2024-05-30,ACH,4502.59,Succeeded
PAY00011155,ORD00011155,2024-03-11,PayPal,2568.17,Succeeded
PAY00011156,ORD00011156,2025-05-22,ACH,4898.73,Succeeded
PAY00011157,ORD00011157,2024-08-19,Card,549.97,Succeeded
PAY00011158,ORD00011158,2025-09-23,Card,188.31,Succeeded
PAY00011159,ORD00011159,2024-08-20,ACH,557.49,Succeeded
PAY00011160,ORD00011160,2024-11-17,Wire,883.75,Succeeded
PAY00011161,ORD00011161,2024-10-19,PayPal,748.55,Failed
PAY00011162,ORD00011162,2024-12-23,Wire,3504.66,Succeeded
PAY00011163,ORD00011163,2024-06-18,PayPal,5303.6,Succeeded
PAY00011164,ORD00011164,2026-02-23,PayPal,2564.26,Succeeded
PAY00011165,ORD00011165,2025-11-05,PayPal,1828.46,Succeeded
PAY00011167,ORD00011167,2026-02-04,Wire,5205.2,Succeeded
PAY00011168,ORD00011168,2024-11-12,PayPal,1997.12,Succeeded
PAY00011169,ORD00011169,2024-07-31,Wire,2938.55,Succeeded
PAY00011170,ORD00011170,2025-03-03,ACH,10910.24,Succeeded
PAY00011171,ORD00011171,2024-03-12,ACH,1081.35,Succeeded
PAY00011173,ORD00011173,2024-11-13,ACH,3324.8,Succeeded
PAY00011174,ORD00011174,2024-07-06,Card,2918.29,Failed
PAY00011175,ORD00011175,2025-07-20,PayPal,3741.31,Succeeded
PAY00011177,ORD00011177,2025-10-26,PayPal,2068.05,Succeeded
PAY00011178,ORD00011178,2025-12-19,Card,2626.31,Succeeded
PAY00011179,ORD00011179,2024-02-09,PayPal,1272.36,Succeeded
PAY00011180,ORD00011180,2025-03-07,Card,6297.69,Succeeded
PAY00011181,ORD00011181,2024-10-12,ACH,5965.55,Succeeded
PAY00011182,ORD00011182,2025-05-04,Card,2808.14,Succeeded
PAY00011183,ORD00011183,2025-01-02,Card,3214.35,Succeeded
PAY00011184,ORD00011184,2024-12-25,PayPal,70.64,Succeeded
PAY00011185,ORD00011185,2024-08-12,Card,77.34,Succeeded
PAY00011186,ORD00011186,2024-09-12,Card,1442.4,Succeeded
PAY00011187,ORD00011187,2025-04-27,Wire,127.77,Succeeded
PAY00011188,ORD00011188,2025-04-16,ACH,2576.34,Succeeded
PAY00011189,ORD00011189,2025-11-07,Card,4188.22,Succeeded
PAY00011190,ORD00011190,2024-09-16,PayPal,4671.06,Succeeded
PAY00011191,ORD00011191,2025-05-25,PayPal,3703.43,Succeeded
PAY00011192,ORD00011192,2025-10-20,ACH,2589.47,Succeeded
PAY00011193,ORD00011193,2026-02-21,ACH,7510.98,Succeeded
PAY00011194,ORD00011194,2024-03-23,Card,4959.89,Succeeded
PAY00011195,ORD00011195,2026-01-31,Card,1289.95,Succeeded
PAY00011196,ORD00011196,2024-08-09,Card,3001.86,Succeeded
PAY00011197,ORD00011197,2024-01-07,PayPal,2361.68,Succeeded
PAY00011198,ORD00011198,2025-02-08,Card,5390.41,Succeeded
PAY00011199,ORD00011199,2024-09-23,Wire,2168.01,Succeeded
PAY00011200,ORD00011200,2024-04-10,ACH,4708.49,Succeeded
PAY00011202,ORD00011202,2025-02-15,PayPal,1126.32,Succeeded
PAY00011203,ORD00011203,2024-01-26,ACH,2061.88,Failed
PAY00011204,ORD00011204,2024-01-10,Card,5946.98,Succeeded
PAY00011205,ORD00011205,2025-08-06,Card,3546.11,Succeeded
PAY00011206,ORD00011206,2024-01-18,Card,4488.93,Succeeded
PAY00011207,ORD00011207,2024-04-11,Wire,4450.07,Pending
PAY00011208,ORD00011208,2024-10-05,ACH,3112.48,Succeeded
PAY00011209,ORD00011209,2025-01-06,ACH,6467.93,Pending
PAY00011211,ORD00011211,2024-06-25,ACH,2630.59,Succeeded
PAY00011213,ORD00011213,2024-04-11,PayPal,3981.06,Succeeded
PAY00011214,ORD00011214,2024-10-11,PayPal,2255.06,Succeeded
PAY00011215,ORD00011215,2025-09-18,PayPal,5772.32,Succeeded
PAY00011216,ORD00011216,2025-07-21,PayPal,1176.54,Succeeded
PAY00011218,ORD00011218,2026-01-15,ACH,1524.32,Succeeded
PAY00011219,ORD00011219,2024-05-31,PayPal,6165.32,Succeeded
PAY00011220,ORD00011220,2026-01-14,PayPal,2508.76,Failed
PAY00011221,ORD00011221,2024-02-15,Card,4181.55,Succeeded
PAY00011222,ORD00011222,2025-01-08,ACH,509.82,Succeeded
PAY00011223,ORD00011223,2024-12-12,Card,6647.62,Succeeded
PAY00011224,ORD00011224,2024-03-11,PayPal,10235.78,Succeeded
PAY00011225,ORD00011225,2025-09-15,ACH,555.67,Succeeded
PAY00011226,ORD00011226,2024-08-02,PayPal,4669.24,Succeeded
PAY00011227,ORD00011227,2025-12-19,Wire,1366.0,Succeeded
PAY00011228,ORD00011228,2024-04-16,PayPal,8121.79,Succeeded
PAY00011229,ORD00011229,2024-12-20,ACH,1646.5,Succeeded
PAY00011230,ORD00011230,2025-04-11,Wire,2881.81,Succeeded
PAY00011231,ORD00011231,2025-05-11,ACH,137.72,Failed
PAY00011232,ORD00011232,2025-05-14,Wire,3275.62,Succeeded
PAY00011233,ORD00011233,2025-08-04,Wire,3909.23,Succeeded
PAY00011234,ORD00011234,2024-02-24,ACH,5059.61,Succeeded
PAY00011235,ORD00011235,2025-04-04,Wire,973.61,Succeeded
PAY00011236,ORD00011236,2024-07-24,ACH,2773.73,Succeeded
PAY00011237,ORD00011237,2025-10-31,ACH,3878.3,Succeeded
PAY00011238,ORD00011238,2026-01-21,PayPal,908.17,Succeeded
PAY00011240,ORD00011240,2024-03-30,ACH,7477.73,Succeeded
PAY00011241,ORD00011241,2024-02-05,PayPal,3930.45,Succeeded
PAY00011242,ORD00011242,2025-01-20,PayPal,3429.91,Succeeded
PAY00011243,ORD00011243,2024-10-10,PayPal,1624.38,Succeeded
PAY00011244,ORD00011244,2024-09-14,Wire,1159.21,Succeeded
PAY00011245,ORD00011245,2024-12-29,PayPal,5587.72,Succeeded
PAY00011246,ORD00011246,2025-05-15,PayPal,2991.74,Succeeded
PAY00011247,ORD00011247,2024-12-10,Wire,3885.77,Succeeded
PAY00011248,ORD00011248,2025-04-02,PayPal,5430.5,Succeeded
PAY00011249,ORD00011249,2024-05-01,Card,8122.36,Succeeded
PAY00011250,ORD00011250,2024-12-06,Wire,3207.55,Succeeded
PAY00011251,ORD00011251,2026-01-09,ACH,3076.25,Succeeded
PAY00011252,ORD00011252,2024-04-21,ACH,3126.86,Succeeded
PAY00011253,ORD00011253,2024-06-30,Card,3141.61,Succeeded
PAY00011254,ORD00011254,2025-03-16,Card,1719.97,Succeeded
PAY00011255,ORD00011255,2025-04-06,ACH,3417.36,Succeeded
PAY00011256,ORD00011256,2024-05-27,Card,1638.24,Succeeded
PAY00011258,ORD00011258,2025-07-29,Wire,5107.54,Succeeded
PAY00011259,ORD00011259,2025-01-13,Wire,4402.29,Succeeded
PAY00011260,ORD00011260,2024-10-01,Wire,1439.63,Succeeded
PAY00011261,ORD00011261,2024-10-14,PayPal,1399.11,Succeeded
PAY00011262,ORD00011262,2024-08-23,Card,1902.23,Succeeded
PAY00011263,ORD00011263,2024-01-11,Card,2081.13,Succeeded
PAY00011266,ORD00011266,2025-01-04,PayPal,364.87,Succeeded
PAY00011267,ORD00011267,2025-12-11,Card,5203.0,Succeeded
PAY00011268,ORD00011268,2024-11-21,Wire,5087.55,Succeeded
PAY00011269,ORD00011269,2025-06-29,ACH,4035.7,Succeeded
PAY00011270,ORD00011270,2025-01-21,ACH,4894.85,Succeeded
PAY00011271,ORD00011271,2025-07-07,ACH,2278.56,Succeeded
PAY00011272,ORD00011272,2024-12-05,PayPal,6011.39,Pending
PAY00011273,ORD00011273,2026-02-04,Wire,2490.16,Succeeded
PAY00011274,ORD00011274,2024-07-13,PayPal,4949.73,Succeeded
PAY00011275,ORD00011275,2024-11-26,Wire,8233.43,Succeeded
PAY00011276,ORD00011276,2025-01-30,Card,2355.51,Succeeded
PAY00011277,ORD00011277,2026-02-10,ACH,3110.05,Succeeded
PAY00011278,ORD00011278,2025-10-14,ACH,2622.37,Succeeded
PAY00011279,ORD00011279,2025-05-10,ACH,3532.62,Succeeded
PAY00011280,ORD00011280,2024-07-08,PayPal,5110.71,Succeeded
PAY00011281,ORD00011281,2025-05-25,ACH,4778.32,Succeeded
PAY00011282,ORD00011282,2025-05-10,Card,5315.96,Pending
PAY00011283,ORD00011283,2024-01-16,Card,8558.39,Succeeded
PAY00011284,ORD00011284,2025-01-03,Card,5477.73,Succeeded
PAY00011285,ORD00011285,2025-05-30,PayPal,4665.58,Succeeded
PAY00011286,ORD00011286,2024-11-15,Card,3219.96,Succeeded
PAY00011287,ORD00011287,2024-07-16,Card,3856.12,Succeeded
PAY00011288,ORD00011288,2025-09-15,Wire,2122.02,Succeeded
PAY00011289,ORD00011289,2024-02-28,PayPal,6545.73,Succeeded
PAY00011290,ORD00011290,2026-01-01,PayPal,5406.01,Succeeded
PAY00011291,ORD00011291,2025-07-16,Card,5677.55,Succeeded
PAY00011292,ORD00011292,2025-03-15,ACH,4273.74,Succeeded
PAY00011293,ORD00011293,2025-06-18,ACH,4808.02,Failed
PAY00011294,ORD00011294,2024-09-18,Card,4295.27,Succeeded
PAY00011296,ORD00011296,2024-04-08,Wire,1752.75,Succeeded
PAY00011297,ORD00011297,2024-06-27,Wire,4644.64,Succeeded
PAY00011298,ORD00011298,2025-03-25,ACH,4289.15,Succeeded
PAY00011299,ORD00011299,2024-05-19,Wire,3548.85,Pending
PAY00011300,ORD00011300,2025-02-23,PayPal,2141.56,Succeeded
PAY00011301,ORD00011301,2025-03-17,PayPal,5361.41,Succeeded
PAY00011302,ORD00011302,2025-07-13,PayPal,1212.98,Failed
PAY00011303,ORD00011303,2024-11-21,Card,4688.89,Succeeded
PAY00011305,ORD00011305,2024-06-10,Card,5769.76,Succeeded
PAY00011306,ORD00011306,2024-12-01,PayPal,237.5,Succeeded
PAY00011307,ORD00011307,2026-02-04,ACH,3498.6,Succeeded
PAY00011308,ORD00011308,2024-11-22,Wire,3489.51,Succeeded
PAY00011309,ORD00011309,2025-10-26,Card,999.44,Succeeded
PAY00011310,ORD00011310,2024-11-02,ACH,2695.22,Succeeded
PAY00011311,ORD00011311,2025-02-19,Wire,270.15,Succeeded
PAY00011313,ORD00011313,2025-10-28,ACH,227.86,Succeeded
PAY00011314,ORD00011314,2025-05-28,PayPal,699.59,Succeeded
PAY00011315,ORD00011315,2026-01-11,Wire,678.7,Succeeded
PAY00011316,ORD00011316,2025-12-20,Card,2818.14,Failed
PAY00011317,ORD00011317,2024-04-07,PayPal,4273.69,Succeeded
PAY00011318,ORD00011318,2024-02-11,ACH,3785.54,Succeeded
PAY00011319,ORD00011319,2026-01-27,Card,5956.79,Pending
PAY00011320,ORD00011320,2025-12-04,Wire,4884.32,Succeeded
PAY00011321,ORD00011321,2024-07-30,ACH,4343.5,Pending
PAY00011322,ORD00011322,2024-12-02,Card,8329.85,Succeeded
PAY00011323,ORD00011323,2025-03-07,PayPal,4013.65,Succeeded
PAY00011325,ORD00011325,2024-08-23,PayPal,8813.7,Succeeded
PAY00011326,ORD00011326,2024-03-15,Card,3319.59,Succeeded
PAY00011327,ORD00011327,2025-06-25,Card,2050.82,Succeeded
PAY00011328,ORD00011328,2025-07-06,Card,92.72,Succeeded
PAY00011329,ORD00011329,2025-02-16,ACH,1600.86,Succeeded
PAY00011330,ORD00011330,2024-02-22,PayPal,4058.37,Pending
PAY00011331,ORD00011331,2025-05-25,PayPal,4043.85,Succeeded
PAY00011332,ORD00011332,2025-11-01,Wire,710.53,Succeeded
PAY00011333,ORD00011333,2024-02-06,PayPal,9635.22,Failed
PAY00011334,ORD00011334,2025-02-12,Wire,4093.32,Succeeded
PAY00011335,ORD00011335,2024-09-05,Card,170.15,Succeeded
PAY00011336,ORD00011336,2025-04-29,ACH,46.93,Succeeded
PAY00011337,ORD00011337,2024-05-09,PayPal,4537.19,Succeeded
PAY00011338,ORD00011338,2024-08-20,Card,3879.84,Succeeded
PAY00011339,ORD00011339,2024-09-30,Wire,993.37,Succeeded
PAY00011340,ORD00011340,2024-07-18,PayPal,4186.49,Succeeded
PAY00011341,ORD00011341,2024-08-11,Wire,2567.66,Succeeded
PAY00011342,ORD00011342,2024-03-03,Card,4998.22,Succeeded
PAY00011343,ORD00011343,2025-09-10,PayPal,2208.72,Succeeded
PAY00011345,ORD00011345,2024-12-04,Card,936.33,Succeeded
PAY00011346,ORD00011346,2025-09-09,ACH,3693.57,Succeeded
PAY00011347,ORD00011347,2024-12-05,Card,2855.82,Succeeded
PAY00011348,ORD00011348,2024-03-05,Card,3182.43,Succeeded
PAY00011349,ORD00011349,2025-09-23,Wire,1496.93,Succeeded
PAY00011350,ORD00011350,2025-03-15,ACH,8090.95,Succeeded
PAY00011351,ORD00011351,2025-08-22,Wire,3137.82,Succeeded
PAY00011352,ORD00011352,2025-08-18,Wire,6864.5,Succeeded
PAY00011353,ORD00011353,2024-02-20,ACH,2185.15,Failed
PAY00011354,ORD00011354,2024-05-08,PayPal,1122.36,Succeeded
PAY00011355,ORD00011355,2024-10-27,PayPal,7692.93,Succeeded
PAY00011356,ORD00011356,2025-03-24,PayPal,672.82,Succeeded
PAY00011357,ORD00011357,2024-09-23,PayPal,6268.16,Succeeded
PAY00011358,ORD00011358,2025-09-21,Card,4554.32,Succeeded
PAY00011359,ORD00011359,2024-07-16,ACH,550.77,Succeeded
PAY00011360,ORD00011360,2024-12-16,ACH,434.35,Succeeded
PAY00011361,ORD00011361,2025-10-15,ACH,1220.22,Succeeded
PAY00011362,ORD00011362,2024-03-20,ACH,3536.14,Succeeded
PAY00011363,ORD00011363,2026-02-15,Card,2286.44,Succeeded
PAY00011364,ORD00011364,2024-07-12,ACH,487.06,Succeeded
PAY00011365,ORD00011365,2026-01-26,Wire,629.28,Succeeded
PAY00011366,ORD00011366,2024-02-12,ACH,4706.89,Succeeded
PAY00011367,ORD00011367,2024-06-01,PayPal,1055.57,Succeeded
PAY00011368,ORD00011368,2024-08-26,ACH,2170.83,Pending
PAY00011369,ORD00011369,2026-01-03,Card,5578.55,Succeeded
PAY00011370,ORD00011370,2025-08-15,PayPal,5985.3,Pending
PAY00011371,ORD00011371,2024-08-26,PayPal,3311.45,Succeeded
PAY00011372,ORD00011372,2024-01-15,Wire,322.9,Succeeded
PAY00011373,ORD00011373,2024-12-06,Card,3500.1,Succeeded
PAY00011374,ORD00011374,2024-07-02,PayPal,383.64,Succeeded
PAY00011376,ORD00011376,2024-07-15,ACH,469.79,Succeeded
PAY00011377,ORD00011377,2025-11-17,Card,1139.3,Succeeded
PAY00011378,ORD00011378,2025-12-20,PayPal,1640.06,Succeeded
PAY00011379,ORD00011379,2024-01-02,Card,36.16,Succeeded
PAY00011380,ORD00011380,2024-01-07,PayPal,5011.86,Succeeded
PAY00011381,ORD00011381,2024-11-13,Card,4911.99,Succeeded
PAY00011382,ORD00011382,2024-01-21,PayPal,5133.57,Succeeded
PAY00011383,ORD00011383,2025-02-14,Card,2188.25,Succeeded
PAY00011384,ORD00011384,2025-01-27,ACH,2617.29,Succeeded
PAY00011385,ORD00011385,2024-06-09,PayPal,820.3,Succeeded
PAY00011386,ORD00011386,2025-05-06,ACH,2480.08,Succeeded
PAY00011387,ORD00011387,2025-12-16,PayPal,1901.35,Succeeded
PAY00011388,ORD00011388,2025-02-23,PayPal,9710.22,Succeeded
PAY00011389,ORD00011389,2024-01-29,Card,4288.32,Succeeded
PAY00011390,ORD00011390,2025-10-28,Wire,8398.61,Succeeded
PAY00011391,ORD00011391,2024-03-18,ACH,1389.54,Succeeded
PAY00011392,ORD00011392,2026-01-23,Card,1604.15,Succeeded
PAY00011393,ORD00011393,2024-11-23,Card,4605.05,Succeeded
PAY00011394,ORD00011394,2025-08-09,Wire,3037.06,Succeeded
PAY00011395,ORD00011395,2025-06-08,Card,1913.59,Succeeded
PAY00011396,ORD00011396,2024-09-01,Card,1680.52,Succeeded
PAY00011397,ORD00011397,2025-01-25,ACH,4061.94,Succeeded
PAY00011398,ORD00011398,2024-12-25,Card,996.01,Succeeded
PAY00011399,ORD00011399,2025-06-24,Card,5040.82,Succeeded
PAY00011401,ORD00011401,2025-01-13,Card,726.98,Succeeded
PAY00011402,ORD00011402,2025-10-01,ACH,3796.14,Succeeded
PAY00011403,ORD00011403,2024-10-16,Wire,3614.96,Succeeded
PAY00011404,ORD00011404,2024-04-05,ACH,748.47,Succeeded
PAY00011405,ORD00011405,2024-07-23,Card,8288.35,Succeeded
PAY00011406,ORD00011406,2025-03-23,Card,193.24,Failed
PAY00011407,ORD00011407,2025-07-15,ACH,3960.78,Succeeded
PAY00011409,ORD00011409,2025-11-05,ACH,3801.81,Succeeded
PAY00011410,ORD00011410,2025-11-18,Card,1556.03,Succeeded
PAY00011411,ORD00011411,2025-10-11,Card,847.62,Succeeded
PAY00011412,ORD00011412,2024-08-05,Card,322.88,Succeeded
PAY00011413,ORD00011413,2025-06-25,Wire,8273.57,Pending
PAY00011414,ORD00011414,2024-06-30,Wire,2689.56,Succeeded
PAY00011415,ORD00011415,2025-12-30,Wire,586.95,Failed
PAY00011416,ORD00011416,2024-08-30,ACH,525.93,Succeeded
PAY00011417,ORD00011417,2024-07-31,Wire,1937.16,Succeeded
PAY00011418,ORD00011418,2026-01-10,PayPal,6294.21,Succeeded
PAY00011419,ORD00011419,2024-01-06,Wire,6230.15,Succeeded
PAY00011420,ORD00011420,2025-09-29,PayPal,6412.98,Succeeded
PAY00011421,ORD00011421,2025-06-30,ACH,1170.83,Succeeded
PAY00011422,ORD00011422,2024-09-04,PayPal,1289.89,Succeeded
PAY00011424,ORD00011424,2025-11-23,Wire,2218.11,Succeeded
PAY00011425,ORD00011425,2025-01-08,Card,4478.67,Succeeded
PAY00011426,ORD00011426,2025-04-15,Card,2829.73,Succeeded
PAY00011427,ORD00011427,2024-03-18,Wire,6989.36,Succeeded
PAY00011429,ORD00011429,2025-05-15,Wire,2317.66,Succeeded
PAY00011430,ORD00011430,2024-08-29,Wire,6085.52,Succeeded
PAY00011431,ORD00011431,2025-04-06,PayPal,2983.59,Succeeded
PAY00011432,ORD00011432,2025-03-31,Card,5067.01,Succeeded
PAY00011433,ORD00011433,2024-03-04,ACH,3947.49,Succeeded
PAY00011434,ORD00011434,2025-01-04,Card,2072.84,Succeeded
PAY00011435,ORD00011435,2025-01-15,PayPal,3978.82,Succeeded
PAY00011436,ORD00011436,2024-07-12,ACH,3044.83,Succeeded
PAY00011438,ORD00011438,2025-01-28,ACH,3635.49,Succeeded
PAY00011439,ORD00011439,2024-10-06,Card,1511.97,Succeeded
PAY00011440,ORD00011440,2024-07-02,Wire,2938.08,Succeeded
PAY00011441,ORD00011441,2024-08-15,Card,233.08,Succeeded
PAY00011442,ORD00011442,2024-12-10,Card,6412.12,Succeeded
PAY00011443,ORD00011443,2024-11-30,PayPal,2426.47,Succeeded
PAY00011445,ORD00011445,2024-10-15,Card,4992.44,Succeeded
PAY00011446,ORD00011446,2024-12-28,PayPal,5297.47,Succeeded
PAY00011447,ORD00011447,2024-06-20,PayPal,5985.37,Succeeded
PAY00011449,ORD00011449,2026-02-17,ACH,2069.43,Succeeded
PAY00011450,ORD00011450,2025-10-25,PayPal,962.53,Succeeded
PAY00011451,ORD00011451,2024-12-02,Wire,113.53,Succeeded
PAY00011452,ORD00011452,2025-07-16,PayPal,1267.29,Succeeded
PAY00011453,ORD00011453,2025-01-06,Wire,1681.7,Failed
PAY00011454,ORD00011454,2025-09-14,Wire,4388.23,Succeeded
PAY00011455,ORD00011455,2024-10-14,Wire,10200.39,Succeeded
PAY00011456,ORD00011456,2024-10-16,PayPal,2101.25,Succeeded
PAY00011457,ORD00011457,2024-09-13,Card,2103.24,Failed
PAY00011458,ORD00011458,2024-03-28,Wire,4544.25,Succeeded
PAY00011460,ORD00011460,2024-06-24,Wire,1759.61,Succeeded
PAY00011461,ORD00011461,2024-08-13,ACH,5200.01,Succeeded
PAY00011462,ORD00011462,2024-09-16,Wire,1962.93,Failed
PAY00011463,ORD00011463,2024-12-22,Card,617.22,Succeeded
PAY00011464,ORD00011464,2025-04-13,Wire,2839.28,Succeeded
PAY00011465,ORD00011465,2025-11-20,PayPal,2851.88,Succeeded
PAY00011466,ORD00011466,2024-11-05,ACH,1079.26,Succeeded
PAY00011467,ORD00011467,2025-05-18,ACH,1893.77,Succeeded
PAY00011468,ORD00011468,2024-09-02,Wire,1423.96,Succeeded
PAY00011469,ORD00011469,2025-06-24,ACH,4219.29,Succeeded
PAY00011471,ORD00011471,2024-06-09,PayPal,2924.75,Succeeded
PAY00011472,ORD00011472,2025-05-16,ACH,6826.04,Succeeded
PAY00011473,ORD00011473,2024-01-28,PayPal,1123.5,Succeeded
PAY00011474,ORD00011474,2026-02-01,Wire,4989.36,Succeeded
PAY00011475,ORD00011475,2024-01-24,ACH,1819.22,Succeeded
PAY00011476,ORD00011476,2025-02-19,Card,6096.62,Succeeded
PAY00011477,ORD00011477,2024-10-29,Card,2077.09,Succeeded
PAY00011478,ORD00011478,2025-09-28,Card,4658.1,Succeeded
PAY00011479,ORD00011479,2024-09-17,ACH,5287.17,Succeeded
PAY00011480,ORD00011480,2024-04-27,PayPal,8520.45,Succeeded
PAY00011481,ORD00011481,2024-07-17,ACH,2150.6,Succeeded
PAY00011482,ORD00011482,2024-12-03,ACH,5880.1,Succeeded
PAY00011483,ORD00011483,2026-02-12,Card,2799.29,Pending
PAY00011484,ORD00011484,2025-10-04,ACH,993.17,Succeeded
PAY00011485,ORD00011485,2025-12-19,Card,2603.81,Succeeded
PAY00011486,ORD00011486,2025-05-22,Card,3220.57,Succeeded
PAY00011487,ORD00011487,2024-01-30,PayPal,759.54,Succeeded
PAY00011488,ORD00011488,2025-10-29,ACH,445.51,Succeeded
PAY00011490,ORD00011490,2024-05-29,ACH,5806.93,Succeeded
PAY00011491,ORD00011491,2024-04-25,Card,3159.96,Succeeded
PAY00011492,ORD00011492,2026-02-18,Wire,3781.31,Succeeded
PAY00011493,ORD00011493,2025-02-06,ACH,1942.52,Succeeded
PAY00011494,ORD00011494,2025-01-04,PayPal,4367.2,Succeeded
PAY00011495,ORD00011495,2025-12-30,Wire,2607.87,Succeeded
PAY00011496,ORD00011496,2024-10-09,Card,130.33,Succeeded
PAY00011497,ORD00011497,2026-03-02,ACH,964.03,Succeeded
PAY00011498,ORD00011498,2025-06-01,Card,2553.01,Succeeded
PAY00011499,ORD00011499,2024-07-18,ACH,8240.37,Succeeded
PAY00011500,ORD00011500,2024-06-08,Wire,2440.47,Succeeded
PAY00011501,ORD00011501,2025-04-27,ACH,3822.54,Succeeded
PAY00011503,ORD00011503,2024-09-07,Wire,1651.15,Succeeded
PAY00011504,ORD00011504,2025-12-20,ACH,1598.22,Succeeded
PAY00011506,ORD00011506,2024-10-02,ACH,9046.55,Succeeded
PAY00011507,ORD00011507,2026-02-19,Card,2967.38,Succeeded
PAY00011508,ORD00011508,2024-10-13,Wire,4848.97,Succeeded
PAY00011509,ORD00011509,2024-10-01,Wire,1320.5,Succeeded
PAY00011510,ORD00011510,2024-12-13,Card,1536.62,Failed
PAY00011511,ORD00011511,2024-07-18,Wire,5697.84,Succeeded
PAY00011512,ORD00011512,2025-04-10,Wire,1127.51,Succeeded
PAY00011513,ORD00011513,2024-04-22,Card,198.04,Succeeded
PAY00011514,ORD00011514,2024-04-16,ACH,8400.61,Succeeded
PAY00011515,ORD00011515,2024-08-22,PayPal,1219.29,Succeeded
PAY00011516,ORD00011516,2026-02-18,Wire,2987.85,Succeeded
PAY00011517,ORD00011517,2025-08-24,ACH,400.05,Pending
PAY00011518,ORD00011518,2024-03-23,ACH,8105.21,Succeeded
PAY00011519,ORD00011519,2024-04-19,PayPal,1599.57,Succeeded
PAY00011520,ORD00011520,2025-11-11,Card,2451.24,Succeeded
PAY00011522,ORD00011522,2025-11-17,Card,2412.33,Succeeded
PAY00011523,ORD00011523,2024-11-11,Card,3156.48,Succeeded
PAY00011524,ORD00011524,2025-07-05,Card,3520.65,Succeeded
PAY00011525,ORD00011525,2025-02-01,Wire,1256.23,Succeeded
PAY00011526,ORD00011526,2025-06-30,ACH,7369.59,Succeeded
PAY00011527,ORD00011527,2024-01-30,ACH,4569.72,Succeeded
PAY00011528,ORD00011528,2024-08-01,PayPal,4645.02,Succeeded
PAY00011529,ORD00011529,2025-09-26,PayPal,114.1,Succeeded
PAY00011530,ORD00011530,2024-07-08,PayPal,1213.77,Succeeded
PAY00011531,ORD00011531,2025-12-15,Wire,2344.19,Succeeded
PAY00011532,ORD00011532,2025-09-06,Card,6478.2,Succeeded
PAY00011533,ORD00011533,2024-06-17,Wire,2802.2,Succeeded
PAY00011535,ORD00011535,2024-10-04,PayPal,2174.61,Succeeded
PAY00011537,ORD00011537,2024-05-29,PayPal,3647.1,Succeeded
PAY00011538,ORD00011538,2024-05-15,PayPal,2472.74,Succeeded
PAY00011540,ORD00011540,2024-08-27,Wire,4620.67,Pending
PAY00011541,ORD00011541,2025-08-14,ACH,822.07,Succeeded
PAY00011542,ORD00011542,2024-07-30,Card,2544.22,Succeeded
PAY00011543,ORD00011543,2024-08-06,PayPal,820.39,Succeeded
PAY00011545,ORD00011545,2026-02-24,Wire,976.53,Succeeded
PAY00011546,ORD00011546,2024-07-22,Card,4712.3,Succeeded
PAY00011547,ORD00011547,2024-04-07,Card,6498.07,Succeeded
PAY00011548,ORD00011548,2024-02-22,PayPal,1274.06,Succeeded
PAY00011549,ORD00011549,2024-07-25,ACH,2597.5,Succeeded
PAY00011551,ORD00011551,2025-12-02,ACH,9259.11,Succeeded
PAY00011552,ORD00011552,2024-02-23,Wire,2710.55,Pending
PAY00011553,ORD00011553,2024-05-03,Wire,1332.13,Succeeded
PAY00011554,ORD00011554,2025-12-30,ACH,1015.07,Failed
PAY00011555,ORD00011555,2025-09-05,Card,2513.66,Succeeded
PAY00011556,ORD00011556,2024-08-21,Card,3198.5,Succeeded
PAY00011557,ORD00011557,2024-03-31,Wire,4909.06,Succeeded
PAY00011558,ORD00011558,2025-11-05,Wire,1702.74,Failed
PAY00011559,ORD00011559,2025-07-22,Card,5646.83,Succeeded
PAY00011560,ORD00011560,2025-08-19,Card,2772.77,Succeeded
PAY00011561,ORD00011561,2024-09-03,Wire,5415.45,Succeeded
PAY00011562,ORD00011562,2024-04-12,Card,3728.19,Succeeded
PAY00011563,ORD00011563,2024-06-15,Card,7469.47,Succeeded
PAY00011565,ORD00011565,2025-07-31,Wire,1190.6,Succeeded
PAY00011566,ORD00011566,2025-04-15,ACH,6057.83,Succeeded
PAY00011567,ORD00011567,2024-01-04,Wire,4423.92,Succeeded
PAY00011568,ORD00011568,2025-04-22,Wire,7473.49,Succeeded
PAY00011569,ORD00011569,2025-09-21,Wire,675.31,Succeeded
PAY00011570,ORD00011570,2024-07-04,ACH,2781.83,Succeeded
PAY00011571,ORD00011571,2025-12-31,ACH,1734.11,Succeeded
PAY00011572,ORD00011572,2024-08-09,ACH,6037.37,Succeeded
PAY00011573,ORD00011573,2024-10-18,Card,4812.24,Succeeded
PAY00011574,ORD00011574,2025-02-02,PayPal,218.06,Succeeded
PAY00011576,ORD00011576,2025-09-17,Card,6212.72,Succeeded
PAY00011577,ORD00011577,2024-04-12,PayPal,1684.21,Succeeded
PAY00011579,ORD00011579,2025-08-05,Card,7332.12,Pending
PAY00011580,ORD00011580,2024-03-02,ACH,4003.72,Succeeded
PAY00011581,ORD00011581,2025-09-06,Wire,4654.38,Succeeded
PAY00011582,ORD00011582,2025-04-26,Card,4981.18,Failed
PAY00011583,ORD00011583,2025-02-03,ACH,463.25,Succeeded
PAY00011584,ORD00011584,2026-02-07,Card,8306.41,Succeeded
PAY00011585,ORD00011585,2025-07-17,PayPal,2930.6,Succeeded
PAY00011586,ORD00011586,2025-12-29,ACH,2846.78,Succeeded
PAY00011589,ORD00011589,2025-01-31,Card,3236.28,Succeeded
PAY00011590,ORD00011590,2025-10-05,Card,4378.41,Succeeded
PAY00011591,ORD00011591,2024-02-12,PayPal,5084.47,Succeeded
PAY00011592,ORD00011592,2024-08-31,PayPal,1203.47,Succeeded
PAY00011593,ORD00011593,2026-02-28,Wire,4885.64,Succeeded
PAY00011594,ORD00011594,2024-08-04,Wire,2021.57,Succeeded
PAY00011595,ORD00011595,2024-12-03,Card,7075.06,Succeeded
PAY00011596,ORD00011596,2024-03-26,Card,9487.16,Failed
PAY00011597,ORD00011597,2025-10-10,Wire,3382.5,Succeeded
PAY00011598,ORD00011598,2026-02-25,Wire,5694.18,Succeeded
PAY00011599,ORD00011599,2025-12-03,Card,4572.28,Pending
PAY00011600,ORD00011600,2024-06-06,PayPal,3113.66,Succeeded
PAY00011601,ORD00011601,2024-12-25,ACH,922.51,Succeeded
PAY00011602,ORD00011602,2024-12-31,ACH,1638.37,Succeeded
PAY00011603,ORD00011603,2025-05-24,ACH,1483.54,Succeeded
PAY00011604,ORD00011604,2024-06-09,PayPal,3696.56,Succeeded
PAY00011606,ORD00011606,2024-02-11,Wire,2296.31,Succeeded
PAY00011607,ORD00011607,2024-08-03,Card,2519.82,Succeeded
PAY00011608,ORD00011608,2024-03-29,ACH,1892.2,Succeeded
PAY00011609,ORD00011609,2024-01-11,Card,5740.75,Succeeded
PAY00011610,ORD00011610,2025-09-06,Card,6222.18,Succeeded
PAY00011611,ORD00011611,2025-02-19,PayPal,7950.3,Succeeded
PAY00011612,ORD00011612,2025-03-28,Wire,5943.52,Succeeded
PAY00011614,ORD00011614,2024-06-13,Wire,990.23,Succeeded
PAY00011615,ORD00011615,2024-04-25,Card,1555.61,Succeeded
PAY00011616,ORD00011616,2024-09-07,ACH,3066.62,Pending
PAY00011617,ORD00011617,2026-02-27,PayPal,6216.32,Succeeded
PAY00011618,ORD00011618,2026-01-11,Card,1675.71,Succeeded
PAY00011619,ORD00011619,2024-12-09,ACH,3936.07,Succeeded
PAY00011620,ORD00011620,2024-09-23,PayPal,5427.67,Succeeded
PAY00011622,ORD00011622,2024-10-19,Wire,574.54,Pending
PAY00011623,ORD00011623,2025-02-28,ACH,2833.26,Succeeded
PAY00011624,ORD00011624,2025-07-10,Wire,2945.5,Succeeded
PAY00011625,ORD00011625,2025-01-12,PayPal,1083.1,Pending
PAY00011626,ORD00011626,2024-04-30,ACH,5917.17,Succeeded
PAY00011627,ORD00011627,2025-09-01,PayPal,828.87,Succeeded
PAY00011628,ORD00011628,2025-03-07,PayPal,8888.64,Succeeded
PAY00011629,ORD00011629,2024-07-30,PayPal,3381.85,Succeeded
PAY00011630,ORD00011630,2024-07-14,Wire,946.09,Succeeded
PAY00011631,ORD00011631,2025-09-17,ACH,7536.61,Succeeded
PAY00011632,ORD00011632,2024-09-10,ACH,771.53,Succeeded
PAY00011633,ORD00011633,2024-01-05,Wire,152.08,Succeeded
PAY00011634,ORD00011634,2024-05-28,Card,1750.09,Succeeded
PAY00011635,ORD00011635,2024-01-04,Wire,4971.8,Succeeded
PAY00011636,ORD00011636,2024-05-17,Card,2076.44,Succeeded
PAY00011637,ORD00011637,2025-02-03,PayPal,711.05,Succeeded
PAY00011639,ORD00011639,2025-12-24,ACH,2597.16,Succeeded
PAY00011640,ORD00011640,2024-08-16,ACH,1030.2,Succeeded
PAY00011641,ORD00011641,2025-11-18,Wire,1340.06,Succeeded
PAY00011642,ORD00011642,2024-11-18,Card,2783.87,Succeeded
PAY00011644,ORD00011644,2024-12-22,Card,1925.65,Succeeded
PAY00011646,ORD00011646,2026-02-27,Wire,4773.68,Succeeded
PAY00011647,ORD00011647,2025-01-08,Card,4591.1,Succeeded
PAY00011648,ORD00011648,2024-06-19,PayPal,272.9,Succeeded
PAY00011649,ORD00011649,2025-02-02,ACH,551.17,Succeeded
PAY00011650,ORD00011650,2025-10-27,Card,618.19,Succeeded
PAY00011651,ORD00011651,2024-03-14,Wire,5289.06,Succeeded
PAY00011652,ORD00011652,2025-03-29,PayPal,1509.3,Succeeded
PAY00011653,ORD00011653,2026-01-08,PayPal,3890.97,Succeeded
PAY00011654,ORD00011654,2024-01-26,Card,5959.52,Succeeded
PAY00011655,ORD00011655,2024-05-01,Card,495.55,Succeeded
PAY00011656,ORD00011656,2024-07-13,Card,388.62,Succeeded
PAY00011657,ORD00011657,2025-12-14,Wire,2481.78,Succeeded
PAY00011659,ORD00011659,2025-01-20,Wire,5736.74,Succeeded
PAY00011660,ORD00011660,2025-06-21,Card,3201.71,Succeeded
PAY00011661,ORD00011661,2025-06-07,Wire,2802.56,Succeeded
PAY00011662,ORD00011662,2024-03-14,Card,1763.39,Succeeded
PAY00011663,ORD00011663,2024-10-29,Card,4193.22,Failed
PAY00011664,ORD00011664,2025-09-07,ACH,4382.0,Succeeded
PAY00011665,ORD00011665,2026-02-04,PayPal,3971.52,Succeeded
PAY00011666,ORD00011666,2025-07-24,Card,5270.75,Succeeded
PAY00011667,ORD00011667,2024-08-15,PayPal,2281.58,Succeeded
PAY00011668,ORD00011668,2025-06-17,Wire,2218.28,Succeeded
PAY00011669,ORD00011669,2025-04-05,PayPal,1325.02,Succeeded
PAY00011670,ORD00011670,2024-09-01,ACH,919.93,Pending
PAY00011671,ORD00011671,2024-11-12,ACH,6735.44,Succeeded
PAY00011672,ORD00011672,2025-06-11,ACH,211.99,Succeeded
PAY00011673,ORD00011673,2024-08-02,Wire,2834.0,Succeeded
PAY00011674,ORD00011674,2024-08-07,Card,4085.47,Succeeded
PAY00011675,ORD00011675,2024-11-07,PayPal,3491.86,Succeeded
PAY00011676,ORD00011676,2024-05-26,ACH,1322.94,Succeeded
PAY00011677,ORD00011677,2024-11-06,PayPal,6636.42,Succeeded
PAY00011678,ORD00011678,2025-07-09,Wire,1046.98,Succeeded
PAY00011679,ORD00011679,2024-09-25,Wire,4030.25,Succeeded
PAY00011680,ORD00011680,2026-01-07,Wire,6634.53,Succeeded
PAY00011681,ORD00011681,2025-04-05,Card,6726.08,Succeeded
PAY00011682,ORD00011682,2025-05-05,Wire,4896.39,Succeeded
PAY00011683,ORD00011683,2025-11-03,Card,2685.0,Succeeded
PAY00011684,ORD00011684,2025-07-31,Card,823.62,Succeeded
PAY00011685,ORD00011685,2024-07-03,ACH,5757.16,Succeeded
PAY00011686,ORD00011686,2025-03-11,PayPal,2978.09,Succeeded
PAY00011688,ORD00011688,2025-10-28,Wire,1576.32,Succeeded
PAY00011689,ORD00011689,2026-02-07,ACH,6901.22,Succeeded
PAY00011690,ORD00011690,2025-07-24,Wire,1774.87,Succeeded
PAY00011691,ORD00011691,2025-11-01,Card,4685.1,Succeeded
PAY00011692,ORD00011692,2024-10-20,Wire,167.25,Succeeded
PAY00011693,ORD00011693,2025-05-05,Wire,2938.09,Succeeded
PAY00011694,ORD00011694,2026-02-08,Card,2414.11,Succeeded
PAY00011695,ORD00011695,2025-08-09,ACH,732.2,Succeeded
PAY00011696,ORD00011696,2024-08-13,PayPal,2831.45,Succeeded
PAY00011697,ORD00011697,2024-09-15,PayPal,1333.01,Succeeded
PAY00011698,ORD00011698,2025-03-18,ACH,3833.14,Succeeded
PAY00011699,ORD00011699,2024-12-24,ACH,186.57,Succeeded
PAY00011701,ORD00011701,2025-06-18,Card,6901.48,Succeeded
PAY00011702,ORD00011702,2024-02-14,Card,6057.55,Succeeded
PAY00011703,ORD00011703,2025-11-10,Wire,4650.01,Succeeded
PAY00011704,ORD00011704,2025-12-12,ACH,3682.74,Succeeded
PAY00011705,ORD00011705,2025-06-02,Wire,3302.08,Succeeded
PAY00011706,ORD00011706,2025-04-14,ACH,442.47,Failed
PAY00011707,ORD00011707,2025-07-31,Card,7900.43,Succeeded
PAY00011708,ORD00011708,2025-07-03,ACH,9331.49,Succeeded
PAY00011709,ORD00011709,2025-01-19,Card,658.26,Succeeded
PAY00011710,ORD00011710,2025-11-11,Card,3106.41,Succeeded
PAY00011711,ORD00011711,2024-01-25,PayPal,3678.83,Succeeded
PAY00011712,ORD00011712,2024-08-15,PayPal,1352.51,Succeeded
PAY00011713,ORD00011713,2024-03-17,Wire,5719.84,Succeeded
PAY00011714,ORD00011714,2025-07-31,Wire,3047.94,Succeeded
PAY00011715,ORD00011715,2024-03-08,ACH,1632.73,Succeeded
PAY00011716,ORD00011716,2024-03-06,Wire,9348.51,Succeeded
PAY00011717,ORD00011717,2024-09-23,ACH,6676.42,Succeeded
PAY00011718,ORD00011718,2024-08-17,ACH,6147.0,Succeeded
PAY00011720,ORD00011720,2024-12-04,ACH,3514.65,Succeeded
PAY00011721,ORD00011721,2024-09-16,ACH,4494.87,Succeeded
PAY00011722,ORD00011722,2025-09-08,PayPal,4023.86,Succeeded
PAY00011723,ORD00011723,2024-12-11,PayPal,6315.15,Succeeded
PAY00011724,ORD00011724,2024-01-17,Card,637.7,Pending
PAY00011725,ORD00011725,2025-03-25,PayPal,665.94,Succeeded
PAY00011726,ORD00011726,2024-01-04,ACH,4331.77,Succeeded
PAY00011727,ORD00011727,2026-01-31,ACH,2915.67,Succeeded
PAY00011728,ORD00011728,2025-04-20,PayPal,6418.38,Succeeded
PAY00011729,ORD00011729,2025-02-16,Card,4628.08,Succeeded
PAY00011730,ORD00011730,2025-05-24,PayPal,550.07,Succeeded
PAY00011731,ORD00011731,2024-07-04,Wire,6346.84,Succeeded
PAY00011732,ORD00011732,2025-05-18,ACH,1580.33,Succeeded
PAY00011733,ORD00011733,2024-10-02,Wire,4824.22,Succeeded
PAY00011734,ORD00011734,2025-11-28,Card,914.72,Pending
PAY00011735,ORD00011735,2025-02-16,PayPal,3636.46,Succeeded
PAY00011736,ORD00011736,2024-12-21,PayPal,5575.8,Succeeded
PAY00011738,ORD00011738,2025-11-10,Card,4182.95,Succeeded
PAY00011739,ORD00011739,2025-03-15,ACH,3044.98,Succeeded
PAY00011740,ORD00011740,2025-10-10,PayPal,3514.99,Succeeded
PAY00011741,ORD00011741,2025-04-24,Card,2144.47,Succeeded
PAY00011742,ORD00011742,2024-09-24,Wire,624.28,Succeeded
PAY00011743,ORD00011743,2025-11-16,PayPal,113.52,Succeeded
PAY00011745,ORD00011745,2024-06-02,ACH,6390.69,Succeeded
PAY00011746,ORD00011746,2025-07-06,Wire,1504.7,Succeeded
PAY00011747,ORD00011747,2025-03-31,PayPal,3663.09,Succeeded
PAY00011749,ORD00011749,2024-02-18,ACH,2310.91,Succeeded
PAY00011750,ORD00011750,2025-06-21,ACH,2083.04,Succeeded
PAY00011751,ORD00011751,2024-07-07,Wire,1118.62,Failed
PAY00011752,ORD00011752,2025-12-07,Card,2737.1,Succeeded
PAY00011753,ORD00011753,2024-05-14,Wire,5140.66,Succeeded
PAY00011754,ORD00011754,2025-11-19,Wire,3199.22,Succeeded
PAY00011755,ORD00011755,2025-09-29,ACH,5503.68,Succeeded
PAY00011756,ORD00011756,2024-02-02,ACH,5448.95,Succeeded
PAY00011757,ORD00011757,2025-01-31,Card,6106.79,Succeeded
PAY00011758,ORD00011758,2024-02-12,Card,4466.95,Succeeded
PAY00011759,ORD00011759,2024-04-03,PayPal,1330.87,Succeeded
PAY00011760,ORD00011760,2024-12-02,Wire,4394.31,Succeeded
PAY00011761,ORD00011761,2024-12-18,ACH,1644.89,Succeeded
PAY00011762,ORD00011762,2026-01-24,Card,575.75,Succeeded
PAY00011763,ORD00011763,2025-07-04,Card,795.29,Succeeded
PAY00011764,ORD00011764,2025-09-24,ACH,1503.62,Succeeded
PAY00011765,ORD00011765,2025-05-20,PayPal,4167.64,Succeeded
PAY00011767,ORD00011767,2025-06-02,ACH,1734.72,Succeeded
PAY00011768,ORD00011768,2025-06-27,Card,5298.34,Pending
PAY00011769,ORD00011769,2024-10-18,PayPal,2832.86,Succeeded
PAY00011770,ORD00011770,2025-06-11,Wire,3854.64,Succeeded
PAY00011771,ORD00011771,2024-12-08,Card,4920.77,Succeeded
PAY00011772,ORD00011772,2025-02-21,Wire,520.92,Succeeded
PAY00011774,ORD00011774,2024-05-09,ACH,2029.32,Succeeded
PAY00011775,ORD00011775,2026-01-20,Card,3614.81,Succeeded
PAY00011777,ORD00011777,2024-09-30,Wire,5175.43,Succeeded
PAY00011778,ORD00011778,2025-06-02,ACH,4037.55,Succeeded
PAY00011779,ORD00011779,2024-06-22,PayPal,7387.08,Succeeded
PAY00011780,ORD00011780,2024-08-23,PayPal,2221.06,Succeeded
PAY00011781,ORD00011781,2024-12-10,Card,2022.2,Succeeded
PAY00011782,ORD00011782,2025-10-24,PayPal,4362.1,Succeeded
PAY00011783,ORD00011783,2025-11-16,ACH,5030.06,Succeeded
PAY00011784,ORD00011784,2024-02-20,Card,789.35,Succeeded
PAY00011785,ORD00011785,2025-07-02,ACH,980.07,Succeeded
PAY00011786,ORD00011786,2025-05-20,Wire,1426.47,Succeeded
PAY00011787,ORD00011787,2024-09-04,Wire,2289.63,Succeeded
PAY00011788,ORD00011788,2024-05-26,PayPal,1992.64,Succeeded
PAY00011789,ORD00011789,2025-03-20,Wire,5153.72,Succeeded
PAY00011790,ORD00011790,2024-11-09,ACH,578.05,Succeeded
PAY00011791,ORD00011791,2025-07-21,Card,1648.29,Succeeded
PAY00011792,ORD00011792,2024-09-16,ACH,5163.99,Succeeded
PAY00011793,ORD00011793,2024-12-02,Wire,2591.15,Succeeded
PAY00011794,ORD00011794,2024-05-14,ACH,6425.63,Succeeded
PAY00011795,ORD00011795,2024-07-08,PayPal,2904.54,Failed
PAY00011796,ORD00011796,2025-10-09,ACH,8677.84,Succeeded
PAY00011797,ORD00011797,2025-10-05,PayPal,6561.11,Succeeded
PAY00011798,ORD00011798,2024-06-23,Wire,1832.7,Succeeded
PAY00011799,ORD00011799,2024-07-09,Card,2711.27,Failed
PAY00011800,ORD00011800,2024-11-22,ACH,6946.25,Succeeded
PAY00011801,ORD00011801,2026-02-19,PayPal,451.84,Succeeded
PAY00011802,ORD00011802,2025-11-30,Card,9814.65,Succeeded
PAY00011803,ORD00011803,2024-10-26,PayPal,167.09,Succeeded
PAY00011804,ORD00011804,2025-03-16,ACH,7662.19,Succeeded
PAY00011805,ORD00011805,2024-06-13,PayPal,5964.32,Succeeded
PAY00011806,ORD00011806,2026-02-25,PayPal,3386.52,Succeeded
PAY00011807,ORD00011807,2026-02-02,Card,2605.15,Succeeded
PAY00011808,ORD00011808,2025-07-03,PayPal,3004.21,Succeeded
PAY00011809,ORD00011809,2025-05-11,ACH,2365.61,Succeeded
PAY00011810,ORD00011810,2024-11-04,ACH,1313.98,Succeeded
PAY00011811,ORD00011811,2024-10-05,Card,4686.36,Succeeded
PAY00011812,ORD00011812,2025-01-31,ACH,3123.94,Succeeded
PAY00011813,ORD00011813,2025-04-07,ACH,1894.27,Succeeded
PAY00011814,ORD00011814,2024-04-28,PayPal,2915.71,Succeeded
PAY00011815,ORD00011815,2024-01-07,Card,3131.85,Succeeded
PAY00011816,ORD00011816,2024-08-28,PayPal,293.79,Succeeded
PAY00011817,ORD00011817,2025-08-23,Card,3891.51,Succeeded
PAY00011818,ORD00011818,2024-09-02,Wire,775.3,Succeeded
PAY00011819,ORD00011819,2025-11-04,Card,1801.11,Succeeded
PAY00011820,ORD00011820,2024-06-13,Card,4170.82,Succeeded
PAY00011821,ORD00011821,2024-03-03,Card,339.0,Succeeded
PAY00011822,ORD00011822,2024-12-27,ACH,2310.19,Pending
PAY00011823,ORD00011823,2025-05-20,ACH,6549.35,Succeeded
PAY00011824,ORD00011824,2025-03-22,Card,3008.17,Succeeded
PAY00011825,ORD00011825,2025-01-29,ACH,2805.18,Succeeded
PAY00011826,ORD00011826,2024-09-22,Wire,2558.71,Succeeded
PAY00011827,ORD00011827,2025-07-17,ACH,5990.54,Succeeded
PAY00011828,ORD00011828,2026-01-08,Wire,1688.74,Succeeded
PAY00011829,ORD00011829,2024-10-11,Card,264.08,Succeeded
PAY00011830,ORD00011830,2025-10-22,Wire,3079.23,Succeeded
PAY00011831,ORD00011831,2025-08-23,Card,4858.24,Succeeded
PAY00011832,ORD00011832,2025-09-14,Wire,2177.76,Succeeded
PAY00011833,ORD00011833,2025-07-30,Card,4568.42,Pending
PAY00011834,ORD00011834,2026-02-08,Card,5083.46,Succeeded
PAY00011835,ORD00011835,2025-03-11,ACH,718.04,Succeeded
PAY00011836,ORD00011836,2025-02-13,PayPal,4846.49,Succeeded
PAY00011838,ORD00011838,2024-08-13,Wire,5255.85,Succeeded
PAY00011839,ORD00011839,2024-07-27,ACH,1141.97,Succeeded
PAY00011840,ORD00011840,2025-05-07,ACH,616.28,Succeeded
PAY00011841,ORD00011841,2025-10-25,PayPal,5119.19,Succeeded
PAY00011842,ORD00011842,2025-04-26,Card,2334.63,Succeeded
PAY00011843,ORD00011843,2026-02-09,ACH,32.3,Succeeded
PAY00011844,ORD00011844,2024-06-20,Wire,939.28,Failed
PAY00011845,ORD00011845,2025-09-28,Card,1781.15,Failed
PAY00011846,ORD00011846,2025-03-26,Wire,4183.05,Succeeded
PAY00011847,ORD00011847,2025-10-27,Wire,2246.5,Succeeded
PAY00011848,ORD00011848,2024-03-11,Card,4107.77,Succeeded
PAY00011849,ORD00011849,2024-03-25,PayPal,40.05,Succeeded
PAY00011850,ORD00011850,2024-10-06,ACH,2233.12,Failed
PAY00011851,ORD00011851,2026-02-27,Wire,5167.08,Succeeded
PAY00011852,ORD00011852,2025-04-21,Card,2066.64,Failed
PAY00011853,ORD00011853,2025-02-10,Wire,352.04,Succeeded
PAY00011854,ORD00011854,2025-02-13,PayPal,3623.35,Succeeded
PAY00011855,ORD00011855,2024-09-01,Card,8638.63,Succeeded
PAY00011856,ORD00011856,2025-08-08,ACH,6851.77,Succeeded
PAY00011857,ORD00011857,2025-12-22,Card,3850.59,Succeeded
PAY00011858,ORD00011858,2025-11-06,ACH,690.89,Pending
PAY00011859,ORD00011859,2024-09-09,PayPal,2773.97,Succeeded
PAY00011860,ORD00011860,2024-04-28,Wire,5722.45,Succeeded
PAY00011862,ORD00011862,2024-01-18,PayPal,2113.11,Succeeded
PAY00011863,ORD00011863,2025-08-15,Wire,5019.88,Succeeded
PAY00011864,ORD00011864,2024-02-15,Card,2714.01,Succeeded
PAY00011865,ORD00011865,2025-08-24,Wire,2314.49,Succeeded
PAY00011866,ORD00011866,2024-06-01,PayPal,4576.94,Succeeded
PAY00011867,ORD00011867,2025-10-01,ACH,5389.6,Succeeded
PAY00011868,ORD00011868,2025-01-15,ACH,2080.27,Succeeded
PAY00011870,ORD00011870,2025-07-05,Wire,1628.75,Succeeded
PAY00011871,ORD00011871,2025-10-08,ACH,3878.13,Succeeded
PAY00011872,ORD00011872,2024-12-16,PayPal,3342.73,Failed
PAY00011873,ORD00011873,2025-10-06,Wire,3007.91,Succeeded
PAY00011874,ORD00011874,2024-04-18,PayPal,3374.9,Succeeded
PAY00011875,ORD00011875,2025-01-02,Card,4848.27,Succeeded
PAY00011876,ORD00011876,2024-09-15,Card,686.29,Succeeded
PAY00011877,ORD00011877,2025-08-25,Wire,3826.17,Succeeded
PAY00011878,ORD00011878,2024-12-18,ACH,2556.49,Succeeded
PAY00011879,ORD00011879,2024-03-18,Card,652.85,Succeeded
PAY00011880,ORD00011880,2024-04-22,Card,2305.74,Succeeded
PAY00011881,ORD00011881,2024-01-04,ACH,5875.16,Succeeded
PAY00011882,ORD00011882,2024-06-21,ACH,4327.0,Succeeded
PAY00011883,ORD00011883,2025-03-23,PayPal,7819.72,Succeeded
PAY00011884,ORD00011884,2025-10-04,ACH,2724.36,Succeeded
PAY00011885,ORD00011885,2024-10-15,PayPal,2331.17,Succeeded
PAY00011886,ORD00011886,2024-02-05,Card,436.15,Succeeded
PAY00011887,ORD00011887,2025-08-17,Card,3326.03,Succeeded
PAY00011888,ORD00011888,2025-04-17,ACH,6108.09,Succeeded
PAY00011889,ORD00011889,2024-04-04,Wire,780.18,Succeeded
PAY00011890,ORD00011890,2025-08-23,PayPal,2861.61,Succeeded
PAY00011892,ORD00011892,2025-05-23,Card,85.33,Succeeded
PAY00011893,ORD00011893,2024-09-08,ACH,1733.75,Pending
PAY00011894,ORD00011894,2024-01-06,Wire,2687.62,Succeeded
PAY00011895,ORD00011895,2025-05-25,ACH,4360.23,Succeeded
PAY00011896,ORD00011896,2024-03-17,PayPal,8830.34,Succeeded
PAY00011897,ORD00011897,2025-10-05,Wire,3014.8,Succeeded
PAY00011898,ORD00011898,2025-06-25,PayPal,5317.41,Succeeded
PAY00011899,ORD00011899,2025-09-15,Wire,1046.16,Succeeded
PAY00011900,ORD00011900,2025-10-14,ACH,5518.95,Succeeded
PAY00011901,ORD00011901,2025-12-07,Wire,4258.55,Succeeded
PAY00011902,ORD00011902,2024-07-10,PayPal,1023.92,Succeeded
PAY00011903,ORD00011903,2024-03-09,ACH,1937.6,Succeeded
PAY00011904,ORD00011904,2024-06-13,Card,2746.94,Succeeded
PAY00011905,ORD00011905,2024-08-08,ACH,2536.05,Succeeded
PAY00011906,ORD00011906,2024-07-22,Wire,4175.99,Succeeded
PAY00011907,ORD00011907,2025-01-20,Card,3764.43,Succeeded
PAY00011908,ORD00011908,2024-03-25,Wire,7612.35,Pending
PAY00011909,ORD00011909,2025-12-29,Wire,4186.67,Succeeded
PAY00011910,ORD00011910,2024-04-29,Card,1178.06,Succeeded
PAY00011911,ORD00011911,2024-09-27,PayPal,5692.64,Succeeded
PAY00011912,ORD00011912,2025-02-15,Wire,1365.82,Succeeded
PAY00011913,ORD00011913,2025-02-27,ACH,4880.53,Succeeded
PAY00011914,ORD00011914,2024-09-10,Wire,564.48,Succeeded
PAY00011915,ORD00011915,2025-07-06,PayPal,796.83,Succeeded
PAY00011916,ORD00011916,2024-05-20,Card,4683.74,Succeeded
PAY00011918,ORD00011918,2025-10-03,Card,5587.67,Succeeded
PAY00011919,ORD00011919,2026-01-02,ACH,3992.62,Succeeded
PAY00011920,ORD00011920,2025-07-30,Card,12231.85,Succeeded
PAY00011921,ORD00011921,2025-05-09,Card,1149.54,Failed
PAY00011922,ORD00011922,2025-03-31,Card,4904.77,Succeeded
PAY00011923,ORD00011923,2025-09-19,Card,5290.18,Succeeded
PAY00011924,ORD00011924,2024-12-19,PayPal,8079.05,Pending
PAY00011925,ORD00011925,2025-12-27,ACH,1374.6,Succeeded
PAY00011926,ORD00011926,2024-06-03,PayPal,1521.49,Succeeded
PAY00011927,ORD00011927,2025-10-14,Card,2675.95,Succeeded
PAY00011928,ORD00011928,2025-08-22,ACH,1846.78,Succeeded
PAY00011929,ORD00011929,2025-09-07,ACH,331.17,Succeeded
PAY00011930,ORD00011930,2025-10-27,ACH,6390.11,Succeeded
PAY00011931,ORD00011931,2024-09-14,Card,2497.51,Succeeded
PAY00011932,ORD00011932,2024-03-17,Wire,5229.7,Succeeded
PAY00011933,ORD00011933,2024-11-30,PayPal,3681.22,Succeeded
PAY00011934,ORD00011934,2024-06-01,Card,4414.88,Succeeded
PAY00011935,ORD00011935,2024-11-29,Wire,3627.93,Succeeded
PAY00011936,ORD00011936,2024-11-15,Card,5462.46,Succeeded
PAY00011937,ORD00011937,2024-12-14,PayPal,3969.21,Succeeded
PAY00011938,ORD00011938,2024-07-20,Wire,6183.33,Succeeded
PAY00011939,ORD00011939,2024-12-10,Card,2901.62,Succeeded
PAY00011940,ORD00011940,2024-08-14,ACH,1857.61,Succeeded
PAY00011941,ORD00011941,2025-04-23,ACH,3404.4,Succeeded
PAY00011943,ORD00011943,2025-01-09,PayPal,2181.78,Succeeded
PAY00011944,ORD00011944,2025-03-10,ACH,4010.17,Succeeded
PAY00011945,ORD00011945,2025-01-08,Wire,4606.93,Succeeded
PAY00011946,ORD00011946,2024-12-20,ACH,3844.17,Succeeded
PAY00011947,ORD00011947,2024-11-28,PayPal,5142.86,Succeeded
PAY00011948,ORD00011948,2024-07-17,PayPal,5258.39,Succeeded
PAY00011949,ORD00011949,2025-06-13,Wire,6957.01,Succeeded
PAY00011950,ORD00011950,2025-06-24,ACH,3525.73,Succeeded
PAY00011951,ORD00011951,2025-03-03,PayPal,12786.34,Succeeded
PAY00011952,ORD00011952,2024-12-25,ACH,616.56,Succeeded
PAY00011953,ORD00011953,2024-08-04,Card,310.0,Succeeded
PAY00011956,ORD00011956,2025-06-23,Card,3974.92,Succeeded
PAY00011957,ORD00011957,2025-03-17,Wire,5575.88,Pending
PAY00011958,ORD00011958,2024-04-21,Card,3795.4,Succeeded
PAY00011959,ORD00011959,2024-07-02,PayPal,5187.47,Succeeded
PAY00011960,ORD00011960,2025-05-03,ACH,2727.25,Succeeded
PAY00011961,ORD00011961,2026-01-05,ACH,7783.2,Succeeded
PAY00011962,ORD00011962,2024-12-25,Wire,8210.57,Succeeded
PAY00011963,ORD00011963,2025-02-05,PayPal,3326.77,Succeeded
PAY00011964,ORD00011964,2026-02-05,ACH,5084.67,Succeeded
PAY00011965,ORD00011965,2024-12-22,Wire,3989.67,Succeeded
PAY00011966,ORD00011966,2025-04-19,Card,5411.66,Succeeded
PAY00011968,ORD00011968,2025-06-12,PayPal,5188.71,Succeeded
PAY00011969,ORD00011969,2025-09-07,Wire,1037.62,Succeeded
PAY00011971,ORD00011971,2026-01-17,PayPal,2532.1,Succeeded
PAY00011972,ORD00011972,2024-12-10,PayPal,4983.72,Succeeded
PAY00011974,ORD00011974,2025-12-25,PayPal,7549.88,Succeeded
PAY00011975,ORD00011975,2025-11-28,Wire,1506.75,Succeeded
PAY00011976,ORD00011976,2024-07-11,Card,3577.68,Succeeded
PAY00011977,ORD00011977,2025-12-16,PayPal,1647.42,Succeeded
PAY00011978,ORD00011978,2024-07-05,Wire,1371.43,Succeeded
PAY00011979,ORD00011979,2024-06-21,Wire,264.3,Succeeded
PAY00011980,ORD00011980,2025-03-05,Wire,2378.95,Succeeded
PAY00011981,ORD00011981,2024-01-29,Wire,6521.4,Succeeded
PAY00011982,ORD00011982,2024-02-16,Card,740.27,Succeeded
PAY00011983,ORD00011983,2024-05-23,ACH,1489.19,Succeeded
PAY00011984,ORD00011984,2024-12-08,ACH,773.52,Succeeded
PAY00011985,ORD00011985,2024-01-29,PayPal,162.78,Succeeded
PAY00011986,ORD00011986,2024-04-29,Wire,4012.49,Succeeded
PAY00011987,ORD00011987,2024-03-13,ACH,4397.47,Succeeded
PAY00011988,ORD00011988,2024-12-21,PayPal,2912.16,Succeeded
PAY00011989,ORD00011989,2024-05-25,Card,1090.87,Succeeded
PAY00011990,ORD00011990,2024-12-29,PayPal,2196.19,Succeeded
PAY00011991,ORD00011991,2025-09-21,Wire,8822.04,Succeeded
PAY00011993,ORD00011993,2025-07-04,PayPal,1256.33,Succeeded
PAY00011994,ORD00011994,2024-08-28,Card,2764.48,Succeeded
PAY00011995,ORD00011995,2026-01-11,ACH,2556.9,Succeeded
PAY00011996,ORD00011996,2025-07-29,PayPal,6258.52,Succeeded
PAY00011997,ORD00011997,2024-04-24,PayPal,1759.1,Pending
PAY00011998,ORD00011998,2024-01-17,Wire,3382.87,Pending
PAY00011999,ORD00011999,2024-05-29,ACH,8622.55,Succeeded
PAY00012000,ORD00012000,2024-03-12,Card,1283.58,Succeeded
