account_id,account_name,industry,tier,employees,geo_id,created_at,updated_at,is_deleted
A00001,"Nguyen, Rivas and Ramirez",Telecom,Tier 2,1109,GEO0227,2025-04-03T18:35:16,2025-05-01T21:43:43,0
A00002,Wagner-Moore,Logistics,Tier 3,92,GEO0056,2025-04-12T01:48:39,2025-06-19T13:17:54,0
A00003,"Rowland, Munoz and Kaufman",Government,Tier 1,32101,GEO0267,2025-02-01T19:52:16,2025-09-30T03:32:38,0
A00004,"Johnson, Tucker and Howard",FinTech,Tier 2,148,GEO0086,2024-03-20T22:07:46,2024-05-06T00:59:05,0
A00005,"Mcconnell, Kim and Cooper",Telecom,Tier 2,112,GEO0627,2025-04-03T05:10:00,2025-04-15T20:58:15,0
A00006,Rhodes-Gonzales,FinTech,Tier 2,43,GEO0255,2025-12-18T04:15:21,2026-01-27T05:09:01,0
A00007,Foster-Evans,Retail,Tier 1,76,GEO0459,2024-11-14T20:40:06,2025-01-28T23:56:57,0
A00008,Rowe PLC,Government,Tier 2,3726,GEO0330,2024-06-22T08:06:05,2025-01-01T18:50:25,0
A00009,Hill Group,Government,Tier 1,94,GEO0280,2024-09-24T14:49:24,2025-08-17T13:45:39,0
A00010,"Allen, Cruz and Maldonado",FinTech,Tier 2,3711,GEO0464,2024-08-13T20:56:11,2025-10-04T04:32:59,0
A00011,"Jensen, Hansen and Cox",Government,Tier 3,5891,GEO0034,2025-05-08T21:46:12,2025-06-27T09:44:12,0
A00012,Reed-White,FinTech,Tier 1,13622,GEO0581,2024-01-11T16:23:33,2025-08-24T19:18:28,0
A00013,"Henry, Dyer and Nguyen",Logistics,Tier 2,163,GEO0620,2025-09-06T17:36:08,2025-11-02T15:04:03,0
A00014,Pierce Group,Logistics,Tier 2,34,GEO0716,2024-11-06T21:27:16,2025-06-11T17:39:03,0
A00015,"Long, Green and Sims",Telecom,Tier 3,90,GEO0419,2025-01-29T19:06:09,2025-12-24T14:50:54,0
A00016,Mitchell-Barrera,Logistics,Tier 2,37479,GEO0784,2025-09-24T15:21:04,2026-01-31T22:53:39,0
A00017,"Washington, Turner and Everett",Energy,Tier 1,157,GEO0673,2024-08-05T18:47:57,2025-11-21T23:48:50,0
A00018,Silva Ltd,Manufacturing,Tier 3,1975,GEO0406,2024-07-26T02:16:42,2025-02-09T05:41:58,0
A00019,"Jones, Novak and Smith",FinTech,Tier 3,22474,GEO0427,2025-12-11T09:07:50,2025-12-12T08:49:08,0
A00020,Warren Group,Healthcare,Tier 1,1626,GEO0711,2024-07-29T11:34:24,2025-01-23T22:58:44,0
A00021,Crawford PLC,Energy,Tier 3,6388,GEO0480,2024-08-16T07:19:54,2025-02-03T02:04:57,0
A00022,Schmitt-Golden,Energy,Tier 2,129,GEO0681,2025-03-24T05:44:20,2025-05-06T22:40:16,0
A00023,"Ryan, Norton and Santiago",FinTech,Tier 1,126,GEO0016,2024-12-07T08:14:09,2025-02-04T23:37:29,0
A00024,Contreras-Patton,Energy,Tier 2,188,GEO0351,2024-06-06T14:17:03,2025-01-25T10:40:45,0
A00025,"Calhoun, Lynn and Rivera",Logistics,Tier 1,985,GEO0320,2025-12-25T03:54:28,2026-01-13T15:13:17,0
A00026,"Johnson, Hoover and Nguyen",Telecom,Tier 2,77,GEO0682,2025-02-04T12:12:45,2026-02-02T00:58:54,0
A00027,"Faulkner, Powell and Thomas",Retail,Tier 2,24,GEO0462,2025-11-15T04:39:32,2025-12-10T01:37:09,0
A00028,Sullivan LLC,Manufacturing,Tier 1,18583,GEO0112,2024-03-18T10:50:44,2024-04-29T06:41:32,0
A00029,Rivera-Schmidt,Telecom,Tier 1,168,GEO0438,2024-01-17T13:08:32,2025-04-29T06:49:17,0
A00030,Mathews-Ingram,Healthcare,Tier 3,9656,GEO0144,2024-05-06T14:43:43,2024-10-02T17:46:21,0
A00031,Hall-Anderson,FinTech,Tier 2,169,GEO0612,2025-07-09T12:57:55,2025-07-19T20:09:30,0
A00032,Mcclain-Rhodes,Manufacturing,Tier 3,806,GEO0702,2025-03-11T13:49:56,2025-09-12T23:25:58,0
A00033,Joseph and Sons,Healthcare,Tier 3,1036,GEO0158,2024-04-07T05:56:07,2024-07-23T01:44:52,0
A00034,"Gilbert, May and Washington",Government,Tier 1,1014,GEO0549,2026-02-16T12:51:25,2026-02-23T22:35:43,0
A00035,Schmidt Ltd,Telecom,Tier 1,64,GEO0455,2025-09-20T04:38:09,2026-02-28T17:43:53,0
A00036,Guerrero-Simmons,Logistics,Tier 2,15921,GEO0175,2024-03-09T20:42:20,2025-12-10T05:16:28,0
A00037,Mccall LLC,Government,Tier 3,101,GEO0323,2025-02-13T16:20:20,2025-06-26T17:33:56,0
A00038,Massey-Morton,Logistics,Tier 2,156,GEO0013,2025-09-07T18:50:35,2026-01-06T16:33:34,0
A00039,Snyder Ltd,Energy,Tier 3,1905,GEO0693,2025-09-12T08:54:00,2025-12-22T01:09:50,0
A00040,Knight-Mendez,Logistics,Tier 3,172,GEO0260,2025-08-16T11:43:41,2025-09-18T03:36:33,0
A00041,Johnson-Forbes,Logistics,Tier 1,1828,GEO0432,2025-09-24T15:12:03,2026-02-07T16:56:05,0
A00042,"Cook, Holt and Martin",Logistics,Tier 1,158,GEO0076,2024-08-23T12:51:58,2025-12-12T14:03:22,0
A00043,Parker-Rojas,Telecom,Tier 3,17340,GEO0599,2025-07-31T09:06:45,2026-02-15T04:59:53,0
A00044,Cooley-Frye,Retail,Tier 1,46,GEO0217,2025-04-04T04:44:22,2025-12-26T17:32:50,0
A00045,Rogers-Watts,Logistics,Tier 2,1065,GEO0536,2026-02-28T08:11:08,2026-02-28T04:42:52,0
A00046,"Burke, Higgins and Hoffman",Government,Tier 2,22318,GEO0129,2024-03-31T16:48:22,2024-04-15T04:43:19,0
A00047,Gillespie Inc,Retail,Tier 1,1615,GEO0595,2025-02-21T17:05:56,2025-02-22T15:06:15,0
A00048,Daniels-Taylor,Telecom,Tier 3,158,GEO0758,2025-05-08T00:39:40,2025-10-26T03:45:19,0
A00049,Moore Group,Logistics,Tier 2,58,GEO0739,2025-02-07T01:19:02,2025-06-11T20:11:43,0
A00050,"Martinez, Lewis and Miller",Logistics,Tier 2,87,GEO0033,2024-11-01T02:28:35,2025-04-25T13:45:40,0
A00051,Brown Inc,Energy,Tier 1,342,GEO0099,2024-07-29T11:52:02,2024-10-23T05:38:01,0
A00052,"Ramirez, Stone and Johnson",Retail,Tier 1,1090,GEO0100,2024-09-01T13:29:28,2025-08-20T12:18:25,0
A00053,"King, Beltran and Edwards",Manufacturing,Tier 2,71,GEO0722,2025-09-16T18:18:33,2025-10-10T13:32:53,0
A00054,Ward-Cohen,Retail,Tier 3,2110,GEO0463,2024-07-14T16:30:52,2024-08-17T02:48:19,0
A00055,Roberts Ltd,Telecom,Tier 1,1644,GEO0136,2024-04-25T22:52:14,2026-01-21T04:17:51,0
A00056,Hernandez and Sons,Manufacturing,Tier 1,1612,GEO0198,2025-04-17T05:21:49,2025-05-01T16:51:33,0
A00057,Stephenson Inc,Manufacturing,Tier 1,15000,GEO0345,2024-06-28T13:53:36,2025-09-13T20:46:19,1
A00058,Anderson Ltd,Telecom,Tier 3,135,GEO0121,2026-01-05T15:10:16,2026-03-01T18:45:45,0
A00059,"Cooke, Pierce and Morrow",Healthcare,Tier 3,32,GEO0262,2025-09-10T09:00:59,2025-12-19T02:33:25,0
A00060,Perry PLC,Energy,Tier 2,27963,GEO0228,2025-09-21T04:58:28,2025-11-24T11:01:59,0
A00061,"Riddle, Hanson and Wright",FinTech,Tier 3,101,GEO0522,2026-01-08T12:05:58,2026-02-04T23:37:06,0
A00062,"Palmer, Smith and Nelson",Manufacturing,Tier 3,143,GEO0043,2024-10-10T10:35:59,2024-11-03T05:20:55,0
A00063,"Black, Molina and Clark",Retail,Tier 3,753,GEO0756,2024-06-22T01:19:46,2025-04-22T01:19:09,0
A00064,"Hooper, Chavez and Stewart",Energy,Tier 1,1587,GEO0333,2024-04-21T12:09:27,2024-07-02T12:03:16,0
A00065,Sherman-Simmons,Manufacturing,Tier 1,194,GEO0142,2024-10-31T09:29:57,2025-05-20T12:44:00,0
A00066,Rodriguez-Holland,Manufacturing,Tier 1,33500,GEO0031,2024-12-31T06:29:18,2025-09-01T12:24:50,0
A00067,Brown-Thomas,Manufacturing,Tier 2,130,GEO0664,2025-09-09T09:49:47,2025-10-24T08:10:30,0
A00068,Long-Bishop,Retail,Tier 1,34215,GEO0291,2024-11-15T13:49:58,2025-12-21T03:08:48,0
A00069,Bailey-Weaver,Healthcare,Tier 2,20323,GEO0361,2025-05-31T18:39:55,2026-01-22T14:38:36,0
A00070,"Barber, Guzman and Gray",Retail,Tier 3,1619,GEO0737,2024-10-20T22:35:07,2025-01-18T14:22:25,0
A00071,Berry Group,Logistics,Tier 2,1344,GEO0549,2024-04-02T06:09:20,2025-09-17T12:32:17,0
A00072,"Gonzalez, Brown and Butler",Logistics,Tier 2,50,GEO0144,2024-03-14T12:22:58,2025-04-19T19:12:40,0
A00073,Carter-Le,FinTech,Tier 2,573,GEO0252,2026-02-13T08:07:22,2026-02-17T16:01:46,0
A00074,Shaw-Patel,FinTech,Tier 2,128,GEO0056,2025-05-28T03:26:37,2025-12-06T04:58:01,0
A00075,"Garza, Porter and Odom",Healthcare,Tier 3,71,GEO0478,2026-02-01T15:01:25,2026-02-12T07:43:35,0
A00076,Malone-Price,Telecom,Tier 3,27370,GEO0235,2024-08-01T04:59:12,2025-07-02T09:55:14,0
A00077,Miller Ltd,Retail,Tier 1,239,GEO0621,2025-10-27T17:51:36,2026-02-07T13:14:45,0
A00078,"Sutton, Hogan and Mcdaniel",Government,Tier 1,1873,GEO0465,2024-12-28T01:03:17,2026-02-24T10:50:05,0
A00079,Riley and Sons,FinTech,Tier 3,107,GEO0240,2024-01-23T11:35:32,2024-03-08T18:20:36,0
A00080,Torres-Sanchez,Energy,Tier 1,158,GEO0498,2025-10-18T10:33:40,2026-02-25T07:10:09,0
A00081,"Wilcox, Chapman and Davis",Telecom,Tier 1,426,GEO0483,2025-01-18T17:47:24,2025-08-12T21:52:02,0
A00082,Thomas Inc,Healthcare,Tier 3,35154,GEO0068,2025-07-05T12:58:22,2026-02-17T13:55:42,0
A00083,Rosario Inc,Retail,Tier 3,1330,GEO0432,2025-11-08T08:43:48,2026-01-17T22:12:24,0
A00084,Rios-Huerta,Retail,Tier 2,71,GEO0093,2024-03-29T12:24:48,2026-01-12T09:18:37,0
A00085,"Cohen, Gomez and Clark",Telecom,Tier 3,82,GEO0684,2024-10-16T09:41:09,2025-05-24T14:35:47,0
A00086,"Ramirez, Nguyen and Larsen",Government,Tier 2,121,GEO0472,2024-10-01T10:59:22,2025-11-13T17:41:04,0
A00087,"Hughes, Rivera and Davies",Logistics,Tier 3,829,GEO0413,2025-02-22T14:32:31,2025-09-29T13:01:48,0
A00088,Smith-Miranda,Retail,Tier 2,149,GEO0364,2026-01-19T09:47:40,2026-02-18T07:01:28,0
A00089,Jimenez-Watson,Logistics,Tier 1,34638,GEO0225,2025-07-08T22:44:08,2026-02-24T15:12:00,0
A00090,"Brown, Williams and Thompson",FinTech,Tier 3,824,GEO0019,2025-08-24T04:06:30,2025-11-06T11:41:25,0
A00091,"Jordan, Alvarez and Mitchell",Energy,Tier 1,1067,GEO0611,2025-07-23T09:53:14,2026-01-15T17:01:42,0
A00092,Hicks-Mitchell,Energy,Tier 1,32556,GEO0521,2025-06-19T11:22:47,2026-02-06T06:35:55,0
A00093,Simmons LLC,FinTech,Tier 3,32724,GEO0327,2024-12-16T04:33:05,2025-06-10T13:05:12,0
A00094,"Collins, Nelson and Fields",Healthcare,Tier 3,1954,GEO0515,2024-01-22T12:13:38,2024-04-23T12:45:40,0
A00095,Frank and Sons,Energy,Tier 3,622,GEO0219,2025-09-26T12:33:29,2026-01-02T11:37:58,0
A00096,Robinson and Sons,Telecom,Tier 1,7255,GEO0526,2024-10-29T15:22:14,2025-03-14T01:37:27,0
A00097,"Huynh, Morton and Shepherd",Telecom,Tier 3,432,GEO0015,2025-10-10T10:26:13,2025-12-21T08:03:26,0
A00098,Griffin Group,Retail,Tier 1,160,GEO0089,2024-06-05T13:39:26,2025-08-08T15:10:49,0
A00099,Young-Burgess,Manufacturing,Tier 1,1858,GEO0210,2025-04-10T06:31:12,2025-05-13T18:26:50,0
A00100,"Cooper, Thompson and Oliver",Energy,Tier 1,117,GEO0387,2024-06-27T04:56:02,2024-08-11T13:30:35,0
A00101,"Ramirez, Peterson and Moyer",Telecom,Tier 1,1139,GEO0019,2025-09-21T13:37:05,2025-12-07T23:45:29,0
A00102,Gardner-Taylor,Retail,Tier 1,168,GEO0752,2024-01-16T21:49:37,2026-02-20T08:43:22,0
A00103,Davis and Sons,FinTech,Tier 2,33946,GEO0572,2024-03-21T03:22:02,2024-03-22T13:40:44,0
A00104,"Ortega, Miller and Kelly",Government,Tier 1,150,GEO0170,2025-02-06T01:16:20,2025-08-16T15:44:41,0
A00105,Mcmahon-Shaw,Government,Tier 3,56,GEO0417,2025-02-13T23:03:01,2025-08-29T11:46:43,0
A00106,"Gonzalez, Jensen and Norris",Telecom,Tier 2,436,GEO0117,2025-05-04T04:40:03,2025-06-15T16:42:00,0
A00107,Woods Inc,Healthcare,Tier 1,975,GEO0573,2024-10-19T05:04:59,2025-07-01T00:17:53,0
A00108,Rodriguez-Leblanc,FinTech,Tier 3,3803,GEO0662,2025-03-15T22:57:42,2025-12-25T03:51:31,0
A00109,Mcdonald-Alvarado,Healthcare,Tier 1,30,GEO0225,2025-02-01T04:15:02,2025-06-16T12:44:21,0
A00110,Leach-Ellis,FinTech,Tier 2,164,GEO0417,2024-08-19T23:47:43,2024-11-25T13:42:26,0
A00111,"Warner, Cross and Cortez",Retail,Tier 1,28719,GEO0264,2025-07-12T05:10:48,2025-08-20T01:34:24,0
A00112,"Lopez, Wilkinson and King",Logistics,Tier 1,3370,GEO0503,2024-03-05T22:23:01,2025-10-10T12:53:15,0
A00113,"Meyers, Turner and Petersen",Energy,Tier 2,21310,GEO0343,2025-08-10T17:04:44,2025-10-17T12:00:48,0
A00114,Nguyen-Morrison,Healthcare,Tier 2,188,GEO0169,2026-02-10T23:29:36,2026-02-19T06:19:19,0
A00115,Jones-Hall,Telecom,Tier 2,106,GEO0423,2024-04-25T19:25:11,2024-07-23T07:10:15,0
A00116,Brooks Ltd,Government,Tier 1,1583,GEO0060,2024-07-03T02:02:48,2025-01-17T04:51:06,0
A00117,Mcbride-Bass,Logistics,Tier 3,26804,GEO0552,2024-12-13T15:43:02,2025-12-03T10:42:04,0
A00118,Wilson Inc,Manufacturing,Tier 3,6051,GEO0154,2024-04-27T00:17:21,2026-01-28T16:05:25,0
A00119,Evans Group,Healthcare,Tier 3,31,GEO0631,2025-04-26T08:08:49,2025-05-12T02:35:23,0
A00120,Stewart-Hardy,Government,Tier 1,132,GEO0269,2024-03-03T17:28:56,2025-04-10T11:55:26,0
A00121,Mercado-Armstrong,Healthcare,Tier 2,520,GEO0607,2024-07-09T10:46:01,2025-03-20T16:19:07,0
A00122,Burch-Rice,Government,Tier 3,164,GEO0351,2024-04-08T05:16:37,2024-10-07T22:56:17,0
A00123,Palmer-Fletcher,Logistics,Tier 3,200,GEO0672,2024-09-26T11:36:40,2025-03-26T22:08:08,0
A00124,Mcbride Inc,Telecom,Tier 2,20182,GEO0093,2025-08-28T12:04:35,2025-10-15T23:35:10,0
A00125,Vincent PLC,Retail,Tier 2,66,GEO0502,2024-12-11T22:30:10,2025-05-03T11:24:47,0
A00126,"Cooper, Joseph and Taylor",Retail,Tier 3,36548,GEO0683,2024-12-18T01:35:26,2025-02-14T14:32:00,0
A00127,Maldonado Ltd,Retail,Tier 1,35965,GEO0383,2025-05-21T09:28:55,2025-08-29T04:16:09,0
A00128,Bell-Roberson,Government,Tier 2,1729,GEO0438,2024-03-01T11:36:49,2025-03-19T18:11:20,0
A00129,Schultz-Obrien,Telecom,Tier 3,33423,GEO0466,2024-01-27T23:36:10,2025-10-03T00:44:16,0
A00130,Torres-Rodriguez,Retail,Tier 1,196,GEO0433,2025-03-16T20:14:30,2025-04-11T05:44:27,0
A00131,Thompson PLC,FinTech,Tier 2,33,GEO0379,2024-03-14T15:03:09,2024-08-09T23:18:05,0
A00132,Olsen-Noble,FinTech,Tier 1,34,GEO0094,2024-06-18T00:35:13,2024-12-26T00:48:50,0
A00133,"Best, Kelley and Burns",Retail,Tier 2,10002,GEO0468,2025-08-15T07:34:51,2025-10-19T02:50:21,0
A00134,Daugherty-Peck,Retail,Tier 3,35825,GEO0586,2024-09-10T05:14:03,2026-01-16T07:05:14,0
A00135,"Walsh, Carroll and Snyder",Healthcare,Tier 3,148,GEO0593,2025-04-18T16:28:59,2025-12-10T02:13:58,0
A00136,Wong-Holloway,Logistics,Tier 2,17231,GEO0123,2026-02-05T15:42:25,2026-02-21T00:47:37,0
A00137,"Page, Smith and Gross",Telecom,Tier 3,1139,GEO0461,2024-01-15T05:45:29,2025-04-26T23:02:38,0
A00138,"Wilson, Underwood and Alvarado",Government,Tier 1,105,GEO0256,2025-04-18T16:20:54,2025-09-22T02:14:07,0
A00139,Walker-Bates,Telecom,Tier 3,18401,GEO0138,2026-01-02T21:41:21,2026-02-22T22:07:50,0
A00140,"Allen, Gutierrez and Lopez",Energy,Tier 2,53,GEO0726,2025-01-02T08:16:02,2025-04-01T11:45:35,0
A00141,Kramer-Jackson,Government,Tier 2,36440,GEO0754,2025-06-02T19:09:40,2025-07-24T14:06:00,0
A00142,Atkins PLC,Telecom,Tier 2,147,GEO0108,2025-06-19T10:38:53,2026-01-26T09:43:52,0
A00143,Smith-Williams,Logistics,Tier 3,1118,GEO0352,2025-12-15T08:31:55,2026-02-16T15:21:15,0
A00144,Williams and Sons,Retail,Tier 3,30499,GEO0617,2025-06-07T07:23:12,2025-08-12T08:30:33,0
A00145,Anderson Inc,Retail,Tier 1,179,GEO0344,2026-01-03T03:38:33,2026-02-08T15:16:49,0
A00146,Young-Brady,Manufacturing,Tier 1,7823,GEO0273,2025-03-07T11:43:43,2025-04-13T12:18:39,0
A00147,Weaver and Sons,Logistics,Tier 2,1494,GEO0380,2025-12-31T10:07:38,2026-02-13T12:18:53,0
A00148,"Higgins, Reyes and Miranda",Manufacturing,Tier 3,16,GEO0557,2024-07-04T19:00:07,2025-11-06T20:17:50,0
A00149,"Duncan, Johnson and Coleman",Healthcare,Tier 2,750,GEO0209,2024-10-27T03:38:13,2024-11-27T12:45:58,1
A00150,Sweeney Inc,Energy,Tier 2,3603,GEO0053,2025-10-28T15:22:12,2025-12-10T17:41:36,0
A00151,Lin LLC,Healthcare,Tier 3,23588,GEO0304,2024-07-27T19:59:57,2025-07-31T03:15:12,0
A00152,Boyer-White,FinTech,Tier 3,162,GEO0685,2024-03-11T04:15:11,2024-12-18T13:36:14,0
A00153,Summers-Prince,Retail,Tier 2,38151,GEO0699,2024-12-30T06:42:59,2025-09-10T15:30:50,0
A00154,"Le, Mack and Conway",Logistics,Tier 2,68,GEO0514,2026-02-17T16:32:35,2026-02-27T08:09:29,0
A00155,Bradley Group,FinTech,Tier 3,1071,GEO0296,2024-04-23T09:59:22,2025-04-26T23:13:50,0
A00156,Nguyen-Fitzgerald,Energy,Tier 1,745,GEO0440,2024-06-15T19:25:19,2025-06-29T22:17:59,0
A00157,"Schmidt, Luna and Diaz",Logistics,Tier 2,110,GEO0398,2024-11-09T10:13:10,2025-07-30T06:25:37,0
A00158,"Jordan, Williams and Marshall",Logistics,Tier 1,1526,GEO0501,2024-01-06T05:07:41,2024-07-18T18:34:46,0
A00159,Martinez Inc,Logistics,Tier 1,1622,GEO0107,2026-01-16T13:40:41,2026-02-06T14:56:52,0
A00160,Calderon LLC,Manufacturing,Tier 3,1566,GEO0645,2025-11-12T23:03:04,2026-01-20T13:04:37,0
A00161,Hernandez LLC,FinTech,Tier 3,29073,GEO0468,2024-09-06T10:34:02,2025-09-10T23:58:04,0
A00162,Smith-Short,Logistics,Tier 2,174,GEO0677,2024-11-13T11:02:15,2025-12-31T03:32:50,0
A00163,Martinez Group,Telecom,Tier 2,26,GEO0549,2024-11-05T05:33:20,2025-05-05T13:54:59,0
A00164,Fitzpatrick Ltd,Manufacturing,Tier 2,114,GEO0421,2024-08-16T07:21:09,2024-11-18T15:40:36,0
A00165,"Bailey, Richard and Hill",Retail,Tier 1,37033,GEO0580,2024-05-17T02:15:01,2025-04-12T02:01:09,0
A00166,Guerrero Group,Logistics,Tier 2,1266,GEO0037,2024-03-28T14:55:40,2025-11-06T13:42:03,0
A00167,"Cervantes, Strickland and Reid",FinTech,Tier 1,4307,GEO0667,2024-12-06T08:29:36,2025-12-20T22:28:25,0
A00168,Reynolds-Evans,Government,Tier 3,19111,GEO0516,2025-06-11T12:51:55,2025-10-29T10:32:09,0
A00169,"Perry, Owens and Mejia",Energy,Tier 2,62,GEO0710,2024-11-27T07:14:59,2024-12-02T01:14:46,0
A00170,"Dennis, King and Mendez",Telecom,Tier 1,107,GEO0113,2024-10-05T07:18:41,2025-04-03T11:15:47,0
A00171,Ramirez Ltd,Retail,Tier 1,7843,GEO0565,2024-02-17T09:00:48,2024-02-20T03:05:08,0
A00172,"Torres, Smith and Michael",Healthcare,Tier 1,134,GEO0379,2024-12-18T17:31:46,2025-11-19T09:06:19,0
A00173,Hood Inc,FinTech,Tier 2,176,GEO0312,2024-12-22T15:02:40,2025-05-04T22:15:40,0
A00174,Wolf Group,Manufacturing,Tier 2,952,GEO0006,2025-05-01T07:23:15,2025-10-12T11:47:16,0
A00175,Lee-Dixon,Healthcare,Tier 1,37089,GEO0076,2026-01-28T09:29:48,2026-02-22T12:02:03,0
A00176,Dennis-Smith,Energy,Tier 3,7978,GEO0757,2025-05-13T04:24:06,2025-09-05T11:35:06,0
A00177,Allen-Cain,Energy,Tier 1,26303,GEO0796,2024-04-13T09:03:03,2025-02-25T16:38:51,0
A00178,Benjamin and Sons,FinTech,Tier 1,27338,GEO0717,2024-12-09T11:17:42,2025-04-27T19:54:20,0
A00179,Boone-David,Telecom,Tier 2,102,GEO0757,2025-01-21T05:15:18,2025-01-29T01:05:48,0
A00180,"Daniels, Walker and Castillo",Healthcare,Tier 1,166,GEO0379,2024-12-01T20:05:22,2024-12-14T15:27:10,0
A00181,May and Sons,Energy,Tier 1,11685,GEO0028,2026-01-05T03:29:08,2026-02-23T05:02:37,0
A00182,Le LLC,Energy,Tier 1,57,GEO0212,2024-08-15T09:55:05,2026-02-26T20:23:29,0
A00183,Williams-Peterson,Telecom,Tier 1,426,GEO0733,2026-01-14T04:13:02,2026-02-28T22:29:14,0
A00184,Ruiz Group,Retail,Tier 3,6501,GEO0780,2025-05-19T14:29:16,2026-01-28T16:58:54,0
A00185,Murray-Kidd,Manufacturing,Tier 3,944,GEO0231,2025-01-03T17:20:55,2025-05-09T10:20:40,0
A00186,Miller-Hale,Government,Tier 1,753,GEO0295,2025-09-25T07:26:59,2025-10-08T09:15:35,0
A00187,Johnson LLC,Energy,Tier 1,1307,GEO0614,2024-05-10T17:48:25,2024-06-12T13:54:16,0
A00188,"Miller, Benitez and Moreno",Energy,Tier 2,25775,GEO0437,2024-05-01T22:03:36,2025-05-26T18:12:15,0
A00189,Martin-Dennis,Government,Tier 3,134,GEO0710,2025-05-23T10:22:01,2026-02-17T17:00:55,0
A00190,Franklin-Allen,Government,Tier 3,880,GEO0211,2024-07-25T00:40:20,2025-01-26T19:24:22,0
A00191,Garrett and Sons,Logistics,Tier 2,131,GEO0012,2025-05-09T19:35:22,2025-11-27T17:15:58,0
A00192,Romero-Lane,Government,Tier 1,685,GEO0436,2024-02-25T00:11:29,2025-03-02T11:16:40,0
A00193,Brown-Foster,Logistics,Tier 1,80,GEO0799,2025-11-23T07:40:12,2026-01-16T18:15:24,0
A00194,"May, Price and Ellison",Energy,Tier 1,49,GEO0342,2024-08-18T00:17:22,2025-06-19T18:33:02,0
A00195,Miller LLC,Energy,Tier 2,16,GEO0261,2025-10-03T09:40:37,2025-11-26T00:39:27,0
A00196,"Bailey, Bell and Fox",Manufacturing,Tier 2,454,GEO0262,2025-03-23T01:23:47,2025-09-04T15:28:12,0
A00197,"Smith, Castillo and Jimenez",Logistics,Tier 2,101,GEO0033,2026-01-08T13:11:51,2026-01-22T06:05:38,0
A00198,Murray-Garcia,Retail,Tier 3,6876,GEO0343,2024-08-04T01:35:07,2024-12-02T21:02:13,0
A00199,"Lewis, Hicks and Farmer",Telecom,Tier 1,196,GEO0294,2025-05-15T14:47:31,2026-02-25T19:50:52,0
A00200,"Hardy, Taylor and Lee",FinTech,Tier 3,222,GEO0253,2024-04-06T13:32:42,2025-09-07T09:59:12,0
A00201,Ortega PLC,Retail,Tier 2,92,GEO0450,2024-07-19T07:57:34,2024-09-24T21:11:31,0
A00202,Hill-Price,Logistics,Tier 1,311,GEO0338,2024-10-27T06:38:14,2025-03-19T12:39:33,0
A00203,"Flores, Garcia and Gonzalez",Energy,Tier 2,702,GEO0701,2025-06-17T07:37:20,2025-10-04T15:11:23,0
A00204,"Miller, Hunter and Espinoza",Logistics,Tier 1,17215,GEO0622,2025-06-13T11:33:18,2026-01-10T04:55:01,0
A00205,"Evans, Rodriguez and Everett",Healthcare,Tier 1,19,GEO0042,2024-07-28T23:38:08,2025-08-20T21:34:57,0
A00206,Jensen and Sons,Logistics,Tier 1,669,GEO0786,2025-02-12T10:44:23,2025-08-17T11:03:22,0
A00207,Singh-Ewing,Retail,Tier 3,129,GEO0395,2025-10-02T09:10:24,2026-01-17T04:18:19,0
A00208,Williams-Harrison,Telecom,Tier 2,18854,GEO0116,2025-02-25T22:05:05,2025-03-05T16:02:03,0
A00209,Wright-Randall,FinTech,Tier 2,411,GEO0237,2024-07-01T21:37:30,2025-03-22T16:37:22,0
A00210,Guerrero-Jones,Energy,Tier 1,507,GEO0421,2025-02-18T23:13:05,2025-10-02T15:48:37,0
A00211,Ward-Morales,Logistics,Tier 2,1104,GEO0226,2024-03-12T13:22:24,2024-10-27T06:31:12,0
A00212,Phillips-Ramsey,Manufacturing,Tier 2,6861,GEO0483,2024-09-20T01:01:48,2024-10-21T00:10:16,0
A00213,"Tucker, White and Lane",Retail,Tier 1,125,GEO0741,2024-01-23T12:25:56,2024-06-07T11:42:37,0
A00214,Sims PLC,Telecom,Tier 3,130,GEO0170,2026-02-16T03:08:46,2026-02-24T09:32:18,0
A00215,Johns and Sons,Telecom,Tier 3,1816,GEO0393,2024-04-05T20:09:04,2026-01-01T08:03:42,0
A00216,"Wong, Mcdonald and Barnes",Telecom,Tier 3,195,GEO0338,2024-10-21T13:30:07,2025-06-01T02:40:26,0
A00217,"Harper, Padilla and Brady",Retail,Tier 3,17435,GEO0073,2024-10-28T16:44:51,2024-12-31T14:56:38,0
A00218,Neal-Turner,Energy,Tier 2,175,GEO0482,2024-03-29T18:29:15,2024-10-31T06:57:02,0
A00219,"Hamilton, Hoover and Smith",Telecom,Tier 1,66,GEO0253,2025-06-17T22:17:53,2025-09-12T18:34:23,0
A00220,Cruz-Shields,Telecom,Tier 1,31216,GEO0120,2024-06-08T21:14:17,2025-04-17T09:52:24,0
A00221,Miller Ltd,Energy,Tier 2,18875,GEO0797,2024-08-02T13:54:21,2024-12-04T07:06:05,0
A00222,"Lopez, Ray and Boyer",Government,Tier 1,6850,GEO0762,2024-03-13T16:05:22,2025-11-01T11:34:34,0
A00223,"Smith, Castillo and Shaw",Manufacturing,Tier 2,1348,GEO0795,2024-06-16T12:02:32,2026-01-02T05:14:09,0
A00224,Robinson-Hart,Retail,Tier 1,23540,GEO0394,2025-01-15T05:11:20,2026-01-18T08:36:43,0
A00225,Johnson Group,Government,Tier 2,628,GEO0272,2024-10-20T12:34:42,2024-12-11T01:52:53,0
A00226,Walker-Gonzalez,Manufacturing,Tier 1,1162,GEO0790,2024-03-29T06:03:32,2024-07-08T09:05:17,0
A00227,Gonzalez-Rosario,Telecom,Tier 2,24500,GEO0445,2024-08-16T08:53:48,2025-09-03T20:07:28,0
A00228,"Hancock, Blackburn and Mason",Manufacturing,Tier 1,24196,GEO0384,2024-08-25T08:53:32,2025-12-04T12:23:28,0
A00229,"Russell, Riley and Black",Government,Tier 3,350,GEO0250,2024-04-02T11:21:40,2026-02-19T02:50:28,0
A00230,Wilson-Wells,FinTech,Tier 2,356,GEO0346,2025-07-25T01:57:07,2025-11-24T02:19:30,0
A00231,"Foster, Reynolds and Wright",Healthcare,Tier 3,1443,GEO0512,2024-06-12T06:06:36,2025-08-01T22:51:20,0
A00232,Keller-Lindsey,Energy,Tier 2,1320,GEO0680,2025-01-28T08:54:00,2025-02-11T16:20:46,0
A00233,Mayer-Contreras,Logistics,Tier 3,179,GEO0439,2025-06-14T00:49:56,2026-02-07T19:25:44,0
A00234,Thompson Group,Logistics,Tier 3,37516,GEO0402,2025-12-13T13:21:47,2026-02-24T22:05:14,0
A00235,"Macdonald, Berry and Hernandez",Telecom,Tier 1,32098,GEO0320,2024-04-17T23:04:21,2025-07-19T08:44:37,0
A00236,Rice-Allen,Retail,Tier 2,337,GEO0766,2025-11-28T13:30:03,2026-02-22T18:33:57,0
A00237,Gonzalez LLC,Telecom,Tier 3,9749,GEO0441,2025-03-16T13:35:11,2025-03-27T06:35:59,0
A00238,"Brown, Warner and Arnold",Healthcare,Tier 3,32677,GEO0037,2025-01-11T09:51:03,2025-02-13T10:58:18,0
A00239,Richardson-Sims,Retail,Tier 3,28146,GEO0449,2025-12-17T18:35:21,2025-12-28T03:34:35,0
A00240,King LLC,Retail,Tier 2,34124,GEO0772,2024-04-03T15:12:17,2025-09-08T01:35:49,0
A00241,"Davis, Gates and Williams",Energy,Tier 3,1970,GEO0035,2024-04-29T11:29:42,2024-08-09T22:24:36,0
A00242,"Bailey, Hall and Pollard",Logistics,Tier 1,15159,GEO0028,2024-10-24T09:11:43,2025-05-09T17:12:39,0
A00243,"Allen, Miller and Franklin",FinTech,Tier 3,168,GEO0122,2025-11-18T07:52:57,2026-02-07T20:39:52,0
A00244,Alexander and Sons,Logistics,Tier 1,1065,GEO0209,2025-04-20T11:04:40,2025-07-03T05:46:17,0
A00245,Singleton-Patrick,Logistics,Tier 1,31171,GEO0227,2025-10-07T19:43:12,2025-10-18T06:34:07,0
A00246,Hunter-Clark,Telecom,Tier 2,2171,GEO0619,2024-10-29T12:55:44,2026-01-20T05:47:58,0
A00247,Crawford Ltd,Healthcare,Tier 1,39213,GEO0684,2024-05-27T11:12:28,2025-08-06T05:07:54,0
A00248,"Patrick, Taylor and Bernard",Government,Tier 1,56,GEO0783,2026-01-11T14:51:08,2026-01-13T13:25:29,0
A00249,Mcmillan Inc,Logistics,Tier 2,157,GEO0647,2024-10-07T07:29:20,2025-09-13T07:30:49,0
A00250,Bates-Miller,Logistics,Tier 3,190,GEO0488,2025-01-18T22:25:35,2025-03-30T18:16:33,0
A00251,Hayes-Davis,Logistics,Tier 2,1611,GEO0278,2025-03-28T04:37:19,2025-06-05T14:46:39,0
A00252,Perez Inc,Retail,Tier 2,64,GEO0180,2024-03-27T01:17:48,2025-06-28T04:00:10,0
A00253,Brown Group,Healthcare,Tier 1,1106,GEO0131,2026-01-16T00:49:35,2026-02-13T15:02:55,0
A00254,Kim Group,Healthcare,Tier 3,1605,GEO0636,2024-11-19T09:15:05,2024-12-11T04:39:36,0
A00255,Flores-Sherman,Retail,Tier 1,32916,GEO0492,2024-05-26T08:52:02,2024-07-01T18:11:46,0
A00256,Garcia-Sims,Energy,Tier 1,137,GEO0048,2025-11-13T03:44:55,2026-01-17T03:34:03,0
A00257,Shaw Ltd,Manufacturing,Tier 1,21776,GEO0559,2024-10-12T17:41:13,2026-01-06T01:59:21,0
A00258,"Smith, Sparks and Johnson",Government,Tier 1,34379,GEO0364,2024-11-10T11:43:56,2025-09-12T17:51:45,0
A00259,Walter Inc,Government,Tier 3,1418,GEO0256,2025-06-14T16:35:43,2025-11-14T13:41:28,0
A00260,Allen Ltd,Healthcare,Tier 1,550,GEO0356,2025-07-13T08:10:52,2025-10-06T00:19:26,0
A00261,"Jackson, Wilson and Summers",Retail,Tier 3,1634,GEO0455,2025-04-17T04:24:23,2026-01-20T17:57:51,0
A00262,"Smith, Sexton and Miller",FinTech,Tier 2,507,GEO0412,2024-02-24T00:05:04,2025-05-12T21:02:51,0
A00263,"Nicholson, Wright and Cobb",Energy,Tier 3,39,GEO0382,2024-06-09T03:44:26,2024-08-02T14:25:11,0
A00264,"Duncan, Rodriguez and Guerrero",Logistics,Tier 3,1450,GEO0615,2024-04-13T23:11:05,2025-05-03T17:17:30,0
A00265,"Lin, Hobbs and Carpenter",Logistics,Tier 1,22,GEO0130,2026-01-18T09:04:51,2026-01-20T18:08:17,0
A00266,Tate-Crosby,Healthcare,Tier 3,101,GEO0425,2024-08-07T21:22:51,2025-10-27T16:44:24,0
A00267,Roberts-Newman,FinTech,Tier 3,41,GEO0161,2024-05-31T08:50:48,2025-09-11T04:51:31,0
A00268,"Fisher, Roberts and Bennett",Retail,Tier 3,152,GEO0121,2024-08-01T13:58:03,2025-06-13T08:24:09,0
A00269,"Simon, Harmon and Gillespie",Telecom,Tier 2,1698,GEO0362,2024-08-03T02:36:39,2024-10-20T21:27:43,0
A00270,Hoffman-Preston,Energy,Tier 3,1946,GEO0050,2024-07-23T04:05:06,2025-05-04T00:29:41,0
A00271,Mckee-Reid,Manufacturing,Tier 2,22473,GEO0798,2024-03-20T04:52:37,2024-03-30T15:03:12,0
A00272,"Poole, Clark and Sanders",Energy,Tier 1,16431,GEO0054,2024-08-15T08:09:19,2025-12-29T01:26:42,0
A00273,Oliver-Ramos,Healthcare,Tier 1,42,GEO0240,2024-10-31T13:46:56,2025-03-28T01:50:01,0
A00274,Henson-Arias,Government,Tier 1,77,GEO0217,2025-05-28T20:17:50,2025-11-30T13:19:26,0
A00275,"Estes, Garcia and Robertson",Manufacturing,Tier 3,133,GEO0185,2025-02-08T02:08:46,2025-03-02T12:13:15,0
A00276,"Cowan, Wilson and Lopez",Government,Tier 3,33276,GEO0239,2025-05-20T08:38:29,2025-10-28T12:29:22,0
A00277,"Lynch, Smith and Dixon",FinTech,Tier 3,1215,GEO0046,2024-10-14T14:51:16,2026-02-19T18:45:05,0
A00278,Walker PLC,Retail,Tier 2,159,GEO0118,2024-11-05T06:10:19,2025-12-08T04:10:07,0
A00279,Cameron Group,Energy,Tier 3,10899,GEO0559,2025-12-19T09:46:18,2026-01-05T03:19:25,0
A00280,Henderson-Knight,Logistics,Tier 2,1252,GEO0498,2024-01-14T19:02:53,2024-03-08T10:53:32,0
A00281,"Reid, Maxwell and Gray",Manufacturing,Tier 2,354,GEO0406,2026-02-21T18:03:20,2026-02-22T17:58:14,0
A00282,Taylor Group,Government,Tier 1,168,GEO0219,2025-02-26T01:20:29,2025-11-28T06:48:16,0
A00283,Vega-Carpenter,Logistics,Tier 2,101,GEO0572,2024-01-18T21:59:13,2024-12-14T08:57:23,0
A00284,Blair-Andrews,FinTech,Tier 2,19,GEO0225,2024-08-02T23:09:44,2024-09-15T21:43:35,0
A00285,"Brennan, Chandler and Spence",Government,Tier 1,58,GEO0692,2025-08-22T22:53:06,2025-11-22T10:58:36,0
A00286,Craig-Leonard,Government,Tier 3,6594,GEO0436,2025-08-11T22:28:07,2025-11-29T12:21:20,0
A00287,"Cain, Coleman and Glover",FinTech,Tier 1,40,GEO0362,2024-08-09T20:30:49,2024-08-09T06:08:35,0
A00288,Bryant-Stein,Manufacturing,Tier 1,15178,GEO0324,2025-11-17T06:25:04,2025-12-23T08:52:44,0
A00289,House-Quinn,Retail,Tier 2,6626,GEO0755,2025-09-29T13:21:04,2025-12-17T17:07:55,0
A00290,Larsen-Cole,Energy,Tier 2,1221,GEO0594,2024-04-11T03:07:31,2024-12-07T15:00:11,0
A00291,"Ashley, Burke and Browning",Manufacturing,Tier 3,75,GEO0571,2025-01-18T11:20:40,2025-11-13T19:25:59,0
A00292,Hamilton-Lewis,Retail,Tier 1,180,GEO0636,2024-08-17T06:51:55,2024-11-01T23:57:54,0
A00293,"Sparks, Sims and Smith",Manufacturing,Tier 2,1564,GEO0164,2024-11-13T22:24:08,2026-01-11T19:07:12,0
A00294,Flores-Oconnor,FinTech,Tier 1,16876,GEO0384,2025-12-12T08:55:16,2025-12-13T12:00:04,0
A00295,Warren-Lee,FinTech,Tier 3,38,GEO0389,2024-10-25T10:45:35,2025-03-14T19:35:18,0
A00296,"Wright, Wells and Massey",Government,Tier 1,168,GEO0307,2025-04-07T00:30:18,2025-12-27T03:58:12,0
A00297,Knight LLC,Manufacturing,Tier 2,632,GEO0784,2025-12-02T19:17:04,2026-01-27T11:07:32,0
A00298,Barton-Vazquez,Logistics,Tier 2,916,GEO0458,2025-11-20T17:09:21,2025-12-31T08:32:47,0
A00299,"Higgins, Hamilton and Hart",FinTech,Tier 3,200,GEO0250,2025-06-02T04:12:57,2025-11-23T16:31:39,0
A00300,Cabrera-Cole,Logistics,Tier 2,285,GEO0372,2024-12-12T04:36:16,2025-11-26T21:33:20,0
A00301,Sanchez-Fuentes,FinTech,Tier 2,113,GEO0340,2024-09-11T06:48:38,2025-10-30T23:11:44,0
A00302,Green-Powell,Manufacturing,Tier 1,1382,GEO0564,2025-02-10T09:31:01,2025-04-11T21:05:11,0
A00303,"Paul, Howard and Miller",Manufacturing,Tier 3,14504,GEO0569,2024-10-21T07:36:16,2025-01-11T14:10:32,0
A00304,Cooley-Mcmillan,Healthcare,Tier 3,446,GEO0498,2026-02-02T11:47:39,2026-02-26T12:00:18,0
A00305,Jones and Sons,Telecom,Tier 2,88,GEO0106,2024-06-28T12:17:34,2024-09-16T06:15:21,0
A00306,Little PLC,Healthcare,Tier 3,1826,GEO0660,2025-06-19T23:18:59,2025-08-24T07:56:20,0
A00307,Becker-Silva,FinTech,Tier 3,16108,GEO0191,2024-02-15T07:37:51,2024-09-30T21:53:52,0
A00308,"Romero, Clay and Bird",FinTech,Tier 1,1633,GEO0623,2025-09-28T06:34:45,2025-11-04T07:39:07,0
A00309,"Rowe, Dunlap and Chapman",Energy,Tier 2,34918,GEO0761,2024-05-20T21:30:17,2025-05-18T08:51:23,0
A00310,Cook-Walton,Logistics,Tier 1,449,GEO0736,2026-01-03T16:57:52,2026-01-27T11:37:11,0
A00311,Sanders-Sherman,Energy,Tier 3,13572,GEO0410,2025-09-03T20:26:18,2025-11-24T09:33:53,0
A00312,Hunt PLC,Telecom,Tier 2,24781,GEO0456,2024-05-13T02:40:07,2026-02-10T23:37:16,0
A00313,Jimenez Ltd,Manufacturing,Tier 2,835,GEO0208,2026-01-10T05:37:06,2026-01-17T17:32:18,0
A00314,Gonzales Ltd,Logistics,Tier 3,1832,GEO0090,2024-11-13T22:00:35,2025-02-11T06:05:43,0
A00315,"Swanson, Wall and Chambers",Retail,Tier 2,25126,GEO0542,2025-01-21T17:08:43,2025-12-26T16:16:44,0
A00316,"Smith, Anderson and Cohen",Healthcare,Tier 2,40,GEO0636,2026-01-20T08:23:20,2026-02-28T02:11:59,0
A00317,"Miller, Yang and Walker",Government,Tier 1,423,GEO0239,2025-09-14T20:58:19,2026-01-05T11:27:48,0
A00318,Carter-Miller,Manufacturing,Tier 2,97,GEO0030,2026-01-31T15:01:19,2026-02-14T01:45:10,0
A00319,Collins-Horn,Retail,Tier 3,186,GEO0075,2025-04-09T12:50:32,2025-07-12T03:46:08,0
A00320,Little LLC,Government,Tier 3,17744,GEO0613,2024-08-12T20:42:28,2025-07-16T02:39:50,0
A00321,"Newton, Freeman and Rodriguez",FinTech,Tier 3,1638,GEO0680,2025-11-29T04:16:02,2026-01-14T11:32:36,0
A00322,Webster-Moore,Manufacturing,Tier 2,39244,GEO0425,2024-06-26T19:32:51,2025-12-07T10:49:59,0
A00323,"Rice, Stewart and Willis",Healthcare,Tier 3,1452,GEO0034,2024-06-09T01:11:23,2026-01-29T17:18:22,0
A00324,Scott Group,Government,Tier 2,523,GEO0298,2024-11-23T09:46:32,2025-11-29T14:59:11,0
A00325,Greer-Dickson,Retail,Tier 1,1232,GEO0627,2025-08-14T14:15:15,2026-01-27T11:43:55,0
A00326,Booker LLC,Telecom,Tier 1,171,GEO0287,2024-08-29T06:03:00,2024-11-13T14:05:38,1
A00327,Butler and Sons,Government,Tier 2,132,GEO0762,2026-01-22T04:38:56,2026-02-14T20:53:07,0
A00328,"Dominguez, Benson and Myers",Healthcare,Tier 1,29731,GEO0302,2025-02-27T15:17:50,2025-12-09T23:24:13,0
A00329,White-Smith,Telecom,Tier 1,70,GEO0642,2024-10-16T13:25:15,2026-02-17T16:27:42,0
A00330,"Gray, Castro and Vasquez",Healthcare,Tier 2,170,GEO0308,2024-02-25T21:29:21,2025-07-23T08:58:01,0
A00331,Zamora and Sons,Retail,Tier 3,1329,GEO0587,2024-08-19T17:20:11,2025-02-25T16:32:40,0
A00332,Boone LLC,Retail,Tier 2,1146,GEO0210,2025-02-03T01:00:15,2025-07-03T02:00:48,0
A00333,Coleman-Brown,Healthcare,Tier 3,257,GEO0600,2025-07-28T02:30:05,2025-12-25T18:17:42,0
A00334,"Glenn, Jones and Marshall",Telecom,Tier 2,3330,GEO0291,2025-12-10T15:03:27,2026-01-13T21:16:03,0
A00335,Rodriguez-Adams,Telecom,Tier 3,13379,GEO0782,2025-12-09T10:14:51,2026-01-14T13:06:06,0
A00336,Baldwin-Armstrong,Government,Tier 1,76,GEO0722,2024-12-02T14:35:51,2025-11-14T23:11:03,0
A00337,"Moore, Zamora and Alvarez",Retail,Tier 1,35682,GEO0662,2025-01-05T07:38:22,2025-04-12T03:04:49,0
A00338,Kent PLC,Government,Tier 3,1918,GEO0498,2025-10-14T04:09:56,2025-12-05T08:20:50,0
A00339,"Peck, Madden and Hernandez",FinTech,Tier 1,185,GEO0657,2024-02-26T23:54:13,2025-07-09T12:24:51,0
A00340,Allen PLC,Logistics,Tier 2,1076,GEO0382,2024-01-13T22:56:03,2026-01-10T13:18:01,0
A00341,"Holland, Johnson and Johnson",Retail,Tier 3,38154,GEO0575,2024-04-07T08:01:52,2024-07-15T21:18:46,0
A00342,Cruz-Parrish,Telecom,Tier 3,15247,GEO0221,2024-02-11T18:56:48,2024-08-25T10:14:06,0
A00343,"Davis, Young and Davis",Healthcare,Tier 2,24997,GEO0797,2024-07-13T11:10:09,2025-05-06T20:45:05,0
A00344,Nolan-Scott,Energy,Tier 1,85,GEO0645,2024-09-11T04:26:46,2025-01-25T12:23:34,0
A00345,Ramirez LLC,Government,Tier 3,17719,GEO0029,2024-08-12T06:54:46,2025-10-05T16:34:20,0
A00346,Evans-Miller,FinTech,Tier 3,28585,GEO0538,2024-01-28T20:54:17,2025-04-21T01:38:54,0
A00347,Mullen and Sons,Government,Tier 2,1563,GEO0042,2024-03-23T18:06:11,2025-12-30T07:38:47,0
A00348,Diaz-Jones,Energy,Tier 3,32336,GEO0592,2024-09-19T22:35:19,2025-08-21T14:54:53,0
A00349,Reese-Miller,Energy,Tier 3,6060,GEO0732,2024-09-25T05:51:48,2025-05-22T01:30:52,0
A00350,"Jenkins, Lee and Vaughn",Retail,Tier 2,23617,GEO0529,2025-04-30T01:41:43,2025-07-15T17:27:00,0
A00351,Gonzalez-Hunt,Retail,Tier 3,28777,GEO0184,2024-03-17T02:02:32,2024-05-30T17:45:38,0
A00352,"Parker, Ross and Smith",Manufacturing,Tier 2,145,GEO0019,2024-04-09T01:18:29,2024-04-12T16:41:41,0
A00353,Pineda-Green,Energy,Tier 2,17093,GEO0143,2024-10-10T04:22:25,2025-06-07T04:05:52,0
A00354,White-Lara,Retail,Tier 3,184,GEO0377,2025-12-12T02:00:36,2026-01-15T11:46:43,0
A00355,"Smith, Mcgrath and Miller",FinTech,Tier 2,144,GEO0261,2024-05-15T13:21:22,2024-08-13T09:51:27,0
A00356,Hall-Green,Logistics,Tier 1,35579,GEO0456,2025-11-27T23:33:41,2026-01-26T20:26:19,0
A00357,Roman Ltd,Energy,Tier 1,127,GEO0726,2024-04-19T05:32:23,2025-03-18T13:50:37,0
A00358,Austin-Richard,Manufacturing,Tier 1,1354,GEO0195,2026-01-12T09:34:35,2026-01-16T23:02:46,0
A00359,"Chan, Castillo and Hunter",Manufacturing,Tier 1,6727,GEO0265,2025-05-19T21:38:46,2025-06-08T07:28:30,0
A00360,Short and Sons,Retail,Tier 1,1824,GEO0537,2024-09-09T22:51:12,2025-12-18T21:20:54,0
A00361,Brown-Robles,Manufacturing,Tier 1,94,GEO0582,2025-08-17T22:22:42,2025-09-03T20:18:36,0
A00362,Hill LLC,Logistics,Tier 2,1879,GEO0387,2024-02-10T04:14:37,2025-05-24T19:52:53,0
A00363,"Zuniga, Hill and Silva",Retail,Tier 1,144,GEO0741,2025-06-18T23:48:03,2026-01-28T12:54:49,0
A00364,"Hoover, Robinson and Lowery",Logistics,Tier 2,1770,GEO0116,2025-11-29T10:34:42,2026-02-18T21:43:29,0
A00365,"Smith, Baker and Richmond",Energy,Tier 1,657,GEO0178,2024-02-16T13:37:45,2025-04-07T15:45:15,0
A00366,"Sherman, Bass and Ramirez",Energy,Tier 3,982,GEO0639,2025-01-17T00:11:35,2025-12-07T15:13:48,0
A00367,Hurley-George,Healthcare,Tier 1,258,GEO0266,2025-05-22T03:09:07,2025-12-14T23:52:57,0
A00368,"Dawson, Walsh and Powell",Healthcare,Tier 3,27301,GEO0629,2025-03-22T20:49:44,2025-06-22T15:14:16,0
A00369,Chan and Sons,Logistics,Tier 3,28018,GEO0570,2025-06-20T10:47:43,2025-09-02T09:25:52,0
A00370,Lowery Inc,FinTech,Tier 3,23745,GEO0223,2025-10-07T19:38:50,2025-12-07T04:04:39,0
A00371,Johnson PLC,Manufacturing,Tier 1,264,GEO0194,2025-11-18T04:06:30,2026-02-03T10:13:19,0
A00372,"Aguilar, Glenn and Patterson",Government,Tier 2,24941,GEO0423,2025-12-08T00:18:19,2026-01-30T05:16:01,0
A00373,Krause-Young,Energy,Tier 1,641,GEO0495,2024-11-12T23:42:45,2025-11-15T12:49:48,0
A00374,"Baker, Kennedy and Johnson",Telecom,Tier 1,23,GEO0264,2024-04-07T14:37:01,2024-12-26T14:17:51,0
A00375,"Hoffman, Johnston and Moore",Healthcare,Tier 3,20,GEO0141,2024-04-29T11:55:43,2025-09-23T00:44:53,0
A00376,Cox PLC,Government,Tier 2,10635,GEO0391,2026-02-24T17:42:37,2026-02-24T20:31:03,0
A00377,Chaney and Sons,Logistics,Tier 2,46,GEO0229,2025-06-03T15:21:15,2025-06-12T17:44:28,0
A00378,Knight Ltd,Healthcare,Tier 1,1909,GEO0253,2025-04-18T14:14:17,2026-03-01T10:56:55,0
A00379,Hopkins Group,FinTech,Tier 1,23282,GEO0583,2025-12-14T01:02:33,2026-01-30T17:20:48,0
A00380,Stewart and Sons,Retail,Tier 3,1612,GEO0334,2025-08-12T02:27:57,2025-12-17T18:10:07,0
A00381,Pitts Group,Retail,Tier 3,164,GEO0375,2025-03-27T12:05:30,2025-05-28T16:26:30,0
A00382,Burns-Floyd,FinTech,Tier 3,71,GEO0445,2025-11-12T00:04:49,2026-01-06T08:34:41,0
A00383,Haas PLC,Energy,Tier 2,30,GEO0513,2024-11-18T21:20:35,2025-01-03T22:37:45,0
A00384,Erickson PLC,Energy,Tier 3,33,GEO0203,2024-08-01T09:43:15,2025-08-29T04:23:41,0
A00385,"Rodriguez, Dixon and Manning",Retail,Tier 3,95,GEO0025,2025-02-04T10:35:50,2025-03-17T17:31:44,0
A00386,Smith Inc,Energy,Tier 1,81,GEO0454,2024-06-18T00:53:04,2024-07-23T13:43:58,0
A00387,Thompson-Allen,Retail,Tier 3,98,GEO0527,2025-12-20T12:05:33,2026-01-14T22:09:36,0
A00388,"Rodriguez, Lewis and Mclean",FinTech,Tier 2,59,GEO0735,2025-07-08T09:22:01,2025-12-26T02:35:04,0
A00389,"Dean, Adams and Wilson",Government,Tier 1,1868,GEO0176,2025-05-06T22:12:24,2025-06-13T05:21:04,0
A00390,Duncan-Snyder,FinTech,Tier 1,144,GEO0041,2024-06-19T09:04:20,2024-11-29T02:09:05,0
A00391,Martinez-Espinoza,Manufacturing,Tier 1,149,GEO0651,2025-10-30T01:43:24,2025-11-03T07:41:10,0
A00392,Smith-Oliver,Telecom,Tier 3,187,GEO0709,2025-06-01T14:47:29,2025-12-06T13:47:47,0
A00393,Davis and Sons,Energy,Tier 3,38050,GEO0091,2025-10-07T09:23:08,2025-10-15T15:08:49,0
A00394,"Rush, Camacho and Young",Energy,Tier 3,595,GEO0245,2025-09-15T08:37:19,2025-10-05T06:15:01,0
A00395,"Nguyen, Martinez and Dennis",Energy,Tier 3,12209,GEO0028,2025-08-30T04:52:23,2025-11-20T09:55:39,0
A00396,Clark-Bullock,Healthcare,Tier 1,898,GEO0371,2024-09-18T02:57:15,2025-10-24T23:12:09,0
A00397,Bell and Sons,FinTech,Tier 1,14437,GEO0571,2024-11-18T06:00:22,2025-06-24T03:51:57,0
A00398,"Webster, Garrison and Ball",Retail,Tier 1,1574,GEO0504,2024-08-20T04:13:44,2025-10-24T15:45:44,0
A00399,"Collins, Gomez and Calderon",Healthcare,Tier 3,26276,GEO0502,2024-02-25T20:11:47,2024-07-29T02:52:07,0
A00400,Wise Ltd,Logistics,Tier 3,5200,GEO0726,2024-04-16T15:37:36,2024-11-20T07:13:02,0
A00401,"Johnson, King and Adams",Retail,Tier 1,7403,GEO0119,2025-10-30T20:38:35,2026-02-27T13:52:59,0
A00402,Ortega-Davis,Logistics,Tier 3,1350,GEO0360,2024-06-14T21:58:42,2025-11-14T20:07:34,0
A00403,Pierce-Schmidt,Manufacturing,Tier 1,1519,GEO0638,2024-09-29T05:34:15,2025-10-12T16:45:35,0
A00404,"Medina, Jones and Santos",Telecom,Tier 2,30549,GEO0275,2025-01-06T01:29:26,2025-10-17T15:36:03,0
A00405,Mitchell-Kelley,Energy,Tier 2,76,GEO0074,2024-10-13T20:22:59,2025-08-03T16:46:40,0
A00406,Ross Group,Energy,Tier 3,14174,GEO0139,2025-01-25T15:01:56,2025-04-09T18:02:51,0
A00407,Harper Inc,Energy,Tier 1,19276,GEO0228,2025-01-16T18:35:02,2025-03-03T09:29:24,0
A00408,Mills Ltd,Manufacturing,Tier 2,1525,GEO0394,2025-08-13T19:25:22,2026-02-24T16:24:26,0
A00409,Schneider-Horton,Retail,Tier 2,1797,GEO0600,2025-06-21T17:54:16,2026-02-03T10:17:20,0
A00410,"Fowler, Gonzales and Hall",Telecom,Tier 3,1535,GEO0274,2025-03-07T06:13:16,2025-08-30T21:28:03,0
A00411,"Martin, Escobar and Rubio",Retail,Tier 1,935,GEO0711,2025-11-16T02:45:18,2025-12-25T21:27:24,0
A00412,Moore-Reynolds,Energy,Tier 3,1274,GEO0742,2025-06-15T03:03:30,2025-07-07T12:07:06,0
A00413,Mercer-Hawkins,Healthcare,Tier 1,24242,GEO0207,2024-01-15T13:00:24,2025-01-08T16:21:54,0
A00414,Long Ltd,Healthcare,Tier 3,246,GEO0738,2024-06-26T06:27:01,2025-03-30T17:32:51,0
A00415,Moore LLC,FinTech,Tier 3,1291,GEO0622,2025-06-30T09:20:28,2026-01-07T10:28:25,0
A00416,Carter and Sons,FinTech,Tier 3,30418,GEO0422,2024-05-13T22:43:00,2026-02-22T01:58:32,0
A00417,"Strickland, Pugh and Weaver",Telecom,Tier 1,175,GEO0391,2025-11-05T13:22:39,2026-02-02T01:29:29,0
A00418,Reed-Smith,Telecom,Tier 2,65,GEO0347,2025-03-09T18:45:43,2025-10-28T01:20:21,0
A00419,Owens-Horton,Retail,Tier 3,182,GEO0473,2024-01-31T06:52:49,2024-11-23T07:47:05,0
A00420,Coleman-Lewis,Healthcare,Tier 3,20921,GEO0107,2025-04-26T13:44:14,2025-06-14T16:32:22,0
A00421,Miller-Cooper,Energy,Tier 1,10140,GEO0503,2026-02-01T01:07:21,2026-02-24T16:54:20,1
A00422,"Evans, Dennis and Hughes",FinTech,Tier 1,53,GEO0492,2024-06-04T14:44:50,2025-11-18T22:40:58,0
A00423,White-Bailey,Telecom,Tier 3,1322,GEO0380,2025-04-25T04:02:23,2025-09-20T04:01:47,0
A00424,Riley Ltd,Retail,Tier 3,117,GEO0436,2024-03-30T15:10:25,2024-11-17T23:19:02,0
A00425,Adams LLC,Retail,Tier 2,30824,GEO0416,2025-06-05T08:06:35,2025-07-13T16:44:55,0
A00426,"Medina, Hall and Acosta",Retail,Tier 3,101,GEO0798,2025-04-19T03:37:17,2026-01-13T05:47:34,0
A00427,Ray PLC,Healthcare,Tier 2,1630,GEO0786,2026-02-21T06:50:38,2026-02-25T13:14:23,0
A00428,Flores-Smith,Retail,Tier 3,1851,GEO0317,2026-01-21T20:34:48,2026-02-02T10:17:30,0
A00429,"Pearson, Munoz and Webb",Telecom,Tier 2,1143,GEO0241,2024-08-24T22:50:28,2025-03-01T14:16:43,0
A00430,Snyder-Love,Manufacturing,Tier 1,186,GEO0430,2025-04-11T14:04:08,2025-08-15T06:27:28,0
A00431,Manning Ltd,Healthcare,Tier 3,879,GEO0408,2024-04-15T05:53:14,2025-07-08T07:37:43,0
A00432,Johnson-Patterson,Telecom,Tier 3,19766,GEO0706,2025-04-07T03:16:53,2025-09-26T17:34:57,0
A00433,Reed Ltd,Manufacturing,Tier 2,79,GEO0541,2024-03-26T11:36:48,2024-04-28T12:15:08,0
A00434,Garcia Group,Telecom,Tier 2,1751,GEO0368,2025-06-01T23:32:18,2025-06-20T00:18:09,0
A00435,Lopez LLC,Telecom,Tier 3,1264,GEO0645,2024-01-04T14:26:45,2024-01-08T02:43:36,0
A00436,Hopkins Group,FinTech,Tier 3,30982,GEO0619,2026-01-03T06:52:37,2026-02-08T23:11:31,0
A00437,Zhang-Green,Manufacturing,Tier 2,4100,GEO0494,2025-07-04T15:37:33,2025-12-03T01:45:54,0
A00438,Kelley-Alvarez,Healthcare,Tier 1,39778,GEO0702,2025-05-13T07:44:15,2026-02-03T02:56:00,0
A00439,Holmes-Silva,Manufacturing,Tier 2,2357,GEO0163,2026-02-14T23:12:05,2026-02-24T21:09:45,1
A00440,Jordan LLC,FinTech,Tier 2,1186,GEO0661,2025-12-24T10:26:44,2026-01-17T23:46:53,0
A00441,Frost Ltd,Government,Tier 1,824,GEO0350,2024-05-28T23:33:55,2025-11-12T21:18:32,0
A00442,"Young, Morris and Coleman",Logistics,Tier 2,878,GEO0474,2025-07-23T09:11:00,2025-07-30T04:34:36,0
A00443,Chandler PLC,Manufacturing,Tier 2,66,GEO0397,2024-06-01T09:55:11,2025-03-19T06:43:32,0
A00444,Hicks Inc,Logistics,Tier 1,72,GEO0201,2025-06-10T21:17:38,2025-08-29T17:35:55,0
A00445,"Wells, Shaw and Smith",FinTech,Tier 3,117,GEO0499,2024-02-02T16:43:56,2025-01-11T07:40:29,0
A00446,"Robertson, White and Bolton",Healthcare,Tier 1,13,GEO0101,2024-04-21T10:50:36,2025-10-29T20:59:03,0
A00447,"Wilcox, Kelly and Sims",Logistics,Tier 1,507,GEO0790,2025-01-28T20:02:14,2025-04-24T20:58:44,0
A00448,Lucas PLC,Manufacturing,Tier 2,146,GEO0018,2024-08-30T12:34:19,2024-09-09T19:43:26,0
A00449,Saunders-Gonzalez,Manufacturing,Tier 3,102,GEO0001,2024-05-31T14:40:37,2024-12-10T05:49:55,0
A00450,Shelton-Henry,Logistics,Tier 3,191,GEO0579,2024-01-08T21:08:51,2024-11-09T08:43:50,0
A00451,Lewis Ltd,Retail,Tier 1,20,GEO0402,2025-08-29T00:32:23,2025-11-18T21:51:31,0
A00452,Burns PLC,Retail,Tier 3,58,GEO0365,2024-10-13T12:17:06,2025-04-22T03:56:07,0
A00453,Matthews PLC,Healthcare,Tier 1,16702,GEO0345,2024-05-19T22:55:10,2025-12-30T11:03:04,0
A00454,Jackson Inc,Manufacturing,Tier 1,12359,GEO0423,2024-05-10T03:13:36,2025-12-22T20:43:08,0
A00455,Smith Ltd,Government,Tier 3,779,GEO0746,2026-01-03T07:20:02,2026-01-14T04:06:45,0
A00456,Jackson PLC,Retail,Tier 2,7530,GEO0762,2025-09-24T18:21:14,2025-10-30T02:00:21,0
A00457,"Middleton, Taylor and Ward",Energy,Tier 3,55,GEO0006,2025-05-05T09:59:41,2025-09-08T20:20:53,0
A00458,Armstrong-Clarke,Energy,Tier 3,450,GEO0446,2025-12-29T19:50:34,2026-02-22T02:31:26,0
A00459,"Mccullough, Wright and Mccormick",Retail,Tier 3,177,GEO0627,2024-01-23T11:17:51,2024-08-24T23:07:52,0
A00460,"Lamb, Contreras and Hebert",Telecom,Tier 1,30,GEO0735,2025-12-08T00:59:19,2026-02-17T16:08:52,0
A00461,Reynolds Inc,Energy,Tier 3,11544,GEO0683,2025-02-20T20:01:40,2025-03-05T19:35:12,0
A00462,Thompson and Sons,Telecom,Tier 1,120,GEO0672,2024-06-29T20:44:42,2026-01-26T06:39:29,0
A00463,Williams-Smith,Healthcare,Tier 1,1505,GEO0600,2025-01-17T11:26:44,2026-01-26T14:39:45,0
A00464,"Mcdonald, May and Smith",FinTech,Tier 2,32403,GEO0438,2026-02-19T09:51:17,2026-02-19T03:14:01,0
A00465,Barton-Garcia,Telecom,Tier 1,92,GEO0194,2025-08-13T20:47:10,2025-10-31T20:37:29,0
A00466,Buchanan Inc,Telecom,Tier 3,27954,GEO0021,2024-02-14T13:55:35,2025-07-19T15:35:53,0
A00467,Weaver-Hernandez,Healthcare,Tier 1,10943,GEO0136,2024-04-28T04:34:44,2025-04-15T09:02:17,0
A00468,Smith-Hicks,FinTech,Tier 1,27570,GEO0399,2024-05-24T21:16:20,2024-07-25T03:20:50,0
A00469,"Hogan, Wood and Johnston",Healthcare,Tier 1,1832,GEO0544,2026-02-05T16:07:39,2026-03-01T00:26:00,0
A00470,"Williams, Nguyen and Shah",Healthcare,Tier 3,1324,GEO0255,2024-12-06T15:02:21,2025-11-10T23:27:19,0
A00471,Norman and Sons,Retail,Tier 2,47,GEO0633,2025-04-17T12:36:32,2025-06-04T10:52:15,0
A00472,"Dalton, Butler and Reyes",Government,Tier 1,59,GEO0275,2024-10-04T00:39:40,2025-02-22T13:38:29,0
A00473,Smith PLC,Manufacturing,Tier 1,40,GEO0754,2025-06-06T16:21:44,2025-08-23T01:41:23,0
A00474,"Hanson, Bryant and Norris",Government,Tier 3,219,GEO0615,2024-09-21T08:03:21,2025-09-22T13:22:46,0
A00475,"Ramirez, Rodriguez and Maxwell",Retail,Tier 3,18846,GEO0763,2025-01-08T07:49:38,2026-02-06T11:02:16,0
A00476,Brooks PLC,Energy,Tier 3,11182,GEO0072,2024-10-30T00:37:23,2025-03-22T10:23:17,0
A00477,Young LLC,Retail,Tier 1,144,GEO0053,2025-09-09T14:56:44,2026-02-02T09:59:57,0
A00478,"Le, Wright and Martinez",Energy,Tier 1,57,GEO0713,2024-10-27T04:39:40,2025-08-16T10:42:32,0
A00479,Austin-Pham,Energy,Tier 1,28891,GEO0636,2025-04-15T07:00:54,2025-09-04T19:54:20,0
A00480,Fischer and Sons,Government,Tier 1,1820,GEO0659,2025-10-24T17:41:43,2026-01-29T22:18:04,0
A00481,Guzman-Simmons,Manufacturing,Tier 3,13041,GEO0600,2025-03-20T21:58:04,2025-03-26T23:21:46,0
A00482,Boyd-Harris,Healthcare,Tier 2,36,GEO0437,2025-07-31T16:37:46,2025-10-11T12:10:15,0
A00483,Hale PLC,FinTech,Tier 2,1897,GEO0778,2024-03-26T07:57:40,2025-06-05T07:00:03,0
A00484,"Watts, Weaver and Guerrero",Energy,Tier 3,22954,GEO0774,2025-11-27T01:05:22,2026-01-16T09:00:29,0
A00485,"Henry, Rogers and Levine",Government,Tier 2,1026,GEO0059,2025-10-06T02:16:59,2026-01-13T23:58:28,0
A00486,"Dalton, Pacheco and Dennis",Healthcare,Tier 3,139,GEO0017,2024-12-14T11:48:30,2025-08-05T08:44:06,0
A00487,"Vaughn, Merritt and Nunez",Retail,Tier 2,1052,GEO0205,2025-02-06T14:25:19,2025-02-12T12:13:15,0
A00488,"Blake, Nguyen and Washington",Government,Tier 3,110,GEO0326,2025-01-01T02:03:27,2025-10-20T13:29:36,0
A00489,"Turner, Powers and Pena",Manufacturing,Tier 3,57,GEO0789,2025-09-05T07:19:18,2025-10-26T13:38:58,0
A00490,Williams Inc,Government,Tier 1,14165,GEO0391,2025-05-30T16:13:31,2025-10-22T14:28:40,0
A00491,"Burnett, Harmon and Bush",Telecom,Tier 3,657,GEO0111,2024-03-11T23:03:07,2024-05-04T15:34:27,0
A00492,Hall and Sons,Logistics,Tier 2,64,GEO0425,2025-01-27T06:21:59,2025-11-03T22:49:06,0
A00493,Morales and Sons,Government,Tier 2,37398,GEO0400,2025-11-19T20:03:40,2026-02-13T12:06:32,0
A00494,Hanson-Wilson,FinTech,Tier 2,1814,GEO0427,2024-11-15T00:33:42,2025-05-23T14:57:25,0
A00495,White-Baker,Logistics,Tier 1,15284,GEO0795,2025-03-15T05:56:18,2025-05-20T17:49:27,0
A00496,Mullins-Miller,Healthcare,Tier 2,35,GEO0444,2024-07-01T14:14:26,2025-08-01T23:21:27,0
A00497,Patel-Griffith,Manufacturing,Tier 3,973,GEO0259,2025-04-13T05:31:43,2025-12-22T05:59:50,0
A00498,"Brewer, Hamilton and Wright",FinTech,Tier 2,192,GEO0558,2024-07-18T08:29:44,2025-10-03T13:22:44,0
A00499,Lucero Ltd,Telecom,Tier 3,40,GEO0627,2026-01-31T05:10:25,2026-02-03T22:42:47,0
A00500,Estrada-Weaver,Manufacturing,Tier 2,1644,GEO0548,2024-05-10T23:28:11,2025-02-07T22:16:38,0
A00501,Bennett Inc,FinTech,Tier 2,1670,GEO0530,2025-04-11T03:19:51,2026-01-04T20:04:01,0
A00502,Torres-Garrison,Government,Tier 3,6653,GEO0108,2025-09-01T07:13:33,2026-02-11T00:31:00,0
A00503,Rodriguez Ltd,Manufacturing,Tier 3,918,GEO0124,2025-10-09T15:00:21,2025-11-27T07:41:53,0
A00504,"Wolf, Oliver and Morgan",Government,Tier 1,15058,GEO0798,2024-02-11T21:24:03,2025-03-23T18:25:44,0
A00505,Harper-Kline,Government,Tier 2,199,GEO0173,2024-11-10T01:53:12,2024-11-16T17:53:58,0
A00506,"Hernandez, Mckinney and Nguyen",Government,Tier 3,38392,GEO0024,2025-03-27T20:48:01,2025-08-06T01:51:18,0
A00507,"Rogers, Alvarez and Hall",Retail,Tier 2,28592,GEO0730,2024-10-01T20:43:06,2025-04-25T00:25:12,0
A00508,"Price, Torres and Wilson",Government,Tier 1,7776,GEO0560,2024-10-17T00:18:50,2025-07-07T00:32:35,0
A00509,Davis Group,Government,Tier 3,36261,GEO0285,2024-01-07T22:31:23,2025-07-02T22:16:50,0
A00510,Johnson-Duran,Healthcare,Tier 2,699,GEO0095,2024-02-24T02:52:13,2025-08-28T19:38:48,0
A00511,Graves PLC,Manufacturing,Tier 2,19245,GEO0355,2025-04-14T08:21:50,2026-01-16T23:56:49,0
A00512,"Brown, Wilson and Rodriguez",Government,Tier 3,15254,GEO0162,2024-01-24T01:07:37,2026-02-26T19:20:08,0
A00513,Wright-Martin,Energy,Tier 3,31177,GEO0735,2024-03-17T16:10:53,2025-01-13T11:46:40,0
A00514,Monroe-Young,Manufacturing,Tier 2,64,GEO0091,2025-03-10T04:33:58,2025-04-21T13:12:53,0
A00515,Reed-Baker,FinTech,Tier 1,32,GEO0532,2025-09-24T06:55:35,2025-12-23T12:35:40,0
A00516,"Morrow, Edwards and Wade",Government,Tier 2,20,GEO0079,2025-02-07T10:43:02,2026-02-03T07:17:13,0
A00517,"Garrett, Mason and May",Healthcare,Tier 3,611,GEO0135,2025-03-14T05:07:54,2025-07-14T08:52:12,0
A00518,Mason-Beck,Telecom,Tier 1,233,GEO0236,2025-01-13T09:39:08,2025-02-17T07:40:34,0
A00519,Brown-Cole,FinTech,Tier 3,57,GEO0701,2024-01-03T21:42:32,2025-04-06T01:09:16,0
A00520,Reed and Sons,Energy,Tier 3,93,GEO0384,2025-02-15T21:53:03,2025-10-13T12:40:37,0
A00521,Riley-Leach,Telecom,Tier 1,1768,GEO0579,2024-02-26T01:35:36,2025-05-17T14:19:16,0
A00522,Stafford and Sons,Government,Tier 3,25853,GEO0561,2025-10-21T15:58:04,2026-02-02T22:43:07,0
A00523,Richardson-Reeves,FinTech,Tier 1,997,GEO0343,2025-01-06T21:05:01,2026-01-25T22:43:05,0
A00524,"Moses, Harris and Villegas",Healthcare,Tier 1,27,GEO0424,2024-09-05T07:56:25,2026-01-26T05:27:32,0
A00525,Jensen-Williams,Manufacturing,Tier 1,28940,GEO0750,2025-03-27T01:12:21,2025-04-10T06:46:47,0
A00526,Franklin Inc,Logistics,Tier 2,24506,GEO0296,2024-05-11T16:47:00,2025-02-16T04:18:57,0
A00527,Blanchard Group,Government,Tier 1,30233,GEO0269,2025-07-21T23:35:47,2025-09-16T18:10:04,0
A00528,"Nguyen, Austin and Davis",Energy,Tier 1,34477,GEO0628,2024-03-07T11:33:28,2024-11-01T06:51:47,0
A00529,"Miles, Lopez and Mata",FinTech,Tier 2,28163,GEO0540,2024-09-27T04:39:13,2024-11-21T00:47:31,0
A00530,Miller Group,Logistics,Tier 1,1127,GEO0585,2025-04-28T13:54:17,2025-08-24T16:42:21,0
A00531,"Chung, Jackson and Lloyd",Healthcare,Tier 2,1123,GEO0684,2025-06-21T08:57:47,2025-12-31T10:49:22,0
A00532,Smith-Sexton,Manufacturing,Tier 2,1248,GEO0686,2024-06-16T20:16:11,2024-09-23T01:37:17,0
A00533,"Young, Williams and Reed",Logistics,Tier 2,31834,GEO0266,2025-07-10T20:46:16,2026-01-16T16:37:32,0
A00534,Elliott-Andrews,Retail,Tier 3,5246,GEO0764,2024-01-07T00:49:45,2025-04-30T11:50:45,0
A00535,Rios Group,Manufacturing,Tier 3,1688,GEO0050,2024-08-13T12:28:48,2025-10-20T00:01:55,0
A00536,Smith-Wilson,Energy,Tier 1,132,GEO0773,2025-12-22T19:26:48,2026-02-02T09:47:52,0
A00537,West-Brown,Energy,Tier 3,16169,GEO0384,2025-06-22T20:00:58,2025-12-26T11:13:59,0
A00538,Alexander Group,Manufacturing,Tier 2,7212,GEO0500,2025-02-24T12:31:32,2025-03-16T08:49:52,0
A00539,Garcia-Ballard,Logistics,Tier 2,1603,GEO0546,2025-03-30T11:50:08,2026-01-23T05:23:32,0
A00540,Jacobs-Gallegos,Retail,Tier 2,213,GEO0406,2024-09-25T08:20:36,2025-03-21T03:41:32,0
A00541,Fernandez LLC,Retail,Tier 3,909,GEO0185,2024-07-26T12:49:33,2025-09-08T19:46:16,0
A00542,Ramsey LLC,Retail,Tier 3,1931,GEO0351,2025-01-24T10:46:31,2025-02-25T08:06:42,0
A00543,"Nelson, Vaughn and Marquez",Telecom,Tier 2,181,GEO0332,2025-07-18T10:25:26,2025-09-05T04:26:57,0
A00544,Wheeler Inc,FinTech,Tier 1,24290,GEO0774,2024-10-10T21:40:31,2025-07-14T23:26:21,0
A00545,"Diaz, Kirby and Hamilton",Government,Tier 2,985,GEO0452,2024-08-26T14:57:13,2025-11-05T00:14:58,0
A00546,"Love, Scott and Cunningham",Retail,Tier 3,1668,GEO0259,2024-04-08T10:35:27,2024-07-01T11:56:17,0
A00547,Scott Group,Energy,Tier 2,8638,GEO0440,2025-09-17T21:22:04,2026-02-17T19:26:32,0
A00548,"Rodriguez, Hernandez and Ewing",Healthcare,Tier 2,11248,GEO0075,2025-12-08T18:40:03,2026-02-11T04:58:14,0
A00549,"Kelley, Dennis and Smith",Logistics,Tier 2,161,GEO0006,2024-04-22T06:14:44,2026-01-03T16:01:17,0
A00550,"Nielsen, Mccoy and Grant",Manufacturing,Tier 1,135,GEO0699,2025-12-26T08:12:44,2026-02-26T10:34:47,0
A00551,Holder-Bush,Retail,Tier 1,24540,GEO0380,2026-01-05T12:58:47,2026-02-13T23:54:28,0
A00552,"Allen, Brown and George",Government,Tier 1,749,GEO0425,2024-03-07T14:53:07,2025-04-04T06:07:44,0
A00553,Fuller and Sons,Manufacturing,Tier 3,22,GEO0713,2025-09-22T20:47:57,2026-01-18T16:48:25,0
A00554,Henry PLC,Retail,Tier 3,156,GEO0067,2024-04-23T17:14:43,2025-02-04T22:43:17,0
A00555,Marshall Group,FinTech,Tier 3,4978,GEO0059,2024-05-13T16:56:57,2024-12-29T10:42:35,0
A00556,Wright Ltd,Telecom,Tier 2,1510,GEO0139,2026-01-20T20:19:03,2026-02-21T10:49:59,0
A00557,Murphy PLC,Healthcare,Tier 1,25750,GEO0657,2024-10-24T08:59:39,2025-01-23T16:31:24,0
A00558,"Wilson, Lucas and Moran",Government,Tier 2,16909,GEO0616,2025-04-23T13:26:35,2026-01-12T02:19:21,0
A00559,"Santos, Martin and Gonzales",Healthcare,Tier 3,88,GEO0697,2024-08-05T23:56:12,2025-12-18T06:12:51,0
A00560,Garcia-Cox,Energy,Tier 1,397,GEO0195,2025-02-08T09:35:36,2025-03-10T04:01:33,0
A00561,Gardner Group,Telecom,Tier 1,9153,GEO0602,2024-05-23T04:05:20,2025-09-22T21:32:27,0
A00562,"Heath, Collins and Baker",Energy,Tier 3,12693,GEO0325,2024-09-20T13:05:51,2025-03-10T00:50:20,0
A00563,Graham-Graves,Telecom,Tier 1,19,GEO0486,2025-11-22T12:10:18,2026-01-15T11:09:57,0
A00564,Brown Ltd,Healthcare,Tier 1,1030,GEO0439,2025-10-05T09:14:29,2026-01-19T04:53:39,0
A00565,Ballard LLC,Logistics,Tier 2,917,GEO0505,2024-06-08T13:56:41,2025-08-12T15:03:59,0
A00566,"Wallace, Jenkins and Crawford",Logistics,Tier 2,5347,GEO0142,2025-03-26T11:45:56,2025-09-28T15:49:22,0
A00567,Morgan LLC,Healthcare,Tier 2,1127,GEO0240,2025-06-03T22:13:29,2025-07-20T03:30:41,0
A00568,Gardner-Salinas,Government,Tier 3,9005,GEO0255,2024-03-14T02:45:46,2025-07-10T17:05:32,0
A00569,Carroll-Good,Government,Tier 3,38035,GEO0086,2025-05-14T03:33:40,2025-12-19T04:15:38,0
A00570,Miller-Myers,Energy,Tier 1,138,GEO0792,2025-04-22T18:23:30,2025-06-01T11:54:25,0
A00571,Berry-Winters,Retail,Tier 1,1896,GEO0730,2024-06-30T15:45:50,2024-09-09T18:48:18,0
A00572,Waller Inc,Government,Tier 2,142,GEO0587,2025-03-20T06:57:28,2025-03-22T17:59:26,0
A00573,"Padilla, Johnson and Johns",Energy,Tier 2,62,GEO0205,2024-03-05T04:50:55,2025-06-18T20:18:11,0
A00574,Cook Ltd,Manufacturing,Tier 2,176,GEO0315,2025-04-27T03:46:55,2025-09-14T15:00:05,1
A00575,Collins-Duncan,FinTech,Tier 3,1731,GEO0645,2024-05-29T22:44:58,2024-11-05T19:08:25,0
A00576,Banks LLC,Healthcare,Tier 1,109,GEO0653,2025-08-25T07:18:09,2025-09-20T08:45:32,0
A00577,Clayton Group,FinTech,Tier 1,501,GEO0115,2025-05-26T04:32:07,2025-07-06T17:01:12,0
A00578,Sanchez-Berger,FinTech,Tier 3,143,GEO0199,2025-08-25T11:37:04,2025-10-13T23:22:59,0
A00579,"Bryant, Parsons and Burnett",FinTech,Tier 1,1702,GEO0085,2024-07-10T16:58:33,2026-01-03T04:19:21,0
A00580,Bauer Ltd,Retail,Tier 3,143,GEO0757,2025-09-26T23:13:13,2026-02-18T03:50:31,0
A00581,Ellis Group,Healthcare,Tier 3,16749,GEO0661,2024-07-21T05:45:44,2025-11-01T10:19:05,0
A00582,Paul-Tucker,Telecom,Tier 1,853,GEO0526,2024-07-27T00:51:59,2025-07-05T22:19:31,0
A00583,"Hernandez, Scott and Evans",Manufacturing,Tier 1,430,GEO0255,2024-12-26T19:02:51,2025-08-27T01:50:54,0
A00584,Coffey and Sons,Energy,Tier 3,20181,GEO0681,2026-01-12T03:00:44,2026-02-11T03:30:52,0
A00585,Monroe LLC,FinTech,Tier 2,15351,GEO0385,2025-04-15T12:58:00,2025-04-15T08:53:49,0
A00586,Lawrence-Snyder,Energy,Tier 2,137,GEO0552,2024-11-16T15:55:23,2025-03-13T14:13:29,0
A00587,Morse-Reed,FinTech,Tier 3,157,GEO0581,2024-06-19T14:09:16,2025-05-04T08:36:30,0
A00588,"Jones, Bolton and Ramirez",Healthcare,Tier 1,106,GEO0079,2024-05-03T09:41:56,2026-02-14T07:26:38,0
A00589,Flynn Group,Logistics,Tier 3,1790,GEO0755,2024-02-17T22:51:32,2025-03-05T07:55:19,0
A00590,"Hall, Walker and Williams",Healthcare,Tier 3,35292,GEO0583,2024-02-22T11:15:32,2026-02-14T19:30:01,0
A00591,"Fisher, Hunt and Baxter",Energy,Tier 1,620,GEO0313,2025-03-21T17:36:25,2025-12-01T17:51:08,0
A00592,"Taylor, Thomas and Wilson",Telecom,Tier 2,458,GEO0399,2024-08-15T02:00:21,2025-04-21T03:34:58,0
A00593,Perry-Clark,Energy,Tier 2,783,GEO0514,2024-10-28T01:51:47,2025-10-15T10:50:06,0
A00594,"Lucas, Howard and Mckee",Energy,Tier 3,13,GEO0514,2025-08-22T10:26:40,2025-10-02T14:00:57,0
A00595,Miller Ltd,Logistics,Tier 3,5814,GEO0790,2024-03-18T03:31:51,2024-07-03T19:40:23,0
A00596,Thompson-Butler,Healthcare,Tier 3,33649,GEO0649,2025-03-27T08:00:35,2026-02-04T17:33:19,0
A00597,Wagner-Massey,Telecom,Tier 2,6909,GEO0289,2025-08-14T23:07:23,2026-02-18T09:20:47,0
A00598,Martinez Group,Energy,Tier 1,200,GEO0637,2025-03-07T16:34:15,2025-09-20T14:00:02,0
A00599,Lee Ltd,Energy,Tier 1,29204,GEO0174,2025-04-11T04:49:35,2025-12-18T23:22:31,0
A00600,Pace-Bryan,Telecom,Tier 1,172,GEO0047,2024-04-08T21:28:21,2025-03-29T15:53:35,0
A00601,Miller PLC,Retail,Tier 2,1960,GEO0227,2025-10-27T03:47:51,2025-11-21T00:02:46,0
A00602,Lewis Ltd,Manufacturing,Tier 1,244,GEO0068,2025-09-26T12:11:01,2026-01-11T20:27:31,0
A00603,Schneider Inc,Manufacturing,Tier 2,22003,GEO0368,2025-09-22T02:46:55,2025-09-29T05:54:32,0
A00604,Martin Ltd,Healthcare,Tier 3,35484,GEO0350,2025-11-14T00:11:27,2025-12-23T19:55:41,0
A00605,Williams Ltd,Logistics,Tier 1,9032,GEO0655,2024-06-06T05:10:47,2025-08-21T10:41:50,0
A00606,Ruiz-Parker,Telecom,Tier 2,1391,GEO0066,2024-03-28T14:33:12,2025-06-05T07:26:33,0
A00607,Davis-Glass,Manufacturing,Tier 1,93,GEO0013,2024-05-10T10:08:27,2024-06-28T01:04:40,0
A00608,"Hogan, Robinson and Wilson",Retail,Tier 1,72,GEO0601,2025-07-06T16:33:52,2026-03-01T17:42:03,0
A00609,Peterson LLC,Healthcare,Tier 1,19295,GEO0771,2024-03-19T06:47:49,2026-02-15T13:22:08,0
A00610,"Hunter, Morris and Perry",Logistics,Tier 1,1107,GEO0339,2024-04-07T05:58:55,2024-05-25T23:22:45,0
A00611,"Peters, Murray and Lee",Retail,Tier 1,165,GEO0522,2024-02-05T10:32:01,2025-07-11T11:40:07,0
A00612,Frank LLC,Retail,Tier 2,15,GEO0097,2025-12-11T05:52:10,2026-01-23T01:53:04,0
A00613,"Peck, Allison and Young",Telecom,Tier 2,1267,GEO0146,2024-06-19T14:51:02,2025-01-04T18:03:37,0
A00614,Hart-Rodriguez,Logistics,Tier 2,1407,GEO0572,2024-09-09T19:15:31,2024-12-28T19:05:02,0
A00615,Hoover PLC,Retail,Tier 2,26997,GEO0501,2025-01-13T17:32:50,2025-03-15T15:20:48,0
A00616,King-Bean,Logistics,Tier 3,1337,GEO0088,2024-03-06T17:46:15,2025-02-16T19:04:52,0
A00617,Walton-Gray,Government,Tier 1,1725,GEO0722,2025-04-23T15:39:39,2025-05-21T11:11:48,0
A00618,Banks and Sons,Manufacturing,Tier 3,1676,GEO0446,2025-11-30T10:00:51,2026-02-11T02:57:30,0
A00619,"Williams, Cooley and Martin",Government,Tier 3,592,GEO0567,2024-07-16T01:40:59,2025-07-28T16:21:32,0
A00620,Chang-Arnold,Retail,Tier 3,917,GEO0762,2024-03-15T02:30:01,2025-06-11T14:23:30,0
A00621,"Williams, Smith and Hunt",Healthcare,Tier 2,28,GEO0287,2025-03-19T01:18:11,2025-04-04T07:01:30,0
A00622,Decker LLC,Government,Tier 1,153,GEO0663,2025-12-21T16:04:20,2026-02-18T17:01:00,0
A00623,Burns-Novak,FinTech,Tier 1,119,GEO0058,2025-04-23T16:20:15,2025-09-03T22:29:20,0
A00624,"Miller, Anderson and Trujillo",Telecom,Tier 2,403,GEO0760,2024-03-03T09:15:48,2025-10-28T08:17:26,0
A00625,Garcia-Garcia,Healthcare,Tier 2,112,GEO0521,2025-09-08T19:57:22,2025-10-02T18:44:33,0
A00626,"Lee, Clay and Lee",Manufacturing,Tier 3,20304,GEO0770,2026-01-01T19:41:19,2026-01-06T10:58:21,0
A00627,Bond Inc,Healthcare,Tier 2,128,GEO0570,2024-07-03T06:23:34,2025-08-28T03:58:51,0
A00628,Andrews-Jones,Logistics,Tier 1,62,GEO0324,2024-01-24T21:40:31,2025-06-20T14:04:51,0
A00629,Adams-Terry,Telecom,Tier 3,32226,GEO0696,2025-07-07T22:33:41,2026-02-08T18:10:36,0
A00630,Soto-Andrade,Logistics,Tier 3,1795,GEO0016,2024-09-04T04:52:20,2025-07-06T01:52:50,0
A00631,Doyle-Reilly,Logistics,Tier 2,57,GEO0535,2025-09-12T18:49:17,2025-12-25T22:24:42,0
A00632,"Bennett, Cooper and Jenkins",Government,Tier 1,116,GEO0219,2024-01-04T05:52:23,2026-01-31T11:46:10,0
A00633,Garcia Inc,Telecom,Tier 1,1507,GEO0082,2025-06-01T00:28:42,2025-06-06T08:56:07,0
A00634,"Taylor, Perez and Hester",Healthcare,Tier 2,1040,GEO0574,2024-01-28T14:08:12,2025-06-21T18:40:28,0
A00635,"Mata, Holt and Martinez",Logistics,Tier 3,13,GEO0721,2024-08-22T01:07:43,2025-02-02T10:07:54,0
A00636,Peterson-Cooper,FinTech,Tier 2,18932,GEO0549,2025-06-23T11:47:49,2025-09-12T01:10:13,0
A00637,"Griffith, Thompson and Vang",Telecom,Tier 3,1652,GEO0111,2024-09-11T03:54:22,2025-10-03T11:03:13,0
A00638,Donovan and Sons,Retail,Tier 2,198,GEO0094,2025-04-29T15:16:35,2026-01-17T07:57:32,0
A00639,Spence-Anderson,Healthcare,Tier 1,30,GEO0764,2025-03-22T22:50:57,2025-05-16T10:51:09,0
A00640,Davis-Esparza,Logistics,Tier 2,29888,GEO0352,2024-06-26T15:36:23,2025-11-12T10:43:29,0
A00641,Perez-Robinson,FinTech,Tier 3,124,GEO0392,2026-01-17T00:27:54,2026-02-24T14:15:27,0
A00642,"Lee, Lloyd and Blanchard",Telecom,Tier 3,19102,GEO0601,2025-06-11T22:09:54,2025-09-26T03:40:22,0
A00643,Moon-Shepherd,Logistics,Tier 3,34340,GEO0312,2024-04-22T06:05:14,2025-03-25T14:04:58,0
A00644,"Oliver, Sims and Moore",Manufacturing,Tier 3,1070,GEO0481,2024-03-01T13:23:32,2025-08-02T02:33:50,0
A00645,Jones LLC,Telecom,Tier 2,6436,GEO0478,2024-09-02T22:28:04,2025-01-15T11:21:44,0
A00646,Benjamin PLC,Government,Tier 3,14826,GEO0607,2025-04-06T03:51:42,2025-12-07T17:10:53,0
A00647,Ramos Inc,Energy,Tier 1,19676,GEO0651,2025-03-05T08:19:13,2025-07-23T01:11:56,0
A00648,"Velazquez, Lane and Swanson",Government,Tier 3,90,GEO0046,2025-06-18T16:29:28,2025-08-12T15:20:53,0
A00649,Cain-Patterson,Manufacturing,Tier 2,135,GEO0729,2025-01-21T23:32:04,2025-10-23T13:48:33,0
A00650,Martinez-Walters,Logistics,Tier 1,15361,GEO0439,2024-06-14T23:43:25,2025-05-16T09:14:28,0
A00651,"Hale, Wilson and Mejia",Retail,Tier 1,13712,GEO0423,2024-04-18T19:29:41,2024-09-04T04:16:36,0
A00652,Mora-Conley,FinTech,Tier 1,1796,GEO0091,2025-03-31T17:31:30,2026-02-23T21:24:02,0
A00653,Jones Inc,Retail,Tier 1,1479,GEO0317,2024-08-15T04:16:23,2025-03-05T02:58:07,0
A00654,Salazar Inc,Telecom,Tier 1,485,GEO0027,2024-11-17T04:11:55,2025-07-08T03:44:00,0
A00655,Sosa LLC,Energy,Tier 2,1923,GEO0767,2025-06-26T13:23:34,2025-08-29T01:18:11,0
A00656,Johnson-Hoover,Retail,Tier 3,640,GEO0588,2026-01-01T18:28:12,2026-01-28T09:23:26,0
A00657,Wong Inc,Healthcare,Tier 1,21621,GEO0242,2024-03-16T17:46:54,2025-06-15T13:40:57,0
A00658,Richards-Clayton,Government,Tier 2,131,GEO0513,2024-03-17T21:15:59,2024-05-22T22:39:05,0
A00659,Nichols-Morales,FinTech,Tier 3,71,GEO0130,2025-08-19T16:10:36,2025-12-12T13:31:46,0
A00660,Davis-Gonzalez,Logistics,Tier 2,31,GEO0602,2024-07-01T11:01:52,2025-02-18T06:26:26,0
A00661,"Howard, Kennedy and Chen",Energy,Tier 3,1438,GEO0292,2026-02-08T17:13:27,2026-02-23T15:17:18,0
A00662,Stevens Ltd,Healthcare,Tier 2,9492,GEO0090,2024-07-11T10:54:23,2025-04-14T18:48:27,0
A00663,"Hall, Berry and White",Telecom,Tier 1,126,GEO0171,2024-09-16T08:04:58,2025-03-13T17:05:30,0
A00664,"Smith, Peterson and Lewis",Telecom,Tier 1,1399,GEO0121,2024-04-23T09:11:41,2025-11-18T06:37:24,0
A00665,Adams-Stephens,Energy,Tier 2,20,GEO0544,2024-06-26T18:43:42,2025-07-11T10:46:45,0
A00666,Vasquez Group,Retail,Tier 1,22,GEO0225,2025-04-25T02:24:35,2025-05-16T17:02:24,0
A00667,"Montoya, Page and Kelly",Healthcare,Tier 2,33063,GEO0784,2025-07-28T14:25:44,2025-11-28T10:12:08,0
A00668,Bauer-Edwards,Manufacturing,Tier 3,33484,GEO0725,2025-09-30T10:38:36,2025-10-13T11:32:33,0
A00669,Armstrong PLC,Energy,Tier 3,764,GEO0075,2024-04-29T21:58:56,2024-08-25T02:55:33,0
A00670,Spencer Inc,Manufacturing,Tier 3,79,GEO0216,2024-01-05T22:01:27,2024-04-23T13:38:13,0
A00671,Henderson-Farmer,Telecom,Tier 1,3921,GEO0608,2024-09-28T12:15:31,2024-10-02T21:28:10,0
A00672,Russo LLC,Government,Tier 1,461,GEO0362,2025-07-29T02:25:15,2025-10-15T01:21:18,0
A00673,Sutton-Green,Government,Tier 3,1746,GEO0033,2024-10-19T11:10:52,2025-03-26T01:44:00,0
A00674,Perkins-Becker,Government,Tier 2,799,GEO0263,2025-04-10T14:35:07,2025-09-04T02:09:30,0
A00675,Avery Group,Logistics,Tier 1,197,GEO0439,2025-05-12T16:31:38,2025-07-20T21:34:15,0
A00676,Acosta LLC,Healthcare,Tier 3,17781,GEO0406,2025-08-23T21:07:46,2025-09-12T20:35:31,0
A00677,"Drake, Stephens and Fry",Logistics,Tier 1,136,GEO0562,2025-10-30T12:10:34,2026-02-22T23:40:16,0
A00678,"Moore, Martin and Day",Manufacturing,Tier 3,4718,GEO0015,2024-06-20T20:54:13,2025-05-13T12:30:08,0
A00679,Shelton-Walters,Energy,Tier 1,83,GEO0715,2024-10-12T04:10:57,2025-05-16T09:59:30,0
A00680,Ramirez-Mccormick,Manufacturing,Tier 3,21968,GEO0437,2025-05-28T07:10:40,2025-12-07T01:49:56,0
A00681,"Hogan, Herrera and Fox",Manufacturing,Tier 1,507,GEO0715,2025-12-03T12:06:31,2026-02-24T11:33:13,0
A00682,"Foster, Harvey and Wiggins",Energy,Tier 3,28,GEO0503,2025-11-29T00:39:52,2026-02-01T22:05:46,0
A00683,Turner-Murphy,Retail,Tier 3,1376,GEO0001,2025-06-11T23:58:55,2025-08-22T08:07:51,0
A00684,"Baker, Wilson and Richardson",FinTech,Tier 1,1860,GEO0220,2024-06-23T05:08:32,2025-11-25T07:09:01,0
A00685,Oliver PLC,Manufacturing,Tier 3,19153,GEO0715,2025-09-26T17:02:52,2025-10-02T19:11:39,0
A00686,Scott Group,Telecom,Tier 2,953,GEO0087,2025-02-21T11:21:17,2025-12-22T09:18:17,0
A00687,"Brown, Brown and Harris",Healthcare,Tier 3,1148,GEO0576,2024-11-09T04:27:35,2025-02-13T05:50:14,0
A00688,"Miller, Young and Nichols",Manufacturing,Tier 1,1579,GEO0620,2024-09-16T22:28:40,2025-04-28T15:34:21,0
A00689,Powell-Campbell,Manufacturing,Tier 1,1971,GEO0504,2024-08-25T06:07:09,2025-10-29T08:22:24,0
A00690,Wilson-Miranda,FinTech,Tier 2,100,GEO0273,2026-01-30T11:30:06,2026-02-25T15:05:23,0
A00691,Quinn LLC,Retail,Tier 3,148,GEO0446,2025-10-23T07:23:25,2025-12-04T20:41:51,0
A00692,Baker-Singh,Logistics,Tier 1,886,GEO0613,2024-12-10T03:48:49,2025-01-07T22:46:15,0
A00693,"Knapp, Kemp and Ramsey",Retail,Tier 1,14619,GEO0324,2024-09-23T04:01:59,2025-02-01T04:02:05,1
A00694,Huff Group,Manufacturing,Tier 3,10263,GEO0526,2025-04-11T13:49:02,2025-10-31T17:25:40,0
A00695,Combs Inc,FinTech,Tier 2,68,GEO0284,2025-07-23T19:39:26,2026-02-14T09:34:34,0
A00696,Bauer-Alexander,Telecom,Tier 2,8462,GEO0732,2024-08-21T05:39:36,2025-07-26T18:50:05,0
A00697,"Robinson, Acevedo and Estes",Healthcare,Tier 3,15604,GEO0024,2024-01-19T06:20:00,2025-08-23T07:09:59,0
A00698,Hoffman-Allen,Manufacturing,Tier 1,27464,GEO0080,2025-01-12T09:54:32,2026-01-28T12:12:55,0
A00699,"Carr, Lewis and Ross",Healthcare,Tier 1,17893,GEO0740,2025-11-07T00:54:25,2026-02-22T10:49:12,0
A00700,Martin-Klein,Manufacturing,Tier 3,186,GEO0342,2024-06-24T21:35:24,2025-07-18T09:56:43,0
A00701,Schmitt-Gould,Retail,Tier 2,1733,GEO0408,2024-04-23T22:49:42,2025-01-06T13:51:21,0
A00702,"Wilson, Greene and Hodges",Manufacturing,Tier 3,26566,GEO0091,2024-05-30T15:35:09,2025-08-15T18:01:03,0
A00703,"Perkins, Lee and Cantu",Logistics,Tier 2,126,GEO0215,2024-01-16T05:26:02,2026-02-14T00:52:33,0
A00704,"Donovan, Elliott and Miller",Energy,Tier 3,58,GEO0661,2026-03-01T22:17:39,2026-03-02T07:07:56,0
A00705,"Clark, Hull and Flores",Government,Tier 1,36666,GEO0756,2024-01-22T21:38:14,2024-05-04T05:39:45,0
A00706,Young-Mason,Energy,Tier 1,138,GEO0368,2024-11-14T23:26:07,2025-06-22T01:48:05,0
A00707,"Little, Morris and Smith",Telecom,Tier 1,15554,GEO0032,2025-11-10T17:10:04,2025-11-26T23:52:40,0
A00708,Myers Inc,Retail,Tier 2,35,GEO0181,2024-02-10T23:38:31,2025-07-21T09:36:30,0
A00709,Davis-Miller,Energy,Tier 3,4200,GEO0018,2024-01-27T14:43:54,2025-05-09T21:25:54,0
A00710,Anderson-Costa,Manufacturing,Tier 1,303,GEO0296,2025-03-12T06:04:38,2026-01-29T08:08:08,0
A00711,Foster-Baird,FinTech,Tier 2,200,GEO0487,2024-08-07T15:05:16,2025-12-13T22:11:41,0
A00712,Martin-Harrison,Logistics,Tier 2,106,GEO0517,2024-12-20T07:52:08,2026-01-22T14:58:23,0
A00713,"Molina, Howe and Leonard",Energy,Tier 2,76,GEO0350,2025-08-18T15:59:59,2026-02-04T09:47:37,0
A00714,"Thompson, Hall and Wagner",FinTech,Tier 1,1015,GEO0033,2024-08-07T22:32:30,2025-09-03T07:47:01,0
A00715,Mullen LLC,Manufacturing,Tier 2,511,GEO0487,2025-05-11T11:34:16,2026-02-06T07:25:13,0
A00716,Wiggins-Ortiz,Telecom,Tier 1,15875,GEO0327,2024-05-01T19:35:34,2024-08-13T00:09:36,0
A00717,Miller-Singleton,Healthcare,Tier 1,17209,GEO0218,2025-03-28T10:33:27,2025-06-05T06:17:55,0
A00718,Watkins-Chavez,Healthcare,Tier 1,84,GEO0014,2025-11-03T13:19:04,2025-11-05T03:16:40,0
A00719,Santos Inc,Manufacturing,Tier 1,980,GEO0453,2024-05-24T14:28:26,2024-06-05T23:48:25,0
A00720,Green-Brady,Healthcare,Tier 2,41,GEO0627,2025-10-09T09:11:07,2025-10-16T17:19:15,0
A00721,Stephens LLC,Manufacturing,Tier 3,18313,GEO0739,2025-07-03T03:27:38,2025-10-16T08:24:27,0
A00722,Campbell-Marsh,Logistics,Tier 1,1561,GEO0604,2025-06-13T09:47:35,2025-12-06T03:40:40,0
A00723,Martinez and Sons,FinTech,Tier 3,192,GEO0643,2025-04-01T04:17:31,2025-10-10T20:35:20,0
A00724,Jones PLC,Telecom,Tier 2,30038,GEO0719,2025-12-08T05:58:27,2026-01-24T19:43:57,0
A00725,"Marsh, Holland and Shaw",Healthcare,Tier 3,31815,GEO0338,2024-02-11T09:26:39,2024-11-21T22:34:11,0
A00726,"Garcia, Miller and Stanton",Energy,Tier 2,976,GEO0414,2026-01-01T09:51:28,2026-02-12T17:10:02,0
A00727,Liu-Sanchez,Manufacturing,Tier 2,179,GEO0375,2024-04-21T11:59:57,2024-10-01T23:47:43,0
A00728,"Berry, Williamson and Young",Manufacturing,Tier 2,43,GEO0587,2024-03-20T01:18:26,2025-03-30T07:56:20,0
A00729,"Miles, Valdez and Lopez",Telecom,Tier 3,25,GEO0077,2024-03-09T12:50:31,2025-06-17T18:35:12,0
A00730,"Williams, Love and Livingston",Logistics,Tier 1,194,GEO0681,2024-02-14T01:17:12,2024-09-06T01:58:50,0
A00731,Pacheco Group,Logistics,Tier 3,17,GEO0700,2025-04-19T02:53:23,2025-07-27T05:15:32,0
A00732,Sexton-Vargas,Logistics,Tier 3,893,GEO0478,2024-11-12T00:59:51,2025-06-19T05:31:07,0
A00733,Wilkins Ltd,Logistics,Tier 2,345,GEO0056,2024-05-06T09:17:47,2025-11-13T01:27:24,0
A00734,Harrell-Harris,FinTech,Tier 2,11187,GEO0609,2026-01-17T19:50:43,2026-01-19T21:55:49,0
A00735,"Moore, Martin and Zimmerman",Government,Tier 1,112,GEO0576,2025-03-07T12:20:55,2025-07-13T15:53:12,0
A00736,Roberts-Sutton,Energy,Tier 1,176,GEO0549,2024-02-08T11:09:15,2025-08-29T14:28:51,0
A00737,Wade PLC,Telecom,Tier 1,39191,GEO0575,2025-06-25T10:17:58,2025-09-21T01:26:40,0
A00738,"Castillo, Walker and Vazquez",Government,Tier 3,17741,GEO0445,2024-07-29T06:32:55,2024-11-25T05:12:56,0
A00739,Carpenter-Ortiz,Manufacturing,Tier 3,1080,GEO0647,2024-10-31T04:00:13,2025-07-10T13:03:08,0
A00740,Wade-Harper,Telecom,Tier 1,124,GEO0350,2024-02-09T12:26:52,2025-08-11T01:15:05,0
A00741,"Smith, Wilson and Davis",Telecom,Tier 2,1119,GEO0598,2025-09-15T12:41:27,2025-09-20T01:21:21,0
A00742,Cook-Lopez,Manufacturing,Tier 3,1395,GEO0383,2026-02-15T18:12:17,2026-02-19T19:45:38,0
A00743,Martin and Sons,FinTech,Tier 1,103,GEO0550,2025-10-30T17:28:39,2026-01-27T17:56:09,0
A00744,Cohen-Gonzalez,Healthcare,Tier 1,888,GEO0475,2025-11-02T09:56:49,2025-11-15T19:58:16,0
A00745,"Green, Jordan and Walker",Logistics,Tier 3,1454,GEO0777,2024-12-19T12:01:14,2025-07-19T07:17:00,0
A00746,Simmons Ltd,Retail,Tier 3,1996,GEO0630,2025-10-22T18:13:07,2025-12-23T06:15:24,0
A00747,Sexton-Evans,Government,Tier 1,19614,GEO0121,2024-10-25T07:12:11,2025-11-08T12:16:17,0
A00748,Clark Inc,Retail,Tier 2,1398,GEO0115,2025-01-18T03:50:21,2025-04-08T20:32:26,0
A00749,Robertson-White,Government,Tier 3,940,GEO0446,2024-04-26T09:41:48,2024-05-14T20:31:44,0
A00750,Harvey LLC,Energy,Tier 3,1098,GEO0468,2025-08-24T00:42:46,2026-01-09T03:08:22,0
A00751,Farley-Fischer,FinTech,Tier 1,36798,GEO0037,2024-03-04T05:09:16,2025-09-18T18:57:44,0
A00752,White-Preston,Energy,Tier 2,1039,GEO0374,2024-03-09T19:25:52,2025-02-09T01:50:51,0
A00753,Brooks-Hooper,Logistics,Tier 1,39303,GEO0771,2025-11-21T14:39:28,2026-02-27T22:26:19,0
A00754,Garcia Ltd,Telecom,Tier 1,835,GEO0004,2025-10-22T21:01:05,2026-02-02T10:25:04,0
A00755,"Banks, Maxwell and Eaton",FinTech,Tier 2,29015,GEO0326,2024-11-13T11:04:09,2026-01-20T11:04:27,0
A00756,Suarez-Bell,Logistics,Tier 1,107,GEO0670,2024-05-18T04:52:33,2025-03-13T15:18:24,0
A00757,Moore PLC,Government,Tier 1,63,GEO0604,2025-05-13T19:17:57,2026-02-13T00:41:17,0
A00758,Lindsey-Smith,FinTech,Tier 1,96,GEO0409,2026-01-21T01:47:40,2026-01-29T14:52:08,0
A00759,"Velasquez, Acosta and Brown",Telecom,Tier 1,78,GEO0750,2024-04-05T03:11:39,2024-05-16T11:33:32,0
A00760,Hernandez PLC,Energy,Tier 1,27611,GEO0204,2026-01-16T20:46:59,2026-01-26T12:40:54,0
A00761,"Campbell, Lane and Gonzalez",Manufacturing,Tier 1,21753,GEO0115,2025-12-14T08:27:01,2026-02-11T16:04:46,0
A00762,"Hernandez, Daniel and Patel",Government,Tier 1,17476,GEO0641,2024-06-12T10:10:08,2024-11-29T19:13:07,0
A00763,"Simon, Joseph and Walter",Energy,Tier 1,362,GEO0514,2024-03-08T09:30:52,2025-10-24T22:28:40,0
A00764,"Lane, Smith and Johnson",Energy,Tier 3,39453,GEO0621,2024-01-09T21:32:42,2024-08-29T02:50:55,0
A00765,"Gregory, Shepard and Small",Logistics,Tier 2,179,GEO0008,2024-06-27T18:21:55,2025-05-10T07:48:45,0
A00766,"White, Cooper and Friedman",Energy,Tier 2,10525,GEO0305,2025-06-10T21:48:36,2025-09-25T17:29:44,0
A00767,"Gonzalez, Edwards and Keller",Energy,Tier 1,206,GEO0011,2025-06-06T18:57:05,2025-10-18T16:28:26,0
A00768,"Forbes, Garcia and Scott",Healthcare,Tier 2,2400,GEO0425,2024-10-14T05:03:53,2025-11-03T03:34:35,0
A00769,Reynolds and Sons,Logistics,Tier 2,173,GEO0670,2025-05-12T04:48:36,2025-07-26T08:03:05,0
A00770,"Wallace, Stevens and Martin",Healthcare,Tier 3,29228,GEO0162,2025-01-21T01:59:56,2025-09-15T07:10:58,0
A00771,Thornton-Kemp,Telecom,Tier 2,1522,GEO0026,2024-04-17T15:09:04,2025-09-14T17:39:01,0
A00772,Golden Ltd,Government,Tier 3,1559,GEO0648,2025-03-05T11:56:23,2025-07-02T08:57:59,0
A00773,"Dickerson, Brown and Santos",Healthcare,Tier 2,1209,GEO0787,2024-02-21T02:29:08,2025-06-03T14:20:14,0
A00774,Lara-Smith,Government,Tier 2,8134,GEO0731,2025-09-17T20:40:41,2026-01-04T03:53:04,0
A00775,Hudson-Forbes,Retail,Tier 2,9571,GEO0639,2025-02-20T11:36:11,2025-12-07T07:03:59,0
A00776,"Browning, Wells and Hoffman",Energy,Tier 3,521,GEO0303,2024-10-29T17:39:29,2025-05-22T20:06:26,0
A00777,Williams LLC,Retail,Tier 1,147,GEO0376,2025-02-24T23:03:05,2025-03-06T18:10:03,0
A00778,"Wood, Garcia and Bailey",Manufacturing,Tier 2,1630,GEO0643,2025-05-01T10:22:42,2025-12-29T03:38:21,0
A00779,"Johnson, Howard and Baker",Telecom,Tier 1,287,GEO0679,2024-12-05T02:41:14,2025-09-10T13:51:20,0
A00780,Hawkins-West,FinTech,Tier 2,17077,GEO0174,2025-04-20T15:09:51,2025-12-24T05:22:53,0
A00781,Schultz-Parker,Logistics,Tier 2,58,GEO0086,2026-01-01T05:49:07,2026-02-14T11:04:42,0
A00782,Porter-Garcia,Logistics,Tier 3,163,GEO0525,2024-02-17T19:55:37,2025-08-09T05:46:52,0
A00783,Frazier PLC,FinTech,Tier 1,65,GEO0728,2025-06-19T00:12:56,2025-12-03T16:01:29,0
A00784,Freeman-Ray,Retail,Tier 1,161,GEO0220,2025-12-05T21:16:45,2026-01-17T21:37:14,0
A00785,Boone-Jones,Government,Tier 3,36190,GEO0420,2025-05-02T09:20:15,2025-10-15T23:17:55,0
A00786,"Pugh, Bishop and Greer",Retail,Tier 3,116,GEO0652,2025-07-13T23:43:03,2025-07-15T06:55:28,0
A00787,Vargas Ltd,Manufacturing,Tier 2,1917,GEO0500,2025-02-04T01:33:04,2025-07-23T02:44:34,0
A00788,Bryant PLC,Logistics,Tier 3,126,GEO0362,2025-12-27T06:49:27,2026-01-19T13:04:18,0
A00789,Fuller Group,Energy,Tier 2,1787,GEO0450,2026-01-01T14:22:57,2026-01-15T02:03:56,0
A00790,"Mills, Craig and Parker",FinTech,Tier 2,1447,GEO0526,2024-05-19T05:30:20,2025-08-17T02:17:33,0
A00791,Bradford-Norris,Healthcare,Tier 2,8403,GEO0171,2024-03-05T12:22:12,2025-11-18T15:36:16,0
A00792,Smith PLC,Energy,Tier 1,23873,GEO0164,2025-04-07T20:26:52,2025-11-06T16:55:54,0
A00793,"Levine, Perkins and Ruiz",Healthcare,Tier 2,938,GEO0388,2025-08-14T05:55:33,2025-10-01T23:55:52,0
A00794,"Carlson, Torres and Mckee",Logistics,Tier 1,36173,GEO0798,2024-10-07T18:57:46,2024-11-13T04:10:56,1
A00795,"Mcknight, Ray and Wang",Energy,Tier 1,8893,GEO0797,2026-02-02T10:02:06,2026-02-03T04:53:56,0
A00796,"Turner, Mcdonald and Blackburn",Energy,Tier 1,10547,GEO0134,2024-09-09T22:37:03,2024-11-11T18:19:02,0
A00797,Henry-Wilkinson,Telecom,Tier 3,8396,GEO0798,2025-03-28T05:59:32,2025-07-09T04:18:36,0
A00798,Garcia-Rogers,Retail,Tier 1,29966,GEO0741,2024-04-09T22:28:01,2024-10-07T09:39:04,0
A00799,Ramirez-Russell,FinTech,Tier 3,21564,GEO0483,2026-02-09T14:41:35,2026-02-23T14:26:09,0
A00800,Hines-Alexander,Energy,Tier 3,109,GEO0793,2025-04-28T22:57:29,2025-07-12T03:59:49,0
A00801,Wilcox-Harris,Healthcare,Tier 1,1399,GEO0067,2025-05-12T19:50:01,2025-06-09T12:47:32,0
A00802,Garcia-Phillips,FinTech,Tier 2,55,GEO0774,2024-09-16T09:23:42,2025-12-12T12:12:43,0
A00803,Jones-Lucero,Telecom,Tier 1,34,GEO0253,2025-06-09T11:18:46,2025-09-09T10:35:24,0
A00804,Davis Group,Government,Tier 2,84,GEO0050,2024-10-07T06:10:58,2025-07-08T03:55:47,0
A00805,"Wood, Cochran and Ewing",Retail,Tier 1,117,GEO0618,2025-01-30T07:42:46,2025-04-14T19:45:02,0
A00806,Collins Group,FinTech,Tier 1,27308,GEO0067,2024-10-25T21:28:19,2024-11-11T15:08:18,0
A00807,Jordan Group,Logistics,Tier 3,33307,GEO0055,2025-06-25T19:38:30,2025-07-21T15:59:38,0
A00808,Henry-Martin,Energy,Tier 3,852,GEO0167,2024-01-23T14:44:06,2024-04-06T11:47:58,0
A00809,Little-Nelson,Government,Tier 3,1153,GEO0538,2025-05-20T02:54:52,2025-09-19T05:02:19,0
A00810,"Harris, Nguyen and Smith",Manufacturing,Tier 1,53,GEO0027,2025-02-11T20:32:06,2026-01-05T22:47:37,0
A00811,Johnson Ltd,Retail,Tier 1,634,GEO0735,2025-04-12T07:26:24,2025-05-28T19:45:25,0
A00812,"Mills, Steele and Glover",Telecom,Tier 3,30726,GEO0222,2024-04-22T02:24:11,2025-06-06T12:31:06,0
A00813,"Estrada, Jones and Jones",Retail,Tier 2,28672,GEO0319,2024-10-04T22:23:37,2026-02-20T01:03:28,0
A00814,Davis and Sons,Retail,Tier 1,125,GEO0057,2024-06-14T11:07:49,2025-09-11T20:01:38,0
A00815,Drake Ltd,Healthcare,Tier 2,423,GEO0037,2025-02-16T06:53:16,2025-12-03T19:09:35,0
A00816,Burnett-Mcdonald,Healthcare,Tier 2,29141,GEO0735,2024-09-22T02:52:28,2026-02-16T08:00:20,0
A00817,"Castro, Carney and Parks",Government,Tier 3,462,GEO0001,2025-07-08T03:08:47,2025-10-12T16:52:30,0
A00818,"Graham, Mcknight and Kane",Telecom,Tier 1,19446,GEO0382,2024-09-11T21:54:53,2026-02-07T14:30:06,0
A00819,Mercado-Lopez,Government,Tier 3,1957,GEO0483,2025-12-18T17:51:06,2026-01-05T21:22:38,0
A00820,"Brown, Stevenson and Thompson",Manufacturing,Tier 3,154,GEO0162,2024-08-27T18:31:56,2025-04-03T13:32:26,0
A00821,Lara-Ryan,Healthcare,Tier 1,7287,GEO0550,2024-09-29T04:45:51,2025-11-03T02:00:37,0
A00822,Foley-Woods,Healthcare,Tier 3,509,GEO0230,2024-03-08T10:24:42,2025-03-02T06:38:36,0
A00823,Hicks Inc,Manufacturing,Tier 2,119,GEO0607,2025-07-27T05:26:48,2026-02-28T09:10:27,0
A00824,"Jimenez, Richards and Murray",Telecom,Tier 2,256,GEO0368,2025-03-01T04:52:12,2025-08-22T21:08:31,0
A00825,"Buchanan, West and Oconnor",Energy,Tier 1,82,GEO0372,2025-09-20T22:47:57,2026-01-01T04:49:46,0
A00826,Benson-Martin,FinTech,Tier 2,22157,GEO0548,2025-02-14T13:01:41,2025-07-25T12:16:07,0
A00827,White-Collins,Logistics,Tier 2,4907,GEO0108,2024-03-22T04:39:44,2025-08-11T04:39:19,0
A00828,Brown-Jackson,Manufacturing,Tier 3,100,GEO0642,2024-04-30T19:37:03,2024-07-16T21:16:50,0
A00829,"Humphrey, Soto and Colon",FinTech,Tier 3,30122,GEO0525,2024-01-15T10:55:37,2026-02-15T11:43:00,0
A00830,"Carter, Sullivan and Obrien",FinTech,Tier 1,1800,GEO0318,2024-07-27T05:14:30,2025-06-22T00:21:47,0
A00831,Weeks Inc,Energy,Tier 1,49,GEO0170,2025-10-08T05:30:35,2025-12-17T12:44:58,0
A00832,Hampton-Thompson,Logistics,Tier 2,1258,GEO0127,2024-10-17T10:38:47,2025-02-26T22:22:33,0
A00833,Hernandez-Bowers,Logistics,Tier 1,1739,GEO0264,2025-12-15T20:50:04,2025-12-20T23:21:24,0
A00834,Haynes Ltd,Logistics,Tier 2,825,GEO0222,2024-02-12T16:24:31,2025-10-29T10:43:08,0
A00835,"Wong, Bray and Hicks",Logistics,Tier 3,147,GEO0139,2026-01-12T10:48:54,2026-02-22T20:23:57,0
A00836,Mcmahon-Allen,Government,Tier 2,22065,GEO0247,2025-04-09T12:40:15,2026-01-27T05:06:19,0
A00837,Fischer-Hill,FinTech,Tier 2,20053,GEO0258,2024-05-02T01:54:18,2024-11-18T12:23:18,0
A00838,Perkins LLC,Retail,Tier 3,29,GEO0360,2024-11-27T01:40:11,2025-11-24T04:09:27,0
A00839,Dunn PLC,FinTech,Tier 2,1467,GEO0086,2024-12-04T12:08:19,2025-03-31T08:57:45,0
A00840,"Smith, Harris and Palmer",Retail,Tier 2,1546,GEO0021,2026-02-03T16:43:47,2026-02-04T17:39:45,0
A00841,Price-Vincent,Government,Tier 3,176,GEO0178,2025-02-02T09:26:39,2025-04-20T21:52:58,0
A00842,"Williams, Taylor and Turner",Retail,Tier 3,26999,GEO0489,2025-12-09T14:48:23,2026-02-08T08:05:10,0
A00843,Mahoney and Sons,Telecom,Tier 2,224,GEO0713,2024-06-26T09:59:30,2024-09-06T17:24:36,0
A00844,Holmes-Barnes,Retail,Tier 1,164,GEO0583,2025-11-06T17:03:32,2025-12-28T04:45:46,0
A00845,Hopkins PLC,Manufacturing,Tier 2,23468,GEO0782,2026-02-17T15:06:18,2026-02-19T14:02:37,0
A00846,"Odonnell, Williamson and Phillips",Retail,Tier 3,56,GEO0463,2024-03-26T10:50:41,2025-11-12T10:14:21,0
A00847,"Hutchinson, Keith and Aguirre",Healthcare,Tier 3,444,GEO0346,2025-10-05T13:25:44,2025-11-19T21:02:27,0
A00848,Greene-Baker,FinTech,Tier 2,2231,GEO0214,2024-11-30T04:32:35,2025-05-18T09:04:04,0
A00849,Nguyen-Reed,Retail,Tier 3,259,GEO0595,2024-03-19T01:09:50,2025-04-07T02:55:54,0
A00850,Schultz-Jackson,Energy,Tier 3,31231,GEO0603,2025-01-13T02:41:17,2025-02-15T01:19:58,0
A00851,"Smith, Malone and Smith",Telecom,Tier 2,30297,GEO0237,2024-05-19T16:01:51,2026-02-11T00:45:43,0
A00852,"Townsend, Shields and Wright",Government,Tier 1,23982,GEO0799,2025-10-01T03:47:47,2026-02-06T11:53:18,0
A00853,"Thomas, Rubio and Smith",FinTech,Tier 2,1975,GEO0351,2026-01-27T04:52:49,2026-02-02T03:08:10,0
A00854,"Fields, Wheeler and Herrera",Energy,Tier 2,152,GEO0489,2024-03-20T13:27:32,2024-04-22T05:38:20,0
A00855,Little-Cross,Government,Tier 3,1722,GEO0337,2024-10-01T05:54:26,2025-09-20T15:02:52,0
A00856,"Taylor, Adams and Edwards",FinTech,Tier 1,1632,GEO0613,2024-12-20T06:56:50,2026-02-02T04:39:41,0
A00857,Harris-Lynch,Retail,Tier 3,4843,GEO0226,2025-12-28T19:26:11,2026-01-28T18:46:20,0
A00858,White and Sons,FinTech,Tier 1,982,GEO0791,2026-02-05T03:00:57,2026-03-01T00:13:31,0
A00859,Anderson PLC,Healthcare,Tier 1,29486,GEO0690,2025-10-04T16:49:24,2025-10-13T01:44:45,0
A00860,Ross Inc,Government,Tier 2,941,GEO0179,2025-04-22T12:08:44,2025-07-27T18:43:18,0
A00861,Norton LLC,Energy,Tier 2,6125,GEO0780,2025-03-02T09:53:21,2025-10-21T16:50:23,0
A00862,"Fuentes, Ayala and Stein",Logistics,Tier 3,96,GEO0593,2025-12-16T18:20:38,2025-12-23T11:24:01,0
A00863,"Kemp, Perez and Simpson",Healthcare,Tier 2,10782,GEO0592,2024-08-08T22:21:46,2024-11-15T01:14:06,0
A00864,Torres and Sons,Logistics,Tier 3,129,GEO0165,2024-09-11T07:00:54,2025-02-24T08:26:30,0
A00865,Jones-Hammond,FinTech,Tier 3,29523,GEO0500,2025-05-06T20:35:58,2025-12-20T23:00:27,0
A00866,Atkinson-Black,Retail,Tier 1,140,GEO0523,2024-10-27T15:41:09,2026-01-29T18:39:46,0
A00867,"Warren, Newman and Miller",Healthcare,Tier 1,1776,GEO0085,2025-05-22T11:07:21,2026-01-06T01:12:16,0
A00868,"Silva, Larson and Weaver",Retail,Tier 2,29,GEO0663,2024-10-16T07:41:40,2026-02-14T10:52:31,0
A00869,"Jackson, Santiago and Lewis",Logistics,Tier 2,16370,GEO0711,2025-10-02T09:53:37,2025-12-12T07:40:31,0
A00870,Martinez PLC,Government,Tier 1,28361,GEO0403,2025-05-17T10:13:36,2025-08-19T16:25:46,0
A00871,"Turner, Webster and Downs",Manufacturing,Tier 2,363,GEO0561,2025-01-19T04:22:26,2025-06-05T03:41:25,0
A00872,Guzman PLC,FinTech,Tier 2,64,GEO0267,2024-02-20T11:18:03,2025-04-08T18:27:23,0
A00873,Miller-Romero,Healthcare,Tier 2,152,GEO0413,2024-10-09T10:26:48,2026-02-23T07:58:39,0
A00874,Miranda Group,Logistics,Tier 3,502,GEO0372,2024-02-07T02:05:30,2025-06-06T03:23:22,0
A00875,Thomas Inc,FinTech,Tier 2,430,GEO0165,2024-07-15T05:50:04,2024-10-29T10:08:06,0
A00876,Day Group,Healthcare,Tier 2,1431,GEO0085,2025-12-12T00:36:37,2026-02-13T01:30:12,0
A00877,"Stewart, Landry and Foley",Government,Tier 2,35,GEO0555,2025-09-23T07:40:54,2026-02-15T17:27:49,0
A00878,Maxwell LLC,FinTech,Tier 1,95,GEO0084,2025-06-16T04:14:00,2026-02-12T11:24:48,0
A00879,"Howard, Turner and Griffin",Government,Tier 1,129,GEO0007,2024-11-04T19:25:16,2025-01-22T04:23:26,0
A00880,Woods Ltd,Government,Tier 1,121,GEO0079,2025-06-04T04:04:49,2025-07-15T09:16:08,0
A00881,Marks PLC,Retail,Tier 2,94,GEO0078,2024-07-15T07:08:30,2025-04-19T03:21:16,0
A00882,"Hull, Walsh and Ritter",Healthcare,Tier 1,103,GEO0069,2024-09-14T04:31:04,2025-03-20T20:00:30,0
A00883,Barton-Martin,Retail,Tier 3,801,GEO0434,2024-10-08T05:38:52,2025-09-15T22:31:32,0
A00884,Sandoval PLC,Healthcare,Tier 3,139,GEO0604,2024-07-12T16:07:48,2024-12-28T18:47:07,0
A00885,"Dalton, Gonzalez and Robinson",FinTech,Tier 2,19662,GEO0571,2025-10-04T00:57:44,2025-10-11T23:37:35,0
A00886,Robertson-Shaffer,FinTech,Tier 3,197,GEO0668,2024-08-18T15:09:04,2025-08-29T22:05:34,0
A00887,"Williams, Lewis and Good",Telecom,Tier 2,76,GEO0732,2024-09-27T01:20:16,2025-06-09T20:05:42,0
A00888,Bradford-Thomas,Healthcare,Tier 3,116,GEO0044,2024-05-10T04:28:10,2025-03-10T20:19:49,0
A00889,Walton Inc,Government,Tier 1,66,GEO0327,2025-10-10T09:30:27,2025-12-20T19:37:20,0
A00890,Hopkins-Rivas,Manufacturing,Tier 1,608,GEO0683,2025-12-28T20:18:49,2026-01-20T05:40:26,0
A00891,"Wright, Fowler and Gibson",Retail,Tier 2,83,GEO0402,2025-03-28T11:07:18,2025-09-27T09:46:43,0
A00892,Friedman Ltd,FinTech,Tier 1,16993,GEO0773,2024-05-17T11:57:22,2025-05-10T17:32:21,0
A00893,"Reyes, Hodges and Best",Retail,Tier 3,172,GEO0327,2025-08-26T07:59:17,2025-12-24T14:43:59,0
A00894,Perkins-Alexander,Government,Tier 3,95,GEO0193,2024-10-07T02:14:56,2024-11-03T17:52:13,0
A00895,Friedman-Acosta,Retail,Tier 1,36,GEO0044,2026-01-24T20:57:28,2026-02-19T04:22:05,0
A00896,"Stewart, Pittman and Perez",Telecom,Tier 1,183,GEO0298,2025-08-11T20:42:38,2025-12-21T20:52:15,0
A00897,Forbes-Mason,Healthcare,Tier 2,11259,GEO0567,2024-04-06T16:06:00,2024-06-01T14:18:51,0
A00898,Cannon-Lawrence,Telecom,Tier 1,18761,GEO0520,2026-02-15T09:02:17,2026-02-27T07:55:59,0
A00899,Lopez PLC,Logistics,Tier 1,979,GEO0352,2025-07-23T10:33:41,2025-08-11T10:54:13,0
A00900,"Conrad, Goodman and Rocha",FinTech,Tier 1,47,GEO0002,2024-09-11T19:13:24,2025-06-20T13:36:22,0
A00901,Harrington-Brown,Energy,Tier 2,102,GEO0229,2025-08-04T00:23:19,2025-12-15T17:33:23,0
A00902,Wheeler-Roberts,Manufacturing,Tier 1,1148,GEO0019,2025-04-23T05:42:41,2025-05-22T15:57:30,0
A00903,James-Garcia,Healthcare,Tier 2,57,GEO0405,2025-03-01T19:39:41,2025-09-24T13:09:28,0
A00904,"Jackson, Crosby and Mercado",Government,Tier 1,134,GEO0512,2024-05-16T01:00:54,2025-11-30T09:02:30,0
A00905,Hernandez Ltd,Healthcare,Tier 1,10324,GEO0528,2025-06-15T09:32:20,2025-10-07T02:31:32,0
A00906,Murray Ltd,Telecom,Tier 3,1190,GEO0352,2024-12-08T01:22:14,2025-09-10T12:58:30,0
A00907,Moore-Weaver,Telecom,Tier 2,1584,GEO0609,2025-02-17T20:52:12,2025-10-01T18:52:25,0
A00908,"Salinas, Gomez and Moore",Healthcare,Tier 3,615,GEO0417,2025-05-01T03:45:36,2026-02-20T18:16:43,0
A00909,"Anderson, Gibson and Simmons",Government,Tier 1,581,GEO0223,2026-01-29T15:33:09,2026-02-09T06:40:39,0
A00910,Moran-Hurst,Telecom,Tier 1,148,GEO0544,2025-09-18T13:09:24,2025-10-24T19:23:43,0
A00911,Hernandez-Miller,Energy,Tier 2,755,GEO0218,2025-02-09T15:28:59,2025-12-30T09:21:36,0
A00912,"Steele, Bender and Brown",Energy,Tier 1,1298,GEO0253,2025-08-02T16:48:46,2025-08-03T17:37:52,0
A00913,Morris-Rivera,Logistics,Tier 3,540,GEO0185,2025-06-20T19:24:18,2025-09-02T23:33:48,0
A00914,"Myers, Stevens and Phillips",Telecom,Tier 2,23996,GEO0683,2024-03-07T07:38:04,2025-12-08T05:48:22,0
A00915,Richardson Inc,Government,Tier 1,17,GEO0755,2024-05-21T17:36:44,2025-09-10T06:46:30,0
A00916,Chavez-Torres,Logistics,Tier 3,1163,GEO0236,2025-02-23T01:12:55,2025-06-30T04:56:50,0
A00917,Green-Jacobs,Government,Tier 3,63,GEO0015,2025-10-21T01:12:45,2025-11-22T16:52:22,0
A00918,"Tyler, Elliott and Williams",FinTech,Tier 2,79,GEO0648,2026-01-22T09:32:43,2026-02-24T16:15:15,0
A00919,"Henry, Martinez and Ross",Retail,Tier 2,848,GEO0228,2024-05-20T01:44:37,2025-03-16T22:29:04,0
A00920,"Vasquez, Kemp and Rodgers",Logistics,Tier 3,181,GEO0074,2025-06-07T07:05:37,2025-08-08T08:10:36,0
A00921,"Williams, Smith and Martin",Manufacturing,Tier 1,27628,GEO0503,2025-04-03T23:24:47,2025-07-16T17:24:18,0
A00922,Joyce-Johnston,Logistics,Tier 3,126,GEO0391,2024-03-19T14:29:54,2025-11-24T08:39:07,0
A00923,Robinson Ltd,Government,Tier 2,38218,GEO0281,2025-03-10T04:14:57,2026-01-10T02:26:45,0
A00924,"Smith, Gillespie and Castro",Logistics,Tier 2,20658,GEO0513,2025-05-09T03:33:59,2025-11-10T13:54:08,0
A00925,Turner PLC,Manufacturing,Tier 3,684,GEO0048,2024-08-30T15:11:37,2024-10-17T01:15:28,0
A00926,Trujillo-Martinez,Energy,Tier 3,5870,GEO0667,2025-11-27T21:37:42,2025-12-29T03:46:39,0
A00927,Mann-Tyler,Manufacturing,Tier 1,809,GEO0073,2024-03-29T04:38:02,2026-01-08T00:12:22,0
A00928,Riddle and Sons,Logistics,Tier 2,4234,GEO0256,2024-06-22T06:37:43,2024-11-03T21:09:26,0
A00929,"Garrett, Brown and Larsen",Logistics,Tier 1,23,GEO0157,2026-01-13T20:31:04,2026-02-23T13:50:16,0
A00930,"Hahn, Boyle and Lee",Energy,Tier 3,11601,GEO0506,2026-01-14T11:41:51,2026-02-14T19:56:34,0
A00931,Adams-Garcia,Retail,Tier 3,52,GEO0350,2025-11-07T21:26:01,2026-02-20T06:03:34,0
A00932,Alexander and Sons,Healthcare,Tier 3,182,GEO0414,2025-09-18T21:05:05,2025-12-01T00:54:10,0
A00933,Hernandez Ltd,Government,Tier 1,1242,GEO0204,2024-04-06T01:10:29,2025-06-02T02:29:57,0
A00934,"Wood, Benson and Norton",Retail,Tier 1,186,GEO0160,2025-07-12T04:14:17,2025-10-15T08:08:42,0
A00935,Pierce-Robertson,Manufacturing,Tier 3,33291,GEO0076,2026-02-15T15:33:07,2026-03-01T12:11:51,0
A00936,"Gardner, Wise and Weaver",Energy,Tier 1,25794,GEO0260,2026-01-16T13:21:28,2026-01-17T15:27:09,0
A00937,"Diaz, Abbott and Knight",Energy,Tier 1,114,GEO0313,2025-12-06T21:08:04,2026-01-11T05:05:58,0
A00938,Taylor and Sons,Retail,Tier 1,77,GEO0788,2025-01-21T23:24:18,2025-07-04T10:32:11,0
A00939,"Aguilar, Baxter and Castillo",Energy,Tier 1,460,GEO0723,2024-01-26T11:07:24,2024-05-04T19:19:52,0
A00940,Howell and Sons,Manufacturing,Tier 2,10,GEO0526,2024-12-06T23:32:42,2025-08-04T19:51:33,0
A00941,"Young, Solis and Bates",Healthcare,Tier 3,17980,GEO0259,2024-08-28T12:28:28,2024-09-22T19:35:36,0
A00942,"Foster, Sawyer and Davis",Manufacturing,Tier 2,925,GEO0223,2025-01-14T01:07:12,2026-01-11T10:32:34,0
A00943,Barnes Inc,Healthcare,Tier 1,105,GEO0535,2024-04-03T08:35:36,2025-12-27T07:55:00,0
A00944,Bean-Rivas,Telecom,Tier 1,226,GEO0061,2026-02-08T02:55:35,2026-02-24T00:19:49,0
A00945,"Perry, Gonzalez and Williams",Retail,Tier 1,6292,GEO0252,2026-02-11T04:24:07,2026-02-12T18:42:44,0
A00946,Daniels Group,FinTech,Tier 3,10967,GEO0338,2024-01-05T18:49:58,2025-02-07T15:17:26,0
A00947,"Jones, Duncan and Scott",Telecom,Tier 2,251,GEO0446,2025-12-22T18:50:12,2026-01-04T13:51:14,0
A00948,Castillo-Mcdonald,Manufacturing,Tier 3,1313,GEO0188,2025-08-31T11:28:19,2026-01-25T00:34:21,0
A00949,Hale-Rush,Telecom,Tier 1,1106,GEO0055,2024-11-02T10:26:18,2025-07-27T18:44:24,0
A00950,"Russell, Marks and Scott",Healthcare,Tier 1,27698,GEO0433,2024-08-29T12:14:06,2026-02-26T20:06:20,0
A00951,Willis-Wilson,FinTech,Tier 1,14899,GEO0617,2025-06-29T20:40:10,2025-10-06T06:16:12,0
A00952,Miller-Rodriguez,Healthcare,Tier 2,20533,GEO0138,2025-09-05T04:16:01,2025-10-03T11:09:04,0
A00953,Caldwell-Alexander,Manufacturing,Tier 3,6420,GEO0711,2026-02-24T16:52:39,2026-02-27T07:47:13,0
A00954,Morris Group,Healthcare,Tier 2,24431,GEO0458,2025-10-02T05:21:35,2026-02-28T19:58:38,0
A00955,Smith Inc,FinTech,Tier 2,69,GEO0718,2025-12-23T03:48:24,2026-02-18T05:53:33,0
A00956,"Burgess, Fox and Taylor",Government,Tier 3,712,GEO0079,2025-07-06T07:50:54,2025-09-18T07:05:36,0
A00957,"Turner, Dickerson and Smith",Government,Tier 3,1634,GEO0717,2025-11-28T12:39:48,2026-02-02T22:27:45,0
A00958,Davidson Group,Telecom,Tier 1,33,GEO0107,2024-12-13T21:08:42,2025-10-30T15:02:39,0
A00959,Washington LLC,Government,Tier 2,131,GEO0360,2026-01-09T01:46:20,2026-02-22T07:26:49,0
A00960,Wilson LLC,Logistics,Tier 3,157,GEO0730,2025-06-21T10:58:45,2025-12-30T07:53:34,0
A00961,Freeman Ltd,Retail,Tier 3,1201,GEO0056,2024-02-02T22:05:10,2025-09-09T08:59:41,0
A00962,"Thomas, Jones and Martinez",Retail,Tier 1,2136,GEO0183,2026-01-17T03:09:44,2026-02-17T23:03:51,0
A00963,Walker-Jones,FinTech,Tier 2,28832,GEO0623,2024-07-17T04:31:08,2025-04-07T08:29:59,0
A00964,Reyes-Boyer,FinTech,Tier 2,946,GEO0282,2025-08-03T02:27:09,2025-10-01T18:09:57,0
A00965,"Moore, Murray and Sherman",Healthcare,Tier 2,911,GEO0223,2024-12-31T22:40:28,2025-06-22T14:26:56,0
A00966,"Gonzales, Marshall and Owens",Retail,Tier 1,51,GEO0743,2025-06-10T11:26:53,2025-11-21T21:20:22,0
A00967,"Armstrong, Graves and Russell",Logistics,Tier 3,716,GEO0692,2024-09-06T23:17:12,2025-04-02T16:29:10,0
A00968,Lopez-Buckley,Telecom,Tier 1,25688,GEO0366,2025-11-08T22:13:14,2025-12-23T19:41:52,0
A00969,Sellers-Rivera,Healthcare,Tier 1,18426,GEO0303,2024-10-19T04:15:44,2025-01-04T17:37:00,0
A00970,Mitchell-Malone,Telecom,Tier 1,1012,GEO0677,2026-01-31T16:04:44,2026-02-25T03:34:27,0
A00971,Austin PLC,Manufacturing,Tier 3,1396,GEO0745,2025-08-24T06:17:40,2025-11-17T15:44:44,0
A00972,Green Ltd,Energy,Tier 1,1752,GEO0502,2024-05-16T01:55:23,2025-12-02T16:29:50,0
A00973,"Best, Harrington and Larson",Retail,Tier 3,9467,GEO0558,2024-09-14T20:29:14,2025-01-24T07:47:12,0
A00974,Davis-Neal,Government,Tier 1,167,GEO0094,2024-04-14T07:19:17,2024-05-10T21:23:54,0
A00975,Kramer-Mendez,Manufacturing,Tier 3,197,GEO0780,2026-01-15T07:12:13,2026-02-12T21:33:31,0
A00976,"Davis, Jimenez and Walton",Manufacturing,Tier 2,1273,GEO0365,2025-11-15T17:10:39,2026-02-03T18:59:33,0
A00977,Mack-Nguyen,Government,Tier 3,20555,GEO0271,2025-12-08T17:00:20,2026-02-24T10:04:22,0
A00978,"Smith, Gillespie and Stephens",Telecom,Tier 2,113,GEO0337,2025-02-24T14:12:03,2025-03-15T13:15:25,0
A00979,Miller Inc,Logistics,Tier 2,1180,GEO0159,2025-04-19T04:33:58,2025-05-11T08:59:42,0
A00980,Johnson Ltd,Retail,Tier 3,21105,GEO0674,2025-09-16T08:28:27,2025-11-09T06:40:42,0
A00981,Fernandez-Kaufman,Manufacturing,Tier 3,14,GEO0558,2025-05-15T03:15:53,2025-05-19T06:29:27,0
A00982,Braun PLC,Energy,Tier 3,8428,GEO0779,2024-01-12T15:38:36,2025-05-05T00:50:21,0
A00983,Oconnor and Sons,Telecom,Tier 1,35,GEO0421,2025-08-16T23:11:31,2026-02-22T02:14:27,0
A00984,Fowler-Jones,Government,Tier 2,134,GEO0362,2024-07-05T18:00:15,2024-12-04T04:08:04,0
A00985,"Washington, Mcgee and Clark",FinTech,Tier 3,6457,GEO0207,2024-08-13T12:27:55,2024-09-12T15:00:39,0
A00986,Lopez Inc,Retail,Tier 3,158,GEO0679,2024-11-11T08:05:59,2025-06-09T17:21:47,0
A00987,"Robertson, Weber and Hall",Energy,Tier 2,15672,GEO0089,2025-11-07T12:36:32,2026-01-30T02:40:02,1
A00988,"Hernandez, Wells and Sawyer",Manufacturing,Tier 3,89,GEO0756,2024-12-23T09:31:53,2025-05-18T18:11:57,0
A00989,"Carter, Wood and Keller",Manufacturing,Tier 1,185,GEO0788,2025-10-17T15:46:39,2025-12-15T08:22:25,0
A00990,Barber-Campbell,Manufacturing,Tier 3,32760,GEO0766,2024-03-14T05:24:29,2025-01-15T21:53:20,0
A00991,Barr-Valentine,Manufacturing,Tier 3,22771,GEO0557,2024-09-12T18:37:36,2024-12-01T14:55:35,0
A00992,Stone-Snyder,Healthcare,Tier 2,35,GEO0677,2024-01-31T14:15:30,2026-01-18T05:46:08,0
A00993,"Copeland, Roberts and Robles",Manufacturing,Tier 3,118,GEO0297,2025-02-27T12:35:04,2025-06-05T17:53:12,0
A00994,"Daniel, Stevens and Ochoa",Retail,Tier 2,394,GEO0313,2025-06-22T04:19:41,2026-02-28T10:00:12,0
A00995,Collins-Russell,Manufacturing,Tier 2,89,GEO0063,2025-04-09T22:55:12,2026-02-25T10:30:39,0
A00996,Grant-Cole,Retail,Tier 2,77,GEO0613,2025-02-08T10:29:37,2025-11-26T15:38:35,0
A00997,"Reese, Martinez and Smith",Retail,Tier 2,33802,GEO0136,2024-08-13T19:05:07,2024-08-26T21:29:19,0
A00998,Martinez-Kennedy,Government,Tier 1,113,GEO0673,2024-12-25T05:41:55,2024-12-28T00:27:34,0
A00999,"Beltran, Oneill and Lee",Government,Tier 3,51,GEO0106,2025-02-18T09:08:53,2025-03-01T20:18:10,0
A01000,Miller-Castro,Telecom,Tier 1,520,GEO0579,2024-10-12T16:20:03,2024-11-19T06:25:30,0
A01001,Davila-Jacobs,Government,Tier 1,153,GEO0149,2024-10-29T23:03:54,2024-11-09T16:20:57,0
A01002,Barr PLC,Telecom,Tier 2,47,GEO0139,2025-12-06T05:24:38,2026-01-13T08:42:24,0
A01003,Holmes-Wise,Retail,Tier 1,9606,GEO0265,2024-08-12T04:01:36,2025-12-26T13:41:21,0
A01004,"Johnson, Jones and Mason",Manufacturing,Tier 3,9475,GEO0408,2025-06-16T22:58:56,2026-02-11T16:48:27,0
A01005,Thompson Inc,Healthcare,Tier 2,34430,GEO0153,2024-01-14T06:16:35,2024-08-19T05:36:16,0
A01006,Villanueva and Sons,Telecom,Tier 2,34950,GEO0745,2024-01-17T00:07:28,2025-01-11T01:06:29,0
A01007,Yates-Maynard,Energy,Tier 2,16446,GEO0080,2024-12-22T02:26:56,2025-11-10T22:54:48,0
A01008,"Rodriguez, Hamilton and Jones",Government,Tier 2,1075,GEO0722,2024-05-05T23:00:42,2026-01-18T23:26:35,0
A01009,Choi Group,Healthcare,Tier 1,14,GEO0329,2024-04-28T16:41:07,2025-12-28T14:46:03,0
A01010,Jackson LLC,Telecom,Tier 2,1474,GEO0428,2024-11-10T09:57:02,2025-08-23T17:35:32,0
A01011,"Garcia, Gonzalez and Stewart",Manufacturing,Tier 2,51,GEO0729,2024-01-12T00:19:55,2024-04-15T17:50:01,0
A01012,Robles PLC,Energy,Tier 3,43,GEO0079,2025-10-30T22:45:18,2025-12-22T05:03:51,0
A01013,Roberts-Freeman,Telecom,Tier 1,150,GEO0506,2025-07-17T05:06:23,2026-01-28T12:14:50,1
A01014,Salinas and Sons,Manufacturing,Tier 3,29569,GEO0441,2024-10-30T04:40:22,2025-01-03T07:32:06,0
A01015,"King, Ramsey and Garcia",Energy,Tier 2,13206,GEO0104,2026-02-23T19:38:22,2026-02-25T14:22:20,0
A01016,Kelly Ltd,Manufacturing,Tier 2,24574,GEO0405,2025-06-25T08:04:12,2026-01-13T18:52:01,0
A01017,Brown LLC,Energy,Tier 2,461,GEO0218,2025-04-27T18:08:44,2025-04-28T05:57:48,1
A01018,Lopez PLC,Healthcare,Tier 1,31676,GEO0214,2024-05-20T00:42:14,2024-10-26T20:52:41,0
A01019,Fernandez PLC,Telecom,Tier 1,183,GEO0128,2024-05-21T01:40:22,2024-10-10T01:27:54,0
A01020,"Wilson, Carter and Rocha",Logistics,Tier 3,423,GEO0139,2024-04-27T18:58:42,2025-09-16T15:43:41,0
A01021,Barrett-Jordan,Manufacturing,Tier 1,72,GEO0659,2024-12-11T21:40:30,2025-08-08T06:59:25,0
A01022,"Owens, Harris and Lee",Healthcare,Tier 1,23930,GEO0295,2024-10-29T21:30:10,2026-01-11T05:32:46,0
A01023,Henry PLC,Energy,Tier 3,27952,GEO0331,2024-01-20T02:28:47,2024-11-16T05:47:13,0
A01024,"Adams, Gilbert and Robinson",FinTech,Tier 3,7415,GEO0195,2024-02-24T01:36:56,2025-08-28T03:58:30,0
A01025,Bell-Lewis,Government,Tier 3,1662,GEO0522,2024-11-22T20:12:31,2026-02-05T00:56:01,0
A01026,Tanner-Fleming,Logistics,Tier 1,610,GEO0025,2024-04-23T05:35:24,2025-02-10T02:04:25,0
A01027,Moreno-Turner,Healthcare,Tier 2,130,GEO0048,2025-09-10T17:38:14,2025-09-28T21:14:44,0
A01028,"Garcia, Larson and James",Energy,Tier 3,1849,GEO0575,2025-03-13T22:20:28,2025-04-20T13:33:33,0
A01029,"Mendez, Kidd and Garcia",Healthcare,Tier 3,6723,GEO0420,2025-05-16T00:04:02,2025-06-27T17:22:22,0
A01030,Li-Jones,Government,Tier 2,786,GEO0494,2024-01-12T00:56:14,2025-08-02T02:44:57,0
A01031,Smith Ltd,Telecom,Tier 2,795,GEO0551,2024-04-09T19:11:15,2024-09-01T16:23:12,0
A01032,Braun-Curry,Manufacturing,Tier 2,3619,GEO0177,2025-05-10T10:48:28,2025-12-01T04:59:59,0
A01033,Wright-Hunt,Logistics,Tier 3,541,GEO0048,2025-12-05T19:15:07,2026-02-11T22:23:51,0
A01034,Knox LLC,Healthcare,Tier 3,407,GEO0683,2024-12-13T04:23:14,2025-10-16T11:59:24,0
A01035,Brooks Group,Energy,Tier 3,147,GEO0305,2025-08-17T04:16:13,2026-02-19T09:37:03,0
A01036,"Roberts, Vega and Schultz",Energy,Tier 1,1746,GEO0592,2024-07-24T07:56:58,2025-06-03T08:19:35,0
A01037,"Abbott, Benson and Brown",Energy,Tier 1,1934,GEO0213,2024-01-07T10:41:55,2025-07-02T19:24:00,0
A01038,Williams Group,Manufacturing,Tier 3,13080,GEO0654,2025-09-01T12:31:20,2026-02-12T13:25:47,0
A01039,Lin-Dunn,Telecom,Tier 1,89,GEO0500,2024-01-25T00:29:06,2025-05-08T16:01:26,0
A01040,"Cervantes, Franklin and Wells",Logistics,Tier 1,119,GEO0110,2024-11-27T04:12:04,2025-04-09T13:43:18,0
A01041,Shields LLC,Logistics,Tier 1,1113,GEO0053,2024-06-06T15:36:27,2025-07-15T14:22:33,0
A01042,Floyd-Barrett,Manufacturing,Tier 2,21416,GEO0312,2025-12-08T08:29:54,2026-02-02T23:24:47,0
A01043,Williams-Blankenship,FinTech,Tier 3,1365,GEO0306,2024-08-25T21:15:28,2025-11-05T03:11:00,0
A01044,Jensen-Kline,Government,Tier 3,1217,GEO0453,2024-09-24T23:41:50,2025-06-09T01:16:39,0
A01045,Bates and Sons,FinTech,Tier 3,163,GEO0337,2024-02-01T23:38:42,2024-06-07T02:22:42,0
A01046,Jackson-Adams,Government,Tier 1,1961,GEO0732,2025-03-15T21:35:07,2026-01-31T06:25:09,0
A01047,Byrd-Hudson,Logistics,Tier 3,1087,GEO0451,2025-11-28T19:14:57,2025-12-23T17:15:37,0
A01048,Noble-Garrett,Logistics,Tier 1,1149,GEO0322,2026-01-17T21:10:43,2026-02-10T06:54:43,0
A01049,Becker Group,Energy,Tier 1,68,GEO0537,2024-04-20T22:53:38,2025-07-25T16:54:20,0
A01050,"Stewart, Anderson and King",Retail,Tier 1,14,GEO0359,2024-11-02T18:01:24,2025-07-12T15:14:55,0
A01051,Harrison-Alexander,Government,Tier 1,31804,GEO0656,2025-07-11T09:59:29,2025-10-25T03:07:21,0
A01052,Montgomery Group,Energy,Tier 3,180,GEO0187,2025-06-28T16:55:19,2025-06-30T00:33:07,0
A01053,"Washington, Lee and Smith",Government,Tier 1,33,GEO0436,2024-03-04T21:57:30,2025-05-11T23:26:30,0
A01054,Flores-Miller,Retail,Tier 3,996,GEO0442,2025-01-22T11:12:15,2025-10-13T06:29:14,0
A01055,Stephens Group,Logistics,Tier 2,1894,GEO0282,2024-05-05T12:01:12,2024-08-01T01:30:28,0
A01056,White-Fischer,Government,Tier 1,1383,GEO0686,2024-07-14T02:17:57,2025-05-26T02:10:30,0
A01057,"Weeks, Smith and Neal",Government,Tier 2,155,GEO0640,2026-02-19T05:29:48,2026-02-21T01:39:38,0
A01058,Stevens Group,Manufacturing,Tier 2,51,GEO0078,2025-12-01T00:39:33,2026-01-28T11:21:19,0
A01059,"Taylor, Williamson and Ramsey",FinTech,Tier 2,315,GEO0566,2026-02-03T15:22:43,2026-02-20T14:02:52,1
A01060,Price-Patel,Healthcare,Tier 3,239,GEO0674,2024-04-11T01:12:17,2024-07-22T03:25:12,0
A01061,Ross LLC,Retail,Tier 1,33,GEO0536,2025-03-04T01:06:23,2025-06-11T10:48:59,0
A01062,"Contreras, Kelly and King",Healthcare,Tier 2,4968,GEO0248,2025-10-11T10:26:57,2025-10-20T16:34:26,0
A01063,"Robbins, Larson and Durham",Energy,Tier 1,11193,GEO0715,2025-07-25T09:51:06,2026-02-17T19:16:16,0
A01064,"Cox, Cook and Ortega",FinTech,Tier 3,1680,GEO0203,2024-10-15T18:10:15,2025-01-09T21:46:04,0
A01065,Burgess-Campbell,Manufacturing,Tier 3,29218,GEO0015,2025-07-09T17:56:57,2025-10-05T06:33:38,0
A01066,Jones-Fowler,Government,Tier 2,42,GEO0318,2024-07-13T19:22:05,2025-11-02T17:25:15,0
A01067,"White, Martinez and Walker",Healthcare,Tier 2,38654,GEO0532,2025-07-10T11:26:32,2025-11-07T23:54:36,0
A01068,Marquez-Johnson,Telecom,Tier 3,1152,GEO0253,2025-12-11T17:33:51,2025-12-15T23:33:20,0
A01069,Taylor PLC,FinTech,Tier 2,492,GEO0496,2025-12-05T06:44:40,2026-02-23T09:33:30,0
A01070,Cantrell Inc,Energy,Tier 3,455,GEO0732,2025-01-22T03:41:05,2025-10-07T09:51:59,0
A01071,Alvarado LLC,FinTech,Tier 2,41,GEO0246,2025-11-08T04:51:56,2025-11-14T11:34:15,0
A01072,"Walters, Lopez and Howell",Government,Tier 3,38230,GEO0689,2025-08-15T00:44:34,2025-10-11T11:08:24,0
A01073,"Moss, Bell and King",Telecom,Tier 1,1303,GEO0498,2024-06-26T12:52:01,2025-09-15T22:44:29,0
A01074,Wells Ltd,Healthcare,Tier 2,7276,GEO0111,2025-02-11T15:46:41,2025-12-23T05:55:25,1
A01075,Perez-Lambert,Retail,Tier 3,6007,GEO0626,2024-04-10T10:58:27,2024-06-10T12:41:36,0
A01076,Tucker PLC,Healthcare,Tier 1,1706,GEO0623,2024-08-31T15:44:59,2025-05-03T12:44:21,0
A01077,Miller and Sons,Logistics,Tier 1,154,GEO0598,2024-09-18T03:04:05,2025-03-11T00:54:46,0
A01078,Noble-Jones,Healthcare,Tier 1,39,GEO0757,2025-04-20T15:18:42,2025-06-07T19:38:54,0
A01079,Weaver LLC,Healthcare,Tier 3,696,GEO0261,2025-07-14T00:38:45,2025-10-07T17:25:15,0
A01080,Sanders-Glass,FinTech,Tier 3,711,GEO0053,2024-10-24T13:08:16,2025-01-09T18:46:37,0
A01081,Campos LLC,FinTech,Tier 2,1410,GEO0388,2026-01-30T08:08:42,2026-02-11T13:13:13,0
A01082,Fleming-Mcpherson,Retail,Tier 1,47,GEO0253,2025-10-04T05:52:14,2026-02-01T01:40:49,0
A01083,Miranda Group,FinTech,Tier 1,169,GEO0417,2026-02-09T09:04:29,2026-02-16T22:55:15,0
A01084,Williams-Nichols,Healthcare,Tier 1,15227,GEO0669,2024-04-25T02:35:37,2025-01-13T10:40:17,0
A01085,"Jacobs, Ward and Rogers",Telecom,Tier 2,30,GEO0682,2025-10-31T07:49:33,2026-01-26T10:35:36,0
A01086,Lee-Kennedy,Government,Tier 1,107,GEO0739,2024-06-03T04:08:55,2025-01-14T14:52:59,0
A01087,"Estrada, Gamble and Fitzpatrick",Logistics,Tier 3,14,GEO0210,2026-01-30T09:59:25,2026-02-08T09:58:14,0
A01088,Simmons Group,Retail,Tier 2,183,GEO0275,2024-01-11T18:57:21,2025-08-06T07:53:59,0
A01089,"Reid, Hanson and Rivera",Healthcare,Tier 3,4564,GEO0566,2025-12-09T00:07:11,2026-02-14T02:32:19,0
A01090,Andrews PLC,Manufacturing,Tier 3,23856,GEO0315,2025-06-30T01:15:55,2026-02-03T21:03:48,0
A01091,"Griffin, Schneider and Thornton",Telecom,Tier 3,339,GEO0089,2025-01-31T13:35:47,2025-02-20T12:40:51,0
A01092,Moody Inc,Government,Tier 2,9353,GEO0334,2025-01-28T15:53:19,2025-09-26T04:26:31,0
A01093,Bowman-Mcknight,Energy,Tier 1,37813,GEO0099,2024-08-04T14:31:09,2025-12-09T10:58:40,0
A01094,Carter-Murray,FinTech,Tier 2,33864,GEO0534,2025-07-15T01:28:13,2026-02-11T23:19:41,0
A01095,Mclean-Murray,Logistics,Tier 3,140,GEO0465,2024-04-14T12:58:58,2025-12-24T16:08:56,0
A01096,Williams-Carrillo,Telecom,Tier 3,161,GEO0031,2024-07-23T22:19:08,2024-08-21T10:26:25,0
A01097,Rojas-Arnold,Telecom,Tier 1,1862,GEO0183,2024-01-24T14:20:24,2025-01-19T05:39:57,0
A01098,"Santiago, Collins and Moody",Logistics,Tier 2,72,GEO0687,2026-02-14T12:07:00,2026-02-14T08:40:27,0
A01099,Campbell-Raymond,Logistics,Tier 3,95,GEO0313,2025-10-09T03:57:36,2026-01-04T00:02:39,0
A01100,Mcfarland Group,Telecom,Tier 1,111,GEO0376,2025-07-25T14:06:26,2025-11-18T11:51:08,0
A01101,"Diaz, Miller and Moyer",Government,Tier 3,1762,GEO0567,2024-01-10T02:23:53,2025-06-02T23:10:15,0
A01102,"Holloway, Simmons and Hernandez",Energy,Tier 1,1828,GEO0286,2025-05-22T04:41:20,2026-02-22T18:06:39,0
A01103,Williams-Miller,Government,Tier 3,1744,GEO0258,2025-08-18T10:05:36,2026-01-01T09:27:43,0
A01104,"Cooper, Raymond and Reyes",FinTech,Tier 1,200,GEO0769,2025-01-18T06:11:41,2025-11-01T21:35:32,0
A01105,Morales-Avila,Telecom,Tier 3,8888,GEO0643,2024-09-21T15:08:27,2025-05-10T22:45:22,0
A01106,"Medina, Fernandez and Short",Healthcare,Tier 3,12,GEO0453,2025-06-15T06:06:19,2025-09-21T21:55:45,0
A01107,Hayes PLC,Healthcare,Tier 2,2759,GEO0634,2025-11-09T04:49:36,2026-02-13T22:54:33,0
A01108,Johnson PLC,Energy,Tier 1,39610,GEO0242,2024-02-01T17:02:34,2025-06-04T17:11:56,0
A01109,Scott-Allen,Energy,Tier 2,2031,GEO0737,2024-08-30T18:28:56,2026-01-28T23:21:41,0
A01110,Henderson LLC,FinTech,Tier 1,108,GEO0323,2026-02-11T20:09:07,2026-02-25T16:34:42,0
A01111,"Howe, Williams and Cantrell",Retail,Tier 2,576,GEO0191,2025-07-01T12:39:32,2025-10-30T08:48:56,0
A01112,Walters-Elliott,Manufacturing,Tier 1,1858,GEO0443,2024-06-13T09:25:04,2024-09-14T14:36:46,0
A01113,Atkins and Sons,Energy,Tier 3,196,GEO0458,2024-11-20T21:52:05,2025-07-03T00:18:39,0
A01114,Cook-Neal,Energy,Tier 3,172,GEO0246,2024-09-19T12:07:16,2025-08-27T02:43:42,0
A01115,"Clark, Meyer and Swanson",Manufacturing,Tier 1,8205,GEO0388,2025-07-08T16:07:44,2025-10-12T15:51:02,0
A01116,Perez Inc,Retail,Tier 2,110,GEO0705,2025-08-20T01:59:31,2025-09-21T13:03:29,0
A01117,Perkins-Curtis,Government,Tier 1,21078,GEO0598,2025-01-24T01:41:53,2025-08-29T09:02:56,0
A01118,Rosales-Dixon,Energy,Tier 2,10802,GEO0386,2024-12-10T05:30:50,2025-02-19T19:16:50,0
A01119,"Jennings, Shaw and Boyle",Retail,Tier 1,20593,GEO0407,2025-07-02T15:10:42,2025-09-09T16:47:15,0
A01120,"Thompson, Smith and Pineda",Government,Tier 3,21664,GEO0331,2024-06-07T17:23:39,2024-09-26T07:13:58,0
A01121,Jordan-Morris,Manufacturing,Tier 1,75,GEO0707,2024-12-26T06:35:34,2025-02-09T16:31:07,0
A01122,Porter-West,Energy,Tier 2,1099,GEO0047,2025-08-28T17:56:49,2026-01-31T21:48:08,0
A01123,"Mack, Johnson and Smith",Healthcare,Tier 2,1835,GEO0185,2025-09-10T16:02:30,2025-10-14T10:30:42,0
A01124,Richard Inc,Government,Tier 3,588,GEO0759,2025-03-29T23:17:26,2025-07-03T13:31:41,0
A01125,Williams and Sons,Retail,Tier 1,1088,GEO0034,2024-06-03T04:39:18,2026-01-28T08:59:17,0
A01126,Adkins Group,Healthcare,Tier 2,837,GEO0734,2025-10-04T21:31:24,2026-02-17T15:20:04,0
A01127,Sweeney-Owens,Energy,Tier 3,18357,GEO0715,2025-10-01T06:45:14,2026-01-10T06:39:36,0
A01128,Romero PLC,Logistics,Tier 1,89,GEO0430,2025-03-17T11:43:47,2026-01-06T18:43:29,0
A01129,Hogan-Parker,Retail,Tier 3,1488,GEO0700,2025-11-05T19:23:44,2026-01-22T12:05:16,0
A01130,"Ellison, Carpenter and Jones",Telecom,Tier 2,372,GEO0231,2025-09-20T03:53:57,2025-10-26T12:16:52,0
A01131,Ashley Ltd,Manufacturing,Tier 2,44,GEO0165,2024-11-29T04:29:25,2025-09-25T22:31:12,0
A01132,Osborne-Reed,Logistics,Tier 2,9812,GEO0233,2025-11-04T13:17:21,2026-02-16T21:14:08,0
A01133,Boyer PLC,Retail,Tier 2,356,GEO0482,2025-03-21T18:36:14,2026-02-11T22:39:17,0
A01134,Peck-Martin,Healthcare,Tier 1,8558,GEO0388,2025-10-20T00:22:20,2025-12-26T15:03:03,0
A01135,Chang and Sons,Telecom,Tier 1,11209,GEO0078,2025-03-01T13:41:08,2025-03-13T11:47:26,0
A01136,Hess PLC,Manufacturing,Tier 2,298,GEO0390,2024-09-09T13:09:48,2025-02-20T14:05:59,0
A01137,Ward and Sons,Healthcare,Tier 2,3286,GEO0747,2024-06-12T18:25:48,2025-12-23T14:58:11,0
A01138,Harris-Murphy,Logistics,Tier 2,18538,GEO0212,2024-11-02T16:46:48,2026-01-08T02:56:57,0
A01139,"Baird, Moore and Olson",Healthcare,Tier 1,12703,GEO0566,2025-03-01T02:08:29,2025-11-04T06:07:48,0
A01140,"Marshall, Foster and Foster",Telecom,Tier 2,13030,GEO0751,2026-02-12T15:34:38,2026-02-20T06:30:34,0
A01141,Bennett LLC,Telecom,Tier 1,483,GEO0368,2025-07-25T16:50:05,2025-10-02T00:44:24,0
A01142,Obrien and Sons,Government,Tier 3,39464,GEO0752,2024-02-28T11:13:06,2025-05-10T09:28:03,0
A01143,Moreno Inc,Energy,Tier 3,1964,GEO0017,2025-09-17T06:44:17,2025-09-26T15:41:40,0
A01144,"Williams, Potter and Andrade",Healthcare,Tier 3,806,GEO0295,2024-08-09T17:32:43,2025-04-06T04:08:53,0
A01145,Wilson Group,Telecom,Tier 1,19,GEO0039,2024-03-07T17:07:36,2024-12-06T01:13:12,0
A01146,Parker-Smith,Telecom,Tier 2,101,GEO0084,2025-08-05T12:28:49,2025-12-21T07:22:32,0
A01147,Phillips PLC,Government,Tier 2,266,GEO0261,2024-10-15T15:40:55,2025-07-10T03:13:32,0
A01148,Baker-Wilson,Manufacturing,Tier 3,8494,GEO0360,2024-05-24T13:51:45,2025-10-17T22:25:42,0
A01149,"Morris, Bryant and Blake",Government,Tier 3,143,GEO0229,2025-04-07T11:24:24,2025-08-11T16:33:42,0
A01150,Davis and Sons,Healthcare,Tier 3,52,GEO0198,2026-02-22T12:59:43,2026-03-01T15:29:31,0
A01151,Walker LLC,Energy,Tier 1,1808,GEO0519,2024-02-03T01:28:53,2025-04-26T01:40:08,0
A01152,"Perez, George and Bennett",Retail,Tier 3,1674,GEO0224,2025-03-18T07:24:42,2025-07-21T04:47:01,0
A01153,Hood LLC,Energy,Tier 2,467,GEO0682,2024-12-18T23:37:54,2025-02-02T23:11:40,0
A01154,Little Ltd,FinTech,Tier 3,8809,GEO0015,2025-07-03T18:16:46,2025-08-02T20:41:36,0
A01155,Chavez Inc,Healthcare,Tier 3,22905,GEO0055,2024-09-19T03:07:34,2025-08-24T22:32:03,0
A01156,Rodriguez-Ramirez,Logistics,Tier 1,635,GEO0213,2024-06-30T20:49:41,2024-12-17T03:42:44,0
A01157,"Doyle, Neal and Rice",Logistics,Tier 3,343,GEO0678,2025-10-21T19:09:03,2025-11-18T17:46:52,0
A01158,"Castro, Ellison and Lopez",Manufacturing,Tier 2,197,GEO0236,2024-10-31T00:49:39,2025-07-24T01:26:20,0
A01159,"Gibson, Brennan and Lee",Telecom,Tier 1,297,GEO0090,2024-05-29T22:21:35,2025-04-08T11:26:12,0
A01160,"Anderson, Rice and Johnson",Energy,Tier 2,2452,GEO0417,2025-11-30T11:14:27,2025-11-30T12:20:27,0
A01161,"Roberts, Weber and Bridges",Government,Tier 2,217,GEO0165,2024-04-12T21:10:06,2025-07-17T22:30:11,0
A01162,Lewis-Ward,FinTech,Tier 1,48,GEO0605,2025-08-02T23:43:18,2026-02-09T13:30:06,0
A01163,Rios-Lucero,Energy,Tier 2,29,GEO0213,2024-11-04T04:28:19,2025-03-08T00:42:28,0
A01164,Thomas Ltd,FinTech,Tier 2,177,GEO0322,2026-01-13T03:40:33,2026-02-28T22:19:29,0
A01165,"Lambert, Knight and Miller",FinTech,Tier 2,159,GEO0723,2025-11-15T11:36:24,2025-11-18T14:05:09,0
A01166,"Vargas, Lawrence and Anderson",Energy,Tier 3,25505,GEO0507,2024-02-24T04:56:01,2026-01-15T11:24:11,0
A01167,Dyer LLC,Energy,Tier 2,41,GEO0063,2025-12-03T20:50:33,2026-02-08T02:51:40,0
A01168,"Diaz, Acevedo and Miller",Manufacturing,Tier 2,20781,GEO0426,2024-10-24T10:41:33,2025-01-27T12:03:37,0
A01169,"Hughes, Nelson and Cross",Logistics,Tier 1,196,GEO0621,2026-02-01T14:44:49,2026-02-19T14:21:49,0
A01170,Rogers PLC,Healthcare,Tier 1,1237,GEO0547,2024-05-28T13:31:28,2025-04-04T16:04:32,0
A01171,Arellano-Ward,Logistics,Tier 3,170,GEO0625,2024-07-23T22:42:50,2025-10-07T16:17:08,0
A01172,"Matthews, Garcia and Edwards",Manufacturing,Tier 1,37855,GEO0147,2025-03-10T03:15:20,2025-08-31T19:57:48,0
A01173,Smith Inc,Government,Tier 2,11484,GEO0467,2025-03-21T15:53:35,2025-05-17T21:46:32,0
A01174,"Juarez, Gordon and Wade",Retail,Tier 3,1951,GEO0567,2024-09-18T05:51:50,2025-05-18T16:02:10,0
A01175,Welch Inc,Telecom,Tier 1,162,GEO0714,2026-02-19T17:27:29,2026-03-01T15:05:56,0
A01176,Hood Ltd,Energy,Tier 1,453,GEO0266,2025-02-20T01:16:56,2026-01-24T21:36:37,0
A01177,Johnson-Roberts,Manufacturing,Tier 2,61,GEO0697,2024-06-03T16:01:57,2024-11-21T19:28:38,0
A01178,Jones Inc,Logistics,Tier 1,1761,GEO0511,2025-06-06T04:47:52,2025-06-27T18:27:31,0
A01179,Johnson Group,FinTech,Tier 2,6424,GEO0244,2024-09-07T13:23:13,2025-12-05T12:29:01,0
A01180,"Washington, Ruiz and Thomas",Healthcare,Tier 2,1471,GEO0729,2025-10-01T07:34:15,2026-01-22T21:20:52,0
A01181,Hurst PLC,Manufacturing,Tier 1,150,GEO0113,2024-12-17T12:48:55,2025-01-04T03:18:27,0
A01182,Arnold-Edwards,Retail,Tier 2,37379,GEO0055,2025-05-16T17:33:35,2025-08-18T15:03:15,0
A01183,Reed LLC,Healthcare,Tier 2,194,GEO0001,2026-01-29T12:02:19,2026-02-10T14:17:22,0
A01184,"Hamilton, Bush and Reyes",FinTech,Tier 2,706,GEO0227,2025-04-04T00:34:05,2026-01-21T04:31:21,0
A01185,White PLC,Healthcare,Tier 2,955,GEO0766,2024-10-07T19:11:54,2025-01-02T14:42:56,0
A01186,Cisneros Ltd,Retail,Tier 3,722,GEO0119,2024-02-23T11:39:20,2025-07-02T19:40:24,0
A01187,Roman-Campbell,Telecom,Tier 1,346,GEO0676,2024-09-08T03:55:29,2024-10-09T17:29:58,0
A01188,Stevens Inc,Government,Tier 1,1851,GEO0299,2025-03-02T01:13:51,2026-02-13T14:25:04,0
A01189,Richmond-Reyes,Healthcare,Tier 2,1328,GEO0345,2024-12-01T18:56:17,2025-05-18T07:51:44,0
A01190,Burke and Sons,Energy,Tier 2,12632,GEO0528,2025-07-10T20:51:41,2025-11-05T04:17:17,0
A01191,"Robinson, Dillon and Newman",Government,Tier 1,1912,GEO0117,2025-03-24T20:41:37,2025-05-31T21:02:05,0
A01192,"Houston, Owens and Smith",Healthcare,Tier 3,33667,GEO0176,2025-06-14T05:23:43,2025-12-26T17:26:42,0
A01193,King-Black,FinTech,Tier 2,447,GEO0601,2024-01-09T11:21:33,2025-02-20T11:06:05,0
A01194,Thomas-Allen,Manufacturing,Tier 2,103,GEO0489,2024-01-30T17:43:03,2025-12-19T21:43:48,0
A01195,"Richmond, Esparza and Chang",FinTech,Tier 3,29747,GEO0189,2025-03-01T15:30:42,2025-06-04T20:06:12,0
A01196,Arroyo Ltd,Logistics,Tier 1,19916,GEO0020,2025-03-22T23:54:13,2025-12-23T01:58:01,0
A01197,"Estrada, Keller and Cook",FinTech,Tier 1,1447,GEO0527,2026-01-20T16:08:49,2026-02-04T13:37:44,0
A01198,Walter-Reid,Logistics,Tier 3,34734,GEO0114,2024-04-26T16:28:10,2024-07-01T18:06:51,0
A01199,Torres Group,Logistics,Tier 3,1756,GEO0013,2024-07-21T10:05:26,2026-01-28T01:01:17,0
A01200,Williams PLC,Healthcare,Tier 1,607,GEO0680,2025-05-08T21:02:01,2025-08-22T10:32:28,0
