contact_id,account_id,email,first_name,last_name,title,created_at,updated_at
CT000001,A01149,heidimcdaniel@myers-murray.com,Natalie,Cox,Manager,2025-12-11T01:57:11,2025-04-12T01:42:46
CT000002,A00471,amystevens@parker.biz,Kathryn,Martin,CFO,2025-10-01T21:23:00,2025-06-11T23:34:28
CT000003,A00861,matthewcoleman@torres.info,Joe,Francis,Director,2025-03-31T20:20:59,2025-06-05T18:38:49
CT000004,A00684,paulahall@jones.com,Roger,Cox,Coordinator,2024-11-17T07:08:22,2025-06-12T21:16:56
CT000005,A00400,wrightbrian@levine.com,Amber,Neal,Analyst,2026-02-06T06:16:38,2024-10-08T21:49:13
CT000006,A00396,lewistroy@cervantes.com,Joshua,Nelson,VP,2024-12-12T05:43:19,2025-04-09T00:09:21
CT000007,A00880,barrygallagher@ryan.com,Lori,Williams,Analyst,2025-10-08T22:01:13,2025-12-25T20:04:15
CT000008,A01038,dterry@rice.net,Kelly,Rose,VP,2025-10-06T15:57:27,2026-01-27T00:57:16
CT000009,A01085,mark42@bell.info,Peter,Bell,SVP,2026-03-01T20:16:19,2026-01-02T20:55:14
CT000010,A00118,michael64@novak-perkins.info,Tristan,Johnson,Director,2026-01-06T20:46:32,2024-08-09T03:53:01
CT000011,A00767,dwayneward@russell.com,Michele,Hines,SVP,2025-06-12T23:53:35,2026-02-10T13:52:24
CT000012,A00521,christophercruz@woodward.com,Theresa,Lynch,SVP,2025-08-19T09:21:13,2024-09-15T09:40:41
CT000013,A00507,sjones@francis.com,Elizabeth,Bryant,Analyst,2025-06-06T11:43:49,2026-01-15T16:19:14
CT000014,A00570,ocole@thompson.com,Brittany,Holmes,SVP,2025-05-12T02:43:04,2026-01-06T21:02:12
CT000015,A00752,nicholaswebster@gillespie.com,James,Simon,Analyst,2025-04-21T02:13:25,2024-10-12T15:45:20
CT000016,A00947,crystaldurham@santos-robinson.biz,Luke,Herrera,Director,2026-02-13T00:20:03,2026-01-19T07:46:59
CT000017,A00268,shawnlara@evans-cochran.biz,Melissa,Kerr,CFO,2024-11-08T03:25:15,2025-12-04T17:48:57
CT000018,A00812,reeddana@hudson.com,Jennifer,Mullins,Coordinator,2025-04-19T21:58:28,2026-01-22T07:26:51
CT000019,A00898,yvonne14@ayala.com,Sheryl,Warren,VP,2026-02-20T07:00:15,2026-02-19T21:41:08
CT000020,A00139,rickymcdonald@hanson.com,Andrew,Foster,COO,2026-02-21T00:10:28,2026-02-24T07:11:59
CT000021,A00882,spearsmichael@cox-davis.info,Sarah,Drake,VP,2025-10-30T19:38:08,2025-12-19T04:40:33
CT000022,A00532,hartrichard@salas.net,Allison,Johnson,SVP,2024-07-12T04:11:38,2025-04-21T23:00:01
CT000023,A00048,gjones@bass-watkins.com,Madison,Daniel,SVP,2025-10-24T02:54:57,2025-06-12T00:49:11
CT000024,A00086,phunter@kelly.com,Deborah,Green,Analyst,2025-06-28T00:36:49,2025-11-27T11:26:29
CT000025,A00188,myersnicholas@strickland.org,Kayla,Olson,CFO,2026-02-06T12:17:57,2025-04-29T19:43:33
CT000026,A00843,cooperjohn@dickerson.com,Jessica,Rowe,Manager,2025-09-21T02:13:56,2024-08-03T07:10:57
CT000027,A00187,jennifer19@smith.info,Jasmin,Johnson,VP,2025-12-05T09:19:11,2024-10-27T03:13:34
CT000028,A00897,iharrington@dodson-diaz.com,David,White,Coordinator,2024-10-31T06:08:05,2024-12-10T07:48:02
CT000029,A01075,romanjames@hicks-elliott.com,Mark,Marquez,Director,2026-02-01T01:18:46,2024-09-26T19:21:24
CT000030,A00151,virginiahutchinson@taylor-landry.com,Debbie,Ramirez,Director,2025-02-06T00:48:08,2025-02-15T21:00:37
CT000031,A00989,eclark@warren.info,Monica,Pearson,CFO,2026-02-22T15:41:11,2025-10-23T05:01:49
CT000032,A00217,nnichols@smith-flores.com,Michael,Lopez,SVP,2025-04-28T04:03:01,2025-12-31T22:11:20
CT000033,A00228,walkercody@carter-ramos.org,Betty,Lee,CFO,2025-10-01T19:13:05,2026-01-30T13:00:27
CT000034,A01009,youngdenise@randolph.com,Shannon,Dickerson,VP,2024-12-12T20:50:07,2025-01-25T07:33:30
CT000035,A00249,karen71@hawkins.org,Joseph,Ortiz,Coordinator,2025-03-10T07:31:54,2025-02-09T00:22:14
CT000036,A00303,lopezkenneth@conway-bender.org,Juan,Santos,CFO,2025-09-01T13:08:31,2025-05-20T07:00:02
CT000037,A01168,xrivas@cardenas.net,Melissa,Daniel,SVP,2025-05-07T07:59:49,2025-09-13T05:20:08
CT000038,A01171,elizabeth84@nichols-brown.com,Evan,Cortez,SVP,2025-03-30T19:28:57,2025-08-22T15:49:16
CT000039,A01198,iparks@spencer.biz,Katherine,Sawyer,Manager,2024-12-19T18:06:17,2024-09-22T00:14:31
CT000040,A00329,matthewwest@potter.com,Jonathan,Nelson,CFO,2025-11-17T12:39:19,2024-11-17T09:15:04
CT000041,A00940,josephbrianna@alexander-phillips.com,Cameron,Flowers,Coordinator,2024-12-20T03:15:37,2025-09-02T17:30:44
CT000042,A00870,alexisclark@phillips-flowers.info,Curtis,Vega,Coordinator,2025-08-07T19:23:15,2025-08-28T23:58:29
CT000043,A00512,gary75@lopez-perez.com,Matthew,Barker,Manager,2025-07-03T18:16:56,2024-08-02T17:56:18
CT000044,A00382,tmartinez@barnes.com,Gabriel,Hurst,Director,2026-02-21T17:44:40,2026-01-19T16:23:26
CT000045,A00392,matthewlopez@west.com,Debra,Bowman,Analyst,2026-02-12T00:11:42,2025-11-19T04:04:09
CT000046,A00560,leeapril@sawyer-robinson.info,Olivia,Morgan,Director,2025-03-05T09:41:05,2025-09-02T08:59:35
CT000047,A00205,thobbs@chandler-taylor.com,Kristina,Sweeney,CFO,2024-10-31T11:22:36,2025-09-16T08:34:58
CT000048,A00719,tiffanysolomon@gross.com,Jason,Arellano,SVP,2024-06-25T06:55:53,2024-10-09T03:33:29
CT000049,A00539,tammycooke@perez.info,Danielle,Tran,Director,2025-07-30T19:23:46,2025-04-19T23:42:35
CT000050,A00148,samantha35@leon.com,Lee,Luna,Coordinator,2024-12-19T07:42:54,2025-07-10T19:16:00
CT000051,A01099,amypowell@knight-bowman.com,Richard,Morgan,VP,2025-10-26T13:36:34,2025-10-20T13:35:04
CT000052,A00897,tcross@jones.com,Melissa,Wilson,Analyst,2025-03-22T20:24:13,2025-05-04T04:09:17
CT000053,A00104,jennakemp@solis-swanson.com,Heather,Carlson,Coordinator,2025-09-15T05:27:21,2025-08-11T13:07:23
CT000054,A00435,fcrawford@perkins-savage.com,Amber,Davis,SVP,2025-11-06T14:08:52,2024-08-25T10:42:22
CT000055,A00787,arodriguez@hall-li.com,Laura,Cochran,Manager,2025-10-07T04:29:17,2026-01-22T17:18:29
CT000056,A00049,davisjordan@gray.com,Catherine,Marshall,VP,2025-10-04T01:56:22,2025-11-30T19:16:59
CT000057,A00832,avilaerica@estrada-wilson.com,Nicole,Acevedo,Coordinator,2025-04-28T03:28:14,2025-03-27T07:25:03
CT000058,A00552,rwatson@sanders-davis.com,Sarah,Coleman,COO,2026-02-28T16:18:18,2025-07-30T23:43:00
CT000059,A00160,theresa07@lara-bailey.com,William,Green,COO,2026-02-12T22:31:19,2025-11-12T19:47:04
CT000060,A00506,robert93@turner.com,Robert,Rivera,VP,2025-10-10T00:09:40,2025-12-11T14:58:40
CT000061,A00099,heather22@cisneros.com,Tony,Johnson,Director,2025-04-21T23:58:28,2025-05-13T03:01:27
CT000062,A00151,vwest@santiago-reynolds.com,Joshua,Herman,Coordinator,2025-12-29T01:57:48,2024-12-22T06:09:22
CT000063,A00890,jerrymorse@davis-reyes.org,Megan,Perkins,COO,2025-12-30T01:49:34,2026-01-09T09:33:19
CT000064,A00317,williamhernandez@martin.org,Jeffrey,Wells,Coordinator,2025-12-22T21:53:21,2025-11-20T02:44:04
CT000065,A00953,karenfowler@moore.com,Kathleen,Miller,VP,2026-02-26T22:11:09,2026-02-28T13:03:27
CT000066,A00815,gbarker@west-baker.com,Kimberly,West,Manager,2025-06-23T17:11:50,2026-02-25T03:30:45
CT000067,A00527,cbass@anderson.com,Amanda,Cantrell,VP,2026-01-26T19:20:52,2025-08-26T22:04:35
CT000068,A00838,qwilliamson@alvarado.biz,Karen,Jimenez,COO,2025-07-05T14:33:54,2025-02-08T06:51:57
CT000069,A01128,gordonkathryn@brown.org,Angela,Ford,COO,2025-11-19T10:27:46,2025-11-04T13:45:23
CT000070,A00160,belljoseph@brown.org,Kevin,Clay,Coordinator,2026-02-07T17:25:14,2026-01-08T17:30:52
CT000071,A00894,diane11@roberts-myers.com,David,Shannon,CFO,2025-03-27T18:46:28,2026-01-23T03:57:52
CT000072,A00629,anthony51@davenport.com,Melissa,Bradford,Manager,2026-01-20T16:39:57,2025-11-07T22:08:18
CT000073,A01004,debrajohnson@williams.com,Shawn,Hill,Manager,2026-01-29T00:59:27,2025-09-25T06:30:40
CT000074,A00407,hawkinstina@johnson.org,Sarah,Scott,SVP,2025-05-29T14:09:45,2025-08-14T14:46:13
CT000075,A00008,flowersdavid@weaver.com,Elizabeth,Hudson,VP,2025-07-21T23:33:07,2025-02-16T13:04:21
CT000076,A00906,zsantana@garcia.com,William,Smith,Analyst,2025-06-30T09:03:30,2025-11-27T12:08:02
CT000077,A00091,dkim@hebert-schroeder.org,Michael,Mcdaniel,VP,2026-01-11T17:09:52,2026-01-21T00:30:19
CT000078,A00315,kaufmanmarco@williams.net,Erik,Phelps,CFO,2026-01-19T19:26:11,2026-02-04T08:05:41
CT000079,A00264,lindsey87@gould-bates.net,Jennifer,Barnes,Analyst,2024-09-06T08:21:38,2024-08-02T23:08:15
CT000080,A00844,charles21@young.biz,Austin,Guzman,Manager,2025-12-12T21:43:05,2025-12-10T05:05:51
CT000081,A00451,katherinewilliams@thomas-thomas.com,Donald,Nelson,CFO,2026-01-09T04:21:54,2025-11-02T10:47:49
CT000082,A00842,patrickrodriguez@pope.com,Taylor,Woodard,Manager,2026-01-10T07:19:13,2026-02-16T04:22:03
CT000083,A00612,nmartin@ramirez.net,Trevor,Williams,Director,2026-02-16T23:24:43,2026-02-26T18:08:02
CT000084,A01138,carrolljonathan@adams.org,Joshua,Sanchez,CFO,2024-12-07T01:12:16,2025-10-22T02:23:37
CT000085,A01017,richard01@drake-gordon.net,Samantha,Gutierrez,Coordinator,2025-07-06T22:34:12,2025-09-18T18:18:09
CT000086,A00530,vrose@quinn.org,Shannon,Rogers,Analyst,2025-10-25T04:28:03,2025-11-28T00:28:30
CT000087,A00846,christiewilliams@myers.org,Jason,Gray,Manager,2025-01-01T19:53:30,2025-05-05T09:09:14
CT000088,A01002,wrightamber@singh.info,Natasha,Leon,COO,2026-02-22T03:31:56,2026-02-26T01:15:49
CT000089,A00497,tracey36@gonzalez.com,Shannon,Mcdonald,VP,2025-09-19T05:11:14,2025-09-04T02:29:41
CT000090,A00218,imorris@bryant.com,Hannah,Williams,SVP,2025-11-20T22:49:09,2024-06-18T21:06:29
CT000091,A01090,umorgan@stewart-price.biz,Kara,Clark,Director,2025-07-09T11:10:18,2025-09-18T19:25:00
CT000092,A01165,theresaarnold@clark.com,Laura,Cochran,Director,2025-11-27T05:48:30,2025-11-30T15:10:53
CT000093,A01009,jasonbrown@donaldson-white.com,Jerry,Wheeler,Director,2025-11-25T21:34:18,2024-05-14T05:28:49
CT000094,A00474,rebeccaturner@griffin.info,Jennifer,Sexton,Director,2025-06-25T06:05:22,2025-03-14T03:05:48
CT000095,A01147,thompsonjames@bass-carroll.com,Jody,Soto,SVP,2024-12-16T15:33:52,2025-05-16T23:11:22
CT000096,A00902,carla12@anderson.org,Eric,Johnson,COO,2025-06-08T11:26:15,2025-11-25T17:34:25
CT000097,A01089,jasonsmith@morris-wells.com,Jennifer,Bates,Coordinator,2026-01-27T20:42:21,2026-03-01T00:18:48
CT000098,A00485,brandon74@little.com,Cassandra,Ryan,CFO,2026-01-10T18:24:00,2026-01-20T05:33:22
CT000099,A00596,morganjenkins@goodman-hanson.net,Mary,Mejia,Analyst,2025-10-10T20:42:46,2025-12-01T09:38:10
CT000100,A01064,christopherdunn@smith.net,James,Young,Manager,2025-07-12T15:04:51,2025-11-10T02:52:44
CT000101,A00342,vbrady@blackburn.com,Kevin,Mcmahon,Analyst,2026-02-04T13:14:22,2024-12-02T06:07:14
CT000102,A00247,victor61@roberts.com,Rebecca,Cortez,Analyst,2024-09-24T02:44:09,2025-10-09T23:03:27
CT000103,A00396,wagnerdeanna@sanders.org,Keith,Villanueva,Coordinator,2025-08-11T09:30:56,2025-04-15T18:47:41
CT000104,A01023,frankyoung@oliver.com,Jennifer,Mills,Director,2024-10-31T18:30:38,2026-01-19T02:01:15
CT000105,A00563,dawnthomas@knox.net,Carol,Holmes,Director,2026-02-23T06:14:53,2026-01-21T18:38:07
CT000106,A00240,sellerstimothy@hernandez.info,Kevin,Yang,COO,2024-06-14T16:21:45,2024-04-04T05:39:29
CT000107,A00983,laurendavis@adams-smith.net,James,Gill,COO,2025-12-06T01:49:27,2025-10-20T09:54:00
CT000108,A00370,john53@carter-adams.com,Christopher,Crawford,Analyst,2025-10-14T22:48:20,2026-02-07T14:27:53
CT000109,A01071,ana77@moore.com,William,Bowman,Manager,2025-12-15T00:24:37,2026-02-10T04:25:01
CT000110,A00125,browncameron@durham-harper.com,Alex,Davidson,Director,2025-06-05T09:09:35,2025-07-11T06:22:31
CT000111,A00812,thammond@mcfarland.com,Rachel,Johnson,Coordinator,2024-05-31T17:32:55,2026-02-27T10:06:28
CT000112,A00099,tonyaturner@williams-lawson.biz,James,Brown,Coordinator,2025-08-23T09:18:04,2025-08-12T16:59:34
CT000113,A00930,bfarmer@carter.info,Laura,Mcdonald,VP,2026-02-03T17:41:11,2026-03-01T07:49:42
CT000114,A00031,iflowers@perry.net,Samuel,Lopez,CFO,2025-10-04T04:25:14,2025-11-03T06:15:34
CT000115,A00374,bmartinez@jackson-willis.com,Laura,Payne,Director,2025-05-04T03:31:30,2025-12-30T19:32:36
CT000116,A00276,brownclayton@brown-bowen.net,Jessica,Hernandez,Director,2025-10-11T06:34:44,2025-07-03T01:00:25
CT000117,A00805,jasonhughes@wilson.net,Eugene,Combs,Analyst,2025-03-26T00:20:38,2025-12-19T23:52:49
CT000118,A01077,floresedwin@palmer.biz,Shelly,Holloway,CFO,2024-10-16T14:50:25,2025-01-23T08:00:42
CT000119,A01142,robert05@hunter.org,Joy,Barrett,Coordinator,2025-08-07T13:32:29,2024-06-22T21:27:38
CT000120,A00006,wellssabrina@martinez-williams.com,Timothy,Franco,Director,2026-02-17T07:54:14,2026-02-27T04:51:06
CT000121,A00747,chansen@mcfarland-hughes.com,Gabriel,Goodman,Director,2025-08-28T05:03:02,2025-09-08T03:07:17
CT000122,A00536,kenneth33@lee.com,Frances,Jones,VP,2026-01-05T21:24:35,2026-02-04T00:36:57
CT000123,A00330,timothywoods@thomas.com,Amy,Gonzalez,Coordinator,2025-06-12T19:12:39,2025-08-11T20:14:42
CT000124,A01165,kimtaylor@miller.info,Phyllis,English,COO,2025-12-17T12:38:00,2026-02-03T13:40:07
CT000125,A01116,garycarney@baker.com,Larry,Peterson,Director,2026-01-23T13:02:14,2025-10-18T16:46:09
CT000126,A00615,jeffrey49@espinoza.net,Ashley,Pittman,VP,2025-12-28T06:35:40,2026-01-10T05:11:15
CT000127,A00813,elizabeth74@fisher.com,Brian,Velasquez,CFO,2025-05-08T14:20:20,2026-02-24T04:29:44
CT000128,A01026,rachelwilliams@kirby.com,Vincent,Ward,Director,2025-03-30T19:08:48,2026-02-05T10:01:41
CT000129,A01089,joel06@guzman.net,Elizabeth,Gross,Manager,2026-02-16T20:53:34,2026-02-03T04:02:26
CT000130,A00568,cheryl94@ramos.com,Jason,Thompson,COO,2025-03-17T14:31:25,2025-07-25T23:49:56
CT000131,A00805,heidijames@rogers-parsons.com,Mikayla,Brown,SVP,2025-11-05T16:30:07,2025-05-07T00:32:40
CT000132,A00200,patriciasmith@smith.info,Stephanie,Craig,Coordinator,2025-09-02T06:38:31,2024-08-18T00:58:02
CT000133,A00094,shannonwood@garrison.com,Randy,Jones,COO,2026-01-11T13:13:08,2025-10-15T10:27:32
CT000134,A00782,feliciajohns@garcia.com,Danny,Baker,COO,2025-02-13T14:19:32,2025-10-09T07:25:29
CT000135,A01090,glawrence@hill.info,Lorraine,Kramer,Director,2025-10-18T23:04:36,2025-12-26T23:31:58
CT000136,A00921,gwelch@johnson.com,Melissa,Alexander,CFO,2025-04-07T00:13:33,2025-05-12T23:56:19
CT000137,A01137,kylelawson@jordan.com,Debra,Allen,Director,2025-03-02T06:56:35,2025-12-17T00:05:22
CT000138,A00101,ushields@garcia.com,Lisa,Walls,Analyst,2025-10-08T11:58:00,2025-09-23T11:44:34
CT000139,A00933,lgarcia@moore.com,Antonio,Edwards,Analyst,2025-04-20T21:12:19,2025-10-12T10:41:57
CT000140,A01109,troyfletcher@miller.com,Jackson,Castro,Coordinator,2025-03-06T10:21:25,2024-11-08T08:58:58
CT000141,A00151,alexander89@watson-newman.net,Jennifer,Kane,Manager,2025-10-22T16:19:13,2025-11-01T12:01:06
CT000142,A00305,michaelfuller@johnson.com,Howard,Fields,Analyst,2025-01-05T11:30:43,2026-02-02T16:07:44
CT000143,A00896,monicafletcher@jones-bowen.com,Nancy,Henry,COO,2026-01-10T11:44:42,2026-02-20T07:41:52
CT000144,A00805,toddhowell@buchanan.org,Emily,Weiss,CFO,2025-04-16T08:43:46,2025-08-26T18:12:48
CT000145,A00900,reedmaria@yang-marshall.com,Lisa,Dillon,COO,2024-11-02T08:48:45,2025-03-18T10:36:59
CT000146,A00839,jillianhall@robinson-hanson.net,Daniel,Strong,Director,2025-04-15T23:51:43,2025-11-14T22:00:04
CT000147,A00892,hannahblack@carter-allen.info,Rebecca,Clark,Analyst,2025-12-25T10:46:51,2025-12-11T18:32:05
CT000148,A00051,crystal02@smith.com,Krystal,Hogan,Coordinator,2025-03-27T22:11:17,2025-06-08T11:31:45
CT000149,A00634,catherinejones@evans.org,Taylor,Sparks,Coordinator,2024-09-23T09:41:11,2024-12-15T18:22:40
CT000150,A01181,charlesbutler@king.com,Jim,Brown,Manager,2025-03-07T04:35:25,2026-01-09T18:21:09
CT000151,A01178,kevingreen@berger.com,Laura,Hernandez,Analyst,2026-02-17T05:06:03,2026-01-14T04:34:24
CT000152,A00215,angelarice@grant.info,Denise,Perkins,CFO,2024-08-21T03:43:02,2024-05-15T22:29:14
CT000153,A00368,gabrielle80@perez-greer.com,Regina,Martinez,CFO,2026-01-21T01:04:12,2025-06-23T23:52:40
CT000154,A01049,vwalker@thomas-torres.net,Lisa,Lewis,CFO,2025-08-05T00:41:48,2025-02-25T09:51:54
CT000155,A00743,nthompson@gonzalez.com,Karen,Olson,Manager,2026-02-08T08:32:09,2025-11-18T08:48:13
CT000156,A00076,chelsea32@rasmussen-carter.com,Noah,Cooper,Director,2025-02-04T10:39:20,2025-12-30T16:35:23
CT000157,A00253,christina45@mcintosh.com,David,Romero,CFO,2026-02-13T06:38:54,2026-01-30T19:31:17
CT000158,A00909,deborah80@francis-cobb.com,Joe,Black,VP,2026-02-23T00:34:22,2026-02-20T01:08:42
CT000159,A00835,thomasfreeman@berger-williams.org,Jonathon,Ramirez,COO,2026-01-22T11:50:54,2026-02-18T19:07:17
CT000160,A00392,fergusonshirley@waters.com,Margaret,Thomas,Analyst,2025-11-10T06:50:36,2025-12-02T19:51:20
CT000161,A00284,russellnicole@mitchell.com,Jorge,Lopez,COO,2024-12-04T14:10:00,2025-11-27T01:15:27
CT000162,A01058,thomasjackson@morris-fischer.biz,James,Mccoy,SVP,2026-02-18T17:52:50,2026-02-03T19:50:13
CT000163,A00309,valenzueladanny@gomez.net,Brian,Cole,SVP,2024-12-04T12:14:57,2024-07-08T03:22:57
CT000164,A00990,anne23@skinner.com,Jacqueline,Fowler,VP,2025-07-10T15:12:29,2024-12-28T22:34:50
CT000165,A00159,watkinswilliam@saunders.com,Logan,Chavez,Manager,2026-01-23T17:19:17,2026-02-19T15:34:37
CT000166,A00736,robert99@forbes.info,Ruben,Lee,Director,2025-02-07T04:36:06,2025-08-16T09:18:03
CT000167,A00692,thomasnorris@perry.com,Katelyn,Hall,Director,2025-01-10T05:21:51,2025-05-23T16:29:32
CT000168,A00599,whitekelly@brown.com,Cathy,Murphy,VP,2025-09-23T14:12:07,2025-07-28T00:11:10
CT000169,A01104,lindascott@leblanc.com,Brandon,Powell,Director,2025-05-16T14:48:53,2025-05-23T20:22:19
CT000170,A00186,sherri74@baker-carter.com,Randy,Henry,Director,2025-12-27T20:14:12,2025-11-28T00:51:06
CT000171,A01067,sonya16@meyer.com,Gary,Whitaker,COO,2025-09-19T21:29:34,2026-01-13T11:42:03
CT000172,A00842,xballard@williamson.org,James,Browning,COO,2025-12-13T19:57:46,2026-01-07T06:31:04
CT000173,A00701,zramirez@giles.com,Miranda,Martin,COO,2025-04-19T16:58:20,2024-07-04T00:08:45
CT000174,A01048,harmonkelly@lang.com,Stephanie,Ryan,Manager,2026-02-04T12:20:16,2026-02-20T03:36:51
CT000175,A00394,sarahnavarro@davis.com,Brandy,Gutierrez,Analyst,2025-10-29T05:55:58,2025-09-20T12:59:04
CT000176,A00631,yrobinson@martinez.info,Debra,Sloan,CFO,2025-10-25T21:20:55,2025-09-19T02:38:51
CT000177,A01087,brittany14@tucker-mclaughlin.com,Kayla,Peterson,Manager,2026-02-13T15:38:59,2026-02-15T22:28:36
CT000178,A00882,terriramos@chapman-valentine.org,Craig,Graham,CFO,2024-10-05T09:29:40,2024-10-16T00:55:25
CT000179,A00242,yross@sanchez-ortiz.com,Karen,Walker,VP,2025-01-03T10:52:53,2026-02-05T01:04:59
CT000180,A00553,archerbridget@clark.net,Bonnie,Jones,SVP,2026-01-26T10:39:04,2026-01-19T21:18:51
CT000181,A00095,qfischer@diaz.com,Daniel,Herring,Director,2026-02-26T05:12:54,2026-02-17T07:26:56
CT000182,A00372,harmondonald@ponce.com,Mark,Chambers,Director,2026-01-16T20:17:31,2025-12-10T14:46:48
CT000183,A00624,gomezgina@weber.biz,Alexandra,Shaffer,Director,2025-05-06T13:03:46,2025-03-05T15:39:24
CT000184,A00805,johnsonkelly@rhodes.org,Frank,Young,CFO,2025-04-05T15:13:36,2025-11-11T07:04:46
CT000185,A00818,prowe@hughes.com,Rebecca,Park,Manager,2025-02-21T23:54:20,2026-02-08T05:08:58
CT000186,A00567,stephensashley@hudson.biz,Jesse,Drake,Manager,2026-02-21T22:38:34,2026-01-18T00:07:27
CT000187,A00501,foconnor@carey-hall.biz,Paul,Boyer,VP,2025-09-07T21:16:17,2025-10-04T02:25:38
CT000188,A00541,thomaspowell@tyler.com,Micheal,Scott,COO,2024-10-18T06:31:00,2025-04-01T08:01:52
CT000189,A00038,danny38@norman.com,Connor,Stevens,Coordinator,2026-02-09T15:33:20,2025-11-03T03:20:45
CT000190,A01120,laurabrewer@cochran.info,Carla,Galloway,Director,2024-10-27T20:29:40,2025-04-01T07:36:15
CT000191,A00247,lphelps@shaw.com,Sabrina,Thompson,Manager,2025-12-24T03:43:47,2025-06-20T11:17:20
CT000192,A00935,amccarthy@green-clay.net,Danielle,Anderson,Coordinator,2026-03-01T17:01:26,2026-02-17T01:36:42
CT000193,A00671,thomasrebecca@shelton.biz,Ryan,Compton,CFO,2025-02-09T23:48:31,2025-09-05T16:40:52
CT000194,A00053,enguyen@carey.com,Melinda,Kelly,COO,2025-10-01T14:10:22,2025-10-01T19:12:12
CT000195,A01080,tolsen@stephens.com,James,Duncan,Analyst,2025-12-01T00:09:03,2025-12-13T13:49:35
CT000196,A00481,valerienunez@baker.com,Kim,Wu,VP,2025-05-31T00:20:13,2025-12-06T09:21:50
CT000197,A00798,gibsonkatie@grant.com,Gary,Clark,VP,2025-10-30T03:13:16,2025-11-16T14:32:20
CT000198,A00250,ashley40@fleming.com,Kevin,Moore,SVP,2025-06-30T04:53:54,2025-05-12T04:24:24
CT000199,A00464,ryancharles@watts-drake.org,Stephanie,Stevens,Manager,2026-02-19T06:35:09,2026-02-20T03:33:26
CT000200,A00466,rachel18@randall.net,Bradley,Hall,VP,2024-02-21T10:50:48,2024-03-29T21:08:23
CT000201,A00114,barberbrandon@lowery.info,Terry,Reyes,CFO,2026-02-12T07:03:56,2026-02-28T20:37:39
CT000202,A00872,williamsethan@wong.biz,Kyle,Anderson,COO,2024-08-14T19:19:11,2026-01-01T13:18:41
CT000203,A00612,derekcooper@thomas.com,Craig,Gay,SVP,2026-02-11T00:30:01,2026-01-07T09:21:24
CT000204,A00333,diamond62@garrett.com,Gary,Scott,VP,2025-08-15T11:22:21,2025-08-31T15:57:16
CT000205,A00096,raydaniel@carroll.com,Jose,Moore,VP,2026-01-08T03:25:36,2026-02-13T03:37:56
CT000206,A00275,connor65@moran-castro.biz,Kevin,Guzman,CFO,2025-10-14T11:52:36,2025-07-13T03:42:36
CT000207,A00076,anthony92@hernandez-pennington.info,Nathan,Kaufman,Director,2025-04-14T10:16:54,2024-09-20T13:20:19
CT000208,A00629,briandaniel@lee.com,Melissa,Sullivan,SVP,2025-11-18T23:53:09,2025-12-09T04:19:03
CT000209,A00536,joel28@valentine.com,Shawn,Greene,COO,2026-02-14T12:04:59,2026-01-04T16:55:54
CT000210,A00684,perrybarbara@payne.info,Charles,Scott,SVP,2024-08-20T00:28:17,2026-01-11T19:51:00
CT000211,A00688,simpsondiane@keller.biz,Amber,Mendez,Director,2025-11-15T02:35:02,2025-02-19T01:58:12
CT000212,A00437,hmckinney@robertson-ryan.com,Jaime,Garcia,Manager,2025-10-07T11:27:57,2025-10-30T14:55:51
CT000213,A00009,eflynn@french.net,Julia,Cook,CFO,2025-04-02T03:56:26,2025-04-12T11:39:51
CT000214,A00793,jason42@hayes.info,Jessica,Glover,VP,2026-01-21T08:46:17,2025-10-30T11:57:01
CT000215,A00168,jessepalmer@king.com,Elizabeth,Hess,SVP,2026-01-19T10:19:29,2026-02-28T18:06:51
CT000216,A01004,denisesantana@butler.com,Cynthia,Martinez,CFO,2025-12-23T19:15:39,2026-02-09T15:23:43
CT000217,A00590,carsonkathy@cervantes.com,Patricia,Horton,Manager,2025-01-01T04:20:59,2026-02-25T16:01:31
CT000218,A00857,ydiaz@horton.com,Sheila,Green,Coordinator,2026-01-15T05:07:10,2025-12-28T06:49:30
CT000219,A00607,nwarren@evans.com,Bryce,Mitchell,Analyst,2025-07-07T00:00:06,2025-03-15T10:11:59
CT000220,A00235,randy57@jackson.com,Jeanette,Wright,Analyst,2024-10-15T07:08:48,2026-01-15T03:48:18
CT000221,A00051,nicole17@lin.com,Jeremy,Wilson,VP,2024-09-01T08:48:06,2025-12-10T18:13:45
CT000222,A00679,jarmstrong@zavala-patrick.biz,Vicki,Ford,CFO,2025-02-01T16:18:12,2024-10-19T15:04:44
CT000223,A00251,perezdana@zimmerman.com,Renee,Meyer,Coordinator,2025-10-24T13:00:38,2025-04-10T07:45:21
CT000224,A00136,david72@clark-brown.org,Mary,Henry,Manager,2026-02-25T08:38:03,2026-02-25T06:13:59
CT000225,A00951,jose32@lee-mckinney.com,Linda,Whitaker,Analyst,2025-07-23T07:36:12,2026-02-10T12:47:02
CT000226,A00912,bartlettandrea@molina.com,Bradley,Hernandez,CFO,2026-01-27T15:09:46,2026-02-12T01:43:28
CT000227,A00658,hubbardjamie@johnson-contreras.com,Jay,Cuevas,Analyst,2024-06-15T02:23:53,2026-02-03T22:26:31
CT000228,A00104,fbonilla@harvey.com,Robert,Gordon,COO,2026-01-22T05:59:15,2025-10-21T13:22:34
CT000229,A00920,kelseyrogers@berry.org,Scott,Sutton,VP,2025-12-31T07:01:50,2025-07-26T22:24:55
CT000230,A00563,amandarogers@reyes.biz,Rebecca,Williams,Manager,2026-01-25T01:12:02,2026-02-15T06:33:28
CT000231,A00617,thomascoleman@love.biz,Kimberly,Ward,Coordinator,2025-07-12T12:13:43,2025-09-14T00:46:22
CT000232,A01200,vdavila@anderson.biz,Catherine,English,Coordinator,2026-01-15T11:23:04,2025-10-25T21:25:39
CT000233,A00764,kristen21@johnson.com,Jason,Sanders,Analyst,2024-06-17T05:38:52,2025-08-23T02:44:51
CT000234,A00755,cooklisa@love-cohen.org,Scott,Garcia,Manager,2025-02-04T16:56:40,2024-11-16T19:04:51
CT000235,A00190,charles29@welch.net,Carlos,Nelson,Manager,2025-11-16T15:44:01,2024-10-15T18:53:44
CT000236,A00836,andreasantiago@white.com,Kelly,Kelly,VP,2025-12-14T14:41:50,2025-06-07T14:37:21
CT000237,A00254,marcus88@burke-foley.com,Paul,Williams,COO,2025-07-31T16:21:40,2025-09-02T14:52:25
CT000238,A00225,bethanydunn@rice.com,Christy,Wall,COO,2024-12-21T04:05:45,2025-06-07T15:45:47
CT000239,A00008,katrina06@thomas.org,Katelyn,Johnson,Coordinator,2025-03-13T09:06:22,2025-07-13T11:28:18
CT000240,A00065,caitlin05@schneider.org,Christina,Lopez,Analyst,2026-02-28T15:57:57,2025-04-20T19:33:11
CT000241,A00002,popetyler@lee-patel.net,Natasha,Rivera,Coordinator,2026-01-09T02:13:09,2026-01-12T03:32:00
CT000242,A00620,martinbethany@harris.info,Shane,Reed,Manager,2024-09-16T19:43:23,2025-03-10T16:17:42
CT000243,A00434,wlane@fernandez.com,Sharon,Horton,Coordinator,2025-11-10T14:59:12,2025-11-14T05:24:16
CT000244,A00072,cobbdouglas@morse.com,Abigail,Castro,Director,2025-06-14T03:44:46,2025-01-19T20:59:36
CT000245,A00623,kaylee04@henderson.com,Gregory,Davis,Manager,2025-08-02T03:02:16,2025-11-29T23:23:09
CT000246,A00747,davismary@turner-nelson.net,Karen,Smith,SVP,2025-04-02T01:46:16,2025-04-25T13:16:20
CT000247,A00907,katherine10@vazquez.com,Troy,Wright,Coordinator,2025-06-05T02:40:11,2025-12-08T01:15:33
CT000248,A00951,lwashington@burns.com,Shelby,Thornton,VP,2025-10-15T10:06:09,2026-01-08T18:16:28
CT000249,A00425,msmith@jackson-parker.com,Cynthia,Everett,VP,2025-08-11T12:49:14,2025-09-12T14:02:57
CT000250,A00614,albert40@moore.net,Matthew,Coleman,Director,2025-09-01T03:04:13,2024-12-03T21:51:11
CT000251,A00008,rachelavila@ross.com,Michael,Johnson,VP,2024-11-28T14:46:27,2024-10-01T11:35:16
CT000252,A00053,carolking@barr.biz,Amanda,Coleman,VP,2025-12-13T22:05:05,2026-02-01T15:44:18
CT000253,A00291,ygonzales@ross-bishop.net,Kelsey,Harris,VP,2025-04-08T07:07:35,2025-07-05T16:13:05
CT000254,A00253,jamielutz@carroll.com,Richard,Combs,Analyst,2026-01-26T19:30:22,2026-02-16T00:12:18
CT000255,A00781,christopheraguilar@keller.com,Carlos,Torres,Director,2026-02-09T14:54:07,2026-02-16T17:05:17
CT000256,A00164,reillyterrence@bowers.com,Thomas,Underwood,CFO,2025-06-27T07:25:09,2025-11-09T20:17:33
CT000257,A00562,josephprice@deleon.biz,Joshua,Cook,Manager,2026-01-08T06:07:30,2025-08-07T04:37:30
CT000258,A01099,romerozachary@young.com,Claudia,Flowers,COO,2025-12-22T05:52:59,2026-02-16T08:41:55
CT000259,A00535,uyork@villegas-powers.info,Jason,Hernandez,COO,2026-02-27T10:07:37,2025-01-16T12:04:31
CT000260,A00973,lmoore@baldwin.com,Jerry,Torres,CFO,2025-10-27T19:09:28,2025-07-01T05:42:39
CT000261,A00328,housecharles@jennings-brewer.biz,Andrew,Foster,Director,2026-01-22T01:14:39,2025-04-29T12:07:02
CT000262,A01010,rhondaking@johnson-richardson.biz,Christina,Wade,VP,2025-07-30T02:06:57,2025-01-03T03:31:02
CT000263,A00993,patrickknox@doyle-davis.com,Tammy,Fuller,Coordinator,2025-03-09T09:45:57,2025-11-08T17:41:42
CT000264,A00545,moorematthew@lopez.com,Christopher,Ramos,SVP,2025-04-18T15:19:32,2024-10-15T11:08:07
CT000265,A00884,tgraham@phillips.com,Dwayne,Byrd,SVP,2024-07-15T04:02:31,2025-03-16T18:54:30
CT000266,A00360,nicholas61@brown-powell.com,Anthony,Ball,Director,2024-11-29T13:43:14,2025-01-14T13:08:37
CT000267,A00376,dmartin@barry-bonilla.com,Suzanne,Kelly,CFO,2026-02-28T02:58:03,2026-02-27T15:07:37
CT000268,A00013,charlesrobinson@castillo.info,Nicholas,Mcguire,COO,2026-02-21T15:27:31,2025-11-10T02:43:25
CT000269,A00262,trevorluna@torres.com,Patricia,Jackson,COO,2024-04-16T12:17:35,2025-02-04T17:43:52
CT000270,A00599,kimberly12@estrada.com,Dennis,Fitzgerald,Coordinator,2026-02-28T09:17:42,2025-06-19T09:21:03
CT000271,A00747,ronaldgarcia@davenport-aguilar.net,Steven,Lynch,Coordinator,2025-11-04T19:47:32,2025-07-13T12:18:54
CT000272,A00246,donna81@collins.net,David,Bradford,CFO,2025-02-19T16:27:35,2025-11-15T09:20:06
CT000273,A00209,richard10@durham-hansen.info,Martha,Lopez,VP,2025-08-31T10:56:11,2025-11-18T13:26:28
CT000274,A00795,kylie68@meyer-johnson.com,Joshua,Jones,Analyst,2026-02-05T10:23:11,2026-02-12T08:05:44
CT000275,A01116,zreed@lee.net,Jocelyn,Stafford,SVP,2026-01-05T06:58:11,2025-09-11T02:09:24
CT000276,A00096,spearsanthony@rodriguez-moody.net,Anthony,Webb,Manager,2025-08-08T13:33:23,2024-11-10T12:13:19
CT000277,A00740,tgilmore@miranda-smith.biz,Sonya,Bennett,CFO,2025-08-01T21:21:26,2026-01-13T18:31:58
CT000278,A01035,samanthadyer@alvarado.biz,David,Gay,SVP,2025-09-02T00:18:23,2026-01-31T12:32:53
CT000279,A00854,pwatson@castro.org,Mark,Hughes,VP,2025-06-07T22:15:19,2024-09-16T09:11:13
CT000280,A00754,sharonmurphy@diaz.com,Brianna,Smith,CFO,2025-12-08T16:55:33,2026-02-20T00:58:01
CT000281,A00018,amy96@zimmerman.org,Sarah,Taylor,CFO,2024-12-11T11:05:50,2025-02-25T12:11:30
CT000282,A01042,morganbenjamin@carey-mccormick.com,Jessica,Day,VP,2026-01-18T17:55:25,2025-12-23T16:11:06
CT000283,A00663,jsmith@williams.com,Jason,Bowman,Manager,2025-06-06T00:45:35,2025-06-22T23:32:29
CT000284,A00206,rogersalisha@sanchez.info,Brian,Rodriguez,Coordinator,2025-05-02T13:07:22,2026-01-01T09:29:07
CT000285,A00688,ydaniels@arellano-meyers.com,Lisa,Lynch,VP,2024-11-25T23:24:08,2026-01-12T11:29:40
CT000286,A00839,aliciaphelps@mendez-obrien.com,Pamela,Dalton,Analyst,2025-04-06T22:11:02,2024-12-16T13:06:07
CT000287,A00459,serranotimothy@blevins.com,Emma,Tran,Analyst,2025-04-12T17:39:22,2024-06-30T19:44:42
CT000288,A00699,tammypratt@norman.com,Stacy,Price,SVP,2026-02-14T09:51:49,2026-01-15T00:10:55
CT000289,A00190,justin34@haynes-perez.com,Kelly,Thomas,Analyst,2025-03-18T20:53:22,2025-01-04T07:20:55
CT000290,A01016,xkelley@burnett-solis.biz,Jessica,Delacruz,Coordinator,2025-12-16T11:38:27,2025-08-24T17:13:42
CT000291,A00472,saunderssarah@hart-jones.biz,Samantha,Carlson,Coordinator,2025-11-08T01:28:18,2024-12-15T12:47:39
CT000292,A00848,dparker@gonzales-snyder.biz,Robert,Farmer,Manager,2025-05-11T10:20:27,2025-01-21T06:50:38
CT000293,A00144,ruizamy@clements.com,Kaitlyn,Ruiz,COO,2025-07-03T21:19:30,2025-11-19T03:54:40
CT000294,A00753,chavezsamantha@johnson.com,Shirley,Orr,Director,2025-12-28T05:17:50,2025-12-08T10:35:16
CT000295,A01064,alexandercolon@simmons.biz,Mary,Pope,COO,2025-04-24T16:37:37,2025-01-30T06:15:50
CT000296,A00842,danielcarter@delgado-edwards.org,Renee,Payne,CFO,2026-02-08T02:28:59,2026-02-02T17:50:45
CT000297,A00899,james86@phillips.net,Andrew,Myers,CFO,2025-09-10T16:52:56,2025-09-30T18:39:50
CT000298,A00445,daniel45@macdonald-gomez.com,Stacey,Burnett,Coordinator,2024-02-24T16:47:55,2024-11-04T23:28:29
CT000299,A00221,egonzalez@schultz-love.org,Sheila,Fritz,VP,2025-11-25T19:28:09,2026-01-07T00:39:55
CT000300,A00095,alyssacooper@miller-banks.com,Veronica,Burton,VP,2026-01-31T14:47:04,2025-12-11T00:01:54
CT000301,A00867,kristasalas@lewis-jacobson.biz,Jennifer,Frank,Coordinator,2025-11-30T08:03:33,2026-01-31T19:34:06
CT000302,A00040,kimberly73@hayes.biz,Michael,Solomon,SVP,2025-10-15T13:07:32,2025-12-28T10:28:47
CT000303,A00100,traci71@tyler.com,Tara,Adams,CFO,2024-11-26T08:56:23,2024-12-09T03:24:18
CT000304,A01193,orodriguez@stein.com,Daniel,Lara,VP,2025-11-03T01:44:05,2024-05-01T23:33:03
CT000305,A00555,robert34@brown-williams.com,Austin,Garcia,VP,2026-01-21T10:16:40,2025-12-09T20:20:08
CT000306,A01099,lli@mendez-oliver.biz,Sandra,Martin,Manager,2025-10-29T20:08:07,2026-01-10T18:56:19
CT000307,A00288,gfrench@flowers.com,Nicolas,Clark,COO,2025-12-18T06:15:35,2025-11-30T23:30:36
CT000308,A00429,kgonzalez@hogan-thompson.com,Robert,Porter,Coordinator,2025-01-22T14:26:58,2024-10-09T03:29:29
CT000309,A00139,websterpaige@jordan.org,Shane,Henderson,Director,2026-02-27T12:39:41,2026-01-05T22:51:21
CT000310,A01013,esparzatammy@miller.com,Charles,Montgomery,Analyst,2025-09-05T14:03:43,2025-08-17T19:40:15
CT000311,A00217,stephaniesaunders@mack.biz,Joshua,Johnson,COO,2025-02-21T19:49:47,2025-09-05T16:51:50
CT000312,A00343,bellaaron@neal.net,Martin,Gonzalez,COO,2025-06-25T02:57:16,2025-02-19T13:16:27
CT000313,A00395,greennicholas@valdez.com,Christine,Hernandez,VP,2026-01-22T12:45:44,2026-01-23T01:22:19
CT000314,A00837,michellebray@hammond.org,Rachel,Lucas,CFO,2024-11-02T02:37:02,2025-12-19T05:25:30
CT000315,A00455,darlene44@little.net,Dominique,Smith,Manager,2026-01-14T10:34:50,2026-02-25T08:00:18
CT000316,A00319,sierra06@conrad.com,Sandra,Johnson,SVP,2025-11-07T01:32:42,2025-08-13T23:01:28
CT000317,A00325,ebutler@moody.net,David,Burns,Analyst,2025-11-06T08:26:03,2025-08-17T23:31:37
CT000318,A00898,fthomas@webb-thomas.com,Joseph,Horton,SVP,2026-02-26T08:03:40,2026-02-28T15:50:52
CT000319,A00949,tinasanders@munoz-ryan.com,Richard,Perry,COO,2025-07-24T11:48:24,2025-03-20T08:53:48
CT000320,A00489,deckerrobert@park-jackson.com,Susan,Heath,VP,2025-11-24T10:36:14,2025-11-07T08:34:56
CT000321,A00640,danielsmichelle@johnson.com,Angel,Duncan,COO,2026-01-28T10:19:26,2026-01-06T01:00:08
CT000322,A00471,mgreer@green.net,Amy,Neal,VP,2025-04-24T21:39:28,2025-11-19T08:24:23
CT000323,A00537,rsmith@thomas.info,Ashley,Gates,Analyst,2025-07-09T22:46:31,2026-02-07T21:23:44
CT000324,A00956,lancemitchell@lambert.com,Nicholas,Abbott,CFO,2025-11-27T13:08:43,2025-12-24T20:30:16
CT000325,A00093,guerracaroline@miller.com,Brandy,White,VP,2026-02-11T06:14:19,2025-11-18T03:57:53
CT000326,A00073,alejandro97@miller-gallagher.com,Leah,Myers,VP,2026-02-20T09:52:58,2026-02-20T20:55:30
CT000327,A01124,beltranstephen@caldwell-gregory.com,Donna,Daniel,Director,2025-07-30T14:21:11,2025-10-15T19:51:26
CT000328,A00160,megannichols@brown.net,Christopher,Ortega,CFO,2026-01-12T11:14:38,2025-11-20T12:41:38
CT000329,A00216,mmonroe@burke.com,Joseph,Chan,Manager,2025-01-25T19:16:24,2025-07-30T19:14:15
CT000330,A00819,milleranna@brown.com,Christian,Pierce,VP,2026-02-17T12:25:59,2025-12-29T12:13:39
CT000331,A00043,abell@livingston-lopez.com,Eric,Price,Coordinator,2025-12-12T03:50:07,2025-11-25T04:49:49
CT000332,A00132,jessica38@martinez-davis.org,Michael,Beard,VP,2025-05-30T03:11:51,2025-05-16T15:19:33
CT000333,A00132,erikbaker@vaughn.com,Latasha,Baker,Manager,2025-06-10T06:11:19,2025-09-04T20:03:40
CT000334,A00360,freynolds@berry-thompson.com,Dennis,Liu,COO,2025-04-29T19:32:06,2026-02-27T00:33:21
CT000335,A00266,swilcox@ramirez.com,Kaitlyn,Castro,CFO,2025-05-12T05:02:49,2025-09-11T00:39:40
CT000336,A00619,linda59@phillips.com,Laura,Erickson,Analyst,2025-08-24T01:03:45,2025-11-25T17:36:47
CT000337,A00585,joshuabennett@chan.net,Gregory,Rose,Coordinator,2026-02-04T06:21:49,2025-04-18T12:06:56
CT000338,A00403,trandaniel@case-smith.info,Samantha,Gonzalez,SVP,2026-01-06T05:13:57,2025-02-13T01:29:22
CT000339,A00618,susanhiggins@atkins-hernandez.com,Eric,Brown,Manager,2025-12-14T07:19:35,2026-01-24T10:28:37
CT000340,A00863,steven36@carroll-brooks.com,Leslie,Johnson,COO,2026-03-01T03:00:15,2025-02-14T01:08:10
CT000341,A00207,kristinemendoza@newton.com,Jeanette,Reese,Coordinator,2025-10-02T03:31:14,2025-11-12T17:05:20
CT000342,A00474,mosleypamela@chandler.com,Debra,Perez,CFO,2025-08-02T06:04:09,2025-06-14T20:26:31
CT000343,A01196,whiteryan@reyes.biz,Rhonda,Alvarez,Coordinator,2025-03-26T22:00:55,2026-02-01T09:00:19
CT000344,A01062,jbrown@carter.com,Connor,Nichols,Analyst,2026-02-02T17:06:55,2025-12-22T02:07:37
CT000345,A01059,dunnmary@duran.com,Kevin,Perez,CFO,2026-02-19T14:45:59,2026-03-01T07:26:57
CT000346,A00394,hoodjohn@bridges-casey.com,Veronica,Byrd,Director,2025-12-29T22:55:14,2025-11-21T01:23:51
CT000347,A01000,jerryolson@miller.info,Douglas,Weaver,Manager,2026-01-09T06:02:02,2025-04-08T14:11:14
CT000348,A01088,hvelasquez@spears-jones.com,Kevin,Castaneda,CFO,2024-08-08T05:28:36,2024-05-06T16:10:14
CT000349,A00863,glambert@harmon.com,Joyce,Washington,Analyst,2024-12-12T13:31:07,2025-10-10T04:38:56
CT000350,A00486,sjensen@robbins.com,Catherine,Ford,COO,2025-12-25T22:35:04,2025-11-16T14:49:21
CT000351,A00191,edward39@benitez.com,Stacy,Perez,Coordinator,2026-02-17T02:18:18,2025-07-14T20:45:15
CT000352,A01060,qburton@medina-schneider.com,Laura,Howard,Analyst,2025-03-29T04:42:06,2025-02-27T12:03:09
CT000353,A01168,sonia33@scott-thompson.net,Denise,Finley,Analyst,2025-10-02T20:10:19,2026-01-18T15:19:58
CT000354,A00047,robin08@obrien.com,Wendy,Mcclain,COO,2025-11-17T15:36:08,2025-10-31T02:35:22
CT000355,A01113,uhill@miller.org,Ryan,Craig,CFO,2025-12-02T02:14:29,2024-12-17T06:44:22
CT000356,A00187,jwolfe@west.com,Victor,Simpson,SVP,2026-01-13T14:55:53,2025-11-16T23:58:01
CT000357,A00137,grivera@wilson.com,Miguel,Anderson,SVP,2025-06-16T20:56:18,2024-04-26T14:32:26
CT000358,A00266,zwarren@rodriguez.com,Laura,Hernandez,SVP,2025-03-24T19:49:57,2025-03-15T13:38:14
CT000359,A01063,sscott@carpenter-andersen.com,Robert,Schwartz,Coordinator,2026-01-29T23:56:38,2025-12-22T21:21:51
CT000360,A00709,erica16@gilbert-reeves.com,Trevor,Chen,SVP,2024-08-03T00:08:03,2024-08-24T10:10:07
CT000361,A00035,matthew96@decker-brennan.com,Kara,James,Director,2025-12-06T17:58:06,2025-10-20T08:59:26
CT000362,A00461,zbrown@smith.net,Susan,Camacho,Manager,2025-06-24T17:54:59,2025-12-17T23:14:15
CT000363,A00646,frank52@garrison-bridges.info,David,Robinson,Manager,2025-07-23T16:27:12,2025-08-31T18:08:13
CT000364,A00794,pespinoza@bryan-freeman.com,Grace,Johnson,CFO,2025-09-27T21:44:49,2024-12-14T23:17:38
CT000365,A00897,vgomez@valdez.com,Tamara,Rivera,Analyst,2025-08-18T23:51:07,2024-05-21T08:06:29
CT000366,A01124,ruth13@perez.biz,Julia,Watson,COO,2025-07-02T17:58:21,2025-05-21T00:15:41
CT000367,A00672,james32@perry-robinson.com,David,Williamson,Director,2026-02-15T02:26:17,2026-02-28T01:47:17
CT000368,A01066,dianecrawford@olson-moore.com,Kyle,Bradshaw,Director,2025-03-03T19:44:29,2025-08-26T04:07:07
CT000369,A00080,gchase@dunn.com,Jo,Ramsey,Director,2026-02-06T19:02:17,2025-12-19T16:37:05
CT000370,A00597,sstewart@howard-robinson.org,Michele,Martin,Manager,2025-10-30T20:32:09,2025-08-31T19:57:36
CT000371,A00148,andrew34@reynolds-harper.com,Joyce,Benson,Manager,2024-12-24T00:24:09,2025-03-20T09:04:33
CT000372,A00259,aaron68@vargas.com,Zachary,Sanders,CFO,2025-06-24T02:42:57,2026-01-13T13:46:18
CT000373,A00288,adamgarrett@johnson.net,Tracy,Wilson,Manager,2025-12-30T00:38:39,2026-01-03T15:47:52
CT000374,A00962,ashleyacosta@smith.com,Tammy,Burton,CFO,2026-02-10T16:52:05,2026-01-21T20:14:16
CT000375,A00638,seth23@patterson.com,Amy,Jordan,Analyst,2025-06-07T10:14:53,2025-08-01T19:14:53
CT000376,A00250,hensonjohn@mcintosh.biz,Erica,Cherry,Manager,2025-05-30T18:14:38,2025-03-27T23:33:41
CT000377,A00186,iwatkins@casey.com,William,Collins,VP,2025-11-04T06:23:45,2026-02-28T12:15:17
CT000378,A00286,dawn73@johnson-aguirre.net,Kristen,Turner,SVP,2025-09-22T13:10:46,2025-10-19T14:06:57
CT000379,A00669,edecker@walker-martin.net,Lawrence,Russell,Analyst,2025-12-05T03:26:20,2024-10-16T14:43:57
CT000380,A00604,lorrainehall@petersen-beasley.com,Stephanie,Mcdowell,SVP,2026-02-17T06:00:34,2026-01-13T22:08:43
CT000381,A00850,matthewsavage@cobb.com,Yvonne,Garcia,Coordinator,2025-01-18T07:25:18,2025-10-08T01:00:56
CT000382,A00509,susanberry@johnson.com,Charles,Moore,VP,2025-11-17T11:52:42,2024-10-27T00:27:45
CT000383,A00654,bishopmichael@meyer.org,Robert,Williams,Coordinator,2026-02-21T23:40:42,2025-05-31T21:59:29
CT000384,A00526,nicholas33@garza.org,Joyce,Zimmerman,COO,2025-05-20T02:31:09,2025-09-18T23:31:58
CT000385,A00794,gpowell@rogers.biz,Lauren,Poole,CFO,2025-10-28T07:10:36,2024-12-03T04:13:40
CT000386,A00754,william95@powell-harris.info,Jared,Robinson,COO,2026-01-13T23:21:27,2026-01-04T08:06:16
CT000387,A00946,williamsjessica@bryant-james.biz,Lisa,Hernandez,Analyst,2024-01-09T00:04:47,2025-01-15T19:00:13
CT000388,A00127,whitney25@mcgee.com,Regina,Schultz,VP,2025-09-28T00:15:03,2025-08-13T04:43:32
CT000389,A00646,watkinsalexander@rodriguez.org,Maurice,Williams,Analyst,2025-09-11T06:24:17,2025-09-06T11:24:27
CT000390,A00809,nicholsjessica@davis-hughes.biz,Margaret,Curtis,Analyst,2025-05-31T18:50:53,2025-06-11T12:27:36
CT000391,A00856,cwilliams@green.info,James,Schaefer,CFO,2025-09-27T01:59:47,2025-05-15T19:17:01
CT000392,A00491,christopher35@dalton.com,Ronnie,Martin,COO,2025-05-01T09:19:26,2025-03-23T02:21:29
CT000393,A01092,erinwilkerson@ellis-glass.biz,Austin,Carr,Manager,2025-10-03T21:36:09,2026-01-18T07:03:00
CT000394,A00500,kimberly90@dodson.biz,Daniel,Perez,VP,2025-10-30T16:12:50,2025-02-18T18:42:08
CT000395,A00886,woodkenneth@hartman.com,Brian,Collins,Coordinator,2025-06-17T10:20:48,2024-09-29T15:19:53
CT000396,A00856,arogers@wright.com,Carla,Edwards,VP,2026-02-11T19:43:32,2025-03-02T17:01:12
CT000397,A00505,kgarner@rosario-ward.biz,Robin,Hines,SVP,2025-09-03T21:17:17,2024-11-25T01:00:04
CT000398,A00519,johnsmith@fischer.com,Guy,Johnson,Director,2024-12-04T13:33:57,2025-08-15T15:30:38
CT000399,A00478,anthony15@webb.org,Jennifer,Nelson,Director,2025-02-18T23:27:53,2025-03-07T19:24:19
CT000400,A00365,garciajulie@taylor-lopez.org,Kevin,Scott,Coordinator,2024-07-02T21:09:53,2024-06-12T12:37:26
CT000401,A01167,andrewglass@hanna-shea.org,Amy,Ward,VP,2026-03-01T16:27:36,2026-02-03T18:51:29
CT000402,A00058,eluna@roberts.com,Susan,Hernandez,Analyst,2026-02-27T09:32:55,2026-01-25T19:27:56
CT000403,A00950,robbinsstephen@snyder-walsh.biz,Jill,Mason,Analyst,2025-09-02T15:08:08,2025-03-21T23:05:20
CT000404,A00036,fking@browning.com,Rebecca,Martin,VP,2026-01-26T12:02:23,2026-02-11T14:37:18
CT000405,A00166,miranda55@doyle.com,Daniel,Carter,Manager,2025-02-11T14:20:33,2024-07-28T00:02:04
CT000406,A00779,snoble@kelley.com,Joe,Rollins,CFO,2025-05-11T09:29:23,2025-01-06T05:16:23
CT000407,A00796,angela60@rosales-santos.com,Kevin,Moore,SVP,2025-05-07T15:43:36,2025-06-10T16:52:02
CT000408,A00773,bradleyerica@lee.info,Audrey,Williams,Director,2024-07-20T00:51:43,2024-10-06T05:54:33
CT000409,A00915,stephanie08@smith.net,Keith,Nelson,SVP,2024-07-12T14:33:49,2026-01-02T12:45:04
CT000410,A01042,burtonpenny@brewer.com,John,Williams,SVP,2026-02-13T23:55:48,2026-01-07T04:42:56
CT000411,A00384,thomas80@tran.com,Renee,Brown,VP,2025-08-18T21:03:38,2024-11-15T11:46:52
CT000412,A00789,hollowayjoel@duarte-white.com,Michael,Walters,CFO,2026-01-29T07:10:11,2026-01-10T05:15:44
CT000413,A01031,martinezjoshua@morgan.org,John,Stephens,VP,2025-05-25T01:05:29,2025-04-11T09:09:25
CT000414,A00352,austin11@adams.org,April,Burton,Analyst,2024-09-27T01:58:57,2025-12-28T18:52:40
CT000415,A00053,paul65@knox.org,Jason,Oliver,Manager,2025-10-20T08:09:13,2025-12-04T17:12:41
CT000416,A00366,mcamacho@morrison-perry.com,Nathaniel,Morris,Director,2026-01-20T13:05:45,2025-10-08T08:49:21
CT000417,A00926,urichmond@williams.com,Robert,Lopez,COO,2026-02-24T22:30:09,2026-01-22T16:22:30
CT000418,A00667,jamesburke@zhang.com,Jennifer,Peters,Analyst,2025-08-02T04:45:59,2026-01-27T06:42:47
CT000419,A00312,flemingyolanda@daniels.com,Sarah,Rasmussen,Coordinator,2025-12-04T09:30:44,2025-08-08T02:17:25
CT000420,A01123,beasleystacey@porter.net,Clifford,Duncan,SVP,2025-11-08T06:41:37,2025-09-22T19:09:07
CT000421,A00041,carnold@steele.biz,Shelly,Hicks,Analyst,2026-01-15T01:07:33,2025-11-17T05:31:16
CT000422,A00121,sarah31@flores-harper.com,Jeffrey,Patel,Director,2025-01-23T03:27:37,2025-04-30T20:55:47
CT000423,A00678,tracykramer@reese.com,Michael,Gonzalez,SVP,2025-03-21T07:16:05,2025-12-23T16:07:48
CT000424,A00843,joshuamccarty@guzman.net,Nancy,Wright,CFO,2025-09-26T20:27:53,2025-07-11T02:23:57
CT000425,A00418,lisa72@griffith-smith.com,Kelli,Wade,Director,2025-05-20T03:32:25,2025-07-20T10:38:35
CT000426,A01064,adriana96@grimes.com,Ian,Walker,VP,2024-11-28T18:19:07,2025-04-19T02:30:26
CT000427,A01131,alexdurham@taylor.biz,Bruce,Rodriguez,Analyst,2025-08-17T13:05:35,2025-10-29T19:01:35
CT000428,A00025,williammorris@cox-williams.com,Connie,Davis,CFO,2026-02-01T00:40:50,2026-01-22T01:12:09
CT000429,A00064,ycharles@turner.biz,Dillon,Torres,CFO,2024-12-04T11:20:21,2025-12-16T19:46:23
CT000430,A01027,wsimpson@smith.com,Christopher,Mason,Analyst,2026-02-09T14:11:00,2025-12-02T13:01:00
CT000431,A00788,welchguy@english-williamson.com,Sara,Douglas,COO,2026-02-02T04:00:38,2026-01-18T04:54:23
CT000432,A00323,hgreen@howard.com,Travis,Garner,SVP,2025-02-16T19:52:26,2025-09-26T01:28:51
CT000433,A00263,ramoskaren@smith.info,Gregory,Howard,Manager,2024-07-22T12:45:51,2024-07-01T03:47:48
CT000434,A00040,paul37@moses.com,Amy,Franklin,Manager,2026-02-12T07:40:51,2025-08-17T07:08:10
CT000435,A00805,johnsonmariah@glass.com,Gregory,Mcintyre,Analyst,2026-01-06T05:15:22,2026-01-28T09:14:12
CT000436,A00949,larashane@conner-price.biz,Vicki,Anderson,SVP,2025-11-06T08:20:13,2025-12-26T13:44:54
CT000437,A00449,tiffany78@phillips-rodriguez.com,Jessica,Collins,CFO,2025-07-13T01:50:08,2025-07-04T15:45:19
CT000438,A00822,greg72@king-mccullough.com,Christian,Mckinney,Manager,2024-08-31T02:54:25,2024-10-19T16:10:16
CT000439,A00678,brian47@cummings.com,Ryan,Rodriguez,CFO,2026-02-07T12:58:11,2024-12-08T07:58:39
CT000440,A01130,mccoyalicia@malone-barnett.net,Courtney,Lester,SVP,2025-10-26T08:44:34,2025-11-26T06:36:27
CT000441,A00765,chenpatrick@vaughn.com,Shannon,Wheeler,Director,2026-02-28T18:24:44,2024-08-21T14:37:12
CT000442,A00025,torresdeanna@smith-owens.com,James,Williams,Manager,2025-12-25T11:06:22,2025-12-28T23:29:04
CT000443,A01011,gwilliams@bush.org,Amy,Brady,Director,2025-07-08T02:26:48,2025-01-25T06:44:55
CT000444,A00457,nbrown@sims-hall.com,Renee,Raymond,CFO,2026-02-23T22:42:34,2025-11-06T23:42:04
CT000445,A00201,zkoch@phillips.biz,Melissa,Bradley,CFO,2025-02-09T20:54:09,2024-09-20T22:39:10
CT000446,A00035,coreysmith@martinez-martin.com,Tiffany,Weber,Analyst,2025-12-24T07:17:09,2025-11-29T20:38:21
CT000447,A00222,bellkarla@pace-patel.com,James,Salinas,Director,2024-06-02T10:10:45,2026-02-10T17:00:03
CT000448,A00728,gcruz@tran.com,Craig,Wright,COO,2024-12-14T16:58:26,2024-07-23T20:20:28
CT000449,A01134,jennifer25@baker.info,Andrew,Miller,SVP,2025-12-13T21:11:17,2026-01-31T22:39:41
CT000450,A00593,ggardner@cardenas.com,Maria,Ramirez,COO,2025-10-15T08:38:55,2025-01-23T16:58:37
CT000451,A00234,atkinsonjacob@garcia.com,Scott,Kim,COO,2026-01-07T16:39:41,2026-02-23T18:26:32
CT000452,A00050,jeanette45@martinez.com,Katherine,Lee,Director,2024-12-23T05:45:26,2025-05-13T18:46:39
CT000453,A00801,russellheidi@randall-gibson.com,Shane,Davis,Analyst,2025-06-08T01:20:19,2025-12-26T12:17:57
CT000454,A00964,jill16@huynh-donaldson.com,Matthew,Chambers,VP,2026-02-08T09:39:17,2025-10-20T04:47:35
CT000455,A00814,gibbsdustin@hughes.biz,Brian,Wilson,VP,2025-12-19T02:57:32,2024-12-27T04:21:23
CT000456,A00717,torrestimothy@hobbs.com,Catherine,Mercer,Manager,2025-06-17T12:25:50,2026-01-26T02:30:41
CT000457,A00537,mark19@mccarthy-stewart.biz,Julian,Roberts,VP,2026-01-23T14:10:38,2025-10-17T05:07:15
CT000458,A01142,kelleyalexis@adams-smith.net,Mark,Walker,COO,2025-11-19T22:01:35,2025-04-06T13:01:10
CT000459,A00081,ortegacatherine@smith.org,Raymond,Rodriguez,VP,2025-11-14T12:14:04,2025-08-16T11:54:03
CT000460,A00010,valenciachristina@weaver.org,Heather,Perez,Manager,2025-02-13T08:53:03,2025-06-11T21:00:47
CT000461,A00057,hawkinsvictor@leblanc.com,Seth,Green,Analyst,2025-05-13T03:56:30,2025-08-29T00:42:43
CT000462,A00728,hendersontodd@ibarra-hamilton.com,Emma,Fox,SVP,2024-07-14T06:58:31,2025-07-21T15:53:39
CT000463,A00452,zjordan@nichols.com,Andrew,Sanford,Analyst,2025-07-06T12:19:01,2025-02-24T14:52:01
CT000464,A00412,dustin85@salazar-stokes.com,Molly,Rogers,Coordinator,2025-08-31T01:42:34,2026-01-17T12:46:19
CT000465,A01079,sarah15@ross.net,Matthew,Garcia,SVP,2026-01-20T16:26:12,2025-10-15T22:37:43
CT000466,A00687,millererika@joyce-nichols.com,Joseph,Mcneil,Coordinator,2025-03-16T00:44:44,2024-12-17T04:08:24
CT000467,A01140,darryl49@lin-chavez.info,Donna,Dominguez,Coordinator,2026-02-15T10:15:42,2026-02-22T08:52:12
CT000468,A00939,sduncan@taylor.com,Kathleen,Mitchell,Manager,2025-06-25T15:51:59,2024-02-08T20:41:22
CT000469,A00628,ginacastro@valdez.com,Steven,Sheppard,Director,2025-10-20T17:52:10,2024-06-22T02:48:26
CT000470,A00385,steven01@payne-carter.com,Connie,Jackson,VP,2026-02-09T11:58:39,2025-05-28T05:55:11
CT000471,A00647,nicole02@stone.net,Christina,Blanchard,Coordinator,2025-03-09T22:49:56,2025-11-26T09:40:01
CT000472,A00380,harrisdarius@cross-long.com,Joshua,Berry,SVP,2025-10-26T18:12:33,2025-10-13T08:56:05
CT000473,A00047,joanhenderson@ali.org,Kristen,Dawson,COO,2025-05-03T07:54:48,2025-05-06T10:41:48
CT000474,A01092,scottjackson@ramsey.com,James,Baldwin,VP,2025-10-16T15:17:19,2025-02-10T04:36:07
CT000475,A01032,scotttaylor@reynolds.com,Tara,Gilmore,Analyst,2025-08-25T04:09:30,2025-12-12T00:55:13
CT000476,A00012,coxbarbara@richmond.info,Mario,Allen,VP,2024-05-16T18:06:59,2025-03-06T10:32:48
CT000477,A00032,nicholas08@black.com,Anne,Black,Director,2025-09-25T08:13:57,2026-01-25T16:23:50
CT000478,A01010,dleblanc@hahn-norris.info,Edward,Evans,CFO,2025-11-24T02:08:39,2025-09-03T16:27:25
CT000479,A00115,wcortez@kent.biz,Rebecca,Pitts,Analyst,2024-08-18T16:43:01,2025-03-21T16:15:51
CT000480,A00679,shannongilbert@johnson.com,Aaron,Schwartz,Director,2025-08-22T14:25:37,2024-10-26T21:18:24
CT000481,A00178,veronicalane@ellison.net,Shelly,Alexander,Analyst,2026-02-10T10:01:31,2025-08-08T07:47:06
CT000482,A01011,hensleyleslie@barry.com,Tracey,Campbell,CFO,2025-10-09T07:55:29,2025-04-26T11:15:13
CT000483,A00490,williamsstephanie@berry.com,Wendy,Ruiz,CFO,2025-10-08T20:02:36,2025-11-07T20:57:41
CT000484,A00222,lisa09@duarte.com,Dylan,Johnson,Analyst,2024-09-26T05:41:17,2026-02-06T20:47:15
CT000485,A00597,danielhuffman@raymond.com,Kimberly,Lopez,Analyst,2026-02-14T10:55:01,2025-11-22T18:48:33
CT000486,A00575,igarcia@may.com,Michael,Clarke,Coordinator,2025-04-05T07:13:46,2025-11-09T19:01:10
CT000487,A00233,sandrawalsh@beasley.net,Miguel,Spencer,CFO,2025-10-28T15:47:05,2025-09-12T15:34:00
CT000488,A01191,jramirez@haynes.com,Amy,Moore,COO,2025-10-03T08:48:19,2025-12-31T11:41:26
CT000489,A01069,georgemedina@martin-cook.com,Rick,Moyer,SVP,2026-02-13T22:58:24,2026-02-08T19:10:25
CT000490,A00580,huynhwendy@graves.com,Lisa,Stephens,CFO,2025-12-15T03:09:30,2025-10-09T23:06:06
CT000491,A00482,robin66@gaines.com,Anthony,Jones,Analyst,2025-11-15T01:25:14,2026-02-20T23:31:00
CT000492,A01077,cochraneric@nelson.net,Daniel,Vazquez,CFO,2025-08-28T09:22:26,2025-08-28T03:21:17
CT000493,A01029,bryantgregory@johnson.org,Debra,Le,Manager,2025-10-05T05:58:14,2026-02-15T13:04:19
CT000494,A01110,fgross@hoffman-harrison.com,Eric,James,CFO,2026-02-11T19:19:07,2026-02-18T20:41:35
CT000495,A00401,bowerscarlos@hardin.com,Jonathan,White,VP,2025-11-18T11:49:32,2025-11-07T08:45:02
CT000496,A01018,julie40@cooper.biz,Justin,Avery,Manager,2024-05-29T03:42:07,2025-12-31T00:22:02
CT000497,A00595,tmcgee@thompson-hill.info,Rebecca,Taylor,Coordinator,2025-01-27T23:10:42,2025-09-24T03:26:19
CT000498,A01120,eleonard@hensley.com,Kyle,Price,CFO,2025-11-05T22:46:02,2025-11-29T03:02:40
CT000499,A00009,clarkjuan@dennis-alvarez.org,Colleen,Estrada,COO,2025-05-13T10:22:06,2026-02-08T04:25:12
CT000500,A00671,sgonzalez@farrell.com,Duane,Davis,Coordinator,2025-07-04T11:20:26,2025-10-13T17:10:18
CT000501,A00829,angel81@sheppard.biz,Lori,Harper,SVP,2025-03-17T17:08:44,2026-01-20T10:59:34
CT000502,A00065,simpsonjames@allison.com,Steven,Jefferson,Coordinator,2025-05-01T18:31:08,2025-01-15T01:23:02
CT000503,A00194,jessicathomas@brown-contreras.com,Elizabeth,Carroll,Manager,2024-11-13T12:01:01,2025-01-08T13:33:19
CT000504,A00209,mariahedwards@yates-wolf.biz,Jennifer,Roberts,COO,2025-10-31T14:56:31,2025-09-17T23:07:37
CT000505,A00177,ramirezwalter@duncan.com,Jeffrey,Campbell,VP,2024-05-31T04:37:52,2025-08-03T12:15:28
CT000506,A00558,roy66@munoz.net,Bobby,Davis,SVP,2025-10-14T11:53:23,2025-12-05T19:54:19
CT000507,A01044,cruzjohn@kelly-lane.info,Christine,Harper,Analyst,2025-01-08T21:43:38,2025-04-05T12:24:28
CT000508,A00091,patricia75@ramirez-keller.info,Nicholas,Walls,Manager,2025-08-15T12:10:51,2025-10-22T06:21:11
CT000509,A00542,tamara13@park-garcia.org,Kathy,Mueller,VP,2025-11-30T07:48:35,2025-08-15T05:55:56
CT000510,A00746,regina32@maxwell-martin.biz,Victoria,Scott,Manager,2026-02-20T20:37:12,2026-02-18T10:38:49
CT000511,A00183,james24@bolton.com,Raymond,Smith,Analyst,2026-02-23T14:40:08,2026-02-13T11:06:13
CT000512,A01116,ashley35@williams.com,Kathy,Frye,Manager,2025-11-11T16:47:24,2025-09-25T00:30:04
CT000513,A00486,robertojones@ross-brown.org,Elizabeth,Herrera,Analyst,2026-02-24T16:36:58,2025-04-21T15:42:29
CT000514,A00579,timothygomez@ellis.info,Veronica,Robinson,CFO,2025-05-12T20:40:03,2025-10-07T18:16:58
CT000515,A00480,christopher80@howard-schmitt.org,Martin,Barrett,CFO,2025-12-26T19:13:17,2025-11-14T03:11:13
CT000516,A00695,yolandanelson@rodriguez-bartlett.com,Benjamin,Swanson,COO,2025-10-07T13:44:11,2026-01-04T17:20:03
CT000517,A00840,gregory20@byrd.com,Vicki,Garcia,COO,2026-02-21T12:29:44,2026-02-07T23:55:00
CT000518,A01187,wardrenee@andrews-bruce.com,Ashley,Thompson,COO,2025-06-07T14:19:00,2025-08-22T11:45:01
CT000519,A01098,chad71@myers-morris.com,Nicholas,Williams,Analyst,2026-03-01T10:00:07,2026-02-27T00:20:23
CT000520,A00614,rodriguezthomas@harris.com,Ellen,Hernandez,SVP,2024-10-23T08:54:30,2026-02-11T14:42:04
CT000521,A00707,james36@walter.org,David,Riley,VP,2025-12-09T15:46:47,2025-12-02T17:30:45
CT000522,A00061,penamatthew@flowers-benitez.com,Nancy,Garcia,Analyst,2026-01-31T15:25:53,2026-02-10T11:27:16
CT000523,A01125,priscilla68@clements-gray.com,Tristan,Mendoza,VP,2025-07-31T11:13:48,2026-02-26T18:41:37
CT000524,A00868,davidclark@bell-hancock.com,Mark,Silva,Director,2025-08-29T10:18:30,2024-11-26T15:44:28
CT000525,A00784,omcintosh@gonzalez.com,David,Pratt,Coordinator,2025-12-17T13:33:27,2026-02-05T09:44:17
CT000526,A01138,cordovapriscilla@collins.biz,Noah,Price,COO,2025-01-01T22:59:59,2025-04-23T03:42:41
CT000527,A00309,choisandra@dudley-miller.com,Brittany,Best,COO,2024-06-03T00:35:00,2025-02-04T09:13:23
CT000528,A00510,alexis60@franco.biz,Jessica,Dominguez,Analyst,2025-02-09T23:48:06,2024-02-25T01:26:42
CT000529,A00189,coopertricia@carlson-campbell.info,Nathan,Montgomery,SVP,2025-06-09T23:28:40,2025-12-30T00:15:57
CT000530,A00222,bsolomon@phillips-rodriguez.com,Melissa,Lopez,Coordinator,2025-03-23T07:01:02,2026-01-12T22:29:40
CT000531,A00885,jasonbenson@kerr-hill.info,Michael,Mason,Analyst,2025-12-14T02:23:09,2026-02-03T08:48:42
CT000532,A01119,westmichael@nichols-rogers.com,Jose,Rojas,VP,2026-01-07T02:09:34,2025-08-02T07:12:03
CT000533,A01020,zhansen@davis-gonzalez.com,Katrina,Tucker,Coordinator,2024-12-29T16:03:07,2025-11-09T01:34:31
CT000534,A00833,nielsenadam@williams.org,Bryan,Glenn,CFO,2026-01-08T14:19:06,2026-01-06T23:26:01
CT000535,A00091,stephanie85@good-wright.biz,Richard,Lee,Director,2025-09-02T13:40:55,2026-01-26T14:17:21
CT000536,A00997,katherineyang@white.net,Barbara,Cook,COO,2024-10-27T16:36:40,2025-05-03T04:48:01
CT000537,A01092,qjohnson@white.com,Melanie,Howard,COO,2025-04-15T09:34:34,2025-09-18T16:08:56
CT000538,A00830,paulaperez@martin-wallace.com,William,Mcgee,Director,2025-01-07T17:09:22,2025-02-11T13:22:50
CT000539,A00217,reneepatel@martinez.org,Katherine,Reyes,CFO,2025-01-12T04:01:20,2025-02-01T17:18:54
CT000540,A01180,brian87@torres-marshall.com,Patrick,Daniels,Director,2025-11-29T00:11:22,2025-10-27T11:29:49
CT000541,A00718,johnporter@williamson.com,Joseph,Reese,Manager,2025-12-23T02:38:21,2026-02-02T09:26:29
CT000542,A00008,jessenguyen@sullivan.com,Jason,Vargas,VP,2025-01-02T19:00:48,2025-04-13T09:06:34
CT000543,A00599,elizabethvelasquez@price.biz,James,Warner,CFO,2025-04-30T14:04:53,2025-05-20T06:32:12
CT000544,A00360,christinegreene@phillips.info,Joshua,Tyler,CFO,2024-11-16T08:27:15,2025-09-13T09:29:25
CT000545,A01045,robert03@martinez.biz,William,Petersen,CFO,2025-08-02T08:34:44,2026-02-12T23:35:50
CT000546,A01026,brandi79@wiley.com,Catherine,Gutierrez,CFO,2025-02-23T22:46:29,2025-06-15T05:00:27
CT000547,A00939,tasha48@murray.org,Jessica,Bailey,Analyst,2026-01-18T20:58:18,2025-07-01T12:59:31
CT000548,A01121,lynndavid@matthews.biz,Kenneth,Shelton,Analyst,2025-08-16T00:58:43,2025-03-30T03:45:38
CT000549,A00273,gmartin@daniels.com,Bradley,Ayala,SVP,2025-05-19T03:30:52,2025-03-12T06:08:50
CT000550,A00342,sergio08@faulkner.org,Kristi,Rodriguez,COO,2024-12-17T23:58:05,2025-06-17T05:51:43
CT000551,A00694,michaelchase@fleming.com,Grace,Herman,VP,2025-10-12T11:07:18,2025-10-06T17:51:58
CT000552,A00742,stephaniedudley@drake.com,Cheryl,Davis,CFO,2026-02-15T03:34:11,2026-02-24T18:36:00
CT000553,A01125,saracamacho@cunningham.info,Raven,Walton,Manager,2024-06-13T03:03:10,2025-06-25T07:55:37
CT000554,A00081,lisa56@manning.net,Jeff,Frank,Director,2025-01-24T21:59:54,2025-03-11T19:37:01
CT000555,A00659,turnerbobby@lee.com,Diana,Martin,SVP,2026-02-19T07:36:17,2026-01-09T17:15:19
CT000556,A00345,bennettwilliam@oconnor.com,Sarah,Robinson,Director,2025-03-17T19:02:27,2024-08-12T14:42:30
CT000557,A00910,wyatt39@barrett.com,Christopher,Leon,Manager,2026-02-01T14:11:51,2026-02-17T15:03:12
CT000558,A00796,swalters@brooks-baker.com,Michael,Knight,Coordinator,2025-07-27T01:43:23,2026-02-06T23:10:42
CT000559,A00925,jessecannon@brown.org,William,Holmes,Director,2025-02-21T08:16:58,2025-10-13T21:49:37
CT000560,A00234,kimberly52@burke.info,Timothy,Johnson,Coordinator,2026-01-08T19:40:48,2026-02-11T09:11:09
CT000561,A00773,crystal84@castro-flores.com,Megan,Taylor,CFO,2025-07-07T15:37:46,2025-07-27T07:00:19
CT000562,A00817,morrisjessica@hardy.org,Daniel,Burke,VP,2025-08-03T08:20:13,2025-11-15T05:59:51
CT000563,A00659,pwest@diaz.com,Megan,Patterson,Analyst,2025-10-19T05:05:13,2026-02-18T01:04:54
CT000564,A00441,dustinwilliams@jones.com,Tammy,Kelly,Analyst,2025-12-11T12:57:40,2025-11-05T05:08:25
CT000565,A00809,mnorton@larson.com,Phillip,Gutierrez,SVP,2025-08-16T07:21:26,2025-07-10T02:38:55
CT000566,A00202,hutchinsonhannah@boone.biz,Jamie,Campbell,Coordinator,2025-02-02T13:06:18,2025-07-05T10:24:08
CT000567,A00753,pwilliams@lewis.com,Stephanie,Black,SVP,2026-01-31T17:09:15,2026-01-05T10:13:04
CT000568,A00889,andersoncourtney@carey-becker.com,Savannah,Scott,Coordinator,2025-12-23T09:45:50,2026-01-17T19:02:19
CT000569,A00257,cooktammy@schmidt.biz,Martin,Nguyen,Analyst,2025-04-01T12:12:18,2025-06-19T03:52:59
CT000570,A00792,williamfowler@gross-griffin.info,Joseph,Butler,COO,2026-01-15T20:33:03,2025-05-31T15:29:05
CT000571,A00601,sanchezkelly@farmer.net,Gerald,Rice,Director,2026-02-27T17:47:27,2026-01-11T12:23:16
CT000572,A00442,pittmannathan@miller-chapman.org,Sean,Morgan,Director,2025-11-01T11:59:01,2025-08-05T04:12:23
CT000573,A00695,munozbrandon@fry-shea.com,Laurie,Holt,COO,2026-01-24T09:49:05,2025-10-07T01:30:29
CT000574,A01169,bowmanerin@marsh.com,Collin,Singleton,Manager,2026-02-27T08:54:09,2026-02-03T22:01:20
CT000575,A01187,connie24@johnson.com,Brian,Cox,Coordinator,2025-05-16T10:47:50,2024-12-04T06:28:06
CT000576,A01061,wilsonsandy@mccann.com,Daniel,Tate,Analyst,2025-07-15T18:40:31,2026-02-25T18:36:09
CT000577,A00441,cynthia15@thomas.com,Mark,Carrillo,VP,2026-02-12T03:03:45,2025-12-08T01:28:28
CT000578,A01103,zjohnson@glover-strong.com,Tracy,Farley,CFO,2026-02-05T16:49:20,2026-01-21T20:38:05
CT000579,A00327,dreyes@sandoval.com,Patrick,Smith,VP,2026-02-23T18:43:43,2026-01-31T03:49:55
CT000580,A00993,noblejennifer@dawson.com,Michael,Davis,SVP,2025-10-07T18:53:27,2025-03-28T07:34:55
CT000581,A00775,gregoryblair@carey.com,Donna,Hardy,Analyst,2025-07-03T15:53:33,2025-09-28T04:26:17
CT000582,A00611,gibsonandrew@barr.com,Manuel,Garcia,COO,2024-04-30T23:25:07,2025-01-09T20:41:03
CT000583,A00300,joannalin@rodriguez-barrera.com,Eric,Roberts,Manager,2025-09-10T13:01:21,2024-12-18T07:20:02
CT000584,A01187,jonessarah@carter.com,Devon,Dennis,Director,2026-01-31T17:49:25,2024-11-17T03:44:54
CT000585,A00055,morgancruz@dominguez.info,John,Harris,Coordinator,2024-05-17T21:29:27,2025-07-31T00:14:19
CT000586,A00294,ifrench@russell-baldwin.biz,Tanya,Kaiser,SVP,2025-12-14T01:32:08,2026-01-31T06:30:19
CT000587,A00616,mark68@abbott.com,Natalie,Harvey,COO,2024-12-20T12:09:08,2026-01-13T11:02:41
CT000588,A00574,lbradley@rivera-garcia.com,Brooke,King,SVP,2025-09-07T14:27:10,2025-06-13T18:35:53
CT000589,A00045,lori94@robinson.com,Mark,Mathews,Analyst,2026-02-28T23:43:20,2026-02-28T00:04:25
CT000590,A00755,john02@brown.com,Natalie,Mueller,Coordinator,2025-08-29T14:03:28,2024-12-16T18:37:08
CT000591,A00265,rholloway@valdez.com,Angela,Smith,CFO,2026-02-17T10:07:06,2026-02-16T02:16:18
CT000592,A01008,murillowilliam@ortiz-jensen.com,Anthony,Jones,Director,2024-11-17T09:11:34,2025-08-15T10:54:40
CT000593,A01122,nealkatelyn@rice-rodriguez.com,Justin,Smith,COO,2025-12-19T06:57:44,2025-09-25T23:06:49
CT000594,A00038,joshua44@vincent-hall.com,Michael,Harrison,Director,2025-10-08T14:24:24,2025-09-07T05:28:39
CT000595,A00100,mcphersonrenee@hart.com,Susan,Miller,Manager,2024-11-09T13:04:22,2025-04-06T01:39:32
CT000596,A00016,michael26@villanueva-fox.com,Chad,Peterson,CFO,2026-01-04T19:55:05,2025-09-25T07:37:56
CT000597,A00315,evansryan@humphrey.net,Zoe,Weaver,Analyst,2025-06-22T17:07:03,2025-02-20T07:12:19
CT000598,A00232,tmay@cobb.info,Gabriel,White,CFO,2025-05-15T18:12:07,2025-12-19T15:19:46
CT000599,A00721,mark69@cohen.org,Jesse,Mitchell,VP,2025-08-08T02:27:23,2025-11-29T16:06:05
CT000600,A01082,bowenjennifer@harris-ford.com,Brittany,Pollard,CFO,2026-02-03T18:48:05,2025-11-23T12:53:43
CT000601,A01105,youngsusan@wright-davis.com,Lisa,Flores,SVP,2025-09-05T07:52:54,2025-12-18T19:09:34
CT000602,A00020,kimberlyterrell@hodge-carpenter.com,Mark,Stephens,Director,2025-09-01T07:39:57,2025-08-24T21:34:08
CT000603,A00437,nealmichael@garrett.com,Benjamin,Smith,Coordinator,2025-11-14T02:31:51,2026-01-13T20:54:11
CT000604,A00718,sandra67@perez.org,Lisa,Mayer,SVP,2025-11-16T06:04:05,2026-01-29T10:47:32
CT000605,A00924,garciatanya@davis.com,Scott,Wyatt,VP,2025-10-23T01:34:18,2025-08-25T08:42:11
CT000606,A00438,nguyentiffany@knapp.info,Virginia,Williams,Manager,2025-07-12T05:06:44,2026-02-16T23:11:34
CT000607,A00918,miguelschwartz@sullivan-moran.biz,Timothy,Wright,VP,2026-02-28T03:16:22,2026-02-10T14:02:41
CT000608,A00923,pamela96@johnson-cardenas.info,Kristen,Thompson,CFO,2025-08-01T07:13:11,2025-04-26T04:20:37
CT000609,A00478,wlewis@combs-clark.com,Michael,Wilson,CFO,2025-09-26T09:12:09,2026-02-05T22:17:18
CT000610,A01022,darrellphelps@arellano.org,Patrick,Prince,Analyst,2025-11-11T19:11:11,2024-11-28T14:32:41
CT000611,A00552,timbaker@elliott.com,Randy,Nguyen,Manager,2024-04-01T10:46:57,2024-04-06T17:37:35
CT000612,A00673,kelly06@rose.org,Charlene,Marks,Coordinator,2025-10-28T23:03:47,2025-07-22T22:47:05
CT000613,A00556,chadjones@perez.com,David,Mendoza,COO,2026-03-01T14:10:15,2026-02-02T12:37:15
CT000614,A00847,wendy48@butler-berg.com,Justin,Perry,CFO,2025-10-30T23:02:29,2025-11-29T16:23:04
CT000615,A00236,angel44@sullivan.com,Roger,Keller,CFO,2025-12-25T09:40:13,2026-01-13T13:30:56
CT000616,A00745,state@tucker.com,Jeffrey,Alexander,Coordinator,2025-01-24T11:18:57,2025-11-27T00:56:39
CT000617,A00668,scottmary@baker-martinez.com,Kaitlyn,Williams,Coordinator,2026-01-15T03:28:17,2026-01-02T10:26:12
CT000618,A01011,rsmith@johnson.biz,Brittney,Smith,SVP,2025-08-02T01:07:33,2025-05-22T03:45:20
CT000619,A00040,jenniferestrada@burton.net,Nicole,Shaw,Manager,2025-10-13T00:00:25,2025-10-03T09:02:37
CT000620,A00952,rpatrick@tapia.com,Jimmy,Nixon,COO,2025-09-29T05:56:41,2026-02-02T18:10:24
CT000621,A00823,jpitts@gray.biz,Kimberly,Lowery,VP,2026-01-18T07:48:24,2025-08-24T17:49:07
CT000622,A00058,nperez@wu-boyd.biz,Terri,Davis,CFO,2026-02-02T18:29:28,2026-01-31T09:59:08
CT000623,A01118,jennifer08@kramer-morris.com,Barbara,Joseph,Analyst,2025-08-06T16:45:32,2025-05-20T01:28:58
CT000624,A01148,bbell@french-richards.com,Douglas,Brown,Director,2025-04-03T14:23:22,2024-10-31T06:48:50
CT000625,A00586,donald17@palmer.com,Elizabeth,Jordan,Director,2025-12-20T07:53:13,2025-11-05T22:20:40
CT000626,A00401,michelereeves@taylor-johnson.com,Kelsey,Scott,Director,2025-11-12T05:14:10,2026-01-10T00:52:03
CT000627,A01111,shelley71@robinson.com,Angela,Haynes,Manager,2026-01-09T03:45:10,2026-01-23T08:39:15
CT000628,A00933,jclark@perez.com,Erin,Yu,Coordinator,2024-07-23T20:22:43,2025-09-06T04:08:05
CT000629,A00590,xjohns@mora.com,Stephanie,Schneider,VP,2024-05-17T11:04:06,2024-04-06T17:34:56
CT000630,A00520,adrianhawkins@walls.biz,Frederick,Campbell,Director,2026-02-08T19:34:36,2025-08-09T01:24:26
CT000631,A01193,sandra61@franco.biz,Tanya,Pruitt,CFO,2025-09-15T22:53:14,2024-12-24T12:53:06
CT000632,A00063,armstrongjulia@mcguire.net,Cheryl,Baldwin,Coordinator,2024-08-20T00:35:46,2024-09-30T09:43:22
CT000633,A00524,bnguyen@ayala-evans.com,Elizabeth,Tran,VP,2025-10-11T00:25:34,2025-02-11T02:30:47
CT000634,A00503,dhansen@olsen.com,Paul,Jones,Coordinator,2025-12-15T15:46:01,2026-02-09T08:38:42
CT000635,A00633,cameron26@maynard.org,Erica,Anderson,CFO,2025-08-28T04:18:38,2025-10-14T21:38:41
CT000636,A00088,murphyjennifer@moore.org,John,Ballard,SVP,2026-02-13T07:36:07,2026-02-12T00:03:28
CT000637,A00405,cclark@hughes.net,Bridget,Guzman,COO,2025-07-31T09:05:44,2025-05-15T10:43:35
CT000638,A00740,stacey37@montes.com,Dawn,Smith,SVP,2024-03-07T23:57:04,2025-01-30T04:59:39
CT000639,A00158,mitchell07@schmitt.org,Veronica,Garner,CFO,2024-02-28T13:15:48,2024-12-15T09:07:40
CT000640,A00933,tylerbaker@benson-lee.com,Shelley,Michael,COO,2025-07-04T16:40:21,2024-11-19T00:17:19
CT000641,A00038,jessica52@lowery.org,Jasmine,Lamb,CFO,2025-12-15T14:49:56,2025-12-04T20:37:32
CT000642,A00776,williambolton@green.biz,Jill,Hernandez,Manager,2025-08-09T20:52:25,2025-03-02T04:40:19
CT000643,A00152,allison61@clark.com,Alex,Patterson,Analyst,2024-09-30T10:00:34,2026-01-11T11:05:55
CT000644,A00286,danielmartinez@lyons.biz,Taylor,Watts,Manager,2025-09-12T14:16:57,2025-12-20T20:45:06
CT000645,A00509,huntjulia@landry.com,Jessica,Thompson,COO,2024-06-01T13:47:50,2025-10-07T16:23:11
CT000646,A00515,charleswilson@black.org,Andrea,Bates,Director,2025-12-19T13:42:26,2025-09-25T10:44:36
CT000647,A00677,romerobrenda@dyer.com,Carolyn,Morrow,Analyst,2025-11-17T20:04:36,2025-12-28T08:25:23
CT000648,A00375,zacharybanks@mccoy.net,Shelly,Cain,COO,2024-11-26T20:33:09,2025-05-14T13:38:02
CT000649,A01071,martinmichele@hernandez.net,Cynthia,Gardner,VP,2026-02-14T16:28:40,2025-12-28T02:51:44
CT000650,A00133,joel58@white-daniels.com,William,Hoffman,SVP,2026-02-13T13:50:34,2025-09-07T07:32:36
CT000651,A01167,tiffany87@hopkins-wilkins.biz,Vincent,Ellis,Manager,2025-12-05T04:41:02,2026-02-10T15:45:19
CT000652,A00079,lcarroll@campbell-green.com,Sarah,Douglas,Director,2024-07-20T17:37:37,2024-09-17T13:21:41
CT000653,A00903,rnelson@vaughn.com,Gina,Ruiz,Director,2025-03-22T23:42:59,2025-07-06T02:39:01
CT000654,A01000,barbaraaguirre@scott-thomas.com,Sara,Bowman,CFO,2025-06-02T17:57:54,2025-07-23T05:20:33
CT000655,A00389,davissteven@ray.biz,James,Nunez,Coordinator,2025-07-17T05:01:32,2025-11-15T11:08:51
CT000656,A00806,rogerscindy@duran-brooks.net,Jennifer,Rodriguez,Director,2025-06-14T15:18:53,2025-07-19T12:03:11
CT000657,A01133,deleonmary@jefferson.com,John,Gibson,CFO,2025-10-15T07:30:53,2025-12-06T02:05:53
CT000658,A00686,denisejackson@lee-green.info,Brian,Caldwell,COO,2025-12-19T01:43:38,2025-10-03T04:54:28
CT000659,A00227,dorseymichael@gray.com,Kevin,Coleman,Analyst,2025-02-08T20:32:23,2025-09-01T15:48:29
CT000660,A00559,april49@warren.com,Thomas,Williams,SVP,2025-05-05T17:59:16,2024-08-05T16:23:10
CT000661,A00092,cruzcody@mcmillan.com,Margaret,Morgan,VP,2026-01-18T02:38:33,2025-08-22T14:09:26
CT000662,A01124,wsmith@cook.org,Kimberly,Werner,Director,2025-10-08T10:30:27,2025-12-14T05:49:45
CT000663,A00745,larsonkevin@graham.com,Amanda,Cain,COO,2025-08-16T04:33:11,2026-02-11T09:06:52
CT000664,A00409,amanda61@rodriguez.com,Scott,Mills,SVP,2025-10-27T23:52:25,2025-10-28T01:16:10
CT000665,A00299,ryanlewis@george-shelton.com,Rhonda,Carpenter,SVP,2026-02-18T21:38:10,2025-11-16T18:33:25
CT000666,A01181,ohahn@hartman.org,Holly,Hines,SVP,2025-12-05T04:44:18,2025-02-17T19:22:18
CT000667,A00763,bmcdonald@pacheco-king.com,Kenneth,Smith,Manager,2025-12-08T11:30:04,2025-07-07T13:10:25
CT000668,A00671,vbrown@clarke-rodriguez.com,Jamie,Ochoa,COO,2026-01-14T05:51:34,2025-02-15T11:31:27
CT000669,A01180,michelle31@hardy-hester.info,Holly,Dean,CFO,2025-12-25T10:57:04,2025-12-07T13:58:23
CT000670,A01010,gdominguez@petty.com,Kathryn,Myers,Analyst,2024-12-13T08:12:03,2025-09-10T19:22:14
CT000671,A00703,mckenziebrandon@mcgee-richard.com,Patrick,Orr,VP,2024-04-30T17:36:55,2024-09-14T03:55:41
CT000672,A00938,samanthawilliams@frye.com,Terry,Robertson,CFO,2026-01-07T07:02:20,2025-12-27T16:46:59
CT000673,A00653,robert05@taylor-brady.com,Christopher,Barnes,COO,2025-08-27T08:34:13,2025-04-08T21:32:35
CT000674,A00560,terryross@turner.com,Justin,Gonzales,Director,2025-09-13T15:06:38,2025-04-02T15:18:11
CT000675,A01163,gsharp@bartlett.com,Steven,Lucas,CFO,2024-12-16T16:54:42,2025-06-10T19:29:47
CT000676,A01197,hamptonkaren@nelson.com,Steven,Hale,CFO,2026-02-15T12:42:58,2026-02-19T03:53:56
CT000677,A01107,jason94@hall-griffin.com,Amanda,Schwartz,SVP,2026-01-31T11:55:46,2025-11-25T09:54:52
CT000678,A00861,wwalsh@stewart.info,Tammy,Monroe,Director,2026-01-10T14:44:22,2025-11-21T12:06:50
CT000679,A00651,marvin14@werner.info,Caitlin,Harris,Analyst,2026-02-17T18:14:17,2025-08-12T08:42:42
CT000680,A01064,ramosdavid@coleman.com,Gabriela,Ramsey,CFO,2025-12-08T01:03:19,2025-03-20T02:34:54
CT000681,A00678,michael23@sanchez-vega.info,Shannon,Miles,CFO,2024-08-16T00:47:48,2025-09-02T01:12:00
CT000682,A00648,nelsondakota@rogers.biz,Christopher,Foster,SVP,2025-11-22T07:48:24,2025-10-15T08:33:25
CT000683,A01143,edwardrichardson@ross.net,Stephen,Flores,Manager,2025-12-08T23:27:20,2026-02-03T16:30:38
CT000684,A00267,sherri84@cameron.com,Carlos,Smith,Analyst,2025-03-26T00:57:40,2025-02-17T17:25:38
CT000685,A00733,hgarza@cook.org,Richard,Butler,Analyst,2025-11-12T22:16:04,2024-11-26T15:01:28
CT000686,A00394,kmcdaniel@carson.com,Trevor,Medina,SVP,2025-09-22T07:55:42,2025-11-02T01:48:52
CT000687,A00149,paulespinoza@christian.com,Jennifer,Bradley,Manager,2025-03-19T02:07:32,2025-01-11T12:40:03
CT000688,A00282,lisaporter@ray.com,Abigail,Hobbs,COO,2026-02-15T01:49:24,2025-11-23T05:59:45
CT000689,A01064,steinjaime@ramirez.com,Christopher,Cook,Manager,2025-06-14T19:28:57,2025-05-17T08:53:59
CT000690,A00968,jennifermann@rowe-olson.com,Sara,Jenkins,COO,2026-01-10T00:49:21,2026-02-28T15:51:19
CT000691,A00535,jessicafranco@walls.com,Andrew,Torres,VP,2024-08-13T11:02:41,2024-10-14T17:02:56
CT000692,A00277,howens@gallegos.com,Karen,Kline,Director,2026-02-16T01:04:33,2025-09-13T04:26:00
CT000693,A00457,jose42@johnson.org,Jill,Walker,COO,2025-08-07T01:07:07,2025-05-09T12:53:34
CT000694,A00085,dorothyglenn@schmitt.com,James,Gordon,SVP,2026-01-11T00:47:46,2025-08-22T01:37:03
CT000695,A00300,mccormickjohn@murray.org,Eric,Arnold,Coordinator,2025-03-05T07:09:26,2025-12-23T20:54:26
CT000696,A01140,margaret96@carrillo.com,Jesus,Marshall,Analyst,2026-02-20T11:25:19,2026-02-22T01:40:40
CT000697,A00212,thompsonedward@taylor-holloway.com,Laura,Frazier,Coordinator,2024-10-24T22:30:37,2025-07-17T04:41:22
CT000698,A00446,riveraadam@hernandez.com,Jerry,Davidson,VP,2024-08-27T00:10:04,2024-12-10T19:41:53
CT000699,A00654,youngmegan@marshall.com,Paul,Parker,CFO,2025-12-23T04:01:30,2026-01-11T13:57:16
CT000700,A00930,jramirez@nicholson.com,Michael,Gonzales,Analyst,2026-02-04T18:13:09,2026-02-06T13:59:07
CT000701,A00815,gregorymurillo@johnson.net,Dennis,Anderson,Analyst,2026-02-03T15:02:07,2025-08-10T14:53:51
CT000702,A00437,joseph91@williams.com,Aaron,Watson,SVP,2025-09-20T09:05:40,2025-10-19T13:09:07
CT000703,A01161,hbrown@lopez.biz,Joshua,Garcia,Coordinator,2025-03-11T23:36:32,2025-02-19T21:41:33
CT000704,A00658,donaldsondavid@white.com,Jeffrey,Joseph,Coordinator,2025-07-21T20:05:27,2026-01-01T20:36:44
CT000705,A00497,julieray@miller.com,Harold,Humphrey,Analyst,2025-11-14T23:06:31,2025-09-24T12:35:10
CT000706,A00571,jennifermolina@robinson.com,Sara,Fernandez,COO,2025-12-29T02:56:49,2025-03-21T21:07:23
CT000707,A00397,campbelljacob@stewart.com,Cory,Adams,CFO,2025-10-21T00:58:05,2025-10-09T09:21:55
CT000708,A00411,longchristopher@wolf.com,Jeffrey,Thomas,SVP,2025-11-17T00:18:43,2025-11-18T03:31:12
CT000709,A00841,smithcheryl@may.net,Christopher,Carter,Analyst,2025-09-24T10:37:05,2025-03-26T20:10:33
CT000710,A00278,cynthiapittman@delgado.com,Colleen,Duncan,COO,2025-10-29T02:14:07,2025-11-30T16:33:13
CT000711,A00912,washingtonjohn@rodriguez.com,Daniel,Hill,CFO,2025-10-25T14:02:05,2025-11-17T00:06:27
CT000712,A00233,jessicacervantes@griffin.com,Sherry,Smith,Manager,2025-12-20T18:19:10,2025-12-08T22:15:20
CT000713,A01111,emily88@briggs.com,Elizabeth,James,VP,2026-02-09T11:15:28,2025-07-04T19:19:09
CT000714,A00542,deborahjohnson@jensen.com,Janice,Lee,Director,2026-01-21T12:22:39,2025-11-19T18:57:20
CT000715,A00978,dustin93@bryant.com,Brett,Lutz,Coordinator,2025-07-14T00:35:00,2025-12-20T18:20:35
CT000716,A00620,nicholas67@moran.com,Patricia,Thomas,VP,2026-01-14T21:33:08,2024-07-11T20:21:51
CT000717,A00092,linda01@johnson.info,David,Salinas,Coordinator,2026-01-23T06:00:32,2025-10-17T19:44:44
CT000718,A00733,deborahmartin@aguilar.com,Allen,Hawkins,SVP,2025-09-07T04:42:52,2025-04-18T03:34:58
CT000719,A00756,bmaynard@andrews.com,Lori,Thomas,Analyst,2024-12-02T17:40:37,2025-04-26T07:19:52
CT000720,A00625,keith40@powell.biz,Michelle,Floyd,Manager,2025-09-16T05:51:24,2025-11-04T19:34:47
CT000721,A01104,luis01@hogan-goodman.com,Gabriel,Salinas,COO,2025-06-14T18:14:23,2025-06-17T08:37:39
CT000722,A00703,april90@smith-cook.org,Amy,Mccarthy,SVP,2024-01-28T14:21:55,2024-12-07T09:23:12
CT000723,A00748,campbellthomas@peterson.biz,Kevin,Parsons,VP,2025-04-07T07:41:46,2025-06-06T00:36:07
CT000724,A01106,bridgesdustin@jackson.net,Cody,Colon,SVP,2025-07-02T16:44:36,2025-11-26T15:54:19
CT000725,A01013,josephmurillo@lee.com,Andrew,Walsh,Analyst,2025-11-28T04:27:31,2025-11-29T04:35:10
CT000726,A00895,gguzman@pearson.com,Renee,Dunlap,SVP,2026-02-15T18:33:59,2026-02-21T12:33:56
CT000727,A00205,grace05@green-mendez.com,Tina,Scott,Director,2025-11-16T18:35:48,2024-10-06T01:53:22
CT000728,A00807,petersonlindsey@kelly-jensen.com,Christian,Ochoa,Manager,2025-12-19T07:06:19,2025-10-14T18:52:10
CT000729,A01015,holly95@king.com,Michelle,Bush,Analyst,2026-02-24T20:32:24,2026-02-28T21:13:16
CT000730,A00201,karismith@ramirez-diaz.org,Christopher,Webster,CFO,2025-12-17T15:10:14,2025-08-16T07:41:24
CT000731,A01123,charlesgarcia@oneal-hudson.com,Sarah,Silva,VP,2026-01-22T10:47:45,2026-01-16T09:57:41
CT000732,A01194,regina28@taylor.org,Matthew,Mason,Manager,2024-05-17T20:16:53,2025-02-14T15:23:33
CT000733,A00592,sfritz@gonzales.biz,Judith,Smith,SVP,2025-03-31T17:56:26,2026-02-24T16:01:23
CT000734,A00066,christina55@bradley.info,Amanda,Craig,Director,2025-12-20T14:19:20,2025-02-18T03:21:11
CT000735,A01139,carlos63@tran.com,Alexander,Griffith,Coordinator,2025-10-23T02:33:47,2025-10-12T23:05:51
CT000736,A00565,jennifer92@garcia-garcia.net,Brittany,Hutchinson,Director,2024-07-17T00:48:12,2024-06-09T01:15:21
CT000737,A00934,gmoore@hamilton.com,Maria,Massey,VP,2026-02-16T21:30:20,2025-08-06T14:40:11
CT000738,A00102,owalker@parrish-smith.com,Lori,Hess,COO,2024-08-30T04:17:39,2024-11-24T17:31:56
CT000739,A00764,luisfarrell@miller.com,Alexander,Estrada,Analyst,2025-03-18T01:45:43,2024-02-20T04:38:32
CT000740,A00878,mary56@mitchell.info,Whitney,Peterson,Coordinator,2025-12-21T20:22:46,2025-09-18T16:04:18
CT000741,A00986,hannahlee@flowers.info,Molly,Green,COO,2025-09-29T03:29:55,2025-11-22T05:53:54
CT000742,A00469,douglasdavid@knapp-cox.biz,Karen,Winters,SVP,2026-02-05T02:35:36,2026-02-08T06:32:35
CT000743,A00213,zcollins@sanchez.com,William,Wilson,SVP,2024-05-30T03:31:43,2024-06-05T21:34:15
CT000744,A00557,millerroberto@stevens-price.com,Christina,Costa,COO,2024-10-25T13:38:24,2025-05-28T17:32:48
CT000745,A00985,patricia62@collins.biz,Caroline,Jackson,Coordinator,2025-04-27T17:31:37,2025-06-03T19:15:05
CT000746,A01058,christopher62@rose.com,Scott,Mccoy,SVP,2025-12-25T06:59:08,2025-12-17T00:26:54
CT000747,A00173,porterjason@wright.com,Stephanie,Fry,VP,2025-05-13T22:35:01,2025-08-16T05:56:29
CT000748,A00027,xwoods@williams.com,Benjamin,Murphy,Coordinator,2025-12-12T10:53:32,2026-02-09T11:24:36
CT000749,A00448,pattersonjodi@alvarado.net,Courtney,Walsh,Analyst,2025-01-07T16:31:47,2025-05-28T22:15:57
CT000750,A00882,trodriguez@turner-kramer.info,Nicholas,Sheppard,Coordinator,2025-02-01T01:51:21,2024-10-01T05:18:03
CT000751,A00803,melissa64@lloyd-johnson.biz,Nancy,Harris,Director,2025-12-06T01:35:40,2025-09-24T22:54:44
CT000752,A01136,nicoleanderson@sullivan-thomas.com,Ruth,Faulkner,Coordinator,2025-08-31T01:12:54,2025-12-15T07:23:00
CT000753,A00545,christopherwalker@adkins-rogers.biz,Robert,Hall,VP,2025-09-23T18:11:21,2025-02-07T13:04:30
CT000754,A00752,grayerin@huynh.info,Erin,Todd,CFO,2024-06-02T11:54:16,2024-06-05T16:59:34
CT000755,A00767,robertmarquez@jones-green.biz,Robert,Schwartz,VP,2025-09-05T21:32:28,2025-06-22T01:09:04
CT000756,A00357,afuller@johnson-moore.biz,Daniel,Reeves,Analyst,2025-07-02T20:05:13,2025-12-27T18:36:50
CT000757,A00023,lisascott@thornton.info,Grant,Norris,VP,2025-03-23T04:59:13,2025-10-03T21:32:45
CT000758,A00582,gibsonjoseph@kerr.net,Daisy,Johnson,SVP,2025-05-09T21:41:18,2025-06-28T03:59:54
CT000759,A00920,samantha78@stuart.com,April,Juarez,VP,2025-08-20T14:26:41,2025-06-08T14:52:34
CT000760,A00877,ocooley@allen.biz,Tara,Smith,COO,2026-01-10T00:28:59,2026-01-04T09:18:41
CT000761,A00639,malloryholland@williams.net,James,Rhodes,VP,2025-03-23T14:02:31,2025-11-27T03:14:41
CT000762,A00494,sandersrichard@parker.net,Stephanie,Diaz,CFO,2025-10-26T18:39:09,2025-11-18T07:58:15
CT000763,A00674,brownmegan@acevedo.info,Nancy,Rice,Manager,2025-07-08T17:39:37,2025-12-22T10:07:05
CT000764,A00325,angelarios@fitzpatrick.com,Kayla,Davis,COO,2026-02-18T21:55:00,2025-11-10T08:08:12
CT000765,A00668,zjones@may.com,Ray,Murphy,Manager,2025-10-25T20:10:24,2025-11-04T11:49:28
CT000766,A00955,james61@lamb.com,Kristen,Hartman,Coordinator,2026-02-26T19:57:58,2026-01-27T12:25:45
CT000767,A00233,edwardsdenise@cowan-frazier.net,Jenna,Washington,SVP,2025-11-17T12:45:20,2025-12-06T00:23:28
CT000768,A01059,kimberly02@hines-sanchez.info,Carl,Lewis,CFO,2026-02-24T02:36:17,2026-02-10T08:08:21
CT000769,A00328,stephenbarker@caldwell-avila.com,Gina,Rogers,Coordinator,2025-11-10T04:40:20,2026-02-02T00:34:23
CT000770,A00275,petersonjessica@pearson.org,Julie,Morris,Manager,2025-03-20T11:19:50,2025-11-27T08:28:44
CT000771,A00192,rjones@gomez.com,Maria,Richardson,CFO,2024-03-04T21:18:27,2025-03-10T06:16:53
CT000772,A00154,bcoleman@williams.com,Zachary,Miller,VP,2026-02-22T09:41:09,2026-02-19T16:35:01
CT000773,A01031,mariahwilliamson@perez-davis.info,John,Webster,Analyst,2024-09-12T13:00:10,2025-11-13T15:41:47
CT000774,A00103,victoriacastro@foster-soto.biz,Ashley,Walters,Coordinator,2025-10-16T00:52:20,2025-07-01T19:27:44
CT000775,A00402,uwilliams@yoder.com,Mckenzie,Sanchez,SVP,2025-01-02T06:48:22,2024-11-27T01:06:33
CT000776,A00226,davidallison@lynch.com,Richard,Martinez,SVP,2025-05-07T02:05:03,2026-02-27T19:28:53
CT000777,A00815,joselee@benjamin-davis.com,Allen,Rollins,COO,2025-05-29T01:10:52,2025-11-08T13:27:55
CT000778,A00104,icollins@robinson.biz,Aaron,Gordon,CFO,2025-06-10T11:44:42,2025-11-17T02:35:53
CT000779,A00538,ymiranda@alvarado.com,Mitchell,Collins,CFO,2025-10-19T19:57:06,2026-01-26T14:10:05
CT000780,A00799,nicole31@cameron.com,Tim,Smith,Coordinator,2026-02-25T12:35:34,2026-02-14T20:15:35
CT000781,A00885,kwilliams@marshall-baker.com,Tonya,Willis,CFO,2025-12-31T03:42:22,2025-10-30T00:49:42
CT000782,A00938,joshuabenton@mora-russell.com,Shelby,Cox,Analyst,2025-05-30T12:27:28,2025-05-21T01:32:52
CT000783,A00220,yclark@russell.com,Karen,Chambers,Director,2025-03-01T17:42:00,2025-12-01T02:11:46
CT000784,A00440,ginalewis@lee.biz,Tyler,Simmons,SVP,2026-01-09T15:44:17,2026-02-17T00:02:05
CT000785,A01142,scott08@jenkins.com,Matthew,Clark,Manager,2024-05-29T11:27:59,2025-04-28T07:40:07
CT000786,A00950,tara06@romero.com,Jessica,Reese,Manager,2024-09-24T23:58:58,2026-02-01T08:34:23
CT000787,A01196,derrick85@fuller.biz,Alicia,Grant,CFO,2025-11-10T22:38:41,2025-06-28T19:43:50
CT000788,A00328,brendajones@wiley.biz,Tyler,Reed,Analyst,2025-11-19T03:56:09,2025-07-05T00:06:50
CT000789,A00375,zhall@maldonado.info,Roy,Fitzgerald,Coordinator,2025-09-13T12:24:37,2025-06-10T08:35:16
CT000790,A00477,christinabrown@singh.info,Alexis,Lester,COO,2025-10-01T10:39:06,2025-09-15T03:19:20
CT000791,A01020,snorton@sweeney-adams.net,Elizabeth,Smith,VP,2025-12-05T14:41:51,2024-08-09T14:42:12
CT000792,A01050,nathanhayes@baker-moss.com,Kimberly,King,Director,2025-03-22T06:43:58,2024-12-22T02:12:32
CT000793,A00051,michaelhunt@fuller-jackson.com,Bonnie,Hall,SVP,2025-06-25T00:58:36,2025-02-09T02:40:00
CT000794,A00944,baileyjuan@wilkinson-garza.com,Julie,Lawrence,COO,2026-02-11T15:14:21,2026-02-19T21:58:39
CT000795,A00139,adamwilson@carson-lozano.com,Kelsey,Harrison,SVP,2026-01-09T15:30:28,2026-01-12T03:27:24
CT000796,A00344,yvonneperez@acosta.biz,Shannon,Farmer,Coordinator,2024-11-10T02:51:24,2025-03-12T10:36:21
CT000797,A00836,blogan@king.com,Carrie,Jenkins,Analyst,2025-08-17T11:17:29,2026-02-16T15:08:34
CT000798,A00070,kelly89@welch-maldonado.com,Kimberly,Palmer,Director,2025-07-03T19:48:59,2025-01-27T15:09:20
CT000799,A01162,melendezmichael@hall-wallace.com,Shari,Barker,CFO,2026-02-26T13:06:25,2026-02-02T17:38:52
CT000800,A00955,qshaw@pearson-lara.net,Bryan,Mccoy,Analyst,2026-02-24T21:20:01,2026-01-05T09:35:59
CT000801,A01006,john29@wood.com,Betty,Mitchell,Manager,2026-02-26T21:02:58,2024-07-08T15:01:48
CT000802,A00172,hansenjonathan@thompson.com,Kim,Williams,Analyst,2025-07-09T08:45:25,2025-06-16T22:30:25
CT000803,A01057,hprice@aguirre-daniel.biz,Cameron,Mahoney,Manager,2026-03-01T01:23:08,2026-02-26T05:12:43
CT000804,A00507,cruzjessica@green.info,Rachel,Lowe,SVP,2025-09-19T09:58:12,2025-08-29T09:30:30
CT000805,A00564,tammie10@morales-lee.com,Robert,Thompson,Director,2025-11-04T10:11:27,2025-10-07T15:18:34
CT000806,A00730,rodney02@solomon-navarro.info,Amy,Perry,COO,2025-09-15T22:39:13,2025-01-23T16:58:33
CT000807,A00930,matthewarnold@myers-valenzuela.biz,Mary,Johnson,Analyst,2026-02-19T15:46:35,2026-01-31T14:38:07
CT000808,A00701,michellerodriguez@love.com,Michael,Hill,COO,2025-06-06T10:36:41,2024-07-14T09:19:16
CT000809,A01008,rachel18@bailey.com,Hannah,Castillo,CFO,2024-05-22T07:11:45,2024-11-21T03:09:16
CT000810,A00895,ydavid@chapman.com,Todd,Johnson,Manager,2026-02-09T05:31:16,2026-02-01T21:21:32
CT000811,A00391,ksmith@perez.net,Andrew,Griffin,Manager,2025-12-15T19:24:20,2025-12-07T10:57:43
CT000812,A00781,edwinhenry@anderson.info,Sandra,Choi,VP,2026-02-21T15:13:29,2026-02-14T05:01:16
CT000813,A00518,garciadennis@myers.info,Shelly,Gordon,Manager,2025-08-24T16:51:37,2025-04-25T19:44:17
CT000814,A00636,wilsonelizabeth@alexander-flowers.biz,James,Watts,VP,2025-08-30T03:33:55,2025-09-12T00:18:33
CT000815,A00470,alexandrawheeler@thomas-fitzgerald.info,William,Foster,Director,2024-12-11T12:01:25,2025-08-15T00:54:33
CT000816,A01060,davisjulie@knight.com,Gina,Ramirez,SVP,2025-05-24T04:17:01,2025-09-13T04:35:13
CT000817,A00407,benjamin26@reeves.com,Marvin,Peters,Analyst,2025-12-05T01:01:43,2025-11-07T05:30:13
CT000818,A01161,ocampbell@brooks.com,Melissa,Noble,Analyst,2025-09-27T10:09:35,2025-12-18T05:54:20
CT000819,A01165,kimberly84@boone.org,Kathleen,Fuller,SVP,2025-11-18T04:45:25,2026-02-09T15:10:04
CT000820,A00433,williamprice@santiago-hamilton.com,Jeremy,Meyer,VP,2025-03-22T15:57:53,2024-06-11T11:28:31
CT000821,A00860,ecastro@montes-kidd.com,Kari,Petersen,Analyst,2025-06-23T15:21:15,2025-11-15T07:38:28
CT000822,A00321,lisa33@harris-pratt.biz,Donna,Franco,COO,2026-02-20T19:02:14,2026-01-18T03:52:54
CT000823,A00866,burkekevin@hart-hayden.com,Andrew,Phillips,Coordinator,2025-02-26T19:46:26,2025-07-28T05:10:51
CT000824,A00396,nhall@rodriguez.info,Veronica,Hunter,Analyst,2025-04-18T13:37:04,2025-08-28T14:06:30
CT000825,A00152,janet82@landry.com,Eddie,Mcclure,Analyst,2024-03-21T01:44:12,2024-04-08T20:23:24
CT000826,A00787,hjohnson@williams.com,Edwin,Frey,Coordinator,2025-06-12T02:20:35,2025-12-05T12:35:37
CT000827,A00151,monicagomez@king.info,Robert,Hernandez,SVP,2025-06-05T16:09:42,2026-02-06T14:20:57
CT000828,A01185,jenniferhardin@barnes-bell.com,Samantha,Keith,Analyst,2026-01-18T21:43:12,2026-03-01T03:34:56
CT000829,A00750,dpatton@alexander.info,Brandon,Bryan,Analyst,2026-02-11T19:01:47,2025-09-26T02:20:45
CT000830,A01087,teresa57@hall-romero.net,Stephanie,Anderson,SVP,2026-02-06T20:59:09,2026-03-01T00:34:13
CT000831,A00279,kimberly78@watts-stevens.com,Thomas,Townsend,COO,2025-12-31T23:24:44,2026-01-11T04:32:30
CT000832,A00921,melissa69@watts.info,Meagan,Payne,Coordinator,2025-11-30T07:05:04,2025-04-10T18:32:52
CT000833,A00912,ysolis@juarez.com,Allison,Leach,VP,2025-08-17T09:33:53,2025-08-30T13:06:04
CT000834,A00033,joeharris@adams.org,Michael,Miller,Analyst,2024-12-18T13:11:35,2025-10-21T21:52:47
CT000835,A01056,lhatfield@smith.com,Jonathan,Freeman,CFO,2025-11-15T20:03:06,2025-07-30T17:47:56
CT000836,A00541,mccormickkari@hamilton.biz,Zachary,Lara,COO,2025-11-21T03:36:26,2025-07-17T05:41:27
CT000837,A00762,patrickjames@dorsey-oneal.biz,Virginia,Liu,Analyst,2024-06-21T05:42:53,2025-08-02T13:39:33
CT000838,A00961,rodney39@brown.com,Glenn,Ruiz,Director,2024-08-29T04:41:43,2025-04-30T23:52:57
CT000839,A00688,seanbanks@valenzuela.com,Thomas,Key,Analyst,2025-11-06T13:24:11,2024-10-07T18:04:13
CT000840,A00360,phillipsmith@ware-mckee.com,Whitney,Anderson,SVP,2025-06-24T02:53:10,2025-04-11T23:37:59
CT000841,A00418,ochapman@anderson-duke.com,Keith,Melton,Manager,2026-02-08T14:22:42,2025-09-18T15:13:48
CT000842,A00455,jennifer76@johnson.org,Vincent,Key,CFO,2026-01-05T21:34:11,2026-01-11T22:55:00
CT000843,A00383,millerandrew@chapman.net,Amy,Lee,Coordinator,2025-07-28T21:43:44,2025-12-19T07:01:06
CT000844,A00384,leemichael@lopez.com,Sean,Sellers,VP,2025-04-27T18:43:01,2025-11-01T08:32:33
CT000845,A00935,kennethjennings@franklin.net,Daniel,Robinson,VP,2026-02-19T03:55:35,2026-02-18T20:52:13
CT000846,A00107,frenchedgar@spencer.com,Christine,Padilla,CFO,2025-05-21T14:09:01,2025-06-18T21:55:43
CT000847,A00582,fflores@macias.com,Nathan,Flores,Manager,2024-08-14T03:17:45,2025-12-04T07:46:17
CT000848,A00087,anthony54@morris-lee.com,Tina,Mccall,VP,2025-10-19T05:59:56,2025-05-21T01:33:36
CT000849,A00084,ndowns@burnett.com,Jenny,Evans,CFO,2025-09-30T21:00:39,2024-04-24T21:06:23
CT000850,A00810,ramirezdaniel@harrison.info,Willie,Fisher,Manager,2025-10-06T09:42:34,2025-12-11T16:26:08
CT000851,A00154,jodi60@hill.com,Matthew,Obrien,VP,2026-02-17T13:34:26,2026-02-24T07:26:17
CT000852,A00999,tylerwood@lewis-clark.biz,Melinda,Watts,Analyst,2026-01-04T17:38:17,2025-03-22T11:10:15
CT000853,A00222,james24@hill-avery.com,Frank,Moore,CFO,2025-11-05T16:49:11,2026-01-02T01:55:08
CT000854,A00831,shari43@harper-middleton.com,Brian,Davis,Director,2025-10-25T12:45:48,2026-01-18T11:56:06
CT000855,A01054,vickiehiggins@brooks.com,Dennis,Washington,CFO,2025-02-26T14:16:31,2025-09-04T05:15:42
CT000856,A00217,romerobarbara@romero.org,Thomas,Mcmillan,Coordinator,2025-02-12T21:27:25,2025-09-13T13:18:28
CT000857,A00762,austin37@spencer-myers.info,Angela,Anderson,Coordinator,2025-08-27T10:51:41,2024-06-19T06:15:22
CT000858,A00742,rebeccajames@baker.com,Mark,Hendricks,Director,2026-02-19T12:32:49,2026-02-26T01:44:53
CT000859,A00235,danielvelez@contreras-frank.org,Justin,Johnson,Manager,2025-03-11T22:08:28,2025-06-06T11:02:39
CT000860,A01070,salinasvanessa@mueller-cook.com,Cassie,Ortiz,COO,2025-02-08T07:02:29,2025-07-26T22:32:21
CT000861,A00989,sanchezmark@bowers.biz,Charles,Douglas,COO,2025-12-07T22:39:41,2026-01-31T07:56:08
CT000862,A00730,brownkelli@washington.org,Courtney,Sanchez,VP,2025-10-08T19:07:38,2024-11-05T23:40:21
CT000863,A00586,angeladavis@cowan-baker.net,Christina,Warren,SVP,2026-02-20T12:15:41,2025-03-26T06:55:15
CT000864,A00624,xray@lewis.com,Joan,Roberts,SVP,2024-05-13T05:15:26,2024-10-14T01:27:07
CT000865,A00879,fisherjason@norris.net,David,Nichols,Analyst,2026-02-25T14:45:54,2025-10-11T23:29:41
CT000866,A00365,drichard@williams.com,Melinda,Horn,Director,2025-03-27T03:39:32,2025-06-17T17:46:03
CT000867,A00681,iarnold@mcdaniel.com,Tracy,Davis,Manager,2026-02-11T14:51:43,2025-12-11T13:56:24
CT000868,A00140,omorrow@lee.com,Maria,Poole,Analyst,2025-05-18T20:05:03,2025-06-19T10:24:31
CT000869,A00712,gserrano@stewart-spencer.com,Julia,Gonzalez,VP,2025-05-04T04:28:51,2025-05-09T04:02:59
CT000870,A00220,johnsonmelanie@frederick.com,Ricky,Morales,SVP,2025-11-14T09:11:40,2025-09-24T03:48:29
CT000871,A00847,fisherronnie@jensen.com,Robert,Miller,Manager,2025-11-23T14:54:21,2026-01-15T09:35:26
CT000872,A00112,jennifer02@miles.biz,James,Potter,SVP,2024-06-28T08:52:14,2025-05-01T08:59:34
CT000873,A00875,thompsonlarry@wiggins.net,Brian,Jones,Analyst,2025-08-03T02:29:20,2024-07-26T16:32:40
CT000874,A00599,fullerevan@jordan.info,Steven,Perkins,SVP,2025-04-17T01:55:09,2025-10-16T03:59:33
CT000875,A00362,michaelschmidt@young-perry.com,David,Smith,VP,2025-09-03T03:55:57,2025-03-19T01:10:48
CT000876,A00522,eddiemurphy@williams-jones.com,Amber,Rodriguez,CFO,2025-12-23T07:16:18,2025-11-07T03:00:10
CT000877,A00384,samanthasanchez@castillo.net,Shawna,Fitzpatrick,VP,2024-09-04T02:14:36,2024-12-16T02:26:01
CT000878,A00575,michaelcharles@jackson.com,Connie,Francis,VP,2024-10-28T16:55:39,2024-12-08T14:00:47
CT000879,A00022,ibell@brown.info,Leah,Nelson,SVP,2025-06-21T13:15:15,2025-06-08T18:12:58
CT000880,A00739,rebeccawilliams@padilla-johnson.org,Christopher,Franklin,Analyst,2025-10-06T01:57:53,2024-11-06T04:51:13
CT000881,A00702,gwilson@dixon.com,Christopher,Benson,VP,2025-12-06T22:20:10,2024-09-29T04:17:00
CT000882,A00893,andrew41@mckenzie.com,Brian,Jones,Director,2025-12-03T04:08:17,2025-09-19T15:19:47
CT000883,A00995,rebeccabryant@brown-boyd.biz,Taylor,Williams,COO,2025-05-01T00:25:17,2026-02-06T21:32:32
CT000884,A00076,chapmanjohn@gonzales.com,Justin,Best,VP,2025-04-14T14:44:27,2024-08-26T20:55:10
CT000885,A00513,gpruitt@davis.com,Jonathan,Padilla,Director,2024-09-12T14:25:37,2025-11-28T18:01:52
CT000886,A00746,frenchlouis@brown-knight.net,Jeremy,Costa,Coordinator,2026-01-10T01:43:35,2025-12-08T00:53:40
CT000887,A00808,matthewcarlson@mcdonald.biz,Julie,Turner,VP,2025-04-10T23:55:39,2024-06-06T14:35:10
CT000888,A00436,nmendez@brown.com,Shelly,Guerrero,SVP,2026-01-13T23:57:21,2026-01-16T18:33:12
CT000889,A01093,thomas09@english.com,Michael,Fisher,SVP,2025-05-27T10:14:28,2025-05-03T01:04:47
CT000890,A00334,rconrad@duke.com,Allison,Rivera,VP,2026-01-28T17:17:48,2026-02-26T01:58:59
CT000891,A00987,garcianathan@alvarez-ruiz.com,Scott,Hayes,CFO,2025-12-30T09:12:09,2026-01-28T00:26:50
CT000892,A00763,bsimmons@downs.com,Brian,Cain,CFO,2025-12-05T07:07:09,2024-12-02T16:15:48
CT000893,A00853,cgarcia@thompson-juarez.com,Andrew,Clark,VP,2026-02-24T19:03:24,2026-02-16T09:21:28
CT000894,A00642,jim68@villarreal.com,Cindy,Benjamin,Analyst,2025-10-23T21:35:47,2025-11-26T08:07:13
CT000895,A00343,smithsteven@phelps.biz,Cassidy,Brown,VP,2025-03-08T13:24:59,2024-09-24T13:11:53
CT000896,A00285,john75@brown-gonzales.net,Cory,Evans,CFO,2025-10-07T07:02:42,2026-02-10T17:04:38
CT000897,A00059,joel94@jenkins-guzman.biz,Raymond,Gutierrez,SVP,2025-11-04T21:47:12,2026-02-19T08:39:19
CT000898,A00349,candicecooper@oconnell.com,Amanda,Mclean,CFO,2025-02-20T00:16:22,2025-02-23T08:09:41
CT000899,A00944,joshuahaynes@newman.com,Rachel,Berry,Director,2026-02-19T05:26:43,2026-02-23T06:33:41
CT000900,A00330,stevenruiz@chavez.org,Tamara,Holland,Director,2025-12-16T14:49:24,2024-06-20T07:07:40
CT000901,A00772,loweryphilip@miller.com,John,Donaldson,SVP,2026-02-27T12:14:42,2026-02-07T19:21:18
CT000902,A00210,emason@ruiz.net,Danielle,Riley,Director,2025-03-02T05:52:08,2025-02-22T22:10:56
CT000903,A00906,brianbrown@lynn-taylor.com,Angela,Williams,COO,2026-01-06T14:35:35,2026-01-19T13:37:23
CT000904,A00369,obrienadam@raymond-schultz.com,Brenda,Townsend,Manager,2025-07-30T15:47:55,2025-06-20T10:31:01
CT000905,A01021,qbush@smith-stephenson.com,Robert,Bradley,VP,2025-08-15T06:40:01,2026-01-09T21:14:33
CT000906,A00817,lisafigueroa@moore.org,Spencer,Stevens,VP,2026-02-25T01:03:00,2025-12-26T01:13:37
CT000907,A00717,anthony04@perkins.com,Lynn,Jenkins,Director,2025-05-12T03:03:35,2025-04-22T01:36:11
CT000908,A00606,simpsonyolanda@landry.info,Kathleen,Johnson,VP,2024-07-21T00:12:54,2025-10-05T16:30:32
CT000909,A00399,murphyjeffrey@wolf.org,Ethan,Martinez,Manager,2025-02-01T03:57:18,2024-06-11T14:32:37
CT000910,A00684,bcampbell@rice-yang.com,Brandon,Harris,VP,2025-09-01T11:18:03,2024-09-11T12:11:47
CT000911,A00413,kimberlycordova@carter.com,Robin,Howard,Coordinator,2024-06-05T19:22:59,2025-12-07T11:23:58
CT000912,A00403,lorigarcia@zimmerman.net,Zachary,Vance,Analyst,2026-02-04T01:36:30,2024-12-29T10:42:19
CT000913,A00247,ryanthomas@miller.com,Jennifer,Kramer,VP,2024-11-22T22:47:55,2024-07-18T11:35:42
CT000914,A00514,lozanolindsay@mayer-thompson.info,Donna,Frazier,Analyst,2025-05-19T22:33:14,2025-11-05T02:44:23
CT000915,A01032,kjennings@joseph-vasquez.info,Dalton,Avila,SVP,2025-10-25T09:16:50,2025-12-03T06:11:16
CT000916,A01136,ydyer@taylor-smith.com,Ryan,Larson,VP,2025-07-04T12:25:03,2025-07-25T15:11:38
CT000917,A00231,rodneyhurley@west.com,Bridget,Hernandez,Coordinator,2025-11-16T08:09:11,2024-07-06T19:01:00
CT000918,A00102,davidreed@smith.net,Christian,Snyder,Manager,2026-02-17T09:14:50,2024-04-25T01:04:27
CT000919,A00843,christianperez@jones-montgomery.org,Haley,Schwartz,Director,2025-09-21T23:01:47,2025-09-10T14:41:02
CT000920,A00410,hcoleman@mercer-ward.net,Christopher,Patton,Coordinator,2025-07-10T00:10:17,2025-05-01T19:13:59
CT000921,A01192,lindaflowers@fisher.info,Chris,Crane,CFO,2025-06-30T16:45:51,2025-06-20T11:17:53
CT000922,A01192,haley75@baker.info,Sue,Moore,VP,2025-09-26T07:49:22,2026-02-24T09:04:22
CT000923,A00919,dadams@frye.com,Jamie,Brown,Manager,2025-12-04T03:48:15,2025-01-31T05:43:34
CT000924,A00628,gwendolyn59@choi.com,Tracy,Calderon,Manager,2025-01-28T02:42:17,2025-04-20T23:55:15
CT000925,A00367,pluna@burns-smith.com,Maria,Romero,Director,2025-11-04T07:29:37,2025-07-15T22:22:42
CT000926,A00077,mhodges@brown.com,Angela,Cohen,CFO,2026-02-09T15:09:35,2026-01-26T15:24:35
CT000927,A00647,pamela37@garcia.biz,Lisa,Richards,Coordinator,2026-01-30T03:33:48,2025-04-26T13:08:46
CT000928,A01023,iwong@armstrong-wallace.com,Stephanie,Chan,VP,2025-02-20T03:51:45,2024-08-10T12:09:16
CT000929,A01084,kylenichols@schneider-james.com,Jeffrey,Johnson,Analyst,2026-02-02T09:42:07,2025-12-05T02:29:42
CT000930,A01154,xanderson@miller.com,Karen,Rodriguez,Analyst,2025-12-29T18:20:36,2025-08-30T04:37:23
CT000931,A00346,kelseyrogers@cline.com,Richard,Green,Coordinator,2024-10-26T23:59:47,2024-02-25T10:46:20
CT000932,A00191,bskinner@trevino-diaz.com,Antonio,White,Coordinator,2025-11-22T07:43:08,2025-06-22T17:11:28
CT000933,A00987,newmanjason@adams-pugh.com,Roger,Cox,Director,2025-11-08T12:49:52,2026-02-24T23:55:58
CT000934,A00202,kcherry@park.org,Andrea,Jefferson,VP,2025-06-03T17:53:26,2024-12-14T01:35:59
CT000935,A00444,tbowman@morris.com,David,Wright,Coordinator,2025-11-09T15:26:02,2026-02-15T15:38:32
CT000936,A01010,dominguezchristine@aguilar.net,Samantha,Lang,COO,2025-10-26T05:33:26,2025-07-23T09:13:14
CT000937,A00908,jacksonlauren@ray.info,Jenny,White,Analyst,2026-02-07T23:38:57,2026-01-22T10:52:50
CT000938,A00255,simpsonstephanie@jones.com,Jacob,Gutierrez,VP,2025-04-18T17:32:03,2025-04-05T18:41:25
CT000939,A00457,lori49@simpson.biz,Thomas,Ramirez,VP,2025-11-03T05:22:46,2025-10-16T17:01:55
CT000940,A01007,slopez@hayes-sampson.org,Rebecca,Farley,Analyst,2025-12-17T03:50:20,2025-04-14T19:47:21
CT000941,A00414,joseph68@alvarez-esparza.biz,Brad,Jones,Analyst,2024-08-31T23:12:04,2025-01-29T11:54:08
CT000942,A00412,racheldavis@rodriguez-davis.org,Brittany,Kirby,Manager,2025-11-16T23:32:21,2026-02-17T10:04:28
CT000943,A00299,joseph28@aguilar.com,Joseph,Williams,Coordinator,2025-09-30T02:38:52,2025-09-04T20:26:08
CT000944,A00732,collinsbrenda@lynn.com,Vickie,Harrison,Manager,2026-02-17T18:28:49,2025-10-30T07:06:19
CT000945,A01164,martinbenjamin@krause.biz,Angela,Herrera,CFO,2026-02-10T05:27:41,2026-02-05T09:11:20
CT000946,A00040,lconner@thomas-montgomery.org,Thomas,Kim,COO,2026-02-20T12:00:52,2025-09-15T18:43:59
CT000947,A00815,mponce@bentley.org,Amanda,Ray,Coordinator,2025-09-09T22:06:07,2025-09-20T00:34:07
CT000948,A00789,vhaynes@berry.com,Brandy,Holland,Director,2026-02-01T09:42:21,2026-02-28T05:22:19
CT000949,A00284,william46@fleming-tanner.com,Carl,Rice,COO,2024-11-30T20:54:48,2025-07-05T01:59:33
CT000950,A00582,randalljessica@hayes-park.biz,Daniel,Henderson,CFO,2025-06-26T03:05:03,2026-01-28T00:55:53
CT000951,A00391,amberbaker@dixon.biz,John,Atkinson,Analyst,2025-10-31T12:43:07,2025-12-13T09:30:05
CT000952,A00192,jjackson@johnson-anderson.biz,Calvin,Wright,Director,2025-01-16T14:34:29,2024-04-27T07:40:29
CT000953,A00348,cooperpeter@romero.com,Karina,Alvarez,Manager,2025-04-17T03:05:58,2025-08-01T20:08:58
CT000954,A00154,loribrown@jones.com,Angel,Vargas,SVP,2026-02-18T01:03:12,2026-02-23T12:27:58
CT000955,A00540,markkelley@davis-krueger.info,Andrew,Franco,Director,2025-12-13T06:09:35,2026-01-21T19:33:35
CT000956,A00680,john87@house.org,Gary,Martinez,Manager,2025-11-23T18:17:45,2025-11-16T13:47:03
CT000957,A00304,madisonshaw@gross.net,Susan,Ramirez,COO,2026-02-20T20:55:21,2026-02-12T20:45:37
CT000958,A00618,browntyler@molina.com,Amanda,Acosta,Manager,2026-01-11T05:48:56,2026-01-03T05:30:44
CT000959,A00822,jason37@williams-acosta.com,Luis,Wells,CFO,2026-01-18T01:38:01,2024-06-20T12:51:40
CT000960,A00339,brittanyhill@mitchell.com,Michaela,Moore,Manager,2025-02-04T06:57:40,2026-01-22T12:16:17
CT000961,A00849,emitchell@mason.com,Jeffrey,Francis,Analyst,2024-05-25T12:10:14,2024-04-03T00:53:15
CT000962,A01149,cynthiawilliams@chambers.info,Mark,Garcia,Director,2025-04-22T09:43:22,2025-07-03T01:33:48
CT000963,A01181,allison44@meadows.org,Lisa,Hunter,VP,2025-03-30T10:00:55,2026-02-15T19:24:32
CT000964,A00906,simonzachary@higgins.com,Keith,Kent,Analyst,2025-01-11T02:18:37,2025-07-03T06:44:32
CT000965,A00166,joshuaburnett@greene.com,Lisa,Vasquez,COO,2025-08-17T13:34:16,2024-12-24T08:04:42
CT000966,A00935,derrickhorton@hernandez.com,Brianna,Tate,VP,2026-02-16T19:50:04,2026-02-22T01:24:09
CT000967,A00715,rothlori@thompson.net,Michael,Miller,VP,2025-07-06T15:34:37,2025-10-15T04:57:48
CT000968,A00884,matthew94@hill-torres.org,Rebecca,Ford,COO,2024-07-15T06:09:00,2024-07-19T23:57:13
CT000969,A00919,tracypatterson@martin.com,Theresa,King,Director,2024-10-30T19:55:07,2025-04-27T09:08:22
CT000970,A01104,jamesnunez@hays-west.com,Travis,Peterson,Coordinator,2026-01-11T04:32:15,2026-02-18T18:44:35
CT000971,A00606,tanyagonzalez@rodriguez.com,Jason,Thomas,Manager,2024-07-18T04:07:02,2025-03-06T18:31:55
CT000972,A00498,yking@newton.info,Austin,Woods,Director,2024-10-13T05:43:16,2025-05-01T04:44:57
CT000973,A00511,ndavis@miller.com,Jesse,Foster,Analyst,2025-11-03T00:44:09,2025-09-24T13:31:15
CT000974,A01060,matthew13@farmer-torres.com,Jasmine,Sanchez,VP,2024-09-30T19:07:28,2024-07-25T05:15:46
CT000975,A00771,christopher37@underwood.com,Sarah,Reid,VP,2024-06-09T19:46:20,2025-03-21T09:00:39
CT000976,A01188,davidmiller@perez-fuentes.com,Melissa,Mccoy,Analyst,2025-07-23T07:57:24,2025-11-18T20:49:34
CT000977,A00486,nixonrandy@soto-pitts.net,Heather,Day,COO,2025-10-03T03:17:35,2025-01-11T06:01:25
CT000978,A00069,whall@smith-dean.biz,Lindsay,Stephens,COO,2025-12-07T12:43:36,2025-09-09T00:46:01
CT000979,A01049,mlang@bishop.biz,Ann,Garcia,Director,2024-12-29T16:43:30,2025-03-13T20:21:26
CT000980,A00859,colleenjuarez@harrington.com,Christine,Fox,SVP,2026-01-10T02:14:17,2025-11-19T17:08:14
CT000981,A00080,alicialee@ochoa.com,Sarah,Wood,Analyst,2025-12-27T08:15:52,2025-10-23T22:16:30
CT000982,A00802,christineprice@charles-garner.com,Monique,Guerrero,Manager,2025-07-28T05:31:08,2024-09-27T11:05:47
CT000983,A01067,terrychristopher@swanson.biz,Mary,Deleon,Analyst,2025-12-11T11:18:50,2025-08-04T09:36:55
CT000984,A01181,georgeburke@mcintyre-burch.com,Margaret,Stanley,Manager,2026-01-08T13:07:41,2025-12-26T02:05:09
CT000985,A01149,rjames@pollard.com,Virginia,Cruz,Coordinator,2025-06-21T10:58:54,2025-11-03T20:05:38
CT000986,A00150,sandra59@lee.com,Sara,Larson,COO,2026-02-10T05:57:15,2026-02-03T04:40:25
CT000987,A00252,ryansmith@smith.com,Ethan,Williams,COO,2024-08-19T11:05:53,2024-10-10T14:30:09
CT000988,A00088,wilcoxwilliam@torres.org,Christopher,Benson,SVP,2026-02-13T21:38:00,2026-02-10T11:22:38
CT000989,A00699,christine31@rasmussen.net,April,Brewer,Director,2026-02-26T16:18:42,2026-01-12T06:06:00
CT000990,A00931,craigmartin@smith.com,Wesley,Whitaker,Analyst,2026-02-24T08:19:26,2026-01-22T08:13:03
CT000991,A00412,johnfisher@johnson-miller.org,Rebecca,Hernandez,SVP,2025-11-06T19:32:53,2025-09-12T01:38:54
CT000992,A00130,jenniferjackson@mathis.com,Benjamin,Rasmussen,SVP,2026-02-09T12:32:04,2025-05-29T14:32:32
CT000993,A00638,smithrobert@york.info,Lindsey,Turner,Director,2025-06-02T20:11:09,2025-11-22T19:36:22
CT000994,A00217,srhodes@bowman.info,Martha,Sullivan,Manager,2026-02-23T19:03:54,2025-12-24T13:10:38
CT000995,A00678,plambert@bonilla.org,Stephanie,Cook,Coordinator,2025-04-25T04:01:23,2024-12-14T00:52:12
CT000996,A00871,carlsonmichele@chen.biz,Mark,Stokes,Director,2025-08-23T23:21:56,2025-09-25T03:50:09
CT000997,A00508,thomasgreen@rowe-white.com,Alexander,Acevedo,SVP,2025-04-16T22:13:13,2025-09-22T09:32:01
CT000998,A00621,jamesweiss@kent-watson.org,Ebony,Solomon,Director,2025-04-25T06:27:51,2025-04-16T09:52:36
CT000999,A00632,xavier17@hooper.com,Victoria,Smith,Coordinator,2025-05-25T08:45:50,2026-02-27T04:07:17
CT001000,A00084,sanderssamuel@wells.biz,Jeffrey,Johnson,VP,2025-03-08T08:47:44,2025-09-29T05:29:06
CT001001,A00822,kgonzalez@pittman.com,Timothy,Gardner,Director,2025-01-03T10:29:50,2025-04-15T18:11:10
CT001002,A00177,richardgreene@holloway-garcia.com,Kristin,Mendez,COO,2024-09-20T11:55:35,2025-02-11T15:59:40
CT001003,A00440,smithashley@peters-martinez.com,Sarah,Hall,Director,2026-02-23T21:09:07,2026-02-22T13:52:38
CT001004,A00445,alyssa23@jarvis-thomas.com,Jeremy,Carter,CFO,2025-11-02T01:22:14,2024-03-19T08:17:50
CT001005,A00987,douglasturner@martinez.com,Stephanie,Thomas,Analyst,2026-02-13T02:41:56,2026-01-24T14:19:54
CT001006,A00382,coxlynn@fischer-hayes.com,Jessica,Powell,Director,2026-01-01T07:56:50,2026-02-02T19:23:39
CT001007,A01088,michaelmartinez@young-thompson.com,Amber,Young,Director,2025-05-16T00:56:02,2025-10-11T14:59:18
CT001008,A00066,helenbradley@thornton.org,Robert,Price,Director,2025-08-27T07:15:36,2025-09-06T06:20:07
CT001009,A00658,cannonedward@ortega-simon.info,Kelly,Hansen,Director,2025-10-31T00:57:53,2025-11-01T06:42:13
CT001010,A00390,sotocurtis@alvarado-holder.biz,Danny,Ramirez,Manager,2025-12-04T13:44:32,2025-02-20T21:37:33
CT001011,A00648,jmorse@floyd-willis.biz,Ronald,Glover,CFO,2025-07-21T08:44:24,2025-10-20T12:24:46
CT001012,A00875,samantharichardson@snow.com,Thomas,Everett,COO,2025-03-08T18:04:43,2026-01-26T18:03:02
CT001013,A00909,robert48@rivera.com,Taylor,Sanchez,Manager,2026-01-29T15:14:40,2026-02-08T03:33:37
CT001014,A01087,lisa82@williams.info,Elizabeth,Hunt,CFO,2026-02-02T08:41:58,2026-02-01T19:31:44
CT001015,A00850,sara28@young.com,Gerald,Mullins,Analyst,2025-06-04T16:25:02,2025-09-01T21:56:05
CT001016,A01125,robert53@moore-rios.com,Tina,Pacheco,SVP,2025-10-14T10:18:23,2024-06-21T15:40:46
CT001017,A00591,ytaylor@gibson-pierce.com,Lindsay,Williams,CFO,2025-10-09T16:42:27,2025-12-26T00:18:49
CT001018,A00293,leejoseph@williams.info,Anne,Smith,SVP,2025-07-25T22:58:36,2024-12-10T22:03:05
CT001019,A00950,walshdavid@larsen.com,John,Daniels,Analyst,2026-02-25T11:36:28,2025-12-13T02:37:56
CT001020,A00882,foleycheryl@morgan-mcfarland.biz,Martha,Washington,Manager,2025-05-27T19:11:04,2025-01-12T15:03:47
CT001021,A00824,williamsjames@ferguson.com,Ryan,Cole,CFO,2025-12-23T09:24:24,2025-12-27T12:06:52
CT001022,A00013,bnelson@fields.com,Elizabeth,Cherry,Coordinator,2026-02-24T15:37:52,2025-12-31T21:36:12
CT001023,A00067,zmorris@miller-forbes.com,Molly,Wright,VP,2025-12-18T19:17:33,2025-10-02T07:42:15
CT001024,A01088,erandall@nelson.com,Kristi,Wilson,CFO,2024-05-21T18:42:22,2026-02-04T08:40:03
CT001025,A00915,joecole@vasquez.org,Alyssa,Nelson,Director,2025-05-13T23:18:21,2025-01-13T00:19:08
CT001026,A00645,brian93@garrett-ross.com,Zachary,Pena,Manager,2025-06-21T23:58:46,2025-05-06T02:44:58
CT001027,A00417,jamesnguyen@bautista-valentine.com,Russell,Stuart,COO,2026-02-08T13:22:07,2026-01-15T18:56:37
CT001028,A00017,adamsnyder@brown-little.com,Crystal,Johnson,Coordinator,2024-08-30T06:25:42,2025-04-29T01:08:37
CT001029,A00126,terrymccullough@wilcox-williams.com,Ryan,Lynch,Manager,2025-07-27T16:31:58,2026-02-16T17:40:13
CT001030,A01171,cgraham@obrien.biz,Andrew,Rogers,Analyst,2025-01-30T12:10:07,2024-08-10T00:14:42
CT001031,A00900,jodisilva@berry-lopez.com,Joseph,Mckinney,CFO,2026-02-13T19:17:30,2025-01-21T18:07:53
CT001032,A00341,delgadopaul@williamson-lopez.net,Samuel,Hale,CFO,2025-04-21T03:20:42,2024-10-01T03:37:33
CT001033,A00621,robertthompson@rogers-cook.com,Nicole,Rodriguez,Analyst,2025-10-13T22:09:13,2025-04-02T17:05:49
CT001034,A00265,jennifer08@cisneros.com,Robert,Baker,SVP,2026-01-27T22:25:01,2026-02-17T13:05:08
CT001035,A00288,mckinneyoscar@bartlett.com,David,Hickman,Coordinator,2025-12-03T01:19:16,2025-11-26T10:25:34
CT001036,A00889,johngonzalez@leon-thompson.com,Joseph,Robinson,VP,2025-10-25T15:09:30,2025-12-24T18:44:39
CT001037,A00164,joyhughes@adams-brooks.net,Cody,Turner,Coordinator,2024-10-11T03:45:33,2026-01-31T18:54:11
CT001038,A00726,robert15@reid.net,Daniel,Bray,COO,2026-01-28T05:57:58,2026-02-19T18:14:48
CT001039,A00613,wardsteven@potter.org,Johnny,Davis,COO,2025-09-22T08:03:32,2025-08-18T11:26:46
CT001040,A01105,hendersonelizabeth@madden.com,Philip,Moore,Director,2024-10-22T05:55:47,2025-03-23T18:21:48
CT001041,A00751,stephaniebaker@silva.info,Brett,Ortiz,SVP,2024-03-29T07:19:37,2024-09-16T11:47:23
CT001042,A00085,charlotte50@rowe.com,Ian,Wilson,Analyst,2025-03-03T03:30:24,2024-11-15T15:38:56
CT001043,A00712,xoliver@fisher.com,Hannah,Ortiz,SVP,2025-07-09T15:38:38,2025-04-23T13:46:35
CT001044,A00207,millermatthew@thomas.biz,Dennis,Gutierrez,Manager,2026-01-01T05:02:37,2026-02-14T09:24:44
CT001045,A00808,caleb51@conner-hancock.net,Jenny,Johnson,Analyst,2024-11-09T15:28:29,2024-10-12T03:22:54
CT001046,A00843,ymeadows@white-hernandez.net,Samantha,Bates,Coordinator,2025-09-08T06:40:51,2025-02-04T09:43:19
CT001047,A00814,lmitchell@boyd-mercado.com,Robert,Rose,Manager,2024-07-21T02:11:35,2024-07-12T05:37:04
CT001048,A00366,rachel80@hill.com,Gina,Woodward,Coordinator,2025-04-29T18:16:09,2026-02-13T01:57:28
CT001049,A00750,mcgeedeborah@blevins-taylor.com,Sean,Adams,Coordinator,2025-12-30T01:04:21,2025-11-24T19:29:10
CT001050,A00217,andersontara@williams.net,Kelly,Silva,Director,2025-04-23T12:20:08,2025-01-23T14:56:05
CT001051,A00896,stephanieschultz@house.com,Christopher,Walker,VP,2026-02-18T13:40:35,2025-08-15T14:23:02
CT001052,A00365,brenda60@hunt-ball.com,Claire,Raymond,Director,2025-09-22T12:29:00,2025-07-25T07:57:13
CT001053,A00680,daniellawrence@stephens.com,Dennis,Glass,Director,2026-01-02T18:51:29,2025-09-25T06:33:08
CT001054,A00741,davidjones@allison.com,Michael,Mcgrath,SVP,2026-01-23T21:39:40,2026-02-20T21:05:43
CT001055,A00884,lroth@hayes.com,Monica,Oconnor,SVP,2024-12-13T06:21:11,2026-02-03T23:34:06
CT001056,A00325,christianatkins@smith.com,Lee,Hall,CFO,2025-09-07T06:27:38,2026-02-28T19:10:32
CT001057,A00442,monica43@jackson.com,Sarah,Flowers,SVP,2025-08-17T22:01:01,2025-09-06T06:54:50
CT001058,A01182,amandahorton@nelson.org,Rachael,Baker,SVP,2026-01-02T00:17:14,2025-06-19T06:18:22
CT001059,A00324,rperry@ramos.com,Brenda,Williams,CFO,2024-12-25T13:13:33,2025-08-12T16:48:15
CT001060,A00510,patelnatalie@khan.org,Julie,Stephens,VP,2025-07-24T19:39:28,2026-01-19T23:07:02
CT001061,A00201,karenhernandez@brown-wilson.com,Megan,Galvan,CFO,2025-11-05T10:16:44,2026-01-28T02:07:04
CT001062,A00091,parsonsamber@giles.com,Sydney,Sexton,Director,2025-12-27T17:05:26,2025-11-11T21:56:00
CT001063,A01198,briggssteven@garrett-davidson.com,Shawn,Hernandez,Manager,2024-08-24T04:32:07,2025-02-26T15:06:17
CT001064,A00745,jordanrebecca@day-beck.biz,Michael,Wood,Analyst,2025-09-27T21:18:02,2025-02-11T02:21:52
CT001065,A00162,theresa00@graham.com,Robert,Gibson,Coordinator,2024-11-27T21:58:49,2026-02-27T06:12:59
CT001066,A00667,owallace@bishop.com,Erin,Hale,CFO,2025-12-31T13:53:37,2025-08-11T01:56:55
CT001067,A00540,edavis@russell.com,Denise,Wilson,SVP,2024-11-04T10:20:13,2024-10-12T19:27:56
CT001068,A00101,barbara93@donovan.com,Catherine,Moore,VP,2026-01-24T14:05:35,2026-01-06T18:33:26
CT001069,A01093,robert89@morales-garcia.biz,Kimberly,Wilson,Analyst,2024-10-03T03:28:31,2025-10-10T05:25:03
CT001070,A01126,steven01@bradford.com,Sarah,Salinas,Coordinator,2025-11-10T22:58:30,2025-12-21T11:15:30
CT001071,A00062,scottsloan@morales-howard.info,Patricia,Franklin,CFO,2025-10-31T20:25:39,2025-12-07T13:35:10
CT001072,A00361,timothy90@baker.com,Amy,Burnett,COO,2026-02-09T01:45:25,2026-01-18T04:35:52
CT001073,A01172,marshalltheresa@blankenship.com,Deborah,Hernandez,Director,2025-08-14T03:28:39,2026-01-26T11:35:34
CT001074,A00292,ljackson@johnson.com,David,Ingram,Analyst,2024-09-28T07:14:21,2024-10-08T00:13:28
CT001075,A00730,charles00@george.org,Alison,Terrell,COO,2025-03-22T01:02:11,2025-07-29T10:20:03
CT001076,A01125,alexandra61@sutton.com,James,Nguyen,Analyst,2025-12-23T08:43:28,2024-08-24T00:26:33
CT001077,A00962,gibsonmindy@brown.com,Gabriel,Pineda,SVP,2026-01-29T02:29:15,2026-02-13T14:53:54
CT001078,A00563,jennifer93@alvarez.biz,Jeremiah,Sandoval,VP,2025-12-23T22:05:03,2026-02-16T03:45:01
CT001079,A01022,john46@hebert.com,Patricia,Sharp,Coordinator,2026-02-14T11:53:36,2025-06-23T11:42:06
CT001080,A00069,smithmichelle@myers.com,Timothy,Mullins,Analyst,2025-06-15T03:10:00,2026-02-10T07:01:53
CT001081,A00259,holmesmark@medina.info,Troy,Liu,Manager,2025-12-23T06:18:32,2025-08-11T02:01:48
CT001082,A00098,jasonsimmons@jenkins.com,Randy,Valenzuela,CFO,2024-06-25T04:49:29,2024-11-23T10:41:28
CT001083,A00485,sydney75@jones.com,Victoria,Cline,SVP,2025-11-19T13:05:54,2025-12-26T17:45:19
CT001084,A00086,lcollins@flores-donovan.com,Alexandra,Estes,Analyst,2025-11-01T03:44:10,2026-02-21T06:57:22
CT001085,A00820,yvettebailey@davis.org,Lori,Bradley,CFO,2025-01-24T09:12:19,2026-02-16T04:09:33
CT001086,A00576,shannon01@mora.biz,Lori,Butler,Director,2026-01-02T10:28:24,2025-10-07T21:55:13
CT001087,A00577,sara27@ward.com,Monica,Lopez,COO,2025-08-21T07:36:05,2025-12-21T22:06:50
CT001088,A00343,joshuali@lopez.org,Rebecca,Le,Analyst,2025-06-25T00:09:19,2026-01-10T21:46:58
CT001089,A00412,fernandonovak@campbell.com,Tonya,Rodriguez,CFO,2025-11-24T05:21:25,2026-01-29T22:51:40
CT001090,A00814,marypowers@evans.org,Brian,Mcdowell,Director,2025-12-03T17:02:25,2025-01-11T11:54:53
CT001091,A01158,billy77@green.com,Sara,Harris,SVP,2025-12-06T04:50:37,2025-07-15T20:38:35
CT001092,A00905,ashlee11@garza.info,Anthony,Lang,VP,2025-07-07T11:19:05,2025-10-15T14:59:54
CT001093,A00847,cindy16@roy.info,Dawn,Saunders,VP,2026-02-21T05:39:06,2025-11-19T14:05:25
CT001094,A01159,mperry@nelson-herman.info,Catherine,Sloan,Coordinator,2025-01-21T03:40:25,2026-02-23T10:59:51
CT001095,A01045,xthomas@kemp.org,Jaclyn,Hahn,Director,2024-04-02T13:33:16,2024-04-17T21:04:51
CT001096,A01050,bmunoz@lara.com,Stephanie,Long,COO,2024-11-19T05:40:03,2026-01-17T23:58:04
CT001097,A01164,amandaherring@diaz-ramos.biz,James,Hooper,VP,2026-01-22T03:48:08,2026-02-04T17:56:50
CT001098,A00883,flee@harrell.com,Jessica,White,Coordinator,2025-11-14T15:49:09,2025-02-06T16:29:51
CT001099,A01105,uharrison@leon-rangel.com,Yvonne,Wilson,Coordinator,2025-07-10T16:36:57,2025-05-11T20:26:36
CT001100,A00372,reginarodriguez@brooks.net,Jacob,Johns,Director,2025-12-24T05:21:02,2026-02-18T03:13:23
CT001101,A00807,cindyjohnson@pollard-smith.net,Tasha,Hughes,SVP,2025-12-22T21:35:49,2025-07-18T06:30:44
CT001102,A00100,cproctor@anderson-li.net,Sarah,Short,Coordinator,2024-12-29T03:19:50,2024-09-15T10:48:30
CT001103,A00182,palmerclaire@webb.org,Samantha,Fernandez,Director,2025-09-02T04:55:07,2024-10-16T08:25:51
CT001104,A01053,angela52@hayes-rodriguez.com,Jessica,Martin,Director,2025-02-18T19:34:37,2025-10-04T05:25:07
CT001105,A00729,jacqueline73@miller-key.com,Jacob,Torres,Manager,2024-04-02T21:19:53,2024-12-31T23:58:31
CT001106,A00620,xrandall@franco.biz,George,Hunter,COO,2026-01-29T22:51:52,2024-07-04T22:52:18
CT001107,A00678,mayjennifer@drake.com,Lauren,Mccormick,Coordinator,2025-01-10T09:00:22,2024-08-22T02:14:52
CT001108,A00789,anthonyperez@hughes-yates.org,Janet,Ellis,COO,2026-03-01T16:06:53,2026-02-08T09:54:43
CT001109,A00690,lanebrittany@buchanan-wheeler.net,Carlos,Thompson,CFO,2026-02-13T10:51:16,2026-02-21T22:23:10
CT001110,A00474,wburns@brown-norton.com,Richard,Norris,Analyst,2025-08-10T11:48:32,2026-01-12T04:37:51
CT001111,A00381,cwilliams@frederick.com,Shannon,Contreras,CFO,2025-09-29T00:22:52,2025-09-29T04:17:04
CT001112,A00697,christophergomez@mcbride.org,Megan,Webster,Manager,2024-01-22T16:31:41,2024-04-17T10:19:00
CT001113,A00799,yrobinson@wells-decker.org,Christine,Spencer,VP,2026-02-14T19:59:43,2026-02-15T09:26:25
CT001114,A00597,drew78@moss-summers.net,Megan,Smith,VP,2026-01-13T14:10:23,2026-02-14T09:35:14
CT001115,A00150,amber12@russell.biz,William,Alvarez,CFO,2025-12-02T11:45:38,2026-01-11T10:29:11
CT001116,A00129,terryrodriguez@montgomery-york.net,Stephen,Garcia,COO,2024-08-26T09:33:47,2025-02-13T10:42:00
CT001117,A00698,alicia92@peters-garcia.com,Grace,Carlson,Director,2025-04-01T07:43:50,2025-01-27T19:46:41
CT001118,A00943,jasonriggs@hart.org,Jason,Mason,SVP,2024-09-12T19:58:24,2025-07-14T17:56:10
CT001119,A00286,erik51@browning.biz,Carl,Smith,COO,2025-11-15T02:36:32,2025-09-15T16:20:39
CT001120,A00811,cummingsallison@mendoza.biz,Dominique,Bell,Director,2025-08-27T01:26:08,2025-05-09T18:40:19
CT001121,A00465,tiffanypatterson@burton.biz,Karen,Briggs,Analyst,2025-10-24T03:00:58,2025-09-20T07:45:59
CT001122,A01031,ryanperry@ramos-johnson.com,Sandra,Wilkins,Director,2024-07-26T21:12:03,2024-07-30T02:15:08
CT001123,A00609,donna79@adams.info,Charles,Harmon,COO,2024-11-21T07:38:34,2025-10-05T13:32:19
CT001124,A00902,uthomas@morales-green.net,Jennifer,Terry,COO,2025-11-27T13:33:25,2025-12-26T06:17:47
CT001125,A00120,ujohnson@king-cordova.com,Christopher,Johnson,Manager,2025-03-02T21:15:57,2025-10-09T02:11:10
CT001126,A00604,xlong@ramsey.info,Douglas,Torres,Manager,2026-01-29T00:16:12,2026-02-11T21:57:25
CT001127,A00863,harrisjessica@smith-vargas.com,Diane,Flynn,Director,2025-06-28T13:36:03,2025-05-09T07:26:50
CT001128,A00988,moralescharles@sims-glenn.com,Glenda,Woodward,Coordinator,2025-12-15T23:16:16,2025-12-28T21:51:24
CT001129,A00464,rmonroe@jordan.info,Marcus,Rogers,Coordinator,2026-02-23T04:41:04,2026-02-20T00:26:28
CT001130,A00503,jason26@dudley.net,Joshua,Price,Director,2025-10-20T11:13:40,2025-10-18T07:10:26
CT001131,A00238,justinbrown@black.org,Kara,Green,Manager,2025-07-03T03:40:35,2025-09-04T03:02:16
CT001132,A01112,alicia02@walton.com,Bradley,Murphy,Director,2025-04-21T08:59:27,2025-03-07T12:14:34
CT001133,A00339,bob06@david-rodriguez.net,Paul,Bishop,VP,2024-07-19T16:19:02,2024-05-03T09:46:16
CT001134,A00091,justinjohnson@simpson.com,Vanessa,Smith,SVP,2025-12-16T01:44:41,2026-01-07T10:40:31
CT001135,A00418,travis64@lane-garrett.org,Ian,Torres,Analyst,2025-08-22T16:03:21,2025-07-24T03:27:15
CT001136,A01107,hudsonlance@baldwin-brown.com,Katie,Morales,Manager,2026-01-13T19:45:10,2026-02-24T14:59:22
CT001137,A00253,julie19@joseph.com,Brent,Thompson,Director,2026-01-16T13:42:43,2026-02-21T05:06:21
CT001138,A00980,edwardmaldonado@stout-henderson.org,Christine,Fisher,Analyst,2026-02-19T20:01:43,2025-09-19T10:58:01
CT001139,A01149,kevinchase@daniel.net,Veronica,Brown,COO,2025-12-10T22:45:18,2025-12-20T20:48:07
CT001140,A00251,alexandra08@bush.net,Patrick,Evans,SVP,2026-02-05T17:45:36,2025-04-25T06:43:40
CT001141,A00261,dianerasmussen@holt.com,Loretta,James,Analyst,2025-05-03T07:56:37,2025-08-15T15:22:49
CT001142,A00790,echristensen@downs-jackson.com,Jennifer,Kennedy,Manager,2024-12-25T22:00:44,2024-08-29T04:05:29
CT001143,A01192,qsmith@parker-wells.com,Amber,Cunningham,Director,2025-11-06T09:37:20,2026-02-05T02:34:04
CT001144,A00397,perezcarrie@johnson-williams.biz,Donald,Oconnor,Analyst,2025-03-28T03:03:11,2026-02-01T19:01:27
CT001145,A00714,logangraves@olson.org,Jeffery,Miller,Manager,2025-09-08T18:06:53,2026-02-14T10:13:26
CT001146,A00095,acostasarah@hernandez.org,Lisa,Perez,Manager,2025-10-10T13:31:01,2026-01-23T12:55:37
CT001147,A01160,jason24@martin.biz,Richard,Thompson,COO,2026-01-30T00:11:20,2026-02-28T16:39:07
CT001148,A00267,simmonspatricia@gutierrez-blake.com,Megan,Goodwin,VP,2025-09-29T03:30:30,2025-02-03T05:25:34
CT001149,A00132,ericksonzachary@pope-jones.com,Jennifer,Fields,CFO,2025-11-06T17:48:55,2024-08-29T01:50:22
CT001150,A00230,davisarthur@rich-hensley.com,Mike,Bauer,VP,2025-11-30T18:18:04,2025-11-06T21:44:35
CT001151,A01066,stevenho@lambert-davis.com,Calvin,Williams,COO,2025-03-09T02:32:22,2025-07-28T04:42:20
CT001152,A00462,derek88@sullivan-simon.net,Shelly,Smith,COO,2025-10-11T12:45:31,2026-01-02T14:39:42
CT001153,A00906,zimmermanjohnny@steele.com,Tara,Figueroa,Director,2025-05-21T23:19:59,2025-02-08T02:27:42
CT001154,A00115,marie64@delacruz.com,Lisa,Hansen,COO,2025-12-26T02:05:58,2025-04-26T06:18:01
CT001155,A00365,andersonjason@baker-ferguson.com,Robert,Gordon,CFO,2024-07-13T09:08:27,2025-10-24T19:26:42
CT001156,A00620,charlenerichardson@cooper.org,Seth,Underwood,COO,2025-10-19T14:26:33,2025-05-26T19:50:36
CT001157,A00577,melissareed@johnson-brown.biz,Donald,Lyons,Director,2025-06-21T14:35:11,2026-02-07T03:25:52
CT001158,A00862,michelle32@may.com,Jasmin,Simmons,Director,2026-01-18T03:48:15,2026-02-17T18:55:45
CT001159,A00135,rthompson@cunningham.biz,Christopher,Reyes,COO,2025-09-03T21:02:18,2026-02-01T15:02:13
CT001160,A00064,laura00@simpson.org,Gina,Martinez,Analyst,2025-02-27T03:00:15,2024-07-01T03:04:23
CT001161,A00597,wandaharvey@schaefer.info,Steven,Sutton,CFO,2025-12-16T20:55:30,2025-08-27T02:34:14
CT001162,A00386,xfrost@hartman-rivera.com,Virginia,Lopez,Director,2025-10-14T16:19:39,2024-07-08T16:11:48
CT001163,A00864,tyler46@jensen.info,William,Brooks,Coordinator,2025-08-31T12:00:43,2025-07-04T07:58:09
CT001164,A00758,rileydavid@pierce.org,Christine,Hays,Director,2026-01-28T06:02:09,2026-01-29T06:36:49
CT001165,A00638,nicholas32@larsen-franco.com,Jessica,Peterson,Analyst,2025-10-23T08:03:15,2025-11-06T14:05:14
CT001166,A00107,browncollin@johnson.com,John,Smith,Analyst,2025-11-14T17:16:58,2025-02-24T15:10:40
CT001167,A01078,joshuawebb@barnes-weber.biz,Angela,Peters,SVP,2026-01-27T02:08:50,2025-06-15T19:24:58
CT001168,A00246,bdennis@davis-romero.org,Donna,Jones,CFO,2025-09-21T22:30:14,2025-12-24T11:58:05
CT001169,A01146,krios@gross.net,Matthew,Wilson,CFO,2026-01-20T09:36:24,2025-08-17T21:24:27
CT001170,A00605,mjohnson@harris-campbell.org,Christopher,Roman,Director,2025-09-07T22:27:26,2025-03-05T15:05:09
CT001171,A00007,beckbrian@sims.com,Matthew,Ferguson,Coordinator,2025-03-01T09:46:47,2025-06-09T20:52:52
CT001172,A00376,tamaraholland@monroe-davila.com,Connie,Mitchell,Analyst,2026-02-26T16:20:18,2026-02-28T14:21:06
CT001173,A00032,brian36@rosario.com,William,Griffith,CFO,2025-11-16T19:33:53,2025-04-01T00:20:53
CT001174,A00266,pdonovan@sexton.com,Teresa,Aguirre,Analyst,2025-01-05T13:41:37,2025-12-02T20:15:25
CT001175,A00003,michaeladams@santos.com,Ryan,Wilkinson,Director,2025-09-11T07:47:57,2025-03-03T02:28:53
CT001176,A00351,janicecollier@reed.biz,Ashley,Wood,VP,2024-06-17T23:02:39,2025-02-24T19:11:31
CT001177,A00649,william68@bryant.biz,Kathryn,Hatfield,Analyst,2026-01-22T23:58:14,2025-04-22T17:21:39
CT001178,A00979,sabrinawright@perkins.com,Patricia,Moore,COO,2026-01-31T07:57:16,2025-09-28T03:04:27
CT001179,A00718,davisthomas@bell-lee.info,John,Zimmerman,Manager,2026-01-31T01:52:24,2025-12-17T02:20:41
CT001180,A00596,sonya11@anderson-miranda.org,Sandra,Moore,Manager,2025-07-15T16:09:59,2025-06-22T05:26:09
CT001181,A00006,preese@smith-matthews.com,Theodore,Grimes,Analyst,2026-02-04T10:32:35,2026-01-16T08:46:56
CT001182,A00106,michael31@salinas.org,Amanda,Carrillo,COO,2025-05-28T10:09:02,2025-10-05T17:34:09
CT001183,A00597,mlee@garcia-perez.info,Miranda,Gray,CFO,2025-09-20T12:52:43,2025-12-11T21:38:04
CT001184,A00926,pturner@fry-burns.org,Randall,Cowan,Analyst,2026-01-30T16:23:05,2026-01-11T16:25:36
CT001185,A00501,michaelclark@jones-johnson.com,Daniel,Brown,Coordinator,2025-04-30T19:19:53,2025-12-30T14:56:04
CT001186,A00584,evansdavid@weaver.com,Martin,Hill,VP,2026-02-19T19:05:40,2026-02-10T17:00:57
CT001187,A00917,devinklein@cooper.com,Isaac,Cox,SVP,2026-01-29T13:06:59,2026-01-21T08:22:45
CT001188,A00385,monicaporter@white.com,Christian,Garcia,Director,2026-01-06T20:27:06,2025-10-28T14:03:01
CT001189,A00361,qmartin@tucker.net,Olivia,Morris,Manager,2025-10-11T13:20:04,2025-09-23T05:00:04
CT001190,A00723,toddkathryn@martinez.com,Michele,Horton,COO,2025-07-13T11:28:25,2026-02-03T03:15:25
CT001191,A00998,rojasangela@navarro.info,Bobby,Harrison,Coordinator,2025-11-20T14:11:54,2025-12-10T10:37:35
CT001192,A01173,tapiaheather@hensley.info,Sydney,Campbell,CFO,2025-10-02T17:17:11,2025-05-11T22:10:08
CT001193,A00163,brownlouis@whitney.com,David,Marquez,CFO,2025-02-19T10:52:16,2025-12-28T03:16:15
CT001194,A00152,levans@moore.com,Cynthia,Osborne,Director,2024-06-15T20:58:51,2025-10-21T08:11:25
CT001195,A00138,morgan38@villanueva.com,Susan,Richards,SVP,2025-08-15T12:12:57,2025-07-03T10:57:51
CT001196,A01146,jenniferlopez@gonzalez-kennedy.com,Kimberly,Moore,Manager,2025-11-03T07:05:02,2026-02-02T08:41:14
CT001197,A00818,eblake@roberts-scott.com,David,Howard,Director,2024-10-09T09:20:14,2024-12-11T01:49:02
CT001198,A00316,jessica62@williams-cooper.net,Stephanie,Barry,VP,2026-02-09T19:02:18,2026-02-17T11:18:44
CT001199,A00882,amber59@garcia.org,Katherine,Brown,SVP,2025-12-04T19:05:29,2025-01-03T07:22:36
CT001200,A00801,thomas44@jensen.net,Matthew,Padilla,CFO,2025-06-15T20:32:17,2025-12-09T18:44:06
CT001201,A00801,martinezmichelle@walker.net,Lori,Thomas,SVP,2025-07-27T16:19:30,2025-06-24T04:28:07
CT001202,A00913,lamdaniel@garcia-hull.info,Robert,Kelly,VP,2025-10-23T05:50:19,2025-07-11T19:52:34
CT001203,A01020,wolfautumn@larsen.com,Earl,Little,SVP,2025-10-30T06:52:15,2024-12-22T06:03:27
CT001204,A01113,jefferydavis@nguyen-roman.net,Cody,Riddle,CFO,2025-05-15T21:39:59,2026-01-05T14:49:25
CT001205,A00839,wcampbell@payne.com,Rachel,Kelly,Manager,2025-04-06T11:21:08,2025-11-30T04:00:44
CT001206,A00649,benjamin38@brown.biz,Robert,Stone,VP,2025-03-28T14:39:27,2025-03-12T21:31:29
CT001207,A00898,edwardsjason@lynn.com,Dustin,Liu,Director,2026-02-15T02:52:11,2026-02-23T01:35:22
CT001208,A00539,selenadaugherty@hill-jordan.com,Joseph,Frazier,CFO,2025-05-03T14:11:41,2026-01-26T08:34:35
CT001209,A00028,smcintosh@stein.net,Angela,Cox,Analyst,2024-10-30T22:44:07,2024-06-20T18:32:36
CT001210,A00441,jwinters@ford-miller.com,Donna,Harvey,COO,2025-12-12T07:23:19,2024-07-01T11:08:43
CT001211,A00575,meltonrachel@perry.com,Jacob,Weeks,CFO,2025-07-09T08:01:47,2025-06-28T00:40:21
CT001212,A00782,guzmandebra@thomas-joyce.com,Matthew,Johnson,COO,2024-12-27T06:58:08,2025-10-30T00:03:32
CT001213,A00727,joneskendra@castaneda.com,Thomas,Zuniga,CFO,2024-05-01T18:04:21,2025-09-14T21:11:31
CT001214,A00946,davidmendoza@edwards.com,Troy,Rich,CFO,2024-01-08T13:44:15,2025-11-17T13:10:09
CT001215,A00613,qwagner@harris-brown.com,Jesse,Foster,VP,2024-12-01T10:00:22,2025-02-24T16:25:20
CT001216,A01040,zbranch@bryant-smith.com,Nancy,Preston,Analyst,2025-01-13T04:12:20,2025-09-09T08:33:44
CT001217,A00091,scottmontoya@short-peters.com,James,Ramos,Coordinator,2025-08-31T01:36:16,2025-08-15T16:17:18
CT001218,A00268,fletcherbailey@ray.com,Christopher,Lee,Coordinator,2025-10-16T22:48:10,2024-09-15T08:54:52
CT001219,A00065,timothy22@bowman.org,Jodi,Mcconnell,VP,2025-04-06T10:46:31,2025-09-21T18:29:11
CT001220,A00930,kevingraham@taylor-richardson.com,Randy,Parker,SVP,2026-01-26T02:51:15,2026-02-25T19:10:52
CT001221,A00409,amber77@randolph-carter.org,Jessica,Hill,Manager,2025-07-18T20:32:02,2025-10-29T20:48:55
CT001222,A00543,nicholastodd@weaver.net,Robin,Goodman,VP,2026-01-04T18:14:55,2026-02-23T17:02:29
CT001223,A00274,gabrielgonzales@mitchell-hardy.com,Thomas,Kelly,Coordinator,2025-09-14T16:58:21,2026-01-17T05:38:02
CT001224,A00798,susan53@sanford.com,Marc,Sexton,Analyst,2024-08-26T02:42:27,2025-03-17T03:52:20
CT001225,A00429,santanakatherine@williams.info,Sandra,Ponce,CFO,2025-11-04T20:54:29,2025-04-23T23:12:28
CT001226,A00957,dbooth@thompson.com,Susan,Wright,COO,2025-12-07T01:29:08,2026-01-23T14:42:46
CT001227,A00680,masseymatthew@mejia.com,Jasmine,Hanson,SVP,2025-12-27T20:21:41,2026-02-02T07:09:18
CT001228,A00329,alicia67@walker-soto.com,Kelly,Cohen,COO,2024-10-29T11:42:30,2025-11-04T01:22:01
CT001229,A00793,johntaylor@parks.com,Adam,Zuniga,VP,2026-02-07T02:06:38,2025-09-18T10:00:46
CT001230,A00180,wattskelly@davila-brown.net,Zachary,Craig,CFO,2025-08-19T21:49:13,2025-06-21T22:33:55
CT001231,A00832,pnunez@reed.org,David,Hammond,VP,2025-04-03T02:29:49,2024-11-10T20:09:17
CT001232,A01037,annettewest@osborne.com,Peter,Aguirre,CFO,2025-11-08T23:23:41,2024-06-06T12:56:29
CT001233,A00662,isingh@phillips-monroe.com,Rachel,Reese,Coordinator,2025-09-29T18:43:58,2025-03-09T09:19:12
CT001234,A00967,jacksonstephen@scott.com,Stephanie,Mcclain,VP,2025-01-18T05:35:12,2025-12-06T05:52:04
CT001235,A00364,jeffreygreene@love-olson.com,Colleen,Mitchell,Analyst,2025-11-30T05:43:31,2025-12-25T05:08:50
CT001236,A01108,boydkathleen@butler-anderson.com,Raven,Patel,Director,2024-12-05T09:35:18,2024-02-10T20:01:00
CT001237,A00683,danieljimenez@williams.com,Darlene,Parrish,Coordinator,2025-12-09T06:19:18,2025-10-29T12:52:59
CT001238,A00036,david95@gonzalez.com,Mark,Thomas,VP,2024-08-29T15:46:57,2025-11-17T04:32:04
CT001239,A00256,waltersjames@parrish.info,Deborah,Salas,SVP,2025-12-02T15:11:17,2026-02-19T07:12:16
CT001240,A00054,bonnieanderson@moore.com,Brian,Wagner,SVP,2025-10-15T05:43:01,2025-04-11T17:50:45
CT001241,A00577,courtneyjones@ortiz.com,Kimberly,Powell,Coordinator,2025-10-19T07:52:31,2025-12-08T04:40:35
CT001242,A00413,crystalgomez@bishop-nichols.com,Megan,Martin,VP,2024-12-24T21:23:36,2025-09-24T09:51:35
CT001243,A00002,kimberlywilson@krause-mckenzie.com,Amber,Salazar,Coordinator,2026-01-23T05:47:50,2025-12-22T11:36:24
CT001244,A00348,erikacraig@allen-lowe.com,Kelly,Smith,CFO,2025-10-01T19:35:31,2025-12-07T20:47:48
CT001245,A00400,jessicabailey@holder.com,Brian,Stevens,Coordinator,2024-08-02T07:59:01,2024-04-19T16:51:48
CT001246,A00290,fjones@bender.net,Bridget,Sanchez,SVP,2024-07-15T01:27:09,2024-11-22T10:49:38
CT001247,A01137,joshuawatson@stanley.com,Elizabeth,Miller,Manager,2025-07-20T18:13:48,2024-09-30T16:11:42
CT001248,A00571,hbecker@frost.com,Jessica,Ashley,Coordinator,2025-04-09T12:43:18,2026-02-14T10:54:55
CT001249,A00562,pperry@morgan-guerra.info,Roger,Jones,COO,2025-10-17T21:42:21,2025-11-05T22:26:00
CT001250,A01116,nicole63@brown-taylor.com,Jacob,Meadows,VP,2026-02-06T00:31:27,2026-02-01T04:17:51
CT001251,A00513,hcurtis@hutchinson-zavala.biz,Susan,Morris,CFO,2024-06-06T07:46:03,2025-11-02T13:07:54
CT001252,A00769,adamvega@avila-schwartz.com,Jon,Martinez,VP,2026-01-02T23:14:18,2026-02-03T10:52:30
CT001253,A00036,archerkyle@cook-logan.com,Colleen,Robinson,Coordinator,2025-12-08T09:04:49,2025-09-30T09:44:19
CT001254,A00675,hfranklin@brock.com,Gavin,Moss,VP,2025-12-21T10:43:17,2025-10-22T07:28:59
CT001255,A00542,jenniferproctor@franco-harper.org,Lori,Harris,Director,2025-07-31T15:56:51,2025-07-22T08:39:18
CT001256,A00390,valerie51@brown-lee.com,Vincent,Nash,Manager,2025-05-23T16:29:19,2025-03-23T19:07:21
CT001257,A00922,davidbrooks@davies-baker.org,Christine,Callahan,Director,2024-09-12T04:10:46,2025-11-19T10:04:47
CT001258,A00907,amartinez@powell.net,Susan,Parker,CFO,2026-01-22T17:38:28,2025-08-28T16:05:04
CT001259,A00785,garciayolanda@guerrero.com,Brendan,Santiago,COO,2025-10-10T11:00:53,2026-01-24T19:07:19
CT001260,A00412,colemandavid@cobb.biz,Thomas,Bentley,Director,2026-01-26T13:38:36,2025-08-14T11:29:17
CT001261,A00272,bgonzales@mitchell.com,Ryan,Hall,Director,2024-10-15T09:46:32,2025-10-25T18:02:33
CT001262,A00287,heathertorres@richardson.com,Barbara,Weaver,Director,2025-01-14T12:52:31,2026-01-17T04:10:16
CT001263,A00822,fevans@henry.com,Matthew,Carter,Director,2025-11-14T07:19:08,2025-08-01T08:57:38
CT001264,A00497,jking@reeves.org,Paul,Rodriguez,SVP,2025-12-27T09:29:20,2025-07-09T05:32:50
CT001265,A00633,nguyenamanda@fisher.com,Paul,King,Manager,2025-12-07T10:04:20,2025-12-25T05:53:40
CT001266,A01010,georgeryan@hess.com,Johnathan,Rodriguez,Coordinator,2025-09-20T19:14:47,2025-07-18T04:37:38
CT001267,A00018,dustin73@rodriguez.org,Theresa,Allen,CFO,2024-12-11T01:17:13,2024-08-29T03:25:03
CT001268,A00097,heatherwhite@garcia-keller.com,Angela,Dougherty,Coordinator,2025-11-14T13:54:14,2026-02-13T11:39:38
CT001269,A00557,osaunders@brown.info,Kimberly,Combs,SVP,2025-10-12T23:11:36,2026-02-17T16:19:24
CT001270,A00177,landrykim@wood.info,John,Hodge,CFO,2025-09-15T10:29:26,2024-05-13T11:01:42
CT001271,A01125,christophersmith@dunn.com,Preston,Novak,CFO,2025-09-27T11:38:48,2026-01-13T15:23:45
CT001272,A01010,vzimmerman@pierce.com,Jennifer,Blair,Analyst,2025-11-21T19:10:52,2025-08-28T21:05:34
CT001273,A00270,pamelaanderson@fuller.com,Nicholas,Gibson,Manager,2025-04-09T01:22:17,2025-12-17T08:26:46
CT001274,A00308,austinhodge@cortez.com,Robert,Dunn,CFO,2025-11-11T18:59:05,2026-02-11T18:12:23
CT001275,A00882,spencerryan@edwards.com,Meagan,Thompson,Director,2025-09-23T17:57:12,2024-11-04T14:24:52
CT001276,A00960,ryantracy@horton-martin.org,Joseph,Pearson,VP,2025-12-11T00:57:20,2025-08-24T04:25:01
CT001277,A00064,jessica15@welch.com,Edward,Snyder,VP,2025-01-31T08:08:45,2024-08-22T02:30:45
CT001278,A00517,ballardjames@ross-williams.biz,Debbie,Tate,Analyst,2025-11-26T09:39:24,2025-05-31T23:28:16
CT001279,A00183,tylergreen@gibson-smith.org,Bonnie,Hines,Analyst,2026-02-28T22:26:35,2026-03-01T09:34:23
CT001280,A00439,xruiz@chavez.com,Jesse,Moore,Director,2026-02-28T00:04:15,2026-02-23T04:51:11
CT001281,A01060,dean55@holt-wallace.com,Sarah,Russell,Analyst,2025-03-09T23:20:47,2024-05-05T08:19:44
CT001282,A00645,rodriguezmary@johnson.biz,Mary,Parks,Director,2025-09-17T15:46:45,2024-12-24T01:52:53
CT001283,A00915,sharon04@olson.com,James,Blackwell,COO,2024-09-30T01:32:56,2024-06-23T04:00:07
CT001284,A00571,alyssamoore@cole.com,Catherine,Lewis,Manager,2024-08-21T08:05:09,2025-07-05T16:59:32
CT001285,A01042,christine24@lee.com,Angela,Archer,COO,2025-12-13T09:38:41,2026-01-27T00:08:41
CT001286,A01036,haleygardner@davis.com,Benjamin,Harris,VP,2025-06-09T01:39:10,2024-08-24T03:06:39
CT001287,A00740,norrisstephanie@reynolds.net,Jason,Jennings,CFO,2025-01-18T05:25:05,2025-06-24T04:33:49
CT001288,A00921,kayla34@cook.com,Dennis,Hansen,VP,2025-12-09T01:08:45,2025-10-12T03:08:23
CT001289,A00840,lambkatherine@webster-melton.net,Natalie,Marshall,VP,2026-02-27T14:37:31,2026-02-15T00:16:02
CT001290,A00082,kingchristina@bradley.net,Denise,Robinson,VP,2025-10-28T03:34:55,2025-12-28T06:49:00
CT001291,A00765,jodimurphy@rangel.com,Jacob,Wright,Manager,2024-07-08T01:32:42,2025-04-01T18:53:22
CT001292,A00934,anthony59@curry.net,Jessica,Stephens,VP,2025-10-07T08:02:55,2025-07-14T23:47:13
CT001293,A00986,tammyclark@boyd.com,Julie,Brown,CFO,2025-10-19T03:49:42,2025-11-19T17:32:41
CT001294,A00358,cheyenneguerra@villa.net,Carlos,Finley,Analyst,2026-01-29T23:20:31,2026-02-05T09:36:19
CT001295,A00168,morrischristina@bell.info,Joshua,Turner,SVP,2026-02-24T21:37:58,2026-01-29T19:09:24
CT001296,A00614,stevenwilliams@allen-carter.com,Joshua,Warren,Manager,2024-12-03T12:41:49,2024-11-29T13:44:42
CT001297,A00360,carterdonald@williams.org,Daniel,Thomas,Coordinator,2025-10-12T12:25:42,2025-04-18T05:27:27
CT001298,A00346,rebecca47@lewis-reid.info,Tracy,Morrison,Analyst,2025-12-10T22:47:05,2025-07-06T17:08:38
CT001299,A01079,williamspears@mueller-wilson.com,James,Chavez,SVP,2025-11-19T20:55:49,2025-11-08T12:34:44
CT001300,A00981,hendricksbrittany@kemp.info,Andrew,Rivera,VP,2025-10-11T11:33:40,2025-10-17T16:53:20
CT001301,A00984,brobinson@williams.com,Stephanie,Martin,Manager,2025-08-12T13:56:11,2025-09-14T07:21:28
CT001302,A00528,rebeccarichardson@campbell.com,David,Jones,CFO,2025-01-04T22:32:48,2025-01-01T10:11:19
CT001303,A00777,makaylahunter@jensen-pruitt.com,Angela,Hamilton,Director,2025-08-20T08:50:07,2025-09-23T17:12:49
CT001304,A00526,gilmorealexis@miller-molina.com,Tracey,Crawford,Analyst,2024-09-11T08:11:07,2025-03-22T14:11:41
CT001305,A00060,christopher68@harmon-sosa.com,Michael,Pope,Analyst,2026-01-31T01:55:12,2025-10-31T14:03:59
CT001306,A00028,gknight@jones.com,Jessica,Parker,CFO,2025-02-21T09:17:00,2024-09-07T15:18:58
CT001307,A00392,jeffrey74@white.com,Bob,Fernandez,Manager,2025-08-28T08:14:09,2025-06-04T23:21:33
CT001308,A00906,ruizcindy@nelson.com,Charles,Walker,VP,2024-12-23T23:47:30,2025-10-16T00:41:16
CT001309,A00512,masseytamara@price.com,Megan,Dennis,VP,2025-02-21T21:27:06,2025-12-18T23:15:24
CT001310,A00681,uanderson@watkins.com,Denise,Santana,SVP,2026-01-25T06:19:40,2026-02-07T11:08:56
CT001311,A00260,lgarcia@chavez.com,Jessica,Bartlett,CFO,2026-01-04T04:38:20,2026-02-20T16:00:13
CT001312,A00505,rachelbender@rodriguez-key.com,Omar,Brown,Manager,2026-03-01T04:01:07,2025-03-06T23:58:10
CT001313,A00104,matthewgarcia@hunter-johnson.com,Eric,Schneider,SVP,2026-02-17T19:25:32,2025-07-29T11:49:36
CT001314,A00500,alexander57@nichols.com,Savannah,Baxter,COO,2025-04-04T20:10:04,2024-08-07T15:59:31
CT001315,A00161,thomas61@nixon-phillips.com,Mark,Silva,Director,2024-09-17T05:32:07,2024-11-01T10:36:13
CT001316,A00596,tmunoz@miller.com,Francisco,Page,Director,2025-07-30T01:24:19,2025-05-28T12:31:42
CT001317,A00218,rodriguezerika@graham-peterson.com,Richard,Hines,Director,2024-09-13T23:05:19,2025-10-29T05:51:40
CT001318,A00947,alecpena@johnson.biz,Krystal,Pearson,Director,2026-02-19T16:57:12,2026-01-26T00:06:01
CT001319,A00667,ericturner@may.com,Nicole,Marshall,SVP,2025-11-22T21:08:22,2026-01-17T00:08:07
CT001320,A00136,greenalejandra@mason-stewart.com,James,Olson,Director,2026-02-23T17:59:21,2026-02-23T06:03:40
CT001321,A00271,matthew89@taylor.com,Allison,Jacobson,COO,2026-02-22T00:55:32,2024-12-23T06:32:40
CT001322,A00777,emorris@perez.biz,Kirk,Garcia,VP,2026-01-07T02:15:23,2025-06-01T18:49:52
CT001323,A00132,briannarodgers@johnson.biz,Denise,Sellers,Coordinator,2024-09-18T21:41:57,2024-10-16T16:53:49
CT001324,A00911,crystalvasquez@miles.net,Kathryn,Taylor,SVP,2025-04-23T14:17:11,2025-12-16T06:14:51
CT001325,A00633,stephenray@lee.com,April,Vasquez,Manager,2026-01-25T11:27:52,2025-07-06T06:27:12
CT001326,A00509,richardweber@west.com,Steven,Bailey,Manager,2024-05-02T11:37:58,2025-01-30T20:38:51
CT001327,A00931,cmathis@newman.net,David,Ellis,CFO,2026-01-26T11:57:19,2026-01-22T21:04:47
CT001328,A00270,upatterson@caldwell.biz,Ann,Wilson,SVP,2026-02-06T01:34:35,2025-07-08T10:31:25
CT001329,A00611,smithashlee@curtis.com,Emily,Ramos,Analyst,2024-10-30T03:47:45,2025-04-23T05:23:14
CT001330,A00681,suzanne54@woodard-hansen.net,Vincent,Stephenson,Manager,2026-01-26T08:01:41,2025-12-25T22:13:28
CT001331,A01176,leahmartin@harris.com,April,Evans,Analyst,2025-12-10T06:58:03,2026-02-23T08:23:45
CT001332,A00821,brendarussell@dawson.net,Victor,Phelps,SVP,2025-07-11T03:43:08,2025-12-11T00:46:42
CT001333,A00619,jeffrey21@duran-hall.com,Patricia,Hendrix,Analyst,2025-11-14T15:56:36,2024-08-13T10:16:09
CT001334,A00409,gfisher@fuller.com,William,Cooper,CFO,2026-01-07T07:05:30,2025-11-30T00:08:31
CT001335,A00785,thomas32@lawson.info,Michael,Young,SVP,2026-01-05T05:06:52,2025-12-22T21:32:35
CT001336,A00358,michaelgraham@neal-king.com,Laura,Briggs,SVP,2026-02-27T04:34:49,2026-02-10T16:09:49
CT001337,A00169,rbowman@wright-duncan.org,David,Ingram,COO,2025-05-20T00:03:54,2025-10-13T06:05:47
CT001338,A00960,patriciamaddox@martinez.com,Erika,Chavez,VP,2026-02-14T06:23:55,2025-09-01T16:47:14
CT001339,A00021,sandovaleric@steele.org,Jessica,Pope,COO,2025-10-21T05:20:14,2025-09-05T15:07:35
CT001340,A00407,wendymclaughlin@brown.com,Bruce,Bradford,Analyst,2025-04-01T06:37:21,2025-04-27T00:09:04
CT001341,A00097,johnsonmary@rodriguez-johnson.biz,Kathleen,Browning,CFO,2026-01-04T18:22:11,2025-11-18T06:57:50
CT001342,A01171,pwells@rogers-english.com,Andrea,Lee,Analyst,2024-11-08T10:38:45,2024-10-12T01:22:44
CT001343,A00685,zruiz@phillips.info,Ethan,Jackson,Manager,2026-02-12T23:21:02,2026-01-27T18:30:50
CT001344,A01165,lijoseph@walker.com,Stephanie,Lopez,VP,2025-12-05T16:06:03,2026-02-16T17:37:07
CT001345,A00879,angelabrown@nichols.com,Alexandra,Berry,SVP,2024-11-08T16:38:35,2025-04-23T01:02:58
CT001346,A00431,blankenshipkevin@miles-reeves.com,Danielle,Simpson,Director,2024-11-26T16:35:53,2026-01-20T19:06:06
CT001347,A00843,smalljohn@rangel.com,Jeffrey,Hughes,Analyst,2024-11-04T01:14:25,2024-07-18T18:25:01
CT001348,A00686,annamitchell@jones.com,Travis,Pearson,Analyst,2025-06-17T15:17:36,2025-09-14T02:10:25
CT001349,A00290,sophiawheeler@griffith.biz,Diana,Perkins,Director,2025-07-16T04:50:46,2025-09-07T01:59:30
CT001350,A00745,ryanmurphy@henderson.org,Tracy,Lawrence,Analyst,2025-12-09T09:53:18,2026-01-28T13:38:24
CT001351,A00224,charlesjohnson@mcintyre.com,Susan,Nelson,Director,2025-12-08T18:07:03,2025-04-05T06:05:36
CT001352,A00643,katherine44@tucker.net,Christopher,Prince,Analyst,2025-07-19T18:46:53,2026-02-03T23:46:43
CT001353,A01081,webbjoseph@burke-stout.info,Cheyenne,Sanchez,Director,2026-02-07T08:54:25,2026-01-30T00:31:36
CT001354,A00706,james73@thomas-johnson.com,Kathleen,Morales,Manager,2026-02-07T19:58:16,2025-09-10T05:13:21
CT001355,A00012,warnersteven@melendez-cardenas.org,John,Gilmore,VP,2024-03-12T05:31:55,2024-08-13T21:50:03
CT001356,A00817,lauren52@curtis.com,Jeffrey,Howard,Coordinator,2026-02-11T18:48:36,2025-11-10T16:54:02
CT001357,A01075,qlewis@medina.com,Jessica,Richards,CFO,2025-03-06T01:06:19,2025-01-19T07:00:06
CT001358,A00097,laurenthomas@hampton.com,Jonathan,Hoffman,Manager,2025-10-27T20:56:27,2026-02-11T00:50:22
CT001359,A00066,kingrebecca@davies-rogers.net,Cheryl,Smith,Manager,2025-03-11T21:04:03,2025-08-30T10:15:20
CT001360,A00364,danahenry@arnold.com,Dawn,Hamilton,Analyst,2026-01-13T21:18:43,2025-12-20T23:15:27
CT001361,A01014,clarkejames@horton-mcgee.info,Marilyn,Johnson,CFO,2025-10-07T06:59:49,2025-07-02T11:23:34
CT001362,A00555,ellisandrew@morris-johnson.biz,Kevin,Anderson,Coordinator,2026-01-24T03:08:40,2025-11-26T05:24:50
CT001363,A00733,chasemercado@carter.info,Ralph,Mayo,Coordinator,2024-11-09T09:36:05,2025-02-05T16:21:54
CT001364,A00932,wrosario@bailey-miller.com,Kevin,Cannon,COO,2025-10-17T16:39:18,2025-12-30T10:41:50
CT001365,A00218,steven76@jackson.biz,Ricky,Wright,CFO,2024-12-14T23:28:14,2025-12-22T17:59:36
CT001366,A00177,awilson@benjamin-mercer.info,Tyler,Ortiz,Analyst,2026-02-06T00:05:27,2024-08-12T05:30:59
CT001367,A00542,brian95@foster.org,Garrett,Gallegos,VP,2025-06-25T05:24:08,2025-10-14T02:04:52
CT001368,A00142,millerdonna@cooper-pope.com,Christina,Taylor,CFO,2025-06-29T14:07:26,2025-08-22T06:09:49
CT001369,A00595,mccoyrichard@maldonado-smith.com,Ryan,Harrison,Manager,2025-07-29T03:05:17,2025-04-09T14:20:13
CT001370,A00179,rachelhawkins@morgan.info,Ann,Woodward,Director,2025-03-08T10:49:31,2025-02-19T10:22:28
CT001371,A00522,emmacruz@melton.com,Julia,Johnson,Director,2025-11-16T08:15:52,2025-10-26T04:49:28
CT001372,A00045,uwarren@evans.com,Alfred,Santana,COO,2026-03-01T20:39:42,2026-02-28T21:32:08
CT001373,A00892,cannonandrew@avery-hall.biz,Amy,Thompson,Coordinator,2025-02-22T00:17:58,2024-10-08T23:34:14
CT001374,A00625,shawnhammond@pennington-marshall.com,Darrell,Peterson,VP,2025-11-11T05:01:02,2026-02-09T10:17:05
CT001375,A00319,breanna73@sawyer.com,Maria,Kelly,Director,2025-12-25T09:08:50,2026-02-09T14:38:44
CT001376,A00556,christopherbaker@kline.net,Nicholas,French,COO,2026-02-19T12:18:08,2026-02-15T07:46:14
CT001377,A00731,yhodges@gomez-sanchez.com,Stephen,Harris,Analyst,2025-06-20T06:10:22,2025-11-17T05:05:56
CT001378,A00856,trujillomackenzie@kim-johnson.com,Christopher,Harrison,VP,2025-11-08T14:17:05,2025-12-26T22:19:00
CT001379,A01075,xlee@young.com,Christian,Mckee,CFO,2025-04-22T03:27:58,2026-02-23T04:47:38
CT001380,A00243,martinkrystal@castillo-collier.net,Andrea,Thompson,SVP,2026-01-16T04:39:04,2026-01-08T03:43:48
CT001381,A00799,brianlynch@gonzalez.com,Aaron,Montgomery,COO,2026-02-27T07:59:55,2026-02-17T18:53:26
CT001382,A00208,wbenitez@collins-burgess.info,Molly,Brown,Manager,2025-10-18T09:25:16,2025-12-02T14:40:45
CT001383,A00044,thomas87@wilkins.com,Kristin,Stone,VP,2025-05-02T15:54:42,2026-01-29T10:46:45
CT001384,A00730,rjohnson@pennington.biz,James,Barnes,VP,2024-04-14T15:21:30,2024-03-04T08:50:40
CT001385,A00984,davisalyssa@garcia.com,Karen,Craig,COO,2025-04-12T17:43:12,2025-10-21T02:57:20
CT001386,A00807,michellecole@johnson.com,William,Russell,Analyst,2026-01-05T01:12:31,2025-10-09T06:43:07
CT001387,A00353,christopher62@collins.com,Samuel,Price,SVP,2026-02-20T08:51:32,2024-12-02T22:26:29
CT001388,A00340,sharptyler@wright.com,Kelli,Gonzalez,Coordinator,2024-08-31T03:50:55,2024-06-10T03:47:34
CT001389,A00697,timothy85@rice.com,Mark,Martinez,VP,2025-05-03T04:22:36,2025-03-22T14:14:18
CT001390,A00810,daniel51@mckee-peters.com,Cory,Santos,SVP,2025-07-23T06:41:06,2025-10-14T17:18:44
CT001391,A00206,stevenjames@brewer.org,Patrick,Benson,Manager,2025-09-17T20:16:29,2026-02-21T10:47:24
CT001392,A00123,stevencarlson@cox.net,Marcus,Watts,Director,2025-01-14T10:29:46,2025-10-07T08:06:23
CT001393,A00025,jkim@pineda.com,Alicia,Tran,SVP,2026-02-17T03:42:16,2026-01-13T17:59:11
CT001394,A00515,hcurry@martinez.com,Debra,Wagner,Analyst,2025-12-03T04:44:35,2025-11-06T01:39:28
CT001395,A00675,dorisbrock@martinez-smith.com,Lisa,Williams,COO,2025-07-15T04:15:43,2025-10-25T07:54:17
CT001396,A01165,marcroberson@fields-ingram.net,Andrew,Patel,VP,2025-12-04T03:14:57,2026-02-05T04:45:35
CT001397,A00987,dennis27@ashley.net,Henry,Sanders,COO,2026-01-14T15:44:37,2026-01-30T15:13:10
CT001398,A00393,grahamheather@sanders.com,Sarah,Miller,CFO,2026-03-01T17:40:37,2026-01-14T01:39:36
CT001399,A00689,nblair@savage.com,Christine,Mann,Analyst,2025-06-09T15:22:34,2025-09-11T19:32:38
CT001400,A00666,lynchmark@warner-cobb.org,Chelsea,Hardy,Analyst,2025-09-26T08:15:09,2026-01-13T01:49:56
CT001401,A00484,dillonlee@steele-allen.com,Gloria,Griffith,Manager,2026-02-11T08:43:00,2026-02-14T09:23:04
CT001402,A00344,milleranna@woods.com,Andrew,Dennis,SVP,2025-12-19T18:01:44,2024-12-31T15:04:22
CT001403,A00382,hjackson@allen-jones.com,Elizabeth,Sims,Coordinator,2026-02-24T16:37:16,2026-01-23T23:20:03
CT001404,A00359,whitneycarroll@cole.com,Catherine,Rogers,CFO,2025-09-23T21:59:53,2025-12-02T04:59:15
CT001405,A00302,ssanchez@richards-wright.com,Patrick,Salinas,COO,2026-01-19T00:28:52,2025-09-11T17:10:55
CT001406,A00404,jtaylor@luna.biz,Lori,Garza,COO,2025-05-02T14:18:44,2025-01-15T12:32:53
CT001407,A01018,qramirez@henderson-clark.org,Christopher,Hernandez,CFO,2025-12-24T13:16:26,2025-05-28T04:51:04
CT001408,A01143,smithmadison@kennedy.biz,Andrew,Trujillo,CFO,2026-01-18T04:18:34,2026-02-20T10:24:45
CT001409,A01147,charlesjones@sanchez.com,Jim,Robinson,COO,2025-03-30T08:27:18,2025-02-01T19:58:32
CT001410,A00226,kelleyjonathan@ramirez.info,Michael,Miller,SVP,2026-03-01T19:13:00,2025-06-23T00:55:00
CT001411,A00802,eric85@andrews.biz,Stephen,Jones,Coordinator,2025-10-27T13:26:03,2025-09-21T21:10:08
CT001412,A00583,deanfleming@cole.com,Beth,Henson,COO,2026-01-06T03:53:59,2026-02-02T04:51:19
CT001413,A01148,allensarah@carter-perez.com,Jacqueline,Murphy,SVP,2024-09-15T06:56:56,2024-06-15T10:10:00
CT001414,A00833,jeffreyorozco@walker.com,Lisa,Henderson,COO,2026-01-18T22:01:46,2026-02-25T02:39:41
CT001415,A00971,colonalexander@key.net,Kyle,Hartman,Manager,2026-02-25T14:47:56,2025-08-27T12:27:36
CT001416,A00978,danaevans@melton.com,Kathy,Hughes,Analyst,2025-08-05T09:32:38,2025-04-19T22:41:01
CT001417,A00771,delgadonatasha@ortiz-mclaughlin.biz,Courtney,Johnson,VP,2024-07-15T03:16:46,2024-05-16T18:05:20
CT001418,A00823,randall21@lozano.biz,Todd,Lewis,CFO,2026-02-15T17:06:25,2025-11-29T06:33:13
CT001419,A00973,jarvisamber@gonzales.com,Sandra,Bowman,Analyst,2025-12-24T00:53:18,2026-02-25T06:20:26
CT001420,A00139,mprice@tucker.com,Deborah,Martinez,Analyst,2026-01-13T15:30:03,2026-01-15T12:04:51
CT001421,A00437,acostawilliam@andrade.org,William,Stephenson,Analyst,2025-08-11T16:32:51,2026-01-28T20:46:31
CT001422,A00912,jenniferray@newton.com,Erin,Dorsey,CFO,2025-09-06T10:29:27,2026-02-23T17:52:30
CT001423,A00601,robert80@walker-howard.com,Randy,Stewart,CFO,2026-02-23T21:11:25,2025-11-30T07:28:59
CT001424,A00649,lgomez@santana.net,Sarah,Brooks,SVP,2026-01-19T18:31:46,2025-07-12T04:21:19
CT001425,A01116,lindseyray@li.biz,Sheila,Huynh,VP,2025-09-14T14:05:48,2026-01-21T03:26:33
CT001426,A00614,daniel01@higgins.net,Julie,Jackson,Coordinator,2025-08-15T18:35:59,2025-03-03T23:24:13
CT001427,A00035,monica27@butler.com,Lauren,Abbott,Coordinator,2026-02-16T09:41:20,2026-02-24T01:20:44
CT001428,A00132,ashley54@wood.com,Jimmy,Simpson,Analyst,2025-10-06T11:50:49,2025-03-22T18:38:03
CT001429,A00266,johnathanford@hernandez-nguyen.org,Cody,Mathews,Coordinator,2025-07-17T22:07:48,2024-10-13T22:16:07
CT001430,A00082,christina74@frey-davis.net,Kenneth,Maldonado,Director,2025-07-25T00:35:39,2026-01-08T17:59:29
CT001431,A00479,nicholas16@leon.net,Dorothy,Dixon,VP,2025-10-24T18:43:01,2025-10-11T19:50:19
CT001432,A01142,emily97@clayton.info,David,Hubbard,SVP,2024-06-06T06:31:12,2025-10-26T04:55:24
CT001433,A00931,dennis82@smith.com,Connor,Lee,COO,2025-12-31T18:23:49,2026-02-02T23:39:32
CT001434,A00207,alvaradoedwin@williams.com,Kimberly,Andrews,Manager,2026-02-14T06:49:30,2025-10-03T06:37:17
CT001435,A00339,robertsellen@neal.com,Nicole,Young,SVP,2024-10-09T22:06:49,2024-09-02T20:21:52
CT001436,A00597,asimpson@willis.com,Debra,Webster,Coordinator,2026-01-20T15:02:31,2025-11-11T03:18:36
CT001437,A00157,reyesjohn@hernandez.net,Eileen,Short,SVP,2025-06-11T15:19:03,2024-12-08T04:34:25
CT001438,A00568,hamiltonivan@pineda-carr.info,Joseph,Barron,SVP,2024-11-25T23:06:26,2024-04-13T14:15:48
CT001439,A00115,natashawiley@mora.com,Kevin,Collins,Manager,2025-12-13T16:23:02,2025-01-26T15:34:35
CT001440,A00828,davisashley@turner-acosta.info,Lisa,Becker,VP,2025-04-11T11:24:43,2025-07-04T03:11:56
CT001441,A00557,alexanderalex@meza.com,Michael,Lee,VP,2025-11-16T09:03:53,2025-07-17T04:35:50
CT001442,A00451,scottmelissa@ortega.com,Charles,Clayton,SVP,2025-10-01T14:40:48,2025-11-11T01:24:19
CT001443,A00002,codycohen@lyons.com,Kevin,Aguilar,SVP,2025-05-05T17:33:28,2025-04-29T08:18:36
CT001444,A00724,phillip10@glass.biz,Bryan,Case,Manager,2026-02-28T13:42:01,2026-02-07T22:12:01
CT001445,A00064,chad40@combs.com,Matthew,Duran,VP,2025-08-24T22:58:23,2026-02-07T17:31:37
CT001446,A00539,stephanie51@lang.info,Kimberly,Taylor,Coordinator,2025-07-05T04:47:00,2025-09-29T01:01:02
CT001447,A00849,laura89@jones.biz,Lindsey,Campbell,Coordinator,2026-02-03T06:24:21,2025-11-20T13:47:00
CT001448,A00055,rmartin@burgess.org,Marc,Evans,SVP,2025-04-05T08:50:52,2025-04-13T08:45:43
CT001449,A00036,christy33@bell-lane.com,Jeffrey,Richardson,VP,2024-09-02T06:13:55,2025-05-30T00:26:49
CT001450,A01103,kimberlyclark@davis.com,Patrick,Gonzales,Coordinator,2025-10-06T09:28:08,2026-01-14T21:27:37
CT001451,A00775,ryan92@fuller.info,Richard,Johnson,Analyst,2025-05-11T03:55:21,2025-04-27T18:44:37
CT001452,A00801,markbates@kelly-chen.com,Christopher,Reese,CFO,2026-03-01T12:05:47,2025-12-29T20:02:32
CT001453,A00886,flopez@henderson.biz,Lisa,Hamilton,CFO,2025-05-19T17:47:45,2024-12-11T17:32:08
CT001454,A00702,lori94@marshall-sampson.info,Derek,Gomez,COO,2025-02-27T19:51:42,2024-06-13T21:37:16
CT001455,A00142,lprice@ferguson.com,Claudia,Rice,Manager,2025-09-20T11:56:19,2026-02-21T04:19:27
CT001456,A00894,emilyrobbins@goodwin-parrish.org,Ashlee,Hensley,Analyst,2025-01-24T01:48:12,2025-03-10T10:34:44
CT001457,A00576,mcgrathlarry@vasquez-diaz.org,Ashley,Ellis,Coordinator,2025-08-26T18:42:47,2025-11-03T06:02:32
CT001458,A00906,johnstonsara@murphy-cox.org,Philip,Baker,Coordinator,2025-04-13T20:47:27,2026-02-23T13:26:45
CT001459,A00899,tchavez@hull.com,Maria,Thomas,Coordinator,2025-11-26T21:02:21,2025-10-10T21:30:06
CT001460,A00577,bking@atkinson-wright.com,Derek,Harper,COO,2025-07-25T07:48:44,2025-06-18T13:38:23
CT001461,A00661,dennisford@graves.com,Kristen,White,SVP,2026-02-09T15:07:14,2026-02-08T23:32:01
CT001462,A01102,rramirez@anderson.com,Margaret,Williamson,VP,2026-02-06T15:33:20,2025-08-11T15:44:08
CT001463,A00467,qzavala@cunningham.com,Dawn,Martin,Coordinator,2025-03-12T00:53:26,2025-11-26T10:12:56
CT001464,A00943,holmesalex@hartman-garrison.com,Brian,Valencia,CFO,2024-06-17T15:05:29,2024-08-08T03:35:32
CT001465,A00366,zhayden@smith.com,Angel,Reed,VP,2025-03-31T02:59:15,2025-03-19T14:09:14
CT001466,A00752,oholland@vincent-williams.org,Shaun,Thomas,COO,2024-05-19T06:08:56,2026-01-01T17:53:02
CT001467,A00044,scotthowe@francis.net,Gregory,Sherman,Director,2025-04-27T03:38:21,2026-02-09T09:59:00
CT001468,A00125,bsanchez@carroll.com,Nathaniel,Cooley,SVP,2025-04-19T19:22:01,2025-04-01T06:16:26
CT001469,A01040,gonzaleskayla@ryan-allison.net,Jennifer,Kirk,SVP,2024-12-11T11:29:56,2025-07-14T06:25:42
CT001470,A00623,jshields@ramirez.net,Christopher,Kidd,Coordinator,2025-06-19T09:03:11,2025-07-25T12:38:22
CT001471,A00452,wrobinson@campos-phillips.com,Erica,Herrera,COO,2025-11-29T05:47:00,2025-08-28T08:32:53
CT001472,A00065,jaime88@moore-taylor.com,Walter,Miller,Coordinator,2025-10-26T20:25:05,2025-11-28T23:35:03
CT001473,A00103,steelemark@ramsey.com,Maria,Noble,VP,2025-09-10T16:09:51,2024-10-29T18:32:34
CT001474,A01029,jason64@williams-carr.com,Andrea,Peters,Coordinator,2025-08-22T15:30:54,2025-07-19T03:04:32
CT001475,A00743,smorgan@johnson-brewer.com,Hector,Reid,Analyst,2026-01-18T20:04:35,2026-01-26T10:56:05
CT001476,A01091,nicholas88@berry.net,Cameron,Kerr,SVP,2025-07-10T20:15:02,2025-12-15T20:30:10
CT001477,A00120,hoodstephanie@lopez.com,Ariana,Brown,Director,2024-11-22T16:45:52,2025-04-21T17:06:35
CT001478,A00453,jonathanwolfe@howard-little.org,Laura,Wright,VP,2024-07-12T08:58:04,2024-09-24T19:47:52
CT001479,A00763,iramos@howard.com,Matthew,Perkins,VP,2025-02-09T01:26:54,2025-10-29T17:41:54
CT001480,A00247,hfreeman@clark.com,Karen,Vaughn,Analyst,2024-11-25T02:59:56,2025-02-12T22:41:44
CT001481,A00005,camachojessica@russell.biz,Emily,Hayes,Coordinator,2025-10-07T21:40:26,2026-02-19T17:41:48
CT001482,A01107,pamelakelly@sanchez-black.com,Rebecca,Martin,COO,2025-12-06T02:19:26,2026-01-19T15:49:00
CT001483,A00281,zsmith@wilkerson.info,Todd,Johnson,Coordinator,2026-02-22T03:23:07,2026-02-27T22:26:37
CT001484,A00655,tiffany98@velez-hayes.info,Benjamin,Taylor,CFO,2025-09-14T06:39:08,2026-01-08T02:34:06
CT001485,A00710,rryan@cortez.biz,Kristen,Hughes,Manager,2026-02-22T04:18:53,2025-09-29T08:42:33
CT001486,A00948,donaldsmith@cervantes-bennett.com,Charles,Simon,Director,2025-12-24T17:55:34,2026-01-31T19:03:31
CT001487,A00038,grossdanielle@cuevas.com,Dalton,Lawrence,Director,2026-01-03T15:15:01,2026-02-01T17:59:15
CT001488,A00327,huffdiana@olsen-rubio.biz,Samantha,Nunez,VP,2026-02-02T05:33:09,2026-01-29T20:00:08
CT001489,A00191,wilsonmark@brown.com,Christopher,Mccoy,Manager,2025-11-04T04:12:17,2026-02-02T09:56:07
CT001490,A00718,craigmiles@gardner.com,Lance,Carr,SVP,2026-02-01T22:06:36,2025-12-03T04:56:55
CT001491,A00619,cisnerosandrea@paul-nguyen.org,Thomas,Walker,VP,2025-06-20T14:05:28,2025-10-22T19:05:32
CT001492,A01031,ortizthomas@ibarra-stone.com,Robert,Morgan,CFO,2024-05-22T12:19:06,2025-12-08T14:44:31
CT001493,A00818,melissa63@vega.com,Julia,Rojas,Analyst,2025-01-22T00:13:25,2024-09-23T15:57:57
CT001494,A01024,ryanross@hunter-goodwin.com,Connie,Rivas,Manager,2024-12-17T18:45:33,2025-06-02T01:53:13
CT001495,A00327,gabrielle17@kennedy.com,Sarah,Lane,SVP,2026-02-24T22:16:49,2026-02-08T11:30:40
CT001496,A00488,jennifercampbell@castillo-ryan.com,Robert,Sandoval,COO,2025-12-07T14:27:43,2025-04-20T03:47:18
CT001497,A00716,donaldevans@hopkins.biz,Sean,Valdez,Manager,2024-11-30T21:06:45,2026-01-15T05:39:38
CT001498,A00510,bentleycory@cortez.biz,Renee,Willis,Analyst,2024-09-01T05:46:14,2025-10-15T09:47:31
CT001499,A00151,james96@wallace.com,Joshua,Donovan,Director,2024-09-07T01:22:01,2025-10-08T14:07:23
CT001500,A00644,piercejohn@reyes-haynes.com,Katie,Reed,COO,2026-01-04T12:13:24,2025-08-28T22:20:27
CT001501,A00469,jackevans@martinez-brown.net,Allison,Jones,Director,2026-02-07T01:37:40,2026-02-24T19:31:49
CT001502,A01047,crystal37@brown.com,Dawn,Lopez,Analyst,2025-12-31T17:43:11,2026-02-15T01:17:23
CT001503,A00953,vargasjulie@luna.com,Steve,Hampton,Director,2026-02-26T15:13:08,2026-03-01T13:40:25
CT001504,A00571,jrogers@li.net,Alan,Ortiz,Analyst,2024-08-29T11:26:09,2025-06-30T23:37:28
CT001505,A00901,gcarey@hunt.com,Jasmine,Jones,VP,2025-09-06T06:30:01,2025-12-30T03:17:19
CT001506,A00132,hannahfritz@shaw-cisneros.com,Molly,Hull,VP,2025-12-19T16:16:21,2025-12-24T06:05:43
CT001507,A00675,sarakim@gates.com,Peggy,Shannon,COO,2025-05-15T09:38:24,2025-06-01T19:06:12
CT001508,A00058,kcox@thomas-vasquez.net,Daniel,Hardy,Analyst,2026-01-05T15:29:10,2026-01-30T23:08:38
CT001509,A00601,emily47@lopez-buchanan.com,William,Moore,VP,2025-12-30T14:22:03,2026-02-22T09:22:14
CT001510,A00828,mbrown@russell-grant.info,Erika,Miller,VP,2025-10-24T04:52:52,2025-03-05T17:23:51
CT001511,A00804,ribarra@stone.biz,Brett,Henson,Director,2024-12-17T22:20:29,2025-05-02T19:37:44
CT001512,A00669,hernandezdonna@patterson.com,Dylan,Johnson,CFO,2025-10-05T18:12:38,2025-08-30T04:22:06
CT001513,A00104,catherineburke@smith.com,Todd,Adkins,Director,2025-11-07T19:26:27,2025-07-08T02:29:10
CT001514,A00017,mcmillanryan@medina.biz,Timothy,Jones,CFO,2025-08-18T02:59:34,2025-08-16T20:20:14
CT001515,A00348,cbrooks@mooney-haney.com,Monique,Camacho,Coordinator,2025-09-08T06:17:22,2025-03-10T06:52:56
CT001516,A00295,timothyoliver@miller.org,Stephanie,Craig,CFO,2025-01-19T03:18:26,2026-01-13T03:04:58
CT001517,A00697,cooperjeffrey@glass.com,Rebecca,Carter,Manager,2024-03-18T23:23:22,2025-09-19T22:29:47
CT001518,A00606,whull@miller.net,Erica,Black,Coordinator,2024-10-03T05:58:47,2024-12-05T08:06:15
CT001519,A00435,nataliewilliams@figueroa.com,Jennifer,Salazar,VP,2024-11-12T05:26:44,2024-06-20T16:39:46
CT001520,A01016,nicholastorres@cole.com,Shane,Foster,Analyst,2025-09-29T10:07:39,2025-09-22T13:20:45
CT001521,A00897,ashleyturner@miller.net,Kristie,Hill,Coordinator,2025-04-06T22:48:26,2024-04-13T07:22:25
CT001522,A01170,tracywood@mckee-hayes.com,Melissa,Marshall,COO,2024-09-30T19:31:12,2026-01-07T23:39:24
CT001523,A00610,millerbrittany@delgado-ford.org,Leonard,Conley,Coordinator,2024-06-11T15:59:54,2025-05-16T21:40:46
CT001524,A00648,eharris@good.com,Caroline,Flores,CFO,2026-02-12T00:30:28,2025-10-31T18:06:11
CT001525,A01116,jjohnson@blankenship-butler.com,Allison,Maddox,Director,2025-09-01T06:08:23,2025-12-29T20:24:24
CT001526,A00270,zwilliams@shea.com,Keith,Arnold,Analyst,2025-11-30T00:11:05,2025-09-17T18:45:33
CT001527,A00558,pattersonnicole@allen-miles.net,Jonathan,Cooper,SVP,2025-05-07T18:04:57,2025-07-09T22:27:26
CT001528,A00906,cynthiashepherd@anderson-nelson.info,Michael,Harris,SVP,2025-02-02T15:13:35,2025-02-15T06:13:30
CT001529,A00498,lmccoy@paul.net,Eddie,Mosley,SVP,2024-10-24T06:55:01,2024-12-28T20:30:04
CT001530,A00658,jameswebb@richardson.org,Patrick,Jenkins,CFO,2024-06-15T06:55:58,2024-10-26T04:27:37
CT001531,A00264,alan60@wyatt.biz,Michael,Fox,Director,2024-07-16T17:31:58,2026-01-15T06:50:26
CT001532,A00944,fgomez@hester-johnson.com,Michael,Tran,Analyst,2026-02-23T12:53:11,2026-02-23T09:10:03
CT001533,A01150,nunezgina@perry.com,Michael,Allison,COO,2026-02-22T01:11:06,2026-02-23T04:43:19
CT001534,A00866,zcastillo@bowman.biz,Andrew,Medina,Manager,2025-05-21T20:18:17,2025-09-22T14:39:26
CT001535,A00490,jessica38@stark.biz,Theresa,Le,VP,2025-10-08T17:38:15,2025-08-05T06:40:05
CT001536,A00506,troytaylor@henderson.com,Alexander,Shelton,SVP,2026-02-11T08:53:34,2025-08-28T21:32:30
CT001537,A00546,cbates@poole.org,Cory,Reyes,Coordinator,2024-08-01T11:09:51,2024-04-21T06:06:19
CT001538,A00031,wattskathleen@reynolds.biz,Amy,Johnson,SVP,2025-10-12T09:43:33,2026-01-15T16:01:50
CT001539,A00851,uwhite@rivera.com,Andrew,Clark,COO,2024-08-14T15:19:31,2025-01-25T16:15:47
CT001540,A00616,fwalter@yoder.com,Donna,Bell,COO,2025-05-14T19:18:31,2024-06-29T16:51:13
CT001541,A00193,shelley50@mercado.net,Beth,Solomon,Coordinator,2025-12-28T19:39:33,2026-01-07T12:56:18
CT001542,A00639,delgadosarah@obrien.com,Michael,Baker,SVP,2025-06-09T11:23:15,2025-10-25T10:43:45
CT001543,A01088,debbiescott@parks.com,Deanna,Miller,CFO,2024-11-27T12:00:54,2024-12-24T18:48:11
CT001544,A00613,ericagonzalez@thomas.com,John,Smith,Analyst,2025-01-11T16:37:47,2024-11-07T10:06:26
CT001545,A00773,pfuller@taylor.biz,Jessica,Smith,Manager,2024-10-11T22:40:52,2024-03-17T13:34:14
CT001546,A01157,lynn74@crawford-pena.com,Alexander,Chen,Manager,2025-12-06T19:08:58,2026-01-16T01:15:16
CT001547,A00039,martinezanthony@wallace.net,Tony,Bryan,Manager,2025-10-31T10:39:02,2026-01-17T23:02:55
CT001548,A00565,vrose@benitez.com,Dana,Lee,COO,2025-09-27T02:22:05,2025-04-30T05:55:23
CT001549,A01084,michaelparsons@phillips.com,William,Rush,COO,2024-10-28T03:55:31,2024-06-03T00:32:30
CT001550,A00116,gonzalezjudith@dillon-harris.com,Timothy,Cooley,Manager,2025-01-17T23:11:39,2026-02-22T02:06:53
CT001551,A00397,fisherlawrence@sanchez.com,Connor,Dunlap,Manager,2026-01-18T03:49:34,2026-02-12T22:11:41
CT001552,A01027,fosterlauren@keller.com,Tina,Gomez,SVP,2026-02-12T17:45:19,2025-09-25T11:41:32
CT001553,A00324,pgarrett@burnett-jackson.com,Alexander,Adams,VP,2025-08-01T07:17:48,2025-05-29T19:39:57
CT001554,A00996,lindsaymueller@jackson.com,Sandy,Morales,COO,2025-08-08T22:39:35,2025-12-03T17:47:46
CT001555,A00184,sherrycole@holmes.com,Julie,Smith,VP,2025-06-17T17:22:33,2025-08-19T08:48:20
CT001556,A00912,erivera@maxwell.com,Catherine,Allison,CFO,2026-02-20T00:58:12,2026-01-09T03:27:50
CT001557,A00652,tonya99@bell-mcdonald.net,Ashley,Howard,Analyst,2025-04-22T15:46:53,2025-07-30T06:22:38
CT001558,A01076,vhill@obrien-craig.net,Donna,Blake,CFO,2025-12-09T20:53:22,2024-11-13T04:55:56
CT001559,A00385,cbrown@martin.com,Kristen,Carter,VP,2026-02-07T11:52:12,2025-10-15T13:41:37
CT001560,A00250,jenniferrodriguez@carter.com,Natalie,Hall,Coordinator,2025-10-12T04:57:45,2025-10-26T04:43:16
CT001561,A00952,hensondeborah@dennis-martin.com,Nicholas,Lee,Manager,2025-09-20T22:17:54,2025-10-08T00:42:28
CT001562,A00636,caitlynfleming@morgan.com,Geoffrey,Carrillo,Manager,2026-01-22T20:02:05,2026-02-28T23:40:22
CT001563,A00604,eric02@howard-wheeler.com,William,Reynolds,COO,2025-12-12T07:37:06,2026-01-19T23:02:40
CT001564,A00881,omccarthy@french.com,Kevin,Snyder,SVP,2025-07-06T22:40:31,2025-08-09T20:17:18
CT001565,A00025,adrianperez@gilbert-anderson.info,Robert,Smith,Analyst,2026-01-16T04:54:36,2026-01-19T06:02:42
CT001566,A00309,oreyes@lopez.org,Scott,Cruz,SVP,2025-04-01T05:57:12,2024-10-19T17:38:15
CT001567,A01159,andrea13@davis.info,Michael,Long,Manager,2024-07-08T09:36:48,2025-12-24T17:03:26
CT001568,A00941,bryan43@huff.com,Jimmy,Rice,Coordinator,2025-06-01T01:26:12,2025-12-13T04:04:57
CT001569,A01008,thale@coffey.com,Jennifer,Harris,Analyst,2025-07-21T13:48:45,2024-09-02T23:23:38
CT001570,A01097,lgarcia@barron-mullins.net,Olivia,Smith,VP,2026-02-14T17:10:11,2024-10-27T18:27:15
CT001571,A00756,robert38@white.com,Edgar,Hernandez,VP,2025-05-28T12:38:28,2024-08-23T13:38:38
CT001572,A00318,williamsjustin@powell.com,Jenna,Callahan,Manager,2026-02-14T10:23:42,2026-02-09T02:15:13
CT001573,A00627,michael64@hull.com,Sarah,Holmes,Director,2025-12-11T03:23:43,2024-09-10T02:41:14
CT001574,A00974,allenmichael@barber.net,Amy,Ramirez,Director,2024-05-23T02:02:59,2025-03-20T17:40:37
CT001575,A01110,elizabethcox@smith-gross.com,Robert,Fernandez,Manager,2026-02-14T08:51:16,2026-02-18T09:48:50
CT001576,A00558,whiteheadandrea@peterson.com,Gail,Maddox,VP,2025-08-29T18:42:17,2025-05-27T10:47:24
CT001577,A00384,douglascohen@townsend-huber.com,Michael,Martinez,Manager,2025-02-14T11:55:19,2025-08-29T12:12:36
CT001578,A01112,idouglas@morgan.com,Theresa,Anderson,Director,2025-09-07T06:52:32,2025-09-27T10:27:20
CT001579,A00225,stephanie84@hebert-fleming.info,Brad,Gomez,COO,2024-12-20T18:04:53,2024-12-06T05:38:18
CT001580,A00778,sandra46@cole.com,Richard,Barnes,Director,2025-09-29T23:02:04,2025-07-13T15:08:55
CT001581,A00892,sheryl70@cummings-burns.com,Charlotte,Brown,Coordinator,2024-09-08T19:59:55,2025-10-04T11:01:09
CT001582,A00196,paulhernandez@gibson.info,Katherine,Rodriguez,SVP,2025-07-02T07:35:04,2025-11-05T08:22:19
CT001583,A00280,gdunlap@macdonald.com,Dustin,Kelly,CFO,2025-03-12T05:29:22,2025-04-09T15:28:42
CT001584,A00178,zhart@leach.net,Amanda,Anthony,SVP,2025-09-18T06:10:04,2025-10-31T23:55:33
CT001585,A00766,mitchellkevin@munoz.com,Jose,Lyons,COO,2026-01-27T06:13:45,2026-01-23T04:24:20
CT001586,A00028,joshuamoran@george.biz,Katie,Miller,COO,2026-02-16T16:12:28,2024-09-07T01:03:18
CT001587,A00047,kristenwilson@moore.com,Grace,Hansen,CFO,2025-03-26T12:49:23,2025-08-22T19:04:20
CT001588,A00325,jramos@lindsey.org,Richard,Morris,Manager,2025-12-12T21:34:48,2026-02-14T04:28:14
CT001589,A00008,xjenkins@roberts.info,Angela,Colon,Analyst,2025-06-04T01:11:07,2025-05-01T05:06:31
CT001590,A00091,matthew71@carrillo.info,Heather,Campbell,VP,2025-08-14T19:38:33,2025-12-23T16:08:14
CT001591,A00490,morenoscott@gonzalez-mendoza.net,Mary,Green,SVP,2025-08-08T04:16:08,2026-02-15T04:12:18
CT001592,A00053,ahernandez@griffith-martin.biz,Julie,Rodriguez,Coordinator,2025-10-22T19:43:03,2026-01-06T03:11:09
CT001593,A00570,qjones@gilbert.biz,Dennis,Hale,Analyst,2025-05-07T05:49:21,2025-08-09T21:00:59
CT001594,A00488,staceyryan@johnson.com,Jennifer,Ortiz,Director,2026-02-15T15:09:14,2026-02-17T04:18:54
CT001595,A00185,christopher32@cooper-mccall.com,Jessica,Allen,Coordinator,2025-05-20T08:17:03,2025-06-25T03:12:42
CT001596,A01078,mitchellfelicia@jackson-cain.net,Eddie,Horn,SVP,2025-09-11T20:34:34,2025-12-05T01:22:21
CT001597,A00126,susan51@robinson-robinson.com,Michael,Brown,Coordinator,2026-01-29T16:00:02,2025-06-19T14:47:11
CT001598,A00904,marroyo@martinez.com,John,Parsons,CFO,2024-10-20T18:41:54,2025-01-30T09:39:14
CT001599,A00743,brittany92@mooney.com,Zachary,Gomez,Director,2026-02-28T18:44:36,2026-01-04T22:10:50
CT001600,A00688,scottbarnes@olson-luna.com,Joshua,Collier,Analyst,2025-04-05T23:08:56,2024-12-14T11:13:58
CT001601,A00593,ocarter@cuevas-rodriguez.com,Jimmy,Harrell,VP,2025-07-20T05:49:50,2025-02-15T07:09:50
CT001602,A00449,glen34@mayo.info,Brenda,Klein,Director,2024-08-25T16:26:45,2024-09-18T12:10:25
CT001603,A00483,kathrynadkins@garcia.com,Leon,Howell,Coordinator,2025-03-20T12:03:37,2025-09-03T01:29:33
CT001604,A00611,howellcody@jefferson-olson.com,Anna,Medina,SVP,2024-06-13T20:05:04,2024-09-20T20:50:49
CT001605,A00644,moorekimberly@lam.com,George,Davis,Coordinator,2025-07-11T20:53:03,2025-01-09T01:11:52
CT001606,A00735,hmartinez@griffith-reed.biz,Heather,Davis,VP,2025-11-11T08:56:39,2025-06-15T00:43:54
CT001607,A00947,jallen@benton.com,Deborah,Mitchell,Director,2026-01-20T16:42:10,2026-02-07T11:14:24
CT001608,A00203,nicholas60@perry.com,Paul,Cardenas,Analyst,2025-07-27T11:46:51,2026-02-08T20:57:15
CT001609,A00731,mwilkins@hansen.net,Whitney,Mccarty,SVP,2025-05-11T07:35:45,2026-01-18T10:28:28
CT001610,A00858,cochrancharles@harris.com,James,Wilson,VP,2026-02-25T13:00:49,2026-02-11T06:12:52
CT001611,A00009,stefaniedavis@mcdaniel.com,Samuel,Tyler,COO,2024-10-21T13:12:22,2024-10-22T12:28:40
CT001612,A00149,kyle83@reese.org,Thomas,Reeves,Director,2025-01-04T07:47:06,2026-01-20T14:49:21
CT001613,A00236,allenjessica@poole.org,Darrell,Jones,Director,2026-02-03T03:01:20,2025-12-29T10:08:55
CT001614,A00578,jennifer29@ross-williams.biz,Jonathan,Bradford,Manager,2025-12-14T05:08:36,2025-12-07T11:08:10
CT001615,A00486,katherinemiles@olson-simmons.com,Kelly,Smith,Manager,2026-01-24T03:36:33,2025-12-19T13:19:47
CT001616,A00462,philipwilliams@moore-perry.com,Vanessa,Campbell,Coordinator,2025-10-28T02:12:14,2025-04-09T02:33:06
CT001617,A00146,daniel44@roberts-jones.net,Sarah,Roberson,VP,2026-01-08T03:44:50,2025-09-15T17:25:57
CT001618,A01042,amber23@bell.com,John,Cannon,Director,2026-01-25T05:20:54,2026-01-04T13:50:46
CT001619,A00036,fduran@williamson-hunt.com,Justin,Hodges,Manager,2024-10-06T21:33:06,2025-08-22T08:32:28
CT001620,A00024,gentryalex@rodriguez.org,Cynthia,Briggs,COO,2025-10-30T15:29:04,2024-08-21T00:55:37
CT001621,A00837,anthony61@smith-baker.biz,William,Rodriguez,Director,2025-12-22T07:12:41,2024-10-14T00:59:28
CT001622,A00812,ecarlson@gamble.net,Dustin,Rodriguez,COO,2024-10-23T11:54:30,2024-11-26T02:24:38
CT001623,A00970,brianhowell@ramirez.net,Carolyn,Wilson,CFO,2026-02-13T04:35:20,2026-02-18T21:44:05
CT001624,A00437,bpeters@schmitt.org,Joshua,Howell,COO,2025-12-07T02:22:34,2025-12-18T04:50:01
CT001625,A00068,emilystark@strong-guzman.biz,Cynthia,Smith,Manager,2024-11-23T00:15:51,2025-06-22T13:29:50
CT001626,A00398,ojohnson@acosta.com,Angela,Mann,CFO,2026-02-20T01:40:34,2025-02-21T15:14:14
CT001627,A00082,johnlewis@nguyen-crawford.com,Steven,Johnson,SVP,2025-10-29T19:39:49,2026-01-22T14:49:43
CT001628,A00575,karenstewart@brown.net,Sean,Williams,Analyst,2024-08-09T22:22:56,2025-11-13T19:46:12
CT001629,A00794,xward@crawford-tucker.info,Amy,Harrington,COO,2025-03-22T15:18:41,2025-06-28T10:32:25
CT001630,A00973,amartinez@sims.org,Tyler,Smith,CFO,2026-01-09T22:14:41,2025-03-22T11:30:18
CT001631,A00110,myersronald@williamson.net,Anna,Forbes,Coordinator,2025-04-11T07:34:51,2025-12-11T22:55:09
CT001632,A00766,scott89@morales.com,Ryan,Jones,Analyst,2025-10-16T03:48:16,2025-08-24T18:13:36
CT001633,A00991,ahardin@robinson.com,Deborah,Scott,Manager,2024-12-02T18:45:26,2026-02-07T22:26:11
CT001634,A00489,davismelissa@gomez.com,Karen,Steele,Manager,2025-09-29T07:31:23,2026-02-06T13:18:32
CT001635,A00701,nathanlee@weaver.com,Mark,Sanders,SVP,2024-10-19T01:24:31,2026-01-04T14:42:10
CT001636,A00756,ruth17@turner.info,Peter,Garcia,Analyst,2025-12-14T09:09:32,2024-08-09T16:11:25
CT001637,A00392,jacobhoward@duncan.biz,Candace,Horton,CFO,2025-10-26T18:01:03,2025-07-09T23:01:57
CT001638,A00952,deannadiaz@craig-russell.org,James,Mcdaniel,Analyst,2026-01-17T00:06:11,2025-09-29T18:08:57
CT001639,A00385,greenjennifer@armstrong-perkins.com,Joyce,Becker,Coordinator,2025-12-24T09:25:47,2025-05-21T06:03:10
CT001640,A01197,jonessarah@pope.net,Christopher,Reese,SVP,2026-02-03T18:50:37,2026-02-10T18:36:40
CT001641,A00507,joe24@preston-cox.com,Margaret,Collins,VP,2026-02-14T23:19:02,2025-04-24T07:51:38
CT001642,A01103,lesliekelly@moore.net,Richard,Aguilar,VP,2025-09-05T07:09:33,2025-10-10T19:55:43
CT001643,A00944,breannadawson@barber.com,Terri,Graham,Director,2026-02-21T22:47:50,2026-02-25T08:52:02
CT001644,A00863,wtran@garcia.com,Jade,Walker,Director,2025-06-30T02:20:24,2025-03-05T18:14:23
CT001645,A00613,jonesisaac@bell.com,Justin,Wyatt,Manager,2025-02-16T00:14:38,2026-02-26T09:52:36
CT001646,A00337,william24@pope.com,Nicole,Mendez,VP,2026-01-15T01:44:04,2025-04-12T06:41:03
CT001647,A00907,nicole57@wheeler.org,Tracy,Jackson,Analyst,2025-07-25T04:10:34,2025-12-07T18:21:44
CT001648,A00134,wsmith@williams-bird.biz,Eric,Collier,Manager,2025-02-24T09:14:08,2025-09-23T12:21:00
CT001649,A00234,adamserica@kirby.com,Kristine,Cardenas,Coordinator,2026-02-21T09:26:44,2026-01-19T11:23:26
CT001650,A00760,richard17@vaughan.com,John,Park,Director,2026-01-29T06:25:54,2026-02-07T08:20:15
CT001651,A01178,thomasprice@davis.com,Thomas,Webb,Manager,2025-11-27T15:19:15,2025-11-06T14:37:30
CT001652,A00111,taylorrobbins@martinez.com,Amy,Ferguson,CFO,2025-10-27T09:40:15,2025-08-20T15:13:12
CT001653,A01190,howardautumn@atkinson.com,Melissa,Jackson,VP,2026-02-03T18:39:38,2025-10-15T01:17:54
CT001654,A00123,sarah78@nguyen.com,Theresa,Mercer,Analyst,2025-03-21T01:41:27,2025-01-24T02:09:07
CT001655,A00892,whitemichelle@huber.com,Sarah,Reed,SVP,2024-05-26T08:48:13,2025-09-14T18:26:48
CT001656,A00914,mathewsmichael@harris.com,Kimberly,Smith,CFO,2024-04-02T17:18:12,2024-09-16T14:59:08
CT001657,A00349,butlerteresa@stevens.biz,Sarah,Weber,Coordinator,2025-01-12T20:51:28,2025-08-05T18:02:39
CT001658,A00887,jamesjones@james.com,David,Ware,SVP,2025-03-12T15:26:38,2025-01-06T15:43:07
CT001659,A00652,likeith@green-barry.org,Lindsey,Contreras,COO,2025-08-25T04:03:41,2025-12-04T08:14:29
CT001660,A00200,tammyjackson@gibbs.com,Michael,Cohen,CFO,2024-06-19T21:29:51,2025-08-05T15:32:19
CT001661,A00439,millerlisa@olson-middleton.info,Anne,Smith,VP,2026-02-25T03:02:44,2026-02-16T13:21:41
CT001662,A01120,steven00@white-morris.com,Charles,Hayes,SVP,2025-12-31T14:04:04,2026-01-12T12:56:56
CT001663,A00209,ecook@jennings-pratt.org,Benjamin,Greene,SVP,2025-03-24T21:31:54,2025-10-08T10:53:13
CT001664,A00298,jameshart@ortiz.com,Danielle,Washington,Manager,2026-01-08T04:42:59,2026-02-28T14:39:30
CT001665,A00147,wkaufman@smith.info,Christina,Huang,Director,2026-01-27T23:24:54,2026-02-05T19:38:46
CT001666,A00702,thomaslane@sanchez.com,Brittany,Huffman,CFO,2025-05-24T02:21:50,2025-03-18T01:15:50
CT001667,A00146,ruthmiller@harper.biz,Stephanie,Vega,VP,2025-12-14T19:09:56,2025-10-15T04:18:29
CT001668,A00454,joseph16@dunlap.com,Jose,Bryan,CFO,2025-01-11T13:26:51,2025-06-29T17:43:00
CT001669,A00606,catherine85@martinez.com,Lauren,Taylor,VP,2025-10-19T19:19:26,2024-07-09T22:18:51
CT001670,A00453,pfields@sanchez.org,Craig,Yang,CFO,2025-04-08T08:23:54,2024-08-02T03:51:46
CT001671,A00403,joshua94@johnson.com,Lauren,Mclaughlin,SVP,2025-09-15T10:49:37,2025-10-10T16:13:36
CT001672,A01105,gaustin@fuentes.com,Mary,Jacobson,VP,2024-12-25T11:28:01,2025-09-25T20:26:19
CT001673,A00088,jamescooley@robinson.biz,Kaylee,Lopez,COO,2026-01-27T22:38:22,2026-02-13T14:11:13
CT001674,A00376,alexanderlewis@campbell.com,John,Mcdonald,Director,2026-02-28T10:20:17,2026-03-01T09:14:46
CT001675,A00005,madeline75@larsen.com,Nicholas,Miller,COO,2025-09-03T08:37:14,2025-12-03T09:48:50
CT001676,A00373,clarkeric@warren.com,Kathy,Bauer,SVP,2025-09-04T00:44:35,2025-07-28T15:47:58
CT001677,A00152,powersnathan@jones-williams.org,Katelyn,Willis,COO,2025-09-15T17:49:13,2025-08-18T21:46:17
CT001678,A00989,mnicholson@white-kramer.biz,Kelly,Salazar,Manager,2026-02-03T18:31:07,2026-01-18T14:44:54
CT001679,A00040,bsmith@carter.com,Charles,Howard,COO,2026-02-22T22:53:09,2026-01-06T18:19:35
CT001680,A00192,toddscott@ross.org,Nicole,Blake,Director,2025-04-07T07:45:13,2025-02-03T23:56:43
CT001681,A00317,lisa41@bradley.org,Brandon,Morris,Manager,2026-01-26T13:09:45,2025-12-26T08:29:51
CT001682,A00059,jfox@thomas.net,Paul,Patterson,SVP,2026-01-31T17:03:36,2025-11-01T22:53:55
CT001683,A00763,reillydonna@oneill.com,Samuel,Salazar,COO,2025-06-17T12:26:06,2025-06-19T14:11:03
CT001684,A00628,smithchristopher@hernandez.com,Danny,Wood,Director,2024-07-12T07:44:54,2024-05-17T19:15:38
CT001685,A00222,zmurray@lopez-riggs.biz,James,Harvey,Director,2024-08-24T01:01:05,2024-12-23T10:02:04
CT001686,A00043,connienavarro@booker-kelly.com,Shannon,Lucero,COO,2025-09-03T09:58:19,2025-10-17T00:51:01
CT001687,A01113,stephen89@salinas.org,John,Nichols,Director,2025-03-16T14:08:56,2025-01-25T09:29:10
CT001688,A00637,xhenry@huang.com,Sarah,Porter,Coordinator,2025-02-11T09:14:03,2025-09-06T12:57:37
CT001689,A00020,jmanning@wilson.com,Veronica,Deleon,COO,2024-08-18T10:41:34,2024-09-30T17:09:51
CT001690,A00539,laurensmith@turner.com,Gregory,Anderson,Analyst,2025-04-28T00:25:29,2026-01-14T19:11:43
CT001691,A00693,blakedennis@baker.info,Brianna,Higgins,Coordinator,2025-10-30T06:37:57,2025-08-27T10:21:24
CT001692,A00917,jeffrey43@wiley.net,Kevin,Jordan,Coordinator,2025-12-04T04:25:00,2025-11-19T14:51:23
CT001693,A01152,sanchezmark@adams.com,Tina,Wright,SVP,2025-03-19T03:52:42,2025-05-04T18:00:32
CT001694,A01023,oliviastevenson@wolfe-hernandez.com,Erin,Harris,Director,2024-11-01T14:38:46,2024-11-21T18:49:41
CT001695,A00200,wardemily@gutierrez.com,Sarah,Shaw,Director,2025-04-04T02:23:33,2025-01-20T16:58:33
CT001696,A00662,ihoward@young-johnson.com,Jasmine,Huffman,VP,2025-07-27T16:54:55,2024-09-19T05:49:47
CT001697,A01013,lopeztiffany@lewis.com,Eric,Clark,Director,2026-01-26T20:42:41,2025-09-02T14:10:20
CT001698,A01140,adrian54@howard-jones.biz,Christy,Walker,Manager,2026-02-14T08:06:27,2026-02-28T18:21:02
CT001699,A00994,jacobshort@park.com,Frank,Liu,COO,2025-09-19T14:12:55,2025-07-19T07:11:34
CT001700,A00261,franklincarlos@key.com,Barbara,Watts,CFO,2025-06-01T10:23:08,2026-01-30T14:16:40
CT001701,A01168,maryford@bryant.biz,Tyler,Rivera,VP,2025-07-17T12:26:30,2025-06-20T03:41:38
CT001702,A00172,bmontoya@moore.info,Tracy,Fitzgerald,Director,2025-03-16T06:12:54,2025-12-14T12:35:09
CT001703,A00213,victoria44@reed.com,Shannon,Lewis,SVP,2025-07-19T23:50:03,2025-08-05T22:50:52
CT001704,A00023,vstafford@rice.com,Dustin,Ryan,SVP,2024-12-19T15:40:37,2025-05-14T15:10:58
CT001705,A00364,wagneralexis@yu.com,Michael,Nelson,Director,2026-01-11T04:37:05,2026-01-31T14:22:41
CT001706,A00915,logan35@myers.info,Daniel,Cortez,Director,2025-11-24T12:14:52,2026-02-14T04:31:29
CT001707,A00998,melissa91@rodriguez.biz,Sandra,Watson,COO,2025-10-23T20:35:16,2026-02-05T23:12:07
CT001708,A00269,ucollins@kelly-king.com,Laura,Jones,Manager,2025-01-19T09:40:02,2026-02-09T23:54:24
CT001709,A00912,baileyyoung@henderson.com,Katherine,Scott,Director,2026-01-16T08:15:25,2025-11-16T16:38:36
CT001710,A00816,ashleyanderson@lee.com,Carol,Martinez,CFO,2026-02-09T00:18:07,2025-01-07T16:23:14
CT001711,A00932,margaretobrien@shelton.com,Eric,Cortez,CFO,2026-01-04T08:08:14,2025-10-06T12:55:16
CT001712,A00032,jgarcia@maxwell-reed.com,Christopher,Mahoney,VP,2026-02-26T03:39:53,2025-10-20T07:49:19
CT001713,A01137,lsteele@allen.com,William,Rowland,COO,2024-08-31T00:43:42,2025-12-22T14:20:43
CT001714,A00575,georgeolson@johnson-carter.com,Cindy,Dickerson,COO,2024-06-22T14:34:50,2025-07-29T07:34:51
CT001715,A00309,adamsamanda@perez-morales.info,Stephanie,Adams,Manager,2024-11-06T09:02:20,2025-09-23T22:49:54
CT001716,A00154,hoffmanjake@hardy-baxter.com,Dennis,Mendoza,VP,2026-02-23T17:08:44,2026-03-01T21:45:17
CT001717,A00873,francis84@callahan.org,Eric,Jones,Analyst,2025-06-07T10:05:25,2024-11-04T12:45:04
CT001718,A00925,gina69@hayes.com,Eugene,Salazar,Coordinator,2024-10-16T21:13:55,2025-07-31T02:37:43
CT001719,A00314,walkermelissa@martinez-taylor.com,Daniel,Rodriguez,CFO,2025-07-01T07:02:00,2025-09-25T15:18:26
CT001720,A00190,burnskevin@dawson-crawford.info,Jerry,Evans,CFO,2024-12-07T08:33:14,2025-05-27T17:12:57
CT001721,A00197,brooksdavid@ford.com,Annette,Webb,Manager,2026-01-13T09:23:01,2026-02-02T09:20:14
CT001722,A00042,fullerrobert@church.com,Beth,Robertson,Analyst,2025-06-25T22:55:53,2025-07-24T13:37:09
CT001723,A00728,ellisonmaria@mendoza-perkins.info,Ryan,Melton,Coordinator,2024-04-02T03:14:33,2026-02-25T10:38:53
CT001724,A00647,carl66@sullivan.com,Morgan,Petty,COO,2025-07-17T13:33:57,2025-07-29T16:56:50
CT001725,A00603,kristie44@taylor.org,Julie,Dixon,Director,2026-01-29T23:45:22,2025-10-27T04:34:59
CT001726,A00478,melissa38@hansen-mayo.com,Leslie,Jackson,VP,2025-03-30T16:30:18,2025-09-17T06:09:14
CT001727,A00197,nicole76@gould-wallace.com,Stacy,Cooper,COO,2026-01-18T20:39:32,2026-02-18T05:20:38
CT001728,A00413,leslienelson@owens.com,Christopher,Hernandez,CFO,2025-11-05T10:05:06,2024-10-23T22:57:53
CT001729,A00184,tranzachary@abbott.com,Kenneth,Maynard,Director,2025-11-27T16:46:56,2025-10-05T01:00:48
CT001730,A00717,robert97@brown-roberts.biz,William,Hood,Director,2025-10-13T15:38:18,2025-11-22T22:59:53
CT001731,A00779,ryanhale@thompson-torres.com,Michael,Lopez,Manager,2025-09-24T19:04:09,2024-12-22T21:06:04
CT001732,A01020,bsmith@taylor-miller.com,Phillip,Alvarez,Manager,2025-07-16T21:58:47,2024-09-23T16:11:55
CT001733,A00942,markblackburn@wilson-white.com,Courtney,Smith,Director,2026-01-25T11:23:47,2025-08-02T08:07:55
CT001734,A00125,tammy87@moore-wilson.com,Taylor,Pham,Director,2025-11-09T22:47:14,2025-10-04T20:52:43
CT001735,A00255,tatenicholas@kennedy.com,John,Fletcher,SVP,2024-06-04T23:47:39,2025-09-28T23:54:51
CT001736,A00493,johnsoncody@lowe.org,Michael,Moore,Director,2025-12-27T19:09:11,2025-12-01T00:54:55
CT001737,A00716,zstrickland@smith.com,Ernest,Flores,CFO,2025-06-27T02:42:10,2024-08-11T19:42:40
CT001738,A00536,erin96@pham.net,Kyle,Brown,SVP,2026-02-04T05:23:55,2026-01-23T15:42:03
CT001739,A01014,brandy16@montes.com,Marcus,Garcia,SVP,2025-07-30T17:13:23,2025-09-13T18:51:54
CT001740,A01041,dmullins@collins.com,Melissa,Smith,Coordinator,2025-03-11T14:08:42,2025-06-22T03:58:08
CT001741,A00169,josephtaylor@green.org,Jason,Sanchez,Manager,2026-02-09T04:01:35,2025-06-23T20:50:23
CT001742,A00008,thomas76@patton.com,Brittany,Bauer,CFO,2024-06-27T18:36:00,2025-10-25T01:06:39
CT001743,A00526,millsmichelle@chavez.info,Eric,Johnson,Coordinator,2024-12-13T00:23:40,2025-11-17T09:28:05
CT001744,A01086,tylerbryant@phillips.com,Laura,Leblanc,COO,2025-01-07T08:16:07,2025-04-25T03:54:14
CT001745,A00354,rosecarolyn@blevins.biz,Daniel,Rowland,COO,2025-12-24T22:09:46,2026-01-20T01:12:27
CT001746,A00434,shannon52@blackwell-martin.com,Peter,Lam,Director,2025-08-03T05:30:41,2026-02-25T05:29:00
CT001747,A00261,schwartztammy@moss.net,Gary,Parks,Manager,2025-12-24T13:02:10,2025-08-23T00:08:44
CT001748,A00867,johnathan85@miller.com,Daniel,Drake,COO,2025-09-19T22:20:49,2025-12-24T17:34:29
CT001749,A00598,barbara46@lopez.com,Karen,Garner,CFO,2025-08-28T05:36:37,2025-04-24T01:03:52
CT001750,A00594,dylan69@garcia.com,Olivia,Howell,COO,2025-09-25T19:04:27,2026-01-22T13:30:57
CT001751,A00304,vaughnmark@velez.com,Gina,Greene,Director,2026-02-19T06:09:14,2026-02-19T14:35:08
CT001752,A00986,nicholasmorrison@bishop.com,Samantha,Stafford,CFO,2024-11-14T17:12:43,2025-04-11T01:49:51
CT001753,A00993,rickyjordan@james.com,Jennifer,White,Director,2025-04-11T15:02:19,2025-10-14T12:18:02
CT001754,A01048,pattongabriel@martinez-brandt.net,Kristen,Stafford,Director,2026-02-01T20:35:05,2026-02-10T01:24:01
CT001755,A00212,phillipstroy@romero.com,Lisa,Johnson,Analyst,2025-02-11T13:05:55,2025-03-30T08:16:12
CT001756,A01012,markramirez@smith.org,Steve,King,Analyst,2026-02-27T14:19:53,2026-01-10T11:26:32
CT001757,A00789,bmccormick@bell.org,Hannah,Edwards,COO,2026-03-01T16:10:30,2026-02-25T07:16:30
CT001758,A00592,tammy33@patel-gordon.org,Luis,Russell,Director,2025-11-12T04:54:18,2025-11-01T05:21:39
CT001759,A00817,smithgregory@ortega.biz,Joshua,Cox,SVP,2025-12-04T16:36:27,2025-11-19T13:08:54
CT001760,A00531,ericksontyler@brooks.biz,Dean,Lambert,Director,2025-09-15T21:21:01,2025-09-25T15:08:32
CT001761,A00363,nbaker@turner.com,Patricia,Hernandez,VP,2025-10-14T12:00:33,2025-10-16T10:10:12
CT001762,A00870,keithmccall@booth.com,Philip,Austin,Analyst,2025-06-27T19:38:52,2026-02-05T13:08:58
CT001763,A00393,ehunt@perez-harper.biz,Dawn,Garcia,SVP,2026-02-06T22:57:01,2025-11-11T17:31:16
CT001764,A00253,noah93@anderson.biz,Savannah,Davis,VP,2026-02-19T22:11:15,2026-01-22T06:05:43
CT001765,A00441,cindycampbell@buchanan.com,Kendra,Hernandez,SVP,2025-12-29T19:44:50,2024-09-02T04:15:03
CT001766,A00609,thompsonmark@holmes-callahan.com,Hayden,Hamilton,COO,2025-12-24T11:45:22,2024-10-02T06:22:06
CT001767,A00753,walshmelissa@palmer.com,Michael,Jackson,SVP,2025-12-29T18:24:44,2025-12-28T12:34:19
CT001768,A00418,osmith@klein.biz,Brian,Thornton,COO,2025-11-15T03:47:38,2025-08-01T14:56:06
CT001769,A00197,barbara35@morales.info,Henry,Harris,Coordinator,2026-01-22T21:42:56,2026-02-16T11:05:42
CT001770,A00833,anthonybell@allen.biz,Matthew,Hayes,COO,2025-12-29T20:59:31,2026-01-05T08:49:00
CT001771,A00900,jmccarthy@smith.com,Derrick,Green,CFO,2025-05-19T18:16:29,2025-12-16T04:40:12
CT001772,A00429,tuckererika@miller.com,Katherine,Parker,Manager,2025-04-12T07:45:49,2025-03-18T12:06:18
CT001773,A00155,thomascynthia@wright-graves.org,Keith,Joyce,Analyst,2025-02-13T20:20:27,2025-02-25T17:47:58
CT001774,A00787,shanegarcia@jones-silva.net,Stuart,Mcintosh,COO,2025-10-15T02:41:05,2025-07-28T06:37:23
CT001775,A00544,robertwilliams@wolfe-holden.com,Billy,Spence,SVP,2026-02-11T07:44:00,2026-02-16T06:13:16
CT001776,A00936,onealbenjamin@ford-hall.com,Jamie,Chavez,Manager,2026-02-09T00:19:54,2026-02-09T05:37:03
CT001777,A01074,romerojeremy@ortiz.biz,Vanessa,Harper,SVP,2025-02-28T19:21:54,2025-03-02T02:48:17
CT001778,A00663,vcantrell@pierce.com,Angela,Davis,VP,2026-01-17T10:23:41,2025-03-09T12:15:23
CT001779,A00990,lisa33@cervantes-meadows.com,Leslie,Williams,Coordinator,2024-05-08T10:31:51,2024-04-12T02:46:47
CT001780,A00862,emilyesparza@andrade-ho.info,Kristopher,Sanders,Analyst,2026-02-06T07:10:16,2026-01-13T17:40:42
CT001781,A00747,iwaller@miller-bell.com,Jerry,Brown,Coordinator,2025-10-19T10:29:05,2025-05-03T18:27:48
CT001782,A00635,jennifer97@bryant.com,Angelica,Hunter,COO,2024-11-11T09:37:35,2025-01-04T10:03:16
CT001783,A00816,craig86@williamson-patton.org,Katie,Lewis,COO,2024-12-12T12:06:30,2024-12-09T06:11:31
CT001784,A00902,ashleyrojas@willis.com,David,Harris,Manager,2025-09-11T15:06:05,2026-01-26T10:24:15
CT001785,A00367,frank04@nixon.com,Sarah,Rice,Director,2025-12-22T18:03:26,2025-12-30T20:05:12
CT001786,A00743,sanchezamanda@barber.net,Russell,Jennings,Manager,2025-11-22T03:51:08,2026-02-17T18:35:50
CT001787,A00206,bailey35@nunez.org,James,Adkins,SVP,2025-06-22T13:40:24,2025-11-04T07:20:06
CT001788,A00109,williamsjoshua@sanders-shaffer.net,Samantha,Monroe,COO,2025-03-13T04:46:48,2025-05-09T09:52:57
CT001789,A00214,sawyerjohn@giles.biz,Joshua,Williams,COO,2026-02-27T03:04:36,2026-02-18T12:13:13
CT001790,A00468,anthony97@ross.net,Andrew,Austin,Analyst,2024-07-01T18:02:27,2025-05-14T16:41:09
CT001791,A00078,john89@rodriguez.net,Dylan,Franklin,VP,2025-10-11T07:54:50,2024-12-30T00:36:51
CT001792,A00213,jacksonnicholas@frederick-brown.com,Karen,Jones,Coordinator,2025-02-21T07:19:58,2025-07-19T02:35:26
CT001793,A01193,udeleon@rowland-miller.com,Catherine,Richardson,CFO,2024-11-29T18:41:42,2025-03-16T02:57:27
CT001794,A00777,vharmon@rose-miller.com,Johnny,Jones,Manager,2025-07-10T23:48:36,2025-03-17T22:35:35
CT001795,A00070,marthaburke@green.org,Dennis,Moss,VP,2024-11-21T05:53:01,2025-01-31T23:40:00
CT001796,A00094,kimberlyclark@lynch.info,Margaret,Jackson,VP,2025-12-23T14:13:46,2025-04-05T06:41:24
CT001797,A00014,rjackson@garcia-wheeler.com,Ashley,Fisher,CFO,2025-06-05T15:40:23,2025-05-31T18:24:22
CT001798,A00587,scottkline@vincent-spears.com,Amy,Miles,Coordinator,2024-12-20T01:37:59,2025-05-19T17:53:09
CT001799,A00113,natalie36@warren-barrera.com,Nicole,Martin,VP,2025-12-03T20:56:20,2025-08-11T20:19:18
CT001800,A01027,madeline40@fletcher-barrera.biz,Elizabeth,Chavez,COO,2025-12-01T23:56:24,2026-01-03T01:07:44
CT001801,A00162,sophia72@paul-herman.com,Karina,Moore,COO,2025-12-14T04:42:38,2026-01-19T19:56:35
CT001802,A01101,andersenjames@nguyen-rivera.com,Jonathan,Green,CFO,2025-07-20T09:39:42,2024-03-23T12:50:22
CT001803,A00803,adamjones@jensen-robinson.net,Ian,Avery,Coordinator,2025-07-11T08:18:07,2025-12-21T16:53:57
CT001804,A00496,brandonmartin@hunter.com,Tamara,Wood,COO,2024-07-19T11:11:22,2025-09-25T07:41:43
CT001805,A01118,lgonzalez@williams.com,Sarah,Mitchell,Coordinator,2025-10-15T18:47:32,2026-01-12T10:00:13
CT001806,A00001,andrew66@collins-jefferson.com,Mark,Davis,Director,2025-12-24T06:32:39,2025-06-14T08:17:52
CT001807,A00173,heatherhaas@mercer.net,James,Gibbs,Director,2024-12-26T19:53:04,2025-06-02T23:16:10
CT001808,A00360,rhondaadams@rivera-fischer.com,Thomas,Randall,VP,2024-12-01T17:51:19,2025-03-30T22:53:59
CT001809,A00001,lisagregory@wiggins.com,Jennifer,Faulkner,VP,2025-07-19T21:00:30,2025-08-21T16:29:18
CT001810,A00353,joseph00@smith.biz,Alyssa,Berger,CFO,2025-01-14T08:50:42,2025-12-22T20:00:07
CT001811,A00672,dwells@mays.biz,Mariah,Mckee,Director,2026-02-26T21:29:41,2025-10-11T18:40:53
CT001812,A00146,itorres@hernandez.org,Richard,Vega,Director,2025-05-21T23:41:23,2025-11-14T06:44:42
CT001813,A00311,heatherreynolds@silva-chavez.org,Jesus,Carter,CFO,2026-01-29T14:40:10,2026-01-19T01:19:57
CT001814,A00390,christine35@martinez-trujillo.com,Jenny,Stewart,COO,2025-08-12T14:18:26,2025-04-17T19:58:15
CT001815,A00025,sjohnson@watkins-payne.com,Stephen,Moreno,VP,2026-02-08T03:24:19,2026-02-28T15:16:11
CT001816,A00564,johnsonjulie@parker-ward.com,Jose,Watson,SVP,2025-10-12T02:44:32,2026-02-01T23:10:51
CT001817,A00512,thomashudson@adams.com,Leah,Morton,Analyst,2025-10-06T16:59:53,2025-12-24T10:33:29
CT001818,A00752,garycantrell@york-hodges.info,Stacey,Schroeder,Director,2025-04-23T13:26:22,2025-01-29T04:16:33
CT001819,A00354,eklein@ramsey.com,Nathan,Brown,CFO,2026-01-09T01:15:18,2026-02-04T17:54:27
CT001820,A00522,buchananjennifer@chavez-moore.com,Jack,Park,SVP,2025-12-12T00:16:53,2025-11-03T21:00:03
CT001821,A00449,fhenson@winters-mitchell.biz,Cindy,Luna,CFO,2025-01-02T12:22:52,2025-08-20T15:12:31
CT001822,A01038,garymcintyre@andrews.com,Jared,Tran,VP,2026-02-02T05:26:32,2026-01-04T12:04:45
CT001823,A00189,ballchristian@nelson.info,Douglas,Dixon,VP,2026-02-10T17:17:17,2025-07-18T09:08:23
CT001824,A00717,igonzalez@zuniga.com,Angela,Castillo,Analyst,2026-02-23T07:26:01,2025-06-22T17:54:27
CT001825,A00502,zmiller@hall-newman.com,Cindy,Martinez,Director,2026-01-21T16:31:30,2025-11-20T15:34:31
CT001826,A00520,hwilliams@mckenzie.com,Alex,Galvan,Analyst,2025-08-25T18:54:17,2025-07-14T13:52:15
CT001827,A01043,theresakim@fowler-mclaughlin.com,John,Miller,Coordinator,2025-02-19T16:42:23,2025-04-17T11:30:19
CT001828,A00867,chungkaren@griffin.com,Theresa,Brooks,COO,2025-08-09T01:27:57,2025-12-16T10:09:31
CT001829,A00019,thomaswilliam@glass-franklin.com,Christopher,Turner,Analyst,2026-01-22T22:38:41,2026-01-28T10:22:09
CT001830,A00554,christopher63@ortiz.net,Michael,Gillespie,Director,2024-06-15T02:57:31,2025-06-07T18:51:51
CT001831,A00926,olivialee@walker-morris.org,Cassandra,Ward,COO,2026-01-16T13:40:31,2026-02-25T03:20:26
CT001832,A01136,xwhite@christensen.com,Cynthia,Erickson,Analyst,2024-09-28T20:47:28,2025-09-17T18:08:21
CT001833,A00759,melissa09@phelps.org,Travis,Wright,SVP,2026-01-04T14:29:41,2025-05-02T12:54:35
CT001834,A00871,dford@pratt-garrison.com,Brad,Mccarthy,Director,2026-02-19T01:50:51,2026-02-07T00:10:28
CT001835,A00343,zunigajulia@warner.com,Jeffrey,Martin,Analyst,2024-10-18T07:29:08,2025-09-15T10:04:08
CT001836,A00341,johnmckinney@gonzalez.com,Lucas,Cardenas,CFO,2025-02-21T17:21:30,2025-12-31T18:08:56
CT001837,A00424,raymond26@bush-khan.com,Christopher,Foster,CFO,2024-08-10T07:16:40,2024-05-17T05:52:44
CT001838,A01018,johnsilva@gillespie-jackson.com,Rhonda,Fields,Manager,2024-09-20T19:39:59,2024-07-20T12:18:13
CT001839,A00083,joshuaarroyo@robinson-patterson.com,Carla,Chapman,COO,2026-01-26T14:29:47,2026-01-20T09:16:53
CT001840,A00739,popebrandi@cline.com,Crystal,Figueroa,SVP,2025-10-03T14:18:52,2025-08-31T05:42:50
CT001841,A00485,burtonbrian@carey.com,James,Villarreal,Director,2026-01-03T01:13:06,2026-02-26T05:30:55
CT001842,A00797,jessica15@mays.org,George,Perez,Analyst,2025-10-07T18:48:42,2025-06-25T03:38:47
CT001843,A00543,john24@munoz.com,Jennifer,Fleming,Manager,2026-01-10T13:46:48,2025-11-17T22:47:29
CT001844,A00232,brownlisa@copeland-dorsey.com,Stephanie,Edwards,Manager,2025-02-12T16:25:25,2025-11-18T08:28:38
CT001845,A00198,lbauer@stein.com,Joseph,Fletcher,Analyst,2026-02-19T22:47:03,2024-12-12T17:12:37
CT001846,A00748,mwatts@avery.biz,James,Rice,VP,2025-09-12T17:06:45,2025-09-15T16:37:51
CT001847,A00376,ghicks@page.org,Jennifer,Lee,CFO,2026-03-01T05:30:48,2026-02-28T13:57:36
CT001848,A00543,johnsonlarry@ramirez-mckee.com,Jodi,Montgomery,Director,2025-12-28T06:01:40,2025-07-24T09:22:06
CT001849,A00777,donald82@davis.com,Michael,Short,VP,2025-12-21T14:51:39,2026-02-04T19:06:58
CT001850,A00085,ufoster@jones.info,Eric,Ellis,COO,2025-10-29T14:05:24,2024-11-23T07:30:59
CT001851,A00808,danielhamilton@johnson.com,Brenda,Perez,Director,2024-05-06T16:43:54,2024-05-26T03:01:45
CT001852,A00925,dkelly@joseph.com,Kenneth,Ortega,SVP,2025-03-24T11:22:55,2025-02-19T15:32:16
CT001853,A00988,larryroach@butler-ortega.org,Tony,Gonzalez,CFO,2025-12-21T03:09:28,2026-01-01T22:04:00
CT001854,A00515,nwoods@meyer.com,Jose,Nicholson,CFO,2025-11-18T21:32:44,2026-02-08T06:19:48
CT001855,A00772,madison20@stephens.com,Tristan,Schmidt,SVP,2026-02-12T14:34:41,2026-01-10T23:17:06
CT001856,A00865,michaelwatkins@wright-park.com,Laura,Anderson,CFO,2025-11-20T15:37:28,2026-01-26T00:32:27
CT001857,A00805,david35@hess-martinez.info,Lisa,Smith,Coordinator,2025-09-25T13:08:21,2026-01-21T23:36:36
CT001858,A00299,karen98@whitehead.biz,Michelle,Cummings,COO,2026-01-18T05:48:49,2025-10-07T06:19:24
CT001859,A01152,glennwhite@mccarthy.com,Cynthia,Preston,Manager,2025-11-12T16:36:06,2025-11-24T15:05:03
CT001860,A00593,mphillips@sanchez.com,Melanie,Thomas,VP,2024-11-27T06:31:34,2025-06-07T08:07:59
CT001861,A01135,williamhill@taylor.com,Jason,Hernandez,Manager,2025-12-03T19:43:18,2025-10-18T08:30:04
CT001862,A00558,nvincent@krueger.biz,Lauren,Mason,SVP,2026-02-05T18:12:33,2026-01-19T12:32:16
CT001863,A00831,pricesheila@hunt.com,Christina,Hunter,SVP,2026-02-22T13:48:15,2026-02-27T05:17:24
CT001864,A01167,hpark@fleming.com,Christina,Myers,SVP,2025-12-14T20:26:34,2026-01-16T11:04:55
CT001865,A00007,floydkenneth@gonzalez-stewart.info,Thomas,Mullen,Analyst,2024-12-27T05:31:40,2025-10-28T15:13:05
CT001866,A01135,kelleyamanda@young.com,Michael,Caldwell,CFO,2025-05-05T17:05:22,2026-01-06T00:17:53
CT001867,A00793,dana95@mckee.com,Renee,Newman,Analyst,2025-11-25T20:06:47,2025-09-18T18:53:06
CT001868,A00390,traciegonzalez@murphy.net,Kendra,Shields,CFO,2024-10-17T21:24:13,2026-02-27T22:18:21
CT001869,A00945,jefferyholmes@martin.info,Julie,Beck,Manager,2026-02-16T17:21:44,2026-02-27T18:04:12
CT001870,A01053,thomasstephens@gray-molina.net,Michael,May,Director,2025-07-30T19:33:54,2024-05-27T23:31:39
CT001871,A00612,ycochran@norris.biz,Kaitlyn,Mason,Manager,2025-12-26T22:20:38,2026-02-14T14:09:51
CT001872,A00242,daniel70@davis.com,Randall,Clements,Coordinator,2026-02-28T16:47:13,2025-03-21T07:03:54
CT001873,A00419,laurenberg@crawford.com,Matthew,Howard,COO,2025-05-26T09:04:25,2025-06-14T03:08:15
CT001874,A00079,dalton41@thompson-walker.net,Robert,Kaufman,Manager,2024-08-29T22:58:38,2025-10-25T18:31:39
CT001875,A01162,andrew41@little.com,Eric,Kelly,COO,2025-12-15T17:30:32,2026-01-06T19:31:50
CT001876,A00773,adamsarthur@smith.com,Maxwell,Beck,VP,2024-11-28T06:52:31,2024-06-28T09:44:40
CT001877,A00316,jessica81@torres-stewart.com,Deborah,Rose,Analyst,2026-02-16T23:29:58,2026-02-10T04:12:46
CT001878,A00074,chenrandy@stout.com,Beth,Casey,CFO,2025-12-26T07:29:06,2025-06-05T21:40:44
CT001879,A00596,tlee@howard-butler.net,Eric,Snyder,SVP,2025-07-02T06:52:21,2025-10-26T02:50:12
CT001880,A00022,hannahbridges@gates.com,Brandon,Williams,Director,2025-12-21T10:09:18,2025-12-03T02:36:23
CT001881,A00849,reyesandrew@patterson.org,Samuel,Ellis,Analyst,2025-03-12T06:02:47,2025-06-28T14:49:08
CT001882,A01092,hhamilton@thompson.biz,John,Griffin,Manager,2025-10-18T14:06:24,2026-01-02T06:18:20
CT001883,A00230,marissa79@cummings-garcia.org,Jaime,Reyes,SVP,2026-02-19T16:16:32,2025-09-22T18:36:51
CT001884,A01027,fwallace@ross.com,Matthew,Taylor,SVP,2025-11-23T03:13:23,2025-11-08T03:51:45
CT001885,A01165,teresahansen@huffman.com,Amanda,Walsh,VP,2025-12-09T21:58:16,2026-01-06T20:38:10
CT001886,A00545,nicoleharmon@carson.info,Cynthia,Mendoza,SVP,2026-02-01T07:28:49,2024-10-15T02:08:17
CT001887,A00455,robinsonkimberly@meyer-gray.com,Thomas,Hester,SVP,2026-01-10T01:53:55,2026-02-25T02:03:14
CT001888,A00622,thomas78@evans-walters.info,Brenda,Stout,Analyst,2026-01-17T07:05:05,2026-01-10T18:28:57
CT001889,A00318,christinahill@lopez.biz,Kevin,Russell,SVP,2026-02-20T08:53:16,2026-02-10T05:31:52
CT001890,A00560,deborahdaniels@brooks.info,Hannah,Cortez,COO,2026-01-15T19:26:59,2025-08-22T21:11:41
CT001891,A00132,sanderskatherine@murray-smith.com,Mitchell,Smith,Coordinator,2024-11-18T16:11:12,2025-10-31T13:25:14
CT001892,A01044,hstewart@ortiz.com,Joshua,Castillo,SVP,2026-03-01T17:47:15,2024-12-23T07:02:52
CT001893,A00424,ibarnett@mendoza.com,Angela,Zimmerman,COO,2025-06-04T15:06:09,2026-01-07T06:44:31
CT001894,A01069,tracy85@king-hanson.com,Jason,Hartman,COO,2026-02-13T18:16:56,2026-01-02T06:35:12
CT001895,A01097,harveyjustin@crawford.com,Natasha,Davis,COO,2026-02-22T22:49:53,2024-10-18T21:22:42
CT001896,A00956,sfreeman@fox-harvey.com,Hannah,Randolph,Coordinator,2026-01-01T17:09:28,2025-09-06T20:38:23
CT001897,A00519,sandovalryan@hawkins.com,Stacy,Cox,Coordinator,2025-07-18T21:41:06,2025-03-02T12:06:17
CT001898,A00451,michellecortez@smith.info,Arthur,Glass,SVP,2026-02-23T03:01:32,2025-10-09T23:39:27
CT001899,A00524,bburton@leach.com,Katherine,Diaz,VP,2025-01-13T09:41:22,2024-11-05T18:17:30
CT001900,A00471,johnsonlisa@fields-campbell.com,Eric,Hill,VP,2025-06-11T10:54:57,2025-10-10T12:15:09
CT001901,A00435,joyzhang@martinez.com,John,Hurley,CFO,2024-06-03T11:55:32,2026-01-03T21:32:32
CT001902,A01051,wilsonamy@fernandez.com,Kelli,Gibson,CFO,2025-12-23T16:08:57,2025-07-27T04:42:18
CT001903,A00837,daniel26@johnson.biz,Cynthia,Quinn,Director,2024-09-25T06:32:07,2025-01-13T00:50:42
CT001904,A00585,matthew86@morrow.com,David,Johnson,Coordinator,2026-02-25T23:03:38,2026-01-14T14:15:05
CT001905,A00398,michellephillips@bryant.com,Mary,Christensen,Analyst,2025-03-14T03:42:50,2025-01-24T21:21:26
CT001906,A00090,michaellee@bailey-stewart.com,Andrew,Lopez,Director,2026-01-21T12:15:41,2025-10-28T16:38:15
CT001907,A01018,meghan03@thompson.com,Maurice,Frank,COO,2025-05-03T18:57:18,2025-06-05T20:44:42
CT001908,A00006,yclayton@guzman.com,Robert,Hernandez,CFO,2026-02-16T00:05:45,2026-02-15T05:30:32
CT001909,A00971,juareznicole@rodriguez-richardson.com,Sean,Poole,CFO,2025-10-17T18:46:56,2026-01-06T22:46:29
CT001910,A00563,clarkteresa@santiago.com,Kelly,Murray,Coordinator,2026-02-22T10:44:51,2026-01-24T06:53:27
CT001911,A00072,amanda88@tanner-townsend.info,Robert,Smith,Coordinator,2024-07-15T08:38:08,2025-09-12T12:18:42
CT001912,A00648,jasmineknapp@wiley.com,Robin,Lopez,Director,2025-08-16T17:56:49,2025-07-29T00:05:42
CT001913,A00032,hmyers@wilcox-gonzalez.biz,Kevin,Hardin,VP,2026-01-03T00:56:03,2025-06-13T23:43:47
CT001914,A00575,rmoore@ward.com,Michael,Lamb,Manager,2024-06-26T14:36:26,2025-02-02T12:25:38
CT001915,A00209,andrew82@richards.com,Sarah,Brown,Director,2024-11-14T00:21:06,2024-07-14T19:50:40
CT001916,A01007,lsanchez@williams.org,Brandi,West,Analyst,2025-03-26T23:33:51,2025-03-15T03:11:45
CT001917,A00138,ashleynelson@wright.com,Rodney,Smith,CFO,2025-06-25T17:22:22,2025-07-19T23:56:01
CT001918,A00709,ehouston@zuniga.org,Todd,Lopez,VP,2025-09-18T16:04:50,2024-09-04T10:08:35
CT001919,A01075,brian58@gordon.com,Johnny,Ross,Analyst,2024-12-17T16:33:08,2025-10-17T23:21:20
CT001920,A00910,courtney39@wolf.com,Mark,Vasquez,SVP,2026-02-08T13:30:39,2025-12-26T22:12:46
CT001921,A00369,albertgates@garcia.com,William,Hebert,Director,2025-07-30T07:53:51,2025-09-18T18:33:58
CT001922,A00392,johndavis@henson.net,Kimberly,Snow,COO,2025-06-01T01:03:00,2025-06-10T08:42:25
CT001923,A00406,derrickowens@wright.com,Caleb,Russo,Analyst,2025-07-27T04:45:19,2025-03-14T20:21:03
CT001924,A00703,robertcampbell@hughes-willis.net,Amy,Wright,SVP,2025-03-20T11:10:44,2026-02-11T23:54:13
CT001925,A00481,shirley31@michael.com,Morgan,Mccarthy,Analyst,2025-08-29T15:02:46,2025-05-16T18:06:26
CT001926,A00914,tgreene@fox.com,Tracy,Cervantes,CFO,2024-04-24T18:08:38,2025-08-22T21:03:25
CT001927,A00157,htran@rodriguez.info,Christopher,Nixon,CFO,2024-12-29T11:08:28,2026-02-26T01:06:41
CT001928,A00400,zfritz@green-foster.com,Brett,Gonzalez,VP,2025-08-24T08:00:46,2024-08-11T04:59:38
CT001929,A00391,xramsey@evans.info,Shawn,Larsen,COO,2026-01-19T14:59:26,2025-12-03T04:17:38
CT001930,A01075,christopheresparza@parker-rivera.com,James,Garcia,CFO,2025-02-11T15:26:31,2024-07-05T18:09:51
CT001931,A00528,jennavance@soto.com,Cheryl,Brown,VP,2025-01-07T14:34:49,2024-08-08T05:07:46
CT001932,A00728,alexanderamber@wu-hunter.com,Chelsea,Woodward,Analyst,2026-02-20T04:22:34,2025-09-05T00:54:31
CT001933,A00467,gregorygrant@leonard.info,Ryan,Conley,COO,2024-08-04T21:08:37,2024-09-07T15:00:27
CT001934,A01084,oyates@kane.net,Russell,Ortiz,CFO,2024-12-11T20:24:59,2025-06-04T03:09:48
CT001935,A00205,uhartman@wilson-pearson.com,Carl,Jenkins,Manager,2024-11-22T04:13:53,2025-11-13T19:09:32
CT001936,A00369,alexander50@sherman.net,Kimberly,Jones,Manager,2025-08-26T22:53:33,2025-07-02T04:10:48
CT001937,A00305,wolfemelissa@jennings.info,Andrew,Turner,Analyst,2025-06-07T23:32:29,2025-03-25T14:19:48
CT001938,A00011,gsmith@foster.info,Sherry,Chambers,Coordinator,2025-07-09T20:08:53,2025-10-03T00:17:15
CT001939,A00395,nicholas25@may.info,Ryan,Davis,Coordinator,2025-10-16T22:33:47,2026-01-08T07:15:53
CT001940,A00324,sherridaniels@manning.org,Jerome,Jones,CFO,2025-12-10T23:42:52,2025-01-01T02:22:34
CT001941,A01138,annette07@lawrence.com,Timothy,Wilson,VP,2025-07-03T23:00:10,2025-03-12T20:56:44
CT001942,A00217,sjones@johnson.info,Luis,Chen,CFO,2025-01-20T16:23:36,2025-12-25T05:14:18
CT001943,A00545,sharris@cross.com,Steven,Cruz,Coordinator,2025-10-30T07:45:58,2025-04-01T05:05:04
CT001944,A00431,scottdavis@shea.com,Joshua,Valentine,Manager,2026-01-06T08:30:02,2024-06-23T02:31:55
CT001945,A00317,richard10@lawrence.com,Anita,Brown,VP,2026-03-01T07:57:36,2025-12-20T07:52:40
CT001946,A00292,jamesfowler@mack.com,Cynthia,Collins,Manager,2024-09-03T21:42:06,2024-09-29T14:40:27
CT001947,A00989,drewhamilton@mason.info,Kimberly,Campos,VP,2025-12-16T15:57:32,2026-01-20T11:27:29
CT001948,A00925,mayspaul@wallace.com,John,Abbott,Manager,2025-02-21T06:41:55,2024-10-16T02:27:31
CT001949,A00771,ilawson@price.org,Rachel,Caldwell,Coordinator,2024-12-03T01:09:06,2024-08-25T00:53:27
CT001950,A00125,josejones@singleton.com,Carlos,Becker,COO,2025-04-10T05:47:27,2025-07-30T07:37:23
CT001951,A00706,markryan@ramirez.com,Michelle,Wilson,Coordinator,2025-08-03T07:59:09,2025-08-07T22:24:19
CT001952,A00665,codypayne@white.org,Cody,Bailey,COO,2025-03-30T03:08:24,2025-08-31T07:01:21
CT001953,A00777,qwilliams@morse-campbell.com,Jason,Davis,COO,2025-11-09T20:14:49,2025-05-19T16:09:14
CT001954,A00683,bridget54@taylor.com,Kelly,Lewis,Analyst,2025-07-13T15:30:31,2025-10-07T13:47:18
CT001955,A00983,glennhays@bonilla.com,Jennifer,Johnson,Analyst,2025-10-08T10:44:51,2025-10-21T12:35:05
CT001956,A00202,jessica08@stevenson.com,John,Cannon,SVP,2025-09-21T23:21:52,2025-09-27T10:30:59
CT001957,A00926,richardsanchez@rojas.info,Jay,Brooks,CFO,2026-02-06T15:41:35,2025-12-03T12:24:32
CT001958,A00225,lisa34@lewis.org,Justin,Cooper,COO,2025-05-01T01:38:54,2025-05-07T20:35:46
CT001959,A00537,prestonkevin@wallace.com,Robert,Bauer,CFO,2026-02-03T00:30:23,2025-09-29T13:13:34
CT001960,A00989,martineztodd@higgins.com,Lisa,Smith,COO,2025-11-30T07:12:34,2025-12-24T02:49:55
CT001961,A00759,clopez@barnes.org,Stacey,Martin,Director,2026-02-12T02:29:36,2025-03-27T17:53:00
CT001962,A00923,gabrielatyler@rodriguez-mack.com,Scott,Owens,Coordinator,2026-01-14T11:26:42,2025-10-10T01:13:20
CT001963,A00718,idunlap@mcdonald.net,Leslie,Chavez,COO,2026-01-31T05:56:12,2026-01-28T17:01:09
CT001964,A00295,davidsonsara@brooks-moore.com,Kimberly,Conley,CFO,2025-11-26T10:23:30,2026-02-25T17:05:30
CT001965,A00625,crystal01@perez.com,Margaret,Cobb,Coordinator,2025-12-20T06:09:42,2026-02-11T11:07:59
CT001966,A00692,thorntonlindsay@young.net,Renee,Avery,Coordinator,2025-11-13T13:29:19,2025-07-30T01:41:09
CT001967,A00303,christopherjackson@mullins.com,Dale,Arnold,Analyst,2025-06-16T11:57:25,2026-01-13T21:59:06
CT001968,A01107,haynesamy@frost-hughes.com,Carolyn,Bush,Director,2025-12-11T05:17:16,2026-01-29T20:52:25
CT001969,A00617,matthewwall@nelson.com,Kevin,Bell,VP,2025-09-25T23:55:05,2025-11-27T22:41:31
CT001970,A00343,ismith@moore.com,Travis,Smith,Coordinator,2026-02-23T14:17:33,2025-07-14T17:14:36
CT001971,A00095,qking@rivera.org,Joseph,Obrien,COO,2025-10-07T08:56:32,2025-11-16T23:07:32
CT001972,A00407,oross@martinez.org,Keith,Steele,VP,2026-02-09T02:53:06,2025-10-22T03:19:33
CT001973,A00861,erin70@stafford.com,Brian,Pacheco,CFO,2025-03-18T13:06:54,2025-12-14T14:37:37
CT001974,A00750,katherinerogers@walters.biz,Scott,Duke,COO,2025-10-26T08:42:56,2025-11-03T00:26:45
CT001975,A00733,jeffrey44@hughes-strickland.com,Deanna,Palmer,Director,2025-10-25T17:11:19,2025-08-30T21:37:50
CT001976,A00991,peterscourtney@sanchez-taylor.com,Katherine,Clark,VP,2025-02-03T05:39:56,2026-02-01T17:51:13
CT001977,A00048,lucasmoyer@petty.info,Jordan,Hunt,Director,2026-02-28T19:05:28,2026-02-24T05:43:11
CT001978,A00387,reyesrobert@moreno.com,Ronald,Gutierrez,Analyst,2026-02-27T19:55:45,2025-12-27T23:56:32
CT001979,A00513,heather99@rojas.com,Barbara,Saunders,CFO,2025-03-07T07:10:30,2025-08-07T21:29:30
CT001980,A01101,zbrooks@stanton.com,Nathan,George,Director,2025-01-09T11:42:51,2024-03-01T06:58:29
CT001981,A00776,kiarawallace@davis-hale.info,Tiffany,Gutierrez,Manager,2026-02-06T17:04:49,2025-10-10T20:38:24
CT001982,A00995,walkeranne@smith.com,Amy,Baldwin,VP,2025-09-13T22:30:27,2025-11-03T21:20:45
CT001983,A00222,thompsonamanda@hall.com,Bobby,Contreras,Director,2025-02-22T06:17:48,2025-11-12T20:30:22
CT001984,A00380,calebsmith@bryant-orr.net,Erik,Mills,SVP,2025-10-15T09:20:04,2025-08-26T03:40:43
CT001985,A00216,jackhunt@bennett.info,Kelly,Mills,CFO,2025-08-08T17:16:21,2025-04-23T11:16:21
CT001986,A00105,wwilliams@english-alvarez.net,Stephanie,Davis,COO,2025-04-23T06:11:53,2025-03-20T14:36:06
CT001987,A00018,dosborn@franklin.com,Diana,Wood,Coordinator,2024-08-08T03:53:33,2025-08-24T08:12:45
CT001988,A00969,lfischer@adams-velazquez.com,Alexa,Martin,CFO,2025-10-23T15:04:26,2024-11-26T15:00:09
CT001989,A01149,alexandriamiller@rice.com,Nicholas,Mendoza,SVP,2025-07-07T15:59:08,2025-05-05T04:36:16
CT001990,A01019,katrinamontgomery@cannon.com,Dan,Davies,CFO,2025-05-04T21:18:27,2026-01-01T23:30:11
CT001991,A00444,zmason@weeks.info,William,Carlson,COO,2025-07-24T08:09:17,2025-11-14T16:13:59
CT001992,A00362,linda86@vazquez-steele.com,Rachel,Howard,Coordinator,2024-05-22T23:28:23,2025-06-30T05:13:03
CT001993,A00361,weberthomas@graham-powell.biz,Steven,Thompson,COO,2025-09-03T21:08:41,2025-11-30T18:18:17
CT001994,A00244,michaelpatterson@cook-rogers.com,Jose,Barr,COO,2025-10-15T11:05:29,2025-08-08T15:08:15
CT001995,A00095,camerongonzalez@wheeler.com,Jeremy,Garcia,Coordinator,2025-10-30T21:14:32,2025-11-02T06:34:39
CT001996,A00827,daniellucas@lutz-wright.com,Elizabeth,Griffith,VP,2025-02-26T13:21:35,2024-12-05T13:24:52
CT001997,A00347,xmiranda@stephens-hess.net,Anna,Coleman,Analyst,2025-07-29T22:26:44,2025-08-17T04:33:30
CT001998,A00948,munoztrevor@cox.net,Michele,Simmons,Coordinator,2026-02-12T04:40:20,2026-02-03T08:12:30
CT001999,A01011,qmcgee@gray-rocha.info,Craig,Wilkerson,Analyst,2026-02-13T11:36:40,2024-05-10T17:04:22
CT002000,A00445,urios@evans.com,Christina,Lyons,Director,2025-06-29T08:37:43,2025-12-26T20:37:55
CT002001,A00672,yrodriguez@pena.com,Joshua,Ruiz,Coordinator,2025-12-01T13:40:24,2026-01-05T05:30:14
CT002002,A00943,lori00@torres-brown.com,Cynthia,Smith,SVP,2024-08-14T08:35:34,2025-05-24T06:20:42
CT002003,A00249,ajohnson@harding-douglas.org,April,Allen,VP,2025-01-07T03:53:26,2025-12-20T18:59:14
CT002004,A00931,rhall@ross.net,William,Wells,Analyst,2026-01-09T11:42:40,2026-02-17T06:25:58
CT002005,A00471,kellyjohnson@scott.com,Amy,Baker,Manager,2025-08-31T06:10:52,2025-11-03T19:47:39
CT002006,A00553,tinawells@boyd-johnson.com,Lori,Cannon,CFO,2025-11-16T15:54:27,2026-01-31T17:55:59
CT002007,A01112,ramirezdaniel@bartlett.com,Ryan,Williams,VP,2025-04-07T01:39:47,2024-09-11T19:53:17
CT002008,A00334,trose@miller.com,Mary,Schneider,Manager,2025-12-31T05:37:20,2026-01-15T14:01:15
CT002009,A01081,vsmith@salinas-mccullough.com,Maurice,Holland,Coordinator,2026-02-19T17:52:38,2026-02-18T22:12:50
CT002010,A01035,maciassusan@rice.biz,Sheila,Barker,Manager,2026-01-14T05:25:44,2025-11-04T19:53:38
CT002011,A01142,bryanwilson@morrison.net,Timothy,Smith,VP,2025-09-16T18:52:32,2024-08-10T02:29:16
CT002012,A00868,aguilarlaura@sanchez.biz,Jeffrey,Ramirez,Coordinator,2025-08-29T08:22:39,2025-09-10T16:52:25
CT002013,A00256,cparker@garrett.org,Erin,Brock,SVP,2025-12-10T18:08:47,2025-11-25T03:08:07
CT002014,A00338,melanie22@jackson.org,Dawn,Murphy,COO,2025-10-31T16:29:11,2025-10-21T01:04:00
CT002015,A00244,anthonyhoover@lynn-brennan.com,Ashley,Hernandez,VP,2026-02-20T05:29:07,2026-01-20T04:08:44
CT002016,A00199,pmcfarland@harrington.info,Billy,Bowers,Director,2025-10-17T08:24:47,2026-01-21T11:01:31
CT002017,A00437,eskinner@collins-fowler.biz,Edwin,Mitchell,CFO,2025-07-11T08:25:52,2025-07-22T22:08:59
CT002018,A00790,jessica84@rios.com,Timothy,Miller,VP,2025-02-01T15:06:17,2024-08-10T02:25:31
CT002019,A00571,robertchandler@rhodes-bennett.com,Emily,Fields,Analyst,2025-09-10T22:19:21,2024-08-13T12:31:53
CT002020,A00774,kochjonathan@pugh.com,Samantha,Reid,COO,2025-10-07T09:25:48,2025-10-15T03:29:49
CT002021,A00622,nancy00@craig-dalton.info,Tiffany,Davidson,SVP,2026-02-07T23:36:24,2026-01-16T19:05:07
CT002022,A00345,fcook@walsh.biz,Holly,Perez,Director,2026-02-20T06:44:40,2025-11-19T23:12:36
CT002023,A00372,cherylmurphy@davis.com,Ronald,Guerrero,CFO,2025-12-27T14:13:47,2026-01-29T15:19:06
CT002024,A00073,lynn42@steele-nguyen.com,Monica,Young,Analyst,2026-02-14T22:17:49,2026-02-24T00:16:29
CT002025,A01032,austineric@hughes.com,Denise,Ramirez,Coordinator,2025-09-27T04:52:55,2025-09-22T06:33:14
CT002026,A00939,adam09@stewart.net,Donald,Wilson,SVP,2024-09-26T18:00:51,2026-02-09T22:00:59
CT002027,A00099,laura96@branch.com,Charlene,Neal,SVP,2025-06-11T21:13:26,2025-09-19T21:37:07
CT002028,A00907,vtaylor@cooke.com,James,Best,Director,2025-09-26T03:33:13,2025-08-06T11:16:38
CT002029,A00797,john91@white.com,Carla,Rojas,COO,2026-01-18T22:16:17,2025-11-22T03:00:30
CT002030,A00664,brittany54@watkins-lucas.com,Seth,Boyer,VP,2024-12-26T11:38:21,2025-03-17T03:03:29
CT002031,A00606,michael88@moore.com,Anthony,Martinez,VP,2025-02-27T22:16:41,2025-04-12T14:54:00
CT002032,A01092,hamptontiffany@flores.com,Rachel,Huerta,VP,2025-10-07T21:35:38,2025-05-02T22:42:37
CT002033,A00823,ronnierice@moore.info,Nicholas,Johns,VP,2025-08-24T09:29:24,2025-08-29T05:33:39
CT002034,A00920,wandrews@williams.com,Heather,Rodriguez,VP,2025-10-28T05:35:00,2025-09-16T03:41:51
CT002035,A00935,kaguilar@rivas.net,Nicholas,Craig,Director,2026-02-28T22:48:32,2026-02-19T13:07:28
CT002036,A00386,michael72@cruz.biz,Edward,Rivera,CFO,2026-01-24T05:26:57,2025-05-05T18:37:13
CT002037,A00860,patricia98@rodriguez.com,Megan,Tucker,SVP,2026-01-08T17:51:48,2026-01-14T10:35:34
CT002038,A00213,iwalker@crosby-fox.com,Brandon,Ellis,VP,2025-08-04T03:33:35,2025-09-15T12:24:29
CT002039,A00459,cole52@ford-jones.net,Joy,Adkins,VP,2025-04-16T03:33:20,2024-02-17T21:58:58
CT002040,A00419,valdezandrew@smith.com,Matthew,Anderson,Manager,2024-12-14T13:15:59,2025-01-20T17:03:35
CT002041,A00518,gnguyen@reid-moreno.com,David,Weber,Director,2025-07-18T20:30:37,2025-02-21T13:13:15
CT002042,A00674,shumphrey@fritz.com,Jennifer,Williams,VP,2026-03-01T17:10:39,2026-01-03T02:04:33
CT002043,A00198,cathyturner@lyons.com,Linda,Jones,COO,2025-01-26T08:45:13,2026-01-30T00:44:57
CT002044,A00825,dsoto@jackson.net,Ashley,Clark,Manager,2025-10-13T22:32:03,2025-11-08T23:33:42
CT002045,A00477,ideleon@washington.net,John,Smith,COO,2025-12-03T01:13:55,2025-09-18T12:40:49
CT002046,A01180,ihenderson@potter.info,Brenda,Lynch,COO,2026-01-12T20:21:41,2025-12-27T15:21:06
CT002047,A00698,hayesjames@anderson.com,Joshua,Zimmerman,Coordinator,2026-01-08T04:12:33,2026-02-08T20:53:05
CT002048,A00328,fordethan@mitchell-rogers.net,Erika,Cruz,Coordinator,2026-01-08T00:00:25,2025-09-22T13:15:48
CT002049,A00607,melissadeleon@ponce.com,Patricia,Miranda,VP,2024-09-20T11:34:07,2025-07-30T00:48:59
CT002050,A01118,monicawilliams@smith-mitchell.org,Marie,Gomez,VP,2025-02-24T06:55:30,2025-12-08T15:37:40
CT002051,A00255,jenniferlynn@bailey-gonzalez.info,Lisa,Watson,Coordinator,2025-05-22T01:23:51,2025-02-11T22:53:57
CT002052,A00169,nicolepearson@thompson.com,Ronald,Ruiz,CFO,2025-02-20T22:09:08,2025-04-05T20:58:47
CT002053,A00225,richardsonjonathan@pennington.com,Sarah,Hunter,COO,2026-02-26T14:58:39,2025-09-17T09:10:09
CT002054,A00225,browncarlos@patterson.com,Jason,Lane,Director,2025-04-23T21:32:22,2025-08-05T05:50:31
CT002055,A00931,jaredvelazquez@becker.com,Tina,Byrd,SVP,2026-02-14T11:56:49,2026-02-20T03:14:00
CT002056,A00135,mark22@fisher-mcdaniel.com,Tammie,Monroe,Analyst,2025-12-22T07:09:52,2026-02-01T15:50:10
CT002057,A00442,cpatterson@powell.com,Robin,Johnson,Manager,2026-01-21T09:03:49,2025-09-07T21:09:27
CT002058,A00151,pgarcia@leonard-carr.com,Rebekah,Miller,Director,2026-01-30T03:18:51,2025-09-07T23:46:49
CT002059,A00827,daryl86@byrd.com,James,Jones,Analyst,2025-02-14T10:49:01,2025-05-01T20:56:27
CT002060,A00478,penanicholas@gomez.com,Tammy,Booker,COO,2025-09-12T20:20:18,2024-11-19T15:37:07
CT002061,A00093,randall74@baldwin-peterson.com,Shannon,Sandoval,Analyst,2026-01-14T21:53:29,2024-12-29T10:30:40
CT002062,A00963,jesse25@mason-schultz.com,Stacey,Diaz,Manager,2024-11-17T07:52:10,2025-10-14T20:43:10
CT002063,A00162,millerkirk@hardin.com,Michelle,Mosley,Analyst,2025-04-25T13:58:26,2025-02-05T20:20:29
CT002064,A00717,rodney53@bridges-peterson.com,Tonya,Wolf,Analyst,2025-06-30T23:04:48,2025-10-08T16:18:18
CT002065,A00184,penajanice@smith-hudson.com,Kim,Johnson,CFO,2025-12-05T10:20:09,2025-06-14T03:12:12
CT002066,A01066,stephen68@caldwell-gonzalez.com,Katherine,Martin,VP,2024-07-15T11:31:49,2025-02-06T14:06:59
CT002067,A00950,stonecatherine@lin-miller.org,Sean,Reynolds,Coordinator,2024-10-09T05:47:02,2026-01-14T03:11:30
CT002068,A00696,victoriamartin@woodard.com,John,Braun,SVP,2026-01-11T03:39:05,2024-10-19T03:27:16
CT002069,A00915,piercemelanie@gomez.com,Diane,Moore,COO,2024-07-03T16:09:52,2025-11-22T04:52:07
CT002070,A00842,abigail88@fields.com,Michael,Caldwell,VP,2026-02-03T04:57:25,2026-01-23T21:52:29
CT002071,A00827,johnsonelizabeth@sanchez.com,Brandon,Li,CFO,2025-03-29T05:39:15,2026-01-06T23:53:11
CT002072,A00979,greenelizabeth@davis.com,Melinda,Horton,SVP,2025-11-25T15:15:13,2025-05-09T05:11:36
CT002073,A00906,fsmith@davis.biz,Joe,Welch,Analyst,2026-01-31T00:35:18,2025-09-10T10:48:05
CT002074,A00568,johnsonrebecca@adams.org,Deborah,Lee,Manager,2024-06-04T12:01:33,2025-08-27T12:41:55
CT002075,A00874,marthaholmes@wright.com,Travis,Hughes,VP,2024-06-04T13:18:39,2024-11-16T05:01:55
CT002076,A00589,qhill@miller-rivera.com,Anthony,Evans,VP,2025-05-17T16:04:32,2026-01-23T07:11:20
CT002077,A00975,samanthanoble@robles.com,Joshua,Nunez,VP,2026-02-03T09:34:56,2026-02-06T06:06:31
CT002078,A00416,noblenatalie@gordon.com,Adrian,Elliott,VP,2025-07-24T17:08:56,2024-08-04T11:41:44
CT002079,A00945,fieldsjessica@ware.com,Jacqueline,Ortega,CFO,2026-02-24T15:41:05,2026-03-01T04:59:00
CT002080,A00213,emartinez@alexander-roy.biz,Patrick,Roberts,Manager,2024-07-26T08:32:54,2024-12-02T09:07:28
CT002081,A01071,aguirreteresa@elliott-gonzalez.com,Michael,Gibson,Manager,2026-01-30T11:18:19,2026-02-13T06:54:37
CT002082,A00378,vtaylor@johnson.com,Troy,Flores,COO,2025-05-21T17:37:01,2025-12-24T22:34:12
CT002083,A00238,tina61@griffith-george.net,James,Crawford,Manager,2025-06-20T04:15:16,2025-10-26T19:53:50
CT002084,A00879,andre48@molina.com,Tyler,Brady,Analyst,2025-10-20T20:41:51,2026-01-20T15:46:08
CT002085,A00878,randyhill@gomez-miles.biz,Carlos,Soto,COO,2025-12-21T03:54:36,2025-08-17T06:11:00
CT002086,A00982,warddonald@thompson-vega.info,Lisa,Collins,CFO,2025-06-30T10:13:48,2025-05-29T08:50:56
CT002087,A00638,raventorres@peters-sutton.com,Luis,Jordan,CFO,2026-01-17T01:16:33,2025-07-29T20:29:25
CT002088,A00875,henryamanda@klein.net,Jacob,Washington,Coordinator,2024-12-12T06:42:12,2025-09-05T18:13:36
CT002089,A00006,seth16@bernard-duncan.com,Justin,Green,Director,2026-01-01T09:46:29,2026-01-09T00:00:35
CT002090,A00372,gatesjeremy@gonzalez.org,Tracey,Farmer,Director,2026-02-25T02:08:23,2026-02-04T07:31:40
CT002091,A00449,tracyanderson@murphy.org,Norman,Evans,VP,2024-09-30T01:21:25,2025-09-13T23:50:44
CT002092,A01166,lindaacevedo@miles-johnson.com,Ryan,Shaffer,Analyst,2024-09-27T16:57:02,2025-04-28T12:21:08
CT002093,A00216,chelseaadams@wilson-sawyer.com,Keith,Matthews,CFO,2025-05-19T23:30:01,2025-04-14T23:53:23
CT002094,A00330,smithandrew@smith-fox.info,Vanessa,Krause,Analyst,2024-12-22T06:20:15,2025-03-02T12:21:03
CT002095,A00876,anthony28@acevedo.com,Anthony,Lane,VP,2026-02-04T15:05:20,2026-01-12T23:17:46
CT002096,A00580,hrobinson@hernandez-orozco.com,Meghan,Snyder,CFO,2025-12-20T15:50:57,2025-12-04T00:18:57
CT002097,A00377,jenniferross@moore-weaver.com,Tracy,Kirby,Coordinator,2025-08-23T15:05:04,2025-06-25T21:32:50
CT002098,A00468,shaun31@murphy-leon.com,Chelsea,Ryan,Analyst,2025-09-29T18:03:33,2025-08-30T18:43:57
CT002099,A00657,crios@long.com,John,Cummings,Director,2024-12-10T02:42:48,2025-08-29T13:23:27
CT002100,A00617,ernestrichards@lopez.org,Matthew,Rodriguez,SVP,2025-08-03T17:23:54,2025-11-29T23:19:42
CT002101,A01027,alexschwartz@fuller.com,John,Morris,Director,2025-09-16T03:42:08,2025-12-02T23:15:39
CT002102,A00983,rkelley@singleton-boyd.net,Shawn,Stein,Director,2025-11-11T06:11:56,2025-09-13T11:45:48
CT002103,A00089,rosevega@bolton.com,Emily,Smith,COO,2025-08-27T13:01:50,2025-09-20T00:44:45
CT002104,A00777,rebeccamiller@vasquez.com,Amanda,Clark,VP,2025-07-20T11:45:52,2025-04-08T15:57:05
CT002105,A00236,ulowery@park-thomas.info,Brittany,Kennedy,Coordinator,2026-02-08T08:51:20,2025-12-14T16:56:15
CT002106,A00083,comptonmichele@wagner.net,Maria,Russell,Manager,2025-12-20T07:56:15,2026-01-11T19:26:00
CT002107,A00963,lopezroy@hawkins.com,Timothy,May,Manager,2024-08-19T11:11:35,2024-11-22T05:28:42
CT002108,A01041,watsonkaitlyn@branch.biz,Michael,Schneider,CFO,2024-12-28T08:51:36,2025-05-04T16:42:30
CT002109,A00142,melissasmith@houston.net,Brandon,Harris,CFO,2026-01-17T14:55:19,2025-11-23T20:13:25
CT002110,A00170,ncortez@mcgee.biz,Patrick,Johnston,Analyst,2025-03-14T05:51:20,2024-10-27T07:09:44
CT002111,A01066,harrissharon@hood.com,Jennifer,Middleton,Coordinator,2025-08-23T14:30:32,2024-11-17T15:40:42
CT002112,A00481,douglasmichael@washington-walton.com,Brandon,Ferguson,Analyst,2025-05-23T04:52:25,2025-09-24T15:05:05
CT002113,A00321,heathersmith@hill.com,Andrew,Watkins,Coordinator,2025-12-09T16:30:13,2026-01-05T23:54:44
CT002114,A01137,barbara07@yu-bray.com,Joshua,Melton,SVP,2025-09-21T14:32:19,2024-11-14T12:20:37
CT002115,A01195,daniellerobinson@mcdonald-johnson.com,Linda,Chapman,SVP,2026-01-03T16:55:50,2025-08-06T07:24:49
CT002116,A00384,nelsontimothy@hill.com,Brandon,Hudson,VP,2024-09-05T02:30:57,2024-11-09T21:57:07
CT002117,A00362,amanda09@douglas.com,Steven,Campbell,Manager,2024-10-29T05:15:03,2025-09-04T02:35:14
CT002118,A00923,banderson@herrera-barnes.com,Robert,Hill,SVP,2025-05-23T12:03:47,2026-02-08T07:46:19
CT002119,A01181,caleb52@howard.com,Toni,Cordova,COO,2026-01-27T06:59:50,2026-01-27T03:28:32
CT002120,A00850,russovanessa@chen.biz,Micheal,Garcia,Director,2025-04-15T07:25:53,2025-09-21T07:40:37
CT002121,A01110,fordtravis@sanchez.com,Valerie,Jordan,COO,2026-02-18T13:37:37,2026-02-24T19:07:46
CT002122,A00806,ncampbell@sandoval.com,Lauren,Smith,SVP,2025-08-03T14:47:02,2024-11-02T03:56:29
CT002123,A00362,michaeladams@waters.com,Malik,Taylor,Coordinator,2025-01-15T06:34:45,2025-08-06T07:08:09
CT002124,A00379,nbailey@johnson-johnson.com,Nancy,Mason,Manager,2026-02-12T09:00:09,2026-02-17T04:15:04
CT002125,A00601,yfranklin@calderon.org,Danielle,Mccullough,COO,2026-02-24T08:15:01,2025-11-24T11:44:36
CT002126,A00556,lisathompson@mccarty.com,Heather,Lester,Director,2026-01-24T17:04:32,2026-01-24T00:10:07
CT002127,A00919,deborahscott@george.com,Gordon,Gutierrez,Director,2025-05-12T01:11:20,2025-01-29T17:04:10
CT002128,A00194,grahamcatherine@espinoza-estrada.info,Deanna,Brown,Director,2025-06-28T09:26:40,2025-11-09T19:22:53
CT002129,A00889,austinmegan@luna.net,Steven,Leonard,CFO,2025-12-12T22:25:44,2026-01-19T10:16:56
CT002130,A00043,pgilmore@hendrix.com,Brian,Phelps,CFO,2025-10-21T05:49:04,2025-12-13T21:49:52
CT002131,A01151,patrick24@maddox.com,Austin,Bowman,Director,2025-08-16T22:56:20,2025-09-18T10:18:52
CT002132,A00146,wrich@winters.info,Sarah,Brown,Coordinator,2025-11-29T13:15:19,2025-12-09T15:04:32
CT002133,A00150,zanthony@hawkins-barnes.info,Julie,Rodriguez,Analyst,2025-11-20T18:21:51,2025-11-01T12:42:01
CT002134,A00345,robertrandolph@oneal.info,Leroy,Dorsey,Manager,2024-09-29T19:37:32,2025-06-26T10:11:57
CT002135,A00044,andradewilliam@norris-rasmussen.com,Michelle,Wood,SVP,2025-11-02T02:38:47,2026-01-06T22:53:34
CT002136,A00043,angelaglenn@williams-walton.com,Joe,Carter,Director,2025-09-13T08:55:52,2025-09-08T15:17:13
CT002137,A00764,haleygeorge@jones.com,Charles,Johnson,Coordinator,2024-03-29T23:33:55,2024-10-06T04:57:17
CT002138,A00551,eduardorose@fitzpatrick.org,Jessica,Savage,Analyst,2026-01-25T23:01:50,2026-01-21T16:07:56
CT002139,A00428,sarahsanchez@cunningham.com,Rachel,Smith,Coordinator,2026-02-24T11:14:38,2026-02-15T16:12:05
CT002140,A01051,georgeneal@wilson.com,Billy,Franco,CFO,2025-12-09T05:17:39,2025-12-20T07:17:29
CT002141,A00110,josephwebb@newton-sullivan.com,Richard,Mcbride,Analyst,2025-12-30T04:20:49,2025-11-22T14:12:01
CT002142,A00030,johnvazquez@johnson.com,Michelle,Thompson,COO,2024-12-30T17:23:23,2026-02-16T22:24:04
CT002143,A00933,mwillis@johnson.com,Brandon,Booker,Director,2025-10-10T01:24:15,2026-01-13T09:10:45
CT002144,A00681,allenfields@ayala.org,David,Arnold,CFO,2026-02-11T15:54:38,2026-02-01T14:10:24
CT002145,A00868,vmartin@lewis-fox.info,Keith,Perez,VP,2025-04-09T20:49:31,2025-05-16T04:08:36
CT002146,A00729,brian26@adams.net,Max,Carter,SVP,2025-08-04T05:59:17,2025-08-16T19:52:05
CT002147,A00189,deborahjenkins@huber-brandt.com,David,Travis,VP,2025-10-23T10:23:14,2026-01-05T05:17:49
CT002148,A00393,kathleenschmidt@mata.com,Peter,Case,VP,2025-10-16T01:38:10,2026-01-20T20:41:42
CT002149,A01068,matthew34@hansen.com,Jesus,James,CFO,2025-12-30T17:00:31,2025-12-15T15:46:42
CT002150,A00924,butlermary@walker.net,Carlos,Caldwell,SVP,2025-06-13T16:33:05,2025-10-30T16:20:34
CT002151,A00842,ginalee@fields.com,Johnathan,Strickland,VP,2025-12-27T14:37:44,2026-01-04T11:25:09
CT002152,A00339,dustin05@gutierrez.com,April,Ingram,CFO,2025-02-26T18:05:26,2025-01-30T09:12:16
CT002153,A00229,newmankatrina@wilson.info,Jacqueline,Perez,COO,2025-07-19T01:39:53,2026-02-08T15:14:32
CT002154,A00801,kelly00@velasquez.com,Natalie,Kane,Analyst,2026-03-01T03:42:05,2025-07-28T16:05:06
CT002155,A01099,jhansen@richards-garcia.info,Joann,Berg,Director,2025-11-06T17:50:02,2025-10-31T07:54:59
CT002156,A01188,tracy27@chen.com,April,White,Director,2025-09-03T20:09:00,2025-09-30T06:21:31
CT002157,A00862,brownellen@matthews.com,Bruce,Williams,VP,2026-01-19T07:18:17,2025-12-20T08:54:45
CT002158,A00901,lorimercado@mejia.com,Melissa,Stephens,Director,2025-09-18T02:28:53,2026-02-20T14:11:03
CT002159,A01197,vhunt@macdonald.info,William,Kirby,SVP,2026-02-07T09:30:08,2026-01-28T15:27:41
CT002160,A00169,drichardson@salas.com,Jill,Grimes,Coordinator,2025-04-02T18:04:07,2025-07-26T05:10:35
CT002161,A00242,sandra55@dixon.org,Timothy,Perkins,Analyst,2025-11-20T23:52:28,2025-04-08T03:37:34
CT002162,A01136,elizabeth22@garner.com,Sonya,Erickson,VP,2026-02-13T14:00:49,2025-05-27T16:20:38
CT002163,A01096,terrancehorton@herman.org,Richard,White,CFO,2025-02-11T16:36:31,2026-02-07T15:09:58
CT002164,A00737,whitneymclean@sullivan-collins.com,Carol,Dixon,COO,2025-07-21T19:54:50,2025-10-13T18:59:30
CT002165,A00560,isaiahjohnson@johnson.com,Stephanie,Richmond,Manager,2026-02-11T12:33:57,2025-09-24T22:31:56
CT002166,A00500,mdavidson@acosta-mclaughlin.info,Debra,Scott,CFO,2025-02-05T23:07:05,2025-10-20T09:47:50
CT002167,A00041,alexnelson@lewis.com,Nathan,Pittman,SVP,2026-01-03T05:37:28,2025-11-29T18:53:16
CT002168,A00051,jeffreybell@jones-martinez.net,Katherine,Proctor,SVP,2024-11-01T12:46:07,2025-12-05T02:49:51
CT002169,A00863,christensensharon@mckay-cohen.net,Daniel,Miller,Director,2025-02-07T22:59:28,2025-10-22T20:15:57
CT002170,A00130,scott39@humphrey.org,Renee,Moran,Director,2026-01-12T01:07:48,2026-02-01T11:31:14
CT002171,A00735,higginsdonna@holloway-hernandez.info,Paul,Turner,Director,2025-08-04T11:09:12,2025-04-18T18:06:12
CT002172,A00653,boydcurtis@ramsey.biz,Darin,Bush,Coordinator,2025-03-18T23:31:20,2025-12-23T09:26:54
CT002173,A00710,othomas@carter.com,Jacqueline,Berry,SVP,2025-09-20T12:20:59,2025-08-12T04:03:56
CT002174,A00858,edwinward@adams-bradshaw.com,Matthew,Flores,COO,2026-02-17T12:51:18,2026-02-16T01:28:02
CT002175,A00999,iyoung@spencer.com,Alejandro,Hines,SVP,2025-05-29T03:32:04,2025-07-24T08:46:10
CT002176,A00952,vparsons@patterson.com,Mary,Grant,Manager,2025-09-11T05:43:00,2026-02-02T23:02:40
CT002177,A01029,kenneth76@bowman.org,William,Silva,Manager,2025-12-04T15:18:52,2025-10-19T06:24:44
CT002178,A00107,kcohen@gutierrez.com,Margaret,Montgomery,Manager,2025-08-31T07:20:12,2025-07-13T10:32:48
CT002179,A00215,lori25@hunt.com,Michael,Gomez,VP,2025-02-01T00:27:33,2025-03-20T17:35:37
CT002180,A00847,nicole03@rodriguez.com,Leah,Brown,Analyst,2026-02-15T23:05:43,2025-11-25T10:59:49
CT002181,A00740,charleskelly@jones.net,Matthew,Webb,VP,2024-10-25T12:11:44,2024-11-13T14:57:02
CT002182,A00395,charles43@obrien.biz,David,Strong,VP,2025-09-16T21:30:52,2025-12-22T01:08:21
CT002183,A00555,payala@evans.com,Ronald,Richardson,Analyst,2025-11-22T22:15:43,2025-07-24T23:59:37
CT002184,A00987,marcuspalmer@mclaughlin-smith.com,Ashley,Livingston,SVP,2026-02-14T14:37:06,2026-02-23T00:38:38
CT002185,A00208,tasha11@smith-wilson.com,Todd,Estrada,VP,2026-01-29T04:54:00,2025-12-09T19:25:36
CT002186,A00810,michaelfowler@pace.com,Bob,Moreno,CFO,2025-10-28T23:10:55,2025-12-30T11:04:30
CT002187,A00641,daniel08@huffman.com,Richard,Wilson,Coordinator,2026-02-25T03:17:23,2026-02-09T18:50:10
CT002188,A00228,timothy05@medina-mccarty.com,John,Murray,CFO,2025-03-08T23:19:26,2024-09-03T10:34:46
CT002189,A00135,karendavis@parker.info,Chris,Brown,Manager,2025-06-05T18:20:08,2025-08-09T23:26:06
CT002190,A00796,bfuentes@hamilton.net,Jacqueline,Kennedy,Analyst,2026-01-24T14:20:15,2025-07-11T05:16:22
CT002191,A00344,juarezbrandy@english.com,Phillip,Reid,Manager,2025-02-09T11:50:59,2025-05-24T22:24:34
CT002192,A00303,stephanie99@rivera.com,Thomas,Edwards,CFO,2025-07-28T13:43:17,2025-12-09T06:12:07
CT002193,A00159,franklincristian@garcia.biz,Jonathan,Ayala,Manager,2026-02-02T11:50:48,2026-02-23T06:36:44
CT002194,A00540,jamesjeffrey@combs.com,Kyle,Bell,VP,2024-11-23T20:55:31,2026-01-27T01:33:50
CT002195,A00679,michellewilliams@harris.org,Nicholas,Nichols,Analyst,2025-08-15T11:53:41,2025-03-02T00:27:15
CT002196,A00731,carlroberts@gonzalez-hicks.info,Ricky,Scott,CFO,2025-06-07T12:01:39,2026-01-04T09:47:05
CT002197,A00317,joshua21@conner.com,Monica,Garrett,Coordinator,2025-12-16T22:16:35,2025-11-01T01:47:12
CT002198,A00541,ldaniels@martinez-cannon.com,James,Smith,COO,2024-09-27T23:27:20,2025-08-13T02:09:34
CT002199,A00606,elainesmith@salas.org,Larry,Hernandez,Manager,2024-08-09T02:33:17,2024-05-26T15:24:25
CT002200,A00090,kimberlywolfe@rodriguez.com,Matthew,Vasquez,SVP,2025-10-26T22:58:36,2025-09-01T09:36:58
