opportunity_id,product_id,quantity,unit_price,line_total
O000001,P00191,33,171.09,5645.97
O000001,P00336,18,75.88,1365.84
O000001,P00048,16,123.93,1982.88
O000001,P00167,45,235.92,10616.4
O000002,P00391,48,385.68,18512.64
O000002,P00066,50,107.02,5351.0
O000002,P00303,6,254.68,1528.08
O000002,P00364,27,473.82,12793.14
O000003,P00165,4,161.43,645.72
O000003,P00497,21,360.87,7578.27
O000004,P00269,6,487.59,2925.54
O000004,P00297,40,372.37,14894.8
O000005,P00363,36,439.23,15812.28
O000005,P00069,38,78.66,2989.08
O000006,P00279,17,466.95,7938.15
O000006,P00458,25,74.08,1852.0
O000007,P00036,14,34.36,481.04
O000008,P00215,46,248.59,11435.14
O000008,P00436,44,88.96,3914.24
O000008,P00427,18,212.01,3816.18
O000009,P00218,37,380.7,14085.9
O000009,P00431,2,99.27,198.54
O000009,P00213,46,369.61,17002.06
O000010,P00481,3,67.64,202.92
O000010,P00312,9,565.85,5092.65
O000010,P00213,32,422.05,13505.6
O000010,P00262,27,439.27,11860.29
O000010,P00322,4,31.94,127.76
O000011,P00245,2,522.89,1045.78
O000011,P00505,18,80.97,1457.46
O000011,P00138,25,33.97,849.25
O000011,P00029,50,73.08,3654.0
O000012,P00419,25,522.78,13069.5
O000012,P00020,25,401.57,10039.25
O000012,P00001,22,239.71,5273.62
O000013,P00363,7,371.86,2603.02
O000013,P00203,30,254.27,7628.1
O000013,P00265,43,159.72,6867.96
O000013,P00322,20,33.33,666.6
O000014,P00480,46,235.15,10816.9
O000014,P00090,33,520.12,17163.96
O000014,P00486,24,143.93,3454.32
O000015,P00380,40,244.01,9760.4
O000015,P00401,10,201.5,2015.0
O000015,P00359,33,382.48,12621.84
O000015,P00114,46,103.15,4744.9
O000016,P00265,21,168.8,3544.8
O000016,P00250,38,70.05,2661.9
O000016,P00191,8,181.1,1448.8
O000016,P00537,25,232.79,5819.75
O000016,P00373,5,11.95,59.75
O000017,P00357,14,368.09,5153.26
O000018,P00439,12,229.31,2751.72
O000018,P00483,33,411.89,13592.37
O000019,P00432,26,576.65,14992.9
O000020,P00549,4,443.66,1774.64
O000020,P00170,16,208.87,3341.92
O000020,P00389,22,63.12,1388.64
O000020,P00221,45,272.23,12250.35
O000020,P00289,8,198.32,1586.56
O000021,P00375,42,28.84,1211.28
O000021,P00324,29,107.03,3103.87
O000021,P00226,17,9.71,165.07
O000021,P00465,27,165.48,4467.96
O000021,P00453,30,62.16,1864.8
O000021,P00558,17,408.33,6941.61
O000022,P00499,29,27.6,800.4
O000022,P00267,33,400.77,13225.41
O000022,P00419,25,486.59,12164.75
O000022,P00032,48,390.8,18758.4
O000022,P00334,42,5.28,221.76
O000023,P00518,36,223.44,8043.84
O000024,P00345,20,145.32,2906.4
O000024,P00491,8,177.75,1422.0
O000024,P00218,30,457.71,13731.3
O000025,P00005,6,63.92,383.52
O000025,P00530,36,129.54,4663.44
O000025,P00498,18,224.4,4039.2
O000025,P00279,31,390.21,12096.51
O000025,P00473,43,389.48,16747.64
O000025,P00097,13,197.58,2568.54
O000026,P00497,40,293.9,11756.0
O000026,P00576,25,423.05,10576.25
O000027,P00552,22,275.4,6058.8
O000027,P00379,50,267.6,13380.0
O000027,P00020,38,379.47,14419.86
O000027,P00570,44,285.37,12556.28
O000027,P00252,7,31.83,222.81
O000027,P00085,11,443.97,4883.67
O000028,P00353,21,474.63,9967.23
O000028,P00024,25,358.31,8957.75
O000028,P00126,22,301.5,6633.0
O000029,P00442,36,134.44,4839.84
O000029,P00087,3,327.88,983.64
O000029,P00277,28,226.57,6343.96
O000029,P00341,38,438.23,16652.74
O000029,P00578,6,252.09,1512.54
O000030,P00556,4,497.43,1989.72
O000030,P00102,11,150.44,1654.84
O000030,P00530,11,147.12,1618.32
O000030,P00551,49,273.99,13425.51
O000030,P00353,8,460.74,3685.92
O000030,P00545,50,258.82,12941.0
O000031,P00057,40,171.84,6873.6
O000031,P00585,30,8.34,250.2
O000031,P00157,11,134.38,1478.18
O000031,P00416,20,364.7,7294.0
O000031,P00028,21,199.32,4185.72
O000031,P00003,44,350.3,15413.2
O000032,P00576,27,424.03,11448.81
O000032,P00463,35,387.71,13569.85
O000033,P00220,36,149.09,5367.24
O000033,P00093,11,107.09,1177.99
O000033,P00577,32,536.34,17162.88
O000033,P00256,8,242.56,1940.48
O000033,P00033,49,177.14,8679.86
O000034,P00232,35,255.11,8928.85
O000034,P00027,37,509.31,18844.47
O000034,P00080,49,234.41,11486.09
O000034,P00204,20,234.32,4686.4
O000034,P00299,45,64.88,2919.6
O000035,P00062,23,316.4,7277.2
O000035,P00088,1,274.43,274.43
O000035,P00238,7,216.42,1514.94
O000035,P00012,31,465.71,14437.01
O000035,P00113,27,313.14,8454.78
O000036,P00247,35,231.47,8101.45
O000036,P00081,14,110.17,1542.38
O000036,P00484,41,237.53,9738.73
O000036,P00195,14,267.37,3743.18
O000036,P00381,16,196.8,3148.8
O000036,P00466,25,200.44,5011.0
O000037,P00107,17,30.98,526.66
O000038,P00474,47,246.66,11593.02
O000038,P00575,41,134.52,5515.32
O000039,P00543,8,229.24,1833.92
O000039,P00299,29,59.12,1714.48
O000039,P00217,45,111.6,5022.0
O000040,P00283,2,403.62,807.24
O000040,P00313,9,40.5,364.5
O000040,P00325,38,56.3,2139.4
O000040,P00020,6,416.34,2498.04
O000040,P00479,32,394.46,12622.72
O000040,P00396,28,78.3,2192.4
O000041,P00166,23,340.83,7839.09
O000041,P00479,5,477.04,2385.2
O000041,P00274,18,623.78,11228.04
O000041,P00586,6,161.64,969.84
O000041,P00407,35,588.46,20596.1
O000041,P00526,27,230.36,6219.72
O000042,P00342,35,80.05,2801.75
O000042,P00057,6,142.88,857.28
O000042,P00463,32,312.0,9984.0
O000042,P00062,47,332.98,15650.06
O000042,P00061,31,575.9,17852.9
O000043,P00584,19,191.0,3629.0
O000043,P00041,14,337.78,4728.92
O000043,P00229,19,124.28,2361.32
O000043,P00053,2,92.54,185.08
O000043,P00040,5,235.39,1176.95
O000044,P00528,7,404.87,2834.09
O000044,P00360,40,47.4,1896.0
O000044,P00123,44,406.52,17886.88
O000044,P00125,45,276.88,12459.6
O000045,P00126,8,282.02,2256.16
O000045,P00200,49,493.56,24184.44
O000045,P00360,33,53.79,1775.07
O000045,P00049,1,69.24,69.24
O000046,P00040,41,219.12,8983.92
O000046,P00419,21,529.87,11127.27
O000046,P00091,15,172.78,2591.7
O000046,P00096,33,544.37,17964.21
O000047,P00390,40,472.76,18910.4
O000047,P00464,21,336.45,7065.45
O000047,P00532,29,39.36,1141.44
O000048,P00163,26,179.58,4669.08
O000048,P00072,33,106.07,3500.31
O000048,P00414,15,334.01,5010.15
O000049,P00239,22,421.4,9270.8
O000049,P00114,10,113.42,1134.2
O000049,P00103,22,220.04,4840.88
O000049,P00086,9,127.89,1151.01
O000049,P00599,19,55.14,1047.66
O000049,P00281,39,294.97,11503.83
O000050,P00576,20,379.08,7581.6
O000050,P00372,43,170.35,7325.05
O000050,P00507,31,277.11,8590.41
O000051,P00139,13,313.03,4069.39
O000051,P00083,10,427.13,4271.3
O000051,P00166,11,351.86,3870.46
O000051,P00482,40,71.81,2872.4
O000051,P00259,4,248.16,992.64
O000052,P00465,17,163.96,2787.32
O000052,P00128,29,363.39,10538.31
O000053,P00430,38,115.37,4384.06
O000054,P00215,7,221.77,1552.39
O000054,P00249,47,279.2,13122.4
O000054,P00361,35,108.34,3791.9
O000055,P00051,34,487.73,16582.82
O000055,P00297,7,380.85,2665.95
O000056,P00533,23,148.86,3423.78
O000056,P00288,9,193.67,1743.03
O000056,P00230,25,285.4,7135.0
O000057,P00113,48,364.57,17499.36
O000057,P00028,4,225.54,902.16
O000057,P00226,15,10.02,150.3
O000057,P00293,10,233.77,2337.7
O000057,P00316,11,212.55,2338.05
O000058,P00331,11,382.04,4202.44
O000058,P00453,5,78.43,392.15
O000058,P00004,37,149.76,5541.12
O000058,P00153,46,256.17,11783.82
O000058,P00005,39,72.96,2845.44
O000058,P00319,49,379.98,18619.02
O000059,P00061,5,598.47,2992.35
O000060,P00148,19,297.1,5644.9
O000060,P00351,6,325.36,1952.16
O000060,P00059,20,469.39,9387.8
O000060,P00025,18,112.28,2021.04
O000060,P00357,21,351.89,7389.69
O000060,P00152,3,105.39,316.17
O000061,P00202,23,577.04,13271.92
O000061,P00119,37,62.86,2325.82
O000061,P00268,38,179.38,6816.44
O000061,P00407,35,480.45,16815.75
O000061,P00532,43,36.05,1550.15
O000061,P00029,16,71.45,1143.2
O000062,P00244,31,394.3,12223.3
O000062,P00220,6,167.89,1007.34
O000062,P00033,2,172.3,344.6
O000062,P00356,32,232.0,7424.0
O000062,P00066,4,86.36,345.44
O000062,P00552,17,274.55,4667.35
O000063,P00157,49,116.53,5709.97
O000063,P00512,23,257.14,5914.22
O000063,P00396,27,80.72,2179.44
O000063,P00368,33,191.44,6317.52
O000063,P00280,35,221.78,7762.3
O000064,P00587,11,10.31,113.41
O000064,P00102,46,142.11,6537.06
O000065,P00034,33,203.27,6707.91
O000065,P00210,46,289.85,13333.1
O000065,P00317,12,80.62,967.44
O000065,P00193,37,162.12,5998.44
O000066,P00399,49,514.6,25215.4
O000067,P00085,27,453.19,12236.13
O000067,P00135,32,96.05,3073.6
O000067,P00506,29,47.1,1365.9
O000068,P00299,23,55.75,1282.25
O000068,P00438,11,577.57,6353.27
O000068,P00477,9,58.12,523.08
O000068,P00183,11,397.96,4377.56
O000069,P00135,21,100.81,2117.01
O000070,P00226,30,11.19,335.7
O000071,P00212,22,31.95,702.9
O000071,P00040,4,257.52,1030.08
O000071,P00533,34,153.72,5226.48
O000071,P00504,29,467.83,13567.07
O000071,P00583,16,26.02,416.32
O000071,P00234,36,388.54,13987.44
O000072,P00222,48,158.34,7600.32
O000072,P00097,10,183.09,1830.9
O000072,P00196,35,573.82,20083.7
O000072,P00396,10,79.13,791.3
O000073,P00098,26,294.65,7660.9
O000073,P00208,35,496.8,17388.0
O000073,P00135,12,96.25,1155.0
O000073,P00598,14,463.32,6486.48
O000073,P00473,42,391.73,16452.66
O000074,P00432,24,488.39,11721.36
O000074,P00520,4,233.07,932.28
O000074,P00232,45,229.64,10333.8
O000074,P00551,50,229.16,11458.0
O000075,P00591,35,364.53,12758.55
O000075,P00303,21,218.69,4592.49
O000075,P00536,48,167.46,8038.08
O000075,P00173,20,258.14,5162.8
O000075,P00563,2,9.89,19.78
O000075,P00087,45,277.59,12491.55
O000076,P00008,37,412.91,15277.67
O000077,P00533,32,145.42,4653.44
O000078,P00287,13,502.01,6526.13
O000078,P00185,39,306.95,11971.05
O000079,P00448,44,67.75,2981.0
O000079,P00461,3,91.29,273.87
O000079,P00048,21,114.15,2397.15
O000079,P00419,5,526.95,2634.75
O000079,P00451,32,88.14,2820.48
O000080,P00556,47,584.52,27472.44
O000080,P00140,28,122.89,3440.92
O000080,P00049,4,83.2,332.8
O000080,P00325,9,52.88,475.92
O000080,P00543,1,196.93,196.93
O000081,P00535,30,369.26,11077.8
O000082,P00364,25,526.46,13161.5
O000082,P00474,35,270.36,9462.6
O000082,P00561,18,53.67,966.06
O000082,P00138,43,29.98,1289.14
O000083,P00409,6,445.09,2670.54
O000083,P00554,13,248.77,3234.01
O000083,P00122,8,85.68,685.44
O000083,P00003,43,362.21,15575.03
O000083,P00543,7,219.81,1538.67
O000083,P00396,30,87.21,2616.3
O000084,P00376,14,155.01,2170.14
O000084,P00303,45,255.43,11494.35
O000085,P00083,26,397.58,10337.08
O000086,P00102,6,131.67,790.02
O000087,P00473,9,346.0,3114.0
O000088,P00150,14,211.62,2962.68
O000088,P00155,6,142.76,856.56
O000088,P00049,24,74.49,1787.76
O000088,P00103,31,182.08,5644.48
O000088,P00510,45,269.75,12138.75
O000089,P00278,49,162.57,7965.93
O000089,P00488,36,84.13,3028.68
O000089,P00126,31,271.44,8414.64
O000089,P00290,34,577.08,19620.72
O000089,P00068,11,419.08,4609.88
O000090,P00484,15,211.37,3170.55
O000091,P00500,44,352.17,15495.48
O000091,P00063,30,380.7,11421.0
O000092,P00596,21,537.27,11282.67
O000093,P00398,50,308.54,15427.0
O000094,P00365,2,253.66,507.32
O000094,P00309,10,243.72,2437.2
O000094,P00307,42,241.13,10127.46
O000094,P00157,11,128.81,1416.91
O000094,P00249,6,324.75,1948.5
O000094,P00336,12,75.12,901.44
O000095,P00414,44,328.57,14457.08
O000095,P00096,47,477.16,22426.52
O000096,P00426,14,31.83,445.62
O000096,P00537,30,206.75,6202.5
O000097,P00590,18,195.41,3517.38
O000097,P00284,8,567.46,4539.68
O000097,P00056,45,151.59,6821.55
O000097,P00552,37,297.01,10989.37
O000097,P00071,30,298.92,8967.6
O000097,P00516,11,459.12,5050.32
O000098,P00174,30,100.98,3029.4
O000098,P00493,42,261.19,10969.98
O000098,P00430,39,117.09,4566.51
O000098,P00125,29,296.06,8585.74
O000098,P00218,38,430.6,16362.8
O000099,P00258,32,238.44,7630.08
O000099,P00575,27,149.58,4038.66
O000099,P00407,30,594.15,17824.5
O000099,P00296,47,316.53,14876.91
O000100,P00296,32,274.18,8773.76
O000100,P00451,32,79.41,2541.12
O000100,P00098,36,277.23,9980.28
O000101,P00422,31,303.29,9401.99
O000102,P00466,23,199.2,4581.6
O000102,P00143,12,147.24,1766.88
O000102,P00312,33,517.97,17093.01
O000102,P00432,25,501.26,12531.5
O000102,P00194,45,91.79,4130.55
O000103,P00147,7,69.82,488.74
O000103,P00430,19,118.26,2246.94
O000103,P00516,50,469.28,23464.0
O000103,P00133,17,27.67,470.39
O000103,P00042,16,17.94,287.04
O000104,P00173,19,254.59,4837.21
O000104,P00373,14,12.24,171.36
O000104,P00398,17,322.05,5474.85
O000105,P00513,31,201.83,6256.73
O000105,P00198,40,198.67,7946.8
O000105,P00117,2,96.47,192.94
O000105,P00387,35,122.86,4300.1
O000105,P00294,23,189.25,4352.75
O000106,P00087,43,270.16,11616.88
O000106,P00419,45,415.9,18715.5
O000106,P00286,28,43.23,1210.44
O000106,P00254,48,339.44,16293.12
O000106,P00165,44,171.07,7527.08
O000107,P00225,4,565.99,2263.96
O000107,P00278,15,169.16,2537.4
O000107,P00071,14,320.79,4491.06
O000107,P00240,19,9.0,171.0
O000108,P00332,30,318.25,9547.5
O000108,P00305,20,196.74,3934.8
O000109,P00313,32,43.93,1405.76
O000110,P00223,45,375.95,16917.75
O000110,P00414,22,292.55,6436.1
O000110,P00356,11,200.28,2203.08
O000111,P00206,9,192.0,1728.0
O000111,P00316,2,197.98,395.96
O000111,P00046,48,282.7,13569.6
O000111,P00370,45,57.56,2590.2
O000111,P00300,10,46.6,466.0
O000112,P00453,50,72.73,3636.5
O000112,P00375,6,28.14,168.84
O000112,P00065,42,304.24,12778.08
O000112,P00085,26,460.86,11982.36
O000113,P00493,14,293.11,4103.54
O000114,P00362,7,93.57,654.99
O000114,P00310,44,85.54,3763.76
O000114,P00600,33,453.05,14950.65
O000114,P00495,31,70.69,2191.39
O000114,P00122,35,82.43,2885.05
O000115,P00166,16,346.64,5546.24
O000116,P00409,2,398.58,797.16
O000116,P00446,5,19.0,95.0
O000116,P00098,39,267.76,10442.64
O000117,P00231,46,212.62,9780.52
O000117,P00453,44,63.32,2786.08
O000117,P00205,31,239.9,7436.9
O000117,P00573,40,127.79,5111.6
O000118,P00110,16,243.09,3889.44
O000118,P00271,10,258.37,2583.7
O000118,P00282,10,228.04,2280.4
O000118,P00208,15,423.94,6359.1
O000118,P00391,13,403.08,5240.04
O000119,P00175,50,435.19,21759.5
O000119,P00152,1,117.64,117.64
O000120,P00101,22,107.12,2356.64
O000121,P00169,17,492.96,8380.32
O000122,P00243,30,101.26,3037.8
O000122,P00583,28,30.94,866.32
O000122,P00030,16,518.71,8299.36
O000122,P00161,1,28.88,28.88
O000123,P00363,23,421.99,9705.77
O000123,P00325,13,65.25,848.25
O000123,P00556,44,571.16,25131.04
O000123,P00214,48,327.81,15734.88
O000123,P00047,15,119.77,1796.55
O000124,P00274,46,521.67,23996.82
O000124,P00497,37,279.71,10349.27
O000124,P00370,36,51.04,1837.44
O000124,P00110,16,264.38,4230.08
O000124,P00181,32,221.36,7083.52
O000124,P00304,10,268.65,2686.5
O000125,P00253,12,255.27,3063.24
O000125,P00561,33,52.67,1738.11
O000126,P00245,41,524.4,21500.4
O000126,P00213,40,344.25,13770.0
O000126,P00426,35,36.03,1261.05
O000126,P00587,21,10.7,224.7
O000127,P00322,29,35.96,1042.84
O000127,P00535,11,374.74,4122.14
O000127,P00479,31,437.51,13562.81
O000127,P00443,31,71.26,2209.06
O000128,P00254,5,365.53,1827.65
O000128,P00011,42,301.76,12673.92
O000128,P00475,16,268.4,4294.4
O000128,P00020,38,334.36,12705.68
O000128,P00482,24,77.34,1856.16
O000129,P00420,2,219.67,439.34
O000129,P00534,7,207.64,1453.48
O000130,P00537,41,199.46,8177.86
O000130,P00019,42,241.5,10143.0
O000130,P00243,14,105.98,1483.72
O000130,P00507,25,296.98,7424.5
O000131,P00420,28,210.65,5898.2
O000131,P00352,26,273.35,7107.1
O000132,P00187,29,219.27,6358.83
O000132,P00356,43,199.57,8581.51
O000132,P00189,14,227.63,3186.82
O000132,P00175,29,388.18,11257.22
O000132,P00265,43,166.04,7139.72
O000133,P00088,34,289.75,9851.5
O000134,P00330,16,225.73,3611.68
O000135,P00363,39,427.06,16655.34
O000135,P00517,27,77.07,2080.89
O000135,P00519,27,291.38,7867.26
O000135,P00202,20,511.51,10230.2
O000135,P00427,37,209.65,7757.05
O000136,P00095,13,193.79,2519.27
O000136,P00110,2,233.2,466.4
O000136,P00199,39,377.09,14706.51
O000136,P00547,30,411.81,12354.3
O000136,P00533,2,136.17,272.34
O000137,P00398,39,324.15,12641.85
O000138,P00161,13,30.18,392.34
O000138,P00261,27,377.92,10203.84
O000139,P00083,18,367.0,6606.0
O000139,P00394,29,132.61,3845.69
O000139,P00407,2,525.65,1051.3
O000139,P00102,39,152.64,5952.96
O000139,P00517,49,76.5,3748.5
O000140,P00535,1,382.66,382.66
O000140,P00226,6,8.91,53.46
O000140,P00291,48,110.64,5310.72
O000140,P00267,8,453.46,3627.68
O000141,P00007,45,407.63,18343.35
O000141,P00176,17,213.74,3633.58
O000141,P00352,3,272.15,816.45
O000142,P00253,23,235.79,5423.17
O000142,P00426,45,33.3,1498.5
O000142,P00528,6,365.56,2193.36
O000143,P00208,44,445.47,19600.68
O000143,P00551,14,275.18,3852.52
O000143,P00254,11,366.06,4026.66
O000143,P00065,26,285.11,7412.86
O000144,P00420,34,212.34,7219.56
O000144,P00030,32,550.48,17615.36
O000144,P00064,35,372.51,13037.85
O000144,P00242,45,459.6,20682.0
O000144,P00388,28,273.27,7651.56
O000145,P00046,40,277.0,11080.0
O000145,P00165,26,150.49,3912.74
O000145,P00547,8,397.51,3180.08
O000145,P00352,43,264.83,11387.69
O000145,P00542,8,247.99,1983.92
O000146,P00565,9,51.98,467.82
O000146,P00500,46,317.63,14610.98
O000146,P00010,25,320.44,8011.0
O000146,P00509,42,90.37,3795.54
O000146,P00189,46,222.02,10212.92
O000147,P00228,11,220.41,2424.51
O000148,P00158,25,337.13,8428.25
O000148,P00102,43,144.82,6227.26
O000148,P00167,40,303.92,12156.8
O000149,P00157,29,132.93,3854.97
O000149,P00545,31,236.46,7330.26
O000149,P00479,40,486.2,19448.0
O000149,P00408,27,125.65,3392.55
O000149,P00164,1,484.61,484.61
O000149,P00452,35,70.65,2472.75
O000150,P00335,13,118.46,1539.98
O000151,P00312,32,460.13,14724.16
O000151,P00191,13,180.25,2343.25
O000151,P00553,32,62.42,1997.44
O000152,P00052,22,408.37,8984.14
O000152,P00530,30,141.89,4256.7
O000153,P00196,32,578.74,18519.68
O000153,P00131,41,73.57,3016.37
O000153,P00229,10,144.36,1443.6
O000153,P00345,32,160.29,5129.28
O000153,P00378,29,462.58,13414.82
O000153,P00130,34,24.26,824.84
O000154,P00443,3,71.01,213.03
O000155,P00537,50,195.89,9794.5
O000155,P00260,50,448.7,22435.0
O000155,P00098,5,250.69,1253.45
O000155,P00225,25,585.76,14644.0
O000156,P00069,28,84.34,2361.52
O000156,P00345,45,144.82,6516.9
O000156,P00142,14,647.87,9070.18
O000156,P00303,37,221.0,8177.0
O000157,P00523,44,93.7,4122.8
O000158,P00514,38,105.34,4002.92
O000158,P00034,14,168.97,2365.58
O000158,P00373,32,13.98,447.36
O000158,P00303,32,230.72,7383.04
O000159,P00107,15,31.78,476.7
O000159,P00419,6,523.58,3141.48
O000160,P00174,18,92.76,1669.68
O000161,P00431,16,103.84,1661.44
O000162,P00131,25,72.93,1823.25
O000163,P00125,50,280.45,14022.5
O000164,P00057,48,163.52,7848.96
O000164,P00229,23,121.39,2791.97
O000165,P00560,22,24.11,530.42
O000165,P00319,13,324.01,4212.13
O000166,P00280,27,214.3,5786.1
O000166,P00595,3,62.44,187.32
O000167,P00452,4,81.15,324.6
O000167,P00110,22,268.15,5899.3
O000167,P00358,28,349.89,9796.92
O000168,P00301,37,58.07,2148.59
O000168,P00568,19,149.06,2832.14
O000169,P00577,39,520.0,20280.0
O000170,P00111,6,180.06,1080.36
O000170,P00497,7,281.65,1971.55
O000170,P00305,1,188.65,188.65
O000171,P00533,33,156.03,5148.99
O000172,P00388,32,254.9,8156.8
O000172,P00115,4,437.17,1748.68
O000172,P00126,9,281.7,2535.3
O000172,P00222,32,151.53,4848.96
O000172,P00523,15,93.63,1404.45
O000172,P00543,26,202.1,5254.6
O000173,P00294,36,195.34,7032.24
O000173,P00531,18,80.28,1445.04
O000173,P00277,41,219.48,8998.68
O000173,P00037,18,114.33,2057.94
O000173,P00583,33,27.19,897.27
O000174,P00525,50,253.24,12662.0
O000174,P00547,19,450.81,8565.39
O000174,P00426,15,35.22,528.3
O000175,P00468,11,482.01,5302.11
O000175,P00157,2,115.07,230.14
O000175,P00195,22,316.22,6956.84
O000176,P00175,24,391.04,9384.96
O000176,P00129,22,218.32,4803.04
O000176,P00032,25,337.54,8438.5
O000177,P00293,30,290.84,8725.2
O000178,P00288,44,212.29,9340.76
O000178,P00001,38,239.32,9094.16
O000178,P00070,39,68.12,2656.68
O000178,P00566,33,335.34,11066.22
O000179,P00562,19,42.58,809.02
O000179,P00055,11,49.34,542.74
O000179,P00014,50,422.46,21123.0
O000179,P00018,45,450.26,20261.7
O000179,P00040,6,241.73,1450.38
O000179,P00178,44,538.1,23676.4
O000180,P00468,21,535.54,11246.34
O000180,P00591,10,422.78,4227.8
O000180,P00138,44,33.03,1453.32
O000180,P00436,34,95.22,3237.48
O000180,P00578,21,259.17,5442.57
O000181,P00065,42,342.39,14380.38
O000181,P00197,34,11.14,378.76
O000181,P00243,29,104.47,3029.63
O000181,P00466,27,186.75,5042.25
O000181,P00103,41,219.35,8993.35
O000182,P00496,14,26.3,368.2
O000183,P00412,23,320.23,7365.29
O000183,P00498,41,260.84,10694.44
O000183,P00226,33,10.97,362.01
O000183,P00401,48,186.32,8943.36
O000183,P00360,26,57.87,1504.62
O000184,P00479,22,449.67,9892.74
O000184,P00403,18,273.0,4914.0
O000184,P00145,22,497.88,10953.36
O000185,P00566,27,338.44,9137.88
O000185,P00448,49,66.85,3275.65
O000185,P00079,47,398.7,18738.9
O000185,P00519,17,290.9,4945.3
O000186,P00066,15,99.04,1485.6
O000186,P00595,47,70.57,3316.79
O000186,P00158,32,343.83,11002.56
O000186,P00504,37,469.52,17372.24
O000186,P00238,20,204.93,4098.6
O000187,P00133,48,25.48,1223.04
O000187,P00142,30,642.9,19287.0
O000188,P00230,50,290.66,14533.0
O000189,P00558,21,416.82,8753.22
O000189,P00554,11,255.19,2807.09
O000189,P00134,34,112.87,3837.58
O000189,P00265,28,136.2,3813.6
O000189,P00130,20,26.16,523.2
O000189,P00141,47,85.37,4012.39
O000190,P00427,18,204.47,3680.46
O000191,P00224,11,379.32,4172.52
O000191,P00111,49,162.56,7965.44
O000191,P00374,40,217.4,8696.0
O000191,P00041,10,375.88,3758.8
O000192,P00502,35,50.32,1761.2
O000192,P00431,34,102.08,3470.72
O000192,P00333,10,421.56,4215.6
O000192,P00436,32,104.67,3349.44
O000192,P00450,46,33.01,1518.46
O000193,P00437,10,19.92,199.2
O000193,P00295,5,454.28,2271.4
O000194,P00450,44,36.29,1596.76
O000194,P00149,34,324.76,11041.84
O000194,P00526,9,255.68,2301.12
O000194,P00591,8,446.33,3570.64
O000195,P00183,18,414.8,7466.4
O000195,P00151,39,438.33,17094.87
O000195,P00432,41,497.03,20378.23
O000195,P00168,35,192.85,6749.75
O000195,P00535,35,317.73,11120.55
O000195,P00276,22,307.13,6756.86
O000196,P00531,20,81.15,1623.0
O000196,P00147,5,73.9,369.5
O000197,P00056,6,168.39,1010.34
O000197,P00393,18,205.87,3705.66
O000198,P00232,46,245.74,11304.04
O000198,P00141,31,86.64,2685.84
O000198,P00095,43,226.05,9720.15
O000198,P00036,22,31.68,696.96
O000199,P00001,5,238.1,1190.5
O000200,P00266,45,197.24,8875.8
O000200,P00270,20,107.93,2158.6
O000200,P00580,45,167.95,7557.75
O000200,P00319,8,323.77,2590.16
O000200,P00476,37,130.38,4824.06
O000201,P00325,41,59.54,2441.14
O000201,P00093,25,106.6,2665.0
O000201,P00594,4,208.24,832.96
O000201,P00295,44,429.34,18890.96
O000202,P00231,9,180.58,1625.22
O000203,P00523,17,109.07,1854.19
O000203,P00227,3,254.48,763.44
O000204,P00573,25,120.62,3015.5
O000205,P00529,50,338.02,16901.0
O000205,P00101,27,120.99,3266.73
O000205,P00539,11,91.11,1002.21
O000205,P00391,24,405.93,9742.32
O000205,P00127,33,221.89,7322.37
O000205,P00441,7,321.78,2252.46
O000206,P00074,20,381.85,7637.0
O000206,P00480,36,258.62,9310.32
O000206,P00512,38,239.74,9110.12
O000207,P00418,49,141.56,6936.44
O000207,P00053,44,86.25,3795.0
O000208,P00366,23,97.61,2245.03
O000208,P00305,49,183.05,8969.45
O000208,P00267,1,394.82,394.82
O000209,P00364,27,537.51,14512.77
O000209,P00346,19,296.95,5642.05
O000209,P00131,15,62.73,940.95
O000210,P00024,30,369.86,11095.8
O000210,P00372,41,175.32,7188.12
O000210,P00425,25,134.82,3370.5
O000210,P00124,41,488.54,20030.14
O000210,P00246,25,139.35,3483.75
O000210,P00366,21,97.2,2041.2
O000211,P00438,2,517.08,1034.16
O000211,P00228,35,222.22,7777.7
O000211,P00490,9,146.98,1322.82
O000211,P00085,21,419.63,8812.23
O000212,P00368,14,183.56,2569.84
O000212,P00417,48,395.67,18992.16
O000212,P00273,23,100.96,2322.08
O000212,P00445,33,131.78,4348.74
O000213,P00042,28,18.63,521.64
O000213,P00155,10,150.1,1501.0
O000213,P00414,31,349.71,10841.01
O000214,P00361,1,96.53,96.53
O000214,P00421,21,34.54,725.34
O000214,P00107,43,26.24,1128.32
O000214,P00355,21,111.36,2338.56
O000214,P00368,32,209.27,6696.64
O000214,P00559,16,77.0,1232.0
O000215,P00289,47,232.52,10928.44
O000215,P00427,29,224.16,6500.64
O000215,P00183,20,437.42,8748.4
O000216,P00573,24,145.98,3503.52
O000216,P00437,9,20.57,185.13
O000216,P00447,25,14.75,368.75
O000217,P00081,12,111.39,1336.68
O000218,P00511,14,216.17,3026.38
O000218,P00200,9,476.04,4284.36
O000219,P00592,44,95.14,4186.16
O000219,P00394,30,157.42,4722.6
O000219,P00081,36,102.51,3690.36
O000219,P00032,29,420.96,12207.84
O000219,P00144,18,101.16,1820.88
O000220,P00105,46,55.01,2530.46
O000221,P00469,50,381.54,19077.0
O000221,P00516,40,417.2,16688.0
O000221,P00451,39,89.22,3479.58
O000222,P00199,18,424.81,7646.58
O000222,P00308,22,95.04,2090.88
O000222,P00190,36,25.09,903.24
O000222,P00495,13,85.41,1110.33
O000223,P00174,35,94.2,3297.0
O000224,P00163,42,183.13,7691.46
O000224,P00502,37,47.16,1744.92
O000224,P00398,27,290.5,7843.5
O000225,P00076,24,373.33,8959.92
O000225,P00125,17,347.14,5901.38
O000225,P00513,11,251.31,2764.41
O000225,P00281,3,280.3,840.9
O000225,P00272,49,117.88,5776.12
O000226,P00019,25,266.68,6667.0
O000226,P00165,47,164.15,7715.05
O000226,P00395,27,122.27,3301.29
O000226,P00014,44,427.18,18795.92
O000226,P00500,40,298.5,11940.0
O000227,P00046,31,317.26,9835.06
O000227,P00097,20,170.68,3413.6
O000228,P00479,23,463.02,10649.46
O000228,P00436,14,90.73,1270.22
O000228,P00054,13,258.96,3366.48
O000228,P00040,5,235.96,1179.8
O000229,P00295,47,468.59,22023.73
O000229,P00468,6,540.08,3240.48
O000230,P00386,31,294.57,9131.67
O000230,P00062,20,295.69,5913.8
O000231,P00404,34,366.05,12445.7
O000231,P00158,10,330.31,3303.1
O000231,P00384,27,60.45,1632.15
O000231,P00319,10,389.33,3893.3
O000232,P00029,37,68.19,2523.03
O000232,P00207,50,468.66,23433.0
O000232,P00096,2,455.65,911.3
O000233,P00231,45,205.49,9247.05
O000234,P00139,15,292.16,4382.4
O000234,P00267,19,378.3,7187.7
O000235,P00413,30,62.98,1889.4
O000235,P00481,14,73.46,1028.44
O000235,P00250,10,68.12,681.2
O000235,P00223,9,436.25,3926.25
O000236,P00290,50,498.02,24901.0
O000237,P00287,50,511.91,25595.5
O000237,P00216,24,88.8,2131.2
O000237,P00389,43,63.18,2716.74
O000238,P00080,5,214.13,1070.65
O000238,P00105,38,53.93,2049.34
O000239,P00554,30,253.27,7598.1
O000239,P00123,41,378.48,15517.68
O000239,P00139,9,258.9,2330.1
O000239,P00465,40,184.02,7360.8
O000239,P00243,21,123.98,2603.58
O000239,P00031,40,132.31,5292.4
O000240,P00288,28,226.41,6339.48
O000240,P00376,1,144.7,144.7
O000240,P00528,16,329.76,5276.16
O000240,P00046,43,268.0,11524.0
O000240,P00058,45,124.98,5624.1
O000241,P00421,4,40.17,160.68
O000241,P00133,38,26.98,1025.24
O000241,P00079,37,417.09,15432.33
O000241,P00497,39,301.15,11744.85
O000241,P00508,40,294.05,11762.0
O000242,P00427,2,205.59,411.18
O000243,P00099,13,378.61,4921.93
O000243,P00088,1,310.63,310.63
O000243,P00071,16,279.87,4477.92
O000243,P00242,16,570.62,9129.92
O000243,P00025,28,94.89,2656.92
O000244,P00252,19,32.43,616.17
O000244,P00106,47,264.68,12439.96
O000245,P00593,31,329.49,10214.19
O000246,P00522,14,406.27,5687.78
O000247,P00499,34,25.89,880.26
O000247,P00525,29,267.72,7763.88
O000248,P00078,25,231.66,5791.5
O000248,P00217,48,117.46,5638.08
O000248,P00532,26,40.93,1064.18
O000248,P00324,13,105.8,1375.4
O000248,P00225,43,597.33,25685.19
O000249,P00368,24,168.94,4054.56
O000249,P00030,50,484.03,24201.5
O000249,P00496,6,22.39,134.34
O000249,P00098,25,272.69,6817.25
O000249,P00395,36,116.82,4205.52
O000250,P00330,16,221.18,3538.88
O000250,P00144,30,105.17,3155.1
O000250,P00147,37,69.17,2559.29
O000250,P00455,15,421.55,6323.25
O000251,P00098,40,255.0,10200.0
O000251,P00347,13,551.21,7165.73
O000251,P00067,25,10.89,272.25
O000251,P00036,36,32.09,1155.24
O000252,P00038,36,559.86,20154.96
O000252,P00584,34,193.56,6581.04
O000252,P00052,16,334.44,5351.04
O000253,P00337,21,470.44,9879.24
O000253,P00367,9,404.49,3640.41
O000253,P00584,3,217.67,653.01
O000253,P00368,44,212.31,9341.64
O000253,P00126,45,306.41,13788.45
O000254,P00218,43,419.06,18019.58
O000254,P00133,7,22.38,156.66
O000255,P00245,45,520.39,23417.55
O000255,P00175,40,468.63,18745.2
O000256,P00335,7,113.56,794.92
O000256,P00413,13,62.29,809.77
O000257,P00447,40,14.93,597.2
O000257,P00164,2,462.77,925.54
O000257,P00084,32,349.26,11176.32
O000257,P00419,50,485.6,24280.0
O000258,P00135,2,102.39,204.78
O000259,P00232,28,220.47,6173.16
O000259,P00165,28,163.94,4590.32
O000259,P00448,11,62.61,688.71
O000259,P00387,39,117.61,4586.79
O000259,P00116,29,168.06,4873.74
O000260,P00447,9,13.91,125.19
O000260,P00045,26,361.5,9399.0
O000260,P00241,19,127.68,2425.92
O000260,P00552,35,262.87,9200.45
O000261,P00536,2,160.71,321.42
O000261,P00370,44,61.65,2712.6
O000261,P00450,47,33.06,1553.82
O000261,P00333,20,392.75,7855.0
O000261,P00308,4,86.57,346.28
O000262,P00554,39,300.46,11717.94
O000262,P00520,25,222.81,5570.25
O000263,P00162,6,186.55,1119.3
O000263,P00400,4,407.12,1628.48
O000263,P00548,49,432.7,21202.3
O000264,P00362,33,102.21,3372.93
O000264,P00262,31,487.78,15121.18
O000264,P00400,26,415.87,10812.62
O000264,P00310,47,75.1,3529.7
O000265,P00076,38,361.04,13719.52
O000265,P00506,25,56.02,1400.5
O000265,P00523,5,101.48,507.4
O000265,P00120,5,292.88,1464.4
O000265,P00269,45,512.93,23081.85
O000265,P00505,21,82.24,1727.04
O000266,P00235,23,44.05,1013.15
O000266,P00225,16,484.1,7745.6
O000266,P00350,20,415.04,8300.8
O000267,P00599,4,66.65,266.6
O000267,P00278,19,152.8,2903.2
O000267,P00003,4,313.24,1252.96
O000267,P00466,17,213.8,3634.6
O000267,P00316,7,245.46,1718.22
O000268,P00432,4,551.93,2207.72
O000268,P00474,31,260.56,8077.36
O000269,P00566,26,341.79,8886.54
O000269,P00521,3,391.12,1173.36
O000269,P00552,20,313.87,6277.4
O000269,P00463,21,326.4,6854.4
O000269,P00019,24,228.64,5487.36
O000270,P00308,50,93.18,4659.0
O000271,P00206,22,186.52,4103.44
O000271,P00203,22,241.78,5319.16
O000271,P00075,23,280.22,6445.06
O000272,P00041,29,339.31,9839.99
O000272,P00497,11,311.83,3430.13
O000272,P00329,33,330.39,10902.87
O000272,P00306,17,309.39,5259.63
O000273,P00057,47,175.59,8252.73
O000273,P00202,36,568.07,20450.52
O000273,P00161,46,32.24,1483.04
O000273,P00228,18,202.06,3637.08
O000273,P00274,3,613.32,1839.96
O000274,P00521,45,334.17,15037.65
O000274,P00330,8,258.49,2067.92
O000274,P00249,48,295.57,14187.36
O000274,P00097,44,194.15,8542.6
O000275,P00446,23,19.11,439.53
O000275,P00337,41,456.59,18720.19
O000276,P00277,20,229.51,4590.2
O000276,P00090,38,535.4,20345.2
O000276,P00004,31,144.96,4493.76
O000276,P00046,45,272.55,12264.75
O000276,P00502,40,43.99,1759.6
O000276,P00208,6,428.31,2569.86
O000277,P00074,26,297.76,7741.76
O000277,P00339,4,234.76,939.04
O000277,P00328,12,210.63,2527.56
O000277,P00109,13,66.32,862.16
O000277,P00369,45,135.04,6076.8
O000277,P00427,47,217.24,10210.28
O000278,P00128,47,353.02,16591.94
O000278,P00073,17,200.8,3413.6
O000278,P00511,26,209.42,5444.92
O000279,P00376,5,125.8,629.0
O000279,P00043,11,48.89,537.79
O000280,P00516,39,384.22,14984.58
O000281,P00155,19,155.47,2953.93
O000281,P00490,1,156.7,156.7
O000281,P00344,2,118.27,236.54
O000281,P00577,32,443.4,14188.8
O000282,P00398,32,261.2,8358.4
O000282,P00356,32,205.42,6573.44
O000282,P00246,12,146.64,1759.68
O000282,P00309,36,272.46,9808.56
O000283,P00007,10,393.31,3933.1
O000283,P00031,22,137.66,3028.52
O000283,P00583,17,30.37,516.29
O000283,P00045,25,440.61,11015.25
O000283,P00537,36,215.62,7762.32
O000284,P00464,14,417.57,5845.98
O000285,P00329,16,340.97,5455.52
O000285,P00079,19,337.15,6405.85
O000285,P00536,13,159.89,2078.57
O000285,P00042,12,17.14,205.68
O000285,P00484,34,228.47,7767.98
O000286,P00125,9,278.64,2507.76
O000286,P00014,41,393.55,16135.55
O000286,P00134,2,103.22,206.44
O000287,P00112,39,332.32,12960.48
O000287,P00371,48,497.57,23883.36
O000287,P00161,15,31.85,477.75
O000287,P00180,20,439.15,8783.0
O000287,P00099,5,376.78,1883.9
O000287,P00260,30,467.56,14026.8
O000288,P00527,20,302.94,6058.8
O000288,P00372,48,171.02,8208.96
O000288,P00493,31,300.09,9302.79
O000288,P00102,29,134.42,3898.18
O000288,P00382,31,298.42,9251.02
O000288,P00454,15,234.63,3519.45
O000289,P00413,50,55.72,2786.0
O000289,P00109,2,80.81,161.62
O000289,P00541,11,45.59,501.49
O000289,P00212,29,32.6,945.4
O000290,P00023,19,312.83,5943.77
O000290,P00365,35,248.09,8683.15
O000291,P00319,11,403.99,4443.89
O000292,P00303,10,235.23,2352.3
O000292,P00208,6,453.44,2720.64
O000293,P00502,3,48.1,144.3
O000294,P00523,25,103.01,2575.25
O000294,P00318,49,149.43,7322.07
O000294,P00362,41,89.2,3657.2
O000294,P00290,2,481.54,963.08
O000294,P00570,5,291.81,1459.05
O000294,P00151,32,536.74,17175.68
O000295,P00422,3,328.54,985.62
O000295,P00181,30,206.95,6208.5
O000295,P00431,34,117.59,3998.06
O000295,P00449,5,185.88,929.4
O000295,P00368,9,176.54,1588.86
O000296,P00254,2,400.03,800.06
O000296,P00291,35,95.24,3333.4
O000296,P00177,27,459.36,12402.72
O000296,P00016,39,282.18,11005.02
O000296,P00040,26,223.58,5813.08
O000297,P00492,29,186.25,5401.25
O000297,P00391,45,417.1,18769.5
O000297,P00274,21,545.72,11460.12
O000298,P00294,6,179.57,1077.42
O000298,P00144,43,93.91,4038.13
O000298,P00104,45,549.66,24734.7
O000299,P00334,3,6.04,18.12
O000300,P00219,45,416.23,18730.35
O000300,P00428,4,55.72,222.88
O000300,P00370,31,62.26,1930.06
O000301,P00519,45,306.39,13787.55
O000301,P00046,22,294.76,6484.72
O000301,P00157,9,124.34,1119.06
O000301,P00320,11,301.56,3317.16
O000301,P00346,24,348.32,8359.68
O000301,P00202,12,577.83,6933.96
O000302,P00188,39,284.55,11097.45
O000302,P00412,23,366.91,8438.93
O000302,P00524,48,423.14,20310.72
O000302,P00163,47,154.48,7260.56
O000302,P00480,19,221.5,4208.5
O000302,P00179,4,217.6,870.4
O000303,P00339,16,276.1,4417.6
O000303,P00364,21,570.42,11978.82
O000303,P00534,11,225.07,2475.77
O000303,P00419,33,428.41,14137.53
O000304,P00294,41,172.73,7081.93
O000304,P00043,15,53.41,801.15
O000304,P00415,8,243.41,1947.28
O000304,P00419,23,507.83,11680.09
O000304,P00430,50,138.12,6906.0
O000304,P00122,36,94.48,3401.28
O000305,P00401,20,182.54,3650.8
O000305,P00068,8,455.87,3646.96
O000305,P00042,46,17.04,783.84
O000305,P00082,39,137.91,5378.49
O000306,P00400,1,428.04,428.04
O000306,P00398,50,259.72,12986.0
O000306,P00267,44,401.5,17666.0
O000306,P00286,22,41.65,916.3
O000307,P00185,13,269.53,3503.89
O000307,P00137,21,18.14,380.94
O000307,P00561,36,54.9,1976.4
O000307,P00269,41,539.64,22125.24
O000308,P00431,26,108.55,2822.3
O000308,P00238,13,247.58,3218.54
O000309,P00575,44,129.65,5704.6
O000309,P00337,19,414.56,7876.64
O000309,P00160,1,147.34,147.34
O000310,P00236,20,178.52,3570.4
O000310,P00472,18,99.35,1788.3
O000311,P00433,28,464.37,13002.36
O000312,P00399,18,438.43,7891.74
O000313,P00408,50,118.93,5946.5
O000313,P00105,29,52.24,1514.96
O000313,P00482,49,77.93,3818.57
O000313,P00594,37,221.3,8188.1
O000313,P00181,37,212.75,7871.75
O000313,P00513,18,205.93,3706.74
O000314,P00571,46,384.06,17666.76
O000315,P00486,26,154.1,4006.6
O000316,P00182,41,126.42,5183.22
O000317,P00100,39,145.48,5673.72
O000317,P00338,16,29.07,465.12
O000318,P00379,48,260.24,12491.52
O000318,P00520,31,213.63,6622.53
O000318,P00563,24,11.32,271.68
O000319,P00194,14,106.8,1495.2
O000320,P00224,19,387.27,7358.13
O000320,P00272,40,117.97,4718.8
O000321,P00338,34,27.0,918.0
O000321,P00244,14,444.53,6223.42
O000321,P00171,44,225.48,9921.12
O000322,P00473,26,385.26,10016.76
O000322,P00088,47,307.07,14432.29
O000323,P00362,45,82.92,3731.4
O000324,P00388,28,244.62,6849.36
O000325,P00379,2,320.09,640.18
O000325,P00515,21,514.14,10796.94
O000325,P00340,34,39.36,1338.24
O000325,P00546,38,225.37,8564.06
O000325,P00550,1,218.75,218.75
O000326,P00029,20,79.82,1596.4
O000326,P00592,4,103.37,413.48
O000326,P00211,4,124.21,496.84
O000326,P00137,12,15.4,184.8
O000327,P00157,7,114.97,804.79
O000327,P00058,32,133.45,4270.4
O000327,P00476,24,109.57,2629.68
O000328,P00451,19,87.89,1669.91
O000328,P00214,32,279.4,8940.8
O000329,P00318,36,169.97,6118.92
O000329,P00027,21,488.92,10267.32
O000330,P00574,2,352.83,705.66
O000330,P00292,11,372.97,4102.67
O000330,P00016,20,246.84,4936.8
O000330,P00468,32,528.28,16904.96
O000330,P00386,28,285.69,7999.32
O000331,P00363,10,444.42,4444.2
O000331,P00031,49,130.92,6415.08
O000331,P00597,23,115.83,2664.09
O000332,P00089,13,224.27,2915.51
O000333,P00395,28,105.23,2946.44
O000333,P00206,24,169.54,4068.96
O000333,P00455,10,367.51,3675.1
O000333,P00254,25,394.15,9853.75
O000333,P00152,34,130.85,4448.9
O000334,P00471,46,308.95,14211.7
O000334,P00489,8,431.35,3450.8
O000335,P00413,49,54.37,2664.13
O000335,P00204,48,284.64,13662.72
O000335,P00434,5,430.5,2152.5
O000335,P00179,44,196.44,8643.36
O000335,P00042,16,15.67,250.72
O000335,P00575,15,150.7,2260.5
O000336,P00175,5,448.03,2240.15
O000337,P00467,28,356.65,9986.2
O000337,P00275,12,384.2,4610.4
O000338,P00567,26,318.17,8272.42
O000339,P00412,30,358.47,10754.1
O000339,P00275,43,364.56,15676.08
O000339,P00301,48,66.04,3169.92
O000339,P00187,32,194.27,6216.64
O000339,P00299,23,68.18,1568.14
O000340,P00569,20,310.79,6215.8
O000340,P00460,23,175.15,4028.45
O000340,P00143,12,143.95,1727.4
O000340,P00371,49,432.19,21177.31
O000340,P00338,28,33.14,927.92
O000340,P00147,1,73.47,73.47
O000341,P00321,36,245.06,8822.16
O000341,P00454,46,228.55,10513.3
O000341,P00196,13,500.13,6501.69
O000341,P00305,39,165.51,6454.89
O000342,P00095,21,226.62,4759.02
O000343,P00119,15,64.53,967.95
O000344,P00101,30,114.7,3441.0
O000345,P00241,21,134.49,2824.29
O000346,P00414,41,321.57,13184.37
O000346,P00527,47,297.5,13982.5
O000347,P00132,10,253.08,2530.8
O000347,P00225,47,584.06,27450.82
O000347,P00094,37,32.4,1198.8
O000347,P00022,35,84.97,2973.95
O000348,P00230,5,264.79,1323.95
O000348,P00422,21,330.03,6930.63
O000348,P00091,6,181.8,1090.8
O000348,P00042,44,17.34,762.96
O000349,P00195,8,316.88,2535.04
O000349,P00087,33,267.42,8824.86
O000349,P00382,28,311.17,8712.76
O000349,P00187,16,205.01,3280.16
O000350,P00050,38,284.93,10827.34
O000350,P00493,8,294.24,2353.92
O000350,P00393,41,230.3,9442.3
O000350,P00568,33,134.25,4430.25
O000350,P00546,30,231.45,6943.5
O000351,P00185,27,318.02,8586.54
O000351,P00111,35,191.47,6701.45
O000351,P00088,3,320.23,960.69
O000352,P00281,38,284.96,10828.48
O000352,P00213,36,411.33,14807.88
O000352,P00362,46,86.92,3998.32
O000353,P00344,37,117.98,4365.26
O000353,P00473,19,346.08,6575.52
O000353,P00492,18,202.89,3652.02
O000353,P00347,28,614.99,17219.72
O000353,P00462,5,271.13,1355.65
O000354,P00316,14,255.61,3578.54
O000354,P00247,9,203.69,1833.21
O000355,P00314,11,168.21,1850.31
O000355,P00221,6,283.96,1703.76
O000356,P00301,29,60.3,1748.7
O000356,P00240,30,10.23,306.9
O000356,P00141,4,85.59,342.36
O000356,P00105,30,47.45,1423.5
O000357,P00584,42,224.06,9410.52
O000358,P00349,49,396.48,19427.52
O000358,P00479,28,474.75,13293.0
O000358,P00337,48,434.53,20857.44
O000358,P00184,46,20.34,935.64
O000359,P00301,44,60.8,2675.2
O000359,P00216,4,79.74,318.96
O000360,P00539,28,86.08,2410.24
O000360,P00094,27,36.67,990.09
O000361,P00227,36,234.19,8430.84
O000361,P00395,33,107.18,3536.94
O000362,P00334,23,5.43,124.89
O000362,P00300,14,43.64,610.96
O000362,P00136,45,265.35,11940.75
O000362,P00185,1,294.44,294.44
O000363,P00593,38,333.97,12690.86
O000363,P00042,36,19.5,702.0
O000364,P00044,24,56.11,1346.64
O000364,P00274,19,505.58,9606.02
O000364,P00225,22,614.62,13521.64
O000365,P00040,27,249.88,6746.76
O000365,P00409,12,480.81,5769.72
O000365,P00181,1,200.99,200.99
O000365,P00404,36,384.0,13824.0
O000365,P00171,45,183.3,8248.5
O000365,P00517,38,84.65,3216.7
O000366,P00184,24,24.97,599.28
O000366,P00066,31,93.14,2887.34
O000366,P00037,10,132.56,1325.6
O000366,P00495,17,71.32,1212.44
O000367,P00005,30,70.7,2121.0
O000367,P00582,28,194.0,5432.0
O000367,P00381,39,240.09,9363.51
O000368,P00027,41,520.83,21354.03
O000368,P00198,23,183.18,4213.14
O000368,P00103,16,234.28,3748.48
O000369,P00052,28,375.66,10518.48
O000369,P00476,11,131.87,1450.57
O000369,P00488,32,93.81,3001.92
O000369,P00305,47,157.85,7418.95
O000369,P00388,27,265.08,7157.16
O000370,P00022,7,81.83,572.81
O000370,P00502,8,55.62,444.96
O000370,P00352,40,255.54,10221.6
O000370,P00314,49,144.6,7085.4
O000370,P00061,21,528.68,11102.28
O000371,P00106,45,284.04,12781.8
O000372,P00007,47,358.84,16865.48
O000372,P00114,19,113.83,2162.77
O000372,P00304,7,258.27,1807.89
O000372,P00557,46,100.85,4639.1
O000372,P00200,15,466.69,7000.35
O000372,P00207,11,500.05,5500.55
O000373,P00382,30,313.36,9400.8
O000373,P00143,50,147.93,7396.5
O000373,P00487,18,166.45,2996.1
O000373,P00444,21,321.49,6751.29
O000373,P00243,21,123.65,2596.65
O000373,P00393,42,206.93,8691.06
O000374,P00416,14,354.1,4957.4
O000374,P00227,32,294.19,9414.08
O000374,P00169,21,476.49,10006.29
O000375,P00132,24,280.38,6729.12
O000375,P00464,40,404.36,16174.4
O000375,P00115,2,368.06,736.12
O000375,P00148,11,276.33,3039.63
O000375,P00436,11,96.3,1059.3
O000376,P00182,30,139.82,4194.6
O000376,P00576,18,405.11,7291.98
O000376,P00558,21,431.11,9053.31
O000376,P00266,40,219.94,8797.6
O000376,P00368,20,172.29,3445.8
O000376,P00168,43,219.32,9430.76
O000377,P00424,44,306.12,13469.28
O000377,P00088,18,326.94,5884.92
O000377,P00506,21,47.58,999.18
O000377,P00417,49,343.47,16830.03
O000378,P00057,49,164.88,8079.12
O000378,P00101,5,107.85,539.25
O000378,P00035,37,237.45,8785.65
O000379,P00242,36,534.95,19258.2
O000379,P00385,50,470.96,23548.0
O000379,P00471,46,338.38,15565.48
O000380,P00035,41,210.91,8647.31
O000380,P00202,27,484.43,13079.61
O000380,P00413,28,56.21,1573.88
O000380,P00118,43,502.39,21602.77
O000380,P00442,43,150.56,6474.08
O000381,P00459,47,117.84,5538.48
O000381,P00466,15,213.37,3200.55
O000382,P00479,36,458.04,16489.44
O000382,P00355,25,89.32,2233.0
O000382,P00193,40,176.04,7041.6
O000383,P00240,50,10.65,532.5
O000383,P00126,18,303.78,5468.04
O000383,P00337,38,457.99,17403.62
O000383,P00349,24,401.73,9641.52
O000384,P00575,47,160.11,7525.17
O000384,P00559,16,76.67,1226.72
O000384,P00044,13,52.81,686.53
O000384,P00543,18,223.62,4025.16
O000385,P00225,16,546.59,8745.44
O000385,P00099,19,362.08,6879.52
O000385,P00325,39,52.81,2059.59
O000385,P00068,34,433.18,14728.12
O000385,P00577,39,522.95,20395.05
O000385,P00359,11,448.4,4932.4
O000386,P00472,2,87.9,175.8
O000387,P00483,40,417.03,16681.2
O000387,P00364,16,541.67,8666.72
O000387,P00514,14,115.2,1612.8
O000388,P00385,35,509.21,17822.35
O000388,P00272,15,103.95,1559.25
O000389,P00480,36,247.07,8894.52
O000389,P00109,21,83.52,1753.92
O000389,P00152,36,117.27,4221.72
O000389,P00371,39,426.19,16621.41
O000390,P00379,30,295.57,8867.1
O000390,P00296,15,274.29,4114.35
O000390,P00600,31,425.16,13179.96
O000391,P00504,3,496.44,1489.32
O000391,P00166,37,423.68,15676.16
O000391,P00225,40,591.01,23640.4
O000391,P00533,41,148.28,6079.48
O000391,P00548,2,457.21,914.42
O000391,P00360,2,55.35,110.7
O000392,P00393,28,222.79,6238.12
O000392,P00244,45,372.44,16759.8
O000392,P00288,25,226.58,5664.5
O000392,P00172,3,243.19,729.57
O000392,P00071,6,281.67,1690.02
O000392,P00557,22,95.36,2097.92
O000393,P00170,5,186.57,932.85
O000393,P00161,40,30.63,1225.2
O000393,P00096,27,481.16,12991.32
O000393,P00258,32,236.08,7554.56
O000393,P00449,45,219.02,9855.9
O000393,P00511,3,223.16,669.48
O000394,P00387,28,118.19,3309.32
O000394,P00105,40,51.06,2042.4
O000395,P00252,41,27.39,1122.99
O000395,P00280,25,233.57,5839.25
O000395,P00052,9,395.01,3555.09
O000395,P00502,13,49.17,639.21
O000396,P00519,3,302.36,907.08
O000396,P00450,22,30.92,680.24
O000396,P00089,44,222.23,9778.12
O000396,P00127,28,213.04,5965.12
O000397,P00342,16,74.25,1188.0
O000397,P00269,36,537.95,19366.2
O000398,P00329,39,323.4,12612.6
O000398,P00400,24,489.12,11738.88
O000398,P00456,21,113.74,2388.54
O000398,P00090,28,437.66,12254.48
O000399,P00314,4,159.32,637.28
O000399,P00055,49,47.81,2342.69
O000399,P00278,22,191.93,4222.46
O000400,P00171,50,230.47,11523.5
O000400,P00154,45,297.2,13374.0
O000400,P00174,12,113.77,1365.24
O000401,P00101,23,107.31,2468.13
O000401,P00528,6,337.84,2027.04
O000401,P00373,7,13.47,94.29
O000401,P00342,25,79.62,1990.5
O000401,P00140,28,113.32,3172.96
O000401,P00025,13,99.45,1292.85
O000402,P00365,35,246.5,8627.5
O000402,P00399,48,487.7,23409.6
O000402,P00169,32,475.45,15214.4
O000402,P00100,15,152.99,2294.85
O000402,P00163,19,192.78,3662.82
O000402,P00210,50,303.74,15187.0
O000403,P00573,36,138.26,4977.36
O000403,P00220,24,156.37,3752.88
O000403,P00237,43,288.84,12420.12
O000404,P00283,46,387.33,17817.18
O000404,P00017,34,101.91,3464.94
O000404,P00413,17,59.26,1007.42
O000404,P00529,44,313.43,13790.92
O000404,P00060,43,202.74,8717.82
O000404,P00034,26,187.36,4871.36
O000405,P00424,31,255.13,7909.03
O000405,P00032,3,431.63,1294.89
O000406,P00380,44,267.64,11776.16
O000406,P00109,7,66.85,467.95
O000406,P00583,10,31.87,318.7
O000406,P00204,34,284.54,9674.36
O000406,P00280,25,200.89,5022.25
O000407,P00567,36,340.76,12267.36
O000407,P00035,49,194.61,9535.89
O000408,P00304,8,302.62,2420.96
O000408,P00198,24,181.68,4360.32
O000408,P00367,13,405.61,5272.93
O000408,P00416,46,348.56,16033.76
O000408,P00440,40,69.32,2772.8
O000408,P00394,8,152.99,1223.92
O000409,P00370,31,55.03,1705.93
O000410,P00283,35,404.78,14167.3
O000410,P00210,49,298.4,14621.6
O000410,P00153,37,257.94,9543.78
O000410,P00363,41,438.14,17963.74
O000410,P00575,45,160.91,7240.95
O000410,P00421,32,34.2,1094.4
O000411,P00231,34,218.35,7423.9
O000411,P00547,7,415.39,2907.73
O000412,P00152,41,125.66,5152.06
O000412,P00564,32,134.64,4308.48
O000412,P00513,37,242.91,8987.67
O000412,P00583,20,31.67,633.4
O000412,P00010,47,305.41,14354.27
O000413,P00466,10,201.87,2018.7
O000413,P00533,18,141.01,2538.18
O000413,P00217,4,117.19,468.76
O000414,P00134,34,109.6,3726.4
O000414,P00447,16,16.15,258.4
O000414,P00148,32,288.8,9241.6
O000414,P00209,43,338.16,14540.88
O000415,P00214,13,275.73,3584.49
O000415,P00394,18,157.98,2843.64
O000415,P00523,31,106.9,3313.9
O000415,P00015,12,222.05,2664.6
O000415,P00150,46,186.43,8575.78
O000416,P00163,44,181.84,8000.96
O000416,P00119,4,59.17,236.68
O000416,P00501,24,316.2,7588.8
O000416,P00345,37,177.66,6573.42
O000416,P00207,39,447.15,17438.85
O000417,P00332,49,326.01,15974.49
O000417,P00543,24,231.57,5557.68
O000417,P00211,5,124.54,622.7
O000418,P00055,49,44.98,2204.02
O000418,P00527,21,268.75,5643.75
O000418,P00298,7,153.76,1076.32
O000419,P00437,9,21.51,193.59
O000419,P00021,23,245.95,5656.85
O000420,P00413,13,61.03,793.39
O000421,P00066,34,107.24,3646.16
O000421,P00450,42,31.47,1321.74
O000421,P00494,27,135.52,3659.04
O000421,P00428,45,56.06,2522.7
O000421,P00206,4,198.99,795.96
O000421,P00333,11,384.57,4230.27
O000422,P00162,21,225.64,4738.44
O000423,P00287,34,479.63,16307.42
O000423,P00044,33,57.21,1887.93
O000423,P00011,20,272.51,5450.2
O000423,P00091,39,176.43,6880.77
O000424,P00150,26,201.82,5247.32
O000425,P00420,20,198.3,3966.0
O000425,P00214,41,334.38,13709.58
O000425,P00474,26,258.54,6722.04
O000426,P00263,13,398.6,5181.8
O000427,P00404,42,350.05,14702.1
O000428,P00428,12,54.82,657.84
O000429,P00594,40,210.93,8437.2
O000430,P00057,19,145.81,2770.39
O000430,P00349,48,407.03,19537.44
O000430,P00234,42,362.53,15226.26
O000430,P00251,30,347.87,10436.1
O000431,P00056,40,169.31,6772.4
O000432,P00075,40,273.88,10955.2
O000432,P00552,30,248.47,7454.1
O000432,P00388,21,292.96,6152.16
O000432,P00187,17,230.28,3914.76
O000433,P00494,30,141.08,4232.4
O000433,P00505,28,83.99,2351.72
O000433,P00490,13,140.16,1822.08
O000433,P00182,25,137.55,3438.75
O000433,P00011,39,268.83,10484.37
O000433,P00474,15,276.12,4141.8
O000434,P00081,49,113.8,5576.2
O000434,P00189,25,217.86,5446.5
O000435,P00314,25,171.96,4299.0
O000435,P00383,38,12.06,458.28
O000435,P00562,9,45.52,409.68
O000435,P00256,10,235.51,2355.1
O000436,P00343,27,295.38,7975.26
O000436,P00059,22,482.94,10624.68
O000436,P00335,42,117.99,4955.58
O000436,P00044,22,55.54,1221.88
O000436,P00173,25,207.95,5198.75
O000436,P00324,20,116.07,2321.4
O000437,P00025,42,115.12,4835.04
O000437,P00201,20,236.27,4725.4
O000437,P00573,11,143.63,1579.93
O000437,P00073,23,231.21,5317.83
O000437,P00371,49,526.44,25795.56
O000438,P00471,25,350.17,8754.25
O000438,P00348,29,202.26,5865.54
O000439,P00563,21,9.42,197.82
O000439,P00569,47,329.24,15474.28
O000439,P00487,47,179.99,8459.53
O000439,P00115,6,374.44,2246.64
O000440,P00065,27,348.57,9411.39
O000440,P00272,24,98.25,2358.0
O000440,P00316,49,198.0,9702.0
O000441,P00306,35,332.12,11624.2
O000442,P00040,33,265.0,8745.0
O000442,P00024,34,429.93,14617.62
O000442,P00401,34,186.35,6335.9
O000442,P00534,32,213.0,6816.0
O000443,P00350,15,478.29,7174.35
O000443,P00365,3,264.3,792.9
O000443,P00347,1,586.02,586.02
O000443,P00565,15,52.79,791.85
O000443,P00491,16,184.49,2951.84
O000443,P00052,43,355.67,15293.81
O000444,P00422,46,340.05,15642.3
O000444,P00190,42,28.9,1213.8
O000444,P00458,34,76.1,2587.4
O000444,P00015,31,216.33,6706.23
O000444,P00596,6,437.3,2623.8
O000445,P00266,16,209.04,3344.64
O000445,P00288,4,205.05,820.2
O000445,P00223,6,435.46,2612.76
O000446,P00409,13,435.37,5659.81
O000446,P00592,25,87.83,2195.75
O000446,P00152,17,109.18,1856.06
O000446,P00070,35,56.16,1965.6
O000446,P00129,29,243.37,7057.73
O000447,P00055,18,46.15,830.7
O000447,P00117,21,92.26,1937.46
O000447,P00417,35,386.6,13531.0
O000447,P00168,8,214.53,1716.24
O000447,P00579,20,60.92,1218.4
O000448,P00527,31,290.75,9013.25
O000448,P00400,26,502.11,13054.86
O000448,P00067,46,10.09,464.14
O000448,P00458,47,60.97,2865.59
O000448,P00525,6,239.72,1438.32
O000448,P00523,40,108.41,4336.4
O000449,P00125,15,343.23,5148.45
O000449,P00279,4,388.28,1553.12
O000450,P00573,35,121.15,4240.25
O000450,P00108,40,65.54,2621.6
O000451,P00268,34,170.35,5791.9
O000451,P00202,20,564.05,11281.0
O000451,P00214,38,332.14,12621.32
O000451,P00376,35,133.62,4676.7
O000452,P00151,41,525.61,21550.01
O000452,P00481,15,79.14,1187.1
O000453,P00109,41,82.61,3387.01
O000453,P00543,25,185.31,4632.75
O000453,P00553,1,55.72,55.72
O000453,P00358,27,346.68,9360.36
O000453,P00349,48,403.28,19357.44
O000453,P00101,11,112.94,1242.34
O000454,P00214,50,340.23,17011.5
O000455,P00479,31,418.3,12967.3
O000455,P00441,4,350.83,1403.32
O000455,P00491,8,153.41,1227.28
O000455,P00073,20,203.53,4070.6
O000455,P00467,6,426.32,2557.92
O000455,P00057,1,150.13,150.13
O000456,P00077,42,66.14,2777.88
O000456,P00383,14,11.43,160.02
O000456,P00230,17,268.2,4559.4
O000456,P00495,3,73.54,220.62
O000456,P00211,12,127.92,1535.04
O000457,P00287,18,602.81,10850.58
O000457,P00345,1,143.08,143.08
O000457,P00056,9,180.82,1627.38
O000457,P00131,22,61.91,1362.02
O000457,P00459,15,116.59,1748.85
O000458,P00566,24,310.13,7443.12
O000458,P00354,32,148.59,4754.88
O000458,P00488,3,87.99,263.97
O000459,P00039,17,109.32,1858.44
O000459,P00111,12,167.63,2011.56
O000459,P00207,43,476.62,20494.66
O000459,P00063,39,351.86,13722.54
O000460,P00325,30,57.36,1720.8
O000460,P00218,14,430.89,6032.46
O000461,P00595,47,72.29,3397.63
O000462,P00254,21,413.03,8673.63
O000462,P00092,50,20.34,1017.0
O000462,P00275,49,311.34,15255.66
O000463,P00458,17,65.89,1120.13
O000463,P00428,19,62.63,1189.97
O000463,P00310,12,76.55,918.6
O000463,P00465,2,199.37,398.74
O000464,P00072,28,116.78,3269.84
O000464,P00414,10,285.38,2853.8
O000464,P00094,45,35.09,1579.05
O000464,P00472,47,101.97,4792.59
O000464,P00171,30,215.46,6463.8
O000465,P00378,48,418.08,20067.84
O000465,P00425,7,108.47,759.29
O000465,P00429,45,123.82,5571.9
O000466,P00543,35,209.77,7341.95
O000466,P00260,15,476.59,7148.85
O000467,P00242,2,540.61,1081.22
O000467,P00011,11,299.95,3299.45
O000467,P00210,22,262.37,5772.14
O000468,P00541,42,40.74,1711.08
O000468,P00039,14,128.92,1804.88
O000468,P00306,10,330.37,3303.7
O000468,P00277,31,227.49,7052.19
O000469,P00083,28,455.61,12757.08
O000469,P00356,5,243.25,1216.25
O000469,P00384,3,52.42,157.26
O000469,P00097,18,212.7,3828.6
O000470,P00122,3,84.97,254.91
O000470,P00220,17,157.6,2679.2
O000470,P00196,17,517.26,8793.42
O000470,P00290,26,602.4,15662.4
O000470,P00038,25,517.62,12940.5
O000470,P00472,46,94.26,4335.96
O000471,P00376,33,155.47,5130.51
O000471,P00136,41,227.44,9325.04
O000471,P00189,33,220.13,7264.29
O000471,P00520,1,231.01,231.01
O000472,P00093,42,97.19,4081.98
O000472,P00157,30,121.1,3633.0
O000472,P00555,12,163.62,1963.44
O000472,P00153,26,217.83,5663.58
O000473,P00517,34,80.96,2752.64
O000473,P00128,39,324.84,12668.76
O000473,P00402,9,222.06,1998.54
O000474,P00409,26,484.39,12594.14
O000475,P00423,46,377.36,17358.56
O000476,P00400,14,474.26,6639.64
O000476,P00261,50,385.51,19275.5
O000476,P00101,31,104.73,3246.63
O000477,P00102,2,141.84,283.68
O000477,P00072,2,133.73,267.46
O000478,P00006,48,178.0,8544.0
O000479,P00449,15,232.73,3490.95
O000479,P00092,6,19.01,114.06
O000479,P00117,3,98.3,294.9
O000479,P00496,40,26.98,1079.2
O000479,P00384,49,53.89,2640.61
O000480,P00123,22,457.38,10062.36
O000480,P00219,39,470.48,18348.72
O000480,P00477,8,53.87,430.96
O000480,P00524,5,434.42,2172.1
O000480,P00520,27,231.93,6262.11
O000481,P00055,26,49.74,1293.24
O000481,P00523,25,94.53,2363.25
O000481,P00113,5,329.56,1647.8
O000482,P00113,24,325.7,7816.8
O000482,P00465,9,170.41,1533.69
O000483,P00112,39,296.99,11582.61
O000483,P00095,42,211.6,8887.2
O000484,P00532,6,35.9,215.4
O000484,P00352,46,282.61,13000.06
O000484,P00010,27,362.67,9792.09
O000484,P00130,17,24.35,413.95
O000485,P00257,6,193.53,1161.18
O000485,P00474,10,273.23,2732.3
O000485,P00239,42,447.94,18813.48
O000485,P00534,40,229.16,9166.4
O000485,P00237,5,280.25,1401.25
O000486,P00508,36,277.81,10001.16
O000487,P00194,1,107.45,107.45
O000487,P00405,8,72.62,580.96
O000488,P00046,30,318.73,9561.9
O000488,P00594,37,250.9,9283.3
O000488,P00018,11,452.24,4974.64
O000488,P00194,38,98.51,3743.38
O000488,P00281,21,303.49,6373.29
O000488,P00593,43,373.45,16058.35
O000489,P00260,26,515.56,13404.56
O000489,P00589,18,79.22,1425.96
O000489,P00393,23,208.52,4795.96
O000490,P00208,37,499.2,18470.4
O000490,P00261,39,374.97,14623.83
O000490,P00229,13,142.99,1858.87
O000490,P00031,33,133.46,4404.18
O000491,P00125,12,342.22,4106.64
O000491,P00444,18,333.86,6009.48
O000491,P00334,34,6.34,215.56
O000491,P00474,16,221.86,3549.76
O000491,P00030,26,438.12,11391.12
O000491,P00569,13,271.98,3535.74
O000492,P00201,23,271.5,6244.5
O000492,P00366,46,90.01,4140.46
O000492,P00503,28,278.82,7806.96
O000492,P00114,13,125.57,1632.41
O000492,P00162,39,214.34,8359.26
O000493,P00419,22,439.73,9674.06
O000493,P00362,15,105.62,1584.3
O000493,P00503,7,289.98,2029.86
O000493,P00587,1,11.53,11.53
O000493,P00033,40,209.42,8376.8
O000494,P00402,35,222.04,7771.4
O000494,P00162,1,223.06,223.06
O000494,P00097,38,169.94,6457.72
O000494,P00366,7,111.73,782.11
O000494,P00061,43,505.5,21736.5
O000495,P00507,13,279.97,3639.61
O000496,P00132,30,277.91,8337.3
O000496,P00232,35,245.79,8602.65
O000496,P00401,50,202.79,10139.5
O000496,P00289,44,241.18,10611.92
O000496,P00222,3,139.99,419.97
O000496,P00166,42,360.9,15157.8
O000497,P00422,25,302.7,7567.5
O000497,P00553,5,59.54,297.7
O000497,P00214,30,268.76,8062.8
O000497,P00125,14,344.04,4816.56
O000498,P00415,1,244.97,244.97
O000498,P00151,42,540.99,22721.58
O000498,P00256,40,227.29,9091.6
O000498,P00359,12,393.17,4718.04
O000498,P00058,20,130.93,2618.6
O000498,P00104,21,598.25,12563.25
O000499,P00156,15,69.08,1036.2
O000499,P00147,17,74.82,1271.94
O000499,P00189,35,233.27,8164.45
O000499,P00490,35,156.85,5489.75
O000499,P00400,5,455.98,2279.9
O000499,P00164,50,475.87,23793.5
O000500,P00159,31,267.6,8295.6
O000500,P00096,6,464.15,2784.9
O000500,P00128,34,344.64,11717.76
O000501,P00156,50,80.86,4043.0
O000501,P00175,21,443.29,9309.09
O000501,P00380,40,288.44,11537.6
O000501,P00125,2,310.82,621.64
O000501,P00183,47,482.3,22668.1
O000502,P00336,29,72.87,2113.23
O000502,P00297,8,330.46,2643.68
O000503,P00505,18,78.35,1410.3
O000503,P00312,20,493.15,9863.0
O000504,P00001,6,236.65,1419.9
O000504,P00335,3,93.62,280.86
O000504,P00543,38,235.03,8931.14
O000504,P00185,30,279.81,8394.3
O000504,P00260,4,492.39,1969.56
O000504,P00591,31,377.27,11695.37
O000505,P00268,4,159.9,639.6
O000505,P00226,35,10.33,361.55
O000505,P00576,50,359.81,17990.5
O000506,P00520,7,192.22,1345.54
O000506,P00288,7,204.41,1430.87
O000506,P00101,43,115.49,4966.07
O000506,P00107,19,30.62,581.78
O000506,P00206,19,183.31,3482.89
O000507,P00490,32,156.72,5015.04
O000508,P00384,1,60.27,60.27
O000508,P00133,29,24.83,720.07
O000508,P00140,47,116.0,5452.0
O000509,P00398,5,294.72,1473.6
O000509,P00429,1,136.93,136.93
O000509,P00482,26,67.87,1764.62
O000509,P00156,21,75.9,1593.9
O000510,P00442,10,131.92,1319.2
O000510,P00089,26,262.94,6836.44
O000510,P00009,42,362.95,15243.9
O000510,P00510,34,266.04,9045.36
O000510,P00370,50,61.51,3075.5
O000511,P00400,21,484.53,10175.13
O000511,P00259,42,226.9,9529.8
O000511,P00404,50,359.41,17970.5
O000511,P00377,26,530.93,13804.18
O000512,P00356,26,253.23,6583.98
O000512,P00209,10,269.89,2698.9
O000512,P00333,6,438.24,2629.44
O000512,P00589,4,86.17,344.68
O000513,P00018,33,378.58,12493.14
O000513,P00054,25,283.71,7092.75
O000513,P00534,31,239.63,7428.53
O000513,P00305,8,166.19,1329.52
O000514,P00289,20,232.52,4650.4
O000514,P00372,13,198.55,2581.15
O000514,P00033,27,183.26,4948.02
O000514,P00412,10,330.8,3308.0
O000515,P00432,37,455.81,16864.97
O000515,P00401,23,191.93,4414.39
O000516,P00460,27,164.37,4437.99
O000516,P00335,1,92.48,92.48
O000516,P00501,33,317.85,10489.05
O000516,P00103,2,198.7,397.4
O000517,P00526,49,277.55,13599.95
O000517,P00416,11,289.9,3188.9
O000518,P00353,30,402.98,12089.4
O000518,P00411,33,137.7,4544.1
O000519,P00542,30,250.57,7517.1
O000520,P00239,44,448.58,19737.52
O000520,P00516,29,394.42,11438.18
O000520,P00206,21,170.78,3586.38
O000520,P00007,9,402.53,3622.77
O000520,P00065,24,343.56,8245.44
O000521,P00224,45,351.46,15815.7
O000522,P00548,39,411.59,16052.01
O000523,P00272,18,119.5,2151.0
O000523,P00458,5,69.2,346.0
O000523,P00040,30,219.75,6592.5
O000523,P00033,30,199.0,5970.0
O000524,P00581,10,266.37,2663.7
O000524,P00299,42,63.0,2646.0
O000525,P00034,11,184.28,2027.08
O000525,P00043,23,50.88,1170.24
O000526,P00336,39,78.35,3055.65
O000526,P00369,9,148.98,1340.82
O000526,P00047,39,116.47,4542.33
O000527,P00471,2,343.41,686.82
O000527,P00243,14,106.46,1490.44
O000527,P00254,40,414.33,16573.2
O000528,P00329,48,306.59,14716.32
O000528,P00103,46,219.62,10102.52
O000528,P00314,9,143.87,1294.83
O000528,P00463,32,316.59,10130.88
O000528,P00096,35,549.7,19239.5
O000529,P00014,50,351.65,17582.5
O000529,P00562,31,43.76,1356.56
O000530,P00176,50,207.9,10395.0
O000530,P00417,32,332.05,10625.6
O000530,P00360,28,45.96,1286.88
O000531,P00050,36,311.98,11231.28
O000531,P00531,28,93.19,2609.32
O000531,P00032,47,334.58,15725.26
O000531,P00245,28,519.35,14541.8
O000531,P00073,47,202.09,9498.23
O000531,P00486,14,135.53,1897.42
O000532,P00046,39,280.02,10920.78
O000532,P00408,41,117.13,4802.33
O000532,P00027,14,537.41,7523.74
O000532,P00433,35,550.09,19253.15
O000532,P00204,25,263.38,6584.5
O000533,P00211,31,123.91,3841.21
O000533,P00254,10,332.71,3327.1
O000533,P00173,50,212.25,10612.5
O000533,P00028,2,243.88,487.76
O000533,P00037,20,125.31,2506.2
O000534,P00269,8,438.66,3509.28
O000534,P00292,16,392.93,6286.88
O000534,P00410,18,185.61,3340.98
O000535,P00245,6,530.26,3181.56
O000535,P00113,39,324.59,12659.01
O000535,P00098,2,261.15,522.3
O000535,P00334,16,5.13,82.08
O000536,P00481,32,70.85,2267.2
O000536,P00207,39,436.66,17029.74
O000536,P00113,32,300.02,9600.64
O000536,P00224,39,402.49,15697.11
O000536,P00197,36,9.97,358.92
O000536,P00324,36,109.03,3925.08
O000537,P00239,27,443.0,11961.0
O000537,P00286,28,42.42,1187.76
O000538,P00173,12,256.39,3076.68
O000538,P00544,43,466.03,20039.29
O000538,P00036,10,38.85,388.5
O000538,P00065,17,310.32,5275.44
O000539,P00400,11,501.3,5514.3
O000539,P00074,35,351.09,12288.15
O000539,P00053,43,87.39,3757.77
O000540,P00405,12,69.64,835.68
O000540,P00567,5,313.19,1565.95
O000540,P00390,23,442.02,10166.46
O000540,P00352,7,237.2,1660.4
O000540,P00369,42,153.01,6426.42
O000541,P00011,38,306.39,11642.82
O000541,P00399,28,475.25,13307.0
O000541,P00449,23,204.09,4694.07
O000541,P00597,50,100.34,5017.0
O000542,P00024,23,421.29,9689.67
O000542,P00232,26,235.75,6129.5
O000542,P00418,15,137.16,2057.4
O000542,P00148,7,337.75,2364.25
O000542,P00117,34,109.0,3706.0
O000542,P00403,2,236.08,472.16
O000543,P00143,14,146.23,2047.22
O000543,P00453,31,79.47,2463.57
O000543,P00065,25,357.91,8947.75
O000543,P00268,34,181.86,6183.24
O000543,P00301,33,63.79,2105.07
O000543,P00141,39,88.24,3441.36
O000544,P00246,22,133.01,2926.22
O000545,P00392,30,242.6,7278.0
O000545,P00590,35,188.5,6597.5
O000545,P00406,49,364.77,17873.73
O000545,P00546,16,233.66,3738.56
O000545,P00589,41,75.54,3097.14
O000546,P00392,23,284.1,6534.3
O000546,P00554,18,269.91,4858.38
O000547,P00412,27,378.67,10224.09
O000547,P00059,43,490.08,21073.44
O000547,P00128,12,351.94,4223.28
O000547,P00473,40,371.73,14869.2
O000547,P00080,35,226.02,7910.7
O000548,P00499,19,31.6,600.4
O000548,P00394,32,138.87,4443.84
O000549,P00012,40,482.79,19311.6
O000549,P00374,42,212.35,8918.7
O000550,P00014,26,382.79,9952.54
O000551,P00561,28,51.05,1429.4
O000551,P00382,11,291.93,3211.23
O000551,P00564,43,126.61,5444.23
O000551,P00065,23,310.89,7150.47
O000551,P00144,49,102.23,5009.27
O000551,P00022,13,85.68,1113.84
O000552,P00455,46,364.44,16764.24
O000552,P00522,41,383.36,15717.76
O000553,P00235,47,39.35,1849.45
O000553,P00315,29,324.74,9417.46
O000553,P00354,12,162.12,1945.44
O000554,P00179,13,204.31,2656.03
O000554,P00049,1,75.94,75.94
O000555,P00318,39,152.0,5928.0
O000555,P00498,8,273.08,2184.64
O000555,P00599,13,66.18,860.34
O000555,P00272,9,102.71,924.39
O000555,P00588,5,256.07,1280.35
O000555,P00507,24,316.13,7587.12
O000556,P00037,42,121.23,5091.66
O000556,P00232,11,241.01,2651.11
O000556,P00124,46,510.19,23468.74
O000556,P00446,6,19.75,118.5
O000556,P00289,28,230.05,6441.4
O000556,P00063,24,381.62,9158.88
O000557,P00434,29,475.85,13799.65
O000557,P00282,23,203.74,4686.02
O000557,P00511,33,210.08,6932.64
O000557,P00073,50,243.93,12196.5
O000558,P00178,4,640.76,2563.04
O000558,P00347,32,584.69,18710.08
O000558,P00050,40,344.16,13766.4
O000558,P00399,11,532.14,5853.54
O000558,P00038,46,529.43,24353.78
O000559,P00397,49,25.69,1258.81
O000559,P00567,9,315.33,2837.97
O000559,P00180,47,426.24,20033.28
O000559,P00387,46,111.07,5109.22
O000560,P00157,31,123.24,3820.44
O000560,P00511,28,220.98,6187.44
O000560,P00393,11,212.12,2333.32
O000560,P00327,6,142.42,854.52
O000560,P00080,32,199.96,6398.72
O000561,P00300,11,46.91,516.01
O000561,P00059,13,392.68,5104.84
O000562,P00333,23,382.68,8801.64
O000562,P00052,11,372.53,4097.83
O000562,P00464,42,424.54,17830.68
O000563,P00507,12,310.99,3731.88
O000563,P00268,26,178.6,4643.6
O000563,P00065,7,308.1,2156.7
O000563,P00055,24,52.66,1263.84
O000564,P00353,17,483.54,8220.18
O000564,P00217,41,117.05,4799.05
O000564,P00062,31,318.26,9866.06
O000565,P00245,18,518.84,9339.12
O000565,P00203,7,292.13,2044.91
O000565,P00456,42,106.73,4482.66
O000565,P00164,44,411.35,18099.4
O000565,P00590,18,186.53,3357.54
O000565,P00343,42,302.95,12723.9
O000566,P00593,39,372.29,14519.31
O000566,P00070,4,55.23,220.92
O000566,P00333,6,350.13,2100.78
O000566,P00113,22,328.79,7233.38
O000566,P00383,7,12.18,85.26
O000566,P00477,10,47.29,472.9
O000567,P00156,41,78.14,3203.74
O000567,P00384,24,58.58,1405.92
O000567,P00227,42,295.57,12413.94
O000567,P00287,4,527.29,2109.16
O000567,P00136,3,247.14,741.42
O000568,P00412,4,305.38,1221.52
O000568,P00534,3,217.34,652.02
O000568,P00588,48,229.01,10992.48
O000568,P00504,10,452.21,4522.1
O000568,P00577,14,544.17,7618.38
O000568,P00538,11,426.84,4695.24
O000569,P00405,2,67.45,134.9
O000569,P00360,18,56.89,1024.02
O000570,P00378,26,423.41,11008.66
O000570,P00122,16,87.84,1405.44
O000570,P00237,5,263.99,1319.95
O000570,P00187,36,233.15,8393.4
O000570,P00485,18,224.68,4044.24
O000571,P00546,8,202.82,1622.56
O000571,P00497,9,288.27,2594.43
O000571,P00116,7,168.74,1181.18
O000571,P00595,36,74.46,2680.56
O000571,P00353,2,411.46,822.92
O000571,P00191,26,182.67,4749.42
O000572,P00266,43,220.6,9485.8
O000573,P00466,42,202.97,8524.74
O000574,P00585,15,8.07,121.05
O000574,P00521,25,359.89,8997.25
O000574,P00247,16,209.42,3350.72
O000574,P00429,23,139.05,3198.15
O000574,P00468,45,443.46,19955.7
O000574,P00315,35,281.79,9862.65
O000575,P00475,43,270.05,11612.15
O000576,P00037,29,139.75,4052.75
O000576,P00545,13,263.51,3425.63
O000576,P00353,16,379.48,6071.68
O000576,P00019,48,216.53,10393.44
O000576,P00196,4,509.88,2039.52
O000576,P00531,1,84.48,84.48
O000577,P00001,23,242.61,5580.03
O000577,P00196,10,549.42,5494.2
O000577,P00395,13,126.48,1644.24
O000577,P00298,13,143.86,1870.18
O000578,P00076,48,323.41,15523.68
O000578,P00335,25,116.22,2905.5
O000578,P00326,50,23.41,1170.5
O000578,P00299,41,59.37,2434.17
O000579,P00294,21,175.7,3689.7
O000579,P00227,10,229.81,2298.1
O000579,P00146,5,64.27,321.35
O000580,P00328,22,190.73,4196.06
O000581,P00200,19,396.23,7528.37
O000581,P00243,44,122.28,5380.32
O000581,P00369,19,142.88,2714.72
O000582,P00257,9,224.54,2020.86
O000582,P00570,45,286.01,12870.45
O000582,P00536,3,158.08,474.24
O000582,P00007,41,357.59,14661.19
O000582,P00127,26,193.78,5038.28
O000583,P00044,17,59.57,1012.69
O000584,P00107,21,28.08,589.68
O000584,P00528,34,349.41,11879.94
O000584,P00158,39,350.79,13680.81
O000584,P00229,15,135.75,2036.25
O000585,P00101,31,127.96,3966.76
O000585,P00098,10,289.38,2893.8
O000585,P00475,41,257.97,10576.77
O000585,P00255,34,261.82,8901.88
O000585,P00214,19,310.47,5898.93
O000586,P00006,4,158.64,634.56
O000586,P00022,40,77.2,3088.0
O000586,P00572,45,356.82,16056.9
O000587,P00569,14,263.37,3687.18
O000587,P00572,8,405.84,3246.72
O000587,P00417,25,381.36,9534.0
O000587,P00349,21,350.11,7352.31
O000587,P00064,44,410.19,18048.36
O000587,P00479,17,401.69,6828.73
O000588,P00382,34,362.01,12308.34
O000588,P00397,19,26.06,495.14
O000589,P00169,4,488.49,1953.96
O000589,P00462,10,301.89,3018.9
O000589,P00066,13,102.59,1333.67
O000590,P00205,16,251.6,4025.6
O000591,P00491,48,159.21,7642.08
O000591,P00507,12,290.24,3482.88
O000592,P00019,47,261.08,12270.76
O000592,P00171,6,227.98,1367.88
O000592,P00287,41,496.01,20336.41
O000593,P00326,46,26.8,1232.8
O000593,P00147,40,73.94,2957.6
O000593,P00130,23,27.84,640.32
O000594,P00015,41,207.23,8496.43
O000594,P00338,22,26.9,591.8
O000594,P00006,1,183.49,183.49
O000594,P00170,24,191.91,4605.84
O000594,P00353,22,396.38,8720.36
O000594,P00146,17,65.58,1114.86
O000595,P00596,5,519.47,2597.35
O000595,P00138,26,30.45,791.7
O000596,P00245,40,503.46,20138.4
O000596,P00034,3,163.65,490.95
O000596,P00521,7,314.78,2203.46
O000596,P00496,40,26.8,1072.0
O000597,P00073,38,228.73,8691.74
O000597,P00345,29,184.5,5350.5
O000597,P00340,7,39.27,274.89
O000598,P00467,42,355.89,14947.38
O000598,P00235,46,40.66,1870.36
O000598,P00369,20,136.67,2733.4
O000599,P00575,24,142.83,3427.92
O000599,P00548,10,444.52,4445.2
O000599,P00309,42,226.3,9504.6
O000600,P00212,37,35.45,1311.65
O000600,P00514,31,128.38,3979.78
O000600,P00454,12,245.86,2950.32
O000600,P00006,40,199.65,7986.0
O000600,P00131,9,67.97,611.73
O000601,P00125,34,348.83,11860.22
O000601,P00218,20,430.64,8612.8
O000601,P00308,2,104.57,209.14
O000601,P00572,4,322.14,1288.56
O000602,P00060,46,219.89,10114.94
O000602,P00333,50,350.54,17527.0
O000602,P00190,3,25.13,75.39
O000603,P00278,50,182.76,9138.0
O000604,P00400,8,457.12,3656.96
O000604,P00054,2,227.14,454.28
O000604,P00375,16,29.4,470.4
O000605,P00399,41,452.16,18538.56
O000605,P00579,34,49.33,1677.22
O000606,P00299,28,56.61,1585.08
O000606,P00250,39,65.32,2547.48
O000606,P00447,48,16.27,780.96
O000606,P00143,27,169.08,4565.16
O000606,P00387,31,110.45,3423.95
O000607,P00141,24,89.16,2139.84
O000608,P00547,25,370.75,9268.75
O000608,P00021,33,229.23,7564.59
O000608,P00311,32,289.53,9264.96
O000608,P00083,43,373.28,16051.04
O000609,P00477,37,54.96,2033.52
O000609,P00020,16,395.78,6332.48
O000609,P00379,37,293.99,10877.63
O000609,P00387,5,112.8,564.0
O000609,P00137,20,16.11,322.2
O000609,P00373,22,13.37,294.14
O000610,P00589,24,87.23,2093.52
O000611,P00356,18,224.67,4044.06
O000611,P00293,11,287.72,3164.92
O000611,P00528,13,401.49,5219.37
O000611,P00550,38,212.58,8078.04
O000612,P00412,40,331.8,13272.0
O000612,P00240,7,10.12,70.84
O000612,P00099,30,364.12,10923.6
O000612,P00386,3,302.04,906.12
O000613,P00001,37,269.14,9958.18
O000613,P00089,44,261.46,11504.24
O000613,P00503,11,254.02,2794.22
O000613,P00595,27,65.75,1775.25
O000613,P00415,38,259.79,9872.02
O000614,P00317,26,90.15,2343.9
O000614,P00451,39,86.01,3354.39
O000615,P00386,1,253.39,253.39
O000615,P00405,26,67.23,1747.98
O000615,P00352,43,270.39,11626.77
O000615,P00378,17,502.6,8544.2
O000615,P00093,47,105.85,4974.95
O000616,P00090,17,549.16,9335.72
O000617,P00263,24,459.93,11038.32
O000617,P00580,24,135.11,3242.64
O000618,P00520,13,190.58,2477.54
O000618,P00327,6,121.92,731.52
O000619,P00562,8,46.59,372.72
O000619,P00428,27,61.78,1668.06
O000619,P00260,32,562.36,17995.52
O000619,P00112,15,336.74,5051.1
O000620,P00421,49,35.3,1729.7
O000621,P00327,22,115.24,2535.28
O000621,P00066,50,97.0,4850.0
O000621,P00161,16,32.17,514.72
O000622,P00380,30,262.36,7870.8
O000622,P00122,50,96.25,4812.5
O000623,P00292,34,343.75,11687.5
O000624,P00082,20,127.25,2545.0
O000625,P00283,17,498.8,8479.6
O000625,P00140,49,116.16,5691.84
O000625,P00057,41,171.86,7046.26
O000625,P00435,50,186.44,9322.0
O000626,P00064,28,424.38,11882.64
O000626,P00562,28,39.87,1116.36
O000626,P00356,41,237.0,9717.0
O000626,P00349,25,377.31,9432.75
O000626,P00523,22,106.77,2348.94
O000626,P00170,15,207.87,3118.05
O000627,P00148,33,324.72,10715.76
O000627,P00027,42,555.68,23338.56
O000627,P00423,45,334.73,15062.85
O000628,P00510,16,268.25,4292.0
O000628,P00309,15,224.87,3373.05
O000628,P00207,49,506.8,24833.2
O000628,P00071,44,283.34,12466.96
O000628,P00171,16,186.55,2984.8
O000629,P00463,37,344.56,12748.72
O000629,P00506,24,49.99,1199.76
O000629,P00262,38,493.06,18736.28
O000630,P00419,36,527.45,18988.2
O000630,P00457,25,128.15,3203.75
O000631,P00500,31,293.85,9109.35
O000631,P00416,25,325.72,8143.0
O000631,P00194,15,103.69,1555.35
O000631,P00471,40,299.26,11970.4
O000631,P00521,31,332.24,10299.44
O000632,P00442,39,142.1,5541.9
O000632,P00583,21,29.64,622.44
O000632,P00135,48,102.74,4931.52
O000632,P00182,20,140.38,2807.6
O000632,P00573,12,127.44,1529.28
O000632,P00371,46,462.25,21263.5
O000633,P00145,16,406.21,6499.36
O000633,P00358,6,392.93,2357.58
O000633,P00369,15,150.76,2261.4
O000633,P00580,38,162.63,6179.94
O000633,P00090,27,450.5,12163.5
O000633,P00014,8,416.82,3334.56
O000634,P00125,5,314.89,1574.45
O000634,P00224,14,400.59,5608.26
O000634,P00462,32,256.69,8214.08
O000634,P00430,8,129.68,1037.44
O000635,P00300,1,41.35,41.35
O000635,P00245,35,504.93,17672.55
O000635,P00114,40,126.83,5073.2
O000635,P00091,41,197.83,8111.03
O000635,P00185,14,313.09,4383.26
O000635,P00449,40,218.38,8735.2
O000636,P00028,3,252.64,757.92
O000636,P00399,5,468.56,2342.8
O000636,P00285,40,199.19,7967.6
O000637,P00176,14,219.85,3077.9
O000638,P00056,25,180.02,4500.5
O000639,P00256,26,233.51,6071.26
O000640,P00162,48,177.66,8527.68
O000640,P00451,16,95.35,1525.6
O000640,P00318,41,156.76,6427.16
O000640,P00051,39,398.91,15557.49
O000640,P00282,35,237.96,8328.6
O000640,P00538,35,390.51,13667.85
O000641,P00364,8,553.52,4428.16
O000641,P00296,2,290.24,580.48
O000641,P00048,31,127.45,3950.95
O000642,P00075,31,289.67,8979.77
O000642,P00589,40,87.93,3517.2
O000642,P00100,1,126.98,126.98
O000642,P00383,22,9.78,215.16
O000643,P00006,36,174.0,6264.0
O000643,P00349,36,423.74,15254.64
O000644,P00428,7,60.44,423.08
O000644,P00439,26,229.03,5954.78
O000645,P00032,23,355.17,8168.91
O000645,P00596,23,484.31,11139.13
O000645,P00103,30,183.15,5494.5
O000645,P00059,34,421.04,14315.36
O000646,P00571,50,459.5,22975.0
O000647,P00383,6,10.42,62.52
O000647,P00495,50,70.94,3547.0
O000647,P00024,30,367.42,11022.6
O000647,P00589,23,80.53,1852.19
O000648,P00353,25,411.24,10281.0
O000648,P00092,23,19.65,451.95
O000649,P00493,36,262.1,9435.6
O000649,P00398,36,279.54,10063.44
O000649,P00280,25,198.19,4954.75
O000649,P00405,29,71.2,2064.8
O000649,P00390,41,479.8,19671.8
O000649,P00013,22,34.07,749.54
O000650,P00186,36,35.78,1288.08
O000651,P00502,40,53.0,2120.0
O000651,P00520,44,225.9,9939.6
O000651,P00423,44,414.57,18241.08
O000652,P00360,33,47.41,1564.53
O000652,P00027,19,499.69,9494.11
O000652,P00238,30,238.78,7163.4
O000653,P00493,43,276.91,11907.13
O000653,P00569,40,283.14,11325.6
O000653,P00010,31,314.26,9742.06
O000654,P00522,5,405.15,2025.75
O000654,P00413,30,57.51,1725.3
O000654,P00475,30,232.7,6981.0
O000654,P00117,6,112.09,672.54
O000654,P00486,38,155.96,5926.48
O000654,P00246,47,147.72,6942.84
O000655,P00176,5,176.75,883.75
O000655,P00351,39,351.7,13716.3
O000655,P00540,45,75.44,3394.8
O000655,P00436,5,94.43,472.15
O000655,P00160,37,152.83,5654.71
O000656,P00412,8,318.46,2547.68
O000656,P00332,45,293.79,13220.55
O000656,P00573,34,151.9,5164.6
O000656,P00515,49,542.49,26582.01
O000657,P00501,6,300.18,1801.08
O000657,P00066,43,91.63,3940.09
O000657,P00521,1,324.28,324.28
O000657,P00070,41,56.34,2309.94
O000657,P00545,29,251.41,7290.89
O000657,P00495,30,86.04,2581.2
O000658,P00452,43,82.52,3548.36
O000658,P00322,11,37.35,410.85
O000658,P00235,16,42.53,680.48
O000658,P00532,41,35.73,1464.93
O000658,P00440,33,65.11,2148.63
O000659,P00553,41,51.62,2116.42
O000659,P00019,44,247.96,10910.24
O000659,P00522,41,367.35,15061.35
O000659,P00086,25,144.1,3602.5
O000660,P00529,25,346.57,8664.25
O000660,P00049,43,78.45,3373.35
O000660,P00309,47,238.08,11189.76
O000661,P00600,12,481.99,5783.88
O000661,P00483,13,376.91,4899.83
O000662,P00317,41,73.04,2994.64
O000662,P00260,23,559.19,12861.37
O000662,P00369,2,134.59,269.18
O000662,P00468,31,509.93,15807.83
O000662,P00096,50,527.67,26383.5
O000663,P00496,47,26.37,1239.39
O000663,P00517,41,75.08,3078.28
O000664,P00062,8,288.6,2308.8
O000664,P00124,16,489.62,7833.92
O000665,P00358,35,378.63,13252.05
O000665,P00299,6,61.68,370.08
O000666,P00358,24,375.55,9013.2
O000666,P00201,40,255.92,10236.8
O000666,P00314,38,147.73,5613.74
O000666,P00355,24,100.24,2405.76
O000666,P00057,4,164.16,656.64
O000667,P00093,20,101.72,2034.4
O000667,P00437,33,18.78,619.74
O000667,P00421,9,37.48,337.32
O000668,P00369,46,139.52,6417.92
O000668,P00069,41,86.64,3552.24
O000668,P00142,19,604.23,11480.37
O000668,P00257,37,218.21,8073.77
O000669,P00485,31,244.65,7584.15
O000669,P00038,8,512.67,4101.36
O000669,P00095,35,220.95,7733.25
O000670,P00312,43,542.99,23348.57
O000671,P00380,49,243.93,11952.57
O000671,P00570,28,345.91,9685.48
O000671,P00459,1,112.47,112.47
O000672,P00216,41,71.05,2913.05
O000672,P00599,40,65.61,2624.4
O000672,P00083,47,432.95,20348.65
O000672,P00027,1,531.74,531.74
O000672,P00155,42,138.31,5809.02
O000673,P00456,15,104.7,1570.5
O000673,P00402,27,239.91,6477.57
O000673,P00167,5,286.97,1434.85
O000673,P00070,11,59.04,649.44
O000674,P00376,41,142.71,5851.11
O000674,P00283,23,415.05,9546.15
O000674,P00069,32,88.32,2826.24
O000674,P00036,11,38.3,421.3
O000675,P00577,38,440.26,16729.88
O000675,P00056,23,145.34,3342.82
O000675,P00275,7,342.83,2399.81
O000676,P00032,5,336.94,1684.7
O000676,P00316,37,203.84,7542.08
O000676,P00469,15,390.79,5861.85
O000676,P00537,41,191.14,7836.74
O000676,P00018,15,382.35,5735.25
O000676,P00147,28,68.99,1931.72
O000677,P00593,29,366.99,10642.71
O000678,P00565,50,57.92,2896.0
O000679,P00070,12,68.03,816.36
O000679,P00462,17,296.93,5047.81
O000679,P00168,43,215.33,9259.19
O000679,P00548,4,459.7,1838.8
O000679,P00540,40,80.26,3210.4
O000680,P00432,14,533.98,7475.72
O000680,P00409,50,425.99,21299.5
O000680,P00185,24,269.64,6471.36
O000680,P00032,6,372.4,2234.4
O000680,P00264,16,224.59,3593.44
O000681,P00444,50,354.91,17745.5
O000681,P00144,17,105.96,1801.32
O000682,P00524,19,409.8,7786.2
O000682,P00270,39,130.4,5085.6
O000682,P00098,17,254.45,4325.65
O000682,P00558,33,379.22,12514.26
O000683,P00463,36,363.62,13090.32
O000683,P00381,14,242.62,3396.68
O000683,P00139,32,271.75,8696.0
O000683,P00584,10,215.89,2158.9
O000683,P00160,29,144.83,4200.07
O000683,P00116,14,188.62,2640.68
O000684,P00374,5,236.08,1180.4
O000685,P00065,22,313.41,6895.02
O000685,P00161,7,34.77,243.39
O000685,P00280,5,213.85,1069.25
O000685,P00591,24,389.94,9358.56
O000686,P00289,9,199.13,1792.17
O000687,P00054,6,253.53,1521.18
O000687,P00383,26,10.13,263.38
O000687,P00328,23,220.98,5082.54
O000688,P00237,14,296.67,4153.38
O000688,P00393,46,204.3,9397.8
O000688,P00192,19,267.84,5088.96
O000689,P00031,29,146.34,4243.86
O000689,P00551,34,256.9,8734.6
O000689,P00537,48,208.53,10009.44
O000689,P00327,24,121.73,2921.52
O000689,P00315,14,290.87,4072.18
O000690,P00177,7,486.42,3404.94
O000691,P00043,20,46.91,938.2
O000692,P00027,13,551.54,7170.02
O000693,P00140,35,107.4,3759.0
O000694,P00008,8,482.72,3861.76
O000694,P00152,21,120.96,2540.16
O000695,P00547,33,403.52,13316.16
O000695,P00156,49,73.41,3597.09
O000696,P00005,16,71.54,1144.64
O000696,P00327,42,117.38,4929.96
O000696,P00454,25,287.82,7195.5
O000696,P00268,36,194.09,6987.24
O000697,P00094,32,36.59,1170.88
O000697,P00147,40,67.81,2712.4
O000697,P00452,7,85.65,599.55
O000697,P00077,12,64.12,769.44
O000697,P00132,21,280.38,5887.98
O000698,P00046,31,308.55,9565.05
O000698,P00259,34,224.3,7626.2
O000698,P00325,47,57.43,2699.21
O000699,P00487,26,176.52,4589.52
O000699,P00371,9,538.35,4845.15
O000699,P00247,17,181.01,3077.17
O000700,P00575,4,155.38,621.52
O000701,P00114,50,101.9,5095.0
O000701,P00600,1,484.67,484.67
O000701,P00401,41,161.65,6627.65
O000701,P00103,5,198.98,994.9
O000701,P00310,7,85.27,596.89
O000702,P00304,48,293.35,14080.8
O000702,P00297,46,373.77,17193.42
O000702,P00172,17,208.5,3544.5
O000703,P00195,37,275.19,10182.03
O000703,P00232,33,208.32,6874.56
O000704,P00317,11,84.42,928.62
O000704,P00594,28,248.91,6969.48
O000704,P00147,50,65.97,3298.5
O000704,P00497,24,356.74,8561.76
O000704,P00511,32,212.04,6785.28
O000705,P00431,47,119.68,5624.96
O000705,P00080,49,207.73,10178.77
O000705,P00271,47,233.57,10977.79
O000705,P00171,18,191.53,3447.54
O000705,P00475,12,230.98,2771.76
O000705,P00175,14,377.72,5288.08
O000706,P00383,43,11.15,479.45
O000706,P00458,20,72.59,1451.8
O000706,P00425,9,113.1,1017.9
O000706,P00441,14,374.94,5249.16
O000706,P00339,37,237.35,8781.95
O000706,P00511,12,220.09,2641.08
O000707,P00318,39,156.52,6104.28
O000707,P00117,14,98.7,1381.8
O000707,P00311,30,347.63,10428.9
O000707,P00053,35,82.88,2900.8
O000707,P00112,21,304.11,6386.31
O000708,P00450,9,38.74,348.66
O000708,P00201,44,263.42,11590.48
O000708,P00193,26,195.26,5076.76
O000708,P00376,46,156.87,7216.02
O000709,P00600,21,391.03,8211.63
O000710,P00517,29,77.64,2251.56
O000710,P00453,6,74.59,447.54
O000710,P00154,6,301.97,1811.82
O000711,P00294,10,178.3,1783.0
O000711,P00386,22,286.11,6294.42
O000712,P00017,11,107.01,1177.11
O000712,P00067,31,9.88,306.28
O000712,P00431,15,109.73,1645.95
O000712,P00593,14,385.89,5402.46
O000713,P00249,46,277.81,12779.26
O000714,P00096,45,525.38,23642.1
O000715,P00575,37,152.36,5637.32
O000715,P00493,31,315.46,9779.26
O000715,P00179,26,227.99,5927.74
O000715,P00342,45,84.62,3807.9
O000715,P00559,35,90.1,3153.5
O000716,P00096,44,499.11,21960.84
O000716,P00420,21,197.8,4153.8
O000716,P00287,16,504.72,8075.52
O000717,P00231,20,231.5,4630.0
O000718,P00098,30,281.9,8457.0
O000718,P00101,14,104.6,1464.4
O000718,P00267,36,454.21,16351.56
O000719,P00293,23,296.27,6814.21
O000719,P00405,11,74.51,819.61
O000719,P00256,26,230.91,6003.66
O000719,P00551,43,240.12,10325.16
O000720,P00413,9,56.68,510.12
O000720,P00379,18,306.97,5525.46
O000720,P00584,46,196.27,9028.42
O000720,P00581,9,302.24,2720.16
O000720,P00207,35,429.76,15041.6
O000720,P00339,29,266.48,7727.92
O000721,P00517,9,73.45,661.05
O000721,P00059,16,478.04,7648.64
O000722,P00450,5,36.4,182.0
O000722,P00149,47,339.83,15972.01
O000722,P00188,31,313.77,9726.87
O000723,P00445,34,136.98,4657.32
O000723,P00501,26,351.37,9135.62
O000723,P00243,4,114.49,457.96
O000723,P00127,21,196.31,4122.51
O000723,P00338,20,30.63,612.6
O000723,P00538,24,367.32,8815.68
O000724,P00130,2,28.67,57.34
O000724,P00186,29,30.2,875.8
O000725,P00494,50,151.32,7566.0
O000725,P00162,29,210.59,6107.11
O000726,P00525,36,273.29,9838.44
O000726,P00463,40,315.62,12624.8
O000726,P00213,43,418.14,17980.02
O000727,P00329,7,332.72,2329.04
O000727,P00172,9,240.37,2163.33
O000727,P00052,8,352.78,2822.24
O000727,P00418,45,150.24,6760.8
O000727,P00355,24,89.75,2154.0
O000728,P00523,17,109.55,1862.35
O000729,P00021,20,233.07,4661.4
O000729,P00257,49,201.02,9849.98
O000729,P00109,15,76.81,1152.15
O000729,P00038,12,524.54,6294.48
O000729,P00404,21,385.39,8093.19
O000729,P00303,8,228.94,1831.52
O000730,P00486,18,157.98,2843.64
O000730,P00120,44,281.76,12397.44
O000730,P00362,7,91.01,637.07
O000730,P00234,22,388.87,8555.14
O000730,P00542,34,217.45,7393.3
O000731,P00037,37,116.48,4309.76
O000731,P00074,3,379.68,1139.04
O000732,P00157,24,113.85,2732.4
O000732,P00446,28,21.37,598.36
O000732,P00320,7,288.58,2020.06
O000733,P00393,37,191.34,7079.58
O000733,P00449,46,219.33,10089.18
O000733,P00032,6,366.61,2199.66
O000733,P00362,3,106.79,320.37
O000734,P00256,36,226.76,8163.36
O000734,P00491,45,177.3,7978.5
O000734,P00086,39,125.56,4896.84
O000734,P00082,40,150.73,6029.2
O000734,P00094,17,36.04,612.68
O000734,P00319,25,380.45,9511.25
O000735,P00038,42,505.53,21232.26
O000735,P00287,46,524.11,24109.06
O000735,P00493,2,289.17,578.34
O000735,P00376,17,153.97,2617.49
O000736,P00395,9,119.33,1073.97
O000736,P00515,49,525.0,25725.0
O000736,P00092,47,20.77,976.19
O000736,P00295,12,397.56,4770.72
O000736,P00557,12,91.93,1103.16
O000736,P00260,16,530.19,8483.04
O000737,P00555,28,179.17,5016.76
O000737,P00177,3,541.01,1623.03
O000738,P00033,40,208.52,8340.8
O000738,P00377,48,563.62,27053.76
O000738,P00171,25,208.44,5211.0
O000738,P00438,4,548.39,2193.56
O000738,P00184,49,22.74,1114.26
O000739,P00320,23,325.47,7485.81
O000740,P00093,27,103.12,2784.24
O000741,P00064,4,425.15,1700.6
O000741,P00425,43,131.1,5637.3
O000742,P00299,5,63.24,316.2
O000743,P00433,16,461.18,7378.88
O000743,P00267,16,419.29,6708.64
O000743,P00307,50,255.93,12796.5
O000743,P00272,35,119.49,4182.15
O000743,P00067,21,12.08,253.68
O000743,P00259,46,266.9,12277.4
O000744,P00246,9,131.95,1187.55
O000744,P00225,42,614.35,25802.7
O000744,P00209,6,281.86,1691.16
O000744,P00374,24,201.96,4847.04
O000744,P00403,15,262.28,3934.2
O000745,P00173,13,213.62,2777.06
O000745,P00477,18,53.1,955.8
O000745,P00053,22,103.85,2284.7
O000745,P00364,37,513.17,18987.29
O000745,P00225,11,520.53,5725.83
O000745,P00180,42,407.11,17098.62
O000746,P00140,25,110.48,2762.0
O000746,P00364,17,484.28,8232.76
O000746,P00354,32,151.4,4844.8
O000746,P00048,50,122.52,6126.0
O000747,P00310,18,86.77,1561.86
O000747,P00460,15,185.41,2781.15
O000747,P00443,17,62.59,1064.03
O000747,P00266,3,185.88,557.64
O000748,P00483,48,458.14,21990.72
O000748,P00501,50,330.69,16534.5
O000748,P00527,30,271.51,8145.3
O000748,P00173,42,237.91,9992.22
O000748,P00199,42,367.55,15437.1
O000748,P00075,24,275.11,6602.64
O000749,P00056,34,143.54,4880.36
O000749,P00512,7,258.0,1806.0
O000749,P00263,43,460.45,19799.35
O000749,P00079,28,354.06,9913.68
O000750,P00395,4,122.57,490.28
O000751,P00208,34,403.19,13708.46
O000751,P00156,39,72.44,2825.16
O000751,P00226,30,10.74,322.2
O000751,P00308,3,86.74,260.22
O000751,P00186,14,28.11,393.54
O000751,P00241,38,119.32,4534.16
O000752,P00176,31,192.67,5972.77
O000752,P00463,16,379.89,6078.24
O000752,P00453,37,69.08,2555.96
O000753,P00280,33,209.38,6909.54
O000753,P00359,39,414.45,16163.55
O000753,P00030,25,522.24,13056.0
O000753,P00049,31,76.8,2380.8
O000753,P00018,9,369.55,3325.95
O000754,P00185,32,281.98,9023.36
O000754,P00592,12,87.45,1049.4
O000754,P00492,33,177.56,5859.48
O000754,P00303,30,263.74,7912.2
O000754,P00187,33,206.26,6806.58
O000754,P00336,3,86.0,258.0
O000755,P00071,5,289.35,1446.75
O000755,P00370,15,50.74,761.1
O000755,P00074,17,370.92,6305.64
O000755,P00122,9,89.02,801.18
O000756,P00214,20,317.72,6354.4
O000756,P00288,35,201.5,7052.5
O000756,P00599,45,61.23,2755.35
O000757,P00117,32,87.37,2795.84
O000757,P00520,12,210.42,2525.04
O000758,P00551,37,228.32,8447.84
O000758,P00522,29,416.43,12076.47
O000758,P00384,35,66.1,2313.5
O000758,P00143,7,163.67,1145.69
O000758,P00270,17,118.05,2006.85
O000758,P00124,3,417.04,1251.12
O000759,P00515,32,461.07,14754.24
O000759,P00003,40,311.72,12468.8
O000760,P00265,31,134.86,4180.66
O000760,P00214,28,282.75,7917.0
O000760,P00227,16,272.41,4358.56
O000760,P00423,6,326.22,1957.32
O000760,P00390,40,434.0,17360.0
O000760,P00233,19,251.1,4770.9
O000761,P00596,10,460.26,4602.6
O000761,P00216,15,71.11,1066.65
O000761,P00545,26,246.94,6420.44
O000761,P00079,29,360.27,10447.83
O000761,P00228,4,227.41,909.64
O000762,P00317,45,80.45,3620.25
O000762,P00414,45,327.14,14721.3
O000762,P00588,1,211.51,211.51
O000762,P00596,11,428.59,4714.49
O000762,P00562,45,49.06,2207.7
O000763,P00549,32,442.47,14159.04
O000763,P00540,45,73.22,3294.9
O000764,P00596,34,532.11,18091.74
O000764,P00223,10,351.44,3514.4
O000764,P00381,24,220.33,5287.92
O000764,P00393,30,221.06,6631.8
O000764,P00571,50,402.54,20127.0
O000765,P00199,50,378.4,18920.0
O000765,P00370,16,48.54,776.64
O000765,P00598,22,377.54,8305.88
O000766,P00528,20,394.32,7886.4
O000766,P00167,17,297.64,5059.88
O000766,P00512,41,214.35,8788.35
O000766,P00384,47,57.3,2693.1
O000767,P00194,37,104.03,3849.11
O000767,P00051,47,463.62,21790.14
O000767,P00208,48,416.67,20000.16
O000768,P00229,5,119.04,595.2
O000768,P00282,3,240.49,721.47
O000768,P00442,3,155.23,465.69
O000768,P00058,11,128.06,1408.66
O000768,P00090,26,465.33,12098.58
O000769,P00284,27,467.83,12631.41
O000769,P00221,32,333.94,10686.08
O000769,P00385,3,523.57,1570.71
O000769,P00569,22,259.71,5713.62
O000770,P00171,44,211.32,9298.08
O000770,P00058,22,115.97,2551.34
O000770,P00470,37,217.38,8043.06
O000771,P00372,48,197.38,9474.24
O000771,P00125,48,289.13,13878.24
O000772,P00471,35,329.55,11534.25
O000772,P00198,19,184.77,3510.63
O000772,P00247,2,195.11,390.22
O000772,P00056,42,163.54,6868.68
O000772,P00201,21,273.42,5741.82
O000773,P00406,33,338.65,11175.45
O000773,P00157,27,134.1,3620.7
O000773,P00311,21,300.16,6303.36
O000773,P00044,9,59.25,533.25
O000774,P00366,49,105.73,5180.77
O000774,P00359,17,472.97,8040.49
O000774,P00515,17,544.7,9259.9
O000775,P00452,38,69.26,2631.88
O000775,P00024,30,408.25,12247.5
O000775,P00219,3,417.26,1251.78
O000776,P00385,50,508.8,25440.0
O000776,P00420,17,225.31,3830.27
O000776,P00086,35,124.02,4340.7
O000776,P00112,8,348.16,2785.28
O000776,P00367,44,432.07,19011.08
O000777,P00026,16,515.11,8241.76
O000777,P00385,48,468.67,22496.16
O000777,P00027,26,551.45,14337.7
O000777,P00375,32,25.14,804.48
O000777,P00584,30,226.93,6807.9
O000777,P00376,7,153.87,1077.09
O000778,P00491,15,186.23,2793.45
O000778,P00256,35,189.03,6616.05
O000778,P00239,22,420.97,9261.34
O000779,P00361,18,85.67,1542.06
O000779,P00100,22,136.3,2998.6
O000779,P00369,29,155.66,4514.14
O000779,P00075,27,296.95,8017.65
O000779,P00150,32,220.26,7048.32
O000779,P00523,34,91.7,3117.8
O000780,P00382,44,345.13,15185.72
O000781,P00518,1,210.85,210.85
O000781,P00052,32,338.01,10816.32
O000781,P00194,43,97.75,4203.25
O000781,P00055,46,52.59,2419.14
O000782,P00066,2,90.81,181.62
O000782,P00265,43,151.39,6509.77
O000783,P00599,37,58.96,2181.52
O000783,P00031,45,148.46,6680.7
O000784,P00395,40,124.8,4992.0
O000784,P00462,11,260.57,2866.27
O000784,P00181,20,210.2,4204.0
O000784,P00185,43,299.85,12893.55
O000785,P00251,36,352.91,12704.76
O000785,P00225,39,601.38,23453.82
O000785,P00052,35,359.96,12598.6
O000785,P00425,19,110.85,2106.15
O000785,P00363,38,377.5,14345.0
O000785,P00390,15,486.61,7299.15
O000786,P00470,17,181.64,3087.88
O000786,P00417,35,358.83,12559.05
O000786,P00528,1,349.54,349.54
O000786,P00557,9,93.32,839.88
O000787,P00507,40,310.53,12421.2
O000787,P00363,44,439.83,19352.52
O000787,P00039,40,129.57,5182.8
O000787,P00423,8,350.46,2803.68
O000787,P00130,50,24.75,1237.5
O000787,P00378,1,460.74,460.74
O000788,P00426,17,31.83,541.11
O000788,P00170,49,184.38,9034.62
O000788,P00151,27,472.5,12757.5
O000789,P00314,20,151.09,3021.8
O000789,P00548,36,440.04,15841.44
O000789,P00445,5,106.83,534.15
O000789,P00122,21,81.41,1709.61
O000789,P00427,42,181.54,7624.68
O000790,P00503,47,286.15,13449.05
O000790,P00307,50,241.97,12098.5
O000790,P00468,18,550.84,9915.12
O000790,P00384,23,60.81,1398.63
O000791,P00434,2,393.52,787.04
O000791,P00536,30,134.2,4026.0
O000791,P00100,9,133.53,1201.77
O000791,P00281,23,312.31,7183.13
O000791,P00473,10,390.79,3907.9
O000792,P00381,42,198.31,8329.02
O000792,P00364,47,572.34,26899.98
O000792,P00010,47,357.88,16820.36
O000792,P00132,16,312.92,5006.72
O000792,P00519,40,273.02,10920.8
O000793,P00088,22,320.35,7047.7
O000793,P00060,13,192.33,2500.29
O000793,P00165,21,147.63,3100.23
O000794,P00471,32,311.24,9959.68
O000795,P00411,32,141.33,4522.56
O000795,P00460,33,177.97,5873.01
O000795,P00129,4,213.53,854.12
O000795,P00410,22,219.43,4827.46
O000796,P00316,10,222.74,2227.4
O000796,P00402,17,269.07,4574.19
O000797,P00372,40,184.42,7376.8
O000797,P00291,47,93.4,4389.8
O000797,P00534,10,225.46,2254.6
O000797,P00207,21,535.39,11243.19
O000798,P00009,27,361.61,9763.47
O000798,P00556,27,608.31,16424.37
O000798,P00460,1,152.26,152.26
O000798,P00145,23,457.2,10515.6
O000798,P00343,24,313.79,7530.96
O000798,P00336,2,67.61,135.22
O000799,P00510,1,296.85,296.85
O000799,P00443,40,67.92,2716.8
O000799,P00205,43,261.0,11223.0
O000799,P00347,39,653.96,25504.44
O000799,P00125,29,345.07,10007.03
O000800,P00301,33,54.69,1804.77
O000800,P00268,37,168.07,6218.59
O000800,P00119,13,60.24,783.12
O000800,P00041,38,380.68,14465.84
O000800,P00146,6,70.02,420.12
O000800,P00115,35,372.57,13039.95
O000801,P00479,35,393.23,13763.05
O000801,P00441,3,337.93,1013.79
O000801,P00292,7,342.59,2398.13
O000801,P00593,28,376.06,10529.68
O000801,P00321,42,270.03,11341.26
O000802,P00496,15,27.14,407.1
O000802,P00315,29,315.05,9136.45
O000802,P00411,49,134.63,6596.87
O000802,P00548,30,381.14,11434.2
O000802,P00526,45,235.46,10595.7
O000803,P00288,14,198.71,2781.94
O000803,P00502,10,44.08,440.8
O000803,P00581,47,324.26,15240.22
O000804,P00593,16,333.43,5334.88
O000804,P00113,1,337.13,337.13
O000804,P00569,4,265.36,1061.44
O000804,P00003,16,342.27,5476.32
O000804,P00215,4,204.23,816.92
O000804,P00204,17,285.96,4861.32
O000805,P00502,10,53.73,537.3
O000805,P00453,17,78.72,1338.24
O000805,P00340,45,32.8,1476.0
O000805,P00219,49,384.73,18851.77
O000805,P00036,45,36.74,1653.3
O000805,P00005,33,70.44,2324.52
O000806,P00514,21,106.02,2226.42
O000806,P00014,9,369.64,3326.76
O000806,P00405,27,75.65,2042.55
O000807,P00070,40,54.59,2183.6
O000807,P00355,43,103.07,4432.01
O000807,P00084,4,386.98,1547.92
O000807,P00313,22,47.17,1037.74
O000808,P00148,22,294.2,6472.4
O000808,P00156,13,78.78,1024.14
O000808,P00255,41,260.54,10682.14
O000809,P00230,33,287.74,9495.42
O000809,P00208,28,467.2,13081.6
O000809,P00300,37,43.24,1599.88
O000810,P00134,28,117.26,3283.28
O000810,P00277,10,226.97,2269.7
O000810,P00085,28,513.12,14367.36
O000811,P00513,35,203.24,7113.4
O000812,P00546,19,236.3,4489.7
O000812,P00412,46,322.39,14829.94
O000812,P00594,36,210.96,7594.56
O000812,P00497,5,313.1,1565.5
O000812,P00350,50,424.06,21203.0
O000812,P00487,11,199.65,2196.15
O000813,P00041,50,350.99,17549.5
O000813,P00398,13,288.01,3744.13
O000814,P00271,32,240.65,7700.8
O000814,P00451,15,87.85,1317.75
O000814,P00557,27,97.36,2628.72
O000814,P00554,21,248.43,5217.03
O000815,P00509,50,79.99,3999.5
O000815,P00376,3,137.35,412.05
O000816,P00212,46,30.89,1420.94
O000816,P00499,24,28.44,682.56
O000816,P00476,43,135.01,5805.43
O000816,P00008,20,459.45,9189.0
O000816,P00465,19,201.78,3833.82
O000817,P00221,7,331.84,2322.88
O000817,P00325,46,58.44,2688.24
O000818,P00149,31,270.94,8399.14
O000819,P00012,41,439.57,18022.37
O000819,P00142,25,559.94,13998.5
O000819,P00101,25,126.31,3157.75
O000819,P00182,41,115.77,4746.57
O000819,P00331,44,389.57,17141.08
O000820,P00267,33,386.79,12764.07
O000820,P00291,38,86.9,3302.2
O000820,P00011,7,275.84,1930.88
O000820,P00520,32,234.2,7494.4
O000821,P00466,27,222.43,6005.61
O000822,P00448,16,69.64,1114.24
O000822,P00077,14,56.54,791.56
O000822,P00193,47,165.66,7786.02
O000822,P00436,29,90.89,2635.81
O000822,P00560,13,25.57,332.41
O000823,P00140,40,109.5,4380.0
O000823,P00372,9,192.56,1733.04
O000824,P00065,49,344.63,16886.87
O000824,P00134,29,118.24,3428.96
O000824,P00513,9,234.77,2112.93
O000824,P00335,38,104.63,3975.94
O000825,P00336,8,77.8,622.4
O000825,P00058,47,113.8,5348.6
O000825,P00505,24,81.36,1952.64
O000826,P00396,14,97.08,1359.12
O000826,P00116,39,191.53,7469.67
O000826,P00384,33,59.15,1951.95
O000827,P00183,48,498.75,23940.0
O000827,P00493,36,326.87,11767.32
O000827,P00121,2,139.85,279.7
O000827,P00540,40,81.23,3249.2
O000827,P00569,40,294.96,11798.4
O000828,P00284,9,513.25,4619.25
O000829,P00121,1,130.77,130.77
O000829,P00372,18,176.73,3181.14
O000829,P00034,6,198.01,1188.06
O000829,P00377,32,507.33,16234.56
O000829,P00021,16,223.75,3580.0
O000829,P00179,44,201.88,8882.72
O000830,P00386,40,258.36,10334.4
O000831,P00121,21,137.41,2885.61
O000831,P00379,23,319.0,7337.0
O000831,P00573,41,143.86,5898.26
O000832,P00363,19,443.47,8425.93
O000832,P00293,36,291.49,10493.64
O000832,P00365,48,276.48,13271.04
O000832,P00068,45,427.86,19253.7
O000832,P00339,16,270.1,4321.6
O000833,P00103,35,217.99,7629.65
O000833,P00125,18,327.45,5894.1
O000833,P00446,18,19.91,358.38
O000833,P00247,35,228.38,7993.3
O000833,P00590,49,170.22,8340.78
O000834,P00164,23,502.52,11557.96
O000834,P00442,48,149.43,7172.64
O000835,P00425,38,123.29,4685.02
O000835,P00318,12,174.75,2097.0
O000835,P00378,35,488.45,17095.75
O000836,P00322,11,37.29,410.19
O000836,P00473,7,359.43,2516.01
O000836,P00497,9,333.77,3003.93
O000836,P00019,16,232.61,3721.76
O000836,P00157,5,128.04,640.2
O000836,P00144,22,118.09,2597.98
O000837,P00494,5,146.37,731.85
O000837,P00076,47,372.37,17501.39
O000837,P00400,37,420.94,15574.78
O000837,P00224,36,373.41,13442.76
O000837,P00328,1,225.79,225.79
O000838,P00510,11,314.92,3464.12
O000838,P00285,3,168.24,504.72
O000838,P00508,47,284.01,13348.47
O000839,P00218,17,419.72,7135.24
O000839,P00175,9,420.91,3788.19
O000839,P00098,50,247.29,12364.5
O000839,P00168,25,184.15,4603.75
O000839,P00322,20,32.7,654.0
O000840,P00422,30,292.44,8773.2
O000840,P00033,16,191.27,3060.32
O000840,P00277,39,226.8,8845.2
O000841,P00014,20,418.4,8368.0
O000842,P00544,26,408.07,10609.82
O000842,P00309,9,250.21,2251.89
O000842,P00144,30,115.32,3459.6
O000842,P00600,31,452.45,14025.95
O000842,P00002,26,547.35,14231.1
O000843,P00371,16,486.05,7776.8
O000844,P00071,27,282.89,7638.03
O000844,P00600,43,412.29,17728.47
O000844,P00535,16,367.66,5882.56
O000844,P00521,30,378.68,11360.4
O000845,P00049,14,77.42,1083.88
O000845,P00396,8,80.79,646.32
O000845,P00019,28,238.26,6671.28
O000845,P00003,48,303.47,14566.56
O000845,P00039,14,109.54,1533.56
O000846,P00082,2,137.15,274.3
O000846,P00324,9,105.53,949.77
O000846,P00286,11,40.85,449.35
O000847,P00532,43,38.96,1675.28
O000847,P00023,15,332.59,4988.85
O000847,P00241,5,137.02,685.1
O000848,P00208,40,466.66,18666.4
O000848,P00219,17,409.16,6955.72
O000848,P00045,22,361.89,7961.58
O000849,P00285,20,182.46,3649.2
O000849,P00589,50,86.66,4333.0
O000850,P00517,33,76.38,2520.54
O000850,P00516,3,389.17,1167.51
O000850,P00367,18,450.64,8111.52
O000851,P00547,17,353.6,6011.2
O000851,P00366,42,103.77,4358.34
O000852,P00262,36,538.23,19376.28
O000853,P00446,28,20.79,582.12
O000853,P00008,43,428.99,18446.57
O000853,P00563,47,10.94,514.18
O000853,P00324,29,108.13,3135.77
O000854,P00420,4,222.72,890.88
O000855,P00186,22,31.4,690.8
O000855,P00499,19,31.18,592.42
O000855,P00344,24,118.85,2852.4
O000855,P00581,41,322.26,13212.66
O000855,P00297,18,322.56,5806.08
O000856,P00247,50,224.39,11219.5
O000856,P00349,9,378.85,3409.65
O000856,P00285,9,163.9,1475.1
O000857,P00368,21,171.31,3597.51
O000857,P00107,27,26.99,728.73
O000858,P00170,4,197.97,791.88
O000858,P00596,24,527.08,12649.92
O000858,P00455,46,360.07,16563.22
O000858,P00162,17,195.71,3327.07
O000858,P00413,1,55.58,55.58
O000858,P00254,16,344.49,5511.84
O000859,P00012,1,502.67,502.67
O000859,P00104,7,555.65,3889.55
O000859,P00165,28,168.7,4723.6
O000859,P00242,25,535.06,13376.5
O000859,P00026,29,484.18,14041.22
O000860,P00129,37,243.0,8991.0
O000860,P00041,38,307.62,11689.56
O000860,P00503,2,280.33,560.66
O000861,P00048,10,109.51,1095.1
O000861,P00132,43,310.33,13344.19
O000861,P00333,24,377.03,9048.72
O000861,P00176,9,191.0,1719.0
O000861,P00551,19,258.83,4917.77
O000861,P00498,10,279.79,2797.9
O000862,P00510,12,289.33,3471.96
O000862,P00028,18,219.13,3944.34
O000863,P00459,5,124.08,620.4
O000863,P00522,6,333.05,1998.3
O000863,P00115,44,394.3,17349.2
O000864,P00453,32,65.74,2103.68
O000864,P00368,37,184.53,6827.61
O000864,P00275,50,376.03,18801.5
O000865,P00407,43,476.98,20510.14
O000866,P00415,36,289.08,10406.88
O000866,P00156,48,74.88,3594.24
O000866,P00490,50,143.05,7152.5
O000866,P00590,9,160.42,1443.78
O000866,P00440,41,75.23,3084.43
O000866,P00130,42,29.35,1232.7
O000867,P00222,26,142.76,3711.76
O000867,P00260,14,454.22,6359.08
O000867,P00479,47,379.25,17824.75
O000867,P00281,18,340.97,6137.46
O000867,P00574,37,350.72,12976.64
O000868,P00572,35,366.35,12822.25
O000868,P00095,40,225.91,9036.4
O000868,P00362,32,93.68,2997.76
O000868,P00564,30,145.51,4365.3
O000868,P00240,44,11.39,501.16
O000868,P00069,1,81.86,81.86
O000869,P00131,15,72.17,1082.55
O000870,P00023,27,317.77,8579.79
O000871,P00088,36,318.05,11449.8
O000872,P00205,49,264.82,12976.18
O000872,P00502,25,50.3,1257.5
O000873,P00469,42,340.65,14307.3
O000873,P00581,25,310.85,7771.25
O000873,P00100,39,145.93,5691.27
O000874,P00300,3,42.11,126.33
O000874,P00476,44,121.93,5364.92
O000874,P00178,28,603.53,16898.84
O000874,P00242,16,520.17,8322.72
O000875,P00140,10,127.03,1270.3
O000875,P00195,36,286.84,10326.24
O000875,P00054,49,282.04,13819.96
O000875,P00458,25,62.64,1566.0
O000875,P00372,19,200.77,3814.63
O000875,P00390,19,523.59,9948.21
O000876,P00494,34,159.78,5432.52
O000876,P00313,23,42.96,988.08
O000876,P00049,28,77.54,2171.12
O000876,P00137,33,16.96,559.68
O000876,P00301,32,56.77,1816.64
O000877,P00374,26,245.92,6393.92
O000877,P00376,24,148.46,3563.04
O000877,P00113,28,355.98,9967.44
O000877,P00217,23,110.03,2530.69
O000877,P00022,45,83.18,3743.1
O000878,P00216,5,87.32,436.6
O000878,P00318,37,166.82,6172.34
O000878,P00449,8,193.49,1547.92
O000879,P00295,41,483.21,19811.61
O000879,P00186,50,29.6,1480.0
O000879,P00302,46,234.2,10773.2
O000880,P00279,23,486.36,11186.28
O000880,P00177,3,530.13,1590.39
O000881,P00413,18,61.53,1107.54
O000881,P00153,26,260.36,6769.36
O000881,P00140,41,122.99,5042.59
O000882,P00211,19,110.5,2099.5
O000882,P00473,19,411.54,7819.26
O000883,P00362,3,97.36,292.08
O000883,P00169,29,457.55,13268.95
O000883,P00356,26,250.76,6519.76
O000883,P00600,3,400.28,1200.84
O000884,P00566,13,342.01,4446.13
O000885,P00578,35,248.02,8680.7
O000885,P00060,27,184.67,4986.09
O000885,P00474,17,224.76,3820.92
O000885,P00265,44,172.31,7581.64
O000885,P00237,6,274.09,1644.54
O000885,P00076,31,370.8,11494.8
O000886,P00396,46,79.13,3639.98
O000886,P00588,46,252.58,11618.68
O000887,P00251,34,292.31,9938.54
O000887,P00198,46,203.66,9368.36
O000887,P00050,9,311.41,2802.69
O000887,P00586,16,172.82,2765.12
O000887,P00469,28,326.6,9144.8
O000887,P00182,16,140.43,2246.88
O000888,P00312,35,513.63,17977.05
O000888,P00053,4,87.69,350.76
O000888,P00168,29,194.76,5648.04
O000889,P00017,38,94.16,3578.08
O000889,P00578,46,268.05,12330.3
O000889,P00089,7,207.32,1451.24
O000889,P00535,2,319.15,638.3
O000890,P00025,22,108.73,2392.06
O000890,P00009,42,383.49,16106.58
O000890,P00118,45,484.05,21782.25
O000890,P00164,20,494.59,9891.8
O000890,P00417,30,392.25,11767.5
O000890,P00405,27,62.44,1685.88
O000891,P00288,26,226.14,5879.64
O000891,P00552,25,285.64,7141.0
O000891,P00260,22,501.99,11043.78
O000891,P00065,42,324.29,13620.18
O000891,P00534,26,255.76,6649.76
O000892,P00055,44,50.29,2212.76
O000892,P00206,6,212.44,1274.64
O000892,P00542,22,256.62,5645.64
O000892,P00303,25,219.34,5483.5
O000892,P00456,10,127.49,1274.9
O000893,P00171,12,222.17,2666.04
O000893,P00236,22,175.72,3865.84
O000894,P00464,34,360.36,12252.24
O000894,P00142,26,506.08,13158.08
O000894,P00440,37,71.95,2662.15
O000894,P00209,40,305.07,12202.8
O000894,P00071,46,314.74,14478.04
O000894,P00470,43,205.46,8834.78
O000895,P00372,29,204.66,5935.14
O000895,P00055,50,45.55,2277.5
O000896,P00418,37,137.97,5104.89
O000896,P00570,19,304.36,5782.84
O000896,P00194,16,90.74,1451.84
O000897,P00146,49,69.46,3403.54
O000897,P00151,35,529.16,18520.6
O000898,P00586,33,176.33,5818.89
O000898,P00570,6,275.16,1650.96
O000899,P00302,21,242.64,5095.44
O000900,P00480,18,244.07,4393.26
O000900,P00196,5,490.63,2453.15
O000901,P00487,37,167.62,6201.94
O000901,P00365,31,266.9,8273.9
O000901,P00462,12,313.75,3765.0
O000901,P00293,14,266.54,3731.56
O000901,P00542,19,212.78,4042.82
O000902,P00474,11,225.69,2482.59
O000902,P00280,39,206.1,8037.9
O000902,P00190,15,29.25,438.75
O000902,P00036,22,36.21,796.62
O000903,P00247,32,184.06,5889.92
O000904,P00227,13,282.51,3672.63
O000904,P00028,14,240.07,3360.98
O000904,P00360,42,56.11,2356.62
O000905,P00073,18,230.2,4143.6
O000905,P00039,24,107.5,2580.0
O000905,P00550,7,205.45,1438.15
O000905,P00501,20,347.45,6949.0
O000905,P00212,29,32.95,955.55
O000906,P00138,14,28.57,399.98
O000906,P00197,43,9.89,425.27
O000906,P00583,3,31.72,95.16
O000907,P00086,3,129.31,387.93
O000907,P00097,2,188.09,376.18
O000907,P00256,43,235.17,10112.31
O000907,P00280,29,248.88,7217.52
O000907,P00469,42,351.93,14781.06
O000907,P00461,34,97.47,3313.98
O000908,P00492,50,194.51,9725.5
O000908,P00046,13,271.05,3523.65
O000908,P00598,25,441.53,11038.25
O000908,P00175,30,434.83,13044.9
O000908,P00512,45,210.34,9465.3
O000909,P00239,29,416.8,12087.2
O000909,P00142,47,575.71,27058.37
O000909,P00443,40,69.6,2784.0
O000909,P00207,15,501.93,7528.95
O000909,P00290,48,552.19,26505.12
O000909,P00192,43,315.66,13573.38
O000910,P00181,1,229.66,229.66
O000910,P00461,39,99.68,3887.52
O000911,P00437,16,17.45,279.2
O000911,P00037,31,123.65,3833.15
O000911,P00150,30,190.99,5729.7
O000911,P00336,50,77.4,3870.0
O000912,P00521,13,327.62,4259.06
O000912,P00158,23,351.99,8095.77
O000912,P00546,15,207.3,3109.5
O000912,P00013,12,31.38,376.56
O000912,P00098,49,249.61,12230.89
O000912,P00427,29,193.97,5625.13
O000913,P00385,12,412.76,4953.12
O000914,P00336,14,69.97,979.58
O000915,P00029,17,74.01,1258.17
O000915,P00182,30,132.36,3970.8
O000915,P00010,23,291.63,6707.49
O000915,P00480,12,247.78,2973.36
O000915,P00199,3,353.15,1059.45
O000916,P00115,21,369.95,7768.95
O000916,P00438,40,463.53,18541.2
O000916,P00524,19,456.17,8667.23
O000917,P00071,28,306.63,8585.64
O000917,P00019,13,233.54,3036.02
O000917,P00447,6,14.23,85.38
O000918,P00495,15,85.51,1282.65
O000918,P00080,45,197.33,8879.85
O000918,P00411,4,134.7,538.8
O000918,P00231,43,180.24,7750.32
O000918,P00505,5,76.03,380.15
O000919,P00089,10,256.19,2561.9
O000920,P00038,16,510.09,8161.44
O000921,P00010,22,320.31,7046.82
O000922,P00174,8,91.99,735.92
O000922,P00099,6,398.83,2392.98
O000922,P00372,25,160.6,4015.0
O000922,P00563,5,10.99,54.95
O000922,P00181,43,201.15,8649.45
O000923,P00102,31,127.45,3950.95
O000923,P00460,44,150.08,6603.52
O000924,P00361,27,100.53,2714.31
O000924,P00309,49,248.99,12200.51
O000924,P00358,34,362.83,12336.22
O000924,P00507,9,313.4,2820.6
O000925,P00224,41,367.04,15048.64
O000925,P00542,24,231.83,5563.92
O000925,P00444,10,343.06,3430.6
O000925,P00336,20,67.8,1356.0
O000925,P00513,22,253.04,5566.88
O000925,P00360,36,49.31,1775.16
O000926,P00344,32,106.23,3399.36
O000926,P00118,16,530.32,8485.12
O000926,P00025,30,115.75,3472.5
O000927,P00043,2,46.51,93.02
O000927,P00274,50,576.01,28800.5
O000927,P00435,28,175.4,4911.2
O000927,P00362,8,85.65,685.2
O000928,P00446,46,18.88,868.48
O000928,P00402,3,241.77,725.31
O000928,P00357,2,297.24,594.48
O000928,P00258,38,268.15,10189.7
O000928,P00168,41,192.18,7879.38
O000929,P00243,46,107.6,4949.6
O000929,P00520,13,207.04,2691.52
O000929,P00010,27,329.23,8889.21
O000930,P00168,24,200.63,4815.12
O000930,P00302,8,243.65,1949.2
O000931,P00393,35,198.88,6960.8
O000931,P00400,39,480.68,18746.52
O000931,P00109,49,70.36,3447.64
O000931,P00115,48,386.78,18565.44
O000931,P00308,49,106.15,5201.35
O000932,P00143,17,144.25,2452.25
O000932,P00597,30,108.39,3251.7
O000932,P00287,5,507.68,2538.4
O000932,P00185,30,258.21,7746.3
O000933,P00460,3,182.79,548.37
O000934,P00202,16,557.15,8914.4
O000935,P00198,47,187.96,8834.12
O000935,P00309,44,262.58,11553.52
O000936,P00486,50,156.88,7844.0
O000936,P00056,25,155.21,3880.25
O000936,P00526,11,221.41,2435.51
O000937,P00097,40,171.27,6850.8
O000937,P00212,17,29.98,509.66
O000937,P00388,5,313.04,1565.2
O000937,P00207,14,451.66,6323.24
O000937,P00125,34,282.06,9590.04
O000937,P00322,24,30.94,742.56
O000938,P00513,47,222.86,10474.42
O000939,P00207,47,483.69,22733.43
O000939,P00541,20,38.98,779.6
O000939,P00323,26,419.58,10909.08
O000940,P00048,10,125.19,1251.9
O000940,P00374,43,246.52,10600.36
O000940,P00222,16,132.86,2125.76
O000940,P00170,15,184.23,2763.45
O000940,P00192,4,314.48,1257.92
O000941,P00246,49,132.41,6488.09
O000941,P00328,32,223.8,7161.6
O000942,P00346,32,352.16,11269.12
O000943,P00429,20,128.64,2572.8
O000943,P00520,19,221.85,4215.15
O000943,P00298,28,130.08,3642.24
O000943,P00521,13,371.16,4825.08
O000943,P00182,25,120.93,3023.25
O000943,P00522,20,389.92,7798.4
O000944,P00123,11,394.3,4337.3
O000944,P00276,18,339.8,6116.4
O000945,P00389,26,59.7,1552.2
O000945,P00004,12,141.68,1700.16
O000946,P00459,42,123.21,5174.82
O000946,P00400,34,503.53,17120.02
O000946,P00033,38,201.45,7655.1
O000946,P00070,43,60.24,2590.32
O000946,P00153,41,271.94,11149.54
O000946,P00598,23,386.18,8882.14
O000947,P00371,41,456.65,18722.65
O000947,P00308,12,100.76,1209.12
O000947,P00120,25,287.93,7198.25
O000947,P00224,18,398.84,7179.12
O000947,P00364,34,582.39,19801.26
O000948,P00363,8,378.1,3024.8
O000948,P00120,42,304.32,12781.44
O000949,P00013,41,33.93,1391.13
O000950,P00324,39,115.67,4511.13
O000950,P00350,1,428.68,428.68
O000950,P00349,12,340.59,4087.08
O000951,P00211,34,137.03,4659.02
O000951,P00177,2,512.13,1024.26
O000951,P00451,45,89.72,4037.4
O000951,P00098,16,237.6,3801.6
O000952,P00498,38,275.2,10457.6
O000952,P00333,2,420.83,841.66
O000952,P00389,10,60.55,605.5
O000953,P00563,33,9.72,320.76
O000954,P00262,16,525.27,8404.32
O000954,P00141,27,73.85,1993.95
O000954,P00258,1,272.57,272.57
O000954,P00476,48,127.56,6122.88
O000955,P00406,12,366.07,4392.84
O000955,P00440,19,71.61,1360.59
O000955,P00218,10,428.92,4289.2
O000955,P00506,8,46.99,375.92
O000955,P00201,1,227.16,227.16
O000956,P00140,7,111.03,777.21
O000956,P00082,29,137.7,3993.3
O000956,P00221,9,304.55,2740.95
O000956,P00535,13,309.27,4020.51
O000957,P00239,33,360.33,11890.89
O000957,P00333,29,357.6,10370.4
O000957,P00365,9,279.9,2519.1
O000957,P00432,30,478.29,14348.7
O000957,P00599,21,54.25,1139.25
O000958,P00091,28,194.74,5452.72
O000959,P00227,7,241.28,1688.96
O000959,P00023,49,310.78,15228.22
O000959,P00032,6,414.76,2488.56
O000959,P00220,43,162.67,6994.81
O000960,P00272,42,113.75,4777.5
O000960,P00215,27,211.41,5708.07
O000960,P00327,30,144.85,4345.5
O000960,P00570,42,287.7,12083.4
O000960,P00559,9,80.03,720.27
O000960,P00076,9,385.16,3466.44
O000961,P00511,46,180.9,8321.4
O000961,P00187,16,226.43,3622.88
O000961,P00369,40,156.64,6265.6
O000961,P00465,34,169.71,5770.14
O000961,P00358,37,345.77,12793.49
O000962,P00262,35,510.28,17859.8
O000963,P00033,11,176.44,1940.84
O000963,P00347,43,581.34,24997.62
O000963,P00032,36,364.51,13122.36
O000963,P00173,50,219.48,10974.0
O000964,P00191,4,187.87,751.48
O000964,P00418,34,130.05,4421.7
O000964,P00432,37,506.71,18748.27
O000964,P00506,46,50.96,2344.16
O000964,P00013,37,31.53,1166.61
O000965,P00125,5,304.48,1522.4
O000965,P00373,42,13.13,551.46
O000965,P00252,50,32.14,1607.0
O000966,P00362,2,105.03,210.06
O000966,P00568,33,162.78,5371.74
O000966,P00494,16,156.93,2510.88
O000966,P00569,17,316.1,5373.7
O000966,P00502,5,50.62,253.1
O000966,P00137,6,18.37,110.22
O000967,P00358,10,333.12,3331.2
O000967,P00287,48,482.49,23159.52
O000967,P00058,18,118.52,2133.36
O000967,P00299,37,55.6,2057.2
O000967,P00071,40,315.8,12632.0
O000967,P00542,5,228.31,1141.55
O000968,P00202,29,581.06,16850.74
O000968,P00192,18,315.48,5678.64
O000969,P00199,50,386.91,19345.5
O000969,P00071,20,266.47,5329.4
O000969,P00157,32,131.79,4217.28
O000969,P00509,3,83.55,250.65
O000969,P00240,49,9.14,447.86
O000969,P00266,42,176.33,7405.86
O000970,P00245,47,455.6,21413.2
O000970,P00076,40,379.42,15176.8
O000971,P00164,5,463.28,2316.4
O000971,P00176,13,223.21,2901.73
O000971,P00203,50,303.68,15184.0
O000971,P00156,14,67.71,947.94
O000972,P00107,50,31.87,1593.5
O000972,P00158,31,358.53,11114.43
O000972,P00382,28,285.77,8001.56
O000973,P00328,21,193.99,4073.79
O000973,P00314,35,149.1,5218.5
O000973,P00377,40,553.19,22127.6
O000973,P00520,50,194.4,9720.0
O000974,P00095,36,221.72,7981.92
O000975,P00203,26,283.17,7362.42
O000975,P00357,24,304.11,7298.64
O000975,P00315,26,304.29,7911.54
O000975,P00568,34,135.43,4604.62
O000976,P00353,38,398.3,15135.4
O000976,P00310,38,82.77,3145.26
O000977,P00068,6,461.53,2769.18
O000977,P00416,41,367.77,15078.57
O000978,P00448,22,65.13,1432.86
O000978,P00129,11,255.88,2814.68
O000978,P00227,6,280.13,1680.78
O000978,P00030,19,487.41,9260.79
O000978,P00046,40,310.22,12408.8
O000979,P00363,41,390.52,16011.32
O000979,P00528,29,357.94,10380.26
O000980,P00184,47,24.55,1153.85
O000980,P00342,10,82.62,826.2
O000980,P00091,35,198.43,6945.05
O000981,P00464,11,384.73,4232.03
O000981,P00181,42,227.99,9575.58
O000981,P00567,34,356.28,12113.52
O000982,P00364,34,573.27,19491.18
O000982,P00456,7,122.37,856.59
O000982,P00337,13,390.18,5072.34
O000982,P00252,14,29.75,416.5
O000983,P00272,37,121.1,4480.7
O000983,P00410,31,203.73,6315.63
O000984,P00378,31,482.6,14960.6
O000984,P00204,15,270.11,4051.65
O000985,P00464,30,377.54,11326.2
O000985,P00594,49,247.43,12124.07
O000985,P00077,15,66.17,992.55
O000985,P00364,35,549.74,19240.9
O000985,P00313,25,46.71,1167.75
O000985,P00162,50,225.46,11273.0
O000986,P00554,22,260.29,5726.38
O000986,P00443,10,66.98,669.8
O000986,P00427,26,194.26,5050.76
O000986,P00447,17,17.13,291.21
O000986,P00420,5,224.82,1124.1
O000987,P00507,43,263.52,11331.36
O000988,P00013,16,32.17,514.72
O000988,P00485,36,244.71,8809.56
O000988,P00332,33,288.0,9504.0
O000988,P00404,49,397.82,19493.18
O000988,P00363,49,411.32,20154.68
O000989,P00255,40,242.53,9701.2
O000990,P00021,31,215.3,6674.3
O000990,P00598,12,442.9,5314.8
O000990,P00057,41,151.79,6223.39
O000990,P00284,24,542.6,13022.4
O000990,P00524,44,367.33,16162.52
O000990,P00475,18,262.04,4716.72
O000991,P00339,16,222.44,3559.04
O000991,P00564,42,150.33,6313.86
O000991,P00323,47,443.41,20840.27
O000991,P00394,26,136.55,3550.3
O000991,P00170,40,229.64,9185.6
O000991,P00443,20,58.58,1171.6
O000992,P00594,44,248.06,10914.64
O000992,P00001,33,286.95,9469.35
O000992,P00288,44,198.82,8748.08
O000992,P00551,39,217.91,8498.49
O000993,P00144,21,108.79,2284.59
O000993,P00572,41,401.01,16441.41
O000994,P00499,23,27.95,642.85
O000994,P00155,20,135.82,2716.4
O000994,P00350,24,461.01,11064.24
O000995,P00359,19,390.38,7417.22
O000996,P00136,40,278.02,11120.8
O000996,P00551,17,235.63,4005.71
O000996,P00049,14,81.42,1139.88
O000996,P00444,14,293.12,4103.68
O000997,P00509,43,94.5,4063.5
O000998,P00088,16,287.92,4606.72
O000999,P00198,31,173.58,5380.98
O000999,P00236,5,196.55,982.75
O000999,P00304,24,287.4,6897.6
O000999,P00091,36,181.55,6535.8
O001000,P00474,13,233.82,3039.66
O001000,P00526,24,265.34,6368.16
O001001,P00362,43,100.23,4309.89
O001001,P00222,28,135.3,3788.4
O001001,P00410,2,196.58,393.16
O001001,P00173,27,206.15,5566.05
O001001,P00186,43,31.45,1352.35
O001002,P00534,30,219.89,6596.7
O001002,P00569,5,314.45,1572.25
O001003,P00444,24,315.0,7560.0
O001003,P00318,20,172.41,3448.2
O001003,P00582,46,178.16,8195.36
O001003,P00022,6,83.17,499.02
O001004,P00454,22,246.4,5420.8
O001004,P00072,48,125.78,6037.44
O001004,P00297,15,357.62,5364.3
O001004,P00027,30,519.05,15571.5
O001005,P00375,26,29.75,773.5
O001005,P00359,6,457.15,2742.9
O001005,P00232,38,246.04,9349.52
O001006,P00565,6,58.51,351.06
O001006,P00600,14,388.86,5444.04
O001007,P00417,22,407.78,8971.16
O001007,P00443,41,72.88,2988.08
O001007,P00103,8,204.69,1637.52
O001007,P00497,10,297.49,2974.9
O001007,P00445,24,110.2,2644.8
O001007,P00438,2,512.83,1025.66
O001008,P00147,36,79.63,2866.68
O001009,P00359,17,404.65,6879.05
O001010,P00596,42,481.41,20219.22
O001010,P00398,45,282.03,12691.35
O001010,P00211,5,138.06,690.3
O001010,P00360,11,52.57,578.27
O001010,P00358,13,356.2,4630.6
O001011,P00089,7,252.07,1764.49
O001011,P00027,21,516.02,10836.42
O001011,P00537,49,188.57,9239.93
O001011,P00026,17,469.92,7988.64
O001011,P00533,50,140.73,7036.5
O001012,P00004,19,142.37,2705.03
O001012,P00591,1,365.49,365.49
O001012,P00093,3,101.74,305.22
O001012,P00207,45,511.79,23030.55
O001012,P00132,50,300.62,15031.0
O001013,P00124,21,476.04,9996.84
O001013,P00411,27,145.01,3915.27
O001013,P00344,1,119.68,119.68
O001013,P00453,21,63.05,1324.05
O001013,P00333,36,364.87,13135.32
O001013,P00236,43,179.26,7708.18
O001014,P00064,36,402.98,14507.28
O001014,P00199,36,390.69,14064.84
O001014,P00040,50,250.94,12547.0
O001015,P00054,5,257.14,1285.7
O001016,P00055,50,42.08,2104.0
O001016,P00469,18,352.51,6345.18
O001016,P00288,26,208.73,5426.98
O001016,P00063,50,353.71,17685.5
O001016,P00265,27,158.53,4280.31
O001016,P00575,27,162.83,4396.41
O001017,P00330,41,223.68,9170.88
O001017,P00127,4,215.87,863.48
O001017,P00058,1,115.0,115.0
O001017,P00214,13,306.64,3986.32
O001018,P00020,5,348.95,1744.75
O001018,P00419,17,452.54,7693.18
O001019,P00155,13,152.32,1980.16
O001019,P00471,34,303.32,10312.88
O001019,P00418,22,151.91,3342.02
O001019,P00086,4,141.09,564.36
O001019,P00326,7,23.54,164.78
O001020,P00394,44,139.28,6128.32
O001020,P00456,42,127.25,5344.5
O001021,P00161,21,29.92,628.32
O001021,P00512,50,265.67,13283.5
O001021,P00581,43,281.2,12091.6
O001021,P00180,4,407.78,1631.12
O001021,P00539,22,88.71,1951.62
O001021,P00579,24,56.88,1365.12
O001022,P00116,42,190.09,7983.78
O001022,P00600,43,415.26,17856.18
O001022,P00069,48,86.04,4129.92
O001022,P00130,34,25.55,868.7
O001023,P00550,17,232.34,3949.78
O001023,P00393,2,206.24,412.48
O001023,P00543,20,211.99,4239.8
O001024,P00441,26,327.37,8511.62
O001025,P00088,8,329.35,2634.8
O001025,P00286,27,40.16,1084.32
O001025,P00290,12,491.1,5893.2
O001025,P00050,23,300.88,6920.24
O001025,P00260,42,482.5,20265.0
O001025,P00400,47,465.99,21901.53
O001026,P00466,34,233.64,7943.76
O001026,P00075,25,256.34,6408.5
O001026,P00369,23,162.09,3728.07
O001027,P00052,41,342.04,14023.64
O001028,P00523,1,109.07,109.07
O001028,P00459,5,125.58,627.9
O001028,P00319,34,348.44,11846.96
O001028,P00261,50,319.26,15963.0
O001028,P00591,39,413.21,16115.19
O001028,P00139,39,264.98,10334.22
O001029,P00037,32,140.61,4499.52
O001029,P00408,42,116.47,4891.74
O001030,P00169,35,428.29,14990.15
O001030,P00220,4,173.64,694.56
O001030,P00094,31,32.74,1014.94
O001030,P00396,32,82.66,2645.12
O001030,P00569,6,329.17,1975.02
O001030,P00531,44,91.89,4043.16
O001031,P00068,43,372.21,16005.03
O001031,P00475,47,274.34,12893.98
O001031,P00453,34,63.26,2150.84
O001031,P00038,43,526.09,22621.87
O001031,P00022,29,81.78,2371.62
O001031,P00525,33,229.66,7578.78
O001032,P00274,11,546.33,6009.63
O001032,P00259,1,273.6,273.6
O001032,P00443,14,65.02,910.28
O001033,P00225,28,486.13,13611.64
O001033,P00048,36,106.08,3818.88
O001033,P00340,28,32.77,917.56
O001034,P00258,27,276.58,7467.66
O001034,P00260,50,562.25,28112.5
O001034,P00240,24,9.99,239.76
O001034,P00052,40,363.34,14533.6
O001035,P00114,28,105.05,2941.4
O001035,P00366,46,113.0,5198.0
O001035,P00470,9,222.38,2001.42
O001035,P00216,45,89.43,4024.35
O001036,P00556,45,512.83,23077.35
O001036,P00476,2,126.92,253.84
O001036,P00228,45,248.57,11185.65
O001037,P00293,25,278.27,6956.75
O001037,P00568,13,158.55,2061.15
O001037,P00288,13,204.62,2660.06
O001037,P00101,36,115.99,4175.64
O001037,P00479,5,449.33,2246.65
O001037,P00233,22,314.06,6909.32
O001038,P00135,42,104.76,4399.92
O001038,P00587,8,13.02,104.16
O001038,P00426,44,32.41,1426.04
O001039,P00556,29,561.78,16291.62
O001040,P00082,44,130.41,5738.04
O001040,P00343,27,344.32,9296.64
O001040,P00565,10,48.67,486.7
O001040,P00268,13,173.97,2261.61
O001040,P00579,32,52.11,1667.52
O001041,P00191,49,178.74,8758.26
O001041,P00353,28,388.9,10889.2
O001041,P00362,24,96.58,2317.92
O001042,P00488,15,91.52,1372.8
O001042,P00036,50,39.79,1989.5
O001042,P00511,13,202.74,2635.62
O001042,P00008,4,480.47,1921.88
O001043,P00456,30,114.4,3432.0
O001043,P00513,23,208.12,4786.76
O001044,P00297,29,316.34,9173.86
O001044,P00535,23,345.03,7935.69
O001045,P00568,46,163.1,7502.6
O001045,P00180,43,481.92,20722.56
O001045,P00498,13,270.93,3522.09
O001045,P00017,49,105.48,5168.52
O001045,P00055,40,53.23,2129.2
O001046,P00250,34,83.93,2853.62
O001046,P00082,32,145.6,4659.2
O001047,P00035,22,226.6,4985.2
O001047,P00240,4,9.02,36.08
O001047,P00264,10,198.44,1984.4
O001047,P00165,45,159.96,7198.2
O001047,P00129,4,241.54,966.16
O001047,P00348,12,188.18,2258.16
O001048,P00513,26,251.57,6540.82
O001049,P00396,32,96.7,3094.4
O001049,P00368,30,169.87,5096.1
O001049,P00539,9,97.16,874.44
O001049,P00477,42,60.16,2526.72
O001049,P00291,7,103.86,727.02
O001049,P00418,13,132.13,1717.69
O001050,P00306,38,392.56,14917.28
O001050,P00569,26,312.98,8137.48
O001050,P00186,2,32.77,65.54
O001050,P00544,49,437.78,21451.22
O001050,P00303,38,261.66,9943.08
O001050,P00533,38,149.96,5698.48
O001051,P00195,32,291.48,9327.36
O001052,P00321,13,283.79,3689.27
O001052,P00099,32,346.0,11072.0
O001052,P00164,3,498.76,1496.28
O001052,P00073,29,209.35,6071.15
O001053,P00586,2,195.0,390.0
O001053,P00292,34,403.88,13731.92
O001053,P00240,9,10.35,93.15
O001053,P00176,28,190.17,5324.76
O001054,P00251,33,287.71,9494.43
O001054,P00475,35,243.75,8531.25
O001054,P00219,5,392.8,1964.0
O001054,P00466,38,216.89,8241.82
O001055,P00196,3,529.61,1588.83
O001055,P00424,33,308.26,10172.58
O001055,P00002,47,496.44,23332.68
O001055,P00328,48,224.44,10773.12
O001055,P00539,38,92.29,3507.02
O001055,P00132,25,308.46,7711.5
O001056,P00304,2,263.5,527.0
O001056,P00541,9,43.74,393.66
O001056,P00266,21,176.04,3696.84
O001057,P00157,3,112.31,336.93
O001057,P00274,32,603.03,19296.96
O001057,P00350,14,375.36,5255.04
O001058,P00143,38,158.04,6005.52
O001058,P00585,28,7.53,210.84
O001058,P00386,43,245.28,10547.04
O001058,P00341,41,412.59,16916.19
O001058,P00424,43,273.86,11775.98
O001059,P00248,23,419.85,9656.55
O001059,P00062,7,333.23,2332.61
O001059,P00396,31,80.07,2482.17
O001059,P00145,42,432.22,18153.24
O001060,P00406,26,369.63,9610.38
O001060,P00448,23,59.79,1375.17
O001060,P00241,47,147.78,6945.66
O001060,P00121,45,134.57,6055.65
O001061,P00399,31,445.49,13810.19
O001062,P00326,8,22.79,182.32
O001062,P00128,35,361.07,12637.45
O001062,P00339,24,268.41,6441.84
O001062,P00225,43,480.95,20680.85
O001063,P00414,31,349.29,10827.99
O001063,P00233,40,267.78,10711.2
O001063,P00524,46,365.9,16831.4
O001064,P00268,12,163.16,1957.92
O001064,P00040,3,248.88,746.64
O001064,P00210,9,281.33,2531.97
O001064,P00192,44,265.31,11673.64
O001065,P00263,18,470.33,8465.94
O001065,P00225,42,555.21,23318.82
O001065,P00587,27,10.99,296.73
O001066,P00319,19,405.65,7707.35
O001066,P00087,27,331.85,8959.95
O001066,P00565,8,58.08,464.64
O001066,P00490,10,159.36,1593.6
O001066,P00223,37,413.38,15295.06
O001066,P00203,44,289.76,12749.44
O001067,P00532,26,39.7,1032.2
O001067,P00559,1,79.5,79.5
O001067,P00599,3,54.7,164.1
O001068,P00099,8,328.04,2624.32
O001069,P00375,15,23.68,355.2
O001069,P00536,49,138.8,6801.2
O001069,P00027,49,481.18,23577.82
O001069,P00481,46,73.69,3389.74
O001069,P00385,30,510.82,15324.6
O001069,P00431,34,106.26,3612.84
O001070,P00196,8,534.28,4274.24
O001070,P00013,6,35.52,213.12
O001070,P00097,29,197.74,5734.46
O001071,P00072,37,111.76,4135.12
O001071,P00105,23,51.07,1174.61
O001071,P00012,33,477.26,15749.58
O001071,P00082,9,150.04,1350.36
O001072,P00509,15,92.79,1391.85
O001072,P00304,28,320.66,8978.48
O001072,P00437,2,20.72,41.44
O001072,P00552,15,264.85,3972.75
O001072,P00312,17,450.43,7657.31
O001073,P00092,41,19.66,806.06
O001073,P00342,31,79.42,2462.02
O001073,P00182,16,122.2,1955.2
O001073,P00517,28,83.18,2329.04
O001073,P00422,6,305.47,1832.82
O001074,P00476,42,130.04,5461.68
O001074,P00279,50,465.09,23254.5
O001074,P00549,47,530.6,24938.2
O001074,P00056,28,156.8,4390.4
O001075,P00274,23,622.8,14324.4
O001075,P00326,2,27.2,54.4
O001076,P00030,15,539.16,8087.4
O001077,P00357,28,367.05,10277.4
O001078,P00084,12,350.27,4203.24
O001078,P00265,49,139.47,6834.03
O001078,P00283,34,403.01,13702.34
O001078,P00238,37,217.98,8065.26
O001078,P00025,41,92.74,3802.34
O001079,P00240,36,11.49,413.64
O001080,P00089,26,222.1,5774.6
O001080,P00174,15,105.89,1588.35
O001080,P00049,16,79.64,1274.24
O001081,P00493,11,268.71,2955.81
O001081,P00189,1,230.19,230.19
O001081,P00101,47,120.78,5676.66
O001081,P00016,14,302.63,4236.82
O001081,P00343,6,339.27,2035.62
O001081,P00149,20,312.39,6247.8
O001082,P00344,4,103.59,414.36
O001082,P00215,23,233.9,5379.7
O001082,P00209,33,283.42,9352.86
O001082,P00087,31,325.95,10104.45
O001082,P00513,1,244.79,244.79
O001083,P00107,50,26.75,1337.5
O001083,P00118,15,424.63,6369.45
O001084,P00318,7,145.21,1016.47
O001084,P00186,16,29.34,469.44
O001085,P00565,36,46.76,1683.36
O001085,P00338,42,32.48,1364.16
O001085,P00126,5,285.57,1427.85
O001085,P00587,9,11.75,105.75
O001085,P00440,36,69.34,2496.24
O001086,P00312,47,497.42,23378.74
O001086,P00473,3,390.03,1170.09
O001086,P00165,27,156.19,4217.13
O001087,P00554,38,254.93,9687.34
O001087,P00497,48,279.66,13423.68
O001087,P00147,4,79.44,317.76
O001088,P00356,28,244.01,6832.28
O001088,P00324,38,120.54,4580.52
O001089,P00500,16,321.77,5148.32
O001089,P00390,16,445.58,7129.28
O001089,P00045,19,358.27,6807.13
O001090,P00502,14,43.84,613.76
O001090,P00196,6,576.8,3460.8
O001090,P00070,36,64.6,2325.6
O001090,P00239,17,421.37,7163.29
O001090,P00324,23,98.31,2261.13
O001091,P00257,36,204.61,7365.96
O001091,P00173,4,212.54,850.16
O001091,P00532,20,42.29,845.8
O001091,P00260,47,512.67,24095.49
O001092,P00563,6,11.28,67.68
O001092,P00313,36,40.21,1447.56
O001092,P00479,17,416.3,7077.1
O001092,P00029,1,71.41,71.41
O001092,P00358,49,385.42,18885.58
O001093,P00368,29,194.68,5645.72
O001094,P00404,2,350.21,700.42
O001095,P00371,48,440.17,21128.16
O001095,P00512,18,246.39,4435.02
O001095,P00164,5,504.41,2522.05
O001095,P00532,16,42.35,677.6
O001095,P00109,31,67.2,2083.2
O001096,P00064,47,450.03,21151.41
O001096,P00099,49,353.2,17306.8
O001096,P00249,24,301.48,7235.52
O001096,P00070,13,68.48,890.24
O001096,P00589,13,73.25,952.25
O001096,P00317,36,91.3,3286.8
O001097,P00577,36,429.32,15455.52
O001098,P00095,35,221.98,7769.3
O001098,P00003,5,300.58,1502.9
O001098,P00405,37,74.32,2749.84
O001099,P00248,17,445.39,7571.63
O001099,P00567,12,378.95,4547.4
O001099,P00126,47,241.17,11334.99
O001099,P00347,45,511.16,23002.2
O001099,P00346,34,292.57,9947.38
O001099,P00497,2,318.6,637.2
O001100,P00029,46,82.53,3796.38
O001100,P00398,46,269.39,12391.94
O001100,P00371,48,430.95,20685.6
O001100,P00285,36,158.26,5697.36
O001101,P00214,30,323.69,9710.7
O001101,P00282,14,203.52,2849.28
O001101,P00597,35,116.0,4060.0
O001102,P00029,40,83.57,3342.8
O001102,P00416,6,357.56,2145.36
O001103,P00081,46,112.35,5168.1
O001103,P00112,23,317.06,7292.38
O001103,P00589,32,76.25,2440.0
O001103,P00179,5,212.38,1061.9
O001104,P00389,35,65.31,2285.85
O001104,P00194,30,93.34,2800.2
O001105,P00195,24,306.3,7351.2
O001105,P00138,2,31.75,63.5
O001105,P00409,11,404.98,4454.78
O001105,P00369,5,151.83,759.15
O001106,P00337,15,384.08,5761.2
O001107,P00006,19,162.04,3078.76
O001107,P00065,2,344.75,689.5
O001107,P00442,17,162.95,2770.15
O001107,P00009,45,398.05,17912.25
O001107,P00091,21,178.29,3744.09
O001107,P00420,47,217.23,10209.81
O001108,P00048,3,113.6,340.8
O001108,P00298,42,157.01,6594.42
O001108,P00235,12,38.49,461.88
O001108,P00436,12,86.96,1043.52
O001109,P00127,32,201.43,6445.76
O001109,P00328,29,207.79,6025.91
O001109,P00136,18,270.06,4861.08
O001109,P00433,13,511.36,6647.68
O001109,P00051,19,477.26,9067.94
O001109,P00391,8,344.94,2759.52
O001110,P00263,13,463.51,6025.63
O001110,P00406,48,323.82,15543.36
O001110,P00094,29,35.74,1036.46
O001110,P00072,49,131.87,6461.63
O001110,P00063,13,374.12,4863.56
O001110,P00307,47,244.76,11503.72
O001111,P00563,34,10.38,352.92
O001111,P00591,22,443.08,9747.76
O001112,P00025,2,111.18,222.36
O001112,P00552,50,289.24,14462.0
O001112,P00454,50,268.9,13445.0
O001112,P00528,46,415.81,19127.26
O001112,P00272,28,113.51,3178.28
O001112,P00534,22,225.25,4955.5
O001113,P00533,12,149.01,1788.12
O001113,P00320,6,293.63,1761.78
O001113,P00174,12,110.63,1327.56
O001113,P00196,7,559.23,3914.61
O001114,P00119,47,59.78,2809.66
O001114,P00387,2,136.71,273.42
O001115,P00228,20,207.05,4141.0
O001115,P00582,28,212.05,5937.4
O001115,P00156,45,69.89,3145.05
O001115,P00453,47,72.25,3395.75
O001116,P00299,48,66.82,3207.36
O001117,P00146,18,74.69,1344.42
O001117,P00335,35,94.38,3303.3
O001117,P00050,29,330.46,9583.34
O001118,P00270,17,125.0,2125.0
O001118,P00097,28,180.74,5060.72
O001118,P00331,43,423.97,18230.71
O001119,P00241,11,145.49,1600.39
O001119,P00034,24,198.98,4775.52
O001119,P00240,2,10.78,21.56
O001119,P00514,22,115.25,2535.5
O001120,P00316,35,199.16,6970.6
O001120,P00115,8,377.49,3019.92
O001121,P00548,36,449.58,16184.88
O001121,P00252,16,30.57,489.12
O001121,P00318,32,174.74,5591.68
O001122,P00301,17,55.73,947.41
O001122,P00519,6,305.88,1835.28
O001122,P00309,24,256.31,6151.44
O001123,P00070,41,63.4,2599.4
O001123,P00085,48,458.12,21989.76
O001123,P00577,43,542.69,23335.67
O001124,P00030,18,522.43,9403.74
O001124,P00058,4,129.77,519.08
O001124,P00026,46,516.37,23753.02
O001124,P00371,2,443.77,887.54
O001125,P00198,7,159.23,1114.61
O001125,P00535,27,338.49,9139.23
O001126,P00437,3,19.18,57.54
O001126,P00088,48,305.7,14673.6
O001126,P00228,50,212.37,10618.5
O001126,P00379,30,334.47,10034.1
O001127,P00597,42,107.71,4523.82
O001127,P00492,13,175.2,2277.6
O001127,P00402,4,265.38,1061.52
O001127,P00223,9,436.3,3926.7
O001128,P00246,20,151.33,3026.6
O001129,P00312,29,518.27,15029.83
O001129,P00452,34,75.2,2556.8
O001129,P00041,50,360.68,18034.0
O001129,P00232,37,235.41,8710.17
O001129,P00513,14,238.04,3332.56
O001129,P00167,40,288.35,11534.0
O001130,P00453,10,80.06,800.6
O001131,P00538,46,373.49,17180.54
O001131,P00218,30,439.03,13170.9
O001131,P00558,34,378.62,12873.08
O001131,P00290,25,604.51,15112.75
O001131,P00461,12,86.89,1042.68
O001131,P00041,13,332.79,4326.27
O001132,P00497,44,299.17,13163.48
O001132,P00385,30,492.73,14781.9
O001133,P00060,18,193.96,3491.28
O001133,P00207,30,516.06,15481.8
O001133,P00426,50,29.95,1497.5
O001133,P00375,4,24.35,97.4
O001133,P00534,33,212.08,6998.64
O001133,P00044,14,64.62,904.68
O001134,P00257,44,189.08,8319.52
O001134,P00116,13,183.92,2390.96
O001135,P00153,16,243.94,3903.04
O001135,P00002,7,515.67,3609.69
O001135,P00081,42,111.15,4668.3
O001135,P00367,43,394.17,16949.31
O001135,P00028,11,210.58,2316.38
O001135,P00202,31,591.55,18338.05
O001136,P00472,3,89.8,269.4
O001136,P00291,34,87.44,2972.96
O001137,P00478,1,233.84,233.84
O001137,P00289,33,237.59,7840.47
O001137,P00010,33,308.25,10172.25
O001137,P00326,19,27.73,526.87
O001137,P00246,40,148.09,5923.6
O001137,P00169,13,420.82,5470.66
O001138,P00019,50,216.42,10821.0
O001138,P00392,8,272.2,2177.6
O001138,P00484,8,228.47,1827.76
O001138,P00521,11,369.04,4059.44
O001138,P00510,31,330.72,10252.32
O001139,P00447,6,16.61,99.66
O001139,P00018,14,368.81,5163.34
O001139,P00485,42,250.74,10531.08
O001139,P00369,29,135.94,3942.26
O001139,P00541,35,40.89,1431.15
O001140,P00063,6,373.81,2242.86
O001140,P00386,39,307.23,11981.97
O001140,P00129,25,264.84,6621.0
O001140,P00432,47,503.06,23643.82
O001140,P00492,29,202.24,5864.96
O001141,P00112,2,364.14,728.28
O001141,P00083,45,371.71,16726.95
O001141,P00544,39,394.88,15400.32
O001141,P00270,46,112.34,5167.64
O001141,P00460,15,176.33,2644.95
O001142,P00473,21,397.9,8355.9
O001142,P00206,4,187.04,748.16
O001142,P00272,50,100.18,5009.0
O001142,P00409,24,466.35,11192.4
O001142,P00087,12,290.66,3487.92
O001142,P00309,19,240.76,4574.44
O001143,P00597,19,114.93,2183.67
O001143,P00054,34,239.6,8146.4
O001143,P00092,47,17.09,803.23
O001143,P00508,3,249.1,747.3
O001143,P00132,43,248.75,10696.25
O001144,P00077,34,60.32,2050.88
O001144,P00050,22,306.63,6745.86
O001145,P00009,50,426.3,21315.0
O001145,P00399,20,542.94,10858.8
O001145,P00049,19,80.27,1525.13
O001146,P00060,34,192.7,6551.8
O001146,P00056,50,168.16,8408.0
O001147,P00524,17,438.39,7452.63
O001147,P00123,12,398.91,4786.92
O001147,P00458,9,71.49,643.41
O001147,P00348,29,196.05,5685.45
O001148,P00189,44,189.99,8359.56
O001148,P00382,1,303.81,303.81
O001149,P00232,29,204.96,5943.84
O001149,P00526,21,247.23,5191.83
O001150,P00592,10,110.61,1106.1
O001150,P00483,43,470.11,20214.73
O001150,P00162,7,198.03,1386.21
O001151,P00354,35,134.93,4722.55
O001151,P00279,49,461.71,22623.79
O001151,P00569,25,333.33,8333.25
O001151,P00328,7,206.73,1447.11
O001152,P00583,9,27.99,251.91
O001152,P00452,42,73.68,3094.56
O001152,P00367,19,399.44,7589.36
O001152,P00324,45,120.14,5406.3
O001152,P00454,43,259.5,11158.5
O001152,P00345,29,152.23,4414.67
O001153,P00163,43,188.04,8085.72
O001154,P00340,14,35.12,491.68
O001155,P00434,31,477.52,14803.12
O001155,P00066,29,85.34,2474.86
O001155,P00077,48,62.61,3005.28
O001155,P00064,29,466.2,13519.8
O001155,P00130,49,24.47,1199.03
O001155,P00287,41,480.11,19684.51
O001156,P00178,35,599.42,20979.7
O001156,P00569,38,290.65,11044.7
O001156,P00007,9,380.47,3424.23
O001156,P00035,28,228.87,6408.36
O001156,P00538,36,394.67,14208.12
O001156,P00151,27,490.63,13247.01
O001157,P00025,10,109.28,1092.8
O001157,P00366,45,107.93,4856.85
O001157,P00272,26,111.98,2911.48
O001157,P00098,31,282.18,8747.58
O001157,P00097,1,198.94,198.94
O001158,P00214,37,331.13,12251.81
O001158,P00031,12,125.57,1506.84
O001158,P00166,3,337.79,1013.37
O001159,P00186,37,30.83,1140.71
O001160,P00276,38,348.15,13229.7
O001160,P00368,7,177.27,1240.89
O001161,P00103,27,230.63,6227.01
O001161,P00344,16,112.79,1804.64
O001161,P00156,50,72.16,3608.0
O001161,P00109,42,80.86,3396.12
O001161,P00248,15,445.69,6685.35
O001162,P00155,29,167.19,4848.51
O001163,P00131,17,65.13,1107.21
O001163,P00371,22,424.95,9348.9
O001163,P00093,12,116.81,1401.72
O001163,P00580,29,135.5,3929.5
O001164,P00468,34,531.12,18058.08
O001165,P00433,4,478.06,1912.24
O001165,P00507,1,310.8,310.8
O001165,P00125,2,312.54,625.08
O001166,P00229,31,119.9,3716.9
O001166,P00531,12,86.74,1040.88
O001166,P00117,47,102.85,4833.95
O001166,P00281,50,296.96,14848.0
O001166,P00023,21,303.53,6374.13
O001166,P00462,24,268.55,6445.2
O001167,P00576,43,392.74,16887.82
O001167,P00165,26,160.24,4166.24
O001167,P00067,43,10.55,453.65
O001168,P00481,32,65.34,2090.88
O001168,P00531,43,92.25,3966.75
O001168,P00157,1,121.36,121.36
O001169,P00365,47,295.97,13910.59
O001169,P00375,3,25.8,77.4
O001169,P00290,32,541.96,17342.72
O001169,P00566,33,337.06,11122.98
O001169,P00373,31,14.11,437.41
O001169,P00274,31,514.84,15960.04
O001170,P00499,45,29.77,1339.65
O001170,P00207,36,440.83,15869.88
O001170,P00510,37,317.01,11729.37
O001170,P00206,3,186.98,560.94
O001171,P00480,8,234.23,1873.84
O001171,P00515,37,454.97,16833.89
O001171,P00561,16,55.69,891.04
O001172,P00096,48,549.94,26397.12
O001172,P00103,40,204.65,8186.0
O001172,P00026,11,412.19,4534.09
O001173,P00396,23,75.5,1736.5
O001173,P00513,42,231.08,9705.36
O001173,P00356,23,204.46,4702.58
O001174,P00284,7,512.63,3588.41
O001174,P00278,50,160.75,8037.5
O001174,P00534,17,223.1,3792.7
O001175,P00262,3,496.55,1489.65
O001175,P00069,9,71.32,641.88
O001175,P00526,30,283.84,8515.2
O001175,P00131,34,62.81,2135.54
O001176,P00493,39,258.07,10064.73
O001176,P00533,48,154.4,7411.2
O001176,P00474,22,234.6,5161.2
O001176,P00277,20,187.31,3746.2
O001176,P00172,28,229.32,6420.96
O001177,P00568,23,137.18,3155.14
O001177,P00198,33,157.83,5208.39
O001177,P00220,26,176.69,4593.94
O001177,P00074,34,353.03,12003.02
O001178,P00261,6,338.0,2028.0
O001178,P00342,23,70.12,1612.76
O001179,P00256,25,214.19,5354.75
O001179,P00039,12,116.65,1399.8
O001179,P00089,38,251.83,9569.54
O001179,P00422,38,272.58,10358.04
O001180,P00092,22,16.32,359.04
O001180,P00386,1,257.91,257.91
O001180,P00058,38,127.55,4846.9
O001180,P00468,16,434.03,6944.48
O001180,P00062,14,285.03,3990.42
O001181,P00554,20,255.81,5116.2
O001181,P00109,38,70.8,2690.4
O001182,P00100,38,135.94,5165.72
O001182,P00080,12,194.72,2336.64
O001183,P00377,42,616.91,25910.22
O001183,P00562,4,43.54,174.16
O001183,P00529,20,349.21,6984.2
O001183,P00283,38,489.95,18618.1
O001183,P00087,27,292.69,7902.63
O001184,P00206,15,177.18,2657.7
O001184,P00143,18,158.38,2850.84
O001185,P00560,2,28.41,56.82
O001185,P00133,33,25.8,851.4
O001185,P00366,45,95.19,4283.55
O001185,P00580,2,166.28,332.56
O001185,P00542,33,258.0,8514.0
O001186,P00420,15,198.52,2977.8
O001186,P00508,43,268.82,11559.26
O001186,P00517,27,76.1,2054.7
O001186,P00417,11,349.47,3844.17
O001186,P00597,26,100.57,2614.82
O001187,P00556,7,614.78,4303.46
O001187,P00443,20,69.29,1385.8
O001187,P00497,36,318.32,11459.52
O001187,P00500,17,339.52,5771.84
O001187,P00001,23,276.84,6367.32
O001188,P00415,29,271.8,7882.2
O001188,P00562,45,40.37,1816.65
O001188,P00564,35,146.58,5130.3
O001189,P00571,8,429.21,3433.68
O001189,P00590,35,170.54,5968.9
O001189,P00552,2,293.04,586.08
O001190,P00399,47,439.8,20670.6
O001190,P00481,46,78.68,3619.28
O001190,P00398,49,305.54,14971.46
O001190,P00554,12,287.38,3448.56
O001190,P00272,42,98.01,4116.42
O001190,P00511,34,204.28,6945.52
O001191,P00587,49,13.05,639.45
O001192,P00537,3,198.17,594.51
O001193,P00526,44,238.4,10489.6
O001194,P00135,9,108.32,974.88
O001194,P00347,2,529.24,1058.48
O001194,P00051,50,397.8,19890.0
O001194,P00407,13,539.54,7014.02
O001195,P00065,32,312.02,9984.64
O001196,P00084,45,370.62,16677.9
O001196,P00110,28,241.3,6756.4
O001197,P00160,12,134.27,1611.24
O001197,P00353,43,397.67,17099.81
O001197,P00569,16,300.53,4808.48
O001197,P00121,9,139.35,1254.15
O001197,P00428,37,63.34,2343.58
O001197,P00181,6,231.19,1387.14
O001198,P00556,23,565.26,13000.98
O001198,P00588,2,267.29,534.58
O001198,P00063,35,314.13,10994.55
O001198,P00279,30,424.87,12746.1
O001198,P00543,29,195.95,5682.55
O001199,P00527,29,274.66,7965.14
O001199,P00238,6,207.58,1245.48
O001199,P00576,30,456.37,13691.1
O001199,P00070,27,69.56,1878.12
O001200,P00483,47,459.73,21607.31
O001200,P00525,12,239.77,2877.24
O001201,P00209,18,336.25,6052.5
O001201,P00156,45,73.2,3294.0
O001201,P00140,13,112.25,1459.25
O001201,P00485,37,201.69,7462.53
O001201,P00499,12,27.82,333.84
O001202,P00377,16,529.28,8468.48
O001202,P00323,12,420.78,5049.36
O001202,P00246,48,141.11,6773.28
O001202,P00520,15,237.4,3561.0
O001203,P00566,18,357.51,6435.18
O001203,P00466,7,234.38,1640.66
O001203,P00304,35,276.88,9690.8
O001203,P00294,15,152.94,2294.1
O001203,P00511,47,192.87,9064.89
O001203,P00120,25,270.99,6774.75
O001204,P00587,38,10.89,413.82
O001204,P00395,43,101.31,4356.33
O001204,P00363,32,454.55,14545.6
O001204,P00585,11,8.68,95.48
O001204,P00053,41,102.52,4203.32
O001204,P00444,13,337.79,4391.27
O001205,P00133,21,23.48,493.08
O001205,P00256,29,221.97,6437.13
O001205,P00548,10,467.85,4678.5
O001206,P00241,8,138.5,1108.0
O001206,P00373,32,12.17,389.44
O001206,P00365,11,271.33,2984.63
O001206,P00494,29,151.62,4396.98
O001206,P00478,1,253.34,253.34
O001206,P00523,18,115.52,2079.36
O001207,P00572,28,371.26,10395.28
O001207,P00560,40,29.15,1166.0
O001207,P00458,19,65.04,1235.76
O001207,P00511,50,198.65,9932.5
O001208,P00419,24,411.61,9878.64
O001208,P00007,15,389.44,5841.6
O001208,P00034,22,177.09,3895.98
O001209,P00428,13,52.98,688.74
O001210,P00063,40,337.95,13518.0
O001210,P00268,38,153.44,5830.72
O001210,P00019,38,219.43,8338.34
O001210,P00549,10,527.39,5273.9
O001210,P00159,31,322.05,9983.55
O001211,P00108,21,78.91,1657.11
O001211,P00255,4,261.29,1045.16
O001211,P00375,50,24.85,1242.5
O001211,P00112,48,375.28,18013.44
O001212,P00008,14,390.98,5473.72
O001212,P00337,22,452.65,9958.3
O001212,P00212,43,34.33,1476.19
O001212,P00522,11,385.86,4244.46
O001212,P00073,34,234.28,7965.52
O001213,P00506,48,53.63,2574.24
O001213,P00472,43,105.7,4545.1
O001213,P00126,9,262.34,2361.06
O001213,P00350,2,402.82,805.64
O001213,P00519,10,254.55,2545.5
O001213,P00554,32,251.03,8032.96
O001214,P00062,25,310.11,7752.75
O001214,P00220,23,145.34,3342.82
O001214,P00175,1,393.63,393.63
O001214,P00256,48,194.14,9318.72
O001215,P00037,21,142.2,2986.2
O001215,P00346,23,296.64,6822.72
O001215,P00294,44,160.61,7066.84
O001215,P00548,26,452.63,11768.38
O001215,P00131,31,72.96,2261.76
O001215,P00419,32,488.5,15632.0
O001216,P00341,40,437.95,17518.0
O001216,P00074,41,324.14,13289.74
O001216,P00534,42,255.65,10737.3
O001216,P00078,12,238.21,2858.52
O001216,P00496,16,26.13,418.08
O001216,P00287,46,501.78,23081.88
O001217,P00526,8,277.14,2217.12
O001217,P00203,19,239.1,4542.9
O001217,P00005,16,59.3,948.8
O001217,P00177,4,518.23,2072.92
O001217,P00117,29,98.01,2842.29
O001217,P00466,27,187.58,5064.66
O001218,P00327,2,127.12,254.24
O001218,P00340,47,34.04,1599.88
O001218,P00049,5,69.73,348.65
O001218,P00023,16,308.24,4931.84
O001218,P00344,49,102.63,5028.87
O001219,P00285,24,169.83,4075.92
O001219,P00295,10,455.78,4557.8
O001219,P00093,6,110.83,664.98
O001219,P00333,29,356.43,10336.47
O001219,P00059,50,399.06,19953.0
O001220,P00427,27,186.24,5028.48
O001220,P00509,18,96.78,1742.04
O001220,P00151,41,529.51,21709.91
O001220,P00210,12,302.61,3631.32
O001221,P00530,20,148.46,2969.2
O001221,P00501,23,359.27,8263.21
O001221,P00049,2,87.33,174.66
O001221,P00406,11,415.86,4574.46
O001221,P00293,6,230.31,1381.86
O001222,P00092,8,18.71,149.68
O001223,P00487,38,211.1,8021.8
O001224,P00030,34,448.77,15258.18
O001224,P00447,9,14.43,129.87
O001224,P00377,33,558.63,18434.79
O001224,P00239,39,438.87,17115.93
O001225,P00494,6,163.86,983.16
O001225,P00457,16,164.09,2625.44
O001225,P00016,41,269.4,11045.4
O001225,P00074,38,373.97,14210.86
O001225,P00595,24,59.95,1438.8
O001225,P00108,28,74.62,2089.36
O001226,P00282,3,254.29,762.87
O001226,P00062,1,297.98,297.98
O001227,P00231,24,191.19,4588.56
O001227,P00475,11,265.39,2919.29
O001227,P00489,8,399.43,3195.44
O001228,P00548,9,408.45,3676.05
O001228,P00190,5,23.36,116.8
O001228,P00280,17,232.34,3949.78
O001228,P00310,39,78.61,3065.79
O001228,P00116,15,155.08,2326.2
O001228,P00108,40,83.13,3325.2
O001229,P00230,23,251.25,5778.75
O001229,P00436,27,91.19,2462.13
O001229,P00192,44,277.38,12204.72
O001229,P00101,14,110.85,1551.9
O001229,P00591,32,386.18,12357.76
O001229,P00132,4,283.28,1133.12
O001230,P00138,22,32.27,709.94
O001230,P00341,15,382.09,5731.35
O001231,P00243,15,112.01,1680.15
O001231,P00378,7,414.88,2904.16
O001232,P00279,13,389.71,5066.23
O001232,P00210,48,274.38,13170.24
O001232,P00391,9,340.73,3066.57
O001233,P00193,40,170.93,6837.2
O001233,P00095,3,207.59,622.77
O001234,P00133,44,23.12,1017.28
O001235,P00145,46,440.58,20266.68
O001235,P00206,24,170.18,4084.32
O001235,P00409,17,484.61,8238.37
O001235,P00505,3,73.01,219.03
O001235,P00215,4,207.21,828.84
O001235,P00017,37,94.27,3487.99
O001236,P00549,6,504.07,3024.42
O001236,P00201,11,266.79,2934.69
O001236,P00595,1,74.88,74.88
O001236,P00505,7,85.65,599.55
O001237,P00147,22,71.59,1574.98
O001237,P00205,4,234.78,939.12
O001238,P00380,3,290.35,871.05
O001239,P00055,22,51.42,1131.24
O001239,P00454,38,283.56,10775.28
O001240,P00192,37,270.79,10019.23
O001240,P00442,4,156.17,624.68
O001240,P00338,21,26.55,557.55
O001240,P00311,15,332.64,4989.6
O001240,P00315,47,294.36,13834.92
O001241,P00382,42,338.15,14202.3
O001241,P00393,31,224.41,6956.71
O001241,P00332,9,284.36,2559.24
O001241,P00002,4,508.99,2035.96
O001241,P00230,49,266.51,13058.99
O001242,P00416,35,306.38,10723.3
O001242,P00473,31,408.02,12648.62
O001242,P00599,33,66.94,2209.02
O001243,P00545,45,231.98,10439.1
O001243,P00018,13,442.36,5750.68
O001243,P00167,33,257.96,8512.68
O001244,P00540,4,74.52,298.08
O001244,P00404,33,356.88,11777.04
O001245,P00065,37,330.65,12234.05
O001245,P00132,29,257.22,7459.38
O001245,P00126,10,301.4,3014.0
O001245,P00316,36,245.39,8834.04
O001245,P00256,16,210.86,3373.76
O001246,P00471,11,284.93,3134.23
O001246,P00414,12,324.61,3895.32
O001246,P00398,48,294.86,14153.28
O001246,P00521,47,381.81,17945.07
O001246,P00063,12,362.37,4348.44
O001247,P00484,50,187.06,9353.0
O001247,P00517,5,70.2,351.0
O001247,P00059,5,434.99,2174.95
O001248,P00413,16,61.44,983.04
O001248,P00055,38,49.27,1872.26
O001248,P00524,19,411.18,7812.42
O001248,P00463,9,329.1,2961.9
O001249,P00056,14,149.35,2090.9
O001250,P00394,37,145.47,5382.39
O001250,P00498,26,261.23,6791.98
O001250,P00066,34,106.34,3615.56
O001251,P00207,48,530.78,25477.44
O001251,P00249,13,292.13,3797.69
O001251,P00243,7,113.59,795.13
O001252,P00499,30,28.12,843.6
O001253,P00567,10,332.01,3320.1
O001253,P00303,25,232.63,5815.75
O001253,P00016,22,298.88,6575.36
O001254,P00589,28,87.23,2442.44
O001254,P00296,18,342.09,6157.62
O001254,P00590,23,170.2,3914.6
O001254,P00109,25,71.85,1796.25
O001254,P00243,30,110.57,3317.1
O001254,P00183,39,499.81,19492.59
O001255,P00165,7,144.84,1013.88
O001255,P00122,41,84.4,3460.4
O001255,P00267,26,425.17,11054.42
O001256,P00111,35,149.98,5249.3
O001256,P00398,38,256.06,9730.28
O001257,P00467,12,420.29,5043.48
O001258,P00189,6,234.43,1406.58
O001258,P00069,2,81.4,162.8
O001259,P00109,19,76.43,1452.17
O001260,P00309,5,230.51,1152.55
O001261,P00496,46,23.6,1085.6
O001261,P00600,30,444.54,13336.2
O001261,P00210,12,284.6,3415.2
O001261,P00036,45,35.02,1575.9
O001262,P00399,33,444.96,14683.68
O001263,P00271,12,272.22,3266.64
O001264,P00405,8,64.11,512.88
O001264,P00091,9,182.88,1645.92
O001264,P00511,48,195.37,9377.76
O001264,P00136,20,251.34,5026.8
O001264,P00016,34,303.02,10302.68
O001264,P00555,19,177.78,3377.82
O001265,P00218,13,440.78,5730.14
O001265,P00260,12,542.88,6514.56
O001265,P00510,7,304.69,2132.83
O001266,P00319,4,333.35,1333.4
O001267,P00240,10,10.61,106.1
O001267,P00581,47,316.08,14855.76
O001267,P00110,42,247.13,10379.46
O001267,P00521,19,347.79,6608.01
O001267,P00576,14,371.88,5206.32
O001267,P00293,47,256.78,12068.66
O001268,P00591,42,385.98,16211.16
O001268,P00364,35,487.31,17055.85
O001268,P00346,35,278.59,9750.65
O001269,P00328,44,204.68,9005.92
O001269,P00084,27,362.77,9794.79
O001269,P00147,36,67.66,2435.76
O001269,P00218,19,432.16,8211.04
O001269,P00102,26,134.97,3509.22
O001269,P00510,46,326.77,15031.42
O001270,P00529,42,346.32,14545.44
O001270,P00076,23,388.83,8943.09
O001270,P00019,19,238.5,4531.5
O001271,P00411,13,148.01,1924.13
O001271,P00338,18,30.61,550.98
O001271,P00360,37,51.54,1906.98
O001271,P00292,17,376.11,6393.87
O001271,P00104,17,549.76,9345.92
O001272,P00195,19,288.56,5482.64
O001272,P00067,26,10.43,271.18
O001272,P00322,11,35.34,388.74
O001272,P00425,22,133.53,2937.66
O001273,P00096,9,435.39,3918.51
O001273,P00589,9,78.3,704.7
O001273,P00200,1,476.05,476.05
O001274,P00233,32,282.72,9047.04
O001274,P00128,26,350.78,9120.28
O001274,P00449,50,229.32,11466.0
O001274,P00361,19,106.09,2015.71
O001274,P00448,25,74.87,1871.75
O001274,P00382,35,321.92,11267.2
O001275,P00545,19,213.4,4054.6
O001275,P00310,42,81.58,3426.36
O001276,P00517,33,81.01,2673.33
O001277,P00124,50,442.83,22141.5
O001277,P00436,49,93.91,4601.59
O001277,P00296,20,303.75,6075.0
O001277,P00069,38,83.45,3171.1
O001277,P00564,48,133.71,6418.08
O001277,P00205,45,275.0,12375.0
O001278,P00106,47,237.79,11176.13
O001279,P00088,25,321.09,8027.25
O001279,P00264,11,233.64,2570.04
O001279,P00542,17,221.96,3773.32
O001279,P00276,9,287.88,2590.92
O001280,P00515,41,493.73,20242.93
O001280,P00186,41,33.06,1355.46
O001280,P00242,42,564.3,23700.6
O001280,P00172,24,239.98,5759.52
O001280,P00269,34,440.39,14973.26
O001281,P00348,33,205.54,6782.82
O001281,P00236,6,182.72,1096.32
O001281,P00472,18,99.92,1798.56
O001281,P00138,50,27.63,1381.5
O001281,P00545,16,212.77,3404.32
O001282,P00264,19,227.82,4328.58
O001282,P00271,20,233.95,4679.0
O001282,P00240,49,10.26,502.74
O001282,P00463,6,367.58,2205.48
O001283,P00260,41,542.59,22246.19
O001284,P00458,10,72.25,722.5
O001284,P00284,7,566.25,3963.75
O001284,P00525,4,220.93,883.72
O001285,P00030,16,493.69,7899.04
O001286,P00224,17,433.91,7376.47
O001286,P00297,14,324.95,4549.3
O001287,P00307,3,232.29,696.87
O001287,P00462,27,287.09,7751.43
O001287,P00111,42,168.03,7057.26
O001287,P00138,49,29.32,1436.68
O001287,P00072,36,112.01,4032.36
O001288,P00280,23,196.77,4525.71
O001288,P00212,21,36.42,764.82
O001288,P00136,42,250.95,10539.9
O001288,P00312,21,505.17,10608.57
O001289,P00292,19,405.9,7712.1
O001289,P00197,33,11.04,364.32
O001289,P00444,28,303.51,8498.28
O001289,P00287,29,574.73,16667.17
O001290,P00130,32,25.98,831.36
O001290,P00497,4,296.57,1186.28
O001290,P00580,23,145.97,3357.31
O001290,P00052,19,339.75,6455.25
O001291,P00267,28,447.85,12539.8
O001291,P00027,30,452.58,13577.4
O001291,P00584,27,225.8,6096.6
O001291,P00337,35,451.27,15794.45
O001292,P00449,19,200.43,3808.17
O001293,P00434,21,439.64,9232.44
O001293,P00091,27,162.84,4396.68
O001293,P00421,16,39.37,629.92
O001293,P00047,21,143.7,3017.7
O001293,P00197,47,11.26,529.22
O001294,P00020,37,368.61,13638.57
O001294,P00143,23,163.28,3755.44
O001294,P00454,2,270.56,541.12
O001294,P00042,44,19.57,861.08
O001294,P00270,22,120.33,2647.26
O001294,P00026,32,484.92,15517.44
O001295,P00213,37,386.42,14297.54
O001295,P00165,32,162.3,5193.6
O001295,P00478,31,248.54,7704.74
O001296,P00233,1,288.91,288.91
O001296,P00052,6,348.54,2091.24
O001297,P00460,17,166.02,2822.34
O001297,P00366,39,108.72,4240.08
O001297,P00426,19,32.0,608.0
O001297,P00098,34,276.87,9413.58
O001298,P00049,37,69.71,2579.27
O001298,P00300,9,48.36,435.24
O001298,P00358,35,357.33,12506.55
O001298,P00455,11,407.81,4485.91
O001299,P00345,49,169.07,8284.43
O001300,P00542,40,232.64,9305.6
O001300,P00457,2,142.89,285.78
O001301,P00586,21,179.06,3760.26
O001301,P00533,18,156.53,2817.54
O001301,P00445,34,137.64,4679.76
O001301,P00237,17,276.5,4700.5
O001301,P00582,13,201.87,2624.31
O001302,P00354,18,141.0,2538.0
O001303,P00351,14,321.24,4497.36
O001303,P00457,36,147.99,5327.64
O001303,P00125,22,272.58,5996.76
O001304,P00094,11,35.31,388.41
O001304,P00203,33,286.75,9462.75
O001305,P00291,11,108.66,1195.26
O001305,P00238,21,203.02,4263.42
O001305,P00053,6,97.05,582.3
O001305,P00244,6,439.18,2635.08
O001306,P00018,17,357.22,6072.74
O001306,P00064,15,384.55,5768.25
O001306,P00258,34,265.49,9026.66
O001306,P00554,5,289.77,1448.85
O001306,P00168,23,182.75,4203.25
O001306,P00483,30,457.68,13730.4
O001307,P00527,12,243.5,2922.0
O001307,P00553,30,61.62,1848.6
O001307,P00571,35,391.8,13713.0
O001308,P00096,2,513.54,1027.08
O001308,P00093,44,106.18,4671.92
O001308,P00376,25,152.11,3802.75
O001308,P00220,22,175.2,3854.4
O001309,P00397,3,23.52,70.56
O001309,P00103,19,207.89,3949.91
O001310,P00572,43,352.38,15152.34
O001310,P00480,49,243.77,11944.73
O001310,P00312,6,452.99,2717.94
O001310,P00540,21,80.9,1698.9
O001311,P00167,4,252.26,1009.04
O001311,P00133,14,27.09,379.26
O001311,P00338,24,33.14,795.36
O001311,P00125,11,331.41,3645.51
O001311,P00454,33,258.66,8535.78
O001312,P00436,35,103.17,3610.95
O001312,P00460,7,159.77,1118.39
O001312,P00343,42,325.95,13689.9
O001312,P00253,14,222.77,3118.78
O001312,P00270,48,133.76,6420.48
O001312,P00100,30,129.84,3895.2
O001313,P00049,30,86.03,2580.9
O001313,P00599,2,52.29,104.58
O001313,P00367,7,440.68,3084.76
O001313,P00563,21,10.65,223.65
O001313,P00079,36,344.83,12413.88
O001314,P00337,41,369.57,15152.37
O001314,P00240,27,9.56,258.12
O001315,P00524,1,395.59,395.59
O001315,P00168,9,230.65,2075.85
O001315,P00588,2,267.36,534.72
O001315,P00362,12,94.73,1136.76
O001315,P00360,6,58.16,348.96
O001316,P00569,22,280.47,6170.34
O001317,P00383,42,12.54,526.68
O001317,P00143,18,140.42,2527.56
O001317,P00363,27,408.69,11034.63
O001317,P00538,32,335.67,10741.44
O001318,P00102,35,153.41,5369.35
O001318,P00408,38,106.21,4035.98
O001319,P00092,13,19.25,250.25
O001320,P00493,18,324.27,5836.86
O001320,P00357,9,303.89,2735.01
O001320,P00307,44,244.74,10768.56
O001320,P00118,8,483.97,3871.76
O001321,P00134,16,110.94,1775.04
O001321,P00302,50,258.17,12908.5
O001321,P00233,44,256.24,11274.56
O001321,P00189,26,221.4,5756.4
O001321,P00024,6,360.4,2162.4
O001321,P00359,32,409.32,13098.24
O001322,P00571,17,375.55,6384.35
O001322,P00120,10,271.34,2713.4
O001323,P00313,35,41.85,1464.75
O001323,P00219,19,413.99,7865.81
O001323,P00336,8,79.0,632.0
O001323,P00557,30,91.21,2736.3
O001323,P00280,7,247.43,1732.01
O001324,P00321,13,267.76,3480.88
O001324,P00406,12,349.66,4195.92
O001324,P00206,42,176.24,7402.08
O001324,P00266,37,176.82,6542.34
O001324,P00271,2,225.3,450.6
O001324,P00171,17,200.9,3415.3
O001325,P00034,13,189.97,2469.61
O001325,P00037,47,142.15,6681.05
O001325,P00460,4,172.18,688.72
O001326,P00421,48,38.64,1854.72
O001326,P00261,9,328.95,2960.55
O001326,P00371,12,480.67,5768.04
O001326,P00346,20,312.96,6259.2
O001326,P00474,8,221.67,1773.36
O001326,P00600,31,489.53,15175.43
O001327,P00467,37,429.48,15890.76
O001327,P00271,25,244.82,6120.5
O001327,P00015,45,203.68,9165.6
O001328,P00261,40,319.62,12784.8
O001328,P00320,18,274.8,4946.4
O001329,P00304,23,254.08,5843.84
O001329,P00434,5,444.22,2221.1
O001329,P00176,38,173.29,6585.02
O001329,P00223,3,359.08,1077.24
O001329,P00465,15,174.95,2624.25
O001329,P00105,21,49.53,1040.13
O001330,P00449,19,219.9,4178.1
O001330,P00415,48,260.73,12515.04
O001330,P00169,35,492.06,17222.1
O001331,P00555,24,171.69,4120.56
O001331,P00514,28,124.06,3473.68
O001331,P00589,38,87.49,3324.62
O001332,P00599,10,64.29,642.9
O001332,P00250,45,70.13,3155.85
O001332,P00190,35,23.34,816.9
O001332,P00031,49,143.59,7035.91
O001332,P00590,18,168.23,3028.14
O001333,P00333,28,438.73,12284.44
O001334,P00264,15,198.05,2970.75
O001334,P00024,1,429.52,429.52
O001334,P00439,40,209.68,8387.2
O001334,P00498,28,256.91,7193.48
O001334,P00128,22,308.13,6778.86
O001335,P00099,4,343.21,1372.84
O001335,P00296,29,338.29,9810.41
O001336,P00593,13,396.1,5149.3
O001336,P00504,47,471.58,22164.26
O001336,P00186,21,34.28,719.88
O001336,P00063,13,357.05,4641.65
O001337,P00582,29,186.38,5405.02
O001337,P00412,38,294.42,11187.96
O001337,P00078,7,262.64,1838.48
O001337,P00465,44,180.67,7949.48
O001337,P00558,5,392.38,1961.9
O001338,P00481,6,76.6,459.6
O001339,P00217,31,114.74,3556.94
O001340,P00195,34,280.59,9540.06
O001340,P00323,19,504.55,9586.45
O001340,P00124,36,513.51,18486.36
O001340,P00087,9,285.47,2569.23
O001341,P00413,13,66.08,859.04
O001341,P00425,32,131.99,4223.68
O001341,P00045,49,412.08,20191.92
O001341,P00535,11,395.29,4348.19
O001341,P00409,24,449.6,10790.4
O001341,P00462,14,272.23,3811.22
O001342,P00166,47,349.14,16409.58
O001342,P00350,7,462.32,3236.24
O001342,P00518,5,195.39,976.95
O001342,P00238,45,225.06,10127.7
O001343,P00331,9,335.06,3015.54
O001343,P00022,21,82.15,1725.15
O001344,P00306,14,380.69,5329.66
O001344,P00377,14,503.58,7050.12
O001344,P00321,36,299.6,10785.6
O001344,P00285,14,197.49,2764.86
O001345,P00306,5,318.29,1591.45
O001345,P00083,22,415.76,9146.72
O001345,P00273,24,89.25,2142.0
O001345,P00426,44,30.85,1357.4
O001345,P00021,15,208.91,3133.65
O001345,P00186,44,28.77,1265.88
O001346,P00596,47,495.13,23271.11
O001346,P00518,17,189.12,3215.04
O001346,P00451,49,76.12,3729.88
O001347,P00428,33,52.21,1722.93
O001347,P00091,2,181.42,362.84
O001347,P00321,6,267.26,1603.56
O001347,P00278,48,191.97,9214.56
O001348,P00395,6,101.51,609.06
O001348,P00409,24,454.12,10898.88
O001348,P00083,36,400.06,14402.16
O001348,P00205,30,296.89,8906.7
O001349,P00468,1,490.77,490.77
O001350,P00104,23,631.87,14533.01
O001350,P00589,7,68.56,479.92
O001351,P00118,14,496.1,6945.4
O001352,P00478,2,258.95,517.9
O001352,P00316,31,213.73,6625.63
O001352,P00507,12,283.21,3398.52
O001352,P00014,15,447.85,6717.75
O001352,P00561,6,48.05,288.3
O001353,P00189,20,209.78,4195.6
O001353,P00509,22,95.93,2110.46
O001353,P00409,14,430.24,6023.36
O001353,P00580,27,154.89,4182.03
O001354,P00274,47,561.29,26380.63
O001354,P00554,27,248.9,6720.3
O001354,P00456,3,125.47,376.41
O001354,P00234,49,366.87,17976.63
O001355,P00032,32,363.59,11634.88
O001355,P00115,34,415.24,14118.16
O001355,P00594,31,256.13,7940.03
O001355,P00458,42,61.13,2567.46
O001355,P00544,22,467.08,10275.76
O001355,P00542,2,246.59,493.18
O001356,P00498,10,266.81,2668.1
O001356,P00006,8,180.13,1441.04
O001357,P00116,12,160.45,1925.4
O001358,P00578,45,243.36,10951.2
O001358,P00434,46,466.25,21447.5
O001358,P00491,50,161.78,8089.0
O001359,P00069,22,86.93,1912.46
O001359,P00082,10,162.55,1625.5
O001360,P00235,29,40.92,1186.68
O001361,P00175,49,409.75,20077.75
O001361,P00217,9,116.66,1049.94
O001361,P00427,2,197.53,395.06
O001361,P00215,19,253.16,4810.04
O001362,P00299,48,53.8,2582.4
O001362,P00262,32,474.22,15175.04
O001362,P00384,22,66.93,1472.46
O001363,P00195,24,266.06,6385.44
O001364,P00409,37,480.0,17760.0
O001364,P00357,40,313.32,12532.8
O001364,P00578,31,249.24,7726.44
O001364,P00586,15,165.98,2489.7
O001364,P00568,41,168.42,6905.22
O001364,P00242,50,563.04,28152.0
O001365,P00423,48,353.25,16956.0
O001365,P00113,32,307.06,9825.92
O001365,P00455,11,374.17,4115.87
O001365,P00535,12,324.76,3897.12
O001365,P00009,23,372.81,8574.63
O001366,P00380,1,274.01,274.01
O001366,P00512,19,209.87,3987.53
O001367,P00156,28,85.62,2397.36
O001367,P00316,46,237.72,10935.12
O001367,P00229,5,140.53,702.65
O001367,P00057,5,165.64,828.2
O001367,P00516,48,383.44,18405.12
O001368,P00143,29,138.47,4015.63
O001368,P00362,44,83.45,3671.8
O001368,P00541,43,42.57,1830.51
O001368,P00496,42,21.45,900.9
O001368,P00503,8,278.48,2227.84
O001369,P00383,19,11.05,209.95
O001369,P00345,31,153.41,4755.71
O001369,P00325,23,55.17,1268.91
O001369,P00232,2,206.69,413.38
O001369,P00281,24,356.87,8564.88
O001369,P00227,48,256.59,12316.32
O001370,P00313,38,43.99,1671.62
O001370,P00306,36,308.5,11106.0
O001371,P00079,5,361.02,1805.1
O001371,P00296,2,339.0,678.0
O001371,P00517,24,90.43,2170.32
O001371,P00276,30,358.36,10750.8
O001371,P00364,33,534.1,17625.3
O001372,P00324,46,104.68,4815.28
O001372,P00208,2,401.34,802.68
O001373,P00083,23,395.61,9099.03
O001374,P00358,35,384.2,13447.0
O001375,P00131,33,61.91,2043.03
O001375,P00373,18,13.85,249.3
O001375,P00480,48,259.74,12467.52
O001376,P00469,2,357.77,715.54
O001376,P00493,18,310.7,5592.6
O001377,P00503,28,239.28,6699.84
O001378,P00128,41,326.34,13379.94
O001379,P00322,24,32.55,781.2
O001379,P00367,39,425.97,16612.83
O001380,P00546,39,219.12,8545.68
O001381,P00158,17,370.98,6306.66
O001381,P00534,28,264.08,7394.24
O001381,P00196,48,500.17,24008.16
O001381,P00233,5,261.98,1309.9
O001381,P00355,13,87.79,1141.27
O001381,P00393,33,215.55,7113.15
O001382,P00046,31,306.3,9495.3
O001382,P00536,33,140.57,4638.81
O001382,P00435,49,196.58,9632.42
O001382,P00559,8,86.03,688.24
O001383,P00282,48,247.89,11898.72
O001383,P00556,34,625.35,21261.9
O001383,P00410,35,183.29,6415.15
O001383,P00105,8,55.76,446.08
O001383,P00002,42,572.24,24034.08
O001383,P00153,26,260.84,6781.84
O001384,P00365,13,238.72,3103.36
O001385,P00075,35,272.48,9536.8
O001385,P00536,30,142.9,4287.0
O001385,P00441,39,317.8,12394.2
O001385,P00024,40,367.13,14685.2
O001386,P00553,23,53.19,1223.37
O001386,P00441,17,304.59,5178.03
O001386,P00045,43,359.07,15440.01
O001386,P00246,49,125.89,6168.61
O001387,P00315,40,282.9,11316.0
O001387,P00028,4,208.0,832.0
O001387,P00433,6,508.34,3050.04
O001387,P00014,40,352.62,14104.8
O001387,P00058,31,125.82,3900.42
O001388,P00433,46,449.52,20677.92
O001388,P00090,6,514.3,3085.8
O001388,P00032,40,337.15,13486.0
O001388,P00357,8,342.48,2739.84
O001388,P00393,13,205.38,2669.94
O001389,P00085,17,486.53,8271.01
O001389,P00230,33,285.49,9421.17
O001389,P00240,46,11.54,530.84
O001389,P00515,12,458.4,5500.8
O001389,P00292,36,325.25,11709.0
O001390,P00276,23,295.03,6785.69
O001391,P00285,19,194.24,3690.56
O001391,P00466,44,193.2,8500.8
O001391,P00332,46,322.65,14841.9
O001391,P00543,23,225.41,5184.43
O001391,P00323,26,506.49,13168.74
O001392,P00502,19,45.45,863.55
O001393,P00180,35,461.93,16167.55
O001393,P00435,45,171.81,7731.45
O001393,P00556,9,579.1,5211.9
O001393,P00443,4,71.21,284.84
O001394,P00449,9,208.87,1879.83
O001394,P00374,49,212.31,10403.19
O001394,P00587,2,13.19,26.38
O001394,P00349,36,416.99,15011.64
O001394,P00495,3,72.17,216.51
O001394,P00288,11,200.7,2207.7
O001395,P00399,40,554.08,22163.2
O001395,P00138,35,35.07,1227.45
O001396,P00126,21,253.92,5332.32
O001396,P00249,50,259.98,12999.0
O001396,P00593,5,393.67,1968.35
O001396,P00118,39,499.53,19481.67
O001396,P00111,9,186.6,1679.4
O001397,P00302,17,207.23,3522.91
O001397,P00289,29,234.32,6795.28
O001398,P00103,42,181.84,7637.28
O001398,P00069,48,82.24,3947.52
O001398,P00528,7,416.43,2915.01
O001398,P00162,2,203.68,407.36
O001398,P00559,23,85.59,1968.57
O001398,P00033,9,205.13,1846.17
O001399,P00530,1,128.42,128.42
O001399,P00233,18,313.98,5651.64
O001399,P00158,45,366.83,16507.35
O001399,P00410,31,173.2,5369.2
O001400,P00317,47,84.97,3993.59
O001400,P00394,37,136.7,5057.9
O001401,P00356,38,227.88,8659.44
O001401,P00382,16,299.36,4789.76
O001401,P00336,33,81.42,2686.86
O001401,P00212,7,29.25,204.75
O001402,P00595,24,66.2,1588.8
O001402,P00185,39,293.83,11459.37
O001402,P00022,14,81.08,1135.12
O001402,P00057,17,166.96,2838.32
O001403,P00062,14,332.6,4656.4
O001403,P00587,19,10.55,200.45
O001403,P00364,13,550.04,7150.52
O001403,P00095,32,228.73,7319.36
O001404,P00158,29,310.82,9013.78
O001404,P00217,39,126.2,4921.8
O001404,P00300,45,50.14,2256.3
O001404,P00090,36,442.16,15917.76
O001404,P00565,23,57.84,1330.32
O001405,P00102,44,123.12,5417.28
O001405,P00549,45,449.94,20247.3
O001405,P00208,50,465.88,23294.0
O001405,P00032,43,345.64,14862.52
O001405,P00018,22,450.93,9920.46
O001406,P00089,22,219.5,4829.0
O001406,P00475,39,262.86,10251.54
O001407,P00103,20,197.15,3943.0
O001407,P00254,18,361.48,6506.64
O001407,P00425,27,113.15,3055.05
O001408,P00041,2,323.69,647.38
O001408,P00372,6,183.22,1099.32
O001408,P00414,4,357.85,1431.4
O001408,P00150,19,188.72,3585.68
O001408,P00398,4,270.48,1081.92
O001409,P00011,33,283.15,9343.95
O001409,P00586,16,185.45,2967.2
O001409,P00148,37,304.08,11250.96
O001409,P00219,43,433.88,18656.84
O001409,P00587,11,12.44,136.84
O001409,P00175,42,425.1,17854.2
O001410,P00143,49,174.57,8553.93
O001411,P00159,6,283.42,1700.52
O001411,P00057,45,151.71,6826.95
O001411,P00162,20,187.95,3759.0
O001411,P00567,31,361.12,11194.72
O001411,P00130,26,24.73,642.98
O001412,P00558,27,460.61,12436.47
O001412,P00103,44,219.55,9660.2
O001413,P00387,34,127.7,4341.8
O001413,P00139,23,277.58,6384.34
O001413,P00346,13,347.23,4513.99
O001414,P00063,38,298.34,11336.92
O001414,P00359,24,468.33,11239.92
O001414,P00458,49,72.67,3560.83
O001414,P00179,7,200.84,1405.88
O001414,P00286,7,41.02,287.14
O001415,P00509,6,86.69,520.14
O001415,P00483,35,393.58,13775.3
O001415,P00111,11,185.91,2045.01
O001415,P00458,20,68.07,1361.4
O001415,P00125,34,311.49,10590.66
O001416,P00125,23,315.91,7265.93
O001416,P00361,37,93.33,3453.21
O001416,P00296,3,287.24,861.72
O001416,P00221,42,280.09,11763.78
O001416,P00142,31,647.49,20072.19
O001416,P00326,6,23.58,141.48
O001417,P00396,42,92.7,3893.4
O001417,P00492,46,187.7,8634.2
O001417,P00029,20,79.72,1594.4
O001417,P00134,28,105.94,2966.32
O001418,P00090,34,552.63,18789.42
O001418,P00429,5,137.88,689.4
O001419,P00368,40,187.53,7501.2
O001419,P00355,17,96.72,1644.24
O001419,P00564,18,131.94,2374.92
O001419,P00238,21,237.85,4994.85
O001419,P00328,28,229.17,6416.76
O001419,P00467,37,365.96,13540.52
O001420,P00333,4,390.12,1560.48
O001420,P00145,38,407.37,15480.06
O001420,P00237,48,257.35,12352.8
O001420,P00047,32,118.57,3794.24
O001420,P00531,40,77.06,3082.4
O001421,P00395,21,105.54,2216.34
O001421,P00044,34,64.38,2188.92
O001421,P00473,25,402.14,10053.5
O001422,P00245,14,539.86,7558.04
O001422,P00551,39,232.97,9085.83
O001423,P00202,43,604.81,26006.83
O001423,P00226,20,9.88,197.6
O001423,P00496,5,23.15,115.75
O001423,P00357,31,340.65,10560.15
O001424,P00553,41,49.43,2026.63
O001424,P00199,46,405.01,18630.46
O001424,P00334,26,5.07,131.82
O001424,P00207,49,485.75,23801.75
O001425,P00004,47,136.27,6404.69
O001426,P00265,33,155.15,5119.95
O001426,P00358,17,351.29,5971.93
O001426,P00264,14,184.78,2586.92
O001426,P00066,44,92.98,4091.12
O001427,P00579,15,54.25,813.75
O001428,P00451,2,90.39,180.78
O001428,P00518,23,182.33,4193.59
O001429,P00154,13,341.43,4438.59
O001429,P00399,22,454.87,10007.14
O001430,P00518,29,217.52,6308.08
O001431,P00105,12,46.18,554.16
O001431,P00280,7,200.38,1402.66
O001431,P00577,14,495.27,6933.78
O001431,P00498,50,239.0,11950.0
O001432,P00473,24,342.65,8223.6
O001432,P00225,12,523.03,6276.36
O001432,P00233,48,249.04,11953.92
O001432,P00308,14,96.05,1344.7
O001432,P00341,34,376.23,12791.82
O001433,P00390,21,512.36,10759.56
O001433,P00001,21,227.68,4781.28
O001433,P00459,10,101.96,1019.6
O001433,P00469,14,388.38,5437.32
O001433,P00288,10,245.74,2457.4
O001434,P00322,46,34.73,1597.58
O001434,P00061,48,521.23,25019.04
O001434,P00209,36,285.39,10274.04
O001434,P00138,30,28.87,866.1
O001434,P00113,21,320.82,6737.22
O001435,P00418,5,137.91,689.55
O001435,P00164,12,395.27,4743.24
O001435,P00021,8,243.22,1945.76
O001436,P00466,24,203.65,4887.6
O001437,P00382,37,362.05,13395.85
O001438,P00541,22,40.46,890.12
O001438,P00053,49,101.9,4993.1
O001438,P00450,11,38.66,425.26
O001439,P00312,32,523.52,16752.64
O001439,P00419,37,496.55,18372.35
O001439,P00167,49,303.31,14862.19
O001439,P00475,26,217.8,5662.8
O001439,P00541,26,41.82,1087.32
O001439,P00252,37,32.45,1200.65
O001440,P00128,4,355.84,1423.36
O001441,P00252,13,31.45,408.85
O001441,P00538,9,345.97,3113.73
O001441,P00094,47,33.01,1551.47
O001441,P00056,17,177.12,3011.04
O001441,P00470,4,181.97,727.88
O001441,P00033,1,180.42,180.42
O001442,P00391,19,346.94,6591.86
O001442,P00007,3,337.87,1013.61
O001443,P00394,28,144.23,4038.44
O001443,P00282,45,214.61,9657.45
O001443,P00130,22,25.77,566.94
O001444,P00533,6,143.52,861.12
O001444,P00502,44,51.47,2264.68
O001444,P00553,5,57.19,285.95
O001445,P00297,22,387.91,8534.02
O001445,P00140,18,120.09,2161.62
O001445,P00509,22,83.32,1833.04
O001445,P00045,1,399.03,399.03
O001445,P00090,5,487.35,2436.75
O001446,P00051,25,413.16,10329.0
O001447,P00030,31,494.93,15342.83
O001447,P00345,25,158.67,3966.75
O001447,P00109,22,73.63,1619.86
O001447,P00451,29,91.84,2663.36
O001447,P00223,29,361.73,10490.17
O001448,P00317,44,76.79,3378.76
O001448,P00300,12,49.93,599.16
O001448,P00003,4,294.23,1176.92
O001449,P00256,38,202.57,7697.66
O001449,P00331,46,405.34,18645.64
O001450,P00360,48,55.18,2648.64
O001450,P00118,5,462.07,2310.35
O001450,P00514,49,112.95,5534.55
O001450,P00530,32,154.54,4945.28
O001450,P00386,28,273.32,7652.96
O001451,P00229,49,126.19,6183.31
O001451,P00078,6,259.12,1554.72
O001451,P00177,17,549.82,9346.94
O001451,P00270,3,126.12,378.36
O001451,P00194,12,94.61,1135.32
O001452,P00450,18,33.14,596.52
O001452,P00309,14,221.93,3107.02
O001452,P00196,47,476.13,22378.11
O001452,P00597,39,109.71,4278.69
O001453,P00444,15,338.78,5081.7
O001453,P00038,30,548.13,16443.9
O001453,P00375,37,25.09,928.33
O001453,P00311,3,316.88,950.64
O001453,P00253,8,270.23,2161.84
O001453,P00495,9,69.36,624.24
O001454,P00043,33,47.22,1558.26
O001454,P00474,30,259.13,7773.9
O001454,P00415,49,246.07,12057.43
O001454,P00138,33,31.64,1044.12
O001454,P00214,40,323.76,12950.4
O001454,P00284,42,546.5,22953.0
O001455,P00535,32,345.87,11067.84
O001455,P00072,16,126.42,2022.72
O001455,P00418,45,139.05,6257.25
O001455,P00264,8,223.65,1789.2
O001455,P00392,50,261.87,13093.5
O001456,P00190,47,29.03,1364.41
O001456,P00284,19,522.85,9934.15
O001456,P00143,25,175.11,4377.75
O001456,P00097,25,219.66,5491.5
O001456,P00313,7,41.83,292.81
O001457,P00447,8,15.63,125.04
O001457,P00172,23,239.22,5502.06
O001457,P00114,48,109.88,5274.24
O001457,P00504,19,534.49,10155.31
O001458,P00330,43,250.31,10763.33
O001458,P00479,50,404.51,20225.5
O001458,P00547,44,358.53,15775.32
O001459,P00535,27,375.66,10142.82
O001459,P00413,15,60.18,902.7
O001460,P00332,2,290.61,581.22
O001460,P00100,19,158.13,3004.47
O001460,P00551,16,230.42,3686.72
O001460,P00544,41,431.06,17673.46
O001460,P00055,33,49.94,1648.02
O001460,P00181,22,241.16,5305.52
O001461,P00491,6,168.76,1012.56
O001461,P00528,9,331.39,2982.51
O001461,P00575,26,126.78,3296.28
O001461,P00223,1,424.04,424.04
O001461,P00015,37,229.69,8498.53
O001462,P00103,26,211.48,5498.48
O001462,P00434,15,381.56,5723.4
O001463,P00254,21,369.2,7753.2
O001464,P00236,9,184.2,1657.8
O001465,P00179,45,185.91,8365.95
O001465,P00310,34,86.52,2941.68
O001465,P00270,5,131.31,656.55
O001465,P00021,8,250.43,2003.44
O001465,P00288,39,233.57,9109.23
O001466,P00267,27,428.22,11561.94
O001466,P00179,32,218.11,6979.52
O001466,P00312,22,480.53,10571.66
O001466,P00180,35,500.57,17519.95
O001467,P00072,5,108.38,541.9
O001467,P00157,9,137.15,1234.35
O001468,P00168,47,196.91,9254.77
O001468,P00012,33,440.4,14533.2
O001468,P00417,41,402.87,16517.67
O001469,P00319,41,408.47,16747.27
O001469,P00453,39,77.75,3032.25
O001469,P00300,49,42.49,2082.01
O001469,P00041,13,306.25,3981.25
O001470,P00445,46,128.9,5929.4
O001470,P00034,48,193.7,9297.6
O001470,P00544,44,457.21,20117.24
O001470,P00134,48,104.4,5011.2
O001471,P00073,43,235.39,10121.77
O001471,P00322,43,31.43,1351.49
O001471,P00063,37,381.75,14124.75
O001471,P00087,16,265.75,4252.0
O001471,P00232,14,255.63,3578.82
O001471,P00106,36,273.21,9835.56
O001472,P00433,40,504.17,20166.8
O001473,P00546,5,229.01,1145.05
O001473,P00314,27,144.62,3904.74
O001473,P00335,21,115.19,2418.99
O001473,P00049,34,77.03,2619.02
O001473,P00461,12,87.8,1053.6
O001474,P00119,4,71.21,284.84
O001474,P00373,43,13.11,563.73
O001475,P00455,37,388.78,14384.86
O001475,P00060,13,189.6,2464.8
O001475,P00482,23,63.79,1467.17
O001476,P00293,37,234.15,8663.55
O001476,P00414,17,309.91,5268.47
O001476,P00138,41,33.31,1365.71
O001477,P00085,7,513.23,3592.61
O001477,P00368,44,194.62,8563.28
O001477,P00398,10,277.15,2771.5
O001477,P00308,35,87.58,3065.3
O001478,P00009,11,402.95,4432.45
O001478,P00489,5,461.28,2306.4
O001478,P00290,11,551.84,6070.24
O001478,P00241,14,124.78,1746.92
O001479,P00038,48,539.13,25878.24
O001479,P00098,6,271.52,1629.12
O001479,P00016,36,243.02,8748.72
O001479,P00542,22,213.05,4687.1
O001479,P00315,41,291.66,11958.06
O001479,P00282,23,233.75,5376.25
O001480,P00299,27,59.34,1602.18
O001480,P00590,31,176.12,5459.72
O001480,P00470,11,217.15,2388.65
O001480,P00201,44,253.89,11171.16
O001480,P00530,42,135.39,5686.38
O001480,P00088,14,334.74,4686.36
O001481,P00149,21,314.88,6612.48
O001481,P00253,39,223.72,8725.08
O001481,P00364,46,567.15,26088.9
O001481,P00392,1,291.31,291.31
O001482,P00285,7,192.66,1348.62
O001482,P00257,2,203.75,407.5
O001482,P00369,9,133.89,1205.01
O001482,P00289,34,233.35,7933.9
O001482,P00175,46,467.65,21511.9
O001483,P00196,15,566.65,8499.75
O001483,P00233,35,274.3,9600.5
O001483,P00060,39,199.76,7790.64
O001483,P00570,7,312.11,2184.77
O001483,P00421,48,35.64,1710.72
O001483,P00293,20,229.09,4581.8
O001484,P00212,24,35.48,851.52
O001484,P00150,35,186.28,6519.8
O001484,P00247,18,205.34,3696.12
O001484,P00016,46,254.37,11701.02
O001485,P00401,30,172.04,5161.2
O001485,P00049,35,77.51,2712.85
O001485,P00053,48,85.29,4093.92
O001485,P00350,39,378.02,14742.78
O001485,P00484,13,210.52,2736.76
O001486,P00463,4,386.42,1545.68
O001486,P00299,17,58.34,991.78
O001486,P00069,28,72.37,2026.36
O001487,P00110,21,260.91,5479.11
O001487,P00465,18,160.38,2886.84
O001488,P00416,25,316.45,7911.25
O001488,P00473,17,376.98,6408.66
O001488,P00390,44,465.12,20465.28
O001489,P00453,41,78.91,3235.31
O001489,P00372,25,187.57,4689.25
O001489,P00260,13,498.92,6485.96
O001490,P00196,4,488.79,1955.16
O001490,P00267,23,429.83,9886.09
O001490,P00428,34,53.89,1832.26
O001490,P00231,32,206.06,6593.92
O001490,P00481,26,81.58,2121.08
O001490,P00165,45,162.42,7308.9
O001491,P00405,20,73.13,1462.6
O001491,P00505,47,85.57,4021.79
O001491,P00579,26,53.57,1392.82
O001491,P00142,16,646.84,10349.44
O001491,P00572,47,373.23,17541.81
O001491,P00073,49,216.12,10589.88
O001492,P00488,39,85.16,3321.24
O001493,P00320,10,320.97,3209.7
O001493,P00297,16,371.64,5946.24
O001493,P00249,23,318.83,7333.09
O001493,P00082,20,158.69,3173.8
O001493,P00201,27,240.62,6496.74
O001493,P00443,13,72.46,941.98
O001494,P00503,30,239.56,7186.8
O001495,P00028,11,245.6,2701.6
O001495,P00202,9,510.91,4598.19
O001495,P00323,43,513.66,22087.38
O001495,P00473,19,342.61,6509.59
O001495,P00580,12,143.71,1724.52
O001496,P00323,23,507.72,11677.56
O001497,P00299,22,58.04,1276.88
O001498,P00266,44,213.94,9413.36
O001498,P00498,48,268.3,12878.4
O001499,P00472,41,110.6,4534.6
O001499,P00487,37,167.96,6214.52
O001499,P00089,39,232.8,9079.2
O001499,P00061,41,526.86,21601.26
O001500,P00562,14,49.56,693.84
O001500,P00559,42,90.91,3818.22
O001500,P00051,41,437.22,17926.02
O001501,P00166,46,408.32,18782.72
O001501,P00261,24,366.09,8786.16
O001502,P00488,35,75.83,2654.05
O001503,P00584,50,216.89,10844.5
O001503,P00165,24,147.73,3545.52
O001503,P00475,44,237.61,10454.84
O001503,P00254,17,390.71,6642.07
O001503,P00118,16,521.95,8351.2
O001504,P00377,26,583.66,15175.16
O001504,P00460,2,157.32,314.64
O001504,P00462,7,285.93,2001.51
O001504,P00342,38,83.37,3168.06
O001504,P00151,5,435.88,2179.4
O001504,P00312,25,552.39,13809.75
O001505,P00468,30,517.37,15521.1
O001505,P00072,34,123.75,4207.5
O001505,P00213,27,424.97,11474.19
O001505,P00407,43,596.84,25664.12
O001505,P00064,12,463.19,5558.28
O001506,P00173,29,258.71,7502.59
O001506,P00584,27,217.1,5861.7
O001506,P00119,46,65.49,3012.54
O001506,P00189,26,234.76,6103.76
O001506,P00015,7,248.66,1740.62
O001507,P00236,50,185.56,9278.0
O001507,P00532,45,42.22,1899.9
O001507,P00321,43,293.1,12603.3
O001507,P00409,11,457.56,5033.16
O001507,P00243,10,121.64,1216.4
O001508,P00193,3,179.8,539.4
O001508,P00070,7,68.43,479.01
O001508,P00244,6,377.73,2266.38
O001508,P00123,48,382.95,18381.6
O001508,P00275,3,342.38,1027.14
O001508,P00514,23,124.93,2873.39
O001509,P00408,8,118.28,946.24
O001509,P00005,28,67.1,1878.8
O001510,P00450,41,35.32,1448.12
O001510,P00342,5,77.41,387.05
O001510,P00427,29,207.67,6022.43
O001511,P00378,43,488.92,21023.56
O001511,P00319,44,347.83,15304.52
O001511,P00155,7,145.15,1016.05
O001511,P00239,23,366.67,8433.41
O001512,P00260,30,488.45,14653.5
O001512,P00378,28,472.3,13224.4
O001512,P00584,8,194.75,1558.0
O001512,P00557,40,90.6,3624.0
O001513,P00131,13,65.29,848.77
O001513,P00080,27,185.76,5015.52
O001513,P00562,31,48.97,1518.07
O001513,P00525,28,234.28,6559.84
O001514,P00180,32,450.55,14417.6
O001514,P00210,20,309.79,6195.8
O001514,P00160,4,155.95,623.8
O001514,P00295,12,422.65,5071.8
O001515,P00353,33,464.29,15321.57
O001515,P00204,10,256.44,2564.4
O001515,P00015,36,221.21,7963.56
O001515,P00203,49,282.51,13842.99
O001515,P00590,30,162.0,4860.0
O001516,P00328,37,214.77,7946.49
O001516,P00460,3,191.84,575.52
O001517,P00237,13,269.68,3505.84
O001517,P00075,3,270.18,810.54
O001517,P00504,46,475.61,21878.06
O001518,P00507,44,256.08,11267.52
O001519,P00368,35,174.67,6113.45
O001519,P00224,19,409.74,7785.06
O001520,P00582,35,179.91,6296.85
O001520,P00364,21,477.92,10036.32
O001520,P00294,50,164.45,8222.5
O001520,P00465,15,191.96,2879.4
O001520,P00053,24,90.59,2174.16
O001521,P00462,48,290.18,13928.64
O001521,P00069,25,80.23,2005.75
O001522,P00206,26,176.96,4600.96
O001522,P00475,28,222.04,6217.12
O001522,P00309,22,231.25,5087.5
O001522,P00010,4,363.71,1454.84
O001522,P00582,16,207.85,3325.6
O001523,P00508,23,260.35,5988.05
O001523,P00009,18,411.66,7409.88
O001523,P00498,29,237.46,6886.34
O001524,P00594,44,264.83,11652.52
O001524,P00170,3,229.44,688.32
O001524,P00079,37,371.25,13736.25
O001525,P00162,5,207.52,1037.6
O001525,P00416,7,300.03,2100.21
O001525,P00012,29,515.49,14949.21
O001525,P00378,15,408.13,6121.95
O001526,P00374,8,257.37,2058.96
O001526,P00357,6,361.52,2169.12
O001526,P00301,2,64.75,129.5
O001526,P00192,23,263.45,6059.35
O001527,P00119,6,68.58,411.48
O001527,P00126,11,249.96,2749.56
O001528,P00307,31,246.27,7634.37
O001528,P00553,5,62.92,314.6
O001528,P00482,45,73.14,3291.3
O001528,P00370,48,55.85,2680.8
O001529,P00197,37,9.82,363.34
O001530,P00425,44,139.37,6132.28
O001530,P00100,34,144.37,4908.58
O001531,P00107,37,30.36,1123.32
O001531,P00321,37,296.29,10962.73
O001531,P00342,43,70.69,3039.67
O001531,P00208,33,426.02,14058.66
O001531,P00050,16,355.22,5683.52
O001532,P00543,49,192.27,9421.23
O001533,P00509,29,99.62,2888.98
O001534,P00025,5,112.36,561.8
O001534,P00103,38,223.99,8511.62
O001534,P00252,18,28.65,515.7
O001534,P00426,13,35.65,463.45
O001534,P00100,34,159.31,5416.54
O001534,P00010,49,362.02,17738.98
O001535,P00303,2,254.97,509.94
O001535,P00184,48,24.58,1179.84
O001535,P00399,17,555.36,9441.12
O001535,P00374,45,241.73,10877.85
O001535,P00202,23,505.0,11615.0
O001535,P00415,15,291.84,4377.6
O001536,P00270,12,133.34,1600.08
O001537,P00320,28,323.69,9063.32
O001537,P00280,26,240.19,6244.94
O001537,P00067,25,11.97,299.25
O001538,P00220,18,175.95,3167.1
O001538,P00383,44,10.8,475.2
O001538,P00007,33,332.97,10988.01
O001538,P00074,27,310.67,8388.09
O001538,P00011,23,321.76,7400.48
O001538,P00077,37,61.92,2291.04
O001539,P00428,1,57.69,57.69
O001539,P00120,47,290.74,13664.78
O001539,P00168,2,224.98,449.96
O001539,P00207,15,456.15,6842.25
O001539,P00329,6,347.2,2083.2
O001540,P00538,30,400.46,12013.8
O001541,P00361,27,89.68,2421.36
O001541,P00451,42,82.93,3483.06
O001541,P00433,30,550.18,16505.4
O001541,P00100,18,124.72,2244.96
O001541,P00149,24,286.69,6880.56
O001542,P00499,12,27.64,331.68
O001542,P00541,44,45.37,1996.28
O001543,P00380,14,271.15,3796.1
O001543,P00526,1,282.99,282.99
O001543,P00084,23,311.58,7166.34
O001543,P00563,4,11.17,44.68
O001543,P00236,30,165.2,4956.0
O001543,P00155,24,137.9,3309.6
O001544,P00591,6,362.69,2176.14
O001544,P00533,4,166.41,665.64
O001544,P00120,16,300.55,4808.8
O001545,P00121,44,130.59,5745.96
O001545,P00012,1,503.18,503.18
O001545,P00532,47,36.33,1707.51
O001546,P00426,30,32.16,964.8
O001546,P00444,22,351.64,7736.08
O001546,P00125,10,284.14,2841.4
O001546,P00511,38,206.56,7849.28
O001546,P00301,32,64.3,2057.6
O001546,P00274,7,509.47,3566.29
O001547,P00085,35,512.81,17948.35
O001547,P00163,23,169.93,3908.39
O001547,P00403,32,236.99,7583.68
O001547,P00081,1,113.75,113.75
O001547,P00229,11,146.62,1612.82
O001547,P00526,47,264.73,12442.31
O001548,P00392,16,283.64,4538.24
O001548,P00263,34,445.08,15132.72
O001548,P00437,8,21.57,172.56
O001549,P00479,16,419.83,6717.28
O001549,P00146,30,78.23,2346.9
O001549,P00356,35,208.32,7291.2
O001549,P00396,38,81.31,3089.78
O001550,P00049,39,81.93,3195.27
O001550,P00333,19,415.97,7903.43
O001550,P00340,19,35.62,676.78
O001550,P00328,47,215.87,10145.89
O001551,P00240,29,9.2,266.8
O001551,P00347,50,575.44,28772.0
O001551,P00141,6,89.12,534.72
O001551,P00338,19,27.42,520.98
O001551,P00441,21,313.83,6590.43
O001552,P00394,14,137.68,1927.52
O001552,P00105,22,48.36,1063.92
O001553,P00166,23,414.53,9534.19
O001553,P00515,29,561.44,16281.76
O001554,P00228,7,216.79,1517.53
O001554,P00218,48,424.92,20396.16
O001554,P00359,2,411.0,822.0
O001554,P00587,40,10.31,412.4
O001554,P00112,2,372.36,744.72
O001554,P00149,34,308.53,10490.02
O001555,P00442,40,156.15,6246.0
O001556,P00219,20,472.64,9452.8
O001556,P00414,25,293.23,7330.75
O001556,P00467,3,369.38,1108.14
O001556,P00333,12,348.27,4179.24
O001556,P00106,50,291.14,14557.0
O001556,P00183,38,475.87,18083.06
O001557,P00079,26,403.93,10502.18
O001557,P00551,41,265.62,10890.42
O001557,P00203,29,292.52,8483.08
O001557,P00202,29,544.61,15793.69
O001558,P00140,4,112.19,448.76
O001559,P00415,41,262.53,10763.73
O001559,P00100,12,144.52,1734.24
O001560,P00134,30,118.9,3567.0
O001560,P00215,35,240.44,8415.4
O001560,P00013,10,30.44,304.4
O001560,P00581,14,262.78,3678.92
O001560,P00042,43,15.47,665.21
O001561,P00227,25,289.9,7247.5
O001561,P00206,44,205.16,9027.04
O001561,P00169,2,524.48,1048.96
O001561,P00026,17,459.54,7812.18
O001562,P00384,28,57.47,1609.16
O001562,P00418,27,151.06,4078.62
O001562,P00414,33,340.14,11224.62
O001562,P00543,24,212.97,5111.28
O001562,P00489,13,460.25,5983.25
O001563,P00187,45,189.64,8533.8
O001563,P00206,5,200.51,1002.55
O001563,P00088,45,285.97,12868.65
O001564,P00183,48,400.58,19227.84
O001565,P00306,34,369.82,12573.88
O001565,P00087,16,325.47,5207.52
O001565,P00229,7,124.66,872.62
O001565,P00534,1,211.36,211.36
O001565,P00594,47,220.07,10343.29
O001565,P00387,22,106.53,2343.66
O001566,P00042,45,16.44,739.8
O001566,P00202,25,572.59,14314.75
O001566,P00253,12,239.61,2875.32
O001566,P00204,49,267.57,13110.93
O001566,P00361,11,98.33,1081.63
O001566,P00443,6,60.34,362.04
O001567,P00363,2,381.07,762.14
O001568,P00411,13,136.5,1774.5
O001568,P00191,33,150.79,4976.07
O001568,P00434,33,376.72,12431.76
O001568,P00358,3,379.17,1137.51
O001568,P00345,5,172.99,864.95
O001569,P00477,36,57.27,2061.72
O001569,P00055,25,43.56,1089.0
O001569,P00317,23,72.3,1662.9
O001569,P00290,46,559.78,25749.88
O001570,P00395,24,109.67,2632.08
O001570,P00586,41,183.09,7506.69
O001570,P00549,40,451.54,18061.6
O001570,P00595,41,62.43,2559.63
O001570,P00431,15,94.57,1418.55
O001571,P00103,17,189.23,3216.91
O001572,P00096,7,496.65,3476.55
O001572,P00565,22,51.29,1128.38
O001572,P00549,30,484.0,14520.0
O001572,P00059,27,433.02,11691.54
O001572,P00566,4,355.43,1421.72
O001572,P00541,7,40.99,286.93
O001573,P00500,2,299.64,599.28
O001573,P00073,14,225.93,3163.02
O001573,P00574,33,384.42,12685.86
O001573,P00239,37,407.27,15068.99
O001573,P00094,33,31.32,1033.56
O001573,P00134,2,112.04,224.08
O001574,P00560,42,24.2,1016.4
O001574,P00531,23,87.07,2002.61
O001575,P00033,39,188.05,7333.95
O001575,P00086,18,144.02,2592.36
O001575,P00141,41,71.7,2939.7
O001575,P00273,40,98.39,3935.6
O001575,P00390,39,455.81,17776.59
O001575,P00426,14,33.64,470.96
O001576,P00022,16,81.07,1297.12
O001577,P00458,7,63.6,445.2
O001577,P00590,26,178.6,4643.6
O001577,P00368,47,197.58,9286.26
O001577,P00117,30,100.25,3007.5
O001578,P00491,36,179.86,6474.96
O001578,P00135,28,93.34,2613.52
O001578,P00438,27,463.02,12501.54
O001579,P00561,47,55.74,2619.78
O001579,P00431,47,110.9,5212.3
O001580,P00587,30,13.02,390.6
O001580,P00028,9,208.45,1876.05
O001580,P00571,4,437.83,1751.32
O001580,P00396,48,84.89,4074.72
O001581,P00027,19,540.01,10260.19
O001581,P00545,48,260.9,12523.2
O001582,P00210,2,275.4,550.8
O001582,P00425,41,112.59,4616.19
O001582,P00084,29,352.62,10225.98
O001582,P00127,40,229.49,9179.6
O001582,P00254,7,344.56,2411.92
O001583,P00200,13,414.08,5383.04
O001583,P00194,2,89.35,178.7
O001583,P00394,28,152.38,4266.64
O001584,P00417,47,380.17,17867.99
O001584,P00166,23,360.1,8282.3
O001585,P00217,31,105.59,3273.29
O001585,P00330,46,244.94,11267.24
O001585,P00187,9,235.4,2118.6
O001585,P00552,28,266.51,7462.28
O001585,P00359,39,382.83,14930.37
O001585,P00292,27,408.12,11019.24
O001586,P00397,35,26.8,938.0
O001586,P00044,31,55.49,1720.19
O001587,P00361,46,107.75,4956.5
O001587,P00217,49,106.8,5233.2
O001587,P00039,40,118.63,4745.2
O001587,P00042,11,15.48,170.28
O001587,P00416,40,318.69,12747.6
O001588,P00599,45,57.38,2582.1
O001588,P00294,24,172.12,4130.88
O001589,P00230,14,298.74,4182.36
O001590,P00068,48,398.13,19110.24
O001590,P00016,20,305.04,6100.8
O001590,P00476,4,106.5,426.0
O001590,P00263,8,466.74,3733.92
O001591,P00473,11,349.84,3848.24
O001591,P00253,10,219.0,2190.0
O001591,P00269,1,430.27,430.27
O001591,P00205,21,237.74,4992.54
O001591,P00210,19,299.4,5688.6
O001591,P00123,45,423.59,19061.55
O001592,P00135,42,98.66,4143.72
O001592,P00366,46,99.11,4559.06
O001592,P00181,16,210.19,3363.04
O001592,P00304,50,306.44,15322.0
O001593,P00074,21,374.8,7870.8
O001593,P00464,9,408.88,3679.92
O001593,P00059,49,497.0,24353.0
O001593,P00247,5,188.51,942.55
O001593,P00345,21,144.29,3030.09
O001594,P00141,28,87.85,2459.8
O001594,P00228,1,245.06,245.06
O001594,P00522,9,403.66,3632.94
O001594,P00420,10,249.17,2491.7
O001594,P00335,36,116.18,4182.48
O001594,P00160,25,142.97,3574.25
O001595,P00161,13,28.22,366.86
O001595,P00009,15,333.8,5007.0
O001595,P00280,28,197.44,5528.32
O001595,P00413,2,59.8,119.6
O001595,P00136,15,271.07,4066.05
O001595,P00432,25,548.35,13708.75
O001596,P00432,15,564.46,8466.9
O001596,P00008,6,450.0,2700.0
O001596,P00053,4,103.44,413.76
O001597,P00436,25,108.46,2711.5
O001597,P00458,49,71.25,3491.25
O001597,P00219,19,393.8,7482.2
O001598,P00564,32,149.33,4778.56
O001598,P00356,48,250.44,12021.12
O001598,P00264,17,219.81,3736.77
O001598,P00225,9,520.45,4684.05
O001598,P00409,31,427.34,13247.54
O001599,P00195,33,298.92,9864.36
O001599,P00525,24,264.12,6338.88
O001600,P00427,10,218.38,2183.8
O001600,P00234,35,419.26,14674.1
O001601,P00439,48,234.74,11267.52
O001601,P00022,35,77.34,2706.9
O001601,P00572,9,346.77,3120.93
O001601,P00328,15,188.54,2828.1
O001601,P00426,19,31.9,606.1
O001601,P00372,19,168.42,3199.98
O001602,P00395,4,116.03,464.12
O001602,P00288,36,211.04,7597.44
O001602,P00075,22,255.29,5616.38
O001602,P00406,10,387.81,3878.1
O001603,P00593,31,343.79,10657.49
O001603,P00389,47,61.45,2888.15
O001604,P00288,38,214.86,8164.68
O001604,P00020,11,425.15,4676.65
O001605,P00135,49,92.17,4516.33
O001605,P00561,16,54.85,877.6
O001605,P00514,8,115.84,926.72
O001606,P00430,31,116.69,3617.39
O001606,P00242,12,504.13,6049.56
O001606,P00538,37,378.64,14009.68
O001607,P00210,2,284.21,568.42
O001607,P00319,36,347.24,12500.64
O001607,P00349,48,414.93,19916.64
O001607,P00063,21,324.86,6822.06
O001608,P00307,24,260.95,6262.8
O001608,P00320,29,287.54,8338.66
O001608,P00308,28,91.35,2557.8
O001609,P00463,36,324.57,11684.52
O001610,P00168,42,198.25,8326.5
O001610,P00575,17,159.62,2713.54
O001610,P00214,16,312.96,5007.36
O001610,P00333,1,343.92,343.92
O001611,P00137,24,15.65,375.6
O001611,P00022,27,80.38,2170.26
O001611,P00172,17,225.21,3828.57
O001612,P00382,42,352.1,14788.2
O001612,P00545,20,215.12,4302.4
O001612,P00385,20,478.16,9563.2
O001612,P00456,35,114.78,4017.3
O001613,P00529,5,389.88,1949.4
O001613,P00298,11,156.83,1725.13
O001614,P00363,28,414.3,11600.4
O001614,P00497,18,354.81,6386.58
O001614,P00437,31,19.81,614.11
O001614,P00141,33,81.1,2676.3
O001615,P00453,22,67.65,1488.3
O001616,P00009,32,421.69,13494.08
O001616,P00368,8,169.91,1359.28
O001616,P00142,7,555.82,3890.74
O001617,P00293,33,230.65,7611.45
O001617,P00256,21,190.2,3994.2
O001617,P00391,11,421.73,4639.03
O001617,P00175,34,444.44,15110.96
O001618,P00020,38,377.36,14339.68
O001618,P00123,43,458.35,19709.05
O001618,P00263,28,459.06,12853.68
O001619,P00288,18,244.6,4402.8
O001619,P00408,24,107.76,2586.24
O001619,P00143,40,163.12,6524.8
O001619,P00056,23,168.92,3885.16
O001619,P00102,12,141.1,1693.2
O001619,P00352,46,263.43,12117.78
O001620,P00189,2,209.56,419.12
O001620,P00174,34,97.29,3307.86
O001620,P00414,32,294.81,9433.92
O001620,P00289,2,234.96,469.92
O001620,P00264,2,229.32,458.64
O001621,P00595,21,69.88,1467.48
O001621,P00157,44,136.19,5992.36
O001622,P00320,27,292.82,7906.14
O001622,P00111,32,155.13,4964.16
O001622,P00557,12,103.24,1238.88
O001622,P00436,6,86.01,516.06
O001622,P00263,13,442.52,5752.76
O001623,P00029,20,86.43,1728.6
O001624,P00195,43,264.32,11365.76
O001624,P00532,27,36.59,987.93
O001624,P00038,18,590.09,10621.62
O001624,P00302,24,242.28,5814.72
O001624,P00480,39,251.02,9789.78
O001624,P00397,43,27.08,1164.44
O001625,P00385,3,465.37,1396.11
O001625,P00460,1,170.61,170.61
O001625,P00086,32,137.89,4412.48
O001625,P00250,21,67.48,1417.08
O001625,P00135,7,94.0,658.0
O001626,P00216,45,84.79,3815.55
O001626,P00587,7,12.45,87.15
O001626,P00110,29,216.03,6264.87
O001626,P00568,9,162.05,1458.45
O001626,P00323,23,496.9,11428.7
O001626,P00287,45,579.38,26072.1
O001627,P00200,30,406.04,12181.2
O001627,P00492,16,195.42,3126.72
O001627,P00501,11,364.48,4009.28
O001627,P00222,23,130.52,3001.96
O001627,P00348,44,192.45,8467.8
O001627,P00006,14,182.32,2552.48
O001628,P00258,40,283.57,11342.8
O001628,P00326,14,26.01,364.14
O001628,P00583,17,27.65,470.05
O001628,P00517,5,83.91,419.55
O001629,P00156,6,81.03,486.18
O001629,P00291,45,100.03,4501.35
O001629,P00275,23,384.03,8832.69
O001629,P00044,16,61.65,986.4
O001629,P00133,4,26.14,104.56
O001629,P00062,25,288.01,7200.25
O001630,P00190,31,28.63,887.53
O001630,P00279,19,393.53,7477.07
O001630,P00323,28,424.74,11892.72
O001630,P00341,15,418.53,6277.95
O001630,P00001,20,279.85,5597.0
O001630,P00266,31,195.62,6064.22
O001631,P00468,21,454.65,9547.65
O001631,P00077,1,67.94,67.94
O001631,P00388,39,303.55,11838.45
O001632,P00059,49,475.78,23313.22
O001632,P00600,9,405.4,3648.6
O001633,P00590,33,161.84,5340.72
O001633,P00154,27,360.28,9727.56
O001634,P00005,8,67.47,539.76
O001634,P00469,42,334.78,14060.76
O001634,P00498,30,233.76,7012.8
O001634,P00318,49,147.72,7238.28
O001634,P00476,7,114.83,803.81
O001634,P00243,16,96.81,1548.96
O001635,P00236,27,194.52,5252.04
O001635,P00187,7,220.38,1542.66
O001635,P00454,48,277.18,13304.64
O001636,P00408,8,116.29,930.32
O001636,P00286,49,42.51,2082.99
O001636,P00244,39,470.95,18367.05
O001636,P00016,32,242.41,7757.12
O001636,P00468,39,456.08,17787.12
O001636,P00234,37,436.81,16161.97
O001637,P00323,8,502.18,4017.44
O001637,P00327,47,147.09,6913.23
O001637,P00163,13,160.6,2087.8
O001637,P00294,19,170.32,3236.08
O001638,P00237,41,280.48,11499.68
O001638,P00418,3,122.92,368.76
O001638,P00133,42,24.1,1012.2
O001639,P00533,45,133.66,6014.7
O001639,P00167,22,265.65,5844.3
O001640,P00275,24,308.14,7395.36
O001640,P00499,1,26.94,26.94
O001640,P00126,9,292.18,2629.62
O001640,P00297,46,343.54,15802.84
O001641,P00449,6,219.78,1318.68
O001641,P00064,41,408.53,16749.73
O001641,P00592,21,108.51,2278.71
O001642,P00205,42,238.29,10008.18
O001642,P00215,44,212.95,9369.8
O001642,P00270,2,122.92,245.84
O001642,P00505,11,69.06,759.66
O001642,P00503,22,265.4,5838.8
O001643,P00516,7,461.54,3230.78
O001644,P00434,48,390.2,18729.6
O001644,P00539,19,95.88,1821.72
O001644,P00178,31,596.41,18488.71
O001645,P00389,27,66.05,1783.35
O001645,P00041,1,301.79,301.79
O001645,P00003,29,299.85,8695.65
O001645,P00172,42,211.96,8902.32
O001645,P00552,1,306.29,306.29
O001645,P00534,39,207.38,8087.82
O001646,P00132,37,261.12,9661.44
O001646,P00105,21,47.38,994.98
O001646,P00541,30,42.69,1280.7
O001646,P00290,15,563.29,8449.35
O001647,P00415,33,263.33,8689.89
O001647,P00080,41,218.94,8976.54
O001647,P00236,20,153.99,3079.8
O001647,P00575,7,130.98,916.86
O001648,P00574,29,377.93,10959.97
O001648,P00330,36,232.69,8376.84
O001648,P00098,31,274.53,8510.43
O001648,P00598,2,388.12,776.24
O001648,P00551,5,231.07,1155.35
O001648,P00104,48,533.66,25615.68
O001649,P00588,41,221.87,9096.67
O001650,P00120,31,306.81,9511.11
O001650,P00581,4,300.81,1203.24
O001650,P00495,25,71.65,1791.25
O001650,P00523,32,90.66,2901.12
O001650,P00486,10,158.69,1586.9
O001651,P00248,8,439.35,3514.8
O001651,P00252,40,28.87,1154.8
O001651,P00151,41,480.03,19681.23
O001651,P00232,36,229.87,8275.32
O001652,P00346,32,350.81,11225.92
O001652,P00381,36,222.36,8004.96
O001652,P00393,2,221.14,442.28
O001652,P00052,1,401.66,401.66
O001652,P00325,29,62.29,1806.41
O001652,P00203,7,285.22,1996.54
O001653,P00283,29,463.96,13454.84
O001653,P00014,30,388.85,11665.5
O001653,P00233,4,275.26,1101.04
O001654,P00003,7,314.73,2203.11
O001654,P00286,31,36.31,1125.61
O001654,P00172,35,204.18,7146.3
O001654,P00066,38,106.03,4029.14
O001655,P00027,33,544.09,17954.97
O001655,P00010,29,314.35,9116.15
O001656,P00010,4,338.28,1353.12
O001657,P00105,28,48.2,1349.6
O001657,P00546,33,225.64,7446.12
O001658,P00356,22,238.12,5238.64
O001658,P00373,6,14.61,87.66
O001658,P00337,27,452.05,12205.35
O001658,P00438,37,495.35,18327.95
O001658,P00045,2,439.97,879.94
O001658,P00477,12,56.04,672.48
O001659,P00201,4,261.64,1046.56
O001659,P00277,37,220.09,8143.33
O001660,P00578,22,230.16,5063.52
O001660,P00076,25,389.74,9743.5
O001660,P00438,46,455.18,20938.28
O001660,P00327,33,136.33,4498.89
O001660,P00514,10,119.34,1193.4
O001660,P00048,33,110.72,3653.76
O001661,P00502,15,50.33,754.95
O001661,P00388,24,308.23,7397.52
O001661,P00055,35,45.51,1592.85
O001661,P00088,23,310.52,7141.96
O001662,P00078,33,270.25,8918.25
O001662,P00122,13,96.45,1253.85
O001662,P00425,47,127.32,5984.04
O001662,P00040,1,256.87,256.87
O001663,P00355,27,93.52,2525.04
O001663,P00291,29,108.4,3143.6
O001663,P00511,15,210.93,3163.95
O001663,P00083,30,396.67,11900.1
O001663,P00059,6,444.93,2669.58
O001664,P00246,35,145.34,5086.9
O001665,P00533,6,141.09,846.54
O001665,P00447,31,14.06,435.86
O001666,P00157,18,115.58,2080.44
O001666,P00402,24,239.93,5758.32
O001666,P00371,36,469.92,16917.12
O001666,P00263,31,491.17,15226.27
O001666,P00166,9,407.8,3670.2
O001666,P00457,18,156.9,2824.2
O001667,P00387,33,109.29,3606.57
O001667,P00360,1,48.68,48.68
O001667,P00466,13,218.86,2845.18
O001667,P00557,38,103.82,3945.16
O001667,P00028,16,254.14,4066.24
O001668,P00461,24,80.88,1941.12
O001668,P00159,40,322.25,12890.0
O001669,P00570,10,302.77,3027.7
O001669,P00192,30,255.85,7675.5
O001669,P00197,26,10.19,264.94
O001669,P00162,9,219.5,1975.5
O001670,P00164,2,441.97,883.94
O001670,P00267,48,464.41,22291.68
O001670,P00332,40,262.23,10489.2
O001670,P00308,4,99.46,397.84
O001671,P00485,22,200.44,4409.68
O001671,P00203,12,287.21,3446.52
O001671,P00189,43,229.21,9856.03
O001672,P00152,28,107.82,3018.96
O001672,P00181,13,236.38,3072.94
O001672,P00600,14,428.17,5994.38
O001672,P00336,26,79.75,2073.5
O001672,P00370,47,52.88,2485.36
O001673,P00019,26,266.02,6916.52
O001673,P00426,42,34.66,1455.72
O001673,P00584,10,197.12,1971.2
O001673,P00493,43,299.89,12895.27
O001674,P00015,26,212.3,5519.8
O001675,P00302,47,226.53,10646.91
O001675,P00064,7,376.45,2635.15
O001675,P00256,14,242.47,3394.58
O001675,P00583,49,29.58,1449.42
O001676,P00215,11,216.88,2385.68
O001676,P00540,10,79.71,797.1
O001676,P00072,40,128.26,5130.4
O001676,P00211,45,136.13,6125.85
O001677,P00216,44,87.89,3867.16
O001677,P00119,8,62.14,497.12
O001677,P00385,15,475.35,7130.25
O001677,P00260,8,549.13,4393.04
O001678,P00420,1,232.02,232.02
O001679,P00057,45,177.39,7982.55
O001679,P00392,42,266.28,11183.76
O001679,P00020,27,374.3,10106.1
O001679,P00381,32,196.43,6285.76
O001680,P00438,15,507.32,7609.8
O001680,P00354,12,171.48,2057.76
O001680,P00314,1,173.61,173.61
O001680,P00384,40,65.04,2601.6
O001680,P00228,3,234.21,702.63
O001681,P00300,27,44.31,1196.37
O001682,P00039,44,127.23,5598.12
O001683,P00519,34,257.84,8766.56
O001683,P00312,34,448.67,15254.78
O001684,P00520,37,219.7,8128.9
O001684,P00398,33,318.58,10513.14
O001684,P00310,25,69.25,1731.25
O001684,P00237,30,299.23,8976.9
O001685,P00360,4,51.17,204.68
O001685,P00073,11,209.24,2301.64
O001685,P00495,18,73.71,1326.78
O001686,P00158,17,294.83,5012.11
O001686,P00595,47,71.69,3369.43
O001686,P00456,49,117.59,5761.91
O001686,P00198,38,160.91,6114.58
O001686,P00179,8,206.03,1648.24
O001686,P00247,42,197.26,8284.92
O001687,P00480,31,249.42,7732.02
O001687,P00364,34,533.85,18150.9
O001687,P00492,32,201.34,6442.88
O001688,P00460,29,189.99,5509.71
O001688,P00192,9,290.43,2613.87
O001688,P00051,27,475.3,12833.1
O001688,P00391,49,413.04,20238.96
O001689,P00445,11,119.61,1315.71
O001689,P00553,8,62.93,503.44
O001689,P00330,30,220.4,6612.0
O001689,P00093,20,115.0,2300.0
O001689,P00015,21,229.18,4812.78
O001689,P00550,19,256.86,4880.34
O001690,P00596,40,419.04,16761.6
O001690,P00542,40,233.39,9335.6
O001690,P00115,1,379.46,379.46
O001690,P00370,45,51.26,2306.7
O001691,P00591,47,388.44,18256.68
O001692,P00313,27,44.43,1199.61
O001692,P00203,34,278.45,9467.3
O001692,P00031,23,132.26,3041.98
O001693,P00104,40,520.75,20830.0
O001693,P00375,12,23.65,283.8
O001693,P00318,37,176.36,6525.32
O001693,P00179,27,215.55,5819.85
O001694,P00041,2,375.71,751.42
O001694,P00473,29,367.31,10651.99
O001694,P00449,8,230.16,1841.28
O001695,P00552,13,269.65,3505.45
O001695,P00474,9,243.85,2194.65
O001695,P00554,15,256.07,3841.05
O001695,P00112,14,309.44,4332.16
O001695,P00195,37,285.1,10548.7
O001695,P00318,10,144.18,1441.8
O001696,P00233,25,253.44,6336.0
O001696,P00240,30,11.36,340.8
O001697,P00110,9,238.47,2146.23
O001697,P00177,47,548.19,25764.93
O001697,P00590,49,164.13,8042.37
O001697,P00039,17,129.36,2199.12
O001697,P00003,10,301.29,3012.9
O001698,P00347,21,532.89,11190.69
O001698,P00496,16,23.39,374.24
O001698,P00292,8,358.97,2871.76
O001699,P00562,43,51.12,2198.16
O001699,P00575,43,147.52,6343.36
O001699,P00309,49,238.91,11706.59
O001700,P00581,39,330.51,12889.89
O001700,P00240,12,9.2,110.4
O001701,P00404,20,356.49,7129.8
O001701,P00144,19,107.71,2046.49
O001701,P00399,18,556.54,10017.72
O001701,P00163,34,183.17,6227.78
O001702,P00120,31,292.76,9075.56
O001702,P00040,46,258.04,11869.84
O001702,P00555,35,195.24,6833.4
O001703,P00508,8,281.88,2255.04
O001703,P00090,34,546.52,18581.68
O001704,P00416,43,307.53,13223.79
O001704,P00386,33,255.03,8415.99
O001704,P00268,4,173.47,693.88
O001704,P00161,14,34.26,479.64
O001704,P00122,13,92.76,1205.88
O001705,P00422,36,321.82,11585.52
O001705,P00008,31,468.27,14516.37
O001705,P00191,37,162.08,5996.96
O001706,P00453,41,63.18,2590.38
O001706,P00301,29,52.57,1524.53
O001706,P00041,34,300.42,10214.28
O001707,P00498,22,281.42,6191.24
O001707,P00289,6,232.09,1392.54
O001708,P00144,31,99.03,3069.93
O001708,P00172,44,228.27,10043.88
O001708,P00229,1,137.81,137.81
O001708,P00399,9,465.3,4187.7
O001708,P00425,4,115.23,460.92
O001708,P00214,8,335.37,2682.96
O001709,P00365,50,245.67,12283.5
O001709,P00152,13,111.01,1443.13
O001709,P00417,34,335.86,11419.24
O001709,P00316,6,247.2,1483.2
O001709,P00596,20,512.89,10257.8
O001709,P00059,41,455.08,18658.28
O001710,P00512,44,212.89,9367.16
O001710,P00375,38,28.13,1068.94
O001710,P00056,47,149.67,7034.49
O001710,P00280,27,239.82,6475.14
O001710,P00271,48,242.63,11646.24
O001710,P00187,37,189.38,7007.06
O001711,P00026,13,465.76,6054.88
O001711,P00121,19,115.76,2199.44
O001711,P00437,23,18.2,418.6
O001712,P00433,17,516.45,8779.65
O001712,P00131,4,72.86,291.44
O001712,P00422,50,328.46,16423.0
O001712,P00083,35,366.7,12834.5
O001712,P00028,47,212.52,9988.44
O001713,P00244,37,407.77,15087.49
O001713,P00070,12,57.78,693.36
O001713,P00010,28,343.31,9612.68
O001713,P00301,20,64.86,1297.2
O001713,P00255,31,221.49,6866.19
O001713,P00221,39,339.93,13257.27
O001714,P00319,2,333.21,666.42
O001714,P00400,33,460.24,15187.92
O001714,P00006,11,190.19,2092.09
O001714,P00348,36,190.95,6874.2
O001715,P00184,35,24.64,862.4
O001715,P00065,47,299.83,14092.01
O001715,P00331,25,366.43,9160.75
O001715,P00016,13,256.41,3333.33
O001715,P00468,15,552.09,8281.35
O001716,P00030,8,453.76,3630.08
O001716,P00389,2,60.65,121.3
O001716,P00084,22,365.5,8041.0
O001716,P00193,31,159.62,4948.22
O001716,P00536,29,170.9,4956.1
O001716,P00254,12,418.18,5018.16
O001717,P00173,28,236.73,6628.44
O001718,P00228,33,213.21,7035.93
O001718,P00221,8,283.53,2268.24
O001718,P00090,21,535.32,11241.72
O001718,P00200,8,462.63,3701.04
O001718,P00330,21,243.36,5110.56
O001719,P00326,30,22.42,672.6
O001719,P00512,45,235.0,10575.0
O001719,P00063,35,375.76,13151.6
O001719,P00099,27,369.72,9982.44
O001719,P00047,34,121.84,4142.56
O001720,P00003,1,309.05,309.05
O001720,P00428,38,63.95,2430.1
O001720,P00412,25,354.57,8864.25
O001720,P00354,20,160.4,3208.0
O001720,P00534,22,221.51,4873.22
O001720,P00298,48,126.79,6085.92
O001721,P00137,13,15.81,205.53
O001721,P00307,5,250.21,1251.05
O001721,P00043,11,55.21,607.31
O001721,P00071,21,324.17,6807.57
O001722,P00463,9,385.25,3467.25
O001722,P00035,11,224.16,2465.76
O001722,P00151,29,466.1,13516.9
O001722,P00259,22,269.46,5928.12
O001722,P00215,17,257.61,4379.37
O001723,P00266,4,191.94,767.76
O001723,P00012,41,529.36,21703.76
O001723,P00545,26,252.98,6577.48
O001724,P00321,32,272.69,8726.08
O001724,P00542,46,244.35,11240.1
O001724,P00192,44,297.22,13077.68
O001724,P00447,6,15.46,92.76
O001724,P00388,18,307.67,5538.06
O001724,P00167,35,265.4,9289.0
O001725,P00578,23,266.91,6138.93
O001725,P00163,35,197.15,6900.25
O001725,P00192,44,281.87,12402.28
O001725,P00375,7,25.36,177.52
O001725,P00406,31,398.21,12344.51
O001725,P00295,40,407.0,16280.0
O001726,P00476,36,122.37,4405.32
O001726,P00473,11,409.14,4500.54
O001727,P00073,15,229.11,3436.65
O001727,P00091,45,187.14,8421.3
O001728,P00286,12,39.17,470.04
O001728,P00217,45,103.01,4635.45
O001728,P00545,5,218.15,1090.75
O001728,P00129,22,224.73,4944.06
O001728,P00103,46,229.52,10557.92
O001729,P00326,39,26.93,1050.27
O001730,P00210,33,288.84,9531.72
O001730,P00347,25,628.06,15701.5
O001730,P00106,1,230.14,230.14
O001730,P00503,17,227.68,3870.56
O001731,P00500,32,298.75,9560.0
O001732,P00047,3,124.51,373.53
O001732,P00399,10,537.85,5378.5
O001732,P00538,37,421.17,15583.29
O001732,P00094,1,38.32,38.32
O001732,P00560,45,29.49,1327.05
O001733,P00454,30,263.98,7919.4
O001734,P00155,4,159.0,636.0
O001734,P00106,4,277.65,1110.6
O001734,P00002,42,468.5,19677.0
O001734,P00187,43,211.27,9084.61
O001734,P00188,5,300.79,1503.95
O001734,P00172,46,237.6,10929.6
O001735,P00389,22,64.35,1415.7
O001735,P00014,41,377.52,15478.32
O001735,P00303,47,206.75,9717.25
O001735,P00319,20,363.96,7279.2
O001735,P00273,4,96.8,387.2
O001736,P00319,41,384.4,15760.4
O001737,P00102,2,141.97,283.94
O001737,P00544,32,422.67,13525.44
O001737,P00007,33,420.58,13879.14
O001737,P00569,49,290.25,14222.25
O001737,P00389,41,55.26,2265.66
O001738,P00276,44,318.37,14008.28
O001739,P00226,32,8.97,287.04
O001739,P00575,43,163.11,7013.73
O001739,P00520,34,230.3,7830.2
O001739,P00387,40,119.37,4774.8
O001739,P00161,42,34.4,1444.8
O001739,P00321,16,279.08,4465.28
O001740,P00326,41,25.38,1040.58
O001740,P00362,45,98.78,4445.1
O001741,P00171,43,226.03,9719.29
O001741,P00566,31,314.71,9756.01
O001741,P00004,18,122.64,2207.52
O001741,P00290,1,534.26,534.26
O001741,P00291,16,96.13,1538.08
O001742,P00521,4,324.86,1299.44
O001742,P00136,22,244.82,5386.04
O001742,P00203,30,281.08,8432.4
O001742,P00313,10,44.76,447.6
O001742,P00578,45,240.84,10837.8
O001742,P00364,6,554.26,3325.56
O001743,P00032,1,343.22,343.22
O001743,P00561,2,46.76,93.52
O001743,P00493,4,277.78,1111.12
O001743,P00044,36,56.03,2017.08
O001744,P00360,30,56.47,1694.1
O001744,P00163,9,185.89,1673.01
O001744,P00486,44,149.36,6571.84
O001744,P00496,11,24.73,272.03
O001745,P00220,22,160.42,3529.24
O001745,P00120,47,252.86,11884.42
O001745,P00479,24,406.25,9750.0
O001745,P00209,5,286.19,1430.95
O001746,P00355,40,102.09,4083.6
O001746,P00316,35,247.54,8663.9
O001746,P00273,23,87.26,2006.98
O001747,P00386,30,285.14,8554.2
O001747,P00154,49,297.58,14581.42
O001747,P00352,4,241.67,966.68
O001748,P00476,14,113.66,1591.24
O001748,P00076,10,353.56,3535.6
O001748,P00488,8,87.24,697.92
O001749,P00396,13,77.31,1005.03
O001750,P00210,16,286.15,4578.4
O001750,P00195,22,267.89,5893.58
O001750,P00350,16,395.21,6323.36
O001750,P00080,19,224.11,4258.09
O001750,P00464,28,358.89,10048.92
O001750,P00318,28,146.57,4103.96
O001751,P00043,14,50.64,708.96
O001751,P00428,47,58.39,2744.33
O001751,P00535,25,311.2,7780.0
O001751,P00205,17,277.28,4713.76
O001751,P00346,16,341.24,5459.84
O001751,P00575,12,162.0,1944.0
O001752,P00251,46,310.65,14289.9
O001752,P00060,6,181.7,1090.2
O001752,P00118,16,516.67,8266.72
O001752,P00232,2,248.42,496.84
O001752,P00266,37,199.1,7366.7
O001753,P00190,4,28.77,115.08
O001753,P00340,6,35.9,215.4
O001754,P00013,47,28.4,1334.8
O001754,P00056,43,149.93,6446.99
O001754,P00390,40,481.44,19257.6
O001754,P00480,42,261.52,10983.84
O001755,P00283,4,416.31,1665.24
O001755,P00004,37,139.61,5165.57
O001755,P00432,3,559.58,1678.74
O001755,P00313,1,37.76,37.76
O001755,P00272,40,99.5,3980.0
O001755,P00213,24,409.03,9816.72
O001756,P00270,20,134.56,2691.2
O001756,P00079,25,377.22,9430.5
O001756,P00306,18,332.15,5978.7
O001757,P00163,27,158.44,4277.88
O001757,P00292,24,353.66,8487.84
O001757,P00526,30,242.87,7286.1
O001757,P00306,36,310.05,11161.8
O001757,P00466,23,210.83,4849.09
O001757,P00346,41,314.98,12914.18
O001758,P00291,6,100.55,603.3
O001758,P00529,5,307.91,1539.55
O001759,P00454,3,250.61,751.83
O001759,P00072,34,127.83,4346.22
O001759,P00596,30,517.13,15513.9
O001759,P00066,12,90.88,1090.56
O001759,P00078,48,267.12,12821.76
O001760,P00073,27,247.4,6679.8
O001760,P00212,25,33.96,849.0
O001760,P00297,28,332.35,9305.8
O001760,P00181,45,241.53,10868.85
O001761,P00007,41,416.14,17061.74
O001762,P00040,2,248.03,496.06
O001763,P00229,27,120.71,3259.17
O001763,P00248,1,423.81,423.81
O001763,P00313,7,40.68,284.76
O001763,P00395,46,110.53,5084.38
O001763,P00382,2,351.51,703.02
O001764,P00362,43,98.02,4214.86
O001764,P00316,10,225.23,2252.3
O001765,P00366,22,95.23,2095.06
O001765,P00124,25,427.63,10690.75
O001765,P00290,11,539.98,5939.78
O001765,P00370,38,58.88,2237.44
O001766,P00144,5,93.46,467.3
O001766,P00051,35,479.14,16769.9
O001766,P00104,28,601.4,16839.2
O001767,P00494,31,167.44,5190.64
O001767,P00033,5,192.62,963.1
O001768,P00032,14,424.22,5939.08
O001768,P00319,2,320.04,640.08
O001769,P00092,42,17.28,725.76
O001769,P00261,7,379.41,2655.87
O001769,P00146,33,77.66,2562.78
O001769,P00518,12,217.28,2607.36
O001770,P00311,1,326.09,326.09
O001770,P00182,14,138.79,1943.06
O001770,P00323,3,457.29,1371.87
O001770,P00128,48,347.71,16690.08
O001770,P00582,32,217.57,6962.24
O001770,P00310,49,84.31,4131.19
O001771,P00386,47,306.28,14395.16
O001771,P00277,42,207.8,8727.6
O001771,P00094,48,38.99,1871.52
O001771,P00098,10,258.92,2589.2
O001772,P00107,49,32.23,1579.27
O001772,P00244,47,427.27,20081.69
O001773,P00389,15,60.45,906.75
O001773,P00381,11,205.61,2261.71
O001773,P00095,14,228.37,3197.18
O001773,P00455,8,397.46,3179.68
O001774,P00071,15,281.63,4224.45
O001774,P00193,5,190.31,951.55
O001774,P00582,26,174.98,4549.48
O001774,P00320,15,278.87,4183.05
O001774,P00594,8,220.41,1763.28
O001774,P00173,25,213.72,5343.0
O001775,P00203,34,247.45,8413.3
O001775,P00408,4,119.55,478.2
O001775,P00069,32,74.2,2374.4
O001776,P00327,4,131.32,525.28
O001776,P00129,42,244.91,10286.22
O001776,P00038,43,494.3,21254.9
O001776,P00076,45,366.84,16507.8
O001776,P00451,29,78.9,2288.1
O001776,P00234,33,442.39,14598.87
O001777,P00336,35,82.35,2882.25
O001777,P00307,30,254.06,7621.8
O001777,P00399,33,557.92,18411.36
O001777,P00386,40,265.9,10636.0
O001777,P00429,24,144.94,3478.56
O001778,P00433,6,437.74,2626.44
O001779,P00494,43,157.72,6781.96
O001779,P00234,48,352.75,16932.0
O001779,P00259,48,224.83,10791.84
O001779,P00501,31,292.02,9052.62
O001780,P00067,41,10.32,423.12
O001780,P00125,37,306.66,11346.42
O001780,P00232,21,230.3,4836.3
O001781,P00158,27,298.91,8070.57
O001781,P00486,40,155.8,6232.0
O001781,P00035,50,247.94,12397.0
O001781,P00354,2,145.41,290.82
O001781,P00067,15,12.27,184.05
O001782,P00544,27,376.51,10165.77
O001782,P00293,42,270.13,11345.46
O001782,P00227,44,241.06,10606.64
O001783,P00449,29,227.89,6608.81
O001783,P00094,7,32.45,227.15
O001783,P00555,37,185.35,6857.95
O001783,P00591,10,362.67,3626.7
O001784,P00156,31,79.32,2458.92
O001784,P00363,24,400.24,9605.76
O001784,P00007,39,422.74,16486.86
O001784,P00405,13,66.64,866.32
O001784,P00179,21,218.71,4592.91
O001785,P00177,27,507.27,13696.29
O001785,P00337,31,392.38,12163.78
O001785,P00297,49,392.28,19221.72
O001785,P00027,18,557.18,10029.24
O001786,P00509,31,90.61,2808.91
O001787,P00395,49,112.92,5533.08
O001787,P00551,43,251.53,10815.79
O001788,P00178,29,558.49,16196.21
O001788,P00393,32,222.12,7107.84
O001788,P00014,6,354.01,2124.06
O001788,P00353,22,466.95,10272.9
O001788,P00003,17,340.7,5791.9
O001789,P00328,30,185.38,5561.4
O001789,P00383,10,11.29,112.9
O001789,P00150,24,194.45,4666.8
O001790,P00241,48,137.31,6590.88
O001790,P00026,13,449.79,5847.27
O001791,P00480,48,259.14,12438.72
O001791,P00034,36,204.49,7361.64
O001791,P00473,22,337.64,7428.08
O001792,P00538,44,333.11,14656.84
O001793,P00046,2,274.89,549.78
O001793,P00392,15,235.54,3533.1
O001793,P00063,10,375.45,3754.5
O001793,P00480,15,266.22,3993.3
O001793,P00011,26,293.13,7621.38
O001793,P00072,3,108.26,324.78
O001794,P00083,37,356.43,13187.91
O001794,P00221,45,322.5,14512.5
O001794,P00012,31,425.17,13180.27
O001794,P00478,14,222.81,3119.34
O001794,P00179,40,201.94,8077.6
O001794,P00022,43,83.67,3597.81
O001795,P00018,13,376.81,4898.53
O001795,P00047,29,145.55,4220.95
O001795,P00540,20,79.72,1594.4
O001795,P00214,49,311.51,15263.99
O001795,P00414,19,306.25,5818.75
O001796,P00122,30,75.14,2254.2
O001796,P00227,5,249.02,1245.1
O001797,P00322,19,31.0,589.0
O001797,P00592,3,108.1,324.3
O001797,P00173,2,223.23,446.46
O001797,P00014,1,376.99,376.99
O001798,P00514,8,106.45,851.6
O001798,P00371,18,517.63,9317.34
O001798,P00557,36,108.71,3913.56
O001798,P00249,29,326.85,9478.65
O001798,P00042,28,19.48,545.44
O001798,P00499,15,29.72,445.8
O001799,P00312,47,558.42,26245.74
O001799,P00483,25,416.45,10411.25
O001800,P00485,9,206.43,1857.87
O001800,P00470,41,183.98,7543.18
O001801,P00600,30,452.13,13563.9
O001801,P00226,14,10.13,141.82
O001801,P00452,1,69.59,69.59
O001801,P00222,21,143.55,3014.55
O001801,P00555,30,181.51,5445.3
O001801,P00208,35,478.63,16752.05
O001802,P00139,44,303.39,13349.16
O001802,P00558,18,375.76,6763.68
O001802,P00557,15,110.14,1652.1
O001803,P00187,24,204.27,4902.48
O001803,P00295,18,412.76,7429.68
O001803,P00119,40,67.09,2683.6
O001803,P00081,23,108.15,2487.45
O001804,P00488,7,76.07,532.49
O001805,P00348,30,183.05,5491.5
O001805,P00251,46,316.47,14557.62
O001805,P00464,27,413.74,11170.98
O001805,P00112,1,376.03,376.03
O001805,P00392,19,239.61,4552.59
O001806,P00504,1,527.33,527.33
O001806,P00382,10,357.03,3570.3
O001806,P00071,7,307.31,2151.17
O001806,P00380,27,270.82,7312.14
O001806,P00094,26,32.45,843.7
O001806,P00009,20,336.34,6726.8
O001807,P00038,15,582.15,8732.25
O001807,P00215,40,211.43,8457.2
O001807,P00428,32,58.36,1867.52
O001807,P00163,18,178.28,3209.04
O001808,P00032,44,381.92,16804.48
O001808,P00582,7,196.02,1372.14
O001808,P00098,26,241.64,6282.64
O001808,P00549,41,486.42,19943.22
O001808,P00159,18,307.65,5537.7
O001808,P00043,40,45.86,1834.4
O001809,P00316,41,233.56,9575.96
O001809,P00474,6,240.09,1440.54
O001809,P00171,45,184.53,8303.85
O001809,P00346,15,286.46,4296.9
O001810,P00109,26,68.57,1782.82
O001810,P00129,9,253.62,2282.58
O001810,P00319,20,373.82,7476.4
O001810,P00188,28,334.46,9364.88
O001810,P00443,7,65.88,461.16
O001811,P00517,41,82.55,3384.55
O001811,P00482,45,80.14,3606.3
O001812,P00190,46,25.64,1179.44
O001812,P00089,42,221.24,9292.08
O001812,P00573,10,141.29,1412.9
O001813,P00503,38,238.84,9075.92
O001814,P00466,41,225.24,9234.84
O001814,P00135,11,92.45,1016.95
O001814,P00240,43,9.15,393.45
O001814,P00520,1,207.15,207.15
O001815,P00549,23,502.63,11560.49
O001815,P00575,40,157.72,6308.8
O001815,P00474,13,264.63,3440.19
O001816,P00508,35,229.42,8029.7
O001816,P00018,23,437.83,10070.09
O001816,P00133,7,26.68,186.76
O001816,P00193,40,188.32,7532.8
O001816,P00299,12,57.1,685.2
O001817,P00140,41,101.87,4176.67
O001817,P00450,7,31.53,220.71
O001817,P00369,10,130.1,1301.0
O001817,P00267,28,422.58,11832.24
O001818,P00515,44,447.15,19674.6
O001819,P00438,36,567.92,20445.12
O001819,P00540,10,69.33,693.3
O001819,P00030,21,552.49,11602.29
O001820,P00036,11,38.06,418.66
O001820,P00103,22,204.72,4503.84
O001820,P00291,28,93.73,2624.44
O001821,P00125,47,272.7,12816.9
O001821,P00515,50,553.82,27691.0
O001821,P00278,3,182.17,546.51
O001822,P00230,49,274.19,13435.31
O001822,P00334,29,6.25,181.25
O001822,P00415,26,253.59,6593.34
O001822,P00126,48,269.47,12934.56
O001822,P00293,12,262.13,3145.56
O001823,P00271,14,261.47,3660.58
O001823,P00038,42,507.68,21322.56
O001824,P00578,24,238.48,5723.52
O001824,P00461,25,90.23,2255.75
O001824,P00016,26,275.33,7158.58
O001824,P00199,2,355.29,710.58
O001824,P00056,2,166.26,332.52
O001825,P00334,44,5.11,224.84
O001826,P00425,17,135.77,2308.09
O001826,P00256,33,212.12,6999.96
O001826,P00255,5,251.49,1257.45
O001826,P00116,35,171.72,6010.2
O001826,P00085,9,462.59,4163.31
O001827,P00493,33,267.56,8829.48
O001827,P00232,2,201.66,403.32
O001827,P00275,10,314.51,3145.1
O001828,P00338,47,32.26,1516.22
O001828,P00340,35,31.65,1107.75
O001828,P00189,18,199.82,3596.76
O001828,P00299,32,68.35,2187.2
O001828,P00076,44,404.79,17810.76
O001829,P00538,50,405.76,20288.0
O001829,P00441,12,359.67,4316.04
O001830,P00483,48,464.45,22293.6
O001831,P00316,35,236.8,8288.0
O001831,P00244,41,466.57,19129.37
O001831,P00314,7,156.68,1096.76
O001831,P00253,40,220.1,8804.0
O001832,P00447,14,17.33,242.62
O001832,P00369,19,154.15,2928.85
O001832,P00554,9,262.6,2363.4
O001832,P00315,16,356.42,5702.72
O001832,P00397,24,28.54,684.96
O001833,P00469,2,369.17,738.34
O001834,P00393,26,228.0,5928.0
O001834,P00547,47,447.15,21016.05
O001834,P00585,48,8.51,408.48
O001835,P00186,49,29.29,1435.21
O001836,P00515,48,446.61,21437.28
O001836,P00259,1,272.92,272.92
O001836,P00313,35,44.18,1546.3
O001836,P00477,10,54.42,544.2
O001836,P00572,44,377.04,16589.76
O001837,P00061,45,558.42,25128.9
O001837,P00075,3,305.2,915.6
O001837,P00022,28,81.79,2290.12
O001837,P00288,34,223.1,7585.4
O001837,P00542,48,238.5,11448.0
O001837,P00388,8,305.73,2445.84
O001838,P00485,21,196.63,4129.23
O001838,P00087,10,302.3,3023.0
O001838,P00093,19,115.57,2195.83
O001839,P00528,47,406.97,19127.59
O001840,P00118,50,442.77,22138.5
O001840,P00157,12,122.22,1466.64
O001840,P00059,46,460.4,21178.4
O001841,P00319,14,382.13,5349.82
O001841,P00068,5,413.81,2069.05
O001842,P00261,8,379.61,3036.88
O001842,P00537,39,185.83,7247.37
O001842,P00230,1,253.14,253.14
O001842,P00575,41,130.99,5370.59
O001842,P00023,20,350.72,7014.4
O001843,P00154,46,364.33,16759.18
O001843,P00077,34,60.46,2055.64
O001843,P00112,38,360.99,13717.62
O001843,P00229,13,119.66,1555.58
O001844,P00568,42,144.99,6089.58
O001844,P00099,49,349.76,17138.24
O001844,P00084,21,369.93,7768.53
O001844,P00175,28,449.4,12583.2
O001844,P00166,44,387.06,17030.64
O001845,P00167,22,275.15,6053.3
O001845,P00225,14,584.06,8176.84
O001846,P00153,37,252.75,9351.75
O001846,P00424,35,313.27,10964.45
O001846,P00369,44,162.45,7147.8
O001846,P00559,19,81.55,1549.45
O001847,P00296,44,280.57,12345.08
O001847,P00555,6,183.17,1099.02
O001848,P00154,33,334.38,11034.54
O001848,P00225,11,586.43,6450.73
O001848,P00026,40,520.24,20809.6
O001848,P00141,32,74.76,2392.32
O001848,P00240,27,10.29,277.83
O001849,P00064,29,409.89,11886.81
O001850,P00190,26,27.62,718.12
O001850,P00314,32,151.9,4860.8
O001850,P00434,1,426.9,426.9
O001850,P00213,20,410.89,8217.8
O001850,P00393,10,218.39,2183.9
O001851,P00432,44,527.32,23202.08
O001851,P00468,42,462.64,19430.88
O001852,P00230,15,285.08,4276.2
O001852,P00170,30,210.79,6323.7
O001852,P00107,43,31.56,1357.08
O001852,P00027,19,536.81,10199.39
O001852,P00143,27,144.72,3907.44
O001852,P00514,3,111.91,335.73
O001853,P00252,28,30.53,854.84
O001853,P00410,46,217.2,9991.2
O001853,P00120,32,294.07,9410.24
O001853,P00207,28,538.7,15083.6
O001853,P00557,50,93.5,4675.0
O001853,P00427,38,187.79,7136.02
O001854,P00288,20,203.58,4071.6
O001854,P00018,45,362.04,16291.8
O001854,P00144,17,111.12,1889.04
O001854,P00373,35,12.93,452.55
O001854,P00427,22,213.76,4702.72
O001854,P00307,5,265.34,1326.7
O001855,P00126,20,269.27,5385.4
O001855,P00578,19,239.11,4543.09
O001855,P00593,3,367.85,1103.55
O001855,P00006,45,192.69,8671.05
O001856,P00492,10,178.36,1783.6
O001856,P00111,48,150.37,7217.76
O001856,P00171,12,231.8,2781.6
O001856,P00444,19,333.14,6329.66
O001856,P00347,17,642.46,10921.82
O001857,P00072,3,119.25,357.75
O001857,P00318,25,147.81,3695.25
O001858,P00014,7,430.02,3010.14
O001858,P00102,26,130.75,3399.5
O001858,P00105,50,46.79,2339.5
O001859,P00391,3,375.96,1127.88
O001859,P00062,7,288.31,2018.17
O001860,P00209,4,272.51,1090.04
O001860,P00322,9,33.0,297.0
O001860,P00523,30,100.76,3022.8
O001860,P00344,18,114.17,2055.06
O001860,P00266,3,173.68,521.04
O001860,P00550,31,246.68,7647.08
O001861,P00198,16,188.81,3020.96
O001861,P00160,7,160.93,1126.51
O001862,P00229,50,145.54,7277.0
O001863,P00464,20,410.51,8210.2
O001863,P00471,38,334.84,12723.92
O001863,P00003,20,343.06,6861.2
O001863,P00376,25,158.57,3964.25
O001863,P00334,32,5.4,172.8
O001863,P00438,37,513.94,19015.78
O001864,P00402,16,223.24,3571.84
O001864,P00190,46,23.87,1098.02
O001864,P00170,43,223.99,9631.57
O001864,P00482,36,70.55,2539.8
O001864,P00264,7,213.6,1495.2
O001864,P00219,28,476.54,13343.12
O001865,P00287,9,592.23,5330.07
O001865,P00042,22,16.21,356.62
O001865,P00594,12,239.67,2876.04
O001865,P00319,41,356.6,14620.6
O001865,P00434,8,393.28,3146.24
O001865,P00248,49,408.53,20017.97
O001866,P00536,28,164.28,4599.84
O001866,P00581,4,269.28,1077.12
O001866,P00500,40,291.89,11675.6
O001866,P00292,37,370.89,13722.93
O001866,P00155,42,149.67,6286.14
O001867,P00406,31,416.35,12906.85
O001867,P00074,9,320.95,2888.55
O001867,P00379,19,304.64,5788.16
O001867,P00584,44,189.81,8351.64
O001867,P00350,35,426.44,14925.4
O001868,P00122,23,83.44,1919.12
O001868,P00491,8,162.12,1296.96
O001868,P00346,22,299.0,6578.0
O001869,P00495,8,81.24,649.92
O001870,P00246,36,120.73,4346.28
O001870,P00103,16,188.06,3008.96
O001871,P00291,25,109.28,2732.0
O001872,P00052,47,422.66,19865.02
O001872,P00061,28,588.2,16469.6
O001872,P00008,47,449.15,21110.05
O001873,P00412,1,315.18,315.18
O001873,P00330,49,215.15,10542.35
O001874,P00051,2,475.61,951.22
O001874,P00474,4,229.92,919.68
O001874,P00073,44,223.38,9828.72
O001874,P00368,43,205.67,8843.81
O001875,P00506,20,50.71,1014.2
O001876,P00100,45,126.87,5709.15
O001876,P00501,2,360.35,720.7
O001876,P00306,23,311.1,7155.3
O001876,P00087,5,295.64,1478.2
O001876,P00158,31,316.26,9804.06
O001876,P00508,13,257.74,3350.62
O001877,P00558,29,425.85,12349.65
O001877,P00439,10,221.52,2215.2
O001878,P00356,28,232.08,6498.24
O001878,P00267,31,427.01,13237.31
O001879,P00193,14,168.12,2353.68
O001879,P00052,14,364.52,5103.28
O001879,P00263,13,487.26,6334.38
O001879,P00047,7,145.99,1021.93
O001880,P00554,4,265.56,1062.24
O001880,P00392,35,236.99,8294.65
O001880,P00490,2,170.18,340.36
O001881,P00200,20,453.38,9067.6
O001881,P00075,20,286.04,5720.8
O001881,P00577,41,483.48,19822.68
O001882,P00243,34,99.03,3367.02
O001883,P00140,34,103.7,3525.8
O001883,P00474,25,259.48,6487.0
O001883,P00284,35,444.91,15571.85
O001883,P00543,29,204.45,5929.05
O001884,P00228,13,228.64,2972.32
O001885,P00463,16,373.04,5968.64
O001885,P00044,16,60.02,960.32
O001885,P00036,30,32.24,967.2
O001885,P00103,18,190.38,3426.84
O001885,P00401,5,197.37,986.85
O001886,P00045,28,373.38,10454.64
O001886,P00462,43,286.87,12335.41
O001886,P00291,45,88.65,3989.25
O001887,P00147,9,66.7,600.3
O001887,P00267,45,413.85,18623.25
O001887,P00209,30,297.81,8934.3
O001887,P00499,19,30.71,583.49
O001888,P00321,12,300.03,3600.36
O001888,P00567,14,351.11,4915.54
O001888,P00027,32,468.79,15001.28
O001888,P00505,32,78.38,2508.16
O001889,P00388,33,311.98,10295.34
O001889,P00354,22,152.31,3350.82
O001889,P00527,50,308.41,15420.5
O001889,P00456,49,119.65,5862.85
O001889,P00515,31,528.38,16379.78
O001890,P00392,41,287.54,11789.14
O001891,P00592,30,86.53,2595.9
O001891,P00477,38,48.03,1825.14
O001892,P00161,1,35.54,35.54
O001893,P00395,24,107.76,2586.24
O001893,P00162,40,204.61,8184.4
O001893,P00416,22,306.17,6735.74
O001893,P00251,8,298.76,2390.08
O001893,P00438,10,501.13,5011.3
O001894,P00440,26,70.06,1821.56
O001894,P00298,2,136.02,272.04
O001894,P00121,20,112.31,2246.2
O001894,P00183,16,498.83,7981.28
O001894,P00546,40,208.09,8323.6
O001895,P00504,11,472.45,5196.95
O001896,P00215,41,226.29,9277.89
O001896,P00465,23,168.64,3878.72
O001897,P00223,35,407.51,14262.85
O001897,P00125,46,338.84,15586.64
O001897,P00592,46,106.37,4893.02
O001897,P00220,10,159.98,1599.8
O001897,P00151,16,445.79,7132.64
O001897,P00321,16,298.38,4774.08
O001898,P00315,3,301.75,905.25
O001898,P00409,23,470.49,10821.27
O001898,P00266,50,198.8,9940.0
O001898,P00436,15,92.8,1392.0
O001899,P00089,24,235.58,5653.92
O001900,P00325,40,64.28,2571.2
O001900,P00444,43,281.21,12092.03
O001900,P00024,23,348.99,8026.77
O001900,P00021,22,205.52,4521.44
O001901,P00092,23,17.97,413.31
O001901,P00113,48,305.72,14674.56
O001901,P00031,30,122.31,3669.3
O001901,P00432,37,462.54,17113.98
O001902,P00437,16,20.03,320.48
O001902,P00348,50,179.25,8962.5
O001902,P00575,6,150.07,900.42
O001902,P00122,19,74.66,1418.54
O001902,P00584,30,213.13,6393.9
O001903,P00577,43,497.94,21411.42
O001903,P00263,31,439.97,13639.07
O001903,P00325,37,57.82,2139.34
O001904,P00261,3,322.04,966.12
O001904,P00548,47,401.68,18878.96
O001904,P00450,30,33.24,997.2
O001904,P00201,36,241.98,8711.28
O001905,P00292,22,377.02,8294.44
O001905,P00326,33,26.12,861.96
O001905,P00403,17,236.87,4026.79
O001906,P00184,45,22.1,994.5
O001906,P00279,4,428.85,1715.4
O001906,P00462,8,268.37,2146.96
O001906,P00587,4,12.38,49.52
O001906,P00301,43,65.16,2801.88
O001907,P00016,1,254.33,254.33
O001907,P00494,36,150.29,5410.44
O001908,P00195,42,293.22,12315.24
O001908,P00574,15,328.35,4925.25
O001908,P00149,22,333.26,7331.72
O001909,P00354,18,171.86,3093.48
O001909,P00217,28,128.83,3607.24
O001910,P00370,5,57.59,287.95
O001911,P00584,40,222.56,8902.4
O001911,P00358,38,382.65,14540.7
O001911,P00299,13,64.43,837.59
O001911,P00328,38,220.94,8395.72
O001911,P00234,50,387.05,19352.5
O001911,P00348,16,206.33,3301.28
O001912,P00012,31,415.76,12888.56
O001912,P00171,38,226.01,8588.38
O001912,P00344,42,106.08,4455.36
O001912,P00137,4,19.17,76.68
O001912,P00170,29,201.09,5831.61
O001912,P00547,2,434.0,868.0
O001913,P00560,19,28.0,532.0
O001913,P00355,46,87.11,4007.06
O001914,P00374,35,215.99,7559.65
O001914,P00405,22,60.23,1325.06
O001914,P00463,9,349.85,3148.65
O001914,P00211,9,123.95,1115.55
O001914,P00455,24,343.19,8236.56
O001914,P00538,48,373.24,17915.52
O001915,P00395,17,99.44,1690.48
O001915,P00062,22,342.27,7529.94
O001915,P00568,12,134.75,1617.0
O001916,P00467,35,400.83,14029.05
O001916,P00145,41,470.83,19304.03
O001916,P00185,25,292.9,7322.5
O001916,P00165,11,168.61,1854.71
O001917,P00464,34,398.99,13565.66
O001917,P00046,49,307.28,15056.72
O001918,P00324,44,98.95,4353.8
O001918,P00239,19,369.83,7026.77
O001919,P00334,25,5.92,148.0
O001919,P00090,4,473.66,1894.64
O001920,P00306,21,394.08,8275.68
O001920,P00599,41,58.12,2382.92
O001921,P00188,3,300.94,902.82
O001921,P00439,32,244.38,7820.16
O001922,P00024,16,367.2,5875.2
O001922,P00320,43,293.65,12626.95
O001922,P00210,45,284.68,12810.6
O001922,P00113,41,369.17,15135.97
O001922,P00510,38,316.51,12027.38
O001923,P00163,25,156.02,3900.5
O001923,P00345,7,159.97,1119.79
O001923,P00477,15,55.16,827.4
O001923,P00036,1,32.4,32.4
O001923,P00583,29,31.1,901.9
O001923,P00355,14,100.38,1405.32
O001924,P00127,39,187.38,7307.82
O001924,P00041,18,365.23,6574.14
O001924,P00151,34,481.99,16387.66
O001925,P00305,38,173.66,6599.08
O001925,P00139,9,263.7,2373.3
O001925,P00579,3,52.78,158.34
O001926,P00218,30,388.76,11662.8
O001926,P00033,31,202.0,6262.0
O001926,P00147,18,75.78,1364.04
O001926,P00039,45,110.17,4957.65
O001926,P00056,25,154.33,3858.25
O001927,P00376,49,141.7,6943.3
O001927,P00383,11,10.65,117.15
O001927,P00122,26,91.27,2373.02
O001928,P00337,29,425.36,12335.44
O001929,P00405,45,61.88,2784.6
O001930,P00356,10,235.69,2356.9
O001930,P00340,2,31.2,62.4
O001931,P00131,45,71.22,3204.9
O001931,P00113,16,309.14,4946.24
O001931,P00585,33,8.2,270.6
O001931,P00029,32,74.04,2369.28
O001931,P00187,8,239.45,1915.6
O001932,P00368,47,195.01,9165.47
O001933,P00078,14,244.62,3424.68
O001933,P00357,49,318.29,15596.21
O001933,P00340,4,32.11,128.44
O001933,P00584,16,194.28,3108.48
O001934,P00224,36,432.46,15568.56
O001934,P00168,43,211.43,9091.49
O001935,P00491,8,196.91,1575.28
O001935,P00482,21,70.76,1485.96
O001935,P00203,36,271.64,9779.04
O001936,P00345,3,184.64,553.92
O001936,P00188,22,329.03,7238.66
O001936,P00066,11,92.55,1018.05
O001937,P00578,11,267.96,2947.56
O001937,P00023,29,322.57,9354.53
O001937,P00393,18,185.37,3336.66
O001937,P00470,9,196.13,1765.17
O001937,P00247,42,195.24,8200.08
O001938,P00304,46,268.63,12356.98
O001938,P00009,16,351.04,5616.64
O001938,P00418,44,149.01,6556.44
O001938,P00259,37,265.06,9807.22
O001938,P00398,1,267.61,267.61
O001939,P00065,22,308.89,6795.58
O001940,P00351,21,370.01,7770.21
O001940,P00548,11,436.17,4797.87
O001940,P00341,21,468.78,9844.38
O001940,P00179,18,221.08,3979.44
O001940,P00306,2,338.39,676.78
O001941,P00126,1,249.04,249.04
O001941,P00516,22,419.31,9224.82
O001941,P00439,34,257.64,8759.76
O001941,P00138,19,28.93,549.67
O001941,P00284,6,572.99,3437.94
O001941,P00077,4,59.28,237.12
O001942,P00277,9,230.29,2072.61
O001942,P00221,23,292.54,6728.42
O001943,P00071,7,311.07,2177.49
O001944,P00371,35,537.01,18795.35
O001944,P00296,41,304.85,12498.85
O001944,P00297,41,389.54,15971.14
O001944,P00531,11,87.71,964.81
O001944,P00089,4,207.77,831.08
O001944,P00291,45,86.98,3914.1
O001945,P00292,7,367.57,2572.99
O001945,P00501,25,318.02,7950.5
O001945,P00134,37,111.8,4136.6
O001945,P00324,18,112.66,2027.88
O001946,P00453,11,74.78,822.58
O001947,P00516,8,437.92,3503.36
O001947,P00248,13,408.61,5311.93
O001947,P00467,12,441.88,5302.56
O001948,P00496,50,25.78,1289.0
O001948,P00223,32,423.37,13547.84
O001948,P00249,33,319.34,10538.22
O001948,P00117,14,94.27,1319.78
O001948,P00255,36,282.45,10168.2
O001948,P00373,47,13.46,632.62
O001949,P00200,28,421.91,11813.48
O001950,P00040,15,236.58,3548.7
O001950,P00458,12,66.61,799.32
O001951,P00369,25,134.15,3353.75
O001951,P00016,26,276.21,7181.46
O001951,P00020,8,338.35,2706.8
O001951,P00046,49,327.29,16037.21
O001952,P00443,7,64.25,449.75
O001953,P00268,13,176.98,2300.74
O001953,P00325,48,58.65,2815.2
O001953,P00435,3,193.85,581.55
O001953,P00445,25,118.4,2960.0
O001953,P00375,9,26.2,235.8
O001953,P00244,40,400.11,16004.4
O001954,P00014,7,414.67,2902.69
O001954,P00314,16,167.38,2678.08
O001954,P00050,8,345.77,2766.16
O001955,P00196,39,456.75,17813.25
O001955,P00283,33,397.9,13130.7
O001955,P00207,18,517.03,9306.54
O001955,P00184,36,23.65,851.4
O001956,P00582,44,183.53,8075.32
O001956,P00555,37,200.29,7410.73
O001957,P00528,21,332.93,6991.53
O001957,P00446,45,23.98,1079.1
O001957,P00057,5,151.21,756.05
O001957,P00128,17,312.58,5313.86
O001957,P00395,48,107.0,5136.0
O001958,P00063,29,327.85,9507.65
O001958,P00091,13,175.36,2279.68
O001958,P00532,49,33.67,1649.83
O001958,P00448,36,69.43,2499.48
O001958,P00085,46,511.61,23534.06
O001959,P00330,38,217.03,8247.14
O001959,P00065,49,305.58,14973.42
O001959,P00299,31,68.25,2115.75
O001960,P00512,24,233.21,5597.04
O001960,P00241,17,131.27,2231.59
O001960,P00229,50,125.11,6255.5
O001960,P00404,16,401.51,6424.16
O001960,P00332,27,266.31,7190.37
O001960,P00128,5,358.39,1791.95
O001961,P00365,20,283.54,5670.8
O001961,P00183,43,504.32,21685.76
O001961,P00184,15,23.52,352.8
O001961,P00179,26,182.67,4749.42
O001961,P00243,30,114.41,3432.3
O001961,P00083,16,362.49,5799.84
O001962,P00122,8,81.67,653.36
O001962,P00205,11,282.23,3104.53
O001962,P00190,22,23.37,514.14
O001963,P00200,1,500.13,500.13
O001963,P00551,7,252.03,1764.21
O001963,P00124,37,476.87,17644.19
O001964,P00205,18,289.3,5207.4
O001964,P00517,27,86.24,2328.48
O001964,P00011,50,282.42,14121.0
O001964,P00539,11,103.24,1135.64
O001964,P00054,10,292.03,2920.3
O001965,P00492,16,185.5,2968.0
O001966,P00226,13,10.75,139.75
O001966,P00508,12,256.23,3074.76
O001967,P00177,9,521.75,4695.75
O001967,P00149,44,286.81,12619.64
O001968,P00058,46,125.94,5793.24
O001968,P00231,4,219.16,876.64
O001968,P00225,44,498.64,21940.16
O001968,P00509,5,82.19,410.95
O001969,P00091,8,181.87,1454.96
O001969,P00109,13,80.23,1042.99
O001969,P00272,6,109.96,659.76
O001969,P00166,40,355.76,14230.4
O001969,P00478,27,265.74,7174.98
O001969,P00203,30,246.69,7400.7
O001970,P00364,17,571.35,9712.95
O001971,P00023,49,347.96,17050.04
O001972,P00089,15,221.94,3329.1
O001972,P00591,16,430.02,6880.32
O001973,P00306,47,362.74,17048.78
O001974,P00089,12,229.35,2752.2
O001974,P00130,40,28.79,1151.6
O001974,P00500,12,313.55,3762.6
O001974,P00051,40,489.74,19589.6
O001974,P00004,24,150.57,3613.68
O001975,P00468,4,509.33,2037.32
O001975,P00503,5,231.98,1159.9
O001975,P00483,49,393.09,19261.41
O001975,P00511,5,176.5,882.5
O001976,P00486,44,136.52,6006.88
O001976,P00308,49,106.49,5218.01
O001977,P00492,11,214.45,2358.95
O001978,P00007,31,345.39,10707.09
O001978,P00531,38,82.09,3119.42
O001978,P00325,43,61.27,2634.61
O001978,P00458,48,75.62,3629.76
O001978,P00233,21,307.2,6451.2
O001978,P00001,22,252.71,5559.62
O001979,P00334,32,5.83,186.56
O001980,P00129,21,215.27,4520.67
O001980,P00027,6,543.46,3260.76
O001980,P00361,4,100.34,401.36
O001980,P00480,43,230.69,9919.67
O001980,P00585,18,7.98,143.64
O001981,P00361,31,89.21,2765.51
O001982,P00024,42,442.5,18585.0
O001982,P00227,47,256.46,12053.62
O001983,P00507,7,264.08,1848.56
O001983,P00084,4,323.72,1294.88
O001984,P00207,15,458.99,6884.85
O001984,P00537,41,195.3,8007.3
O001984,P00470,34,181.9,6184.6
O001984,P00117,6,100.85,605.1
O001984,P00289,42,241.2,10130.4
O001985,P00156,25,78.61,1965.25
O001985,P00220,5,170.73,853.65
O001986,P00008,3,458.43,1375.29
O001987,P00110,38,252.02,9576.76
O001987,P00240,39,11.59,452.01
O001987,P00420,48,249.26,11964.48
O001987,P00063,34,373.3,12692.2
O001988,P00151,29,431.27,12506.83
O001988,P00413,31,61.4,1903.4
O001988,P00278,39,190.19,7417.41
O001988,P00168,9,229.14,2062.26
O001988,P00103,14,207.46,2904.44
O001989,P00169,39,507.99,19811.61
O001989,P00159,3,285.51,856.53
O001989,P00392,50,275.23,13761.5
O001989,P00234,11,431.38,4745.18
O001989,P00266,42,183.01,7686.42
O001990,P00235,27,42.12,1137.24
O001990,P00077,50,60.45,3022.5
O001991,P00119,24,58.33,1399.92
O001991,P00185,43,250.71,10780.53
O001992,P00191,45,160.32,7214.4
O001992,P00179,45,205.74,9258.3
O001992,P00125,23,281.02,6463.46
O001992,P00524,30,455.12,13653.6
O001992,P00340,9,35.71,321.39
O001992,P00137,8,16.77,134.16
O001993,P00556,46,558.45,25688.7
O001993,P00155,4,149.55,598.2
O001993,P00399,24,437.22,10493.28
O001993,P00347,20,647.17,12943.4
O001993,P00552,18,314.15,5654.7
O001994,P00351,28,335.55,9395.4
O001994,P00284,20,497.59,9951.8
O001994,P00235,18,42.66,767.88
O001994,P00113,26,358.94,9332.44
O001994,P00420,2,228.87,457.74
O001995,P00054,10,242.96,2429.6
O001995,P00025,35,105.73,3700.55
O001995,P00351,49,370.31,18145.19
O001995,P00587,32,11.16,357.12
O001995,P00095,41,206.56,8468.96
O001995,P00212,7,32.33,226.31
O001996,P00352,7,280.59,1964.13
O001996,P00511,37,220.87,8172.19
O001996,P00060,39,221.89,8653.71
O001997,P00460,23,154.69,3557.87
O001997,P00352,29,293.98,8525.42
O001997,P00245,44,482.12,21213.28
O001997,P00105,17,52.47,891.99
O001997,P00116,2,155.29,310.58
O001997,P00101,34,105.89,3600.26
O001998,P00339,6,275.49,1652.94
O001998,P00229,24,129.91,3117.84
O001998,P00300,13,51.65,671.45
O001998,P00527,22,291.03,6402.66
O001998,P00494,23,146.74,3375.02
O001998,P00180,31,492.51,15267.81
O001999,P00560,48,28.33,1359.84
O001999,P00346,43,285.12,12260.16
O002000,P00387,13,133.3,1732.9
O002000,P00478,9,237.04,2133.36
O002000,P00106,9,234.2,2107.8
O002000,P00440,41,73.75,3023.75
O002000,P00095,50,208.42,10421.0
O002001,P00557,26,105.86,2752.36
O002001,P00160,45,168.65,7589.25
O002001,P00443,29,68.51,1986.79
O002001,P00032,27,395.96,10690.92
O002002,P00567,27,329.67,8901.09
O002002,P00439,17,210.52,3578.84
O002002,P00172,30,261.57,7847.1
O002003,P00149,4,313.33,1253.32
O002003,P00586,3,185.29,555.87
O002003,P00046,14,268.39,3757.46
O002003,P00124,47,458.36,21542.92
O002003,P00512,28,267.18,7481.04
O002003,P00448,3,75.03,225.09
O002004,P00460,31,154.89,4801.59
O002004,P00072,4,109.43,437.72
O002004,P00545,31,247.02,7657.62
O002005,P00486,17,148.39,2522.63
O002005,P00538,47,413.71,19444.37
O002005,P00444,40,310.46,12418.4
O002005,P00068,38,403.52,15333.76
O002005,P00384,23,58.11,1336.53
O002006,P00342,21,70.79,1486.59
O002007,P00360,15,50.3,754.5
O002008,P00509,18,87.66,1577.88
O002008,P00478,46,249.74,11488.04
O002008,P00269,37,521.49,19295.13
O002009,P00518,31,185.23,5742.13
O002010,P00158,26,314.54,8178.04
O002011,P00167,8,298.68,2389.44
O002011,P00579,41,56.78,2327.98
O002011,P00115,5,409.64,2048.2
O002011,P00446,46,22.38,1029.48
O002011,P00571,23,439.06,10098.38
O002011,P00338,21,27.87,585.27
O002012,P00459,40,123.22,4928.8
O002012,P00590,16,194.26,3108.16
O002012,P00439,10,230.03,2300.3
O002012,P00338,3,30.65,91.95
O002013,P00465,42,166.52,6993.84
O002013,P00135,4,98.16,392.64
O002013,P00106,38,271.96,10334.48
O002013,P00090,15,447.0,6705.0
O002013,P00273,12,86.81,1041.72
O002013,P00390,15,467.89,7018.35
O002014,P00111,49,149.29,7315.21
O002014,P00215,39,236.39,9219.21
O002014,P00510,18,336.83,6062.94
O002015,P00112,45,342.32,15404.4
O002015,P00104,47,544.08,25571.76
O002015,P00446,7,19.37,135.59
O002015,P00048,10,127.76,1277.6
O002015,P00360,35,50.36,1762.6
O002016,P00045,9,363.32,3269.88
O002016,P00150,37,190.95,7065.15
O002016,P00327,12,131.66,1579.92
O002016,P00571,42,388.36,16311.12
O002016,P00556,40,596.63,23865.2
O002017,P00022,31,75.67,2345.77
O002017,P00582,36,208.87,7519.32
O002017,P00322,7,39.37,275.59
O002018,P00406,7,364.53,2551.71
O002018,P00287,27,610.72,16489.44
O002018,P00407,33,534.66,17643.78
O002018,P00502,46,48.99,2253.54
O002018,P00599,7,56.19,393.33
O002019,P00154,34,308.92,10503.28
O002019,P00464,22,403.39,8874.58
O002019,P00228,22,218.59,4808.98
O002019,P00192,28,311.46,8720.88
O002019,P00181,33,207.67,6853.11
O002019,P00120,20,261.45,5229.0
O002020,P00091,22,193.43,4255.46
O002020,P00120,39,269.47,10509.33
O002020,P00135,46,99.27,4566.42
O002020,P00486,41,140.25,5750.25
O002021,P00519,34,266.23,9051.82
O002022,P00575,7,137.66,963.62
O002022,P00489,3,412.82,1238.46
O002022,P00133,35,26.85,939.75
O002022,P00500,48,288.49,13847.52
O002023,P00212,5,31.14,155.7
O002023,P00182,17,125.81,2138.77
O002023,P00463,15,398.89,5983.35
O002023,P00117,36,102.44,3687.84
O002023,P00012,47,492.61,23152.67
O002023,P00342,14,83.12,1163.68
O002024,P00451,45,87.33,3929.85
O002025,P00189,1,223.46,223.46
O002026,P00266,48,207.53,9961.44
O002027,P00499,28,29.72,832.16
O002027,P00056,2,151.25,302.5
O002027,P00523,8,108.85,870.8
O002027,P00150,31,189.54,5875.74
O002027,P00553,45,60.5,2722.5
O002028,P00192,2,315.64,631.28
O002028,P00564,42,121.93,5121.06
O002028,P00134,21,111.61,2343.81
O002028,P00470,17,205.62,3495.54
O002028,P00471,43,316.83,13623.69
O002029,P00323,7,449.8,3148.6
O002029,P00065,17,291.27,4951.59
O002029,P00562,47,43.76,2056.72
O002029,P00315,26,331.38,8615.88
O002030,P00393,2,183.38,366.76
O002030,P00253,6,256.09,1536.54
O002030,P00489,16,451.49,7223.84
O002030,P00579,11,52.39,576.29
O002030,P00503,41,245.55,10067.55
O002031,P00579,49,61.09,2993.41
O002031,P00538,36,398.59,14349.24
O002031,P00511,15,196.04,2940.6
O002031,P00067,47,12.5,587.5
O002031,P00301,27,52.7,1422.9
O002031,P00422,46,295.61,13598.06
O002032,P00058,48,123.28,5917.44
O002032,P00586,2,173.19,346.38
O002032,P00121,3,132.24,396.72
O002032,P00236,12,189.94,2279.28
O002032,P00331,49,374.86,18368.14
O002032,P00394,41,150.36,6164.76
O002033,P00070,31,57.35,1777.85
O002033,P00467,39,392.5,15307.5
O002033,P00468,15,484.54,7268.1
O002033,P00575,6,140.45,842.7
O002033,P00105,9,50.67,456.03
O002033,P00093,38,101.89,3871.82
O002034,P00411,12,130.46,1565.52
O002034,P00048,30,104.97,3149.1
O002034,P00495,22,80.35,1767.7
O002034,P00531,7,92.62,648.34
O002035,P00275,50,300.72,15036.0
O002035,P00483,29,451.81,13102.49
O002035,P00536,9,162.95,1466.55
O002036,P00495,50,82.21,4110.5
O002036,P00318,5,173.07,865.35
O002036,P00471,33,299.49,9883.17
O002036,P00271,25,281.19,7029.75
O002037,P00391,32,373.57,11954.24
O002037,P00045,14,374.88,5248.32
O002037,P00148,18,312.16,5618.88
O002038,P00340,49,34.2,1675.8
O002039,P00255,34,254.82,8663.88
O002039,P00035,43,231.75,9965.25
O002039,P00519,41,268.92,11025.72
O002039,P00080,50,217.64,10882.0
O002040,P00256,8,198.26,1586.08
O002040,P00394,37,136.59,5053.83
O002040,P00489,2,390.58,781.16
O002040,P00170,10,182.1,1821.0
O002040,P00403,20,271.35,5427.0
O002041,P00056,3,173.17,519.51
O002041,P00581,34,312.26,10616.84
O002041,P00188,30,273.24,8197.2
O002041,P00363,44,471.66,20753.04
O002042,P00457,20,130.88,2617.6
O002043,P00295,7,437.59,3063.13
O002043,P00449,33,229.83,7584.39
O002043,P00492,19,198.86,3778.34
O002044,P00375,37,26.75,989.75
O002044,P00396,38,87.52,3325.76
O002045,P00506,41,55.75,2285.75
O002045,P00462,50,308.71,15435.5
O002045,P00486,3,143.82,431.46
O002045,P00377,28,516.64,14465.92
O002045,P00275,4,305.05,1220.2
O002045,P00527,6,308.68,1852.08
O002046,P00142,39,633.87,24720.93
O002046,P00325,40,64.58,2583.2
O002046,P00245,20,478.78,9575.6
O002046,P00145,47,408.0,19176.0
O002046,P00394,24,140.75,3378.0
O002046,P00218,6,409.85,2459.1
O002047,P00235,7,40.58,284.06
O002047,P00174,47,103.74,4875.78
O002048,P00247,42,180.75,7591.5
O002049,P00561,36,49.87,1795.32
O002050,P00079,16,390.06,6240.96
O002050,P00185,28,280.56,7855.68
O002050,P00462,19,305.12,5797.28
O002050,P00480,30,228.3,6849.0
O002050,P00206,38,205.31,7801.78
O002051,P00259,1,224.02,224.02
O002051,P00196,12,478.11,5737.32
O002051,P00567,34,367.0,12478.0
O002051,P00600,49,398.29,19516.21
O002052,P00164,37,450.57,16671.09
O002052,P00517,43,85.81,3689.83
O002052,P00099,31,342.33,10612.23
O002052,P00124,6,493.94,2963.64
O002052,P00174,2,111.73,223.46
O002052,P00414,14,286.55,4011.7
O002053,P00107,15,28.8,432.0
O002053,P00108,36,66.63,2398.68
O002054,P00568,47,153.41,7210.27
O002054,P00054,48,275.76,13236.48
O002054,P00598,19,434.95,8264.05
O002054,P00360,17,53.27,905.59
O002054,P00256,15,217.41,3261.15
O002055,P00093,34,106.12,3608.08
O002055,P00565,11,51.48,566.28
O002055,P00417,11,394.56,4340.16
O002056,P00421,35,36.9,1291.5
O002056,P00437,8,20.86,166.88
O002056,P00284,3,447.71,1343.13
O002057,P00325,25,59.39,1484.75
O002057,P00004,28,126.06,3529.68
O002057,P00548,33,420.0,13860.0
O002057,P00109,16,68.72,1099.52
O002057,P00195,19,279.56,5311.64
O002057,P00367,38,460.93,17515.34
O002058,P00387,35,130.52,4568.2
O002059,P00484,21,188.09,3949.89
O002059,P00574,42,364.4,15304.8
O002059,P00282,29,225.22,6531.38
O002059,P00021,3,243.7,731.1
O002059,P00468,39,496.09,19347.51
O002059,P00218,35,383.24,13413.4
O002060,P00424,40,294.64,11785.6
O002060,P00230,26,263.64,6854.64
O002060,P00314,29,171.12,4962.48
O002060,P00320,49,298.24,14613.76
O002060,P00505,12,77.09,925.08
O002060,P00327,17,131.5,2235.5
O002061,P00012,7,505.56,3538.92
O002062,P00416,31,332.7,10313.7
O002062,P00280,42,239.74,10069.08
O002062,P00108,25,81.61,2040.25
O002062,P00052,45,372.97,16783.65
O002062,P00359,49,396.75,19440.75
O002063,P00392,41,271.87,11146.67
O002063,P00067,46,11.83,544.18
O002063,P00329,12,349.89,4198.68
O002064,P00300,49,46.17,2262.33
O002064,P00374,8,255.46,2043.68
O002064,P00304,22,263.92,5806.24
O002065,P00091,14,197.38,2763.32
O002065,P00390,31,433.26,13431.06
O002066,P00468,37,466.93,17276.41
O002066,P00076,4,344.94,1379.76
O002067,P00553,33,58.12,1917.96
O002068,P00542,14,247.57,3465.98
O002068,P00532,29,40.03,1160.87
O002068,P00428,5,53.43,267.15
O002069,P00333,49,384.1,18820.9
O002069,P00573,12,130.96,1571.52
O002069,P00361,17,88.5,1504.5
O002069,P00149,13,293.11,3810.43
O002069,P00508,48,257.64,12366.72
O002070,P00390,12,525.15,6301.8
O002070,P00571,33,386.88,12767.04
O002070,P00199,23,333.83,7678.09
O002070,P00485,38,234.47,8909.86
O002070,P00232,50,240.61,12030.5
O002070,P00152,13,122.61,1593.93
O002071,P00586,3,163.69,491.07
O002071,P00519,15,283.95,4259.25
O002071,P00284,31,535.97,16615.07
O002072,P00269,4,436.54,1746.16
O002072,P00220,40,151.1,6044.0
O002072,P00467,19,422.22,8022.18
O002072,P00095,36,228.37,8221.32
O002072,P00430,36,131.89,4748.04
O002073,P00087,13,303.46,3944.98
O002073,P00390,6,419.65,2517.9
O002073,P00148,49,330.65,16201.85
O002073,P00582,40,218.93,8757.2
O002073,P00156,21,83.38,1750.98
O002073,P00333,10,363.49,3634.9
O002074,P00194,8,85.74,685.92
O002075,P00495,50,74.27,3713.5
O002075,P00570,49,287.44,14084.56
O002075,P00146,8,80.7,645.6
O002076,P00591,30,389.65,11689.5
O002076,P00268,15,194.58,2918.7
O002076,P00599,30,57.64,1729.2
O002077,P00093,40,110.13,4405.2
O002077,P00041,44,348.75,15345.0
O002077,P00153,43,242.65,10433.95
O002077,P00499,35,27.64,967.4
O002077,P00483,21,432.33,9078.93
O002077,P00131,14,71.78,1004.92
O002078,P00469,40,321.07,12842.8
O002078,P00134,46,123.12,5663.52
O002079,P00034,40,187.54,7501.6
O002079,P00195,41,331.27,13582.07
O002079,P00264,45,226.24,10180.8
O002079,P00381,21,236.45,4965.45
O002080,P00094,23,37.46,861.58
O002080,P00416,7,305.72,2140.04
O002080,P00389,30,67.33,2019.9
O002080,P00201,43,255.79,10998.97
O002080,P00100,29,154.24,4472.96
O002080,P00042,41,16.93,694.13
O002081,P00365,23,291.58,6706.34
O002081,P00550,44,255.12,11225.28
O002081,P00522,50,403.92,20196.0
O002081,P00133,12,23.73,284.76
O002082,P00267,21,459.29,9645.09
O002082,P00171,38,232.42,8831.96
O002082,P00252,35,31.26,1094.1
O002082,P00021,12,227.0,2724.0
O002082,P00137,3,18.23,54.69
O002083,P00570,1,303.03,303.03
O002083,P00147,14,65.16,912.24
O002083,P00047,21,149.91,3148.11
O002083,P00576,45,384.9,17320.5
O002083,P00366,44,96.58,4249.52
O002083,P00245,7,491.44,3440.08
O002084,P00080,19,202.71,3851.49
O002084,P00488,18,88.11,1585.98
O002084,P00470,28,182.4,5107.2
O002084,P00568,15,168.01,2520.15
O002084,P00260,16,450.59,7209.44
O002085,P00271,45,252.85,11378.25
O002085,P00367,10,450.94,4509.4
O002085,P00315,25,306.42,7660.5
O002085,P00335,47,102.16,4801.52
O002086,P00025,25,103.49,2587.25
O002086,P00008,18,445.16,8012.88
O002086,P00266,25,199.06,4976.5
O002086,P00061,1,519.6,519.6
O002086,P00078,47,247.56,11635.32
O002086,P00069,34,74.33,2527.22
O002087,P00399,41,526.01,21566.41
O002087,P00239,13,441.78,5743.14
O002087,P00186,25,31.28,782.0
O002088,P00456,28,122.91,3441.48
O002088,P00343,46,320.13,14725.98
O002088,P00458,13,62.71,815.23
O002088,P00142,45,587.68,26445.6
O002089,P00597,21,126.28,2651.88
O002089,P00264,50,229.58,11479.0
O002089,P00521,1,350.03,350.03
O002089,P00147,10,78.98,789.8
O002089,P00372,28,161.63,4525.64
O002090,P00594,31,215.76,6688.56
O002090,P00011,16,300.31,4804.96
O002090,P00582,2,175.34,350.68
O002091,P00028,2,201.92,403.84
O002091,P00321,24,251.73,6041.52
O002091,P00566,4,370.77,1483.08
O002092,P00093,20,102.21,2044.2
O002092,P00049,13,73.45,954.85
O002092,P00586,43,181.33,7797.19
O002092,P00298,41,153.2,6281.2
O002093,P00563,4,9.8,39.2
O002093,P00453,3,79.69,239.07
O002093,P00362,29,89.43,2593.47
O002094,P00491,22,166.25,3657.5
O002095,P00168,31,222.46,6896.26
O002095,P00489,37,484.77,17936.49
O002095,P00543,10,232.93,2329.3
O002096,P00075,43,301.98,12985.14
O002096,P00065,5,281.27,1406.35
O002096,P00118,5,540.12,2700.6
O002097,P00008,7,463.96,3247.72
O002097,P00276,2,354.99,709.98
O002097,P00429,10,130.01,1300.1
O002097,P00295,10,425.69,4256.9
O002097,P00515,6,472.62,2835.72
O002097,P00446,45,19.12,860.4
O002098,P00322,17,36.74,624.58
O002098,P00038,24,518.7,12448.8
O002098,P00390,12,471.86,5662.32
O002098,P00263,27,474.64,12815.28
O002098,P00451,4,91.88,367.52
O002098,P00031,48,149.91,7195.68
O002099,P00541,18,36.41,655.38
O002099,P00142,2,629.66,1259.32
O002100,P00463,24,351.6,8438.4
O002100,P00503,5,279.5,1397.5
O002100,P00194,27,93.28,2518.56
O002100,P00185,49,274.45,13448.05
O002100,P00285,1,175.01,175.01
O002101,P00199,3,392.86,1178.58
O002101,P00109,25,83.74,2093.5
O002101,P00252,15,27.32,409.8
O002101,P00526,13,260.6,3387.8
O002102,P00154,44,325.4,14317.6
O002102,P00463,19,383.14,7279.66
O002103,P00304,38,279.61,10625.18
O002103,P00274,37,509.31,18844.47
O002103,P00236,45,161.03,7246.35
O002104,P00016,24,278.11,6674.64
O002104,P00519,27,298.67,8064.09
O002105,P00001,42,262.14,11009.88
O002105,P00039,23,133.34,3066.82
O002105,P00393,13,226.72,2947.36
O002106,P00485,19,218.76,4156.44
O002106,P00506,36,57.13,2056.68
O002106,P00040,19,221.5,4208.5
O002107,P00301,31,66.67,2066.77
O002108,P00273,12,107.3,1287.6
O002108,P00354,50,159.46,7973.0
O002108,P00226,13,11.03,143.39
O002109,P00493,38,266.78,10137.64
O002109,P00012,36,483.86,17418.96
O002109,P00241,35,128.41,4494.35
O002109,P00595,22,70.15,1543.3
O002110,P00214,14,287.11,4019.54
O002110,P00253,1,260.15,260.15
O002110,P00542,24,265.05,6361.2
O002111,P00203,2,246.36,492.72
O002111,P00508,17,248.43,4223.31
O002111,P00468,18,451.94,8134.92
O002111,P00421,21,39.5,829.5
O002111,P00533,30,134.78,4043.4
O002112,P00223,23,344.09,7914.07
O002112,P00056,40,155.1,6204.0
O002112,P00118,49,449.99,22049.51
O002112,P00287,38,560.02,21280.76
O002112,P00015,4,234.46,937.84
O002113,P00506,46,52.27,2404.42
O002113,P00206,48,196.21,9418.08
O002113,P00215,20,251.4,5028.0
O002113,P00014,47,381.49,17930.03
O002114,P00170,29,188.14,5456.06
O002114,P00380,23,259.02,5957.46
O002114,P00593,20,380.09,7601.8
O002114,P00188,23,271.77,6250.71
O002114,P00101,31,108.4,3360.4
O002114,P00499,36,28.29,1018.44
O002115,P00392,22,271.2,5966.4
O002115,P00275,20,331.68,6633.6
O002116,P00214,46,328.62,15116.52
O002116,P00225,37,516.33,19104.21
O002116,P00598,25,440.68,11017.0
O002117,P00597,1,126.01,126.01
O002117,P00324,24,108.86,2612.64
O002117,P00204,37,250.63,9273.31
O002117,P00200,32,399.08,12770.56
O002117,P00470,15,185.36,2780.4
O002117,P00140,27,115.5,3118.5
O002118,P00516,18,434.7,7824.6
O002118,P00420,20,206.01,4120.2
O002118,P00306,22,377.43,8303.46
O002118,P00099,17,330.78,5623.26
O002119,P00165,23,163.08,3750.84
O002119,P00520,17,242.34,4119.78
O002120,P00016,16,282.01,4512.16
O002120,P00055,29,53.57,1553.53
O002120,P00074,34,369.19,12552.46
O002121,P00264,49,208.5,10216.5
O002121,P00405,37,74.71,2764.27
O002121,P00055,10,42.86,428.6
O002122,P00549,38,522.8,19866.4
O002123,P00222,5,134.7,673.5
O002123,P00576,47,409.27,19235.69
O002123,P00286,13,38.45,499.85
O002124,P00255,29,259.45,7524.05
O002124,P00254,40,419.6,16784.0
O002124,P00252,47,31.99,1503.53
O002125,P00366,27,88.11,2378.97
O002126,P00351,7,353.62,2475.34
O002126,P00499,22,28.71,631.62
O002126,P00558,23,380.37,8748.51
O002126,P00077,30,63.64,1909.2
O002127,P00411,34,148.84,5060.56
O002127,P00448,1,69.85,69.85
O002127,P00584,15,225.64,3384.6
O002128,P00594,22,219.41,4827.02
O002128,P00567,6,333.91,2003.46
O002128,P00023,12,336.05,4032.6
O002128,P00046,30,307.78,9233.4
O002128,P00580,44,162.49,7149.56
O002129,P00461,5,99.62,498.1
O002129,P00403,30,264.28,7928.4
O002130,P00268,47,186.62,8771.14
O002130,P00327,36,142.61,5133.96
O002130,P00352,1,267.29,267.29
O002130,P00548,42,421.82,17716.44
O002130,P00499,50,28.49,1424.5
O002131,P00245,38,545.94,20745.72
O002131,P00105,30,43.51,1305.3
O002131,P00581,33,289.28,9546.24
O002131,P00169,10,476.18,4761.8
O002131,P00375,45,28.54,1284.3
O002132,P00375,16,26.58,425.28
O002132,P00473,26,352.23,9157.98
O002132,P00302,25,236.94,5923.5
O002132,P00550,6,228.96,1373.76
O002133,P00236,19,169.15,3213.85
O002133,P00032,47,359.96,16918.12
O002133,P00389,26,62.23,1617.98
O002134,P00205,35,251.79,8812.65
O002134,P00302,8,260.43,2083.44
O002134,P00227,45,270.91,12190.95
O002134,P00483,43,389.07,16730.01
O002135,P00263,29,428.23,12418.67
O002135,P00260,12,440.11,5281.32
O002135,P00010,27,334.14,9021.78
O002135,P00242,13,513.02,6669.26
O002135,P00229,7,127.5,892.5
O002135,P00113,7,369.06,2583.42
O002136,P00133,13,25.24,328.12
O002136,P00063,9,329.82,2968.38
O002136,P00197,41,10.34,423.94
O002136,P00298,11,129.32,1422.52
O002137,P00282,31,212.57,6589.67
O002137,P00216,7,81.2,568.4
O002137,P00443,8,59.58,476.64
O002137,P00264,46,230.18,10588.28
O002137,P00309,27,243.73,6580.71
O002138,P00200,35,488.61,17101.35
O002138,P00011,4,278.25,1113.0
O002138,P00600,16,381.15,6098.4
O002138,P00090,49,498.06,24404.94
O002139,P00282,2,253.82,507.64
O002139,P00146,10,63.97,639.7
O002139,P00279,35,398.93,13962.55
O002139,P00152,4,131.85,527.4
O002139,P00597,30,109.77,3293.1
O002139,P00496,1,25.16,25.16
O002140,P00575,22,126.88,2791.36
O002140,P00570,3,317.41,952.23
O002140,P00319,11,354.67,3901.37
O002140,P00189,27,212.33,5732.91
O002140,P00325,9,55.9,503.1
O002141,P00343,1,362.63,362.63
O002141,P00266,2,199.66,399.32
O002141,P00104,33,584.9,19301.7
O002141,P00215,5,201.71,1008.55
O002142,P00136,18,243.25,4378.5
O002142,P00316,42,211.99,8903.58
O002142,P00158,25,360.34,9008.5
O002142,P00193,11,170.32,1873.52
O002143,P00439,40,243.9,9756.0
O002143,P00368,39,166.14,6479.46
O002143,P00481,18,69.14,1244.52
O002144,P00036,29,38.24,1108.96
O002144,P00585,16,8.79,140.64
O002144,P00117,14,87.33,1222.62
O002145,P00228,49,203.46,9969.54
O002145,P00072,6,119.4,716.4
O002145,P00025,27,100.29,2707.83
O002146,P00250,7,79.97,559.79
O002146,P00131,42,73.25,3076.5
O002147,P00107,45,27.78,1250.1
O002147,P00434,7,464.07,3248.49
O002147,P00132,20,264.62,5292.4
O002147,P00297,39,337.49,13162.11
O002147,P00495,11,81.74,899.14
O002147,P00598,25,397.35,9933.75
O002148,P00399,26,457.91,11905.66
O002148,P00575,40,147.38,5895.2
O002148,P00207,27,445.35,12024.45
O002148,P00121,29,134.37,3896.73
O002148,P00170,30,200.22,6006.6
O002149,P00173,36,242.18,8718.48
O002149,P00272,21,100.41,2108.61
O002149,P00391,34,414.61,14096.74
O002149,P00054,21,234.85,4931.85
O002150,P00339,23,244.26,5617.98
O002150,P00379,34,318.46,10827.64
O002150,P00169,3,428.2,1284.6
O002150,P00466,43,186.01,7998.43
O002150,P00361,9,104.45,940.05
O002151,P00024,30,383.54,11506.2
O002151,P00136,26,275.03,7150.78
O002151,P00124,9,471.56,4244.04
O002151,P00092,35,18.4,644.0
O002151,P00243,21,102.34,2149.14
O002152,P00563,12,10.7,128.4
O002153,P00321,24,300.46,7211.04
O002153,P00330,23,233.62,5373.26
O002154,P00449,3,198.72,596.16
O002155,P00116,15,173.61,2604.15
O002156,P00197,42,10.92,458.64
O002156,P00138,3,27.9,83.7
O002156,P00243,30,121.78,3653.4
O002156,P00417,10,383.1,3831.0
O002156,P00591,35,387.29,13555.15
O002156,P00088,43,332.43,14294.49
O002157,P00113,38,304.81,11582.78
O002157,P00165,7,152.57,1067.99
O002157,P00041,36,377.7,13597.2
O002157,P00057,8,140.12,1120.96
O002157,P00314,11,142.11,1563.21
O002158,P00229,31,125.91,3903.21
O002158,P00058,12,123.3,1479.6
O002158,P00125,47,333.57,15677.79
O002159,P00440,15,61.63,924.45
O002159,P00025,49,106.61,5223.89
O002159,P00127,15,183.71,2755.65
O002160,P00179,48,218.0,10464.0
O002160,P00133,22,24.67,542.74
O002160,P00251,23,346.16,7961.68
O002160,P00204,25,260.21,6505.25
O002160,P00374,12,200.78,2409.36
O002160,P00020,32,381.99,12223.68
O002161,P00293,6,295.26,1771.56
O002161,P00206,24,203.33,4879.92
O002161,P00485,49,246.25,12066.25
O002161,P00458,33,74.74,2466.42
O002161,P00529,20,383.94,7678.8
O002162,P00575,26,155.24,4036.24
O002162,P00592,7,101.95,713.65
O002163,P00252,35,27.98,979.3
O002163,P00018,6,391.46,2348.76
O002164,P00589,37,74.19,2745.03
O002164,P00276,14,361.22,5057.08
O002164,P00326,48,25.91,1243.68
O002164,P00240,14,10.9,152.6
O002164,P00136,38,259.45,9859.1
O002164,P00374,2,237.1,474.2
O002165,P00182,11,137.78,1515.58
O002165,P00266,17,219.2,3726.4
O002165,P00341,36,380.02,13680.72
O002165,P00406,39,410.6,16013.4
O002166,P00218,26,407.35,10591.1
O002166,P00106,30,231.89,6956.7
O002166,P00279,1,413.85,413.85
O002166,P00102,17,151.9,2582.3
O002166,P00331,20,336.56,6731.2
O002166,P00399,28,541.04,15149.12
O002167,P00581,44,289.44,12735.36
O002167,P00111,47,182.01,8554.47
O002167,P00410,23,215.21,4949.83
O002167,P00074,24,316.16,7587.84
O002167,P00549,3,452.78,1358.34
O002168,P00149,19,346.81,6589.39
O002168,P00500,27,320.34,8649.18
O002168,P00240,48,11.49,551.52
O002168,P00222,26,147.13,3825.38
O002168,P00169,50,460.27,23013.5
O002168,P00072,14,111.73,1564.22
O002169,P00483,46,432.49,19894.54
O002169,P00433,21,559.43,11748.03
O002169,P00079,40,334.41,13376.4
O002170,P00458,28,61.8,1730.4
O002170,P00286,46,35.45,1630.7
O002171,P00162,26,191.78,4986.28
O002171,P00423,38,364.83,13863.54
O002171,P00251,26,311.48,8098.48
O002171,P00101,17,129.51,2201.67
O002172,P00100,17,130.19,2213.23
O002172,P00369,47,146.11,6867.17
O002172,P00118,14,527.32,7382.48
O002172,P00458,47,73.12,3436.64
O002172,P00186,37,28.65,1060.05
O002173,P00098,43,271.36,11668.48
O002173,P00245,22,551.81,12139.82
O002173,P00126,27,244.97,6614.19
O002173,P00434,11,435.01,4785.11
O002174,P00298,26,142.12,3695.12
O002174,P00409,22,411.49,9052.78
O002174,P00094,39,37.27,1453.53
O002174,P00576,16,409.05,6544.8
O002175,P00463,5,317.85,1589.25
O002175,P00291,23,93.51,2150.73
O002175,P00027,50,556.89,27844.5
O002175,P00395,50,102.03,5101.5
O002175,P00389,22,58.65,1290.3
O002175,P00098,18,253.29,4559.22
O002176,P00298,25,134.83,3370.75
O002176,P00533,40,133.04,5321.6
O002177,P00176,4,199.61,798.44
O002177,P00067,43,11.21,482.03
O002177,P00400,37,516.8,19121.6
O002177,P00093,11,98.28,1081.08
O002178,P00440,25,68.92,1723.0
O002178,P00529,3,357.93,1073.79
O002178,P00345,3,143.66,430.98
O002178,P00163,41,159.68,6546.88
O002179,P00338,29,30.78,892.62
O002180,P00324,5,116.01,580.05
O002180,P00539,49,93.98,4605.02
O002180,P00458,46,59.38,2731.48
O002181,P00512,5,249.75,1248.75
O002181,P00477,42,52.72,2214.24
O002181,P00371,14,522.68,7317.52
O002181,P00026,28,496.56,13903.68
O002182,P00110,35,221.39,7748.65
O002183,P00373,12,12.44,149.28
O002183,P00459,28,108.76,3045.28
O002183,P00371,36,438.81,15797.16
O002183,P00003,38,306.63,11651.94
O002183,P00236,18,181.86,3273.48
O002183,P00485,49,227.36,11140.64
O002184,P00259,33,259.16,8552.28
O002185,P00138,36,30.52,1098.72
O002185,P00118,48,534.45,25653.6
O002185,P00571,2,445.58,891.16
O002185,P00234,10,384.97,3849.7
O002185,P00063,42,343.44,14424.48
O002185,P00011,27,294.46,7950.42
O002186,P00419,16,498.04,7968.64
O002186,P00159,20,269.81,5396.2
O002186,P00127,19,189.18,3594.42
O002186,P00157,41,122.48,5021.68
O002186,P00583,32,30.73,983.36
O002187,P00490,44,146.74,6456.56
O002187,P00402,16,265.54,4248.64
O002187,P00042,1,17.07,17.07
O002187,P00093,47,93.93,4414.71
O002188,P00558,47,425.27,19987.69
O002188,P00375,19,29.36,557.84
O002189,P00155,15,151.37,2270.55
O002189,P00474,26,230.86,6002.36
O002189,P00335,26,108.88,2830.88
O002189,P00483,41,401.94,16479.54
O002189,P00525,5,254.74,1273.7
O002189,P00073,35,218.8,7658.0
O002190,P00415,42,311.65,13089.3
O002190,P00413,27,57.75,1559.25
O002190,P00245,8,443.81,3550.48
O002190,P00346,16,301.35,4821.6
O002190,P00250,19,79.19,1504.61
O002190,P00092,14,18.1,253.4
O002191,P00048,17,121.1,2058.7
O002191,P00438,21,569.22,11953.62
O002191,P00374,36,230.25,8289.0
O002192,P00295,15,409.25,6138.75
O002192,P00316,28,235.69,6599.32
O002192,P00461,1,101.75,101.75
O002192,P00105,31,55.44,1718.64
O002193,P00264,50,210.73,10536.5
O002193,P00412,25,374.05,9351.25
O002193,P00370,17,52.19,887.23
O002193,P00214,22,324.19,7132.18
O002193,P00178,4,533.7,2134.8
O002194,P00167,17,272.14,4626.38
O002194,P00426,45,33.92,1526.4
O002195,P00451,11,86.27,948.97
O002195,P00443,5,74.92,374.6
O002195,P00091,7,169.75,1188.25
O002195,P00327,10,131.42,1314.2
O002195,P00561,24,54.08,1297.92
O002195,P00356,14,250.11,3501.54
O002196,P00349,35,420.19,14706.65
O002196,P00572,17,354.33,6023.61
O002196,P00357,43,347.57,14945.51
O002196,P00365,5,293.32,1466.6
O002196,P00279,42,418.65,17583.3
O002197,P00172,32,253.01,8096.32
O002197,P00506,11,57.71,634.81
O002197,P00478,46,210.31,9674.26
O002197,P00104,48,516.37,24785.76
O002197,P00231,10,224.35,2243.5
O002198,P00175,31,397.85,12333.35
O002198,P00145,6,496.74,2980.44
O002198,P00082,17,136.42,2319.14
O002199,P00366,34,112.96,3840.64
O002199,P00345,3,163.51,490.53
O002199,P00137,3,18.51,55.53
O002199,P00050,41,347.74,14257.34
O002199,P00449,9,221.24,1991.16
O002200,P00151,39,503.83,19649.37
O002200,P00553,7,62.52,437.64
O002201,P00406,38,367.73,13973.74
O002201,P00316,8,232.98,1863.84
O002201,P00246,16,129.17,2066.72
O002202,P00067,23,10.96,252.08
O002202,P00269,30,528.02,15840.6
O002202,P00192,15,279.21,4188.15
O002202,P00388,37,303.06,11213.22
O002202,P00412,26,317.81,8263.06
O002203,P00328,28,220.31,6168.68
O002204,P00544,48,398.38,19122.24
O002205,P00164,33,448.61,14804.13
O002205,P00431,47,110.32,5185.04
O002205,P00172,47,252.58,11871.26
O002205,P00557,26,87.8,2282.8
O002205,P00542,10,248.51,2485.1
O002205,P00365,38,285.38,10844.44
O002206,P00246,37,139.21,5150.77
O002206,P00184,11,22.54,247.94
O002206,P00435,25,197.58,4939.5
O002206,P00485,42,200.72,8430.24
O002206,P00150,27,197.59,5334.93
O002206,P00027,2,538.32,1076.64
O002207,P00146,50,73.41,3670.5
O002207,P00241,39,142.03,5539.17
O002208,P00139,35,287.13,10049.55
O002208,P00261,18,342.09,6157.62
O002208,P00565,26,54.32,1412.32
O002209,P00564,3,145.55,436.65
O002210,P00335,13,95.46,1240.98
O002210,P00217,11,115.07,1265.77
O002210,P00366,22,109.24,2403.28
O002211,P00584,33,227.29,7500.57
O002211,P00020,39,337.21,13151.19
O002211,P00184,24,23.41,561.84
O002211,P00410,38,183.62,6977.56
O002211,P00313,16,45.47,727.52
O002212,P00191,50,157.32,7866.0
O002212,P00334,10,5.09,50.9
O002212,P00581,34,309.44,10520.96
O002212,P00400,33,408.68,13486.44
O002213,P00086,34,136.33,4635.22
O002213,P00128,24,319.21,7661.04
O002214,P00569,30,260.81,7824.3
O002214,P00306,22,351.68,7736.96
O002214,P00355,13,110.15,1431.95
O002215,P00430,20,117.41,2348.2
O002215,P00186,34,30.9,1050.6
O002215,P00251,22,343.93,7566.46
O002215,P00065,6,291.78,1750.68
O002216,P00004,15,132.66,1989.9
O002216,P00435,39,162.52,6338.28
O002216,P00423,30,385.53,11565.9
O002216,P00186,47,34.89,1639.83
O002217,P00233,48,257.79,12373.92
O002217,P00262,43,526.79,22651.97
O002217,P00356,6,233.92,1403.52
O002217,P00031,3,149.13,447.39
O002217,P00193,27,167.89,4533.03
O002218,P00526,6,239.69,1438.14
O002218,P00305,39,179.49,7000.11
O002218,P00531,44,78.9,3471.6
O002218,P00045,6,359.74,2158.44
O002219,P00555,2,192.97,385.94
O002219,P00108,48,66.14,3174.72
O002220,P00080,50,238.83,11941.5
O002220,P00499,15,30.03,450.45
O002220,P00162,2,218.82,437.64
O002220,P00203,7,302.4,2116.8
O002221,P00343,20,302.73,6054.6
O002221,P00530,6,123.28,739.68
O002221,P00455,32,340.57,10898.24
O002221,P00190,34,25.48,866.32
O002222,P00368,13,201.83,2623.79
O002223,P00115,32,372.76,11928.32
O002223,P00333,39,342.55,13359.45
O002223,P00247,6,218.54,1311.24
O002223,P00460,19,168.84,3207.96
O002223,P00524,44,383.17,16859.48
O002223,P00068,25,374.76,9369.0
O002224,P00238,17,238.02,4046.34
O002224,P00140,18,103.2,1857.6
O002225,P00093,2,97.57,195.14
O002225,P00322,10,35.58,355.8
O002226,P00139,28,254.8,7134.4
O002226,P00420,48,212.23,10187.04
O002226,P00199,44,333.37,14668.28
O002226,P00017,17,115.59,1965.03
O002226,P00418,43,122.56,5270.08
O002227,P00201,40,258.8,10352.0
O002227,P00316,50,217.17,10858.5
O002228,P00126,48,243.12,11669.76
O002228,P00336,14,77.31,1082.34
O002229,P00331,5,375.71,1878.55
O002229,P00299,21,64.24,1349.04
O002229,P00538,5,367.52,1837.6
O002229,P00394,7,139.3,975.1
O002229,P00414,40,329.07,13162.8
O002229,P00124,32,435.89,13948.48
O002230,P00029,29,71.03,2059.87
O002231,P00342,8,68.16,545.28
O002231,P00289,30,248.01,7440.3
O002231,P00045,26,417.73,10860.98
O002231,P00435,20,204.93,4098.6
O002231,P00407,41,513.49,21053.09
O002231,P00029,37,76.76,2840.12
O002232,P00537,7,200.56,1403.92
O002232,P00340,49,33.06,1619.94
O002232,P00564,33,141.57,4671.81
O002233,P00445,21,129.58,2721.18
O002233,P00020,24,380.24,9125.76
O002233,P00394,8,141.5,1132.0
O002233,P00528,9,380.38,3423.42
O002233,P00105,40,50.98,2039.2
O002234,P00498,22,246.39,5420.58
O002235,P00268,46,168.69,7759.74
O002235,P00474,45,243.4,10953.0
O002235,P00533,25,166.08,4152.0
O002235,P00197,18,9.97,179.46
O002235,P00138,31,32.11,995.41
O002236,P00157,27,138.07,3727.89
O002236,P00438,20,518.12,10362.4
O002237,P00397,2,28.24,56.48
O002237,P00406,36,357.15,12857.4
O002237,P00365,7,265.1,1855.7
O002237,P00061,11,583.72,6420.92
O002237,P00262,30,540.5,16215.0
O002238,P00390,1,422.71,422.71
O002239,P00218,13,397.57,5168.41
O002239,P00335,10,95.16,951.6
O002239,P00386,24,298.29,7158.96
O002239,P00498,33,278.76,9199.08
O002239,P00146,40,70.34,2813.6
O002239,P00406,35,364.1,12743.5
O002240,P00132,6,252.66,1515.96
O002240,P00326,25,27.9,697.5
O002240,P00465,34,180.01,6120.34
O002241,P00033,49,189.78,9299.22
O002241,P00290,11,551.05,6061.55
O002241,P00312,40,545.83,21833.2
O002241,P00350,21,479.03,10059.63
O002241,P00163,38,192.19,7303.22
O002241,P00574,1,393.42,393.42
O002242,P00220,12,142.66,1711.92
O002243,P00059,48,472.07,22659.36
O002243,P00383,7,11.56,80.92
O002243,P00224,45,394.19,17738.55
O002243,P00253,8,226.71,1813.68
O002243,P00582,27,199.67,5391.09
O002244,P00115,18,420.71,7572.78
O002244,P00379,37,323.57,11972.09
O002244,P00005,14,60.11,841.54
O002244,P00537,6,193.88,1163.28
O002244,P00380,5,228.25,1141.25
O002245,P00133,41,24.94,1022.54
O002245,P00258,18,259.58,4672.44
O002245,P00255,35,240.11,8403.85
O002246,P00350,16,461.89,7390.24
O002247,P00354,39,153.99,6005.61
O002248,P00218,12,426.99,5123.88
O002249,P00203,26,250.42,6510.92
O002250,P00428,26,58.21,1513.46
O002250,P00445,34,137.93,4689.62
O002250,P00429,8,137.46,1099.68
O002250,P00102,14,127.16,1780.24
O002251,P00597,5,114.73,573.65
O002251,P00286,21,42.49,892.29
O002251,P00260,23,461.33,10610.59
O002252,P00592,27,91.05,2458.35
O002252,P00439,8,210.15,1681.2
O002252,P00230,15,249.04,3735.6
O002253,P00093,16,98.15,1570.4
O002253,P00459,27,108.66,2933.82
O002254,P00287,34,586.69,19947.46
O002254,P00412,34,318.09,10815.06
O002254,P00511,31,183.15,5677.65
O002255,P00366,37,109.35,4045.95
O002255,P00159,35,310.37,10862.95
O002255,P00117,9,88.68,798.12
O002256,P00383,1,12.34,12.34
O002256,P00317,34,86.15,2929.1
O002256,P00141,44,85.33,3754.52
O002256,P00394,35,149.01,5215.35
O002257,P00123,47,395.48,18587.56
O002257,P00587,30,13.04,391.2
O002258,P00263,8,395.4,3163.2
O002259,P00120,1,311.86,311.86
O002259,P00210,7,320.47,2243.29
O002259,P00597,38,102.27,3886.26
O002260,P00522,46,421.88,19406.48
O002260,P00485,12,218.65,2623.8
O002260,P00581,33,315.11,10398.63
O002260,P00589,6,71.72,430.32
O002260,P00578,5,242.12,1210.6
O002261,P00235,49,41.65,2040.85
O002261,P00595,48,61.81,2966.88
O002261,P00427,48,193.06,9266.88
O002261,P00084,42,318.38,13371.96
O002261,P00265,35,166.39,5823.65
O002261,P00450,4,30.9,123.6
O002262,P00405,46,73.64,3387.44
O002262,P00468,24,462.54,11100.96
O002263,P00368,29,208.17,6036.93
O002263,P00012,16,427.46,6839.36
O002264,P00027,24,466.38,11193.12
O002264,P00295,35,438.52,15348.2
O002265,P00139,20,281.36,5627.2
O002266,P00577,9,503.61,4532.49
O002266,P00396,27,95.66,2582.82
O002266,P00227,8,245.43,1963.44
O002266,P00041,38,364.75,13860.5
O002266,P00261,25,327.87,8196.75
O002267,P00093,23,103.36,2377.28
O002267,P00279,45,450.85,20288.25
O002268,P00554,13,293.01,3809.13
O002268,P00535,20,332.53,6650.6
O002268,P00305,34,161.86,5503.24
O002269,P00081,16,104.75,1676.0
O002269,P00387,49,116.23,5695.27
O002269,P00267,19,467.54,8883.26
O002270,P00135,30,96.92,2907.6
O002270,P00517,29,86.18,2499.22
O002270,P00510,12,304.98,3659.76
O002270,P00092,35,20.66,723.1
O002270,P00335,10,101.92,1019.2
O002270,P00014,14,379.9,5318.6
O002271,P00457,44,138.36,6087.84
O002271,P00328,5,195.18,975.9
O002271,P00077,50,58.04,2902.0
O002272,P00173,14,238.96,3345.44
O002272,P00164,38,473.34,17986.92
O002272,P00048,1,122.64,122.64
O002272,P00301,15,63.38,950.7
O002273,P00041,43,377.29,16223.47
O002273,P00239,3,379.93,1139.79
O002273,P00381,47,231.19,10865.93
O002273,P00321,21,266.44,5595.24
O002273,P00428,26,61.62,1602.12
O002274,P00109,45,79.9,3595.5
O002274,P00349,35,401.72,14060.2
O002274,P00292,27,328.33,8864.91
O002274,P00439,37,255.18,9441.66
O002274,P00253,44,259.89,11435.16
O002275,P00387,44,107.72,4739.68
O002275,P00013,6,28.59,171.54
O002276,P00347,3,592.37,1777.11
O002276,P00239,20,419.34,8386.8
O002276,P00301,28,55.21,1545.88
O002276,P00420,36,242.42,8727.12
O002276,P00525,31,230.94,7159.14
O002276,P00221,32,279.54,8945.28
O002277,P00255,23,224.47,5162.81
O002278,P00134,9,114.25,1028.25
O002278,P00361,16,91.37,1461.92
O002279,P00288,40,244.04,9761.6
O002279,P00571,39,375.43,14641.77
O002279,P00365,22,287.95,6334.9
O002280,P00300,17,49.11,834.87
O002280,P00228,18,229.87,4137.66
O002280,P00307,40,229.72,9188.8
O002281,P00453,13,76.15,989.95
O002281,P00595,21,71.73,1506.33
O002281,P00293,29,234.64,6804.56
O002281,P00031,47,149.05,7005.35
O002282,P00513,12,226.19,2714.28
O002282,P00569,49,310.47,15213.03
O002282,P00092,32,19.54,625.28
O002282,P00179,22,206.94,4552.68
O002282,P00466,5,202.27,1011.35
O002283,P00088,13,280.66,3648.58
O002284,P00364,46,506.63,23304.98
O002284,P00039,38,118.57,4505.66
O002284,P00070,15,65.19,977.85
O002284,P00338,45,33.17,1492.65
O002284,P00252,30,28.15,844.5
O002284,P00100,6,150.28,901.68
O002285,P00176,7,200.77,1405.39
O002285,P00271,49,259.29,12705.21
O002285,P00295,49,452.09,22152.41
O002286,P00046,17,279.79,4756.43
O002286,P00570,39,273.61,10670.79
O002286,P00141,7,71.47,500.29
O002286,P00043,17,46.2,785.4
O002287,P00254,39,396.37,15458.43
O002287,P00213,4,419.86,1679.44
O002287,P00198,36,169.43,6099.48
O002287,P00078,28,267.42,7487.76
O002287,P00476,37,132.49,4902.13
O002288,P00277,1,224.1,224.1
O002288,P00316,7,220.39,1542.73
O002288,P00009,50,423.04,21152.0
O002288,P00579,50,47.98,2399.0
O002288,P00313,46,39.61,1822.06
O002288,P00572,13,339.21,4409.73
O002289,P00596,1,438.11,438.11
O002289,P00366,17,108.71,1848.07
O002289,P00310,17,70.12,1192.04
O002289,P00481,47,76.54,3597.38
O002289,P00455,38,335.75,12758.5
O002289,P00344,45,121.29,5458.05
O002290,P00306,1,361.78,361.78
O002290,P00089,11,226.33,2489.63
O002290,P00506,20,48.29,965.8
O002290,P00034,50,193.63,9681.5
O002290,P00281,1,295.58,295.58
O002290,P00580,29,153.37,4447.73
O002291,P00395,15,121.89,1828.35
O002292,P00036,39,31.97,1246.83
O002292,P00060,48,212.3,10190.4
O002292,P00412,19,339.69,6454.11
O002292,P00444,21,312.25,6557.25
O002292,P00508,15,245.87,3688.05
O002293,P00006,43,201.36,8658.48
O002293,P00207,14,460.92,6452.88
O002293,P00399,44,459.21,20205.24
O002293,P00009,10,400.51,4005.1
O002293,P00504,3,416.6,1249.8
O002294,P00098,1,266.6,266.6
O002294,P00233,13,262.2,3408.6
O002294,P00449,13,206.73,2687.49
O002294,P00258,41,257.46,10555.86
O002294,P00324,50,124.65,6232.5
O002294,P00366,31,96.76,2999.56
O002295,P00468,5,461.02,2305.1
O002295,P00107,5,29.76,148.8
O002295,P00339,11,266.2,2928.2
O002295,P00369,18,153.62,2765.16
O002296,P00060,49,184.02,9016.98
O002296,P00243,2,96.73,193.46
O002296,P00181,34,200.21,6807.14
O002296,P00309,18,228.8,4118.4
O002296,P00130,21,27.77,583.17
O002296,P00211,12,134.51,1614.12
O002297,P00441,9,362.25,3260.25
O002297,P00202,29,535.38,15526.02
O002298,P00271,23,244.87,5632.01
O002298,P00491,8,158.89,1271.12
O002299,P00235,46,36.43,1675.78
O002299,P00431,46,118.72,5461.12
O002299,P00002,23,563.6,12962.8
O002299,P00577,47,525.13,24681.11
O002300,P00015,29,208.3,6040.7
O002300,P00182,43,128.92,5543.56
O002300,P00171,47,197.02,9259.94
O002300,P00188,23,306.25,7043.75
O002300,P00420,22,241.57,5314.54
O002300,P00527,28,252.44,7068.32
O002301,P00074,39,319.72,12469.08
O002301,P00467,41,385.95,15823.95
O002301,P00291,2,102.4,204.8
O002301,P00335,34,118.67,4034.78
O002302,P00082,20,155.71,3114.2
O002302,P00591,29,380.92,11046.68
O002302,P00190,25,27.5,687.5
O002302,P00070,3,55.91,167.73
O002302,P00475,2,275.7,551.4
O002303,P00408,19,114.28,2171.32
O002303,P00410,36,213.38,7681.68
O002303,P00005,4,68.53,274.12
O002303,P00528,37,376.68,13937.16
O002303,P00399,34,462.63,15729.42
O002304,P00453,36,66.8,2404.8
O002304,P00532,11,41.37,455.07
O002304,P00428,36,54.01,1944.36
O002305,P00018,33,361.18,11918.94
O002305,P00312,40,518.42,20736.8
O002305,P00357,19,307.69,5846.11
O002305,P00207,31,438.47,13592.57
O002305,P00409,44,471.22,20733.68
O002306,P00105,40,48.15,1926.0
O002306,P00138,17,31.7,538.9
O002307,P00349,36,355.5,12798.0
O002307,P00325,1,53.52,53.52
O002307,P00286,14,40.1,561.4
O002307,P00472,21,105.44,2214.24
O002307,P00524,1,376.65,376.65
O002308,P00342,50,85.22,4261.0
O002308,P00344,13,124.39,1617.07
O002308,P00035,48,211.87,10169.76
O002308,P00081,33,99.03,3267.99
O002309,P00167,5,297.36,1486.8
O002309,P00015,20,195.62,3912.4
O002310,P00438,44,504.42,22194.48
O002310,P00585,23,8.49,195.27
O002310,P00515,18,538.03,9684.54
O002310,P00080,28,201.06,5629.68
O002310,P00444,42,306.28,12863.76
O002310,P00126,23,245.46,5645.58
O002311,P00029,44,72.63,3195.72
O002312,P00121,4,137.42,549.68
O002312,P00019,30,247.86,7435.8
O002312,P00502,29,43.19,1252.51
O002312,P00532,19,38.29,727.51
O002312,P00504,32,485.31,15529.92
O002313,P00350,23,453.0,10419.0
O002313,P00391,22,372.93,8204.46
O002313,P00151,25,486.74,12168.5
O002313,P00519,33,306.69,10120.77
O002313,P00571,13,392.35,5100.55
O002314,P00512,19,237.75,4517.25
O002314,P00197,33,9.59,316.47
O002314,P00149,28,345.62,9677.36
O002315,P00388,32,260.31,8329.92
O002315,P00110,2,266.18,532.36
O002315,P00011,41,312.17,12798.97
O002315,P00131,12,58.36,700.32
O002316,P00003,46,299.48,13776.08
O002316,P00550,45,256.37,11536.65
O002316,P00541,27,46.33,1250.91
O002316,P00090,44,545.03,23981.32
O002316,P00135,19,90.82,1725.58
O002316,P00329,9,387.88,3490.92
O002317,P00504,43,436.14,18754.02
O002317,P00550,15,255.89,3838.35
O002317,P00524,23,418.48,9625.04
O002317,P00257,47,204.98,9634.06
O002317,P00430,48,135.74,6515.52
O002317,P00158,19,325.26,6179.94
O002318,P00163,21,159.73,3354.33
O002319,P00166,33,359.31,11857.23
O002320,P00112,30,333.21,9996.3
O002320,P00472,22,94.67,2082.74
O002321,P00315,12,318.07,3816.84
O002321,P00452,15,88.4,1326.0
O002321,P00368,32,181.83,5818.56
O002321,P00200,45,397.12,17870.4
O002321,P00092,22,17.56,386.32
O002322,P00436,47,106.58,5009.26
O002322,P00355,43,108.72,4674.96
O002323,P00299,48,61.09,2932.32
O002323,P00247,43,193.5,8320.5
O002324,P00322,36,37.94,1365.84
O002324,P00164,2,391.22,782.44
O002324,P00333,15,415.02,6225.3
O002324,P00150,31,210.56,6527.36
O002324,P00095,47,227.78,10705.66
O002324,P00549,7,537.46,3762.22
O002325,P00499,2,29.55,59.1
O002326,P00164,2,422.02,844.04
O002326,P00457,21,157.33,3303.93
O002326,P00433,26,557.26,14488.76
O002326,P00184,22,25.33,557.26
O002326,P00219,9,465.63,4190.67
O002327,P00128,31,332.75,10315.25
O002327,P00168,37,228.61,8458.57
O002328,P00013,45,27.83,1252.35
O002328,P00018,33,390.44,12884.52
O002328,P00486,39,128.83,5024.37
O002328,P00299,38,57.43,2182.34
O002328,P00425,12,112.14,1345.68
O002329,P00375,42,24.97,1048.74
O002329,P00035,27,233.37,6300.99
O002329,P00222,50,161.05,8052.5
O002329,P00202,24,594.01,14256.24
O002329,P00325,16,63.56,1016.96
O002330,P00202,5,583.82,2919.1
O002330,P00265,39,151.76,5918.64
O002330,P00192,50,272.41,13620.5
O002330,P00230,38,242.13,9200.94
O002331,P00296,17,280.38,4766.46
O002332,P00313,10,41.88,418.8
O002332,P00531,16,81.24,1299.84
O002333,P00052,37,368.0,13616.0
O002333,P00056,47,161.43,7587.21
O002334,P00170,35,216.06,7562.1
O002334,P00350,34,454.31,15446.54
O002335,P00445,44,110.75,4873.0
O002335,P00505,16,78.71,1259.36
O002335,P00313,50,42.58,2129.0
O002335,P00196,31,495.13,15349.03
O002336,P00404,38,361.2,13725.6
O002337,P00290,8,488.73,3909.84
O002337,P00286,14,42.42,593.88
O002337,P00207,12,479.43,5753.16
O002337,P00542,45,228.96,10303.2
O002338,P00099,9,364.43,3279.87
O002338,P00216,48,87.13,4182.24
O002338,P00532,7,34.95,244.65
O002339,P00099,39,383.33,14949.87
O002339,P00587,32,12.42,397.44
O002339,P00598,34,451.21,15341.14
O002339,P00031,24,136.2,3268.8
O002340,P00292,9,387.43,3486.87
O002340,P00014,16,374.04,5984.64
O002340,P00181,47,238.23,11196.81
O002340,P00551,26,251.04,6527.04
O002340,P00560,40,26.69,1067.6
O002341,P00409,8,393.14,3145.12
O002341,P00548,5,422.63,2113.15
O002342,P00270,6,123.07,738.42
O002343,P00301,49,60.01,2940.49
O002343,P00588,44,228.47,10052.68
O002343,P00195,1,293.18,293.18
O002343,P00206,18,183.49,3302.82
O002343,P00506,5,56.13,280.65
O002344,P00545,26,249.79,6494.54
O002344,P00170,46,178.46,8209.16
O002344,P00460,39,158.81,6193.59
O002344,P00297,32,349.28,11176.96
O002344,P00287,11,539.55,5935.05
O002344,P00578,37,231.21,8554.77
O002345,P00277,38,183.59,6976.42
O002345,P00052,31,357.81,11092.11
O002345,P00505,44,74.69,3286.36
O002346,P00315,34,324.61,11036.74
O002346,P00144,2,109.7,219.4
O002346,P00571,1,392.51,392.51
O002347,P00045,12,420.59,5047.08
O002347,P00362,21,84.6,1776.6
O002348,P00560,11,29.73,327.03
O002348,P00289,10,236.94,2369.4
O002348,P00366,32,101.06,3233.92
O002348,P00583,1,31.94,31.94
O002349,P00378,17,486.76,8274.92
O002349,P00206,36,168.2,6055.2
O002349,P00339,16,247.21,3955.36
O002350,P00249,21,312.75,6567.75
O002350,P00596,47,535.63,25174.61
O002350,P00045,33,393.85,12997.05
O002351,P00281,49,283.65,13898.85
O002351,P00013,10,29.71,297.1
O002351,P00027,25,530.86,13271.5
O002351,P00488,41,82.51,3382.91
O002351,P00205,12,283.52,3402.24
O002351,P00515,29,516.05,14965.45
O002352,P00537,25,209.51,5237.75
O002352,P00086,1,125.52,125.52
O002352,P00508,30,277.71,8331.3
O002352,P00327,46,121.88,5606.48
O002353,P00299,40,55.51,2220.4
O002353,P00272,19,112.33,2134.27
O002353,P00600,20,412.95,8259.0
O002353,P00009,10,362.17,3621.7
O002353,P00286,45,41.27,1857.15
O002354,P00293,4,241.97,967.88
O002354,P00594,45,207.86,9353.7
O002355,P00218,7,451.91,3163.37
O002355,P00461,13,82.52,1072.76
O002356,P00159,17,278.09,4727.53
O002356,P00348,47,180.22,8470.34
O002356,P00055,1,50.53,50.53
O002356,P00118,49,510.88,25033.12
O002357,P00145,3,482.11,1446.33
O002358,P00441,14,295.34,4134.76
O002358,P00511,41,183.54,7525.14
O002358,P00502,17,50.23,853.91
O002358,P00596,31,419.27,12997.37
O002358,P00161,41,29.45,1207.45
O002358,P00034,42,173.33,7279.86
O002359,P00240,10,11.11,111.1
O002359,P00589,27,70.04,1891.08
O002359,P00039,46,108.59,4995.14
O002359,P00486,7,130.31,912.17
O002360,P00357,5,333.32,1666.6
O002360,P00375,9,23.66,212.94
O002360,P00067,35,10.94,382.9
O002361,P00121,32,132.45,4238.4
O002361,P00015,9,229.81,2068.29
O002361,P00268,10,161.21,1612.1
O002361,P00134,43,110.03,4731.29
O002361,P00550,38,207.84,7897.92
O002362,P00253,7,258.07,1806.49
O002362,P00192,48,248.77,11940.96
O002362,P00183,50,468.42,23421.0
O002362,P00464,8,418.71,3349.68
O002363,P00386,35,264.51,9257.85
O002363,P00394,40,134.48,5379.2
O002363,P00014,44,370.67,16309.48
O002363,P00246,3,152.52,457.56
O002363,P00267,46,411.81,18943.26
O002363,P00152,30,108.92,3267.6
O002364,P00281,36,361.86,13026.96
O002364,P00255,41,234.4,9610.4
O002364,P00359,35,473.22,16562.7
O002364,P00397,27,25.84,697.68
O002365,P00415,35,294.91,10321.85
O002365,P00350,34,447.51,15215.34
O002366,P00301,35,66.68,2333.8
O002366,P00394,14,131.88,1846.32
O002366,P00405,17,74.72,1270.24
O002366,P00008,32,435.72,13943.04
O002366,P00259,28,255.09,7142.52
O002367,P00554,16,282.98,4527.68
O002367,P00295,34,398.58,13551.72
O002367,P00192,37,264.44,9784.28
O002368,P00463,10,354.83,3548.3
O002368,P00360,4,55.8,223.2
O002368,P00435,15,183.93,2758.95
O002368,P00039,41,120.55,4942.55
O002368,P00006,25,176.66,4416.5
O002369,P00308,23,103.04,2369.92
O002369,P00400,2,491.66,983.32
O002369,P00364,32,465.23,14887.36
O002369,P00368,37,169.53,6272.61
O002369,P00371,47,491.52,23101.44
O002370,P00320,12,262.77,3153.24
O002371,P00400,35,444.53,15558.55
O002371,P00036,36,33.99,1223.64
O002371,P00304,4,318.14,1272.56
O002371,P00577,36,472.58,17012.88
O002372,P00450,39,34.17,1332.63
O002372,P00049,17,87.15,1481.55
O002373,P00274,35,584.15,20445.25
O002373,P00287,43,482.97,20767.71
O002374,P00445,43,118.91,5113.13
O002374,P00243,47,116.02,5452.94
O002374,P00067,8,12.59,100.72
O002374,P00158,50,349.56,17478.0
O002375,P00380,27,248.59,6711.93
O002375,P00518,15,194.63,2919.45
O002376,P00557,3,109.3,327.9
O002376,P00334,5,6.22,31.1
O002377,P00128,33,311.93,10293.69
O002378,P00529,3,357.05,1071.15
O002378,P00560,16,24.67,394.72
O002378,P00192,19,247.32,4699.08
O002378,P00019,48,209.47,10054.56
O002378,P00143,29,144.27,4183.83
O002379,P00494,22,144.9,3187.8
O002379,P00578,34,281.58,9573.72
O002379,P00161,40,31.72,1268.8
O002379,P00136,41,228.56,9370.96
O002379,P00070,30,68.07,2042.1
O002379,P00600,9,382.21,3439.89
O002380,P00577,31,428.64,13287.84
O002380,P00414,14,352.4,4933.6
O002381,P00504,48,535.52,25704.96
O002381,P00432,11,479.32,5272.52
O002382,P00036,27,33.21,896.67
O002382,P00537,50,233.93,11696.5
O002383,P00492,24,186.9,4485.6
O002383,P00309,33,233.21,7695.93
O002383,P00042,25,16.27,406.75
O002383,P00122,29,84.36,2446.44
O002384,P00478,16,261.22,4179.52
O002384,P00140,20,105.97,2119.4
O002385,P00342,1,82.58,82.58
O002386,P00594,14,231.62,3242.68
O002386,P00474,43,257.94,11091.42
O002386,P00540,3,68.73,206.19
O002386,P00569,5,283.04,1415.2
O002386,P00294,31,159.2,4935.2
O002386,P00272,30,110.32,3309.6
O002387,P00331,14,349.52,4893.28
O002388,P00193,24,165.65,3975.6
O002388,P00161,20,27.77,555.4
O002388,P00101,50,105.26,5263.0
O002388,P00174,12,93.17,1118.04
O002388,P00351,6,379.36,2276.16
O002389,P00516,43,398.27,17125.61
O002389,P00427,24,213.29,5118.96
O002389,P00489,39,424.11,16540.29
O002389,P00284,43,516.29,22200.47
O002390,P00485,47,217.56,10225.32
O002390,P00589,36,77.85,2802.6
O002390,P00480,32,227.69,7286.08
O002390,P00258,32,244.58,7826.56
O002391,P00590,16,192.42,3078.72
O002391,P00428,5,62.88,314.4
O002391,P00414,23,302.93,6967.39
O002392,P00163,27,158.65,4283.55
O002392,P00048,39,125.48,4893.72
O002392,P00543,24,217.3,5215.2
O002393,P00031,5,123.25,616.25
O002393,P00237,43,310.37,13345.91
O002393,P00409,28,478.01,13384.28
O002393,P00176,15,182.85,2742.75
O002394,P00429,15,127.15,1907.25
O002394,P00431,41,93.22,3822.02
O002394,P00353,2,408.01,816.02
O002394,P00142,34,576.16,19589.44
O002395,P00381,24,205.67,4936.08
O002395,P00009,48,412.45,19797.6
O002395,P00234,1,373.04,373.04
O002396,P00262,48,504.1,24196.8
O002396,P00078,42,261.86,10998.12
O002396,P00046,41,319.47,13098.27
O002396,P00560,37,26.52,981.24
O002396,P00245,33,459.87,15175.71
O002396,P00174,18,114.23,2056.14
O002397,P00074,15,329.96,4949.4
O002397,P00592,46,91.63,4214.98
O002397,P00524,48,423.78,20341.44
O002397,P00570,11,298.44,3282.84
O002398,P00469,47,375.11,17630.17
O002398,P00596,7,501.79,3512.53
O002399,P00453,26,79.22,2059.72
O002399,P00463,8,319.05,2552.4
O002399,P00600,37,393.18,14547.66
O002399,P00287,16,561.62,8985.92
O002399,P00356,8,202.04,1616.32
O002400,P00278,20,175.87,3517.4
O002400,P00351,23,350.02,8050.46
O002400,P00183,20,433.91,8678.2
O002400,P00398,4,262.88,1051.52
O002400,P00056,44,145.78,6414.32
O002400,P00247,49,217.7,10667.3
