customer_id,email,first_name,last_name,geo_id,segment,created_at,updated_at,is_deleted
C000001,wisealexandria@example.org,Dalton,Montgomery,GEO0486,Consumer,2025-06-01T23:03:53,2025-12-08T08:40:32,0
C000002,penanicole@example.com,Jerome,Rojas,GEO0521,Consumer,2024-05-06T20:07:28,2025-03-07T18:47:00,0
C000003,isims@example.net,Mary,Johnson,GEO0458,Consumer,2024-12-13T23:37:36,2025-12-13T20:42:34,0
C000004,michelle57@example.com,Theresa,Fernandez,GEO0228,Consumer,2025-09-01T11:19:18,2026-02-18T22:36:43,0
C000005,amy28@example.org,Brittany,Bryant,GEO0040,SMB,2026-01-01T16:47:15,2026-01-07T10:33:37,0
C000006,omills@example.net,Kyle,Reed,GEO0139,SMB,2025-01-04T03:09:45,2025-08-09T13:05:05,0
C000007,lindaramos@example.com,Robert,Moore,GEO0258,Consumer,2025-03-11T15:13:28,2025-04-19T11:43:33,0
C000008,smithlisa@example.org,Maurice,Harrison,GEO0026,Mid-Market,2025-08-25T16:49:25,2025-10-31T18:31:40,0
C000009,wattstravis@example.com,Kevin,Cannon,GEO0470,Mid-Market,2025-03-26T15:46:26,2025-06-17T04:32:08,0
C000010,carla08@example.com,Jacob,Khan,GEO0205,SMB,2025-12-29T04:45:32,2026-02-22T16:07:44,0
C000011,kfoster@example.net,Jillian,Price,GEO0211,SMB,2025-04-11T01:47:10,2026-01-22T11:58:07,0
C000012,fwalker@example.com,Colleen,Black,GEO0220,Consumer,2025-02-22T03:23:36,2025-07-20T01:33:09,0
C000013,justin84@example.com,Jacob,Jones,GEO0566,SMB,2025-01-15T11:19:18,2025-09-20T00:50:09,0
C000014,keithwalsh@example.net,Shawn,Graves,GEO0705,SMB,2025-08-26T01:59:57,2025-11-12T09:13:11,0
C000015,blopez@example.org,Brandon,Nichols,GEO0080,SMB,2026-01-27T00:07:35,2026-02-18T02:55:02,0
C000016,teresacampbell@example.org,Jennifer,Acosta,GEO0122,Mid-Market,2025-05-07T09:36:28,2025-10-26T12:30:53,0
C000017,christophersmith@example.org,Matthew,Collins,GEO0447,Consumer,2025-09-12T04:32:40,2026-01-07T14:42:28,0
C000018,dbolton@example.net,Lacey,Rivera,GEO0551,SMB,2026-01-15T02:51:39,2026-02-26T19:26:24,0
C000019,brianrowe@example.org,Amy,White,GEO0087,SMB,2025-02-08T17:02:42,2025-09-22T23:17:41,0
C000020,lisa01@example.net,John,Wise,GEO0764,Mid-Market,2024-06-18T00:36:40,2025-04-30T17:41:07,0
C000021,cwright@example.org,Steven,Wise,GEO0678,Consumer,2025-07-26T06:39:34,2025-12-20T01:36:33,0
C000022,thomasmaldonado@example.com,Sharon,Moore,GEO0041,SMB,2026-02-07T16:57:01,2026-02-10T21:59:34,0
C000023,garnerandrea@example.org,Jon,Little,GEO0022,SMB,2024-01-20T06:15:53,2026-01-11T18:28:05,0
C000024,michaelwilliams@example.net,Jeff,Rodriguez,GEO0057,Mid-Market,2025-06-30T10:25:37,2025-07-11T15:55:59,0
C000025,knguyen@example.com,Brenda,Foster,GEO0101,SMB,2024-12-14T05:26:01,2026-02-27T16:20:24,0
C000026,albertwilliams@example.net,Thomas,Carlson,GEO0639,Consumer,2024-04-03T03:34:10,2025-01-20T04:11:16,0
C000027,kelli32@example.com,Christopher,Montgomery,GEO0189,Consumer,2024-04-01T09:26:43,2024-09-21T01:39:20,0
C000028,browndeanna@example.net,Amanda,Rodriguez,GEO0306,Mid-Market,2024-01-28T01:19:24,2024-05-08T10:09:26,0
C000029,jhall@example.net,Katherine,Trujillo,GEO0657,SMB,2024-11-27T12:52:57,2025-01-27T01:12:15,0
C000030,bquinn@example.net,Nicholas,Ramsey,GEO0037,Mid-Market,2025-09-03T07:31:32,2026-01-10T12:07:17,0
C000031,rachel77@example.net,Kenneth,Terry,GEO0429,SMB,2024-11-21T17:26:04,2025-07-26T00:26:40,0
C000032,ashleystephens@example.com,Jessica,Hill,GEO0115,SMB,2024-01-20T17:37:43,2024-05-02T07:48:35,0
C000033,caseymoore@example.com,Lori,Weaver,GEO0042,SMB,2024-05-08T18:26:28,2024-08-01T20:32:13,0
C000034,osmith@example.net,Nicholas,Lopez,GEO0114,SMB,2024-05-25T17:10:50,2025-01-31T17:27:58,0
C000035,harveymichael@example.net,John,Le,GEO0380,Consumer,2025-04-07T00:52:29,2026-02-18T09:41:10,0
C000036,rlee@example.com,Katie,Moore,GEO0076,SMB,2024-03-02T08:38:16,2026-01-27T12:22:53,0
C000037,marcus51@example.org,Alexandra,Jones,GEO0481,Mid-Market,2024-08-05T16:18:02,2025-01-17T23:34:36,0
C000038,gregoryjohnson@example.org,Todd,Garcia,GEO0738,Consumer,2024-11-03T12:44:07,2026-01-02T04:46:35,0
C000039,hbarrett@example.net,Jacqueline,Scott,GEO0510,Consumer,2025-03-18T19:32:51,2025-08-27T21:21:40,0
C000040,jeffrey10@example.org,Diana,Hebert,GEO0475,Mid-Market,2026-02-09T14:17:15,2026-02-19T10:13:29,0
C000041,mcdonalddanielle@example.com,Angela,Hurley,GEO0619,SMB,2025-09-05T00:58:44,2025-10-09T20:59:00,0
C000042,yshort@example.net,Brian,Jensen,GEO0483,Consumer,2025-05-02T00:43:11,2025-11-29T17:57:44,0
C000043,navarromary@example.org,Shirley,Yu,GEO0340,SMB,2025-05-15T17:05:50,2025-06-23T17:01:57,0
C000044,garciajerry@example.com,Jake,Fox,GEO0613,SMB,2025-11-18T21:07:22,2026-01-05T19:22:24,0
C000045,ashleymeza@example.net,Kara,Perry,GEO0199,Mid-Market,2026-02-25T00:07:29,2026-02-27T06:28:00,0
C000046,mirandabarbara@example.net,Stephen,Ortega,GEO0613,Consumer,2026-01-30T08:43:58,2026-02-21T11:12:05,0
C000047,jacksonhenry@example.com,William,Sandoval,GEO0628,Mid-Market,2025-09-20T09:51:45,2025-11-15T07:31:23,0
C000048,umahoney@example.net,Victoria,Nguyen,GEO0054,SMB,2024-10-14T22:45:38,2025-01-29T00:12:52,0
C000049,robert65@example.net,John,Gardner,GEO0533,Consumer,2025-02-09T08:36:32,2025-10-19T05:35:12,0
C000050,vcannon@example.com,Michael,Chavez,GEO0614,Mid-Market,2026-01-26T21:43:38,2026-02-06T02:37:08,0
C000051,csmith@example.com,Caitlin,Holmes,GEO0367,Consumer,2024-03-07T08:59:36,2024-10-26T16:46:50,0
C000052,adam33@example.com,Andrew,Short,GEO0399,Mid-Market,2024-07-15T00:44:43,2026-01-11T19:16:43,0
C000053,samantha88@example.net,Sara,Moore,GEO0790,Consumer,2025-04-09T13:41:43,2025-05-05T10:27:54,0
C000054,stevenseric@example.com,Michael,Perkins,GEO0230,Consumer,2024-10-07T21:33:29,2025-06-17T11:33:48,0
C000055,jonathanevans@example.net,Ricardo,Hardin,GEO0495,Consumer,2026-01-08T01:17:58,2026-02-03T17:28:20,0
C000056,cummingslaura@example.org,Tracy,Nolan,GEO0686,Consumer,2025-02-05T10:05:56,2025-11-24T00:47:14,0
C000057,larsonkevin@example.net,Lindsey,James,GEO0635,Consumer,2025-03-09T07:12:10,2025-08-24T09:04:40,0
C000058,weeksmatthew@example.com,Robert,Parrish,GEO0789,Consumer,2024-04-09T15:27:51,2024-05-03T18:51:40,0
C000059,julieatkinson@example.org,Cynthia,Chen,GEO0346,SMB,2024-12-08T07:06:30,2025-04-09T10:53:03,0
C000060,torresblake@example.net,Annette,Murphy,GEO0414,Mid-Market,2024-12-07T07:04:49,2025-10-10T19:28:48,0
C000061,ericnunez@example.com,Tasha,Mullins,GEO0399,SMB,2025-10-02T18:07:05,2025-10-17T01:24:20,0
C000062,walkerkeith@example.com,Earl,Rogers,GEO0705,Consumer,2025-12-11T04:03:58,2026-02-05T01:19:39,0
C000063,dduncan@example.net,Raymond,Miller,GEO0138,Consumer,2025-03-18T03:43:03,2025-12-29T01:18:54,0
C000064,iayala@example.org,Timothy,Gonzalez,GEO0641,Consumer,2025-02-15T19:48:26,2025-06-14T19:50:42,0
C000065,mpearson@example.net,Christina,Fitzgerald,GEO0433,SMB,2024-01-11T12:29:50,2025-03-24T19:39:06,0
C000066,johnadams@example.com,Marcus,Glass,GEO0091,Mid-Market,2025-10-28T00:29:33,2025-12-09T18:12:06,0
C000067,rodriguezrobert@example.com,Michael,Flores,GEO0692,Mid-Market,2024-01-13T22:04:37,2024-07-29T18:08:40,0
C000068,carrillogary@example.com,Christina,Branch,GEO0476,SMB,2024-09-19T13:30:46,2025-12-18T05:15:08,0
C000069,chanson@example.org,Sandra,Hall,GEO0222,Consumer,2024-02-15T04:19:37,2025-05-06T16:41:48,0
C000070,eric11@example.net,Brian,Rush,GEO0533,Mid-Market,2024-11-14T17:49:09,2025-01-28T15:19:38,0
C000071,mistywilkins@example.org,Matthew,Brock,GEO0236,SMB,2024-10-25T00:33:37,2025-09-26T21:09:03,0
C000072,shannon05@example.org,Jody,Lewis,GEO0389,Mid-Market,2025-06-03T01:27:22,2025-09-11T06:40:58,0
C000073,ana92@example.net,Holly,Smith,GEO0502,SMB,2024-03-11T06:42:30,2026-02-20T22:29:38,0
C000074,scottbrian@example.org,Kristina,Williamson,GEO0677,Mid-Market,2024-12-05T18:21:39,2025-05-07T13:21:10,0
C000075,marshallsierra@example.org,Paul,Nelson,GEO0137,Consumer,2025-04-10T15:14:58,2025-04-11T20:14:44,0
C000076,michelle04@example.net,Paul,Whitney,GEO0611,Mid-Market,2025-04-22T06:15:30,2025-10-08T23:24:13,0
C000077,mckeetodd@example.net,Amanda,Lopez,GEO0525,Consumer,2024-07-07T11:00:04,2025-07-08T00:35:07,0
C000078,tcastro@example.org,Bernard,Nielsen,GEO0508,SMB,2024-10-24T06:40:37,2026-02-03T11:02:01,0
C000079,matthew62@example.org,Michael,Bell,GEO0352,SMB,2024-07-21T05:14:56,2025-04-15T23:11:21,0
C000080,joel84@example.org,Connie,Johns,GEO0368,Consumer,2025-07-21T05:12:01,2025-09-04T08:58:06,0
C000081,raymondstacy@example.org,Edward,Prince,GEO0631,Consumer,2025-11-24T12:41:50,2025-12-08T10:59:13,0
C000082,christopherreyes@example.net,Cheyenne,Garrett,GEO0273,Consumer,2025-04-12T11:51:23,2025-07-08T16:51:39,0
C000083,robertberry@example.com,Tara,Browning,GEO0186,Mid-Market,2025-03-20T02:07:09,2025-05-25T06:12:34,0
C000084,shane23@example.net,Dillon,Weaver,GEO0780,SMB,2025-12-12T10:38:27,2026-01-12T01:48:39,0
C000085,michelleparker@example.net,Rachel,Browning,GEO0232,Mid-Market,2024-07-12T09:50:09,2025-06-12T07:03:40,0
C000086,xforbes@example.org,Diana,Cunningham,GEO0564,Consumer,2024-10-13T16:37:56,2025-06-20T06:46:05,0
C000087,lonniegrant@example.net,David,Stewart,GEO0314,Mid-Market,2025-04-26T19:04:10,2026-01-11T12:48:56,0
C000088,jessicacannon@example.com,Susan,Turner,GEO0418,Mid-Market,2026-02-08T11:31:33,2026-02-22T05:20:45,0
C000089,edwin31@example.org,Jack,Farmer,GEO0373,Mid-Market,2025-06-22T15:45:31,2025-10-21T08:37:25,0
C000090,catherine93@example.net,Jesse,Mcdaniel,GEO0697,Mid-Market,2025-08-20T01:13:14,2025-10-10T14:55:15,0
C000091,christopher72@example.net,Meghan,Harrison,GEO0461,SMB,2024-08-11T13:56:24,2025-01-18T11:16:35,0
C000092,jack67@example.com,Devin,Lee,GEO0707,Consumer,2024-05-17T09:28:33,2025-05-12T07:37:02,0
C000093,ortiztanya@example.com,Stephanie,Walker,GEO0024,Mid-Market,2025-06-08T10:27:28,2026-02-02T13:26:23,0
C000094,katherinejones@example.com,Michelle,Burns,GEO0272,SMB,2025-05-24T08:24:01,2025-08-23T14:14:16,0
C000095,michelle36@example.com,Kimberly,Franklin,GEO0099,SMB,2024-03-18T02:18:53,2025-08-13T16:34:41,0
C000096,zcortez@example.net,Sheila,Armstrong,GEO0581,Consumer,2024-10-10T03:07:04,2025-04-12T01:34:12,0
C000097,meyershannon@example.org,Natalie,Sanchez,GEO0696,Mid-Market,2024-07-20T10:16:19,2025-04-27T06:45:38,0
C000098,cterrell@example.net,Paul,Hubbard,GEO0205,Mid-Market,2026-02-09T23:34:58,2026-02-17T00:49:19,0
C000099,leescott@example.com,Kim,Mitchell,GEO0548,SMB,2024-12-20T12:52:37,2026-01-11T20:00:30,0
C000100,robertoaustin@example.org,Hannah,Mckee,GEO0069,Consumer,2025-06-08T12:14:14,2025-09-23T15:14:33,0
C000101,cgallegos@example.org,Jennifer,Wilson,GEO0061,SMB,2025-07-19T23:52:29,2025-10-14T02:20:54,0
C000102,phillipmorris@example.org,Harold,Garza,GEO0761,Mid-Market,2025-03-15T13:13:28,2025-10-31T17:01:23,0
C000103,nicoledavis@example.com,Heather,Meadows,GEO0763,Consumer,2025-08-14T09:47:00,2025-12-19T21:53:22,0
C000104,jennifermartinez@example.org,Jasmin,Walters,GEO0459,SMB,2024-08-18T13:43:48,2025-10-05T22:34:19,0
C000105,millspatrick@example.net,Cheryl,Moore,GEO0084,Consumer,2025-08-24T18:50:02,2025-09-28T04:21:36,0
C000106,kwilliams@example.com,Ariana,Keller,GEO0735,Mid-Market,2025-09-09T18:55:25,2025-12-15T06:25:04,0
C000107,fernandothomas@example.net,Brett,Parker,GEO0696,Consumer,2025-01-30T15:06:21,2025-11-17T14:40:57,0
C000108,lroberts@example.org,Rachel,Horne,GEO0698,Consumer,2024-04-05T03:43:35,2024-10-03T01:52:44,0
C000109,deanjohnny@example.com,Tyler,Jimenez,GEO0232,Consumer,2025-05-15T05:12:04,2025-11-28T09:13:14,0
C000110,franklintrevor@example.org,Brianna,Alvarez,GEO0492,Mid-Market,2025-11-06T02:29:03,2025-12-23T16:00:10,0
C000111,mramos@example.net,Adam,Khan,GEO0504,SMB,2025-02-24T05:07:08,2025-11-25T13:30:47,0
C000112,christine83@example.org,Jack,Brown,GEO0355,Consumer,2025-02-02T04:55:13,2025-07-10T13:52:45,0
C000113,benjamin09@example.net,Kenneth,Knapp,GEO0245,Consumer,2025-05-01T19:36:19,2026-02-25T06:32:45,0
C000114,rodriguezvictoria@example.org,Emily,Carr,GEO0593,SMB,2025-04-14T06:00:09,2025-11-28T02:52:25,0
C000115,tammycurry@example.com,Sarah,Davis,GEO0386,Mid-Market,2024-09-09T10:58:36,2026-01-24T14:29:36,0
C000116,marcus61@example.com,Megan,Brown,GEO0269,Consumer,2026-01-24T09:41:56,2026-02-22T11:44:53,0
C000117,staylor@example.com,Mark,Gutierrez,GEO0597,SMB,2024-10-31T19:52:51,2026-01-09T05:26:15,0
C000118,heathersalazar@example.org,Ashley,Krause,GEO0263,Mid-Market,2025-09-24T13:29:24,2025-11-09T22:36:06,0
C000119,webbhaley@example.net,Justin,Lynch,GEO0237,Consumer,2025-12-16T07:56:55,2026-01-05T08:56:40,0
C000120,jordan99@example.com,Sara,Mendez,GEO0257,Mid-Market,2024-10-25T02:44:46,2025-10-29T06:58:31,0
C000121,ostone@example.com,Travis,White,GEO0420,Mid-Market,2026-02-19T03:23:04,2026-02-20T16:49:49,0
C000122,jeanettekrause@example.org,David,Marshall,GEO0122,SMB,2025-02-23T05:16:13,2025-11-09T01:29:01,0
C000123,mclaughlinjared@example.net,Yolanda,Gutierrez,GEO0720,Mid-Market,2025-10-16T21:47:29,2026-01-21T10:47:25,0
C000124,michael30@example.net,James,Campbell,GEO0740,SMB,2024-07-18T01:00:16,2024-11-12T22:58:08,0
C000125,parkerwilliam@example.com,Katie,Wilson,GEO0541,Mid-Market,2025-11-17T14:31:29,2025-11-25T02:35:42,0
C000126,matthew99@example.org,Marilyn,Lee,GEO0576,SMB,2025-12-31T04:30:52,2026-01-17T05:10:53,0
C000127,sandra77@example.org,Debbie,Olson,GEO0554,Consumer,2025-09-13T05:18:07,2026-01-27T23:25:10,0
C000128,imcclain@example.com,Steven,Olsen,GEO0362,Consumer,2025-11-18T21:17:09,2026-01-13T11:11:13,0
C000129,conleykevin@example.net,Erika,Peters,GEO0506,Mid-Market,2024-02-05T17:13:28,2026-01-18T01:53:40,0
C000130,clarkgina@example.com,Carl,Hernandez,GEO0221,Mid-Market,2025-06-19T21:45:42,2025-08-10T12:44:19,0
C000131,morgannicholas@example.net,Megan,Duncan,GEO0312,Mid-Market,2024-02-23T00:03:49,2025-03-15T06:59:15,0
C000132,hlopez@example.com,Janet,Edwards,GEO0531,Consumer,2024-09-01T02:01:26,2024-09-29T00:21:52,0
C000133,nelsonchristopher@example.org,Nathan,Gallegos,GEO0638,Mid-Market,2025-11-27T02:14:56,2025-12-09T21:10:46,0
C000134,javier42@example.org,Neil,Johnson,GEO0519,SMB,2024-02-15T16:06:52,2025-01-14T10:35:40,0
C000135,robinwallace@example.org,Lauren,Stein,GEO0540,Consumer,2025-10-01T17:25:27,2025-10-31T07:13:06,0
C000136,jamesmclean@example.net,Morgan,Collins,GEO0637,Consumer,2024-11-27T00:25:41,2025-05-07T00:24:13,0
C000137,douglas18@example.net,Victoria,Harris,GEO0315,Consumer,2024-08-13T21:52:17,2025-08-25T01:04:56,0
C000138,stevensjennifer@example.net,Darrell,Collins,GEO0603,SMB,2025-02-24T19:31:06,2026-02-23T17:50:59,0
C000139,mcdanielbrooke@example.org,Mathew,Small,GEO0568,Consumer,2025-08-05T08:06:38,2025-10-27T20:44:24,0
C000140,meyerdonna@example.com,Andrew,Blake,GEO0045,Mid-Market,2026-02-28T04:21:11,2026-03-01T21:30:04,0
C000141,manuellee@example.com,Amanda,Mejia,GEO0784,Mid-Market,2024-01-19T18:28:24,2025-06-25T20:47:14,0
C000142,nelsoneric@example.org,Alexis,Dean,GEO0636,Mid-Market,2025-08-24T00:14:01,2026-01-28T03:19:15,0
C000143,clarkmichael@example.com,Joseph,Harding,GEO0353,Consumer,2025-03-14T19:05:03,2025-05-23T11:31:18,0
C000144,audrey21@example.com,Christina,Morgan,GEO0079,SMB,2024-06-04T06:41:02,2025-02-02T23:38:28,0
C000145,bwilliams@example.com,Rebecca,Williams,GEO0721,Consumer,2024-12-02T08:20:41,2026-01-08T01:33:50,0
C000146,bbrown@example.com,Harold,Carlson,GEO0620,SMB,2025-10-25T00:14:54,2026-01-17T10:15:13,0
C000147,tjensen@example.com,Lisa,Marquez,GEO0687,Mid-Market,2024-02-25T07:51:43,2026-02-06T23:14:38,0
C000148,beltrankatelyn@example.com,Ashley,Davis,GEO0764,Mid-Market,2025-01-25T10:11:28,2025-12-13T00:04:55,0
C000149,tdavis@example.net,Deanna,Miranda,GEO0152,Consumer,2024-03-12T01:40:09,2024-10-07T04:05:11,0
C000150,ohall@example.org,Michelle,Jensen,GEO0538,Consumer,2025-07-16T07:32:05,2025-11-02T23:29:19,0
C000151,philip55@example.com,Tony,Jones,GEO0551,Consumer,2026-01-08T07:27:11,2026-02-15T07:19:18,0
C000152,bellsteven@example.org,Justin,Bailey,GEO0547,Mid-Market,2025-04-04T06:17:55,2025-12-06T02:23:25,0
C000153,williamsullivan@example.net,Laura,Nguyen,GEO0527,SMB,2024-06-20T14:27:32,2025-09-06T04:52:50,0
C000154,sparksamanda@example.com,Brittany,Allen,GEO0379,SMB,2024-01-21T13:54:05,2024-11-23T19:34:09,0
C000155,amydickson@example.com,Carl,Clark,GEO0554,Consumer,2026-01-14T08:24:29,2026-02-02T14:18:24,0
C000156,bmueller@example.net,Kristin,Stephens,GEO0245,SMB,2025-09-12T02:21:08,2026-01-10T06:09:58,0
C000157,gilbertcaldwell@example.net,Sarah,Andrews,GEO0141,Consumer,2024-01-05T16:46:46,2025-01-22T15:25:59,0
C000158,mwilson@example.com,Mark,Davis,GEO0783,Mid-Market,2025-02-08T11:24:31,2025-07-15T20:37:04,0
C000159,zthompson@example.org,Carmen,Jennings,GEO0023,Consumer,2024-02-09T12:59:36,2024-07-24T06:48:27,0
C000160,pmurphy@example.net,Bryan,Robinson,GEO0131,Mid-Market,2024-09-18T11:32:45,2026-01-31T20:44:23,0
C000161,paigeberger@example.net,Lisa,Sherman,GEO0687,Mid-Market,2024-02-29T12:59:27,2024-11-07T07:30:02,0
C000162,shawncarter@example.net,Becky,Gonzalez,GEO0406,Mid-Market,2025-01-05T22:43:01,2025-12-28T21:41:09,0
C000163,kevin46@example.net,Toni,Cooper,GEO0659,SMB,2025-09-11T21:09:16,2025-11-13T19:37:42,0
C000164,aguilarcheryl@example.net,Richard,Anderson,GEO0029,Consumer,2024-06-14T03:49:05,2025-07-12T12:45:37,1
C000165,bryan80@example.org,Jacqueline,Hoover,GEO0273,Mid-Market,2024-03-23T06:56:27,2024-09-08T13:16:44,0
C000166,daniel40@example.org,Ryan,Lawrence,GEO0447,Mid-Market,2025-05-27T21:56:24,2025-10-31T23:26:48,0
C000167,jennifer66@example.com,Amy,Bates,GEO0009,Consumer,2026-01-15T03:40:36,2026-02-06T04:17:47,0
C000168,jtaylor@example.com,Megan,Ward,GEO0696,SMB,2026-02-05T22:19:00,2026-02-10T15:00:06,0
C000169,qmoore@example.org,Dennis,Jones,GEO0157,SMB,2025-12-14T16:26:41,2026-01-19T23:27:10,0
C000170,thomasnicole@example.net,Samuel,Branch,GEO0753,Consumer,2025-01-18T22:08:12,2025-09-24T05:32:07,0
C000171,taylorlinda@example.com,Patricia,Dominguez,GEO0155,Consumer,2025-08-03T05:12:03,2026-02-10T05:51:48,0
C000172,dhanson@example.net,Roger,Wilkins,GEO0080,SMB,2024-09-22T14:40:58,2025-01-11T20:10:05,0
C000173,lkelly@example.com,Cassandra,Lane,GEO0797,SMB,2024-03-28T03:17:04,2025-03-13T00:37:15,0
C000174,jenniferadams@example.net,Barbara,Johnson,GEO0148,Mid-Market,2025-05-11T03:00:03,2025-09-24T00:42:37,0
C000175,carrolljanet@example.org,Betty,Nixon,GEO0373,Consumer,2024-02-12T06:33:50,2024-02-19T12:38:33,0
C000176,thomasjessica@example.com,Steven,Miller,GEO0461,SMB,2026-02-18T15:30:48,2026-02-23T19:27:21,0
C000177,sanchezcrystal@example.net,Susan,Miller,GEO0627,SMB,2025-11-29T10:52:15,2026-01-14T21:25:24,0
C000178,chloe58@example.org,Taylor,Hunt,GEO0564,SMB,2024-02-28T10:51:06,2024-03-02T14:55:44,0
C000179,vberry@example.com,Michael,Levine,GEO0555,Consumer,2026-01-12T00:38:07,2026-02-14T08:44:48,0
C000180,keith09@example.net,Kevin,Glover,GEO0272,SMB,2024-09-11T14:39:43,2026-01-10T16:26:42,0
C000181,bryan79@example.org,Ashley,Douglas,GEO0710,Mid-Market,2024-01-04T10:01:40,2025-01-06T01:51:47,0
C000182,lisa90@example.com,Todd,Martinez,GEO0171,SMB,2025-11-25T07:38:31,2026-01-15T23:39:50,0
C000183,yorkjoshua@example.org,Christina,Hill,GEO0310,SMB,2024-12-22T15:42:54,2025-12-15T03:46:24,0
C000184,alexis19@example.org,Renee,Stevenson,GEO0489,Consumer,2025-09-13T22:09:55,2026-01-24T18:50:54,0
C000185,lwood@example.com,Kimberly,Young,GEO0297,Consumer,2025-05-31T04:31:50,2025-07-14T09:53:43,0
C000186,laurenatkins@example.com,Tracey,Coffey,GEO0461,Consumer,2025-04-23T14:07:30,2026-01-24T07:15:13,0
C000187,marymullins@example.com,Kaylee,Young,GEO0422,Mid-Market,2026-02-10T22:05:06,2026-02-23T22:01:10,0
C000188,kbarber@example.org,Becky,Wilkinson,GEO0118,SMB,2024-11-30T08:14:46,2025-04-10T21:30:57,0
C000189,maykarla@example.org,Brian,Marshall,GEO0355,Mid-Market,2024-05-06T04:59:34,2026-02-13T23:31:05,0
C000190,vturner@example.net,Jesus,Vega,GEO0732,SMB,2025-12-09T07:59:36,2026-02-23T02:41:21,0
C000191,jwells@example.net,Monica,Smith,GEO0549,Mid-Market,2026-01-04T23:46:24,2026-02-14T20:50:35,0
C000192,ureyes@example.net,Felicia,Williams,GEO0305,Consumer,2025-03-23T07:16:07,2025-08-18T02:07:05,0
C000193,stephanie69@example.net,Michele,Rogers,GEO0223,Mid-Market,2026-01-28T06:47:07,2026-02-20T04:54:20,0
C000194,leah49@example.com,Steven,Leonard,GEO0537,Mid-Market,2025-01-24T23:00:19,2025-02-24T18:34:12,0
C000195,jessicachapman@example.org,April,Byrd,GEO0387,SMB,2025-02-01T10:49:23,2026-01-14T04:33:42,0
C000196,lawrencesmith@example.org,Marie,Smith,GEO0415,Consumer,2025-08-27T03:25:00,2026-01-11T14:20:09,0
C000197,foxgina@example.com,Jeffrey,Campbell,GEO0112,Consumer,2024-10-30T15:43:29,2025-01-13T19:18:09,0
C000198,austinharvey@example.org,Sheena,Douglas,GEO0417,Mid-Market,2025-11-12T01:38:20,2025-12-21T16:44:07,0
C000199,stephanielittle@example.net,Susan,Miller,GEO0728,Mid-Market,2025-12-24T15:40:53,2026-01-20T15:18:45,0
C000200,nicholasgallagher@example.net,Ashlee,Coffey,GEO0693,Consumer,2025-01-20T10:09:52,2026-01-21T06:54:46,0
C000201,dominguezjon@example.com,Donna,Jones,GEO0195,Mid-Market,2024-08-18T23:03:59,2025-02-17T15:46:25,0
C000202,rlivingston@example.com,Heather,Contreras,GEO0232,Consumer,2025-11-06T00:35:25,2025-12-19T13:43:30,0
C000203,jonathan14@example.org,Patrick,Cook,GEO0613,SMB,2026-02-14T12:04:33,2026-02-23T09:44:59,0
C000204,scottlisa@example.org,Scott,Vasquez,GEO0472,Mid-Market,2025-12-18T12:06:08,2026-01-28T18:55:51,0
C000205,chelseywhite@example.com,Daniel,Fernandez,GEO0062,SMB,2025-12-27T14:41:10,2026-01-13T14:44:30,0
C000206,probinson@example.org,Rita,Baldwin,GEO0267,Consumer,2024-05-28T06:51:47,2024-12-14T23:41:00,0
C000207,johnsonchad@example.net,John,Griffin,GEO0433,Mid-Market,2026-01-13T03:43:50,2026-01-22T12:27:43,0
C000208,ohernandez@example.org,Sarah,Ortega,GEO0441,Consumer,2024-06-21T03:22:30,2024-12-21T01:07:32,0
C000209,edward56@example.net,Adam,Zimmerman,GEO0312,Mid-Market,2024-12-12T13:09:40,2025-12-16T12:15:02,0
C000210,zmendoza@example.net,Kimberly,Floyd,GEO0534,SMB,2024-09-03T15:19:44,2025-02-26T20:47:24,0
C000211,aaronfinley@example.com,David,Nichols,GEO0674,Mid-Market,2025-12-09T21:05:49,2026-02-06T20:24:17,0
C000212,mathew46@example.org,Cynthia,Benjamin,GEO0514,SMB,2025-10-30T11:00:07,2025-11-13T02:07:31,0
C000213,diazmelissa@example.com,Christopher,Stevens,GEO0296,Mid-Market,2025-11-15T07:01:37,2026-01-27T18:30:17,0
C000214,deborah28@example.org,Tammy,Guerrero,GEO0469,Consumer,2026-02-02T18:11:24,2026-02-17T20:44:27,0
C000215,heather15@example.com,Christopher,Chen,GEO0234,Consumer,2025-08-08T03:20:04,2026-02-06T17:11:25,0
C000216,donaldlee@example.net,Wendy,Allen,GEO0587,Consumer,2025-12-18T12:35:52,2026-02-24T16:31:04,0
C000217,ibrown@example.net,Kyle,Ferguson,GEO0383,Mid-Market,2025-08-21T22:52:50,2026-02-03T03:48:48,0
C000218,blevy@example.org,Matthew,Morgan,GEO0773,Consumer,2025-11-05T05:55:38,2026-02-01T05:00:35,0
C000219,sullivanjason@example.net,Elizabeth,Ellis,GEO0138,Consumer,2024-11-17T01:08:36,2025-03-02T20:10:05,0
C000220,joycehall@example.org,Benjamin,Thomas,GEO0338,Consumer,2024-09-19T02:07:32,2025-07-21T11:34:10,0
C000221,ruizsamantha@example.org,John,Banks,GEO0148,Consumer,2025-11-04T07:19:02,2026-01-09T09:42:34,0
C000222,jacksonbrendan@example.com,Lori,Davis,GEO0641,Mid-Market,2024-05-23T15:44:20,2025-11-09T11:38:34,0
C000223,marybrown@example.org,Danny,Larson,GEO0415,Mid-Market,2024-08-02T03:42:52,2024-09-16T07:02:12,0
C000224,bryanharris@example.com,Lisa,Hendrix,GEO0662,Consumer,2024-11-02T04:38:35,2025-02-20T18:22:17,0
C000225,rnguyen@example.net,Amy,Morris,GEO0608,Mid-Market,2026-01-16T13:04:35,2026-02-01T08:24:41,0
C000226,kathrynwatkins@example.com,Bryan,Hill,GEO0643,SMB,2024-06-16T14:05:16,2025-08-25T22:09:34,0
C000227,xjackson@example.net,Frederick,Sanchez,GEO0141,Mid-Market,2024-03-13T23:17:40,2026-02-24T20:12:45,0
C000228,andersonkylie@example.net,Cheyenne,Strickland,GEO0364,Mid-Market,2025-07-31T20:52:32,2026-01-01T05:26:52,0
C000229,hobbschristopher@example.org,Harry,Davis,GEO0140,SMB,2024-11-19T12:01:38,2025-03-25T02:17:07,0
C000230,robert72@example.org,Douglas,Nelson,GEO0169,Mid-Market,2024-04-22T17:26:04,2025-03-25T20:05:23,0
C000231,ljenkins@example.net,Heather,Carlson,GEO0641,SMB,2024-12-07T04:55:51,2025-04-01T08:00:06,0
C000232,fsalazar@example.net,Margaret,Turner,GEO0424,SMB,2024-08-15T03:50:59,2024-12-19T05:33:46,0
C000233,psmith@example.org,David,Moreno,GEO0558,Mid-Market,2024-11-09T15:06:33,2025-05-06T22:36:55,0
C000234,montgomerymichelle@example.net,William,Marshall,GEO0525,SMB,2025-07-18T19:06:57,2025-07-30T05:20:48,0
C000235,joshualee@example.org,Gina,Schmitt,GEO0479,SMB,2024-07-04T23:43:50,2025-12-30T17:38:56,0
C000236,kjimenez@example.net,Sandra,Brown,GEO0159,SMB,2025-02-16T18:08:16,2025-02-20T21:32:45,0
C000237,justin64@example.com,Christina,Wu,GEO0067,Consumer,2025-11-04T04:24:36,2026-02-06T08:03:58,0
C000238,vwilliams@example.org,Sara,Thompson,GEO0146,SMB,2025-10-16T22:49:15,2026-01-31T22:29:11,0
C000239,washingtondarren@example.org,Jennifer,Watkins,GEO0318,SMB,2024-12-28T16:18:17,2025-08-04T16:45:56,0
C000240,robert53@example.org,Mark,Garcia,GEO0798,SMB,2024-08-22T20:54:05,2025-06-30T13:49:20,0
C000241,ykane@example.org,Charles,Richards,GEO0681,Mid-Market,2024-04-02T02:04:46,2024-12-03T02:10:36,0
C000242,zamoradustin@example.net,Spencer,Hughes,GEO0325,Mid-Market,2024-03-27T09:35:59,2025-08-13T00:27:43,0
C000243,stephenlee@example.com,Theresa,Harris,GEO0286,Consumer,2026-01-18T15:31:32,2026-02-21T22:07:25,0
C000244,antoniocarroll@example.com,Derek,York,GEO0459,Consumer,2025-09-23T23:00:45,2026-01-09T22:34:47,0
C000245,wbarnes@example.com,Jeffrey,Phillips,GEO0132,Mid-Market,2024-09-07T21:58:52,2026-03-01T21:38:02,0
C000246,kristinelittle@example.net,Rebecca,Lane,GEO0564,Consumer,2025-04-04T21:59:56,2025-12-28T07:11:04,0
C000247,christophervincent@example.com,Michelle,Robinson,GEO0274,Mid-Market,2024-05-16T11:03:27,2025-10-05T12:10:23,0
C000248,rhood@example.org,Jessica,Fitzgerald,GEO0281,SMB,2024-04-25T21:15:53,2025-10-29T03:18:19,0
C000249,johnhamilton@example.org,Patricia,Vargas,GEO0618,SMB,2024-10-27T06:00:47,2025-09-15T18:25:13,0
C000250,robinvillanueva@example.com,Tina,Williams,GEO0794,Mid-Market,2024-11-08T16:52:57,2024-11-26T14:57:39,0
C000251,gquinn@example.org,Ronald,Foster,GEO0490,Consumer,2025-05-14T11:00:39,2026-01-04T10:19:22,0
C000252,chavezjohn@example.net,Karen,Steele,GEO0672,SMB,2024-01-06T23:11:25,2025-01-03T00:06:27,0
C000253,idodson@example.com,Kenneth,Holland,GEO0352,Consumer,2024-07-21T16:32:57,2024-12-25T13:07:58,0
C000254,smithelizabeth@example.org,Jacqueline,Hodge,GEO0566,Consumer,2024-01-08T21:16:14,2025-05-03T12:23:19,0
C000255,braysteven@example.org,Morgan,Sullivan,GEO0127,Consumer,2025-03-14T17:51:17,2025-05-08T14:42:53,0
C000256,courtney01@example.com,Patricia,Cook,GEO0161,Consumer,2024-06-14T11:47:27,2024-06-19T11:56:55,0
C000257,phillipskaren@example.net,Sophia,Daniels,GEO0428,Consumer,2024-07-22T06:18:02,2024-12-05T12:26:47,0
C000258,kristinmiller@example.com,Jill,Brown,GEO0754,Consumer,2024-02-02T21:12:30,2025-12-14T08:07:26,0
C000259,pamela16@example.com,Steven,Williams,GEO0155,SMB,2025-07-17T21:45:08,2025-10-08T12:32:46,0
C000260,gregory81@example.net,Jenna,Harris,GEO0377,SMB,2026-01-29T04:07:06,2026-01-30T04:09:22,0
C000261,john17@example.net,Sheila,Carpenter,GEO0200,Mid-Market,2024-01-14T07:03:43,2024-12-29T13:38:47,0
C000262,karenhodges@example.com,Michael,Adams,GEO0327,SMB,2025-03-20T09:18:31,2025-05-01T13:15:39,0
C000263,eramirez@example.com,Michael,Tucker,GEO0202,Mid-Market,2026-01-16T05:15:17,2026-01-23T08:44:15,0
C000264,harrisonamanda@example.net,Rachel,Hayes,GEO0004,Consumer,2025-03-15T15:45:50,2025-05-06T22:46:32,0
C000265,lauren13@example.com,Christopher,Myers,GEO0130,Consumer,2024-07-04T18:40:40,2024-12-03T07:07:08,0
C000266,keithfrye@example.org,Fred,Rodriguez,GEO0568,SMB,2024-02-09T06:59:09,2025-04-20T00:39:12,0
C000267,tylergolden@example.net,Stephanie,Johnson,GEO0477,SMB,2024-02-22T13:33:19,2026-02-07T20:14:14,0
C000268,imontes@example.org,Thomas,Fisher,GEO0282,SMB,2025-03-12T01:32:27,2026-02-04T01:19:07,0
C000269,carterbryan@example.org,Mary,Stone,GEO0684,SMB,2025-01-07T11:45:26,2025-05-13T10:57:03,0
C000270,robert55@example.com,Brittney,Terry,GEO0688,Consumer,2024-02-11T01:42:47,2025-01-05T06:18:30,0
C000271,kellis@example.org,Rachel,Parker,GEO0537,Consumer,2025-09-13T13:11:16,2026-01-16T11:21:19,0
C000272,jeremy54@example.org,Eddie,Mitchell,GEO0604,Mid-Market,2024-04-09T00:43:35,2024-08-20T10:23:47,0
C000273,christinemartin@example.net,Justin,Mcpherson,GEO0497,Mid-Market,2025-01-05T18:33:38,2025-07-14T07:41:17,0
C000274,evanwilson@example.com,Autumn,Alexander,GEO0455,SMB,2025-08-21T02:56:06,2025-09-23T20:47:38,0
C000275,jack80@example.net,Logan,Cooper,GEO0121,Mid-Market,2024-02-12T20:52:12,2024-08-27T22:28:59,0
C000276,shane28@example.com,David,Johnson,GEO0794,Mid-Market,2024-03-17T19:21:19,2025-07-15T06:34:46,0
C000277,dmack@example.com,Eric,Cordova,GEO0436,Consumer,2024-02-14T06:26:35,2026-02-11T08:57:56,0
C000278,deborah47@example.com,Tara,Webster,GEO0452,SMB,2025-07-27T11:28:40,2026-01-26T03:58:27,0
C000279,laurenchandler@example.com,Matthew,Rodriguez,GEO0577,SMB,2025-05-09T16:59:32,2025-05-20T05:38:17,0
C000280,imccullough@example.net,Andrea,Parker,GEO0765,SMB,2024-05-12T01:36:03,2024-11-22T23:52:25,0
C000281,owilliamson@example.com,Michael,Nguyen,GEO0625,Mid-Market,2025-12-02T16:04:10,2026-01-27T16:24:35,0
C000282,brandywalker@example.com,James,Miller,GEO0200,SMB,2025-02-03T19:17:13,2025-05-08T00:10:36,0
C000283,frhodes@example.net,Preston,Henry,GEO0176,Mid-Market,2025-08-29T00:56:59,2026-01-07T14:32:45,0
C000284,kerrmichael@example.org,Jennifer,Patterson,GEO0260,SMB,2025-06-21T09:54:14,2025-09-04T22:17:35,0
C000285,swatson@example.com,Michael,Madden,GEO0273,Consumer,2024-06-24T01:34:15,2025-04-18T01:40:09,0
C000286,lewispamela@example.net,Victoria,Lara,GEO0269,Consumer,2024-10-11T08:55:50,2024-11-06T20:15:52,0
C000287,frank66@example.org,Mary,Harper,GEO0142,Consumer,2025-07-01T00:41:22,2025-12-09T19:23:20,0
C000288,jaredwells@example.net,Valerie,Jones,GEO0643,Mid-Market,2025-12-23T08:46:08,2026-02-13T19:18:20,0
C000289,adavis@example.net,Robin,Perry,GEO0770,Consumer,2025-10-02T11:14:46,2025-12-12T05:16:01,0
C000290,wpage@example.org,James,Collier,GEO0048,Mid-Market,2025-11-04T03:46:47,2026-01-31T12:41:16,0
C000291,angela04@example.net,Kevin,Hansen,GEO0582,Mid-Market,2025-10-03T19:35:13,2026-01-24T07:20:17,0
C000292,ywalker@example.org,Eric,Evans,GEO0623,Mid-Market,2025-08-18T12:09:28,2025-10-16T23:46:27,0
C000293,qmartinez@example.com,Robert,Vasquez,GEO0470,SMB,2024-05-31T02:31:11,2025-09-13T05:52:55,0
C000294,anthonyhubbard@example.com,Virginia,Jones,GEO0361,Mid-Market,2024-07-12T15:46:11,2025-04-26T00:19:10,0
C000295,bianca96@example.com,Courtney,Alvarez,GEO0647,SMB,2024-06-30T21:38:12,2024-09-09T04:04:27,0
C000296,brooksjessica@example.org,Megan,Martin,GEO0722,Mid-Market,2025-04-10T12:06:46,2026-01-04T04:46:48,0
C000297,thomassteven@example.net,Derek,Martin,GEO0369,Mid-Market,2024-01-13T03:24:24,2024-02-03T03:52:00,0
C000298,michael50@example.com,Kelly,Fowler,GEO0258,Consumer,2025-10-21T04:15:49,2025-11-11T08:09:40,0
C000299,palmerkatie@example.org,Kathy,George,GEO0658,Consumer,2024-01-14T03:34:47,2024-12-25T22:05:12,0
C000300,amybrennan@example.net,Lauren,Nelson,GEO0436,Mid-Market,2025-05-06T14:52:10,2025-10-10T10:30:09,0
C000301,cody95@example.org,Alexander,Holmes,GEO0548,Mid-Market,2024-02-27T22:17:40,2025-09-05T03:01:52,0
C000302,kimberly65@example.org,Curtis,Moore,GEO0666,Mid-Market,2024-04-15T09:06:32,2025-06-14T04:00:58,0
C000303,mariepope@example.net,Christina,Guerra,GEO0543,Consumer,2024-01-25T13:24:09,2025-01-20T20:18:14,0
C000304,butlersabrina@example.org,Lori,Mclean,GEO0114,SMB,2025-12-01T21:56:45,2025-12-15T15:10:07,0
C000305,sbailey@example.com,Don,Ramos,GEO0775,SMB,2024-04-14T11:04:39,2025-03-21T03:23:59,0
C000306,gerald40@example.net,Lisa,Walker,GEO0058,Consumer,2024-03-27T19:09:11,2025-06-08T16:21:38,0
C000307,haileyparker@example.org,David,Miller,GEO0433,SMB,2025-11-26T04:57:42,2026-02-21T09:39:52,0
C000308,joneskim@example.com,Brad,Rodriguez,GEO0447,Consumer,2024-12-22T08:58:31,2025-11-25T11:59:16,0
C000309,harrisonrebekah@example.org,Carl,Contreras,GEO0317,Consumer,2025-12-29T00:55:59,2026-03-01T04:49:41,0
C000310,pattonsamantha@example.org,Briana,Gonzalez,GEO0192,Consumer,2024-11-23T12:28:46,2026-01-04T15:52:04,0
C000311,anthony24@example.net,Michael,Martin,GEO0644,SMB,2025-08-14T23:17:09,2025-09-06T10:08:11,0
C000312,williamjones@example.net,Kathryn,Rice,GEO0138,SMB,2025-01-29T10:31:27,2025-10-02T22:26:38,0
C000313,tamarajackson@example.net,Adam,Swanson,GEO0005,SMB,2025-10-13T04:51:41,2025-12-14T12:26:35,0
C000314,samanthayork@example.com,Michael,Lawrence,GEO0350,Mid-Market,2025-07-05T15:34:34,2026-01-31T07:24:05,0
C000315,gnunez@example.org,Mary,Zavala,GEO0393,SMB,2026-01-02T16:36:49,2026-02-15T23:14:44,0
C000316,olewis@example.com,Daniel,Rollins,GEO0434,SMB,2024-08-28T00:13:54,2024-09-14T11:35:30,0
C000317,owensapril@example.com,Kathryn,Bush,GEO0078,Consumer,2024-05-16T01:58:22,2025-05-20T04:18:29,0
C000318,millertristan@example.com,Justin,Burke,GEO0081,SMB,2025-07-18T07:13:52,2025-09-13T01:47:08,0
C000319,gloria73@example.net,Richard,Mercer,GEO0588,Mid-Market,2025-12-13T04:24:46,2025-12-16T22:27:23,0
C000320,elopez@example.com,Sheila,Richardson,GEO0657,Consumer,2025-12-19T21:37:04,2026-02-18T19:55:10,0
C000321,lutztravis@example.org,Randy,Mills,GEO0599,SMB,2024-05-30T04:05:15,2024-08-16T00:36:53,0
C000322,wilsonralph@example.net,Brittany,Garcia,GEO0486,Consumer,2025-03-02T05:30:47,2025-05-12T23:33:44,0
C000323,calvinhester@example.com,James,Anthony,GEO0287,SMB,2024-11-02T13:46:21,2025-06-17T20:44:00,0
C000324,bmartinez@example.net,Victor,Hubbard,GEO0398,Consumer,2024-04-23T01:56:41,2024-05-25T19:48:11,0
C000325,katelyn65@example.com,Elizabeth,Clements,GEO0183,Consumer,2024-06-13T12:53:27,2025-09-21T17:45:53,0
C000326,jdixon@example.com,Daniel,King,GEO0287,Mid-Market,2025-08-08T09:45:14,2025-11-24T05:17:05,0
C000327,ihall@example.org,Cory,Brown,GEO0653,Consumer,2025-01-21T23:13:25,2025-12-03T01:14:25,0
C000328,jimenezanthony@example.org,Patrick,Shelton,GEO0224,Mid-Market,2026-02-02T19:53:04,2026-02-28T22:29:30,0
C000329,kevinhanson@example.org,Donna,Meyer,GEO0574,Mid-Market,2025-10-30T12:52:24,2025-11-20T01:51:23,0
C000330,msparks@example.com,Ebony,Henry,GEO0066,Consumer,2025-03-10T08:06:06,2025-04-18T11:38:49,0
C000331,amy88@example.org,Stephanie,Johnson,GEO0637,Consumer,2024-12-09T07:18:10,2025-09-12T03:04:13,0
C000332,hbeard@example.com,Shannon,Farrell,GEO0636,SMB,2024-01-12T06:35:12,2025-10-26T01:15:17,0
C000333,cstevens@example.org,Angela,Dalton,GEO0098,Mid-Market,2025-08-06T01:36:50,2025-12-07T01:03:20,0
C000334,nicole27@example.com,Dennis,Baldwin,GEO0298,Consumer,2024-11-12T11:48:18,2025-06-03T16:12:20,0
C000335,kgallagher@example.net,Tracy,Spencer,GEO0240,Mid-Market,2025-02-04T11:08:44,2026-01-15T03:21:26,0
C000336,kalvarez@example.net,Brian,Baker,GEO0586,Mid-Market,2026-01-29T03:32:51,2026-02-07T00:37:50,0
C000337,wjensen@example.com,Luke,Johnson,GEO0461,Mid-Market,2025-05-03T01:18:10,2025-07-19T21:29:05,0
C000338,andersonmichael@example.net,Brandy,Hubbard,GEO0674,Consumer,2025-10-02T22:14:56,2025-11-26T21:41:09,0
C000339,oscar65@example.com,Robert,Brown,GEO0094,Consumer,2026-01-05T16:33:46,2026-02-12T20:33:59,0
C000340,johnwong@example.net,Christopher,Watts,GEO0794,SMB,2024-12-15T04:21:18,2025-06-17T19:54:27,0
C000341,danny20@example.net,Mark,Murray,GEO0529,Mid-Market,2025-12-30T12:15:13,2026-02-07T19:04:09,0
C000342,abradley@example.com,Andrew,Harrison,GEO0610,SMB,2025-10-04T03:51:00,2025-11-09T09:35:55,0
C000343,odomnicholas@example.com,Marcus,Davis,GEO0295,SMB,2024-03-30T03:29:20,2024-09-19T09:10:04,0
C000344,rgarcia@example.org,Matthew,Shaw,GEO0166,SMB,2025-08-13T11:05:04,2025-09-27T22:49:29,0
C000345,garrett45@example.com,James,Reid,GEO0114,SMB,2025-04-29T14:41:59,2025-07-09T03:36:31,0
C000346,pittmanamanda@example.com,Joseph,Evans,GEO0464,SMB,2025-01-07T12:26:54,2025-11-20T21:08:28,0
C000347,nballard@example.net,Susan,Robbins,GEO0713,Mid-Market,2025-06-08T10:23:05,2026-01-05T16:28:16,0
C000348,vargasjoshua@example.net,Laurie,Alvarez,GEO0429,Consumer,2025-11-29T19:41:03,2025-12-30T22:52:35,0
C000349,michaeljones@example.com,William,Evans,GEO0553,Consumer,2024-06-07T09:24:10,2026-01-11T12:54:04,0
C000350,james64@example.net,Zachary,Powers,GEO0180,SMB,2025-02-01T21:05:22,2025-09-27T14:41:34,0
C000351,nicoleburton@example.net,Michelle,Ray,GEO0271,Consumer,2025-04-21T02:11:46,2025-06-15T12:49:27,0
C000352,donnaholloway@example.com,Joseph,Little,GEO0609,SMB,2025-02-15T02:20:21,2025-12-21T15:13:44,0
C000353,umichael@example.net,Brian,Gonzalez,GEO0608,Consumer,2025-05-02T08:29:02,2026-02-05T04:30:09,0
C000354,jhernandez@example.net,Gina,Evans,GEO0429,SMB,2024-08-06T18:02:38,2025-08-30T01:59:51,0
C000355,ejenkins@example.net,James,Gutierrez,GEO0658,SMB,2025-03-16T06:03:13,2025-03-27T21:27:17,0
C000356,debbie49@example.org,Richard,Wilson,GEO0332,Consumer,2025-10-12T02:09:04,2025-12-21T12:05:19,0
C000357,anthonyrobles@example.com,Steven,Castro,GEO0284,SMB,2025-12-30T13:33:13,2026-02-10T08:11:53,0
C000358,chenderson@example.org,Erik,Taylor,GEO0600,SMB,2024-04-04T10:48:19,2024-09-19T06:22:26,0
C000359,kristine48@example.org,Dawn,Williams,GEO0482,Mid-Market,2025-05-01T22:50:10,2025-12-10T11:58:44,0
C000360,dcasey@example.org,Lee,Evans,GEO0418,Consumer,2025-02-02T17:50:57,2025-12-04T06:04:46,0
C000361,lesterrichard@example.com,Emily,Blackwell,GEO0634,Mid-Market,2025-08-15T04:20:42,2026-02-18T23:52:47,0
C000362,uhahn@example.org,Joel,Duncan,GEO0011,Consumer,2024-11-20T04:57:29,2025-02-03T15:55:20,0
C000363,boydmaria@example.net,Johnathan,Wilkerson,GEO0176,SMB,2025-11-21T08:33:46,2025-11-21T14:53:54,0
C000364,carolmejia@example.com,Mark,Silva,GEO0746,SMB,2025-10-11T20:37:06,2025-10-20T06:47:12,0
C000365,vshaffer@example.org,Selena,Robinson,GEO0623,Mid-Market,2025-12-14T05:38:24,2026-01-10T11:13:12,1
C000366,thompsontara@example.com,Ricky,Roy,GEO0571,Mid-Market,2025-11-26T00:23:52,2026-01-11T00:19:57,0
C000367,henrynicholas@example.org,Leslie,Coleman,GEO0176,Consumer,2025-05-29T22:31:41,2026-01-17T13:26:22,0
C000368,sylviasuarez@example.org,Michael,Baldwin,GEO0357,SMB,2025-07-09T16:48:21,2025-08-07T05:29:27,0
C000369,andrew90@example.net,Eileen,Everett,GEO0480,Mid-Market,2024-06-30T19:10:34,2025-09-19T12:18:54,0
C000370,johnnycruz@example.net,Susan,Cox,GEO0389,Mid-Market,2025-12-06T13:40:18,2026-02-23T03:05:51,0
C000371,nicholsjoel@example.com,Paul,Browning,GEO0481,Consumer,2024-04-16T20:01:39,2025-06-11T03:31:47,0
C000372,qpennington@example.com,Christopher,Carson,GEO0162,Mid-Market,2025-09-30T03:40:28,2026-02-05T18:51:02,0
C000373,kennethvillarreal@example.org,Ruth,Welch,GEO0238,SMB,2024-10-23T06:14:49,2025-06-12T17:24:07,0
C000374,rmccormick@example.org,Madeline,Shepard,GEO0748,Consumer,2025-04-25T11:50:58,2025-12-18T13:58:52,0
C000375,vmclaughlin@example.net,Robert,Sellers,GEO0794,Mid-Market,2025-12-21T12:00:23,2026-01-18T16:18:17,0
C000376,hollowayholly@example.net,Carl,Fisher,GEO0285,SMB,2025-11-05T09:53:57,2026-02-14T13:43:15,0
C000377,shawn00@example.net,Darlene,Mccoy,GEO0092,Consumer,2025-02-28T00:01:09,2025-09-07T16:52:47,0
C000378,aarongonzalez@example.com,Lee,Miller,GEO0441,SMB,2024-11-21T05:36:27,2025-03-24T17:25:12,0
C000379,johnreeves@example.net,Kathryn,Bradford,GEO0534,SMB,2025-10-21T01:51:59,2026-02-07T04:40:24,0
C000380,usparks@example.com,Timothy,Moss,GEO0066,SMB,2024-06-26T10:33:10,2025-09-16T07:06:45,0
C000381,glenn95@example.com,James,Perry,GEO0099,Mid-Market,2024-05-09T03:40:36,2025-06-14T20:58:16,0
C000382,phillipbennett@example.net,Jeffrey,Vaughan,GEO0464,Consumer,2025-07-20T10:13:05,2025-08-12T00:27:00,0
C000383,rebeccamccann@example.org,Jose,Christian,GEO0173,Mid-Market,2026-02-27T04:01:39,2026-03-01T17:58:05,0
C000384,moralesroy@example.com,Edward,Rubio,GEO0557,Consumer,2025-01-26T23:46:08,2025-09-15T20:40:49,0
C000385,staceywilson@example.net,Alicia,Ayala,GEO0566,Consumer,2024-07-10T20:57:14,2025-05-10T06:34:53,0
C000386,fwilcox@example.org,Jeffrey,Harris,GEO0594,SMB,2026-01-13T08:42:03,2026-01-30T02:59:09,0
C000387,keith76@example.org,Ryan,Clark,GEO0524,Mid-Market,2024-01-24T18:55:06,2024-05-16T14:59:38,0
C000388,wandacampbell@example.net,Jaime,White,GEO0005,Consumer,2024-04-19T09:16:57,2024-10-20T02:04:31,0
C000389,anthonycherry@example.org,Christine,Solomon,GEO0372,Consumer,2025-01-05T12:06:31,2026-02-16T00:26:04,0
C000390,brandi71@example.org,Taylor,Savage,GEO0729,Consumer,2025-10-02T06:43:26,2026-01-06T10:40:58,0
C000391,tmcdaniel@example.com,Jeanette,Fitzgerald,GEO0438,Consumer,2024-06-13T09:00:57,2024-12-12T21:36:40,0
C000392,charles80@example.org,Marvin,Young,GEO0714,Consumer,2024-02-02T10:22:30,2025-10-22T19:34:00,0
C000393,wendy90@example.org,Jon,Harvey,GEO0679,Mid-Market,2025-06-18T08:59:07,2025-09-24T19:01:34,0
C000394,tiffany52@example.net,Blake,White,GEO0450,Mid-Market,2025-06-14T04:13:55,2025-12-17T03:57:13,0
C000395,williamconrad@example.com,David,Stewart,GEO0504,Consumer,2024-12-01T07:05:46,2025-11-20T04:17:17,0
C000396,hthomas@example.com,Bradley,Anderson,GEO0768,Consumer,2024-07-23T11:45:35,2025-05-20T14:47:51,0
C000397,julie64@example.com,Chloe,Juarez,GEO0091,Mid-Market,2025-03-22T12:59:12,2025-07-28T05:12:43,0
C000398,zachary62@example.com,Jillian,Henry,GEO0247,SMB,2026-01-04T12:06:37,2026-02-23T18:19:10,0
C000399,angelalivingston@example.net,Lauren,Brown,GEO0546,Mid-Market,2024-07-29T15:27:56,2025-10-28T13:38:47,0
C000400,brianwhite@example.com,Jorge,Mccarthy,GEO0535,Mid-Market,2024-11-22T03:38:24,2025-06-29T06:36:22,0
C000401,fwilson@example.org,Scott,Zhang,GEO0394,Consumer,2025-10-09T14:10:56,2025-10-17T16:16:37,0
C000402,hellis@example.net,Michelle,Martinez,GEO0496,Mid-Market,2024-10-27T20:33:22,2025-05-18T00:07:11,0
C000403,harrisjustin@example.org,Karen,Carson,GEO0688,SMB,2024-11-26T05:22:15,2025-01-02T06:42:23,0
C000404,brandybonilla@example.net,Katie,White,GEO0561,SMB,2024-05-28T03:00:20,2024-06-08T22:21:13,0
C000405,sancheztyler@example.org,Paige,Johnson,GEO0791,SMB,2025-08-04T07:35:04,2025-11-10T09:38:13,0
C000406,longbrittany@example.org,Mary,Hernandez,GEO0652,Consumer,2024-08-10T17:17:45,2024-10-25T18:57:41,0
C000407,stevensjasmine@example.com,Shawn,Moses,GEO0194,SMB,2025-11-29T10:52:20,2025-12-24T06:03:51,0
C000408,riverabradley@example.net,Stephanie,Nguyen,GEO0784,Consumer,2025-05-25T08:26:07,2025-07-27T14:10:38,0
C000409,jasonwilliams@example.net,Justin,Yates,GEO0643,SMB,2025-08-28T07:36:01,2025-11-08T00:41:50,0
C000410,paynecarrie@example.org,Raymond,Thompson,GEO0003,Consumer,2025-08-12T14:18:08,2025-11-23T01:57:34,0
C000411,ndavis@example.org,Paul,Powell,GEO0043,Consumer,2025-06-24T10:41:01,2025-07-11T15:06:53,0
C000412,davidhenry@example.com,Jill,Dorsey,GEO0437,Mid-Market,2025-03-01T09:17:20,2025-08-25T12:05:35,0
C000413,michaeldavis@example.com,William,Burns,GEO0606,SMB,2024-11-16T19:03:25,2025-04-17T22:29:31,0
C000414,kalvarez@example.net,Rodney,Avila,GEO0426,Consumer,2025-10-18T11:39:06,2025-10-25T07:03:52,0
C000415,christina66@example.org,Billy,Peterson,GEO0574,Consumer,2024-05-22T10:55:44,2025-08-11T07:10:05,0
C000416,prhodes@example.net,Jennifer,Arias,GEO0257,SMB,2026-01-11T17:00:59,2026-02-24T01:16:56,0
C000417,robertssamuel@example.com,Kevin,Joyce,GEO0101,Consumer,2024-02-14T01:19:04,2024-11-10T10:44:39,0
C000418,mckenzie86@example.com,Ashley,Arnold,GEO0244,SMB,2025-01-23T22:10:59,2025-04-03T18:29:07,0
C000419,palmerwilliam@example.com,Cody,Guerrero,GEO0162,Consumer,2024-11-22T18:56:54,2026-02-23T13:40:28,0
C000420,michael91@example.net,Allen,Yang,GEO0775,Mid-Market,2024-05-05T16:15:36,2025-09-06T21:31:17,0
C000421,lwhite@example.com,Brandon,Butler,GEO0348,SMB,2026-01-18T07:05:16,2026-02-05T22:05:22,0
C000422,lee77@example.net,Lindsey,Peterson,GEO0557,Mid-Market,2024-09-05T20:47:54,2025-04-03T22:04:04,1
C000423,jasonmiller@example.net,Jordan,Nunez,GEO0763,Consumer,2025-05-21T06:00:42,2025-09-08T14:52:24,0
C000424,aferguson@example.com,Darryl,Jackson,GEO0652,Consumer,2025-05-14T10:13:52,2026-02-08T16:54:20,0
C000425,zstevens@example.net,Tammy,Guzman,GEO0117,Mid-Market,2024-11-15T14:41:09,2026-01-23T16:06:58,0
C000426,nturner@example.com,Hannah,Mccarty,GEO0455,SMB,2024-08-12T12:28:55,2026-01-19T06:49:25,0
C000427,fballard@example.org,Derek,Lee,GEO0798,SMB,2024-03-11T13:10:43,2025-01-19T18:41:06,0
C000428,hortonjacob@example.org,Jason,Wong,GEO0269,Consumer,2025-04-17T23:07:15,2025-04-25T14:11:17,0
C000429,ryangarrett@example.net,James,Turner,GEO0056,Mid-Market,2025-05-02T16:28:22,2025-09-14T03:59:35,0
C000430,bhernandez@example.org,Darren,Barrera,GEO0563,SMB,2024-12-28T06:09:25,2025-09-11T13:32:21,0
C000431,emaynard@example.org,Michelle,Richards,GEO0253,SMB,2025-03-27T11:06:03,2026-02-22T12:46:59,0
C000432,kennethgallegos@example.com,Brent,Smith,GEO0756,SMB,2024-07-17T06:25:11,2025-04-25T16:38:31,0
C000433,fpetty@example.net,Beth,Simon,GEO0644,Consumer,2025-03-19T21:03:41,2025-07-24T03:14:07,0
C000434,benjamin67@example.net,Brittany,Carr,GEO0288,Mid-Market,2024-02-06T08:15:04,2025-08-03T03:17:14,0
C000435,dhall@example.net,Andrew,Ray,GEO0632,Mid-Market,2025-09-27T22:25:25,2026-01-05T03:14:46,0
C000436,adamsdeborah@example.com,Daryl,Dean,GEO0542,SMB,2025-12-09T15:13:10,2026-01-04T11:40:18,0
C000437,shane60@example.org,Keith,Lee,GEO0191,SMB,2025-09-02T23:00:06,2025-10-19T16:58:44,0
C000438,samuel83@example.net,Regina,Morgan,GEO0758,Mid-Market,2025-05-03T09:54:58,2025-09-02T05:20:43,0
C000439,sanderson@example.net,Jennifer,Moyer,GEO0659,Consumer,2024-06-19T10:57:29,2024-11-11T00:42:30,0
C000440,laura29@example.org,Justin,Curry,GEO0309,Consumer,2024-12-08T05:16:56,2025-01-16T05:43:48,0
C000441,manderson@example.org,Catherine,Garcia,GEO0180,Mid-Market,2024-01-10T11:30:37,2024-01-11T15:55:15,0
C000442,fhahn@example.com,Jimmy,Hawkins,GEO0256,Consumer,2024-04-22T00:36:43,2025-02-13T07:33:32,0
C000443,howardjose@example.net,Eric,Clayton,GEO0516,Consumer,2026-02-12T03:06:19,2026-02-22T14:31:47,0
C000444,romanmatthew@example.org,Christina,Martinez,GEO0668,SMB,2025-07-12T21:31:16,2025-10-13T14:00:52,0
C000445,tomchaney@example.com,Kayla,Carrillo,GEO0513,Mid-Market,2024-11-04T10:57:33,2025-12-05T21:54:55,0
C000446,paula89@example.net,Dalton,Williams,GEO0417,SMB,2025-09-02T03:17:43,2026-01-12T23:40:01,0
C000447,wlloyd@example.org,Theresa,Harrington,GEO0289,Consumer,2025-02-24T21:09:22,2025-11-05T00:15:36,0
C000448,colonbobby@example.org,Gary,Wilson,GEO0101,SMB,2025-12-13T11:13:47,2025-12-24T06:58:24,0
C000449,rhondamoore@example.com,Jean,Gill,GEO0756,SMB,2024-04-20T20:43:34,2025-07-24T16:11:16,0
C000450,goconnor@example.org,Deborah,Cook,GEO0070,SMB,2025-11-26T10:25:37,2026-01-18T08:19:12,0
C000451,davidharris@example.com,Kayla,Smith,GEO0591,Mid-Market,2025-08-16T22:21:53,2026-01-19T03:27:50,0
C000452,gpeterson@example.org,Christopher,Watson,GEO0484,SMB,2025-08-03T09:07:00,2025-12-08T21:09:29,0
C000453,qward@example.org,Edward,Molina,GEO0196,Mid-Market,2024-06-02T09:39:35,2024-11-15T09:31:18,0
C000454,icobb@example.com,Robert,Ortiz,GEO0027,Consumer,2024-10-28T14:02:13,2025-03-21T18:07:03,0
C000455,hcrane@example.net,Michael,Johnson,GEO0052,Consumer,2024-11-09T13:22:42,2026-01-10T00:03:16,0
C000456,kaylarobbins@example.net,Sherry,Miller,GEO0262,SMB,2024-12-24T16:42:49,2025-10-07T04:05:45,0
C000457,richard26@example.org,Phillip,Johnson,GEO0587,Mid-Market,2024-05-26T06:27:37,2024-08-16T09:14:02,0
C000458,rachelbrown@example.net,Tina,Lloyd,GEO0577,Consumer,2024-12-29T21:40:24,2025-08-02T12:57:06,0
C000459,robert84@example.net,Julia,Blankenship,GEO0364,SMB,2024-09-24T19:19:11,2025-12-14T21:56:20,0
C000460,wilcoxrachel@example.net,Samantha,Graves,GEO0547,Consumer,2025-08-15T21:49:12,2025-10-18T04:26:35,0
C000461,ischneider@example.net,Kristina,Pearson,GEO0732,SMB,2024-11-04T02:19:36,2026-02-21T20:29:34,0
C000462,pam63@example.com,Christopher,Medina,GEO0603,SMB,2025-01-19T03:08:33,2025-09-02T22:20:32,0
C000463,vhardy@example.org,Abigail,Fernandez,GEO0694,Mid-Market,2025-12-02T11:29:22,2026-01-25T14:26:26,0
C000464,christopherarnold@example.net,Matthew,Reid,GEO0333,Mid-Market,2024-01-29T00:49:26,2024-04-28T04:39:58,0
C000465,johnsonlaura@example.net,Jonathan,Collier,GEO0137,Mid-Market,2024-09-05T16:23:08,2025-07-02T01:48:54,0
C000466,jessica81@example.net,Brian,Watson,GEO0083,SMB,2024-05-08T21:00:29,2025-10-20T14:53:03,0
C000467,david17@example.com,Ashley,Smith,GEO0340,SMB,2024-02-26T20:06:21,2025-10-26T03:52:18,0
C000468,tonya99@example.net,Patricia,Burton,GEO0694,Mid-Market,2025-05-08T10:55:03,2025-07-09T23:37:43,0
C000469,michaelmitchell@example.net,Ashley,Taylor,GEO0380,Mid-Market,2026-01-27T01:44:13,2026-03-01T04:35:47,0
C000470,pstone@example.org,Mark,Aguilar,GEO0396,Consumer,2025-05-22T07:57:43,2025-08-09T09:40:19,0
C000471,shawn26@example.com,Christopher,Brown,GEO0530,SMB,2024-01-07T19:44:12,2024-05-03T02:00:09,0
C000472,thomasgriffin@example.com,Erica,Powell,GEO0251,Mid-Market,2024-05-03T03:15:13,2024-08-17T15:01:53,0
C000473,lwiggins@example.com,Dana,Barajas,GEO0587,SMB,2025-03-30T01:59:07,2025-08-30T12:30:11,0
C000474,adennis@example.org,Drew,Martinez,GEO0245,Mid-Market,2024-08-28T08:52:39,2025-11-20T21:39:07,0
C000475,tanderson@example.net,Michelle,Wilson,GEO0717,Mid-Market,2024-05-29T00:11:09,2025-01-30T05:32:47,0
C000476,stanleyjohnson@example.org,Sherry,Wood,GEO0644,Consumer,2025-07-13T15:30:18,2025-09-25T21:06:37,0
C000477,guzmanricky@example.org,Mike,Roberts,GEO0211,Mid-Market,2025-01-11T08:25:24,2026-01-03T03:29:26,0
C000478,davidtorres@example.com,Kevin,Tucker,GEO0360,Consumer,2025-03-11T00:18:29,2025-05-11T18:24:00,0
C000479,douglaslawrence@example.org,Sharon,Torres,GEO0219,Consumer,2024-11-06T20:41:57,2025-10-08T19:28:02,0
C000480,jason70@example.org,Amy,Jones,GEO0132,Consumer,2024-12-29T14:56:46,2025-08-20T08:00:10,0
C000481,butlerashley@example.net,Shaun,Morgan,GEO0395,Mid-Market,2025-05-27T06:22:57,2026-02-19T12:32:04,0
C000482,ualvarez@example.net,Dean,Taylor,GEO0252,Consumer,2025-11-02T11:41:46,2026-01-13T10:29:45,0
C000483,qgill@example.com,Edward,Luna,GEO0505,SMB,2024-05-23T21:19:59,2025-06-30T02:58:53,0
C000484,marshelizabeth@example.com,Paul,Mccullough,GEO0017,SMB,2025-05-10T15:38:42,2025-08-10T18:45:59,0
C000485,amber74@example.net,Christopher,Martin,GEO0292,Mid-Market,2025-11-05T08:08:44,2025-12-16T18:37:22,0
C000486,armstronglaura@example.net,Kyle,Brewer,GEO0189,SMB,2025-09-24T02:02:01,2025-11-03T07:06:42,0
C000487,leechristine@example.net,Katherine,Bernard,GEO0050,Mid-Market,2025-05-26T15:20:48,2025-09-21T23:50:15,0
C000488,karenshaw@example.org,David,Mayer,GEO0154,Mid-Market,2024-06-27T12:48:26,2024-08-31T01:39:16,0
C000489,suzannehill@example.org,John,Thornton,GEO0170,Mid-Market,2024-02-08T02:28:48,2025-02-25T19:40:53,0
C000490,imiller@example.net,Luke,Chapman,GEO0158,SMB,2024-06-27T03:44:28,2025-07-18T04:40:36,0
C000491,batkins@example.com,Samuel,Perry,GEO0335,Consumer,2024-07-23T08:31:28,2025-05-11T07:12:47,0
C000492,patrick11@example.org,Amber,Mitchell,GEO0176,Mid-Market,2025-03-20T06:05:37,2025-04-01T20:42:06,0
C000493,jonathandavis@example.com,Stephanie,Gregory,GEO0719,Consumer,2024-02-04T00:23:49,2025-03-27T18:34:55,0
C000494,mendezmark@example.org,Jennifer,Evans,GEO0128,Consumer,2024-12-14T21:46:58,2025-12-21T20:33:31,0
C000495,floresrobert@example.com,Jonathan,David,GEO0034,Mid-Market,2024-07-31T15:32:22,2025-07-31T19:57:35,0
C000496,williamsjohn@example.net,Brenda,Vasquez,GEO0043,Consumer,2024-05-21T14:27:40,2025-06-10T02:36:05,0
C000497,ravery@example.org,Lucas,Tran,GEO0298,SMB,2025-06-13T03:07:31,2025-10-09T01:38:34,0
C000498,washingtonrick@example.org,Robin,Smith,GEO0668,Consumer,2024-01-24T09:59:53,2024-10-07T12:45:22,0
C000499,sanchezangela@example.org,Kevin,Russell,GEO0402,SMB,2024-06-10T02:34:36,2025-02-12T16:59:39,0
C000500,mathisvincent@example.org,Nathaniel,Galloway,GEO0273,SMB,2024-11-15T19:03:34,2025-11-07T03:37:30,0
C000501,amandahenderson@example.net,Shannon,Smith,GEO0332,Mid-Market,2024-09-26T00:02:21,2025-12-01T08:12:21,0
C000502,nwoodward@example.com,Denise,Jackson,GEO0237,Consumer,2026-02-22T04:13:35,2026-02-27T21:58:56,0
C000503,mahoneytimothy@example.net,John,Frazier,GEO0391,SMB,2024-08-29T02:51:36,2024-10-04T11:04:26,0
C000504,megan39@example.net,Juan,Martin,GEO0215,Mid-Market,2026-01-27T02:56:35,2026-02-26T04:17:46,0
C000505,turnerrandall@example.org,Maria,Hardy,GEO0708,Consumer,2024-04-16T15:32:14,2026-02-10T11:27:30,0
C000506,natalie39@example.net,Susan,Flores,GEO0177,Consumer,2024-08-21T01:01:49,2025-03-09T17:38:55,0
C000507,cynthia74@example.org,Eileen,Morris,GEO0651,Mid-Market,2025-11-29T23:01:35,2026-01-29T01:24:49,0
C000508,stevegreene@example.org,Robin,Anderson,GEO0163,Consumer,2025-12-13T13:44:27,2026-02-21T04:07:28,0
C000509,lynchadam@example.org,Emily,Gutierrez,GEO0665,SMB,2025-09-22T11:12:21,2026-01-11T01:15:14,0
C000510,ifarmer@example.org,Kristin,Banks,GEO0156,Consumer,2025-08-25T07:26:47,2026-01-09T18:02:51,0
C000511,ryanpatricia@example.net,Sean,Martinez,GEO0405,Consumer,2026-01-07T01:04:03,2026-01-15T14:11:18,0
C000512,wcarey@example.com,Gregory,Tate,GEO0009,SMB,2024-11-17T19:41:56,2025-03-22T09:08:38,0
C000513,martinezmitchell@example.org,Sean,Walker,GEO0633,Mid-Market,2025-05-05T03:42:04,2025-06-13T08:34:13,0
C000514,changerin@example.net,Michael,Davis,GEO0365,Mid-Market,2025-12-23T11:57:58,2026-01-20T14:45:19,0
C000515,lindsey33@example.com,Tammy,Johnson,GEO0285,Mid-Market,2025-01-10T09:55:41,2025-05-15T16:57:17,0
C000516,tconway@example.net,Jason,Gonzalez,GEO0722,Mid-Market,2025-12-15T16:06:03,2026-01-28T13:45:39,0
C000517,rrodriguez@example.net,Vincent,Jackson,GEO0548,Consumer,2024-10-13T06:58:08,2025-12-17T16:14:19,0
C000518,donnaknight@example.net,Carrie,Thompson,GEO0589,Consumer,2025-07-20T03:23:46,2026-02-13T04:02:15,0
C000519,julieanderson@example.net,Melissa,Ibarra,GEO0212,Mid-Market,2025-03-26T14:07:01,2025-12-06T01:17:17,0
C000520,james08@example.net,Johnny,Castro,GEO0380,SMB,2025-01-28T02:03:17,2025-12-06T12:31:01,0
C000521,bsmith@example.net,Emily,Santos,GEO0476,SMB,2025-01-26T14:02:14,2025-05-11T12:11:42,0
C000522,ryan64@example.org,Erin,Owens,GEO0505,Consumer,2025-06-29T21:19:02,2025-11-14T11:59:01,0
C000523,zachary03@example.org,Joshua,Fisher,GEO0753,SMB,2025-09-15T08:51:48,2026-02-13T06:48:01,0
C000524,zstewart@example.org,Matthew,Beard,GEO0446,Mid-Market,2026-01-13T13:55:27,2026-02-28T23:48:03,0
C000525,mooneyjeremiah@example.net,Rodney,Jones,GEO0628,Mid-Market,2024-04-21T12:46:59,2025-02-09T17:29:27,0
C000526,jamesmurphy@example.org,Connie,Davis,GEO0771,Mid-Market,2026-01-06T16:16:10,2026-01-30T14:47:59,0
C000527,breynolds@example.net,Laura,Mcconnell,GEO0624,Consumer,2024-05-15T08:51:43,2025-02-19T02:15:49,0
C000528,john73@example.com,Marissa,Underwood,GEO0014,SMB,2024-10-29T18:25:02,2025-09-09T08:23:17,0
C000529,sherryparsons@example.net,Samuel,Davis,GEO0572,Mid-Market,2024-09-13T19:00:07,2025-07-24T18:42:20,0
C000530,friley@example.org,Sabrina,Bennett,GEO0302,Consumer,2024-09-27T14:29:01,2025-12-21T00:29:02,0
C000531,pattonbryan@example.com,Brian,Bishop,GEO0204,SMB,2025-01-02T20:54:35,2025-04-23T13:03:37,0
C000532,rjones@example.org,Anita,Phillips,GEO0349,SMB,2024-03-22T19:35:20,2024-05-26T14:11:16,0
C000533,nmorales@example.com,Jesse,Greene,GEO0165,SMB,2024-10-09T15:08:14,2025-08-27T05:09:55,0
C000534,chavezsteven@example.com,Nichole,Harvey,GEO0538,Consumer,2025-11-02T07:07:41,2025-11-06T05:43:32,0
C000535,debra07@example.net,Mark,Lee,GEO0220,Mid-Market,2025-03-26T10:02:35,2025-07-20T01:45:16,1
C000536,smithjennifer@example.net,Kristine,Lee,GEO0520,Consumer,2024-09-20T21:54:54,2025-09-16T17:45:02,0
C000537,danascott@example.com,Timothy,Oliver,GEO0389,SMB,2024-08-28T03:04:32,2025-11-25T03:32:04,0
C000538,johnrobles@example.org,David,Silva,GEO0167,SMB,2024-07-27T18:23:53,2025-09-25T02:41:27,0
C000539,larry82@example.org,Terrance,Morrison,GEO0353,Consumer,2024-10-16T00:20:38,2025-11-23T11:21:26,0
C000540,miguel08@example.net,Diane,Thomas,GEO0001,SMB,2025-10-29T15:18:39,2025-11-01T05:23:02,0
C000541,williamconley@example.org,Robert,Gonzalez,GEO0792,Mid-Market,2024-06-02T00:06:38,2025-01-04T10:32:45,0
C000542,danielleharris@example.org,Matthew,Contreras,GEO0359,Mid-Market,2026-01-29T18:45:22,2026-02-11T12:53:37,0
C000543,vgreene@example.net,Ashlee,Rogers,GEO0264,Mid-Market,2025-11-03T04:24:48,2026-01-25T02:04:59,0
C000544,robert21@example.com,Nancy,Lozano,GEO0608,Mid-Market,2025-08-01T18:40:35,2026-02-04T13:34:46,0
C000545,arobinson@example.net,Jeffrey,Hall,GEO0461,Consumer,2025-06-24T19:30:42,2025-11-05T16:28:20,0
C000546,johnnavarro@example.com,Lindsay,Bennett,GEO0667,Mid-Market,2024-07-18T09:58:15,2025-06-19T07:51:49,0
C000547,alopez@example.com,Alejandro,Howard,GEO0443,SMB,2024-08-24T10:47:07,2025-04-27T14:46:56,0
C000548,thomasscott@example.net,Brenda,Cannon,GEO0142,Consumer,2025-01-05T11:35:32,2025-02-13T11:41:30,0
C000549,hesterjames@example.com,Grant,Mcclure,GEO0268,SMB,2024-08-23T13:14:36,2024-12-29T17:15:49,0
C000550,matthewspencer@example.org,James,Thompson,GEO0187,Mid-Market,2025-02-21T18:42:08,2025-12-28T08:50:18,0
C000551,renee02@example.com,Diana,Dyer,GEO0629,Consumer,2024-11-17T02:26:26,2025-08-02T04:36:31,0
C000552,sharon47@example.org,Mike,Watson,GEO0259,Consumer,2024-07-21T14:00:10,2024-11-21T13:16:48,0
C000553,shelleyrowland@example.net,Nicole,Johns,GEO0613,SMB,2025-12-29T23:06:08,2026-02-22T01:53:27,0
C000554,wilsonnicole@example.org,Laura,Lee,GEO0122,Consumer,2025-12-07T02:08:32,2026-02-12T12:57:27,0
C000555,ubenson@example.net,Russell,Fields,GEO0582,SMB,2024-05-10T22:35:15,2025-03-06T03:21:57,0
C000556,hinesbrenda@example.net,Kelly,Hernandez,GEO0099,Mid-Market,2024-12-10T19:39:06,2025-12-14T01:04:47,0
C000557,brianflynn@example.org,Melissa,Schmitt,GEO0688,SMB,2024-12-29T13:40:28,2026-01-12T13:18:48,0
C000558,fclark@example.com,Krystal,Mendez,GEO0123,Consumer,2025-12-17T23:11:46,2026-02-20T02:09:57,0
C000559,williampotter@example.net,Karen,Brooks,GEO0181,Mid-Market,2025-08-30T11:43:41,2025-12-24T12:20:28,0
C000560,twhite@example.com,Alicia,Webb,GEO0656,Mid-Market,2025-06-04T18:17:49,2025-07-23T07:19:31,0
C000561,lwells@example.com,Danielle,Gibbs,GEO0363,Mid-Market,2024-02-19T16:57:33,2025-10-04T16:54:59,0
C000562,clarkpatricia@example.com,Michelle,Foster,GEO0759,SMB,2024-10-19T12:20:48,2025-01-18T04:02:52,0
C000563,ronald69@example.org,Selena,Brooks,GEO0255,Mid-Market,2026-01-22T06:27:33,2026-02-08T18:56:39,0
C000564,taylorchristopher@example.com,April,Hall,GEO0590,SMB,2024-04-11T09:10:07,2025-01-30T08:31:28,0
C000565,marshallchristine@example.com,Shannon,Reynolds,GEO0439,SMB,2024-06-22T08:38:48,2024-10-08T07:42:17,0
C000566,linda54@example.com,Angel,Alexander,GEO0317,Consumer,2024-04-08T17:53:32,2024-09-27T00:38:57,0
C000567,deanna51@example.com,Megan,Hunt,GEO0150,Mid-Market,2025-07-06T06:00:31,2026-02-04T00:23:13,0
C000568,hartmansara@example.org,David,Ward,GEO0463,SMB,2025-08-07T23:28:33,2025-09-08T14:18:58,0
C000569,matthewleonard@example.com,Kevin,Ochoa,GEO0185,Mid-Market,2026-01-03T03:28:56,2026-01-30T15:16:05,0
C000570,james92@example.net,Jodi,Gaines,GEO0679,SMB,2024-05-20T23:42:07,2025-05-17T02:47:50,0
C000571,carrillojuan@example.com,Krista,Powell,GEO0650,Consumer,2026-01-14T10:10:32,2026-02-04T08:29:40,0
C000572,wunderwood@example.net,Alexander,Valdez,GEO0515,Mid-Market,2025-06-09T02:45:44,2025-11-17T01:27:06,0
C000573,michelleperez@example.net,Kara,Wells,GEO0032,Mid-Market,2025-12-23T10:12:53,2025-12-27T20:40:00,0
C000574,dsharp@example.com,Latoya,Edwards,GEO0622,Mid-Market,2024-05-20T12:55:14,2024-12-06T08:30:09,0
C000575,roymcmahon@example.com,Jason,Cole,GEO0658,Mid-Market,2024-07-10T15:18:08,2025-01-29T20:56:05,0
C000576,brooksbarbara@example.org,Kevin,Rojas,GEO0599,Mid-Market,2025-06-12T23:13:00,2026-01-20T02:31:35,0
C000577,wcochran@example.com,Jeremiah,Simmons,GEO0584,Mid-Market,2024-08-01T05:02:26,2025-04-27T19:24:40,0
C000578,sfarmer@example.net,Kevin,Matthews,GEO0205,Mid-Market,2024-08-28T11:30:33,2025-02-28T09:53:14,0
C000579,weekseric@example.com,Ashley,Lloyd,GEO0096,Mid-Market,2024-10-26T15:31:50,2025-09-13T12:38:22,0
C000580,nbaird@example.com,Bryce,Hughes,GEO0444,SMB,2025-05-07T03:14:07,2025-10-01T13:28:20,0
C000581,krodriguez@example.com,Danielle,Torres,GEO0775,SMB,2025-11-09T03:11:29,2025-12-19T21:07:22,0
C000582,damontran@example.org,Margaret,Morrison,GEO0649,Mid-Market,2025-02-11T04:49:56,2025-10-16T15:38:26,0
C000583,lopezchad@example.com,Justin,Hall,GEO0378,Consumer,2024-08-28T09:17:32,2025-04-05T13:03:35,0
C000584,gibsonmiguel@example.org,George,Heath,GEO0430,SMB,2024-11-26T21:20:26,2025-06-14T14:27:25,0
C000585,hmyers@example.org,Amanda,Mendoza,GEO0595,SMB,2024-02-25T15:46:14,2025-02-06T20:52:02,0
C000586,pricerebecca@example.org,David,Harris,GEO0398,SMB,2025-04-03T07:36:56,2025-06-27T17:13:49,0
C000587,qmeyers@example.com,Erik,Andrews,GEO0280,Mid-Market,2024-04-22T19:21:08,2026-01-01T17:01:46,0
C000588,briana87@example.com,James,Ritter,GEO0203,Consumer,2025-01-23T22:21:58,2025-07-22T17:04:41,0
C000589,zbrown@example.net,Lindsey,Fox,GEO0107,Consumer,2025-06-15T11:34:12,2025-09-03T17:25:55,0
C000590,kstevens@example.org,Jo,Roberts,GEO0754,SMB,2024-08-22T05:58:23,2025-07-27T13:13:35,0
C000591,treed@example.com,Peter,Colon,GEO0249,Consumer,2024-09-11T01:54:01,2024-12-24T16:25:50,0
C000592,robertwhite@example.net,Jessica,Ellis,GEO0570,Consumer,2024-02-13T09:19:01,2024-10-05T20:49:44,0
C000593,hollydavis@example.net,Sonya,Allen,GEO0112,SMB,2024-02-04T23:07:52,2025-02-24T20:25:08,0
C000594,joshuafuller@example.com,Elizabeth,Jones,GEO0354,SMB,2026-01-28T02:04:04,2026-03-01T23:45:48,0
C000595,reginajenkins@example.net,David,Wood,GEO0248,Consumer,2025-03-01T00:47:53,2025-12-03T19:58:09,0
C000596,gordonkimberly@example.com,Shannon,King,GEO0500,Mid-Market,2026-01-23T12:12:53,2026-02-11T10:27:32,0
C000597,murraycharles@example.net,Emma,Murray,GEO0277,SMB,2024-01-24T08:29:12,2024-05-05T08:41:36,0
C000598,julie36@example.org,Alex,Wilson,GEO0762,SMB,2025-01-20T13:05:14,2025-08-16T17:17:30,0
C000599,markgoodman@example.com,Steven,Miller,GEO0285,Mid-Market,2025-12-20T16:15:24,2025-12-22T15:46:25,0
C000600,jenniferkim@example.com,Lori,Skinner,GEO0115,Mid-Market,2025-01-16T22:06:28,2025-05-10T18:01:25,0
C000601,marylawson@example.org,Kelly,Nichols,GEO0455,SMB,2024-08-25T11:30:36,2024-12-14T20:19:21,0
C000602,qjackson@example.org,Erica,Hernandez,GEO0677,Consumer,2025-10-07T03:35:10,2025-11-29T15:37:15,0
C000603,gregory08@example.org,Scott,Williams,GEO0133,SMB,2024-05-24T19:53:30,2025-11-10T23:53:36,0
C000604,myerskyle@example.org,Carly,Williams,GEO0515,Consumer,2024-08-26T15:16:26,2025-07-10T23:21:53,0
C000605,pwang@example.com,Regina,Gonzalez,GEO0476,SMB,2024-02-07T22:36:38,2025-03-29T00:17:44,0
C000606,fisherveronica@example.com,Lori,Frazier,GEO0493,Mid-Market,2026-02-12T15:34:31,2026-02-22T20:15:20,0
C000607,walkernicole@example.net,Gary,Jackson,GEO0429,SMB,2025-12-26T16:35:54,2026-01-05T03:27:44,0
C000608,uhunt@example.com,Anna,Lopez,GEO0235,Consumer,2025-01-19T00:10:33,2026-02-06T03:10:12,0
C000609,sarahfoster@example.com,David,Lewis,GEO0407,Consumer,2024-04-26T13:31:10,2026-01-27T16:31:08,0
C000610,marcus06@example.net,Leslie,Price,GEO0649,SMB,2025-07-14T12:00:18,2025-08-13T13:18:46,0
C000611,qrobinson@example.com,Debra,Wood,GEO0412,SMB,2025-11-23T16:20:39,2026-01-09T18:41:10,0
C000612,mcclurerobert@example.net,Victor,Mooney,GEO0044,Mid-Market,2024-10-24T21:13:51,2025-09-03T22:23:33,0
C000613,johnathandavis@example.com,Tina,Horton,GEO0157,SMB,2024-09-14T14:13:59,2025-08-18T23:46:54,0
C000614,martinreid@example.net,Louis,York,GEO0008,Consumer,2024-05-18T16:45:53,2025-09-15T00:20:26,0
C000615,bjones@example.net,Rhonda,Cole,GEO0557,SMB,2024-06-02T02:00:19,2024-12-11T06:44:06,0
C000616,wesleybush@example.org,Jesse,Jensen,GEO0701,SMB,2025-04-14T03:03:39,2025-12-09T19:10:04,0
C000617,parkerjoann@example.org,Christine,Brown,GEO0058,Mid-Market,2025-10-13T07:22:40,2025-10-16T06:17:18,0
C000618,victor32@example.com,James,Johnson,GEO0149,Mid-Market,2025-03-12T23:19:23,2026-01-25T12:59:16,0
C000619,vstevenson@example.org,Joshua,Schneider,GEO0318,Mid-Market,2025-07-08T21:12:04,2025-12-06T04:06:46,0
C000620,meyertiffany@example.net,Lisa,Christensen,GEO0004,Consumer,2024-10-13T08:36:06,2024-12-16T16:37:41,0
C000621,melanierivera@example.org,Jamie,Brown,GEO0632,SMB,2025-01-27T18:49:54,2025-11-26T19:17:51,0
C000622,lauriehorton@example.org,Cathy,James,GEO0620,Mid-Market,2025-09-22T15:13:10,2025-09-22T07:13:05,0
C000623,isaiah01@example.com,Chad,Lee,GEO0089,Consumer,2025-09-21T04:10:30,2025-09-21T10:04:57,0
C000624,shawnamartinez@example.org,Brittany,Guerra,GEO0233,Consumer,2024-02-23T16:51:28,2025-05-03T21:30:20,0
C000625,joelmiller@example.net,Stuart,Martin,GEO0063,Consumer,2025-05-27T07:35:25,2025-12-06T12:45:30,0
C000626,johnthompson@example.org,Kevin,Ray,GEO0794,Mid-Market,2024-11-15T10:33:05,2026-02-10T19:53:13,0
C000627,josephharrington@example.org,Stephanie,Ward,GEO0057,Mid-Market,2024-06-19T08:45:09,2025-09-09T17:28:31,0
C000628,cjackson@example.com,William,Moss,GEO0250,Mid-Market,2024-09-13T03:35:57,2025-12-02T20:22:11,0
C000629,lorileon@example.org,Kathleen,Simmons,GEO0298,SMB,2025-01-09T21:22:46,2025-08-14T06:39:35,0
C000630,blakesandra@example.net,Amanda,Tran,GEO0347,SMB,2024-07-14T11:11:59,2024-07-24T06:28:23,0
C000631,jonathanford@example.com,Justin,Hart,GEO0640,Consumer,2024-07-18T18:19:21,2024-10-22T11:58:16,0
C000632,ijones@example.net,Taylor,Moore,GEO0627,Mid-Market,2024-01-14T08:02:41,2024-10-21T20:30:25,0
C000633,adamhensley@example.net,Jessica,Henry,GEO0281,Mid-Market,2025-12-13T08:17:40,2025-12-20T18:52:01,0
C000634,vbentley@example.com,Patrick,Parker,GEO0117,SMB,2026-01-05T19:40:29,2026-02-05T05:30:47,0
C000635,ortizbenjamin@example.org,Paul,Cunningham,GEO0476,Mid-Market,2025-10-25T03:02:23,2025-11-01T19:57:45,0
C000636,kathrynkrueger@example.net,Michael,Fletcher,GEO0393,Mid-Market,2025-12-23T05:55:54,2026-01-08T02:26:53,0
C000637,heather66@example.net,John,Woods,GEO0363,Consumer,2024-05-02T14:40:45,2024-07-04T10:06:54,0
C000638,crystal02@example.com,Catherine,Blackburn,GEO0750,Consumer,2024-10-11T20:39:47,2024-10-19T10:53:43,0
C000639,jonathanguzman@example.net,Mckenzie,Smith,GEO0451,Mid-Market,2024-11-20T05:57:37,2025-11-24T11:33:00,0
C000640,newmansabrina@example.com,Janice,Mccann,GEO0348,SMB,2025-11-11T13:53:42,2026-02-04T01:04:12,0
C000641,stonejacob@example.com,Gabriel,Simmons,GEO0050,Mid-Market,2026-02-18T04:46:17,2026-02-19T05:28:02,0
C000642,vincent86@example.net,Kyle,Jenkins,GEO0623,Consumer,2025-09-15T22:32:26,2025-10-29T20:47:53,0
C000643,rodriguezashley@example.com,Lisa,Adams,GEO0651,SMB,2024-01-04T08:35:22,2024-05-03T10:29:36,0
C000644,sarahsanders@example.com,Adam,Jackson,GEO0439,Consumer,2025-12-14T18:59:29,2025-12-25T03:58:05,0
C000645,esmith@example.net,Robert,Butler,GEO0244,Consumer,2026-01-17T05:20:37,2026-02-26T00:49:10,0
C000646,jessica22@example.com,Jacob,Taylor,GEO0228,Consumer,2024-01-11T20:23:29,2024-04-03T23:15:19,0
C000647,hwhite@example.com,Ashley,Lewis,GEO0457,Mid-Market,2025-11-28T06:47:48,2025-12-14T09:03:24,0
C000648,brianwhite@example.org,Jordan,Barrera,GEO0542,Consumer,2024-10-20T08:08:36,2025-03-30T13:14:53,0
C000649,nalexander@example.org,Miranda,Martin,GEO0667,Consumer,2024-10-06T05:18:16,2025-12-30T08:05:31,0
C000650,christopher14@example.org,Matthew,Richards,GEO0144,SMB,2025-08-15T11:49:41,2025-12-26T14:53:40,0
C000651,wwashington@example.org,Albert,Adams,GEO0629,Consumer,2024-06-23T18:24:09,2025-12-25T18:13:44,0
C000652,ortegakristina@example.org,Collin,Boyd,GEO0247,Mid-Market,2024-12-21T21:50:18,2025-04-06T10:44:32,0
C000653,bennettabigail@example.com,Sarah,Kennedy,GEO0312,SMB,2026-01-30T02:32:49,2026-02-05T08:13:29,0
C000654,cassandra55@example.net,Pamela,Key,GEO0188,Consumer,2024-02-02T16:42:40,2024-08-10T15:08:29,0
C000655,shelleyortega@example.com,Cheryl,Hester,GEO0717,SMB,2024-11-26T18:24:42,2025-09-23T01:20:44,0
C000656,linda07@example.net,Richard,Houston,GEO0356,SMB,2025-10-06T00:10:26,2026-02-04T10:21:41,0
C000657,anthonymartinez@example.net,Joshua,Lyons,GEO0443,Consumer,2024-04-12T11:19:10,2025-08-03T17:11:48,0
C000658,miguelmontgomery@example.net,Molly,Robertson,GEO0498,Mid-Market,2025-03-25T14:37:36,2025-11-02T23:25:30,0
C000659,aaronlittle@example.com,Allen,Ward,GEO0035,SMB,2024-09-06T23:23:38,2025-08-17T15:43:25,0
C000660,montesjill@example.net,Sean,Lawson,GEO0681,Consumer,2024-02-11T16:06:26,2025-04-22T08:36:25,0
C000661,ystevenson@example.org,Michael,Crosby,GEO0683,Consumer,2024-01-30T16:10:59,2024-12-02T19:44:33,0
C000662,shatfield@example.org,Jessica,Carter,GEO0493,Consumer,2025-08-04T04:42:21,2026-02-21T01:05:19,0
C000663,jenniferkane@example.net,Kristen,Moran,GEO0460,Consumer,2026-02-23T11:29:25,2026-02-24T14:00:42,0
C000664,andersonlaura@example.com,Marisa,Davies,GEO0154,Consumer,2024-07-24T09:19:05,2025-01-29T07:54:13,0
C000665,cjackson@example.org,Timothy,Fernandez,GEO0674,Mid-Market,2024-04-02T07:09:43,2025-10-22T11:00:30,0
C000666,jasonmullins@example.net,Holly,Garcia,GEO0667,Consumer,2024-12-18T15:35:43,2025-07-07T22:13:58,0
C000667,martinsarah@example.com,Katie,Robinson,GEO0693,SMB,2025-11-15T14:45:15,2026-02-20T03:24:08,0
C000668,elizabeth12@example.net,Cynthia,Vasquez,GEO0448,Consumer,2026-02-20T12:49:20,2026-02-24T21:46:55,0
C000669,monica99@example.org,Dawn,Bennett,GEO0595,SMB,2025-09-03T17:04:22,2026-01-06T21:47:37,0
C000670,yvaldez@example.net,Tammy,Kim,GEO0161,Mid-Market,2024-08-15T05:49:15,2025-08-27T11:21:32,0
C000671,jeffreywilson@example.org,Daniel,Peterson,GEO0113,Mid-Market,2024-01-02T19:48:25,2024-03-21T20:14:08,0
C000672,juliewilson@example.com,David,Edwards,GEO0408,Consumer,2024-07-11T06:19:27,2024-10-14T10:24:41,0
C000673,aray@example.com,Bryan,Nichols,GEO0474,Consumer,2025-03-11T09:19:24,2026-02-19T15:02:16,0
C000674,uwhitney@example.com,Lauren,Peck,GEO0061,Consumer,2025-03-07T05:25:43,2025-11-26T03:29:51,0
C000675,aprilguzman@example.org,Daniel,Smith,GEO0581,Mid-Market,2024-12-20T23:06:41,2025-07-15T00:10:20,0
C000676,sstewart@example.org,Vincent,Bryant,GEO0441,Mid-Market,2025-08-11T12:43:29,2025-08-13T15:41:42,0
C000677,dustin09@example.com,Kyle,Mooney,GEO0338,Consumer,2025-03-08T09:27:16,2026-01-26T03:38:51,0
C000678,hillmelanie@example.net,Timothy,Poole,GEO0250,Mid-Market,2025-04-06T11:49:30,2025-09-24T17:23:07,0
C000679,ycarter@example.org,Tina,Cook,GEO0707,SMB,2024-07-02T17:48:24,2024-09-21T04:00:21,0
C000680,melaniemichael@example.org,Isabella,Williams,GEO0039,Mid-Market,2025-12-25T08:12:32,2026-02-21T13:03:29,0
C000681,melissaluna@example.com,Tracey,Hopkins,GEO0043,Consumer,2024-02-10T15:29:23,2024-04-01T19:43:23,0
C000682,vickiekelley@example.com,Roberto,Kennedy,GEO0165,SMB,2025-03-11T21:18:49,2025-03-23T17:17:11,0
C000683,katherine61@example.net,Jessica,Campbell,GEO0255,SMB,2024-12-31T00:28:20,2025-06-01T20:02:38,0
C000684,jacquelinekelley@example.org,David,Goodwin,GEO0753,Mid-Market,2024-12-31T01:34:47,2025-07-21T07:11:05,0
C000685,hornjenna@example.com,Diamond,Ray,GEO0303,Consumer,2024-04-06T23:09:40,2025-08-24T13:57:17,0
C000686,sdominguez@example.org,Jason,Brock,GEO0197,Mid-Market,2025-04-14T19:15:58,2026-01-07T18:29:02,0
C000687,jillsmith@example.net,Melissa,Garcia,GEO0349,SMB,2024-11-30T01:09:38,2025-12-05T20:51:56,0
C000688,nicholasmcgrath@example.net,Meagan,Howe,GEO0555,Mid-Market,2025-01-26T23:05:21,2025-12-18T23:19:27,0
C000689,kellythomas@example.org,David,Robertson,GEO0717,Consumer,2024-01-23T23:16:46,2025-11-21T23:56:05,0
C000690,brittney26@example.org,Austin,Allen,GEO0527,Consumer,2025-03-19T06:36:16,2025-08-21T19:32:34,0
C000691,mturner@example.org,Denise,Bennett,GEO0524,Mid-Market,2024-09-06T01:23:36,2026-01-03T06:48:59,0
C000692,stricklandmichelle@example.net,Patrick,Chen,GEO0668,Mid-Market,2024-10-08T22:49:11,2025-02-26T16:42:02,0
C000693,hrichardson@example.org,Christopher,Burns,GEO0713,Consumer,2025-02-12T21:18:17,2025-02-14T13:13:01,0
C000694,andrewberry@example.net,Timothy,Benson,GEO0399,Mid-Market,2025-02-28T04:17:17,2025-10-22T19:50:40,0
C000695,bauerherbert@example.com,Zoe,Park,GEO0203,Consumer,2024-04-09T07:01:45,2025-03-07T07:04:39,0
C000696,ashley15@example.org,Jennifer,Atkins,GEO0418,Mid-Market,2026-01-15T19:52:29,2026-02-21T13:40:38,0
C000697,richardhaynes@example.com,Angela,Herrera,GEO0438,SMB,2025-07-08T15:59:35,2025-07-11T10:21:20,0
C000698,lbrown@example.net,Jennifer,Tyler,GEO0480,Consumer,2025-03-31T14:54:47,2025-12-11T06:34:44,0
C000699,molinajared@example.net,Priscilla,White,GEO0191,SMB,2025-11-20T08:25:02,2026-02-12T18:05:40,0
C000700,adamwest@example.com,David,Anderson,GEO0026,SMB,2025-07-28T02:13:47,2025-12-10T11:19:18,0
C000701,denisemiller@example.com,Melissa,Johnson,GEO0363,SMB,2024-11-18T21:29:01,2025-02-05T19:37:10,0
C000702,huntermichael@example.net,George,Rowland,GEO0613,Mid-Market,2024-12-26T13:26:48,2025-01-06T09:35:47,0
C000703,wrightbrandon@example.net,Rebecca,Carter,GEO0001,SMB,2024-08-28T17:08:24,2025-01-01T03:25:13,0
C000704,ftaylor@example.net,Lawrence,Bartlett,GEO0510,Mid-Market,2024-04-23T09:11:55,2024-10-02T23:25:35,0
C000705,catherine83@example.net,Corey,Weiss,GEO0298,Consumer,2024-12-26T13:57:38,2025-05-17T10:49:23,0
C000706,benjaminthomas@example.org,Susan,Guzman,GEO0315,Mid-Market,2024-04-18T21:40:48,2026-01-29T10:32:34,0
C000707,brittanyramirez@example.net,Cindy,Jones,GEO0098,Consumer,2025-02-05T12:31:48,2025-09-30T09:52:59,0
C000708,jorge26@example.com,Christopher,King,GEO0303,Consumer,2024-06-09T12:18:00,2025-12-06T10:48:29,0
C000709,jbentley@example.net,James,Soto,GEO0469,Mid-Market,2024-06-25T03:24:37,2025-08-27T13:26:12,0
C000710,wanda35@example.net,Diane,Hoover,GEO0216,Mid-Market,2024-01-30T07:08:39,2025-10-25T16:05:38,0
C000711,roberthernandez@example.com,Nicholas,Maynard,GEO0583,SMB,2026-01-19T00:20:39,2026-02-03T05:36:40,0
C000712,chrismartinez@example.org,Gabriella,Russell,GEO0627,Consumer,2025-12-01T11:01:47,2026-02-15T20:24:35,0
C000713,danielle55@example.com,Dustin,Yates,GEO0227,Consumer,2024-07-16T14:23:46,2025-03-18T05:30:59,0
C000714,alejandro63@example.com,Stephanie,Patton,GEO0496,SMB,2024-07-23T04:18:04,2024-08-23T06:36:29,0
C000715,thompsonjessica@example.com,Brianna,Roman,GEO0634,Mid-Market,2024-09-07T19:28:15,2025-03-07T14:32:41,0
C000716,ricejackie@example.com,Andrea,Lawson,GEO0357,SMB,2025-09-10T05:15:29,2025-09-27T00:47:02,0
C000717,jacksonstacey@example.com,Henry,Shaffer,GEO0554,SMB,2025-11-24T16:30:55,2026-01-12T02:50:26,0
C000718,iwoods@example.com,Albert,Palmer,GEO0532,Mid-Market,2024-09-23T17:07:45,2024-10-17T14:30:52,0
C000719,dianethomas@example.net,Jill,Brown,GEO0674,SMB,2024-03-02T12:53:52,2024-04-11T11:25:45,0
C000720,jasmine39@example.com,Jasmine,White,GEO0558,Mid-Market,2025-06-07T20:28:27,2025-08-09T03:09:54,0
C000721,lauren84@example.com,Stephanie,Meyer,GEO0146,Mid-Market,2026-02-15T03:46:10,2026-02-20T13:42:21,0
C000722,kevinhodge@example.com,Richard,Edwards,GEO0685,SMB,2024-09-05T06:16:06,2025-08-08T20:44:04,0
C000723,walterschase@example.org,Shirley,Martin,GEO0160,SMB,2025-12-27T07:48:16,2026-02-08T09:44:28,0
C000724,millerjustin@example.com,Lindsey,Smith,GEO0249,Mid-Market,2025-04-06T08:36:17,2026-02-04T01:48:08,0
C000725,urhodes@example.org,Timothy,Robertson,GEO0535,SMB,2025-06-18T00:14:56,2025-12-24T18:23:45,0
C000726,sullivanchristina@example.net,Adrian,Coleman,GEO0792,Mid-Market,2024-11-10T05:36:40,2025-04-15T15:45:28,0
C000727,john89@example.org,Catherine,Oconnell,GEO0114,Consumer,2024-10-28T23:51:44,2025-01-01T04:38:18,0
C000728,gregoryrichardson@example.org,Willie,Farley,GEO0328,SMB,2025-01-28T20:14:01,2025-05-16T18:19:09,0
C000729,ksimpson@example.com,Tara,Morgan,GEO0398,SMB,2024-01-13T11:46:32,2026-02-14T16:25:30,0
C000730,marierosales@example.org,Kelly,Webb,GEO0624,SMB,2024-06-23T20:09:37,2025-11-18T10:33:23,0
C000731,jason96@example.org,Sandra,Hickman,GEO0247,Mid-Market,2025-05-11T05:55:33,2026-01-12T05:30:57,0
C000732,wallspatricia@example.com,Brian,Smith,GEO0138,Mid-Market,2024-01-15T02:21:14,2024-11-26T06:14:09,0
C000733,wmurphy@example.org,Adam,Zamora,GEO0006,Mid-Market,2025-09-15T03:41:12,2025-12-15T15:29:36,0
C000734,richardsmith@example.com,Travis,Miller,GEO0753,Consumer,2025-10-15T23:54:52,2026-02-26T07:47:12,0
C000735,robertgentry@example.org,Eric,Douglas,GEO0558,Consumer,2025-11-11T12:40:06,2025-12-23T16:04:17,0
C000736,thomasbrooks@example.com,Ross,White,GEO0329,Mid-Market,2025-07-01T17:55:05,2026-01-21T01:28:36,0
C000737,daniel77@example.org,Donald,Burgess,GEO0438,Consumer,2024-09-10T08:51:47,2025-03-16T22:59:41,0
C000738,howardmonica@example.org,Daniel,Mitchell,GEO0168,Consumer,2024-09-07T22:45:29,2025-03-07T01:38:17,0
C000739,ralphmanning@example.org,Ethan,Gonzalez,GEO0695,Consumer,2024-10-11T23:12:46,2025-12-10T02:57:57,0
C000740,rmoyer@example.org,Robert,Pierce,GEO0344,SMB,2025-06-19T01:13:14,2025-10-21T18:48:37,0
C000741,markduran@example.com,Warren,Mclean,GEO0485,Consumer,2025-04-20T17:56:50,2025-05-16T10:50:40,0
C000742,ganderson@example.org,David,Cooper,GEO0281,SMB,2024-07-20T03:28:05,2025-11-19T06:06:34,0
C000743,saundersjoel@example.net,Maria,Jordan,GEO0067,Mid-Market,2024-08-08T15:19:36,2024-08-17T18:27:55,0
C000744,hamiltonkeith@example.com,Christopher,Patterson,GEO0174,Mid-Market,2024-04-24T14:49:41,2024-11-09T18:51:40,0
C000745,jessicalopez@example.com,Katie,Lin,GEO0308,SMB,2026-02-12T00:16:48,2026-02-25T19:17:31,0
C000746,elizabethpatterson@example.com,Jasmine,Patrick,GEO0025,SMB,2024-06-29T16:30:32,2025-04-15T20:19:16,0
C000747,jacobbond@example.net,Cynthia,Perez,GEO0505,Consumer,2025-06-28T10:17:43,2025-11-18T16:19:40,0
C000748,richardhill@example.org,Sarah,Simmons,GEO0428,Consumer,2024-04-24T15:00:20,2025-09-27T15:31:10,0
C000749,christopherwilliams@example.com,Alicia,Graves,GEO0524,SMB,2024-03-08T21:19:06,2025-06-04T10:40:43,0
C000750,jeffreysimmons@example.org,William,Schneider,GEO0113,Consumer,2024-07-06T03:48:14,2025-02-09T09:32:19,0
C000751,daniel54@example.com,Jennifer,Wright,GEO0048,Mid-Market,2026-02-23T15:06:43,2026-02-25T19:13:36,0
C000752,whiteaaron@example.net,Julie,Lewis,GEO0564,SMB,2024-06-07T05:12:49,2025-07-17T05:54:10,0
C000753,mramirez@example.org,Ryan,King,GEO0128,Consumer,2025-11-09T10:33:30,2026-01-31T19:50:26,0
C000754,tcox@example.org,Collin,Smith,GEO0219,SMB,2026-01-13T07:59:16,2026-02-12T09:23:09,0
C000755,markfigueroa@example.com,Julia,Chapman,GEO0495,Mid-Market,2024-12-07T11:53:47,2025-05-17T14:19:27,0
C000756,john43@example.net,Patrick,Eaton,GEO0079,SMB,2025-02-06T00:48:25,2025-03-06T13:22:41,0
C000757,crystalguzman@example.org,Brenda,Barr,GEO0667,SMB,2024-05-23T08:01:52,2024-12-16T06:42:45,0
C000758,jamesgriffin@example.org,Charles,Payne,GEO0356,SMB,2024-10-28T00:20:27,2025-12-06T12:20:35,0
C000759,kevin73@example.net,Jennifer,Williams,GEO0695,Consumer,2026-01-26T06:39:32,2026-02-23T08:06:04,0
C000760,robertdawson@example.net,Theresa,Jacobson,GEO0690,SMB,2024-06-13T23:30:46,2026-02-10T15:02:49,0
C000761,hsoto@example.com,Carlos,Barnes,GEO0044,Mid-Market,2025-02-03T22:31:15,2025-06-26T19:37:24,0
C000762,jacksonjoshua@example.org,Keith,Sosa,GEO0627,Consumer,2024-04-13T20:21:17,2025-10-15T11:28:59,0
C000763,bauerheather@example.net,Lisa,Simpson,GEO0001,SMB,2024-04-23T04:56:47,2024-07-07T10:49:46,0
C000764,martinkaren@example.com,Anna,Myers,GEO0708,Consumer,2024-06-04T18:19:36,2024-12-25T17:05:28,0
C000765,jamie02@example.net,Jeffery,Horton,GEO0601,Mid-Market,2024-12-01T17:48:42,2025-04-13T17:33:52,0
C000766,ugordon@example.net,Jonathan,Phelps,GEO0422,Consumer,2025-12-07T04:49:49,2025-12-15T22:45:47,0
C000767,jeanette81@example.org,Jeffrey,Ferguson,GEO0158,SMB,2025-01-04T23:56:13,2025-04-08T10:29:14,0
C000768,benjamin24@example.org,Joseph,Gibbs,GEO0127,SMB,2025-01-05T06:43:45,2025-05-17T08:38:47,0
C000769,veronicaclark@example.org,Aaron,Bailey,GEO0694,Consumer,2024-01-24T03:41:26,2025-04-05T12:51:31,0
C000770,mark84@example.net,Dennis,Villanueva,GEO0649,Mid-Market,2024-02-19T01:58:32,2025-03-07T00:36:27,0
C000771,mark00@example.com,Jeffrey,Sanford,GEO0557,SMB,2025-05-31T17:31:18,2025-11-17T20:04:47,0
C000772,jonathansmith@example.net,Tiffany,Osborne,GEO0122,Consumer,2025-08-01T17:49:07,2025-12-15T05:51:32,0
C000773,sharphailey@example.net,Jonathan,Sims,GEO0416,Mid-Market,2024-03-30T14:39:41,2024-10-11T02:49:43,0
C000774,lisawalker@example.com,James,Soto,GEO0494,SMB,2024-10-10T14:56:56,2025-10-23T04:41:21,0
C000775,omoore@example.net,Jessica,Richardson,GEO0355,Mid-Market,2024-07-05T18:21:29,2025-12-27T22:47:52,0
C000776,ldavis@example.com,Jackson,Huffman,GEO0636,Consumer,2025-03-18T12:36:18,2025-03-21T19:53:24,0
C000777,ashleyharding@example.org,Deborah,Smith,GEO0665,Consumer,2024-01-09T10:27:09,2024-09-30T07:37:43,0
C000778,nicoleroth@example.net,Cathy,Jones,GEO0017,Mid-Market,2024-11-30T14:41:42,2025-03-12T18:59:22,0
C000779,simmonsspencer@example.net,Tara,Garcia,GEO0618,Mid-Market,2026-01-02T04:12:49,2026-01-11T06:19:11,0
C000780,jessicamorton@example.net,Cory,Cruz,GEO0237,Mid-Market,2024-01-27T19:54:02,2024-06-05T17:22:04,0
C000781,serranokathryn@example.net,Sarah,Anderson,GEO0743,Consumer,2024-11-18T21:13:12,2025-04-22T05:27:17,0
C000782,adamssheena@example.net,Alexander,Burch,GEO0278,SMB,2024-08-10T00:08:56,2025-11-03T03:53:24,0
C000783,danielsloretta@example.net,Christopher,Taylor,GEO0259,Mid-Market,2025-03-30T23:13:24,2025-04-24T14:28:25,0
C000784,tochoa@example.com,Timothy,Sanchez,GEO0097,SMB,2024-07-29T18:52:07,2024-11-01T05:32:58,0
C000785,courtney10@example.org,Curtis,Phillips,GEO0121,Mid-Market,2026-01-11T03:10:48,2026-01-24T03:31:47,0
C000786,othomas@example.org,Jeremy,Cruz,GEO0415,Mid-Market,2025-01-01T10:26:12,2025-04-18T02:51:32,0
C000787,diana36@example.net,Nicole,Carson,GEO0730,SMB,2025-05-04T16:07:29,2025-05-12T00:24:51,0
C000788,vasquezvicki@example.org,Cristian,Sosa,GEO0160,Consumer,2025-02-13T11:23:19,2025-03-18T13:54:41,0
C000789,charles51@example.com,Sandra,Gillespie,GEO0687,Mid-Market,2024-08-22T02:41:41,2025-09-25T15:01:17,0
C000790,munozgregory@example.net,Matthew,White,GEO0664,SMB,2025-10-24T01:09:54,2025-12-26T05:36:00,0
C000791,qhernandez@example.net,Kevin,Roth,GEO0186,Consumer,2025-06-15T04:44:30,2025-07-04T01:38:51,0
C000792,nancy47@example.net,Miguel,Baker,GEO0356,Mid-Market,2026-01-27T09:23:39,2026-02-22T05:26:11,0
C000793,mccormickmichelle@example.org,Kimberly,Thomas,GEO0564,Consumer,2025-06-15T23:51:51,2025-09-15T11:56:59,0
C000794,petergriffith@example.com,Lisa,Wilson,GEO0408,Consumer,2024-06-15T15:13:19,2025-08-02T20:23:58,0
C000795,rmoyer@example.org,Christopher,Cooley,GEO0648,Mid-Market,2024-09-28T10:01:50,2024-10-24T10:01:56,0
C000796,katrinagomez@example.com,Rodney,Steele,GEO0193,Mid-Market,2024-02-05T04:58:26,2024-03-23T17:24:48,0
C000797,oguzman@example.com,Devon,Raymond,GEO0288,Mid-Market,2026-01-09T05:10:06,2026-01-09T11:57:14,0
C000798,patrickdunn@example.net,Amanda,Patel,GEO0151,Consumer,2025-03-05T03:30:29,2025-10-03T17:28:08,0
C000799,patrickcarpenter@example.com,Alison,Frank,GEO0759,Mid-Market,2025-09-09T00:19:30,2026-01-07T08:08:20,0
C000800,jacquelineyoung@example.org,James,Jefferson,GEO0414,SMB,2025-07-06T19:42:45,2025-07-30T15:31:47,0
C000801,angela21@example.org,Rhonda,Ward,GEO0446,Consumer,2025-08-07T04:14:32,2025-09-09T04:14:42,0
C000802,kenneththomas@example.net,Teresa,Durham,GEO0173,Consumer,2026-01-31T22:25:18,2026-02-28T19:06:15,0
C000803,jasonwalker@example.net,Devin,Hayden,GEO0792,Consumer,2024-09-13T23:42:19,2025-08-15T22:29:42,0
C000804,nicholasjohnson@example.com,Nathan,Miles,GEO0432,Mid-Market,2025-06-16T18:56:17,2025-08-22T10:27:23,0
C000805,woodsbrittney@example.org,Anthony,Diaz,GEO0206,Mid-Market,2024-05-28T23:59:54,2024-07-02T23:57:51,0
C000806,sanchezalexander@example.com,Edward,White,GEO0300,Consumer,2025-10-09T06:11:00,2025-11-14T20:02:53,0
C000807,kaitlinhale@example.com,Theodore,Sharp,GEO0282,Consumer,2024-08-31T12:20:00,2026-01-05T15:54:22,0
C000808,sharrington@example.org,Justin,Moore,GEO0745,Mid-Market,2025-10-05T12:28:13,2026-01-29T19:16:34,0
C000809,munozglenn@example.org,Alex,Wall,GEO0156,Mid-Market,2024-04-30T08:41:49,2025-10-08T10:21:57,0
C000810,qspencer@example.net,Warren,Fletcher,GEO0746,SMB,2024-09-18T15:49:35,2025-12-29T21:06:42,0
C000811,rhuynh@example.org,Adrienne,Spence,GEO0284,Mid-Market,2024-12-16T08:04:50,2025-06-21T13:41:01,0
C000812,juliamorales@example.org,Jeffery,White,GEO0408,Consumer,2025-07-10T03:14:29,2026-02-07T03:07:35,0
C000813,velasqueztaylor@example.com,Denise,Sullivan,GEO0722,Consumer,2024-10-29T11:19:28,2025-06-09T17:05:55,1
C000814,zmartin@example.com,Deborah,Lee,GEO0070,Consumer,2025-05-31T12:52:56,2026-02-16T06:09:53,0
C000815,garciamichael@example.com,Anthony,Campbell,GEO0333,Consumer,2024-08-15T06:46:47,2025-08-12T16:38:49,0
C000816,jonescarla@example.com,Jacob,Harris,GEO0285,Mid-Market,2025-07-30T16:03:51,2025-12-13T11:34:14,0
C000817,allenchristopher@example.net,Annette,Elliott,GEO0672,Consumer,2025-06-27T11:10:06,2025-12-18T05:40:40,0
C000818,uwilliams@example.org,Sherry,Smith,GEO0225,Consumer,2025-09-25T22:09:34,2026-02-28T13:54:12,0
C000819,karen68@example.org,Leonard,Myers,GEO0598,SMB,2024-02-20T09:24:57,2025-08-07T13:57:30,0
C000820,terri15@example.com,Peggy,Gordon,GEO0475,Consumer,2024-11-25T23:19:00,2025-01-02T08:45:35,0
C000821,andrewflynn@example.com,Brenda,Christian,GEO0044,Consumer,2024-11-15T23:39:38,2024-12-19T01:48:26,0
C000822,evan71@example.net,Christopher,Higgins,GEO0770,SMB,2024-05-27T05:48:51,2025-01-30T12:50:10,0
C000823,lindseypena@example.net,Eugene,Stuart,GEO0686,SMB,2025-03-05T18:12:15,2025-08-31T02:14:17,0
C000824,seth25@example.com,Michael,Chase,GEO0635,Consumer,2025-02-15T23:47:37,2026-01-25T04:13:28,0
C000825,twilliams@example.net,Paul,Clark,GEO0203,SMB,2025-11-19T10:00:40,2025-12-04T16:19:33,0
C000826,rubioashley@example.com,Connor,Smith,GEO0640,Mid-Market,2026-03-01T19:30:14,2026-03-02T09:52:07,0
C000827,amy17@example.org,Shawn,Jackson,GEO0082,Mid-Market,2026-01-30T14:09:04,2026-02-27T23:21:56,0
C000828,evan49@example.com,Michael,Jones,GEO0348,SMB,2024-02-11T08:07:40,2025-06-02T13:37:10,0
C000829,escott@example.com,Kathryn,Ramos,GEO0447,Mid-Market,2025-12-27T15:48:18,2026-01-24T16:06:05,0
C000830,shelbybonilla@example.com,Benjamin,Trevino,GEO0399,Mid-Market,2025-09-09T11:15:55,2026-02-26T15:53:44,0
C000831,nortiz@example.net,David,Richardson,GEO0299,SMB,2025-03-18T01:40:06,2025-08-08T23:46:17,0
C000832,nathaniel68@example.com,Jose,Hutchinson,GEO0061,Mid-Market,2024-09-14T16:21:26,2025-05-29T11:05:00,0
C000833,oliverdawn@example.net,Krystal,Lyons,GEO0228,SMB,2025-12-31T07:37:31,2026-01-14T18:27:42,0
C000834,mooredaniel@example.com,Eric,Ross,GEO0408,Mid-Market,2024-04-16T15:35:38,2025-11-16T12:38:33,0
C000835,walkermorgan@example.net,Clayton,Owens,GEO0502,SMB,2025-11-14T01:38:06,2026-01-28T20:06:36,0
C000836,lrodriguez@example.net,Daniel,Moyer,GEO0344,Consumer,2024-04-30T11:37:43,2026-01-08T13:52:25,0
C000837,mtate@example.com,Mark,Stewart,GEO0470,Consumer,2026-02-01T11:41:50,2026-02-15T14:36:55,0
C000838,vlewis@example.com,Danny,Gibson,GEO0029,SMB,2024-02-08T20:47:49,2025-04-25T21:58:01,0
C000839,stacythomas@example.org,Luke,Johnson,GEO0464,Consumer,2025-08-03T00:40:21,2025-08-28T09:58:26,0
C000840,zbrown@example.com,Kristine,Irwin,GEO0174,Mid-Market,2024-01-30T14:54:57,2024-10-15T11:52:43,0
C000841,brianparrish@example.net,Rodney,King,GEO0022,Consumer,2024-12-26T08:28:50,2025-01-19T10:29:44,0
C000842,christopherjones@example.com,Christopher,Russo,GEO0654,Consumer,2024-09-26T06:35:49,2025-08-21T23:25:48,0
C000843,hsavage@example.org,Elizabeth,Green,GEO0618,SMB,2024-06-25T02:21:22,2025-12-28T23:51:53,0
C000844,davisrachel@example.com,Tabitha,Phillips,GEO0491,SMB,2024-08-21T09:06:58,2024-11-21T20:25:20,0
C000845,michaelbarnes@example.com,Amanda,Bowers,GEO0471,Mid-Market,2025-05-24T05:48:24,2025-09-04T08:54:45,0
C000846,sgomez@example.net,Paul,Smith,GEO0711,SMB,2024-12-25T14:57:23,2026-01-15T05:10:20,0
C000847,christiancontreras@example.net,Duane,Beck,GEO0599,Consumer,2024-04-24T18:19:58,2025-09-24T22:41:35,0
C000848,alexis72@example.com,Michelle,Wilson,GEO0329,Mid-Market,2026-02-13T17:11:25,2026-02-15T06:05:05,0
C000849,ubaker@example.org,Vanessa,Harding,GEO0135,Mid-Market,2025-09-04T12:54:16,2025-10-11T22:21:34,0
C000850,cynthiafowler@example.net,Connor,Robinson,GEO0447,Consumer,2025-02-10T12:06:54,2026-02-21T09:39:36,0
C000851,robertpayne@example.org,Carolyn,Robinson,GEO0309,SMB,2024-03-25T07:28:52,2024-05-05T07:35:09,0
C000852,stephaniebonilla@example.net,Stephanie,Wood,GEO0597,Consumer,2024-10-07T15:14:53,2025-09-27T07:15:56,0
C000853,allen48@example.org,Holly,Banks,GEO0154,Mid-Market,2025-03-26T06:09:00,2025-08-24T07:01:54,0
C000854,wgutierrez@example.com,Maria,Simmons,GEO0748,SMB,2025-05-09T13:35:35,2026-02-23T06:26:11,0
C000855,daniel27@example.com,Nathan,Tran,GEO0079,Mid-Market,2025-06-15T12:40:36,2025-12-30T23:16:45,0
C000856,amyjames@example.net,Haley,Kim,GEO0582,SMB,2025-01-07T13:23:23,2025-05-07T10:34:22,0
C000857,jacqueline11@example.org,Christopher,Smith,GEO0076,Consumer,2025-12-10T10:55:52,2026-01-10T17:37:08,0
C000858,vgarcia@example.net,Sara,Garcia,GEO0591,Mid-Market,2025-06-03T15:34:20,2025-07-26T19:14:46,0
C000859,zgordon@example.org,Elizabeth,Christian,GEO0198,Mid-Market,2026-01-04T20:35:52,2026-01-18T14:17:36,0
C000860,jeffreygibson@example.com,Danny,Gates,GEO0127,SMB,2024-02-24T19:28:31,2025-10-21T13:04:10,0
C000861,belllaura@example.com,Robert,Hoover,GEO0432,SMB,2025-07-27T17:41:03,2025-10-23T15:55:45,0
C000862,xsmith@example.org,William,Adams,GEO0116,Mid-Market,2024-03-06T11:04:46,2024-12-13T18:16:57,0
C000863,kyle63@example.org,Rachel,Perry,GEO0161,Mid-Market,2024-01-29T19:31:27,2026-01-19T04:25:13,0
C000864,johnsonkrystal@example.net,Lori,Greene,GEO0003,SMB,2025-04-07T17:44:43,2025-09-09T10:14:36,0
C000865,george96@example.org,Angela,Myers,GEO0138,SMB,2025-06-04T04:49:34,2025-11-12T00:39:03,0
C000866,zpoole@example.net,Roy,Ayers,GEO0095,SMB,2026-02-11T18:07:49,2026-02-13T19:04:33,0
C000867,lmadden@example.com,Rebecca,Holmes,GEO0571,Consumer,2026-01-17T23:12:15,2026-02-24T05:53:11,0
C000868,thall@example.org,William,Welch,GEO0306,SMB,2025-10-26T23:07:21,2025-11-06T03:25:36,0
C000869,ocameron@example.com,Mary,Moore,GEO0689,SMB,2025-12-02T13:24:44,2026-01-31T04:54:21,0
C000870,james10@example.com,Alexander,Carrillo,GEO0420,SMB,2024-04-08T11:11:45,2025-06-22T08:31:05,0
C000871,anthonyzimmerman@example.org,Ashley,Johnson,GEO0700,SMB,2024-09-23T06:14:22,2024-12-15T10:28:48,0
C000872,tonyawalters@example.com,Jacob,Delgado,GEO0273,SMB,2025-06-20T00:56:38,2025-07-05T17:03:43,0
C000873,kennethnichols@example.org,Jessica,Roman,GEO0371,Consumer,2024-04-07T00:33:00,2024-04-11T10:24:19,0
C000874,qtownsend@example.org,Joshua,Donovan,GEO0647,Mid-Market,2025-08-04T11:54:04,2025-09-17T06:40:39,0
C000875,littlebeth@example.org,Daniel,Ho,GEO0471,Mid-Market,2024-07-05T06:22:06,2024-12-10T19:23:36,0
C000876,rodriguezjustin@example.org,Christopher,Snyder,GEO0669,Mid-Market,2025-03-27T05:32:09,2025-11-09T00:39:02,0
C000877,roberta36@example.org,Travis,Johnson,GEO0027,Consumer,2025-07-04T09:59:18,2025-07-31T11:43:11,0
C000878,tuckerconnie@example.org,Grace,Brooks,GEO0265,Consumer,2025-06-14T03:31:12,2025-09-01T19:58:21,0
C000879,cynthia72@example.org,Kent,Berger,GEO0209,Mid-Market,2025-04-10T17:53:24,2025-11-25T03:42:35,0
C000880,wilsonmatthew@example.com,Timothy,Mendez,GEO0397,Consumer,2024-12-12T11:09:15,2026-02-03T15:12:50,0
C000881,moorejudy@example.org,James,Johnson,GEO0199,SMB,2024-02-12T01:58:58,2025-06-17T21:45:48,0
C000882,holmeskathleen@example.org,Michelle,Wilson,GEO0456,Consumer,2025-08-28T16:05:42,2026-02-11T10:58:33,0
C000883,anthonytaylor@example.org,Jessica,Case,GEO0713,Mid-Market,2025-08-11T17:33:25,2026-02-20T17:41:12,0
C000884,joshua31@example.com,Jean,Pearson,GEO0108,Consumer,2024-11-24T14:48:12,2025-04-22T20:27:25,0
C000885,fmcgee@example.com,William,Ross,GEO0543,Consumer,2025-01-21T15:01:31,2025-03-15T10:35:30,0
C000886,johngonzalez@example.net,Juan,Long,GEO0250,SMB,2025-02-02T15:50:49,2025-06-29T21:44:03,0
C000887,gabriel37@example.com,Nicole,Henderson,GEO0736,Consumer,2024-02-12T02:19:57,2025-10-05T23:57:36,0
C000888,lisa91@example.net,Patrick,Gonzalez,GEO0043,Mid-Market,2024-06-26T10:47:03,2025-12-25T00:03:19,0
C000889,nathaniel17@example.org,Pamela,Rubio,GEO0281,SMB,2024-07-11T17:03:52,2025-09-28T23:32:33,0
C000890,brenda49@example.net,Stephanie,Moreno,GEO0421,Mid-Market,2024-07-01T11:43:44,2024-08-15T06:06:29,0
C000891,ljohnson@example.com,Ruben,Lopez,GEO0416,Consumer,2024-07-09T22:20:04,2025-02-02T15:13:36,0
C000892,charlessandoval@example.com,Dustin,Edwards,GEO0078,Consumer,2025-09-19T01:59:24,2025-11-10T22:07:59,0
C000893,floresalex@example.com,Jason,Bradley,GEO0577,Consumer,2024-01-05T21:52:58,2024-12-08T05:24:52,0
C000894,rachel81@example.com,Justin,Lewis,GEO0006,SMB,2025-01-15T01:09:09,2025-11-17T07:39:42,0
C000895,dakotaramirez@example.net,Sophia,Aguirre,GEO0562,Mid-Market,2025-03-08T18:45:55,2026-01-22T09:13:56,0
C000896,berrydebbie@example.net,Katelyn,Stewart,GEO0220,SMB,2026-01-24T13:44:00,2026-02-19T13:24:17,0
C000897,james07@example.com,Brandon,Hill,GEO0331,SMB,2024-07-13T08:38:00,2025-08-21T01:44:49,0
C000898,martinezgeorge@example.com,Brittany,Young,GEO0454,Mid-Market,2024-05-11T22:14:04,2026-02-22T03:07:10,0
C000899,mitchelldawn@example.net,Vanessa,Buck,GEO0657,Consumer,2025-05-15T05:34:20,2025-08-08T23:16:43,0
C000900,david60@example.net,Samantha,Williams,GEO0687,SMB,2025-12-12T09:34:18,2026-01-17T18:16:06,0
C000901,jonescody@example.com,Jennifer,Hill,GEO0596,SMB,2024-05-02T06:05:35,2025-09-23T06:08:33,0
C000902,richard85@example.com,Cheryl,Long,GEO0691,SMB,2025-04-25T03:07:14,2025-05-14T12:11:05,0
C000903,psnyder@example.org,Megan,Pace,GEO0551,Consumer,2025-12-11T07:27:39,2026-01-27T14:47:09,0
C000904,johnsonbrandon@example.org,Dominic,Holder,GEO0454,Consumer,2025-09-03T21:59:32,2025-10-21T06:46:20,0
C000905,fperez@example.org,Jennifer,Burnett,GEO0011,Consumer,2025-08-05T04:21:55,2025-10-08T05:22:29,0
C000906,villamiranda@example.com,Nicole,Williams,GEO0108,Consumer,2025-10-21T12:24:09,2026-01-03T16:04:14,0
C000907,valentinecharles@example.com,Hailey,Conner,GEO0485,Consumer,2025-10-04T10:42:46,2026-01-24T00:55:28,0
C000908,knelson@example.org,Brandy,Wilson,GEO0452,Mid-Market,2024-09-08T16:18:35,2025-02-19T04:35:20,0
C000909,michelle96@example.net,Sean,Martinez,GEO0738,Mid-Market,2024-04-24T02:26:33,2025-10-23T00:39:46,0
C000910,beckystanley@example.com,Marc,Simon,GEO0010,SMB,2026-01-11T11:02:09,2026-01-17T21:14:00,0
C000911,christophermiranda@example.net,Christopher,Hansen,GEO0041,Mid-Market,2024-01-04T01:52:24,2026-03-01T18:07:54,0
C000912,donnamoss@example.org,Heather,Jones,GEO0623,Mid-Market,2026-02-19T01:36:34,2026-02-20T00:41:52,0
C000913,abrown@example.net,Jason,Cardenas,GEO0260,Mid-Market,2025-05-02T20:24:18,2025-11-16T14:58:47,0
C000914,tonypeterson@example.net,Kathleen,Palmer,GEO0063,SMB,2025-11-30T19:16:22,2026-02-19T14:30:58,0
C000915,kathleen47@example.net,Eric,Wagner,GEO0593,SMB,2024-06-05T17:56:23,2025-01-20T04:18:40,0
C000916,jefferycox@example.com,Miranda,Palmer,GEO0667,SMB,2024-06-27T08:56:10,2025-07-08T23:01:27,0
C000917,rlopez@example.com,Frank,Parker,GEO0757,Consumer,2024-11-03T01:29:26,2025-11-01T17:54:14,0
C000918,thomasnancy@example.net,Daniel,Smith,GEO0130,Mid-Market,2024-05-08T11:13:25,2025-07-13T13:29:46,0
C000919,blopez@example.com,Dorothy,Chavez,GEO0758,SMB,2025-03-30T14:23:21,2025-09-12T21:25:08,0
C000920,david81@example.com,Ryan,Hernandez,GEO0389,Consumer,2025-06-26T07:13:45,2025-08-13T18:12:55,0
C000921,dromero@example.com,Joseph,Davis,GEO0498,Mid-Market,2025-11-06T11:57:29,2026-01-15T13:23:41,0
C000922,bdennis@example.org,Kelly,Powell,GEO0265,SMB,2024-08-06T04:30:06,2026-02-12T20:28:19,0
C000923,alyssa78@example.com,Daniel,Williams,GEO0647,SMB,2025-09-30T01:12:13,2025-12-25T17:56:10,0
C000924,susanrobinson@example.org,Patty,Johnston,GEO0422,Mid-Market,2025-01-28T13:11:28,2025-02-09T22:13:24,0
C000925,camerongarcia@example.org,Nicole,Lyons,GEO0181,Consumer,2025-11-14T08:47:43,2026-01-25T04:41:25,0
C000926,gmyers@example.org,Jessica,Suarez,GEO0283,Consumer,2024-07-21T13:20:29,2025-03-29T23:08:48,0
C000927,tyler23@example.com,Dana,Mccarthy,GEO0487,SMB,2025-05-13T19:59:48,2026-02-08T23:40:56,0
C000928,jessica12@example.net,Rebecca,Howell,GEO0456,Consumer,2025-11-23T02:05:01,2025-11-24T01:21:54,0
C000929,melissa32@example.com,Erin,Jackson,GEO0237,SMB,2024-11-16T06:47:09,2025-03-05T09:53:04,0
C000930,rachel20@example.net,Thomas,Cook,GEO0132,SMB,2025-09-30T18:57:53,2026-01-22T15:21:45,0
C000931,terriibarra@example.org,Erin,Castaneda,GEO0093,SMB,2024-10-23T03:51:35,2025-01-12T04:10:26,0
C000932,tara90@example.com,Morgan,Kennedy,GEO0037,Mid-Market,2025-06-29T13:10:35,2025-11-17T20:30:44,0
C000933,fuentesashley@example.com,Mary,Fox,GEO0434,Consumer,2025-12-07T03:42:09,2026-02-01T03:48:02,0
C000934,karirowe@example.org,Kevin,Fitzgerald,GEO0709,SMB,2025-01-25T12:30:10,2026-02-21T00:37:44,0
C000935,whenry@example.net,Jonathan,Tucker,GEO0554,SMB,2025-01-06T18:36:11,2025-08-23T00:31:42,0
C000936,stephen54@example.net,Matthew,Holmes,GEO0096,SMB,2024-12-18T02:56:23,2025-01-22T05:08:39,0
C000937,rrodriguez@example.net,Jessica,Smith,GEO0525,SMB,2025-11-24T04:07:59,2026-02-17T06:40:20,0
C000938,qchase@example.org,Michael,Johnson,GEO0020,Consumer,2025-12-29T11:38:51,2026-01-29T00:39:57,0
C000939,vhoward@example.org,James,Blevins,GEO0632,Consumer,2025-03-03T11:54:16,2025-06-09T16:17:33,0
C000940,sheppardnatalie@example.net,Amy,Gaines,GEO0192,SMB,2024-01-25T10:57:10,2024-03-18T20:15:44,0
C000941,josephshelton@example.com,Peter,Butler,GEO0345,SMB,2024-09-26T13:21:02,2025-07-02T23:48:42,0
C000942,kyle09@example.net,Jacqueline,Flowers,GEO0412,Consumer,2025-11-06T10:35:02,2025-11-22T19:00:47,0
C000943,hamiltonspencer@example.com,Keith,Montes,GEO0412,SMB,2024-01-20T12:12:57,2025-05-15T12:24:02,0
C000944,jho@example.com,Erin,Mills,GEO0732,SMB,2025-11-19T22:24:21,2026-01-04T16:54:50,0
C000945,cindy24@example.com,Keith,Marsh,GEO0040,Mid-Market,2025-02-20T10:08:22,2026-02-23T08:35:12,0
C000946,chavezjeff@example.net,David,Freeman,GEO0395,SMB,2024-10-15T02:58:28,2026-01-28T21:05:51,0
C000947,jordandonna@example.org,Brendan,Taylor,GEO0635,Mid-Market,2024-11-22T03:01:51,2025-01-26T03:15:04,0
C000948,kristen88@example.org,Stephanie,Reeves,GEO0172,Consumer,2025-01-17T04:36:51,2025-05-18T02:55:04,0
C000949,wendygonzalez@example.net,Samantha,Carter,GEO0431,Consumer,2026-01-10T23:51:21,2026-02-18T02:09:37,0
C000950,kennedymichael@example.net,Dana,Henderson,GEO0262,Mid-Market,2025-04-16T10:50:42,2025-06-09T19:07:03,0
C000951,orozcosamantha@example.net,Lance,Elliott,GEO0305,Consumer,2024-05-22T23:59:05,2024-11-28T02:45:05,0
C000952,linda23@example.com,Derek,Spencer,GEO0044,Mid-Market,2025-03-19T07:13:03,2025-04-28T12:20:40,0
C000953,kevin49@example.net,Steven,White,GEO0786,SMB,2024-07-16T06:45:31,2025-01-22T15:18:46,0
C000954,hdavis@example.com,Heather,Gordon,GEO0259,Consumer,2025-08-29T14:11:32,2025-08-30T02:11:12,0
C000955,taylor67@example.com,Suzanne,Murray,GEO0088,Mid-Market,2024-05-27T18:12:44,2024-09-30T22:48:04,0
C000956,bernardrobert@example.org,Christina,Turner,GEO0752,SMB,2024-07-10T07:10:25,2025-05-09T19:26:32,0
C000957,bettywatson@example.net,Amy,Cunningham,GEO0507,Consumer,2024-10-19T13:16:52,2025-04-13T23:15:33,0
C000958,brian62@example.com,Elizabeth,Ford,GEO0221,Mid-Market,2025-11-01T08:18:48,2025-11-21T02:03:04,0
C000959,fcombs@example.org,Joseph,Andersen,GEO0656,Mid-Market,2024-12-18T01:39:48,2026-02-09T13:05:43,0
C000960,cookconnor@example.com,Ariana,Vaughn,GEO0331,SMB,2026-01-03T00:47:43,2026-01-08T10:37:49,0
C000961,martinezbrenda@example.net,Jodi,Brown,GEO0064,Mid-Market,2025-01-05T21:38:43,2025-02-07T18:16:46,0
C000962,zacharyhart@example.com,Derek,Jacobson,GEO0526,SMB,2024-11-22T11:47:51,2025-07-25T11:31:19,0
C000963,kevincollins@example.org,Linda,Hanson,GEO0540,SMB,2025-05-15T17:47:12,2025-09-08T18:10:02,0
C000964,dannysmith@example.net,Nichole,Meyer,GEO0705,SMB,2024-12-27T14:56:29,2025-06-11T12:29:55,0
C000965,jameswells@example.net,Scott,Brown,GEO0395,SMB,2025-04-20T04:09:47,2025-11-03T13:01:55,0
C000966,evanstimothy@example.org,Lori,Skinner,GEO0224,SMB,2024-11-20T20:09:25,2025-05-26T00:27:50,0
C000967,lorraine79@example.org,Ryan,Fields,GEO0712,Consumer,2025-11-08T04:37:11,2025-12-05T03:01:25,0
C000968,donaldgarner@example.org,George,Harmon,GEO0180,SMB,2024-06-02T10:12:01,2025-10-24T12:10:19,0
C000969,thomasroberts@example.net,Craig,Chapman,GEO0273,SMB,2025-07-16T07:12:31,2025-12-18T23:31:27,0
C000970,elizabeth66@example.net,Lauren,Marshall,GEO0647,SMB,2024-06-12T21:03:22,2024-09-28T02:20:45,0
C000971,shernandez@example.com,David,Price,GEO0533,SMB,2025-09-14T04:15:33,2026-01-18T06:26:31,0
C000972,austin97@example.org,Rebecca,Kelly,GEO0589,Mid-Market,2024-11-11T05:21:40,2025-04-19T21:39:27,0
C000973,taylorsharp@example.com,Albert,Moore,GEO0345,Mid-Market,2024-05-04T04:33:18,2025-04-18T23:23:51,0
C000974,michaelmccarthy@example.com,William,Thompson,GEO0754,SMB,2024-05-11T18:30:04,2024-05-29T14:23:26,0
C000975,michaelball@example.com,Stephen,Trevino,GEO0713,SMB,2024-08-02T22:14:58,2025-06-18T20:58:57,1
C000976,joshuafarmer@example.com,Sandra,Jones,GEO0212,SMB,2025-05-02T17:21:36,2025-10-18T22:12:57,0
C000977,ebennett@example.net,Donna,Johnston,GEO0372,Mid-Market,2024-11-25T18:58:14,2025-11-22T18:39:15,0
C000978,david59@example.net,Michael,Williamson,GEO0509,SMB,2024-09-12T18:30:56,2024-10-01T10:32:56,0
C000979,bjones@example.net,Erik,Davis,GEO0483,Consumer,2025-01-28T19:20:05,2025-10-25T15:29:38,0
C000980,portererin@example.com,Kathleen,Zavala,GEO0514,SMB,2026-01-15T02:28:24,2026-01-27T08:45:09,0
C000981,danielgilmore@example.net,Patricia,Campos,GEO0688,SMB,2024-03-01T07:14:40,2024-03-04T10:22:52,0
C000982,dnielsen@example.net,John,Johnson,GEO0606,Mid-Market,2025-05-09T04:50:17,2025-10-19T15:20:38,0
C000983,alexandernicholas@example.net,Mary,Mclean,GEO0344,Consumer,2025-07-03T20:12:59,2025-12-02T19:07:18,0
C000984,daniel76@example.org,Vanessa,Berry,GEO0541,Mid-Market,2024-03-03T06:33:51,2025-08-01T09:15:50,0
C000985,jameshenry@example.net,Justin,Harris,GEO0748,Mid-Market,2025-03-09T00:19:16,2025-06-21T04:18:01,0
C000986,ryanrice@example.org,Christopher,Johnson,GEO0555,Mid-Market,2025-10-29T13:05:23,2025-12-27T04:28:40,0
C000987,harrislisa@example.org,Michael,Russell,GEO0648,Consumer,2025-07-22T19:28:48,2025-10-10T03:59:17,0
C000988,petersonfaith@example.net,Dawn,Crawford,GEO0151,Consumer,2024-10-09T22:38:29,2025-03-03T05:37:08,0
C000989,ashleywells@example.com,Michael,Yoder,GEO0720,Consumer,2024-01-18T01:55:20,2025-08-05T15:23:09,0
C000990,lauriegonzales@example.net,Nicholas,Jones,GEO0256,SMB,2026-01-07T17:01:40,2026-02-03T20:20:25,0
C000991,martinezzachary@example.org,David,Hall,GEO0398,Mid-Market,2024-11-30T01:41:18,2025-05-14T18:48:36,0
C000992,andrew44@example.com,Jacqueline,Jones,GEO0375,Consumer,2025-06-07T23:45:45,2025-08-13T15:04:59,0
C000993,tammyjones@example.net,John,Holmes,GEO0557,Consumer,2024-05-23T03:33:10,2025-01-18T02:48:23,1
C000994,reginald08@example.net,Patricia,Aguilar,GEO0015,SMB,2024-12-31T02:26:21,2026-01-19T02:31:25,0
C000995,denise05@example.com,Jose,Cook,GEO0797,Mid-Market,2024-03-04T13:41:50,2025-04-13T22:09:35,0
C000996,tayloramy@example.net,Mark,Todd,GEO0555,Consumer,2024-04-01T14:10:07,2024-12-24T07:15:03,0
C000997,youngcharles@example.net,Rebecca,Warner,GEO0373,Mid-Market,2025-11-30T00:03:41,2026-02-27T07:30:02,0
C000998,reedchad@example.com,Carly,Salazar,GEO0315,Consumer,2024-08-12T04:55:08,2026-01-06T10:20:24,0
C000999,claytimothy@example.org,Joseph,Williams,GEO0366,Mid-Market,2025-10-11T12:01:32,2025-12-24T15:01:42,0
C001000,crawfordjeffrey@example.com,Ryan,Turner,GEO0015,SMB,2025-12-14T17:04:02,2026-01-08T18:02:13,0
C001001,andrewbrown@example.org,Amanda,Dalton,GEO0784,SMB,2025-08-19T00:22:44,2025-09-08T18:56:23,0
C001002,tranbrett@example.com,Heather,Jordan,GEO0314,SMB,2024-06-17T06:09:34,2024-06-24T20:47:39,0
C001003,hdunn@example.com,David,Gilbert,GEO0142,Mid-Market,2024-09-29T11:32:24,2025-03-11T06:48:38,0
C001004,michael56@example.org,John,Davis,GEO0665,Consumer,2024-12-08T10:57:16,2025-06-27T03:41:18,0
C001005,perezjulie@example.net,Ashley,Ritter,GEO0211,SMB,2024-01-30T19:41:42,2025-07-07T12:13:11,0
C001006,marksjohn@example.org,Chase,Martinez,GEO0632,SMB,2024-02-12T03:47:59,2024-09-09T06:48:36,0
C001007,justinedwards@example.net,Diana,Sanchez,GEO0246,SMB,2026-02-04T22:43:13,2026-02-22T09:23:29,0
C001008,david67@example.net,David,Jones,GEO0585,Mid-Market,2025-10-25T07:36:56,2025-12-28T06:32:01,0
C001009,shawna37@example.net,Jill,Kelly,GEO0230,Consumer,2024-01-13T05:55:21,2024-08-11T15:46:24,0
C001010,scottturner@example.com,Kimberly,Carter,GEO0276,SMB,2024-12-01T12:38:48,2025-02-23T15:30:35,0
C001011,alisonadams@example.net,Amber,Garcia,GEO0693,Mid-Market,2024-10-19T07:04:39,2024-12-12T00:54:01,0
C001012,rachel97@example.com,Christian,Barr,GEO0141,Consumer,2024-02-21T08:59:00,2024-12-27T14:24:46,0
C001013,kevintran@example.org,Nathan,Velasquez,GEO0480,Consumer,2024-06-12T01:23:13,2024-12-24T13:47:56,0
C001014,barryyoung@example.com,Debra,Chavez,GEO0124,SMB,2024-03-18T13:41:01,2025-01-16T01:57:07,0
C001015,smithmary@example.com,Joshua,Cruz,GEO0335,SMB,2024-05-25T14:59:59,2024-12-20T03:58:40,0
C001016,brownmelissa@example.com,Tyler,Roy,GEO0209,Consumer,2025-11-29T15:11:00,2025-12-13T02:46:15,0
C001017,owallace@example.org,Nicolas,Keller,GEO0772,Mid-Market,2025-08-16T17:17:17,2025-08-21T22:36:30,0
C001018,guerreroanthony@example.com,Sharon,Kent,GEO0443,Mid-Market,2026-01-18T04:13:04,2026-02-12T21:24:01,0
C001019,sandra49@example.org,Katherine,Peterson,GEO0785,SMB,2025-05-24T14:26:11,2025-05-30T18:57:02,0
C001020,yglenn@example.net,Sarah,Goodwin,GEO0664,SMB,2024-03-05T22:18:46,2025-07-08T06:51:17,0
C001021,transtephanie@example.net,Karl,Ritter,GEO0539,SMB,2025-11-18T06:15:44,2026-01-14T00:41:02,0
C001022,ucoleman@example.net,Kayla,Green,GEO0340,SMB,2025-07-30T17:44:31,2026-02-17T07:45:54,0
C001023,pmcdonald@example.org,Rebecca,Campbell,GEO0143,SMB,2024-02-18T11:05:38,2025-02-28T14:52:30,0
C001024,christopher38@example.com,Matthew,Foster,GEO0427,SMB,2024-06-16T21:57:23,2026-01-01T17:09:20,0
C001025,michael49@example.org,David,Carroll,GEO0323,SMB,2025-10-16T13:11:37,2026-01-26T11:29:22,0
C001026,mary27@example.com,Andre,Smith,GEO0148,Consumer,2024-10-26T21:48:56,2025-07-06T21:34:26,0
C001027,churchtimothy@example.net,Jeffery,Brown,GEO0768,Consumer,2025-03-18T19:16:56,2025-05-27T10:59:22,0
C001028,hillcheryl@example.com,Stephanie,Alexander,GEO0159,SMB,2025-04-22T17:55:43,2025-07-15T01:21:32,0
C001029,katie44@example.com,David,Mccoy,GEO0042,Consumer,2025-10-02T19:21:34,2025-11-11T18:08:52,0
C001030,monicadouglas@example.org,Danny,Johnson,GEO0181,Mid-Market,2024-07-29T12:05:52,2025-10-01T03:32:34,0
C001031,criley@example.net,Jennifer,Brown,GEO0706,Consumer,2025-06-16T18:00:16,2025-09-08T23:14:43,0
C001032,theresa05@example.net,Jennifer,Burke,GEO0033,SMB,2024-12-08T03:20:46,2026-02-09T11:35:59,0
C001033,daniel87@example.org,William,Young,GEO0774,Mid-Market,2025-06-19T12:14:36,2025-12-15T23:26:44,0
C001034,ashley61@example.net,Ronald,Campbell,GEO0253,Consumer,2024-04-18T20:41:29,2024-09-24T22:57:48,0
C001035,nguyenkristin@example.com,Theresa,Merritt,GEO0476,Consumer,2026-01-03T16:51:06,2026-02-03T04:58:04,0
C001036,thomas49@example.org,Ethan,Williams,GEO0630,Consumer,2024-11-09T12:19:52,2025-02-24T17:40:06,0
C001037,rhondajohnson@example.net,Jason,Edwards,GEO0673,Consumer,2024-07-14T00:01:18,2024-11-14T06:11:52,0
C001038,shelby69@example.org,Diane,Hernandez,GEO0454,Consumer,2025-11-27T02:16:28,2025-12-12T13:22:42,0
C001039,friedmansusan@example.org,Ariana,Cuevas,GEO0304,Mid-Market,2024-01-11T19:19:21,2025-02-11T11:13:19,0
C001040,hryan@example.net,Lauren,Lawson,GEO0413,Mid-Market,2025-09-26T15:40:39,2026-02-24T01:43:31,0
C001041,mstewart@example.net,Kelly,Sanchez,GEO0049,SMB,2025-05-26T11:01:16,2026-01-23T12:48:34,0
C001042,laurenmadden@example.org,Stephen,Goodman,GEO0362,SMB,2024-04-10T22:37:39,2025-04-04T21:31:01,0
C001043,steelesean@example.com,Michael,Bell,GEO0459,SMB,2024-02-09T02:30:16,2025-08-18T02:05:15,0
C001044,melendezdenise@example.net,Jerry,Hartman,GEO0417,Mid-Market,2026-01-02T03:29:24,2026-02-18T10:15:38,0
C001045,ashleyserrano@example.org,Sara,Sanchez,GEO0127,SMB,2024-02-05T09:35:49,2026-01-25T14:13:39,0
C001046,qcraig@example.org,Catherine,Flynn,GEO0460,Consumer,2024-04-07T21:08:37,2026-02-27T00:59:32,0
C001047,lee16@example.com,William,Hernandez,GEO0031,Mid-Market,2024-03-11T05:29:17,2026-02-22T18:24:51,0
C001048,xchen@example.org,Rachel,Walter,GEO0214,Mid-Market,2025-07-02T23:03:16,2025-11-28T03:44:33,0
C001049,jacksonrobert@example.net,Jennifer,Harrison,GEO0261,SMB,2024-06-27T09:54:10,2024-08-06T09:38:21,0
C001050,martinezaustin@example.com,Andrew,Jackson,GEO0521,Mid-Market,2024-04-22T04:53:04,2024-11-11T15:31:15,0
C001051,andersonmichelle@example.com,Rebecca,Gomez,GEO0445,Mid-Market,2025-01-31T20:57:11,2025-08-11T01:19:11,0
C001052,pterry@example.net,Kelly,Rogers,GEO0599,Mid-Market,2024-12-14T18:54:31,2025-04-10T22:28:51,0
C001053,brittany91@example.net,Brandon,Rodgers,GEO0688,Consumer,2024-04-28T05:08:08,2026-01-07T18:01:28,0
C001054,stephanie67@example.net,Mary,Roberts,GEO0520,Mid-Market,2025-01-10T13:01:45,2025-10-05T22:23:40,0
C001055,ugraves@example.org,Jennifer,Lawrence,GEO0624,SMB,2024-04-18T15:02:17,2025-07-08T17:44:27,0
C001056,hernandezalan@example.net,Mitchell,Banks,GEO0050,Consumer,2024-03-07T08:56:42,2025-03-08T15:25:32,0
C001057,lflores@example.net,Jennifer,Ramirez,GEO0140,Consumer,2024-09-06T03:01:10,2024-12-03T18:11:42,0
C001058,halltrevor@example.org,Anne,Merritt,GEO0013,Mid-Market,2025-04-01T17:23:35,2025-08-13T15:04:50,0
C001059,ymitchell@example.com,Katherine,Mckay,GEO0656,Mid-Market,2024-07-08T13:07:35,2024-08-17T07:12:09,0
C001060,cervantesjessica@example.net,Jason,Stone,GEO0624,Mid-Market,2024-05-16T22:25:00,2025-05-31T01:32:50,0
C001061,cory42@example.org,Keith,Tucker,GEO0163,Mid-Market,2024-04-25T21:17:37,2025-10-20T00:19:56,0
C001062,nicoleroberts@example.com,Vanessa,Molina,GEO0741,SMB,2024-05-20T07:55:30,2024-12-24T06:42:30,0
C001063,elizabeththomas@example.org,Andrea,Romero,GEO0156,Consumer,2025-05-05T03:11:24,2026-02-12T20:40:34,0
C001064,anthonyorr@example.net,Amanda,Lee,GEO0479,Consumer,2024-03-13T21:08:54,2025-08-17T04:55:48,0
C001065,bwall@example.com,James,Mcmahon,GEO0361,Mid-Market,2025-05-04T02:36:10,2025-09-07T20:48:26,0
C001066,hdennis@example.org,Mariah,Phillips,GEO0205,SMB,2025-10-02T07:52:16,2026-01-14T01:48:27,0
C001067,moransamantha@example.org,Sean,Reynolds,GEO0611,SMB,2024-11-24T00:12:42,2025-11-30T11:25:28,0
C001068,christopher24@example.net,Elizabeth,Schmitt,GEO0729,Mid-Market,2024-08-18T04:30:39,2026-01-21T13:41:55,0
C001069,garnerjeffrey@example.org,Mark,Hunter,GEO0229,Consumer,2025-10-12T07:38:33,2025-12-24T15:49:04,0
C001070,shawn81@example.net,Hailey,Mcclain,GEO0269,Consumer,2025-09-06T13:04:35,2025-09-27T22:57:49,0
C001071,hamiltonsarah@example.net,Lonnie,Skinner,GEO0295,Consumer,2025-10-18T11:17:25,2025-12-28T14:41:51,0
C001072,averycourtney@example.org,Derrick,Bennett,GEO0597,SMB,2024-12-15T17:38:20,2025-05-21T15:32:31,0
C001073,emilybaker@example.org,Todd,Lopez,GEO0777,Mid-Market,2026-02-14T18:44:35,2026-02-18T15:21:05,0
C001074,mcampbell@example.net,Nancy,Tapia,GEO0177,SMB,2025-05-16T17:33:39,2025-06-17T08:40:17,0
C001075,aaronjones@example.net,Cheryl,Mckinney,GEO0264,SMB,2024-10-04T19:32:14,2025-08-20T10:58:15,0
C001076,barnesjose@example.com,Crystal,Young,GEO0685,SMB,2024-07-14T09:12:52,2025-06-22T16:43:26,0
C001077,todd24@example.org,Nancy,Contreras,GEO0344,Mid-Market,2024-09-27T13:42:42,2025-04-07T19:56:50,0
C001078,zrobles@example.net,Michael,Castillo,GEO0140,Mid-Market,2026-02-27T09:12:43,2026-03-01T11:45:34,0
C001079,robinsonsydney@example.com,Robert,West,GEO0164,Consumer,2024-11-24T14:37:33,2025-02-20T03:46:46,0
C001080,elainewilson@example.com,Stephanie,Guerrero,GEO0671,Mid-Market,2024-10-25T07:13:38,2025-12-03T20:53:21,0
C001081,heidi27@example.com,Carolyn,Mcdaniel,GEO0465,SMB,2025-10-25T11:15:25,2026-02-25T22:17:59,0
C001082,carterwilliam@example.com,Bruce,Ingram,GEO0374,Mid-Market,2025-04-15T10:09:16,2026-02-19T02:16:07,0
C001083,emily66@example.com,Ronald,Green,GEO0166,Mid-Market,2025-01-20T12:00:04,2025-04-26T08:59:31,0
C001084,adamsjessica@example.com,Daisy,Williams,GEO0459,Mid-Market,2025-07-17T08:32:36,2025-11-01T06:17:03,0
C001085,kortiz@example.org,Amanda,Chan,GEO0099,SMB,2025-10-05T19:06:30,2026-01-24T12:20:07,0
C001086,gouldchristina@example.com,David,Fernandez,GEO0365,Consumer,2024-07-04T11:48:51,2024-08-28T01:54:04,0
C001087,langchristopher@example.net,Mathew,Gomez,GEO0627,Mid-Market,2024-04-20T17:17:08,2024-07-27T23:43:27,0
C001088,penaapril@example.com,Amanda,Galloway,GEO0483,Mid-Market,2024-02-10T18:03:00,2024-06-03T10:39:46,0
C001089,oheath@example.com,Laurie,Lozano,GEO0239,SMB,2024-10-18T07:14:14,2025-08-30T19:36:48,0
C001090,robert83@example.org,Barry,Smith,GEO0551,SMB,2025-07-19T07:09:01,2025-12-07T18:20:48,0
C001091,masonlacey@example.org,Eric,Turner,GEO0233,SMB,2024-06-24T06:34:39,2024-07-11T05:05:36,0
C001092,crystalwatts@example.org,Joseph,Martinez,GEO0463,SMB,2025-09-20T15:07:06,2025-11-22T13:14:15,0
C001093,irios@example.net,Nancy,Atkins,GEO0442,Consumer,2025-09-16T05:58:14,2025-11-26T03:00:15,0
C001094,jonesjennifer@example.net,Robert,Smith,GEO0353,SMB,2024-11-11T18:55:38,2026-01-19T12:28:13,0
C001095,codychapman@example.com,James,Obrien,GEO0051,Consumer,2024-04-12T13:45:28,2025-07-09T04:47:56,0
C001096,kristen68@example.net,Andrew,Hill,GEO0306,SMB,2025-09-21T00:34:48,2025-11-29T06:56:43,0
C001097,corycosta@example.net,Thomas,Carter,GEO0098,Mid-Market,2025-03-23T10:20:01,2025-12-03T16:39:24,0
C001098,walkerrichard@example.com,Timothy,Velez,GEO0402,Mid-Market,2025-03-28T06:23:09,2025-05-06T19:53:44,0
C001099,patrickkaiser@example.net,Phillip,Watson,GEO0225,Consumer,2025-01-21T12:13:13,2025-06-30T11:25:17,0
C001100,chavezbecky@example.org,Ray,Hall,GEO0707,SMB,2026-01-02T07:24:38,2026-02-27T15:01:43,0
C001101,thomas14@example.com,Douglas,Soto,GEO0775,Consumer,2025-07-30T20:44:04,2025-11-22T22:51:01,0
C001102,davisgary@example.com,Brittney,Miller,GEO0666,SMB,2025-08-08T11:24:01,2025-12-11T13:46:28,0
C001103,ejensen@example.net,Jennifer,Knight,GEO0373,Consumer,2025-03-10T13:16:22,2025-07-05T08:23:58,0
C001104,briansnyder@example.com,Larry,Morgan,GEO0728,Consumer,2025-05-05T05:14:54,2026-02-28T20:33:38,0
C001105,benjaminbarker@example.net,Richard,Smith,GEO0457,Consumer,2024-07-19T12:23:03,2025-03-10T02:45:58,0
C001106,karinorton@example.net,Vincent,Chung,GEO0516,Mid-Market,2024-04-04T22:35:03,2024-12-16T02:33:59,0
C001107,marcfletcher@example.net,Angela,Singh,GEO0739,Consumer,2025-04-08T09:09:54,2025-11-17T08:55:58,0
C001108,morseronald@example.org,Nicholas,Sherman,GEO0755,SMB,2024-08-22T09:10:33,2024-10-29T07:55:05,0
C001109,aprilmartinez@example.org,Samuel,Stanton,GEO0052,Mid-Market,2024-02-23T20:50:50,2024-08-21T09:35:30,0
C001110,mccluretyler@example.net,Linda,Freeman,GEO0271,Consumer,2025-03-09T07:01:51,2025-06-17T19:45:04,0
C001111,sross@example.org,Ryan,Phillips,GEO0144,SMB,2024-04-13T05:34:07,2025-07-30T17:48:23,0
C001112,alexandra95@example.net,Debra,Thomas,GEO0709,Consumer,2024-07-02T17:59:11,2025-03-10T00:20:54,0
C001113,leahcrane@example.com,April,King,GEO0755,SMB,2026-02-23T16:52:01,2026-02-27T16:57:03,0
C001114,vclark@example.net,Jennifer,Phelps,GEO0715,Consumer,2024-05-18T01:30:09,2024-09-30T07:55:38,0
C001115,frankespinoza@example.com,Alejandro,Butler,GEO0133,Mid-Market,2025-01-11T08:29:15,2025-08-31T05:45:07,0
C001116,thomasholder@example.org,Larry,Lopez,GEO0033,Consumer,2024-09-11T20:38:48,2024-10-24T02:24:08,0
C001117,medinamark@example.org,Colleen,Wheeler,GEO0405,SMB,2024-10-21T16:51:31,2025-10-02T12:35:34,0
C001118,bellangie@example.org,Michael,Smith,GEO0151,Mid-Market,2025-02-17T14:41:33,2025-08-17T19:36:45,0
C001119,joshuahoover@example.com,Breanna,Torres,GEO0640,SMB,2026-02-06T08:33:59,2026-02-19T05:32:54,0
C001120,jvilla@example.net,Darlene,Harris,GEO0090,Consumer,2024-05-09T06:04:38,2025-05-20T09:07:38,0
C001121,dakotarobinson@example.org,Jose,Garcia,GEO0670,SMB,2025-02-26T12:19:23,2025-03-10T10:31:12,0
C001122,xrivera@example.net,Cassandra,Levy,GEO0210,Consumer,2024-01-17T13:49:40,2026-02-23T04:28:55,0
C001123,aclark@example.org,Veronica,Davis,GEO0485,Mid-Market,2026-02-15T04:41:50,2026-02-19T12:15:09,0
C001124,douglasalvarez@example.org,Marcus,Huang,GEO0297,SMB,2024-08-20T08:31:25,2025-12-10T22:29:23,0
C001125,taylorlindsay@example.com,Elizabeth,Murphy,GEO0752,SMB,2024-07-28T04:26:03,2025-04-05T04:57:40,0
C001126,allenphillip@example.com,Jasmin,Kelly,GEO0529,SMB,2024-04-13T11:03:22,2025-08-02T12:56:41,0
C001127,alyssa93@example.org,Sonia,Bass,GEO0260,Consumer,2025-03-19T19:18:22,2025-12-06T17:30:02,0
C001128,marycastro@example.com,Heather,King,GEO0323,Consumer,2025-05-05T11:21:12,2025-10-10T16:10:00,0
C001129,grantryan@example.com,Gregory,Cline,GEO0384,Mid-Market,2024-05-29T22:35:17,2024-07-29T00:32:13,0
C001130,wtownsend@example.net,Roger,Jensen,GEO0682,SMB,2025-06-17T00:28:25,2025-12-05T19:29:22,0
C001131,patrickwhite@example.net,Wendy,Gonzalez,GEO0172,SMB,2024-11-30T11:03:51,2025-08-21T18:07:56,0
C001132,alicia09@example.com,Mark,Bartlett,GEO0798,SMB,2026-02-15T13:48:32,2026-02-15T21:49:35,0
C001133,wesley09@example.com,Arthur,Hill,GEO0396,Mid-Market,2026-02-05T16:04:09,2026-02-17T10:42:45,0
C001134,ssanders@example.net,Johnny,Garrett,GEO0600,Mid-Market,2026-01-19T20:17:09,2026-01-28T06:05:39,0
C001135,roysara@example.net,Crystal,Henry,GEO0716,SMB,2024-10-09T07:02:02,2025-03-13T00:08:12,0
C001136,pbrady@example.net,Lindsey,Johnson,GEO0369,Consumer,2025-08-05T13:51:52,2025-09-12T13:35:36,0
C001137,salazarjennifer@example.net,Jill,Pitts,GEO0758,Consumer,2024-08-03T02:10:54,2024-09-10T08:46:30,0
C001138,christopherflowers@example.org,Brian,Walsh,GEO0683,Consumer,2024-03-08T14:58:10,2026-01-25T15:07:05,0
C001139,edwardsmichaela@example.com,Tonya,Lee,GEO0735,SMB,2025-04-15T19:46:23,2025-12-11T08:36:35,0
C001140,cookemily@example.com,Rachael,Jackson,GEO0058,SMB,2026-01-29T20:42:20,2026-02-07T21:43:53,0
C001141,zachary66@example.net,Elizabeth,Brown,GEO0182,Mid-Market,2025-08-26T21:17:51,2026-01-25T07:14:52,0
C001142,jessicamiller@example.com,Bradley,Franklin,GEO0617,SMB,2025-03-20T08:21:32,2025-08-20T15:46:25,0
C001143,vthompson@example.org,Larry,Castro,GEO0731,SMB,2025-08-28T08:06:52,2025-10-04T17:14:54,0
C001144,petersonashley@example.net,Christopher,Conrad,GEO0498,Consumer,2024-08-12T14:57:09,2024-11-20T22:34:32,0
C001145,wilsonchristopher@example.net,Christopher,Stewart,GEO0644,Mid-Market,2025-02-26T12:26:36,2025-08-14T09:05:15,0
C001146,wangkristina@example.org,Dana,Stevens,GEO0282,SMB,2025-09-30T21:04:49,2025-12-19T01:27:25,0
C001147,kylebecker@example.org,Julie,Rojas,GEO0759,Consumer,2025-03-18T13:30:01,2025-09-04T11:07:19,0
C001148,brian42@example.com,Donald,Stewart,GEO0780,SMB,2025-05-13T12:37:13,2025-12-06T13:54:15,0
C001149,marynelson@example.org,Gregory,Phillips,GEO0271,Mid-Market,2024-09-06T05:21:10,2025-08-06T18:24:54,0
C001150,fbaker@example.com,Beth,Bailey,GEO0565,Consumer,2024-04-13T02:50:47,2024-04-21T04:34:27,0
C001151,rgallegos@example.org,Benjamin,Davenport,GEO0247,Mid-Market,2024-04-04T20:09:03,2024-04-06T15:11:02,0
C001152,kmoore@example.org,Victoria,Hamilton,GEO0075,SMB,2024-10-25T21:43:58,2025-12-22T22:22:42,0
C001153,jared88@example.net,Laura,Davis,GEO0123,Consumer,2024-03-30T05:57:19,2025-03-03T03:02:37,0
C001154,jonathanmcdonald@example.org,Sandra,Holmes,GEO0441,Mid-Market,2024-02-10T00:52:59,2024-08-24T05:57:25,0
C001155,thomasmcdonald@example.com,Nathan,Gray,GEO0442,Consumer,2025-05-17T08:37:18,2026-02-10T02:53:39,0
C001156,morrisdaniel@example.com,Misty,Smith,GEO0652,Consumer,2024-05-21T14:38:54,2025-02-11T05:41:49,0
C001157,valvarez@example.net,Rebecca,Lopez,GEO0744,Consumer,2025-06-11T15:38:14,2025-11-03T01:25:54,0
C001158,kevin78@example.org,Karen,Gonzales,GEO0713,Consumer,2025-11-11T22:30:51,2026-01-07T11:32:19,0
C001159,swatkins@example.com,Jessica,Wells,GEO0504,Mid-Market,2025-10-31T12:26:51,2026-02-27T07:50:54,0
C001160,johnnybrooks@example.com,Timothy,Morales,GEO0643,SMB,2025-11-13T06:15:29,2025-12-02T22:09:02,0
C001161,arellanonatalie@example.net,Daniel,Simmons,GEO0457,Mid-Market,2024-03-01T03:09:06,2025-06-03T04:09:46,0
C001162,stephanie69@example.org,Frank,Jackson,GEO0038,SMB,2024-10-16T22:20:37,2025-02-15T22:30:27,0
C001163,olivia83@example.net,Karen,Anderson,GEO0162,Mid-Market,2024-05-05T21:42:35,2025-12-27T09:59:45,0
C001164,kristina01@example.com,Laura,Thomas,GEO0644,Mid-Market,2025-04-29T01:23:10,2025-11-15T06:22:04,0
C001165,stephen27@example.org,Donna,Gonzalez,GEO0679,SMB,2024-02-02T12:11:52,2025-06-25T14:42:25,0
C001166,kevinmiller@example.org,Michaela,Kim,GEO0361,SMB,2025-12-27T14:08:52,2026-02-06T23:45:27,0
C001167,ericpeters@example.com,Adam,Moore,GEO0541,Mid-Market,2024-11-18T22:11:00,2026-02-06T05:16:26,0
C001168,ruizgloria@example.net,Jason,Kennedy,GEO0509,SMB,2025-05-13T04:02:56,2025-07-23T07:32:38,0
C001169,tguerra@example.org,Kathryn,Davis,GEO0615,Consumer,2024-10-11T23:11:26,2024-10-30T00:40:23,0
C001170,lucasmcconnell@example.com,Kerri,Villanueva,GEO0237,Mid-Market,2024-12-17T11:21:00,2025-02-08T15:49:52,0
C001171,icarlson@example.org,Michael,Santiago,GEO0037,Consumer,2025-05-28T06:09:21,2026-02-10T08:33:25,0
C001172,walkercharlotte@example.org,Mike,Morgan,GEO0121,Mid-Market,2025-06-25T19:59:39,2025-08-14T13:49:46,0
C001173,bishopkaren@example.org,Debbie,Taylor,GEO0491,SMB,2024-02-10T23:37:35,2024-12-03T17:48:29,0
C001174,bradleyturner@example.org,Matthew,Valdez,GEO0486,SMB,2024-10-18T00:26:37,2025-09-04T02:30:53,0
C001175,thernandez@example.com,Emma,Castillo,GEO0002,SMB,2025-03-03T19:36:14,2025-08-11T18:14:28,0
C001176,susan62@example.org,Raymond,Holmes,GEO0529,Mid-Market,2024-11-03T01:52:14,2025-10-11T18:16:25,0
C001177,marshallchristopher@example.net,Jessica,Rios,GEO0231,Mid-Market,2024-01-05T07:02:14,2025-04-09T07:25:00,0
C001178,alara@example.org,Luis,Andrews,GEO0111,Consumer,2024-02-18T08:34:52,2025-08-30T13:01:32,0
C001179,aparks@example.com,Desiree,Santiago,GEO0009,Mid-Market,2026-01-20T09:49:38,2026-01-23T15:37:13,0
C001180,twise@example.com,Jonathan,Walters,GEO0224,Mid-Market,2025-11-08T09:49:07,2026-02-25T07:59:24,0
C001181,xshaw@example.com,Jennifer,Richard,GEO0799,SMB,2026-01-13T05:34:41,2026-01-25T00:43:27,0
C001182,daniel26@example.net,Katherine,Berg,GEO0667,Mid-Market,2024-12-02T07:30:01,2025-01-21T04:59:47,0
C001183,hernandezmatthew@example.net,Brittany,Gonzalez,GEO0565,Consumer,2024-09-21T21:18:42,2025-06-11T13:10:57,0
C001184,dgraham@example.com,Bill,Parrish,GEO0419,Mid-Market,2024-07-27T05:23:06,2025-05-18T09:34:44,0
C001185,mrichardson@example.net,Mike,Simmons,GEO0376,Consumer,2025-10-16T02:09:55,2025-11-16T00:15:04,0
C001186,katie08@example.com,Guy,Kelly,GEO0255,SMB,2026-02-27T05:07:48,2026-02-28T10:07:32,0
C001187,griffinkenneth@example.org,Caitlin,Howard,GEO0731,SMB,2025-07-01T16:07:30,2025-12-19T19:17:50,0
C001188,schmidtrandy@example.org,Christopher,Davis,GEO0558,Consumer,2024-12-30T11:11:24,2026-02-15T06:34:16,0
C001189,cynthiajordan@example.com,Michael,Ellis,GEO0684,Mid-Market,2024-01-19T02:04:10,2024-06-16T10:10:33,0
C001190,samanthaberger@example.net,Lori,Carroll,GEO0126,Mid-Market,2025-12-07T06:30:59,2026-02-25T11:01:21,0
C001191,jonesnathan@example.org,Chelsea,Cummings,GEO0487,SMB,2025-02-02T03:51:32,2025-08-27T06:10:12,0
C001192,reyestina@example.org,Matthew,Walsh,GEO0423,SMB,2025-10-14T18:47:44,2025-10-31T23:14:53,0
C001193,roberto02@example.net,Jonathan,Delgado,GEO0498,Mid-Market,2025-05-21T14:24:20,2025-11-25T06:57:02,0
C001194,copelandryan@example.org,Laura,Duncan,GEO0424,Consumer,2025-04-08T00:36:22,2025-04-16T21:59:23,0
C001195,christina83@example.net,Lauren,Brooks,GEO0510,SMB,2024-12-12T23:53:00,2025-05-22T14:05:08,0
C001196,blewis@example.com,Julie,Osborne,GEO0297,Mid-Market,2024-04-08T16:35:49,2024-08-05T18:08:30,0
C001197,walter09@example.com,Renee,Gregory,GEO0150,Mid-Market,2025-07-20T23:48:21,2025-08-19T19:51:02,0
C001198,adam30@example.com,Diane,Hill,GEO0650,SMB,2025-10-15T07:19:34,2026-01-31T09:02:54,0
C001199,ogeorge@example.com,Colton,Walker,GEO0380,SMB,2024-02-26T21:08:44,2024-11-16T12:09:17,0
C001200,jeffrey94@example.net,Jennifer,Wilcox,GEO0427,Consumer,2025-02-25T16:23:04,2025-11-07T09:47:19,0
C001201,vwalters@example.net,Paul,Spears,GEO0060,Consumer,2024-01-24T09:20:11,2026-01-21T02:55:08,0
C001202,cooperluis@example.com,Edward,Dickerson,GEO0625,Mid-Market,2025-06-21T19:54:06,2025-09-21T03:06:16,0
C001203,sclark@example.org,Emily,Scott,GEO0105,SMB,2024-12-07T03:11:36,2025-03-25T18:51:05,0
C001204,guerreroashley@example.org,Crystal,Hoffman,GEO0773,SMB,2024-02-20T09:53:48,2025-09-05T17:58:54,0
C001205,christopher85@example.com,Kelly,Stewart,GEO0366,Mid-Market,2025-12-30T18:55:44,2026-02-02T09:58:35,0
C001206,njohnson@example.net,Garrett,Bell,GEO0087,Consumer,2024-10-31T12:48:59,2024-11-20T09:58:56,0
C001207,wperry@example.org,Karen,Campbell,GEO0177,Mid-Market,2024-04-05T10:17:47,2024-05-28T04:04:06,0
C001208,yfritz@example.net,David,Lawson,GEO0370,Consumer,2025-08-25T03:57:30,2025-09-04T15:51:23,0
C001209,davisjeffery@example.org,Ashley,White,GEO0704,Consumer,2025-07-08T08:10:37,2025-11-28T07:05:21,0
C001210,katiejoyce@example.com,Andrea,Bell,GEO0447,Mid-Market,2024-07-08T18:44:55,2024-10-22T20:51:01,0
C001211,robertgreene@example.com,Kaylee,Mccoy,GEO0486,Mid-Market,2024-08-11T22:08:10,2026-01-14T07:26:00,0
C001212,wayne86@example.org,Michele,Simpson,GEO0422,SMB,2025-06-19T18:50:46,2025-09-23T15:35:15,0
C001213,cmitchell@example.org,Sandra,Thompson,GEO0677,Consumer,2025-03-16T19:42:24,2025-06-22T16:18:22,0
C001214,aaron57@example.net,Gerald,Solomon,GEO0716,Mid-Market,2025-02-18T13:58:37,2025-07-15T08:15:39,0
C001215,acarpenter@example.com,Robert,Fields,GEO0374,Mid-Market,2024-05-07T13:16:41,2026-01-16T15:00:07,0
C001216,dillonharvey@example.org,Carol,Dennis,GEO0682,Consumer,2025-08-27T23:16:44,2025-09-28T18:11:52,0
C001217,nguyenjohn@example.net,Colleen,Cohen,GEO0072,Consumer,2025-08-17T21:15:08,2026-02-15T01:14:15,0
C001218,andrew96@example.net,William,Lee,GEO0187,Mid-Market,2024-02-17T02:43:25,2024-07-02T06:17:07,0
C001219,stephensharp@example.org,Gregory,Giles,GEO0673,Mid-Market,2024-01-03T06:45:07,2025-12-15T00:26:06,0
C001220,marcuscarter@example.org,Jamie,Murray,GEO0047,SMB,2024-07-30T04:09:46,2024-12-03T11:20:26,0
C001221,gabrielawallace@example.org,Laura,Kaufman,GEO0167,Mid-Market,2025-11-06T21:17:28,2026-01-29T06:54:40,0
C001222,laramary@example.org,John,Bowen,GEO0774,SMB,2024-07-30T11:12:55,2025-04-04T15:31:17,0
C001223,smithantonio@example.net,Richard,Meyer,GEO0071,SMB,2024-02-20T00:27:29,2024-07-31T01:50:56,0
C001224,eatkins@example.com,Susan,Ware,GEO0313,Mid-Market,2024-03-02T14:33:18,2024-09-26T13:07:56,0
C001225,baldwincatherine@example.net,Jennifer,Gonzales,GEO0788,SMB,2024-05-24T08:11:27,2024-06-07T15:50:48,0
C001226,carterraymond@example.net,Kayla,Cox,GEO0366,Mid-Market,2024-03-07T14:22:19,2025-12-26T07:28:12,0
C001227,hpatterson@example.org,Dustin,Baker,GEO0604,SMB,2024-10-09T12:17:10,2025-06-11T07:28:57,0
C001228,bowenmichael@example.net,Matthew,Durham,GEO0672,Consumer,2024-01-18T20:31:24,2024-08-29T17:32:41,0
C001229,gclark@example.com,Dawn,Jones,GEO0007,Consumer,2024-05-28T08:46:23,2025-11-13T08:44:06,0
C001230,wgoodwin@example.com,Matthew,Norris,GEO0450,Mid-Market,2025-11-05T09:47:25,2025-11-07T02:36:56,0
C001231,kristin49@example.com,Brooke,Juarez,GEO0577,SMB,2024-09-04T08:51:15,2026-02-28T05:40:31,0
C001232,aimeejohnson@example.com,Anna,Reeves,GEO0229,Consumer,2024-01-04T00:20:49,2025-12-10T17:26:36,0
C001233,shirley29@example.net,Kevin,Marquez,GEO0517,SMB,2024-01-02T06:11:06,2026-01-21T09:46:48,0
C001234,eric22@example.net,Kelly,Cruz,GEO0549,Mid-Market,2024-09-14T08:37:12,2025-10-30T21:53:38,0
C001235,anthonylewis@example.com,Eddie,Smith,GEO0064,SMB,2025-07-31T03:24:30,2026-01-06T06:56:15,0
C001236,jennifer86@example.com,Christine,Jackson,GEO0030,SMB,2024-02-16T11:30:48,2024-10-19T17:21:31,0
C001237,dawn98@example.com,Alexandra,Gray,GEO0652,Mid-Market,2025-03-17T00:44:04,2025-05-08T18:57:08,0
C001238,hwong@example.com,Gregory,Prince,GEO0365,Consumer,2025-02-24T06:29:26,2025-11-24T23:04:06,0
C001239,barnettcalvin@example.org,Kyle,Walker,GEO0764,SMB,2025-07-15T22:08:14,2026-01-19T06:13:23,0
C001240,charlotte13@example.com,Victor,Hudson,GEO0300,SMB,2024-02-07T00:58:37,2025-03-31T03:17:41,0
C001241,larsenmegan@example.net,Rachael,Figueroa,GEO0556,Consumer,2025-04-05T02:21:59,2025-08-04T19:07:05,0
C001242,elizabeth61@example.com,William,Nelson,GEO0070,Mid-Market,2024-09-13T17:47:40,2025-05-17T01:30:44,0
C001243,wallerbrian@example.net,Alexandra,Sanchez,GEO0537,Consumer,2025-07-08T21:48:44,2026-01-10T00:59:53,0
C001244,hannahcurtis@example.org,Jeremy,Love,GEO0476,SMB,2024-08-09T10:06:05,2026-01-06T18:14:59,0
C001245,billylynch@example.net,Joshua,Paul,GEO0516,Consumer,2024-10-11T13:44:22,2026-02-01T11:48:28,0
C001246,escobardavid@example.com,Bruce,Perez,GEO0689,Consumer,2025-12-13T00:47:06,2026-02-24T00:42:17,0
C001247,imarshall@example.org,Luis,Walters,GEO0486,Consumer,2024-06-25T07:47:02,2024-12-25T06:52:13,0
C001248,timothyramos@example.com,James,Daniels,GEO0297,SMB,2024-05-15T14:03:42,2025-08-18T07:39:08,0
C001249,carmenevans@example.org,Bonnie,Callahan,GEO0280,Mid-Market,2024-04-30T23:13:23,2026-02-01T09:53:43,0
C001250,cortezscott@example.net,James,Shaffer,GEO0735,Mid-Market,2024-06-06T02:53:57,2024-11-15T15:24:00,0
C001251,qgay@example.com,Carolyn,Vasquez,GEO0268,Consumer,2025-01-18T17:11:43,2025-08-21T03:05:48,0
C001252,markwebb@example.com,Stephanie,Evans,GEO0186,Consumer,2024-08-04T04:26:06,2025-10-23T07:44:52,0
C001253,matthewbyrd@example.net,Kyle,Alexander,GEO0661,Mid-Market,2024-09-29T16:45:35,2025-09-01T14:10:53,0
C001254,tonyflores@example.net,Thomas,Martin,GEO0340,Mid-Market,2025-06-29T18:13:28,2025-10-15T05:39:53,0
C001255,hodgesemily@example.org,Sara,Ramos,GEO0799,SMB,2025-03-31T10:16:38,2025-07-18T23:51:49,0
C001256,jamesrodriguez@example.org,Jason,Shaw,GEO0589,Consumer,2024-01-21T12:18:24,2025-07-22T14:59:05,0
C001257,katie71@example.net,Kevin,Lynch,GEO0282,Consumer,2025-08-18T22:08:57,2025-08-31T07:47:44,0
C001258,mariolee@example.com,Kristi,Phelps,GEO0017,Mid-Market,2024-04-25T15:25:58,2026-02-19T18:45:47,0
C001259,markblack@example.com,Desiree,Kramer,GEO0534,Consumer,2024-05-18T16:11:34,2025-01-10T04:15:58,0
C001260,jeremy47@example.com,Nathan,Torres,GEO0770,Mid-Market,2025-06-04T17:56:04,2025-10-05T17:35:05,0
C001261,maria57@example.com,Ronald,Long,GEO0097,Mid-Market,2025-06-21T02:16:16,2025-09-14T17:08:52,0
C001262,zsmith@example.org,Tanya,Gomez,GEO0615,SMB,2024-02-15T15:54:53,2024-09-12T04:51:50,0
C001263,theresawang@example.org,Lori,Harris,GEO0243,Mid-Market,2025-12-16T02:33:09,2026-02-10T02:27:46,0
C001264,kenneth50@example.com,Ronald,Reyes,GEO0119,Consumer,2025-07-13T23:48:20,2025-11-07T05:43:17,0
C001265,laurenwilliamson@example.com,Melissa,Rodriguez,GEO0582,Consumer,2024-12-11T01:48:00,2026-01-14T00:49:42,0
C001266,ethansharp@example.net,Brittany,Crane,GEO0759,Mid-Market,2024-01-25T00:05:20,2024-07-11T23:51:40,0
C001267,harringtonpeter@example.net,Tony,Ramirez,GEO0357,Consumer,2024-03-24T22:12:30,2024-07-02T14:50:57,0
C001268,dbrown@example.net,Matthew,Medina,GEO0033,SMB,2025-10-25T01:50:40,2025-10-31T23:09:22,0
C001269,hmclean@example.com,Dennis,Brady,GEO0158,Mid-Market,2025-01-23T03:50:58,2025-10-08T20:18:48,0
C001270,tiffany62@example.org,Brittany,Andrews,GEO0277,Consumer,2024-09-24T02:34:52,2025-02-22T19:42:36,0
C001271,gonzalesmark@example.net,Kathryn,Green,GEO0603,SMB,2025-05-03T15:33:58,2025-06-11T04:11:52,0
C001272,hannah21@example.net,Jennifer,Edwards,GEO0082,Mid-Market,2024-10-22T19:50:02,2025-03-31T12:30:02,0
C001273,rebecca73@example.org,Manuel,Perez,GEO0297,SMB,2025-03-21T00:02:38,2025-04-15T00:42:16,0
C001274,mason44@example.net,Julie,Johnson,GEO0447,SMB,2024-09-08T11:40:21,2024-12-07T11:46:33,0
C001275,mayronald@example.com,Lauren,Decker,GEO0318,Consumer,2025-06-26T12:24:36,2025-07-27T07:26:09,0
C001276,durhamwilliam@example.org,Ariel,Forbes,GEO0591,Mid-Market,2024-10-02T07:20:23,2024-11-21T11:19:52,0
C001277,kristy74@example.net,Matthew,Jones,GEO0542,SMB,2025-08-13T23:02:35,2026-02-11T01:40:30,0
C001278,cunninghamterri@example.org,Amanda,Lindsey,GEO0572,Consumer,2025-02-20T07:26:38,2025-12-31T17:29:39,0
C001279,berrytaylor@example.net,Victoria,Walton,GEO0500,Mid-Market,2024-01-18T20:54:59,2025-07-09T05:08:04,0
C001280,dmeyers@example.com,Pamela,Gamble,GEO0714,Consumer,2024-10-01T03:55:25,2025-06-16T16:07:56,0
C001281,debrajones@example.net,Barbara,Gibson,GEO0481,Mid-Market,2025-06-25T00:16:40,2025-12-29T08:54:41,0
C001282,zpreston@example.net,Kelly,Hanson,GEO0025,SMB,2025-07-14T15:56:59,2025-09-15T16:12:24,0
C001283,osmith@example.com,Ronald,Green,GEO0127,Consumer,2026-02-21T16:41:04,2026-02-27T08:15:09,0
C001284,breannasaunders@example.net,Stephen,Ortega,GEO0001,Consumer,2024-03-08T22:25:39,2026-01-31T09:46:10,0
C001285,patricia92@example.org,Kendra,Harris,GEO0111,Mid-Market,2025-08-08T21:42:46,2025-10-25T13:19:10,0
C001286,craigferguson@example.org,Kimberly,Fernandez,GEO0526,SMB,2024-09-05T22:08:23,2026-02-28T13:13:06,0
C001287,murphyleslie@example.org,Dominique,Harris,GEO0295,Consumer,2024-09-14T14:55:02,2025-10-18T09:40:24,0
C001288,rogernelson@example.org,Kelsey,Johnson,GEO0657,SMB,2024-12-29T09:55:55,2025-01-19T05:25:50,0
C001289,ymartinez@example.org,Scott,Manning,GEO0624,Mid-Market,2026-01-08T11:21:34,2026-02-20T05:18:12,0
C001290,omargriffin@example.com,James,Wise,GEO0475,Consumer,2026-01-16T21:05:30,2026-02-09T09:26:50,0
C001291,davisgregory@example.net,Jenny,Martinez,GEO0488,Mid-Market,2024-10-24T18:52:33,2025-07-09T00:49:14,0
C001292,davidburns@example.net,Michael,Cowan,GEO0726,SMB,2024-04-21T07:35:44,2025-09-15T16:11:53,0
C001293,flee@example.net,Michael,Scott,GEO0117,Mid-Market,2024-12-05T04:29:39,2026-02-03T22:03:43,0
C001294,duffyallen@example.com,Linda,Ross,GEO0658,Consumer,2024-12-14T09:43:40,2025-01-12T09:15:13,0
C001295,gomezsonya@example.org,Ryan,Abbott,GEO0423,Consumer,2024-08-09T11:12:53,2026-01-29T08:37:20,0
C001296,jerome16@example.com,Allen,Brandt,GEO0229,Consumer,2025-12-26T12:46:14,2026-01-13T03:05:06,0
C001297,brandon32@example.net,Albert,Stone,GEO0399,SMB,2025-09-06T16:29:46,2025-10-07T17:03:38,1
C001298,heatherfarmer@example.org,Caitlyn,Clark,GEO0761,Consumer,2024-07-22T18:05:40,2025-02-09T15:13:08,0
C001299,nathan62@example.com,Gerald,Mayer,GEO0103,SMB,2025-10-21T07:02:56,2026-02-02T01:46:04,0
C001300,judypatrick@example.org,Michael,Buckley,GEO0252,Mid-Market,2024-03-26T16:31:48,2025-02-24T12:06:29,0
C001301,anthonyharris@example.com,Colleen,Stout,GEO0270,SMB,2025-05-27T17:46:55,2026-02-19T00:00:58,0
C001302,christy00@example.com,Anthony,Ruiz,GEO0766,Consumer,2024-08-01T00:37:06,2025-07-09T13:07:35,0
C001303,robinwilliams@example.com,Kathryn,Sharp,GEO0229,Mid-Market,2025-09-03T00:15:44,2025-12-08T10:30:40,0
C001304,ericsmith@example.org,Christopher,Mcneil,GEO0594,SMB,2025-05-24T23:18:52,2025-07-24T23:58:26,0
C001305,novaksteven@example.com,Melissa,Herrera,GEO0510,Mid-Market,2024-01-04T21:13:25,2025-01-14T19:50:22,0
C001306,melodypacheco@example.org,Larry,Harrison,GEO0067,Consumer,2024-02-29T09:38:04,2024-07-04T16:40:49,0
C001307,david85@example.net,Elizabeth,Davis,GEO0529,Consumer,2024-10-20T17:18:14,2025-02-15T12:33:30,0
C001308,kgoodman@example.org,David,Robertson,GEO0595,Mid-Market,2024-01-28T04:48:26,2024-08-14T05:52:46,0
C001309,jeremiahmiller@example.org,Jennifer,Campbell,GEO0562,Mid-Market,2024-08-08T19:32:09,2024-10-22T07:28:17,0
C001310,wrightjohn@example.net,Donna,Murphy,GEO0320,SMB,2024-12-11T02:05:16,2024-12-29T22:47:54,0
C001311,hbarnett@example.net,Barbara,Stephenson,GEO0756,Consumer,2024-10-28T16:34:26,2026-02-21T23:02:53,0
C001312,markbrooks@example.org,Beth,Michael,GEO0229,Consumer,2025-10-07T10:15:31,2026-01-16T13:27:50,0
C001313,adkinslauren@example.net,Brandon,Gonzalez,GEO0628,Mid-Market,2024-02-17T22:06:07,2024-06-27T13:49:54,0
C001314,alexiswalters@example.org,Fernando,Morris,GEO0541,Consumer,2024-02-13T01:33:56,2024-09-08T11:24:25,0
C001315,wwebb@example.org,Courtney,Montoya,GEO0523,Consumer,2025-09-14T00:24:09,2026-01-08T02:20:47,0
C001316,nhayes@example.com,Christine,Gardner,GEO0079,Consumer,2024-04-12T06:16:57,2025-03-26T11:03:52,0
C001317,mcgeediana@example.net,Sandra,Rogers,GEO0620,Mid-Market,2025-06-05T05:27:36,2025-07-30T15:40:54,0
C001318,jonathanroman@example.com,Kelsey,Bryant,GEO0782,Mid-Market,2025-03-10T20:57:09,2026-01-22T06:33:53,0
C001319,barnettmatthew@example.net,Jose,Casey,GEO0698,Mid-Market,2024-10-24T01:07:15,2025-03-28T17:00:50,0
C001320,imay@example.org,Cody,Hester,GEO0674,Consumer,2025-04-03T10:19:15,2025-12-03T21:58:35,0
C001321,martinezjennifer@example.org,Morgan,Parker,GEO0456,Consumer,2025-06-25T13:02:13,2025-08-23T20:23:39,0
C001322,ftran@example.net,Ian,Wilkins,GEO0045,Consumer,2024-05-07T03:42:23,2025-08-12T22:44:01,0
C001323,donaldbecker@example.org,James,Garner,GEO0103,Mid-Market,2024-02-18T11:36:37,2026-02-11T02:51:18,0
C001324,annaschmidt@example.org,Lauren,Cox,GEO0623,Consumer,2025-08-10T00:45:28,2025-10-14T18:51:10,0
C001325,heatherosborn@example.org,Nicholas,Garcia,GEO0427,Mid-Market,2026-02-13T22:36:39,2026-02-26T19:36:51,0
C001326,cynthiatrevino@example.org,Megan,Potter,GEO0646,SMB,2025-11-03T17:41:38,2026-02-08T19:47:46,0
C001327,amberfriedman@example.com,Michele,Ramirez,GEO0281,SMB,2025-11-25T02:56:33,2026-01-01T04:34:50,0
C001328,hphillips@example.com,Patricia,Mcdonald,GEO0797,SMB,2025-08-16T20:36:15,2025-09-22T10:36:06,0
C001329,jenniferevans@example.org,John,Peters,GEO0428,Mid-Market,2024-01-22T09:36:39,2024-08-08T05:56:12,0
C001330,jason99@example.org,Brian,Jenkins,GEO0402,Consumer,2024-07-08T09:49:09,2025-09-21T12:36:35,0
C001331,timothymartin@example.org,Peter,Moore,GEO0232,SMB,2024-02-26T19:44:01,2025-09-19T15:09:25,0
C001332,mmyers@example.org,Mary,Jones,GEO0620,SMB,2024-04-30T13:57:01,2026-02-16T14:11:47,0
C001333,donald61@example.net,Jodi,Blackburn,GEO0647,Mid-Market,2024-11-12T23:14:33,2025-09-18T07:20:42,0
C001334,jamiethomas@example.com,Kathleen,Smith,GEO0413,SMB,2025-09-08T20:15:57,2026-01-19T04:42:57,0
C001335,meyeralexandria@example.net,Carmen,Hall,GEO0225,Consumer,2026-02-14T09:52:00,2026-02-25T13:56:42,0
C001336,hevans@example.net,Julia,Gibson,GEO0032,Mid-Market,2024-05-25T18:39:27,2025-05-09T00:35:51,0
C001337,beardkaren@example.net,Matthew,Nelson,GEO0339,SMB,2024-05-30T18:48:22,2025-12-08T21:09:27,0
C001338,jamespatricia@example.org,Courtney,Simmons,GEO0365,Consumer,2024-09-29T17:24:36,2025-10-21T11:26:40,0
C001339,nancyholt@example.com,Katherine,Walker,GEO0258,Consumer,2024-08-09T17:30:51,2025-10-19T03:43:53,0
C001340,davisjessica@example.net,Michelle,Allen,GEO0028,Consumer,2024-05-29T16:20:36,2025-05-08T03:16:53,0
C001341,bcopeland@example.com,Brian,Garcia,GEO0007,SMB,2024-09-30T17:09:15,2025-08-14T16:17:40,0
C001342,megan44@example.net,William,Barnes,GEO0782,Consumer,2024-02-11T05:30:48,2024-09-27T00:00:42,0
C001343,tonya10@example.org,Jennifer,Washington,GEO0062,SMB,2025-06-10T19:25:58,2025-12-26T02:03:07,0
C001344,bwalker@example.net,Joseph,Osborn,GEO0329,SMB,2026-02-20T16:12:04,2026-02-21T21:12:52,0
C001345,kcastro@example.com,Catherine,Harrell,GEO0440,Consumer,2024-12-08T01:04:24,2025-09-04T01:39:41,0
C001346,gwilliams@example.net,Mary,Day,GEO0027,SMB,2024-03-23T20:38:04,2025-02-15T01:29:26,0
C001347,johnstondavid@example.org,Michael,Chambers,GEO0746,Mid-Market,2024-06-30T16:12:55,2026-02-16T14:41:26,0
C001348,tochoa@example.net,Bill,Holland,GEO0142,Consumer,2024-05-27T23:23:14,2025-03-09T08:01:57,0
C001349,kphelps@example.net,Benjamin,Ross,GEO0695,SMB,2025-03-27T19:18:25,2025-06-18T01:45:28,0
C001350,bcaldwell@example.org,Ashley,Johnson,GEO0473,Mid-Market,2024-05-23T12:48:55,2025-07-18T21:08:38,0
C001351,corey60@example.net,Stephen,Macdonald,GEO0597,Consumer,2024-12-18T17:51:05,2026-01-03T15:46:40,0
C001352,loretta55@example.org,Joshua,Bowers,GEO0656,SMB,2025-04-30T01:10:36,2025-06-03T08:01:25,0
C001353,stephen42@example.org,Angela,Boyer,GEO0689,Mid-Market,2025-06-20T17:16:04,2026-02-23T06:12:12,0
C001354,joy52@example.com,Melissa,Cook,GEO0043,Consumer,2024-08-25T04:59:20,2025-08-26T22:59:10,0
C001355,leslietorres@example.net,Christopher,Sullivan,GEO0565,SMB,2024-12-19T03:29:34,2025-01-28T14:00:13,0
C001356,wfowler@example.com,James,Chase,GEO0785,Mid-Market,2024-06-17T03:05:38,2024-12-01T00:24:07,0
C001357,zbell@example.com,Paula,Fischer,GEO0658,SMB,2026-02-07T07:52:32,2026-02-28T10:08:29,0
C001358,marcusrodriguez@example.net,Lance,Hunter,GEO0622,Mid-Market,2025-07-13T11:24:07,2025-08-30T06:28:04,0
C001359,katherine82@example.com,Christine,Jones,GEO0505,Mid-Market,2025-11-14T09:19:16,2026-01-28T01:46:10,0
C001360,daviscarly@example.net,Richard,Baker,GEO0396,SMB,2025-08-15T01:09:55,2025-11-24T09:32:02,1
C001361,amanda62@example.com,Dale,Blanchard,GEO0398,SMB,2024-04-06T08:18:03,2024-12-04T14:13:43,0
C001362,christina15@example.org,Scott,Williams,GEO0031,SMB,2024-04-14T15:34:06,2024-09-06T14:47:50,0
C001363,elizabethhill@example.com,Jeffrey,Neal,GEO0183,Mid-Market,2025-11-14T05:58:11,2025-11-23T00:53:10,0
C001364,johnperez@example.net,Lisa,Thomas,GEO0488,SMB,2024-04-04T18:34:52,2024-10-07T03:40:12,0
C001365,john09@example.com,Mary,Perry,GEO0043,SMB,2025-06-15T05:36:34,2025-12-06T23:53:31,0
C001366,robertabbott@example.net,Reginald,Johnston,GEO0675,Mid-Market,2026-01-18T19:28:14,2026-02-14T07:55:52,0
C001367,tfrancis@example.com,Linda,Baker,GEO0067,Consumer,2024-09-05T16:11:34,2025-07-28T13:01:21,0
C001368,michael35@example.net,Michael,Rubio,GEO0553,SMB,2025-08-09T23:01:31,2026-02-26T22:37:34,0
C001369,marccarey@example.net,John,Medina,GEO0566,SMB,2025-10-13T12:43:59,2025-11-12T14:30:44,0
C001370,colinlowery@example.net,Jeanette,Nichols,GEO0763,SMB,2025-02-16T07:57:25,2025-11-08T04:55:50,0
C001371,aguirrecassandra@example.net,Michael,Park,GEO0632,Consumer,2025-01-08T12:34:09,2025-02-20T21:53:10,0
C001372,stevenandrews@example.org,Steve,Kim,GEO0064,Mid-Market,2024-08-17T11:20:43,2025-01-27T02:25:43,0
C001373,kbrown@example.org,Ann,Hansen,GEO0787,SMB,2025-11-06T00:49:21,2026-01-14T14:59:06,0
C001374,huangthomas@example.net,Dylan,Fleming,GEO0394,SMB,2024-09-28T18:09:46,2024-12-11T16:41:49,0
C001375,blevinsjoshua@example.com,Stacey,Luna,GEO0518,Consumer,2024-06-27T18:08:20,2026-01-29T12:29:48,0
C001376,wjordan@example.org,Valerie,Lewis,GEO0191,Mid-Market,2024-02-10T18:34:49,2026-01-08T08:15:27,0
C001377,scollins@example.net,Kevin,Hall,GEO0298,Mid-Market,2025-09-15T09:50:34,2025-09-19T05:08:57,0
C001378,ithomas@example.net,Brenda,Huffman,GEO0460,SMB,2024-02-08T01:38:44,2026-02-24T07:42:53,0
C001379,josephmichael@example.org,Kim,Jones,GEO0703,Mid-Market,2025-03-19T19:45:44,2025-07-25T16:18:41,0
C001380,morenojessica@example.net,James,Petty,GEO0737,Mid-Market,2024-11-01T10:54:47,2025-09-09T16:35:40,0
C001381,maryjohnson@example.com,Jessica,Rivera,GEO0450,Consumer,2025-10-24T09:22:28,2026-02-18T01:44:41,0
C001382,shahaudrey@example.net,Paul,Russell,GEO0748,SMB,2024-04-03T05:15:57,2025-10-12T12:28:24,0
C001383,vtaylor@example.org,Cody,Kelly,GEO0608,Mid-Market,2024-07-19T21:11:01,2025-10-24T08:24:49,0
C001384,fkoch@example.org,Jack,Morales,GEO0441,Consumer,2025-09-20T23:40:42,2026-01-16T15:39:34,0
C001385,michaelholland@example.org,Matthew,Walton,GEO0564,Mid-Market,2025-01-28T04:54:39,2025-11-18T13:32:31,0
C001386,andrew90@example.net,Brian,Brooks,GEO0724,Consumer,2024-06-06T10:33:36,2024-12-23T15:47:02,0
C001387,aarongalloway@example.org,Adam,Cruz,GEO0178,Mid-Market,2025-10-20T10:43:33,2025-10-20T12:41:11,0
C001388,marshashley@example.com,Michele,Sosa,GEO0463,Consumer,2025-10-02T11:03:44,2025-12-09T00:42:57,0
C001389,danajimenez@example.net,Jeffery,Reed,GEO0389,SMB,2025-01-04T12:46:39,2025-06-22T21:29:36,0
C001390,carolberry@example.com,Jasmine,Hobbs,GEO0073,Mid-Market,2024-02-01T03:10:17,2025-08-08T05:49:47,0
C001391,williamolsen@example.com,Anthony,Williams,GEO0336,SMB,2025-01-18T08:11:59,2025-10-13T12:29:37,0
C001392,aguirrelarry@example.com,Daniel,Vega,GEO0083,Consumer,2024-07-19T11:52:52,2025-05-16T05:40:15,0
C001393,racheljimenez@example.net,Eric,Austin,GEO0634,Mid-Market,2024-05-16T17:47:36,2025-02-15T12:53:55,0
C001394,sharon86@example.com,Sherry,Barnett,GEO0450,Mid-Market,2024-07-18T18:59:06,2025-07-01T12:10:16,0
C001395,morganmichael@example.org,Susan,Henry,GEO0050,Mid-Market,2025-12-01T10:11:34,2026-01-13T23:59:30,0
C001396,dwilliams@example.com,Lisa,Browning,GEO0713,SMB,2024-12-17T05:36:10,2025-07-11T18:14:55,0
C001397,abbottchristopher@example.net,Luke,Rose,GEO0114,SMB,2024-08-15T16:38:50,2025-08-28T03:14:55,0
C001398,psherman@example.org,Justin,Taylor,GEO0569,Consumer,2025-05-31T17:45:25,2025-12-06T11:01:41,0
C001399,kellysims@example.com,Ryan,Miller,GEO0193,SMB,2025-06-15T12:54:35,2025-11-28T00:39:20,0
C001400,henrymarc@example.com,Chelsea,Torres,GEO0129,Mid-Market,2025-05-14T09:52:16,2025-09-05T00:12:19,0
C001401,kelli08@example.org,Jacob,Davis,GEO0713,Consumer,2025-09-30T21:57:32,2026-02-24T02:59:53,0
C001402,daniellestevenson@example.net,Anthony,Rasmussen,GEO0578,Mid-Market,2025-05-07T15:10:03,2025-08-16T16:53:45,0
C001403,ilopez@example.org,Madison,Sutton,GEO0793,Consumer,2025-08-18T08:50:02,2025-09-09T11:13:25,0
C001404,hrodgers@example.org,William,Maldonado,GEO0681,SMB,2024-03-31T09:29:06,2025-02-28T10:12:06,0
C001405,lozanocorey@example.org,Patricia,Joseph,GEO0339,Consumer,2026-01-16T11:39:56,2026-01-29T13:30:46,0
C001406,kleintyler@example.net,Danielle,Smith,GEO0490,Consumer,2025-06-21T07:51:27,2025-10-13T10:02:01,0
C001407,sharris@example.org,Sandra,Smith,GEO0684,SMB,2025-09-27T04:44:55,2025-10-24T09:49:50,0
C001408,donnaherman@example.com,Tracey,Benitez,GEO0634,SMB,2024-02-06T05:29:24,2025-10-28T16:07:44,0
C001409,nathanmonroe@example.org,Eric,George,GEO0727,SMB,2025-06-20T17:03:38,2025-12-24T04:48:30,0
C001410,nicole69@example.net,Michelle,Sims,GEO0439,SMB,2024-10-05T04:15:54,2025-09-26T12:10:56,0
C001411,shelbyvaldez@example.com,Robert,Smith,GEO0435,Mid-Market,2024-12-04T13:26:03,2025-05-19T18:32:26,0
C001412,mbennett@example.com,Jon,Smith,GEO0370,SMB,2026-02-11T17:28:17,2026-02-20T05:08:31,0
C001413,xwilliams@example.com,David,Norris,GEO0316,Mid-Market,2024-12-11T10:47:57,2025-11-18T08:34:40,0
C001414,walshdarius@example.com,Carl,Herrera,GEO0185,Mid-Market,2026-01-20T13:23:50,2026-02-09T22:53:39,0
C001415,sherryscott@example.net,Jennifer,Neal,GEO0400,Mid-Market,2024-07-01T04:19:39,2024-10-30T02:51:44,0
C001416,amanda49@example.com,Daniel,Wilson,GEO0618,Consumer,2024-12-06T04:59:54,2024-12-09T01:02:09,0
C001417,stephaniepeters@example.com,James,Holmes,GEO0139,SMB,2024-11-10T20:14:37,2025-10-07T07:04:15,0
C001418,harrisondaniel@example.org,Benjamin,Hughes,GEO0366,Consumer,2025-10-20T10:55:20,2025-11-06T06:00:20,0
C001419,farmerlindsay@example.org,Ryan,Wood,GEO0564,Consumer,2025-05-07T16:13:40,2025-12-10T17:47:11,0
C001420,scotthammond@example.net,Sarah,Wang,GEO0659,SMB,2024-04-12T09:18:54,2025-09-26T16:39:24,0
C001421,kaylahardy@example.org,Ashley,Fry,GEO0731,Mid-Market,2025-08-23T22:31:09,2025-12-28T22:59:14,0
C001422,michele42@example.com,Steven,Valenzuela,GEO0598,Mid-Market,2025-04-04T14:46:18,2026-02-27T13:09:47,0
C001423,myerseric@example.com,William,Perez,GEO0710,SMB,2024-05-12T16:47:45,2024-10-30T11:18:13,0
C001424,matthewgriffith@example.org,Monica,Jones,GEO0182,Mid-Market,2024-03-12T06:51:52,2024-09-05T22:34:51,0
C001425,carolynroberts@example.org,Douglas,Brandt,GEO0574,Mid-Market,2024-04-18T04:12:53,2024-06-21T04:12:38,0
C001426,rodriguezcameron@example.net,Amanda,Montgomery,GEO0525,Consumer,2025-10-22T20:19:39,2025-11-14T01:24:47,0
C001427,jennifermorris@example.org,Douglas,Garcia,GEO0112,Mid-Market,2024-04-02T07:26:16,2025-08-16T05:13:45,0
C001428,adamsmith@example.org,Lisa,Mack,GEO0395,SMB,2025-04-19T00:34:10,2025-12-16T12:33:45,0
C001429,vincentkathleen@example.org,Anne,Jones,GEO0281,SMB,2025-11-12T05:50:11,2025-12-26T15:29:20,0
C001430,ppineda@example.com,Justin,Jensen,GEO0548,SMB,2026-02-03T17:40:17,2026-02-18T04:24:09,0
C001431,pkent@example.net,Tracy,Wright,GEO0041,Consumer,2025-08-07T10:09:39,2025-08-30T16:52:49,0
C001432,jmendoza@example.com,Amanda,Ward,GEO0720,Mid-Market,2025-11-16T14:24:57,2026-02-08T17:15:46,0
C001433,justinsimon@example.com,Yvette,Macias,GEO0629,Consumer,2025-02-05T17:55:11,2026-02-07T14:07:41,0
C001434,jody64@example.org,Brad,Jenkins,GEO0287,Consumer,2024-06-28T14:43:13,2025-01-17T14:50:45,0
C001435,vanessamartinez@example.net,Michael,Mcmahon,GEO0587,Mid-Market,2024-08-10T20:37:11,2024-09-08T10:11:11,0
C001436,dstephenson@example.net,Shaun,Farley,GEO0776,Mid-Market,2025-08-13T19:13:47,2025-11-26T05:06:46,0
C001437,ucox@example.net,Raymond,Cummings,GEO0516,Mid-Market,2024-11-30T18:04:40,2025-05-04T07:35:35,0
C001438,johnmarquez@example.net,James,Russo,GEO0340,Consumer,2024-08-30T10:41:23,2025-05-07T18:54:57,0
C001439,rachel86@example.com,Dawn,Lewis,GEO0604,SMB,2024-07-27T17:19:17,2025-09-27T03:31:46,0
C001440,theodoredaniels@example.com,Kevin,Wall,GEO0288,Mid-Market,2025-04-19T23:56:31,2025-08-09T05:51:25,0
C001441,nwilliams@example.com,Andrea,Moore,GEO0183,Consumer,2024-09-10T18:21:16,2025-05-27T18:51:49,0
C001442,bgiles@example.org,Sherry,Johnson,GEO0149,Mid-Market,2025-09-17T23:07:11,2026-01-09T19:52:54,0
C001443,paulestrada@example.com,Tonya,Becker,GEO0024,SMB,2025-08-19T00:11:36,2025-10-02T14:04:10,0
C001444,danielleandrews@example.org,Edward,Stewart,GEO0584,Consumer,2024-12-05T21:57:38,2025-08-01T16:58:31,0
C001445,mirandaanderson@example.com,Leslie,Fitzpatrick,GEO0234,Consumer,2024-04-25T15:45:57,2025-03-25T04:37:35,0
C001446,lowekristin@example.org,Andrew,Mora,GEO0590,Consumer,2025-06-15T04:09:01,2025-08-04T04:50:23,0
C001447,riverachristopher@example.com,James,Hernandez,GEO0171,Mid-Market,2026-01-16T01:35:12,2026-01-27T01:56:02,0
C001448,kylejones@example.net,Regina,Silva,GEO0624,Mid-Market,2026-02-18T15:38:51,2026-02-28T14:33:32,0
C001449,talvarez@example.org,Keith,Garcia,GEO0620,SMB,2025-08-05T11:43:13,2026-01-29T23:46:45,0
C001450,rachelhernandez@example.com,David,Kent,GEO0404,Mid-Market,2025-01-16T16:22:11,2025-05-17T20:34:25,0
C001451,jmoore@example.net,Terrence,Lucero,GEO0633,Consumer,2024-03-03T06:01:17,2025-01-06T07:59:24,0
C001452,theresabeck@example.org,Regina,Davis,GEO0257,Mid-Market,2024-03-24T18:20:07,2025-07-08T02:22:53,0
C001453,taylorparker@example.com,Thomas,Wang,GEO0737,Consumer,2024-06-15T23:36:57,2024-09-18T00:49:09,0
C001454,sarah99@example.org,Seth,Smith,GEO0370,Consumer,2025-08-14T23:37:47,2025-11-11T21:01:05,0
C001455,kpotts@example.com,Nicole,Huerta,GEO0152,SMB,2024-07-22T08:41:55,2025-12-27T06:03:39,0
C001456,casey29@example.com,Erica,Rangel,GEO0001,Consumer,2024-07-20T18:26:30,2024-10-12T06:43:37,0
C001457,haneykrystal@example.net,James,Walters,GEO0553,Mid-Market,2024-04-05T03:09:25,2024-05-24T20:09:46,0
C001458,jennifer15@example.net,Tonya,Simpson,GEO0365,Consumer,2024-04-28T05:07:55,2025-08-12T13:29:48,0
C001459,xfrey@example.com,James,Ramirez,GEO0273,Consumer,2024-05-22T03:38:49,2024-08-21T03:07:24,0
C001460,burnsrebecca@example.org,Debra,Graves,GEO0744,Consumer,2024-04-17T05:02:07,2026-01-09T23:02:28,0
C001461,shane65@example.org,Joshua,Carney,GEO0121,SMB,2026-01-10T21:47:59,2026-02-12T14:59:15,0
C001462,vhopkins@example.net,Anthony,Wiggins,GEO0606,Mid-Market,2025-09-29T23:13:02,2025-12-13T18:12:27,0
C001463,navarroandrew@example.com,James,Harrison,GEO0463,Consumer,2024-12-11T17:00:42,2025-03-12T14:41:56,0
C001464,rjohnson@example.com,Heidi,Rogers,GEO0468,Mid-Market,2024-11-04T03:09:48,2025-12-10T09:11:06,0
C001465,vrussell@example.org,Sherri,Ball,GEO0373,Consumer,2024-10-18T17:43:25,2025-09-03T16:08:59,0
C001466,tracyadams@example.com,Samantha,Miller,GEO0560,Mid-Market,2024-01-09T21:20:08,2024-06-10T19:18:24,0
C001467,michelle10@example.org,Linda,Rodriguez,GEO0704,Mid-Market,2024-01-18T06:44:54,2025-01-27T11:46:24,0
C001468,thompsoncalvin@example.net,Laurie,Maxwell,GEO0338,Mid-Market,2024-03-08T23:41:00,2024-10-13T22:42:36,0
C001469,smithalexander@example.com,Molly,Williamson,GEO0084,Consumer,2024-12-19T22:37:31,2026-02-13T00:49:06,0
C001470,brandisheppard@example.com,Crystal,Rivera,GEO0585,Consumer,2025-04-09T04:17:12,2025-11-12T11:35:20,0
C001471,salazarbrian@example.org,James,Reese,GEO0724,SMB,2025-01-10T09:48:59,2025-03-17T06:54:01,0
C001472,lopezjennifer@example.org,Adam,Moody,GEO0204,Mid-Market,2024-03-17T04:01:09,2025-07-23T01:27:07,0
C001473,jasonlove@example.com,Luke,Moreno,GEO0071,Consumer,2025-09-20T15:14:35,2026-01-24T08:03:10,0
C001474,troth@example.com,Catherine,Lopez,GEO0707,Consumer,2025-09-26T14:46:46,2025-10-17T13:27:55,0
C001475,jessica90@example.com,Jackson,Smith,GEO0033,SMB,2024-01-23T07:08:08,2024-11-06T16:41:57,0
C001476,terribaker@example.net,Barbara,Lopez,GEO0019,SMB,2024-12-16T08:55:10,2026-02-12T21:40:41,0
C001477,warnercharles@example.org,Melinda,Avila,GEO0345,Mid-Market,2024-08-15T22:55:18,2024-09-17T07:03:07,0
C001478,franciscoreid@example.net,Kenneth,Gutierrez,GEO0580,SMB,2025-09-22T12:31:36,2026-01-15T11:27:57,0
C001479,jeffery45@example.net,John,Smith,GEO0334,Mid-Market,2024-11-11T02:23:28,2025-09-09T21:49:22,0
C001480,juan21@example.org,Bryan,Cooper,GEO0544,SMB,2024-10-18T05:15:16,2025-06-20T03:08:53,0
C001481,harveylisa@example.org,Emily,Roach,GEO0203,SMB,2024-09-14T13:00:07,2024-10-29T17:03:49,0
C001482,vsmith@example.net,Christopher,Chapman,GEO0093,Consumer,2025-06-10T01:13:01,2026-01-07T17:14:06,0
C001483,helen91@example.net,Jose,Franco,GEO0067,SMB,2025-02-12T02:31:10,2025-09-16T16:02:34,0
C001484,zhoward@example.com,Mitchell,Evans,GEO0586,Consumer,2025-06-13T23:42:23,2026-01-28T03:09:37,0
C001485,vedwards@example.org,Jeremy,Jackson,GEO0454,Consumer,2026-01-07T10:45:03,2026-02-05T02:12:32,0
C001486,robert75@example.com,Steven,Nolan,GEO0670,SMB,2025-02-22T03:15:03,2025-10-16T22:14:21,0
C001487,vhernandez@example.com,Robert,Johnson,GEO0547,SMB,2024-02-18T11:33:17,2025-07-05T09:12:51,0
C001488,kristinajames@example.net,Edward,Diaz,GEO0683,Consumer,2024-06-28T22:12:01,2024-07-15T18:27:11,0
C001489,qmoody@example.org,Edward,Shah,GEO0360,Mid-Market,2025-06-28T21:22:28,2025-10-15T22:27:38,0
C001490,codymyers@example.org,Joseph,Gonzalez,GEO0087,Consumer,2025-05-23T06:07:35,2025-05-25T10:12:42,0
C001491,tmyers@example.net,Joshua,Lee,GEO0668,Mid-Market,2024-07-24T12:10:52,2025-10-17T08:53:27,0
C001492,kreynolds@example.com,Tanya,Brown,GEO0685,SMB,2025-02-07T04:05:22,2025-12-03T02:33:15,0
C001493,jonesmarcus@example.com,Cathy,Thomas,GEO0275,Mid-Market,2024-05-21T15:01:02,2024-07-18T08:25:26,0
C001494,alara@example.com,Alexander,Parker,GEO0258,SMB,2024-04-12T10:40:37,2024-05-07T02:50:07,0
C001495,matthewcollins@example.net,Roy,Martinez,GEO0026,Mid-Market,2025-04-02T15:42:29,2025-06-04T08:02:01,0
C001496,alyssapeterson@example.com,Lindsay,Shields,GEO0779,SMB,2025-11-01T18:15:34,2026-02-07T17:04:52,0
C001497,annette71@example.org,Sergio,Butler,GEO0782,Mid-Market,2025-07-30T22:40:44,2025-10-07T18:00:20,0
C001498,shirleybarker@example.com,Cynthia,Winters,GEO0361,Mid-Market,2025-11-14T02:20:50,2025-12-06T01:16:39,0
C001499,jbuchanan@example.com,Barbara,Rivera,GEO0601,Consumer,2025-05-28T18:19:41,2026-02-06T12:50:38,0
C001500,rachelsheppard@example.net,Ashley,Pruitt,GEO0393,Mid-Market,2025-05-19T07:41:04,2025-08-28T14:37:28,0
C001501,lisawright@example.net,Terry,Smith,GEO0411,SMB,2024-05-03T12:38:35,2025-02-26T03:26:58,0
C001502,cruzeddie@example.com,Christopher,Henry,GEO0349,Consumer,2024-04-11T06:31:18,2024-05-31T15:30:36,0
C001503,carl63@example.com,Jennifer,Cox,GEO0264,Consumer,2024-09-11T05:48:20,2025-12-02T05:13:47,0
C001504,wellsjeffrey@example.org,Mark,Summers,GEO0787,Mid-Market,2025-06-11T18:38:18,2025-08-08T19:28:51,0
C001505,yhoffman@example.com,Sue,Washington,GEO0188,Mid-Market,2024-03-09T08:10:56,2025-05-24T21:08:01,0
C001506,cassandra83@example.net,Jacob,Bradshaw,GEO0626,Consumer,2025-04-23T16:29:52,2026-01-24T05:06:05,0
C001507,phillipsbruce@example.org,Alexandra,Gordon,GEO0269,Consumer,2024-02-26T21:42:42,2024-03-25T20:51:42,0
C001508,krystalhenderson@example.org,Kenneth,Harris,GEO0598,Consumer,2024-09-22T17:51:05,2025-05-20T11:43:44,0
C001509,anthony61@example.com,Steven,Browning,GEO0404,Mid-Market,2025-09-21T16:38:32,2026-02-17T14:57:09,0
C001510,seanreyes@example.org,Brittney,Blake,GEO0028,Consumer,2024-04-24T14:01:46,2025-10-26T16:40:37,0
C001511,gilesstephen@example.org,Jasmine,Chavez,GEO0187,Mid-Market,2024-10-23T16:01:52,2025-12-17T02:34:59,0
C001512,brendamorris@example.org,David,Parrish,GEO0648,SMB,2024-09-23T17:08:10,2025-01-24T14:56:56,0
C001513,uwood@example.net,Nicholas,Johnson,GEO0592,Mid-Market,2025-06-18T23:59:14,2026-01-29T16:23:28,0
C001514,zlucas@example.org,Mark,Huff,GEO0331,Mid-Market,2024-01-12T05:03:51,2024-02-07T08:34:02,0
C001515,schneidermario@example.net,Benjamin,Hunt,GEO0643,SMB,2025-04-30T15:42:05,2025-07-31T06:24:36,0
C001516,tylermcintosh@example.org,Edward,Mills,GEO0105,Mid-Market,2024-11-02T12:05:48,2025-09-29T21:05:59,0
C001517,christopherward@example.com,Matthew,Gutierrez,GEO0590,SMB,2025-06-07T21:52:37,2025-10-23T05:38:42,0
C001518,vasquezamy@example.net,Robert,Clarke,GEO0361,Mid-Market,2025-07-27T04:29:46,2026-02-04T12:37:42,0
C001519,amydavis@example.org,Shane,Wilson,GEO0724,Mid-Market,2025-05-03T20:03:17,2025-05-25T18:22:14,0
C001520,jeremy08@example.org,Brian,Cameron,GEO0747,SMB,2024-04-30T02:50:37,2025-07-07T03:22:27,0
C001521,timothywilliams@example.org,Stephanie,Best,GEO0137,Mid-Market,2025-05-21T20:15:11,2026-01-25T09:43:57,0
C001522,vincentmorris@example.net,Ellen,Smith,GEO0094,Mid-Market,2025-12-08T17:14:21,2026-01-25T11:06:49,0
C001523,travis68@example.org,Billy,Lawrence,GEO0643,Mid-Market,2025-04-16T21:42:41,2025-11-05T05:18:40,0
C001524,jeromehenry@example.com,Jacqueline,Perkins,GEO0091,SMB,2025-09-11T22:40:18,2026-02-14T12:24:34,0
C001525,william26@example.org,Edwin,Smith,GEO0351,SMB,2026-01-07T19:27:01,2026-01-24T14:32:19,0
C001526,joseph58@example.com,Ernest,Harris,GEO0176,SMB,2024-03-07T00:09:35,2025-02-16T03:24:09,0
C001527,matthew54@example.com,David,Mitchell,GEO0488,Mid-Market,2024-12-30T07:52:40,2025-07-26T08:34:34,0
C001528,griffintammy@example.net,William,Sullivan,GEO0389,Mid-Market,2024-01-01T18:50:49,2024-08-15T08:34:25,0
C001529,danielhughes@example.org,Julia,Sawyer,GEO0274,Mid-Market,2025-12-14T07:39:02,2026-02-07T04:16:25,0
C001530,kathleenfitzgerald@example.com,Marissa,Craig,GEO0552,Mid-Market,2024-06-03T14:38:36,2024-08-11T13:01:39,0
C001531,michael03@example.net,Pamela,Bridges,GEO0021,Consumer,2024-03-05T09:04:13,2024-06-28T18:57:48,0
C001532,williamcollins@example.org,Maria,Dalton,GEO0552,SMB,2024-09-11T21:48:38,2025-02-25T06:45:26,0
C001533,victorcortez@example.net,Mark,Joyce,GEO0340,Consumer,2024-08-26T15:46:26,2024-08-26T10:11:15,0
C001534,samanthacastillo@example.net,Justin,Hatfield,GEO0569,SMB,2024-09-17T17:32:06,2025-11-01T10:49:53,0
C001535,chrisrodriguez@example.org,Melissa,Harvey,GEO0136,Consumer,2024-01-23T11:58:17,2026-03-01T09:31:09,0
C001536,arroyosarah@example.com,Sean,Daniel,GEO0275,Mid-Market,2024-05-07T03:27:20,2024-06-08T06:44:18,0
C001537,coltonrichardson@example.net,James,Henderson,GEO0183,Mid-Market,2024-01-29T13:25:54,2024-04-02T15:48:47,0
C001538,charles60@example.com,Kaylee,Roach,GEO0744,Consumer,2026-02-04T16:08:44,2026-02-12T19:34:36,0
C001539,donald73@example.org,Samantha,Garner,GEO0263,Mid-Market,2025-07-13T01:34:34,2026-01-15T00:55:25,0
C001540,beardsarah@example.org,Alexis,Miller,GEO0561,Consumer,2025-07-18T03:17:05,2025-11-08T08:26:33,0
C001541,spencertanner@example.net,Angela,Nelson,GEO0367,Consumer,2024-04-17T10:39:11,2025-05-25T20:24:16,0
C001542,sbrown@example.org,Jason,Sanders,GEO0342,Mid-Market,2025-03-08T21:34:39,2025-07-13T22:37:25,0
C001543,fjohnson@example.com,Maria,Gutierrez,GEO0766,Mid-Market,2025-09-25T14:19:59,2026-02-01T12:36:19,0
C001544,raybradley@example.org,Susan,Walter,GEO0410,SMB,2024-04-02T10:37:16,2025-02-17T21:03:07,0
C001545,jennifer34@example.org,Emily,Richmond,GEO0240,Consumer,2025-09-20T23:38:43,2025-11-05T01:54:43,0
C001546,jimmywest@example.org,Wendy,Williams,GEO0680,SMB,2025-05-04T07:44:59,2025-11-15T22:02:22,0
C001547,shansen@example.com,Latoya,Baldwin,GEO0657,SMB,2024-03-13T02:27:43,2024-05-15T07:53:38,0
C001548,mitchellchristopher@example.com,Stephen,Kennedy,GEO0277,Mid-Market,2026-02-09T12:13:26,2026-02-19T07:26:45,0
C001549,nathanielwinters@example.net,Andrea,Thomas,GEO0479,Consumer,2024-05-08T16:37:16,2025-04-08T11:38:03,0
C001550,richard96@example.com,Taylor,Reed,GEO0789,Consumer,2025-05-12T01:01:38,2026-03-01T09:51:08,0
C001551,dylan78@example.com,Michael,Reynolds,GEO0326,Mid-Market,2025-06-27T08:11:03,2025-09-10T12:24:43,0
C001552,nicole55@example.net,Steven,Molina,GEO0127,Mid-Market,2024-10-07T17:39:27,2025-05-15T15:26:03,0
C001553,pamelacooper@example.net,Dustin,Peterson,GEO0323,SMB,2025-03-22T05:00:52,2025-08-28T10:27:55,0
C001554,melissaberry@example.org,Makayla,Sanders,GEO0013,SMB,2025-05-16T10:34:57,2025-05-30T18:28:50,0
C001555,ggilmore@example.net,Bobby,Garcia,GEO0061,SMB,2024-11-11T07:12:50,2025-07-28T19:01:27,0
C001556,scottandrea@example.org,Jodi,Sutton,GEO0315,SMB,2024-09-05T08:51:25,2025-09-30T04:54:40,0
C001557,tracy55@example.net,Sharon,Mills,GEO0463,SMB,2026-02-27T10:44:18,2026-02-27T03:25:40,0
C001558,wrobinson@example.net,Ricky,Walton,GEO0430,Mid-Market,2025-09-10T11:14:59,2025-09-23T00:44:59,0
C001559,perezdawn@example.org,Mary,Woodard,GEO0559,Consumer,2025-03-11T05:07:11,2025-05-27T09:11:48,0
C001560,jenniferbarry@example.net,Lauren,Simpson,GEO0153,SMB,2025-04-07T15:44:42,2025-12-05T09:25:08,0
C001561,nealkristopher@example.com,Kevin,Clark,GEO0525,Mid-Market,2024-11-19T02:24:01,2025-01-11T02:11:17,0
C001562,lynnjames@example.org,Anthony,Martinez,GEO0459,Consumer,2024-04-12T11:58:54,2025-09-09T08:34:51,0
C001563,mariabecker@example.org,Jon,Tapia,GEO0537,SMB,2025-10-16T01:00:48,2025-10-19T03:30:37,0
C001564,qduffy@example.com,Alex,Harper,GEO0632,SMB,2025-02-09T22:31:35,2025-04-15T06:55:05,0
C001565,paul34@example.com,Christine,Gillespie,GEO0463,Mid-Market,2025-08-14T11:28:59,2025-08-17T08:28:08,0
C001566,sheltontiffany@example.com,Luis,Johnson,GEO0767,SMB,2025-02-22T05:40:51,2025-09-27T02:09:46,0
C001567,ycallahan@example.net,Kayla,Henderson,GEO0467,Consumer,2024-06-17T06:33:16,2025-02-06T23:48:56,0
C001568,stacy70@example.com,Benjamin,Freeman,GEO0124,Consumer,2024-12-16T13:22:44,2025-10-13T23:24:55,0
C001569,wellsamy@example.org,John,Rivas,GEO0513,Consumer,2025-06-29T14:35:22,2026-01-24T20:10:23,0
C001570,gibsonkaitlyn@example.org,Cassandra,Harrison,GEO0587,Consumer,2025-06-10T09:08:07,2025-10-07T16:20:56,0
C001571,kyle73@example.net,Robert,Smith,GEO0612,SMB,2025-01-05T01:02:43,2025-08-12T08:19:41,0
C001572,brittneyleonard@example.org,Selena,Wallace,GEO0482,Mid-Market,2024-10-19T14:21:47,2025-01-01T06:54:56,0
C001573,steventerry@example.com,Laurie,Nichols,GEO0421,Consumer,2024-04-24T06:09:59,2025-07-26T09:49:34,0
C001574,kingdavid@example.net,Travis,Barrera,GEO0488,Mid-Market,2026-02-22T23:31:43,2026-02-23T14:28:57,0
C001575,melissa04@example.net,Mark,Rodriguez,GEO0709,Consumer,2025-02-11T07:42:18,2026-01-07T20:43:47,0
C001576,tanyajones@example.com,Todd,Smith,GEO0107,Consumer,2025-05-16T00:12:55,2026-02-24T17:24:43,0
C001577,kelseywilliams@example.org,Jeffrey,Glenn,GEO0177,SMB,2024-03-15T11:45:00,2026-01-14T17:03:51,0
C001578,cperez@example.net,Stacy,Wilson,GEO0492,Mid-Market,2024-03-09T12:15:52,2024-04-20T08:21:45,0
C001579,donaldyang@example.net,Anna,Kim,GEO0342,Consumer,2024-07-18T12:38:50,2025-03-10T10:46:34,0
C001580,laura60@example.net,Alicia,Benson,GEO0195,SMB,2024-05-28T19:57:14,2025-05-01T07:56:19,0
C001581,barnesarthur@example.com,Angela,Henderson,GEO0161,Mid-Market,2024-02-06T20:47:06,2025-07-17T02:45:55,0
C001582,millernatalie@example.net,Michael,Morales,GEO0770,SMB,2025-03-27T16:18:32,2025-04-30T13:22:11,0
C001583,rebeccahutchinson@example.org,Andrew,Miller,GEO0650,SMB,2024-09-17T21:23:16,2025-06-12T13:03:52,0
C001584,elizabethgriffin@example.net,Nathaniel,Baker,GEO0772,Mid-Market,2024-08-03T11:44:04,2025-12-02T19:39:13,0
C001585,arellanodiana@example.net,Robert,Castro,GEO0319,Mid-Market,2025-12-22T03:00:41,2026-02-01T07:41:38,0
C001586,jamesevans@example.net,Jacqueline,Smith,GEO0751,Mid-Market,2024-05-30T14:32:32,2025-02-15T17:47:24,0
C001587,dixonalexander@example.net,Elizabeth,Richards,GEO0212,Mid-Market,2025-09-29T18:27:37,2026-02-11T16:49:09,0
C001588,turnerlisa@example.com,Samantha,Valencia,GEO0356,Mid-Market,2026-02-21T19:03:19,2026-02-26T15:37:44,0
C001589,jacobwells@example.com,Jason,Thompson,GEO0514,Consumer,2025-05-05T08:53:28,2025-07-14T08:24:14,0
C001590,thomasdavid@example.net,Dustin,Hodges,GEO0245,Mid-Market,2024-04-01T19:34:47,2025-04-26T22:16:11,0
C001591,epalmer@example.net,Fred,Sims,GEO0235,Consumer,2024-05-15T17:41:14,2026-01-11T14:10:33,0
C001592,xfranco@example.org,Maria,Russell,GEO0146,Mid-Market,2024-08-31T03:09:07,2026-01-24T00:25:58,0
C001593,uwilliams@example.com,Anthony,Powers,GEO0190,Mid-Market,2024-06-09T06:11:33,2025-11-18T01:45:36,0
C001594,peter93@example.net,Rebecca,Mendoza,GEO0558,Consumer,2024-08-05T04:07:02,2024-12-02T00:11:14,0
C001595,wlucas@example.net,Eric,George,GEO0326,Consumer,2024-01-03T02:44:33,2025-02-01T14:27:24,0
C001596,tyler16@example.net,Anthony,Jones,GEO0582,Consumer,2024-02-16T16:53:40,2025-10-19T21:55:35,0
C001597,bushkimberly@example.net,Bill,Ramirez,GEO0259,SMB,2025-11-23T22:24:07,2025-11-24T17:05:52,0
C001598,steven54@example.net,Catherine,Calhoun,GEO0592,SMB,2024-07-12T12:50:05,2025-05-03T01:58:46,0
C001599,ydixon@example.net,Brittany,Castro,GEO0725,SMB,2025-07-20T10:41:15,2025-12-31T02:37:32,0
C001600,taylordavis@example.com,Theresa,Patel,GEO0296,SMB,2024-02-18T08:26:50,2025-09-03T20:08:12,0
C001601,kingjoseph@example.com,Nancy,Wheeler,GEO0303,SMB,2024-11-12T18:20:53,2025-10-24T03:02:00,0
C001602,lawrencebullock@example.org,Ashlee,Bailey,GEO0685,Consumer,2026-01-20T14:53:48,2026-02-14T05:00:23,0
C001603,james58@example.net,Robert,Baker,GEO0144,SMB,2024-10-12T23:37:24,2025-05-24T02:21:01,0
C001604,msantiago@example.net,Pamela,Taylor,GEO0242,Consumer,2025-12-06T13:27:57,2026-03-01T12:27:17,0
C001605,james58@example.net,Manuel,Yates,GEO0149,Consumer,2024-03-16T20:25:58,2025-03-30T09:55:05,0
C001606,davidsharp@example.com,Danielle,Harris,GEO0414,Mid-Market,2024-04-02T07:18:00,2025-07-03T17:20:06,0
C001607,isaac75@example.org,Peter,Love,GEO0058,Mid-Market,2025-09-20T08:49:39,2026-01-18T01:33:39,0
C001608,jmedina@example.com,Catherine,King,GEO0281,Mid-Market,2025-01-11T06:27:26,2025-10-18T06:18:35,0
C001609,zli@example.org,Carl,Burnett,GEO0782,Mid-Market,2025-01-21T23:36:36,2025-12-05T12:10:24,0
C001610,sarah78@example.net,Lori,Dixon,GEO0537,Consumer,2025-04-15T16:14:34,2025-11-22T17:35:33,0
C001611,dgonzalez@example.com,Courtney,Burns,GEO0005,Mid-Market,2025-10-12T03:30:33,2026-02-13T19:04:23,0
C001612,alvarezpaul@example.org,Donald,Martinez,GEO0270,Mid-Market,2025-01-14T13:11:23,2025-09-03T02:36:29,0
C001613,williamschad@example.org,Amy,Adams,GEO0462,Consumer,2025-01-21T22:38:15,2025-03-26T00:05:08,0
C001614,frostgloria@example.org,Bill,Keller,GEO0063,SMB,2025-12-19T14:54:40,2026-02-23T18:35:53,0
C001615,smithmatthew@example.net,Jennifer,Mitchell,GEO0206,SMB,2024-07-10T00:19:05,2026-01-27T00:48:57,0
C001616,jerrymontgomery@example.net,Karen,Reilly,GEO0496,Consumer,2025-01-12T02:50:29,2025-07-15T10:32:20,0
C001617,mary20@example.net,Breanna,Farmer,GEO0765,SMB,2024-04-30T15:29:18,2024-07-31T21:47:08,0
C001618,lindabryan@example.org,Amber,Smith,GEO0391,SMB,2024-10-30T19:11:50,2024-12-07T03:34:43,0
C001619,christopheryang@example.com,Lisa,Martinez,GEO0311,Mid-Market,2025-10-22T04:17:05,2026-02-02T04:27:17,0
C001620,meganwalker@example.com,Chelsea,Mcclain,GEO0458,Consumer,2024-06-15T19:30:21,2025-11-21T18:04:28,0
C001621,joshuasmith@example.net,Kyle,Riley,GEO0161,SMB,2025-12-25T23:46:23,2026-01-28T04:06:52,0
C001622,ogriffin@example.org,Melanie,Ortiz,GEO0215,Mid-Market,2024-12-20T09:23:31,2026-02-19T01:20:27,0
C001623,vramos@example.com,Melissa,Christensen,GEO0741,Consumer,2025-06-01T00:54:36,2025-08-12T04:54:55,0
C001624,weaverjoseph@example.net,Travis,Clarke,GEO0602,Consumer,2025-05-23T22:36:01,2025-06-17T02:40:25,0
C001625,marc78@example.net,Paul,Ramos,GEO0645,SMB,2025-12-22T13:17:03,2026-02-18T05:13:52,0
C001626,nathanwarner@example.net,Mary,Vega,GEO0210,SMB,2024-10-12T05:32:10,2026-01-25T17:39:20,0
C001627,kristinclark@example.com,Michael,Hill,GEO0509,SMB,2026-01-08T00:03:05,2026-02-08T16:41:58,0
C001628,rachel69@example.com,Susan,Parks,GEO0591,Consumer,2025-06-13T05:44:16,2026-01-30T07:05:08,0
C001629,debbiebrown@example.net,Lauren,Price,GEO0722,SMB,2024-03-15T17:59:59,2025-04-01T00:30:04,0
C001630,michael07@example.com,Jennifer,Blankenship,GEO0595,Mid-Market,2024-12-25T20:44:48,2025-01-24T02:07:36,0
C001631,kimmichael@example.com,Michael,Osborn,GEO0049,Mid-Market,2024-01-02T05:54:29,2024-04-22T21:05:20,0
C001632,omoore@example.net,Deanna,George,GEO0239,Consumer,2025-03-13T23:56:02,2025-09-14T07:52:55,0
C001633,meghanwerner@example.com,Brandon,Perez,GEO0488,Consumer,2025-03-27T18:08:12,2025-04-18T01:29:04,0
C001634,christopherdominguez@example.org,John,Fox,GEO0605,Mid-Market,2025-03-16T10:43:00,2025-03-18T15:16:57,0
C001635,shawn42@example.com,Joshua,Moon,GEO0790,Consumer,2025-10-31T16:36:50,2025-12-09T17:45:20,0
C001636,robertjackson@example.org,Jesse,Davis,GEO0540,Consumer,2024-10-27T20:09:51,2025-08-13T16:29:26,0
C001637,armstrongkrista@example.net,Gregory,Kelley,GEO0745,Mid-Market,2025-07-22T06:55:54,2025-11-04T11:08:38,0
C001638,pjacobson@example.org,Lindsey,Gonzalez,GEO0411,SMB,2024-10-12T03:26:53,2025-10-22T02:39:50,0
C001639,jonescraig@example.org,Amanda,Maxwell,GEO0054,Consumer,2025-06-11T15:12:51,2025-11-17T17:05:13,0
C001640,jennifer28@example.org,John,Smith,GEO0415,Mid-Market,2026-02-28T02:02:16,2026-03-01T01:09:22,0
C001641,katiepalmer@example.org,Vincent,Jacobson,GEO0172,Mid-Market,2025-07-28T19:25:14,2026-01-19T05:04:29,0
C001642,dtaylor@example.com,Eric,Anderson,GEO0775,Consumer,2024-10-30T23:23:28,2025-03-10T16:48:56,0
C001643,audrey47@example.org,Spencer,Mckinney,GEO0459,SMB,2024-09-04T04:26:33,2024-11-04T12:55:17,0
C001644,fernandoobrien@example.org,Carlos,Bennett,GEO0698,Consumer,2025-03-21T23:27:28,2025-06-28T18:35:14,0
C001645,mitchellallison@example.com,Erica,Foster,GEO0006,SMB,2024-09-14T17:32:12,2025-07-21T05:20:51,0
C001646,doneal@example.net,Sherry,Gomez,GEO0123,Mid-Market,2025-01-26T09:25:58,2025-04-06T17:03:21,0
C001647,hwalton@example.com,Garrett,Hodge,GEO0230,SMB,2024-02-24T14:59:17,2026-02-14T01:25:23,0
C001648,lindaclark@example.net,Virginia,Wilkinson,GEO0345,SMB,2025-09-26T11:05:23,2026-01-05T05:13:36,0
C001649,munozrobert@example.com,Kevin,Johnson,GEO0086,Consumer,2026-01-16T19:02:34,2026-02-06T10:06:02,0
C001650,bgonzalez@example.org,Ryan,Little,GEO0568,Mid-Market,2025-10-06T09:46:01,2025-11-01T07:06:05,0
C001651,shannongarza@example.net,Donald,Leon,GEO0015,Mid-Market,2025-04-18T12:06:38,2025-04-27T04:21:51,0
C001652,bsanchez@example.org,Rebecca,King,GEO0693,SMB,2025-12-22T21:24:03,2026-01-13T05:40:01,0
C001653,dowens@example.com,Nicole,Ford,GEO0168,Mid-Market,2026-01-04T11:58:14,2026-01-24T08:44:05,0
C001654,pmoyer@example.org,Penny,Livingston,GEO0775,Consumer,2024-06-30T02:42:08,2025-01-02T14:57:20,0
C001655,nathaniel57@example.com,Paige,Wiggins,GEO0411,SMB,2025-08-02T01:00:10,2025-11-16T22:58:03,0
C001656,georgemichael@example.net,Andrea,Williams,GEO0554,Consumer,2024-11-23T10:13:55,2025-11-26T05:58:56,0
C001657,vjones@example.org,Kyle,Hunter,GEO0041,Mid-Market,2025-11-01T21:37:16,2025-12-27T20:56:39,0
C001658,gaydustin@example.net,Anna,Brown,GEO0111,SMB,2024-02-02T09:02:53,2025-06-20T03:48:28,0
C001659,crystalwatson@example.com,Richard,Lindsey,GEO0501,Consumer,2024-07-14T14:38:35,2024-09-02T11:45:47,0
C001660,ureed@example.com,Micheal,Solis,GEO0767,SMB,2025-11-21T20:01:58,2025-12-20T21:48:53,0
C001661,stephensonkatherine@example.com,Kathryn,Johnson,GEO0303,Consumer,2024-02-19T12:18:43,2025-11-16T06:19:49,0
C001662,lutzeric@example.com,Mark,Klein,GEO0242,Consumer,2024-01-13T22:57:37,2024-05-13T00:17:22,0
C001663,douglas31@example.net,Patrick,Foster,GEO0006,Consumer,2024-02-02T13:02:32,2025-10-20T22:48:18,0
C001664,williamsalexander@example.org,James,Hudson,GEO0234,Mid-Market,2024-03-14T09:40:39,2024-06-18T07:41:21,0
C001665,jlloyd@example.com,Amy,Scott,GEO0194,Mid-Market,2025-09-22T05:34:22,2025-12-19T07:58:23,0
C001666,aaronjones@example.org,Joseph,Webb,GEO0014,SMB,2025-08-03T04:02:23,2025-11-10T02:02:03,0
C001667,robinsonrose@example.org,Sandy,Snyder,GEO0506,Mid-Market,2025-05-13T18:00:41,2025-05-22T12:36:27,0
C001668,caldwelllisa@example.com,Christina,Krause,GEO0297,Consumer,2025-07-14T02:34:24,2026-01-13T14:30:16,0
C001669,qsosa@example.net,Angelica,Small,GEO0473,Consumer,2025-12-13T15:32:17,2025-12-29T22:56:13,0
C001670,crystal58@example.org,Elizabeth,Conley,GEO0601,Mid-Market,2024-07-17T09:19:37,2025-08-04T07:01:00,0
C001671,linda33@example.org,Ryan,Nelson,GEO0772,SMB,2025-05-17T12:48:54,2025-08-05T10:20:00,0
C001672,victor60@example.net,Kevin,Roy,GEO0003,Mid-Market,2024-06-13T11:53:00,2024-08-26T15:13:24,0
C001673,hollowayangela@example.org,Nicole,Wright,GEO0446,Consumer,2024-09-18T12:11:18,2025-01-04T14:34:16,0
C001674,saraterry@example.net,Michael,Newton,GEO0481,Consumer,2025-08-19T20:11:42,2026-01-12T22:49:09,0
C001675,tknight@example.org,John,Dean,GEO0320,SMB,2024-08-14T10:54:06,2024-10-24T00:47:50,0
C001676,hamptonsara@example.org,Ryan,Briggs,GEO0064,Consumer,2025-08-08T20:57:57,2025-11-23T21:02:22,0
C001677,robertgood@example.com,Sharon,Wilson,GEO0042,Mid-Market,2024-01-06T17:35:58,2025-03-04T16:16:15,0
C001678,tommycuevas@example.com,Brianna,Sullivan,GEO0170,Consumer,2024-06-04T02:24:25,2025-09-01T07:50:08,0
C001679,justinbishop@example.org,Matthew,Harper,GEO0586,SMB,2024-01-07T21:21:59,2025-04-18T10:48:56,0
C001680,gcastaneda@example.org,Christopher,Mclaughlin,GEO0533,Mid-Market,2025-07-23T14:20:54,2025-12-14T05:05:10,0
C001681,ambervasquez@example.org,Sarah,Leon,GEO0754,Mid-Market,2026-01-24T13:19:10,2026-02-18T01:14:53,0
C001682,victoriasmith@example.org,Antonio,Carter,GEO0481,Mid-Market,2025-03-05T05:51:00,2026-02-23T04:29:23,0
C001683,erika59@example.org,Billy,Orozco,GEO0064,Consumer,2025-06-17T02:16:29,2026-02-09T00:44:38,0
C001684,craig91@example.org,Christina,Underwood,GEO0352,SMB,2024-01-02T03:05:51,2024-12-19T05:14:45,0
C001685,kristineprince@example.com,Daniel,Watkins,GEO0206,Consumer,2025-07-17T05:12:27,2026-01-12T05:06:41,0
C001686,deckerjustin@example.org,Steven,Phelps,GEO0089,Mid-Market,2025-09-14T21:10:04,2025-12-13T16:50:07,0
C001687,dawngraves@example.org,Tyler,Walker,GEO0690,SMB,2025-08-09T23:00:43,2025-11-10T18:06:27,0
C001688,antonio52@example.net,Thomas,Chavez,GEO0109,Mid-Market,2024-04-24T13:13:34,2025-05-09T10:35:35,0
C001689,kelly66@example.org,Laura,Boone,GEO0378,Mid-Market,2026-01-17T10:36:47,2026-02-15T22:30:10,0
C001690,jason72@example.net,Eric,Miller,GEO0587,Consumer,2025-12-08T12:35:33,2025-12-13T22:03:48,0
C001691,hernandezwhitney@example.org,Edward,Jones,GEO0586,Consumer,2024-12-13T15:34:48,2026-01-30T22:38:54,0
C001692,gwendolyn93@example.net,Timothy,Ortiz,GEO0670,Mid-Market,2024-03-09T12:38:09,2025-08-11T18:30:57,0
C001693,sharon37@example.net,Arthur,Moore,GEO0073,SMB,2025-06-05T10:56:19,2025-07-02T21:06:32,0
C001694,michaelwilliams@example.com,Perry,Hess,GEO0678,Mid-Market,2024-06-21T15:10:00,2024-08-15T05:35:13,0
C001695,zbarrett@example.net,Michelle,Cole,GEO0001,Mid-Market,2024-10-28T04:40:59,2025-12-31T07:08:42,0
C001696,julie65@example.net,Miranda,White,GEO0201,Consumer,2024-06-08T08:05:17,2025-03-20T15:17:41,0
C001697,stephanieperry@example.com,Nancy,Cook,GEO0453,Consumer,2026-01-18T23:55:33,2026-01-25T02:26:23,0
C001698,hensonjohn@example.net,Tyler,Ramirez,GEO0745,Mid-Market,2025-09-08T06:44:00,2026-02-27T04:47:40,0
C001699,jenniferbutler@example.org,Crystal,Dawson,GEO0007,Consumer,2024-01-14T01:40:13,2024-03-05T08:59:45,0
C001700,matthew17@example.net,James,Hernandez,GEO0792,Consumer,2024-06-01T04:08:45,2025-08-24T15:22:54,0
C001701,alyssa89@example.net,Sara,Gonzalez,GEO0329,Mid-Market,2024-05-10T03:15:23,2024-11-24T01:57:49,0
C001702,gibsonjennifer@example.net,Kelly,Shea,GEO0276,Mid-Market,2024-05-13T02:26:21,2024-06-30T13:16:25,0
C001703,vwilliams@example.org,Richard,Sims,GEO0027,Mid-Market,2024-01-03T01:22:45,2025-09-03T07:59:53,0
C001704,wellsnatalie@example.com,Robin,Lynch,GEO0332,SMB,2025-04-12T11:25:57,2026-02-05T03:39:34,0
C001705,sandradavenport@example.org,Shannon,Evans,GEO0632,Consumer,2024-05-15T21:01:41,2024-10-27T19:05:26,0
C001706,montoyaelizabeth@example.net,Jonathan,Baker,GEO0334,Mid-Market,2025-12-03T02:30:19,2026-01-20T19:02:55,0
C001707,billycrane@example.com,John,Smith,GEO0150,Mid-Market,2024-06-11T23:33:13,2024-10-11T00:16:15,0
C001708,benjaminleah@example.com,Amanda,Lam,GEO0566,Mid-Market,2026-01-29T08:04:39,2026-02-22T12:10:09,0
C001709,usmith@example.net,Kristin,Mack,GEO0335,Consumer,2024-03-24T03:26:31,2024-04-07T16:03:23,0
C001710,crawfordbetty@example.net,Donna,Roberts,GEO0209,SMB,2025-07-24T13:53:58,2025-11-01T14:48:56,0
C001711,wyattsara@example.com,Ann,Murphy,GEO0005,SMB,2024-02-11T07:44:25,2024-07-16T02:36:32,0
C001712,alexisjordan@example.com,Deborah,Potts,GEO0503,SMB,2025-02-07T11:03:19,2025-12-01T09:49:48,0
C001713,garciasarah@example.net,Jonathan,Sandoval,GEO0684,SMB,2024-09-17T20:02:28,2025-12-02T12:12:43,0
C001714,robert63@example.net,Frank,Davis,GEO0427,Consumer,2025-09-11T22:14:36,2025-12-26T11:00:19,0
C001715,kyle88@example.net,Casey,Mcgrath,GEO0662,SMB,2025-09-11T05:29:12,2025-10-14T05:24:08,0
C001716,farrellaaron@example.org,Cameron,Townsend,GEO0408,Consumer,2024-04-30T09:09:16,2024-12-07T13:42:08,0
C001717,tammy17@example.com,David,Miranda,GEO0677,SMB,2026-01-26T20:35:44,2026-02-15T08:43:09,0
C001718,edixon@example.net,Christina,Floyd,GEO0680,Mid-Market,2025-11-26T16:40:56,2025-12-01T17:47:31,0
C001719,kristina52@example.com,Lindsay,Gardner,GEO0694,Mid-Market,2025-08-31T19:06:47,2026-02-06T13:09:40,0
C001720,jessica91@example.org,Francis,Peterson,GEO0201,SMB,2026-01-11T22:05:42,2026-02-18T18:43:24,0
C001721,timothymiddleton@example.net,Michael,Peterson,GEO0748,Consumer,2024-08-13T17:21:51,2025-04-15T04:46:18,0
C001722,bsparks@example.org,Lindsay,Parsons,GEO0794,Consumer,2025-04-16T11:42:03,2025-10-19T17:15:14,0
C001723,mlewis@example.net,Dana,Ayala,GEO0043,Consumer,2024-09-23T01:51:44,2025-05-27T02:05:45,0
C001724,cherryjulie@example.net,Sarah,Norman,GEO0061,Mid-Market,2025-01-09T16:31:25,2025-01-23T11:46:17,0
C001725,phughes@example.com,James,Williams,GEO0333,Mid-Market,2025-04-23T12:58:44,2026-02-05T21:17:31,0
C001726,klopez@example.com,Andre,Beck,GEO0325,SMB,2025-04-09T18:45:57,2025-08-24T23:49:57,0
C001727,deborah60@example.com,Michelle,Miller,GEO0046,SMB,2025-10-12T06:23:15,2026-01-31T11:36:30,0
C001728,wheeleranna@example.org,Brittany,Kennedy,GEO0170,SMB,2024-10-04T12:59:46,2025-10-30T02:27:13,0
C001729,david05@example.org,Larry,Short,GEO0094,Consumer,2024-10-14T02:11:21,2025-03-09T11:01:34,0
C001730,benjamin10@example.com,Elizabeth,Murillo,GEO0552,Mid-Market,2024-01-09T10:59:53,2025-10-03T09:32:05,0
C001731,lisa24@example.com,Melissa,Zavala,GEO0765,Consumer,2024-12-15T12:38:09,2025-05-29T11:36:24,0
C001732,charles44@example.com,Andrew,Zavala,GEO0360,SMB,2024-11-05T05:07:54,2026-02-20T07:00:29,0
C001733,jack12@example.net,Carrie,York,GEO0229,Consumer,2024-10-09T07:23:49,2025-10-11T18:07:17,0
C001734,daniel45@example.com,Pamela,White,GEO0770,Consumer,2025-01-29T09:03:42,2025-06-13T20:34:37,0
C001735,brandimiller@example.org,Joshua,Skinner,GEO0281,Consumer,2024-09-10T13:52:07,2025-07-15T10:56:19,0
C001736,cainana@example.net,Monica,Payne,GEO0607,Consumer,2026-01-05T14:36:26,2026-01-19T21:49:29,0
C001737,craig60@example.com,Samantha,Fisher,GEO0133,Mid-Market,2024-04-16T00:01:34,2026-02-06T21:46:07,0
C001738,joseph02@example.org,Clinton,Duffy,GEO0499,SMB,2025-06-27T05:09:59,2025-07-27T02:23:46,0
C001739,rodriguezthomas@example.com,Lisa,Sullivan,GEO0574,Consumer,2025-04-02T17:17:20,2025-06-21T06:23:52,0
C001740,bakerbrittany@example.net,Patty,Wright,GEO0650,SMB,2025-11-04T23:57:11,2025-12-29T16:51:29,0
C001741,gary91@example.net,Lisa,Ruiz,GEO0182,Mid-Market,2024-09-30T20:56:43,2026-02-22T01:07:31,0
C001742,garybernard@example.net,William,Mayo,GEO0068,Consumer,2025-10-20T20:59:52,2025-10-26T22:33:26,0
C001743,maldonadonancy@example.net,Laura,Parsons,GEO0524,Mid-Market,2024-12-15T04:14:57,2025-07-30T14:28:08,0
C001744,travisyoung@example.com,Jason,Estrada,GEO0576,SMB,2025-03-16T21:20:26,2025-06-20T06:29:00,0
C001745,mallorycarter@example.org,Richard,Garza,GEO0778,Consumer,2024-10-12T20:52:02,2026-01-28T20:44:22,0
C001746,joseph91@example.net,Robert,Wong,GEO0066,SMB,2024-06-05T17:04:01,2025-06-16T10:41:33,0
C001747,hsmith@example.com,Brittany,Francis,GEO0208,Consumer,2024-02-16T00:58:09,2025-06-25T21:11:46,0
C001748,barbaraolsen@example.net,David,Lambert,GEO0136,SMB,2024-03-08T05:20:29,2026-01-15T06:07:27,0
C001749,jenniferhall@example.org,Julie,Simon,GEO0663,SMB,2025-09-10T07:36:44,2025-10-11T06:48:25,0
C001750,nanderson@example.com,Susan,Andrews,GEO0160,Mid-Market,2025-10-04T02:31:10,2025-10-12T06:07:12,0
C001751,jennifergreer@example.org,Robert,Peterson,GEO0408,SMB,2025-09-29T11:45:09,2026-02-08T12:11:58,0
C001752,uthomas@example.net,Kristen,Melton,GEO0704,Mid-Market,2024-01-28T20:11:36,2026-02-09T20:54:31,0
C001753,tiffany68@example.net,Joshua,Alvarado,GEO0444,SMB,2024-09-09T04:46:23,2025-09-04T21:43:13,0
C001754,jamiegomez@example.net,Michele,Bates,GEO0474,Consumer,2024-08-28T05:09:40,2025-11-24T07:44:39,0
C001755,rburns@example.com,Brandon,Smith,GEO0026,Mid-Market,2025-06-18T19:11:00,2025-11-12T11:54:30,0
C001756,ymoore@example.org,Kaitlin,Warren,GEO0773,Consumer,2025-12-11T11:14:08,2026-01-09T13:27:05,0
C001757,robertkeith@example.org,Justin,Thompson,GEO0738,Consumer,2024-12-24T15:25:05,2025-01-18T17:29:02,0
C001758,kennedykathryn@example.org,Brenda,Bailey,GEO0157,SMB,2024-07-10T19:31:50,2024-11-10T16:51:10,0
C001759,shannonbarker@example.com,Mary,Stuart,GEO0179,SMB,2024-07-23T01:06:00,2025-12-08T03:09:25,0
C001760,ethan37@example.org,Andre,Young,GEO0584,Mid-Market,2024-12-28T17:14:57,2025-10-09T21:35:40,0
C001761,jcruz@example.net,Dawn,Thomas,GEO0434,Mid-Market,2024-07-06T02:54:31,2025-09-24T22:48:16,0
C001762,jennifer84@example.net,Corey,Atkins,GEO0383,SMB,2024-09-21T15:12:20,2025-12-18T08:08:09,0
C001763,julie01@example.net,Susan,Rodriguez,GEO0175,Mid-Market,2024-08-09T04:09:10,2026-01-11T00:40:06,0
C001764,johnny38@example.net,Autumn,Middleton,GEO0190,SMB,2025-09-14T08:09:22,2026-02-04T21:54:47,0
C001765,courtneymadden@example.org,Edward,Smith,GEO0524,Mid-Market,2024-06-06T21:43:40,2024-12-11T05:46:22,0
C001766,abradley@example.com,James,Rodriguez,GEO0251,SMB,2024-02-28T05:52:56,2025-11-21T10:13:23,0
C001767,jennifer64@example.net,Linda,Willis,GEO0600,SMB,2024-02-20T07:53:57,2025-12-01T23:30:55,0
C001768,msantiago@example.net,Anne,Davis,GEO0609,Consumer,2024-09-07T20:07:34,2024-11-02T08:25:43,0
C001769,pweber@example.com,Brandon,Rogers,GEO0227,SMB,2025-05-18T03:52:15,2025-05-21T15:42:20,0
C001770,iblake@example.com,Trevor,Jordan,GEO0315,SMB,2025-07-26T03:41:35,2025-10-16T04:00:56,0
C001771,norrisdakota@example.org,Jesse,Delacruz,GEO0355,Consumer,2024-03-14T12:11:25,2026-01-19T01:32:50,0
C001772,stuartnichols@example.net,Charles,Becker,GEO0333,SMB,2025-11-10T07:36:53,2026-02-10T15:42:23,0
C001773,ohiggins@example.net,Jason,Wood,GEO0329,SMB,2024-03-05T23:17:50,2025-07-05T01:23:20,0
C001774,scottsamantha@example.com,David,Ramirez,GEO0218,Consumer,2025-08-05T05:59:40,2026-01-20T02:23:05,0
C001775,forozco@example.com,Sandra,Carr,GEO0207,SMB,2026-01-07T02:04:36,2026-02-25T21:21:21,0
C001776,trujillokylie@example.net,Julie,Mays,GEO0431,Consumer,2024-10-05T18:59:42,2025-01-06T18:46:24,0
C001777,bradleybarker@example.net,Gary,Todd,GEO0264,Mid-Market,2024-08-04T10:28:35,2025-12-25T11:51:11,0
C001778,howetracy@example.org,Laura,Clay,GEO0003,Consumer,2025-05-03T04:01:16,2025-07-28T13:10:42,0
C001779,davisbrandi@example.net,Joshua,Simmons,GEO0182,Mid-Market,2024-03-13T20:31:06,2024-07-30T23:42:05,0
C001780,sarah78@example.net,Frank,Rodgers,GEO0260,Consumer,2024-11-10T06:36:15,2025-11-29T22:27:57,0
C001781,contrerasjames@example.org,Jim,Williams,GEO0720,SMB,2025-09-27T14:34:36,2026-01-21T12:02:36,0
C001782,jamesclark@example.org,Kenneth,Brown,GEO0658,SMB,2025-06-19T06:04:10,2026-01-23T15:57:30,0
C001783,iperez@example.org,David,Barr,GEO0590,Mid-Market,2024-03-22T05:08:28,2026-01-18T12:43:48,0
C001784,michaelsherman@example.com,Mary,Reynolds,GEO0019,SMB,2025-04-16T22:36:33,2026-01-14T19:30:41,0
C001785,basserik@example.com,Adrian,Brooks,GEO0017,SMB,2025-03-06T07:53:40,2025-06-20T20:43:36,0
C001786,gabrielleorozco@example.org,Christopher,Moore,GEO0208,Mid-Market,2025-12-16T09:12:07,2025-12-27T20:49:24,0
C001787,hernandezdaniel@example.org,Holly,Martin,GEO0183,Consumer,2024-11-12T00:32:43,2025-11-18T18:40:21,0
C001788,olivia29@example.net,Donna,Lewis,GEO0753,Consumer,2024-08-26T04:02:10,2024-12-27T18:04:22,0
C001789,ncoleman@example.com,Joshua,Green,GEO0556,SMB,2024-01-25T15:51:24,2024-10-29T09:36:40,0
C001790,sarayates@example.org,James,Phillips,GEO0535,SMB,2024-10-17T00:45:03,2024-10-17T04:26:35,0
C001791,lho@example.org,Laura,Martinez,GEO0149,SMB,2025-02-09T09:34:42,2025-09-19T15:25:19,0
C001792,hallisabella@example.org,Ann,Foster,GEO0592,Mid-Market,2025-04-03T14:59:19,2025-05-18T13:52:12,0
C001793,brianwhite@example.org,Lauren,Allen,GEO0423,SMB,2024-12-21T22:02:16,2025-06-08T01:01:26,0
C001794,romerocatherine@example.org,John,Tran,GEO0279,SMB,2024-12-27T22:14:30,2025-04-07T01:37:47,0
C001795,alicia14@example.com,Martin,Taylor,GEO0399,Mid-Market,2024-10-05T13:39:11,2026-01-23T14:05:07,0
C001796,bradleyhenry@example.org,Donald,Tyler,GEO0740,Mid-Market,2025-10-12T20:22:08,2026-01-17T07:20:13,0
C001797,holmescolleen@example.org,Robert,Schultz,GEO0541,SMB,2025-12-12T18:29:46,2025-12-13T05:23:22,0
C001798,rojasmarc@example.org,Erin,Haney,GEO0116,Mid-Market,2024-06-14T05:29:26,2025-01-11T13:19:15,0
C001799,anthony00@example.net,Hannah,Roy,GEO0217,Mid-Market,2024-11-17T09:58:33,2025-09-30T17:53:36,0
C001800,millerfrederick@example.net,Lindsey,Willis,GEO0147,Mid-Market,2024-12-09T12:22:59,2025-05-02T13:42:27,0
C001801,wattstimothy@example.org,Scott,Shannon,GEO0017,SMB,2024-11-01T08:55:57,2026-02-26T09:47:14,0
C001802,brian90@example.net,Edward,Gomez,GEO0535,SMB,2025-12-27T02:50:57,2026-02-04T19:07:25,0
C001803,ychambers@example.net,Debbie,Goodwin,GEO0631,Mid-Market,2025-09-09T07:48:38,2025-11-10T22:54:16,0
C001804,erik82@example.net,Elizabeth,Fernandez,GEO0647,SMB,2025-08-15T09:14:36,2025-10-23T13:16:01,0
C001805,travis12@example.org,Madison,Roberts,GEO0313,Mid-Market,2026-02-16T21:44:35,2026-02-18T04:14:03,0
C001806,edwardstaylor@example.net,Ryan,Johnson,GEO0720,Mid-Market,2024-12-02T13:08:38,2025-12-07T15:46:59,0
C001807,smithjose@example.org,Nicholas,Fields,GEO0498,Mid-Market,2025-08-12T17:41:49,2025-12-23T18:54:59,0
C001808,wardzachary@example.net,Edward,Gray,GEO0108,Consumer,2024-04-12T05:06:00,2025-11-17T14:08:03,0
C001809,youngedward@example.com,William,Ewing,GEO0706,Consumer,2024-06-26T15:48:02,2025-10-29T10:19:57,0
C001810,donna54@example.org,Kristen,Bennett,GEO0228,SMB,2025-06-15T06:18:40,2026-01-12T11:21:30,0
C001811,tranbenjamin@example.com,Brian,Clark,GEO0559,Consumer,2025-08-22T04:02:15,2025-08-24T01:19:17,0
C001812,nguzman@example.net,Steve,Kelly,GEO0267,SMB,2025-03-19T12:59:04,2025-06-02T23:39:14,0
C001813,bartonkimberly@example.net,Jack,Brown,GEO0514,Consumer,2024-02-25T04:57:47,2025-02-23T03:08:49,0
C001814,laurie16@example.com,Mary,Martinez,GEO0173,Mid-Market,2024-07-27T14:21:54,2025-09-02T11:33:45,0
C001815,greenjessica@example.net,Gregory,Fry,GEO0654,Consumer,2025-02-05T10:37:21,2025-12-23T21:53:30,0
C001816,pgilmore@example.net,James,Robbins,GEO0665,Mid-Market,2024-01-03T13:51:05,2025-08-12T19:13:04,0
C001817,allisonbrown@example.com,John,Nunez,GEO0477,SMB,2025-12-23T17:19:12,2026-01-25T22:20:25,0
C001818,heathermontgomery@example.com,Jessica,Boyd,GEO0413,Consumer,2024-08-14T02:14:59,2026-02-20T17:23:03,0
C001819,rickey20@example.org,Natasha,Avila,GEO0482,SMB,2024-07-28T05:12:53,2025-09-18T05:59:42,0
C001820,michealhardy@example.net,Ryan,Garcia,GEO0018,Consumer,2024-05-18T07:12:19,2025-08-29T09:11:16,0
C001821,christopher06@example.com,Sonia,Welch,GEO0439,Mid-Market,2024-07-31T03:01:19,2025-03-25T21:28:45,0
C001822,michaelchristensen@example.com,Michelle,Williams,GEO0424,Mid-Market,2025-03-01T23:44:43,2026-01-31T12:50:52,0
C001823,ukramer@example.net,Miguel,Stephens,GEO0648,Consumer,2024-01-29T17:50:57,2025-11-25T10:45:45,0
C001824,kellychung@example.net,Andrew,Miller,GEO0220,Mid-Market,2024-05-24T08:24:48,2026-01-10T01:09:56,0
C001825,yparker@example.com,Michelle,Palmer,GEO0548,Consumer,2025-10-31T20:42:31,2025-12-26T09:04:29,0
C001826,ingramjessica@example.com,John,Terry,GEO0477,Consumer,2024-07-11T09:13:53,2025-06-02T01:09:14,0
C001827,mariahill@example.net,Teresa,Owens,GEO0774,Consumer,2025-01-10T05:10:52,2025-10-23T19:17:27,0
C001828,nunezmatthew@example.com,Gloria,Brown,GEO0055,Consumer,2024-12-12T14:48:21,2025-12-20T05:12:12,0
C001829,john33@example.com,James,Fox,GEO0488,Consumer,2025-06-16T19:50:14,2025-06-20T04:01:08,0
C001830,nicole16@example.net,Jeffrey,Thomas,GEO0319,Mid-Market,2025-02-14T03:13:13,2025-02-19T07:01:14,0
C001831,davisjennifer@example.com,Alicia,Griffith,GEO0112,SMB,2024-09-16T14:28:04,2025-01-19T21:57:27,0
C001832,stephenscatherine@example.org,John,Davis,GEO0257,SMB,2025-04-12T00:28:54,2025-11-16T04:49:30,0
C001833,travistaylor@example.net,Marcus,Perez,GEO0728,SMB,2025-09-16T10:15:57,2025-09-30T05:17:41,0
C001834,ubond@example.org,Stephanie,Hull,GEO0636,Consumer,2024-08-03T02:57:11,2025-03-27T23:37:35,0
C001835,uchang@example.com,Cody,Yu,GEO0106,SMB,2024-09-21T05:15:01,2025-04-30T08:45:58,0
C001836,umaxwell@example.net,Patricia,Smith,GEO0655,Consumer,2024-05-14T04:34:18,2025-08-26T02:51:37,0
C001837,jasonjohnson@example.org,Brenda,Cook,GEO0711,Consumer,2026-01-29T02:29:45,2026-02-08T05:42:51,0
C001838,irodriguez@example.net,Alexandria,Smith,GEO0465,Consumer,2024-10-26T11:03:28,2025-12-16T23:26:58,0
C001839,ocook@example.net,Tyler,Daniel,GEO0237,Mid-Market,2024-09-22T17:29:46,2025-01-04T15:41:40,0
C001840,hornerebecca@example.org,Nicole,Frazier,GEO0012,SMB,2025-05-22T08:26:06,2025-08-23T08:03:24,0
C001841,yrichardson@example.com,Dennis,Brown,GEO0578,Mid-Market,2025-10-17T07:34:55,2026-02-06T04:50:43,0
C001842,cassandra18@example.net,Kelsey,Mitchell,GEO0227,Consumer,2025-10-06T10:32:55,2025-10-22T05:09:20,0
C001843,jeremiah68@example.com,Matthew,Johnson,GEO0539,Mid-Market,2024-02-11T22:21:24,2025-03-20T17:18:45,0
C001844,katherinerussell@example.org,Lisa,Moore,GEO0698,Mid-Market,2025-06-03T23:09:15,2026-02-06T07:40:12,0
C001845,catherinewagner@example.org,John,Hill,GEO0435,Consumer,2025-08-10T05:06:08,2025-08-31T02:03:07,0
C001846,robert14@example.org,Heather,Mathews,GEO0548,Mid-Market,2025-04-13T01:15:44,2025-10-07T22:35:26,0
C001847,david86@example.net,Brad,Richardson,GEO0197,Mid-Market,2026-01-30T01:42:58,2026-02-27T02:29:54,0
C001848,stricklandmatthew@example.com,Selena,Patterson,GEO0676,SMB,2025-05-11T22:02:51,2025-09-03T19:09:22,0
C001849,stonecody@example.net,David,Deleon,GEO0043,Mid-Market,2025-08-24T19:16:44,2025-11-22T05:38:20,0
C001850,mcmillansherry@example.org,Abigail,Harris,GEO0429,Consumer,2026-02-21T15:06:11,2026-02-23T04:57:31,0
C001851,msanders@example.org,Lisa,Farmer,GEO0357,Mid-Market,2025-02-01T08:15:14,2025-11-13T14:11:10,0
C001852,dmoore@example.org,Luke,Mcgee,GEO0127,SMB,2025-01-04T04:09:07,2025-07-15T05:24:43,0
C001853,cisneroskatrina@example.com,Priscilla,Kelly,GEO0486,SMB,2025-12-02T18:56:41,2026-01-19T06:58:12,0
C001854,lhicks@example.com,Ashley,Washington,GEO0498,Consumer,2026-01-23T22:34:52,2026-02-04T06:18:18,0
C001855,jcoleman@example.net,Rachel,Howell,GEO0390,Consumer,2025-03-29T09:32:53,2025-12-19T15:32:38,0
C001856,kelly01@example.org,Kevin,Spencer,GEO0542,Consumer,2024-12-04T08:29:01,2026-01-19T05:00:55,0
C001857,vdeleon@example.com,John,Roy,GEO0433,Mid-Market,2025-09-20T12:49:32,2025-12-18T02:39:49,0
C001858,ricklewis@example.net,Nicholas,Ramsey,GEO0661,Consumer,2024-11-16T21:28:31,2025-03-27T19:44:57,0
C001859,garciamitchell@example.net,Heather,Obrien,GEO0150,SMB,2025-02-10T20:42:13,2025-05-02T19:47:20,0
C001860,romerovictoria@example.net,Jasmine,Pratt,GEO0664,SMB,2024-08-26T05:28:58,2026-01-17T15:20:50,0
C001861,audrey07@example.com,Brandi,Martin,GEO0270,SMB,2024-06-12T18:09:01,2025-08-14T02:56:25,0
C001862,kwang@example.com,Molly,Douglas,GEO0049,Consumer,2025-07-09T04:51:38,2025-08-12T00:41:23,0
C001863,hdavis@example.com,Dustin,Bowers,GEO0054,Consumer,2026-01-12T04:37:18,2026-01-19T02:20:59,0
C001864,kwalsh@example.org,Dylan,Cunningham,GEO0099,SMB,2026-02-26T06:02:09,2026-02-28T10:48:42,0
C001865,andrew84@example.net,Christine,Proctor,GEO0700,SMB,2025-08-18T07:27:15,2025-12-14T21:46:51,0
C001866,stephaniezamora@example.org,Jackson,Deleon,GEO0362,SMB,2025-10-23T05:52:39,2026-01-06T21:48:11,0
C001867,kellythomas@example.com,Richard,Castro,GEO0714,SMB,2025-03-17T02:21:42,2025-07-27T19:32:01,0
C001868,russellholly@example.net,Thomas,Sanders,GEO0202,Mid-Market,2025-11-15T10:06:12,2025-12-11T23:06:14,0
C001869,bryantrobert@example.org,Dawn,Thompson,GEO0325,Consumer,2025-07-05T01:17:36,2025-11-18T07:45:54,0
C001870,kylehahn@example.net,Jeremy,Lawson,GEO0275,Mid-Market,2024-03-06T02:11:54,2024-08-08T03:53:11,0
C001871,elizabeth95@example.net,John,Dodson,GEO0789,SMB,2024-03-19T23:18:32,2026-01-26T03:45:23,0
C001872,dianehoffman@example.org,Mary,Pollard,GEO0694,SMB,2024-06-06T17:26:34,2025-10-30T12:19:57,0
C001873,merrittsusan@example.net,David,Thomas,GEO0579,Mid-Market,2024-04-16T03:33:20,2025-01-09T17:34:03,0
C001874,jpeterson@example.org,Richard,Hines,GEO0285,SMB,2024-11-12T04:53:53,2025-10-22T00:02:50,0
C001875,ryanadams@example.net,Patrick,Gray,GEO0662,Mid-Market,2024-06-30T16:58:59,2025-11-21T14:40:33,0
C001876,nmccoy@example.org,Anna,Stokes,GEO0789,SMB,2024-09-07T16:20:49,2025-10-09T20:25:18,0
C001877,powersgina@example.org,Katie,Aguirre,GEO0052,Mid-Market,2025-02-12T09:49:47,2025-04-13T19:27:46,0
C001878,ashley14@example.org,Kimberly,Ross,GEO0050,SMB,2024-08-10T21:11:07,2025-01-01T22:59:27,0
C001879,johnhogan@example.com,Melissa,Nelson,GEO0111,Consumer,2024-05-28T02:12:11,2024-06-14T09:44:04,0
C001880,bondmarissa@example.org,Timothy,Walker,GEO0358,Consumer,2024-10-18T19:16:34,2025-02-06T03:18:46,0
C001881,contreraswillie@example.net,Peter,Mcclure,GEO0528,Mid-Market,2025-06-07T22:55:07,2025-07-23T15:55:39,0
C001882,murillodarryl@example.com,William,Jones,GEO0553,SMB,2024-06-06T18:39:38,2026-02-23T08:36:44,0
C001883,lisarogers@example.org,Brandon,Jones,GEO0315,Mid-Market,2024-04-08T05:32:44,2024-10-28T03:47:35,0
C001884,salazarjoshua@example.com,Crystal,Jones,GEO0026,Consumer,2024-02-28T13:27:26,2024-03-20T23:44:47,0
C001885,brian62@example.net,Alejandra,Wiggins,GEO0701,Consumer,2025-12-24T01:00:22,2026-01-18T23:10:34,0
C001886,omay@example.org,Brent,Richardson,GEO0666,Mid-Market,2024-07-17T12:12:55,2024-10-23T00:20:40,0
C001887,joseph77@example.com,Carol,Myers,GEO0316,Consumer,2024-11-30T08:15:56,2025-08-28T07:35:45,0
C001888,kleinshane@example.org,Jessica,Hines,GEO0297,Mid-Market,2024-12-29T22:10:59,2025-07-30T19:10:42,0
C001889,mpowers@example.org,Melvin,Peters,GEO0247,Mid-Market,2025-08-01T01:03:28,2025-11-10T17:44:27,0
C001890,reesetravis@example.net,Margaret,Livingston,GEO0064,SMB,2025-04-13T07:54:14,2025-07-12T17:56:13,0
C001891,hendrixariana@example.net,Carl,Strickland,GEO0469,Mid-Market,2025-05-28T12:43:50,2025-09-09T06:52:30,0
C001892,sandersalexandria@example.net,Jose,Waller,GEO0312,Consumer,2026-02-03T16:21:40,2026-02-06T20:34:58,0
C001893,jameshall@example.org,Stephanie,Edwards,GEO0044,SMB,2026-02-07T05:25:29,2026-02-10T07:27:35,0
C001894,jamesmoon@example.com,Daniel,Stephens,GEO0307,Consumer,2024-04-21T02:12:09,2026-03-01T16:50:10,0
C001895,marshalljamie@example.org,Erika,Miller,GEO0738,Mid-Market,2024-08-19T19:09:06,2026-02-23T16:46:14,0
C001896,aaronrodriguez@example.com,John,Palmer,GEO0460,SMB,2024-07-10T23:38:46,2024-09-12T16:30:20,0
C001897,david78@example.net,Tiffany,Bennett,GEO0633,Mid-Market,2026-02-21T22:01:25,2026-02-28T15:24:06,0
C001898,jefferyjones@example.net,Amy,Parker,GEO0016,SMB,2024-02-14T20:46:23,2025-10-01T05:00:40,0
C001899,barbergary@example.net,Marcus,Thomas,GEO0171,Mid-Market,2025-07-05T03:54:41,2026-01-29T08:15:49,0
C001900,ccarter@example.org,Ryan,Mitchell,GEO0298,Consumer,2025-09-28T14:38:28,2026-01-10T03:29:58,0
C001901,youngjamie@example.com,Marilyn,Ross,GEO0680,Consumer,2025-12-12T11:37:26,2026-02-24T17:41:15,0
C001902,penningtonrebecca@example.net,Krystal,Contreras,GEO0224,SMB,2025-12-10T11:42:31,2026-01-01T23:43:01,0
C001903,rosejones@example.org,Danielle,Humphrey,GEO0706,Consumer,2026-01-19T22:25:24,2026-02-11T22:52:25,0
C001904,curtislee@example.net,Sarah,Barnes,GEO0233,Consumer,2025-01-28T19:55:22,2025-11-18T03:08:20,0
C001905,jessica79@example.com,Jesus,Simmons,GEO0367,SMB,2024-07-28T19:32:37,2026-02-27T05:21:20,0
C001906,nancyryan@example.org,Melanie,Thompson,GEO0780,SMB,2025-09-08T21:27:40,2026-02-17T00:48:28,0
C001907,ricky53@example.net,Karen,Moyer,GEO0593,Consumer,2024-11-01T18:55:38,2024-11-12T14:17:40,0
C001908,vasquezjacqueline@example.net,Jennifer,Patterson,GEO0284,Mid-Market,2024-05-26T13:27:37,2025-04-02T02:48:28,0
C001909,chavezisabel@example.com,Michelle,Crawford,GEO0027,SMB,2025-09-25T15:01:35,2025-09-25T17:50:38,0
C001910,zholmes@example.org,Michelle,Smith,GEO0410,Mid-Market,2024-11-10T21:31:16,2025-08-23T11:43:39,0
C001911,bennettdouglas@example.net,Mary,White,GEO0422,SMB,2025-08-07T12:17:04,2025-12-15T06:51:38,0
C001912,mark21@example.com,Erika,Keller,GEO0024,SMB,2025-05-31T03:26:29,2025-10-02T09:53:29,0
C001913,watersamber@example.com,Sharon,Mcdaniel,GEO0445,SMB,2025-10-07T06:25:46,2026-02-21T17:06:24,0
C001914,uhudson@example.org,Alexandra,Carrillo,GEO0531,Mid-Market,2025-08-21T00:16:18,2025-11-09T00:50:38,0
C001915,charlesduncan@example.com,Ashley,Novak,GEO0028,Mid-Market,2025-11-09T16:51:25,2026-03-01T00:20:10,0
C001916,grantamanda@example.net,Joseph,Jordan,GEO0743,Consumer,2024-02-02T12:08:29,2024-03-13T12:25:18,0
C001917,krista02@example.org,Patricia,Johnson,GEO0632,Consumer,2025-09-08T00:53:34,2025-10-23T08:34:53,0
C001918,lauren93@example.net,Meagan,Hamilton,GEO0711,Mid-Market,2025-01-02T03:49:14,2025-01-02T17:56:34,0
C001919,william42@example.com,Nicole,Morgan,GEO0725,Consumer,2025-07-22T21:51:02,2025-10-14T15:19:42,0
C001920,hollandjustin@example.com,Connie,Romero,GEO0417,Mid-Market,2025-07-07T07:39:38,2026-01-11T15:16:53,0
C001921,dominguezscott@example.com,Sandra,Young,GEO0165,Consumer,2026-01-31T17:22:26,2026-02-27T07:00:09,0
C001922,ewest@example.org,Amber,Stanton,GEO0139,SMB,2025-04-02T00:03:00,2025-07-19T01:43:22,0
C001923,anthonygilbert@example.com,Omar,Miller,GEO0309,Mid-Market,2025-02-03T12:06:37,2025-12-05T11:41:13,0
C001924,ballelizabeth@example.com,Troy,Patel,GEO0784,SMB,2025-01-01T09:06:35,2025-05-14T18:12:52,0
C001925,nweaver@example.net,Rose,Wagner,GEO0321,Mid-Market,2025-07-08T09:27:28,2025-11-30T01:32:48,0
C001926,maryanderson@example.net,Barbara,Snyder,GEO0464,Consumer,2026-01-08T20:07:33,2026-02-07T05:26:56,0
C001927,gibbsamanda@example.net,Alice,Ross,GEO0418,Consumer,2024-02-05T03:40:48,2024-08-31T13:23:56,0
C001928,faithsparks@example.com,Brett,Adams,GEO0732,Consumer,2024-05-05T07:17:58,2025-03-03T09:16:08,0
C001929,alvaradomindy@example.com,Parker,Harvey,GEO0027,Consumer,2025-09-01T12:30:17,2026-02-18T10:27:35,0
C001930,bcarroll@example.net,David,Ramirez,GEO0346,SMB,2025-02-14T05:19:02,2025-08-26T04:50:49,0
C001931,kimberlycooper@example.com,Joseph,White,GEO0111,SMB,2024-04-29T11:39:38,2025-07-19T15:08:20,0
C001932,zmurray@example.org,Donald,Serrano,GEO0323,Consumer,2025-03-11T05:54:11,2025-05-13T19:00:21,0
C001933,jacob32@example.net,Amanda,Johnston,GEO0262,Mid-Market,2024-08-08T20:42:18,2025-11-01T00:16:31,0
C001934,kristine33@example.net,Susan,Bradshaw,GEO0347,SMB,2025-05-06T09:34:18,2025-10-19T11:38:14,0
C001935,petersonfrank@example.org,Gabrielle,Moon,GEO0380,SMB,2025-03-23T05:06:54,2025-07-19T17:14:20,0
C001936,amandamorgan@example.com,Gregory,Landry,GEO0007,Consumer,2025-05-15T04:18:21,2025-11-09T06:06:10,0
C001937,kjackson@example.org,Richard,Lawrence,GEO0492,Consumer,2025-09-02T00:47:15,2025-12-11T04:42:11,0
C001938,matthewfranklin@example.net,Mitchell,Walker,GEO0016,Consumer,2024-04-03T22:49:30,2024-12-01T20:09:40,0
C001939,castropeter@example.com,Anthony,Brewer,GEO0579,SMB,2025-04-19T05:27:49,2025-09-04T17:41:34,0
C001940,stephanie85@example.org,Chelsea,Avila,GEO0363,Mid-Market,2024-09-09T11:35:20,2025-08-03T17:20:10,0
C001941,mallory30@example.org,Kristopher,Hanson,GEO0624,Mid-Market,2025-08-21T09:10:43,2025-11-17T04:45:54,0
C001942,housedaniel@example.com,Carol,Martin,GEO0315,SMB,2024-04-13T03:32:20,2025-08-26T11:39:05,0
C001943,adriennebush@example.net,Joel,Leon,GEO0698,Consumer,2024-03-09T10:58:03,2025-09-01T20:03:23,0
C001944,robersonjason@example.com,Christopher,Carter,GEO0752,Consumer,2025-09-05T08:28:29,2025-11-22T08:30:14,0
C001945,murphymark@example.org,Jay,Thompson,GEO0169,Mid-Market,2025-01-09T06:22:49,2025-03-22T09:28:55,0
C001946,lisaalvarez@example.net,Connor,Lindsey,GEO0009,Mid-Market,2026-01-19T23:18:07,2026-02-17T03:22:37,0
C001947,cyork@example.org,Susan,Baker,GEO0715,Mid-Market,2025-12-20T14:12:16,2026-01-26T19:13:02,0
C001948,heidischneider@example.org,Justin,Carrillo,GEO0015,SMB,2024-08-24T16:34:01,2025-04-08T06:07:33,0
C001949,johnsonmichael@example.com,Patrick,Moreno,GEO0666,Consumer,2025-03-07T02:44:12,2025-07-07T20:33:58,0
C001950,hortonalexandra@example.net,Brian,Oconnor,GEO0055,SMB,2024-07-05T01:32:30,2025-12-05T17:56:11,0
C001951,katherinesmith@example.com,David,Kirk,GEO0498,Consumer,2025-07-24T11:50:11,2025-11-23T17:30:12,0
C001952,richard25@example.net,Lisa,Pacheco,GEO0755,Mid-Market,2024-10-19T13:11:20,2025-10-04T02:20:11,0
C001953,ubutler@example.net,William,Sparks,GEO0514,Mid-Market,2025-03-31T09:26:20,2025-07-17T10:46:14,0
C001954,rryan@example.com,Michelle,Taylor,GEO0664,Consumer,2025-06-08T03:32:36,2025-08-01T11:27:43,0
C001955,william48@example.net,Matthew,Chapman,GEO0298,SMB,2024-07-11T08:55:24,2025-12-01T02:47:30,0
C001956,laura59@example.com,Gregory,Anderson,GEO0727,SMB,2026-01-30T05:37:51,2026-02-11T18:59:04,0
C001957,poncelisa@example.com,Tricia,Johnson,GEO0058,Consumer,2024-08-17T12:08:37,2025-05-07T12:40:50,0
C001958,khanbrad@example.com,Nathan,Hall,GEO0777,SMB,2024-09-25T01:39:37,2024-10-24T22:02:07,0
C001959,charlesyoung@example.net,Natalie,Ware,GEO0386,Mid-Market,2025-06-29T17:21:30,2025-08-26T18:01:34,0
C001960,lloydmiranda@example.org,Jared,Nguyen,GEO0562,Mid-Market,2024-08-27T22:21:10,2024-12-02T22:05:34,0
C001961,njohnson@example.net,Cynthia,Peters,GEO0233,Mid-Market,2025-02-23T16:18:57,2025-07-20T05:41:18,0
C001962,evelyncampbell@example.com,Melissa,Warren,GEO0686,Mid-Market,2024-10-10T16:49:33,2025-03-11T19:48:57,0
C001963,ncruz@example.net,Tracy,Porter,GEO0058,Mid-Market,2025-11-17T23:29:37,2026-01-03T14:10:35,0
C001964,rodneynolan@example.com,Jennifer,Carter,GEO0289,SMB,2025-01-14T10:40:45,2025-11-02T11:48:33,0
C001965,ahernandez@example.org,Michael,Robertson,GEO0553,Mid-Market,2025-06-14T03:53:37,2025-07-10T05:09:04,0
C001966,samantharoberts@example.org,Alicia,Trujillo,GEO0030,Mid-Market,2026-02-02T14:46:34,2026-02-21T21:57:42,0
C001967,jasminemorton@example.org,Jillian,Lee,GEO0309,Consumer,2025-10-08T04:19:33,2026-02-23T06:40:38,0
C001968,martinezcatherine@example.net,Adrian,Torres,GEO0403,Consumer,2025-04-07T14:00:59,2025-09-22T18:33:19,0
C001969,brownjoanna@example.org,April,Perry,GEO0232,SMB,2024-09-25T03:50:17,2025-04-24T13:31:48,0
C001970,tmoore@example.net,Steven,Johnson,GEO0023,Mid-Market,2024-06-12T12:33:06,2024-09-04T05:46:13,0
C001971,katiepowell@example.net,Christopher,Bryant,GEO0611,Consumer,2024-01-31T16:32:21,2025-04-19T17:07:49,0
C001972,rachelcastillo@example.com,Jorge,Mcpherson,GEO0598,Consumer,2025-08-14T19:31:53,2025-12-29T02:17:58,0
C001973,timothy62@example.net,Sheri,Nguyen,GEO0374,Consumer,2025-08-13T00:47:50,2026-01-18T21:58:55,0
C001974,dixonkimberly@example.net,Judy,Reyes,GEO0753,Mid-Market,2026-01-07T20:54:10,2026-03-01T03:28:29,0
C001975,jessicalong@example.net,Misty,Higgins,GEO0771,SMB,2024-02-18T10:09:35,2025-04-28T13:37:13,0
C001976,brewergregory@example.com,Grace,Gonzalez,GEO0047,Consumer,2025-01-17T20:53:42,2025-06-26T23:32:34,0
C001977,sararios@example.org,Sue,Howe,GEO0299,Mid-Market,2024-01-22T14:47:00,2025-12-06T10:12:08,0
C001978,hunter29@example.net,Renee,Lewis,GEO0004,Consumer,2025-02-08T23:47:07,2025-04-11T18:15:50,0
C001979,gkeith@example.net,Ronald,Murphy,GEO0469,Consumer,2024-03-22T07:54:34,2024-07-28T18:30:19,0
C001980,bowmanjoel@example.net,Douglas,Mosley,GEO0647,SMB,2025-10-23T11:07:15,2026-02-09T01:36:03,0
C001981,denise39@example.net,James,Hawkins,GEO0526,SMB,2025-06-27T17:51:06,2026-02-01T16:45:07,0
C001982,joseph17@example.net,Deanna,Mclaughlin,GEO0184,SMB,2024-10-17T01:56:08,2025-03-19T06:45:29,0
C001983,zrobinson@example.com,Keith,Mcmahon,GEO0264,Consumer,2025-02-14T10:59:44,2025-11-12T15:13:24,0
C001984,jose49@example.com,Cheryl,Hardy,GEO0774,Consumer,2025-02-15T14:05:13,2026-02-03T11:32:46,0
C001985,patriciamunoz@example.net,Scott,Lopez,GEO0563,Mid-Market,2025-02-14T07:13:22,2025-06-17T19:03:45,0
C001986,scottmartin@example.com,John,Santana,GEO0598,SMB,2025-10-03T17:20:55,2026-01-21T02:23:40,0
C001987,fwolf@example.net,Daniel,Henry,GEO0127,SMB,2024-10-25T21:15:05,2025-09-23T10:55:24,0
C001988,devon88@example.org,David,Johnson,GEO0213,Consumer,2025-01-19T18:31:36,2025-04-24T11:22:50,0
C001989,taylormichael@example.net,Krystal,Roy,GEO0693,Consumer,2024-04-28T12:18:15,2025-06-04T21:39:02,0
C001990,glenware@example.com,Kathleen,Burns,GEO0051,Mid-Market,2024-05-17T07:30:31,2024-11-19T14:01:54,0
C001991,gstone@example.net,Samuel,Sutton,GEO0156,Mid-Market,2025-07-11T13:49:41,2025-10-15T13:00:21,0
C001992,elizabeth52@example.org,Dana,Foster,GEO0242,SMB,2024-09-12T05:33:05,2025-10-03T08:16:04,0
C001993,lindseysandra@example.org,James,Ramirez,GEO0168,Mid-Market,2025-12-22T13:04:02,2026-01-04T19:44:29,0
C001994,joel61@example.net,Melissa,Berry,GEO0023,Mid-Market,2024-11-27T06:21:34,2026-02-16T20:58:19,0
C001995,stevensmichael@example.org,Stephanie,Wiggins,GEO0585,Consumer,2024-09-28T11:07:02,2025-04-09T21:35:34,0
C001996,johnsonedward@example.net,Gary,Mcintosh,GEO0466,SMB,2024-05-18T06:00:16,2024-10-11T15:26:13,0
C001997,elizabeth14@example.org,Timothy,Valdez,GEO0765,Mid-Market,2024-05-17T03:16:40,2025-02-06T21:17:29,0
C001998,brianmorrow@example.org,Barbara,Gay,GEO0694,Mid-Market,2025-06-25T07:37:20,2026-01-14T06:59:01,0
C001999,clarkbrittney@example.org,Charlotte,Wilson,GEO0552,Mid-Market,2025-02-25T01:26:31,2025-09-18T08:44:48,0
C002000,jwilliams@example.net,Edward,Clark,GEO0447,Mid-Market,2025-11-06T20:44:58,2025-11-06T18:11:11,0
C002001,delacruzsandra@example.com,Robert,Goodwin,GEO0332,SMB,2025-07-03T19:32:29,2026-01-14T08:55:20,0
C002002,brianobrien@example.net,Emily,Wilson,GEO0229,Consumer,2024-12-25T22:15:53,2026-02-23T10:34:47,0
C002003,ipowell@example.org,Bobby,Williamson,GEO0798,Consumer,2025-04-09T15:07:29,2025-08-23T06:01:41,0
C002004,griffinjennifer@example.net,Julia,Rice,GEO0671,Mid-Market,2025-03-11T17:07:50,2025-05-04T12:53:53,0
C002005,mrandolph@example.net,Julie,Lewis,GEO0427,Mid-Market,2024-10-04T01:12:19,2025-05-05T18:32:48,0
C002006,ashley66@example.com,Jared,Smith,GEO0199,Mid-Market,2024-03-07T15:13:35,2025-07-01T14:41:47,0
C002007,stanleymcdowell@example.com,Kimberly,Garcia,GEO0259,Consumer,2025-06-08T23:14:13,2026-01-01T09:48:30,0
C002008,gregory14@example.org,Kristine,Vega,GEO0452,SMB,2024-01-15T03:14:45,2024-01-23T19:00:39,0
C002009,sandraheath@example.net,Elizabeth,Hendrix,GEO0326,SMB,2024-04-25T06:32:52,2026-02-06T13:01:11,0
C002010,caitlynbennett@example.org,Mary,Vargas,GEO0789,SMB,2024-05-10T04:22:16,2024-10-27T01:59:16,0
C002011,virginia56@example.org,Lisa,Fitzgerald,GEO0225,Consumer,2025-11-01T07:57:05,2026-01-18T01:46:41,0
C002012,trujillojason@example.net,Ashley,Reed,GEO0294,SMB,2025-04-06T04:00:17,2025-08-27T02:01:03,0
C002013,xcolon@example.org,Jeremy,Chavez,GEO0182,SMB,2025-12-07T22:37:53,2026-01-10T03:36:13,0
C002014,joshuacoleman@example.com,Andrea,Fernandez,GEO0478,SMB,2024-10-04T07:53:35,2024-12-20T01:39:30,0
C002015,iparker@example.org,Meghan,Green,GEO0669,SMB,2025-09-22T03:40:59,2025-10-28T04:48:17,0
C002016,beasleykimberly@example.org,Donald,Olson,GEO0234,Consumer,2025-04-21T18:46:47,2026-01-31T15:09:47,0
C002017,hendersonmichael@example.org,Timothy,Grant,GEO0722,Mid-Market,2024-09-18T13:13:11,2025-03-18T11:05:31,0
C002018,bruce99@example.org,Scott,Griffith,GEO0228,Consumer,2024-11-01T05:18:00,2025-03-16T22:41:43,0
C002019,reynoldsmichelle@example.org,Robert,Anderson,GEO0682,SMB,2024-06-25T03:06:34,2024-08-16T01:12:19,0
C002020,amanda15@example.com,Jose,Shields,GEO0381,SMB,2025-06-22T03:44:24,2025-08-16T01:30:00,0
C002021,walkerjennifer@example.com,Antonio,Brown,GEO0531,SMB,2025-07-13T14:44:41,2025-08-25T01:59:59,0
C002022,jensenrebecca@example.com,Sue,Elliott,GEO0100,Consumer,2024-02-05T19:21:49,2024-10-04T12:57:51,0
C002023,yrichardson@example.com,Cindy,Wood,GEO0556,Consumer,2026-01-08T02:36:23,2026-01-20T13:34:37,0
C002024,nathan62@example.org,John,Skinner,GEO0527,SMB,2024-01-11T14:30:38,2024-11-26T00:03:06,0
C002025,maryking@example.com,Aaron,Williams,GEO0174,Consumer,2024-09-06T10:51:36,2024-09-18T00:51:29,0
C002026,hammondlaura@example.net,David,Clark,GEO0455,SMB,2025-09-22T02:12:48,2025-09-30T20:28:10,0
C002027,gspencer@example.com,Raymond,Hines,GEO0525,Consumer,2024-04-05T06:34:52,2025-04-29T18:02:47,0
C002028,burnsrodney@example.org,Amy,Black,GEO0117,Consumer,2025-04-28T20:24:31,2025-07-09T05:07:01,0
C002029,seth29@example.org,Miranda,Rodriguez,GEO0317,SMB,2024-09-16T22:49:17,2025-11-07T03:31:07,0
C002030,janet71@example.org,William,Ortiz,GEO0160,Mid-Market,2024-06-20T02:30:53,2024-06-26T14:16:19,0
C002031,wrightsteven@example.org,Martin,Novak,GEO0637,Consumer,2025-02-20T04:52:14,2025-07-24T09:54:50,0
C002032,michael84@example.com,Kevin,Owen,GEO0772,Consumer,2024-05-14T11:09:05,2025-06-24T00:09:21,0
C002033,dannygonzalez@example.org,Annette,White,GEO0079,Mid-Market,2024-08-07T08:48:05,2024-12-30T23:58:59,0
C002034,sean69@example.com,Tyler,Harris,GEO0528,Consumer,2026-01-17T18:17:19,2026-02-14T15:56:11,0
C002035,cookyvonne@example.org,Catherine,Moore,GEO0206,Consumer,2025-09-23T06:43:11,2026-01-08T20:40:22,0
C002036,bweeks@example.com,Samuel,Hernandez,GEO0721,Consumer,2024-04-06T04:30:26,2024-06-25T20:29:38,0
C002037,brenda83@example.org,Holly,Alvarez,GEO0735,Mid-Market,2024-11-03T17:01:43,2025-01-10T08:22:52,0
C002038,brownjoseph@example.com,Ronald,Collins,GEO0500,Mid-Market,2025-01-02T17:22:07,2025-07-16T01:08:06,0
C002039,courtney01@example.org,Brent,Chapman,GEO0394,Mid-Market,2025-08-11T03:20:59,2025-12-26T18:59:53,0
C002040,qmartinez@example.org,Andrew,Rios,GEO0167,SMB,2024-06-23T17:56:25,2025-04-11T23:38:51,0
C002041,amydavid@example.org,Lori,Hart,GEO0150,SMB,2025-02-27T15:35:27,2025-11-17T21:26:08,0
C002042,audrey53@example.net,Whitney,Jones,GEO0154,SMB,2025-04-19T01:58:00,2025-12-31T16:17:19,0
C002043,bobbybishop@example.net,Benjamin,Lawrence,GEO0185,Consumer,2024-09-22T16:47:14,2025-12-14T21:35:05,0
C002044,znoble@example.net,Allison,Vasquez,GEO0399,Mid-Market,2024-04-22T01:31:18,2026-01-16T18:08:05,0
C002045,deborahgonzalez@example.net,Scott,Martinez,GEO0148,Consumer,2024-11-03T01:25:36,2025-11-15T23:48:33,0
C002046,jreyes@example.net,Kelly,Jenkins,GEO0140,Consumer,2026-02-25T12:38:46,2026-02-26T06:50:20,0
C002047,jmoses@example.org,Todd,Cisneros,GEO0329,Mid-Market,2024-10-12T08:32:27,2025-02-27T14:02:32,0
C002048,rcastillo@example.org,Jesus,Thompson,GEO0660,Consumer,2024-04-30T18:33:26,2025-03-22T08:27:11,0
C002049,samuel38@example.net,Brittany,Roberts,GEO0165,Consumer,2026-01-01T05:04:10,2026-01-13T23:46:31,0
C002050,forbessean@example.org,Carl,Carson,GEO0054,Consumer,2026-01-30T00:22:57,2026-02-09T00:56:13,0
C002051,frederick62@example.org,Jason,Williams,GEO0301,Consumer,2024-08-11T01:01:01,2026-02-23T16:24:15,0
C002052,iweiss@example.org,Daniel,Jenkins,GEO0004,Mid-Market,2024-10-25T22:25:29,2025-02-24T18:07:39,0
C002053,donnahopkins@example.net,Linda,Burton,GEO0263,Mid-Market,2024-01-04T16:36:49,2025-08-07T02:07:16,0
C002054,atkinsonrachel@example.net,Sherry,Lloyd,GEO0270,Consumer,2025-02-19T00:37:54,2025-04-07T12:36:48,0
C002055,mikemiles@example.net,Ashley,Larson,GEO0226,Consumer,2025-10-04T07:08:43,2026-02-07T06:59:29,0
C002056,hlester@example.org,Theresa,Estes,GEO0522,Mid-Market,2025-08-18T17:49:36,2026-02-20T14:47:45,0
C002057,sarah80@example.org,Tara,Reilly,GEO0726,SMB,2024-02-15T00:34:50,2025-01-24T09:34:53,0
C002058,kevin22@example.org,Shannon,Beard,GEO0586,Mid-Market,2024-03-25T13:30:16,2025-04-26T07:02:03,0
C002059,alejandra39@example.com,Teresa,Brooks,GEO0132,Mid-Market,2025-09-03T16:17:43,2025-10-29T07:27:07,0
C002060,ryanbryan@example.org,Jordan,Williams,GEO0689,Mid-Market,2024-04-09T07:28:05,2024-07-16T16:56:05,0
C002061,qflores@example.org,Maria,White,GEO0228,Mid-Market,2024-04-04T19:35:41,2025-04-17T22:16:21,0
C002062,omarmiller@example.net,Richard,Duran,GEO0178,Mid-Market,2024-05-24T09:09:01,2024-12-03T20:16:51,0
C002063,villawilliam@example.com,Emily,Garza,GEO0267,Consumer,2025-11-11T02:23:13,2025-12-22T07:17:26,0
C002064,carolhenderson@example.net,Edward,Barber,GEO0622,SMB,2024-01-31T10:24:36,2025-10-13T19:16:18,0
C002065,qlane@example.com,Elizabeth,Williams,GEO0760,SMB,2025-12-21T12:27:28,2026-01-08T22:03:06,0
C002066,chapmanjerome@example.org,Jonathan,Tyler,GEO0372,Consumer,2025-07-17T08:56:41,2026-01-17T00:51:08,0
C002067,brodriguez@example.org,Troy,Arnold,GEO0292,Mid-Market,2026-02-27T02:44:32,2026-02-27T04:41:14,0
C002068,gregorymitchell@example.net,Angela,Walker,GEO0117,Mid-Market,2025-04-02T09:00:09,2025-10-19T04:02:33,0
C002069,xgomez@example.com,Bianca,Trevino,GEO0265,Consumer,2025-05-27T15:16:44,2025-11-09T04:29:14,0
C002070,owhite@example.org,Nicole,Howe,GEO0168,Mid-Market,2025-01-02T06:26:19,2025-03-24T07:22:29,0
C002071,mary66@example.net,John,Baker,GEO0072,SMB,2024-01-09T02:10:39,2024-04-14T17:08:35,0
C002072,cjohnson@example.net,Larry,Brown,GEO0275,Consumer,2024-12-05T17:07:43,2025-07-07T02:40:11,0
C002073,hernandezmatthew@example.com,Douglas,Zavala,GEO0723,SMB,2025-10-08T11:36:01,2025-12-20T21:55:57,0
C002074,bethany36@example.com,Amy,Martinez,GEO0099,Consumer,2024-04-27T01:29:38,2024-10-21T07:03:16,0
C002075,josephross@example.net,Warren,Mendez,GEO0502,Consumer,2025-02-22T01:05:08,2025-12-06T07:33:09,0
C002076,qtaylor@example.com,Timothy,Ewing,GEO0570,Consumer,2024-03-29T02:46:56,2024-09-24T06:57:08,0
C002077,eguzman@example.com,Andrew,Whitaker,GEO0283,Mid-Market,2026-01-22T13:04:22,2026-01-27T04:01:41,0
C002078,evansjason@example.org,Brenda,Sherman,GEO0340,Mid-Market,2024-09-27T22:23:00,2026-02-18T23:27:27,0
C002079,michaelcampos@example.net,Danielle,Martin,GEO0416,Consumer,2024-11-28T23:58:48,2025-04-09T09:24:46,0
C002080,jenniferrodriguez@example.org,Thomas,Russell,GEO0690,Mid-Market,2024-11-08T05:57:09,2025-06-21T13:14:54,0
C002081,petersontina@example.org,Samantha,Morris,GEO0107,SMB,2024-11-03T00:06:39,2024-12-18T10:15:00,0
C002082,moraleskimberly@example.net,Andrew,Martin,GEO0536,Mid-Market,2025-05-26T23:51:40,2025-09-07T23:19:31,0
C002083,karen72@example.com,David,Davis,GEO0204,SMB,2024-06-01T07:22:35,2025-08-06T02:31:26,0
C002084,debra34@example.com,Anthony,Bradley,GEO0686,Consumer,2024-06-22T10:48:06,2024-10-29T14:42:11,0
C002085,ebruce@example.net,Todd,Buck,GEO0262,Consumer,2025-04-08T16:25:54,2025-11-08T22:51:24,0
C002086,bartondavid@example.com,Brooke,Berry,GEO0320,Mid-Market,2024-12-25T12:09:54,2025-03-01T08:04:59,0
C002087,paynestephanie@example.net,Aaron,Morales,GEO0051,SMB,2025-03-28T17:28:32,2025-08-13T19:18:30,0
C002088,collinmiller@example.com,Robert,Abbott,GEO0720,Mid-Market,2024-03-23T05:37:03,2026-01-06T06:23:00,0
C002089,cobbmary@example.net,Jack,Foster,GEO0352,Consumer,2025-02-26T16:19:32,2025-12-12T15:19:09,0
C002090,ivalentine@example.com,Christina,Ryan,GEO0720,SMB,2024-08-28T08:51:13,2025-07-08T01:19:46,0
C002091,hollyperkins@example.net,Christine,Alexander,GEO0590,SMB,2026-01-26T17:09:07,2026-02-04T02:21:50,0
C002092,sbradley@example.org,Mark,Chapman,GEO0019,SMB,2025-03-19T19:47:48,2025-09-17T05:22:16,0
C002093,linda01@example.org,Christina,Bowen,GEO0702,Consumer,2024-06-25T12:42:44,2025-04-04T09:41:52,0
C002094,brianmcdaniel@example.com,Virginia,Sanchez,GEO0051,Consumer,2026-02-23T03:42:45,2026-02-27T15:49:12,0
C002095,csmall@example.com,Daniel,Wells,GEO0668,Consumer,2025-07-17T16:09:29,2025-09-18T00:54:42,0
C002096,dvega@example.org,Marissa,Medina,GEO0458,SMB,2024-08-27T07:21:43,2025-06-17T16:55:55,0
C002097,uclark@example.org,Robert,Fletcher,GEO0108,Mid-Market,2024-07-02T02:33:33,2025-04-11T18:51:26,0
C002098,craigriley@example.com,Nathan,Brown,GEO0644,SMB,2024-01-24T12:16:55,2024-02-11T11:54:06,0
C002099,bsmith@example.net,Diana,Armstrong,GEO0772,Consumer,2024-04-13T05:05:10,2025-04-27T09:12:42,0
C002100,kennethmata@example.com,Harold,Carter,GEO0434,Consumer,2024-10-12T23:11:15,2025-12-27T00:07:45,0
C002101,rlutz@example.com,Kristen,Yang,GEO0734,SMB,2024-02-22T19:47:33,2025-05-01T00:52:15,0
C002102,areynolds@example.org,Mark,Graham,GEO0558,Consumer,2024-05-25T22:46:41,2025-10-24T12:03:03,0
C002103,alexisgibbs@example.com,Leroy,Grimes,GEO0691,Consumer,2024-06-16T22:12:06,2026-02-14T14:35:52,0
C002104,vavila@example.net,Patricia,Duncan,GEO0098,Mid-Market,2025-09-29T01:05:05,2025-12-08T01:00:13,0
C002105,kayla33@example.net,Linda,Johnson,GEO0087,Consumer,2025-05-01T07:06:48,2026-01-10T23:06:37,0
C002106,johncasey@example.com,Lauren,Liu,GEO0468,Mid-Market,2025-04-22T17:26:02,2025-06-14T20:48:24,0
C002107,melissalopez@example.com,Matthew,Roberts,GEO0076,SMB,2024-06-08T21:45:39,2024-07-30T23:32:16,0
C002108,sandersmatthew@example.net,Michael,Schaefer,GEO0613,Mid-Market,2025-08-18T09:54:40,2025-12-15T16:21:55,0
C002109,nealemma@example.org,Melissa,Wilson,GEO0064,Mid-Market,2024-01-10T03:04:13,2025-04-02T10:14:21,0
C002110,kellyrichmond@example.com,Ronnie,Keith,GEO0531,Mid-Market,2024-06-18T03:01:30,2024-12-05T17:33:43,0
C002111,icollins@example.com,Christina,Price,GEO0785,Mid-Market,2025-03-30T23:00:30,2025-06-08T14:38:48,0
C002112,millerjuan@example.org,Christopher,Bartlett,GEO0579,Consumer,2026-01-02T14:07:26,2026-01-08T13:01:35,0
C002113,amanda86@example.org,Adam,Strong,GEO0356,Consumer,2025-06-08T19:30:53,2025-08-26T04:57:12,0
C002114,rodriguezbrianna@example.com,Timothy,Simpson,GEO0187,Mid-Market,2025-09-02T20:24:16,2026-01-03T15:49:07,0
C002115,jamesmiller@example.net,Caitlin,David,GEO0511,SMB,2024-07-21T10:53:14,2024-08-31T14:56:26,0
C002116,agalvan@example.com,Sean,Gamble,GEO0432,Consumer,2024-04-18T05:51:18,2025-10-30T00:43:46,0
C002117,ksparks@example.net,Lisa,Jones,GEO0049,SMB,2025-07-16T11:29:55,2025-11-21T01:00:10,0
C002118,calhounbrian@example.net,John,Moss,GEO0083,Mid-Market,2024-09-20T09:12:51,2025-02-05T06:56:25,0
C002119,bpeterson@example.com,Heather,Blair,GEO0751,Consumer,2024-07-09T03:25:37,2024-08-16T12:38:42,0
C002120,murraymichael@example.net,Gary,Lucero,GEO0046,Mid-Market,2025-01-26T11:54:29,2025-06-07T12:42:30,0
C002121,kylemartinez@example.net,Heather,Hall,GEO0606,SMB,2025-02-02T21:43:22,2025-03-07T13:39:44,0
C002122,natalie54@example.org,Anthony,Blackburn,GEO0765,Mid-Market,2024-09-08T11:44:47,2025-01-31T02:20:03,0
C002123,kevin54@example.net,Tanner,Singh,GEO0723,SMB,2024-04-28T09:52:09,2025-05-30T02:00:30,0
C002124,meganjones@example.org,Sheryl,Moore,GEO0600,Consumer,2024-01-10T06:23:02,2025-11-04T16:49:16,0
C002125,imitchell@example.net,Kathy,Simon,GEO0766,SMB,2024-06-09T06:44:47,2024-10-02T19:34:55,0
C002126,nfleming@example.net,Lisa,Miller,GEO0475,Consumer,2025-08-14T09:34:54,2025-10-27T16:04:14,0
C002127,zsantana@example.org,John,Carter,GEO0102,SMB,2024-01-11T03:47:27,2025-09-17T02:52:00,0
C002128,tracyjohnson@example.net,Amber,Cohen,GEO0052,Consumer,2024-08-22T04:06:23,2024-11-02T12:30:46,0
C002129,hurstmichael@example.org,Diana,Brown,GEO0788,Mid-Market,2026-02-20T17:24:44,2026-02-24T12:45:50,0
C002130,lawsonpaul@example.org,Margaret,Scott,GEO0682,Mid-Market,2024-08-24T19:55:21,2025-04-19T09:35:05,0
C002131,arthurlynch@example.org,Mark,Gardner,GEO0349,SMB,2024-01-04T00:52:07,2026-02-21T08:58:31,0
C002132,josephenglish@example.com,Melanie,Ibarra,GEO0440,Consumer,2024-09-22T15:32:52,2025-11-30T03:20:30,0
C002133,johnsonsamantha@example.net,Kristin,Yang,GEO0225,SMB,2025-07-19T10:47:48,2026-02-25T03:08:34,0
C002134,espinozarandy@example.com,William,Palmer,GEO0462,SMB,2024-03-19T15:21:51,2024-06-27T04:14:37,0
C002135,kirbymichael@example.org,Joshua,King,GEO0515,Mid-Market,2026-02-22T15:32:06,2026-02-27T11:16:09,0
C002136,jose60@example.net,Jason,Nichols,GEO0147,Consumer,2025-10-16T21:51:38,2026-02-11T05:14:46,0
C002137,haley79@example.net,Jeff,Bush,GEO0440,Consumer,2024-01-20T09:50:18,2025-04-09T23:53:23,0
C002138,smithgina@example.net,Elizabeth,Allen,GEO0250,SMB,2024-10-13T14:29:09,2024-10-31T11:04:28,0
C002139,thomasstephen@example.net,William,Scott,GEO0425,SMB,2024-01-28T06:03:52,2025-06-23T14:07:23,0
C002140,klara@example.net,Ronald,Willis,GEO0221,Mid-Market,2024-09-26T15:34:41,2025-05-19T15:42:46,0
C002141,nicoleduran@example.net,Bruce,Kaiser,GEO0096,Consumer,2024-08-09T15:20:19,2025-03-30T16:01:49,0
C002142,timothy27@example.org,Joshua,Cole,GEO0316,SMB,2025-03-28T02:53:19,2025-12-10T10:45:29,0
C002143,jonhall@example.org,Michelle,Downs,GEO0091,SMB,2024-07-04T01:10:36,2024-12-27T10:16:49,0
C002144,lpage@example.com,David,Harris,GEO0766,Mid-Market,2025-02-07T16:25:09,2025-09-25T05:35:33,0
C002145,brittanymartin@example.org,John,Sparks,GEO0188,Consumer,2024-11-03T14:26:27,2025-03-11T04:00:28,0
C002146,theresagalloway@example.net,Andrea,Johnson,GEO0267,Mid-Market,2025-01-21T06:09:30,2025-02-24T22:13:21,0
C002147,sherryknight@example.org,Zachary,Robertson,GEO0469,Mid-Market,2026-01-14T12:30:26,2026-02-27T04:22:38,0
C002148,josephangela@example.org,Gary,Martinez,GEO0706,Mid-Market,2024-08-11T13:46:32,2025-12-10T19:03:26,0
C002149,smithjerry@example.org,Allen,Holt,GEO0405,Mid-Market,2025-11-18T00:51:16,2026-01-23T16:25:37,0
C002150,ymurray@example.org,Brandon,Johnson,GEO0352,Consumer,2024-08-27T01:44:21,2025-09-10T07:16:00,0
C002151,hespinoza@example.org,Amy,Meyers,GEO0717,Mid-Market,2024-01-27T16:53:38,2024-06-23T15:12:36,0
C002152,nathanrobles@example.com,Bryan,Ramsey,GEO0349,Consumer,2026-01-30T10:38:54,2026-02-13T13:16:49,0
C002153,sarah31@example.net,William,Williams,GEO0175,Consumer,2024-11-17T21:41:47,2025-04-30T13:28:03,0
C002154,yhill@example.net,Darlene,Lee,GEO0380,Mid-Market,2025-04-30T19:56:29,2026-01-10T22:21:22,0
C002155,ricky95@example.net,Kristy,Johnson,GEO0031,SMB,2024-06-11T02:37:45,2024-07-09T07:53:50,0
C002156,jessicavang@example.com,Mary,Powell,GEO0796,Consumer,2024-09-22T05:30:13,2025-11-08T23:53:08,0
C002157,adamroth@example.com,Sherry,Cisneros,GEO0526,Consumer,2026-01-16T05:03:45,2026-01-27T05:41:09,0
C002158,ekim@example.com,Andrew,Barker,GEO0083,Consumer,2024-04-15T02:53:29,2025-04-29T20:56:31,0
C002159,qreynolds@example.com,Robert,Davis,GEO0374,Consumer,2025-09-13T15:06:27,2025-10-25T01:49:18,0
C002160,steinphillip@example.com,Kerry,Miller,GEO0492,Mid-Market,2025-09-23T11:07:18,2025-11-30T17:25:36,0
C002161,padillapatricia@example.org,Valerie,Smith,GEO0558,Consumer,2024-08-26T11:11:06,2025-11-04T18:00:13,0
C002162,gweaver@example.com,Christina,Nielsen,GEO0576,Consumer,2024-07-02T00:57:11,2025-08-29T18:50:35,0
C002163,kelsey70@example.net,Christina,Richardson,GEO0316,SMB,2024-04-07T05:43:25,2025-01-07T15:53:04,0
C002164,russellkelley@example.com,Angela,Gray,GEO0781,Mid-Market,2025-03-08T00:55:04,2025-10-24T14:56:56,0
C002165,mmoore@example.com,Kristen,Rice,GEO0145,Consumer,2024-01-20T02:25:59,2024-08-05T14:56:49,0
C002166,hgrant@example.net,Ariel,Kennedy,GEO0188,Mid-Market,2024-12-16T00:02:18,2025-10-10T06:13:11,0
C002167,eharrington@example.com,Anthony,Pratt,GEO0529,Consumer,2025-04-14T08:58:17,2025-10-23T18:14:54,0
C002168,dwhite@example.org,Ashley,Mosley,GEO0469,Consumer,2025-03-27T18:17:50,2025-11-09T13:15:58,0
C002169,steelejoel@example.org,Sherry,Anderson,GEO0274,Mid-Market,2024-01-06T07:36:02,2026-02-03T12:48:59,0
C002170,shawn89@example.net,Mariah,Lopez,GEO0283,Consumer,2024-09-23T05:56:22,2025-08-21T03:44:38,0
C002171,turnerchristian@example.org,Kathleen,Baird,GEO0067,Mid-Market,2026-01-25T07:08:29,2026-02-04T15:11:34,0
C002172,sarah17@example.com,Matthew,Edwards,GEO0463,Consumer,2024-03-30T18:07:52,2025-04-30T07:22:41,0
C002173,murraystephen@example.net,Christopher,Adkins,GEO0460,Mid-Market,2024-11-01T13:03:08,2025-12-31T13:45:26,0
C002174,mphillips@example.org,Kristen,Davis,GEO0308,Mid-Market,2025-02-08T10:52:10,2025-09-28T05:35:41,0
C002175,juanfranklin@example.net,Richard,Taylor,GEO0352,Consumer,2024-12-30T18:31:16,2025-11-14T23:40:37,0
C002176,gregory29@example.com,Matthew,Matthews,GEO0439,SMB,2024-01-24T23:00:32,2025-08-05T13:19:52,0
C002177,tbrown@example.com,Jennifer,Richardson,GEO0281,Mid-Market,2025-03-04T15:23:48,2025-10-01T00:10:02,0
C002178,danielspencer@example.net,Kelly,Tucker,GEO0100,Mid-Market,2024-01-11T22:59:06,2025-08-11T05:38:02,0
C002179,floreskimberly@example.org,Aaron,Lane,GEO0146,Consumer,2024-07-09T11:49:52,2025-05-11T07:39:02,0
C002180,meganrichardson@example.org,Jennifer,Smith,GEO0045,Mid-Market,2024-09-22T18:58:02,2025-05-10T05:57:10,0
C002181,brownreginald@example.net,Rachel,Ortiz,GEO0632,Consumer,2024-07-16T06:11:00,2025-01-03T07:22:04,0
C002182,stevensjason@example.org,Joshua,Lin,GEO0226,SMB,2024-06-06T20:51:21,2025-05-24T01:07:39,0
C002183,wesleycalhoun@example.net,Mark,Griffith,GEO0460,Consumer,2026-01-16T10:18:21,2026-02-28T01:14:54,0
C002184,adam17@example.net,Denise,Gaines,GEO0591,Mid-Market,2025-08-17T17:51:35,2025-10-28T22:50:13,0
C002185,eugenegreen@example.com,John,Taylor,GEO0258,Consumer,2024-07-17T06:56:10,2025-05-14T07:25:58,0
C002186,ijones@example.com,Adam,Jones,GEO0591,SMB,2025-08-29T04:00:51,2026-01-13T00:22:36,0
C002187,sherry01@example.org,Autumn,Villegas,GEO0681,Mid-Market,2026-01-28T20:14:07,2026-02-05T08:48:17,0
C002188,meganblackwell@example.org,Tina,Sandoval,GEO0591,Mid-Market,2024-06-14T01:28:49,2025-05-21T19:25:20,0
C002189,jacob10@example.net,Michael,Arroyo,GEO0342,Mid-Market,2025-09-18T19:08:03,2025-10-18T04:15:31,0
C002190,kbrown@example.org,James,Johnson,GEO0657,Consumer,2024-07-21T15:29:19,2025-08-05T08:10:04,0
C002191,pachecobrittney@example.net,Alexis,Krueger,GEO0228,SMB,2024-01-16T05:38:49,2024-10-16T20:05:36,0
C002192,rebecca18@example.net,Kristen,Hoffman,GEO0508,SMB,2025-04-03T19:50:06,2026-01-28T04:11:25,0
C002193,holly32@example.net,Alejandra,Gutierrez,GEO0702,Mid-Market,2024-03-18T07:06:30,2025-04-03T07:46:25,0
C002194,michellejenkins@example.org,Brooke,Ramirez,GEO0048,SMB,2025-03-09T15:20:09,2026-02-13T16:40:58,0
C002195,amiranda@example.net,Christopher,Weber,GEO0207,SMB,2024-09-14T03:57:57,2025-02-06T22:01:56,0
C002196,tiffanyharris@example.com,Lisa,Miller,GEO0611,Consumer,2025-03-11T14:51:49,2025-07-06T00:00:36,0
C002197,johnsonmartin@example.org,Michael,Hoffman,GEO0578,Mid-Market,2024-06-11T23:56:34,2025-03-13T10:55:08,0
C002198,lwalker@example.org,Taylor,Phillips,GEO0747,Consumer,2024-03-03T05:45:06,2024-05-06T11:44:14,0
C002199,samuel83@example.com,Monica,Hernandez,GEO0339,SMB,2024-12-05T00:20:06,2025-04-22T06:46:49,0
C002200,sullivanjoshua@example.net,Ryan,Mcgee,GEO0642,Mid-Market,2024-04-12T20:06:19,2024-12-11T21:53:03,0
C002201,jlee@example.org,Veronica,Davies,GEO0717,SMB,2025-03-28T18:29:40,2025-06-07T08:29:38,1
C002202,sarah83@example.net,Kevin,Thompson,GEO0099,SMB,2024-05-09T22:47:16,2024-09-20T04:05:32,0
C002203,patrickjarvis@example.net,Tanya,Evans,GEO0287,Mid-Market,2024-08-29T08:40:51,2025-07-24T22:59:34,0
C002204,amberrivera@example.org,Sean,Wallace,GEO0770,Mid-Market,2024-04-22T05:47:59,2024-04-29T09:49:34,0
C002205,janet65@example.com,Christine,Gomez,GEO0640,Consumer,2025-05-19T13:31:40,2025-11-30T18:12:13,0
C002206,susan23@example.net,Ian,Summers,GEO0523,Consumer,2024-08-28T18:37:35,2025-11-11T11:06:22,0
C002207,fernandezmathew@example.com,Daniel,Snyder,GEO0648,Consumer,2025-09-24T05:21:29,2026-02-09T21:18:27,0
C002208,jessica91@example.org,Cory,Miller,GEO0365,Mid-Market,2024-02-28T10:40:32,2025-03-01T23:33:33,0
C002209,fordwilliam@example.com,Cody,Andersen,GEO0623,Mid-Market,2026-01-26T05:49:20,2026-02-22T22:50:30,0
C002210,thomaslinda@example.net,Sherri,Fleming,GEO0611,Consumer,2025-02-18T00:47:32,2025-07-04T12:30:08,0
C002211,mcdanielgregory@example.net,Andrew,Love,GEO0229,Consumer,2025-08-21T11:19:59,2025-10-15T20:55:20,0
C002212,samantha54@example.net,Shelby,Fleming,GEO0695,Consumer,2025-01-17T18:25:10,2025-10-28T05:11:11,0
C002213,orozcoelizabeth@example.org,Samuel,Edwards,GEO0681,Consumer,2024-12-24T03:34:11,2025-06-22T23:50:42,0
C002214,monica00@example.org,Michelle,Malone,GEO0327,SMB,2025-10-12T05:48:56,2025-12-27T14:11:35,0
C002215,millerdaniel@example.org,Michelle,Arias,GEO0403,Mid-Market,2024-07-12T08:56:11,2024-07-25T02:54:10,0
C002216,tammy94@example.com,Cynthia,Williamson,GEO0489,Consumer,2024-06-15T08:05:18,2026-01-19T18:11:38,0
C002217,kimbradley@example.com,Cory,Ramos,GEO0702,Mid-Market,2024-01-14T22:41:26,2025-02-20T05:53:44,0
C002218,meganford@example.net,Brandon,Gomez,GEO0663,Consumer,2024-02-10T13:25:00,2024-11-04T10:52:53,0
C002219,dawn31@example.org,Alec,Long,GEO0498,SMB,2025-08-17T13:12:11,2025-09-03T15:53:18,0
C002220,taramejia@example.org,James,Merritt,GEO0641,Consumer,2024-02-10T22:14:39,2024-04-26T01:47:48,0
C002221,smithmichael@example.org,Natalie,Patterson,GEO0442,Consumer,2025-08-11T07:23:48,2025-10-01T17:39:11,0
C002222,caleb84@example.net,Christina,Davis,GEO0601,SMB,2024-06-13T14:05:05,2026-02-09T07:24:54,0
C002223,veronicarogers@example.net,Christina,Thompson,GEO0630,Consumer,2025-12-12T13:01:59,2026-02-17T04:29:31,0
C002224,michael35@example.net,Ashley,Thomas,GEO0443,SMB,2024-02-08T12:17:25,2024-05-31T21:47:26,0
C002225,paul00@example.com,Tamara,Hudson,GEO0287,SMB,2024-02-26T13:55:08,2025-04-01T09:13:45,0
C002226,schneiderraymond@example.com,Sherri,Stout,GEO0326,SMB,2025-12-31T00:00:36,2026-01-20T07:29:11,0
C002227,jonespaul@example.com,Tim,Williams,GEO0727,SMB,2024-10-04T02:28:52,2025-12-13T21:09:54,0
C002228,wendymason@example.net,Erin,Moran,GEO0661,Consumer,2025-11-20T06:55:56,2025-12-15T13:07:00,0
C002229,eileenhudson@example.com,Kristopher,Hale,GEO0444,SMB,2025-09-24T09:45:05,2026-01-13T09:08:12,0
C002230,michelle00@example.com,Travis,Bennett,GEO0253,SMB,2024-04-11T11:17:57,2025-01-30T03:58:47,0
C002231,matthewsmith@example.org,Cynthia,Poole,GEO0752,Consumer,2025-04-15T14:30:42,2025-10-30T16:23:30,0
C002232,snydertricia@example.com,Jonathan,Nolan,GEO0093,Consumer,2025-03-06T13:54:44,2025-06-20T08:38:18,0
C002233,justinstevens@example.com,Isaiah,Brown,GEO0440,Consumer,2025-09-30T08:56:27,2025-10-17T15:20:54,0
C002234,dorisarmstrong@example.org,Jeffery,Walker,GEO0720,Mid-Market,2024-04-12T17:28:01,2024-07-09T15:39:39,0
C002235,melissa10@example.net,Kristin,Duncan,GEO0544,Consumer,2024-07-12T09:44:11,2024-08-23T05:18:35,0
C002236,ccombs@example.com,John,Walsh,GEO0239,SMB,2025-03-31T08:49:17,2025-05-09T15:10:14,0
C002237,pdixon@example.org,Edward,Leach,GEO0580,SMB,2024-12-19T10:50:12,2025-09-01T12:36:16,0
C002238,cruzscott@example.org,Christina,Smith,GEO0174,Consumer,2025-08-06T05:22:55,2025-10-20T17:23:47,0
C002239,susan75@example.net,Angela,Hendrix,GEO0081,Consumer,2025-01-22T13:35:36,2025-02-12T08:44:29,0
C002240,kmorris@example.org,Christopher,Watkins,GEO0457,Mid-Market,2024-07-21T13:46:45,2025-04-19T02:41:00,0
C002241,zcollins@example.org,Jerry,Cameron,GEO0551,Mid-Market,2024-01-04T10:14:32,2024-12-14T20:56:20,0
C002242,llambert@example.org,Nicole,Thomas,GEO0601,SMB,2026-01-29T05:05:25,2026-02-15T07:20:49,0
C002243,michael21@example.com,Steven,Ford,GEO0542,Consumer,2025-09-09T01:37:49,2025-11-04T15:34:04,0
C002244,nealdavid@example.com,Danny,Owen,GEO0437,SMB,2025-11-19T01:19:31,2026-02-09T20:26:47,0
C002245,jeremiahwalton@example.org,Henry,Reynolds,GEO0598,Consumer,2024-10-27T14:32:58,2025-07-21T08:17:13,0
C002246,coreypope@example.net,Donna,Jones,GEO0791,SMB,2024-02-22T23:24:05,2025-08-30T14:53:41,0
C002247,boydrenee@example.net,Adam,Diaz,GEO0589,SMB,2024-12-25T08:57:26,2025-08-21T04:43:56,0
C002248,hamiltonkendra@example.net,Samuel,Nichols,GEO0328,Consumer,2026-02-12T12:35:59,2026-02-14T11:42:19,0
C002249,andrea19@example.com,Ashley,Ford,GEO0326,Consumer,2025-12-11T16:23:52,2026-02-15T23:38:36,0
C002250,sjackson@example.org,Patrick,Black,GEO0757,Consumer,2024-03-02T14:30:59,2026-02-12T05:36:53,0
C002251,christensenkendra@example.org,Timothy,Cannon,GEO0372,Mid-Market,2024-01-12T09:21:02,2025-12-26T14:41:53,0
C002252,carloswerner@example.net,Sherri,Romero,GEO0758,SMB,2025-07-29T00:18:15,2025-10-30T13:48:56,0
C002253,znolan@example.net,Joshua,Ali,GEO0785,SMB,2024-02-04T01:14:45,2024-10-14T14:17:58,0
C002254,michelle18@example.org,Gary,Webster,GEO0101,Mid-Market,2025-08-29T07:13:01,2025-12-08T15:41:28,0
C002255,aaronthompson@example.org,Christina,Herrera,GEO0128,Consumer,2024-08-04T12:30:44,2024-12-05T17:59:08,0
C002256,derekdougherty@example.org,Johnathan,Ramirez,GEO0226,Consumer,2026-01-22T13:26:56,2026-02-21T18:41:17,0
C002257,parcher@example.org,Jessica,Middleton,GEO0056,Mid-Market,2024-03-24T00:49:32,2025-06-29T16:41:32,0
C002258,jonesterri@example.com,Barbara,Page,GEO0584,Consumer,2024-12-02T16:48:21,2025-11-13T19:51:52,0
C002259,nunezjill@example.net,Alexander,Johnson,GEO0338,SMB,2025-01-31T06:36:26,2025-05-15T09:43:52,0
C002260,tiffanyhill@example.net,Heather,Robinson,GEO0588,Mid-Market,2025-12-14T22:39:55,2026-02-16T15:25:01,0
C002261,davidgonzales@example.com,Melissa,Martinez,GEO0164,Mid-Market,2024-11-18T10:54:01,2026-01-24T21:40:19,0
C002262,sanchezjennifer@example.org,Rachel,Malone,GEO0281,Consumer,2024-05-21T03:44:29,2024-07-20T08:41:54,0
C002263,butlerolivia@example.com,Jon,Gonzalez,GEO0018,Mid-Market,2025-03-08T02:34:55,2025-09-29T21:46:28,0
C002264,cooperlaura@example.org,Sarah,Gonzales,GEO0352,SMB,2025-02-20T06:11:53,2025-03-23T02:25:48,0
C002265,lkelly@example.org,Cheryl,Walker,GEO0437,Mid-Market,2025-08-14T00:30:12,2026-01-09T18:11:49,0
C002266,suttondenise@example.net,Christopher,Fleming,GEO0787,Mid-Market,2025-06-05T02:43:36,2025-08-25T15:07:35,0
C002267,harrisonnicholas@example.net,Blake,Duffy,GEO0631,Mid-Market,2025-03-04T10:56:49,2025-06-16T07:29:05,0
C002268,davidglover@example.com,John,Sanford,GEO0556,Consumer,2026-01-25T17:27:52,2026-02-13T19:16:10,0
C002269,carl66@example.org,Edward,Miller,GEO0310,SMB,2025-08-24T05:01:13,2026-02-23T22:37:34,0
C002270,sheilabarnes@example.org,Walter,Richardson,GEO0182,Consumer,2025-11-11T02:43:49,2025-12-11T10:19:43,0
C002271,tanya66@example.com,Stephanie,Wiley,GEO0048,Mid-Market,2025-09-07T00:07:18,2025-12-07T18:39:26,0
C002272,reyesjackie@example.org,Christopher,Hunt,GEO0176,SMB,2024-01-28T19:11:04,2025-10-20T10:52:34,0
C002273,dcox@example.com,Bianca,Maxwell,GEO0366,Consumer,2024-07-13T11:16:38,2026-01-07T05:17:14,0
C002274,kevin07@example.com,Peter,Gonzalez,GEO0544,Mid-Market,2025-06-08T08:42:50,2025-10-11T01:44:09,0
C002275,cassandra33@example.net,Robert,Smith,GEO0588,Mid-Market,2025-12-11T23:04:29,2026-02-17T03:26:30,0
C002276,mjackson@example.org,Meghan,Cruz,GEO0401,SMB,2024-01-06T20:24:41,2024-10-09T21:14:43,0
C002277,hmacias@example.org,Kenneth,Thomas,GEO0107,Mid-Market,2024-12-17T16:37:55,2026-01-07T01:06:24,0
C002278,kristiwade@example.net,Matthew,Pena,GEO0110,Mid-Market,2024-09-15T23:42:09,2026-02-20T02:21:00,0
C002279,joseph21@example.net,Xavier,Palmer,GEO0148,Consumer,2025-04-04T03:30:03,2026-02-04T04:26:40,0
C002280,fergusontrevor@example.net,Stephanie,Williamson,GEO0780,SMB,2024-02-13T01:13:01,2025-07-22T20:34:02,0
C002281,phernandez@example.net,Larry,Hoover,GEO0191,Consumer,2025-10-17T14:10:25,2025-11-24T16:10:38,0
C002282,barrettashley@example.com,Joseph,Harris,GEO0646,Mid-Market,2025-02-28T05:41:55,2025-07-29T09:53:33,0
C002283,linda24@example.com,Terri,Lopez,GEO0323,Consumer,2026-02-09T21:54:01,2026-02-23T04:33:32,0
C002284,elizabeth58@example.org,Jeffrey,Green,GEO0051,SMB,2025-08-16T18:11:41,2026-01-28T14:40:17,0
C002285,stacyjohnson@example.net,John,Miller,GEO0130,SMB,2024-03-18T17:00:27,2025-11-14T21:07:46,0
C002286,melinda87@example.com,Anthony,Baird,GEO0322,Consumer,2025-01-29T05:51:30,2025-08-24T12:08:00,0
C002287,mitchell76@example.net,Anne,Adams,GEO0532,Mid-Market,2024-02-03T04:53:01,2024-10-05T19:07:29,0
C002288,laura69@example.net,Patricia,Salinas,GEO0790,Consumer,2025-10-12T13:12:43,2025-12-18T08:17:13,0
C002289,jennifer53@example.com,Tammy,Kim,GEO0335,SMB,2025-09-01T20:41:11,2026-02-12T08:21:33,0
C002290,rritter@example.com,Paul,Chandler,GEO0698,Consumer,2025-05-11T02:11:00,2025-10-09T21:59:42,0
C002291,erivers@example.com,Jason,Ramirez,GEO0314,Consumer,2024-11-01T21:56:23,2025-02-19T13:38:01,0
C002292,thompsonjustin@example.org,Amanda,Odonnell,GEO0554,Consumer,2024-04-02T07:29:23,2024-12-12T00:11:35,0
C002293,sara94@example.net,Christopher,Peterson,GEO0571,Mid-Market,2024-09-29T14:25:52,2024-11-28T07:39:24,0
C002294,ucarlson@example.com,Barbara,Sanders,GEO0655,SMB,2026-02-18T00:08:58,2026-02-22T07:24:20,0
C002295,pwhite@example.org,Shawn,Pollard,GEO0050,Mid-Market,2026-02-22T09:02:22,2026-02-27T07:44:48,0
C002296,johnfrank@example.net,Vanessa,Baker,GEO0460,Mid-Market,2024-09-18T02:44:34,2025-12-12T11:49:17,0
C002297,smartinez@example.org,Whitney,Mckay,GEO0390,Consumer,2024-01-17T12:52:44,2024-10-21T16:34:09,0
C002298,johnmerritt@example.com,Lisa,Turner,GEO0051,Mid-Market,2024-12-26T18:28:31,2025-05-02T16:23:17,0
C002299,olivia30@example.com,Ashley,Robinson,GEO0446,SMB,2025-12-30T13:09:12,2026-03-01T04:14:27,0
C002300,rperez@example.org,Anthony,Brewer,GEO0697,SMB,2025-01-25T14:38:49,2025-12-10T16:26:18,0
C002301,simpsonalyssa@example.com,Samantha,Thomas,GEO0365,Consumer,2024-03-16T11:37:19,2025-10-17T15:58:54,0
C002302,millerjessica@example.com,Christopher,Cantu,GEO0609,Consumer,2025-11-13T04:47:03,2025-12-15T05:38:33,0
C002303,lucas35@example.net,Joshua,Kemp,GEO0013,Consumer,2024-07-07T13:36:39,2024-11-15T00:24:26,0
C002304,gsmall@example.com,Jordan,Richard,GEO0603,SMB,2024-03-15T18:37:26,2024-09-12T06:57:22,0
C002305,fwilliams@example.org,Dawn,Martin,GEO0541,Mid-Market,2025-09-16T19:42:52,2025-10-25T18:58:47,0
C002306,holtrobert@example.com,Nancy,Hoover,GEO0776,Mid-Market,2026-01-21T07:13:20,2026-02-25T23:30:55,1
C002307,rebeccaford@example.org,Barbara,Ross,GEO0414,Mid-Market,2025-02-13T16:29:45,2025-10-24T14:39:11,0
C002308,richard37@example.org,Daniel,Bartlett,GEO0283,Consumer,2025-03-20T09:07:15,2025-07-28T16:11:03,0
C002309,buckleycrystal@example.com,Lisa,Cervantes,GEO0624,Mid-Market,2024-09-14T07:06:20,2025-04-06T19:33:47,0
C002310,johnsonsharon@example.com,Debra,Barrett,GEO0018,Mid-Market,2026-02-21T02:09:08,2026-02-27T00:01:00,0
C002311,johnsonsamantha@example.com,Melissa,Thompson,GEO0261,SMB,2024-03-09T09:03:41,2026-01-12T22:29:59,0
C002312,cameronlopez@example.com,Elaine,Dougherty,GEO0177,Mid-Market,2024-05-30T23:47:04,2025-04-07T23:41:42,0
C002313,colemancassandra@example.org,Tammy,Schwartz,GEO0714,SMB,2024-02-04T23:59:36,2024-04-16T06:19:07,0
C002314,hammondjeff@example.com,Allison,Burton,GEO0191,Mid-Market,2024-07-28T18:31:20,2024-12-30T20:53:34,0
C002315,snyderfrank@example.org,James,Gonzalez,GEO0178,Consumer,2024-05-15T18:39:34,2025-08-03T20:20:53,0
C002316,michael28@example.com,Gregory,Le,GEO0234,SMB,2025-01-27T05:47:50,2026-01-03T22:08:18,0
C002317,barbarawelch@example.com,Kristen,Cooper,GEO0038,SMB,2024-01-12T19:45:41,2024-06-14T01:33:11,0
C002318,tammy53@example.org,Eddie,Hernandez,GEO0115,Consumer,2024-12-10T00:36:59,2025-08-15T13:27:38,0
C002319,nperez@example.org,Patricia,Morrison,GEO0231,Mid-Market,2024-04-14T08:35:57,2026-01-09T12:08:58,0
C002320,aaroncox@example.com,Hayley,Clayton,GEO0271,Mid-Market,2025-08-05T01:41:54,2025-11-07T12:34:08,0
C002321,kimberlyperez@example.org,Rodney,Miller,GEO0321,Consumer,2024-01-05T15:42:23,2024-09-12T20:59:00,0
C002322,teresa76@example.org,Rebecca,Arnold,GEO0630,SMB,2025-09-22T13:06:59,2026-02-03T13:36:21,0
C002323,lwilliams@example.com,Catherine,French,GEO0393,Mid-Market,2024-06-05T23:41:49,2025-03-29T00:19:15,0
C002324,duranlindsay@example.org,Patrick,Garcia,GEO0604,SMB,2024-11-10T08:07:45,2025-02-01T10:14:04,0
C002325,zmartinez@example.org,Michael,Bruce,GEO0613,SMB,2024-07-17T21:39:20,2025-09-04T03:00:03,0
C002326,patriciagrant@example.net,Crystal,White,GEO0427,SMB,2025-05-16T06:41:10,2025-06-22T15:22:03,0
C002327,stuarttrevor@example.net,Ryan,Zimmerman,GEO0703,Consumer,2025-03-05T18:48:42,2025-06-04T01:09:44,0
C002328,amanda46@example.com,James,Ramos,GEO0355,Mid-Market,2025-09-28T18:38:46,2025-10-16T18:12:33,0
C002329,david33@example.net,Toni,Thomas,GEO0024,Consumer,2024-07-17T14:02:12,2025-05-18T23:11:51,0
C002330,samantharomero@example.net,Daniel,Lawson,GEO0681,SMB,2024-11-13T14:18:35,2025-09-20T00:49:17,0
C002331,wendy58@example.net,Michele,Knight,GEO0676,Consumer,2025-03-17T14:47:34,2025-10-15T04:49:14,0
C002332,gregorymullen@example.com,Brian,White,GEO0149,Consumer,2024-03-08T22:53:30,2025-05-05T10:04:49,0
C002333,jason06@example.org,Marissa,Reid,GEO0214,Consumer,2025-09-14T15:40:02,2026-02-03T11:05:30,0
C002334,plin@example.org,Melissa,Wilson,GEO0587,Mid-Market,2024-09-01T05:55:34,2025-08-22T02:17:22,0
C002335,nelsongabriela@example.com,Joshua,Carey,GEO0186,SMB,2024-07-16T01:38:52,2024-09-29T17:50:22,0
C002336,washingtonleslie@example.net,Stephanie,Barton,GEO0423,SMB,2024-01-02T11:34:47,2024-03-22T23:47:51,0
C002337,eddie13@example.com,Greg,Guerrero,GEO0262,SMB,2024-11-24T08:17:45,2026-01-07T19:25:42,0
C002338,elizabeth39@example.net,Thomas,Diaz,GEO0453,Mid-Market,2024-09-11T21:07:58,2025-10-23T01:41:31,0
C002339,edwardsjoshua@example.com,Brandon,Flores,GEO0462,Consumer,2025-04-29T01:18:00,2026-02-23T07:57:53,0
C002340,lloydsharon@example.net,Carlos,Miller,GEO0441,Mid-Market,2024-01-13T09:20:57,2024-11-27T03:34:17,0
C002341,charles95@example.com,Ronnie,Smith,GEO0156,Consumer,2026-02-18T19:59:50,2026-03-01T17:09:11,0
C002342,johnstonnicholas@example.org,Brittany,Hayes,GEO0249,Consumer,2025-07-06T21:13:37,2025-10-11T12:49:10,0
C002343,lhoward@example.org,Thomas,Smith,GEO0377,Mid-Market,2026-01-26T01:15:32,2026-02-18T17:35:25,0
C002344,andrewjackson@example.org,Elizabeth,Jones,GEO0554,Mid-Market,2024-10-12T22:47:01,2025-09-14T14:34:34,0
C002345,udavis@example.net,Christopher,Parker,GEO0065,SMB,2024-06-04T10:10:38,2025-05-16T02:57:24,0
C002346,ashleywalton@example.com,Rebecca,Oliver,GEO0258,SMB,2025-12-09T22:38:13,2026-01-04T23:15:21,0
C002347,ppatel@example.com,Richard,Knight,GEO0281,Consumer,2025-03-03T06:03:59,2025-06-08T19:29:19,0
C002348,klewis@example.com,Tracy,Webb,GEO0532,Mid-Market,2024-01-22T16:57:03,2025-04-08T15:02:32,0
C002349,yatestraci@example.org,David,Pearson,GEO0652,Mid-Market,2025-09-11T15:02:38,2025-10-24T01:43:45,0
C002350,stevensmatthew@example.net,Tamara,Nichols,GEO0467,Mid-Market,2025-09-05T19:05:34,2026-03-01T20:56:18,0
C002351,awong@example.com,John,Walsh,GEO0367,Consumer,2024-08-15T02:12:43,2025-01-10T12:24:06,0
C002352,sheliacohen@example.net,Heather,Harris,GEO0269,Mid-Market,2024-12-09T08:35:21,2025-09-22T01:21:10,0
C002353,sotopatrick@example.com,Jacob,Mckay,GEO0642,Consumer,2025-02-12T05:42:07,2025-04-10T19:41:25,0
C002354,hunter12@example.org,Eric,Willis,GEO0339,SMB,2024-10-29T21:43:10,2025-01-12T00:20:14,0
C002355,megan57@example.com,Joseph,Campbell,GEO0383,Mid-Market,2025-04-26T00:30:30,2025-09-12T11:45:17,0
C002356,smarsh@example.com,Adam,Williams,GEO0574,Mid-Market,2025-05-06T22:50:03,2026-02-02T21:57:43,0
C002357,roberthoffman@example.com,Kevin,Gardner,GEO0304,Mid-Market,2024-05-20T06:05:28,2024-07-24T09:24:47,0
C002358,tcrawford@example.net,Seth,Cole,GEO0334,Mid-Market,2025-09-24T10:46:15,2026-02-18T08:26:56,0
C002359,nicole16@example.org,Paul,Bailey,GEO0529,SMB,2025-05-12T13:08:55,2025-12-06T05:15:20,0
C002360,scottmark@example.org,Richard,Gomez,GEO0016,Mid-Market,2026-02-16T12:59:00,2026-02-21T07:00:08,0
C002361,thomasjohnson@example.net,Paul,Nelson,GEO0456,Consumer,2025-01-28T23:34:19,2025-02-05T04:23:31,0
C002362,djensen@example.com,Christian,Andrade,GEO0427,SMB,2025-07-22T00:13:58,2025-10-29T16:25:03,0
C002363,derrick63@example.com,Jamie,Neal,GEO0607,SMB,2024-02-23T07:02:25,2025-04-03T07:27:53,0
C002364,lball@example.com,Michael,Martin,GEO0796,Consumer,2025-01-14T04:46:33,2025-12-08T02:41:40,0
C002365,stevencraig@example.com,Kevin,Archer,GEO0177,Consumer,2024-09-29T19:34:37,2025-01-30T00:55:13,0
C002366,christina89@example.net,Mary,Hines,GEO0082,Mid-Market,2024-02-14T03:10:03,2024-10-13T20:01:09,0
C002367,sbailey@example.com,Diane,Wright,GEO0654,Consumer,2024-05-18T19:16:21,2024-10-26T22:12:49,0
C002368,karen43@example.com,Jenna,Floyd,GEO0679,SMB,2025-04-16T18:29:44,2026-02-15T11:14:54,0
C002369,cheryl69@example.net,Brianna,Mullins,GEO0140,Mid-Market,2025-08-11T05:25:02,2025-08-23T19:45:34,0
C002370,marthaduffy@example.com,Joshua,Hayes,GEO0079,Consumer,2024-02-14T14:22:58,2025-07-02T09:42:20,0
C002371,baileynelson@example.com,Joseph,Fox,GEO0449,Mid-Market,2024-10-06T18:08:02,2025-08-28T09:47:35,0
C002372,dustinwilliams@example.com,Vincent,Anderson,GEO0653,SMB,2025-09-11T22:18:59,2025-12-04T07:32:05,0
C002373,ncummings@example.net,Elizabeth,Patel,GEO0391,Consumer,2025-07-24T20:35:07,2026-01-23T17:38:24,0
C002374,cory21@example.org,Whitney,Wolf,GEO0616,SMB,2025-10-06T16:13:18,2025-12-17T10:25:25,0
C002375,sanderson@example.org,Darius,Mendoza,GEO0179,Mid-Market,2024-06-20T21:23:09,2024-10-24T15:39:31,0
C002376,mendozakevin@example.net,Michael,Mitchell,GEO0239,Mid-Market,2024-11-18T13:24:00,2025-03-18T13:06:51,0
C002377,ewood@example.net,David,Strickland,GEO0350,SMB,2024-05-22T17:27:01,2025-08-23T00:18:28,0
C002378,sanchezbrad@example.com,Ashley,Charles,GEO0312,Consumer,2025-10-17T13:57:58,2026-01-28T00:08:12,0
C002379,jhickman@example.net,Cheryl,Knight,GEO0726,SMB,2024-03-05T16:23:01,2024-05-16T11:12:43,0
C002380,thomasjo@example.com,Daniel,Maxwell,GEO0399,SMB,2024-03-10T07:43:46,2025-12-20T02:27:31,0
C002381,jessicamurray@example.com,Michelle,Rice,GEO0332,SMB,2024-04-06T13:03:22,2025-09-27T14:36:03,0
C002382,llee@example.com,Courtney,Franco,GEO0253,Consumer,2024-05-12T08:19:04,2024-12-12T07:37:20,0
C002383,petersrussell@example.org,Sandra,Lynch,GEO0205,Mid-Market,2025-03-28T08:03:45,2025-10-06T08:46:47,0
C002384,greenmichael@example.com,Jaime,Dominguez,GEO0668,Consumer,2024-08-06T21:51:20,2025-11-27T18:03:20,0
C002385,fhughes@example.org,Jeffrey,Weaver,GEO0335,Consumer,2025-04-16T18:59:47,2025-05-26T20:59:33,0
C002386,brandon34@example.org,James,Russell,GEO0340,Mid-Market,2025-08-12T12:27:47,2025-10-27T22:25:37,0
C002387,arthurwright@example.com,Stephen,White,GEO0612,SMB,2025-03-15T12:56:07,2025-12-23T07:12:56,0
C002388,gclark@example.org,Kevin,Alvarado,GEO0250,Mid-Market,2025-12-31T15:16:40,2026-02-11T17:29:25,0
C002389,sgordon@example.net,Laurie,Foster,GEO0081,SMB,2024-01-08T21:29:03,2024-07-16T07:47:44,0
C002390,johnsonlacey@example.net,Lee,Zimmerman,GEO0538,Mid-Market,2025-04-30T02:34:16,2025-09-02T00:51:41,0
C002391,ashleyramirez@example.net,Susan,Hernandez,GEO0497,Consumer,2025-07-31T05:01:38,2025-10-31T13:31:15,0
C002392,lucasteresa@example.com,Pamela,Brown,GEO0628,Consumer,2024-07-13T22:45:38,2025-11-15T06:50:43,0
C002393,jacob04@example.org,Mckenzie,Brown,GEO0067,Mid-Market,2024-08-03T12:18:16,2024-09-12T05:55:35,0
C002394,amandamoody@example.com,Stacey,Martin,GEO0623,SMB,2024-05-16T07:48:10,2025-06-24T14:24:39,0
C002395,robert52@example.com,Karen,Blair,GEO0439,Mid-Market,2025-08-30T05:16:10,2025-12-20T15:58:15,0
C002396,jamesanderson@example.org,Cindy,Hall,GEO0231,Consumer,2025-12-27T07:46:34,2026-02-08T20:09:02,0
C002397,allenrivera@example.net,Victoria,Lewis,GEO0314,Mid-Market,2024-09-01T05:01:36,2024-12-06T08:44:00,0
C002398,halljeffrey@example.com,Ricky,Alexander,GEO0692,Mid-Market,2025-03-09T06:14:48,2025-06-06T16:17:18,0
C002399,santiagoronald@example.com,Michael,Cabrera,GEO0608,SMB,2024-08-05T15:42:04,2026-01-24T04:56:38,0
C002400,jchase@example.com,Chelsea,Reed,GEO0071,SMB,2025-11-19T10:52:20,2025-11-29T10:53:17,0
C002401,john02@example.com,Darlene,Clark,GEO0501,Consumer,2024-12-16T12:03:58,2025-07-30T10:27:36,0
C002402,davidgilbert@example.org,Jessica,Hawkins,GEO0138,Mid-Market,2025-09-15T02:12:35,2025-11-10T03:01:00,0
C002403,lisa23@example.org,Jay,Moran,GEO0026,SMB,2025-02-06T07:13:43,2025-04-26T05:49:48,0
C002404,brandonfernandez@example.com,Carlos,Stanton,GEO0411,Mid-Market,2025-10-02T04:58:08,2026-02-05T14:29:29,0
C002405,davisjennifer@example.org,Dorothy,Anderson,GEO0618,Consumer,2024-07-27T13:56:46,2025-12-27T22:02:25,0
C002406,ibarrabrian@example.net,Robert,Guerra,GEO0703,Mid-Market,2024-11-01T15:01:59,2025-12-16T14:00:13,0
C002407,gblair@example.com,Dawn,Vazquez,GEO0201,Consumer,2025-01-05T07:24:51,2025-01-22T10:39:20,0
C002408,mallory61@example.net,Kristin,Burke,GEO0726,Mid-Market,2025-09-30T09:08:40,2025-12-12T02:46:52,0
C002409,sarawilliams@example.com,Danielle,Perez,GEO0764,SMB,2025-10-17T22:19:46,2025-10-30T04:57:31,0
C002410,rmoore@example.com,Cristina,Morgan,GEO0537,Mid-Market,2024-01-19T20:55:27,2025-05-17T11:32:10,0
C002411,whitelevi@example.org,Leah,Richards,GEO0283,SMB,2025-04-09T04:23:36,2025-04-10T13:53:10,0
C002412,paul84@example.net,Jonathan,Hunter,GEO0649,Consumer,2024-02-10T22:25:12,2025-07-14T21:22:40,0
C002413,staceywashington@example.net,Jacob,Berry,GEO0569,SMB,2025-02-17T13:46:04,2025-07-11T18:28:17,0
C002414,bauercory@example.org,Christopher,Williams,GEO0236,SMB,2025-09-01T20:37:13,2025-09-27T16:59:13,0
C002415,cchurch@example.org,Heidi,Haas,GEO0609,Mid-Market,2025-12-16T21:31:47,2026-02-27T17:45:17,0
C002416,vaguirre@example.net,Brendan,Hendricks,GEO0210,Consumer,2025-09-04T08:38:58,2026-01-11T13:02:37,0
C002417,gibsonbrandon@example.com,Kelly,Johnson,GEO0059,SMB,2025-09-27T10:00:55,2025-12-08T19:44:51,0
C002418,carmengomez@example.net,Teresa,Williamson,GEO0730,Consumer,2024-07-31T13:49:55,2025-10-20T09:13:08,0
C002419,gregory51@example.com,Curtis,Thompson,GEO0779,Consumer,2026-02-02T18:16:57,2026-02-14T03:08:06,0
C002420,vdougherty@example.com,John,Grant,GEO0431,Mid-Market,2026-01-05T18:45:59,2026-02-08T20:04:42,0
C002421,frankward@example.com,Edward,Rodriguez,GEO0269,SMB,2024-04-16T19:18:35,2025-03-29T07:16:01,0
C002422,nicholasflores@example.com,Brittany,Lucas,GEO0591,Consumer,2025-12-17T05:43:28,2026-02-10T23:44:58,0
C002423,reginasingh@example.org,Heather,Velasquez,GEO0654,Consumer,2024-06-16T06:52:37,2025-12-11T22:58:19,0
C002424,theresaphillips@example.com,Natalie,Bass,GEO0421,SMB,2025-05-24T05:52:56,2025-08-14T10:25:45,0
C002425,wayne87@example.net,Carol,Nielsen,GEO0510,Mid-Market,2026-02-03T22:31:04,2026-02-19T16:33:09,0
C002426,nelsonandrew@example.org,Alex,Brooks,GEO0571,Consumer,2024-05-11T14:33:41,2025-11-21T20:30:03,0
C002427,rcannon@example.com,Charles,Miranda,GEO0077,Mid-Market,2025-11-04T09:04:24,2026-01-09T01:24:44,0
C002428,jake77@example.com,Claire,Mckee,GEO0007,Consumer,2026-01-18T22:46:16,2026-02-23T20:23:25,0
C002429,qsimmons@example.org,Ernest,Rich,GEO0450,Mid-Market,2025-04-23T18:38:34,2025-09-08T12:01:48,0
C002430,robert42@example.com,Samantha,Wells,GEO0610,Mid-Market,2024-11-28T13:43:28,2025-10-13T08:36:49,0
C002431,ernesthoward@example.org,Andres,Miller,GEO0204,Consumer,2025-01-31T21:34:15,2025-02-01T19:54:58,0
C002432,fbailey@example.org,Lisa,Anderson,GEO0027,Consumer,2024-06-06T12:51:07,2024-07-27T17:03:36,0
C002433,ashley22@example.net,Justin,Jones,GEO0640,SMB,2024-05-24T02:24:25,2024-10-06T00:06:26,0
C002434,jrobinson@example.net,Louis,Todd,GEO0602,SMB,2024-12-30T23:28:43,2025-09-15T13:17:21,0
C002435,phall@example.com,Elizabeth,Burnett,GEO0217,Mid-Market,2025-11-12T12:20:20,2026-02-16T11:56:31,0
C002436,njackson@example.net,Kenneth,Gallagher,GEO0788,Consumer,2024-04-12T08:30:27,2025-01-18T00:00:03,0
C002437,bradbennett@example.com,Elizabeth,Hanson,GEO0770,SMB,2025-06-20T10:33:50,2026-01-13T13:51:33,0
C002438,lucasandrea@example.org,James,Cummings,GEO0564,SMB,2024-05-15T21:03:22,2024-07-27T13:24:22,0
C002439,dianawolf@example.org,Bradley,Berry,GEO0081,Consumer,2024-11-28T04:11:57,2025-04-08T09:16:04,0
C002440,janetmoore@example.net,Christopher,Jefferson,GEO0262,Mid-Market,2025-06-08T19:30:59,2025-11-06T00:09:51,0
C002441,herringgerald@example.org,Nathan,Phillips,GEO0262,Consumer,2024-07-25T16:26:58,2026-01-23T13:01:32,0
C002442,dawsonamanda@example.com,Amy,Nichols,GEO0544,SMB,2024-08-26T15:55:02,2024-10-30T14:01:15,0
C002443,aevans@example.org,Kathryn,Rodriguez,GEO0206,Consumer,2024-07-17T19:19:51,2025-04-17T04:58:13,0
C002444,jose80@example.com,Kyle,Torres,GEO0255,SMB,2025-10-20T01:11:02,2026-01-13T23:03:34,0
C002445,marynunez@example.org,Laura,Thompson,GEO0409,Mid-Market,2026-01-23T07:01:38,2026-02-09T23:04:13,0
C002446,hramos@example.com,John,Edwards,GEO0249,Mid-Market,2025-11-15T00:37:49,2026-01-09T20:04:52,0
C002447,kimberly66@example.com,Sonya,Ross,GEO0204,Mid-Market,2025-05-02T15:55:54,2026-02-20T15:08:53,0
C002448,kimberly19@example.com,Jennifer,Robinson,GEO0789,Consumer,2024-12-10T17:17:07,2025-03-27T11:24:39,0
C002449,danielthomas@example.com,Lindsey,White,GEO0395,Consumer,2025-06-23T09:20:58,2025-07-03T14:13:22,0
C002450,isaactorres@example.org,Brandon,Martin,GEO0118,SMB,2026-02-27T22:31:19,2026-03-01T00:36:20,0
C002451,amanda14@example.net,Todd,Dixon,GEO0275,Mid-Market,2025-10-17T07:36:16,2025-10-21T10:37:53,0
C002452,davismichelle@example.com,Eric,Hodges,GEO0364,Mid-Market,2026-02-18T01:08:42,2026-02-24T00:10:45,0
C002453,barbara81@example.net,Eugene,Hale,GEO0451,SMB,2024-09-13T04:41:55,2024-10-28T07:05:22,0
C002454,mossandrew@example.org,Nancy,Henderson,GEO0783,Mid-Market,2025-06-27T04:21:33,2025-09-06T19:53:55,0
C002455,mclaughlinjulie@example.net,Aaron,Smith,GEO0709,Consumer,2025-04-24T09:09:02,2025-08-18T03:36:47,0
C002456,julieryan@example.org,Amy,Lopez,GEO0251,SMB,2025-11-11T15:18:34,2026-01-05T14:23:39,0
C002457,smithcrystal@example.com,Lisa,Nelson,GEO0409,Mid-Market,2024-04-26T09:04:32,2025-07-05T23:17:58,0
C002458,andreasmith@example.com,Angela,Martin,GEO0158,Mid-Market,2025-06-19T05:12:00,2025-08-24T19:20:50,0
C002459,nkirby@example.org,Donna,Cunningham,GEO0279,SMB,2025-06-16T22:32:51,2025-11-04T03:36:26,0
C002460,brownraymond@example.net,Ryan,Carson,GEO0136,Mid-Market,2024-09-07T07:10:57,2025-11-20T00:47:41,0
C002461,omahoney@example.org,Megan,Haney,GEO0435,Mid-Market,2026-01-09T12:45:39,2026-02-26T08:10:29,0
C002462,nicolemason@example.com,Emily,Andrade,GEO0050,SMB,2025-05-07T16:13:06,2025-12-20T06:44:00,0
C002463,jasonwebb@example.net,Christopher,Rogers,GEO0356,Consumer,2025-02-16T18:13:42,2026-01-10T21:05:23,0
C002464,waretabitha@example.com,Gregory,Gibson,GEO0389,Consumer,2025-06-26T14:34:32,2025-08-03T09:49:09,0
C002465,ryantorres@example.org,Aaron,Jones,GEO0274,SMB,2025-01-25T10:36:19,2025-08-25T19:35:37,0
C002466,elizabethmoody@example.org,Rachel,Love,GEO0276,SMB,2024-01-24T04:15:08,2025-05-09T23:09:14,0
C002467,coryfernandez@example.net,Jessica,Walker,GEO0245,Consumer,2025-04-30T14:39:32,2026-02-20T00:09:56,0
C002468,stevengreene@example.org,Allison,Nguyen,GEO0591,SMB,2024-08-21T21:52:36,2024-10-17T01:45:52,0
C002469,sullivanpaula@example.com,Paul,Curtis,GEO0211,SMB,2026-02-20T10:52:17,2026-02-28T20:40:28,0
C002470,ucampos@example.com,Margaret,Jackson,GEO0337,Mid-Market,2025-11-18T08:51:29,2026-01-14T18:20:45,0
C002471,chaselisa@example.org,Kayla,Howell,GEO0645,Mid-Market,2024-03-13T14:26:31,2025-01-28T10:12:37,0
C002472,alawson@example.org,Steven,Gordon,GEO0236,Mid-Market,2024-03-20T17:39:43,2024-04-29T14:47:13,0
C002473,gomezbrittney@example.net,Melissa,Day,GEO0414,Consumer,2025-06-10T11:37:04,2025-11-21T15:38:03,0
C002474,michael72@example.net,Emma,Ewing,GEO0595,SMB,2025-08-17T11:32:38,2026-02-28T22:40:24,0
C002475,jacquelinebennett@example.net,Stephanie,Ross,GEO0494,Mid-Market,2025-02-18T06:32:16,2025-11-26T16:28:26,0
C002476,ngallagher@example.com,Bailey,Davis,GEO0586,Consumer,2025-06-21T04:01:43,2025-10-21T12:05:09,0
C002477,shane49@example.net,Brittany,Vance,GEO0216,SMB,2025-08-30T21:06:11,2025-09-28T20:50:42,0
C002478,matthewwalker@example.com,Emily,Fuller,GEO0580,Mid-Market,2024-01-29T10:47:05,2025-08-11T17:06:09,0
C002479,gallagherjoanna@example.org,Beth,Franklin,GEO0486,Mid-Market,2025-08-03T17:33:41,2025-11-10T20:50:48,0
C002480,eadams@example.org,Kathy,Jenkins,GEO0585,Consumer,2025-06-07T00:41:52,2026-02-12T00:58:25,0
C002481,bryan79@example.net,Randy,Smith,GEO0309,Mid-Market,2026-01-02T01:55:07,2026-01-05T14:37:08,0
C002482,trancaitlin@example.com,Gina,Jimenez,GEO0412,Consumer,2025-05-07T18:35:09,2025-11-21T17:38:57,0
C002483,gina94@example.com,Joshua,Mckay,GEO0212,SMB,2024-08-17T22:32:42,2025-11-07T21:19:38,0
C002484,leahpham@example.com,Daniel,Murray,GEO0517,Consumer,2025-04-10T07:45:20,2025-05-02T13:31:20,0
C002485,mary85@example.org,Raymond,Perkins,GEO0742,Mid-Market,2025-06-07T13:55:33,2025-09-30T06:21:22,0
C002486,osbornkelly@example.net,Amanda,Baker,GEO0383,Consumer,2025-04-01T15:28:15,2025-05-22T05:53:51,0
C002487,alejandro92@example.net,Danielle,Drake,GEO0207,Consumer,2024-08-11T10:21:21,2024-09-23T21:54:49,0
C002488,murphygeorge@example.org,Frank,Taylor,GEO0356,Mid-Market,2025-03-26T01:22:08,2026-02-18T02:33:30,0
C002489,zwilliams@example.com,Angela,Winters,GEO0353,Mid-Market,2025-09-09T23:14:33,2025-11-18T22:52:17,0
C002490,larsenharold@example.net,Martha,Howard,GEO0298,SMB,2024-02-15T11:32:34,2024-09-16T03:04:19,0
C002491,carrilloaaron@example.net,Ashley,Lee,GEO0355,SMB,2024-11-11T01:41:58,2025-11-05T03:48:09,0
C002492,riverakevin@example.net,Andrea,Montgomery,GEO0353,Mid-Market,2024-08-20T10:54:03,2025-03-11T12:34:28,0
C002493,vgreen@example.org,Angela,Perry,GEO0429,Mid-Market,2024-11-28T12:52:59,2025-12-30T17:38:04,0
C002494,alexisschaefer@example.com,Kristina,Herman,GEO0398,Mid-Market,2024-02-08T20:28:56,2025-05-14T19:28:34,0
C002495,smithbrandon@example.com,Jennifer,Wolf,GEO0176,Consumer,2024-05-25T20:19:51,2026-02-26T08:22:27,0
C002496,xgarcia@example.net,Michael,Harris,GEO0143,SMB,2024-10-25T13:30:36,2025-12-13T09:01:58,0
C002497,paul18@example.com,Katrina,Lee,GEO0676,SMB,2024-08-25T23:54:27,2025-06-26T00:04:27,0
C002498,qirwin@example.com,Ryan,Hudson,GEO0566,Mid-Market,2024-05-17T10:30:13,2025-10-09T16:42:13,0
C002499,bsloan@example.net,David,Kennedy,GEO0416,SMB,2024-05-01T18:31:23,2025-08-07T22:58:10,0
C002500,zhumphrey@example.org,Anthony,Welch,GEO0442,Mid-Market,2025-12-21T04:42:28,2026-01-19T03:32:25,0
C002501,ronaldoneal@example.org,Brandon,Nelson,GEO0495,Mid-Market,2025-07-26T06:45:02,2025-08-29T18:53:05,0
C002502,kevin42@example.net,Caitlin,Williams,GEO0793,SMB,2025-07-26T22:42:19,2026-01-06T05:52:14,0
C002503,vhill@example.com,Angelica,Hickman,GEO0711,SMB,2024-06-28T02:24:54,2025-07-14T02:35:22,0
C002504,fred06@example.org,Kristin,Martinez,GEO0482,SMB,2026-01-26T17:15:37,2026-02-22T12:01:29,0
C002505,renee99@example.com,Monica,Taylor,GEO0768,SMB,2024-07-31T09:50:24,2025-11-25T22:16:24,0
C002506,ltate@example.org,David,Smith,GEO0649,Consumer,2026-01-14T11:47:40,2026-02-19T11:34:18,0
C002507,jasonreid@example.net,Kenneth,Mcguire,GEO0753,Mid-Market,2024-03-25T15:17:47,2025-12-09T03:27:04,0
C002508,victor76@example.com,Amber,Cohen,GEO0566,SMB,2024-01-04T00:10:57,2024-06-21T02:32:42,0
C002509,nathan39@example.com,Mark,Davis,GEO0613,Mid-Market,2025-02-18T17:04:41,2025-07-14T03:14:50,0
C002510,amandaedwards@example.com,Maria,Montes,GEO0462,SMB,2024-11-03T21:30:24,2025-10-26T01:45:37,0
C002511,mason53@example.org,Gabriel,Poole,GEO0415,Consumer,2025-07-29T22:31:51,2025-11-21T09:01:47,0
C002512,smithjohn@example.org,Dominique,Potts,GEO0747,Mid-Market,2025-08-28T04:34:25,2025-11-09T21:40:15,0
C002513,noblekimberly@example.org,Sandra,Bowman,GEO0198,Consumer,2024-07-25T04:27:54,2025-07-16T23:01:36,0
C002514,bsimpson@example.com,Amanda,Gardner,GEO0777,Mid-Market,2025-10-23T12:45:52,2025-12-09T03:35:57,0
C002515,christinapeters@example.net,Emily,Spencer,GEO0086,SMB,2025-03-01T14:29:07,2026-01-02T23:24:26,0
C002516,henrybarnett@example.org,Erin,Reed,GEO0104,Consumer,2025-03-21T00:08:20,2025-10-08T07:17:11,0
C002517,craig18@example.com,Tracy,Mendez,GEO0082,Consumer,2024-02-02T04:08:43,2026-01-17T07:17:39,0
C002518,vjones@example.org,Allison,Walsh,GEO0753,Consumer,2025-07-11T02:57:13,2026-01-12T14:27:35,0
C002519,kyle14@example.com,Shawn,Adams,GEO0228,SMB,2025-03-07T11:39:47,2025-03-15T03:30:55,0
C002520,kathyfowler@example.com,Kelsey,Evans,GEO0417,Consumer,2025-09-21T10:09:40,2025-12-07T08:52:25,0
C002521,daniel71@example.com,Beverly,Park,GEO0329,SMB,2024-10-07T00:39:10,2025-01-23T07:49:54,0
C002522,sgonzalez@example.net,James,Cook,GEO0285,SMB,2024-03-05T09:54:25,2025-03-09T13:56:19,0
C002523,bdixon@example.org,James,Moreno,GEO0251,Consumer,2025-01-20T03:35:24,2025-05-26T15:48:08,0
C002524,ymiller@example.org,Haley,Allen,GEO0583,Consumer,2024-08-11T18:37:50,2025-08-11T23:57:41,0
C002525,ronaldjohnson@example.com,William,Preston,GEO0238,Mid-Market,2025-09-19T10:22:37,2025-10-29T20:11:31,0
C002526,gomezgrant@example.net,Thomas,Smith,GEO0528,SMB,2025-03-25T08:51:05,2025-08-24T19:02:01,0
C002527,rwhite@example.org,Lawrence,Martinez,GEO0378,SMB,2025-07-14T00:11:47,2026-02-04T10:21:04,0
C002528,ricky35@example.net,Jeremy,Burnett,GEO0474,Consumer,2026-01-09T08:49:18,2026-02-21T08:56:35,0
C002529,garciaanne@example.org,Michael,Jennings,GEO0100,Consumer,2025-05-07T05:34:58,2026-02-05T07:36:00,0
C002530,kellybooth@example.com,Christopher,Mendoza,GEO0173,Consumer,2025-04-25T07:04:16,2025-10-26T08:24:46,0
C002531,lmahoney@example.com,Brianna,Brown,GEO0229,Consumer,2025-12-13T11:43:30,2026-01-19T18:53:12,0
C002532,jeffrey62@example.net,Cassandra,Scott,GEO0274,Consumer,2025-01-01T03:16:44,2026-02-05T18:29:33,0
C002533,bsoto@example.com,Teresa,Peterson,GEO0719,Mid-Market,2025-04-22T10:13:04,2025-06-29T22:00:18,0
C002534,norrisdaniel@example.net,Caitlin,Peterson,GEO0590,SMB,2025-08-20T09:15:28,2025-12-24T20:27:27,0
C002535,barbaraschmidt@example.org,Marissa,Sutton,GEO0013,Consumer,2025-06-10T01:44:33,2025-12-18T16:03:03,0
C002536,frank18@example.net,Robert,Boyd,GEO0639,Mid-Market,2026-01-10T17:30:15,2026-01-15T09:13:37,0
C002537,george46@example.com,Jill,Robertson,GEO0030,Consumer,2024-11-28T02:16:14,2025-07-07T15:34:26,0
C002538,christine97@example.net,Nathan,Jackson,GEO0193,Consumer,2025-10-08T00:31:51,2026-02-25T02:35:29,0
C002539,madison75@example.net,Jennifer,Bailey,GEO0794,Mid-Market,2024-02-16T21:25:40,2025-08-06T10:27:19,0
C002540,soniaharmon@example.net,Brett,Thomas,GEO0198,SMB,2024-12-04T01:26:41,2025-09-10T20:53:00,0
C002541,dmcgee@example.net,Amber,Guerrero,GEO0660,Mid-Market,2025-03-14T21:12:15,2025-04-19T11:16:11,0
C002542,wilkinskevin@example.net,Jacob,Franklin,GEO0404,Consumer,2026-01-30T00:25:02,2026-01-31T05:12:03,0
C002543,droach@example.org,Sara,Christensen,GEO0280,SMB,2025-05-29T10:41:44,2025-11-16T22:01:43,0
C002544,ruth45@example.org,Kristy,Norton,GEO0794,Consumer,2024-05-21T09:47:06,2024-08-27T09:50:09,0
C002545,ronaldhodges@example.org,Alexandra,Myers,GEO0486,SMB,2025-02-17T15:02:06,2025-07-28T02:16:20,0
C002546,millerjessica@example.net,Anthony,Rice,GEO0195,Mid-Market,2025-08-25T04:01:06,2025-12-05T13:57:15,0
C002547,karen81@example.org,Belinda,Lynch,GEO0779,Mid-Market,2026-01-27T04:08:08,2026-02-04T08:02:02,0
C002548,fflowers@example.com,Sierra,Rogers,GEO0390,Mid-Market,2024-08-25T04:11:42,2025-02-21T01:23:24,0
C002549,clayandrew@example.net,Diane,Delacruz,GEO0289,Consumer,2025-11-01T03:42:47,2026-01-18T01:54:04,0
C002550,marthagriffin@example.net,Brandon,Stewart,GEO0152,Consumer,2026-02-15T08:34:19,2026-02-18T07:36:06,0
C002551,lmiddleton@example.org,Jeffrey,Mccormick,GEO0596,Mid-Market,2024-08-21T05:23:11,2026-02-01T12:07:50,0
C002552,burtondiane@example.net,William,Potter,GEO0240,Consumer,2024-06-11T23:38:16,2025-05-20T13:43:18,0
C002553,awoodward@example.net,Lucas,Martinez,GEO0408,Consumer,2024-05-09T09:11:32,2025-06-22T09:49:51,0
C002554,vsmith@example.org,David,Allen,GEO0740,SMB,2025-09-16T13:50:00,2025-10-30T08:37:32,0
C002555,smithsusan@example.net,David,Berry,GEO0304,Consumer,2025-03-15T08:11:47,2025-04-11T23:51:37,0
C002556,pparker@example.com,Michael,Sanchez,GEO0634,Consumer,2024-12-31T13:48:29,2025-11-21T21:30:40,0
C002557,dwilliams@example.net,Amanda,Mckenzie,GEO0534,SMB,2024-09-05T21:36:35,2025-09-09T05:39:30,0
C002558,foleyjennifer@example.org,Justin,Brown,GEO0545,SMB,2024-08-25T12:53:49,2024-11-27T10:44:11,0
C002559,kevinespinoza@example.org,Richard,Bullock,GEO0321,SMB,2025-02-17T10:36:54,2025-03-22T08:31:48,0
C002560,wharris@example.com,Donald,Gonzales,GEO0419,Consumer,2025-02-03T11:50:15,2025-12-27T16:03:39,0
C002561,hannahhicks@example.net,Richard,Sanchez,GEO0310,SMB,2025-03-02T09:06:17,2025-10-30T11:14:15,0
C002562,john90@example.net,Adrian,Cook,GEO0757,Mid-Market,2025-08-18T11:10:18,2025-12-09T08:59:48,0
C002563,theresa61@example.com,Cynthia,Carter,GEO0729,Mid-Market,2025-03-20T10:42:14,2025-09-09T06:35:37,0
C002564,christophercook@example.com,Lori,Allen,GEO0752,Mid-Market,2025-12-06T13:08:48,2026-02-25T18:35:56,0
C002565,wcarroll@example.com,Kristy,Wilson,GEO0005,Consumer,2026-02-04T04:18:12,2026-02-26T12:31:59,0
C002566,zroberts@example.net,Christina,Keller,GEO0520,SMB,2024-06-03T03:21:30,2024-08-25T05:41:29,0
C002567,thomaswhite@example.org,Melissa,Stephens,GEO0339,Mid-Market,2025-10-22T13:12:47,2025-12-18T10:17:13,0
C002568,pbarajas@example.com,Robert,Cooper,GEO0430,SMB,2025-11-06T13:35:21,2026-01-09T23:27:15,0
C002569,kennethboyd@example.com,Lindsay,Scott,GEO0495,Consumer,2025-08-14T13:50:06,2025-11-22T23:34:09,0
C002570,gjones@example.net,Yvette,Murray,GEO0286,SMB,2025-08-02T18:40:15,2026-01-06T19:48:56,0
C002571,cynthia35@example.net,Monica,Walters,GEO0002,Mid-Market,2025-07-13T02:26:06,2025-10-11T07:43:32,0
C002572,robert40@example.com,Tabitha,Johnson,GEO0584,SMB,2024-04-13T16:41:12,2025-07-29T02:01:15,0
C002573,taylortina@example.org,Joseph,Tucker,GEO0753,Consumer,2025-05-24T15:08:24,2025-06-23T15:44:10,0
C002574,robertpeck@example.net,Monica,Baker,GEO0246,Consumer,2024-01-05T08:34:39,2025-03-13T15:35:57,0
C002575,erica71@example.net,Kari,Hall,GEO0084,Mid-Market,2024-01-20T04:24:46,2024-10-27T18:13:07,0
C002576,laura09@example.com,Barbara,Williams,GEO0139,SMB,2024-05-05T12:50:12,2026-01-01T09:50:49,0
C002577,smorales@example.net,Michelle,Sims,GEO0308,Consumer,2025-02-10T10:41:17,2025-04-24T23:37:53,0
C002578,hudsonglen@example.net,Kathryn,Ramirez,GEO0675,SMB,2024-06-17T22:18:22,2025-08-06T06:58:52,0
C002579,uhubbard@example.com,Daniel,Mann,GEO0789,Consumer,2025-09-04T14:08:47,2026-01-31T18:40:57,0
C002580,amanda72@example.com,David,Adams,GEO0717,Consumer,2024-01-12T12:52:36,2024-10-06T16:54:42,0
C002581,andrewfaulkner@example.net,Susan,Galloway,GEO0093,Consumer,2025-11-14T05:41:26,2026-02-11T12:45:18,0
C002582,toddmary@example.com,Kimberly,Cannon,GEO0185,Consumer,2025-04-16T19:26:28,2025-04-29T13:43:56,0
C002583,harrisstacey@example.net,William,Mills,GEO0047,Consumer,2024-08-17T10:14:38,2024-12-08T01:06:24,0
C002584,hunterjamie@example.com,Scott,Burgess,GEO0008,SMB,2024-06-22T18:01:07,2025-08-06T22:15:36,0
C002585,jessicalewis@example.com,Kathleen,Cole,GEO0664,Mid-Market,2024-10-05T18:02:48,2024-12-27T06:14:14,0
C002586,clinton09@example.org,Cindy,Rodriguez,GEO0606,Consumer,2024-10-05T15:58:42,2025-12-08T15:42:51,0
C002587,james60@example.org,Amy,Foster,GEO0156,SMB,2025-12-03T17:50:06,2026-01-08T01:52:36,0
C002588,joseph20@example.com,Carlos,Boone,GEO0412,SMB,2025-12-08T02:46:03,2025-12-17T13:31:38,0
C002589,patriciacarr@example.net,Denise,Cole,GEO0775,Consumer,2024-02-08T08:58:34,2024-05-11T03:25:00,1
C002590,adrianchang@example.org,Andrew,Zimmerman,GEO0578,Mid-Market,2024-10-16T20:45:37,2025-09-20T21:05:49,0
C002591,tnorris@example.com,Cory,Lewis,GEO0573,SMB,2024-02-18T20:57:59,2024-08-01T01:09:33,0
C002592,nathan38@example.net,Charles,Howell,GEO0106,SMB,2025-03-03T03:25:58,2025-12-06T01:47:04,0
C002593,corey22@example.com,Amy,Owens,GEO0644,Mid-Market,2025-09-27T01:15:18,2025-11-02T03:54:49,0
C002594,yhernandez@example.com,Michelle,Andrews,GEO0205,Mid-Market,2024-09-21T23:59:21,2025-07-27T17:16:56,0
C002595,isaacbrooks@example.com,Megan,Leon,GEO0694,Consumer,2024-03-02T10:12:04,2025-05-11T01:44:30,0
C002596,keithbaker@example.net,Debbie,Lewis,GEO0590,Consumer,2025-11-18T15:53:59,2026-02-01T03:13:58,0
C002597,igarcia@example.net,Brett,Lee,GEO0124,Consumer,2025-01-26T02:20:50,2025-09-29T03:54:44,0
C002598,gfox@example.net,Patrick,Williams,GEO0396,SMB,2024-03-29T03:13:56,2024-08-14T22:06:37,0
C002599,hernandezreginald@example.net,Denise,Brown,GEO0279,Consumer,2024-11-12T04:19:57,2025-07-07T21:55:00,0
C002600,kimberlyjohnson@example.com,Kimberly,Young,GEO0055,Mid-Market,2025-06-17T20:05:18,2025-08-03T03:08:53,0
C002601,egriffith@example.net,Michael,Ortiz,GEO0308,Mid-Market,2025-04-15T09:20:08,2025-12-19T22:04:49,0
C002602,smithsteven@example.net,Lawrence,Brown,GEO0053,Consumer,2025-09-14T13:30:54,2026-01-22T11:31:24,0
C002603,vsanchez@example.net,Tammy,Johnson,GEO0533,Consumer,2025-03-14T19:04:15,2025-12-22T02:02:58,0
C002604,drobinson@example.org,Jake,Osborne,GEO0748,SMB,2025-05-26T19:07:42,2025-12-06T03:50:36,0
C002605,fjackson@example.org,James,Hess,GEO0211,Consumer,2024-06-22T20:09:07,2025-06-13T09:56:03,0
C002606,paulthomas@example.org,Diana,Simpson,GEO0142,Consumer,2025-12-28T02:58:21,2026-01-24T10:03:26,0
C002607,davidbrock@example.com,Leslie,Weeks,GEO0626,SMB,2025-11-10T21:11:24,2025-11-18T13:35:16,0
C002608,julia17@example.org,Ashley,Payne,GEO0342,SMB,2024-12-18T05:20:11,2026-01-09T20:31:47,0
C002609,wellsadam@example.com,Kirk,Russell,GEO0631,Consumer,2024-03-17T04:40:23,2024-12-31T15:46:51,0
C002610,mandymalone@example.com,Melissa,Arias,GEO0262,SMB,2025-12-25T18:34:38,2026-01-29T16:33:58,0
C002611,isaiahthomas@example.net,Ray,Thomas,GEO0321,SMB,2025-01-02T12:38:18,2025-09-18T18:38:14,0
C002612,jasonmatthews@example.org,Donald,Oconnor,GEO0397,SMB,2024-02-01T03:37:40,2026-01-18T23:21:27,0
C002613,aguilarkevin@example.com,Lauren,Wells,GEO0121,Mid-Market,2024-12-22T12:13:23,2025-06-26T16:18:56,0
C002614,nicholasjohnson@example.net,Ian,May,GEO0129,SMB,2024-07-07T20:46:05,2025-10-16T04:24:25,0
C002615,leslie32@example.com,Robert,Pearson,GEO0581,Mid-Market,2026-02-17T11:25:23,2026-02-17T08:24:55,0
C002616,jennifer02@example.com,Stacy,Wilcox,GEO0270,Consumer,2025-05-02T21:02:05,2025-09-29T20:58:17,0
C002617,breanna51@example.com,Benjamin,Rodriguez,GEO0453,Consumer,2024-08-15T12:32:41,2025-10-20T05:16:02,0
C002618,floressarah@example.net,Sandra,Davis,GEO0235,Mid-Market,2025-12-18T14:49:51,2025-12-31T00:00:40,0
C002619,zfernandez@example.net,Justin,Obrien,GEO0591,SMB,2025-02-25T17:38:03,2026-02-04T08:51:48,0
C002620,jscott@example.com,Kylie,Odonnell,GEO0272,Consumer,2025-05-12T17:09:00,2026-01-08T13:10:12,0
C002621,dmartinez@example.com,Yvette,Velez,GEO0429,Consumer,2026-01-07T03:22:55,2026-02-26T21:10:08,0
C002622,larry40@example.net,Kara,Gonzales,GEO0182,Mid-Market,2024-05-26T04:11:11,2025-12-16T04:18:00,0
C002623,daviladaniel@example.org,Travis,Harvey,GEO0028,SMB,2024-10-11T10:55:09,2025-07-07T06:22:38,0
C002624,christopherturner@example.org,Richard,Mclaughlin,GEO0328,SMB,2025-09-01T01:00:17,2025-09-24T01:46:48,0
C002625,philliphayden@example.net,David,Gonzalez,GEO0025,SMB,2024-10-01T19:51:07,2025-05-22T11:56:50,0
C002626,tina48@example.com,William,Nelson,GEO0237,Consumer,2025-12-22T07:22:42,2025-12-25T10:12:20,0
C002627,gordondavid@example.net,Tammy,Ortiz,GEO0204,Consumer,2025-03-29T05:49:41,2025-12-25T18:08:59,0
C002628,ryan20@example.org,Cameron,Jackson,GEO0564,SMB,2024-01-08T09:07:40,2025-12-25T21:23:31,0
C002629,vparks@example.org,Michelle,Howard,GEO0342,Mid-Market,2024-02-11T14:33:15,2024-03-11T04:59:34,0
C002630,aaron33@example.org,Bruce,Smith,GEO0257,Consumer,2024-03-15T09:06:39,2025-01-03T22:21:15,0
C002631,swright@example.net,Jennifer,Powell,GEO0334,Mid-Market,2024-03-20T10:55:48,2024-07-27T16:48:58,0
C002632,brittneysalazar@example.org,Zachary,Armstrong,GEO0027,SMB,2025-11-02T09:30:35,2025-12-24T14:18:46,0
C002633,martinezdavid@example.org,Andrew,Friedman,GEO0724,Consumer,2025-10-05T17:02:11,2025-10-26T20:32:43,0
C002634,cruzkaren@example.net,Edwin,Young,GEO0056,Consumer,2025-09-16T00:24:14,2025-12-13T15:58:35,0
C002635,dharris@example.net,Marie,Nunez,GEO0068,Consumer,2025-12-28T21:14:29,2026-01-11T21:09:06,0
C002636,nsingh@example.org,Paul,Weaver,GEO0787,Mid-Market,2025-11-07T23:57:45,2026-01-02T08:59:58,0
C002637,kevin18@example.com,Timothy,Scott,GEO0335,Mid-Market,2024-09-02T12:38:36,2024-09-16T10:52:21,0
C002638,billyjohnson@example.net,Lisa,Compton,GEO0219,SMB,2024-11-26T15:50:23,2025-09-25T18:19:44,0
C002639,gabrielle36@example.org,Pamela,Sharp,GEO0320,Mid-Market,2024-01-22T08:11:36,2026-02-14T00:53:26,0
C002640,stephaniemiller@example.org,Alexandra,Miller,GEO0194,Mid-Market,2025-03-16T20:03:44,2025-08-15T11:57:09,0
C002641,batesangela@example.com,Heather,Rivera,GEO0619,Mid-Market,2025-09-14T13:00:24,2025-10-01T23:03:24,0
C002642,katherinemccarty@example.com,Edward,Smith,GEO0242,SMB,2025-03-06T07:14:28,2025-07-23T11:28:57,0
C002643,linda01@example.com,James,Farmer,GEO0203,SMB,2024-03-25T10:09:28,2025-05-23T02:59:14,0
C002644,robert07@example.com,Nicholas,Andrews,GEO0718,Mid-Market,2025-11-10T02:19:37,2026-01-19T01:08:22,0
C002645,justin46@example.com,Scott,Moran,GEO0299,Consumer,2025-10-12T16:17:12,2026-02-11T23:25:39,0
C002646,browndevin@example.net,Jennifer,Patrick,GEO0206,Mid-Market,2024-06-13T19:54:25,2025-04-11T08:19:29,0
C002647,barkeredwin@example.org,Denise,Palmer,GEO0147,Consumer,2025-05-25T10:51:56,2025-05-29T17:18:43,0
C002648,tammy26@example.org,Arthur,Reed,GEO0707,Mid-Market,2024-09-03T04:57:16,2025-02-28T06:19:32,0
C002649,crawfordhaley@example.org,Taylor,Clarke,GEO0316,Consumer,2026-02-24T08:05:29,2026-03-01T04:19:07,0
C002650,dana36@example.com,Ernest,Arias,GEO0499,SMB,2024-12-04T07:55:25,2025-10-07T03:20:34,0
C002651,wendy00@example.com,Christopher,Harvey,GEO0436,SMB,2024-11-18T09:54:37,2024-12-02T12:11:53,0
C002652,andrearivera@example.net,Darren,Barnes,GEO0424,SMB,2025-07-30T00:10:17,2025-09-10T11:28:03,0
C002653,fullerkristie@example.com,Michael,Smith,GEO0097,Consumer,2026-02-20T07:42:09,2026-03-01T10:43:38,0
C002654,cwilson@example.org,Steven,Thompson,GEO0121,Consumer,2025-01-02T07:54:05,2025-06-15T20:34:58,0
C002655,bakerricky@example.org,Christopher,Hoffman,GEO0419,Mid-Market,2024-05-22T12:14:02,2025-03-04T00:58:53,0
C002656,stephenjohnson@example.net,Natasha,Solomon,GEO0219,SMB,2025-09-11T12:11:57,2026-02-16T19:05:28,0
C002657,tonyamartinez@example.net,Veronica,Burton,GEO0302,SMB,2024-04-11T09:10:38,2024-08-31T04:01:19,0
C002658,belldavid@example.net,Rebecca,Potts,GEO0259,SMB,2025-02-21T17:59:49,2025-05-22T03:22:43,0
C002659,alexander66@example.com,Jeffrey,Briggs,GEO0099,Consumer,2025-08-27T12:24:38,2025-10-19T15:54:53,0
C002660,larry04@example.net,Gregory,Thomas,GEO0019,Consumer,2025-02-09T04:52:22,2026-02-28T01:13:07,0
C002661,obarnes@example.net,Kevin,Bryan,GEO0093,Mid-Market,2024-08-24T05:32:02,2025-06-29T17:49:52,0
C002662,rodriguezchristopher@example.org,Adam,Porter,GEO0629,Consumer,2024-01-08T04:02:26,2024-04-14T21:37:03,0
C002663,tamaraparker@example.org,Jordan,Bailey,GEO0349,Consumer,2025-08-13T20:15:13,2025-11-16T19:14:31,0
C002664,amiller@example.net,Gary,Bentley,GEO0485,Consumer,2025-05-13T19:03:00,2025-06-11T20:01:11,0
C002665,bradydavid@example.com,Elizabeth,White,GEO0460,Mid-Market,2025-08-18T10:27:06,2025-11-22T04:11:53,0
C002666,ghatfield@example.com,Melanie,Padilla,GEO0272,Mid-Market,2025-01-20T22:43:17,2026-01-13T15:04:32,0
C002667,sdonovan@example.com,Stephanie,Chase,GEO0412,SMB,2025-01-12T19:19:00,2026-01-19T14:37:39,0
C002668,tonya97@example.com,Melissa,Ramos,GEO0647,Consumer,2024-05-26T00:18:50,2025-05-13T23:51:13,0
C002669,kristy47@example.com,Maria,Bates,GEO0318,Consumer,2026-01-30T02:24:41,2026-02-19T14:29:58,0
C002670,fowlermichael@example.org,Robert,Cantu,GEO0646,Consumer,2025-07-01T09:21:24,2025-09-13T14:46:18,0
C002671,vincent74@example.org,David,Edwards,GEO0288,SMB,2024-09-07T00:50:47,2025-01-06T19:18:48,0
C002672,lisa40@example.com,Jessica,Koch,GEO0361,Mid-Market,2024-07-19T19:44:58,2024-11-02T02:42:28,1
C002673,hkelley@example.org,Christopher,Gibbs,GEO0770,SMB,2025-05-25T13:45:27,2025-11-15T01:22:11,0
C002674,mbridges@example.net,Karen,Martin,GEO0510,Mid-Market,2025-04-27T13:04:08,2025-05-10T18:10:35,0
C002675,bailey20@example.com,Donna,Hill,GEO0456,Mid-Market,2025-12-18T10:30:35,2025-12-25T13:42:04,0
C002676,dawn11@example.org,Ellen,Salazar,GEO0435,Mid-Market,2026-01-08T01:09:08,2026-01-23T02:43:07,0
C002677,amymiller@example.org,Steven,Smith,GEO0547,Mid-Market,2025-05-04T17:43:59,2025-12-16T00:24:40,0
C002678,ohall@example.com,Erica,Mccormick,GEO0791,Mid-Market,2025-05-04T13:13:21,2025-09-06T04:09:12,0
C002679,jenniferrice@example.com,Brenda,Barnes,GEO0758,Consumer,2025-05-12T17:22:37,2025-07-30T02:55:08,0
C002680,kaiserrichard@example.org,Michael,Garcia,GEO0552,Mid-Market,2025-10-13T23:18:41,2026-02-21T11:26:14,0
C002681,kaiserhunter@example.org,Lisa,Watson,GEO0428,Consumer,2025-05-24T02:18:54,2025-08-09T19:19:12,0
C002682,dianaramirez@example.net,Jacob,Roy,GEO0097,Consumer,2024-02-11T23:15:29,2025-01-20T07:36:48,0
C002683,ericksonbrent@example.net,Julie,Rice,GEO0306,Mid-Market,2025-08-01T04:55:15,2026-01-27T22:04:13,0
C002684,colonjohn@example.org,Craig,Blair,GEO0761,SMB,2024-09-22T11:38:42,2026-02-18T12:24:39,0
C002685,dbrown@example.org,Frank,Key,GEO0174,SMB,2024-05-09T17:45:16,2024-08-22T15:42:35,0
C002686,danielgriffin@example.net,Cindy,Gaines,GEO0178,SMB,2025-11-30T13:21:36,2025-12-09T10:57:13,0
C002687,millerlindsey@example.org,Shawna,Clark,GEO0601,Consumer,2025-06-20T01:06:06,2026-01-05T08:42:55,0
C002688,pli@example.org,Karen,Crawford,GEO0653,SMB,2025-02-01T05:44:27,2025-08-21T09:11:27,0
C002689,lawrencesteven@example.net,Angela,Williams,GEO0365,SMB,2024-08-13T02:51:09,2025-12-25T05:17:20,0
C002690,wilkersonkatherine@example.org,Kathleen,Case,GEO0538,Consumer,2024-12-19T07:31:53,2025-06-24T21:25:20,0
C002691,bowenjonathan@example.net,Deborah,Bruce,GEO0115,SMB,2026-02-08T19:30:26,2026-02-16T16:28:32,0
C002692,vunderwood@example.com,Samantha,Fuller,GEO0047,SMB,2025-08-25T05:10:17,2026-01-19T09:45:23,0
C002693,harrissamuel@example.org,Matthew,Martin,GEO0648,Consumer,2024-05-03T09:26:40,2024-09-21T10:00:26,0
C002694,johnsonsandra@example.net,Allison,Camacho,GEO0792,Mid-Market,2024-05-12T13:20:24,2025-11-09T10:54:07,0
C002695,amills@example.com,Devin,Mcdonald,GEO0128,Consumer,2025-11-19T13:49:08,2026-02-23T14:56:26,0
C002696,espinozataylor@example.com,Daniel,Johnson,GEO0267,Consumer,2025-05-19T19:14:47,2025-10-29T22:01:39,0
C002697,maxwelltheodore@example.org,David,Harris,GEO0235,Consumer,2025-08-21T08:43:56,2025-10-28T04:04:08,0
C002698,fking@example.org,Amanda,Washington,GEO0484,SMB,2024-04-22T13:55:50,2026-02-23T11:57:00,0
C002699,billyjohns@example.net,Michelle,Yoder,GEO0300,Consumer,2024-05-30T09:57:31,2025-09-14T17:54:44,0
C002700,whitejustin@example.org,Emily,Moran,GEO0183,Mid-Market,2025-12-17T23:44:00,2026-01-22T11:31:46,0
C002701,kristen78@example.org,Alexis,Curtis,GEO0472,Consumer,2025-04-19T11:07:55,2026-01-10T09:44:41,0
C002702,james23@example.com,Tamara,Martin,GEO0097,Consumer,2025-04-14T06:14:41,2026-02-20T16:08:05,0
C002703,myersbenjamin@example.com,Carrie,Hines,GEO0737,Mid-Market,2025-04-08T21:53:09,2025-08-10T06:28:41,0
C002704,melanie46@example.net,Thomas,Price,GEO0489,Mid-Market,2024-06-08T01:59:36,2025-03-11T10:04:45,0
C002705,wfleming@example.org,Samuel,Vaughn,GEO0790,SMB,2025-02-08T12:49:46,2025-09-23T00:25:12,0
C002706,belindahaas@example.com,Heidi,Ayers,GEO0519,Consumer,2025-10-07T21:08:54,2026-02-17T13:12:00,0
C002707,christopherbrown@example.org,Mary,Kline,GEO0291,Consumer,2024-03-09T04:01:52,2024-04-28T23:43:33,0
C002708,paulsmith@example.org,Jeff,Cox,GEO0755,SMB,2025-05-30T04:24:52,2025-10-06T17:13:13,0
C002709,patricia24@example.org,Jacqueline,Neal,GEO0170,SMB,2024-08-05T14:43:36,2025-08-30T00:50:32,0
C002710,beckyroberts@example.com,Wesley,Robinson,GEO0042,Mid-Market,2025-12-08T19:25:31,2026-02-27T02:44:13,0
C002711,turnerdaniel@example.com,Caroline,Pacheco,GEO0034,SMB,2024-01-09T20:43:16,2025-09-21T09:57:27,0
C002712,stewartjeremy@example.org,Craig,Buck,GEO0172,Consumer,2025-09-05T00:35:23,2025-12-21T08:36:45,0
C002713,xalvarez@example.net,Andrea,Price,GEO0674,Consumer,2024-02-23T06:09:16,2025-11-20T11:48:55,0
C002714,richard33@example.net,Mindy,Mendez,GEO0155,Consumer,2025-07-31T11:03:52,2026-01-14T00:04:06,0
C002715,jesse81@example.org,Aaron,Smith,GEO0556,SMB,2024-12-05T12:07:30,2025-05-30T16:45:44,0
C002716,gilmorejoshua@example.com,Robert,Mack,GEO0499,Mid-Market,2025-12-26T01:34:56,2026-01-01T06:33:46,0
C002717,tracywilkins@example.net,Kristin,Foley,GEO0567,Mid-Market,2025-08-13T23:47:02,2025-10-25T08:40:04,0
C002718,floresjohn@example.com,Manuel,Hubbard,GEO0688,Consumer,2024-10-15T08:15:04,2025-04-11T12:24:57,0
C002719,taylorkaylee@example.com,Rebecca,Rivera,GEO0609,Consumer,2024-12-14T21:13:53,2025-06-01T06:33:40,0
C002720,andersonbrittany@example.net,Tyler,Garcia,GEO0791,SMB,2024-04-15T16:41:13,2025-08-16T09:29:20,0
C002721,jordan60@example.net,Lisa,Murray,GEO0314,Consumer,2025-06-01T06:02:39,2025-06-07T03:59:25,0
C002722,jessicasmith@example.com,Kristin,Graham,GEO0617,SMB,2024-11-21T09:28:07,2025-07-28T14:35:16,0
C002723,kelsey67@example.com,Donald,Howard,GEO0348,Mid-Market,2024-04-03T01:09:56,2025-07-20T21:06:25,0
C002724,dgarcia@example.org,Bruce,Porter,GEO0276,Mid-Market,2025-09-12T22:35:41,2025-11-03T15:44:06,0
C002725,wardlinda@example.net,Timothy,Cooley,GEO0076,Consumer,2024-04-05T11:33:59,2025-05-08T13:51:33,0
C002726,timothysharp@example.org,Connor,Stewart,GEO0123,Consumer,2024-04-25T18:36:30,2025-05-24T14:22:37,0
C002727,alyssaparsons@example.com,Kenneth,Jones,GEO0794,Mid-Market,2025-12-30T06:42:12,2026-01-09T13:04:30,0
C002728,wesley57@example.net,Herbert,Williams,GEO0151,Mid-Market,2024-02-12T10:55:01,2025-01-17T17:13:23,0
C002729,martintownsend@example.com,Gina,Powell,GEO0682,SMB,2024-09-18T20:34:04,2025-09-09T13:20:28,0
C002730,patricialopez@example.net,Mary,Shea,GEO0389,Mid-Market,2024-06-02T11:15:23,2025-02-02T07:37:41,0
C002731,qbutler@example.org,Alex,Delgado,GEO0491,Mid-Market,2026-02-27T05:18:10,2026-02-28T12:42:09,0
C002732,jvega@example.com,Sonya,Heath,GEO0133,Mid-Market,2025-04-24T15:21:35,2025-05-16T02:43:21,0
C002733,sherryclark@example.net,Tammy,Morales,GEO0425,SMB,2024-10-01T13:35:31,2025-05-02T00:52:55,0
C002734,wholt@example.net,David,Barry,GEO0424,Consumer,2024-07-26T04:50:32,2025-07-10T06:10:57,0
C002735,ebowen@example.net,Brett,Huang,GEO0492,Consumer,2025-04-18T15:48:24,2025-11-24T18:35:51,0
C002736,salinaszachary@example.net,Victoria,Garza,GEO0244,SMB,2024-08-15T10:04:40,2025-08-29T23:45:03,0
C002737,gregorybenson@example.com,Kimberly,Green,GEO0428,Consumer,2024-11-23T16:23:19,2025-06-29T03:15:00,0
C002738,kristina89@example.org,Thomas,Lane,GEO0596,SMB,2025-07-11T06:58:00,2025-11-25T18:59:30,0
C002739,kruegermark@example.com,Roy,Scott,GEO0401,Consumer,2026-01-09T20:29:48,2026-01-23T17:55:45,0
C002740,edwardserin@example.net,Marc,Cole,GEO0635,SMB,2024-06-19T15:30:29,2024-10-15T03:56:48,0
C002741,dporter@example.com,Jennifer,Cooper,GEO0782,Consumer,2024-10-26T10:08:44,2025-11-05T15:41:32,0
C002742,samueljones@example.net,Michelle,Allen,GEO0002,Consumer,2025-02-03T00:49:38,2025-03-06T00:28:58,0
C002743,dylan27@example.org,Michelle,Brady,GEO0768,Consumer,2024-05-29T01:52:09,2025-03-10T04:12:18,0
C002744,stanleyclark@example.org,Jasmin,Thompson,GEO0221,SMB,2024-10-24T06:56:43,2026-03-01T01:22:47,0
C002745,timothyrodriguez@example.org,Mary,Greer,GEO0295,Mid-Market,2025-05-10T21:28:30,2025-06-27T19:53:59,0
C002746,hsimmons@example.com,Daniel,Martin,GEO0726,SMB,2025-12-29T03:43:37,2026-02-04T20:30:06,0
C002747,eric85@example.org,Keith,Hood,GEO0778,Mid-Market,2025-01-08T19:27:22,2026-02-07T12:25:49,0
C002748,oray@example.org,Nicholas,Case,GEO0352,SMB,2025-02-20T01:38:39,2026-02-25T21:24:33,0
C002749,amoses@example.org,Breanna,Drake,GEO0164,Consumer,2024-08-28T09:49:17,2024-09-13T00:39:45,0
C002750,anthonywhite@example.com,Wanda,Riggs,GEO0488,Consumer,2024-06-04T09:08:43,2025-06-27T21:45:23,0
C002751,davistiffany@example.com,Jack,Sanders,GEO0785,Mid-Market,2025-04-14T06:44:11,2025-06-18T02:37:04,0
C002752,dpoole@example.com,Amy,Oneill,GEO0332,Consumer,2024-09-21T19:45:00,2026-01-03T00:23:44,0
C002753,wmarshall@example.org,Sandra,Drake,GEO0764,Mid-Market,2025-05-04T07:26:03,2025-07-01T10:31:50,0
C002754,rossjames@example.org,Pamela,Jennings,GEO0292,Consumer,2025-08-23T02:58:21,2025-09-01T23:44:06,0
C002755,carterjames@example.org,Robert,Ellis,GEO0733,SMB,2024-03-11T22:53:58,2024-08-13T13:00:01,0
C002756,sabrina69@example.org,Melissa,Roy,GEO0647,Consumer,2024-02-03T12:22:35,2025-09-10T22:13:42,0
C002757,rmoore@example.com,Ryan,Allen,GEO0584,SMB,2025-04-24T19:29:55,2026-02-02T06:14:20,0
C002758,fernandezsusan@example.org,Judith,Avila,GEO0792,Mid-Market,2025-06-03T22:13:22,2026-02-09T02:38:11,0
C002759,jordan25@example.net,Jessica,Roth,GEO0346,Mid-Market,2024-10-17T12:30:36,2024-12-02T08:24:15,0
C002760,daniel93@example.net,Cassandra,Martinez,GEO0478,Mid-Market,2025-12-28T13:40:24,2026-02-02T21:53:15,0
C002761,vickiesnyder@example.net,Michelle,Moore,GEO0132,Consumer,2024-06-08T06:05:31,2024-10-28T21:26:27,0
C002762,shortjeffrey@example.net,Brandon,Proctor,GEO0017,Mid-Market,2024-05-29T04:19:25,2025-12-01T10:16:54,0
C002763,bbrown@example.net,Robert,Foster,GEO0744,Consumer,2025-08-29T23:31:42,2025-09-30T09:00:02,0
C002764,madison72@example.net,Deanna,Kelly,GEO0025,Mid-Market,2024-02-05T23:43:42,2024-06-28T00:34:25,0
C002765,briannabaker@example.net,Courtney,Brooks,GEO0542,Consumer,2024-02-20T09:42:47,2025-03-12T00:20:05,0
C002766,gsharp@example.net,Ryan,Cabrera,GEO0614,Mid-Market,2024-01-25T10:17:13,2024-06-19T15:56:07,0
C002767,xgoodman@example.com,Meghan,Smith,GEO0529,Consumer,2025-10-29T23:03:56,2026-01-19T22:46:12,0
C002768,gardnerelizabeth@example.org,Annette,Kirby,GEO0612,SMB,2024-11-23T20:58:13,2025-06-06T19:45:48,0
C002769,brookemartin@example.org,Rebecca,Frank,GEO0134,Consumer,2024-07-24T02:58:03,2024-09-20T23:02:37,0
C002770,nicole39@example.org,Joshua,Daniels,GEO0742,Mid-Market,2025-06-22T18:15:04,2025-11-10T14:33:07,0
C002771,richardsglenn@example.org,Michael,Lee,GEO0376,SMB,2024-01-04T17:02:11,2025-06-26T20:14:21,0
C002772,glennbernard@example.org,Michael,Williams,GEO0562,Consumer,2024-10-12T10:34:56,2026-02-06T19:48:11,0
C002773,rebecca55@example.org,Daniel,Dyer,GEO0440,Consumer,2025-11-30T19:47:14,2025-12-06T08:45:14,0
C002774,veronicacampbell@example.net,Felicia,Johnson,GEO0362,SMB,2025-03-30T13:05:15,2025-10-29T12:10:34,0
C002775,jcarpenter@example.net,Justin,Logan,GEO0114,Consumer,2025-10-20T16:50:51,2025-11-10T04:08:43,0
C002776,karisanchez@example.org,Kelly,Sanchez,GEO0193,Mid-Market,2025-03-15T02:22:54,2026-01-01T09:49:29,0
C002777,brittanyanderson@example.net,Anthony,Elliott,GEO0096,SMB,2025-12-15T14:54:00,2026-01-28T22:14:04,0
C002778,daviddecker@example.com,Karen,Davis,GEO0111,Consumer,2024-03-31T11:43:35,2024-11-03T21:49:47,0
C002779,wallacemathew@example.net,Philip,Velez,GEO0638,Mid-Market,2024-01-09T13:31:59,2024-08-03T19:28:39,0
C002780,stephaniewilson@example.org,Tammy,Morales,GEO0549,Consumer,2024-10-24T03:35:37,2024-12-26T23:19:08,0
C002781,castillokyle@example.com,Joshua,Jones,GEO0400,Mid-Market,2025-03-08T07:30:26,2025-09-06T20:01:48,0
C002782,cruzcaitlin@example.com,Danielle,Knight,GEO0147,SMB,2024-04-16T15:27:30,2024-07-25T16:31:30,0
C002783,ypeterson@example.org,Brenda,White,GEO0485,Mid-Market,2024-05-08T16:34:51,2024-12-15T13:59:15,0
C002784,ojones@example.org,Timothy,Hall,GEO0555,Mid-Market,2025-07-11T21:42:22,2025-07-17T02:46:41,0
C002785,banderson@example.com,Thomas,Hernandez,GEO0696,Consumer,2025-10-17T14:59:25,2025-11-30T18:10:11,0
C002786,gking@example.org,Jacqueline,Zamora,GEO0539,SMB,2025-03-18T14:32:53,2025-12-06T00:36:44,0
C002787,zmartinez@example.org,Anthony,Duncan,GEO0751,SMB,2024-07-18T20:25:05,2025-08-26T10:10:11,0
C002788,donnasuarez@example.com,Leslie,Taylor,GEO0282,Mid-Market,2025-10-18T21:57:45,2025-10-18T14:18:37,0
C002789,leejanet@example.org,Michael,Hall,GEO0737,SMB,2024-09-04T18:34:06,2025-01-20T10:21:39,0
C002790,michael51@example.com,Jason,Ingram,GEO0097,SMB,2025-05-06T04:27:20,2026-01-14T12:18:01,0
C002791,perkinsdaniel@example.org,Elizabeth,Williams,GEO0490,Mid-Market,2024-07-11T11:47:34,2024-08-05T10:01:59,0
C002792,lwashington@example.com,Dana,Green,GEO0787,SMB,2025-12-28T03:49:28,2026-01-10T12:21:30,0
C002793,nicholasfigueroa@example.org,Eric,Davis,GEO0743,Consumer,2025-08-19T18:04:52,2025-09-23T18:55:22,0
C002794,jeanking@example.net,Manuel,Huynh,GEO0092,SMB,2025-02-09T02:34:34,2025-09-22T02:41:07,0
C002795,garzajill@example.org,Kevin,Daniels,GEO0046,Mid-Market,2024-11-11T13:02:03,2026-01-31T20:23:49,0
C002796,fwilliams@example.net,Patrick,Andrews,GEO0705,Mid-Market,2024-01-05T19:11:16,2024-10-07T19:45:40,0
C002797,nicoletodd@example.net,Brittany,Grant,GEO0425,SMB,2025-06-19T17:53:56,2026-02-25T11:40:29,0
C002798,cody90@example.org,Matthew,Moran,GEO0146,Consumer,2025-10-03T20:01:49,2025-11-08T18:12:01,0
C002799,susan40@example.net,Matthew,Gordon,GEO0407,Mid-Market,2024-04-14T04:21:40,2024-04-27T02:41:32,0
C002800,jill83@example.net,Amber,Kaufman,GEO0131,Consumer,2025-10-02T15:17:10,2026-02-25T00:25:42,0
C002801,holly72@example.com,Kristina,Smith,GEO0091,SMB,2025-09-07T04:11:10,2025-11-04T06:26:38,0
C002802,raymond29@example.org,Michael,Bradshaw,GEO0232,Mid-Market,2024-05-01T17:01:24,2024-10-20T01:00:50,0
C002803,jillian19@example.com,Gary,Moore,GEO0590,Mid-Market,2025-05-25T06:01:08,2025-10-05T05:57:24,0
C002804,mollysmith@example.org,Amanda,Gomez,GEO0513,SMB,2025-12-28T04:16:44,2026-02-23T11:15:30,0
C002805,tjackson@example.com,George,Jenkins,GEO0515,Mid-Market,2026-01-22T09:01:44,2026-02-11T15:56:50,0
C002806,nicole01@example.org,Laura,Sanchez,GEO0436,Mid-Market,2024-04-04T08:19:25,2026-02-12T19:23:57,0
C002807,christopher99@example.org,Brooke,French,GEO0569,SMB,2025-11-25T08:03:46,2026-01-12T17:57:31,0
C002808,sfoster@example.com,Bernard,Ortiz,GEO0008,SMB,2024-08-01T20:19:16,2025-08-17T07:16:21,0
C002809,bakermariah@example.com,Maria,Williams,GEO0259,SMB,2024-03-08T12:41:27,2025-09-21T17:42:52,0
C002810,russell21@example.com,Mary,Holland,GEO0291,Mid-Market,2024-12-28T06:42:47,2025-05-14T16:12:50,0
C002811,lovechristina@example.org,Jo,Miller,GEO0559,Mid-Market,2025-07-29T07:42:59,2025-10-27T20:35:27,0
C002812,johnhines@example.net,Christine,Taylor,GEO0252,SMB,2024-06-12T15:13:27,2025-07-18T09:33:20,0
C002813,mary11@example.net,Jeffrey,Phelps,GEO0577,Consumer,2024-06-06T21:51:29,2025-10-03T11:33:30,0
C002814,barnesandrew@example.net,Douglas,Tucker,GEO0104,Mid-Market,2025-06-04T09:15:10,2025-12-30T19:35:13,0
C002815,floresjuan@example.org,Sandra,Goodman,GEO0738,SMB,2025-10-26T09:15:55,2026-02-27T23:27:38,0
C002816,wellsryan@example.org,Peter,Robinson,GEO0153,Mid-Market,2024-12-11T01:22:01,2026-01-05T23:50:19,0
C002817,alex95@example.org,Steven,Gonzalez,GEO0472,SMB,2024-03-02T23:02:38,2024-08-28T17:17:25,0
C002818,bdavis@example.net,Dwayne,Walker,GEO0498,Mid-Market,2024-06-18T00:03:29,2025-01-05T08:11:58,0
C002819,harrismichelle@example.org,Kristin,Wilson,GEO0424,Consumer,2025-09-09T18:02:44,2026-01-06T14:14:58,0
C002820,justin16@example.com,Derrick,Gonzalez,GEO0559,Consumer,2025-05-16T18:20:17,2025-11-08T21:40:43,0
C002821,pricejoshua@example.com,Darren,Curry,GEO0188,Mid-Market,2024-09-04T00:04:26,2025-01-23T10:35:22,0
C002822,ewhite@example.net,Patricia,Mills,GEO0626,Consumer,2024-12-28T21:08:44,2025-12-19T20:00:19,0
C002823,wtapia@example.org,Robert,Schwartz,GEO0129,Mid-Market,2024-01-24T05:35:06,2024-12-08T06:21:14,0
C002824,cassandra29@example.org,Lori,Beard,GEO0049,Consumer,2024-03-07T14:38:16,2026-02-05T21:43:43,0
C002825,kennedymichele@example.org,William,Alexander,GEO0376,SMB,2024-08-17T19:54:53,2025-07-21T06:05:51,0
C002826,hufftroy@example.net,Anne,Thompson,GEO0253,Consumer,2026-01-12T03:09:15,2026-02-23T11:36:01,0
C002827,blakejackson@example.net,Jeffrey,Parker,GEO0697,SMB,2024-06-19T11:11:56,2025-10-03T08:09:35,0
C002828,christian72@example.org,Joseph,Patterson,GEO0228,SMB,2025-11-22T05:51:42,2026-01-05T03:44:03,0
C002829,laura86@example.net,Jonathan,Hudson,GEO0122,SMB,2025-01-07T07:33:12,2025-10-17T22:43:22,0
C002830,martinmorgan@example.net,Mike,Perez,GEO0389,SMB,2024-10-26T02:16:40,2025-11-17T13:02:51,0
C002831,robertbradley@example.com,Haley,Thompson,GEO0498,Consumer,2025-10-02T18:14:20,2025-10-26T02:30:42,0
C002832,rgross@example.org,Denise,Krause,GEO0118,SMB,2024-11-07T11:20:48,2025-10-23T07:44:29,0
C002833,larsonjeremy@example.com,Connie,Edwards,GEO0129,SMB,2024-02-02T04:30:11,2025-08-11T03:26:29,0
C002834,greg64@example.org,Manuel,Lawrence,GEO0685,SMB,2024-09-10T08:24:06,2025-01-31T02:42:20,0
C002835,conleyantonio@example.org,Thomas,Jones,GEO0642,SMB,2025-05-02T13:46:46,2025-07-26T13:16:56,0
C002836,fwilliams@example.net,Cynthia,Mclaughlin,GEO0285,SMB,2024-06-26T00:32:16,2025-12-16T03:32:50,0
C002837,jeffrey88@example.com,Joshua,Bryant,GEO0156,SMB,2025-03-28T05:00:37,2026-02-09T01:27:36,0
C002838,fluna@example.net,Karen,Bridges,GEO0066,Mid-Market,2024-03-26T13:15:01,2024-11-21T19:38:21,0
C002839,natalie46@example.com,David,Mcdowell,GEO0319,SMB,2024-03-16T23:31:03,2025-01-28T10:02:45,0
C002840,richardmiddleton@example.org,Michael,Phillips,GEO0497,Mid-Market,2026-01-08T18:34:09,2026-03-01T04:58:43,0
C002841,stonelisa@example.net,Chelsea,Johnson,GEO0141,SMB,2026-01-10T14:14:43,2026-01-16T05:48:13,0
C002842,hernandezthomas@example.net,Gary,Cameron,GEO0692,Mid-Market,2024-08-22T17:33:02,2025-07-03T16:22:54,0
C002843,waterskyle@example.org,Heidi,Santos,GEO0062,Mid-Market,2024-04-02T09:41:09,2024-05-30T04:23:38,0
C002844,psmith@example.com,Robert,Khan,GEO0460,SMB,2024-09-05T09:23:02,2025-01-31T17:11:50,0
C002845,rogersbenjamin@example.net,John,Adams,GEO0311,Consumer,2024-08-31T07:16:08,2025-12-26T11:49:23,0
C002846,pvargas@example.org,Anthony,Webb,GEO0546,SMB,2025-01-22T05:38:39,2025-02-23T03:45:21,0
C002847,bwade@example.com,Thomas,Moody,GEO0640,Consumer,2025-08-27T23:18:40,2025-11-01T06:57:05,0
C002848,kelleyderek@example.net,Isaac,Jenkins,GEO0657,Consumer,2025-12-25T20:19:15,2026-02-18T19:23:14,0
C002849,ppruitt@example.com,Kimberly,Mendez,GEO0793,Consumer,2024-03-27T21:41:54,2024-09-03T21:37:30,0
C002850,gromero@example.com,Mark,Shaw,GEO0289,Mid-Market,2024-05-01T20:06:20,2024-05-17T13:09:43,0
C002851,erica06@example.com,Karen,Armstrong,GEO0610,Mid-Market,2024-04-27T14:38:08,2025-05-31T10:51:04,0
C002852,kevinli@example.net,Zachary,Williamson,GEO0319,Consumer,2025-04-07T05:32:07,2025-11-11T04:43:39,0
C002853,barcher@example.net,Megan,Lindsey,GEO0178,Consumer,2026-01-31T23:32:31,2026-02-07T19:09:10,0
C002854,melanie49@example.org,Don,Wilson,GEO0055,Mid-Market,2025-08-30T07:25:36,2025-09-18T10:28:13,0
C002855,pbrown@example.net,Roberto,Graves,GEO0060,SMB,2025-04-16T15:07:49,2025-04-29T11:08:36,0
C002856,gardnerrichard@example.net,Scott,Russell,GEO0316,SMB,2025-11-29T15:00:28,2026-02-19T09:22:54,0
C002857,jacobbrown@example.org,Richard,Martin,GEO0628,Mid-Market,2026-01-28T23:05:23,2026-02-09T01:16:17,0
C002858,wellssherry@example.net,Bonnie,Wang,GEO0090,Consumer,2024-02-22T05:00:08,2025-12-14T12:47:51,0
C002859,chambersashley@example.net,Sarah,Henry,GEO0034,Mid-Market,2024-09-06T15:35:39,2024-10-11T06:47:19,0
C002860,robertmorris@example.org,Kendra,Hall,GEO0464,Consumer,2024-12-20T05:38:20,2025-09-03T12:28:48,0
C002861,ellisrobin@example.org,Amanda,Short,GEO0421,Consumer,2024-02-18T20:49:03,2024-11-22T00:38:49,0
C002862,cheryl26@example.net,Kelly,Johnson,GEO0792,SMB,2024-07-29T13:43:44,2025-11-11T21:22:19,0
C002863,teresamiller@example.org,Susan,Turner,GEO0276,Mid-Market,2024-03-11T22:46:09,2024-11-11T13:34:32,0
C002864,rodriguezmichael@example.net,Cheryl,Barnes,GEO0425,Consumer,2024-02-15T07:53:35,2025-12-26T04:28:11,0
C002865,mcknightcarol@example.org,Christina,Weiss,GEO0143,SMB,2024-02-19T03:15:15,2024-12-02T12:03:06,0
C002866,xlee@example.com,Wendy,Moreno,GEO0771,Consumer,2024-11-13T04:00:06,2025-03-13T17:42:35,0
C002867,jesse84@example.net,Kristie,Cain,GEO0111,Consumer,2025-01-05T05:02:49,2025-10-13T23:12:43,0
C002868,kirstenbenson@example.net,Charles,Hardy,GEO0371,Mid-Market,2024-03-19T12:33:07,2025-12-31T13:14:26,0
C002869,perrywayne@example.org,Paul,Bennett,GEO0456,Consumer,2024-01-10T17:36:43,2025-11-23T21:05:41,0
C002870,elizabeth15@example.net,Allison,Shields,GEO0492,SMB,2025-12-19T07:47:24,2025-12-20T14:47:32,0
C002871,garciadebra@example.com,Nicole,Carpenter,GEO0264,SMB,2025-12-24T20:31:27,2026-02-23T05:02:02,0
C002872,rachelvaldez@example.org,Mark,Gonzalez,GEO0455,Consumer,2024-12-28T02:16:44,2025-12-30T03:49:03,0
C002873,hhampton@example.com,Brian,George,GEO0771,Consumer,2025-04-30T14:07:27,2025-08-31T08:35:23,0
C002874,robertevans@example.com,Nichole,Harris,GEO0522,Mid-Market,2024-01-29T21:34:53,2025-10-11T10:06:11,0
C002875,holmesrachel@example.org,Shawn,Morales,GEO0799,Consumer,2025-04-14T16:23:05,2025-06-09T18:48:05,0
C002876,carolineperry@example.org,Denise,Townsend,GEO0444,Mid-Market,2024-09-28T09:23:16,2025-10-05T13:38:30,0
C002877,megan50@example.net,Melissa,Ellis,GEO0511,SMB,2025-09-23T11:21:24,2025-10-22T19:11:29,0
C002878,stephanie27@example.net,Joshua,Jones,GEO0342,Consumer,2025-05-25T07:28:28,2025-07-23T22:48:43,0
C002879,hendersonbrittany@example.org,Jennifer,Wilkerson,GEO0637,SMB,2025-05-27T04:54:27,2025-09-27T18:22:25,0
C002880,kgarrison@example.com,Richard,Anderson,GEO0090,Mid-Market,2024-05-17T12:48:53,2025-06-11T14:34:14,0
C002881,morenomary@example.org,Colleen,Bryant,GEO0303,SMB,2024-01-26T11:31:13,2025-05-09T03:12:34,0
C002882,virginiafisher@example.net,Rachel,Baker,GEO0524,SMB,2025-06-21T23:18:52,2025-07-02T05:46:08,0
C002883,jeffery96@example.net,Debra,May,GEO0018,Mid-Market,2025-12-04T22:48:18,2026-02-27T12:04:19,0
C002884,yesenia70@example.org,Gregory,Fitzgerald,GEO0380,SMB,2025-02-04T05:31:27,2025-05-19T23:13:00,0
C002885,lisa24@example.org,Diane,Brooks,GEO0279,Consumer,2025-11-27T02:51:29,2026-01-19T03:43:19,0
C002886,lcarlson@example.org,Sheila,Moore,GEO0392,Mid-Market,2025-10-03T03:23:11,2025-12-17T16:14:07,0
C002887,stephenwright@example.org,Andrea,Adams,GEO0693,Mid-Market,2025-02-10T23:26:13,2025-09-10T08:30:01,0
C002888,tsullivan@example.org,John,Bennett,GEO0517,SMB,2024-09-13T10:24:34,2025-10-14T18:32:57,0
C002889,wsmith@example.com,John,Flores,GEO0776,Consumer,2024-01-23T12:35:35,2024-09-15T00:01:17,0
C002890,bobby53@example.net,Kathryn,Scott,GEO0169,SMB,2024-08-13T21:38:58,2025-04-03T12:46:14,0
C002891,graveslisa@example.com,Kimberly,Ramirez,GEO0081,SMB,2024-03-21T18:11:47,2024-08-16T22:38:07,0
C002892,arellanomorgan@example.net,Joseph,Wiley,GEO0689,Consumer,2025-10-21T15:59:03,2026-01-27T10:38:14,0
C002893,davidsawyer@example.net,Shannon,Jimenez,GEO0588,Consumer,2024-03-06T08:03:24,2026-02-06T04:37:06,0
C002894,joshua66@example.org,Yolanda,Yu,GEO0488,SMB,2025-07-10T05:08:32,2025-08-19T08:30:07,0
C002895,ronniejames@example.com,Cassandra,Weber,GEO0715,Consumer,2024-07-16T02:34:07,2025-10-16T22:37:49,0
C002896,ecampbell@example.org,Nathan,Collins,GEO0712,Mid-Market,2025-02-14T01:54:52,2025-10-17T10:43:28,0
C002897,qfaulkner@example.org,Dennis,Williams,GEO0292,Mid-Market,2025-09-19T23:33:41,2025-11-22T18:30:57,0
C002898,jacob86@example.org,Gabriel,Jenkins,GEO0307,Mid-Market,2025-08-18T14:39:38,2025-09-01T10:10:59,0
C002899,alexbutler@example.org,Tammy,Fry,GEO0430,Consumer,2024-05-18T15:07:07,2025-02-27T17:54:26,0
C002900,wthompson@example.com,Chelsey,Lawrence,GEO0205,SMB,2024-12-09T11:33:47,2025-01-26T17:39:34,0
C002901,briannamclaughlin@example.net,Amy,Lewis,GEO0315,Consumer,2024-04-14T13:04:31,2024-11-16T20:51:43,0
C002902,zgrimes@example.net,Zachary,Mckinney,GEO0763,SMB,2025-12-24T13:55:15,2026-01-05T13:12:53,0
C002903,xcarr@example.com,Alexander,Martinez,GEO0316,Mid-Market,2024-06-21T14:23:53,2025-06-16T14:52:11,0
C002904,alicia08@example.com,Paula,Li,GEO0114,SMB,2026-02-10T03:26:38,2026-02-19T19:26:13,0
C002905,murphycarrie@example.net,Jake,Duran,GEO0774,Mid-Market,2025-07-28T02:05:36,2026-02-27T06:33:54,0
C002906,mooredavid@example.org,Anthony,Prince,GEO0482,Mid-Market,2025-12-28T20:37:56,2026-01-03T12:33:10,0
C002907,kenneth76@example.org,Mary,Ramsey,GEO0046,Consumer,2024-02-18T06:41:52,2024-03-02T15:04:27,0
C002908,fryekevin@example.net,Donna,Farrell,GEO0309,Consumer,2024-12-22T21:44:10,2025-02-18T12:14:51,0
C002909,jessica91@example.org,Kevin,Smith,GEO0083,SMB,2024-07-18T03:51:53,2025-03-22T02:30:39,0
C002910,omorris@example.net,Theodore,Johnson,GEO0161,SMB,2025-06-23T08:37:02,2026-01-02T01:19:44,0
C002911,qnewman@example.com,Kenneth,Newton,GEO0667,Consumer,2024-02-27T15:43:10,2025-11-03T11:47:18,0
C002912,kennethsmith@example.net,Tara,Banks,GEO0745,SMB,2025-06-12T16:14:21,2026-01-13T07:43:38,0
C002913,stonejesus@example.org,Anthony,Randolph,GEO0444,Mid-Market,2025-08-23T03:09:30,2025-11-02T23:13:38,0
C002914,zpatterson@example.org,Cindy,Green,GEO0524,Consumer,2024-06-06T10:49:57,2025-05-22T03:28:51,0
C002915,kmartinez@example.net,Samantha,Werner,GEO0251,Mid-Market,2024-03-12T22:47:11,2025-02-05T17:56:56,0
C002916,banksmeredith@example.com,Amanda,Suarez,GEO0732,Mid-Market,2025-10-06T08:53:31,2026-01-21T05:57:59,0
C002917,wellsmichael@example.net,Savannah,West,GEO0062,Consumer,2025-12-21T22:12:25,2025-12-25T03:44:34,0
C002918,hortiz@example.com,Ashley,Spence,GEO0164,Mid-Market,2024-08-26T19:16:22,2025-05-17T03:52:13,0
C002919,katherinepearson@example.net,Dawn,Wise,GEO0719,SMB,2025-07-22T10:14:06,2025-10-10T12:13:49,0
C002920,collinslaura@example.com,Travis,Martinez,GEO0626,Consumer,2025-09-09T00:57:49,2026-01-07T19:25:33,0
C002921,louisbrandt@example.net,James,Guerrero,GEO0097,SMB,2026-01-24T19:02:41,2026-02-20T22:42:19,0
C002922,melissa10@example.org,Tyler,Simpson,GEO0270,Mid-Market,2025-08-16T14:08:40,2025-10-26T23:02:35,0
C002923,charlesewing@example.com,Bryan,Barnes,GEO0434,Mid-Market,2025-09-17T05:44:06,2026-01-12T15:40:49,0
C002924,tammythomas@example.com,Martha,Garner,GEO0651,SMB,2024-07-11T20:48:59,2024-10-14T13:25:32,0
C002925,garzazachary@example.org,Jason,Williams,GEO0121,Consumer,2024-03-09T06:39:30,2024-09-21T13:28:01,0
C002926,jessica44@example.com,Melanie,Mitchell,GEO0748,Consumer,2025-12-10T03:30:42,2026-01-07T22:18:00,0
C002927,chantrevor@example.org,Scott,Benjamin,GEO0159,SMB,2024-07-03T04:41:10,2024-12-24T23:54:17,0
C002928,xcline@example.org,Leslie,Jones,GEO0361,Mid-Market,2025-12-05T16:56:50,2026-01-03T01:26:43,0
C002929,holtthomas@example.com,Charles,Sherman,GEO0752,Consumer,2024-09-08T23:15:27,2025-07-25T09:57:00,0
C002930,hartmancrystal@example.net,Angela,Harrington,GEO0130,Consumer,2025-07-11T20:50:19,2025-09-23T08:10:18,0
C002931,christopher32@example.net,Brittany,Miller,GEO0063,SMB,2025-07-20T04:42:42,2025-07-27T05:44:17,0
C002932,patrick40@example.net,Lisa,Grant,GEO0531,SMB,2026-02-11T00:44:38,2026-02-20T14:26:22,0
C002933,william55@example.net,Judy,Daniel,GEO0632,Consumer,2024-04-03T21:47:32,2025-06-13T21:04:21,0
C002934,morrismary@example.com,Joseph,Owen,GEO0640,Consumer,2024-10-07T19:51:36,2025-03-01T03:19:31,0
C002935,pcaldwell@example.net,Elizabeth,Weeks,GEO0415,Mid-Market,2024-07-16T17:39:45,2024-09-20T06:29:02,0
C002936,lucaslori@example.org,Brent,Smith,GEO0154,Mid-Market,2024-11-14T04:19:53,2025-04-29T02:43:40,0
C002937,patriciaowen@example.net,Larry,Orozco,GEO0192,Mid-Market,2024-02-27T05:24:55,2024-05-14T21:57:52,0
C002938,ryantraci@example.org,Cassandra,Kramer,GEO0161,Consumer,2024-03-13T20:12:20,2025-04-09T10:39:17,0
C002939,gregorybrock@example.org,Erin,Chapman,GEO0556,Mid-Market,2026-02-06T18:11:02,2026-02-26T05:15:30,0
C002940,xmack@example.net,Jessica,Allen,GEO0263,SMB,2025-12-29T13:37:42,2026-02-26T13:38:11,0
C002941,rose88@example.com,Gabrielle,Ramirez,GEO0475,Mid-Market,2024-06-20T11:14:14,2025-12-22T12:05:36,0
C002942,kelleramanda@example.org,Edward,Morris,GEO0142,Consumer,2024-04-05T20:52:34,2024-10-18T19:43:01,0
C002943,christopher64@example.net,Samuel,Burke,GEO0671,Consumer,2025-09-28T09:08:17,2025-11-05T09:00:24,0
C002944,jennifercooper@example.com,David,Brown,GEO0039,Consumer,2025-11-20T16:47:12,2025-12-24T13:12:12,0
C002945,cassidymcdonald@example.com,Melissa,Gordon,GEO0728,Mid-Market,2024-11-03T16:34:38,2025-02-28T07:16:13,0
C002946,gillmary@example.com,Brad,Cortez,GEO0235,Consumer,2025-01-14T23:33:24,2025-08-25T19:16:46,0
C002947,criddle@example.net,Gary,Werner,GEO0553,SMB,2025-06-03T11:51:18,2025-08-31T09:15:46,0
C002948,greenechristina@example.net,Mary,Short,GEO0396,SMB,2024-06-29T19:08:35,2025-06-01T10:01:28,0
C002949,michelle11@example.org,Erin,Lozano,GEO0060,SMB,2024-07-28T00:36:55,2025-07-18T05:48:54,0
C002950,ggray@example.com,Amanda,Spencer,GEO0347,Mid-Market,2025-10-10T19:23:38,2025-12-18T15:53:40,0
C002951,cooperlauren@example.org,Jacob,Wilson,GEO0304,Consumer,2024-01-09T18:27:51,2025-09-19T13:18:20,0
C002952,djohnson@example.net,Emily,Moore,GEO0403,Mid-Market,2024-11-26T03:53:55,2025-07-24T12:21:02,0
C002953,edwardscaroline@example.com,Erika,Alvarez,GEO0111,Consumer,2025-04-13T17:33:12,2025-04-15T01:48:37,0
C002954,michael44@example.com,Jessica,Benjamin,GEO0308,SMB,2025-08-25T08:08:35,2026-01-02T14:13:59,0
C002955,boyererika@example.net,Kendra,Sellers,GEO0157,Mid-Market,2024-10-18T23:39:41,2025-05-11T21:24:33,0
C002956,christopherchristensen@example.com,Peter,Jones,GEO0173,SMB,2025-03-20T14:37:34,2026-01-26T18:16:29,0
C002957,jessica94@example.com,Nancy,Tucker,GEO0006,Mid-Market,2025-02-22T03:29:44,2026-01-16T00:55:55,0
C002958,icuevas@example.com,Hector,Murphy,GEO0055,Mid-Market,2025-03-19T01:05:54,2025-07-30T19:28:58,0
C002959,xlivingston@example.org,Theresa,Taylor,GEO0100,Consumer,2024-03-23T06:51:33,2024-12-14T22:59:28,0
C002960,ijones@example.com,Allen,Brooks,GEO0157,SMB,2024-12-10T15:53:22,2025-07-12T13:46:20,0
C002961,ysmith@example.net,Richard,Rivera,GEO0794,SMB,2025-10-30T02:34:46,2026-01-02T13:01:43,0
C002962,longbob@example.com,John,Calderon,GEO0609,SMB,2025-01-28T21:18:16,2025-11-12T23:43:11,0
C002963,bradley81@example.net,Cynthia,Adams,GEO0475,Mid-Market,2024-10-17T06:23:39,2026-01-14T20:27:36,0
C002964,hansonbriana@example.org,Michele,Willis,GEO0108,Consumer,2024-12-01T08:20:48,2024-12-09T20:21:50,0
C002965,mcneilbrian@example.net,John,Johnson,GEO0597,Mid-Market,2025-02-22T18:50:14,2025-10-28T10:19:02,0
C002966,derek94@example.com,Eric,Gonzalez,GEO0597,Mid-Market,2025-12-30T08:57:11,2026-02-18T17:27:04,0
C002967,ksherman@example.com,Heather,Richardson,GEO0376,Mid-Market,2025-12-20T18:10:57,2026-01-31T14:07:19,0
C002968,andrewsmadison@example.com,Bobby,Hanson,GEO0261,Consumer,2024-02-04T10:03:55,2026-01-02T07:34:20,0
C002969,dwilliams@example.com,Samantha,Meza,GEO0401,SMB,2025-12-23T13:47:11,2026-02-09T09:32:50,0
C002970,dorothy44@example.net,Brittany,Taylor,GEO0292,SMB,2025-10-06T07:33:41,2025-12-18T18:15:48,0
C002971,justin89@example.com,Heather,Frost,GEO0561,Mid-Market,2025-02-20T01:42:24,2025-05-31T10:32:22,0
C002972,williemartinez@example.org,Crystal,Martinez,GEO0115,Mid-Market,2024-01-20T02:01:49,2024-04-10T04:28:35,0
C002973,wbailey@example.net,Jason,Mercado,GEO0154,Mid-Market,2025-01-21T10:05:51,2025-11-29T20:13:00,0
C002974,kathleen66@example.org,Michelle,Harper,GEO0743,Mid-Market,2024-10-28T16:55:23,2025-01-11T22:31:29,0
C002975,edward79@example.com,Brian,Lyons,GEO0763,SMB,2025-06-20T15:03:57,2025-08-14T12:20:26,0
C002976,zsmith@example.com,Curtis,Fisher,GEO0021,Consumer,2024-02-22T23:27:13,2024-11-07T09:43:18,0
C002977,kylehenderson@example.com,Alex,Cole,GEO0172,Mid-Market,2025-10-05T08:25:32,2026-01-09T23:47:45,0
C002978,katherinewinters@example.com,Allen,Gonzalez,GEO0727,Consumer,2024-08-26T17:04:43,2025-01-27T06:14:23,0
C002979,diazmichael@example.org,Nicholas,Gonzalez,GEO0453,SMB,2025-11-26T02:30:45,2026-03-01T01:28:56,0
C002980,jonesjerry@example.net,Cynthia,Davis,GEO0246,SMB,2024-05-07T09:17:55,2025-05-07T14:29:56,0
C002981,ulamb@example.com,Brian,Rose,GEO0701,Mid-Market,2024-06-26T13:56:08,2025-07-28T07:25:28,0
C002982,brooksharold@example.com,Charles,Sanchez,GEO0258,Mid-Market,2024-11-16T01:32:39,2026-02-20T17:58:56,0
C002983,kyle94@example.org,Jenna,Schmitt,GEO0259,SMB,2025-05-15T08:50:31,2025-11-22T19:17:43,0
C002984,jason57@example.net,Brian,Sharp,GEO0400,Consumer,2025-10-27T09:53:32,2026-01-26T10:08:37,0
C002985,armstrongjill@example.net,Sarah,Walsh,GEO0586,SMB,2024-07-13T23:29:50,2025-03-29T00:48:50,0
C002986,vgraham@example.com,Melanie,Sullivan,GEO0058,SMB,2025-05-02T14:26:35,2025-12-31T09:01:16,0
C002987,russellprice@example.org,Angela,Lee,GEO0792,Consumer,2024-06-02T15:26:29,2025-05-31T02:19:38,0
C002988,jennifer74@example.net,Ellen,Stevens,GEO0196,Consumer,2024-12-25T09:05:04,2025-06-05T15:49:13,0
C002989,brookstaylor@example.org,Tara,Chaney,GEO0383,Consumer,2024-07-31T19:37:03,2024-09-02T20:45:02,0
C002990,zabbott@example.net,Christopher,Baker,GEO0500,Mid-Market,2024-10-11T01:50:26,2025-04-19T12:22:46,0
C002991,shaffercraig@example.org,Frank,Morrison,GEO0141,Consumer,2024-06-02T23:18:46,2025-02-26T10:15:33,0
C002992,nburns@example.org,Melissa,Thomas,GEO0621,Mid-Market,2024-12-07T21:27:23,2025-04-11T10:11:58,0
C002993,rlewis@example.org,Jason,Murillo,GEO0397,Consumer,2025-11-24T13:27:02,2026-02-12T21:58:58,0
C002994,croberts@example.org,Misty,Dorsey,GEO0141,Consumer,2026-02-19T01:16:29,2026-02-19T18:47:05,0
C002995,john26@example.com,Nicholas,Villarreal,GEO0081,Mid-Market,2024-03-02T07:52:19,2025-10-21T21:23:52,0
C002996,jonathangonzales@example.org,Christy,Fletcher,GEO0658,Consumer,2024-03-20T19:44:48,2025-11-22T16:36:37,0
C002997,jenniferdillon@example.net,Donald,Taylor,GEO0209,SMB,2025-02-12T02:05:35,2025-04-05T21:56:20,0
C002998,andrewdavis@example.net,Victoria,Brown,GEO0123,Mid-Market,2024-08-08T14:50:59,2025-05-18T12:27:04,0
C002999,jeremyyates@example.net,Joshua,Taylor,GEO0247,SMB,2026-01-17T15:28:27,2026-01-22T16:41:48,0
C003000,troy19@example.net,Alicia,Preston,GEO0418,Mid-Market,2025-02-22T15:42:00,2025-07-15T23:29:46,0
C003001,marshtimothy@example.com,Michelle,Murphy,GEO0002,SMB,2025-02-25T21:41:54,2025-09-09T17:56:09,0
C003002,hannah26@example.org,Robin,Ramos,GEO0103,Consumer,2025-09-20T23:23:45,2025-10-24T11:25:21,0
C003003,mcarroll@example.net,Chad,Arnold,GEO0434,SMB,2025-08-23T00:33:41,2026-01-28T02:17:45,0
C003004,davidsmith@example.com,Kristina,Rollins,GEO0362,Consumer,2025-12-19T22:14:00,2026-01-11T18:45:11,0
C003005,emilylopez@example.com,Victoria,Hardy,GEO0647,SMB,2025-03-08T00:20:17,2025-11-09T21:15:39,0
C003006,robinvasquez@example.com,Steven,Harris,GEO0392,Consumer,2025-03-08T04:04:16,2025-04-05T11:04:13,0
C003007,perryjessica@example.net,Susan,Friedman,GEO0012,Mid-Market,2024-03-31T12:24:02,2025-02-09T15:19:28,0
C003008,umcfarland@example.com,Anthony,Lang,GEO0100,Consumer,2024-09-06T17:37:53,2024-12-07T08:29:46,0
C003009,clarkmichael@example.org,Nicholas,Johnson,GEO0679,SMB,2025-05-27T05:16:29,2025-10-27T09:52:08,0
C003010,gavin84@example.org,Crystal,Miller,GEO0625,SMB,2024-07-11T19:16:18,2024-10-24T00:59:57,0
C003011,bowmankylie@example.com,Jessica,Anderson,GEO0116,Consumer,2025-11-19T23:14:50,2026-01-22T15:41:14,0
C003012,rnelson@example.net,Miranda,Kennedy,GEO0667,Consumer,2024-12-31T17:58:47,2025-12-15T22:48:55,0
C003013,william67@example.com,Devin,Carroll,GEO0007,SMB,2025-02-27T15:30:19,2025-04-16T06:05:13,0
C003014,wilkinsonrussell@example.org,Alexander,Williams,GEO0355,Consumer,2025-01-10T16:43:12,2025-01-14T04:22:32,0
C003015,glee@example.net,Tina,Walters,GEO0765,SMB,2024-07-19T13:49:20,2026-01-17T02:22:13,0
C003016,yware@example.com,Sonya,Daniel,GEO0603,Mid-Market,2025-09-28T17:23:40,2025-11-09T22:07:31,0
C003017,ashley45@example.net,Todd,Willis,GEO0493,SMB,2025-09-08T10:56:39,2026-02-13T01:51:36,0
C003018,millsjeff@example.net,Holly,Duncan,GEO0782,Mid-Market,2024-11-06T21:50:04,2026-02-18T05:35:24,0
C003019,igoodman@example.net,Joshua,Osborn,GEO0609,Mid-Market,2025-01-04T03:24:29,2025-06-29T19:11:13,0
C003020,scottrobin@example.net,Ronald,Lawrence,GEO0473,Consumer,2024-07-29T18:14:19,2026-01-25T18:05:35,0
C003021,lisa04@example.net,Jacqueline,Stanley,GEO0549,Consumer,2026-01-03T23:03:12,2026-02-06T02:52:16,0
C003022,madisonhampton@example.com,Kenneth,Anderson,GEO0236,Consumer,2025-01-29T08:08:45,2025-12-05T05:19:58,0
C003023,theresascott@example.com,Craig,Garcia,GEO0641,Mid-Market,2024-04-15T19:56:23,2025-11-24T14:47:53,0
C003024,guerrerorenee@example.com,Christina,Hart,GEO0150,Consumer,2026-02-20T18:47:59,2026-02-21T05:04:32,0
C003025,jeremy00@example.net,Charles,Cohen,GEO0483,SMB,2024-06-07T06:18:05,2024-09-04T09:46:25,0
C003026,kfigueroa@example.org,Renee,Velasquez,GEO0287,Consumer,2024-07-20T02:21:56,2025-07-19T11:12:54,0
C003027,sheila42@example.net,Evan,Sanders,GEO0739,SMB,2024-03-05T07:02:12,2024-05-04T09:18:00,0
C003028,sfrancis@example.com,Caleb,Palmer,GEO0710,Mid-Market,2025-03-27T02:42:45,2025-05-17T01:39:56,0
C003029,reginaanderson@example.com,Alicia,Payne,GEO0725,SMB,2025-02-21T19:35:19,2026-01-26T10:20:29,0
C003030,qbrown@example.net,Teresa,Roberts,GEO0646,Mid-Market,2026-01-29T13:15:47,2026-02-17T10:56:19,0
C003031,yboyd@example.net,Chase,Simon,GEO0798,Mid-Market,2025-07-25T05:38:37,2025-08-19T04:26:39,0
C003032,barbara56@example.com,Taylor,Petty,GEO0631,SMB,2025-09-04T10:09:03,2025-12-19T09:43:05,0
C003033,peter58@example.com,Gloria,Hanson,GEO0376,Mid-Market,2025-09-24T03:01:26,2025-10-20T22:47:24,0
C003034,rlee@example.net,John,Smith,GEO0389,Mid-Market,2025-01-24T19:05:01,2025-02-23T22:46:33,0
C003035,zmoore@example.org,Brent,Daniels,GEO0652,Consumer,2024-05-15T21:16:08,2024-09-18T12:34:09,0
C003036,robertcruz@example.org,Adrian,Barnes,GEO0752,Consumer,2025-05-30T04:43:05,2026-02-09T11:59:40,0
C003037,rachel78@example.com,Stephanie,Rivera,GEO0657,Mid-Market,2024-06-23T12:53:39,2026-01-26T12:09:01,0
C003038,wmorris@example.com,Pamela,Bell,GEO0662,Mid-Market,2024-07-17T08:31:36,2024-10-13T23:00:00,0
C003039,jonathanjordan@example.org,Adam,Hughes,GEO0254,Consumer,2025-08-05T04:42:51,2026-01-14T20:59:59,0
C003040,ymorgan@example.com,Lindsey,Foley,GEO0593,SMB,2025-10-10T15:08:48,2025-11-12T17:40:29,0
C003041,felicia51@example.com,Patrick,Scott,GEO0638,Consumer,2025-12-21T05:09:01,2025-12-26T20:42:29,0
C003042,moorepatricia@example.com,Jordan,Carrillo,GEO0301,Mid-Market,2024-09-30T10:39:31,2025-02-08T08:51:12,0
C003043,afitzpatrick@example.org,Laurie,Whitaker,GEO0576,Consumer,2025-04-19T04:39:22,2025-06-03T09:21:11,0
C003044,allisonbarr@example.com,Andre,Rowe,GEO0773,Consumer,2026-01-04T10:43:32,2026-03-01T20:01:45,0
C003045,lori01@example.com,Andrew,Sanchez,GEO0356,Mid-Market,2024-05-30T16:25:01,2025-06-23T01:18:35,0
C003046,brandondean@example.com,Eric,Lewis,GEO0114,Consumer,2024-06-26T08:00:26,2025-06-28T09:56:30,0
C003047,cbrown@example.net,Marvin,Williams,GEO0552,SMB,2025-04-06T22:38:21,2025-04-27T22:37:01,0
C003048,anthonyfranklin@example.com,Julie,Lewis,GEO0034,Mid-Market,2024-03-26T16:46:37,2025-08-25T10:27:25,0
C003049,silvaryan@example.org,Madison,Alvarez,GEO0077,SMB,2025-12-05T06:02:06,2026-01-23T10:40:53,0
C003050,kparrish@example.com,Dennis,Nelson,GEO0775,Consumer,2025-03-17T07:32:35,2025-11-23T16:32:59,0
C003051,angelarodriguez@example.com,Paul,Nelson,GEO0729,Mid-Market,2025-03-29T12:22:27,2026-02-06T19:53:15,0
C003052,evansrobin@example.com,James,Molina,GEO0766,SMB,2024-07-29T21:03:26,2024-12-07T04:53:37,0
C003053,fwalton@example.com,Vanessa,Beltran,GEO0791,Consumer,2024-03-31T23:55:12,2025-10-21T12:00:59,0
C003054,berrytyrone@example.net,Stephanie,Berry,GEO0584,Mid-Market,2025-05-08T08:42:48,2025-12-22T02:48:36,0
C003055,beasleybreanna@example.net,Kathleen,Williams,GEO0796,Consumer,2024-01-16T16:01:13,2024-12-18T03:48:46,0
C003056,tsmith@example.net,John,Thomas,GEO0668,Mid-Market,2024-09-19T18:51:48,2025-08-15T23:15:35,0
C003057,solistara@example.com,Rhonda,Burke,GEO0205,Mid-Market,2026-01-05T09:19:04,2026-02-11T22:48:07,0
C003058,martinramirez@example.org,Taylor,Richard,GEO0417,Mid-Market,2025-04-15T23:03:23,2025-08-12T09:28:08,0
C003059,billydavis@example.net,Scott,Stevens,GEO0058,Mid-Market,2024-09-02T11:56:05,2025-10-25T15:13:40,0
C003060,amanda75@example.net,Michael,Fry,GEO0224,SMB,2025-07-31T23:14:08,2026-01-15T23:25:31,0
C003061,carl64@example.net,Alexandra,Moore,GEO0678,SMB,2025-07-23T16:48:33,2025-11-03T20:33:47,0
C003062,masonkaren@example.org,Mary,Flores,GEO0373,SMB,2025-02-27T12:44:42,2025-05-14T18:57:10,0
C003063,zhorton@example.com,Daniel,Fisher,GEO0476,Mid-Market,2025-11-10T17:42:11,2026-03-01T05:33:57,0
C003064,deborahrobinson@example.com,Anthony,Day,GEO0138,Mid-Market,2026-01-04T00:48:48,2026-01-11T16:13:09,0
C003065,wmoran@example.com,Gabriel,Fisher,GEO0301,Consumer,2025-01-17T01:27:57,2025-10-05T16:21:27,0
C003066,hcarter@example.org,Corey,Hendrix,GEO0396,SMB,2026-01-14T21:53:27,2026-02-14T13:40:31,0
C003067,hollycruz@example.org,Megan,Lewis,GEO0291,Mid-Market,2024-01-19T12:17:20,2025-08-05T07:30:17,0
C003068,watsontina@example.net,Sandra,Yates,GEO0214,Mid-Market,2024-10-14T10:53:36,2025-06-14T10:09:05,0
C003069,harrisonvincent@example.com,Kimberly,Mercado,GEO0624,Mid-Market,2024-12-31T06:05:30,2025-06-14T11:43:50,0
C003070,lorraine94@example.com,Cindy,Wheeler,GEO0402,Mid-Market,2024-12-03T20:10:59,2025-08-17T22:39:31,0
C003071,mahoneysarah@example.org,Dennis,Hardy,GEO0764,Mid-Market,2025-07-04T14:17:05,2025-12-26T02:45:40,0
C003072,desireewilson@example.net,Wayne,Riley,GEO0469,SMB,2025-06-23T21:56:59,2025-08-02T13:28:20,0
C003073,nicoleperez@example.net,Maria,Brown,GEO0177,Mid-Market,2024-05-03T20:07:50,2026-01-24T19:31:27,0
C003074,rstewart@example.net,Amber,Little,GEO0732,Consumer,2024-12-08T08:39:26,2025-06-08T10:04:49,0
C003075,lambertandrea@example.com,Tracey,Carpenter,GEO0555,SMB,2025-10-18T09:56:07,2026-01-29T14:33:38,0
C003076,chad76@example.com,Lee,Harris,GEO0054,Mid-Market,2024-08-31T00:58:51,2024-10-21T18:13:22,0
C003077,zhangnatalie@example.net,Amber,Jennings,GEO0705,Consumer,2025-05-31T01:53:07,2025-12-19T06:53:02,0
C003078,dcurry@example.net,Carl,Aguilar,GEO0305,Mid-Market,2026-02-15T10:36:30,2026-02-25T20:09:11,0
C003079,troy08@example.net,Kevin,Hicks,GEO0407,Consumer,2024-10-14T04:33:17,2025-11-06T17:50:47,0
C003080,jjackson@example.org,William,Pierce,GEO0634,Mid-Market,2024-11-08T19:10:30,2025-05-22T13:35:03,0
C003081,hjenkins@example.org,Michelle,Chung,GEO0068,Mid-Market,2025-10-05T08:27:41,2025-10-17T02:51:40,0
C003082,jross@example.org,Brittney,Maldonado,GEO0050,Consumer,2025-06-02T08:00:50,2025-09-14T06:58:19,0
C003083,dannywelch@example.net,Carrie,Chen,GEO0582,Consumer,2024-01-06T10:55:14,2025-03-30T23:15:23,0
C003084,joanna88@example.org,Eric,Bradley,GEO0236,SMB,2025-06-23T12:47:31,2025-07-19T11:20:16,0
C003085,yboone@example.org,William,Anderson,GEO0301,Consumer,2025-03-02T11:15:37,2025-05-19T12:02:39,0
C003086,bankstracy@example.com,Paul,Hodges,GEO0775,SMB,2025-03-23T08:59:47,2025-10-15T20:44:08,0
C003087,marksbrandon@example.net,David,Castillo,GEO0161,Consumer,2024-05-19T20:21:47,2024-12-16T12:59:44,0
C003088,bridgetthomas@example.net,Catherine,Hall,GEO0312,Mid-Market,2024-11-02T18:04:06,2025-09-04T22:09:45,0
C003089,rebecca86@example.net,Kevin,Barrera,GEO0617,SMB,2024-12-23T14:47:40,2025-12-07T04:51:32,0
C003090,sanchezleslie@example.com,Travis,Stevens,GEO0058,Consumer,2026-01-25T05:05:56,2026-02-16T10:46:56,0
C003091,yatkins@example.net,Michelle,Barajas,GEO0717,Mid-Market,2025-10-26T06:35:15,2026-02-13T00:43:31,0
C003092,matthewvaughn@example.org,Lauren,Ramos,GEO0728,SMB,2024-12-14T17:08:05,2025-03-05T12:11:26,0
C003093,cannonmary@example.net,Rachel,Robinson,GEO0678,Mid-Market,2024-08-10T11:25:30,2026-01-16T08:18:47,0
C003094,mark05@example.com,Erica,Johnson,GEO0655,SMB,2024-01-03T17:39:49,2024-01-25T15:53:21,0
C003095,dawnwarren@example.net,Carrie,Wiley,GEO0765,Mid-Market,2025-11-13T22:36:06,2026-01-29T16:04:29,0
C003096,zacharypage@example.com,Jose,Collins,GEO0703,SMB,2025-01-18T02:09:36,2025-12-30T22:17:19,0
C003097,danieljones@example.org,Kyle,Webb,GEO0548,Mid-Market,2024-11-10T05:21:13,2025-10-20T03:27:58,0
C003098,curtisjacqueline@example.org,Sharon,Levine,GEO0739,Mid-Market,2025-09-26T05:33:48,2025-11-27T16:49:41,0
C003099,melissa36@example.net,Veronica,Wilson,GEO0608,Mid-Market,2025-11-09T15:17:28,2026-01-04T13:22:24,0
C003100,xfuentes@example.net,Carolyn,Manning,GEO0741,Mid-Market,2024-11-22T01:30:01,2025-05-26T10:19:46,0
C003101,cjohns@example.net,Sean,Brown,GEO0222,Mid-Market,2024-09-26T22:13:40,2025-08-05T07:49:27,0
C003102,jessebeltran@example.net,Joseph,Simmons,GEO0297,Mid-Market,2025-04-27T15:06:21,2025-11-23T18:11:09,0
C003103,jose79@example.com,Angel,Juarez,GEO0760,Mid-Market,2024-01-03T08:49:39,2024-02-27T15:25:44,0
C003104,lorihenderson@example.com,Stephanie,Olsen,GEO0383,Consumer,2024-11-01T11:13:23,2025-08-31T14:29:07,0
C003105,reynoldssharon@example.net,Luis,Robinson,GEO0476,Consumer,2025-11-10T03:07:21,2026-01-31T08:29:29,0
C003106,nhunter@example.org,Michael,Duffy,GEO0626,SMB,2024-08-22T19:16:15,2024-11-03T21:16:44,0
C003107,shawn29@example.net,Elizabeth,Bates,GEO0760,Consumer,2025-05-10T05:22:23,2026-01-04T16:21:25,0
C003108,danlong@example.net,Kim,Clark,GEO0047,Consumer,2024-04-16T10:17:41,2026-01-25T15:19:06,0
C003109,taylormaria@example.com,Angie,Dorsey,GEO0051,SMB,2025-06-30T20:23:29,2025-08-23T19:42:20,0
C003110,dawn33@example.org,Kevin,Bennett,GEO0363,Consumer,2024-08-31T17:23:23,2025-08-23T17:01:53,0
C003111,casey54@example.net,John,Reynolds,GEO0637,Mid-Market,2025-11-21T18:50:53,2026-01-04T15:47:38,0
C003112,djohnson@example.org,Kevin,Norton,GEO0025,SMB,2025-05-14T16:06:41,2025-12-09T12:02:09,0
C003113,yfletcher@example.org,Jessica,Reed,GEO0126,SMB,2025-06-27T20:40:07,2026-01-11T06:26:10,0
C003114,amy17@example.com,Joy,Mclean,GEO0423,Mid-Market,2024-08-06T23:41:50,2025-06-11T14:00:19,0
C003115,colemanscott@example.com,Alexander,Martin,GEO0251,Consumer,2025-04-21T08:25:51,2026-02-18T14:40:45,0
C003116,chasebeck@example.com,Anne,Jones,GEO0064,Mid-Market,2024-09-17T15:42:37,2026-01-30T23:51:51,0
C003117,patricia13@example.com,Mary,Contreras,GEO0288,Consumer,2025-12-11T09:07:35,2026-01-24T22:20:36,0
C003118,dhale@example.net,Brittany,Roth,GEO0509,Mid-Market,2024-02-12T22:13:31,2024-11-28T11:45:49,0
C003119,heathercochran@example.com,Anthony,Davies,GEO0546,Consumer,2024-02-07T14:01:12,2025-10-22T12:06:01,0
C003120,amandaroberts@example.net,Wendy,Maddox,GEO0334,SMB,2025-04-16T19:43:01,2025-05-06T03:28:47,0
C003121,cainroger@example.net,Michael,Cantu,GEO0265,SMB,2025-01-27T18:50:41,2025-06-14T18:02:31,0
C003122,andrewsdebbie@example.com,Jasmine,Lopez,GEO0755,Mid-Market,2025-03-18T19:11:33,2025-08-25T10:43:06,0
C003123,robertchavez@example.org,Carol,Gray,GEO0072,Consumer,2025-12-21T03:47:51,2026-02-05T18:51:49,0
C003124,egutierrez@example.org,Donald,Edwards,GEO0585,Mid-Market,2025-11-11T18:27:28,2026-01-01T21:15:22,0
C003125,rherman@example.org,Lisa,Dorsey,GEO0496,SMB,2025-03-14T07:23:56,2026-02-21T11:45:33,0
C003126,lauramassey@example.org,Erin,Irwin,GEO0242,Consumer,2025-02-21T15:03:29,2025-04-27T04:34:34,0
C003127,christina80@example.org,Rachel,Clark,GEO0719,Consumer,2024-10-03T06:14:51,2025-09-21T03:48:12,0
C003128,jstanton@example.org,Patricia,Freeman,GEO0281,Consumer,2024-01-08T08:12:03,2025-09-17T14:58:54,0
C003129,davismichelle@example.net,Charles,Hernandez,GEO0748,SMB,2024-06-17T20:19:39,2025-02-04T13:25:54,0
C003130,joshua61@example.com,Kelly,Jensen,GEO0699,SMB,2024-08-18T15:45:49,2025-10-15T14:49:52,0
C003131,johngarrison@example.org,Stephen,York,GEO0542,Mid-Market,2024-03-05T08:33:01,2024-09-21T22:49:54,1
C003132,ryan42@example.com,Lisa,Rodriguez,GEO0045,Consumer,2025-11-14T21:03:58,2026-01-11T21:46:14,0
C003133,wsanchez@example.org,Noah,Jones,GEO0796,Mid-Market,2025-01-07T13:53:23,2025-10-21T04:24:52,0
C003134,jill69@example.net,Matthew,Aguilar,GEO0684,Consumer,2025-06-09T10:11:42,2026-01-07T07:57:46,0
C003135,danielletucker@example.com,Nicholas,Gilmore,GEO0124,SMB,2025-08-28T22:49:51,2025-09-14T04:56:32,0
C003136,evansbrady@example.org,Sara,Novak,GEO0676,Mid-Market,2026-02-20T12:27:37,2026-02-21T02:51:08,0
C003137,aaron25@example.com,Bryan,Bowen,GEO0092,Consumer,2024-05-11T05:04:16,2026-02-11T21:10:20,0
C003138,mariecasey@example.com,Kimberly,Schaefer,GEO0427,SMB,2024-06-11T02:59:06,2026-01-31T15:50:41,0
C003139,nancy67@example.org,Henry,Lozano,GEO0372,Consumer,2025-08-04T10:51:39,2025-10-21T12:48:48,0
C003140,ashleyturner@example.org,Sue,Jones,GEO0545,SMB,2025-04-07T20:40:17,2025-10-17T11:44:13,0
C003141,joshua15@example.net,Timothy,Carpenter,GEO0281,Mid-Market,2025-01-18T10:17:18,2025-02-26T03:33:06,0
C003142,eduardodavis@example.com,Heather,Chapman,GEO0506,Mid-Market,2025-12-05T21:54:48,2026-01-17T02:13:24,0
C003143,ulawrence@example.org,Bryan,Golden,GEO0358,Consumer,2025-04-05T16:01:43,2025-09-25T04:03:13,0
C003144,robertsbrandy@example.com,John,Simpson,GEO0094,Mid-Market,2025-10-25T17:06:44,2025-12-19T14:53:46,0
C003145,gcoleman@example.org,Brett,Rice,GEO0394,SMB,2025-06-09T03:34:49,2025-10-30T15:05:16,0
C003146,wayne01@example.net,Heather,Castillo,GEO0178,Consumer,2025-11-17T05:01:04,2025-12-20T21:33:15,0
C003147,christopherharris@example.org,Mark,Mays,GEO0526,SMB,2024-09-05T08:03:57,2024-12-13T03:11:28,0
C003148,jeremy78@example.com,George,Garcia,GEO0704,Consumer,2025-07-08T12:00:12,2025-07-08T16:30:56,0
C003149,tuckeramy@example.net,Stephen,Williams,GEO0281,SMB,2025-02-08T14:58:30,2025-03-03T23:36:00,0
C003150,umccoy@example.com,Kevin,Rivera,GEO0510,Mid-Market,2025-11-08T15:27:06,2026-01-16T07:49:29,0
C003151,acombs@example.net,Amy,Monroe,GEO0618,Mid-Market,2024-05-27T19:23:00,2025-10-03T13:41:30,0
C003152,michelleshort@example.net,James,Middleton,GEO0001,Mid-Market,2024-03-08T13:11:06,2025-07-31T04:02:18,0
C003153,watsonjose@example.net,Julia,Smith,GEO0680,Mid-Market,2025-06-20T12:35:03,2025-12-05T09:06:32,0
C003154,brownjames@example.org,Susan,Reynolds,GEO0348,Consumer,2025-08-11T01:14:56,2026-01-29T05:24:54,0
C003155,tiffany50@example.net,Mark,Guerra,GEO0687,SMB,2025-11-01T12:16:39,2025-12-25T14:19:06,0
C003156,keithdavis@example.com,Kristina,Johnson,GEO0372,Consumer,2025-09-19T12:02:20,2025-11-17T19:43:01,0
C003157,gcastillo@example.com,Charles,Flores,GEO0569,Mid-Market,2024-09-13T01:36:46,2026-01-24T20:00:14,0
C003158,andrewbird@example.com,Roger,Wright,GEO0120,SMB,2024-05-13T21:07:45,2026-01-13T14:43:03,0
C003159,davidfarrell@example.com,Benjamin,Esparza,GEO0296,Consumer,2025-07-19T23:55:23,2025-12-09T18:06:12,0
C003160,mistymatthews@example.org,Elizabeth,Williams,GEO0426,Consumer,2025-07-11T18:25:29,2025-07-13T14:17:11,0
C003161,btaylor@example.org,Susan,Stevenson,GEO0345,Consumer,2024-12-06T02:38:15,2025-10-28T12:46:08,0
C003162,jeffersondaniel@example.org,Jonathan,Parker,GEO0467,Consumer,2024-12-15T12:50:00,2025-02-24T05:07:27,0
C003163,barbaralee@example.net,Grant,White,GEO0242,Consumer,2026-01-22T17:45:32,2026-02-20T11:50:17,0
C003164,hmoses@example.org,Eric,Quinn,GEO0773,Consumer,2024-01-11T19:14:12,2025-01-21T17:14:48,0
C003165,matthew64@example.com,David,Torres,GEO0510,Consumer,2024-11-01T21:53:39,2025-09-24T02:00:26,0
C003166,zevans@example.com,Chelsea,Patterson,GEO0545,Consumer,2025-04-04T10:54:05,2025-12-05T09:21:58,0
C003167,thompsonbrandy@example.com,Ruben,Adams,GEO0320,Mid-Market,2025-01-21T06:49:44,2026-01-17T11:07:01,0
C003168,blairbrandy@example.com,John,Christensen,GEO0535,Mid-Market,2024-06-15T02:19:03,2024-09-13T04:58:34,0
C003169,pweber@example.com,Dorothy,Pierce,GEO0696,Consumer,2024-07-12T18:21:23,2025-12-19T20:37:45,0
C003170,gregory73@example.com,Richard,Schroeder,GEO0256,Mid-Market,2025-08-02T00:59:14,2025-10-27T19:29:06,0
C003171,haley66@example.com,Lisa,Hart,GEO0266,Consumer,2025-05-19T15:44:01,2025-08-25T01:22:26,0
C003172,adamskathryn@example.com,Susan,Wood,GEO0759,Consumer,2025-04-07T18:19:04,2025-06-12T08:58:59,0
C003173,monicadixon@example.net,Sabrina,Butler,GEO0403,Consumer,2025-01-26T10:05:25,2025-06-04T17:51:14,0
C003174,adamskirsten@example.com,Jeffrey,Powell,GEO0603,Mid-Market,2025-10-11T17:37:20,2025-12-03T07:28:24,0
C003175,erik74@example.com,Ryan,Stewart,GEO0019,Consumer,2024-09-22T17:29:48,2025-11-09T14:29:55,0
C003176,matthewhoffman@example.net,Hannah,Howe,GEO0695,Consumer,2025-03-22T00:24:17,2025-07-14T09:20:41,0
C003177,kathleengilmore@example.net,Andrea,Morgan,GEO0511,Mid-Market,2026-01-01T22:29:43,2026-02-10T21:53:14,0
C003178,ericharris@example.net,Kari,Price,GEO0015,Mid-Market,2024-03-22T15:48:15,2024-05-06T07:14:11,0
C003179,kennethmorgan@example.org,Eric,Ellis,GEO0577,SMB,2025-08-17T23:53:46,2026-02-18T14:21:58,0
C003180,vtapia@example.net,Amy,Walker,GEO0137,SMB,2025-05-26T10:07:49,2025-05-26T09:34:17,0
C003181,jason46@example.net,Mark,Curry,GEO0252,Consumer,2025-06-30T18:19:44,2026-02-08T14:46:51,0
C003182,elizabethjohnson@example.org,Phillip,Ryan,GEO0556,Mid-Market,2024-04-29T02:22:24,2024-05-19T10:54:18,0
C003183,ariana93@example.net,Charlene,Preston,GEO0432,Consumer,2025-05-10T14:38:49,2025-11-10T18:45:56,0
C003184,perrymichael@example.org,Emily,Porter,GEO0273,SMB,2025-05-03T03:06:06,2025-05-29T15:36:30,0
C003185,longkimberly@example.net,James,Murray,GEO0191,SMB,2024-11-10T11:18:43,2025-11-25T11:26:21,0
C003186,sancheztyler@example.org,Thomas,Gray,GEO0556,Mid-Market,2024-06-02T18:50:29,2024-11-04T05:24:43,0
C003187,xvazquez@example.org,Sherry,Hill,GEO0250,SMB,2024-08-03T16:21:17,2024-08-28T06:37:00,0
C003188,jolsen@example.net,Andrew,Kemp,GEO0282,SMB,2025-06-03T21:24:33,2025-11-28T23:26:00,0
C003189,kdennis@example.org,David,Krause,GEO0638,SMB,2025-03-20T23:37:46,2026-01-19T05:59:55,0
C003190,raymond39@example.com,Krista,Ramos,GEO0328,Mid-Market,2025-10-27T13:04:13,2026-01-01T04:59:26,0
C003191,marcusramirez@example.org,Kaitlyn,Frey,GEO0514,SMB,2025-07-15T01:39:49,2026-02-20T14:56:28,0
C003192,paulpark@example.com,Karen,Harris,GEO0200,SMB,2025-04-12T19:23:29,2025-05-02T20:13:36,0
C003193,carlastevens@example.net,Sarah,Valencia,GEO0580,Consumer,2025-02-20T12:14:31,2025-10-17T18:11:56,0
C003194,alexander69@example.com,William,Ortega,GEO0210,SMB,2026-02-16T02:42:50,2026-02-17T01:28:48,0
C003195,whiterobert@example.com,Jennifer,Bradley,GEO0165,Consumer,2025-01-01T04:35:38,2025-08-03T05:11:42,0
C003196,olivershannon@example.net,Anthony,Fleming,GEO0301,SMB,2024-02-03T17:57:41,2024-07-23T09:12:10,0
C003197,jefferywalker@example.org,Antonio,Blanchard,GEO0308,Mid-Market,2024-07-16T07:03:50,2024-12-09T06:39:37,0
C003198,jacksonkristen@example.net,Anthony,Morales,GEO0113,SMB,2024-08-23T08:24:01,2025-10-07T22:56:01,0
C003199,ashleynelson@example.net,Austin,Webster,GEO0406,Mid-Market,2025-01-21T08:45:14,2026-01-04T00:25:39,0
C003200,jeremynelson@example.com,Jason,Lowery,GEO0245,Consumer,2025-11-01T06:21:28,2026-01-08T12:20:49,0
C003201,qwhitaker@example.org,Susan,Hill,GEO0419,SMB,2025-09-05T02:08:32,2025-12-01T07:30:45,0
C003202,campbellmargaret@example.net,Laura,Baker,GEO0676,Consumer,2024-02-19T12:55:16,2024-11-04T16:56:52,0
C003203,friedmanmichelle@example.com,Caroline,Johnson,GEO0696,SMB,2024-12-10T17:30:49,2025-06-02T07:06:07,0
C003204,regina11@example.com,Alex,Campbell,GEO0653,Mid-Market,2025-08-15T16:50:00,2025-10-19T05:23:22,0
C003205,ingrambrandon@example.com,Diana,Livingston,GEO0654,Consumer,2024-11-14T16:51:00,2025-04-28T07:28:26,0
C003206,hernandezanna@example.com,Melissa,Frost,GEO0165,Consumer,2024-11-05T11:21:51,2024-11-20T15:35:55,0
C003207,cmoon@example.net,Tammie,Walter,GEO0033,Mid-Market,2025-03-10T16:40:28,2025-12-13T12:01:43,0
C003208,wrightdrew@example.org,Jonathan,Woodard,GEO0030,Consumer,2024-02-13T23:37:08,2024-08-03T03:15:56,0
C003209,kevin42@example.org,Jason,Gonzalez,GEO0372,Consumer,2025-05-07T02:39:45,2025-10-20T17:25:26,0
C003210,ebrown@example.net,Tracey,Davis,GEO0164,Mid-Market,2024-08-01T18:42:08,2026-02-04T15:36:33,0
C003211,harrisamy@example.org,Christopher,Cobb,GEO0109,Consumer,2025-05-10T16:31:12,2025-06-18T08:51:10,0
C003212,wyattnicole@example.com,Darren,Mcdowell,GEO0202,Mid-Market,2024-11-13T11:51:26,2025-02-09T18:52:07,0
C003213,aguilarkyle@example.org,Wendy,Turner,GEO0070,Mid-Market,2025-11-13T12:19:19,2025-11-27T13:00:15,0
C003214,acaldwell@example.org,Tara,Meyer,GEO0699,Consumer,2026-02-17T17:35:32,2026-02-17T15:00:01,0
C003215,robertsdavid@example.net,Stephen,Chen,GEO0682,Mid-Market,2024-03-21T01:11:33,2025-08-02T09:21:43,0
C003216,derrick71@example.net,Jason,Graham,GEO0736,Consumer,2024-06-02T04:43:10,2024-06-05T02:46:56,0
C003217,travis46@example.org,Cassie,Allen,GEO0522,SMB,2025-01-04T11:17:04,2025-07-26T08:33:31,0
C003218,johnsondana@example.com,Christina,Rodriguez,GEO0689,Mid-Market,2024-05-20T22:04:03,2025-02-19T12:26:08,0
C003219,kmartinez@example.com,Gary,May,GEO0786,SMB,2025-04-22T20:47:01,2025-06-11T11:10:25,0
C003220,baileynatalie@example.org,Jennifer,Miller,GEO0457,Mid-Market,2025-11-27T14:16:17,2025-12-18T01:14:55,0
C003221,jeff06@example.net,Elizabeth,Church,GEO0548,Consumer,2025-02-11T15:34:58,2025-08-04T09:47:34,0
C003222,paulrussell@example.com,Lisa,Rogers,GEO0597,Consumer,2024-07-12T00:36:23,2025-12-13T15:09:57,0
C003223,gregory74@example.org,Aaron,Schultz,GEO0233,Mid-Market,2025-12-06T06:25:34,2026-02-26T00:27:03,0
C003224,tommy17@example.net,Amy,Bush,GEO0630,SMB,2024-03-31T10:28:38,2024-09-04T07:08:25,0
C003225,abigail56@example.com,Cassandra,Hunter,GEO0249,SMB,2024-03-18T23:42:34,2025-03-03T16:45:06,0
C003226,tinajohnson@example.org,Brittany,Fuller,GEO0295,SMB,2025-10-11T00:06:23,2025-10-22T23:06:36,0
C003227,ryan56@example.org,Michael,Osborne,GEO0739,Mid-Market,2025-05-23T15:42:08,2025-06-06T19:08:22,0
C003228,olivia27@example.net,Jennifer,Bryant,GEO0781,Consumer,2025-08-08T01:07:54,2025-12-29T04:35:46,0
C003229,wpowell@example.net,Michael,Richardson,GEO0651,Consumer,2024-12-27T07:14:45,2025-03-13T18:28:53,0
C003230,patrick07@example.org,Elizabeth,Miller,GEO0594,Mid-Market,2024-10-02T20:54:12,2026-02-02T18:21:32,0
C003231,daniel30@example.com,William,Sosa,GEO0717,Consumer,2025-08-30T10:34:40,2025-12-03T10:51:07,0
C003232,qcallahan@example.org,Kristin,Hunt,GEO0226,Consumer,2025-03-15T19:41:28,2025-04-26T09:38:10,1
C003233,mcdowelladam@example.net,Tina,Jenkins,GEO0073,SMB,2024-01-20T10:53:59,2025-05-04T09:44:54,0
C003234,chambersvanessa@example.org,Todd,Herrera,GEO0394,Consumer,2024-11-13T09:35:51,2025-07-10T07:37:26,0
C003235,ruizgary@example.net,Jennifer,Martinez,GEO0052,Consumer,2025-01-29T11:38:05,2025-10-20T17:15:44,0
C003236,donaldthomas@example.org,Henry,Hawkins,GEO0551,SMB,2024-07-01T20:36:50,2025-10-25T23:28:15,0
C003237,alexander47@example.com,Michelle,Fox,GEO0483,SMB,2025-10-23T22:50:29,2026-02-22T05:56:48,0
C003238,zoe99@example.com,Anthony,Nelson,GEO0676,Consumer,2024-10-31T20:19:12,2025-09-18T10:55:19,0
C003239,barberangela@example.com,Catherine,Wilson,GEO0268,Mid-Market,2025-04-18T15:10:38,2025-10-27T11:30:07,0
C003240,pamela11@example.org,Michael,Johnson,GEO0644,Mid-Market,2025-02-19T09:14:57,2025-11-11T21:41:02,0
C003241,james72@example.org,Katie,Schmidt,GEO0488,Mid-Market,2024-06-09T18:03:48,2025-01-26T08:59:34,0
C003242,sandrasmith@example.com,Keith,Bowman,GEO0439,Mid-Market,2024-01-20T09:08:18,2025-05-16T18:55:26,0
C003243,sue80@example.net,Katherine,Warren,GEO0042,Mid-Market,2024-02-21T00:46:03,2025-09-24T09:00:38,0
C003244,andersonamber@example.org,Andrew,Evans,GEO0025,Mid-Market,2025-03-05T11:30:14,2025-11-04T13:08:18,0
C003245,renee53@example.com,Chris,Cook,GEO0188,SMB,2024-06-20T12:44:49,2024-11-08T04:23:16,0
C003246,kristindixon@example.org,Sarah,Baker,GEO0019,Consumer,2024-06-06T07:26:50,2026-02-09T07:03:38,0
C003247,zpeters@example.com,Keith,Stephenson,GEO0398,Mid-Market,2024-03-27T08:59:53,2025-12-31T01:58:06,0
C003248,andreathompson@example.net,William,Peters,GEO0486,Consumer,2024-12-06T14:15:06,2025-12-04T03:48:29,0
C003249,andrewwalker@example.com,Tyler,Durham,GEO0783,SMB,2024-07-05T09:58:04,2025-03-26T15:55:21,0
C003250,nunezjeremy@example.net,Brenda,Wilson,GEO0549,Consumer,2025-08-08T00:40:04,2025-12-19T08:08:58,0
C003251,connorholloway@example.net,Jessica,Higgins,GEO0774,Consumer,2024-08-16T10:39:33,2025-05-22T14:51:19,0
C003252,sarah36@example.net,Barbara,Flores,GEO0546,Mid-Market,2024-06-10T17:40:15,2025-05-06T19:26:43,0
C003253,angela57@example.com,Brittany,Torres,GEO0699,SMB,2025-12-11T15:51:59,2025-12-21T11:15:55,0
C003254,gardnerjoshua@example.net,Patricia,Smith,GEO0299,Consumer,2024-01-21T05:27:49,2024-07-06T23:19:29,0
C003255,bmorrison@example.net,Dana,Norris,GEO0457,SMB,2024-08-29T10:00:02,2025-03-24T04:38:36,0
C003256,patricia89@example.net,Ruben,Bennett,GEO0704,Consumer,2025-08-11T22:40:03,2025-11-29T09:53:29,0
C003257,pricerobert@example.org,Jesus,Avila,GEO0588,Mid-Market,2024-03-10T09:19:09,2025-06-15T16:31:15,0
C003258,scott01@example.com,Lucas,Wallace,GEO0531,Mid-Market,2026-01-25T10:20:16,2026-01-28T22:58:18,0
C003259,houserobert@example.net,Cesar,Matthews,GEO0587,Consumer,2025-10-18T03:25:39,2026-02-21T19:09:46,0
C003260,taylorjeffrey@example.org,William,Lee,GEO0083,Consumer,2026-02-06T23:27:28,2026-02-17T08:36:14,0
C003261,kgilbert@example.net,Chloe,Sanders,GEO0186,SMB,2024-07-20T07:43:36,2025-09-02T18:01:17,0
C003262,kevin72@example.com,Leah,Cain,GEO0774,Mid-Market,2024-08-05T21:37:55,2025-02-08T22:22:11,0
C003263,emma32@example.com,Grant,Turner,GEO0443,Mid-Market,2025-04-25T22:14:21,2025-12-14T06:15:52,0
C003264,wangjoshua@example.com,Jenna,Parker,GEO0320,Consumer,2025-06-07T07:15:01,2026-02-08T07:17:21,0
C003265,matthew69@example.org,Mark,Morgan,GEO0260,Mid-Market,2025-10-06T06:03:11,2025-12-03T13:19:06,0
C003266,lcampbell@example.org,Patrick,Flowers,GEO0688,Consumer,2024-07-02T09:48:30,2025-03-18T00:40:36,0
C003267,rsmith@example.org,Miguel,Brown,GEO0116,Consumer,2025-01-18T22:52:29,2025-04-08T01:15:14,0
C003268,jeffreythomas@example.com,Emma,Carter,GEO0249,SMB,2024-02-15T02:25:03,2024-06-22T07:52:08,0
C003269,sarahcharles@example.com,Danielle,Dorsey,GEO0749,Consumer,2024-04-08T15:45:05,2025-04-17T11:20:34,0
C003270,aliciaperez@example.com,Andrew,Clayton,GEO0520,Consumer,2025-05-25T18:17:40,2025-06-20T08:09:09,0
C003271,slong@example.net,Carol,Ramos,GEO0414,Mid-Market,2025-10-25T21:19:21,2026-02-02T09:04:05,0
C003272,washingtonstephanie@example.net,Dominic,Anderson,GEO0688,Consumer,2025-09-27T11:52:23,2025-10-19T04:20:14,0
C003273,christopher78@example.org,Rebecca,Howard,GEO0526,SMB,2024-02-06T16:04:37,2024-05-09T07:52:46,1
C003274,brittanyyoder@example.com,Cassandra,Wells,GEO0678,Consumer,2024-12-19T11:45:47,2025-04-12T23:44:19,0
C003275,fostervalerie@example.com,Karen,Maddox,GEO0449,Consumer,2024-09-17T19:45:55,2026-01-11T03:21:44,0
C003276,combsbrenda@example.net,Brandon,Schmidt,GEO0538,SMB,2026-02-13T11:31:07,2026-02-25T13:51:14,0
C003277,adrian20@example.com,Cody,Richards,GEO0780,Mid-Market,2025-06-11T20:08:17,2026-01-06T07:01:53,0
C003278,raydawn@example.org,Nathaniel,Perez,GEO0482,Consumer,2025-03-16T23:26:08,2025-04-23T21:42:55,0
C003279,dmiller@example.org,Brian,Smith,GEO0209,SMB,2025-11-03T22:27:15,2025-12-13T04:00:55,0
C003280,russell62@example.org,Meagan,Bennett,GEO0144,SMB,2024-01-01T13:04:20,2024-02-12T09:09:03,0
C003281,holly18@example.net,Miguel,Booker,GEO0297,Mid-Market,2025-09-13T21:24:32,2025-12-13T21:41:26,0
C003282,aaron79@example.net,Lisa,Thomas,GEO0717,SMB,2025-04-01T02:19:12,2025-07-20T22:27:01,0
C003283,mitchellkimberly@example.net,Linda,Robinson,GEO0346,Consumer,2025-06-01T23:48:37,2025-06-20T03:02:05,0
C003284,christophercruz@example.net,Taylor,Moon,GEO0154,SMB,2024-10-18T23:06:54,2024-11-12T23:13:38,0
C003285,mitchellnicholas@example.com,Jessica,Massey,GEO0753,Mid-Market,2025-05-12T16:32:35,2025-07-01T17:38:13,0
C003286,vsmith@example.org,Christina,Landry,GEO0593,SMB,2024-10-14T21:07:24,2026-02-06T07:35:33,0
C003287,james91@example.org,Elizabeth,Dickson,GEO0367,Mid-Market,2025-02-21T15:45:34,2025-08-20T02:33:52,0
C003288,tcosta@example.com,Matthew,Cooper,GEO0768,SMB,2024-12-27T19:02:22,2025-11-13T01:42:37,0
C003289,wwong@example.com,Carl,Johnson,GEO0170,SMB,2024-12-08T17:34:48,2025-02-28T12:30:11,0
C003290,angelaunderwood@example.net,Manuel,Kelley,GEO0228,Consumer,2024-02-05T15:09:45,2025-06-18T05:52:00,0
C003291,zbates@example.net,Colleen,Moore,GEO0740,Mid-Market,2025-10-15T03:43:42,2025-12-28T14:09:40,0
C003292,chadwilson@example.com,Connie,Frazier,GEO0479,Consumer,2025-04-14T11:26:18,2025-04-23T14:33:14,0
C003293,ojohnson@example.com,Cynthia,Harris,GEO0241,Mid-Market,2026-01-11T00:34:14,2026-01-14T12:38:28,0
C003294,derekgonzalez@example.com,David,Kelly,GEO0374,Mid-Market,2025-06-16T18:40:36,2025-12-23T03:41:16,0
C003295,charlestaylor@example.net,Zachary,Mitchell,GEO0190,Mid-Market,2024-10-17T17:13:26,2025-06-10T02:16:24,0
C003296,robert71@example.org,Justin,Hernandez,GEO0100,Mid-Market,2024-09-26T01:27:24,2025-11-27T14:23:04,0
C003297,james00@example.net,John,Greer,GEO0215,SMB,2025-07-28T15:57:06,2025-08-18T13:19:22,0
C003298,ashleymedina@example.net,Eddie,Sanchez,GEO0715,SMB,2024-02-16T21:38:50,2025-02-24T12:13:19,0
C003299,clarkjordan@example.com,Carol,Sims,GEO0137,Consumer,2026-02-07T16:03:58,2026-02-27T20:28:13,0
C003300,njames@example.org,Tara,Fischer,GEO0111,Consumer,2024-05-30T23:02:08,2025-05-22T16:53:22,0
C003301,dakota83@example.net,Tyler,Peterson,GEO0738,Consumer,2024-12-05T07:49:30,2025-11-30T15:30:50,0
C003302,khanmatthew@example.org,Samantha,Taylor,GEO0472,Mid-Market,2024-01-19T06:06:24,2025-06-09T22:35:30,0
C003303,garciajoshua@example.org,Lisa,Lara,GEO0712,Consumer,2025-08-29T13:06:23,2025-11-09T17:30:43,0
C003304,isabellalong@example.org,Ryan,Glenn,GEO0346,Consumer,2024-01-13T04:16:42,2024-03-11T04:23:52,0
C003305,monicawood@example.org,Tony,Holder,GEO0352,SMB,2024-12-11T00:42:03,2025-06-04T09:37:02,0
C003306,sherry33@example.com,Stephanie,Diaz,GEO0192,Mid-Market,2026-02-01T01:42:36,2026-02-19T17:53:13,0
C003307,wedwards@example.com,Christina,Madden,GEO0354,SMB,2025-05-22T20:29:15,2026-02-12T16:30:08,0
C003308,allison84@example.net,Ronald,Martin,GEO0222,Consumer,2025-01-21T12:13:00,2025-05-04T09:15:33,0
C003309,jean10@example.com,Richard,Taylor,GEO0798,Mid-Market,2026-03-01T01:01:01,2026-03-01T09:14:20,0
C003310,benjaminbeth@example.net,Robert,Reyes,GEO0477,SMB,2025-09-21T19:59:14,2025-09-25T15:44:45,0
C003311,michele20@example.com,Katie,Christensen,GEO0088,SMB,2024-04-18T18:36:41,2025-06-14T10:17:26,0
C003312,ldawson@example.net,Shirley,Singh,GEO0489,Consumer,2025-01-31T16:39:31,2026-01-20T06:22:06,0
C003313,austinbreanna@example.org,Jonathan,Wiley,GEO0204,SMB,2025-09-12T05:09:21,2025-10-21T14:49:20,0
C003314,charlesjohnston@example.com,Samuel,Patton,GEO0177,Consumer,2025-02-17T00:10:08,2025-06-24T01:08:14,0
C003315,rachel22@example.org,Kelly,Snyder,GEO0616,Consumer,2024-10-20T11:24:47,2025-06-16T14:54:54,1
C003316,mitchellmichael@example.com,Jennifer,Ford,GEO0334,Consumer,2024-04-14T11:05:42,2025-04-26T16:36:47,0
C003317,nathanielshields@example.com,Helen,Williams,GEO0238,Consumer,2024-09-25T16:54:40,2025-03-13T16:56:58,0
C003318,harrisdebra@example.net,Dennis,Carter,GEO0391,Consumer,2024-12-10T13:25:27,2025-01-01T22:34:51,0
C003319,kimlee@example.net,Jessica,Moore,GEO0633,Consumer,2024-07-03T18:08:31,2025-12-24T17:18:49,0
C003320,householly@example.com,Levi,Robbins,GEO0220,Mid-Market,2025-05-12T19:02:37,2026-02-21T12:51:12,0
C003321,xfreeman@example.net,Sean,Foster,GEO0058,SMB,2024-03-25T04:30:25,2025-12-11T10:53:35,0
C003322,qmccoy@example.org,Melinda,Bowers,GEO0190,SMB,2024-10-15T09:09:00,2024-12-28T05:51:16,0
C003323,hgonzalez@example.org,Vanessa,Ware,GEO0293,Consumer,2025-07-22T08:34:34,2026-02-21T12:12:46,0
C003324,anthonyavery@example.org,Patricia,Cortez,GEO0349,SMB,2024-09-07T07:29:04,2025-07-11T11:02:14,0
C003325,wesley42@example.com,Lisa,Mejia,GEO0762,Consumer,2024-03-16T17:02:44,2024-08-19T12:43:24,0
C003326,jamesmullins@example.com,Melinda,Lowe,GEO0367,Consumer,2025-08-24T08:50:07,2026-01-25T07:42:36,0
C003327,yjohnson@example.net,Garrett,Madden,GEO0489,SMB,2024-01-07T02:01:16,2025-04-16T02:55:32,0
C003328,vjimenez@example.net,Christopher,Clark,GEO0143,Consumer,2026-02-01T03:52:37,2026-02-26T19:08:46,0
C003329,christiandanielle@example.com,Catherine,Mitchell,GEO0514,Mid-Market,2025-01-22T21:38:09,2025-06-26T23:31:26,0
C003330,mmcdowell@example.org,Andrew,Galloway,GEO0213,Mid-Market,2025-07-19T06:18:04,2025-07-30T07:16:05,0
C003331,tramirez@example.org,Daniel,Lopez,GEO0590,Consumer,2024-04-05T02:33:06,2024-07-27T17:40:06,0
C003332,christy19@example.org,Neil,Summers,GEO0356,SMB,2024-01-10T02:44:45,2024-09-03T05:20:40,0
C003333,jonesrachel@example.com,Peter,Alvarez,GEO0487,Mid-Market,2025-03-31T21:00:19,2025-09-06T14:02:32,0
C003334,fernandezbrandon@example.net,Jessica,Ray,GEO0154,Consumer,2025-02-28T18:47:17,2025-03-24T12:29:06,0
C003335,mitchelldanielle@example.org,Juan,Nelson,GEO0334,Mid-Market,2025-11-07T14:33:13,2025-11-15T00:12:06,0
C003336,baileypaul@example.net,Matthew,Mcdaniel,GEO0023,SMB,2024-12-28T08:20:30,2025-03-02T04:29:20,0
C003337,james14@example.net,Debbie,Woods,GEO0292,Mid-Market,2025-04-28T08:50:03,2025-12-16T23:17:01,0
C003338,gflores@example.org,James,Weber,GEO0524,SMB,2024-08-07T08:16:39,2026-01-26T14:00:38,0
C003339,garciarichard@example.com,Patrick,West,GEO0478,Consumer,2024-08-23T19:06:45,2025-04-14T12:47:39,0
C003340,crandall@example.net,Jose,Davis,GEO0296,Consumer,2024-04-01T20:25:19,2024-06-12T00:53:24,0
C003341,mooresteven@example.net,Curtis,Merritt,GEO0596,Consumer,2024-08-17T13:48:51,2025-11-21T11:14:04,0
C003342,timothygarcia@example.org,Daniel,Black,GEO0467,Mid-Market,2025-10-23T01:22:31,2026-02-01T07:05:43,0
C003343,zcoleman@example.net,Tiffany,Rodriguez,GEO0644,Consumer,2024-02-07T00:34:38,2025-03-28T20:21:18,0
C003344,yserrano@example.com,Michael,Fitzgerald,GEO0420,Consumer,2024-04-06T10:14:25,2024-05-14T12:59:18,0
C003345,elizabethmoore@example.org,Thomas,Williams,GEO0006,SMB,2024-03-03T14:18:33,2025-04-16T14:38:19,0
C003346,michelle58@example.org,Nicholas,Scott,GEO0626,SMB,2025-07-28T20:40:37,2026-02-21T16:37:17,0
C003347,chapmanrobert@example.com,Janice,Gardner,GEO0011,Mid-Market,2024-09-15T02:29:00,2025-05-25T12:51:06,0
C003348,michaelallen@example.org,Beth,Watkins,GEO0766,SMB,2024-02-24T14:00:48,2024-05-07T14:31:48,0
C003349,justinhughes@example.net,Douglas,Mcdonald,GEO0543,Mid-Market,2024-08-15T15:20:36,2025-06-28T19:12:51,0
C003350,crogers@example.org,Erin,Ryan,GEO0692,SMB,2024-02-07T16:06:07,2024-04-22T14:06:36,0
C003351,sarah68@example.com,Cassandra,Clark,GEO0186,SMB,2026-02-16T01:02:17,2026-02-25T00:10:59,0
C003352,adamkramer@example.com,James,Santana,GEO0099,SMB,2024-10-01T09:05:51,2025-10-01T10:54:37,0
C003353,wwhite@example.com,Russell,Castro,GEO0303,SMB,2025-04-03T07:14:14,2025-12-24T09:42:36,0
C003354,jonathanjones@example.com,Lisa,Mckinney,GEO0713,Mid-Market,2025-02-20T10:23:10,2025-06-17T18:06:30,0
C003355,luisgolden@example.com,Sherry,Simmons,GEO0228,Consumer,2025-11-27T06:46:14,2026-01-12T07:58:00,0
C003356,adamstephens@example.org,Shelly,Smith,GEO0690,Consumer,2026-02-14T09:39:44,2026-02-19T12:40:25,0
C003357,umartinez@example.org,Danielle,Cannon,GEO0642,Mid-Market,2024-08-07T12:45:07,2025-12-09T20:53:29,0
C003358,angelaespinoza@example.org,Stephanie,Leon,GEO0728,SMB,2024-04-16T06:36:55,2025-02-20T13:44:58,0
C003359,vbryant@example.org,David,Wolf,GEO0655,Mid-Market,2024-10-06T15:45:46,2025-03-10T06:50:47,0
C003360,donald27@example.net,William,Price,GEO0401,SMB,2025-07-27T16:24:54,2025-10-19T21:15:53,0
C003361,deleonbryan@example.com,Rebecca,Thomas,GEO0511,SMB,2024-06-06T21:51:24,2025-12-24T14:42:05,0
C003362,wilcoxjennifer@example.com,Donald,Phillips,GEO0545,Consumer,2025-12-19T07:17:36,2026-01-13T03:57:48,0
C003363,tracy05@example.net,Donna,Allison,GEO0461,SMB,2025-09-15T14:59:02,2026-01-03T00:23:23,0
C003364,gduke@example.net,Mary,Bowers,GEO0408,Consumer,2025-10-18T15:55:14,2026-01-07T14:38:08,0
C003365,rmichael@example.net,Brandi,Wells,GEO0489,Consumer,2026-01-04T12:08:21,2026-01-05T12:44:51,0
C003366,ndiaz@example.com,Michael,Ross,GEO0752,Mid-Market,2025-07-24T06:59:56,2025-10-26T08:25:19,0
C003367,crussell@example.net,Chelsea,Maldonado,GEO0758,Mid-Market,2024-08-01T17:44:38,2025-11-02T00:06:18,0
C003368,jamesmaxwell@example.org,Andre,Reeves,GEO0015,Mid-Market,2025-10-05T10:23:31,2025-10-06T07:38:45,0
C003369,evanholloway@example.com,Sierra,Downs,GEO0250,Mid-Market,2024-09-13T04:30:44,2024-12-23T23:34:25,0
C003370,xfleming@example.org,Kimberly,Weber,GEO0172,Mid-Market,2026-02-04T04:23:20,2026-02-08T19:53:54,0
C003371,daviddavis@example.org,Kathleen,Sanchez,GEO0108,SMB,2024-02-26T00:39:59,2024-08-21T12:03:00,0
C003372,ellismichael@example.com,Timothy,Sanchez,GEO0758,Consumer,2025-11-13T03:42:49,2026-02-16T01:05:52,0
C003373,farmermatthew@example.net,Brenda,Miller,GEO0320,Consumer,2025-03-10T13:04:54,2026-01-03T14:12:35,0
C003374,benjamin10@example.org,Randy,Poole,GEO0777,Mid-Market,2024-09-15T19:40:32,2024-12-07T04:05:54,0
C003375,robertjohnson@example.org,Dennis,Bailey,GEO0104,Consumer,2024-01-02T21:47:35,2025-06-09T04:41:48,0
C003376,elizabethkirk@example.com,Carla,Boyer,GEO0020,SMB,2025-06-27T21:24:53,2025-11-20T19:03:48,0
C003377,jeffreyroberts@example.net,Jennifer,Howard,GEO0290,Mid-Market,2025-12-04T17:54:25,2026-02-03T04:12:43,0
C003378,greenedaniel@example.net,Richard,Hudson,GEO0055,Consumer,2024-08-11T01:16:42,2025-05-06T16:07:31,0
C003379,patrick86@example.net,Paul,Campbell,GEO0502,Mid-Market,2025-04-22T07:40:26,2025-10-24T10:46:26,0
C003380,lisajohnson@example.org,Christopher,Cooley,GEO0118,Consumer,2025-09-12T04:04:49,2026-01-25T17:08:56,0
C003381,qschwartz@example.com,Rodney,Thomas,GEO0529,SMB,2024-01-22T06:48:05,2025-07-13T23:25:52,0
C003382,lanceryan@example.com,Michele,Vargas,GEO0143,SMB,2024-05-04T12:04:40,2026-02-07T20:45:14,0
C003383,vanessajimenez@example.org,Kelly,Williams,GEO0108,Consumer,2024-01-30T06:26:16,2024-05-28T22:40:27,0
C003384,norrisjessica@example.net,Donald,Payne,GEO0139,SMB,2024-09-01T16:12:20,2024-11-07T13:54:29,0
C003385,millerelizabeth@example.com,Kristy,Flores,GEO0040,Consumer,2024-10-07T07:09:14,2025-11-11T18:42:04,0
C003386,hansenmatthew@example.org,Madison,Simpson,GEO0469,Mid-Market,2025-08-08T07:42:11,2025-11-03T04:50:57,0
C003387,moralesdenise@example.net,Brian,Newman,GEO0766,Mid-Market,2024-06-01T12:51:29,2024-09-13T05:24:56,0
C003388,vanessaflores@example.com,Megan,Browning,GEO0662,SMB,2024-09-03T18:16:38,2025-07-28T05:59:11,0
C003389,wgeorge@example.org,Lisa,Davis,GEO0092,Mid-Market,2024-07-08T13:48:16,2025-03-29T09:43:33,0
C003390,brownbenjamin@example.org,Alicia,Larson,GEO0329,Consumer,2026-02-17T23:40:27,2026-03-01T22:46:34,0
C003391,cameronramos@example.org,Jessica,Pacheco,GEO0455,Consumer,2025-06-03T03:04:19,2025-09-24T07:02:27,0
C003392,melissa80@example.org,Alison,Haas,GEO0506,Mid-Market,2024-01-25T22:33:01,2024-12-18T17:31:30,0
C003393,matthewcrane@example.org,Matthew,Gilmore,GEO0133,SMB,2024-12-07T22:22:38,2025-11-17T21:50:44,0
C003394,colleenwilliams@example.net,Jerry,Mclean,GEO0487,Mid-Market,2026-02-28T12:44:56,2026-02-28T15:33:30,0
C003395,cynthiabutler@example.org,John,Butler,GEO0595,Consumer,2025-09-16T05:59:22,2026-02-10T03:44:09,0
C003396,amandaday@example.net,Kristina,Miller,GEO0582,Mid-Market,2025-12-31T08:24:15,2026-01-29T05:07:26,0
C003397,emilypatterson@example.org,Michael,Riggs,GEO0026,SMB,2026-01-11T12:46:01,2026-01-24T04:12:20,0
C003398,kimberly47@example.org,Monica,Pruitt,GEO0124,Consumer,2024-10-31T17:50:00,2025-01-28T19:20:22,0
C003399,charlesclayton@example.org,Benjamin,Bailey,GEO0761,Mid-Market,2025-09-26T18:31:29,2025-11-23T23:29:58,0
C003400,emilyharmon@example.org,Michelle,Reynolds,GEO0534,Consumer,2025-08-07T19:53:22,2025-12-10T18:20:48,0
C003401,cassandramontgomery@example.com,Tiffany,Davis,GEO0064,Mid-Market,2024-03-10T20:52:09,2024-11-25T23:28:17,0
C003402,burgessdonald@example.com,Catherine,Wells,GEO0060,Consumer,2024-03-28T02:30:43,2024-11-04T12:59:29,0
C003403,wquinn@example.net,Anthony,Chandler,GEO0653,Mid-Market,2024-08-11T16:27:09,2025-08-09T12:41:29,0
C003404,bburnett@example.com,Hannah,Garcia,GEO0651,Consumer,2025-03-17T03:10:23,2025-12-26T09:46:54,0
C003405,imendoza@example.net,Alyssa,Cochran,GEO0684,Consumer,2024-07-29T00:50:00,2026-02-05T01:23:25,0
C003406,robertyoung@example.net,Alicia,Ortega,GEO0721,Consumer,2024-09-12T23:32:44,2025-02-08T18:10:40,0
C003407,angel62@example.com,Sandra,Jackson,GEO0121,Mid-Market,2025-10-14T04:32:29,2025-12-10T05:51:07,0
C003408,jackreynolds@example.com,Xavier,Vazquez,GEO0382,Mid-Market,2025-04-28T22:33:33,2025-08-09T02:10:40,0
C003409,hudsongwendolyn@example.com,Dawn,Miller,GEO0623,Mid-Market,2024-08-23T13:22:48,2025-06-16T17:22:09,0
C003410,umayo@example.org,Jacob,Rangel,GEO0038,SMB,2024-01-03T04:00:04,2025-09-25T14:54:01,0
C003411,fordbeverly@example.org,Lindsey,Cunningham,GEO0646,Consumer,2024-10-29T17:30:16,2025-12-27T21:04:27,0
C003412,taylormatthew@example.com,Timothy,Hernandez,GEO0637,Consumer,2026-01-03T15:39:44,2026-01-30T06:40:25,0
C003413,terri76@example.com,Angel,Roberson,GEO0176,Consumer,2024-03-08T19:46:46,2025-02-06T11:21:05,0
C003414,susan80@example.com,Anthony,Jones,GEO0257,Consumer,2025-12-27T00:23:56,2026-01-06T01:32:07,0
C003415,david71@example.com,Mark,Arnold,GEO0332,Mid-Market,2024-11-06T17:49:16,2025-11-04T04:08:27,0
C003416,ashleyashley@example.org,Brittany,Rush,GEO0176,Consumer,2024-06-26T22:03:00,2025-01-26T13:00:28,0
C003417,michelle51@example.net,Amanda,Miller,GEO0086,Consumer,2024-05-12T10:02:09,2025-11-04T07:00:45,0
C003418,skinnerkyle@example.com,Benjamin,Marks,GEO0720,Mid-Market,2024-07-13T08:43:09,2025-04-20T06:29:21,0
C003419,kim09@example.org,Jose,Wheeler,GEO0333,Mid-Market,2024-07-28T03:27:49,2024-12-19T17:01:55,0
C003420,alexandrawest@example.com,Michael,Ford,GEO0410,SMB,2024-04-24T22:25:14,2024-08-28T13:53:57,0
C003421,simsdawn@example.org,Brittany,Smith,GEO0115,Mid-Market,2025-03-12T12:53:35,2025-11-08T23:43:19,0
C003422,simonedward@example.net,Alexander,Schneider,GEO0647,Consumer,2024-09-11T00:16:23,2025-06-23T08:04:01,0
C003423,chouston@example.com,Joshua,Duncan,GEO0582,SMB,2024-04-11T12:16:37,2025-07-30T00:01:43,0
C003424,moralesdawn@example.com,Edward,White,GEO0711,SMB,2024-10-21T23:21:35,2024-11-04T03:21:46,0
C003425,melissarussell@example.org,Lori,Walters,GEO0421,SMB,2024-04-07T13:19:09,2025-11-22T13:53:44,0
C003426,cruzolivia@example.org,Kimberly,Jimenez,GEO0188,Consumer,2025-06-12T18:08:18,2025-07-31T03:22:00,0
C003427,andrewtaylor@example.com,Kristen,Conway,GEO0732,Mid-Market,2024-01-19T19:51:26,2025-10-10T18:45:26,0
C003428,staylor@example.net,Shannon,Allen,GEO0053,Mid-Market,2026-01-18T06:07:21,2026-01-28T22:21:23,0
C003429,virginia57@example.net,Christopher,May,GEO0098,Consumer,2025-12-15T22:10:08,2026-02-23T01:20:32,0
C003430,kevin95@example.com,Erika,Odonnell,GEO0274,Consumer,2025-07-15T14:41:28,2025-12-24T09:15:22,0
C003431,brandon68@example.com,Kristina,Cox,GEO0583,Mid-Market,2024-10-04T01:44:54,2025-08-13T15:25:11,0
C003432,jon53@example.com,Mark,Jones,GEO0737,Mid-Market,2024-12-14T21:12:38,2025-06-18T01:49:06,0
C003433,jrios@example.net,Elaine,Barnes,GEO0212,SMB,2024-04-28T05:52:20,2025-03-21T16:43:27,0
C003434,elizabethbrennan@example.net,James,Phillips,GEO0347,SMB,2024-07-04T14:45:34,2026-01-20T17:11:25,0
C003435,donnamcintosh@example.net,Amy,Patterson,GEO0592,Consumer,2024-08-14T14:17:34,2024-09-02T07:01:16,0
C003436,melissacollier@example.org,Ryan,Myers,GEO0486,Mid-Market,2025-01-02T16:00:45,2026-01-25T18:30:07,0
C003437,zachary32@example.org,Michelle,Shepherd,GEO0346,SMB,2025-07-10T02:51:56,2026-02-12T09:52:57,0
C003438,ediaz@example.org,Sandra,Santana,GEO0404,Mid-Market,2024-07-01T07:23:44,2025-06-02T22:49:18,0
C003439,john69@example.net,Jeffery,Calderon,GEO0324,SMB,2026-01-18T19:56:11,2026-01-20T10:47:50,0
C003440,kevin69@example.net,Matthew,Nichols,GEO0361,SMB,2025-07-31T14:20:28,2025-12-04T19:38:54,0
C003441,andrew45@example.org,Michael,Le,GEO0249,Mid-Market,2024-04-19T06:50:28,2025-12-16T17:14:01,0
C003442,amandamorales@example.org,Jessica,Smith,GEO0074,SMB,2024-11-08T14:26:09,2025-06-22T08:20:49,0
C003443,lgonzalez@example.net,Katherine,Bradley,GEO0533,Consumer,2025-11-30T02:24:00,2026-02-08T18:57:54,0
C003444,vgriffin@example.com,Rebecca,Richard,GEO0704,Mid-Market,2025-06-27T14:58:02,2026-01-17T03:56:22,0
C003445,joseph50@example.org,Anna,Johnson,GEO0116,Consumer,2024-06-20T03:49:13,2025-01-12T12:45:33,0
C003446,jtaylor@example.com,Daniel,Johnson,GEO0669,Consumer,2025-01-19T00:58:32,2025-04-29T08:29:27,0
C003447,hannahfields@example.com,Victoria,Johnson,GEO0795,Consumer,2026-02-05T04:42:32,2026-02-25T18:56:33,0
C003448,susandavis@example.org,Matthew,Dyer,GEO0383,Mid-Market,2025-09-24T07:00:43,2026-01-28T08:24:57,0
C003449,reginacarlson@example.net,Gloria,Cohen,GEO0479,Consumer,2026-01-28T23:15:46,2026-02-27T18:56:55,0
C003450,karenoliver@example.com,Jacob,Salinas,GEO0264,Consumer,2025-08-31T14:06:40,2025-11-23T22:25:59,0
C003451,rodriguezjohn@example.com,Barbara,Hill,GEO0635,Consumer,2024-08-13T16:43:31,2026-02-17T16:43:22,0
C003452,richardlopez@example.com,Lisa,Hernandez,GEO0694,Mid-Market,2024-05-29T11:46:41,2025-12-24T19:32:25,0
C003453,ypittman@example.org,Linda,Cooper,GEO0107,Consumer,2025-10-29T17:49:49,2025-12-01T07:36:29,0
C003454,millstyler@example.net,James,Espinoza,GEO0675,Consumer,2025-12-14T01:45:58,2026-02-24T00:41:00,0
C003455,michael51@example.com,Crystal,Reynolds,GEO0747,SMB,2024-08-30T18:18:39,2025-06-30T08:20:29,0
C003456,yatesmadison@example.net,Christopher,Hall,GEO0174,Mid-Market,2025-10-19T08:55:51,2026-01-06T08:07:54,0
C003457,millerelizabeth@example.com,Maurice,Howard,GEO0340,SMB,2024-02-14T12:37:57,2024-08-06T23:27:08,0
C003458,haleyhale@example.com,Derek,Lopez,GEO0055,SMB,2025-10-17T09:41:14,2026-01-01T14:53:22,0
C003459,perryjames@example.com,John,Davis,GEO0186,Mid-Market,2024-04-21T12:01:59,2025-01-11T07:21:37,0
C003460,meghancontreras@example.com,Nicholas,Henderson,GEO0289,Consumer,2025-06-11T19:33:21,2025-07-08T14:51:38,0
C003461,kathleenscott@example.org,Glenn,Coleman,GEO0642,SMB,2025-08-09T11:32:54,2025-10-28T14:32:48,0
C003462,alicia87@example.com,Ernest,Lawrence,GEO0138,SMB,2025-11-19T10:26:42,2026-03-01T17:04:24,0
C003463,colemanjim@example.net,Marisa,Allen,GEO0044,SMB,2025-06-22T06:19:43,2025-07-01T15:53:44,0
C003464,sandraharper@example.org,Ryan,Snyder,GEO0487,SMB,2024-02-28T20:42:06,2026-01-31T14:29:24,0
C003465,collinsantonio@example.com,Jennifer,Underwood,GEO0539,Mid-Market,2025-12-03T06:20:42,2025-12-06T20:40:00,0
C003466,samanthamartinez@example.net,Jane,Barnes,GEO0520,Mid-Market,2025-06-04T06:24:37,2025-08-23T04:12:12,0
C003467,ericagarcia@example.org,Stephanie,Lewis,GEO0184,Mid-Market,2025-12-29T10:18:00,2026-01-13T06:26:37,0
C003468,mariaschmidt@example.net,Alyssa,Johnson,GEO0001,SMB,2025-09-10T04:35:21,2025-09-21T23:11:14,0
C003469,melissa14@example.net,Edwin,Thomas,GEO0697,Consumer,2026-02-22T21:51:25,2026-02-27T06:10:29,0
C003470,richarddiaz@example.net,Duane,Thompson,GEO0179,Mid-Market,2024-11-17T21:45:21,2026-01-05T03:18:39,0
C003471,danielscott@example.com,Michael,Watson,GEO0255,SMB,2024-06-08T19:44:03,2024-12-17T04:08:15,0
C003472,mowens@example.net,Caleb,Higgins,GEO0595,SMB,2025-05-08T02:18:27,2025-10-23T01:37:15,0
C003473,brittany44@example.org,Paula,Boyd,GEO0667,SMB,2024-12-31T11:22:44,2025-08-19T01:58:09,0
C003474,deborahwright@example.net,Nathan,Herman,GEO0168,SMB,2024-02-11T03:30:16,2024-04-26T06:26:19,0
C003475,tannergina@example.org,Elizabeth,Richards,GEO0601,Mid-Market,2025-01-04T08:51:30,2026-02-17T12:07:49,0
C003476,pwilson@example.org,Malik,Russell,GEO0424,Mid-Market,2024-04-20T18:15:59,2026-02-27T19:05:40,0
C003477,frysharon@example.net,David,Berger,GEO0382,Mid-Market,2025-05-04T23:48:50,2025-05-11T13:20:01,0
C003478,lisa73@example.org,William,Wilkinson,GEO0611,SMB,2026-01-22T03:57:09,2026-02-01T04:58:34,0
C003479,ginamiller@example.org,Jessica,Burns,GEO0195,Mid-Market,2024-08-30T22:40:01,2025-09-07T12:18:18,0
C003480,ericwheeler@example.org,Randy,Yoder,GEO0207,Mid-Market,2025-07-24T11:15:42,2025-07-25T08:23:23,0
C003481,scott76@example.com,Daniel,Johnson,GEO0172,Mid-Market,2024-12-14T10:03:08,2025-07-10T06:45:21,0
C003482,annettefleming@example.com,Aaron,Schneider,GEO0035,SMB,2024-01-07T15:31:49,2025-07-11T19:51:43,0
C003483,melissa91@example.com,Michelle,Brown,GEO0273,Consumer,2024-08-09T20:08:31,2025-10-02T06:36:46,0
C003484,louis02@example.org,David,Lucas,GEO0140,SMB,2024-03-04T21:52:26,2024-04-09T00:33:11,0
C003485,annpeters@example.org,Paige,Garner,GEO0718,Consumer,2026-01-29T12:36:24,2026-02-07T13:56:59,0
C003486,dana02@example.net,Leslie,Ross,GEO0491,Consumer,2024-01-18T21:11:09,2024-03-21T18:28:23,0
C003487,pwilliams@example.org,Joseph,Jacobs,GEO0085,Mid-Market,2024-12-11T00:25:06,2025-08-02T19:02:27,0
C003488,joshuacohen@example.com,Erin,Evans,GEO0151,Consumer,2025-04-18T23:04:21,2025-06-12T05:02:03,0
C003489,herrerajennifer@example.org,Kristina,Weaver,GEO0345,Consumer,2025-08-21T08:19:39,2025-08-29T14:27:38,0
C003490,williamspamela@example.net,Elizabeth,Griffin,GEO0320,Consumer,2024-06-16T12:11:46,2024-08-30T17:41:12,0
C003491,williamskaren@example.org,John,Campbell,GEO0002,Mid-Market,2024-08-31T07:37:47,2024-11-13T23:38:10,0
C003492,garcialance@example.org,Aaron,Young,GEO0697,Mid-Market,2025-01-21T19:09:07,2025-01-22T10:14:01,0
C003493,michaelyoung@example.org,Kelli,Singh,GEO0040,Consumer,2024-03-28T05:58:26,2024-05-10T01:57:35,0
C003494,keithemily@example.net,David,Chan,GEO0497,Mid-Market,2024-05-28T07:41:29,2025-08-26T23:17:11,0
C003495,awalker@example.org,Amanda,Rhodes,GEO0500,SMB,2024-02-25T09:39:35,2025-01-21T15:47:34,0
C003496,wongjacqueline@example.org,Joanna,Burke,GEO0508,Consumer,2025-03-31T17:59:09,2025-05-01T12:12:09,0
C003497,lcurry@example.net,Kevin,Tucker,GEO0204,Mid-Market,2025-12-10T16:53:44,2025-12-13T02:10:26,1
C003498,clopez@example.org,Michael,Miller,GEO0398,Mid-Market,2025-08-13T01:57:18,2025-10-18T13:45:26,0
C003499,deleontammy@example.org,Stephen,Hamilton,GEO0549,Mid-Market,2025-05-30T10:08:47,2025-10-15T15:26:00,0
C003500,ann08@example.net,Malik,White,GEO0627,SMB,2025-08-04T22:52:01,2026-01-16T13:56:53,0
C003501,xsmith@example.org,Kathy,Khan,GEO0264,SMB,2024-09-28T04:44:40,2025-06-18T10:11:23,0
C003502,deanlauren@example.com,Michael,Donovan,GEO0616,SMB,2024-08-10T17:29:44,2025-04-23T15:31:35,0
C003503,jjacobs@example.net,Randall,Morgan,GEO0678,SMB,2025-07-03T00:28:00,2026-01-26T22:44:38,0
C003504,greeneshawn@example.com,Christian,Gonzales,GEO0614,SMB,2025-03-02T15:29:29,2025-03-29T13:05:09,0
C003505,wattsemma@example.net,Robert,Thomas,GEO0236,Mid-Market,2025-09-21T16:38:29,2025-10-30T17:19:09,0
C003506,wallen@example.com,Daniel,Harmon,GEO0142,Consumer,2025-06-18T19:08:32,2025-09-01T12:43:46,0
C003507,cmclean@example.net,Jeffery,Johnson,GEO0531,Mid-Market,2025-12-25T12:16:07,2026-02-19T00:00:21,0
C003508,troy71@example.org,Amy,Christian,GEO0356,Consumer,2025-05-19T20:33:27,2025-06-05T10:24:46,0
C003509,cburgess@example.org,Jessica,Robinson,GEO0229,Mid-Market,2025-02-11T16:00:50,2025-05-25T02:44:53,0
C003510,elizabeth14@example.com,Kristin,Blackwell,GEO0282,SMB,2025-10-18T12:19:30,2026-01-20T20:04:09,0
C003511,troyharris@example.org,Aaron,Bean,GEO0507,Mid-Market,2025-08-19T06:57:07,2025-10-02T08:08:35,0
C003512,jonesstephen@example.org,Gabrielle,Thompson,GEO0732,Consumer,2025-01-04T11:43:43,2025-05-22T02:53:25,0
C003513,brookskenneth@example.org,Daniel,Sanders,GEO0468,Consumer,2024-01-19T18:38:05,2025-10-11T17:43:16,0
C003514,aclark@example.com,Timothy,Skinner,GEO0096,Mid-Market,2024-01-21T14:00:59,2026-01-09T03:30:00,0
C003515,iedwards@example.net,Paul,Dixon,GEO0694,Mid-Market,2025-06-10T21:25:31,2025-08-01T11:10:02,0
C003516,nmcintosh@example.com,Andrea,Chan,GEO0267,Mid-Market,2025-04-23T03:46:03,2025-12-20T09:03:18,0
C003517,aaronramirez@example.org,Tom,Morrison,GEO0744,SMB,2024-08-18T17:37:23,2025-11-14T19:24:28,0
C003518,richardperez@example.org,Kathy,Ray,GEO0084,Mid-Market,2024-06-04T09:26:05,2024-07-28T10:04:05,0
C003519,juliethomas@example.net,Vanessa,Wheeler,GEO0001,Consumer,2025-08-07T01:43:30,2025-08-20T03:31:35,0
C003520,timothybrown@example.com,Carmen,Ramirez,GEO0414,Consumer,2025-01-05T23:11:00,2025-07-14T01:09:22,0
C003521,velezbrendan@example.net,Sharon,Thomas,GEO0592,Mid-Market,2024-10-22T15:10:43,2025-11-16T20:14:45,0
C003522,millershannon@example.org,William,Campbell,GEO0476,Consumer,2025-09-24T01:05:00,2025-11-07T19:57:56,0
C003523,stoneandrew@example.net,Danny,Horton,GEO0042,Mid-Market,2025-01-08T19:30:17,2025-12-05T14:43:44,0
C003524,epearson@example.com,Erica,Fox,GEO0714,SMB,2025-11-10T20:14:55,2026-01-25T13:20:38,0
C003525,marissa74@example.net,Christina,Weber,GEO0410,SMB,2026-02-05T23:19:16,2026-03-01T05:22:09,0
C003526,stewartsarah@example.org,Daniel,Martinez,GEO0757,Mid-Market,2025-11-10T21:39:48,2026-02-12T08:42:41,0
C003527,amy65@example.com,Michael,Rojas,GEO0740,SMB,2024-02-27T02:25:18,2024-06-21T11:49:46,0
C003528,cooleypatricia@example.org,Ryan,Vasquez,GEO0172,SMB,2025-03-27T01:50:50,2025-09-30T02:57:57,0
C003529,richard31@example.com,James,Davis,GEO0070,SMB,2024-09-01T19:49:14,2025-11-29T13:50:48,0
C003530,xzavala@example.com,Shane,Thompson,GEO0004,Mid-Market,2026-01-29T21:38:28,2026-02-22T17:07:47,0
C003531,mgarcia@example.com,Chelsea,Robinson,GEO0062,Consumer,2025-01-20T16:20:21,2025-10-01T02:51:50,0
C003532,davismary@example.org,Alicia,Norris,GEO0481,Mid-Market,2024-11-04T21:02:51,2025-05-08T16:19:39,0
C003533,myerstiffany@example.org,Heidi,Wilson,GEO0530,Mid-Market,2025-02-04T16:05:17,2025-06-23T18:39:02,0
C003534,dawnsmith@example.org,Ronald,Snyder,GEO0105,Consumer,2024-02-29T10:32:25,2024-08-22T09:47:02,0
C003535,lauradominguez@example.org,Paul,Lang,GEO0615,SMB,2024-12-30T08:16:21,2025-01-12T18:39:36,0
C003536,robertmartinez@example.org,Chase,Austin,GEO0568,Consumer,2025-03-23T05:16:23,2025-07-25T10:09:28,0
C003537,joseph00@example.com,Hannah,Davenport,GEO0271,Consumer,2025-08-28T03:57:07,2025-09-20T22:03:58,0
C003538,thomasmartin@example.com,Kara,Watson,GEO0399,SMB,2025-06-14T22:55:04,2025-10-20T13:43:27,0
C003539,wesley56@example.org,Erin,Stark,GEO0103,Mid-Market,2025-06-07T17:42:46,2025-11-18T19:14:52,0
C003540,hernandezmelissa@example.net,Jeffery,Chen,GEO0582,Consumer,2024-03-19T11:52:36,2025-05-14T03:32:42,0
C003541,reneewaters@example.com,Daniel,Stokes,GEO0645,Mid-Market,2024-02-23T14:46:44,2024-09-13T20:17:44,0
C003542,bassjackie@example.org,Marcus,Gilmore,GEO0411,Consumer,2025-06-28T01:56:09,2025-08-04T21:54:26,0
C003543,sotomegan@example.com,Marilyn,Dillon,GEO0253,SMB,2024-06-07T19:31:42,2024-10-22T00:21:54,0
C003544,rebeccarodriguez@example.net,Victoria,Mann,GEO0521,Mid-Market,2024-10-30T05:52:36,2025-07-21T15:58:50,0
C003545,hshepherd@example.net,Amber,Hall,GEO0121,Mid-Market,2024-04-14T19:09:04,2025-01-27T15:43:16,0
C003546,michael13@example.net,Kendra,King,GEO0233,Mid-Market,2026-01-16T08:28:19,2026-02-09T00:18:11,0
C003547,cliffordprice@example.org,Carrie,Smith,GEO0089,SMB,2024-09-10T03:30:46,2025-05-26T21:30:50,0
C003548,hharper@example.net,Jillian,Rowe,GEO0105,Consumer,2024-07-03T08:27:05,2025-10-15T05:31:21,0
C003549,curtisroy@example.net,Kevin,Macias,GEO0255,SMB,2024-02-18T11:51:09,2025-11-15T05:27:28,0
C003550,rtaylor@example.net,Antonio,Galloway,GEO0095,Mid-Market,2025-03-14T16:33:41,2026-01-24T14:37:34,0
C003551,jacquelinemurray@example.net,Kimberly,Lopez,GEO0178,SMB,2025-04-17T10:18:17,2025-10-02T16:16:56,0
C003552,barneswilliam@example.org,Natalie,Lewis,GEO0283,SMB,2026-02-15T02:15:17,2026-02-15T03:58:39,0
C003553,blee@example.com,Anthony,Schwartz,GEO0729,Mid-Market,2024-05-19T18:44:13,2025-07-18T00:44:21,0
C003554,mendozajeremy@example.com,Theresa,Mccarthy,GEO0306,SMB,2025-09-08T05:44:29,2025-12-02T21:04:44,0
C003555,kevinsantos@example.net,George,Rosales,GEO0342,SMB,2024-08-01T12:57:15,2026-01-11T19:01:07,0
C003556,clifford98@example.net,Jerome,Pacheco,GEO0367,Mid-Market,2024-10-12T09:50:18,2025-06-14T19:15:27,0
C003557,pnunez@example.org,Jessica,Hamilton,GEO0667,SMB,2025-11-16T13:07:58,2025-11-24T11:26:35,0
C003558,rachel18@example.org,Deborah,Collins,GEO0792,Consumer,2025-02-15T22:08:44,2025-06-17T01:51:29,0
C003559,gary84@example.org,Elizabeth,Barnett,GEO0450,SMB,2025-11-04T10:39:16,2026-01-09T00:55:20,0
C003560,heathersanchez@example.com,Adrian,Burke,GEO0021,Consumer,2024-08-25T12:02:08,2025-01-05T14:40:59,0
C003561,sjenkins@example.org,David,Fitzgerald,GEO0640,Consumer,2024-09-04T01:13:53,2025-11-28T21:11:51,0
C003562,vsandoval@example.com,Veronica,Smith,GEO0246,Mid-Market,2025-10-28T15:04:34,2025-12-19T20:41:10,0
C003563,dakota75@example.org,Christine,Harvey,GEO0603,SMB,2024-11-01T11:26:12,2026-01-16T02:51:51,0
C003564,merritttaylor@example.com,Larry,Fields,GEO0718,Mid-Market,2024-05-13T02:13:34,2024-05-27T15:34:54,0
C003565,mary19@example.org,William,Summers,GEO0125,SMB,2025-07-24T17:48:51,2025-08-05T12:26:04,0
C003566,qdalton@example.org,Anthony,Gonzalez,GEO0547,SMB,2025-12-14T11:39:55,2026-02-17T10:32:25,0
C003567,rflores@example.org,Kara,Wheeler,GEO0345,SMB,2024-08-25T13:20:45,2025-06-24T02:33:59,0
C003568,austinfrye@example.org,Timothy,Dawson,GEO0566,Mid-Market,2024-06-18T17:43:33,2024-12-15T10:08:04,0
C003569,baguilar@example.net,Glen,Jackson,GEO0619,Mid-Market,2024-06-24T16:45:34,2025-07-19T13:37:02,0
C003570,jesus86@example.org,Ashley,Davis,GEO0739,Mid-Market,2024-11-19T08:24:37,2025-11-19T19:33:48,0
C003571,weberamber@example.org,Chelsea,Smith,GEO0613,Mid-Market,2024-06-28T16:56:10,2025-12-25T09:28:56,0
C003572,kristatorres@example.com,Desiree,Trevino,GEO0770,Consumer,2024-12-02T01:15:05,2025-11-09T07:53:43,0
C003573,aaron62@example.net,Julie,Nelson,GEO0177,Mid-Market,2025-09-23T17:55:57,2026-01-18T02:50:46,0
C003574,jamesevans@example.net,Amber,Hall,GEO0423,Consumer,2024-06-20T23:10:58,2024-07-07T06:55:27,0
C003575,jonathankennedy@example.org,Sheila,Rojas,GEO0001,Mid-Market,2025-01-25T13:18:08,2025-09-08T23:30:34,0
C003576,ngraham@example.com,Jessica,Romero,GEO0214,SMB,2024-05-19T17:44:42,2025-04-30T05:30:09,0
C003577,lisa24@example.org,Jessica,Thompson,GEO0281,Mid-Market,2025-04-18T12:01:46,2025-08-20T04:00:32,0
C003578,angelacooper@example.com,Joseph,Morgan,GEO0142,SMB,2025-05-09T17:14:53,2025-09-23T14:05:47,0
C003579,lanemichael@example.net,Cynthia,Boyle,GEO0246,Consumer,2025-02-20T21:34:14,2025-06-13T08:40:40,0
C003580,chelsea70@example.org,Ashley,Roman,GEO0606,Mid-Market,2026-02-11T22:23:30,2026-02-18T10:57:27,0
C003581,ncampbell@example.com,Carolyn,Franco,GEO0093,Mid-Market,2024-07-16T04:54:51,2025-10-22T15:41:45,0
C003582,csullivan@example.com,Stephen,Lang,GEO0237,Consumer,2024-02-07T08:21:13,2025-01-19T16:22:45,0
C003583,adamgill@example.net,Matthew,Taylor,GEO0740,Consumer,2025-04-26T01:08:49,2025-12-18T07:47:40,0
C003584,rlewis@example.com,Jodi,Bishop,GEO0129,Consumer,2024-05-09T17:22:52,2025-08-10T00:19:45,0
C003585,hestrada@example.com,Russell,Chapman,GEO0438,Consumer,2024-09-17T23:09:21,2025-09-02T10:18:58,0
C003586,stephen61@example.com,Isabella,Wyatt,GEO0305,Mid-Market,2025-06-17T23:50:44,2025-10-09T18:50:28,0
C003587,brennanmichelle@example.com,Breanna,Miller,GEO0718,Mid-Market,2025-04-14T01:18:06,2025-06-06T13:30:35,0
C003588,christine11@example.org,Tabitha,Lewis,GEO0378,SMB,2024-03-11T18:26:40,2024-12-28T12:55:41,0
C003589,laura71@example.com,Philip,Calderon,GEO0746,Mid-Market,2024-08-26T12:53:50,2025-08-12T12:38:00,0
C003590,ureynolds@example.org,Denise,Jones,GEO0211,Mid-Market,2024-10-12T21:59:57,2025-02-24T23:42:27,0
C003591,racevedo@example.org,Patrick,Bates,GEO0291,Consumer,2026-02-03T06:11:45,2026-02-08T19:54:04,0
C003592,anna23@example.com,Heather,Booker,GEO0407,Consumer,2025-12-07T09:34:38,2026-01-18T11:34:29,0
C003593,cheryl69@example.net,Mark,Andrade,GEO0680,SMB,2025-12-07T00:00:42,2026-01-30T05:15:43,0
C003594,mario05@example.com,Ricky,Zimmerman,GEO0626,SMB,2024-09-25T18:53:37,2025-07-07T05:26:17,0
C003595,toddcollins@example.org,Mallory,Curry,GEO0597,SMB,2025-05-14T00:40:35,2025-10-26T06:03:05,0
C003596,rachel86@example.org,Thomas,Warner,GEO0578,Consumer,2026-01-05T07:55:15,2026-02-10T16:01:44,0
C003597,rachelsolis@example.org,Kevin,Johnson,GEO0068,Mid-Market,2024-09-04T16:31:05,2025-09-23T04:34:14,0
C003598,markbaird@example.net,Michele,Ryan,GEO0466,SMB,2024-12-30T17:39:03,2025-06-12T17:49:04,0
C003599,lpatterson@example.com,Nancy,Turner,GEO0507,Mid-Market,2025-07-07T00:07:23,2026-02-01T06:13:29,0
C003600,sotokathleen@example.org,Zachary,Roberts,GEO0516,SMB,2024-07-21T12:29:01,2024-11-30T20:41:28,0
C003601,katherinerussell@example.net,Miranda,Lambert,GEO0658,Mid-Market,2024-06-18T14:04:20,2025-07-13T11:38:27,0
C003602,marcusbell@example.org,Jennifer,Miller,GEO0103,SMB,2025-09-27T14:44:58,2026-02-22T21:57:18,0
C003603,horndonald@example.net,Belinda,Burke,GEO0076,SMB,2025-05-21T18:21:39,2025-11-26T11:01:57,0
C003604,rasmussencheryl@example.org,Aaron,Carter,GEO0197,Mid-Market,2024-11-27T07:44:40,2025-06-13T04:36:45,0
C003605,dylan77@example.com,Alexandria,Blake,GEO0020,SMB,2024-03-25T03:19:32,2025-04-02T09:57:04,0
C003606,snowpaul@example.com,Dwayne,Dougherty,GEO0397,Mid-Market,2024-08-17T11:10:44,2025-07-03T04:47:54,0
C003607,tlewis@example.net,Juan,Fuller,GEO0324,Consumer,2025-01-10T01:29:57,2025-12-18T16:41:32,0
C003608,richard96@example.net,Joanne,Sanchez,GEO0579,Consumer,2026-02-16T12:41:20,2026-02-17T02:39:40,0
C003609,medinaemily@example.org,James,Wood,GEO0275,Consumer,2024-07-08T09:53:58,2025-07-26T15:18:45,0
C003610,tdavis@example.net,Rachel,West,GEO0468,Consumer,2024-11-23T01:51:13,2024-12-13T21:08:30,0
C003611,maryblackwell@example.com,Joshua,Howard,GEO0422,Mid-Market,2025-01-29T08:29:12,2025-02-11T16:46:49,0
C003612,lmercado@example.net,Robert,Taylor,GEO0545,SMB,2024-05-24T01:12:52,2025-05-30T21:54:15,0
C003613,sherrywallace@example.com,Heather,Hicks,GEO0112,Consumer,2026-01-10T05:47:18,2026-01-28T00:47:44,0
C003614,qcervantes@example.com,Tammy,Trevino,GEO0628,Consumer,2025-08-19T13:14:18,2026-01-30T00:36:16,0
C003615,gabrielle34@example.net,Jennifer,Taylor,GEO0215,Mid-Market,2024-06-29T02:52:35,2024-08-07T11:45:53,0
C003616,melinda77@example.com,Natalie,Booth,GEO0098,SMB,2024-06-17T15:36:20,2026-02-03T18:03:45,0
C003617,thomasowens@example.net,Thomas,Johnson,GEO0306,SMB,2024-10-16T19:58:16,2024-11-30T04:51:58,0
C003618,andrewdelacruz@example.com,Tanner,Miller,GEO0593,Consumer,2024-08-30T10:19:26,2024-09-07T02:35:57,0
C003619,tbell@example.org,Charles,Webster,GEO0379,Consumer,2024-03-30T06:51:19,2024-11-23T08:51:32,0
C003620,deniseclark@example.net,Brianna,Mccormick,GEO0737,SMB,2025-01-10T02:12:13,2025-11-13T21:39:27,0
C003621,duncanjoshua@example.org,Laura,Watson,GEO0028,SMB,2024-06-29T13:34:26,2024-09-26T05:31:15,0
C003622,jessica23@example.net,Kelly,Baker,GEO0495,Consumer,2024-05-11T03:09:01,2024-10-27T19:05:56,0
C003623,aliciabenjamin@example.com,Diana,Henderson,GEO0350,Consumer,2025-12-25T16:05:14,2025-12-30T02:18:37,0
C003624,matthewwhite@example.org,Michelle,Anderson,GEO0601,Mid-Market,2024-11-08T01:10:39,2025-08-04T19:03:35,0
C003625,cjordan@example.net,Frances,Sexton,GEO0729,Mid-Market,2025-10-22T22:04:37,2026-01-27T21:26:19,0
C003626,hensleybenjamin@example.com,Anthony,Key,GEO0054,Consumer,2025-01-04T06:07:52,2025-10-24T03:43:36,0
C003627,jonesjill@example.com,Brenda,Molina,GEO0207,Consumer,2025-08-27T16:09:04,2026-02-14T06:12:20,0
C003628,madison11@example.net,Hannah,Harper,GEO0784,Mid-Market,2025-07-29T22:13:06,2025-11-19T04:14:48,0
C003629,fbass@example.org,Amy,Vega,GEO0232,SMB,2025-10-03T15:03:19,2025-10-20T15:05:00,0
C003630,wayne74@example.com,Ronald,Collins,GEO0728,Consumer,2025-11-01T22:35:57,2026-01-12T02:39:07,0
C003631,thomas61@example.net,Dawn,Wong,GEO0144,SMB,2025-06-02T09:02:20,2025-06-17T03:15:46,0
C003632,rcaldwell@example.net,Steven,Silva,GEO0181,Consumer,2024-06-11T07:17:51,2025-03-07T18:23:27,0
C003633,ylambert@example.com,Amy,Thomas,GEO0699,Consumer,2025-05-19T08:57:33,2026-01-17T12:22:03,0
C003634,yangjennifer@example.com,Richard,Spence,GEO0790,SMB,2026-01-02T14:22:48,2026-02-16T04:22:45,0
C003635,alvin91@example.com,Jennifer,Miles,GEO0474,SMB,2025-10-30T04:14:04,2026-02-12T12:48:47,0
C003636,adamwhite@example.net,Jacob,Henderson,GEO0006,SMB,2024-04-30T00:53:12,2025-09-21T20:32:46,0
C003637,melissa54@example.com,Erin,Hanson,GEO0444,Mid-Market,2024-04-05T21:47:49,2024-05-31T10:49:56,0
C003638,jthompson@example.org,Jon,Gomez,GEO0218,SMB,2026-02-12T00:12:48,2026-02-24T06:03:27,0
C003639,nancypatel@example.com,Antonio,Washington,GEO0181,Consumer,2025-04-17T00:22:38,2026-02-22T08:25:58,0
C003640,ndillon@example.net,Brittany,Davis,GEO0467,SMB,2025-02-10T21:38:15,2026-02-11T04:49:15,0
C003641,gquinn@example.com,Gary,Gibson,GEO0458,SMB,2025-12-07T01:01:31,2025-12-20T23:43:20,0
C003642,maria03@example.com,Catherine,Campbell,GEO0305,Consumer,2024-01-10T18:31:55,2024-03-17T08:41:03,0
C003643,conradjulie@example.net,Garrett,Bowen,GEO0346,Consumer,2025-03-06T07:11:13,2025-08-05T06:54:01,0
C003644,wbrewer@example.org,Amanda,Adkins,GEO0087,SMB,2026-02-09T10:56:34,2026-02-24T09:18:56,0
C003645,fgutierrez@example.com,Kevin,Harris,GEO0749,Mid-Market,2025-07-08T16:35:12,2025-12-14T20:10:15,0
C003646,samanthajones@example.net,Jacob,Thomas,GEO0248,Mid-Market,2024-12-09T23:00:53,2025-09-30T15:11:09,0
C003647,james65@example.net,Lisa,Bailey,GEO0224,Mid-Market,2024-11-28T22:09:43,2025-06-07T17:21:47,0
C003648,dana17@example.net,Carrie,Cooper,GEO0168,SMB,2024-12-30T03:13:39,2026-01-27T03:57:36,0
C003649,lambalexandra@example.net,Olivia,Leon,GEO0047,Consumer,2025-03-06T06:58:19,2025-11-26T05:49:48,0
C003650,rangelteresa@example.net,Tiffany,Rivera,GEO0003,SMB,2025-03-14T17:35:58,2025-06-27T17:45:31,0
C003651,bennettmichael@example.net,Gregory,Medina,GEO0028,Mid-Market,2025-02-09T20:12:09,2025-06-12T17:01:02,0
C003652,matthewslarry@example.net,Christopher,Snow,GEO0621,Consumer,2025-12-12T13:16:28,2026-01-27T16:19:26,0
C003653,oconnorvictoria@example.net,Calvin,Scott,GEO0700,Mid-Market,2024-10-07T13:47:30,2026-02-02T22:17:06,0
C003654,ilopez@example.net,Catherine,Velasquez,GEO0192,SMB,2024-08-24T02:08:02,2025-10-07T07:06:29,0
C003655,robin19@example.com,Audrey,Garner,GEO0219,Consumer,2024-12-19T18:28:30,2025-07-11T01:07:16,0
C003656,tiffanyboone@example.net,Jill,Garcia,GEO0074,SMB,2025-06-09T00:32:06,2025-08-04T23:49:17,0
C003657,robertsoneric@example.org,Kenneth,Branch,GEO0335,SMB,2024-03-22T14:11:34,2024-07-15T22:19:45,0
C003658,jennifer13@example.org,Christopher,Andrade,GEO0036,SMB,2025-12-20T02:04:26,2026-02-26T12:07:06,0
C003659,michael01@example.com,Jeffrey,Lopez,GEO0074,Consumer,2025-01-30T06:56:24,2025-03-09T02:33:38,0
C003660,kenneth77@example.net,Christopher,Joseph,GEO0229,Mid-Market,2025-02-13T23:01:50,2025-08-02T10:21:45,0
C003661,jensenpamela@example.com,Michael,Dunn,GEO0282,SMB,2024-10-03T11:58:16,2025-03-31T23:25:32,0
C003662,luis66@example.org,Kara,Torres,GEO0120,SMB,2024-09-09T16:48:16,2025-05-04T15:28:05,0
C003663,david82@example.net,Brittany,Thomas,GEO0407,Consumer,2024-01-28T09:56:51,2025-12-20T08:40:43,0
C003664,matthew06@example.com,Gabrielle,Donovan,GEO0758,SMB,2024-10-14T18:22:43,2025-05-12T13:01:00,0
C003665,johnsonteresa@example.net,Kaitlin,Hendrix,GEO0108,Consumer,2024-01-08T02:38:26,2025-10-27T04:09:31,0
C003666,fvaughn@example.org,Brian,Molina,GEO0341,Consumer,2024-06-02T16:24:51,2026-01-24T15:58:17,0
C003667,ernestwright@example.net,David,Nichols,GEO0774,Mid-Market,2024-05-08T03:41:54,2025-08-06T23:55:51,0
C003668,iholloway@example.org,Gloria,Chen,GEO0793,Mid-Market,2025-02-03T07:34:23,2026-01-05T01:37:20,0
C003669,okelly@example.com,George,Casey,GEO0577,Mid-Market,2025-11-26T14:01:50,2026-02-08T06:16:01,0
C003670,bblevins@example.net,James,Nelson,GEO0463,Mid-Market,2026-01-03T18:05:26,2026-02-15T11:02:34,0
C003671,reesealex@example.net,Jerry,Bates,GEO0432,Consumer,2024-03-12T13:51:44,2024-12-02T00:15:17,0
C003672,travis28@example.net,Stephen,Warner,GEO0420,Mid-Market,2025-06-24T08:35:17,2025-08-11T23:30:52,0
C003673,dustinwilliams@example.net,Donna,Durham,GEO0325,Consumer,2024-02-04T22:26:11,2025-06-16T18:21:45,0
C003674,angelica97@example.net,David,Trujillo,GEO0125,SMB,2025-08-13T22:07:19,2025-09-28T19:22:16,0
C003675,jcrosby@example.net,Michael,Phillips,GEO0116,Mid-Market,2025-09-19T12:27:36,2025-12-12T09:08:53,0
C003676,rachelshepherd@example.com,Erica,Hunt,GEO0523,Mid-Market,2026-01-29T15:53:44,2026-02-20T13:08:30,0
C003677,mccarthydylan@example.net,Stacie,Ross,GEO0224,Mid-Market,2024-06-21T00:00:07,2025-08-19T23:56:56,0
C003678,jwilliams@example.org,Glenn,Mcconnell,GEO0020,Consumer,2026-01-05T20:28:13,2026-01-22T09:29:37,0
C003679,josebarnes@example.com,Melanie,Tanner,GEO0363,Mid-Market,2024-10-18T10:37:11,2025-02-14T10:43:07,0
C003680,shannon69@example.com,Bobby,Riley,GEO0786,Mid-Market,2025-02-23T06:35:14,2025-05-17T13:17:58,0
C003681,monica89@example.net,Mark,Myers,GEO0218,Mid-Market,2025-06-10T15:45:05,2025-07-03T01:05:28,0
C003682,james16@example.com,Courtney,Gomez,GEO0636,Mid-Market,2025-04-21T03:08:43,2025-09-13T20:41:21,0
C003683,jeffreyhansen@example.net,William,Dixon,GEO0124,Consumer,2025-02-18T23:47:15,2025-03-10T08:55:49,0
C003684,sbailey@example.net,Cindy,Young,GEO0286,SMB,2025-08-02T17:18:05,2026-01-27T09:11:40,0
C003685,pedrohaley@example.com,Deborah,Dyer,GEO0286,Consumer,2025-10-14T10:45:22,2025-11-21T17:12:40,0
C003686,meganjohnson@example.org,Victoria,Lloyd,GEO0276,Consumer,2025-05-09T21:34:51,2026-01-05T22:22:55,0
C003687,angelasmith@example.com,Timothy,Lawrence,GEO0650,SMB,2025-11-05T18:35:07,2026-01-28T06:03:58,0
C003688,forr@example.net,Christina,Lewis,GEO0266,SMB,2025-02-28T12:17:40,2025-10-19T22:30:06,0
C003689,clarkdavid@example.net,Jessica,Vincent,GEO0559,SMB,2024-03-25T16:35:08,2024-05-30T16:55:29,0
C003690,jessica82@example.net,Ashley,Parker,GEO0534,Mid-Market,2024-02-08T16:50:38,2024-11-18T02:59:46,0
C003691,greenlisa@example.net,Brandon,Ward,GEO0396,SMB,2024-01-03T23:36:07,2024-04-30T13:07:04,0
C003692,scott83@example.net,Michael,Davis,GEO0150,SMB,2025-02-14T08:24:45,2026-01-12T02:06:37,0
C003693,owells@example.org,Lori,Rivera,GEO0772,Consumer,2025-05-31T01:48:36,2026-01-20T11:51:19,0
C003694,davidcross@example.com,Alan,Hawkins,GEO0545,SMB,2026-01-19T15:13:46,2026-02-21T17:54:41,0
C003695,hbriggs@example.net,Kayla,Davenport,GEO0545,Mid-Market,2024-12-10T05:15:31,2025-12-14T21:30:18,0
C003696,norman29@example.org,Michael,Alvarado,GEO0749,Mid-Market,2025-11-21T15:29:00,2025-11-28T15:35:35,0
C003697,moniquemoore@example.org,Jennifer,Santana,GEO0647,Mid-Market,2024-05-03T04:21:15,2024-10-26T10:59:06,0
C003698,roseeric@example.com,Jason,Kim,GEO0166,Mid-Market,2024-03-29T23:49:35,2024-04-29T17:10:48,0
C003699,ronald46@example.com,Rebecca,Fowler,GEO0063,SMB,2025-02-19T18:37:03,2025-12-30T13:42:25,0
C003700,bishopreginald@example.com,Laurie,Robinson,GEO0295,Consumer,2026-01-15T04:34:27,2026-02-07T23:53:13,0
C003701,jessica95@example.net,Thomas,Thomas,GEO0749,Mid-Market,2024-08-08T20:23:29,2024-10-11T13:19:25,0
C003702,michaelgonzalez@example.com,Marcus,Cooper,GEO0461,Mid-Market,2025-11-15T04:06:49,2026-02-14T00:53:00,0
C003703,carol28@example.net,Cindy,Hill,GEO0038,Mid-Market,2025-11-30T15:00:53,2026-02-13T00:28:02,0
C003704,fsanford@example.net,Caleb,Fields,GEO0771,SMB,2024-09-08T16:49:03,2026-02-14T23:26:58,0
C003705,ksutton@example.com,Scott,Hodges,GEO0525,SMB,2025-12-22T18:14:10,2025-12-26T15:51:53,0
C003706,tylerchristine@example.com,Jonathan,Walker,GEO0218,Mid-Market,2026-02-09T01:36:56,2026-02-25T07:17:32,0
C003707,ukelly@example.org,Katrina,Osborne,GEO0373,Consumer,2025-08-31T21:44:44,2025-12-20T15:46:19,0
C003708,hcollins@example.net,Richard,Moreno,GEO0377,SMB,2025-03-26T21:11:39,2025-10-21T11:03:54,0
C003709,uyoung@example.org,Robin,Williams,GEO0694,Mid-Market,2024-10-20T08:51:21,2025-05-10T10:28:08,0
C003710,michaelgordon@example.org,Bruce,Rodriguez,GEO0716,SMB,2025-04-27T11:43:17,2025-06-11T19:32:10,0
C003711,marymiller@example.net,Mark,Alvarez,GEO0459,SMB,2024-04-15T18:17:31,2025-08-16T18:22:00,0
C003712,geraldcampbell@example.org,Alice,Malone,GEO0672,Consumer,2024-02-11T09:21:48,2024-06-25T04:03:11,0
C003713,kevinbates@example.org,Timothy,Ortiz,GEO0662,SMB,2024-07-02T19:14:03,2025-02-08T04:54:47,0
C003714,bradleyapril@example.com,Ryan,Benson,GEO0200,SMB,2025-11-10T11:10:59,2025-12-27T14:14:15,0
C003715,brockmorgan@example.org,Joshua,Leon,GEO0620,Mid-Market,2025-09-18T01:29:48,2025-11-23T01:46:24,0
C003716,reneespencer@example.org,Mary,Cook,GEO0522,Consumer,2024-12-09T13:32:21,2025-02-22T20:09:17,0
C003717,samuelallen@example.net,Raymond,Hatfield,GEO0623,Mid-Market,2025-02-13T15:23:07,2025-04-18T10:45:35,0
C003718,wgarcia@example.com,Jose,Butler,GEO0404,Mid-Market,2025-05-08T18:37:01,2025-06-08T23:51:22,0
C003719,reedbrenda@example.com,Blake,Zamora,GEO0782,SMB,2024-08-02T23:59:49,2025-09-23T19:59:13,0
C003720,vfoley@example.com,Cynthia,Taylor,GEO0317,SMB,2024-05-19T13:14:13,2025-02-07T04:09:34,0
C003721,brandoncook@example.org,Randall,Horton,GEO0542,Mid-Market,2024-12-29T12:10:49,2026-01-27T16:14:29,0
C003722,claire11@example.net,Hannah,Page,GEO0557,SMB,2024-08-12T21:11:11,2025-07-23T18:13:06,0
C003723,riley28@example.com,Joann,Jackson,GEO0452,Consumer,2024-08-26T22:30:52,2024-10-19T00:34:44,0
C003724,suarezstacy@example.com,Jennifer,Atkinson,GEO0357,Consumer,2024-11-15T20:13:16,2026-02-16T01:13:47,0
C003725,angelavalencia@example.net,Tyler,Peterson,GEO0707,SMB,2024-01-12T06:12:14,2026-03-01T06:43:07,0
C003726,ana12@example.com,Ian,Green,GEO0435,Mid-Market,2025-10-03T16:13:34,2025-12-13T11:25:40,0
C003727,raymond84@example.com,Kaitlyn,Smith,GEO0662,Consumer,2024-03-25T11:41:31,2025-10-06T20:59:00,0
C003728,guerramaria@example.org,Elizabeth,English,GEO0197,Consumer,2025-04-20T14:06:37,2026-01-13T22:41:40,0
C003729,lawsoncalvin@example.com,Nicholas,Jones,GEO0283,Mid-Market,2026-02-09T21:07:30,2026-02-22T18:42:24,0
C003730,kerry49@example.org,Matthew,Chambers,GEO0412,Mid-Market,2024-01-17T20:24:18,2025-01-29T22:22:19,0
C003731,nhardin@example.net,Gregory,Malone,GEO0054,Mid-Market,2026-01-15T04:06:23,2026-02-15T21:44:34,0
C003732,zacharyschneider@example.net,Ashley,Nelson,GEO0659,SMB,2024-08-15T19:42:10,2025-11-03T09:01:20,0
C003733,yhamilton@example.com,Brandi,Johnson,GEO0594,Consumer,2025-12-31T20:52:28,2026-01-12T20:38:27,0
C003734,wardkevin@example.net,Jose,Leon,GEO0283,SMB,2025-06-26T19:13:16,2025-12-28T04:33:35,0
C003735,danielletorres@example.com,Amanda,Sandoval,GEO0337,Mid-Market,2025-10-12T01:14:38,2026-02-05T19:58:38,0
C003736,rogersrobert@example.net,Gregg,Thomas,GEO0359,Mid-Market,2025-11-24T16:55:13,2026-02-18T06:05:44,0
C003737,greerjoseph@example.net,Michele,Brown,GEO0387,Consumer,2024-01-24T05:06:38,2025-06-29T11:48:37,0
C003738,spotts@example.org,Kenneth,Rodriguez,GEO0003,SMB,2025-11-21T11:51:23,2026-02-28T02:43:43,0
C003739,michaelford@example.org,Virginia,Beck,GEO0040,Consumer,2024-01-31T10:00:25,2025-04-21T13:56:58,0
C003740,martinezmason@example.com,Steven,Trevino,GEO0720,Mid-Market,2025-10-26T12:40:42,2026-02-01T01:25:41,0
C003741,christina43@example.net,Charles,Kline,GEO0726,SMB,2024-08-16T15:26:30,2024-11-19T09:53:36,0
C003742,heather72@example.org,Michael,Diaz,GEO0719,Mid-Market,2025-11-25T13:15:09,2026-02-04T18:22:46,0
C003743,richard13@example.com,Joseph,Burch,GEO0214,Mid-Market,2024-04-01T00:14:33,2025-03-09T05:19:09,0
C003744,zparker@example.net,Mark,Wong,GEO0181,SMB,2025-04-25T05:09:06,2025-10-08T11:36:48,0
C003745,qlewis@example.com,Edward,Valencia,GEO0421,Mid-Market,2024-09-04T14:18:13,2025-11-02T07:38:38,0
C003746,tammy58@example.org,Mary,Craig,GEO0691,SMB,2025-09-21T19:18:00,2025-11-11T17:36:22,0
C003747,todd94@example.com,Michael,Mason,GEO0504,SMB,2026-01-31T13:23:27,2026-02-24T21:41:23,0
C003748,jpowell@example.net,Kiara,Baker,GEO0544,SMB,2024-03-17T01:32:31,2024-10-25T01:03:09,0
C003749,frankrobert@example.org,Jason,Fitzgerald,GEO0035,Consumer,2024-04-03T21:09:47,2025-07-25T06:24:42,0
C003750,scott40@example.com,Cristian,Morales,GEO0708,Mid-Market,2024-08-14T23:10:22,2025-09-17T21:50:29,0
C003751,gschultz@example.com,Jessica,Vasquez,GEO0651,Mid-Market,2026-01-07T05:10:46,2026-01-20T09:58:32,0
C003752,zle@example.net,John,Carter,GEO0521,Mid-Market,2024-10-01T06:38:04,2025-12-11T21:25:00,0
C003753,jennifer95@example.org,April,Robinson,GEO0510,Mid-Market,2024-04-08T03:02:38,2024-04-18T09:35:33,0
C003754,nathan60@example.org,Steven,Lee,GEO0776,Mid-Market,2025-02-09T23:01:47,2025-09-23T06:54:47,0
C003755,egarcia@example.com,Michael,Byrd,GEO0196,SMB,2025-02-27T09:59:48,2025-10-14T17:56:36,0
C003756,changsamuel@example.org,Shelby,Stevens,GEO0377,Consumer,2025-12-08T21:30:32,2026-01-22T19:23:40,0
C003757,autumn78@example.com,Jaclyn,Thompson,GEO0622,Consumer,2024-10-13T15:27:50,2024-11-11T19:42:01,0
C003758,lee16@example.net,Eric,Curry,GEO0376,SMB,2024-07-21T03:58:26,2025-05-16T22:42:42,0
C003759,beth38@example.net,Roger,Morales,GEO0070,Mid-Market,2025-10-15T03:00:18,2026-01-12T15:52:15,0
C003760,michaelgonzalez@example.com,Tommy,Allen,GEO0045,SMB,2024-10-05T13:36:53,2025-08-08T08:58:31,0
C003761,jacqueline96@example.org,Tracy,Gibson,GEO0100,Mid-Market,2024-08-06T07:34:28,2026-02-19T01:47:49,0
C003762,amandalewis@example.org,Tammy,Hall,GEO0272,SMB,2025-12-29T04:32:36,2025-12-30T21:21:24,0
C003763,lori39@example.org,Charles,Lopez,GEO0219,Consumer,2024-12-19T17:12:28,2025-09-22T09:47:28,0
C003764,tbartlett@example.org,Travis,Collins,GEO0365,Mid-Market,2024-04-02T16:59:48,2025-10-06T16:15:28,0
C003765,ryanrosales@example.org,Lee,Joseph,GEO0173,SMB,2024-09-08T11:02:38,2025-10-25T16:20:39,0
C003766,ealexander@example.net,Joseph,Richmond,GEO0739,Consumer,2025-05-30T12:10:47,2025-11-11T01:09:15,0
C003767,janedickerson@example.net,Alex,Williams,GEO0329,Mid-Market,2025-06-07T20:37:53,2025-12-23T08:25:51,0
C003768,onunez@example.com,Kim,Kim,GEO0011,Consumer,2025-10-17T08:59:14,2026-01-01T07:22:16,0
C003769,ann26@example.org,William,Mccann,GEO0400,Mid-Market,2025-02-19T10:11:07,2025-05-25T03:43:22,0
C003770,howard63@example.net,Thomas,Garza,GEO0517,Consumer,2024-02-02T16:28:04,2024-02-07T16:34:02,0
C003771,jasmine12@example.net,Michelle,Mills,GEO0714,SMB,2024-12-04T13:39:18,2025-06-17T13:00:57,0
C003772,gcrosby@example.org,Lisa,Chambers,GEO0222,Consumer,2025-08-24T06:30:25,2025-10-29T14:17:29,0
C003773,lauramartin@example.com,Courtney,Jackson,GEO0266,Mid-Market,2026-01-22T03:42:47,2026-01-27T13:05:11,0
C003774,lindamiller@example.org,Brenda,Clarke,GEO0422,SMB,2024-04-28T01:48:15,2025-12-07T21:25:44,0
C003775,meganpatrick@example.com,Phillip,Chang,GEO0171,Mid-Market,2024-12-25T13:45:32,2025-12-24T22:04:40,0
C003776,shannon44@example.com,Robin,Graves,GEO0557,Consumer,2025-10-16T01:50:53,2026-01-01T03:20:33,0
C003777,nicholasfuentes@example.com,Justin,Jones,GEO0220,Consumer,2024-08-14T06:23:08,2026-02-21T13:45:45,0
C003778,salinasgrace@example.net,Melissa,Stein,GEO0016,Consumer,2025-02-14T03:52:14,2025-11-04T10:20:47,0
C003779,christopher67@example.org,William,Smith,GEO0474,Consumer,2026-02-23T05:37:21,2026-03-01T15:12:50,0
C003780,drew38@example.net,Dawn,Garcia,GEO0552,Consumer,2024-01-12T00:04:11,2024-11-08T11:54:29,0
C003781,seanbean@example.com,William,Deleon,GEO0777,Consumer,2025-07-08T11:35:03,2025-10-14T23:58:41,0
C003782,michelle14@example.com,Emily,Martin,GEO0416,Mid-Market,2024-04-02T09:38:36,2025-11-15T03:12:58,0
C003783,greenalexa@example.org,John,Adams,GEO0311,Mid-Market,2025-10-02T11:02:56,2026-01-01T10:07:36,0
C003784,lamdaniel@example.com,Gary,Clark,GEO0690,Mid-Market,2025-11-18T18:14:53,2026-01-30T13:34:28,0
C003785,asmith@example.net,Timothy,Strickland,GEO0324,SMB,2025-05-28T21:31:04,2026-01-30T00:34:00,0
C003786,taylor70@example.net,Ashley,Esparza,GEO0750,Mid-Market,2024-11-14T04:38:54,2025-02-26T22:10:48,0
C003787,igraham@example.org,Kimberly,Bennett,GEO0583,Mid-Market,2025-07-25T11:01:31,2026-01-20T03:38:27,0
C003788,aaron67@example.net,Mary,Fields,GEO0158,Mid-Market,2024-06-06T07:13:52,2024-10-27T02:48:12,0
C003789,susanporter@example.org,Julian,Mills,GEO0281,SMB,2025-08-13T05:08:02,2026-01-04T08:02:42,0
C003790,qhoffman@example.com,Dakota,Price,GEO0426,SMB,2024-08-06T21:04:59,2025-12-01T15:23:33,0
C003791,bradleymercado@example.net,Evan,Kirk,GEO0082,SMB,2024-12-23T04:45:28,2025-05-02T17:00:24,0
C003792,laura49@example.com,Tanner,Rodriguez,GEO0599,Consumer,2024-04-18T22:58:57,2024-10-20T13:50:47,0
C003793,moralesmarcus@example.net,Karen,Lynch,GEO0168,Consumer,2026-01-08T20:14:58,2026-01-11T12:37:53,0
C003794,hughesrhonda@example.net,Antonio,Cunningham,GEO0148,SMB,2024-03-16T10:31:43,2024-06-19T05:07:07,0
C003795,obrewer@example.com,David,Olsen,GEO0542,Consumer,2025-03-17T20:04:34,2025-04-27T03:42:46,0
C003796,thorntoncaitlyn@example.net,Brian,Tran,GEO0684,Mid-Market,2025-11-15T20:49:14,2026-02-09T19:54:38,0
C003797,angelica13@example.com,Victoria,Thomas,GEO0716,Consumer,2024-08-14T01:11:20,2025-08-14T18:55:47,0
C003798,amarshall@example.com,Joshua,Wilson,GEO0169,SMB,2026-02-26T18:46:58,2026-02-27T01:27:50,0
C003799,sandra19@example.org,Dana,Sanders,GEO0217,Consumer,2024-08-14T09:52:42,2025-07-29T19:27:35,0
C003800,kimberlypeterson@example.org,Richard,Smith,GEO0514,Mid-Market,2025-12-05T22:38:54,2025-12-18T00:56:37,0
C003801,danielduncan@example.org,Andrea,Hicks,GEO0450,Mid-Market,2025-01-31T03:36:48,2025-08-26T17:03:18,0
C003802,laura80@example.org,Michelle,Reilly,GEO0136,SMB,2024-02-01T05:05:04,2024-06-24T01:53:13,0
C003803,jameschaney@example.net,Jerry,Gordon,GEO0640,Consumer,2025-03-08T16:07:25,2025-07-26T03:44:56,0
C003804,james91@example.org,Ricky,West,GEO0422,Consumer,2026-02-26T08:16:47,2026-03-01T01:56:34,0
C003805,melissa74@example.com,Samantha,Bennett,GEO0122,Mid-Market,2024-03-18T19:31:58,2024-06-30T08:02:51,0
C003806,kelseymccarthy@example.org,Anthony,Martin,GEO0341,Consumer,2025-07-19T08:27:36,2025-10-10T08:17:36,0
C003807,torresrebecca@example.org,Edward,Daniels,GEO0733,Consumer,2024-12-26T12:00:37,2025-12-09T23:21:53,0
C003808,christopherrivera@example.net,Stephanie,Aguilar,GEO0163,Consumer,2025-05-28T13:52:08,2026-01-16T08:21:25,0
C003809,aknight@example.org,Matthew,Chang,GEO0598,Mid-Market,2025-08-31T07:43:39,2026-02-10T17:58:53,0
C003810,fgarcia@example.org,Melody,Lyons,GEO0060,Mid-Market,2025-08-08T01:31:16,2025-09-13T19:17:05,0
C003811,antoniojenkins@example.com,Rebecca,Barry,GEO0569,Mid-Market,2024-05-26T19:42:01,2025-03-19T19:22:29,0
C003812,charles46@example.org,Mark,Richmond,GEO0757,SMB,2025-10-28T13:11:20,2026-02-13T06:43:48,0
C003813,amber38@example.net,Manuel,Allen,GEO0166,SMB,2025-06-30T14:25:48,2025-10-07T19:05:56,0
C003814,hhansen@example.net,Shawn,Wall,GEO0404,Consumer,2024-12-19T01:06:25,2025-05-14T15:08:33,0
C003815,qmarshall@example.com,Mia,Smith,GEO0613,Consumer,2025-02-14T15:18:43,2026-02-13T12:56:33,0
C003816,jeffrey59@example.net,Spencer,Reid,GEO0578,Consumer,2025-08-19T04:50:43,2025-11-26T04:38:51,0
C003817,meganfowler@example.com,Kathleen,Williams,GEO0660,Consumer,2025-02-01T03:48:24,2025-08-18T04:49:46,0
C003818,gregorycarpenter@example.com,Kaitlyn,Sharp,GEO0322,SMB,2025-02-12T00:49:12,2025-07-19T19:33:08,0
C003819,wcook@example.com,Paula,Baker,GEO0710,Mid-Market,2025-02-13T19:58:40,2026-01-24T13:30:41,0
C003820,darren04@example.net,Juan,Ferguson,GEO0064,SMB,2024-05-07T11:24:10,2025-09-28T23:31:52,0
C003821,willisjaclyn@example.com,Jessica,Robinson,GEO0328,Consumer,2024-10-29T05:04:57,2025-05-03T15:08:13,0
C003822,weavervicki@example.com,Andrew,Peterson,GEO0175,Consumer,2026-01-04T10:09:17,2026-01-15T06:21:09,0
C003823,francis07@example.net,Kimberly,Silva,GEO0012,SMB,2026-01-30T01:00:33,2026-02-09T23:53:33,0
C003824,lisa47@example.com,Marilyn,Garcia,GEO0714,SMB,2025-09-26T19:24:56,2025-10-12T14:11:06,0
C003825,webbvictoria@example.com,Philip,Ibarra,GEO0119,SMB,2024-02-27T04:00:40,2025-03-01T23:57:14,0
C003826,kelly56@example.com,Steven,Hunt,GEO0648,Consumer,2024-07-22T06:46:07,2025-12-31T08:23:58,0
C003827,yhernandez@example.net,Barbara,Phillips,GEO0304,SMB,2024-01-18T19:53:39,2024-09-09T09:42:09,0
C003828,joseph03@example.net,Alex,Romero,GEO0382,Consumer,2024-06-02T23:45:45,2024-10-06T00:38:05,0
C003829,wrice@example.net,Robert,Cameron,GEO0491,Mid-Market,2024-05-30T08:58:16,2025-01-16T23:06:50,0
C003830,ucummings@example.net,Hunter,Glenn,GEO0751,Mid-Market,2024-10-10T20:51:04,2025-03-02T00:51:57,0
C003831,hjones@example.org,Sarah,Casey,GEO0612,Mid-Market,2025-05-12T07:16:44,2025-08-20T21:53:40,0
C003832,xjohnson@example.com,Nicole,Zamora,GEO0461,Mid-Market,2025-05-08T17:09:44,2025-10-10T01:48:09,0
C003833,dcarlson@example.org,Katherine,Harris,GEO0323,SMB,2024-04-27T16:09:14,2024-07-30T06:31:39,0
C003834,othomas@example.com,Taylor,White,GEO0368,Mid-Market,2025-08-02T23:33:05,2025-12-08T03:41:00,0
C003835,yjones@example.org,Brian,Kim,GEO0233,Mid-Market,2024-02-13T18:24:09,2024-12-27T05:26:22,0
C003836,vanessamartinez@example.net,Carla,Jackson,GEO0547,Mid-Market,2025-06-15T13:51:13,2025-12-02T11:32:30,0
C003837,russelltammy@example.net,Sabrina,Mitchell,GEO0159,SMB,2024-10-16T04:26:13,2025-11-12T22:19:32,0
C003838,jessecohen@example.org,Brett,Thomas,GEO0355,Consumer,2025-06-29T06:47:48,2025-11-02T20:09:20,0
C003839,johnnygray@example.com,Lisa,Preston,GEO0225,Mid-Market,2024-10-29T05:08:40,2025-04-11T06:20:07,0
C003840,qknight@example.net,Jeremy,Stark,GEO0522,Mid-Market,2025-04-22T21:35:48,2025-07-26T17:01:21,0
C003841,psalazar@example.org,James,Kim,GEO0120,SMB,2024-09-12T10:23:14,2025-03-22T16:30:10,0
C003842,imorris@example.net,Kevin,Taylor,GEO0510,SMB,2024-09-25T12:30:27,2025-10-18T12:45:02,0
C003843,john00@example.com,Michelle,Baker,GEO0734,Mid-Market,2024-05-11T17:31:19,2025-04-04T22:44:52,0
C003844,justin75@example.org,Daniel,Nixon,GEO0216,Consumer,2025-04-02T23:42:08,2025-04-30T20:30:20,0
C003845,scottmichael@example.com,Rebecca,Moreno,GEO0781,Mid-Market,2024-03-14T06:45:58,2025-04-17T17:23:38,0
C003846,nguyenterri@example.com,Kathleen,Turner,GEO0337,SMB,2024-04-15T22:08:25,2024-08-24T03:42:41,0
C003847,michaelowen@example.com,Angela,Arellano,GEO0411,SMB,2025-05-07T22:57:05,2025-09-15T08:14:00,0
C003848,opierce@example.com,Amy,Johnson,GEO0335,Consumer,2024-05-04T12:05:17,2025-02-21T11:09:37,0
C003849,bobbybowen@example.org,Gary,Wright,GEO0649,SMB,2025-09-03T09:22:45,2025-12-30T09:17:59,0
C003850,starkaustin@example.org,Christy,Love,GEO0455,Consumer,2024-08-06T19:50:39,2025-12-09T03:51:07,0
C003851,ann63@example.net,Kimberly,Stanley,GEO0632,Consumer,2025-01-06T07:52:15,2025-05-27T18:59:28,0
C003852,xknight@example.com,Erik,Blackwell,GEO0331,SMB,2025-09-29T19:29:01,2025-10-22T00:48:02,0
C003853,zharris@example.net,Charles,Solis,GEO0465,Mid-Market,2024-07-29T09:14:18,2025-06-02T19:38:31,0
C003854,ashley62@example.net,Lisa,Wells,GEO0474,Mid-Market,2026-01-26T17:44:22,2026-02-21T20:04:46,0
C003855,hcollins@example.com,Alan,Lee,GEO0704,Mid-Market,2025-06-20T02:53:59,2025-10-19T16:25:03,0
C003856,amberhunter@example.com,Adam,Nguyen,GEO0369,Consumer,2025-12-28T03:23:36,2026-01-16T15:38:16,0
C003857,whitetony@example.com,Gail,Hernandez,GEO0395,SMB,2025-04-12T07:32:08,2025-12-19T09:37:55,0
C003858,thomaserik@example.net,Diana,Smith,GEO0661,Consumer,2024-08-03T03:10:10,2025-02-09T07:55:38,0
C003859,xward@example.com,Carl,Hill,GEO0426,Mid-Market,2024-09-27T01:59:56,2025-12-20T00:18:28,0
C003860,qharvey@example.net,Carlos,Oneill,GEO0287,Consumer,2025-12-03T09:46:56,2026-02-08T06:51:25,0
C003861,richard27@example.com,Debra,Smith,GEO0722,SMB,2025-04-19T14:30:46,2025-12-29T08:00:29,0
C003862,kellyrichard@example.net,Ashley,King,GEO0079,SMB,2024-08-14T12:26:55,2025-08-10T12:00:00,0
C003863,marciahall@example.net,Raymond,Olson,GEO0494,SMB,2025-04-05T22:08:10,2026-01-11T04:07:55,0
C003864,kelly83@example.org,Alexander,Ponce,GEO0599,Mid-Market,2024-07-04T20:34:08,2024-11-04T18:53:59,0
C003865,pthomas@example.net,Angela,Sanders,GEO0548,SMB,2025-05-30T17:10:30,2025-10-10T14:08:27,0
C003866,simmonslaura@example.com,Matthew,Levine,GEO0778,Consumer,2025-12-26T19:13:12,2025-12-27T09:46:49,0
C003867,jermainemorales@example.org,Joseph,Alvarado,GEO0790,Mid-Market,2025-10-21T13:36:10,2025-10-30T12:25:42,0
C003868,vincent19@example.net,Steven,Davis,GEO0405,Consumer,2025-02-10T08:34:22,2025-06-08T03:11:12,0
C003869,bowenariana@example.com,Chelsea,Boone,GEO0575,SMB,2025-10-31T06:21:33,2026-02-11T23:17:37,0
C003870,bcaldwell@example.net,David,Jones,GEO0091,Consumer,2025-07-29T03:33:42,2025-10-16T13:22:06,0
C003871,brandonallison@example.org,Andrea,Le,GEO0454,Consumer,2024-09-24T03:01:55,2025-10-27T23:15:29,0
C003872,johnbush@example.net,Shannon,Smith,GEO0060,Consumer,2025-11-29T15:48:45,2025-12-01T09:35:45,0
C003873,barbara37@example.net,Matthew,Martin,GEO0281,SMB,2024-08-18T08:40:33,2024-11-23T02:44:26,0
C003874,coopertami@example.net,Rebekah,Rocha,GEO0610,Mid-Market,2024-12-12T11:59:23,2025-12-24T17:51:40,0
C003875,jonesmegan@example.net,Debbie,Miller,GEO0750,Mid-Market,2025-01-16T08:10:04,2025-11-30T07:31:36,0
C003876,teresamckee@example.com,Matthew,Mayer,GEO0605,Consumer,2024-07-21T06:48:54,2025-09-13T06:58:44,0
C003877,heather14@example.org,Kerry,Cochran,GEO0731,Mid-Market,2024-12-10T15:11:31,2025-07-02T14:27:33,0
C003878,brandimoore@example.org,Michael,Miller,GEO0481,SMB,2025-05-02T11:36:13,2025-11-02T17:27:04,0
C003879,heatherthompson@example.net,Barbara,Davila,GEO0170,Consumer,2024-11-12T15:16:38,2024-12-19T18:22:14,0
C003880,pluna@example.net,Ryan,Clarke,GEO0156,Consumer,2025-07-22T17:41:34,2026-02-11T09:11:27,0
C003881,wjackson@example.com,Kenneth,Reid,GEO0636,Consumer,2025-05-18T06:12:38,2025-05-24T21:51:31,0
C003882,crystalcooper@example.com,Cindy,Ford,GEO0068,Consumer,2025-02-19T11:55:01,2025-03-07T03:04:05,0
C003883,ymartin@example.com,Thomas,Morgan,GEO0321,Consumer,2025-09-16T10:19:33,2025-09-16T09:18:11,0
C003884,tgoodwin@example.org,Patricia,Delacruz,GEO0459,SMB,2024-07-22T08:31:39,2024-12-29T02:16:37,0
C003885,conleychristina@example.net,Brandon,Shaffer,GEO0672,Consumer,2024-01-14T00:55:46,2025-07-04T12:06:51,0
C003886,sarah04@example.org,Kelly,Perkins,GEO0429,SMB,2025-01-28T14:45:38,2025-02-06T09:53:40,0
C003887,owoodward@example.org,Jennifer,Bradley,GEO0217,Mid-Market,2025-11-05T18:05:21,2026-02-28T15:14:33,0
C003888,guzmanrobert@example.com,Timothy,Woods,GEO0178,SMB,2024-01-28T14:39:36,2025-02-21T14:42:14,0
C003889,keithjackson@example.com,Heather,Novak,GEO0118,Consumer,2025-04-07T01:37:43,2025-10-25T03:02:51,0
C003890,davidgreen@example.org,Sandra,Walker,GEO0082,Consumer,2026-02-18T14:11:27,2026-02-22T07:43:11,0
C003891,brianhodges@example.net,Susan,Leblanc,GEO0013,Mid-Market,2025-01-07T12:36:36,2025-08-19T05:57:17,0
C003892,gaineserika@example.org,Steven,Rodriguez,GEO0554,Mid-Market,2025-01-06T15:06:42,2026-01-26T20:23:23,0
C003893,goodwinjack@example.org,Randy,Pruitt,GEO0635,SMB,2025-11-29T19:12:10,2026-01-30T14:00:07,0
C003894,travis56@example.net,Tara,Smith,GEO0069,SMB,2025-11-28T09:43:39,2025-12-10T14:43:31,0
C003895,waltersaimee@example.org,Samantha,Robles,GEO0326,Consumer,2025-10-02T23:53:54,2026-01-15T00:52:37,0
C003896,tiffanybishop@example.net,Joshua,Owen,GEO0512,SMB,2025-06-04T13:32:35,2026-01-05T02:02:59,0
C003897,ericryan@example.org,Mary,Estes,GEO0353,SMB,2025-06-20T21:38:30,2025-08-10T11:32:24,0
C003898,christina67@example.com,Laura,Miller,GEO0728,Mid-Market,2025-05-05T09:53:13,2025-08-12T13:17:17,0
C003899,john90@example.org,Gabriel,Hammond,GEO0015,Consumer,2025-05-23T05:24:12,2025-08-07T15:25:53,0
C003900,judymarshall@example.org,Richard,Smith,GEO0493,SMB,2025-11-04T11:38:25,2026-02-15T08:47:21,0
C003901,douglashart@example.net,Benjamin,Mata,GEO0621,Mid-Market,2025-03-31T23:24:24,2026-02-10T08:52:37,0
C003902,reynoldsmegan@example.com,Carlos,Pittman,GEO0755,SMB,2024-09-28T23:05:22,2025-09-25T20:51:47,0
C003903,kevin78@example.com,John,Mclaughlin,GEO0436,SMB,2024-10-08T08:55:20,2025-09-04T01:45:40,0
C003904,louis04@example.org,Danielle,Martinez,GEO0054,Consumer,2024-09-16T11:15:28,2026-02-05T05:38:41,0
C003905,ugeorge@example.net,Karen,Navarro,GEO0357,Mid-Market,2025-07-26T08:43:53,2026-02-02T16:39:25,0
C003906,zclements@example.com,Sophia,Walker,GEO0118,Mid-Market,2024-08-20T19:16:21,2024-09-16T07:28:51,0
C003907,kevinhall@example.net,Ricardo,Smith,GEO0239,SMB,2024-12-23T17:55:02,2026-01-22T15:33:00,0
C003908,melissa92@example.net,Michael,Palmer,GEO0034,Mid-Market,2024-08-23T06:12:46,2026-02-20T11:59:25,0
C003909,matthewgonzalez@example.net,Corey,Walker,GEO0397,Consumer,2024-07-12T23:38:07,2025-03-22T13:38:24,0
C003910,villajesse@example.com,John,Villanueva,GEO0458,Mid-Market,2026-01-28T01:44:58,2026-02-14T00:30:14,0
C003911,brentodom@example.com,Kyle,Bruce,GEO0383,Consumer,2024-08-02T08:05:22,2024-08-03T23:56:24,0
C003912,kellyalvarez@example.com,Andrew,Hudson,GEO0561,Mid-Market,2024-06-29T08:53:01,2025-05-16T03:02:51,0
C003913,james72@example.org,John,Reed,GEO0485,SMB,2024-05-24T11:33:14,2025-11-20T14:40:37,0
C003914,ruth60@example.org,John,Anderson,GEO0198,Consumer,2024-07-29T09:59:25,2025-11-19T08:41:27,0
C003915,fuentestony@example.org,Michael,Kelly,GEO0523,SMB,2025-12-09T13:47:02,2026-01-09T06:54:54,0
C003916,lbrown@example.com,Cynthia,Wolfe,GEO0363,SMB,2024-05-19T06:52:50,2025-12-24T19:30:16,0
C003917,edwin45@example.com,Kevin,Miller,GEO0083,Mid-Market,2024-12-09T04:50:03,2025-12-06T18:18:52,0
C003918,nathanwatson@example.org,David,Hall,GEO0598,Consumer,2024-03-12T02:01:11,2025-12-15T15:27:02,0
C003919,pughkelli@example.org,Brenda,Richard,GEO0426,Consumer,2025-06-30T21:55:38,2025-09-21T03:25:19,0
C003920,rebecca53@example.net,Haley,Carr,GEO0004,Mid-Market,2024-09-25T14:30:36,2026-01-18T06:33:12,0
C003921,sarah19@example.net,Nancy,Rodriguez,GEO0232,SMB,2024-01-23T02:16:16,2024-08-30T10:28:55,0
C003922,ugarrison@example.com,Tyler,Martinez,GEO0367,SMB,2025-01-15T22:30:33,2025-11-13T06:54:21,0
C003923,oreynolds@example.org,Susan,Welch,GEO0263,Mid-Market,2024-12-18T20:43:11,2025-07-15T01:11:48,0
C003924,tinaortiz@example.org,Mary,Jordan,GEO0362,Mid-Market,2024-01-30T12:55:33,2025-05-25T10:27:48,0
C003925,eanderson@example.net,Elizabeth,Herrera,GEO0369,SMB,2024-03-02T02:40:54,2026-02-16T17:43:07,0
C003926,patricia63@example.com,David,Sawyer,GEO0081,Mid-Market,2024-06-12T05:15:56,2025-07-25T03:55:13,0
C003927,ellissheila@example.com,Bob,Moore,GEO0256,Consumer,2024-04-22T06:31:29,2025-01-06T11:38:41,0
C003928,catherine68@example.com,Elizabeth,Fisher,GEO0757,SMB,2025-06-17T21:06:44,2025-10-01T07:31:26,0
C003929,emurray@example.com,James,Lewis,GEO0520,SMB,2025-05-27T00:21:58,2026-02-09T00:31:37,0
C003930,gjohnson@example.org,Julie,Watkins,GEO0023,Consumer,2026-02-15T20:51:48,2026-02-21T20:23:07,0
C003931,williamssabrina@example.com,Jessica,Atkinson,GEO0098,SMB,2024-01-31T08:02:31,2024-03-07T14:33:13,0
C003932,carolwashington@example.net,Alice,Grant,GEO0580,Mid-Market,2025-07-04T20:19:28,2025-11-16T23:17:32,0
C003933,benjaminlloyd@example.com,Diana,Cruz,GEO0770,Consumer,2024-07-19T07:16:33,2025-07-13T14:13:27,0
C003934,angelawilson@example.net,Thomas,Nichols,GEO0714,Mid-Market,2024-12-02T09:44:43,2024-12-05T09:56:16,0
C003935,christopher56@example.net,Brandon,Bell,GEO0423,SMB,2024-05-12T05:32:03,2026-01-31T00:12:07,0
C003936,guerreropatrick@example.com,Katherine,Herrera,GEO0656,Mid-Market,2025-04-07T16:15:50,2025-10-23T08:15:47,0
C003937,omarthompson@example.org,Alexander,Avery,GEO0176,SMB,2024-03-25T15:47:33,2025-02-21T23:39:32,0
C003938,amoore@example.net,Danielle,Spencer,GEO0715,SMB,2024-09-30T08:56:02,2025-08-19T23:37:13,0
C003939,seth37@example.org,Michael,Campbell,GEO0458,Consumer,2024-07-23T20:02:29,2025-08-07T13:00:54,0
C003940,ublack@example.net,Jennifer,Johnson,GEO0068,Consumer,2024-12-16T13:39:39,2026-01-19T01:07:47,0
C003941,brandonross@example.com,Stephanie,Meyer,GEO0091,Consumer,2024-06-11T20:02:57,2024-10-22T19:38:42,0
C003942,dakota45@example.com,Cathy,Harris,GEO0744,SMB,2025-02-15T06:14:01,2025-12-19T05:58:15,0
C003943,qsnow@example.com,Timothy,Elliott,GEO0256,SMB,2025-02-13T08:00:15,2025-02-28T14:38:41,0
C003944,ggray@example.net,Robert,Watson,GEO0798,SMB,2024-04-30T08:51:50,2024-06-30T05:43:29,0
C003945,kathryn11@example.com,Kevin,Jordan,GEO0046,Consumer,2024-06-16T03:09:55,2026-03-01T11:13:05,0
C003946,elizabeth56@example.org,Wendy,Wright,GEO0022,Consumer,2024-11-30T00:18:08,2025-03-12T02:42:34,0
C003947,gordonsabrina@example.net,Scott,Chapman,GEO0003,Consumer,2025-12-17T22:54:24,2026-02-21T04:51:58,0
C003948,allenjohnson@example.com,Allison,Ali,GEO0747,Mid-Market,2024-11-04T03:50:44,2024-11-20T18:15:58,0
C003949,yrivera@example.org,John,Harrison,GEO0651,SMB,2024-02-27T09:33:18,2026-02-21T14:13:58,0
C003950,polson@example.org,Erica,Garcia,GEO0310,SMB,2025-01-02T15:38:28,2025-04-16T18:51:33,0
C003951,ewatts@example.org,Brittany,Martin,GEO0260,Consumer,2026-02-05T08:53:45,2026-02-15T20:43:20,0
C003952,srodriguez@example.net,Timothy,Hernandez,GEO0695,Consumer,2025-06-22T11:54:05,2025-11-06T05:31:09,0
C003953,thomaselizabeth@example.org,Stephanie,Moses,GEO0508,Consumer,2025-11-25T16:55:08,2026-01-19T08:54:08,0
C003954,matthew00@example.com,Kenneth,Riddle,GEO0219,Consumer,2024-12-29T16:21:11,2025-07-02T11:41:29,0
C003955,wadebrenda@example.net,Megan,Bradley,GEO0014,Mid-Market,2025-03-04T16:42:46,2025-04-13T10:57:21,0
C003956,dmorales@example.org,Abigail,Mendoza,GEO0704,Consumer,2024-02-12T01:59:32,2024-06-17T18:27:46,0
C003957,nicholas63@example.org,James,Leon,GEO0784,SMB,2025-09-27T09:16:47,2026-02-02T14:24:06,0
C003958,john30@example.org,Anthony,Miller,GEO0118,Consumer,2024-12-12T22:48:18,2025-08-31T17:18:37,0
C003959,lawrencegilbert@example.net,Sharon,Odom,GEO0759,Mid-Market,2024-04-27T10:47:01,2025-10-01T18:08:41,0
C003960,tholt@example.com,Daniel,Frey,GEO0320,SMB,2024-10-22T22:18:02,2025-02-20T10:01:28,0
C003961,redwards@example.com,Karen,Hernandez,GEO0442,Mid-Market,2025-02-26T11:22:50,2025-08-25T19:44:51,0
C003962,wsteele@example.org,Alejandra,Lindsey,GEO0734,SMB,2024-08-03T10:32:32,2024-10-21T01:32:48,0
C003963,dustinmoore@example.com,Crystal,Brown,GEO0766,Mid-Market,2024-05-17T04:28:28,2025-04-19T09:28:49,0
C003964,davidjohnson@example.org,Peggy,Mitchell,GEO0275,Mid-Market,2025-04-07T15:59:31,2025-08-24T11:36:55,0
C003965,patrick77@example.org,Jack,Miller,GEO0287,SMB,2025-01-13T22:07:08,2025-05-04T16:28:09,0
C003966,april04@example.org,Sandra,Rosales,GEO0062,Mid-Market,2024-10-22T18:51:51,2025-02-26T15:38:30,0
C003967,kelseyhunter@example.org,Matthew,Gutierrez,GEO0727,Consumer,2024-02-09T15:03:45,2024-11-26T10:57:23,0
C003968,iwilliams@example.org,Melissa,Robinson,GEO0307,Mid-Market,2024-10-18T09:36:44,2025-10-30T13:29:57,0
C003969,tonytran@example.com,Todd,Mendez,GEO0310,Consumer,2026-01-06T13:27:08,2026-01-18T21:36:21,0
C003970,amarsh@example.org,Mark,Wells,GEO0790,Mid-Market,2025-03-07T15:07:09,2025-08-22T11:37:14,0
C003971,maria44@example.com,Eric,Thomas,GEO0159,Consumer,2024-01-31T14:27:28,2024-10-26T19:46:50,0
C003972,heather24@example.net,Amy,Long,GEO0097,SMB,2025-01-19T03:50:09,2026-02-20T04:31:09,0
C003973,sanchezsteven@example.com,Chase,Richardson,GEO0651,SMB,2025-05-09T11:12:51,2025-06-10T09:52:23,0
C003974,sherrymonroe@example.org,Robin,Johnson,GEO0253,Mid-Market,2024-04-25T20:12:17,2024-08-08T15:58:59,0
C003975,omarjames@example.net,Lisa,Mora,GEO0158,Consumer,2024-02-20T10:18:23,2025-01-29T17:15:50,0
C003976,munozjohn@example.net,Riley,Reyes,GEO0413,SMB,2024-12-27T19:21:56,2026-02-25T11:59:27,0
C003977,bakersarah@example.org,Morgan,Bradley,GEO0433,Consumer,2024-07-10T13:35:42,2025-02-14T06:23:50,0
C003978,rivaslisa@example.net,David,Stewart,GEO0222,SMB,2025-11-04T22:55:48,2025-12-27T13:32:03,0
C003979,rhuber@example.net,Douglas,Torres,GEO0468,SMB,2025-09-19T00:19:51,2026-02-14T02:01:32,0
C003980,jortiz@example.net,Kimberly,Roberts,GEO0220,Mid-Market,2026-02-16T01:18:12,2026-02-17T15:05:23,0
C003981,robinsonchristian@example.org,James,Jones,GEO0295,Mid-Market,2024-12-03T15:35:20,2025-12-30T05:05:40,0
C003982,rodriguezmichaela@example.net,Cynthia,Collins,GEO0764,SMB,2025-08-15T18:14:14,2025-11-23T17:24:56,0
C003983,sandra32@example.com,Daisy,Wallace,GEO0373,Mid-Market,2025-09-22T07:55:04,2026-01-07T01:33:36,0
C003984,collinsshannon@example.net,Michael,Smith,GEO0315,Mid-Market,2025-06-14T17:22:41,2025-06-26T02:02:23,0
C003985,laura67@example.org,Kenneth,Roth,GEO0038,Mid-Market,2026-02-19T06:38:05,2026-02-20T03:23:53,0
C003986,erose@example.org,James,Baker,GEO0504,Consumer,2024-06-26T05:25:18,2024-08-14T01:39:45,0
C003987,kathryn64@example.com,Thomas,Potts,GEO0623,Mid-Market,2025-12-03T23:15:45,2025-12-30T18:27:15,0
C003988,stephenstanley@example.com,Carol,Gibbs,GEO0312,Consumer,2025-08-24T05:58:00,2026-02-10T21:56:15,0
C003989,bswanson@example.org,Jason,Kaiser,GEO0741,Mid-Market,2025-07-27T14:33:10,2026-01-10T02:35:34,0
C003990,nbaker@example.net,Beverly,Morse,GEO0315,Mid-Market,2024-08-04T09:18:28,2026-01-18T03:48:48,0
C003991,osmith@example.org,Charlene,Erickson,GEO0402,SMB,2025-04-08T12:15:47,2025-08-25T04:47:00,0
C003992,nadkins@example.com,Christopher,Cabrera,GEO0359,SMB,2024-08-26T16:44:05,2025-03-04T09:11:47,0
C003993,erichmond@example.org,Martha,Smith,GEO0274,SMB,2025-02-18T09:30:17,2025-05-05T23:52:26,0
C003994,ronaldlamb@example.com,Jesus,Jones,GEO0348,Consumer,2024-10-08T08:29:41,2025-07-21T06:49:43,0
C003995,baileysara@example.com,John,Jennings,GEO0519,SMB,2024-06-19T19:52:27,2025-08-09T07:28:38,0
C003996,millerwendy@example.net,Richard,Cook,GEO0607,SMB,2025-10-28T16:05:43,2026-01-24T17:30:28,0
C003997,kbuchanan@example.com,Jeremiah,Johnson,GEO0569,SMB,2024-11-05T19:36:10,2025-04-13T12:33:28,0
C003998,andrew47@example.com,Stephanie,Ross,GEO0254,SMB,2024-03-31T08:24:52,2025-12-15T06:50:36,0
C003999,nancy69@example.net,Brittany,Hicks,GEO0360,SMB,2025-12-21T07:05:51,2026-01-31T10:51:27,0
C004000,mcdonaldrachael@example.org,Richard,Rodriguez,GEO0713,Mid-Market,2024-11-14T04:12:39,2025-04-05T00:09:40,0
C004001,morsestephen@example.com,Adam,Jones,GEO0260,Consumer,2025-08-20T17:36:51,2025-11-24T08:49:37,0
C004002,wherring@example.org,Desiree,Edwards,GEO0202,SMB,2025-02-03T21:51:33,2025-03-07T03:42:34,0
C004003,caitlin30@example.com,Allison,Rodriguez,GEO0114,Mid-Market,2024-05-22T04:15:42,2026-02-26T20:08:17,0
C004004,ramosaudrey@example.com,Marilyn,Haney,GEO0728,SMB,2025-07-27T04:11:57,2025-08-09T07:29:13,0
C004005,christina21@example.com,Justin,Miller,GEO0795,Mid-Market,2025-05-12T17:49:17,2025-06-08T12:43:45,0
C004006,matthew96@example.com,Joshua,Hall,GEO0609,Mid-Market,2024-07-27T13:31:58,2025-05-31T22:56:33,0
C004007,elizabeth65@example.com,Shelby,Perez,GEO0187,SMB,2024-11-30T16:15:03,2025-04-14T10:20:37,0
C004008,castilloerin@example.org,Jessica,Ward,GEO0362,SMB,2025-12-03T21:49:28,2026-02-25T12:41:52,0
C004009,walterkatherine@example.com,Christina,Robles,GEO0075,SMB,2025-01-15T16:24:35,2025-12-27T00:03:56,0
C004010,paulpowell@example.com,Jason,Cruz,GEO0147,Consumer,2024-12-11T23:08:58,2025-07-01T20:47:30,0
C004011,bernardchristina@example.net,Marie,Young,GEO0290,SMB,2025-03-10T20:16:38,2025-07-23T06:26:58,0
C004012,krobinson@example.com,Kathryn,Benson,GEO0272,SMB,2024-06-18T01:23:26,2024-10-05T08:27:22,0
C004013,joshuasimpson@example.net,Edwin,Hull,GEO0115,SMB,2024-09-14T05:02:03,2025-07-09T04:05:43,0
C004014,megan65@example.net,John,Howell,GEO0655,SMB,2025-03-17T08:29:45,2025-05-07T11:08:03,0
C004015,yhopkins@example.net,Shawn,Davis,GEO0604,Consumer,2024-11-29T20:36:05,2025-09-17T16:22:42,0
C004016,rittersusan@example.com,Barbara,Gibbs,GEO0484,Consumer,2025-11-04T10:26:23,2026-01-23T03:15:14,0
C004017,ylowery@example.com,Sharon,Jordan,GEO0220,SMB,2025-07-14T01:34:05,2025-12-21T08:12:58,0
C004018,michael17@example.org,Mallory,Ford,GEO0228,Mid-Market,2024-07-09T18:32:55,2025-11-08T13:26:45,0
C004019,davidlove@example.com,Derek,Johnson,GEO0109,SMB,2024-07-09T21:37:44,2024-08-26T08:08:13,0
C004020,sarahwatson@example.com,Phillip,Morales,GEO0265,Consumer,2025-07-15T00:25:02,2026-01-21T16:39:04,0
C004021,ssmith@example.net,Tiffany,Brewer,GEO0720,Consumer,2025-05-17T01:23:09,2025-07-20T19:05:33,0
C004022,todd39@example.net,John,Stanley,GEO0334,SMB,2024-12-23T20:49:53,2025-05-23T18:53:49,0
C004023,gdominguez@example.net,Amber,Foster,GEO0710,Mid-Market,2025-01-05T19:01:21,2025-03-13T15:01:45,0
C004024,michaelmartinez@example.net,Brian,Johnson,GEO0646,Mid-Market,2024-12-25T19:27:06,2025-02-20T09:13:20,0
C004025,pedrobrown@example.org,Elizabeth,Bowers,GEO0707,Consumer,2025-05-30T01:19:55,2025-06-02T20:30:30,0
C004026,contreraskara@example.org,Lisa,Coleman,GEO0132,Mid-Market,2026-01-29T11:07:14,2026-01-31T13:04:00,0
C004027,ljones@example.com,James,Scott,GEO0095,Consumer,2026-02-08T04:06:25,2026-02-25T18:29:18,0
C004028,tammy98@example.org,Donald,Miller,GEO0574,SMB,2024-07-24T03:18:28,2025-03-25T04:02:18,0
C004029,aaronchambers@example.net,William,Rios,GEO0376,Mid-Market,2024-03-25T04:28:18,2024-12-04T02:11:26,0
C004030,alyssaturner@example.com,Marilyn,Weber,GEO0177,SMB,2025-02-25T12:54:02,2025-05-25T07:12:25,0
C004031,mwoods@example.net,Sarah,Jones,GEO0235,SMB,2025-02-27T10:32:01,2025-09-29T04:16:29,0
C004032,elizabeth81@example.com,Erica,Raymond,GEO0711,SMB,2024-12-05T04:26:29,2025-02-14T01:43:15,0
C004033,pfry@example.net,Victoria,Chase,GEO0695,SMB,2025-10-06T23:03:09,2026-01-30T23:20:07,0
C004034,tara61@example.net,Dillon,Huerta,GEO0766,SMB,2024-01-08T23:54:53,2025-12-09T13:35:31,0
C004035,natashasmith@example.org,Karen,Fox,GEO0059,Mid-Market,2025-03-12T00:20:29,2025-04-19T02:11:05,0
C004036,hshort@example.com,Patrick,Little,GEO0269,Consumer,2025-06-19T12:29:55,2025-09-30T05:15:23,0
C004037,mariamoore@example.com,Jose,Wilson,GEO0038,Mid-Market,2024-07-11T07:48:44,2025-03-04T00:40:55,0
C004038,blawson@example.net,Jaime,Gentry,GEO0576,Mid-Market,2024-10-06T09:46:37,2025-08-29T02:55:55,0
C004039,gutierrezsteven@example.com,Alexis,Sanchez,GEO0582,SMB,2024-12-04T01:57:28,2025-09-27T09:12:09,0
C004040,kimberlyestrada@example.net,Ashley,Perez,GEO0704,Mid-Market,2024-04-20T16:14:02,2024-09-18T08:11:25,0
C004041,tiffanytaylor@example.net,Edward,Eaton,GEO0211,SMB,2024-09-28T23:33:50,2025-09-05T20:59:43,0
C004042,gtrujillo@example.org,Oscar,Morrison,GEO0714,Consumer,2026-01-26T18:01:09,2026-01-28T09:04:54,0
C004043,maguilar@example.net,Ashley,Singleton,GEO0019,Consumer,2025-10-30T10:45:19,2026-01-07T16:02:49,0
C004044,sharonedwards@example.net,Robert,Scott,GEO0399,Consumer,2024-04-10T19:14:12,2025-01-26T12:49:23,0
C004045,gabriela43@example.net,Crystal,Wang,GEO0690,Consumer,2024-09-10T13:12:48,2025-05-11T00:20:30,0
C004046,hhunter@example.org,Kyle,Maddox,GEO0265,SMB,2026-03-01T22:19:12,2026-03-02T22:55:03,0
C004047,brandonscott@example.net,Jasmine,Johnson,GEO0527,Mid-Market,2025-08-14T09:07:25,2026-02-27T08:14:28,0
C004048,vmendoza@example.com,Jacqueline,Wheeler,GEO0369,Consumer,2025-04-04T20:41:09,2025-05-23T14:00:53,0
C004049,wiserenee@example.net,Pamela,Deleon,GEO0583,SMB,2026-02-03T14:03:07,2026-03-01T05:21:45,0
C004050,dhickman@example.org,Sandra,Ray,GEO0406,Consumer,2025-09-29T17:57:43,2025-11-25T06:58:58,0
C004051,alfredblair@example.com,Stephanie,Mcdonald,GEO0160,Mid-Market,2025-08-01T15:05:28,2026-01-12T17:23:24,0
C004052,gutierrezolivia@example.com,Randall,Johnson,GEO0049,SMB,2024-04-21T12:38:28,2025-05-09T01:22:38,0
C004053,jameshicks@example.org,Amanda,Smith,GEO0051,Mid-Market,2025-05-20T07:44:49,2025-09-19T00:48:44,0
C004054,melvin99@example.net,Stephanie,Mcdonald,GEO0570,Mid-Market,2024-02-28T11:46:23,2025-10-23T02:49:24,0
C004055,jennifercordova@example.net,James,Rivas,GEO0273,Mid-Market,2026-02-26T06:15:45,2026-02-26T15:37:13,0
C004056,ufarrell@example.com,Carlos,Nixon,GEO0507,SMB,2025-01-19T20:31:01,2025-10-11T19:45:52,0
C004057,jonathanhayes@example.net,Christopher,Brown,GEO0038,SMB,2026-01-10T01:24:22,2026-02-24T22:51:40,0
C004058,vanessarichmond@example.com,Alexander,Page,GEO0454,Consumer,2024-12-29T23:21:36,2025-04-11T11:29:01,0
C004059,whernandez@example.com,Susan,Ford,GEO0563,SMB,2025-05-24T11:00:36,2025-10-04T12:11:55,0
C004060,kgarcia@example.com,Stacy,Carter,GEO0584,Mid-Market,2025-04-25T20:20:27,2025-07-09T20:46:11,0
C004061,jamiejohnson@example.org,Amy,Ward,GEO0106,Mid-Market,2024-04-23T21:52:10,2025-06-17T00:48:08,0
C004062,antoniogould@example.net,Dustin,Maynard,GEO0721,Mid-Market,2025-10-08T12:50:47,2025-10-24T03:35:27,0
C004063,virginia82@example.net,Steven,Nixon,GEO0427,Mid-Market,2024-01-21T03:01:38,2024-09-02T13:53:00,0
C004064,laurenwilliams@example.com,Felicia,Boyd,GEO0389,Consumer,2025-10-26T18:17:54,2026-01-07T00:52:35,0
C004065,christopherfields@example.org,Jennifer,Jarvis,GEO0383,SMB,2025-10-31T01:03:55,2025-11-25T04:31:44,0
C004066,amy22@example.org,Thomas,Smith,GEO0543,Consumer,2025-11-13T16:01:22,2026-03-01T21:42:44,0
C004067,jkirk@example.com,Devin,Harrison,GEO0488,SMB,2025-04-17T15:54:31,2025-05-12T02:17:42,0
C004068,kimjennifer@example.com,Christie,Jordan,GEO0311,Consumer,2025-04-20T22:24:32,2025-06-25T03:06:36,0
C004069,crystalnguyen@example.org,Colleen,Cross,GEO0709,Mid-Market,2025-03-13T20:49:47,2026-01-14T12:19:27,0
C004070,martin00@example.com,Nicole,Johnson,GEO0613,SMB,2025-05-17T06:40:20,2025-11-18T12:44:51,0
C004071,montgomeryhaley@example.com,Jennifer,Anderson,GEO0133,Consumer,2025-12-03T18:52:10,2025-12-22T01:22:55,0
C004072,jaredwilliams@example.org,Robert,Ferrell,GEO0264,Consumer,2024-05-03T11:25:15,2025-12-06T23:42:29,0
C004073,davidmorris@example.org,Julie,Rice,GEO0374,Mid-Market,2024-10-16T16:50:42,2025-08-24T05:22:02,0
C004074,thorntonjames@example.com,Felicia,Wiley,GEO0181,SMB,2025-05-22T03:27:29,2025-10-05T23:33:26,0
C004075,james75@example.org,Autumn,Hooper,GEO0034,Consumer,2025-04-29T11:34:07,2026-02-05T04:46:07,0
C004076,melissacastro@example.net,Daniel,Perry,GEO0016,SMB,2026-01-14T08:32:28,2026-02-01T15:28:38,0
C004077,bwalker@example.com,Cheryl,Huff,GEO0143,Mid-Market,2025-01-17T19:42:43,2025-07-06T20:35:19,0
C004078,tacosta@example.org,John,Hodge,GEO0261,Consumer,2025-07-03T11:24:38,2025-11-28T18:30:48,0
C004079,nathaniel41@example.org,Perry,Graham,GEO0789,SMB,2024-06-30T04:49:02,2024-09-20T19:12:03,0
C004080,betty00@example.net,Amy,Roberts,GEO0725,SMB,2025-01-24T13:40:36,2025-03-28T04:24:51,0
C004081,andrea15@example.net,Diana,Burns,GEO0387,Mid-Market,2024-04-24T02:36:26,2025-12-14T18:12:13,0
C004082,douglas62@example.net,Adam,Anderson,GEO0012,Mid-Market,2024-09-01T01:13:40,2024-11-18T07:48:35,0
C004083,wilsonadam@example.org,Destiny,Brandt,GEO0043,Consumer,2025-07-24T01:20:41,2025-11-01T16:08:32,0
C004084,tgilbert@example.com,Corey,Higgins,GEO0609,Mid-Market,2026-01-25T15:23:14,2026-02-09T10:53:21,0
C004085,davidcopeland@example.net,Mark,Moore,GEO0146,Mid-Market,2025-03-09T05:03:08,2026-01-09T21:17:49,0
C004086,heatheranderson@example.net,Selena,Nguyen,GEO0383,SMB,2025-05-17T15:32:07,2025-07-14T05:35:10,0
C004087,traceywong@example.net,Kevin,Bailey,GEO0595,Mid-Market,2025-08-28T18:12:18,2025-11-30T03:28:14,0
C004088,jody47@example.com,Greg,Morgan,GEO0043,Consumer,2024-06-18T04:37:14,2024-09-10T14:41:29,0
C004089,caitlinwilliams@example.org,Christopher,Melendez,GEO0316,SMB,2025-03-17T00:50:15,2026-01-01T20:17:43,0
C004090,lisaflores@example.net,Ryan,White,GEO0611,SMB,2025-03-25T20:41:03,2025-09-02T10:30:44,0
C004091,jpadilla@example.net,Gregory,Williams,GEO0563,Mid-Market,2025-05-21T15:49:54,2025-06-30T14:19:13,0
C004092,birdjoshua@example.net,Andrew,Young,GEO0763,Mid-Market,2024-05-08T09:13:19,2026-02-23T10:13:22,0
C004093,rebekah58@example.net,Adrian,Malone,GEO0110,Mid-Market,2025-05-29T02:04:44,2025-11-14T15:22:02,0
C004094,iwilson@example.com,Carlos,Oneal,GEO0190,Consumer,2025-08-24T14:10:03,2026-01-29T08:32:02,0
C004095,margaret22@example.net,Victoria,Robinson,GEO0739,SMB,2024-07-11T18:44:54,2025-07-28T14:41:22,0
C004096,susan45@example.net,Natasha,Williams,GEO0642,Mid-Market,2024-07-09T08:12:12,2026-02-19T03:26:34,0
C004097,anna75@example.com,Tyler,Lawson,GEO0744,Consumer,2025-04-16T16:34:20,2025-09-29T00:25:36,0
C004098,rodriguezjacob@example.com,Veronica,Salinas,GEO0752,Consumer,2024-10-05T18:41:58,2025-07-11T08:51:06,0
C004099,andrewtorres@example.com,Taylor,Mata,GEO0288,Consumer,2026-01-04T00:19:09,2026-02-27T15:49:47,0
C004100,usawyer@example.net,Dalton,Osborn,GEO0433,SMB,2025-04-30T19:12:22,2025-09-19T18:09:07,0
C004101,dunntiffany@example.com,Tammy,Hudson,GEO0695,Consumer,2024-01-02T16:51:04,2025-06-02T17:56:40,0
C004102,yatesdaniel@example.com,Donna,Brandt,GEO0021,Mid-Market,2025-03-01T19:41:07,2025-06-18T04:48:54,0
C004103,darrenharris@example.com,Jenna,Larson,GEO0405,Mid-Market,2025-10-04T07:23:28,2025-12-25T06:33:19,0
C004104,gbrown@example.org,Joseph,Reynolds,GEO0192,Mid-Market,2025-05-29T02:06:05,2025-11-11T22:31:02,0
C004105,andersonwilliam@example.net,Pamela,Willis,GEO0741,SMB,2024-07-12T14:23:25,2024-09-04T20:05:55,0
C004106,adrianmcneil@example.com,Juan,Orr,GEO0273,SMB,2025-02-25T21:10:24,2025-05-31T09:53:21,0
C004107,adkinsjessica@example.net,Cassandra,Fowler,GEO0020,SMB,2024-11-27T13:10:00,2025-02-26T03:53:14,0
C004108,stevenschultz@example.com,Heather,Donovan,GEO0588,SMB,2025-12-27T12:39:45,2026-01-17T04:42:15,0
C004109,jasonrhodes@example.net,Amber,Stone,GEO0759,Consumer,2024-10-18T15:53:55,2024-11-29T14:15:42,0
C004110,nicole28@example.com,Jessica,Richmond,GEO0168,SMB,2024-08-22T12:24:58,2024-10-24T19:59:21,0
C004111,ghunt@example.net,Kendra,Scott,GEO0722,SMB,2024-09-22T21:03:46,2024-11-12T13:03:50,0
C004112,tanyamcdonald@example.net,John,Joseph,GEO0786,Mid-Market,2024-09-12T16:54:04,2024-11-03T14:36:49,0
C004113,newmanthomas@example.com,Brenda,Gilbert,GEO0218,SMB,2024-04-20T06:21:08,2024-07-05T08:40:48,0
C004114,kimberly57@example.net,Rachel,Hopkins,GEO0670,Mid-Market,2024-03-28T05:00:58,2024-09-18T05:18:40,0
C004115,joshua07@example.com,Bonnie,Clayton,GEO0771,SMB,2025-05-14T12:04:24,2026-02-01T01:57:38,0
C004116,otaylor@example.com,Justin,Hall,GEO0229,SMB,2025-03-22T21:53:05,2025-12-17T23:58:21,0
C004117,kgreer@example.org,Hannah,Johnson,GEO0220,Consumer,2024-05-04T06:43:12,2025-07-23T12:23:46,0
C004118,john98@example.org,Samantha,Black,GEO0546,Consumer,2024-01-13T16:21:38,2024-03-21T10:57:27,0
C004119,murraycatherine@example.net,Tammy,Cox,GEO0366,SMB,2026-02-16T17:07:28,2026-02-26T19:06:42,0
C004120,shannon37@example.com,Robert,Andersen,GEO0273,SMB,2026-01-14T17:10:36,2026-01-17T22:21:11,0
C004121,grayalicia@example.org,Vickie,Byrd,GEO0658,Mid-Market,2024-11-07T05:10:05,2025-12-28T18:55:07,0
C004122,srandall@example.org,Brian,Ramos,GEO0287,Consumer,2025-12-03T20:18:10,2026-02-14T18:58:38,0
C004123,drakemary@example.com,Susan,Davis,GEO0328,Consumer,2025-05-30T09:07:18,2025-06-02T02:13:52,0
C004124,lesliejohnson@example.net,Aaron,Romero,GEO0631,Mid-Market,2025-01-05T22:25:57,2025-10-27T18:12:37,0
C004125,paulmoore@example.org,James,Dawson,GEO0504,Consumer,2024-10-18T13:20:09,2024-10-20T03:53:10,0
C004126,justin33@example.com,Bonnie,Munoz,GEO0286,Consumer,2025-12-28T03:28:19,2026-01-02T04:03:39,0
C004127,stephaniecook@example.org,Jessica,Walker,GEO0426,Mid-Market,2025-06-02T09:44:19,2026-01-11T19:32:32,0
C004128,sarahvega@example.com,Leslie,Moore,GEO0320,SMB,2025-06-17T12:23:39,2025-11-16T17:04:44,0
C004129,lawrencelambert@example.com,Lisa,Mitchell,GEO0298,SMB,2024-05-30T05:51:38,2024-10-04T07:42:24,0
C004130,mmoore@example.net,Brian,Taylor,GEO0624,SMB,2025-11-15T19:06:58,2026-01-07T09:17:44,0
C004131,johnolson@example.org,Kelly,Sparks,GEO0655,Consumer,2025-08-13T10:12:50,2025-09-20T23:07:35,0
C004132,olivia93@example.net,Michael,Richardson,GEO0518,Consumer,2024-01-27T03:12:03,2025-07-09T10:56:08,0
C004133,chatfield@example.org,Benjamin,Jenkins,GEO0405,SMB,2024-04-14T12:53:56,2025-10-12T05:56:15,0
C004134,mking@example.com,Terri,Baker,GEO0203,Mid-Market,2024-07-06T08:59:45,2024-07-18T23:08:09,0
C004135,anne76@example.org,Katie,Rodriguez,GEO0640,Mid-Market,2026-01-13T08:25:11,2026-02-07T15:53:05,0
C004136,saraharper@example.net,Dylan,Rhodes,GEO0784,Consumer,2024-09-05T00:08:20,2025-05-15T08:10:15,0
C004137,cameronmark@example.com,Jessica,Garcia,GEO0528,SMB,2025-03-10T01:52:28,2025-11-07T12:01:19,0
C004138,garyhernandez@example.net,Debra,Douglas,GEO0589,Mid-Market,2024-05-17T23:12:41,2026-02-25T21:42:37,0
C004139,diazkenneth@example.com,Angela,Gomez,GEO0642,SMB,2025-07-02T20:45:58,2026-02-17T13:45:25,0
C004140,zuniganathan@example.com,Lisa,Peterson,GEO0188,SMB,2025-04-26T01:34:44,2026-01-06T15:55:08,0
C004141,brent63@example.net,Marvin,Smith,GEO0539,SMB,2024-02-10T20:21:11,2024-12-05T22:03:01,0
C004142,ifreeman@example.net,Laurie,Collins,GEO0073,Mid-Market,2024-08-11T01:56:50,2025-08-25T02:01:44,0
C004143,jessetaylor@example.com,Michaela,Lee,GEO0696,Mid-Market,2026-02-11T22:55:31,2026-02-15T09:51:29,0
C004144,bakermadison@example.org,Anthony,Thompson,GEO0694,SMB,2024-05-20T08:11:27,2025-05-09T09:56:04,0
C004145,richardbennett@example.net,Tonya,Conley,GEO0529,Mid-Market,2026-02-01T17:37:42,2026-02-07T18:11:31,0
C004146,kwu@example.org,Isaiah,Jennings,GEO0290,Mid-Market,2025-03-20T22:45:14,2026-01-11T17:20:44,0
C004147,bryanwallace@example.com,Erica,Morales,GEO0013,Mid-Market,2024-08-12T21:06:51,2026-02-27T05:50:59,0
C004148,cmejia@example.com,Dawn,Moon,GEO0098,Consumer,2025-08-13T12:41:12,2026-01-31T20:10:49,0
C004149,hardincarlos@example.com,Erika,Thompson,GEO0021,Mid-Market,2025-04-15T20:27:33,2025-04-25T15:56:47,0
C004150,clarkmelinda@example.com,Kyle,Johnson,GEO0408,SMB,2024-02-10T05:41:56,2024-10-04T11:57:58,0
C004151,kgreene@example.org,Patrick,Chandler,GEO0221,Consumer,2025-10-28T02:33:39,2026-01-13T11:37:15,0
C004152,ginafischer@example.org,Brianna,Reid,GEO0158,Mid-Market,2024-03-23T13:43:37,2025-11-20T05:43:05,0
C004153,yangeric@example.com,Krista,Lynch,GEO0079,SMB,2024-07-14T07:19:45,2025-11-04T23:03:22,0
C004154,smithmatthew@example.org,Timothy,Moore,GEO0668,Mid-Market,2025-04-25T00:31:30,2025-11-02T00:46:35,0
C004155,dwilliams@example.net,David,Thomas,GEO0421,Mid-Market,2024-10-31T09:42:36,2025-09-08T19:50:58,0
C004156,denisewallace@example.com,Hunter,Chan,GEO0770,SMB,2024-07-21T14:24:32,2025-09-20T22:26:08,0
C004157,justin85@example.com,Jill,Nichols,GEO0669,Consumer,2024-03-13T17:59:00,2025-02-09T18:22:04,0
C004158,jmccormick@example.org,Bryan,Lee,GEO0534,Mid-Market,2024-09-20T08:47:22,2025-07-01T23:10:10,0
C004159,heatherstone@example.net,Julie,Johnson,GEO0199,Mid-Market,2025-01-14T10:21:06,2025-04-24T06:45:02,0
C004160,pollardgary@example.net,Angela,Valenzuela,GEO0093,Mid-Market,2024-12-01T02:22:18,2025-01-19T18:26:13,0
C004161,robert65@example.net,Bethany,Taylor,GEO0720,SMB,2025-12-06T03:58:47,2025-12-18T00:38:26,0
C004162,travis09@example.com,Lori,Short,GEO0478,SMB,2024-11-12T03:43:14,2026-01-26T13:14:25,0
C004163,qmercado@example.com,Eric,Burton,GEO0494,Mid-Market,2024-12-30T19:00:54,2025-06-19T23:01:16,0
C004164,gregory73@example.com,Andrea,Neal,GEO0123,Consumer,2025-05-18T15:56:58,2025-07-29T04:15:16,0
C004165,isimpson@example.com,Alexis,Smith,GEO0243,Mid-Market,2025-03-05T15:53:32,2025-10-29T01:45:12,0
C004166,robert77@example.com,Kimberly,Brown,GEO0472,Consumer,2025-11-25T06:40:52,2026-02-02T03:08:33,0
C004167,nmiller@example.net,Vincent,Chavez,GEO0120,Consumer,2025-03-27T16:52:39,2026-02-24T23:36:48,0
C004168,amymoore@example.net,Bryan,George,GEO0073,SMB,2024-12-27T21:28:47,2025-12-11T23:20:56,0
C004169,patriciamcdaniel@example.org,Jasmine,Campos,GEO0443,Consumer,2024-05-02T05:28:47,2025-03-22T18:27:15,0
C004170,david00@example.com,James,Vasquez,GEO0696,Consumer,2025-05-24T02:05:19,2025-09-06T07:06:57,0
C004171,yjohnson@example.net,Jennifer,Daniels,GEO0397,Mid-Market,2025-07-01T12:10:15,2025-07-14T13:46:49,0
C004172,nortoncharles@example.net,Richard,Torres,GEO0745,SMB,2025-08-18T21:53:01,2025-08-24T07:52:59,0
C004173,kmontes@example.com,Cynthia,Thomas,GEO0288,Mid-Market,2024-04-07T00:15:45,2025-06-08T09:35:23,0
C004174,priscillabeard@example.com,Dennis,Cohen,GEO0360,Mid-Market,2024-04-04T01:58:02,2024-08-14T02:32:09,0
C004175,tonyachambers@example.com,Christopher,Ross,GEO0183,Mid-Market,2024-03-18T08:01:34,2024-06-15T14:02:08,0
C004176,millercassandra@example.net,Angela,Green,GEO0257,SMB,2024-09-25T02:27:40,2026-01-19T17:28:41,0
C004177,boydaaron@example.net,David,Smith,GEO0793,Consumer,2025-10-09T05:48:04,2025-12-20T18:38:36,0
C004178,gtucker@example.com,George,Mendoza,GEO0341,Consumer,2024-01-12T21:08:01,2024-10-24T06:41:19,0
C004179,ramseybrian@example.com,Brian,Perez,GEO0753,SMB,2025-05-22T06:46:13,2025-10-26T09:08:06,0
C004180,lproctor@example.com,Jessica,Harper,GEO0197,SMB,2025-02-25T02:55:02,2025-03-07T09:53:25,0
C004181,plyons@example.com,Robert,Santiago,GEO0003,Consumer,2024-03-08T20:18:07,2024-09-28T03:15:21,0
C004182,terri10@example.net,Sara,Williams,GEO0008,Mid-Market,2024-12-07T14:36:19,2025-02-13T01:46:30,0
C004183,gwilliams@example.com,Angela,Cox,GEO0313,Mid-Market,2024-05-30T21:08:43,2025-01-22T19:22:27,0
C004184,alexanderwilliams@example.com,Elizabeth,Cunningham,GEO0196,SMB,2025-12-10T04:42:05,2026-02-10T12:50:49,0
C004185,ginaconrad@example.org,Jacqueline,Williamson,GEO0378,Mid-Market,2025-12-28T19:57:48,2026-03-01T22:35:57,0
C004186,millerveronica@example.org,Christine,Blackwell,GEO0228,SMB,2025-04-09T13:30:47,2025-11-19T11:55:04,0
C004187,rebecca97@example.com,Deborah,Craig,GEO0756,SMB,2025-05-27T14:42:04,2025-07-31T06:38:34,0
C004188,danielle96@example.com,Brooke,Goodman,GEO0311,Mid-Market,2025-06-29T07:39:29,2025-12-10T20:51:10,0
C004189,qgoodman@example.org,Michael,Reyes,GEO0643,Mid-Market,2024-10-11T15:14:02,2025-02-28T11:07:37,0
C004190,elizabeth20@example.com,Christopher,Mitchell,GEO0213,SMB,2024-11-22T23:32:26,2025-08-10T02:41:47,0
C004191,kimberly37@example.com,Benjamin,Leon,GEO0628,Mid-Market,2025-04-12T07:17:07,2026-01-12T17:57:43,0
C004192,christopher33@example.com,Sharon,Lucero,GEO0686,Mid-Market,2025-05-25T21:25:49,2025-10-31T23:43:02,0
C004193,mirandaclarke@example.com,Judith,Wise,GEO0748,Mid-Market,2025-10-03T03:22:56,2026-02-04T10:32:21,0
C004194,hgray@example.net,Erica,Bennett,GEO0355,Mid-Market,2024-07-16T03:49:34,2025-06-14T07:42:25,0
C004195,monroeluke@example.com,Katie,Stokes,GEO0754,Consumer,2024-05-23T11:57:17,2025-04-01T19:12:49,0
C004196,qturner@example.org,Lauren,Meyer,GEO0497,Consumer,2025-08-20T14:05:43,2026-01-11T10:16:01,0
C004197,fblack@example.com,Joshua,Salazar,GEO0797,Consumer,2025-02-24T16:20:54,2025-09-27T14:00:08,0
C004198,lewislori@example.com,Wesley,Jackson,GEO0057,SMB,2026-01-26T20:04:49,2026-02-17T06:29:35,0
C004199,craigsean@example.com,Mark,Cunningham,GEO0738,Consumer,2024-10-12T01:43:57,2025-04-07T11:43:41,0
C004200,qclark@example.com,Kathy,Stewart,GEO0650,SMB,2026-01-06T07:43:20,2026-01-23T09:59:48,0
C004201,gdoyle@example.org,Rachel,Davis,GEO0032,SMB,2024-02-06T16:45:37,2025-12-30T13:29:29,0
C004202,bartlettapril@example.net,Michelle,Hayden,GEO0722,Mid-Market,2025-05-30T17:51:37,2025-08-22T20:45:57,0
C004203,robert68@example.net,Angela,Cowan,GEO0053,Consumer,2024-05-18T01:47:02,2025-08-27T04:43:42,0
C004204,candace21@example.org,Michael,Ray,GEO0451,Consumer,2024-10-10T19:19:31,2025-11-03T02:07:50,0
C004205,porterjason@example.net,Shawn,Benson,GEO0543,SMB,2024-10-29T03:44:28,2025-05-04T21:31:34,0
C004206,heather80@example.org,Nicole,Hernandez,GEO0571,SMB,2024-01-16T03:56:01,2025-12-26T09:35:27,0
C004207,wbaker@example.net,Tammy,Simpson,GEO0403,Consumer,2025-05-10T16:26:16,2025-09-26T04:27:08,0
C004208,alanyork@example.com,Amy,Martin,GEO0333,SMB,2024-10-26T15:03:44,2025-03-07T18:35:26,0
C004209,jmorse@example.org,Jennifer,Thomas,GEO0058,Consumer,2024-03-25T00:07:32,2025-07-12T14:49:00,0
C004210,nashlinda@example.com,Teresa,Scott,GEO0069,Consumer,2024-09-05T10:29:49,2024-10-23T22:18:42,0
C004211,sean60@example.com,Greg,Wright,GEO0076,Consumer,2024-08-17T14:15:08,2025-06-28T12:42:27,0
C004212,emullen@example.net,Amy,King,GEO0535,Mid-Market,2025-06-26T19:55:30,2025-12-11T08:38:51,0
C004213,lhatfield@example.org,Jose,Miller,GEO0103,Consumer,2025-11-26T06:40:49,2025-12-03T08:51:14,0
C004214,victornichols@example.com,Maurice,Thomas,GEO0147,SMB,2024-04-13T14:39:38,2025-09-07T18:36:09,0
C004215,rodneylin@example.com,Christine,Gordon,GEO0654,Mid-Market,2025-02-17T05:18:29,2025-02-28T09:54:33,0
C004216,ilawrence@example.net,Steven,Ruiz,GEO0615,Mid-Market,2024-04-17T06:03:05,2025-09-22T13:49:18,0
C004217,joshua84@example.com,Katherine,Levy,GEO0430,Consumer,2024-05-19T02:52:16,2025-05-19T22:24:52,0
C004218,joshuawilson@example.net,Sara,Taylor,GEO0692,Mid-Market,2024-04-09T03:10:29,2025-04-20T19:05:57,0
C004219,robertzamora@example.org,Hayley,Estes,GEO0784,Consumer,2025-05-01T00:15:17,2025-09-01T14:17:12,0
C004220,dwhite@example.com,Elizabeth,Brown,GEO0737,SMB,2024-06-07T12:51:43,2025-09-30T09:01:52,0
C004221,johnhuang@example.net,Carrie,Rodriguez,GEO0669,SMB,2025-12-06T06:24:08,2026-01-15T02:56:41,0
C004222,mckenzie84@example.com,Timothy,Sanchez,GEO0175,Consumer,2024-06-07T03:04:52,2025-05-17T08:06:40,0
C004223,richard15@example.com,Angela,Morales,GEO0356,Mid-Market,2024-04-26T00:40:08,2024-05-24T12:00:31,0
C004224,jacquelineallen@example.org,Tammy,Shepherd,GEO0671,Mid-Market,2024-09-10T12:41:37,2025-04-06T01:50:02,0
C004225,sandovalmatthew@example.com,April,Delacruz,GEO0566,Consumer,2024-05-11T02:43:19,2025-02-06T05:41:55,0
C004226,curtisjohnson@example.net,David,Reid,GEO0456,Mid-Market,2025-03-24T07:47:48,2025-09-27T06:35:16,0
C004227,john03@example.com,Susan,Thompson,GEO0182,SMB,2024-05-19T13:07:07,2025-07-12T03:43:20,0
C004228,ajones@example.net,Deborah,Mitchell,GEO0763,Mid-Market,2026-02-21T18:45:39,2026-02-25T08:47:09,0
C004229,wbrennan@example.com,Jacob,Brown,GEO0002,Consumer,2025-12-19T17:17:54,2026-01-30T10:13:28,0
C004230,andersoncharles@example.net,Holly,Vasquez,GEO0236,Mid-Market,2024-11-20T04:25:33,2025-01-24T23:41:39,0
C004231,angelafreeman@example.org,Rebecca,Butler,GEO0237,Mid-Market,2024-03-02T03:17:54,2025-11-18T18:52:54,0
C004232,heidi45@example.net,Michelle,Rivera,GEO0220,Consumer,2024-11-14T05:51:12,2025-01-21T06:22:35,0
C004233,wbennett@example.com,Mark,Whitaker,GEO0282,Consumer,2025-08-30T11:32:03,2026-02-23T06:42:47,0
C004234,millsanthony@example.net,Melissa,Becker,GEO0514,SMB,2025-10-05T20:10:32,2026-02-14T00:21:01,0
C004235,matthewjones@example.org,Robin,Mills,GEO0598,SMB,2025-05-22T01:55:31,2026-02-06T02:37:43,0
C004236,creynolds@example.com,Mary,Austin,GEO0130,SMB,2025-10-07T06:23:16,2025-12-21T04:22:11,0
C004237,tlawrence@example.net,Alicia,Collins,GEO0166,Mid-Market,2025-12-21T15:31:31,2026-02-20T08:18:49,0
C004238,victoriapittman@example.com,Shane,Johnson,GEO0186,Mid-Market,2024-10-07T12:16:50,2025-08-03T07:02:19,0
C004239,bradleymiller@example.org,Mary,Jackson,GEO0775,Consumer,2024-10-16T01:27:00,2025-05-01T18:34:55,0
C004240,udavis@example.org,Jason,Moore,GEO0667,SMB,2024-05-18T09:34:27,2024-09-23T23:42:29,0
C004241,clarkryan@example.com,Alexandra,Baird,GEO0063,Consumer,2025-01-08T15:29:37,2025-05-04T17:22:57,0
C004242,kristinnoble@example.net,Timothy,Price,GEO0741,Mid-Market,2024-10-24T12:01:37,2024-12-14T04:07:01,0
C004243,sduffy@example.net,Kimberly,Lopez,GEO0687,Consumer,2024-09-17T14:10:55,2025-09-21T08:51:22,0
C004244,allisonrodgers@example.org,Jennifer,Hernandez,GEO0763,Mid-Market,2024-07-21T13:02:05,2025-10-08T01:36:53,0
C004245,ocole@example.com,Samuel,Miller,GEO0108,Consumer,2024-08-15T20:47:16,2025-12-07T00:28:36,0
C004246,russellelizabeth@example.org,Madison,Adams,GEO0583,Consumer,2025-02-10T11:42:57,2025-04-04T22:30:18,0
C004247,lisa57@example.org,Matthew,Coleman,GEO0036,Mid-Market,2024-05-07T12:49:03,2024-12-15T04:23:03,0
C004248,stephanieanderson@example.com,Victor,Reeves,GEO0749,Mid-Market,2024-08-24T21:44:49,2025-06-24T07:43:40,0
C004249,brownmark@example.com,Alyssa,Thornton,GEO0091,Mid-Market,2025-06-04T08:17:09,2026-01-25T17:36:22,0
C004250,irobinson@example.com,Jeffrey,Fields,GEO0736,Consumer,2025-12-03T13:05:50,2026-02-04T18:58:16,0
C004251,georgecooper@example.com,Sandra,Johnson,GEO0380,Mid-Market,2025-02-28T08:21:59,2025-08-03T19:44:47,0
C004252,kristinawilliams@example.net,Tasha,Rivera,GEO0517,Mid-Market,2024-12-28T19:22:53,2025-08-18T23:32:56,0
C004253,kelly68@example.net,Jessica,Graves,GEO0303,SMB,2024-06-26T23:12:46,2024-10-15T15:45:55,0
C004254,tinaflynn@example.com,Debra,Carter,GEO0342,Mid-Market,2025-11-28T21:51:09,2026-01-23T23:06:33,0
C004255,perrytasha@example.net,Melissa,Jones,GEO0796,Consumer,2024-05-15T21:17:57,2024-06-08T05:13:38,0
C004256,swalsh@example.com,Molly,Stevens,GEO0596,SMB,2024-08-01T21:58:08,2025-12-01T12:06:29,0
C004257,vskinner@example.com,Charlotte,Phillips,GEO0371,Mid-Market,2024-10-04T00:49:42,2025-07-14T01:17:46,0
C004258,zachary46@example.com,Julie,Clark,GEO0244,SMB,2025-02-02T21:23:06,2025-03-15T05:35:24,0
C004259,cindyjones@example.net,Frank,Stephens,GEO0444,Consumer,2025-05-31T03:01:22,2025-06-03T04:45:55,0
C004260,michael77@example.org,Alex,Sweeney,GEO0340,Mid-Market,2024-05-14T22:38:10,2024-06-21T15:49:41,0
C004261,johnmendez@example.com,Brandi,Watkins,GEO0723,Mid-Market,2025-11-26T10:37:22,2025-12-17T16:45:08,0
C004262,susan64@example.org,Tracy,Johnson,GEO0377,SMB,2025-03-06T15:50:17,2025-06-07T06:39:13,0
C004263,jamie12@example.net,Brandon,Villarreal,GEO0198,SMB,2025-12-16T06:58:48,2026-01-14T20:56:29,0
C004264,barbarajohnson@example.org,John,Dougherty,GEO0239,Consumer,2026-01-18T22:28:33,2026-01-31T19:26:49,0
C004265,wdavis@example.com,Douglas,Walker,GEO0749,Consumer,2025-08-15T02:52:22,2025-09-14T01:00:08,0
C004266,roger90@example.com,Patricia,Kelley,GEO0652,SMB,2024-01-02T14:48:10,2024-03-11T08:12:57,0
C004267,johnsonemily@example.org,Michael,Robinson,GEO0313,SMB,2025-10-03T22:33:24,2026-02-25T21:50:24,0
C004268,zramirez@example.org,Mark,Ellis,GEO0056,Consumer,2024-12-17T15:04:23,2025-06-17T15:15:07,0
C004269,cynthiacole@example.org,William,Murray,GEO0624,SMB,2024-01-27T05:00:35,2025-08-30T17:12:04,0
C004270,sara59@example.com,Donna,Richardson,GEO0656,Consumer,2025-04-09T00:42:51,2026-01-24T11:03:30,0
C004271,michael75@example.net,Matthew,Hudson,GEO0522,Consumer,2024-08-02T14:28:54,2025-03-23T03:08:39,0
C004272,anthony55@example.net,John,Soto,GEO0687,SMB,2024-07-16T02:47:19,2025-12-27T10:03:57,0
C004273,annawelch@example.com,Danny,Palmer,GEO0715,Mid-Market,2024-06-12T22:29:42,2025-06-29T19:40:53,0
C004274,priscilla83@example.net,Michael,Martin,GEO0187,Consumer,2025-12-14T16:09:26,2026-02-21T22:01:00,0
C004275,david52@example.org,Sherri,Shannon,GEO0252,SMB,2024-03-01T04:11:01,2025-09-26T20:40:30,0
C004276,kimberlyjones@example.net,Lawrence,Russo,GEO0707,Consumer,2024-06-09T16:37:54,2025-03-21T11:11:15,0
C004277,christophercollier@example.com,Travis,Page,GEO0199,Mid-Market,2025-10-20T10:36:26,2025-10-29T04:15:13,0
C004278,eduardo30@example.net,Derek,Mccoy,GEO0160,Mid-Market,2024-12-01T19:33:46,2025-07-26T11:07:29,0
C004279,steven08@example.net,Kim,Thomas,GEO0374,Mid-Market,2025-04-01T00:12:10,2025-07-10T00:52:59,0
C004280,lopezjessica@example.net,Michele,Jackson,GEO0245,Mid-Market,2025-06-22T01:50:27,2026-01-29T00:56:38,0
C004281,floydjoann@example.com,Natalie,Mitchell,GEO0234,SMB,2024-03-09T10:00:10,2024-12-20T03:14:59,0
C004282,brandilutz@example.com,Jesus,Schneider,GEO0467,SMB,2024-02-18T16:40:34,2025-04-26T15:41:22,0
C004283,johnstonchristopher@example.net,Christopher,Arnold,GEO0324,SMB,2025-12-18T10:21:43,2026-02-25T10:00:37,0
C004284,wardmaria@example.org,Michael,Armstrong,GEO0646,Consumer,2025-08-11T09:21:02,2025-10-25T19:53:58,0
C004285,zimmermanjustin@example.com,Cathy,King,GEO0036,Consumer,2024-06-29T12:26:39,2025-04-23T21:25:08,0
C004286,laurenrios@example.org,Mark,Russell,GEO0498,Mid-Market,2024-07-01T13:21:06,2026-01-05T03:18:49,0
C004287,spencerbrooke@example.org,James,Turner,GEO0406,Consumer,2024-05-17T09:50:58,2025-01-03T20:35:17,0
C004288,joseshaw@example.com,Thomas,Harris,GEO0100,SMB,2025-11-09T01:43:44,2025-12-12T12:09:06,0
C004289,dholt@example.com,Amy,Miller,GEO0111,SMB,2025-01-30T21:12:59,2025-06-30T19:55:12,0
C004290,iallen@example.org,Kayla,Hernandez,GEO0662,SMB,2025-08-10T03:27:50,2026-02-09T12:28:16,0
C004291,christineandrade@example.net,James,Miller,GEO0687,SMB,2024-02-04T17:57:43,2025-08-30T21:56:44,0
C004292,benjaminroberts@example.com,Ann,Martin,GEO0569,Mid-Market,2025-07-31T23:53:55,2026-01-25T11:34:20,0
C004293,hawkinsdeanna@example.net,Chad,James,GEO0645,Mid-Market,2024-10-04T02:48:05,2024-11-28T12:41:51,0
C004294,xturner@example.org,Jacob,Summers,GEO0421,SMB,2025-03-23T20:09:27,2025-08-18T02:32:28,0
C004295,lowemisty@example.org,William,Jones,GEO0452,Mid-Market,2024-08-29T18:28:34,2025-07-19T06:29:30,0
C004296,jameslong@example.net,Jessica,Horton,GEO0254,Consumer,2024-03-15T08:36:13,2024-07-05T13:47:17,0
C004297,ramosedward@example.com,Nicole,Garrett,GEO0768,Mid-Market,2025-11-23T19:33:09,2025-12-26T07:59:28,0
C004298,tbrown@example.net,Nichole,Mooney,GEO0220,SMB,2024-01-15T14:00:18,2024-02-24T15:40:37,0
C004299,pmiller@example.org,Hannah,Winters,GEO0442,SMB,2025-02-02T02:51:32,2025-09-18T11:25:50,0
C004300,montgomerypamela@example.com,Kelly,Morris,GEO0246,SMB,2024-07-01T22:57:37,2024-11-20T01:53:49,0
C004301,rodriguezjennifer@example.org,Andrew,Clay,GEO0341,Mid-Market,2024-08-13T23:10:30,2025-03-14T10:49:31,0
C004302,josephlloyd@example.net,Micheal,Johnson,GEO0765,SMB,2024-05-24T12:57:30,2024-11-29T02:09:54,0
C004303,hjones@example.com,Kayla,Cooper,GEO0292,Consumer,2024-01-05T17:49:21,2025-04-17T21:32:55,0
C004304,wchavez@example.net,Eric,Zimmerman,GEO0688,Mid-Market,2024-12-23T03:23:14,2025-03-05T22:19:11,0
C004305,ehernandez@example.com,Katelyn,Clark,GEO0378,SMB,2025-02-01T00:00:37,2025-11-04T23:54:00,0
C004306,mjohnson@example.net,Tyler,Day,GEO0592,SMB,2024-12-07T17:13:26,2025-11-06T19:02:44,0
C004307,davisteresa@example.net,Julie,Hammond,GEO0694,Consumer,2024-07-29T06:57:58,2025-04-30T02:52:58,1
C004308,kaylee70@example.org,Kathleen,Berry,GEO0767,Mid-Market,2024-09-08T12:21:41,2025-03-20T04:37:32,0
C004309,nheath@example.org,Roger,Kane,GEO0231,Mid-Market,2025-03-20T17:17:39,2026-01-22T14:55:46,0
C004310,smithbrittney@example.com,Richard,Harper,GEO0635,Consumer,2025-03-27T23:31:51,2025-04-18T13:02:01,0
C004311,msanders@example.org,Michelle,Taylor,GEO0117,SMB,2024-10-05T03:53:17,2025-06-07T07:55:28,0
C004312,jefferymurray@example.org,Trevor,Harmon,GEO0670,SMB,2024-02-22T23:37:05,2025-12-29T15:19:57,0
C004313,alexandra00@example.net,Tyler,Gentry,GEO0274,Consumer,2024-10-17T12:35:28,2024-11-28T21:46:40,0
C004314,diana86@example.org,John,Robinson,GEO0762,Consumer,2025-01-25T16:58:44,2025-09-16T13:11:55,0
C004315,meganlloyd@example.com,Matthew,Nichols,GEO0129,SMB,2025-01-01T22:31:51,2025-06-04T00:47:20,0
C004316,scarter@example.net,Heather,Arnold,GEO0797,Mid-Market,2025-01-18T13:27:07,2025-10-13T04:18:48,0
C004317,johnrogers@example.net,Adam,Lane,GEO0739,SMB,2026-01-11T09:04:17,2026-01-21T15:32:23,0
C004318,douglasrosales@example.com,Robin,Roberson,GEO0016,Mid-Market,2024-08-27T02:16:06,2026-01-24T16:30:11,0
C004319,ginapierce@example.com,Julia,Kelly,GEO0180,Mid-Market,2024-07-31T08:43:36,2025-01-23T02:40:10,0
C004320,lewiskayla@example.net,Stephanie,Harrington,GEO0373,Mid-Market,2024-07-28T07:36:55,2026-01-15T05:07:20,0
C004321,samanthastone@example.org,Kimberly,Young,GEO0766,Consumer,2024-01-25T14:44:52,2024-05-29T06:55:08,0
C004322,ndaniels@example.net,Jennifer,Gonzalez,GEO0231,Consumer,2025-12-13T09:45:17,2026-02-16T08:59:49,0
C004323,dustinallen@example.org,Antonio,Neal,GEO0233,SMB,2025-03-05T15:04:23,2026-02-09T08:07:46,0
C004324,xscott@example.net,Larry,Fisher,GEO0488,Mid-Market,2025-04-20T22:24:24,2025-04-23T09:20:26,0
C004325,zachary74@example.org,Philip,Henry,GEO0339,Consumer,2025-08-26T18:05:57,2025-09-20T12:43:52,0
C004326,andersonrichard@example.org,Stephen,Reed,GEO0064,SMB,2024-11-13T14:41:25,2025-07-22T21:28:48,0
C004327,baileycastillo@example.org,David,Howard,GEO0027,SMB,2025-02-13T15:46:27,2025-08-29T12:55:16,0
C004328,adam11@example.net,Kimberly,King,GEO0390,Consumer,2025-02-07T17:22:08,2025-02-11T16:42:47,0
C004329,woodgregory@example.org,Jasmine,Dawson,GEO0754,Mid-Market,2024-12-16T04:37:27,2025-05-24T10:56:20,0
C004330,esnow@example.com,Amber,Wilson,GEO0404,Consumer,2024-07-08T15:23:03,2025-04-28T18:39:34,0
C004331,paul03@example.com,Charles,Black,GEO0559,Mid-Market,2025-05-21T04:37:35,2026-02-01T15:09:29,0
C004332,reginaldgoodman@example.com,Matthew,Fletcher,GEO0220,Mid-Market,2024-11-02T08:09:10,2024-11-04T13:04:43,0
C004333,nicholas54@example.org,Judith,Mason,GEO0631,SMB,2025-07-21T22:02:26,2025-12-23T05:38:52,0
C004334,noahmullins@example.org,Vincent,Davis,GEO0450,Mid-Market,2025-04-23T07:41:33,2025-11-30T21:17:02,0
C004335,lindsay34@example.net,Joseph,Parks,GEO0141,SMB,2025-01-24T04:19:26,2025-09-02T06:37:02,0
C004336,victoria95@example.net,Robert,Coleman,GEO0768,Consumer,2024-06-15T08:15:03,2024-12-30T02:34:44,0
C004337,halladam@example.org,Christopher,Moses,GEO0664,Consumer,2025-08-03T07:52:01,2025-08-23T03:58:07,0
C004338,edwinrowe@example.org,Tanya,Bennett,GEO0262,SMB,2025-06-04T21:01:25,2025-12-02T08:32:34,0
C004339,rmeadows@example.org,Hannah,Pearson,GEO0217,Mid-Market,2024-12-17T15:20:23,2025-02-23T22:18:22,0
C004340,zmanning@example.org,Peter,Moreno,GEO0138,SMB,2025-08-06T03:21:04,2025-10-15T06:26:38,0
C004341,dominique09@example.com,Mary,Mccoy,GEO0710,SMB,2024-09-16T14:45:33,2025-04-20T10:04:59,0
C004342,whitneybrenda@example.com,Anthony,Moran,GEO0241,Mid-Market,2025-08-08T06:41:32,2025-12-02T22:59:05,0
C004343,russellsamantha@example.com,Antonio,Wilson,GEO0423,SMB,2024-09-04T11:25:27,2025-11-20T07:42:13,0
C004344,robertsteele@example.com,Melissa,Molina,GEO0694,Mid-Market,2025-07-09T18:22:45,2026-02-20T23:34:27,0
C004345,allenlisa@example.net,Johnathan,Nelson,GEO0614,Consumer,2024-09-13T14:41:34,2025-02-04T10:43:24,0
C004346,chess@example.org,Hannah,Thompson,GEO0455,Mid-Market,2024-02-17T03:38:39,2025-10-06T03:49:52,0
C004347,vreilly@example.net,Donna,Rogers,GEO0478,SMB,2026-01-22T04:16:55,2026-02-18T19:19:40,0
C004348,torreshoward@example.com,Jonathan,Austin,GEO0707,Mid-Market,2025-03-07T05:37:12,2025-09-24T21:59:34,0
C004349,vpatterson@example.com,Devon,Miller,GEO0134,SMB,2024-05-20T16:55:23,2024-09-16T15:37:29,0
C004350,skirby@example.com,Megan,Anderson,GEO0095,SMB,2025-03-20T18:46:53,2026-01-24T01:05:52,0
C004351,gary00@example.org,Robert,Conrad,GEO0460,Consumer,2024-01-05T20:59:52,2025-05-25T02:38:48,0
C004352,wongsean@example.com,Kevin,Carpenter,GEO0388,Mid-Market,2025-11-26T10:54:46,2026-02-28T21:55:08,0
C004353,heidi59@example.org,Jim,Craig,GEO0678,Consumer,2024-01-10T17:42:29,2024-06-20T03:58:08,0
C004354,jdawson@example.org,Madeline,Henderson,GEO0456,Mid-Market,2025-01-09T02:36:02,2025-11-29T08:57:22,0
C004355,rhiggins@example.net,Melissa,Brown,GEO0056,Consumer,2025-01-26T09:52:46,2025-06-13T13:44:11,0
C004356,jsmith@example.org,David,Joseph,GEO0329,Consumer,2024-02-06T12:21:27,2025-03-29T06:40:50,0
C004357,daisy57@example.com,Stephanie,Rojas,GEO0797,Consumer,2025-09-08T21:22:02,2026-01-19T04:18:12,0
C004358,blakenelson@example.net,Kevin,Campbell,GEO0470,SMB,2024-05-14T04:20:15,2025-11-16T02:17:00,0
C004359,glenn35@example.net,Michael,Hernandez,GEO0651,Mid-Market,2024-02-24T15:20:20,2025-10-25T16:53:18,0
C004360,daniellewebb@example.net,Amanda,Kennedy,GEO0657,SMB,2025-11-19T05:03:09,2025-12-25T16:19:12,0
C004361,michele79@example.net,David,Clark,GEO0233,Consumer,2024-12-20T15:17:23,2024-12-27T23:38:13,0
C004362,robertnguyen@example.com,Dana,Sampson,GEO0238,Consumer,2024-09-09T16:03:54,2025-12-29T00:08:16,0
C004363,fdavis@example.com,Zachary,Anderson,GEO0405,SMB,2024-01-05T06:05:01,2025-09-30T00:29:30,0
C004364,houstonmichelle@example.com,Susan,Leonard,GEO0035,Mid-Market,2025-11-16T05:15:43,2025-12-28T22:44:15,0
C004365,charles07@example.net,Barbara,Wilson,GEO0366,SMB,2024-05-12T15:40:41,2024-12-23T15:27:22,0
C004366,twilson@example.com,Jonathan,Reyes,GEO0535,SMB,2024-09-20T12:04:28,2025-01-28T14:22:30,0
C004367,faulkneryvonne@example.net,John,Chang,GEO0703,SMB,2024-08-18T10:19:35,2024-12-05T09:29:06,0
C004368,tcox@example.org,Jessica,Turner,GEO0579,SMB,2025-02-02T13:06:21,2026-01-17T07:37:13,0
C004369,ulewis@example.net,Zachary,Payne,GEO0233,Mid-Market,2026-03-01T23:55:08,2026-03-02T05:29:45,0
C004370,tara23@example.com,Zoe,Caldwell,GEO0574,Consumer,2024-05-22T11:03:59,2024-08-30T06:56:16,0
C004371,anita77@example.org,Brian,Castro,GEO0071,Mid-Market,2024-08-15T07:36:03,2025-11-05T05:30:39,0
C004372,chenmatthew@example.org,Matthew,Davis,GEO0510,Mid-Market,2026-01-28T19:41:56,2026-02-18T16:11:57,0
C004373,potterjessica@example.net,Maria,Pierce,GEO0222,SMB,2025-04-02T06:13:45,2026-01-16T02:53:08,0
C004374,karisullivan@example.net,Teresa,Brown,GEO0454,Consumer,2025-09-10T07:28:58,2025-10-08T22:38:07,0
C004375,awade@example.net,Andrew,Weaver,GEO0262,SMB,2025-03-28T19:15:36,2025-09-29T10:29:42,0
C004376,renee38@example.org,Maria,Lucas,GEO0201,SMB,2024-03-30T05:05:50,2024-06-29T13:43:11,0
C004377,stephen64@example.com,Katherine,Barnett,GEO0529,Mid-Market,2024-02-04T12:54:41,2026-02-11T21:20:38,0
C004378,theresamack@example.org,Maria,Lopez,GEO0700,Consumer,2024-02-16T22:17:53,2024-10-30T06:25:16,0
C004379,wsmith@example.net,Brittney,Riggs,GEO0377,SMB,2024-08-08T08:18:16,2025-03-11T05:47:49,0
C004380,pwilliams@example.com,Abigail,Brown,GEO0192,Mid-Market,2025-03-04T02:16:09,2025-05-23T22:48:59,0
C004381,tellison@example.com,Karen,Crosby,GEO0695,Mid-Market,2024-01-08T01:29:40,2024-06-09T05:58:56,0
C004382,frankjimenez@example.net,Austin,Maynard,GEO0044,SMB,2025-03-28T22:32:15,2025-09-07T05:29:32,0
C004383,joshuanelson@example.org,Emily,Holt,GEO0756,Mid-Market,2025-10-04T14:58:34,2025-12-24T21:30:06,0
C004384,isharp@example.com,Michelle,Peck,GEO0390,Consumer,2025-09-08T06:34:48,2025-12-12T06:02:00,0
C004385,christinabailey@example.com,Lauren,Nunez,GEO0445,Consumer,2025-08-25T01:42:27,2025-10-18T20:08:21,0
C004386,lisa65@example.com,Dean,Ruiz,GEO0775,SMB,2026-01-18T20:30:59,2026-02-15T10:18:25,0
C004387,erica19@example.net,Ethan,Garcia,GEO0102,SMB,2025-07-18T03:30:10,2025-12-06T21:19:29,0
C004388,tyrone95@example.org,Michele,Drake,GEO0691,Consumer,2024-01-29T09:17:51,2025-04-04T20:13:14,0
C004389,kyleduran@example.org,Bruce,Kim,GEO0152,SMB,2025-12-29T12:22:41,2026-02-17T21:26:54,0
C004390,randyfrey@example.org,Brian,Martinez,GEO0660,SMB,2025-06-25T02:21:18,2026-01-02T13:47:12,0
C004391,qalvarado@example.com,George,House,GEO0715,SMB,2024-05-03T10:31:13,2025-03-20T02:52:32,0
C004392,awalker@example.net,Renee,Blake,GEO0375,Mid-Market,2024-04-20T15:25:36,2025-05-20T11:45:52,0
C004393,qmolina@example.org,Jessica,Perez,GEO0466,Mid-Market,2025-01-04T13:20:50,2025-08-02T00:02:50,0
C004394,reynoldsmatthew@example.net,Eddie,Marshall,GEO0433,Consumer,2025-10-17T22:14:28,2026-01-05T04:11:36,0
C004395,irichardson@example.com,Jean,Gonzalez,GEO0526,Mid-Market,2025-02-08T08:33:16,2025-12-31T04:05:00,0
C004396,brownlauren@example.org,Reginald,Glass,GEO0567,Consumer,2024-06-12T04:20:05,2025-03-10T10:22:30,0
C004397,nburke@example.org,Derek,Hamilton,GEO0668,Mid-Market,2025-08-24T11:53:46,2025-10-13T14:41:08,0
C004398,victoriaanderson@example.net,Sherry,Terry,GEO0505,SMB,2025-05-11T13:02:17,2025-06-15T09:09:59,0
C004399,kerritownsend@example.org,Steven,Woodard,GEO0343,Consumer,2024-11-10T01:11:39,2026-01-17T15:02:34,0
C004400,tylerthompson@example.com,Karen,Clark,GEO0734,SMB,2024-08-13T04:11:37,2025-01-06T03:01:39,0
C004401,halljerome@example.com,Makayla,Quinn,GEO0712,SMB,2024-07-24T20:48:09,2025-06-07T21:12:38,0
C004402,smithheather@example.com,Douglas,Clark,GEO0702,Mid-Market,2024-06-19T20:23:02,2024-09-16T22:43:42,0
C004403,harrissean@example.com,James,Hall,GEO0133,Mid-Market,2024-11-08T12:57:08,2025-08-20T08:01:29,0
C004404,feliciachen@example.net,Paige,Robertson,GEO0194,Mid-Market,2025-03-18T20:42:37,2025-09-02T06:38:03,0
C004405,michael12@example.com,Debbie,Macdonald,GEO0166,SMB,2025-07-12T17:59:13,2025-12-27T21:18:48,0
C004406,adamsjeffery@example.org,Brittany,Owen,GEO0115,SMB,2025-02-16T21:39:01,2025-03-13T14:32:09,0
C004407,karen17@example.com,Ashley,Cruz,GEO0268,SMB,2024-11-06T13:25:24,2025-09-13T09:44:35,0
C004408,englishdenise@example.com,Kenneth,Richard,GEO0280,Mid-Market,2025-03-17T00:43:36,2026-02-04T09:13:33,0
C004409,kyle21@example.com,Tracy,Horton,GEO0794,Consumer,2025-06-01T21:47:22,2025-06-09T16:20:21,0
C004410,stevenbarnett@example.com,Keith,Morris,GEO0644,SMB,2024-07-04T20:27:10,2026-02-08T15:50:11,0
C004411,crystalcole@example.net,Tara,Donaldson,GEO0762,Mid-Market,2025-01-24T04:13:51,2026-02-26T04:20:28,0
C004412,xboyd@example.net,James,Swanson,GEO0482,SMB,2024-06-11T07:40:19,2025-08-07T17:52:45,0
C004413,aliciahawkins@example.net,Leah,Johnson,GEO0727,Consumer,2025-12-29T15:03:46,2026-02-10T08:29:11,0
C004414,maustin@example.com,Robin,Rhodes,GEO0192,Mid-Market,2025-11-19T07:16:40,2025-12-21T13:26:25,0
C004415,ericamiller@example.com,Andrew,Martin,GEO0626,SMB,2024-02-17T03:59:19,2025-10-22T23:47:24,0
C004416,katherine65@example.com,Kimberly,Becker,GEO0054,Consumer,2025-07-13T12:55:32,2025-10-22T05:32:52,0
C004417,andersonalexander@example.com,Ryan,Buck,GEO0653,Mid-Market,2025-01-30T23:33:44,2025-10-24T15:39:10,0
C004418,xlittle@example.org,Richard,Ellis,GEO0248,Mid-Market,2024-09-13T08:56:01,2025-05-22T21:59:50,0
C004419,troy71@example.com,Maria,Ray,GEO0481,Mid-Market,2025-10-27T19:23:05,2026-01-01T13:39:45,0
C004420,jwright@example.net,Michael,Gilbert,GEO0662,Consumer,2025-03-03T07:42:19,2025-07-20T01:54:35,1
C004421,hallmatthew@example.com,Dwayne,Harrison,GEO0786,Consumer,2025-07-07T22:41:15,2026-02-14T03:34:15,0
C004422,ericnguyen@example.net,Katherine,Allen,GEO0787,Consumer,2024-01-29T12:37:47,2024-08-11T08:30:26,0
C004423,kphillips@example.net,Valerie,Perez,GEO0193,Consumer,2024-03-10T20:53:50,2024-10-04T15:31:38,0
C004424,christina94@example.org,James,Hart,GEO0616,Mid-Market,2024-09-10T19:35:51,2024-09-12T02:49:43,0
C004425,kristin46@example.com,Ryan,Bates,GEO0696,Consumer,2024-06-10T00:04:24,2025-01-16T03:32:48,0
C004426,james70@example.net,Tracy,Johnson,GEO0540,Consumer,2024-07-03T00:40:09,2025-03-06T18:06:23,0
C004427,joannadavis@example.net,Dwayne,Roman,GEO0514,Consumer,2024-08-09T06:15:52,2025-09-17T20:48:43,0
C004428,ycase@example.net,Nicholas,Vega,GEO0523,Consumer,2025-11-26T09:49:00,2026-02-09T17:11:05,0
C004429,michaelmyers@example.com,Jamie,Bush,GEO0722,Consumer,2025-05-11T05:15:07,2026-02-16T19:58:27,0
C004430,georgeblair@example.com,Samantha,Hayes,GEO0046,Consumer,2024-07-10T03:11:39,2025-07-01T19:01:57,0
C004431,carmenjones@example.net,Peter,Robles,GEO0118,Consumer,2024-09-07T21:49:29,2026-01-17T20:20:25,0
C004432,johnsonalex@example.net,April,Foster,GEO0486,Mid-Market,2025-08-12T22:00:00,2026-02-06T00:44:06,0
C004433,adkinsjared@example.net,Eric,Collins,GEO0397,Mid-Market,2025-08-18T23:05:29,2025-11-22T10:53:56,0
C004434,jayala@example.net,Courtney,Gonzalez,GEO0284,Consumer,2026-02-14T09:54:19,2026-02-21T08:13:50,0
C004435,npalmer@example.com,Crystal,Ramirez,GEO0468,SMB,2025-06-06T03:23:58,2025-07-13T10:18:46,0
C004436,yfrey@example.org,Kristin,Jensen,GEO0719,SMB,2024-11-07T19:07:07,2025-07-03T20:03:57,0
C004437,greenetyler@example.com,Kelly,Pace,GEO0717,Mid-Market,2025-12-07T14:00:08,2026-02-06T04:34:11,0
C004438,danielle81@example.org,Justin,Potter,GEO0212,SMB,2024-02-03T01:02:39,2024-10-03T21:46:46,0
C004439,jenniferbarnes@example.net,Mary,Scott,GEO0192,Mid-Market,2024-01-10T23:12:18,2025-10-13T22:36:41,0
C004440,smcguire@example.org,Amber,Tate,GEO0653,Consumer,2024-07-02T05:07:24,2024-07-14T00:23:55,0
C004441,manningkristin@example.net,Mark,Mason,GEO0191,Consumer,2025-12-28T05:16:44,2026-01-06T17:14:08,0
C004442,hopkinspaul@example.com,Samantha,Miller,GEO0132,SMB,2026-01-23T05:45:28,2026-02-16T05:23:09,0
C004443,scottlindsey@example.com,Jody,Ramos,GEO0546,Consumer,2024-02-13T02:14:07,2024-05-24T13:29:36,0
C004444,tiffanyhill@example.com,Michael,Obrien,GEO0698,SMB,2026-01-12T05:33:57,2026-02-28T06:10:56,0
C004445,nromero@example.org,Wesley,Foster,GEO0212,Mid-Market,2025-05-20T00:06:47,2025-07-01T12:28:32,0
C004446,brian30@example.net,Michelle,Newman,GEO0082,SMB,2024-04-25T14:50:53,2025-10-26T13:47:08,0
C004447,zramirez@example.net,Stephanie,Martin,GEO0058,Consumer,2025-09-04T05:20:06,2025-11-28T06:32:25,0
C004448,kennethgolden@example.com,John,Sullivan,GEO0080,Consumer,2024-09-19T13:28:14,2024-10-05T05:10:02,0
C004449,gregory12@example.org,Gina,Price,GEO0417,SMB,2025-08-10T02:30:43,2025-11-04T06:41:54,0
C004450,williambrown@example.net,Amy,Clark,GEO0002,Mid-Market,2024-10-16T00:23:50,2025-01-25T02:38:33,0
C004451,robert46@example.com,Aaron,Evans,GEO0685,Consumer,2024-03-17T21:21:01,2025-06-18T10:50:20,0
C004452,lewisrichard@example.com,Joshua,Jordan,GEO0285,SMB,2025-06-24T16:20:10,2025-11-11T09:26:59,0
C004453,sandovalnicole@example.com,Christopher,Thompson,GEO0106,Consumer,2025-04-02T07:50:31,2025-12-16T08:27:28,0
C004454,bradley39@example.net,Richard,Edwards,GEO0598,Consumer,2025-05-18T23:00:35,2025-09-11T00:41:28,0
C004455,andrea68@example.net,Sara,Jones,GEO0376,Mid-Market,2024-10-06T09:53:02,2025-09-18T16:14:20,0
C004456,williamsmaria@example.org,Lee,Guzman,GEO0730,Consumer,2026-01-05T02:31:57,2026-01-15T14:10:29,0
C004457,jayanderson@example.net,Robert,Espinoza,GEO0019,SMB,2025-09-01T07:59:46,2025-10-06T17:11:36,0
C004458,osmith@example.net,Lee,Curry,GEO0372,Mid-Market,2024-04-30T17:58:15,2024-09-10T00:23:06,0
C004459,jacksonmatthew@example.com,James,Stone,GEO0793,Consumer,2026-02-08T02:52:12,2026-02-16T00:27:57,0
C004460,freynicole@example.org,Jack,Phillips,GEO0533,Mid-Market,2025-01-27T00:04:56,2025-12-09T19:02:23,0
C004461,melissa18@example.org,Rhonda,Hansen,GEO0457,SMB,2024-07-02T01:25:20,2024-09-05T02:43:30,0
C004462,padkins@example.org,Carla,Lawson,GEO0090,SMB,2025-12-31T15:51:04,2026-02-15T02:29:03,0
C004463,lopezrichard@example.net,Nathaniel,Wiley,GEO0616,SMB,2025-02-06T17:22:51,2025-09-19T18:27:58,0
C004464,david19@example.org,Martha,Ray,GEO0376,SMB,2025-07-23T06:40:42,2025-08-14T05:57:50,0
C004465,bmiller@example.net,Travis,Webb,GEO0723,Consumer,2024-09-17T14:47:42,2024-10-12T09:40:19,0
C004466,maychelsey@example.org,Carla,Harris,GEO0257,Consumer,2025-12-02T07:34:42,2026-02-06T03:36:03,0
C004467,karengould@example.net,Rebecca,Best,GEO0470,Consumer,2024-05-07T08:52:58,2025-04-15T22:26:31,0
C004468,andre19@example.com,Christopher,Estes,GEO0607,SMB,2025-12-12T14:28:26,2025-12-21T18:55:21,0
C004469,jaredtaylor@example.org,Joshua,Gomez,GEO0365,Mid-Market,2024-10-01T12:47:01,2025-01-07T15:02:36,0
C004470,bobbysavage@example.com,Blake,Williams,GEO0529,SMB,2024-04-06T13:19:21,2024-06-21T15:55:29,0
C004471,timothylowe@example.com,Tyler,Boyd,GEO0307,Consumer,2024-02-11T04:42:13,2025-09-01T00:16:45,0
C004472,paul74@example.net,Adam,Ross,GEO0306,SMB,2024-08-23T14:32:55,2025-02-05T14:29:42,0
C004473,vaughnpaula@example.org,Rebecca,Mccormick,GEO0264,Consumer,2024-11-26T23:09:03,2025-10-08T11:40:37,0
C004474,jennifersantos@example.org,Virginia,Vargas,GEO0468,Consumer,2025-12-07T17:17:33,2026-02-17T17:30:50,0
C004475,sherry65@example.com,Emily,Jackson,GEO0627,Mid-Market,2025-01-04T16:31:11,2025-08-26T05:39:38,0
C004476,spencerbrandon@example.net,Bryan,Miller,GEO0711,Consumer,2024-07-13T20:46:21,2025-11-08T21:40:01,0
C004477,contrerasdavid@example.net,Jennifer,Chan,GEO0791,SMB,2025-12-17T00:57:52,2026-01-17T18:32:25,0
C004478,jameswhite@example.com,Brandy,Reese,GEO0546,Consumer,2025-03-09T22:38:51,2025-12-04T09:49:24,0
C004479,icarpenter@example.org,Ruben,Hernandez,GEO0718,SMB,2025-06-30T08:08:43,2025-10-24T07:37:35,0
C004480,gibbslisa@example.com,Carol,Peters,GEO0292,Mid-Market,2024-11-22T12:50:43,2025-05-18T04:45:15,0
C004481,singletonnicole@example.net,Paul,Rodriguez,GEO0306,Mid-Market,2024-03-20T23:35:26,2026-01-26T14:25:10,0
C004482,ddalton@example.com,Michael,Cooper,GEO0771,SMB,2024-06-08T07:21:55,2025-01-25T07:54:19,0
C004483,brownkaren@example.org,Laura,Smith,GEO0088,SMB,2024-01-04T20:10:03,2024-04-19T13:27:12,0
C004484,sullivanjoshua@example.org,Shelly,Wu,GEO0191,Consumer,2024-10-03T03:16:44,2025-02-16T02:23:25,0
C004485,kingjulie@example.com,Mary,Walter,GEO0773,SMB,2024-07-19T22:21:11,2025-09-17T06:25:10,0
C004486,holtvictor@example.org,Jonathan,Brock,GEO0068,Mid-Market,2025-06-24T13:11:56,2025-08-18T06:23:29,0
C004487,joshuaelliott@example.com,Juan,Hutchinson,GEO0656,SMB,2024-10-17T08:23:23,2025-11-30T22:07:47,0
C004488,wilkinsalexander@example.net,Lisa,Singh,GEO0629,SMB,2025-10-30T06:17:55,2025-12-06T04:05:04,0
C004489,gutierrezdavid@example.com,Jose,Ross,GEO0636,SMB,2025-04-23T08:56:36,2025-09-05T09:36:21,0
C004490,gabriellelittle@example.com,Ashley,Williams,GEO0288,SMB,2025-10-18T05:48:52,2025-11-07T20:35:34,0
C004491,donald41@example.com,Douglas,Montgomery,GEO0721,Consumer,2024-11-02T20:49:19,2025-05-14T07:32:07,0
C004492,robertsmichael@example.net,Scott,Jordan,GEO0675,Consumer,2025-01-10T05:39:07,2025-03-13T13:17:48,0
C004493,melanie84@example.com,Richard,Myers,GEO0670,Mid-Market,2025-10-19T05:57:16,2026-01-26T09:11:37,0
C004494,humphreylindsay@example.org,Brady,Myers,GEO0404,SMB,2025-05-28T05:16:28,2025-09-09T10:13:41,0
C004495,tyler86@example.org,Taylor,Carter,GEO0077,Mid-Market,2025-09-28T16:56:31,2026-01-01T20:36:51,0
C004496,uwu@example.net,Rebecca,Taylor,GEO0748,Consumer,2025-01-03T00:03:29,2025-06-13T03:16:23,0
C004497,zanderson@example.com,Susan,Miller,GEO0708,Consumer,2025-10-28T16:14:54,2025-12-02T15:56:36,0
C004498,xhughes@example.net,Amber,Graham,GEO0680,Consumer,2025-12-04T01:21:29,2026-02-13T05:16:20,0
C004499,kyleboyd@example.com,Lindsey,Ross,GEO0023,Consumer,2024-07-20T00:46:32,2024-10-21T04:16:25,0
C004500,cwebb@example.org,Randy,Gray,GEO0087,Mid-Market,2024-09-01T15:34:40,2025-09-29T05:19:13,0
C004501,rreese@example.com,Bradley,Brown,GEO0523,Mid-Market,2024-02-18T02:58:17,2025-11-26T13:00:27,0
C004502,lydia72@example.org,Christopher,Pace,GEO0052,Mid-Market,2026-01-24T18:24:07,2026-01-25T12:51:55,0
C004503,earl23@example.com,Edward,Carey,GEO0394,SMB,2025-10-03T07:47:28,2025-12-21T19:06:56,0
C004504,aguerra@example.net,Manuel,Hood,GEO0736,Consumer,2024-05-30T16:58:31,2026-02-01T22:40:02,0
C004505,caroline17@example.org,Daniel,Sosa,GEO0396,Consumer,2024-12-12T13:04:54,2026-01-11T08:28:05,0
C004506,morganedward@example.net,Michael,Dennis,GEO0514,Consumer,2025-08-18T03:06:57,2025-09-29T10:00:08,0
C004507,marksaunders@example.org,Jennifer,Robertson,GEO0193,Consumer,2024-07-14T13:02:00,2025-03-31T01:11:58,0
C004508,samantha05@example.net,Susan,Hanson,GEO0629,Mid-Market,2024-06-18T19:34:26,2025-11-23T07:40:08,0
C004509,elizabeth32@example.org,Jessica,Dawson,GEO0785,Consumer,2024-06-25T17:25:56,2024-09-14T08:47:44,0
C004510,munoznicole@example.net,Joseph,Scott,GEO0643,SMB,2025-07-15T04:23:02,2026-02-17T14:39:25,0
C004511,jessicamcguire@example.com,Regina,Davidson,GEO0121,Mid-Market,2025-01-24T19:52:40,2026-02-13T14:32:56,0
C004512,campbellanthony@example.net,Sara,Washington,GEO0563,Consumer,2024-06-16T01:41:04,2025-04-04T02:17:53,0
C004513,josephmeadows@example.org,Erin,Reid,GEO0113,SMB,2024-05-19T12:00:41,2025-09-18T07:53:31,0
C004514,ivargas@example.org,Hannah,Torres,GEO0167,Mid-Market,2024-09-09T17:58:27,2024-11-17T22:22:37,0
C004515,colinwilson@example.net,Dylan,Davis,GEO0304,Mid-Market,2024-06-22T22:59:53,2025-05-17T23:38:45,0
C004516,kdean@example.net,Rachel,Holmes,GEO0168,SMB,2025-09-06T14:20:42,2026-01-04T22:27:13,0
C004517,delgadosusan@example.net,Ashley,Hernandez,GEO0363,SMB,2026-02-10T22:48:38,2026-02-26T05:37:14,0
C004518,francisco65@example.com,April,Jensen,GEO0656,SMB,2024-12-14T15:30:36,2025-08-11T21:52:38,0
C004519,rcochran@example.com,Michael,Wells,GEO0679,Consumer,2025-07-01T12:28:27,2025-07-05T15:19:46,0
C004520,kimberly52@example.com,Jason,Park,GEO0181,Consumer,2024-04-12T11:37:13,2025-12-22T08:46:43,0
C004521,jamestodd@example.com,Madison,Hernandez,GEO0449,SMB,2024-04-15T00:49:17,2024-12-06T18:03:15,0
C004522,kenneth22@example.net,Marc,Murphy,GEO0005,Mid-Market,2025-03-20T00:55:08,2025-12-16T11:49:35,0
C004523,nolantara@example.net,Angela,Lopez,GEO0343,Mid-Market,2025-02-23T20:24:27,2026-02-24T00:54:39,0
C004524,riveratraci@example.com,Matthew,Hall,GEO0038,SMB,2024-08-04T09:43:29,2025-09-10T00:58:31,0
C004525,williamruiz@example.org,Valerie,Alexander,GEO0476,Consumer,2024-03-24T02:03:05,2025-08-18T09:08:24,0
C004526,ygraham@example.net,Bradley,Anderson,GEO0673,Consumer,2025-11-10T12:19:53,2026-02-01T09:58:06,0
C004527,tevans@example.net,Maria,Griffin,GEO0150,Consumer,2024-01-24T08:22:37,2024-11-19T01:32:22,0
C004528,briankennedy@example.org,Charles,Wilkinson,GEO0685,Mid-Market,2025-09-13T07:20:25,2025-12-17T07:21:10,0
C004529,jenniferprice@example.com,Cassandra,Garcia,GEO0735,Mid-Market,2024-10-10T07:30:49,2025-05-30T23:37:21,0
C004530,randydavis@example.net,Austin,Skinner,GEO0449,Mid-Market,2025-04-02T13:58:43,2025-10-04T10:29:57,0
C004531,scottstephanie@example.org,Adam,Fuentes,GEO0405,SMB,2025-05-12T17:51:47,2025-11-08T23:58:47,0
C004532,trujillochristopher@example.com,Michael,Garza,GEO0249,Consumer,2024-12-04T05:10:21,2026-01-26T23:35:53,0
C004533,wvelazquez@example.net,Steven,Nelson,GEO0793,SMB,2025-03-05T18:54:40,2025-03-31T02:42:31,0
C004534,jasonlarson@example.net,Melissa,Davis,GEO0780,Consumer,2024-11-28T05:54:30,2025-09-25T20:58:11,0
C004535,suttonmichael@example.org,Lori,Eaton,GEO0526,Mid-Market,2024-10-07T21:48:54,2026-02-26T13:20:56,0
C004536,bmartin@example.net,Tanner,Davis,GEO0494,Mid-Market,2024-08-02T12:31:16,2024-09-25T04:03:52,0
C004537,francislatoya@example.com,Jeremy,Turner,GEO0144,Mid-Market,2025-11-11T10:17:02,2026-01-06T00:03:35,0
C004538,tdiaz@example.net,Jacqueline,Cervantes,GEO0718,Consumer,2026-02-16T10:36:45,2026-02-17T04:18:09,0
C004539,usims@example.net,Alexandra,Davis,GEO0558,Mid-Market,2025-07-31T10:30:56,2025-10-20T07:53:44,0
C004540,dhunt@example.net,Wendy,Lamb,GEO0296,Consumer,2024-12-14T22:12:43,2025-10-21T15:24:45,0
C004541,darrellarmstrong@example.org,Victor,Scott,GEO0322,Consumer,2024-12-07T19:18:26,2025-01-12T09:08:46,0
C004542,okim@example.net,David,Leach,GEO0583,Consumer,2026-02-04T00:17:03,2026-02-20T11:09:01,0
C004543,cisnerosjason@example.org,Ethan,Lopez,GEO0734,Consumer,2024-09-08T08:56:26,2024-11-25T02:33:38,0
C004544,joseph07@example.org,Keith,Clark,GEO0529,SMB,2025-06-22T06:28:09,2025-11-02T05:41:24,0
C004545,hooperjessica@example.net,Natalie,Fox,GEO0089,Mid-Market,2024-12-23T06:42:13,2025-12-12T16:02:18,0
C004546,tpeters@example.com,Thomas,Garrison,GEO0530,Mid-Market,2025-12-29T02:30:05,2026-02-18T12:03:15,0
C004547,adam03@example.com,Paul,Heath,GEO0727,Mid-Market,2026-01-25T07:03:32,2026-02-17T09:18:05,0
C004548,richard07@example.com,Suzanne,Taylor,GEO0391,SMB,2025-10-27T07:26:41,2026-02-06T13:03:42,0
C004549,davidrasmussen@example.net,Deanna,Martinez,GEO0548,Consumer,2025-11-24T20:38:58,2025-12-19T02:14:30,0
C004550,michelegordon@example.net,Frederick,Peters,GEO0217,Mid-Market,2025-07-20T01:46:10,2026-01-11T02:02:37,0
C004551,kathryn26@example.com,Jeanette,Lewis,GEO0212,SMB,2025-03-01T23:46:59,2025-09-28T15:29:50,0
C004552,jamessmith@example.com,Jennifer,Ward,GEO0433,Consumer,2025-04-10T13:21:48,2025-11-29T12:19:22,0
C004553,qhudson@example.org,Rachel,Morales,GEO0265,SMB,2024-11-01T19:56:03,2025-02-15T08:57:32,0
C004554,rjohnson@example.net,Michael,Hall,GEO0733,SMB,2025-09-20T22:16:12,2025-12-20T23:46:07,0
C004555,jamesvaldez@example.com,Jamie,Peterson,GEO0251,Consumer,2024-02-21T12:39:13,2025-09-30T10:23:13,0
C004556,beth81@example.org,Tammy,Barrett,GEO0681,Mid-Market,2024-02-20T19:46:48,2024-07-07T06:44:15,0
C004557,jbell@example.com,Howard,Johnson,GEO0376,Consumer,2025-10-30T06:23:43,2026-02-02T02:19:41,0
C004558,dcurry@example.net,Evelyn,Wells,GEO0201,SMB,2024-11-18T23:50:01,2025-07-13T00:09:24,0
C004559,parkerjennifer@example.org,Kristina,King,GEO0497,SMB,2024-01-18T04:51:50,2025-03-25T00:24:28,0
C004560,millerrobert@example.com,Beth,Frost,GEO0346,Consumer,2026-01-04T10:40:07,2026-02-20T09:19:52,0
C004561,ashley42@example.org,Cindy,Porter,GEO0755,SMB,2025-05-03T05:06:59,2025-12-04T09:35:15,0
C004562,sandraclark@example.com,James,Norris,GEO0769,Mid-Market,2024-09-18T04:29:44,2025-12-26T07:03:11,0
C004563,barbara27@example.com,Steven,Stone,GEO0218,Consumer,2024-10-15T13:36:20,2025-12-11T15:58:10,0
C004564,kfreeman@example.org,Michael,Hansen,GEO0366,Mid-Market,2024-06-20T01:10:14,2025-06-24T16:39:13,0
C004565,clarkkimberly@example.org,Todd,Murillo,GEO0009,Consumer,2025-04-18T05:23:34,2025-07-19T17:16:33,0
C004566,richardsjeffrey@example.net,Andrew,Kelley,GEO0066,Mid-Market,2025-07-26T02:37:42,2026-02-22T22:37:19,0
C004567,harold72@example.org,James,Lawson,GEO0543,SMB,2025-09-09T02:24:43,2025-12-03T19:37:04,0
C004568,hatkinson@example.com,Michelle,Johnson,GEO0703,Mid-Market,2025-12-24T18:17:20,2026-02-12T21:18:19,0
C004569,millerchelsea@example.com,Kyle,Rasmussen,GEO0372,SMB,2024-09-14T04:15:52,2024-09-20T00:16:04,0
C004570,justin36@example.com,Victor,Moore,GEO0737,Consumer,2025-01-14T09:55:09,2026-01-26T16:24:31,0
C004571,greenbrenda@example.org,Christopher,Shields,GEO0207,SMB,2025-01-09T08:31:56,2025-01-13T02:32:37,0
C004572,ydavis@example.com,Margaret,Padilla,GEO0197,SMB,2026-02-19T19:43:22,2026-02-19T03:57:43,0
C004573,collinscourtney@example.net,Carrie,Sosa,GEO0051,SMB,2025-01-19T01:47:59,2025-11-30T21:48:14,0
C004574,tina73@example.net,Doris,Johnson,GEO0715,Consumer,2025-05-16T20:21:57,2025-06-07T23:08:58,0
C004575,kaustin@example.com,Steven,Hall,GEO0293,Consumer,2025-12-15T01:51:44,2026-01-23T21:04:29,0
C004576,cwhite@example.net,Emma,Wilson,GEO0126,Consumer,2025-12-29T20:31:15,2026-01-15T22:54:27,0
C004577,kathleenellis@example.com,Kevin,Craig,GEO0634,Consumer,2025-11-20T03:26:06,2025-12-18T21:19:00,0
C004578,coxlauren@example.net,Ariel,Pollard,GEO0183,Mid-Market,2025-05-14T19:08:51,2025-06-27T12:56:17,0
C004579,rhonda97@example.org,Elizabeth,Mullins,GEO0758,SMB,2025-05-07T05:31:22,2025-10-01T20:11:45,0
C004580,michael79@example.org,Eric,Walter,GEO0133,Mid-Market,2025-12-29T06:55:08,2026-02-15T17:48:25,0
C004581,hsmith@example.net,Matthew,Byrd,GEO0020,Mid-Market,2025-12-04T10:58:05,2026-01-18T21:03:27,0
C004582,basssteven@example.com,Jamie,Stokes,GEO0496,Mid-Market,2025-02-04T16:04:22,2025-08-06T23:29:07,0
C004583,lsmith@example.com,William,Russell,GEO0199,SMB,2024-11-28T13:43:26,2025-01-08T13:26:35,0
C004584,cwebster@example.net,Matthew,Jacobs,GEO0382,Consumer,2024-11-04T18:15:26,2026-02-25T23:15:24,0
C004585,shellymason@example.com,Michelle,Meyers,GEO0140,Mid-Market,2025-02-21T00:21:36,2025-08-29T10:07:44,0
C004586,maria36@example.com,Joseph,Crawford,GEO0149,Consumer,2024-04-29T07:13:37,2025-04-06T13:12:11,0
C004587,patrickhernandez@example.com,Mary,Barrett,GEO0088,SMB,2024-09-24T02:32:09,2025-10-11T12:38:25,0
C004588,brooke45@example.net,Sean,Figueroa,GEO0176,Consumer,2025-08-30T02:09:41,2026-02-27T13:57:36,0
C004589,lmontgomery@example.net,Joseph,Ramos,GEO0540,SMB,2026-01-26T17:53:48,2026-02-19T18:31:35,0
C004590,baileymeagan@example.net,John,Nash,GEO0415,SMB,2025-06-22T18:48:52,2025-10-29T20:38:26,0
C004591,michelle02@example.com,Andrew,Diaz,GEO0285,Consumer,2024-07-21T18:27:59,2025-03-07T01:22:10,0
C004592,msimpson@example.net,Adam,Hardy,GEO0372,Consumer,2025-10-04T08:45:13,2026-01-11T18:56:53,0
C004593,oedwards@example.net,Cindy,Cook,GEO0069,SMB,2024-07-03T18:46:05,2025-09-08T08:08:15,0
C004594,younglinda@example.com,Joshua,Camacho,GEO0756,Consumer,2024-05-03T15:18:25,2025-12-24T22:49:00,0
C004595,mejiatimothy@example.org,Nicholas,Patel,GEO0018,SMB,2025-05-14T06:06:48,2025-06-29T18:52:32,0
C004596,jessicawatson@example.com,Betty,Lopez,GEO0264,Consumer,2025-03-11T14:43:41,2025-03-19T16:23:42,0
C004597,wrightcarolyn@example.com,Theresa,Warren,GEO0659,SMB,2024-08-19T00:26:50,2025-01-19T05:12:00,0
C004598,lisa07@example.org,Stephen,Brown,GEO0749,SMB,2024-07-12T13:30:13,2025-07-08T15:29:23,0
C004599,christopher06@example.org,Gregory,Mayo,GEO0645,Mid-Market,2025-09-27T09:10:49,2026-03-01T16:19:51,0
C004600,mary51@example.org,Leah,Suarez,GEO0788,SMB,2024-01-02T00:53:45,2024-02-07T06:54:47,0
C004601,oward@example.net,Shannon,Perkins,GEO0288,Consumer,2025-04-25T00:13:48,2025-06-29T09:49:33,0
C004602,jamescarter@example.com,Tanner,Holland,GEO0280,SMB,2025-12-27T09:55:44,2026-02-13T06:47:50,0
C004603,heather66@example.net,Benjamin,Robinson,GEO0133,Mid-Market,2024-05-10T23:14:50,2025-04-24T13:05:07,0
C004604,rebeccagonzalez@example.net,Christine,Baker,GEO0276,Mid-Market,2025-06-11T04:00:15,2025-06-12T21:53:27,0
C004605,brooke09@example.com,Lisa,Jones,GEO0046,Mid-Market,2025-11-19T23:37:21,2026-01-22T21:26:08,0
C004606,smithcourtney@example.com,Brady,Brock,GEO0125,Mid-Market,2024-03-09T10:12:58,2026-01-03T21:55:04,0
C004607,flemingcaitlyn@example.org,Peter,Davila,GEO0710,Consumer,2024-04-15T20:59:10,2025-09-11T02:29:31,0
C004608,brittany77@example.net,Cynthia,Harris,GEO0253,Consumer,2025-09-09T06:40:25,2025-12-26T12:25:14,0
C004609,wendyroy@example.org,Ronald,Baker,GEO0352,Mid-Market,2025-10-28T19:19:30,2025-11-19T16:04:41,0
C004610,pamelawest@example.net,Nathan,Mccarthy,GEO0464,SMB,2024-06-11T10:37:32,2025-03-24T10:00:12,0
C004611,nrice@example.com,Andrew,Stokes,GEO0612,SMB,2025-12-01T19:03:45,2025-12-23T21:42:38,0
C004612,elizabeth26@example.org,Jacob,Mcdonald,GEO0093,Consumer,2024-02-01T15:23:13,2025-01-19T20:44:12,0
C004613,evalencia@example.com,Ryan,Ruiz,GEO0235,Consumer,2026-01-30T21:12:09,2026-02-21T08:47:21,0
C004614,smiller@example.net,Erin,Wilson,GEO0308,SMB,2025-12-06T22:21:26,2026-02-01T03:37:40,0
C004615,carolallen@example.net,Raymond,Davis,GEO0564,Mid-Market,2024-02-18T07:03:23,2025-04-05T16:29:35,0
C004616,ashleyanderson@example.com,Steven,Cox,GEO0721,Consumer,2025-04-12T04:44:54,2025-11-01T10:09:18,0
C004617,susan13@example.org,Tyrone,Mcconnell,GEO0290,SMB,2025-09-29T17:38:04,2026-02-04T11:10:51,0
C004618,ssmith@example.net,Kimberly,Smith,GEO0706,Mid-Market,2025-09-05T07:32:32,2025-10-18T00:58:45,0
C004619,blakecourtney@example.com,Megan,Cox,GEO0451,Consumer,2024-12-01T08:37:29,2025-07-15T15:26:17,0
C004620,cardenasjoseph@example.com,Barry,Gibson,GEO0681,Consumer,2024-04-01T12:46:05,2025-05-24T11:28:26,0
C004621,kathleenbecker@example.com,Scott,Cross,GEO0459,Consumer,2024-12-20T16:57:10,2025-02-26T22:51:48,0
C004622,lindaperez@example.net,Maureen,Bell,GEO0475,Mid-Market,2024-04-21T20:20:42,2025-01-21T22:59:36,0
C004623,ryancline@example.net,Justin,Gregory,GEO0226,Consumer,2024-01-25T18:19:35,2024-10-20T18:49:18,0
C004624,natalie92@example.com,Jack,Brown,GEO0357,Mid-Market,2025-11-18T08:47:54,2025-12-28T14:30:53,0
C004625,lopezmichelle@example.net,Misty,Hunter,GEO0141,SMB,2025-02-23T02:46:56,2025-06-24T17:34:54,0
C004626,qlara@example.org,Jodi,Miller,GEO0105,Mid-Market,2024-12-17T10:01:49,2025-12-29T01:45:57,0
C004627,umanning@example.net,Claudia,Poole,GEO0127,Mid-Market,2024-04-02T11:38:22,2025-05-16T23:28:32,0
C004628,victoria08@example.net,Donna,Santana,GEO0573,Consumer,2024-05-25T18:44:41,2025-06-02T18:48:12,0
C004629,andrewforbes@example.net,Arthur,Sims,GEO0351,Consumer,2024-01-16T18:49:18,2024-04-14T04:40:29,0
C004630,ryan52@example.com,Christine,Harrington,GEO0668,SMB,2025-03-01T03:35:49,2025-08-15T21:14:26,0
C004631,paulerik@example.net,Benjamin,Anderson,GEO0228,Mid-Market,2025-12-23T15:34:02,2026-02-17T04:00:42,0
C004632,ojames@example.org,Susan,Carson,GEO0558,Consumer,2024-01-30T20:45:13,2025-08-15T17:06:04,0
C004633,reneehoward@example.com,Michael,Costa,GEO0004,Mid-Market,2024-01-12T19:27:25,2025-05-14T13:14:28,0
C004634,anthonyharper@example.net,David,Gomez,GEO0661,Consumer,2024-01-18T20:28:14,2024-11-15T08:32:14,0
C004635,brockfelicia@example.org,Sandra,Johnson,GEO0728,SMB,2025-01-19T13:30:00,2025-09-11T20:06:37,0
C004636,michelleburton@example.com,Jason,Hansen,GEO0028,Consumer,2025-12-14T11:25:42,2026-01-24T15:51:18,0
C004637,adam42@example.org,Christian,Meza,GEO0536,Mid-Market,2024-07-17T13:31:30,2024-08-20T10:16:25,0
C004638,hollychang@example.net,Melissa,Mahoney,GEO0701,Consumer,2025-04-06T19:15:04,2025-10-23T08:46:38,0
C004639,lindseybrown@example.net,Nancy,Casey,GEO0471,Mid-Market,2025-08-27T10:17:27,2026-01-14T20:34:31,0
C004640,knightrenee@example.org,Regina,Reed,GEO0291,Mid-Market,2024-09-03T21:03:48,2025-08-31T16:32:27,0
C004641,jeanne38@example.com,Scott,Summers,GEO0154,Consumer,2024-05-07T05:21:13,2024-08-11T04:37:51,0
C004642,ldyer@example.net,Shelley,Hernandez,GEO0256,SMB,2025-03-08T04:20:17,2025-11-16T16:57:03,0
C004643,danielle53@example.net,Maria,Brooks,GEO0174,Mid-Market,2024-02-03T10:33:03,2024-12-12T00:54:05,0
C004644,nicholstodd@example.net,Jacob,Robertson,GEO0091,SMB,2024-10-27T03:53:20,2025-09-03T14:49:46,0
C004645,samuelhill@example.org,Brenda,Parrish,GEO0535,Consumer,2024-02-11T02:58:37,2025-12-29T01:56:59,0
C004646,gordonjack@example.com,Michael,Owens,GEO0669,Consumer,2025-04-06T16:32:20,2025-08-15T12:28:58,0
C004647,yschroeder@example.net,Doris,Miller,GEO0424,Consumer,2025-12-27T20:19:46,2026-02-28T09:15:54,0
C004648,brittany30@example.net,David,Henderson,GEO0619,Mid-Market,2026-02-10T07:52:36,2026-02-11T17:38:17,0
C004649,megan48@example.com,Paul,Leonard,GEO0511,Consumer,2024-08-03T18:33:20,2025-08-25T15:04:33,0
C004650,alexis48@example.net,Juan,Stevenson,GEO0666,Consumer,2024-05-26T06:00:22,2025-03-22T04:59:42,0
C004651,jillian89@example.org,Destiny,Roberts,GEO0337,SMB,2025-10-14T20:50:45,2025-11-27T11:40:04,0
C004652,blake50@example.com,Sarah,Gutierrez,GEO0674,Mid-Market,2024-03-29T20:02:12,2025-03-25T19:19:55,0
C004653,michael59@example.net,Lauren,Villa,GEO0477,Mid-Market,2024-01-15T09:10:42,2025-08-28T09:04:52,0
C004654,michelle88@example.org,Michele,Romero,GEO0328,Mid-Market,2024-11-17T14:39:39,2025-11-30T18:02:46,0
C004655,elizabethgriffin@example.com,Kevin,Saunders,GEO0344,Consumer,2024-08-21T07:35:34,2025-11-22T21:26:29,0
C004656,fburton@example.com,Nathan,Russo,GEO0233,Consumer,2025-03-16T20:24:53,2025-06-08T23:33:36,0
C004657,justin12@example.org,Willie,Hernandez,GEO0378,Consumer,2024-11-23T06:49:53,2025-04-30T00:41:13,0
C004658,jill37@example.net,Theodore,Johnson,GEO0192,SMB,2025-09-18T17:13:34,2026-01-14T09:18:42,0
C004659,sbrown@example.com,Patricia,Greene,GEO0705,Consumer,2025-10-30T00:33:06,2026-01-03T06:26:15,0
C004660,amy49@example.net,Jo,Murray,GEO0422,Mid-Market,2025-12-08T21:13:40,2026-02-25T21:52:28,0
C004661,sandra16@example.com,David,Byrd,GEO0332,Consumer,2024-01-09T12:48:24,2024-09-13T16:10:56,0
C004662,kristin71@example.org,Mark,Willis,GEO0608,Consumer,2025-04-28T11:59:19,2026-02-08T02:35:20,0
C004663,rachel27@example.com,Sean,Hanson,GEO0544,Consumer,2024-08-15T03:04:52,2025-12-09T16:26:03,0
C004664,bennettdavid@example.org,Rhonda,Odom,GEO0504,SMB,2025-03-24T12:53:28,2025-12-01T02:37:08,0
C004665,ehernandez@example.com,Michael,Trujillo,GEO0528,Mid-Market,2025-11-11T17:38:08,2026-02-16T01:55:14,0
C004666,lisa13@example.com,Dakota,Escobar,GEO0581,Mid-Market,2024-06-08T14:20:51,2025-08-30T08:02:22,0
C004667,brownjustin@example.com,Matthew,Allen,GEO0414,Consumer,2025-10-01T07:43:53,2025-10-04T06:26:00,0
C004668,michael95@example.com,Sandra,Solis,GEO0144,SMB,2025-03-24T16:30:07,2026-01-22T20:10:17,0
C004669,colemanangela@example.net,Jason,Watson,GEO0746,SMB,2025-09-03T21:59:11,2025-12-08T10:21:48,0
C004670,wlyons@example.com,Robert,Brown,GEO0051,Consumer,2025-04-21T06:59:25,2025-09-12T18:53:26,0
C004671,katherine49@example.org,Anthony,Butler,GEO0288,Mid-Market,2024-09-21T11:06:44,2025-08-03T10:14:28,0
C004672,carterchristopher@example.org,Mitchell,Rivera,GEO0694,Consumer,2026-02-22T11:28:46,2026-02-26T09:43:51,0
C004673,xhansen@example.org,Clayton,Robbins,GEO0386,Mid-Market,2025-06-14T04:54:20,2025-08-24T23:26:41,0
C004674,oaguilar@example.com,Angela,Eaton,GEO0197,Mid-Market,2025-09-10T01:45:07,2026-01-21T11:06:48,0
C004675,monicabarnett@example.com,Barry,Johnston,GEO0091,Consumer,2024-04-15T10:47:27,2025-08-15T07:50:14,0
C004676,debbie01@example.org,Miguel,Tyler,GEO0152,Consumer,2024-12-18T10:29:27,2025-05-13T23:26:31,0
C004677,carladavis@example.com,Maureen,Thompson,GEO0108,SMB,2025-10-26T01:42:26,2026-01-30T17:00:38,0
C004678,richardwilliams@example.net,Jean,Parks,GEO0147,Mid-Market,2024-07-26T23:13:04,2025-03-11T08:27:20,0
C004679,jasmineshepard@example.com,John,Matthews,GEO0552,Consumer,2024-03-02T15:20:32,2025-05-14T01:15:58,0
C004680,reneewade@example.org,Amy,Fields,GEO0253,Mid-Market,2024-11-02T23:57:22,2025-05-13T06:44:15,0
C004681,sherrygamble@example.org,Anita,Mendez,GEO0359,Mid-Market,2024-07-30T18:09:15,2025-06-02T19:56:23,0
C004682,justin78@example.org,Karen,Gutierrez,GEO0749,SMB,2024-10-12T14:03:21,2024-11-20T10:55:56,0
C004683,preynolds@example.net,Nicole,Gilmore,GEO0514,Mid-Market,2024-12-11T15:54:33,2025-11-02T04:25:12,0
C004684,jocelynstephens@example.com,William,Davis,GEO0422,Consumer,2025-07-10T20:12:51,2025-08-21T08:43:47,0
C004685,jacob66@example.com,Timothy,Hernandez,GEO0356,SMB,2024-05-28T02:24:07,2025-11-16T23:42:24,0
C004686,bparker@example.com,Steven,Hansen,GEO0727,Mid-Market,2024-06-13T22:32:58,2025-07-04T18:59:29,0
C004687,kathleengreene@example.com,Richard,Ramos,GEO0216,SMB,2026-01-23T15:26:46,2026-02-03T06:40:30,0
C004688,april87@example.com,Mallory,Turner,GEO0448,Mid-Market,2024-08-02T17:22:41,2025-05-14T15:35:48,0
C004689,larryfox@example.net,Christopher,Randolph,GEO0250,Mid-Market,2026-02-09T05:26:33,2026-02-12T18:55:12,0
C004690,patrick93@example.net,Christina,Rogers,GEO0658,Mid-Market,2024-05-05T04:11:46,2025-12-11T08:05:49,0
C004691,patrickmark@example.com,Richard,Valdez,GEO0578,Consumer,2025-12-30T22:14:08,2026-01-31T22:00:55,0
C004692,christinasmith@example.org,Courtney,Sparks,GEO0115,SMB,2026-02-21T05:22:15,2026-02-25T23:06:58,0
C004693,bradfordsheila@example.com,Joseph,Friedman,GEO0033,SMB,2025-01-04T10:23:17,2025-02-05T17:39:10,0
C004694,qmyers@example.net,Caleb,Merritt,GEO0546,Mid-Market,2025-07-05T07:05:16,2026-01-17T00:03:56,0
C004695,maryray@example.org,John,Barton,GEO0655,SMB,2024-12-21T07:01:12,2025-03-12T16:09:27,0
C004696,josephcastro@example.org,Jacob,Williams,GEO0297,SMB,2024-07-14T21:19:55,2024-07-23T09:28:37,0
C004697,fclark@example.net,Angela,Nelson,GEO0255,Mid-Market,2026-02-12T12:23:28,2026-02-15T13:53:50,0
C004698,elowe@example.org,Xavier,Vasquez,GEO0588,Mid-Market,2025-08-21T13:41:08,2025-09-13T06:09:49,0
C004699,jasmine85@example.com,Walter,Williams,GEO0229,Consumer,2025-01-10T16:26:11,2025-10-13T13:58:34,0
C004700,kristin59@example.com,Glenda,Gentry,GEO0165,SMB,2025-01-30T20:13:19,2025-09-11T12:03:43,0
C004701,emma76@example.net,Lori,Moon,GEO0474,Mid-Market,2025-06-20T05:13:01,2025-11-14T05:54:23,0
C004702,margaret78@example.com,Anna,Smith,GEO0619,Consumer,2025-03-25T16:38:50,2026-02-21T20:18:25,0
C004703,matthew26@example.net,Kaitlyn,Pearson,GEO0795,Consumer,2025-11-11T12:13:04,2025-12-31T06:15:01,0
C004704,danielle94@example.org,Tammy,Sexton,GEO0638,SMB,2025-07-21T12:02:06,2025-11-18T05:47:25,0
C004705,stevenrichardson@example.org,Jonathan,Hamilton,GEO0199,Mid-Market,2024-06-04T00:15:13,2025-07-23T09:38:03,0
C004706,nicolemarsh@example.org,Bobby,Carter,GEO0341,Mid-Market,2024-10-17T15:18:36,2024-11-27T20:05:27,0
C004707,hooperwilliam@example.com,John,Baldwin,GEO0302,SMB,2024-09-02T20:45:14,2024-10-07T07:06:03,0
C004708,derrick35@example.org,Crystal,Davis,GEO0712,Consumer,2025-12-07T12:26:15,2026-01-24T13:11:48,0
C004709,emily05@example.com,Nathaniel,Garcia,GEO0311,Mid-Market,2024-05-27T08:23:53,2025-04-17T09:04:18,0
C004710,lesliephelps@example.com,Brandon,Miller,GEO0565,Mid-Market,2024-01-03T20:21:29,2025-09-24T12:09:10,0
C004711,vanessa22@example.net,Anna,Parrish,GEO0634,SMB,2025-08-11T02:48:53,2025-09-06T20:00:32,0
C004712,anolan@example.net,Wanda,Lopez,GEO0321,SMB,2025-06-23T02:02:24,2025-12-27T13:47:02,0
C004713,spowers@example.net,Brandon,Ramirez,GEO0795,Consumer,2025-11-06T05:55:24,2026-02-28T00:18:26,0
C004714,jamesdavis@example.com,Billy,Holden,GEO0760,Mid-Market,2024-01-19T03:28:16,2025-10-07T21:21:12,0
C004715,doyletravis@example.org,Michael,Martinez,GEO0783,Mid-Market,2025-10-11T03:58:52,2026-01-16T04:57:19,0
C004716,ricemichael@example.net,Kimberly,Hull,GEO0573,Consumer,2024-03-15T13:24:40,2025-07-31T17:34:18,0
C004717,mcox@example.org,Matthew,Anderson,GEO0457,Consumer,2025-04-26T04:58:04,2025-12-02T11:03:55,0
C004718,warnermichael@example.net,Ruben,Bernard,GEO0371,SMB,2025-11-30T04:57:13,2026-02-05T18:12:22,0
C004719,jason83@example.org,Larry,Dillon,GEO0694,SMB,2026-01-30T00:29:04,2026-02-24T02:41:59,0
C004720,vmendoza@example.net,Michael,Walker,GEO0064,SMB,2025-12-04T05:39:33,2026-01-20T00:10:15,0
C004721,mjones@example.org,Penny,Good,GEO0029,Consumer,2025-11-05T11:40:59,2026-02-08T00:53:27,0
C004722,moralesbriana@example.com,Matthew,Boyle,GEO0389,Consumer,2025-03-31T08:34:21,2025-07-28T07:42:12,0
C004723,crodriguez@example.org,Tammy,Moore,GEO0698,SMB,2024-05-04T02:16:29,2025-12-13T10:22:16,0
C004724,john92@example.com,Julian,Marsh,GEO0161,Consumer,2024-03-08T18:58:51,2025-09-24T22:10:18,0
C004725,robertjenkins@example.com,Melissa,Thompson,GEO0738,Mid-Market,2026-02-15T05:10:00,2026-02-28T05:32:42,0
C004726,richardstrong@example.com,Matthew,Johnson,GEO0414,Consumer,2025-07-16T11:50:41,2025-08-31T01:32:37,0
C004727,johnnguyen@example.com,Edward,Bryant,GEO0630,SMB,2025-11-27T04:07:54,2026-01-22T12:35:00,0
C004728,patriciacraig@example.com,Crystal,Kennedy,GEO0074,SMB,2024-06-10T19:27:10,2025-05-18T01:54:20,0
C004729,thomasjennifer@example.org,Adrian,Small,GEO0047,SMB,2024-02-28T23:14:45,2024-07-16T08:47:58,0
C004730,rebecca68@example.com,Bobby,Riley,GEO0650,Consumer,2024-03-05T19:18:15,2024-04-29T07:52:44,0
C004731,steven11@example.org,Christopher,Mills,GEO0553,SMB,2024-06-21T01:47:48,2024-12-10T15:16:38,0
C004732,schavez@example.net,James,White,GEO0523,Consumer,2024-06-04T17:14:32,2025-03-19T09:03:48,0
C004733,michaelflynn@example.net,Linda,Wolf,GEO0069,Consumer,2025-11-26T15:41:25,2026-01-10T08:13:38,0
C004734,alvingrimes@example.com,Alyssa,Gross,GEO0581,SMB,2025-08-29T04:53:46,2026-01-19T11:47:33,0
C004735,tanya65@example.com,Lisa,Kemp,GEO0653,Consumer,2024-07-14T00:33:26,2025-03-31T03:18:35,0
C004736,jacob18@example.org,Antonio,Nelson,GEO0187,Consumer,2025-11-02T04:37:41,2025-11-07T16:20:51,0
C004737,avega@example.net,Allison,Cook,GEO0129,Consumer,2024-12-06T08:59:42,2025-08-24T15:42:06,0
C004738,jocelyn90@example.org,Jennifer,Torres,GEO0447,Consumer,2025-08-21T10:07:35,2025-09-22T06:29:31,0
C004739,morriskevin@example.net,Antonio,Stewart,GEO0019,Consumer,2024-04-17T19:03:30,2025-01-01T09:16:30,0
C004740,lawsonjames@example.com,Kim,Cummings,GEO0728,Consumer,2025-12-08T18:06:44,2025-12-17T15:07:31,0
C004741,tinaharris@example.org,Adam,Olson,GEO0361,Mid-Market,2024-09-14T00:01:12,2025-06-03T11:25:33,0
C004742,holly37@example.net,Monica,Smith,GEO0219,Mid-Market,2025-05-31T08:58:33,2025-12-19T10:43:59,0
C004743,david43@example.com,Sarah,Johnson,GEO0242,Consumer,2026-02-11T15:18:49,2026-02-19T19:24:25,0
C004744,codyford@example.net,Joseph,Brown,GEO0760,SMB,2024-01-06T04:14:25,2025-01-27T23:03:49,0
C004745,matthewgraves@example.net,Gene,Roach,GEO0284,SMB,2025-04-26T03:09:00,2026-02-05T03:34:00,0
C004746,michelleknapp@example.net,Lori,Garner,GEO0458,Mid-Market,2025-03-22T19:13:32,2026-02-12T04:22:53,0
C004747,colemary@example.net,Neil,Rice,GEO0140,Mid-Market,2024-05-15T21:37:40,2025-02-27T00:19:13,0
C004748,cgray@example.com,Benjamin,Munoz,GEO0064,SMB,2024-09-09T03:25:01,2025-01-27T12:38:49,0
C004749,pcrane@example.net,Kim,Allen,GEO0720,SMB,2024-12-02T14:23:08,2025-11-20T13:26:35,0
C004750,pollardgina@example.net,Michael,Bryan,GEO0743,Consumer,2025-07-26T06:42:47,2025-08-20T13:12:25,0
C004751,schroedercatherine@example.net,Jaime,Love,GEO0257,Consumer,2025-06-19T14:20:09,2025-10-30T20:35:04,0
C004752,freemanjason@example.com,Karl,Porter,GEO0724,Consumer,2024-12-12T15:24:56,2025-04-28T05:39:53,0
C004753,jennifer06@example.com,Janet,Solis,GEO0302,Consumer,2025-06-11T19:14:00,2025-09-26T19:48:22,0
C004754,sarah52@example.net,Matthew,Harris,GEO0684,SMB,2025-09-05T04:47:44,2025-12-15T01:33:41,0
C004755,stuart76@example.com,Adam,Green,GEO0164,Consumer,2024-12-20T05:38:51,2025-10-02T14:56:15,0
C004756,mollyharrison@example.net,Luke,Thomas,GEO0070,Consumer,2025-12-22T02:05:16,2026-02-22T23:19:29,0
C004757,shannoncarpenter@example.org,Robert,Wolf,GEO0224,Mid-Market,2024-10-05T15:12:43,2026-01-08T14:02:17,0
C004758,efrench@example.org,Ann,Hunt,GEO0521,Mid-Market,2025-08-25T01:36:26,2025-12-20T17:04:38,0
C004759,stevensonanthony@example.net,Olivia,French,GEO0004,SMB,2025-01-08T10:36:30,2025-08-26T07:39:24,0
C004760,lroberson@example.net,Carlos,Ramirez,GEO0506,Mid-Market,2024-02-02T06:49:43,2024-10-15T00:21:30,0
C004761,olsencarlos@example.com,Brandon,Brennan,GEO0352,Mid-Market,2025-02-15T23:37:06,2025-03-13T16:55:47,0
C004762,victorsullivan@example.org,Alison,Cooper,GEO0527,Consumer,2024-10-27T22:43:31,2026-01-22T10:27:39,0
C004763,fmarshall@example.com,Kristen,Miller,GEO0557,Consumer,2024-10-11T01:30:54,2025-10-11T05:51:06,0
C004764,yanderson@example.net,David,Benjamin,GEO0634,Mid-Market,2025-12-02T21:50:32,2026-01-29T21:29:51,0
C004765,hartronald@example.net,Kendra,Greene,GEO0041,Mid-Market,2025-11-24T13:59:36,2026-02-07T03:24:20,0
C004766,btorres@example.com,Shannon,Reid,GEO0322,Consumer,2025-04-18T07:26:15,2025-09-22T02:07:02,0
C004767,peter91@example.net,Lisa,Hernandez,GEO0789,SMB,2025-07-04T14:35:58,2026-01-02T13:28:59,0
C004768,michelle13@example.com,Richard,Foley,GEO0505,Consumer,2024-04-23T12:20:51,2025-08-24T22:10:35,0
C004769,urobles@example.net,Kimberly,Bishop,GEO0321,Mid-Market,2024-03-09T04:53:49,2025-10-30T03:10:54,0
C004770,brady75@example.org,Roger,Burgess,GEO0258,Mid-Market,2026-02-15T19:41:54,2026-02-23T16:23:58,0
C004771,mfowler@example.com,Amber,Arnold,GEO0137,SMB,2024-06-17T18:43:37,2024-08-21T19:56:25,0
C004772,burnstyler@example.net,Shannon,Baird,GEO0450,Mid-Market,2025-10-15T09:06:46,2026-01-12T21:35:49,0
C004773,phayes@example.com,Michelle,Mendez,GEO0617,Consumer,2025-01-11T14:45:14,2025-02-11T22:50:17,0
C004774,diamond43@example.net,Joe,Hughes,GEO0411,SMB,2025-04-11T06:07:33,2025-09-22T11:36:25,0
C004775,lwalton@example.com,Duane,Johnson,GEO0085,Consumer,2025-05-20T15:52:07,2025-12-28T19:53:16,0
C004776,carrbryan@example.com,Patricia,Simmons,GEO0179,Mid-Market,2025-07-14T03:17:47,2025-09-30T00:00:03,0
C004777,hernandezlisa@example.org,Barbara,Carroll,GEO0070,SMB,2026-01-21T01:50:28,2026-02-13T13:02:09,0
C004778,jasonallen@example.org,Jason,Jones,GEO0263,Consumer,2024-05-05T23:27:19,2024-06-15T14:49:38,0
C004779,chawkins@example.com,Danielle,Moreno,GEO0482,Mid-Market,2024-06-11T13:33:47,2024-11-23T05:46:35,0
C004780,pbrooks@example.com,Megan,Thompson,GEO0539,SMB,2025-11-08T23:50:19,2025-11-27T14:59:13,0
C004781,briangeorge@example.com,Kimberly,Blanchard,GEO0149,SMB,2024-09-30T18:45:31,2025-03-01T11:07:51,0
C004782,timothy11@example.org,Angelica,Powell,GEO0205,Mid-Market,2025-10-19T15:44:12,2026-02-01T13:40:52,0
C004783,kellyrichardson@example.com,Jerry,Beltran,GEO0575,SMB,2024-11-25T14:46:23,2025-08-12T14:53:35,0
C004784,derrickwalker@example.com,Deanna,Dixon,GEO0668,Mid-Market,2025-11-14T07:42:30,2025-11-22T01:53:44,0
C004785,rebecca03@example.net,Debra,Jennings,GEO0668,Mid-Market,2024-07-11T23:44:09,2025-07-09T20:45:37,0
C004786,wbrooks@example.net,Deborah,Stewart,GEO0348,Mid-Market,2025-03-16T15:29:07,2025-12-26T10:12:45,0
C004787,fschwartz@example.net,Timothy,Kirk,GEO0345,Mid-Market,2024-01-03T03:30:18,2024-08-19T22:01:16,0
C004788,ellisjames@example.org,Elizabeth,Lewis,GEO0538,SMB,2024-06-10T12:50:03,2024-07-27T09:07:12,0
C004789,jamie38@example.net,Charles,Vaughn,GEO0746,SMB,2024-04-11T21:25:54,2025-08-30T14:22:09,0
C004790,lbell@example.org,Rachel,Stevens,GEO0003,SMB,2024-01-01T03:09:56,2025-04-03T18:45:47,0
C004791,montgomeryzachary@example.net,Kristin,James,GEO0795,Consumer,2025-04-24T14:27:13,2025-10-07T00:26:55,0
C004792,shannon56@example.org,Nicole,Scott,GEO0542,SMB,2026-02-18T05:44:29,2026-02-20T18:46:38,0
C004793,barbararussell@example.com,Pamela,Gibbs,GEO0303,Mid-Market,2024-01-25T09:13:32,2025-08-07T20:06:31,0
C004794,drakeamanda@example.com,Allen,Armstrong,GEO0348,SMB,2026-01-06T14:25:08,2026-01-16T14:02:09,0
C004795,jeremy94@example.com,Laurie,Brown,GEO0129,SMB,2024-12-22T07:04:25,2025-11-14T07:36:04,0
C004796,smithdustin@example.com,Kimberly,Watkins,GEO0160,SMB,2025-06-06T13:17:56,2026-02-08T04:21:26,0
C004797,cindy54@example.net,Edward,Mccall,GEO0345,SMB,2024-10-16T14:57:32,2025-01-04T20:02:43,0
C004798,rodriguezalicia@example.org,William,Wiley,GEO0545,Mid-Market,2025-03-22T00:25:44,2025-05-16T10:45:50,0
C004799,ncarr@example.net,Daniel,Chung,GEO0025,Consumer,2024-12-25T21:52:11,2025-07-14T02:15:16,0
C004800,mikemaddox@example.com,Jason,Parker,GEO0314,Mid-Market,2025-12-19T15:14:05,2026-01-05T04:50:49,0
C004801,garciamark@example.com,Benjamin,Lopez,GEO0347,Mid-Market,2024-02-26T13:24:28,2025-05-16T12:20:18,0
C004802,dwood@example.net,Christopher,Levine,GEO0432,SMB,2024-01-05T07:47:40,2024-07-06T08:10:40,0
C004803,rmitchell@example.org,Patrick,Turner,GEO0764,Consumer,2025-10-29T22:55:26,2026-01-09T08:14:21,0
C004804,regina46@example.org,Aaron,Thompson,GEO0502,Consumer,2025-12-19T16:47:27,2025-12-28T14:35:42,0
C004805,rivasmatthew@example.com,Laura,Dean,GEO0067,Mid-Market,2025-01-09T02:15:33,2025-01-25T10:28:14,0
C004806,douglaswright@example.com,Adam,Copeland,GEO0286,Consumer,2024-04-28T12:49:51,2025-07-26T17:48:59,0
C004807,potterjohn@example.com,Jeremy,Cruz,GEO0773,Mid-Market,2025-10-31T12:18:22,2025-12-12T11:08:26,0
C004808,hulllaurie@example.com,Marissa,Green,GEO0619,Consumer,2024-11-18T00:28:00,2025-11-29T11:42:23,0
C004809,lebrent@example.org,Laura,Wright,GEO0443,SMB,2024-01-09T05:39:23,2024-02-14T17:25:34,0
C004810,williamsbelinda@example.com,Daniel,Lee,GEO0215,SMB,2024-09-30T02:08:49,2025-04-13T10:59:43,0
C004811,charleschen@example.net,Christopher,Thompson,GEO0655,Mid-Market,2025-08-19T17:37:27,2026-02-02T05:59:59,0
C004812,gabrielschultz@example.com,Matthew,Jones,GEO0748,SMB,2025-07-28T19:09:55,2025-11-07T07:20:27,0
C004813,whiteheadmatthew@example.com,Elizabeth,Miller,GEO0357,SMB,2024-02-05T20:11:21,2025-12-17T11:04:23,0
C004814,joseph33@example.net,James,Myers,GEO0559,Mid-Market,2025-05-09T14:44:23,2025-06-16T18:12:30,0
C004815,taylormatthew@example.net,Lauren,Jones,GEO0764,SMB,2025-06-17T18:21:13,2025-07-21T05:29:51,0
C004816,uhorton@example.net,Darryl,Lucas,GEO0145,SMB,2024-09-30T10:33:41,2024-10-20T21:04:39,0
C004817,estradajessica@example.net,George,Brown,GEO0444,Mid-Market,2025-03-09T05:07:12,2025-07-24T13:48:05,0
C004818,gregory49@example.org,George,Olsen,GEO0694,Mid-Market,2024-10-10T12:04:20,2024-12-25T22:51:58,0
C004819,daycurtis@example.com,Ernest,Aguilar,GEO0737,SMB,2026-02-27T07:09:51,2026-02-27T04:54:43,0
C004820,william41@example.com,Adam,Miller,GEO0182,SMB,2024-09-24T01:47:43,2026-02-28T03:00:06,0
C004821,heather69@example.net,Jake,Martinez,GEO0683,Mid-Market,2025-06-24T03:10:37,2025-12-25T14:04:39,0
C004822,robertmoore@example.org,Maria,Hoover,GEO0607,SMB,2025-07-02T01:49:53,2025-11-21T19:56:42,0
C004823,rodriguezkevin@example.org,Edwin,Harvey,GEO0615,SMB,2024-09-09T09:35:42,2025-01-09T04:57:25,0
C004824,jacqueline69@example.net,William,Meyer,GEO0273,SMB,2024-04-22T19:15:00,2024-05-06T16:54:01,0
C004825,tcox@example.net,Charles,Daniels,GEO0176,Mid-Market,2025-06-11T18:38:55,2025-06-17T10:54:41,0
C004826,zlopez@example.net,David,Bates,GEO0266,Consumer,2025-06-04T17:07:17,2025-06-12T06:13:18,0
C004827,ueaton@example.net,Stephanie,Gentry,GEO0675,SMB,2024-01-26T01:35:53,2026-02-22T03:44:46,0
C004828,sue91@example.com,James,Hernandez,GEO0129,SMB,2024-02-19T12:45:14,2025-02-02T20:33:46,0
C004829,castroanthony@example.org,Corey,Brown,GEO0108,SMB,2025-11-04T18:37:02,2026-01-24T05:06:49,0
C004830,nicole31@example.com,Richard,Rich,GEO0151,Consumer,2024-03-11T13:44:26,2025-10-14T09:26:01,0
C004831,paigeyoung@example.org,Amy,Villa,GEO0109,Mid-Market,2024-05-20T02:10:58,2025-03-13T13:28:53,0
C004832,acostadylan@example.net,Nancy,Morse,GEO0455,Consumer,2024-09-21T16:07:09,2025-09-11T18:33:55,0
C004833,zthompson@example.com,Martha,Soto,GEO0556,Consumer,2025-02-10T01:29:52,2025-06-26T19:32:52,0
C004834,alejandrotaylor@example.org,Sharon,Ponce,GEO0034,Mid-Market,2024-09-26T22:46:20,2024-12-11T05:24:00,0
C004835,erik86@example.com,Lauren,Li,GEO0232,Consumer,2025-08-15T00:15:14,2025-09-04T23:53:16,0
C004836,tcruz@example.org,Christine,Dennis,GEO0360,SMB,2025-03-19T13:43:22,2025-11-27T22:57:55,0
C004837,bbowman@example.net,Randall,Harrison,GEO0154,SMB,2026-02-16T12:22:31,2026-03-01T16:40:06,0
C004838,matajaclyn@example.com,Tommy,Anderson,GEO0354,SMB,2024-01-24T18:39:22,2024-03-22T09:15:59,0
C004839,colematthew@example.com,Megan,Williams,GEO0647,Mid-Market,2025-08-06T12:18:41,2025-08-31T12:17:22,0
C004840,marissahale@example.com,Melissa,Smith,GEO0317,SMB,2025-06-25T04:56:46,2025-12-22T18:56:20,0
C004841,jlevy@example.com,Lauren,Brock,GEO0336,Consumer,2024-05-13T07:01:30,2024-10-11T08:57:46,0
C004842,melvinwhite@example.com,Keith,Brown,GEO0599,SMB,2025-05-15T08:06:58,2025-08-18T13:06:57,0
C004843,brittneywashington@example.com,Karen,Ashley,GEO0793,Mid-Market,2025-11-16T11:52:53,2026-02-23T11:31:16,0
C004844,beverlyflores@example.org,Jeffrey,Sandoval,GEO0691,SMB,2025-07-11T03:32:47,2025-07-14T22:20:54,0
C004845,lauradixon@example.org,Rebecca,Wong,GEO0011,Mid-Market,2024-07-23T07:19:56,2024-08-29T16:14:23,0
C004846,kimberlystevens@example.net,Ronald,Smith,GEO0191,SMB,2025-10-10T04:43:40,2026-02-08T16:33:22,0
C004847,hilldebra@example.org,Michael,Sloan,GEO0177,Mid-Market,2025-07-12T03:37:11,2025-07-15T13:39:24,0
C004848,christianmendez@example.com,Beth,Jones,GEO0510,Mid-Market,2025-01-25T06:11:23,2025-12-31T19:26:51,0
C004849,swansonerin@example.net,Jacob,Miller,GEO0271,SMB,2025-04-14T22:10:08,2025-08-14T13:34:15,0
C004850,lucasedwards@example.com,Jennifer,Reed,GEO0134,SMB,2024-06-27T10:14:57,2025-03-14T03:34:13,0
C004851,plucero@example.org,Tyler,Brooks,GEO0765,Mid-Market,2026-01-27T22:48:22,2026-02-17T20:30:53,0
C004852,ashley99@example.net,Laura,Ross,GEO0047,Consumer,2026-02-05T05:57:50,2026-02-09T16:01:05,0
C004853,stephen86@example.net,Susan,Martinez,GEO0399,SMB,2025-04-10T02:43:01,2025-11-11T04:36:18,0
C004854,youngsarah@example.com,Rhonda,Howard,GEO0579,Consumer,2024-01-19T23:24:42,2025-08-26T09:17:29,0
C004855,andrea54@example.net,George,Mccullough,GEO0213,Mid-Market,2025-01-08T06:17:06,2025-12-02T09:44:15,0
C004856,matthew33@example.net,Austin,Murphy,GEO0662,Consumer,2024-03-15T23:13:11,2024-11-14T23:44:07,0
C004857,bellcole@example.com,Jared,Barker,GEO0333,SMB,2025-06-25T21:47:27,2026-02-27T14:54:36,0
C004858,mccalljane@example.org,Anthony,Jenkins,GEO0397,SMB,2024-02-21T13:40:31,2024-11-10T15:30:41,0
C004859,matthew36@example.org,Richard,Kelly,GEO0405,Consumer,2024-05-19T22:59:06,2024-08-08T21:55:03,0
C004860,bendermatthew@example.org,Johnathan,Henry,GEO0147,Mid-Market,2024-01-02T07:32:16,2024-09-10T23:29:54,0
C004861,jandrade@example.org,John,Taylor,GEO0093,SMB,2024-06-26T00:50:05,2026-01-06T14:30:45,0
C004862,ybridges@example.com,Miranda,Rosario,GEO0127,SMB,2025-09-27T20:14:12,2025-12-08T04:08:20,0
C004863,nicolemckenzie@example.org,Jay,Petersen,GEO0186,Consumer,2025-08-28T19:08:08,2025-11-03T04:23:56,0
C004864,taylorchristopher@example.org,Olivia,Marks,GEO0241,SMB,2025-05-19T14:49:11,2026-01-07T14:16:23,0
C004865,michaelvalencia@example.net,Scott,Fleming,GEO0611,SMB,2025-11-21T01:10:06,2026-02-13T16:33:56,0
C004866,natalie11@example.org,Scott,Stewart,GEO0247,Consumer,2024-07-10T03:59:59,2025-04-24T16:19:27,0
C004867,fsanchez@example.org,Chad,Torres,GEO0494,Mid-Market,2024-08-20T12:12:33,2025-04-12T18:52:25,0
C004868,johntravis@example.org,Wendy,Gordon,GEO0369,Mid-Market,2026-02-23T15:34:53,2026-02-27T09:11:51,0
C004869,terribrown@example.com,Jessica,Cook,GEO0128,Mid-Market,2024-01-17T21:18:29,2024-12-21T22:40:44,0
C004870,emily00@example.org,Lisa,Patel,GEO0689,Mid-Market,2025-08-24T07:23:42,2025-12-30T19:19:28,0
C004871,sanchezrobert@example.net,Stephanie,Espinoza,GEO0520,Consumer,2025-05-01T12:36:44,2025-09-03T21:37:11,0
C004872,hardindavid@example.net,Eric,Jones,GEO0339,Consumer,2024-12-14T04:41:40,2025-01-10T04:59:20,0
C004873,andrew17@example.org,Dennis,Green,GEO0607,Consumer,2025-02-21T13:45:42,2026-02-16T20:30:37,0
C004874,obrown@example.net,Thomas,Griffin,GEO0411,SMB,2024-10-23T23:28:41,2025-06-11T16:42:50,0
C004875,isaiahbrown@example.net,Catherine,Mendoza,GEO0282,Mid-Market,2025-06-16T16:50:27,2025-10-04T22:26:47,0
C004876,clarkdavid@example.org,Joshua,Newman,GEO0596,Consumer,2024-03-21T18:20:39,2025-01-12T20:20:50,0
C004877,uscott@example.org,Kristopher,Anderson,GEO0042,Mid-Market,2024-05-18T02:07:45,2025-12-12T10:47:28,0
C004878,jenkinscarl@example.org,Linda,Phillips,GEO0182,Mid-Market,2024-08-23T10:40:03,2024-11-20T19:17:29,0
C004879,asmith@example.net,Kelly,Gonzalez,GEO0613,SMB,2025-05-21T18:27:08,2025-12-12T21:12:32,0
C004880,matthewcook@example.net,Spencer,Turner,GEO0447,SMB,2025-08-20T11:18:49,2026-01-11T19:56:31,0
C004881,lekathleen@example.org,Gabrielle,Anderson,GEO0057,Mid-Market,2025-04-20T02:45:30,2026-01-28T20:40:09,0
C004882,candicehoward@example.net,Steven,Sandoval,GEO0535,Consumer,2024-05-18T01:35:45,2024-09-21T00:50:01,0
C004883,xgray@example.org,Jennifer,Owen,GEO0693,SMB,2026-01-30T05:32:52,2026-02-12T21:26:38,0
C004884,despinoza@example.com,Rodney,Moss,GEO0356,Consumer,2025-02-08T10:05:20,2025-10-16T10:37:21,0
C004885,michelle38@example.com,Steven,Jones,GEO0512,Mid-Market,2024-09-16T01:36:44,2025-10-28T14:06:40,0
C004886,catherinemiller@example.net,Jeffrey,Bryant,GEO0340,Consumer,2025-11-17T21:32:00,2025-11-17T22:16:40,0
C004887,bobbyhunter@example.org,Benjamin,Ward,GEO0747,Mid-Market,2024-12-27T22:30:57,2025-03-30T08:10:42,0
C004888,luis86@example.net,Lindsey,Miller,GEO0494,Mid-Market,2025-05-10T20:18:56,2025-11-27T13:22:45,0
C004889,oclayton@example.com,Daniel,Peters,GEO0554,Mid-Market,2024-05-11T09:52:33,2024-11-30T01:22:07,0
C004890,jimenezterri@example.net,Richard,Collins,GEO0236,Mid-Market,2024-05-07T14:09:47,2025-04-11T02:11:41,0
C004891,wrightcynthia@example.org,Michael,Washington,GEO0417,Consumer,2024-09-19T07:20:14,2025-12-05T14:23:43,0
C004892,william93@example.net,Daniel,Rollins,GEO0149,SMB,2025-11-27T15:28:13,2025-12-29T23:50:52,0
C004893,john62@example.org,Michael,Ramirez,GEO0025,SMB,2025-02-01T17:54:30,2025-07-16T01:13:42,0
C004894,carolyn39@example.org,Shane,Craig,GEO0638,SMB,2024-01-10T22:41:37,2025-04-02T19:05:16,0
C004895,johnathan63@example.net,Lee,Fisher,GEO0484,SMB,2025-04-26T02:40:57,2025-07-28T16:01:50,0
C004896,dsmith@example.net,Taylor,Reid,GEO0730,Mid-Market,2024-03-28T18:38:02,2025-08-02T08:25:25,0
C004897,james84@example.org,Brian,Woodard,GEO0555,SMB,2025-12-25T19:48:31,2026-01-28T15:09:50,0
C004898,faith55@example.org,Emily,Adams,GEO0034,Consumer,2026-02-06T14:07:48,2026-02-11T09:49:14,0
C004899,colesheila@example.net,Jean,Byrd,GEO0419,SMB,2025-02-03T16:42:51,2025-06-08T23:03:13,0
C004900,gmcdonald@example.net,Amanda,Lang,GEO0267,Consumer,2024-12-22T12:59:54,2025-10-11T11:45:09,0
C004901,dawnmerritt@example.org,Theresa,Lloyd,GEO0188,SMB,2025-01-06T17:28:46,2026-01-17T12:31:13,0
C004902,yangstanley@example.org,Erin,Smith,GEO0241,Consumer,2026-01-16T15:35:48,2026-01-21T23:03:42,0
C004903,andrew94@example.com,Kathleen,Jones,GEO0682,Mid-Market,2024-06-29T22:14:41,2026-02-28T09:51:29,0
C004904,caseykenneth@example.org,Hailey,Richardson,GEO0591,SMB,2025-01-30T23:26:47,2026-01-12T02:11:43,0
C004905,amedina@example.com,Cody,Barron,GEO0438,SMB,2024-03-31T19:44:40,2025-12-13T06:42:25,0
C004906,andrea67@example.org,Alejandra,Scott,GEO0116,Consumer,2024-08-30T18:25:11,2025-11-24T10:25:44,0
C004907,eduardo62@example.com,Kevin,Valentine,GEO0245,Consumer,2024-09-18T18:55:48,2024-10-27T18:20:04,0
C004908,qbrown@example.net,Amy,Harrison,GEO0416,SMB,2025-09-11T12:56:25,2025-11-05T00:03:41,0
C004909,trujillotina@example.net,Steven,Osborne,GEO0391,SMB,2024-07-24T04:45:59,2024-11-21T01:22:43,0
C004910,johnnguyen@example.org,Heather,Keller,GEO0603,SMB,2025-02-02T01:28:32,2025-09-26T23:51:45,0
C004911,kristijohnson@example.org,Dennis,Larsen,GEO0578,Consumer,2025-10-25T09:53:58,2025-11-21T02:13:47,0
C004912,kbarton@example.net,Nancy,Sandoval,GEO0119,Consumer,2025-01-07T22:46:30,2026-01-25T20:42:40,0
C004913,caroline03@example.net,Kimberly,Green,GEO0700,SMB,2025-09-10T11:59:10,2026-01-11T20:56:10,0
C004914,williamgarcia@example.com,Scott,Larson,GEO0515,SMB,2025-09-01T18:47:34,2025-12-10T14:29:30,0
C004915,joseskinner@example.org,Justin,Johnson,GEO0385,SMB,2024-03-03T11:19:33,2025-10-30T18:45:49,0
C004916,garciasarah@example.org,Brian,Hunt,GEO0422,Consumer,2025-04-30T05:44:37,2025-11-12T19:48:38,0
C004917,john31@example.com,Sandra,Norris,GEO0626,SMB,2024-04-08T09:45:35,2024-10-12T15:00:03,0
C004918,collin12@example.com,Michael,Miller,GEO0387,Mid-Market,2024-05-10T07:13:49,2024-08-25T06:08:25,0
C004919,pbrown@example.com,John,Blake,GEO0523,Consumer,2025-08-08T15:52:16,2025-11-23T00:10:04,0
C004920,james25@example.com,Linda,Harrison,GEO0556,Mid-Market,2025-03-20T17:18:04,2025-09-20T15:30:05,0
C004921,comptonlaura@example.net,Mark,James,GEO0625,Mid-Market,2024-05-18T19:04:33,2025-02-14T05:44:40,0
C004922,christopher23@example.org,Charles,Rogers,GEO0643,Consumer,2025-01-18T23:37:22,2026-03-01T13:48:05,0
C004923,walshdaniel@example.org,Danielle,Johnson,GEO0677,Mid-Market,2025-03-22T11:21:35,2026-01-23T05:09:14,0
C004924,burnsjohn@example.com,Debra,Harris,GEO0384,SMB,2025-01-12T04:44:34,2025-06-26T17:31:42,0
C004925,warddavid@example.org,Tiffany,Parker,GEO0620,Consumer,2025-03-23T00:50:42,2025-06-08T04:35:49,0
C004926,deborahcoleman@example.com,Destiny,Shah,GEO0349,Consumer,2025-12-31T19:59:14,2026-02-20T07:22:09,0
C004927,lisa84@example.net,Derek,Hampton,GEO0016,Mid-Market,2025-03-25T19:31:06,2025-10-02T23:57:12,0
C004928,martinezrobert@example.net,Larry,Duran,GEO0551,Mid-Market,2025-09-04T13:19:31,2025-10-14T13:33:42,0
C004929,joseph26@example.net,Christopher,Hill,GEO0511,SMB,2026-01-25T08:26:17,2026-02-17T10:02:29,0
C004930,leonard75@example.net,Teresa,Morales,GEO0489,Mid-Market,2024-06-03T07:06:48,2024-06-13T03:35:22,0
C004931,jenniferweber@example.org,Amanda,Nelson,GEO0510,Consumer,2025-12-01T16:34:03,2026-02-08T15:20:25,0
C004932,tammy23@example.org,James,Peters,GEO0395,SMB,2024-11-13T00:47:43,2025-05-05T17:07:41,0
C004933,margaretdixon@example.net,Jamie,Caldwell,GEO0632,Mid-Market,2024-11-23T00:06:00,2025-09-06T20:35:56,0
C004934,nancy28@example.net,Anthony,Johnson,GEO0737,SMB,2025-03-06T19:31:51,2025-07-17T08:31:27,0
C004935,fstewart@example.net,Elizabeth,Miller,GEO0343,Consumer,2025-08-25T14:34:51,2026-02-27T17:27:24,0
C004936,xstokes@example.com,Kristina,Carson,GEO0292,Mid-Market,2025-01-28T09:24:48,2025-07-16T07:59:14,0
C004937,michaelramirez@example.net,Thomas,Burns,GEO0328,SMB,2024-11-03T14:17:47,2025-08-23T13:14:12,0
C004938,justin49@example.com,Joseph,Matthews,GEO0450,Mid-Market,2025-05-06T04:09:50,2025-12-12T05:32:07,0
C004939,torresjustin@example.org,Brandon,Smith,GEO0089,SMB,2024-03-17T00:11:13,2025-07-26T09:13:35,0
C004940,peterpayne@example.org,Susan,Powers,GEO0623,SMB,2025-10-16T07:18:20,2025-10-28T10:10:07,0
C004941,linda37@example.com,Brittney,Glover,GEO0674,Consumer,2024-10-23T10:58:40,2024-10-24T08:30:08,0
C004942,rebecca46@example.org,Brandi,Taylor,GEO0367,Consumer,2025-03-02T19:30:55,2026-01-24T18:27:10,0
C004943,blackwelljonathan@example.com,Eric,Ward,GEO0458,SMB,2024-03-18T11:37:31,2025-06-22T07:26:24,0
C004944,jessica96@example.org,Christopher,Hamilton,GEO0767,Mid-Market,2025-08-08T23:59:20,2026-01-03T03:38:35,0
C004945,donaldchen@example.com,Taylor,Alexander,GEO0605,SMB,2025-03-25T15:46:14,2025-10-10T13:23:13,0
C004946,randytaylor@example.net,Sharon,Bauer,GEO0389,Mid-Market,2025-03-27T16:33:22,2025-12-20T14:51:19,0
C004947,hphillips@example.net,Phillip,Brown,GEO0714,Mid-Market,2026-02-04T21:43:22,2026-02-24T11:28:07,0
C004948,nathanbanks@example.org,Kara,Good,GEO0365,Mid-Market,2024-04-25T19:34:16,2025-01-18T08:50:46,0
C004949,john98@example.net,Jonathan,Adams,GEO0684,Consumer,2025-02-03T13:15:54,2025-11-19T10:11:21,0
C004950,steveberry@example.org,Gina,Sanchez,GEO0465,SMB,2024-09-13T15:30:17,2025-05-13T14:40:10,0
C004951,hartmanvictor@example.com,Ashley,Swanson,GEO0615,Consumer,2024-05-25T16:17:32,2025-09-03T14:23:24,0
C004952,sara49@example.net,Kaitlyn,Gomez,GEO0317,Mid-Market,2024-03-15T02:59:35,2025-10-12T16:30:21,0
C004953,megan81@example.org,Shane,Lee,GEO0777,Mid-Market,2025-05-19T21:34:54,2025-09-09T04:46:11,0
C004954,snydermorgan@example.net,Jessica,Hopkins,GEO0213,Consumer,2025-08-31T20:49:01,2025-09-15T10:37:00,0
C004955,scottrodriguez@example.org,David,Thomas,GEO0393,SMB,2024-10-20T23:07:28,2025-02-14T12:20:35,0
C004956,rachel23@example.net,Tammie,Long,GEO0713,Consumer,2024-10-18T10:46:36,2024-11-21T18:14:17,0
C004957,thomasgarcia@example.com,Samantha,Nelson,GEO0149,SMB,2024-07-08T13:08:55,2025-10-31T03:08:12,0
C004958,mirandajoshua@example.org,Joshua,Leblanc,GEO0586,Consumer,2024-08-27T01:49:48,2025-10-17T10:15:12,0
C004959,elizabeth11@example.org,Andrea,Hall,GEO0538,Mid-Market,2024-07-18T11:39:30,2025-06-04T18:42:34,0
C004960,kruegertammie@example.com,Adam,Taylor,GEO0614,SMB,2025-08-07T05:32:11,2026-02-09T22:07:38,0
C004961,amandamorrison@example.org,Thomas,Santos,GEO0457,Mid-Market,2024-01-01T15:35:31,2026-02-21T20:20:40,0
C004962,briana28@example.net,Stacey,Ramos,GEO0246,Mid-Market,2025-05-31T17:09:49,2026-01-29T06:29:54,0
C004963,yhenry@example.com,Ian,Weber,GEO0545,Consumer,2025-03-11T01:37:59,2025-11-06T14:14:37,0
C004964,holly33@example.net,Wanda,Bryant,GEO0487,Mid-Market,2025-06-11T07:55:27,2025-12-25T13:01:36,0
C004965,jennifermeyer@example.org,Cathy,Carrillo,GEO0124,Mid-Market,2025-11-04T15:32:51,2025-12-15T10:00:50,0
C004966,christophermullen@example.org,Blake,Taylor,GEO0203,Consumer,2026-02-11T21:41:18,2026-02-19T11:42:02,0
C004967,burnskatherine@example.org,Jonathan,Shannon,GEO0137,Consumer,2025-12-22T19:25:10,2025-12-25T21:05:01,0
C004968,stephanie86@example.net,Elizabeth,Reyes,GEO0790,Mid-Market,2025-03-28T07:45:11,2025-06-11T12:22:09,0
C004969,jay71@example.com,Rachel,Alvarez,GEO0677,Consumer,2025-06-13T11:18:24,2025-10-12T00:21:39,0
C004970,montesmichael@example.org,Ann,Hansen,GEO0259,Consumer,2025-11-17T23:22:27,2026-01-19T03:04:29,0
C004971,hawkinsjeffrey@example.net,Lisa,Mcneil,GEO0114,Consumer,2024-11-23T18:35:53,2025-12-22T23:50:28,0
C004972,alvarezjason@example.org,Stuart,Horn,GEO0239,Mid-Market,2024-10-11T10:35:05,2025-10-12T18:50:54,0
C004973,danielanderson@example.com,Vanessa,Small,GEO0644,SMB,2025-07-20T21:02:32,2026-01-07T16:19:00,0
C004974,shelly48@example.com,Brett,Irwin,GEO0224,Mid-Market,2024-12-03T10:48:12,2025-11-21T17:51:00,0
C004975,gabriellechavez@example.com,Catherine,Gallegos,GEO0207,Mid-Market,2024-07-19T12:21:39,2025-11-19T04:27:33,0
C004976,foxrobert@example.net,Andrew,Lawson,GEO0141,SMB,2025-09-26T01:49:29,2025-10-02T11:05:51,0
C004977,bhernandez@example.net,Diana,Woods,GEO0751,SMB,2024-02-16T19:26:28,2024-08-20T02:49:08,0
C004978,sherrymartinez@example.net,Megan,Cantrell,GEO0224,SMB,2024-04-19T12:35:15,2025-11-06T14:50:01,0
C004979,hector95@example.net,Robert,Johnson,GEO0047,SMB,2024-07-06T16:59:21,2025-02-20T14:36:56,0
C004980,jasonhess@example.net,Rebecca,English,GEO0401,Consumer,2025-07-24T03:18:46,2025-12-17T05:19:05,0
C004981,hshah@example.com,Michael,Clarke,GEO0538,Consumer,2025-04-29T15:15:00,2025-12-03T22:12:36,0
C004982,gonzalezjames@example.net,Alicia,Brown,GEO0549,SMB,2025-06-25T16:13:02,2025-10-07T17:16:43,0
C004983,mshields@example.com,Sheila,Marshall,GEO0628,Consumer,2025-05-28T13:49:59,2026-02-16T03:27:28,0
C004984,jacksonlaura@example.com,David,Walker,GEO0045,Mid-Market,2024-07-22T12:27:21,2025-09-18T01:59:25,0
C004985,williamswilliam@example.net,Rodney,Banks,GEO0700,SMB,2025-05-07T11:36:22,2025-12-22T07:47:58,0
C004986,rnguyen@example.net,Matthew,Ritter,GEO0505,SMB,2024-11-30T03:51:00,2025-05-12T23:48:40,0
C004987,bailey14@example.com,Bradley,Montgomery,GEO0313,SMB,2025-03-28T21:08:22,2025-04-03T09:02:11,0
C004988,pthompson@example.com,Robert,Carter,GEO0166,Mid-Market,2025-12-05T17:41:39,2026-02-07T17:04:01,0
C004989,landerson@example.net,Ruben,Morgan,GEO0703,SMB,2025-07-07T10:33:28,2025-08-14T06:21:31,0
C004990,robertshannah@example.org,Kyle,Ponce,GEO0465,SMB,2024-10-25T15:40:09,2024-11-17T16:01:09,0
C004991,denisenelson@example.net,Mario,Williams,GEO0387,Consumer,2024-04-26T09:05:23,2024-06-25T14:47:59,0
C004992,rebecca21@example.com,Nancy,Green,GEO0353,Mid-Market,2024-11-06T07:07:25,2025-05-19T00:33:42,0
C004993,sarahjacobs@example.org,Michele,Strong,GEO0542,Mid-Market,2025-03-14T03:05:21,2026-02-02T11:40:24,0
C004994,simmonsnatasha@example.net,Karen,Gray,GEO0240,Consumer,2025-03-23T07:41:18,2025-03-31T22:17:28,0
C004995,tanya78@example.net,Anita,Wiley,GEO0764,SMB,2025-11-01T01:02:02,2026-02-20T09:21:35,0
C004996,velliott@example.net,Rachel,Arroyo,GEO0026,Mid-Market,2024-02-04T17:37:08,2024-06-16T20:30:01,0
C004997,sean91@example.org,Brian,Brewer,GEO0679,Mid-Market,2025-08-07T21:02:59,2026-01-20T12:19:38,0
C004998,jellis@example.com,Keith,Davis,GEO0200,Mid-Market,2024-11-11T07:21:27,2025-10-09T11:47:44,0
C004999,pweber@example.net,Shannon,Carr,GEO0345,Mid-Market,2025-10-27T01:58:43,2025-11-24T20:25:13,0
C005000,jay70@example.org,Tammy,Ramirez,GEO0179,SMB,2024-08-10T09:31:08,2025-01-25T09:23:20,0
C005001,natasharodriguez@example.net,Joseph,Lowe,GEO0046,Mid-Market,2025-06-06T03:31:02,2026-03-01T23:14:15,0
C005002,saragreen@example.org,Valerie,Gonzales,GEO0326,SMB,2024-03-07T20:42:11,2024-11-28T08:41:40,0
C005003,nelsonaaron@example.org,Timothy,Lawrence,GEO0407,Mid-Market,2025-09-19T22:26:25,2025-11-21T21:38:02,0
C005004,zcooper@example.net,Mary,Brooks,GEO0590,Mid-Market,2024-02-11T01:16:22,2024-09-14T18:58:45,0
C005005,valerieyoder@example.net,Donald,Williams,GEO0475,SMB,2024-01-19T22:55:57,2026-01-29T17:55:48,0
C005006,elizabethfry@example.org,Terrence,Clark,GEO0368,SMB,2026-01-24T15:40:10,2026-02-13T03:19:00,0
C005007,kimberly12@example.com,Pedro,Webb,GEO0080,SMB,2025-08-12T03:47:28,2025-08-25T18:37:32,0
C005008,vanessamoore@example.org,Adam,Tran,GEO0512,Consumer,2025-04-03T02:31:52,2025-04-10T18:32:07,0
C005009,stephen89@example.com,Kristin,Wilson,GEO0692,SMB,2025-02-11T17:58:35,2025-04-04T07:57:01,0
C005010,donaldtorres@example.com,Kimberly,James,GEO0223,Mid-Market,2025-10-03T09:24:38,2025-10-30T21:11:35,0
C005011,carpenterkristen@example.org,Nancy,Cook,GEO0203,Consumer,2025-01-08T03:24:16,2025-06-23T08:59:26,0
C005012,nshepherd@example.com,Denise,Williams,GEO0062,SMB,2024-06-06T14:14:07,2024-11-11T11:14:26,0
C005013,anthonywinters@example.com,Charles,Kent,GEO0796,SMB,2024-05-10T12:37:32,2025-08-16T12:11:49,0
C005014,lydiasullivan@example.net,Jaime,Chapman,GEO0424,Mid-Market,2024-06-14T11:59:31,2026-02-02T09:31:17,0
C005015,ryan84@example.net,Pamela,Guzman,GEO0518,Mid-Market,2024-02-08T01:40:36,2025-12-02T16:39:50,0
C005016,zglenn@example.com,Lisa,Johnson,GEO0082,SMB,2024-05-02T07:41:14,2024-08-01T10:49:31,0
C005017,bsolis@example.org,Angel,Nelson,GEO0046,Consumer,2025-03-10T08:11:24,2025-04-21T08:53:58,0
C005018,rgarcia@example.org,John,Wallace,GEO0704,SMB,2024-09-15T02:57:26,2025-08-21T01:54:16,0
C005019,bowersjessica@example.org,Jessica,Guerrero,GEO0224,Consumer,2026-02-23T11:11:27,2026-02-25T09:22:43,0
C005020,patricia43@example.com,Anita,Miller,GEO0174,Mid-Market,2025-05-27T20:09:38,2025-12-25T23:38:18,0
C005021,sallen@example.com,Samuel,Golden,GEO0059,SMB,2025-01-12T02:42:43,2025-11-01T03:53:14,0
C005022,patricia74@example.org,Jocelyn,Scott,GEO0237,SMB,2026-01-17T17:02:16,2026-02-24T16:31:53,0
C005023,martha66@example.org,Alexandra,Roberts,GEO0294,Consumer,2024-05-18T19:12:51,2025-11-29T06:28:15,0
C005024,rparker@example.org,Tracy,Ward,GEO0498,SMB,2025-02-05T23:10:19,2025-05-04T15:42:26,0
C005025,courtneyking@example.net,Jessica,Gordon,GEO0666,SMB,2025-12-22T09:42:43,2026-01-06T09:27:16,0
C005026,nthompson@example.net,Jonathan,Armstrong,GEO0737,SMB,2026-02-20T00:50:10,2026-02-26T22:07:12,0
C005027,schultzderek@example.net,Jeffery,Kane,GEO0212,SMB,2024-07-14T04:20:22,2025-06-28T12:05:35,0
C005028,davidhart@example.org,Alexis,Hale,GEO0542,SMB,2024-05-26T23:09:53,2024-08-24T06:34:16,0
C005029,lewistara@example.net,Heather,Roberts,GEO0382,Mid-Market,2024-05-05T11:22:04,2024-05-14T18:42:22,0
C005030,stacy45@example.com,Shawn,Pope,GEO0552,Mid-Market,2024-05-15T11:49:09,2025-09-19T10:00:23,0
C005031,coxmaria@example.com,Daniel,Sampson,GEO0150,Mid-Market,2025-07-08T20:03:32,2026-02-24T08:41:56,0
C005032,smyers@example.com,Robert,Chapman,GEO0658,Mid-Market,2024-06-25T00:28:10,2025-10-20T02:09:25,0
C005033,barbaramcclain@example.com,Gina,Rodgers,GEO0350,SMB,2024-07-29T01:44:42,2025-02-02T21:39:13,0
C005034,scott67@example.net,Sophia,Walton,GEO0311,Consumer,2025-06-26T23:50:15,2025-08-03T13:30:10,0
C005035,erandolph@example.net,Ryan,Morales,GEO0171,Consumer,2024-09-10T04:56:26,2025-01-16T14:28:58,0
C005036,timothy60@example.net,Michael,Smith,GEO0623,SMB,2025-03-15T09:27:56,2026-01-23T10:58:32,0
C005037,melissa29@example.com,Lance,Gilmore,GEO0378,Consumer,2025-06-04T18:40:54,2025-10-31T12:34:28,0
C005038,chadcox@example.com,Ashley,Medina,GEO0126,SMB,2025-12-24T09:37:43,2026-01-12T18:18:17,0
C005039,lmoreno@example.net,Walter,Ferrell,GEO0339,Consumer,2025-09-17T02:12:26,2026-01-20T11:40:56,0
C005040,vward@example.com,Donald,Smith,GEO0422,Mid-Market,2024-06-09T12:26:32,2025-03-02T22:52:38,0
C005041,mcdanielangela@example.net,Billy,Zamora,GEO0167,Mid-Market,2024-01-05T10:14:25,2025-10-30T13:57:28,0
C005042,brookeherrera@example.net,Jesse,Fox,GEO0734,Consumer,2025-05-28T05:02:12,2025-07-05T12:07:57,0
C005043,austin67@example.org,Kevin,Valencia,GEO0068,Consumer,2025-12-29T03:30:28,2026-02-05T00:21:15,0
C005044,charris@example.org,Francis,Delacruz,GEO0793,Consumer,2024-02-12T17:43:34,2024-09-25T06:12:06,0
C005045,john31@example.net,Heather,Cooke,GEO0745,Mid-Market,2024-11-22T23:06:32,2024-11-30T03:25:25,0
C005046,johnsmith@example.org,Daniel,Rodriguez,GEO0055,Consumer,2025-07-07T05:15:27,2025-08-10T17:03:55,0
C005047,elizabeth65@example.com,Warren,Morris,GEO0242,Consumer,2025-09-03T16:33:53,2026-02-27T23:58:39,0
C005048,iflores@example.net,Keith,Hernandez,GEO0692,Consumer,2025-01-09T02:07:22,2025-05-30T21:57:15,0
C005049,egarcia@example.com,James,Franklin,GEO0605,Mid-Market,2025-05-10T03:23:31,2025-09-12T08:51:05,0
C005050,michael83@example.com,Charles,Chavez,GEO0673,Mid-Market,2024-11-21T02:01:43,2025-06-02T13:00:32,0
C005051,debrabryant@example.org,Diane,Murphy,GEO0327,Consumer,2024-07-06T22:24:22,2024-09-05T09:25:02,0
C005052,nmoses@example.com,Teresa,Wright,GEO0356,SMB,2024-05-24T20:11:51,2024-10-17T09:55:31,0
C005053,lindseydaniels@example.net,Michael,Mcclure,GEO0720,Mid-Market,2025-10-16T04:09:59,2026-01-10T03:40:50,0
C005054,ebeck@example.com,Denise,Mclean,GEO0300,Consumer,2025-12-14T13:41:06,2026-01-14T10:02:26,0
C005055,shirley60@example.net,David,Mendez,GEO0503,Consumer,2024-03-07T16:18:02,2024-05-25T10:55:30,0
C005056,hamptonsabrina@example.com,David,Valencia,GEO0329,Mid-Market,2025-09-20T15:59:41,2025-09-24T12:08:45,0
C005057,cynthia62@example.net,James,Solis,GEO0131,Consumer,2025-06-20T01:36:39,2025-10-20T20:22:11,0
C005058,derrick85@example.org,Todd,Lawrence,GEO0085,Mid-Market,2025-03-08T12:26:59,2025-09-15T01:34:13,0
C005059,ryancunningham@example.net,Olivia,Williams,GEO0747,Consumer,2025-07-19T12:35:59,2026-02-11T21:59:10,0
C005060,andersonvanessa@example.com,Lisa,Lawson,GEO0437,Consumer,2024-10-24T14:14:30,2025-02-01T01:33:43,1
C005061,frazierwendy@example.com,Melissa,Figueroa,GEO0177,Consumer,2025-04-09T08:48:12,2026-01-30T00:12:39,0
C005062,marylopez@example.net,Shawn,Garcia,GEO0182,Consumer,2025-09-09T00:58:03,2025-12-05T23:42:25,0
C005063,daviddalton@example.com,Dana,Armstrong,GEO0594,Consumer,2025-02-11T15:00:40,2025-05-12T20:59:18,0
C005064,rachel62@example.com,Lisa,Sharp,GEO0231,Mid-Market,2024-10-19T10:57:41,2025-06-05T19:33:45,0
C005065,jbarker@example.org,Clifford,Rogers,GEO0682,Mid-Market,2025-06-26T05:04:14,2025-08-08T14:14:34,0
C005066,yrobinson@example.org,Carolyn,Duke,GEO0475,Consumer,2024-12-04T04:38:50,2026-01-31T06:11:08,0
C005067,benjamin24@example.org,Jessica,Reyes,GEO0608,Mid-Market,2025-04-09T21:11:49,2025-09-23T08:02:07,0
C005068,john81@example.com,Alexis,Brown,GEO0742,Mid-Market,2025-08-29T21:15:35,2026-02-20T09:31:49,0
C005069,medwards@example.net,Mary,Jones,GEO0026,SMB,2025-01-11T07:41:05,2025-09-27T17:25:50,0
C005070,patricia02@example.com,Allison,Lopez,GEO0078,Mid-Market,2025-01-04T08:29:34,2025-01-30T01:30:52,0
C005071,brandon45@example.org,Kathleen,Reese,GEO0459,Consumer,2025-08-10T23:17:48,2025-11-27T06:25:26,0
C005072,joanwright@example.org,Zachary,Wyatt,GEO0747,Consumer,2025-06-19T15:53:22,2025-12-20T20:41:23,0
C005073,qjohnson@example.com,Adam,Reilly,GEO0091,SMB,2024-01-18T10:34:15,2025-07-23T15:23:02,0
C005074,christophersolomon@example.org,Taylor,Davis,GEO0003,SMB,2026-01-29T23:29:02,2026-02-01T23:12:07,0
C005075,joemurphy@example.net,John,Mcfarland,GEO0233,Consumer,2024-05-28T20:56:04,2025-01-15T11:37:45,0
C005076,pwells@example.org,Tracy,Gomez,GEO0114,SMB,2024-01-03T06:13:15,2024-04-24T11:43:26,0
C005077,scott17@example.org,Scott,Alvarez,GEO0655,SMB,2025-03-06T00:07:03,2025-04-17T09:25:01,0
C005078,matthewcollins@example.org,Keith,Pace,GEO0186,Mid-Market,2025-09-24T06:58:58,2025-11-16T10:11:00,0
C005079,reginasullivan@example.org,Matthew,Vega,GEO0364,Consumer,2025-03-21T05:51:24,2025-04-17T21:36:13,0
C005080,laurenray@example.org,Catherine,White,GEO0019,Mid-Market,2025-02-01T08:08:48,2025-08-17T12:53:59,0
C005081,colliersuzanne@example.com,Brian,May,GEO0177,Consumer,2024-08-24T12:06:18,2024-10-16T17:09:12,0
C005082,nicolerivas@example.org,Dana,Hudson,GEO0172,Consumer,2024-01-08T15:05:44,2025-04-11T03:38:50,0
C005083,nmoore@example.net,Amber,Austin,GEO0045,SMB,2024-10-29T14:58:47,2025-03-06T01:21:48,0
C005084,william47@example.com,Jacob,Bush,GEO0316,Mid-Market,2025-09-10T20:36:23,2025-09-17T17:04:38,0
C005085,guerracarrie@example.net,Michelle,Walker,GEO0515,Consumer,2025-12-27T00:53:53,2026-02-07T13:49:28,0
C005086,barkerdaniel@example.com,Michael,Sanchez,GEO0429,Mid-Market,2024-08-26T11:10:51,2025-10-27T07:23:38,0
C005087,leslie14@example.org,Christopher,Stevenson,GEO0094,SMB,2024-03-30T13:15:23,2024-10-02T08:07:15,0
C005088,lshepard@example.org,Arthur,Howe,GEO0347,Consumer,2024-01-29T22:11:51,2025-07-21T12:30:06,0
C005089,ugates@example.net,Mark,Davis,GEO0033,SMB,2025-02-10T10:47:27,2025-02-21T05:18:37,0
C005090,lovemary@example.org,Phillip,Mcdowell,GEO0444,SMB,2024-07-16T14:28:28,2025-05-06T02:42:19,0
C005091,qadams@example.org,Madison,Goodman,GEO0139,SMB,2024-02-14T15:05:31,2025-01-24T06:09:08,0
C005092,qchapman@example.org,Eric,Wolf,GEO0057,Mid-Market,2025-05-22T19:59:39,2026-01-29T22:50:43,0
C005093,welchsteven@example.org,Frederick,Small,GEO0219,Consumer,2024-12-22T12:07:20,2025-09-17T14:58:33,0
C005094,gsanders@example.org,Luis,Murray,GEO0592,Mid-Market,2025-12-21T19:51:45,2026-01-04T12:52:46,0
C005095,boonewilliam@example.com,Sandra,Flores,GEO0444,Consumer,2024-09-12T15:06:20,2025-01-06T02:04:16,0
C005096,mrodriguez@example.org,Jacob,Christensen,GEO0037,SMB,2026-01-10T03:10:18,2026-02-23T16:19:23,0
C005097,benjaminwilliams@example.org,Rachel,Wade,GEO0695,SMB,2024-11-08T14:13:04,2026-02-19T21:59:13,0
C005098,cynthiataylor@example.net,Jessica,Coleman,GEO0088,Mid-Market,2024-03-17T15:57:53,2024-12-12T02:36:57,0
C005099,vfrederick@example.com,Richard,Arnold,GEO0315,Mid-Market,2024-01-01T13:25:38,2024-11-24T09:57:20,0
C005100,mendozaangela@example.com,Tamara,Pena,GEO0356,Mid-Market,2024-02-24T11:30:47,2024-02-29T06:16:00,0
C005101,keithlara@example.net,Jay,White,GEO0046,Mid-Market,2024-05-05T02:59:31,2025-06-21T02:29:01,0
C005102,lori56@example.net,Justin,Short,GEO0641,Consumer,2024-04-16T20:56:02,2024-08-10T03:43:08,0
C005103,cookkaitlyn@example.net,James,Martinez,GEO0176,Mid-Market,2024-08-06T07:54:05,2026-01-22T20:53:41,0
C005104,troy51@example.net,Michael,Cobb,GEO0618,Consumer,2025-04-10T00:15:20,2025-12-06T18:24:22,0
C005105,rfoster@example.com,Michael,Montoya,GEO0111,SMB,2025-03-08T00:01:04,2025-12-24T02:42:49,0
C005106,robin65@example.com,Alexander,Floyd,GEO0779,Mid-Market,2025-10-27T10:18:54,2025-11-12T12:46:03,0
C005107,janicewest@example.com,Eric,Hudson,GEO0793,Mid-Market,2025-03-24T04:54:18,2025-05-01T03:26:55,0
C005108,hdoyle@example.com,Dana,Davis,GEO0073,SMB,2024-07-29T22:11:19,2024-10-08T03:16:56,0
C005109,jackclay@example.com,Christopher,Baker,GEO0351,SMB,2024-11-20T21:25:27,2025-02-01T08:58:48,0
C005110,timothy95@example.net,James,Davidson,GEO0679,Consumer,2024-05-29T07:53:03,2025-08-07T09:08:47,0
C005111,toddgutierrez@example.com,Chad,Thomas,GEO0619,SMB,2024-03-22T16:16:25,2024-05-17T07:33:51,0
C005112,dparker@example.org,Christine,Ruiz,GEO0564,SMB,2025-09-03T03:40:44,2025-11-28T19:09:15,0
C005113,walkertommy@example.org,Brittany,Thomas,GEO0419,SMB,2025-12-06T12:20:09,2025-12-14T15:18:27,0
C005114,harveyjames@example.net,Katherine,Collins,GEO0754,Consumer,2024-11-28T07:06:27,2025-12-18T08:37:50,0
C005115,catherinemartin@example.net,Mike,Miller,GEO0001,SMB,2024-01-10T01:49:20,2025-11-01T09:06:06,0
C005116,ashley28@example.com,Anthony,Trujillo,GEO0228,SMB,2024-08-06T20:06:59,2025-03-23T20:43:18,0
C005117,james08@example.com,Amanda,Lewis,GEO0367,Mid-Market,2025-03-11T07:40:06,2026-02-24T00:31:34,0
C005118,karen67@example.net,Cindy,Williams,GEO0020,Consumer,2025-12-01T20:30:34,2026-01-24T18:53:43,0
C005119,twagner@example.com,Reginald,Hooper,GEO0481,SMB,2024-11-24T23:24:03,2025-01-20T17:51:49,0
C005120,slawson@example.net,Jeffrey,Noble,GEO0371,Consumer,2024-08-20T08:06:44,2025-07-16T20:54:17,0
C005121,frazierannette@example.com,Jason,Ortiz,GEO0722,SMB,2024-10-17T09:53:31,2025-02-17T07:17:44,0
C005122,natashapaul@example.net,Allen,Murphy,GEO0789,Mid-Market,2025-01-15T20:54:38,2025-09-12T07:27:48,0
C005123,matthewschultz@example.org,Ashley,Sparks,GEO0370,Consumer,2025-05-04T03:42:27,2026-01-16T11:09:53,0
C005124,wjames@example.org,Jason,Gentry,GEO0662,Consumer,2025-01-06T02:42:51,2025-12-31T15:51:55,0
C005125,marknavarro@example.org,Tony,Chen,GEO0310,SMB,2024-02-19T00:50:36,2024-09-25T15:01:05,0
C005126,jennifer68@example.net,Catherine,Martin,GEO0159,Consumer,2026-02-04T16:20:39,2026-02-16T17:36:44,0
C005127,lunajoseph@example.org,James,Powers,GEO0477,Mid-Market,2024-10-02T00:47:39,2025-10-04T05:36:01,0
C005128,jonking@example.com,Robert,Garcia,GEO0681,Mid-Market,2026-01-11T11:02:38,2026-02-02T15:58:36,0
C005129,craig49@example.net,Julia,Miller,GEO0197,Consumer,2025-05-29T16:17:28,2025-08-15T12:25:32,0
C005130,bairdmolly@example.com,Gary,Cervantes,GEO0159,Consumer,2025-02-10T23:56:38,2025-12-17T20:57:11,0
C005131,vtodd@example.net,Heather,Sosa,GEO0220,SMB,2024-03-19T20:06:05,2025-11-20T11:55:17,0
C005132,josephking@example.com,Pamela,Molina,GEO0246,Mid-Market,2025-12-07T23:59:57,2026-02-26T12:11:47,0
C005133,christopher69@example.net,Mario,Marsh,GEO0357,Mid-Market,2025-06-09T19:01:32,2025-07-06T12:32:51,0
C005134,elizabethnelson@example.net,Theresa,Perez,GEO0226,Consumer,2024-04-01T04:42:52,2024-07-30T14:59:37,0
C005135,mistystephens@example.net,Anthony,Foster,GEO0389,Consumer,2025-09-09T17:09:49,2025-10-20T06:15:05,0
C005136,josephfisher@example.org,Linda,Brewer,GEO0243,SMB,2024-12-03T15:31:08,2025-05-29T00:52:44,0
C005137,troysnyder@example.org,Crystal,Bishop,GEO0644,Mid-Market,2024-08-07T11:48:57,2025-10-20T03:27:11,0
C005138,davisemily@example.org,Ernest,Marsh,GEO0204,Mid-Market,2025-04-16T03:16:05,2025-07-22T08:50:11,0
C005139,cruzcody@example.com,Henry,Smith,GEO0092,Mid-Market,2025-10-30T15:12:09,2025-11-24T10:41:31,0
C005140,johngarcia@example.org,Javier,Hebert,GEO0699,SMB,2025-12-17T08:11:58,2025-12-29T21:57:19,0
C005141,lisafoster@example.net,Jay,Jones,GEO0213,Consumer,2024-06-03T19:16:11,2024-07-08T14:38:15,0
C005142,wheelergregory@example.org,Todd,White,GEO0486,SMB,2025-05-07T03:23:41,2026-01-22T14:04:39,0
C005143,dunnrose@example.com,Jacob,Bass,GEO0330,SMB,2025-09-23T04:21:03,2025-12-16T18:08:42,0
C005144,cindymunoz@example.org,Connor,Mejia,GEO0015,Consumer,2024-12-03T20:51:58,2024-12-04T18:23:22,0
C005145,zreid@example.net,Heidi,Smith,GEO0776,Mid-Market,2026-01-26T17:31:31,2026-02-09T12:18:42,0
C005146,vaughndiana@example.net,Whitney,Goodman,GEO0766,SMB,2024-07-05T06:29:37,2025-06-26T14:09:14,0
C005147,vbennett@example.org,Lori,Thompson,GEO0013,Mid-Market,2026-01-08T03:27:43,2026-02-27T02:08:37,0
C005148,melissa83@example.com,Vickie,Mueller,GEO0636,Consumer,2024-03-28T10:06:06,2026-02-01T20:04:15,0
C005149,ewilson@example.com,Justin,Vasquez,GEO0609,Consumer,2024-07-31T03:01:30,2025-07-02T06:23:48,0
C005150,hmontgomery@example.com,Tiffany,Brown,GEO0744,Consumer,2024-02-15T08:25:36,2024-11-26T16:53:49,0
C005151,esmith@example.org,Amanda,Lopez,GEO0006,Mid-Market,2024-10-22T23:56:06,2025-01-17T06:08:52,0
C005152,anthonybrian@example.net,John,Esparza,GEO0724,Consumer,2024-05-09T07:54:10,2024-06-12T17:30:50,0
C005153,callahanamy@example.net,James,Burton,GEO0185,SMB,2025-06-20T22:55:51,2025-10-19T01:49:48,0
C005154,whitejamie@example.org,Omar,Maldonado,GEO0364,Mid-Market,2026-01-06T09:13:37,2026-02-28T03:15:30,0
C005155,brookscaroline@example.net,Jason,Baker,GEO0662,SMB,2025-06-23T17:56:28,2026-02-23T16:13:30,0
C005156,paynedominic@example.net,Karen,Lopez,GEO0405,Consumer,2024-06-22T07:07:27,2026-01-10T05:08:24,0
C005157,xcruz@example.org,Diana,Williams,GEO0131,Mid-Market,2024-02-25T00:39:51,2025-10-27T06:28:04,0
C005158,christopherrodriguez@example.com,Tanner,Reed,GEO0254,Mid-Market,2024-04-19T07:04:59,2025-07-22T17:19:17,0
C005159,gabriel32@example.com,Troy,Johnson,GEO0488,Mid-Market,2025-09-04T17:50:49,2025-11-06T17:00:12,0
C005160,moraleswilliam@example.org,Linda,Benitez,GEO0153,SMB,2025-10-15T20:28:56,2025-12-13T17:07:06,0
C005161,vnorton@example.net,Robert,Taylor,GEO0577,SMB,2024-08-01T01:42:16,2025-04-30T12:10:19,0
C005162,whitecody@example.org,William,Baxter,GEO0098,SMB,2025-01-10T09:01:28,2025-09-16T00:00:20,0
C005163,ryanhall@example.org,George,Williams,GEO0541,SMB,2024-08-26T10:41:32,2026-02-08T04:54:13,0
C005164,christopher53@example.net,Mercedes,Campbell,GEO0770,Mid-Market,2024-09-27T23:06:42,2025-02-01T16:01:42,0
C005165,wardjames@example.net,Alejandra,Maxwell,GEO0581,Mid-Market,2024-07-02T20:47:14,2025-12-13T10:03:51,0
C005166,ortegaanthony@example.com,Laura,Smith,GEO0668,Mid-Market,2024-05-19T17:17:31,2025-09-23T18:35:48,0
C005167,warren28@example.com,Robert,Burns,GEO0288,Mid-Market,2024-12-14T15:47:22,2025-04-05T14:04:23,0
C005168,halltyler@example.com,Ryan,Bishop,GEO0568,SMB,2026-02-27T03:20:56,2026-02-27T06:47:02,0
C005169,grossangie@example.net,Jeremy,Johnson,GEO0763,Consumer,2026-03-01T12:26:26,2026-03-02T01:41:56,0
C005170,qlong@example.com,Mariah,Morgan,GEO0364,SMB,2025-12-15T06:48:57,2026-01-13T02:06:36,0
C005171,marcrobbins@example.org,Christopher,Orr,GEO0199,Mid-Market,2024-03-11T13:44:05,2024-06-25T18:21:21,0
C005172,pjackson@example.net,Tina,Sanchez,GEO0711,Consumer,2024-08-13T19:15:31,2025-03-11T23:07:53,0
C005173,amycunningham@example.org,Melanie,Payne,GEO0791,Mid-Market,2024-09-18T01:14:31,2026-02-04T19:04:29,0
C005174,davidward@example.org,Karen,Brown,GEO0051,SMB,2024-08-08T18:40:41,2025-03-12T00:26:06,0
C005175,jonathansimmons@example.org,Melissa,Ferguson,GEO0118,Mid-Market,2025-07-05T04:56:03,2026-02-19T00:18:58,0
C005176,blackwellcandace@example.com,Anthony,Turner,GEO0096,Consumer,2025-06-13T01:30:09,2025-08-01T12:11:53,0
C005177,eedwards@example.net,Taylor,Reeves,GEO0002,Mid-Market,2025-04-04T09:08:19,2025-11-10T17:17:59,0
C005178,melissa71@example.net,Christopher,Williams,GEO0594,Consumer,2024-09-06T11:56:50,2025-07-31T01:49:27,0
C005179,wnelson@example.com,Ashley,Gaines,GEO0548,Consumer,2024-12-02T18:42:38,2024-12-14T10:45:57,0
C005180,ocrane@example.net,Christopher,Shannon,GEO0718,SMB,2025-01-28T19:40:07,2025-04-04T00:52:28,0
C005181,maria79@example.org,Kyle,Evans,GEO0170,Mid-Market,2026-02-04T01:39:22,2026-02-19T17:52:42,0
C005182,caseamy@example.net,Adriana,Ray,GEO0017,Consumer,2025-09-11T07:20:44,2025-12-02T00:58:34,0
C005183,garciakaren@example.com,Lori,Rogers,GEO0076,Mid-Market,2025-08-05T13:34:55,2026-02-25T23:16:17,0
C005184,sporter@example.com,Steven,Butler,GEO0242,SMB,2025-03-21T22:28:47,2025-12-21T02:52:46,0
C005185,silvamatthew@example.com,Anne,Rojas,GEO0134,SMB,2024-09-26T05:02:20,2025-06-19T01:59:40,0
C005186,webbashley@example.org,Shannon,Torres,GEO0112,SMB,2024-03-27T22:42:20,2025-05-30T15:51:17,0
C005187,fredericktimothy@example.com,Katherine,Williams,GEO0199,Consumer,2025-07-31T01:07:46,2025-11-08T20:31:51,0
C005188,elizabethpeters@example.com,Jane,Bell,GEO0414,Mid-Market,2025-09-07T19:43:15,2025-09-16T00:04:14,0
C005189,kevinwagner@example.org,Scott,Sandoval,GEO0489,Mid-Market,2024-09-20T02:19:55,2024-10-24T11:47:40,0
C005190,michelle20@example.net,Samantha,Fields,GEO0782,SMB,2024-02-23T20:30:01,2025-09-29T02:53:16,0
C005191,amandawarren@example.net,Thomas,Young,GEO0728,SMB,2024-10-05T11:19:33,2025-06-25T00:03:00,0
C005192,dthompson@example.org,Christine,Walter,GEO0147,Consumer,2024-10-27T00:18:45,2025-05-26T08:54:22,0
C005193,jasonhardy@example.net,Thomas,Cohen,GEO0788,SMB,2025-09-30T12:33:50,2025-11-23T09:46:34,0
C005194,martinrachel@example.org,Patricia,Salazar,GEO0248,SMB,2025-03-27T05:23:26,2025-04-05T09:57:35,0
C005195,mwade@example.net,Catherine,Rice,GEO0363,Consumer,2025-09-11T09:25:27,2025-10-15T10:28:27,0
C005196,smitchell@example.com,Derek,Gibson,GEO0707,Consumer,2024-03-26T16:02:44,2025-07-20T19:21:47,0
C005197,luisblake@example.net,Michael,Mckinney,GEO0770,Mid-Market,2024-04-01T03:10:42,2024-07-19T12:22:11,0
C005198,tranangela@example.net,Shawn,Martin,GEO0535,SMB,2025-11-04T01:35:43,2025-11-19T11:36:21,0
C005199,thomascook@example.org,Maria,Vincent,GEO0618,SMB,2024-01-24T07:06:21,2024-02-15T14:55:53,0
C005200,crosbycrystal@example.org,Melissa,Jenkins,GEO0233,SMB,2024-03-13T08:04:40,2025-05-30T21:17:30,0
C005201,johnchan@example.org,Jose,Rich,GEO0130,Mid-Market,2025-05-10T21:24:56,2025-08-14T03:40:02,0
C005202,brookshannah@example.com,Nicole,Mercer,GEO0074,Consumer,2024-08-22T22:15:07,2025-12-04T12:30:03,0
C005203,teresaperry@example.com,George,Melton,GEO0177,SMB,2025-01-05T12:06:26,2025-09-23T08:58:18,0
C005204,nwhite@example.org,Michael,Johnson,GEO0282,Mid-Market,2025-01-23T13:18:23,2026-02-16T20:32:38,0
C005205,joseph51@example.net,Rebecca,Delgado,GEO0547,Consumer,2026-02-16T08:43:19,2026-02-17T21:34:14,0
C005206,james42@example.org,Chris,Mcdonald,GEO0099,Consumer,2025-06-04T02:54:51,2025-10-05T14:40:08,0
C005207,pamela44@example.net,Martin,May,GEO0795,Mid-Market,2026-02-02T21:17:49,2026-02-17T22:38:52,0
C005208,kathymiller@example.net,Amanda,Evans,GEO0486,Mid-Market,2024-06-09T14:47:45,2025-05-07T18:05:45,0
C005209,nicholas81@example.com,Charles,Hanson,GEO0627,SMB,2024-09-29T16:58:58,2025-08-08T00:56:00,0
C005210,irwinricky@example.com,Darlene,Thompson,GEO0114,SMB,2025-11-07T12:21:54,2026-02-12T17:16:57,0
C005211,donna42@example.net,Caitlyn,Mason,GEO0598,Mid-Market,2024-08-28T04:41:47,2025-06-20T17:47:53,0
C005212,cthompson@example.net,James,Lewis,GEO0451,SMB,2025-05-30T17:01:41,2026-01-29T07:30:25,0
C005213,pbrooks@example.net,Lisa,Ward,GEO0357,Mid-Market,2025-10-15T15:26:51,2025-12-19T18:30:59,0
C005214,brownleslie@example.org,Jose,Jarvis,GEO0435,Mid-Market,2025-04-08T01:20:15,2025-08-26T04:22:07,0
C005215,roblesjeffrey@example.com,Timothy,Carroll,GEO0293,Mid-Market,2024-04-12T14:07:27,2024-08-19T17:36:28,0
C005216,brandonrosario@example.net,George,Nguyen,GEO0018,SMB,2025-03-28T14:27:27,2025-10-18T01:44:39,0
C005217,whitneyjohnson@example.net,Christopher,King,GEO0578,Consumer,2025-08-25T19:12:57,2025-11-26T05:24:53,0
C005218,rebecca37@example.net,Danielle,Petersen,GEO0148,SMB,2024-05-09T18:42:41,2026-01-24T06:07:28,0
C005219,tcase@example.org,Julie,Huerta,GEO0144,SMB,2025-08-16T00:33:50,2025-11-14T13:48:54,0
C005220,mccallcrystal@example.org,Ronald,Doyle,GEO0387,Mid-Market,2024-11-22T03:01:40,2025-06-01T20:27:46,0
C005221,bwilson@example.com,Lisa,Larson,GEO0754,Mid-Market,2024-08-05T18:41:42,2025-10-04T15:02:42,0
C005222,callen@example.com,Catherine,Ibarra,GEO0414,SMB,2024-10-11T15:30:58,2025-12-07T03:17:02,0
C005223,laurenflynn@example.net,Roberta,Harper,GEO0231,SMB,2025-04-06T01:08:23,2025-04-15T22:05:23,0
C005224,cruzalbert@example.org,Melissa,Adams,GEO0160,SMB,2024-10-15T19:18:02,2025-09-07T19:44:39,0
C005225,bellalbert@example.org,Rachel,Flores,GEO0664,SMB,2025-07-05T14:51:20,2025-08-07T11:24:40,0
C005226,jessicalee@example.com,Bradley,Browning,GEO0773,SMB,2025-05-17T08:59:47,2026-02-22T08:22:21,0
C005227,lopeztonya@example.org,Angela,Shepherd,GEO0497,Mid-Market,2024-12-10T21:41:30,2025-06-27T21:26:13,0
C005228,gmccormick@example.org,Danielle,Rodriguez,GEO0310,Mid-Market,2024-12-12T08:11:00,2025-12-09T10:01:36,0
C005229,brianmyers@example.org,Joseph,Miles,GEO0249,Consumer,2024-12-15T00:43:28,2025-03-07T15:59:46,0
C005230,donald07@example.net,Randall,James,GEO0571,Mid-Market,2024-05-13T20:45:44,2024-10-06T15:24:36,0
C005231,qwagner@example.org,Antonio,Brown,GEO0349,Mid-Market,2025-11-19T17:31:03,2026-02-18T17:37:17,0
C005232,mitchelljoshua@example.com,Derek,Myers,GEO0116,Mid-Market,2024-06-10T20:27:52,2025-07-27T00:15:26,0
C005233,fwalker@example.org,John,Anthony,GEO0424,Mid-Market,2025-03-09T17:01:50,2026-01-28T05:49:29,0
C005234,wjones@example.net,Micheal,Stone,GEO0542,SMB,2025-11-28T08:34:11,2026-02-18T19:52:51,0
C005235,jodi94@example.com,Theresa,Keller,GEO0563,Mid-Market,2024-07-20T11:02:03,2025-11-25T19:53:25,0
C005236,wlewis@example.com,Jacqueline,Lynch,GEO0547,SMB,2024-04-15T11:14:30,2025-09-04T14:43:33,0
C005237,brittanyjohnson@example.com,Victor,Andrews,GEO0475,SMB,2024-05-22T15:06:26,2025-03-12T18:04:37,0
C005238,peterhamilton@example.com,Larry,Garrett,GEO0114,Consumer,2025-02-02T21:27:37,2025-07-22T00:54:53,0
C005239,woodjeffery@example.com,Jessica,Nichols,GEO0361,Consumer,2025-04-27T10:38:11,2025-10-20T01:06:24,0
C005240,adam43@example.net,Brian,Young,GEO0794,SMB,2024-03-16T13:39:30,2025-09-09T01:30:39,0
C005241,iharmon@example.net,Michael,Arnold,GEO0525,Consumer,2024-05-25T01:30:42,2024-07-11T00:33:04,0
C005242,ymontgomery@example.com,Jennifer,Bond,GEO0716,Mid-Market,2024-08-08T09:52:47,2024-08-26T04:13:49,0
C005243,tlewis@example.net,Taylor,Stark,GEO0527,Consumer,2024-11-02T05:53:27,2025-08-22T22:11:48,0
C005244,knoxmark@example.org,Laura,Miller,GEO0115,Mid-Market,2024-10-12T09:06:35,2024-10-13T02:44:24,0
C005245,masondavid@example.org,Elizabeth,James,GEO0755,Mid-Market,2025-08-14T11:58:39,2026-01-17T03:07:41,0
C005246,robin80@example.org,Melissa,Reed,GEO0599,Mid-Market,2024-06-27T09:26:57,2025-03-23T01:15:04,0
C005247,bruce59@example.net,Jim,Sullivan,GEO0482,Consumer,2025-07-09T17:29:38,2026-02-25T03:16:27,0
C005248,matthewowen@example.net,John,Mejia,GEO0018,Mid-Market,2024-12-31T11:06:05,2025-11-30T04:01:51,0
C005249,benjamin76@example.net,Sara,Ayala,GEO0423,Mid-Market,2024-08-24T23:03:23,2025-09-22T13:43:27,0
C005250,stephen37@example.com,Ann,Brady,GEO0065,SMB,2025-08-16T04:13:36,2025-10-29T06:35:43,0
C005251,jessica25@example.org,George,Hahn,GEO0218,SMB,2026-01-08T11:56:55,2026-02-20T23:56:18,0
C005252,robert90@example.org,Donna,Trujillo,GEO0087,Mid-Market,2024-06-11T16:19:24,2025-02-14T15:46:30,0
C005253,melissachristian@example.net,Karen,Velez,GEO0664,Mid-Market,2024-11-09T17:40:49,2025-04-24T01:47:15,0
C005254,anna65@example.org,Jason,Weber,GEO0793,Consumer,2026-01-18T14:30:50,2026-01-26T21:50:05,0
C005255,lscott@example.net,Christina,Thomas,GEO0179,Consumer,2025-08-12T02:25:10,2025-11-11T01:53:21,0
C005256,elizabethmorgan@example.org,Samuel,Brown,GEO0636,Consumer,2024-07-21T13:28:39,2024-12-17T08:55:53,0
C005257,katherine59@example.net,Christopher,Anderson,GEO0474,SMB,2025-10-10T21:49:44,2026-02-17T07:44:29,0
C005258,robertsingh@example.com,Pamela,Walker,GEO0542,Mid-Market,2025-02-08T22:29:48,2026-02-05T15:37:56,0
C005259,chad39@example.com,Nicholas,Wright,GEO0203,Mid-Market,2026-01-21T21:33:36,2026-02-07T19:05:51,0
C005260,christinabutler@example.com,David,Hamilton,GEO0514,SMB,2025-06-23T14:10:32,2025-10-25T15:16:31,0
C005261,andrewbrown@example.com,Donald,Sanders,GEO0672,SMB,2025-07-05T19:05:03,2025-09-18T00:28:24,0
C005262,jamesmcclure@example.org,Casey,George,GEO0494,Mid-Market,2024-06-18T12:55:39,2025-07-13T10:11:53,0
C005263,jlopez@example.net,Hayden,Reyes,GEO0642,Consumer,2024-10-15T23:20:31,2025-02-04T02:42:32,0
C005264,wendy33@example.net,William,Mitchell,GEO0378,Consumer,2024-05-24T09:01:16,2024-08-11T22:57:00,0
C005265,castillolinda@example.com,Brandon,Sanchez,GEO0529,Mid-Market,2024-04-14T02:08:38,2025-01-25T07:50:44,0
C005266,bruceochoa@example.com,Juan,Rice,GEO0230,Consumer,2025-04-12T05:27:23,2025-11-22T16:59:06,0
C005267,john60@example.net,Henry,Smith,GEO0724,SMB,2025-09-27T07:51:22,2025-12-17T00:05:37,0
C005268,christopherruiz@example.net,Amber,Simon,GEO0189,Consumer,2025-01-13T02:42:05,2025-01-28T03:46:20,0
C005269,johnsonjohn@example.com,Todd,Bray,GEO0367,SMB,2024-11-05T12:28:53,2025-02-28T02:52:14,0
C005270,djimenez@example.com,Spencer,Castaneda,GEO0384,Mid-Market,2024-02-28T01:46:44,2024-05-05T21:44:29,0
C005271,kathy76@example.com,Michael,Evans,GEO0471,Consumer,2025-08-03T02:57:28,2025-11-03T13:01:51,0
C005272,clarkrachel@example.net,Daniel,Rivera,GEO0116,Consumer,2024-08-26T05:06:45,2025-11-24T06:29:13,0
C005273,james11@example.org,Donald,Weber,GEO0539,SMB,2025-09-01T20:42:02,2025-09-22T00:06:42,0
C005274,nathan30@example.net,Christine,Potter,GEO0247,Mid-Market,2024-10-23T05:26:10,2024-12-01T17:39:54,0
C005275,hayleylopez@example.org,Jamie,Shelton,GEO0632,Mid-Market,2024-06-12T21:57:16,2024-06-27T00:26:04,0
C005276,collinsdiana@example.com,Matthew,Floyd,GEO0431,SMB,2025-06-20T10:17:54,2025-12-14T18:27:59,0
C005277,yjohnson@example.com,Andre,Taylor,GEO0476,Consumer,2024-02-24T20:20:54,2024-05-21T08:15:21,0
C005278,csmith@example.com,Jennifer,Flores,GEO0650,Consumer,2026-01-09T08:53:30,2026-01-14T02:53:35,0
C005279,franciskenneth@example.net,Tim,Moore,GEO0698,Consumer,2024-02-01T09:21:03,2024-04-25T10:47:15,0
C005280,jhaley@example.org,Jessica,Scott,GEO0711,Mid-Market,2024-03-12T03:36:20,2025-11-27T20:26:03,0
C005281,shawnkoch@example.net,Shawn,Brown,GEO0377,SMB,2024-06-03T12:38:49,2024-12-15T22:55:17,0
C005282,brian95@example.com,Samantha,Cooper,GEO0555,SMB,2026-02-13T15:38:27,2026-02-26T01:54:20,0
C005283,moorejoy@example.com,William,Clark,GEO0060,SMB,2025-05-29T12:09:20,2026-01-25T11:00:53,0
C005284,ktate@example.com,Amy,Herrera,GEO0130,Consumer,2024-06-22T09:25:55,2025-03-16T01:24:37,0
C005285,vargaspamela@example.net,Bridget,Yu,GEO0169,Mid-Market,2024-09-26T23:44:32,2025-11-24T03:49:46,0
C005286,stephanie65@example.net,Brandi,Curry,GEO0212,SMB,2025-05-18T08:56:06,2026-02-07T05:31:49,0
C005287,lee64@example.com,Ryan,Saunders,GEO0341,Consumer,2024-04-21T09:35:35,2024-07-29T12:03:23,0
C005288,johnsilva@example.org,Jonathan,Schmitt,GEO0763,Consumer,2025-07-23T02:36:31,2026-01-10T10:22:58,0
C005289,kevinmoore@example.net,Alicia,Simpson,GEO0396,Mid-Market,2024-02-13T05:25:31,2025-08-27T12:54:20,0
C005290,mark70@example.org,Wayne,Harrison,GEO0487,SMB,2024-02-17T08:46:18,2024-05-20T09:57:17,0
C005291,wgeorge@example.org,David,Cohen,GEO0730,Mid-Market,2024-05-20T08:49:09,2025-07-08T15:50:40,0
C005292,chayes@example.net,Sarah,Shelton,GEO0269,Mid-Market,2025-06-26T01:44:22,2026-01-29T01:04:21,0
C005293,rodneythomas@example.net,Stephanie,Mckee,GEO0692,Consumer,2024-05-06T14:42:32,2025-07-05T05:26:32,0
C005294,rebeccawolfe@example.org,Lauren,Collins,GEO0776,SMB,2025-09-24T01:18:09,2025-11-28T02:26:46,0
C005295,murrayrachel@example.org,Maria,Simpson,GEO0496,Mid-Market,2025-11-12T03:18:09,2025-11-12T14:24:42,0
C005296,jacqueline60@example.net,John,Gutierrez,GEO0279,SMB,2024-03-21T20:00:02,2025-06-03T17:04:57,0
C005297,elizabethsmith@example.com,Brenda,Anderson,GEO0269,SMB,2024-08-13T11:36:30,2025-01-17T21:59:14,0
C005298,cruzjoseph@example.com,Mario,Thompson,GEO0050,Mid-Market,2026-02-05T14:25:26,2026-02-28T03:43:03,0
C005299,keith28@example.net,Sandra,Sawyer,GEO0451,Consumer,2024-09-14T14:50:05,2025-08-10T01:01:50,0
C005300,kathleenwebster@example.com,Grace,Shaw,GEO0389,Consumer,2025-03-18T02:44:53,2025-11-07T11:48:07,0
C005301,chungerin@example.com,Rebecca,Myers,GEO0267,Mid-Market,2026-01-30T00:00:57,2026-02-13T15:35:16,0
C005302,baileyjulia@example.org,Heather,Diaz,GEO0492,SMB,2025-06-03T11:23:29,2026-01-12T03:33:40,0
C005303,fbyrd@example.com,Robert,Odom,GEO0060,SMB,2025-05-09T01:27:27,2026-01-13T04:44:05,0
C005304,tina93@example.com,Sarah,Allen,GEO0400,Consumer,2026-01-13T05:35:48,2026-01-27T09:37:55,0
C005305,richard05@example.net,Nicole,Edwards,GEO0658,Consumer,2024-09-22T00:40:37,2025-02-23T03:23:10,0
C005306,ewilson@example.org,Jamie,Cook,GEO0295,Mid-Market,2024-06-29T11:39:31,2025-12-28T07:12:27,0
C005307,jacobgreen@example.com,Sarah,Dixon,GEO0634,SMB,2025-04-19T22:03:57,2026-01-12T21:36:06,0
C005308,randall61@example.net,David,Rush,GEO0344,Consumer,2025-12-04T11:37:37,2026-01-07T09:44:29,0
C005309,cberger@example.net,Patricia,Grant,GEO0224,Mid-Market,2025-02-04T23:54:34,2025-11-07T00:05:11,0
C005310,jriley@example.com,Alicia,Duncan,GEO0730,SMB,2024-06-18T12:51:08,2024-08-19T17:13:26,0
C005311,fstevenson@example.net,Roger,Walker,GEO0035,Consumer,2026-01-30T17:34:02,2026-02-03T11:31:52,0
C005312,fernando04@example.net,Jamie,Duncan,GEO0568,Consumer,2024-02-09T12:55:41,2024-07-30T22:03:47,0
C005313,henrybailey@example.net,Jessica,Henderson,GEO0794,Mid-Market,2025-02-11T07:29:03,2025-06-06T11:59:21,0
C005314,jimmypugh@example.org,Timothy,Sullivan,GEO0611,Mid-Market,2024-12-26T03:20:07,2025-07-14T14:57:24,0
C005315,rodriguezpeter@example.org,Karen,Davis,GEO0601,SMB,2024-03-19T22:26:09,2025-10-26T12:56:51,0
C005316,rsanchez@example.net,Andre,Warren,GEO0497,Mid-Market,2024-12-21T12:59:55,2026-01-07T06:24:54,0
C005317,jeremy60@example.com,Kristin,Thompson,GEO0062,SMB,2024-05-15T07:55:24,2025-10-22T15:12:59,0
C005318,gutierrezmichael@example.com,Jamie,Doyle,GEO0315,Mid-Market,2024-03-03T04:11:20,2024-12-10T11:02:51,0
C005319,zgibson@example.net,Jessica,Martin,GEO0418,SMB,2024-01-21T19:17:01,2025-10-09T14:35:51,0
C005320,lauren04@example.org,Mary,Mckinney,GEO0076,Consumer,2025-04-19T20:55:35,2025-12-29T03:52:53,0
C005321,melissamoore@example.org,Andrew,Goodwin,GEO0470,Mid-Market,2024-07-23T09:57:07,2024-09-18T01:40:00,0
C005322,katie27@example.com,Michelle,Benitez,GEO0024,SMB,2025-02-02T17:18:32,2025-06-29T07:54:45,0
C005323,kaitlinnguyen@example.net,Jenny,Cobb,GEO0359,Consumer,2025-07-31T00:48:00,2025-10-09T13:03:14,0
C005324,jmiller@example.net,Hannah,Hernandez,GEO0394,Mid-Market,2024-11-16T22:26:00,2025-11-13T17:38:44,0
C005325,maryfernandez@example.net,Megan,Vincent,GEO0196,SMB,2025-10-05T01:24:17,2026-02-26T21:15:30,0
C005326,william62@example.net,Carlos,Rogers,GEO0306,Consumer,2025-09-30T09:18:29,2025-10-13T20:53:20,0
C005327,mckinneyclifford@example.org,Wayne,Miller,GEO0506,Consumer,2025-07-21T01:16:30,2025-07-24T04:31:41,0
C005328,bpope@example.org,Dana,Coleman,GEO0327,Consumer,2025-08-13T05:54:29,2025-11-29T08:23:07,0
C005329,pperez@example.net,Sheena,Torres,GEO0708,Mid-Market,2024-01-05T01:20:58,2025-10-11T01:57:54,0
C005330,williamsantos@example.org,Robert,Sweeney,GEO0472,Mid-Market,2025-09-30T10:58:31,2025-12-23T09:30:13,0
C005331,matthew33@example.net,Travis,Williams,GEO0406,Mid-Market,2025-07-09T00:34:18,2025-08-24T15:19:01,0
C005332,elizabethburke@example.org,Marissa,Henry,GEO0040,Mid-Market,2024-06-12T05:32:20,2024-06-14T14:10:22,0
C005333,michaelbarker@example.net,Julia,Keller,GEO0263,Consumer,2024-08-17T00:23:44,2025-01-07T17:23:04,0
C005334,jennifersingh@example.org,Megan,West,GEO0183,Consumer,2025-01-13T03:12:21,2025-04-03T08:29:05,0
C005335,robert19@example.net,Matthew,Li,GEO0553,Mid-Market,2025-03-24T16:30:43,2025-09-16T00:46:23,0
C005336,brianpowell@example.com,Angela,Bryant,GEO0617,Mid-Market,2024-08-01T23:44:07,2026-01-26T20:17:05,0
C005337,martinezmichele@example.com,Mark,Campbell,GEO0262,SMB,2024-01-26T23:05:52,2024-11-17T03:08:01,0
C005338,laura91@example.net,Michael,Lloyd,GEO0109,Consumer,2025-12-31T15:16:40,2026-02-28T01:17:47,0
C005339,williamlam@example.org,Rebecca,Jones,GEO0604,SMB,2024-03-10T13:37:38,2024-10-13T06:51:49,0
C005340,hillsteven@example.com,Robert,Andrews,GEO0715,SMB,2025-04-29T22:39:09,2025-11-10T17:36:57,0
C005341,ricardomiller@example.com,Scott,Combs,GEO0532,SMB,2025-08-20T14:14:32,2025-12-17T19:12:02,0
C005342,williamcarney@example.org,Jacqueline,Ballard,GEO0752,Mid-Market,2024-06-03T11:11:54,2024-12-28T19:03:24,0
C005343,krodriguez@example.net,Mark,Adams,GEO0616,SMB,2025-01-10T06:26:51,2025-02-02T14:05:09,0
C005344,prestonsusan@example.net,Kevin,Foley,GEO0432,Consumer,2024-05-06T15:13:39,2025-03-06T19:05:08,0
C005345,jake45@example.com,Timothy,Lamb,GEO0238,Mid-Market,2024-11-16T02:36:14,2026-02-16T13:24:37,0
C005346,eboyer@example.net,Nicole,Sellers,GEO0544,SMB,2024-07-13T09:13:27,2025-07-06T21:44:12,0
C005347,vcooper@example.org,Kimberly,Frye,GEO0039,SMB,2025-11-04T23:20:44,2026-01-19T08:23:26,0
C005348,mannbrandi@example.org,Heidi,Wheeler,GEO0129,Consumer,2026-02-17T11:02:48,2026-02-25T18:20:06,0
C005349,ggarner@example.org,Donald,Clark,GEO0509,SMB,2024-10-27T22:14:50,2025-09-26T03:34:28,0
C005350,susan93@example.com,Lindsay,Bradshaw,GEO0339,Mid-Market,2025-07-17T15:56:26,2026-02-01T07:15:43,0
C005351,christopher70@example.com,Patrick,Hoffman,GEO0062,Consumer,2024-02-17T06:00:17,2024-07-25T06:15:52,0
C005352,emily60@example.net,Amanda,Nichols,GEO0079,Mid-Market,2025-12-09T16:40:48,2026-01-08T03:42:36,0
C005353,qtaylor@example.org,Anthony,Hodge,GEO0657,Consumer,2024-01-05T10:01:39,2026-01-17T22:42:09,0
C005354,sarajoseph@example.net,Shelby,Garcia,GEO0701,SMB,2024-01-17T00:01:49,2024-11-29T07:49:53,0
C005355,moorekatherine@example.net,Christine,Foster,GEO0669,SMB,2025-03-21T13:32:19,2025-11-15T01:51:31,0
C005356,opatterson@example.com,Frank,Smith,GEO0206,SMB,2024-06-05T01:47:10,2025-09-23T10:30:46,0
C005357,xwalker@example.com,Wesley,Benitez,GEO0074,SMB,2025-09-12T13:12:26,2026-01-18T00:22:13,0
C005358,eward@example.org,Steve,Garcia,GEO0423,Consumer,2025-05-12T16:03:53,2026-02-20T16:09:12,0
C005359,baileydonna@example.com,Tracy,Mitchell,GEO0095,Mid-Market,2024-02-14T14:01:05,2025-10-29T18:34:10,0
C005360,briannaburns@example.org,Louis,Myers,GEO0658,SMB,2025-04-20T01:40:43,2025-12-14T11:06:33,0
C005361,pharris@example.org,Philip,Swanson,GEO0658,Consumer,2025-02-09T03:00:36,2025-10-26T21:40:56,0
C005362,garzajulia@example.com,Joseph,Simmons,GEO0440,SMB,2025-11-02T06:25:29,2026-01-08T21:11:32,0
C005363,pfrancis@example.net,Donna,Fischer,GEO0518,Consumer,2025-10-27T13:34:36,2025-12-15T00:00:24,0
C005364,dferguson@example.org,Mark,Pollard,GEO0206,Mid-Market,2025-02-12T21:58:33,2025-03-16T05:31:37,0
C005365,tammyowen@example.com,Mary,Barnes,GEO0157,Mid-Market,2024-11-15T05:23:10,2025-08-20T21:17:24,0
C005366,joseph78@example.org,Gina,Elliott,GEO0789,Consumer,2025-05-30T13:34:49,2025-07-07T21:28:38,0
C005367,torresmelissa@example.com,Paul,Collier,GEO0730,Mid-Market,2024-06-09T09:06:42,2026-02-24T19:50:29,0
C005368,amack@example.org,Anthony,Hendricks,GEO0173,Consumer,2025-03-29T06:07:02,2026-01-08T01:33:13,0
C005369,burchsara@example.com,Jason,Hunter,GEO0118,Mid-Market,2025-07-26T00:39:34,2026-02-28T11:56:46,0
C005370,jonathan73@example.net,Kyle,Crawford,GEO0775,Mid-Market,2024-09-20T14:35:36,2024-11-04T08:57:34,0
C005371,meganmullins@example.org,Lori,Fields,GEO0281,SMB,2024-07-16T13:57:50,2025-06-06T17:24:58,0
C005372,spencerjoshua@example.org,Daniel,Schmidt,GEO0244,Mid-Market,2025-04-13T20:08:24,2025-05-13T05:06:13,0
C005373,hjimenez@example.org,Douglas,Harris,GEO0382,Mid-Market,2025-11-17T22:01:27,2026-02-15T13:47:46,0
C005374,belldavid@example.net,Amber,King,GEO0154,Consumer,2024-10-31T10:59:40,2025-09-06T18:30:40,0
C005375,michaeljones@example.org,Tammy,Aguilar,GEO0312,Consumer,2024-11-06T20:01:33,2025-07-19T23:35:00,0
C005376,gonzalezmichael@example.com,Michelle,Smith,GEO0654,Consumer,2025-12-20T14:33:11,2026-01-31T22:59:53,0
C005377,gabriel94@example.org,Margaret,Edwards,GEO0018,Consumer,2025-03-25T04:26:47,2025-12-19T16:31:01,0
C005378,vhowell@example.net,Benjamin,Vega,GEO0358,SMB,2024-03-23T10:31:34,2026-01-03T03:15:40,0
C005379,johndaniels@example.com,Erin,Archer,GEO0260,Consumer,2025-03-26T22:04:18,2025-06-19T03:53:30,0
C005380,cphelps@example.net,Paul,Martin,GEO0351,SMB,2024-12-12T04:17:30,2025-10-12T19:17:46,0
C005381,paula13@example.com,Alvin,Lewis,GEO0602,Consumer,2024-09-09T03:31:34,2025-02-18T14:14:46,0
C005382,ipierce@example.com,Justin,Caldwell,GEO0464,SMB,2024-02-09T20:55:39,2025-06-12T13:27:08,0
C005383,andrewgarcia@example.org,Rick,Martin,GEO0257,SMB,2025-06-24T00:58:58,2025-10-14T16:17:45,0
C005384,cynthiasalas@example.com,Janice,White,GEO0506,SMB,2025-02-14T00:48:07,2025-08-03T14:28:18,0
C005385,kallen@example.org,Thomas,Bailey,GEO0495,Consumer,2025-01-30T03:38:39,2026-01-22T15:32:42,0
C005386,anita85@example.org,Jeffrey,Summers,GEO0314,SMB,2025-03-13T20:08:20,2025-09-04T21:54:19,0
C005387,jonesterry@example.com,Brian,Kim,GEO0497,SMB,2024-09-26T17:50:27,2025-11-11T14:11:39,0
C005388,csullivan@example.com,Charles,Taylor,GEO0199,Mid-Market,2025-08-09T01:29:10,2025-09-12T22:26:30,0
C005389,kathrynbaxter@example.org,Sandra,Schmidt,GEO0463,Consumer,2024-10-04T13:42:01,2025-01-13T10:49:16,0
C005390,cflores@example.com,Arthur,Gordon,GEO0402,Mid-Market,2024-08-21T05:28:45,2025-04-16T17:26:42,0
C005391,johnhuff@example.org,Robert,Gray,GEO0450,Consumer,2025-06-22T07:39:08,2026-01-13T06:53:34,0
C005392,hmoreno@example.net,Monica,Jackson,GEO0208,Mid-Market,2026-02-07T16:24:08,2026-02-11T11:41:56,0
C005393,lbates@example.com,Mario,Christensen,GEO0363,Mid-Market,2025-03-09T16:47:26,2025-06-12T18:26:57,0
C005394,zbrown@example.com,Barbara,Perry,GEO0048,Consumer,2024-03-29T07:23:25,2025-04-14T15:17:41,0
C005395,helen14@example.com,Jeremy,Kelly,GEO0620,Mid-Market,2024-02-23T09:12:31,2025-12-21T02:45:19,0
C005396,michaelball@example.com,Erica,Avery,GEO0596,Mid-Market,2026-03-01T05:26:09,2026-03-02T07:40:23,0
C005397,tonyamorris@example.net,Robert,Bridges,GEO0011,SMB,2025-10-25T01:03:46,2025-11-13T04:52:27,0
C005398,mannlisa@example.com,Stacy,Gill,GEO0036,SMB,2024-10-19T20:52:02,2025-08-14T13:04:18,0
C005399,fuentesleonard@example.com,Thomas,Wright,GEO0393,Mid-Market,2024-02-07T02:00:03,2025-10-10T03:27:25,0
C005400,amycooper@example.com,Steve,Mitchell,GEO0327,Mid-Market,2025-11-12T10:19:21,2025-12-21T23:15:02,0
C005401,csnyder@example.net,Micheal,Guerrero,GEO0352,SMB,2024-04-08T16:55:17,2025-05-22T04:41:47,0
C005402,walleramy@example.net,Jill,Riddle,GEO0705,Mid-Market,2025-05-17T09:55:48,2025-08-05T00:58:41,0
C005403,jonathonmorris@example.org,Gregory,Washington,GEO0659,Mid-Market,2024-07-04T04:21:42,2026-01-18T18:32:59,0
C005404,owilliams@example.com,Julie,Yoder,GEO0424,Mid-Market,2025-04-13T06:03:31,2025-07-23T05:06:26,0
C005405,pharris@example.org,Kimberly,Lane,GEO0160,SMB,2025-01-17T18:56:06,2025-02-09T23:28:03,0
C005406,kevinmata@example.com,Devon,Hammond,GEO0606,Mid-Market,2025-06-28T21:25:48,2026-02-15T02:55:07,0
C005407,ebrown@example.com,Michelle,Russo,GEO0697,Consumer,2025-05-21T06:42:58,2025-09-27T00:40:09,0
C005408,ocastaneda@example.org,Richard,Nichols,GEO0683,Consumer,2024-02-04T13:17:11,2024-07-04T14:26:58,0
C005409,colonjames@example.org,Suzanne,Cowan,GEO0456,Consumer,2024-09-20T09:53:36,2025-07-30T21:26:21,0
C005410,stevengray@example.net,Alicia,Powers,GEO0189,Mid-Market,2025-03-17T21:58:22,2025-04-17T10:12:18,0
C005411,jenniferwatts@example.net,Nicholas,Walls,GEO0063,Mid-Market,2025-05-17T08:05:05,2025-12-13T00:10:32,0
C005412,timothy23@example.net,Taylor,Clark,GEO0388,Mid-Market,2025-12-18T11:12:45,2026-02-26T17:46:31,0
C005413,denise47@example.net,Katherine,Goodwin,GEO0362,Mid-Market,2025-01-02T20:57:35,2025-09-11T10:36:59,0
C005414,robertdavis@example.org,Samantha,Hogan,GEO0050,Consumer,2024-07-10T08:46:04,2025-06-27T10:10:50,0
C005415,haroldarmstrong@example.com,Christopher,Bauer,GEO0538,Mid-Market,2025-06-26T05:48:14,2025-07-08T03:25:59,0
C005416,sarahmiles@example.org,William,Terry,GEO0178,Mid-Market,2024-10-07T07:01:58,2025-09-09T07:40:08,0
C005417,plopez@example.net,Bethany,Dillon,GEO0607,SMB,2025-05-21T22:17:18,2025-10-15T07:14:49,0
C005418,pruittmichael@example.com,Micheal,Brown,GEO0700,Mid-Market,2024-05-28T22:19:22,2025-09-07T16:27:58,0
C005419,lucasmerritt@example.org,Christopher,Cannon,GEO0537,Mid-Market,2025-05-25T20:46:18,2025-06-21T09:54:57,0
C005420,zamoramichael@example.org,Anthony,Conway,GEO0168,Consumer,2025-04-10T08:40:40,2025-10-28T23:17:58,0
C005421,williamjordan@example.org,Mark,Turner,GEO0653,Consumer,2025-05-07T23:51:32,2025-08-23T21:49:18,0
C005422,parkersean@example.net,Stephanie,Ward,GEO0594,Consumer,2025-07-30T13:28:40,2026-02-17T21:55:04,0
C005423,simmonslaura@example.net,Jennifer,Pena,GEO0350,Mid-Market,2024-02-02T18:28:35,2024-11-26T09:11:39,0
C005424,leekimberly@example.com,Brian,Butler,GEO0219,Mid-Market,2024-06-18T18:15:04,2025-07-11T20:16:08,0
C005425,usolomon@example.com,Kelly,Weber,GEO0026,Mid-Market,2024-05-11T04:27:22,2025-10-11T11:38:30,0
C005426,samuel08@example.net,Gregory,Smith,GEO0497,Consumer,2024-02-21T09:33:37,2024-05-04T00:21:41,0
C005427,melissastephens@example.org,Abigail,Moody,GEO0317,Mid-Market,2025-04-25T18:36:05,2025-10-27T16:47:16,0
C005428,randall36@example.org,Christian,Harris,GEO0222,Mid-Market,2024-09-27T11:57:24,2025-09-20T03:41:09,0
C005429,christiankelly@example.org,Dakota,Moore,GEO0126,SMB,2024-08-16T06:58:16,2025-05-24T01:45:55,0
C005430,jponce@example.net,Kayla,Young,GEO0696,Consumer,2025-12-09T16:49:01,2026-01-31T20:13:04,0
C005431,jacquelinesullivan@example.net,Brandon,Bryan,GEO0051,Consumer,2026-01-21T18:21:39,2026-02-08T07:20:59,0
C005432,krista74@example.net,Christopher,Davis,GEO0226,Mid-Market,2025-07-06T20:58:17,2026-02-10T10:39:01,0
C005433,jonathanpearson@example.org,Michele,Frazier,GEO0314,Consumer,2025-04-28T22:46:53,2025-06-30T04:33:10,0
C005434,sherribrown@example.net,Corey,Jenkins,GEO0347,Consumer,2025-10-14T02:11:25,2025-12-31T20:09:06,1
C005435,wreynolds@example.org,Alexandria,Cox,GEO0487,Mid-Market,2025-11-06T02:20:16,2025-12-09T15:35:32,0
C005436,kevin40@example.net,Cynthia,Chavez,GEO0336,SMB,2024-08-10T20:29:03,2025-12-22T01:23:54,0
C005437,khernandez@example.com,Charles,Monroe,GEO0798,Consumer,2025-03-30T19:23:41,2025-04-09T20:25:59,0
C005438,dixonalison@example.org,Benjamin,Simon,GEO0786,Mid-Market,2025-01-29T06:11:28,2025-08-24T05:59:16,0
C005439,vburgess@example.net,Kristy,White,GEO0259,Consumer,2025-11-03T04:27:21,2025-12-30T04:00:49,0
C005440,smacdonald@example.com,Brittany,Walsh,GEO0736,Mid-Market,2025-09-12T01:16:47,2026-01-15T01:30:32,0
C005441,qgreen@example.com,James,Calderon,GEO0793,Mid-Market,2026-01-30T07:28:38,2026-02-28T16:31:31,0
C005442,stoutjennifer@example.org,Rachel,Ramirez,GEO0632,Consumer,2024-12-02T22:41:12,2025-10-15T18:39:27,0
C005443,butlercourtney@example.net,Amy,Flores,GEO0611,SMB,2024-07-18T18:51:06,2025-12-31T09:23:17,0
C005444,orusso@example.org,Regina,Jordan,GEO0713,Mid-Market,2024-04-20T18:34:43,2024-12-05T16:58:23,0
C005445,goldenrhonda@example.com,Eric,Lewis,GEO0520,Mid-Market,2026-01-05T04:33:10,2026-01-30T04:47:38,0
C005446,michaelnewton@example.org,Steven,Mcbride,GEO0001,SMB,2024-04-13T11:06:20,2025-12-21T23:36:20,0
C005447,mcdanielkatelyn@example.net,Zachary,Johnson,GEO0503,SMB,2025-05-08T14:54:51,2026-02-10T23:31:06,0
C005448,donnajohnson@example.com,Danielle,Curry,GEO0038,SMB,2025-10-20T23:14:12,2025-12-11T02:41:28,0
C005449,ghamilton@example.com,Amber,Young,GEO0374,Consumer,2024-08-21T21:13:41,2025-06-22T15:21:57,0
C005450,dianeparsons@example.com,Kathryn,Scott,GEO0647,Mid-Market,2024-03-06T13:47:06,2025-06-24T12:23:40,0
C005451,michael12@example.net,Samantha,Cline,GEO0311,Consumer,2024-05-25T00:51:01,2024-07-08T05:31:33,0
C005452,kellychang@example.org,Eric,Hoover,GEO0763,Mid-Market,2024-11-11T19:49:36,2025-05-12T16:42:58,0
C005453,williampowers@example.net,Charles,Hartman,GEO0384,Consumer,2025-04-20T00:22:07,2025-06-23T10:14:32,0
C005454,brandonwillis@example.net,Michael,Rodriguez,GEO0083,Consumer,2025-10-29T20:50:26,2025-11-22T03:39:44,0
C005455,jsalas@example.org,David,Ochoa,GEO0369,Consumer,2024-12-04T15:53:57,2025-06-18T19:13:10,0
C005456,klawson@example.com,Tammie,Rosales,GEO0785,SMB,2025-07-23T20:36:58,2026-02-19T21:10:45,0
C005457,woodsjeremy@example.net,Derek,Brady,GEO0369,SMB,2025-05-24T21:53:50,2025-12-07T05:11:25,0
C005458,hallcarolyn@example.org,Brian,Cardenas,GEO0708,Mid-Market,2025-06-11T19:30:20,2025-09-18T02:04:47,0
C005459,michaelharmon@example.org,Tom,Burke,GEO0082,Consumer,2024-12-22T21:16:48,2026-02-01T06:34:31,0
C005460,kristinaallen@example.org,William,Campbell,GEO0167,Consumer,2025-11-03T14:20:28,2026-01-19T06:46:06,0
C005461,blakesarah@example.net,Mary,Olson,GEO0540,SMB,2025-10-28T08:41:38,2025-12-01T03:37:45,0
C005462,nkelly@example.net,Brandy,Adams,GEO0741,Mid-Market,2025-01-19T08:20:43,2025-11-09T20:24:11,0
C005463,jo03@example.org,Tricia,Mills,GEO0305,Mid-Market,2024-09-26T06:35:17,2024-10-02T18:59:45,0
C005464,lori48@example.com,Diana,Gallegos,GEO0151,SMB,2024-05-24T14:42:04,2025-05-22T14:54:59,0
C005465,robertsonlisa@example.com,Theresa,Molina,GEO0333,Mid-Market,2025-11-12T13:33:21,2025-11-12T20:28:03,0
C005466,sharon87@example.net,Daniel,Richards,GEO0571,Consumer,2025-11-21T17:09:22,2025-12-02T20:58:07,0
C005467,david23@example.com,Tracy,Garcia,GEO0681,Consumer,2024-02-01T02:41:34,2025-04-20T14:08:01,0
C005468,webbkeith@example.com,Ashley,Hall,GEO0359,Mid-Market,2024-12-29T03:17:17,2026-02-26T23:23:26,0
C005469,holtthomas@example.com,Sheila,Dickerson,GEO0488,Mid-Market,2024-03-20T13:51:25,2025-07-03T21:24:50,0
C005470,johnsonjennifer@example.com,Preston,Frazier,GEO0360,Mid-Market,2024-04-04T10:03:45,2025-01-05T07:17:00,0
C005471,rose86@example.com,Emily,Tucker,GEO0564,Consumer,2024-03-24T05:25:41,2025-04-08T10:29:24,0
C005472,timothynorman@example.net,Nicholas,Bennett,GEO0377,SMB,2024-11-07T11:26:54,2025-10-01T12:23:47,0
C005473,ramosjeffery@example.com,Jessica,Saunders,GEO0360,Mid-Market,2024-07-16T04:37:41,2025-11-16T15:19:05,0
C005474,jbaker@example.org,Angela,Daniels,GEO0137,SMB,2024-03-01T00:27:33,2025-01-27T19:01:50,0
C005475,samuelwheeler@example.net,Danielle,Kelly,GEO0510,Consumer,2026-01-13T07:15:03,2026-02-21T09:57:55,0
C005476,krystalgregory@example.net,Colleen,Smith,GEO0452,Mid-Market,2026-02-18T05:07:19,2026-03-01T15:40:01,0
C005477,beverlyayala@example.org,Richard,Taylor,GEO0337,Consumer,2025-03-04T12:53:21,2025-06-24T14:14:53,0
C005478,timothy75@example.org,Hannah,Jordan,GEO0519,SMB,2024-01-13T06:49:56,2024-11-11T05:34:38,0
C005479,stacey03@example.net,Joy,Simmons,GEO0595,Mid-Market,2025-05-17T16:04:40,2025-12-16T04:37:12,0
C005480,eharrison@example.com,Leslie,Green,GEO0224,Mid-Market,2025-08-12T12:07:22,2025-08-26T15:07:54,0
C005481,wrightjohn@example.com,Olivia,Moore,GEO0405,SMB,2024-02-21T12:07:25,2025-10-31T01:14:27,0
C005482,katelynrobinson@example.org,Stephanie,Hines,GEO0266,Consumer,2025-04-15T10:36:03,2025-08-30T03:07:29,0
C005483,john52@example.net,Helen,Sweeney,GEO0031,Mid-Market,2025-08-10T21:30:28,2026-01-12T13:43:12,0
C005484,boydamanda@example.com,Jacob,Greene,GEO0277,Mid-Market,2025-08-31T09:26:28,2025-09-08T18:59:39,0
C005485,shobbs@example.net,Michelle,Davis,GEO0666,Consumer,2025-11-20T17:29:17,2026-02-06T13:52:04,0
C005486,christine97@example.net,Kevin,Good,GEO0047,Consumer,2024-06-01T19:55:59,2025-11-06T07:01:32,0
C005487,jessica37@example.com,Benjamin,Hodges,GEO0420,SMB,2026-02-07T17:33:19,2026-03-01T15:28:54,0
C005488,johnstonrobert@example.net,Carlos,Collins,GEO0391,Mid-Market,2025-07-06T16:09:16,2026-01-21T06:29:22,0
C005489,vdavila@example.net,Timothy,Hayes,GEO0579,Mid-Market,2025-02-16T23:25:34,2026-02-02T13:11:28,0
C005490,cdavis@example.net,James,Mcdaniel,GEO0232,Consumer,2025-05-29T22:14:00,2025-06-16T18:45:28,0
C005491,cooperjamie@example.com,Amber,Sweeney,GEO0550,SMB,2024-11-28T15:52:21,2025-09-26T11:01:07,0
C005492,nielsenapril@example.net,Andrew,Patrick,GEO0418,Consumer,2024-07-18T12:28:54,2024-12-20T23:42:05,0
C005493,uburch@example.com,Colleen,Ramirez,GEO0551,SMB,2024-12-01T14:48:46,2025-08-25T02:17:01,0
C005494,anthonyfoley@example.org,Linda,Hurst,GEO0359,Mid-Market,2024-06-12T05:18:48,2025-08-01T09:38:41,0
C005495,zstanley@example.org,Erica,Coleman,GEO0483,Mid-Market,2024-05-01T07:28:05,2025-07-05T10:03:36,0
C005496,hugheswilliam@example.org,Jesse,Wright,GEO0494,Mid-Market,2025-11-17T05:42:51,2026-02-25T06:42:06,0
C005497,wilsonjoseph@example.com,Scott,Peters,GEO0079,SMB,2025-08-06T20:15:30,2025-12-21T02:50:14,0
C005498,hcole@example.org,Paul,Lamb,GEO0574,Mid-Market,2025-10-31T02:23:06,2026-01-04T23:04:45,0
C005499,andreajones@example.org,Mary,Matthews,GEO0395,Mid-Market,2025-01-25T00:01:17,2025-09-07T19:03:19,0
C005500,martintracy@example.net,Cindy,Abbott,GEO0413,SMB,2026-01-21T09:38:16,2026-01-24T11:43:51,0
C005501,rhonda24@example.net,Stephanie,Aguilar,GEO0605,SMB,2024-03-07T03:38:48,2024-10-21T19:16:58,0
C005502,hjohnson@example.com,Cory,Dominguez,GEO0180,Mid-Market,2025-05-21T18:56:05,2025-06-27T19:43:10,0
C005503,nancy37@example.net,Jeremy,Mccarthy,GEO0174,Mid-Market,2025-07-01T01:01:39,2025-11-06T13:43:03,0
C005504,jason63@example.org,Alyssa,Richardson,GEO0795,Mid-Market,2025-03-08T02:57:53,2025-08-04T09:55:05,0
C005505,bmaddox@example.com,Lorraine,Graham,GEO0371,SMB,2025-10-16T23:24:06,2025-11-11T15:48:29,0
C005506,jonathan14@example.net,Kevin,Smith,GEO0632,Mid-Market,2024-06-04T08:10:00,2025-07-28T15:03:35,0
C005507,barry75@example.com,Brandon,Allen,GEO0443,SMB,2024-01-31T23:33:47,2025-01-17T17:09:17,0
C005508,williamsroberto@example.org,Sean,Braun,GEO0139,SMB,2024-01-12T19:41:30,2025-05-22T22:43:37,1
C005509,amoore@example.net,Joy,Thompson,GEO0609,SMB,2025-12-20T22:30:11,2026-01-25T00:02:14,0
C005510,kara42@example.com,Sandra,Newton,GEO0609,Consumer,2024-07-21T11:04:47,2026-01-04T13:05:28,0
C005511,wanda79@example.net,Carol,Kemp,GEO0076,Mid-Market,2025-08-26T19:27:11,2025-10-03T21:19:39,0
C005512,danny97@example.net,James,Jenkins,GEO0228,SMB,2025-10-10T13:16:41,2025-11-04T19:17:37,0
C005513,victoria75@example.net,Rachel,Murray,GEO0372,Mid-Market,2024-12-20T06:11:23,2025-01-27T19:36:02,0
C005514,stephaniewashington@example.org,Renee,Franco,GEO0712,Consumer,2024-01-11T12:14:13,2024-10-05T19:53:08,0
C005515,jacob92@example.com,Deborah,Lawrence,GEO0408,SMB,2025-03-29T22:48:30,2025-04-26T17:20:36,0
C005516,fsteele@example.com,David,Nguyen,GEO0685,Consumer,2025-11-26T13:32:11,2025-12-26T19:42:47,0
C005517,osmith@example.org,Thomas,Hebert,GEO0430,SMB,2026-01-29T08:12:44,2026-02-15T08:34:50,0
C005518,scottsylvia@example.org,Michael,Finley,GEO0762,Consumer,2024-04-03T16:40:00,2024-08-01T03:20:41,0
C005519,williamsdavid@example.org,Robert,Sanders,GEO0263,SMB,2024-12-13T12:38:17,2026-01-15T03:43:23,0
C005520,jmarshall@example.com,Kimberly,Smith,GEO0550,Consumer,2024-04-15T19:34:48,2025-04-21T11:51:15,0
C005521,ewingnicole@example.net,Victoria,Moss,GEO0568,SMB,2024-07-28T11:00:32,2025-03-05T19:31:15,0
C005522,bgarcia@example.org,Judith,Nguyen,GEO0063,SMB,2025-04-18T05:52:20,2025-07-03T21:45:14,0
C005523,wmarks@example.com,Gregory,Horton,GEO0765,Consumer,2024-10-12T08:44:09,2024-11-30T23:13:36,0
C005524,ashleylawson@example.org,Grace,Clark,GEO0782,SMB,2026-01-29T18:56:27,2026-02-18T13:10:35,0
C005525,tuckerjennifer@example.com,Raymond,Fitzpatrick,GEO0664,Consumer,2025-05-17T07:23:01,2025-05-23T13:45:16,0
C005526,melaniegonzales@example.org,Joanna,Collins,GEO0401,SMB,2025-12-08T10:46:33,2025-12-13T09:50:33,0
C005527,fostertracey@example.org,Autumn,Flores,GEO0174,SMB,2025-09-19T01:30:54,2026-02-04T05:33:24,0
C005528,wendy47@example.org,Matthew,Brown,GEO0355,Mid-Market,2025-01-09T11:33:28,2026-01-27T05:36:12,0
C005529,patrick78@example.org,Tina,Williams,GEO0771,Mid-Market,2026-01-20T14:01:49,2026-02-16T05:40:40,0
C005530,ryansmith@example.net,Rebecca,Flores,GEO0658,SMB,2025-06-02T23:13:24,2025-06-11T16:03:23,0
C005531,antonio26@example.org,John,Johnson,GEO0026,Consumer,2025-07-05T21:08:26,2025-08-10T06:59:45,0
C005532,iperez@example.org,Laura,Powers,GEO0764,SMB,2024-03-25T14:23:54,2024-04-14T02:05:23,0
C005533,breyes@example.com,Tara,Mitchell,GEO0371,Mid-Market,2024-05-18T14:47:01,2024-12-24T09:49:06,0
C005534,nguyenjill@example.org,Joshua,Burton,GEO0548,SMB,2024-10-19T15:59:21,2025-11-10T12:54:44,0
C005535,holtrobert@example.net,Joshua,Rogers,GEO0162,Mid-Market,2025-06-05T21:26:13,2026-02-09T02:15:28,0
C005536,sierramason@example.com,Robin,Owens,GEO0641,Mid-Market,2025-08-24T15:00:33,2025-08-31T22:54:21,0
C005537,diazpamela@example.org,Theresa,Stone,GEO0031,Consumer,2025-06-02T17:59:37,2025-07-10T05:45:09,0
C005538,shawn21@example.org,Nicholas,Drake,GEO0223,Mid-Market,2024-08-16T19:24:51,2025-07-20T14:44:47,0
C005539,vphillips@example.com,Dennis,Rodriguez,GEO0522,Mid-Market,2024-07-18T15:50:48,2025-08-20T08:51:18,0
C005540,johnsonalex@example.net,Michael,Diaz,GEO0449,Consumer,2024-04-26T20:20:59,2025-05-23T04:10:09,0
C005541,ksmith@example.net,Sophia,Johnson,GEO0562,Mid-Market,2025-07-08T06:50:17,2026-01-21T13:53:16,0
C005542,zschmidt@example.com,Keith,Martinez,GEO0698,Consumer,2024-10-02T18:36:43,2025-11-01T03:13:33,0
C005543,matthewnunez@example.net,Mary,Coffey,GEO0325,Consumer,2025-04-03T17:43:56,2025-10-12T01:58:46,0
C005544,urios@example.net,Randy,Hernandez,GEO0159,Mid-Market,2025-08-06T20:12:38,2026-01-06T08:21:04,0
C005545,bwright@example.org,Austin,Wong,GEO0511,Mid-Market,2025-01-28T16:12:33,2026-01-31T04:39:09,0
C005546,elizabeth15@example.org,Timothy,Juarez,GEO0143,Consumer,2025-01-25T18:33:46,2025-08-06T00:19:44,0
C005547,xneal@example.org,Michelle,Gonzalez,GEO0213,Mid-Market,2025-05-11T11:44:31,2025-07-04T01:15:26,0
C005548,brianna31@example.org,Shawn,Gonzalez,GEO0796,Mid-Market,2024-07-14T00:23:24,2025-06-20T20:41:48,0
C005549,lindsay58@example.net,Andrew,Jones,GEO0080,SMB,2024-06-29T20:02:43,2026-02-14T12:39:19,0
C005550,khenderson@example.org,James,Adams,GEO0757,Consumer,2024-05-23T10:10:35,2025-11-15T17:39:37,0
C005551,sandersfelicia@example.org,Luis,Mays,GEO0686,Mid-Market,2024-01-02T17:56:32,2026-02-17T16:59:24,0
C005552,pcarrillo@example.org,Lisa,Anderson,GEO0177,Mid-Market,2024-02-01T02:05:56,2024-02-04T14:06:18,0
C005553,rebecca70@example.net,Erica,Davis,GEO0597,Consumer,2026-02-01T06:45:25,2026-02-01T07:49:26,0
C005554,rodriguezallison@example.org,Gary,Le,GEO0696,Mid-Market,2024-01-31T20:21:35,2025-12-09T16:18:16,0
C005555,gilbertamanda@example.org,Kim,Peters,GEO0050,SMB,2026-02-27T06:51:53,2026-02-28T04:49:07,0
C005556,john48@example.net,Kathy,Lin,GEO0778,Consumer,2024-07-22T13:54:50,2025-12-10T15:54:26,0
C005557,pachecopatricia@example.net,Daniel,Webster,GEO0241,Consumer,2025-07-26T02:45:37,2025-08-14T21:59:32,0
C005558,alansmith@example.org,Mario,Weaver,GEO0477,Consumer,2024-11-07T16:57:19,2025-10-30T07:02:49,0
C005559,riveradestiny@example.net,Bobby,Martinez,GEO0679,Mid-Market,2025-04-25T15:21:49,2025-11-03T16:45:50,0
C005560,leejustin@example.org,Matthew,Johnson,GEO0131,Consumer,2024-06-29T17:07:35,2024-08-01T02:51:33,0
C005561,nealpatricia@example.com,Nicholas,Rush,GEO0226,SMB,2026-02-03T08:29:10,2026-02-22T02:45:44,0
C005562,matthewmay@example.net,Madison,Reynolds,GEO0378,Consumer,2024-08-21T03:10:24,2025-08-21T19:44:28,0
C005563,walterssuzanne@example.org,Yvonne,Davis,GEO0597,Consumer,2025-01-31T06:03:08,2026-01-17T06:06:08,0
C005564,acarroll@example.org,Pamela,Yu,GEO0440,Mid-Market,2025-05-16T03:28:50,2025-05-24T09:11:45,0
C005565,martinstephanie@example.com,Rebecca,Estes,GEO0367,SMB,2024-05-23T10:33:34,2025-12-08T02:55:05,0
C005566,jparsons@example.net,Danny,Thornton,GEO0550,Mid-Market,2024-11-21T05:01:26,2025-03-12T00:54:16,0
C005567,ashlee36@example.org,Brett,Meyers,GEO0556,SMB,2025-01-25T04:55:29,2025-04-20T12:05:35,0
C005568,christy84@example.net,Rachel,Ramsey,GEO0270,Consumer,2025-08-03T00:36:22,2025-09-29T03:59:02,0
C005569,boonepaul@example.net,Edgar,Sanchez,GEO0702,SMB,2024-03-12T19:42:53,2024-09-13T10:04:14,0
C005570,ramseyjordan@example.com,Mike,Schmitt,GEO0759,Consumer,2025-10-14T04:12:34,2025-10-18T02:13:42,0
C005571,tyler16@example.com,Michael,Jefferson,GEO0098,Consumer,2024-02-02T00:54:36,2025-12-01T17:56:54,0
C005572,clarkjustin@example.net,Cindy,Atkinson,GEO0516,SMB,2025-09-03T00:04:55,2025-11-12T12:39:24,0
C005573,joe89@example.net,Karen,Roberts,GEO0439,Consumer,2025-12-22T12:02:59,2026-02-19T15:09:57,0
C005574,sandersmichael@example.net,Paul,Hutchinson,GEO0234,Consumer,2024-06-09T20:47:18,2025-06-17T01:44:45,0
C005575,james22@example.org,Andrew,Ferrell,GEO0288,Consumer,2025-07-18T13:47:53,2025-09-08T22:43:56,0
C005576,patricia87@example.com,Jonathan,Rangel,GEO0094,Consumer,2024-12-25T07:13:23,2025-01-07T03:25:45,0
C005577,ngarcia@example.net,Michelle,Diaz,GEO0448,Consumer,2025-03-07T10:04:02,2025-08-13T18:17:24,0
C005578,tracy58@example.com,David,Reese,GEO0771,SMB,2024-05-02T07:02:56,2025-05-08T21:04:51,0
C005579,melissa39@example.org,Larry,Brandt,GEO0351,Consumer,2024-12-12T06:14:42,2025-02-14T00:37:25,0
C005580,miguelschultz@example.com,Mary,Leonard,GEO0689,Consumer,2024-07-26T18:53:59,2024-12-26T09:00:30,0
C005581,wrobertson@example.net,Amy,Hicks,GEO0642,Mid-Market,2024-04-05T06:21:36,2026-01-11T21:26:26,0
C005582,alexissalazar@example.com,Oscar,Gonzalez,GEO0305,Consumer,2024-09-01T18:03:14,2025-09-29T07:42:33,0
C005583,elizabeth96@example.org,Stephanie,Graham,GEO0277,SMB,2025-01-05T08:12:14,2025-11-10T03:37:20,0
C005584,dominicperry@example.org,Christopher,Thompson,GEO0388,Consumer,2025-05-31T22:00:01,2025-10-30T03:25:09,0
C005585,jerry41@example.net,Jamie,Stevenson,GEO0774,SMB,2025-01-21T11:02:05,2026-01-21T09:27:33,0
C005586,tammy78@example.net,Kimberly,Johnson,GEO0439,Consumer,2025-10-25T08:25:23,2025-10-26T00:14:36,0
C005587,patriciasmith@example.com,Tyler,Gregory,GEO0433,Mid-Market,2026-02-25T11:55:53,2026-02-27T16:45:43,0
C005588,fisheranne@example.com,Mikayla,Smith,GEO0674,SMB,2026-01-05T12:55:47,2026-01-23T20:10:03,0
C005589,kguerrero@example.com,Joseph,Walker,GEO0770,Consumer,2025-05-29T20:58:38,2025-06-08T04:13:10,0
C005590,elizabeth41@example.net,Julian,Wright,GEO0284,SMB,2024-04-07T11:06:38,2025-09-23T17:59:38,0
C005591,johnsonjay@example.org,Jill,Martinez,GEO0787,Mid-Market,2025-02-19T00:53:38,2025-04-17T15:49:22,0
C005592,vmassey@example.com,Tammy,Gates,GEO0131,SMB,2025-04-12T03:58:47,2026-02-02T05:24:52,0
C005593,beasleyrobert@example.com,Susan,Scott,GEO0060,SMB,2025-04-17T20:22:51,2025-04-27T08:25:06,0
C005594,ibrewer@example.org,Jennifer,Davis,GEO0657,Mid-Market,2025-02-04T05:42:09,2026-01-14T20:58:32,0
C005595,phillipsandrea@example.net,John,Harmon,GEO0395,Consumer,2024-10-17T23:38:43,2025-05-25T11:27:34,0
C005596,phillipsparks@example.net,Amy,Harrison,GEO0561,Mid-Market,2026-01-31T17:53:48,2026-02-20T15:50:10,0
C005597,wfloyd@example.com,Dawn,Lopez,GEO0009,Consumer,2024-05-25T08:54:35,2025-10-04T02:56:01,0
C005598,douglas53@example.net,Jeremy,Gilbert,GEO0780,SMB,2024-08-20T21:21:14,2025-06-07T15:24:48,0
C005599,josephward@example.com,Thomas,Carrillo,GEO0753,SMB,2024-03-31T09:50:09,2025-07-24T03:43:58,0
C005600,xbryant@example.com,Emily,Williams,GEO0151,SMB,2025-03-24T10:13:04,2025-08-22T11:37:23,0
C005601,barrettadriana@example.com,Jacob,Garcia,GEO0591,Mid-Market,2024-01-16T01:03:09,2025-10-20T19:57:01,0
C005602,alicia60@example.org,Jennifer,Lopez,GEO0474,Mid-Market,2026-01-06T11:19:30,2026-01-18T10:27:58,0
C005603,brandifoster@example.net,Tracy,Collier,GEO0384,Consumer,2024-09-17T14:44:08,2025-06-04T06:26:40,0
C005604,gregory04@example.com,Mark,Watts,GEO0012,Mid-Market,2024-02-08T00:36:33,2024-07-20T08:20:03,0
C005605,miguelshaw@example.net,Larry,Mullins,GEO0210,Consumer,2025-06-18T08:45:27,2025-11-17T14:02:09,0
C005606,gilmorebarbara@example.net,Maria,Fleming,GEO0072,SMB,2024-07-21T00:28:18,2024-11-13T15:03:50,0
C005607,aliciaallen@example.net,Danielle,Hernandez,GEO0797,Consumer,2024-01-14T05:23:10,2024-12-22T10:58:58,0
C005608,lance16@example.net,Elizabeth,Brewer,GEO0309,Mid-Market,2025-11-07T02:12:16,2026-02-10T02:28:26,0
C005609,robert77@example.net,Elizabeth,Jones,GEO0060,Mid-Market,2024-07-10T00:58:36,2025-06-29T09:59:04,0
C005610,alewis@example.net,Samantha,Marks,GEO0703,SMB,2025-01-13T21:02:06,2025-07-30T07:28:39,0
C005611,christine45@example.net,Derek,Compton,GEO0493,Mid-Market,2024-12-25T08:35:10,2025-10-04T03:28:12,0
C005612,josephmatthew@example.com,Gerald,Benton,GEO0660,Consumer,2024-07-28T19:47:25,2024-11-10T00:48:58,0
C005613,susan01@example.net,Juan,Lewis,GEO0269,Mid-Market,2026-02-20T05:51:37,2026-02-26T20:42:22,0
C005614,iduncan@example.com,Emily,Wagner,GEO0367,Consumer,2024-04-21T01:50:53,2025-05-17T09:24:17,0
C005615,wware@example.com,Katie,Hart,GEO0465,SMB,2025-02-22T12:16:29,2025-12-03T11:24:10,0
C005616,kshelton@example.org,Jean,Spencer,GEO0749,Mid-Market,2024-02-18T08:58:22,2024-04-17T23:43:04,0
C005617,lisabauer@example.org,Bradley,Robbins,GEO0669,Consumer,2024-11-09T18:37:36,2025-01-27T11:29:56,0
C005618,johnsonanthony@example.net,Jonathan,Wagner,GEO0606,Mid-Market,2025-08-17T05:32:27,2025-09-16T00:09:33,0
C005619,mcontreras@example.org,Randall,Flores,GEO0616,SMB,2025-10-05T03:16:15,2026-02-17T21:54:09,0
C005620,tracy95@example.org,Jon,Aguilar,GEO0771,SMB,2025-11-30T04:00:15,2025-12-23T21:55:46,0
C005621,cunninghamraymond@example.org,Cynthia,Mueller,GEO0361,SMB,2026-02-18T10:53:36,2026-02-19T17:48:07,0
C005622,beckalan@example.net,Joseph,Bentley,GEO0430,Mid-Market,2025-07-30T01:49:22,2025-09-15T16:54:13,0
C005623,rmccullough@example.org,Donna,Webb,GEO0793,Consumer,2025-09-11T10:12:00,2025-12-30T15:14:56,0
C005624,nancy96@example.com,Michael,Hopkins,GEO0776,Mid-Market,2026-01-21T17:14:51,2026-01-24T07:35:57,0
C005625,lisa30@example.com,Danny,Martinez,GEO0315,Consumer,2024-10-23T03:47:27,2025-09-14T15:29:50,0
C005626,vmoore@example.org,Hector,Robinson,GEO0077,Consumer,2025-08-29T22:44:55,2025-09-14T18:55:41,0
C005627,jamie35@example.org,Shirley,Ford,GEO0797,Consumer,2026-01-22T10:00:54,2026-02-22T03:37:29,0
C005628,ffrazier@example.com,Jason,Leach,GEO0291,SMB,2025-09-08T15:18:58,2025-11-25T11:59:45,0
C005629,paulwhitaker@example.com,Amanda,Olson,GEO0050,SMB,2024-01-26T18:07:56,2024-12-07T07:32:29,0
C005630,clarkchad@example.com,Jeanne,Garza,GEO0693,SMB,2025-03-20T06:35:41,2025-08-23T07:07:49,0
C005631,scottthomas@example.com,Charles,Woodard,GEO0663,SMB,2025-10-10T23:51:23,2026-01-23T15:27:38,0
C005632,michellejohnson@example.com,Christopher,Guerrero,GEO0643,SMB,2025-09-05T19:10:36,2025-12-10T05:47:26,0
C005633,olsonjoseph@example.com,Phillip,Zimmerman,GEO0497,Mid-Market,2024-06-17T15:13:10,2025-03-14T07:31:48,0
C005634,fmunoz@example.net,Joshua,Hernandez,GEO0582,Mid-Market,2024-07-14T20:39:05,2026-02-18T21:02:20,0
C005635,stevenskaren@example.org,Keith,Hall,GEO0113,SMB,2025-02-19T21:51:06,2025-07-04T02:43:14,0
C005636,qhenderson@example.org,Kimberly,Moss,GEO0173,Consumer,2024-07-14T14:25:33,2025-03-07T04:36:49,0
C005637,ericsherman@example.com,Sarah,Abbott,GEO0311,SMB,2025-03-30T22:35:05,2026-02-21T20:47:27,0
C005638,jennifer55@example.net,Sean,Fitzgerald,GEO0326,Mid-Market,2024-12-28T20:05:37,2025-02-18T15:50:00,0
C005639,uburns@example.net,Alex,Montes,GEO0689,SMB,2025-11-28T05:55:15,2026-01-21T23:15:28,0
C005640,reesedonna@example.org,Alexandra,Walker,GEO0738,Mid-Market,2026-01-16T06:29:15,2026-02-19T01:04:13,0
C005641,lisa64@example.net,Robert,Gregory,GEO0230,Mid-Market,2024-03-18T08:12:18,2024-06-02T06:22:55,0
C005642,whitenicholas@example.com,Chelsea,Fowler,GEO0418,Mid-Market,2025-05-08T03:51:27,2026-02-19T04:26:07,0
C005643,dianasantiago@example.org,Daniel,Berry,GEO0519,Mid-Market,2024-04-21T09:29:24,2024-10-12T00:28:13,0
C005644,michellerangel@example.com,Preston,Evans,GEO0061,Mid-Market,2025-04-17T15:56:50,2025-08-12T23:22:19,0
C005645,bettygill@example.net,Lucas,Soto,GEO0675,SMB,2024-10-14T11:50:59,2025-05-15T09:28:57,0
C005646,phillip63@example.org,Bryan,Long,GEO0394,Consumer,2024-07-17T20:06:49,2025-08-26T16:34:20,0
C005647,hthomas@example.org,Michael,Jones,GEO0246,SMB,2024-06-29T12:14:30,2024-07-18T00:34:55,0
C005648,brian87@example.net,Tammy,Pacheco,GEO0044,Mid-Market,2025-06-19T08:14:35,2025-09-26T01:07:19,0
C005649,pittsmary@example.net,Daniel,Harris,GEO0129,SMB,2025-11-14T15:32:47,2025-11-27T12:23:57,0
C005650,kathy37@example.net,Crystal,Lambert,GEO0419,Mid-Market,2024-01-11T16:03:56,2025-12-05T08:57:04,0
C005651,cassandradiaz@example.org,Timothy,Fuller,GEO0504,Mid-Market,2025-12-01T01:48:42,2025-12-17T09:18:25,0
C005652,kathylarson@example.net,Kara,Long,GEO0496,Consumer,2026-01-02T17:33:50,2026-01-12T13:04:29,0
C005653,dharrison@example.com,Michael,Black,GEO0540,Mid-Market,2024-09-25T12:02:59,2026-01-06T06:48:51,0
C005654,wellsvalerie@example.net,Briana,Jacobs,GEO0092,Consumer,2024-07-25T08:36:12,2024-10-28T16:05:12,0
C005655,nguyenjane@example.org,Terri,Everett,GEO0176,Consumer,2024-05-16T18:47:12,2025-10-30T23:00:19,0
C005656,williamsdavid@example.org,Jay,Dominguez,GEO0668,Mid-Market,2024-01-07T07:00:49,2025-10-25T16:50:47,0
C005657,lewisdavid@example.net,Ashley,Ruiz,GEO0457,Mid-Market,2024-10-10T03:41:05,2025-05-03T09:31:26,0
C005658,robert21@example.org,Ryan,Gardner,GEO0368,Consumer,2025-08-17T23:30:12,2026-01-07T22:26:35,0
C005659,charles77@example.org,Heather,Harmon,GEO0703,Consumer,2024-04-08T07:59:46,2025-08-07T20:08:56,0
C005660,foxgerald@example.net,Debbie,Brown,GEO0148,Mid-Market,2024-06-14T15:51:44,2026-01-06T03:35:04,0
C005661,laura17@example.com,Elizabeth,Meadows,GEO0065,Consumer,2024-12-19T21:37:11,2025-06-23T22:32:34,0
C005662,angela22@example.org,Heather,Ward,GEO0300,Consumer,2024-02-04T02:12:25,2025-06-16T02:26:03,0
C005663,hannahmorris@example.com,Elizabeth,Kane,GEO0771,Consumer,2024-09-01T16:19:04,2025-12-29T16:29:25,0
C005664,ylee@example.net,Edward,Hernandez,GEO0291,Mid-Market,2024-06-07T15:19:38,2024-06-21T15:10:26,0
C005665,charlenewalker@example.org,Michael,Thomas,GEO0659,Mid-Market,2025-12-08T08:33:32,2025-12-17T00:21:44,0
C005666,frose@example.org,Nicholas,English,GEO0396,Mid-Market,2024-09-11T02:26:30,2024-11-26T05:33:32,0
C005667,leah96@example.com,Todd,Moore,GEO0235,SMB,2024-09-06T19:40:14,2025-08-08T20:36:14,0
C005668,melissa74@example.com,Joshua,Ward,GEO0054,Consumer,2026-02-13T17:57:09,2026-02-18T14:41:33,0
C005669,gibsonedward@example.net,John,Chang,GEO0349,SMB,2024-10-07T18:22:15,2025-08-06T10:15:52,0
C005670,lutzstacy@example.net,Gabrielle,Fox,GEO0597,Mid-Market,2025-03-07T16:46:09,2025-07-09T05:02:28,0
C005671,michaeltimothy@example.com,Jody,Fuentes,GEO0503,SMB,2025-10-09T16:26:06,2025-10-30T10:27:51,0
C005672,karen58@example.org,Debra,Flores,GEO0688,Consumer,2025-11-19T07:03:52,2026-02-15T12:31:35,0
C005673,rodriguezanna@example.net,Angela,Becker,GEO0603,Mid-Market,2024-03-07T18:17:24,2025-07-23T01:05:17,0
C005674,ftucker@example.com,Jon,Graham,GEO0087,Consumer,2024-03-20T17:56:00,2024-12-06T09:28:06,0
C005675,seanshepherd@example.net,Amy,Simmons,GEO0799,Consumer,2024-06-11T17:12:48,2025-08-14T04:18:35,0
C005676,mariafloyd@example.com,Paul,Rivera,GEO0157,Mid-Market,2024-11-10T10:25:11,2025-02-27T14:34:41,1
C005677,jesusroth@example.com,Joshua,Andrews,GEO0022,SMB,2025-07-23T22:04:30,2025-09-17T04:51:28,0
C005678,jamesmendoza@example.org,Eric,Grimes,GEO0744,Consumer,2025-02-21T22:26:48,2025-05-28T19:56:41,0
C005679,kgillespie@example.net,Danny,Buckley,GEO0630,Mid-Market,2024-12-05T02:45:15,2025-07-01T17:36:55,0
C005680,aaron37@example.com,Jamie,Mercado,GEO0011,SMB,2024-02-20T11:49:30,2024-12-14T02:44:26,0
C005681,usanchez@example.org,Marcus,Martin,GEO0327,SMB,2025-07-15T20:14:56,2025-10-29T12:59:45,0
C005682,alan04@example.com,David,Butler,GEO0025,Consumer,2025-11-22T15:47:53,2026-01-08T13:49:05,0
C005683,plin@example.net,Ronald,Larson,GEO0366,SMB,2025-06-03T11:14:21,2026-02-04T14:30:45,0
C005684,michael97@example.com,Joel,Cordova,GEO0448,SMB,2025-06-21T18:08:44,2025-11-24T08:21:32,0
C005685,ismith@example.net,Shari,Carpenter,GEO0510,Consumer,2025-02-27T17:43:59,2025-11-16T22:12:28,0
C005686,gonzaleskenneth@example.net,Jesse,Graham,GEO0568,Mid-Market,2024-11-15T18:57:10,2025-02-20T19:56:24,0
C005687,christinabrewer@example.net,Michael,Cole,GEO0524,Consumer,2024-10-15T08:17:20,2024-10-17T05:22:53,0
C005688,william95@example.net,Monica,Chavez,GEO0270,SMB,2025-02-03T20:03:09,2025-04-05T15:51:33,0
C005689,danielwelch@example.net,Jon,Baker,GEO0290,SMB,2025-09-24T18:35:34,2025-10-12T12:48:06,0
C005690,bbrown@example.org,Megan,Flores,GEO0080,Consumer,2024-01-04T14:46:26,2024-08-04T05:37:18,0
C005691,timothy77@example.com,Joshua,Gonzales,GEO0337,Mid-Market,2024-08-16T23:01:19,2025-03-23T15:16:05,0
C005692,christopherwalker@example.com,Zachary,Wallace,GEO0669,SMB,2024-06-09T19:57:52,2025-12-23T00:32:46,0
C005693,eorr@example.net,Christopher,Kelley,GEO0790,SMB,2024-11-22T03:00:33,2025-06-21T03:39:52,0
C005694,frivera@example.net,Monica,Medina,GEO0775,Consumer,2025-04-18T15:54:46,2025-12-31T06:39:50,0
C005695,davidlopez@example.net,Billy,Maxwell,GEO0116,Consumer,2025-11-25T07:08:39,2026-01-02T01:10:43,0
C005696,morrisalexander@example.com,Michael,Wilson,GEO0240,Mid-Market,2025-01-10T09:11:22,2025-01-31T02:56:25,0
C005697,noahpierce@example.com,Antonio,Daniel,GEO0016,SMB,2025-04-04T11:20:30,2025-09-05T16:24:13,0
C005698,armstrongjoshua@example.org,Kelly,Martinez,GEO0326,Mid-Market,2024-06-01T02:00:43,2025-10-21T21:47:48,0
C005699,igarcia@example.org,Chelsea,Wright,GEO0088,SMB,2024-12-15T01:55:56,2025-06-05T10:30:13,0
C005700,hamptonkathryn@example.com,Joel,Watson,GEO0176,Mid-Market,2026-01-04T09:07:03,2026-02-09T12:00:49,0
C005701,nancyrichardson@example.com,Lee,Meadows,GEO0651,SMB,2026-02-03T12:52:07,2026-02-16T21:55:04,0
C005702,hudsonwhitney@example.org,William,Cross,GEO0026,Consumer,2024-12-17T02:28:24,2025-07-12T00:51:44,0
C005703,wheelersabrina@example.net,Tracy,Burns,GEO0644,SMB,2024-10-27T22:23:24,2025-08-30T14:44:37,0
C005704,cynthia88@example.org,Kimberly,Buchanan,GEO0043,Consumer,2025-06-06T09:13:14,2025-12-21T19:28:21,0
C005705,stevenayers@example.org,Brandon,Frederick,GEO0641,SMB,2024-12-06T08:25:50,2024-12-14T12:35:12,0
C005706,probinson@example.net,Jenny,Dillon,GEO0654,SMB,2024-07-03T00:23:12,2025-03-01T16:34:10,0
C005707,kjenkins@example.com,Diane,Forbes,GEO0621,SMB,2025-10-06T19:45:37,2026-01-25T18:25:24,0
C005708,sarah00@example.net,Dawn,Ramirez,GEO0622,Mid-Market,2024-02-21T22:50:54,2026-01-22T03:32:29,0
C005709,dorothy72@example.net,Ricardo,Landry,GEO0032,Mid-Market,2024-11-23T17:02:18,2025-01-17T09:40:01,0
C005710,parksandre@example.com,Cheryl,Page,GEO0609,Consumer,2025-03-05T09:33:28,2025-07-16T10:06:08,0
C005711,richardhernandez@example.net,Eric,Roberts,GEO0775,SMB,2026-01-30T03:58:36,2026-02-27T07:55:28,0
C005712,alfredhowell@example.net,Christian,Bell,GEO0311,Consumer,2024-02-27T05:41:47,2025-11-09T06:56:01,0
C005713,dmartinez@example.com,Luis,Silva,GEO0129,Mid-Market,2025-10-24T09:18:13,2025-11-10T21:10:05,0
C005714,zmartin@example.net,Leslie,Davis,GEO0418,SMB,2024-07-21T22:20:21,2025-10-14T19:39:38,0
C005715,glambert@example.net,Vincent,Smith,GEO0060,SMB,2024-02-11T05:21:25,2025-03-13T17:31:08,0
C005716,jennifer38@example.org,Michael,Harmon,GEO0577,Consumer,2024-09-12T12:41:13,2025-11-15T11:28:55,0
C005717,christine72@example.com,Adrienne,Harrell,GEO0760,SMB,2024-07-21T22:04:41,2025-08-04T03:50:03,0
C005718,arthur70@example.com,Christopher,Lee,GEO0063,Consumer,2024-04-11T12:31:29,2025-08-18T12:31:38,0
C005719,ortizrobert@example.org,Calvin,Anderson,GEO0233,Mid-Market,2025-08-16T22:41:12,2026-02-22T04:46:08,0
C005720,stewartamy@example.net,Shannon,Johnson,GEO0764,SMB,2025-09-07T15:13:29,2025-09-27T18:26:30,0
C005721,timothyblackburn@example.com,Jeffrey,Carroll,GEO0373,SMB,2024-12-02T18:07:51,2025-02-07T00:53:38,0
C005722,danielgood@example.net,Ashley,Collins,GEO0321,SMB,2024-12-08T21:01:59,2025-03-01T17:45:39,0
C005723,thomasmendoza@example.org,Monica,Simmons,GEO0762,SMB,2025-12-05T09:13:35,2026-02-10T04:24:53,0
C005724,ashleypoole@example.net,Nathan,Lewis,GEO0268,SMB,2025-04-02T18:17:07,2025-07-31T21:24:24,0
C005725,rhansen@example.net,James,Dalton,GEO0663,Mid-Market,2024-10-03T16:27:53,2025-11-07T19:55:00,0
C005726,hendersonfernando@example.net,Ralph,Rogers,GEO0556,SMB,2026-02-23T16:27:14,2026-02-27T02:19:07,0
C005727,zwilliams@example.com,Timothy,Forbes,GEO0406,Consumer,2025-12-10T10:37:02,2026-02-27T09:39:03,0
C005728,anne73@example.net,Robin,Gibbs,GEO0484,SMB,2024-10-15T08:29:17,2025-01-18T14:03:28,0
C005729,craig05@example.net,Katherine,Caldwell,GEO0258,SMB,2025-01-05T08:21:46,2025-03-23T15:35:26,0
C005730,qolson@example.org,Michael,Smith,GEO0441,Mid-Market,2024-03-03T10:16:29,2025-12-27T05:35:30,0
C005731,whitehaley@example.net,Amanda,Mendez,GEO0437,SMB,2024-02-26T10:05:55,2025-11-15T07:39:07,0
C005732,johnsonamber@example.com,Linda,Rice,GEO0316,SMB,2024-09-15T00:15:28,2025-03-06T17:56:01,0
C005733,jasonwashington@example.com,Katelyn,Mueller,GEO0633,SMB,2024-11-17T16:38:38,2025-11-04T03:43:57,0
C005734,brandonsmith@example.com,Shelly,Smith,GEO0264,Mid-Market,2025-07-27T20:23:34,2025-11-30T15:29:00,0
C005735,christopher07@example.net,Stephanie,Farmer,GEO0534,SMB,2026-01-06T11:01:06,2026-01-18T18:41:43,0
C005736,darylgray@example.net,Emily,Patterson,GEO0555,Mid-Market,2024-08-08T20:11:20,2025-09-15T14:53:39,0
C005737,millercynthia@example.net,Patrick,Kim,GEO0752,Mid-Market,2025-05-04T09:49:43,2025-11-21T07:05:48,0
C005738,deborahsmith@example.com,Scott,Pena,GEO0687,Consumer,2025-05-08T16:25:11,2025-12-02T13:46:28,0
C005739,williamsmonica@example.com,Matthew,Turner,GEO0209,Mid-Market,2026-02-22T13:04:25,2026-02-25T07:48:35,0
C005740,davidwoods@example.com,Morgan,Duncan,GEO0626,Mid-Market,2024-07-31T03:15:00,2025-02-18T04:47:51,0
C005741,mcintoshpatrick@example.net,Kristine,Hanson,GEO0198,SMB,2024-05-12T21:52:39,2025-10-22T13:19:01,0
C005742,samuel58@example.org,Samantha,Perez,GEO0279,SMB,2024-09-15T12:23:51,2025-06-25T18:31:28,0
C005743,nclark@example.com,Kelly,Taylor,GEO0332,Consumer,2024-11-16T12:19:17,2026-01-01T07:52:16,0
C005744,kevinnguyen@example.net,Sabrina,Davis,GEO0364,Mid-Market,2025-07-30T10:18:06,2025-09-01T03:41:29,0
C005745,warrenjeffrey@example.com,Calvin,Hines,GEO0528,Consumer,2024-06-23T17:41:02,2024-09-09T22:11:55,0
C005746,monica24@example.com,Deborah,Wiggins,GEO0486,Consumer,2025-09-22T08:58:32,2025-11-02T17:00:58,0
C005747,pmorales@example.net,Catherine,Townsend,GEO0437,Mid-Market,2025-11-21T05:52:01,2026-01-05T07:54:24,0
C005748,greenjason@example.net,Ana,Nelson,GEO0262,SMB,2024-01-27T20:22:25,2025-07-17T13:39:26,0
C005749,ksimpson@example.com,Dan,Smith,GEO0448,Consumer,2024-02-10T02:38:10,2024-09-20T06:05:50,0
C005750,crodriguez@example.org,Anne,Shaw,GEO0725,Consumer,2024-11-19T09:00:17,2026-02-18T03:59:20,0
C005751,fclark@example.org,Stephanie,Mason,GEO0244,SMB,2025-04-12T16:44:17,2025-06-25T14:27:33,0
C005752,claytara@example.net,Rhonda,Garcia,GEO0421,Mid-Market,2024-04-05T05:30:28,2025-11-10T23:54:12,0
C005753,hallcourtney@example.com,Noah,Rodriguez,GEO0031,Consumer,2024-09-04T07:53:21,2025-11-24T19:19:57,0
C005754,andreadiaz@example.org,Parker,Nguyen,GEO0504,Consumer,2024-01-21T17:17:16,2024-12-14T14:25:24,0
C005755,jcruz@example.com,Scott,Rodriguez,GEO0269,Mid-Market,2025-02-28T21:11:56,2025-12-19T22:49:23,0
C005756,jeffery12@example.com,Richard,Mason,GEO0291,SMB,2026-01-18T09:04:00,2026-01-31T02:34:19,0
C005757,kjackson@example.net,Michael,Jimenez,GEO0748,Mid-Market,2025-10-13T15:56:15,2025-11-28T20:26:23,0
C005758,tracy50@example.net,Brian,Elliott,GEO0696,Consumer,2024-05-23T08:40:27,2025-06-05T22:57:57,0
C005759,owilson@example.net,Jeffrey,Chang,GEO0091,SMB,2024-10-15T23:04:08,2025-12-07T21:51:03,0
C005760,bdavis@example.org,Patricia,Thompson,GEO0608,Mid-Market,2026-02-18T08:47:26,2026-02-25T21:11:27,0
C005761,bakerrebekah@example.com,Seth,Mosley,GEO0566,Mid-Market,2024-11-05T01:04:55,2025-09-09T16:39:11,0
C005762,benjamin44@example.org,Mitchell,Jordan,GEO0450,Mid-Market,2025-06-06T03:57:19,2025-09-21T10:13:21,0
C005763,tanya82@example.net,Rebecca,Gutierrez,GEO0469,SMB,2025-10-17T05:21:40,2026-02-04T04:53:34,0
C005764,jessica54@example.org,Donna,Combs,GEO0409,Mid-Market,2025-03-08T20:00:31,2026-02-26T16:05:53,0
C005765,conleysarah@example.com,Angela,King,GEO0683,Mid-Market,2024-09-11T09:45:29,2025-08-18T02:15:47,0
C005766,ipoole@example.org,Carrie,Cochran,GEO0523,Consumer,2024-09-20T14:43:17,2024-12-19T16:55:47,0
C005767,seanwheeler@example.com,Jill,Edwards,GEO0777,SMB,2024-01-19T22:56:34,2024-06-08T21:16:03,0
C005768,lisasantiago@example.org,Janet,Tucker,GEO0181,Mid-Market,2024-12-20T10:49:17,2025-07-21T22:22:04,0
C005769,collinsjose@example.com,Adam,Jackson,GEO0245,SMB,2024-03-01T19:01:42,2025-12-03T20:27:06,0
C005770,leejames@example.org,Mark,Peterson,GEO0731,Mid-Market,2025-10-01T11:49:37,2026-01-25T06:40:28,0
C005771,hawkinsdouglas@example.com,Jennifer,Guerra,GEO0706,Consumer,2024-12-02T00:14:07,2025-05-12T17:17:24,0
C005772,amandamcmillan@example.net,Michael,Jones,GEO0332,Mid-Market,2024-08-21T08:17:57,2024-12-29T17:01:44,0
C005773,johnstonmichael@example.org,Monica,Fuller,GEO0291,Mid-Market,2024-09-17T00:03:37,2025-03-04T23:48:13,0
C005774,michellemorgan@example.com,Richard,Weaver,GEO0156,SMB,2025-08-11T01:30:35,2025-12-16T07:00:56,0
C005775,dixonjoshua@example.net,Sandra,Terry,GEO0368,Mid-Market,2024-12-16T06:37:01,2026-02-23T01:15:48,0
C005776,emoore@example.org,Peter,Harris,GEO0203,Mid-Market,2025-10-11T20:13:11,2025-11-20T12:09:01,0
C005777,schwartzjack@example.net,Jason,Moreno,GEO0296,Mid-Market,2024-12-04T11:49:45,2025-06-10T22:22:59,0
C005778,quinnjohn@example.com,Terry,Hayes,GEO0597,Consumer,2025-01-26T16:19:38,2025-10-07T11:24:50,0
C005779,ericortiz@example.com,Sergio,Le,GEO0430,SMB,2026-01-20T17:44:14,2026-02-03T19:15:38,0
C005780,ncarter@example.com,Rhonda,Leon,GEO0254,Consumer,2024-10-23T02:01:37,2025-10-07T11:05:34,0
C005781,carpentermegan@example.com,Amanda,Griffin,GEO0647,SMB,2025-06-04T14:35:28,2025-09-07T16:54:00,0
C005782,lgoodwin@example.net,Edward,Andrews,GEO0456,SMB,2025-08-02T15:11:46,2025-12-10T07:38:28,0
C005783,catherine31@example.org,Robert,Reed,GEO0453,Consumer,2024-07-22T21:54:04,2026-02-16T19:35:27,0
C005784,umoore@example.com,Robert,Green,GEO0557,Mid-Market,2025-01-05T20:37:54,2026-02-01T21:33:18,0
C005785,browningmark@example.com,Debra,Merritt,GEO0059,Mid-Market,2026-02-13T22:46:01,2026-02-27T09:21:55,0
C005786,kathrynjohnson@example.org,Randy,Winters,GEO0562,Mid-Market,2024-06-10T10:43:47,2025-07-01T20:29:00,0
C005787,nancywebb@example.net,Alexis,Sanchez,GEO0607,Consumer,2024-08-02T14:06:34,2026-01-03T14:22:33,0
C005788,hermanangela@example.net,Jeffrey,Gonzalez,GEO0149,Consumer,2024-12-02T18:35:55,2024-12-18T21:08:02,0
C005789,laura18@example.org,Daniel,Powell,GEO0474,Mid-Market,2024-12-15T04:02:16,2025-07-07T18:58:03,0
C005790,moorerodney@example.net,Brian,Wilson,GEO0102,SMB,2025-04-18T06:37:01,2025-11-08T08:58:34,0
C005791,vincentcopeland@example.net,Robin,Newman,GEO0249,SMB,2025-05-06T06:39:10,2025-05-27T04:19:40,0
C005792,stephanie11@example.com,Joshua,Mcclure,GEO0357,SMB,2024-09-18T00:43:30,2025-05-17T20:06:36,0
C005793,annastephens@example.org,Michael,Sanchez,GEO0500,Mid-Market,2024-03-23T20:39:47,2026-02-09T00:07:04,0
C005794,daltonbethany@example.org,Andrew,Gray,GEO0446,Consumer,2024-02-29T12:31:58,2024-08-31T19:43:41,0
C005795,asmith@example.org,Joe,James,GEO0036,SMB,2026-01-22T19:51:40,2026-02-07T04:57:27,0
C005796,robertsbenjamin@example.org,Robert,Zhang,GEO0193,SMB,2025-10-15T13:42:26,2025-12-24T15:04:01,0
C005797,lisacollins@example.com,Andrea,Jacobs,GEO0165,Mid-Market,2025-12-12T07:22:11,2026-02-06T10:26:23,0
C005798,sarahhaley@example.org,Danielle,Pierce,GEO0495,Mid-Market,2025-12-18T00:34:15,2025-12-31T21:57:57,0
C005799,mistyenglish@example.net,Cory,Conner,GEO0280,Consumer,2026-02-08T00:41:00,2026-02-10T23:24:05,0
C005800,matthewmoses@example.org,Calvin,Moreno,GEO0157,Consumer,2025-06-21T05:05:21,2025-07-31T18:59:02,0
C005801,jonesmichelle@example.net,Pamela,Crawford,GEO0101,SMB,2025-05-19T02:51:47,2025-12-01T12:45:44,0
C005802,fosterjenna@example.net,Caleb,Elliott,GEO0621,Consumer,2024-08-03T17:24:01,2025-06-02T04:35:54,0
C005803,lday@example.com,Amanda,Barnes,GEO0235,Consumer,2024-08-28T12:31:08,2025-04-02T04:54:19,0
C005804,brandon83@example.com,Andrea,Farmer,GEO0340,SMB,2026-01-27T08:30:07,2026-01-29T12:03:50,0
C005805,danielwilliams@example.org,Thomas,Gonzalez,GEO0211,SMB,2024-03-03T14:41:15,2025-07-19T14:33:34,0
C005806,rmiller@example.org,Beth,Lee,GEO0681,Consumer,2025-09-25T02:16:07,2026-02-11T03:02:03,0
C005807,morrisonstephanie@example.org,Robin,Peterson,GEO0152,Mid-Market,2024-06-13T00:32:42,2025-03-03T15:39:51,0
C005808,ythompson@example.org,Timothy,Chen,GEO0125,Mid-Market,2025-06-29T01:46:06,2025-12-13T03:29:03,0
C005809,travis85@example.net,Shane,Mills,GEO0402,SMB,2024-12-19T08:29:40,2025-12-01T13:47:21,0
C005810,bryanjackson@example.org,Amanda,Preston,GEO0724,SMB,2025-10-06T14:48:23,2026-01-29T18:01:56,0
C005811,elijahmueller@example.org,Gerald,Andrews,GEO0420,Consumer,2026-01-19T12:40:29,2026-02-08T20:37:48,0
C005812,tamaramurphy@example.org,Daniel,Watkins,GEO0016,SMB,2024-10-13T19:05:53,2026-02-23T00:52:37,0
C005813,andreasampson@example.com,Tracy,Ware,GEO0123,Mid-Market,2025-09-24T19:37:53,2025-11-18T23:52:30,0
C005814,jimmy18@example.net,Richard,Collins,GEO0099,Mid-Market,2024-10-16T22:54:25,2025-03-26T05:13:49,0
C005815,shawn00@example.com,Lisa,Guerra,GEO0359,Consumer,2025-07-04T09:20:53,2025-08-27T06:16:56,0
C005816,jilladams@example.com,Jay,Jenkins,GEO0285,SMB,2024-01-26T19:52:34,2024-07-22T00:50:29,0
C005817,timothybell@example.net,Debra,Wong,GEO0135,Consumer,2024-02-03T00:09:25,2025-05-27T11:21:16,0
C005818,marie58@example.org,Amber,Ward,GEO0531,Consumer,2024-12-21T22:49:39,2025-07-31T09:50:45,0
C005819,baxtervincent@example.com,Tanya,Williamson,GEO0076,Consumer,2025-03-10T16:08:21,2025-04-20T03:30:54,0
C005820,dennisdarrell@example.org,Cody,Koch,GEO0483,Mid-Market,2024-05-24T06:03:12,2025-05-16T16:10:05,0
C005821,katieesparza@example.net,Vincent,Campbell,GEO0725,SMB,2024-06-28T07:43:15,2024-07-27T17:49:58,0
C005822,joeldrake@example.com,Emily,Carpenter,GEO0292,SMB,2026-02-05T17:59:53,2026-02-25T20:00:34,0
C005823,andrew01@example.com,Richard,Davis,GEO0223,Mid-Market,2025-12-08T22:27:56,2025-12-18T03:10:49,0
C005824,vanessasellers@example.com,Jacob,Sweeney,GEO0765,Consumer,2025-05-29T09:19:44,2025-09-24T01:25:20,0
C005825,ljackson@example.com,Brian,Bradley,GEO0679,SMB,2025-04-20T04:05:06,2025-06-27T14:06:44,0
C005826,fritzjulia@example.org,Kathleen,Ross,GEO0344,Consumer,2025-06-12T00:36:33,2025-07-30T21:55:29,0
C005827,jerrygray@example.com,Brian,Dunn,GEO0148,Consumer,2025-03-15T11:08:05,2025-09-01T04:59:26,0
C005828,jamessmith@example.com,Christopher,Cole,GEO0741,Mid-Market,2024-07-25T14:07:04,2024-08-06T14:48:00,0
C005829,leslie40@example.com,Kathryn,Munoz,GEO0268,Mid-Market,2025-02-08T13:33:41,2025-09-17T08:26:47,0
C005830,anthony19@example.net,Alexander,Skinner,GEO0737,Consumer,2024-11-10T09:30:56,2025-03-10T11:55:38,0
C005831,robert73@example.net,Michael,Lang,GEO0328,SMB,2024-11-14T17:36:21,2025-02-20T20:29:18,0
C005832,michaelwood@example.com,Lauren,Allen,GEO0404,Consumer,2024-12-17T10:29:28,2025-06-29T17:37:53,0
C005833,josephallen@example.org,Edward,Lopez,GEO0421,Mid-Market,2025-10-17T15:45:30,2025-12-12T21:53:36,0
C005834,gmendoza@example.org,Randy,Nguyen,GEO0703,SMB,2024-03-31T20:57:24,2024-05-04T07:46:10,1
C005835,ssmith@example.net,Gary,Lee,GEO0363,Mid-Market,2025-11-15T07:42:30,2026-02-17T00:06:16,0
C005836,salexander@example.org,Elizabeth,Carpenter,GEO0519,Consumer,2026-01-11T19:22:45,2026-02-21T01:43:28,0
C005837,thomas75@example.org,Edward,Reeves,GEO0407,Consumer,2025-10-23T11:41:49,2025-11-16T19:39:24,0
C005838,rbenson@example.com,Frank,Mercer,GEO0451,Mid-Market,2025-11-14T23:14:09,2025-12-12T01:41:19,0
C005839,alison89@example.net,Renee,Middleton,GEO0257,Consumer,2025-05-18T10:45:37,2025-12-18T02:44:05,0
C005840,moralesjessica@example.org,Corey,Arellano,GEO0151,Mid-Market,2025-10-15T19:45:22,2025-12-12T07:51:49,0
C005841,michelle11@example.org,Jonathan,Cummings,GEO0255,Consumer,2024-10-25T12:08:59,2025-11-16T21:52:37,0
C005842,moorejacqueline@example.net,Larry,Diaz,GEO0027,SMB,2024-01-18T05:35:47,2025-06-22T02:20:46,0
C005843,tammy73@example.org,Rose,Mcconnell,GEO0784,SMB,2026-01-16T12:03:42,2026-01-28T00:59:36,0
C005844,vjones@example.com,Paula,Dyer,GEO0425,SMB,2024-02-29T02:40:33,2024-10-06T08:59:12,0
C005845,christopher06@example.com,Carla,Collins,GEO0786,Consumer,2025-08-04T13:15:20,2025-11-23T16:03:44,0
C005846,diamond85@example.com,Jody,Smith,GEO0655,SMB,2025-06-18T14:39:40,2025-10-23T09:31:09,0
C005847,adrian11@example.com,Richard,Escobar,GEO0518,SMB,2025-12-19T03:45:27,2026-02-16T12:09:06,0
C005848,gjohnson@example.org,Debra,Johnson,GEO0417,SMB,2025-07-03T23:18:15,2025-07-08T19:26:18,0
C005849,powersshannon@example.net,Jeffrey,Davis,GEO0354,Consumer,2024-11-04T19:40:12,2025-01-14T12:33:15,0
C005850,gibsonanthony@example.org,Tami,Harrison,GEO0390,Mid-Market,2024-11-05T15:01:38,2025-11-08T20:11:37,0
C005851,bhoward@example.com,Alexander,Brown,GEO0015,Consumer,2024-12-09T13:43:10,2025-09-21T22:37:02,0
C005852,wademelissa@example.net,Rhonda,Roberts,GEO0360,SMB,2024-11-15T08:33:50,2025-02-02T12:08:28,0
C005853,kimberlysharp@example.net,Patricia,Kim,GEO0607,Consumer,2024-07-29T03:55:59,2025-02-05T10:33:06,0
C005854,melissajones@example.com,Molly,Harris,GEO0112,Mid-Market,2025-11-17T14:25:25,2025-12-15T08:00:16,0
C005855,kevinguerrero@example.org,Mary,King,GEO0550,Mid-Market,2024-04-16T14:55:47,2024-12-30T08:58:29,0
C005856,sstewart@example.net,Randy,Kim,GEO0150,Mid-Market,2024-12-15T05:54:49,2025-02-19T09:25:54,0
C005857,renee82@example.org,Jeremy,Cameron,GEO0097,Mid-Market,2025-02-14T10:48:07,2025-09-13T18:11:04,0
C005858,skline@example.org,Julia,Hogan,GEO0694,Consumer,2025-01-14T14:06:15,2025-07-23T22:42:09,0
C005859,qknapp@example.com,Brian,Stone,GEO0333,SMB,2025-07-20T10:16:41,2025-11-13T00:45:40,0
C005860,corey59@example.org,John,Calhoun,GEO0734,Consumer,2024-11-30T20:01:22,2026-01-16T14:16:43,0
C005861,jmyers@example.org,Megan,Simpson,GEO0210,Mid-Market,2025-12-27T01:31:26,2026-02-18T09:34:29,0
C005862,mscott@example.org,Corey,Hamilton,GEO0668,Consumer,2024-11-01T07:34:42,2025-03-08T03:11:29,0
C005863,beverly50@example.com,Arthur,Morris,GEO0150,SMB,2024-02-17T17:49:15,2024-09-05T11:38:18,0
C005864,dale37@example.net,Damon,Walker,GEO0094,Mid-Market,2024-06-29T04:58:16,2025-07-05T04:18:52,0
C005865,danielle31@example.net,Alexander,Crawford,GEO0049,Mid-Market,2026-02-14T17:07:24,2026-02-14T21:12:56,0
C005866,fowleramanda@example.net,Mary,Curry,GEO0674,SMB,2024-09-11T03:31:27,2025-09-07T09:26:06,0
C005867,dadkins@example.org,Angela,Miranda,GEO0060,Consumer,2024-09-25T03:41:49,2025-01-14T01:41:06,0
C005868,traceyhill@example.net,Emily,Walters,GEO0649,SMB,2025-11-20T07:36:41,2026-02-12T21:56:05,0
C005869,danielle74@example.com,John,Adams,GEO0387,Mid-Market,2024-06-22T16:52:41,2025-02-17T10:33:16,0
C005870,nathanpena@example.net,Melissa,Harrison,GEO0561,Mid-Market,2025-07-27T00:43:06,2025-08-30T14:30:04,0
C005871,eblake@example.org,Clayton,Simmons,GEO0675,SMB,2025-03-29T22:06:58,2025-09-09T12:41:32,0
C005872,eric53@example.org,Elizabeth,Wilkinson,GEO0592,Mid-Market,2024-07-18T00:53:37,2024-10-24T21:28:18,0
C005873,urobles@example.org,Jonathan,Smith,GEO0150,Mid-Market,2025-05-14T08:00:58,2026-02-07T00:42:12,0
C005874,thomasmiller@example.net,Darrell,Murphy,GEO0608,Mid-Market,2026-02-13T19:46:10,2026-02-18T18:40:02,0
C005875,shawkins@example.com,Joseph,Smith,GEO0582,SMB,2025-02-16T03:38:39,2025-09-03T10:35:47,0
C005876,gary05@example.net,Kristin,Hurley,GEO0518,Consumer,2024-02-03T22:36:15,2025-05-23T13:16:20,0
C005877,georgetimothy@example.net,Eric,Jones,GEO0592,Mid-Market,2025-03-01T10:35:28,2025-05-06T16:00:59,0
C005878,sergio26@example.com,William,Sanders,GEO0181,Mid-Market,2024-08-31T12:20:26,2025-03-01T13:02:00,0
C005879,joyceobrien@example.net,Patricia,Roberts,GEO0599,SMB,2024-01-09T18:34:01,2025-11-24T03:55:33,0
C005880,gcase@example.org,Candice,Hensley,GEO0542,Mid-Market,2025-07-18T00:00:44,2025-09-19T00:00:21,0
C005881,burnettjennifer@example.net,Maria,Mccormick,GEO0096,SMB,2024-07-18T17:09:34,2025-08-28T16:47:30,0
C005882,jodihunt@example.net,Anthony,Rowland,GEO0108,Mid-Market,2024-06-13T20:54:40,2024-11-18T01:58:48,0
C005883,longlauren@example.org,Kathleen,Hernandez,GEO0077,SMB,2024-01-11T02:03:54,2025-07-19T02:57:48,0
C005884,stevensbrandi@example.net,Donald,Spencer,GEO0632,Mid-Market,2025-08-07T05:10:13,2026-02-04T18:29:24,0
C005885,jasonsosa@example.org,Mark,Tucker,GEO0787,SMB,2025-10-25T05:07:23,2026-01-01T02:22:54,0
C005886,michaelsummers@example.net,Martha,Stone,GEO0436,Mid-Market,2024-03-10T17:03:28,2024-03-12T21:57:08,0
C005887,sherri61@example.com,Gregory,Stevens,GEO0057,Consumer,2026-01-21T19:42:10,2026-02-28T09:54:52,0
C005888,rubiojose@example.org,Joshua,Thompson,GEO0004,Mid-Market,2024-06-07T17:26:13,2025-05-13T17:49:54,0
C005889,mlopez@example.com,Debra,Hall,GEO0698,Mid-Market,2024-11-09T05:45:56,2025-05-27T06:35:37,0
C005890,lroy@example.org,Erica,Collins,GEO0309,Mid-Market,2025-10-14T15:41:41,2025-12-21T19:20:22,0
C005891,alexanderking@example.org,Scott,Allen,GEO0570,Consumer,2024-03-31T19:09:49,2024-11-21T07:23:23,0
C005892,xgreen@example.net,William,Jones,GEO0423,Mid-Market,2025-06-21T11:29:54,2026-02-23T04:57:32,0
C005893,douglas05@example.net,Derek,Chung,GEO0610,SMB,2024-08-14T12:41:13,2026-01-24T19:06:56,0
C005894,jeremy09@example.com,Michael,Allison,GEO0374,Mid-Market,2024-03-24T19:01:22,2025-02-15T17:31:23,0
C005895,zsnyder@example.net,Catherine,Foster,GEO0309,Mid-Market,2024-01-19T20:09:37,2025-03-13T02:17:46,0
C005896,tracystevens@example.com,Shawn,Walker,GEO0387,Mid-Market,2025-09-07T01:50:56,2026-02-27T19:19:04,0
C005897,hendersonerin@example.org,David,Hernandez,GEO0024,Mid-Market,2025-04-24T10:40:42,2025-07-13T20:02:11,0
C005898,malikgarcia@example.net,Charles,Rios,GEO0068,Mid-Market,2025-09-02T19:43:46,2026-02-25T03:17:21,0
C005899,rodriguezthomas@example.org,Nathan,Hubbard,GEO0403,Mid-Market,2024-09-26T02:51:04,2025-01-27T15:40:10,0
C005900,thompsonjorge@example.net,Joshua,Fox,GEO0117,SMB,2024-10-13T16:19:34,2025-10-26T15:17:37,0
C005901,jennifer12@example.org,Donald,Daniel,GEO0725,Consumer,2024-02-13T18:55:11,2025-04-18T05:35:58,0
C005902,jeremyjackson@example.org,Angela,Floyd,GEO0154,SMB,2025-06-13T11:47:34,2025-06-24T15:42:11,0
C005903,olivia70@example.net,Barbara,Clark,GEO0306,Mid-Market,2024-02-27T20:42:01,2025-02-25T14:51:01,0
C005904,wrightalexander@example.net,Theresa,Hoffman,GEO0747,SMB,2025-08-06T09:55:13,2026-02-17T21:42:20,0
C005905,nbenjamin@example.com,Christine,Martinez,GEO0685,Mid-Market,2024-11-25T04:42:58,2025-10-06T04:21:22,0
C005906,colemanstacey@example.net,Jacob,Bennett,GEO0548,SMB,2025-12-15T20:26:32,2025-12-18T22:44:35,0
C005907,blackchristina@example.net,Jason,Jones,GEO0321,Mid-Market,2025-03-10T23:00:00,2025-05-02T10:44:41,0
C005908,webercharles@example.com,Megan,Turner,GEO0146,Consumer,2024-04-23T06:24:54,2024-09-26T08:45:11,0
C005909,ambergonzalez@example.net,Joshua,Santos,GEO0307,Mid-Market,2025-09-27T21:18:50,2026-01-28T21:02:00,0
C005910,amydavis@example.org,Sean,Lambert,GEO0260,Consumer,2024-12-19T18:44:02,2025-07-08T20:28:57,0
C005911,randall45@example.com,Kyle,Gonzales,GEO0532,Mid-Market,2024-11-11T08:49:27,2024-12-06T19:23:51,0
C005912,akhan@example.org,Manuel,Hall,GEO0586,Mid-Market,2025-04-29T15:57:10,2025-09-23T17:30:31,0
C005913,marc88@example.org,Melissa,Stark,GEO0244,SMB,2025-04-14T07:57:03,2026-01-11T06:21:28,0
C005914,estradakimberly@example.org,Elizabeth,Shepherd,GEO0215,Mid-Market,2025-11-16T19:01:39,2025-11-28T21:03:02,0
C005915,zacharymorris@example.org,Jessica,Nichols,GEO0351,SMB,2025-12-08T07:17:41,2026-02-04T09:40:49,0
C005916,jolson@example.org,Suzanne,Robertson,GEO0301,Mid-Market,2024-03-23T00:52:16,2024-08-07T01:43:09,0
C005917,jeffrey15@example.com,Kayla,Garcia,GEO0110,Consumer,2024-07-18T10:49:55,2026-02-15T15:56:22,0
C005918,javierjohnson@example.org,Patrick,Butler,GEO0142,Consumer,2024-09-12T13:35:49,2025-03-22T16:54:30,0
C005919,qbrown@example.net,Richard,Cannon,GEO0219,SMB,2024-12-18T11:46:22,2025-06-13T04:21:32,0
C005920,christopherberry@example.org,Jennifer,Terry,GEO0245,SMB,2025-07-24T12:56:34,2025-10-24T00:46:27,0
C005921,haysbrittany@example.com,Julia,Johnson,GEO0563,SMB,2025-01-28T16:30:33,2025-04-23T21:25:19,0
C005922,tracybarber@example.org,Jonathan,Brown,GEO0602,SMB,2025-06-06T03:14:02,2025-07-02T01:11:21,0
C005923,evasquez@example.com,Alan,Gould,GEO0631,SMB,2024-09-24T20:16:21,2025-06-06T07:18:28,0
C005924,parmstrong@example.org,Anthony,Davis,GEO0372,SMB,2025-06-05T04:37:16,2026-02-20T09:18:29,0
C005925,natashakemp@example.com,Traci,Watson,GEO0304,Consumer,2024-10-20T22:44:19,2025-04-28T01:21:42,0
C005926,brandonthomas@example.org,Peter,Clayton,GEO0211,Consumer,2025-01-29T06:30:02,2025-09-04T19:58:21,0
C005927,tbeltran@example.org,Kenneth,Hansen,GEO0714,Consumer,2024-04-18T16:06:37,2025-05-26T20:07:12,0
C005928,xsanchez@example.com,Bruce,Coleman,GEO0116,SMB,2025-10-22T11:41:39,2026-01-19T10:36:17,0
C005929,mary99@example.org,Matthew,Vance,GEO0629,Mid-Market,2024-07-01T16:06:42,2025-01-12T07:56:59,0
C005930,croman@example.net,Cynthia,Anderson,GEO0140,SMB,2024-06-04T02:39:42,2026-02-23T14:54:56,0
C005931,vhatfield@example.net,Austin,Reed,GEO0772,Consumer,2026-01-06T02:33:00,2026-01-12T22:44:24,0
C005932,boonelee@example.net,Manuel,Knapp,GEO0762,SMB,2025-12-14T09:52:12,2026-01-31T01:53:16,0
C005933,carrollkaren@example.com,Amber,Owen,GEO0210,Consumer,2025-09-30T18:33:21,2025-11-08T14:06:16,0
C005934,joshua65@example.net,Sean,Shea,GEO0013,SMB,2025-12-01T18:49:17,2026-01-30T08:38:13,0
C005935,hollowayseth@example.com,Wendy,Johnson,GEO0665,SMB,2025-10-13T15:24:44,2026-02-22T17:37:13,0
C005936,jorge51@example.com,Sandra,Wade,GEO0002,SMB,2025-06-01T02:25:40,2025-07-17T22:59:33,0
C005937,rwashington@example.org,Anne,Thompson,GEO0721,SMB,2025-05-07T12:19:46,2025-10-15T16:43:03,0
C005938,danieldebbie@example.com,Carolyn,Carlson,GEO0114,Consumer,2024-10-26T02:50:39,2025-05-26T20:20:10,0
C005939,austinpollard@example.org,Jeffrey,Scott,GEO0565,Mid-Market,2024-03-09T14:53:36,2024-04-15T20:50:01,0
C005940,turnerarthur@example.net,Crystal,Williams,GEO0041,Consumer,2024-11-24T21:04:08,2025-06-26T00:23:20,0
C005941,esmith@example.com,Krista,Nelson,GEO0459,SMB,2025-05-16T01:08:58,2026-02-12T09:59:21,0
C005942,hhoward@example.com,Adam,Williams,GEO0209,Mid-Market,2025-01-11T14:27:36,2025-06-24T11:36:55,0
C005943,prestonbenjamin@example.com,Jennifer,Scott,GEO0324,Mid-Market,2024-04-06T05:26:33,2024-07-07T07:02:31,0
C005944,johnathan76@example.net,Latoya,Phillips,GEO0416,SMB,2024-09-04T06:06:50,2026-02-18T22:44:15,0
C005945,xbell@example.com,Andrew,Holder,GEO0271,SMB,2025-08-18T03:10:47,2025-10-17T23:16:20,0
C005946,michelefoster@example.org,Leslie,Henderson,GEO0758,Consumer,2026-01-04T06:11:51,2026-01-27T22:33:03,0
C005947,burchalyssa@example.net,Thomas,Rivera,GEO0448,Consumer,2026-02-06T09:22:20,2026-02-21T02:58:06,0
C005948,daviswilliam@example.org,Elizabeth,Rodriguez,GEO0576,Consumer,2025-01-27T22:29:17,2026-02-25T06:21:06,0
C005949,rgomez@example.net,Nathan,Hawkins,GEO0644,Mid-Market,2024-10-16T04:32:52,2025-05-14T06:08:31,0
C005950,richardsonmark@example.org,Kyle,Rodriguez,GEO0330,Consumer,2024-02-26T06:06:29,2024-11-14T20:57:02,0
C005951,gonzalesmary@example.org,Kimberly,Scott,GEO0532,Mid-Market,2025-06-21T02:02:24,2025-06-21T20:54:31,0
C005952,esutton@example.com,Melissa,Arellano,GEO0326,SMB,2024-08-25T08:13:13,2025-06-07T21:26:00,0
C005953,xhumphrey@example.org,Connie,Vazquez,GEO0221,Mid-Market,2025-10-27T12:13:15,2026-01-27T11:25:17,0
C005954,kimberlymoore@example.org,David,Ellis,GEO0142,SMB,2025-12-28T20:11:37,2026-03-01T01:51:10,0
C005955,xbrown@example.com,Tabitha,Garcia,GEO0009,Consumer,2024-06-03T11:46:46,2024-09-01T08:43:40,0
C005956,samantha46@example.net,Robert,Diaz,GEO0232,Consumer,2026-01-14T11:54:55,2026-01-20T15:08:41,0
C005957,johnparker@example.net,Amy,Lopez,GEO0205,SMB,2025-11-15T16:23:02,2025-12-18T23:47:50,0
C005958,delacruzmelissa@example.org,Michelle,Chen,GEO0752,Mid-Market,2024-11-15T11:10:24,2024-12-11T20:56:48,0
C005959,shelly47@example.net,Caitlin,Page,GEO0487,Consumer,2026-01-09T10:18:41,2026-02-08T04:56:10,0
C005960,ugoodman@example.net,Christopher,Villarreal,GEO0204,SMB,2024-02-06T23:59:23,2024-10-05T01:48:25,0
C005961,teresa94@example.org,Pamela,Andrews,GEO0124,Consumer,2024-03-19T07:39:01,2024-03-23T08:23:41,0
C005962,patrick84@example.com,Jimmy,Waller,GEO0397,Consumer,2025-09-10T15:23:54,2026-02-19T05:12:17,0
C005963,dawnroberts@example.net,Megan,Gordon,GEO0534,SMB,2025-06-02T01:48:23,2026-01-02T17:50:57,0
C005964,schneiderthomas@example.org,Timothy,Wade,GEO0225,Consumer,2024-08-18T10:23:22,2025-10-03T07:32:23,0
C005965,qbarnes@example.net,Theodore,Harris,GEO0039,Consumer,2025-07-22T16:49:09,2025-12-11T08:56:13,0
C005966,morrisjoshua@example.org,Michael,Hart,GEO0276,SMB,2025-07-31T09:33:50,2025-11-07T18:35:02,0
C005967,imartinez@example.net,Ashley,Parker,GEO0655,Mid-Market,2024-12-19T11:31:45,2025-04-04T06:58:33,0
C005968,broman@example.com,Heather,Ross,GEO0249,Mid-Market,2025-04-16T23:08:25,2025-10-31T00:36:43,0
C005969,holtchristopher@example.org,Carolyn,Shannon,GEO0105,SMB,2024-01-11T08:29:56,2025-01-24T00:06:29,0
C005970,oscarking@example.com,Barbara,Wong,GEO0767,Consumer,2024-11-18T10:26:43,2026-01-21T12:22:50,0
C005971,danielgraham@example.net,Tyler,Hebert,GEO0196,Mid-Market,2025-06-12T19:40:47,2025-07-01T20:25:20,0
C005972,schmidtmichael@example.com,Lucas,Wilson,GEO0469,Mid-Market,2025-02-10T15:55:50,2026-02-28T22:45:08,0
C005973,megan63@example.net,Brittany,Lambert,GEO0722,Consumer,2024-07-25T09:11:02,2025-04-09T07:01:03,0
C005974,qwashington@example.com,Melissa,Glover,GEO0435,Mid-Market,2024-09-01T02:36:06,2024-10-09T13:54:36,0
C005975,hchurch@example.com,Austin,Ballard,GEO0790,Mid-Market,2024-04-13T07:24:48,2024-12-16T10:37:05,0
C005976,dduffy@example.org,Tanya,Ferrell,GEO0111,Consumer,2025-11-18T09:45:09,2025-11-24T04:35:25,0
C005977,terrymichael@example.com,Jonathan,Campbell,GEO0704,Consumer,2024-05-16T06:10:35,2025-07-11T21:54:58,1
C005978,stephen52@example.com,Pedro,Soto,GEO0085,Consumer,2026-02-17T08:00:45,2026-03-01T04:40:18,0
C005979,rgreen@example.net,Andrea,Kelly,GEO0218,SMB,2024-12-03T04:09:16,2025-12-15T19:09:10,0
C005980,jenna76@example.net,Robert,Allen,GEO0793,Consumer,2024-09-02T04:14:44,2025-01-14T22:03:00,0
C005981,hannah20@example.net,Rebecca,Cook,GEO0195,Consumer,2024-04-08T04:28:33,2025-12-17T05:34:42,0
C005982,stephanie07@example.org,Thomas,Gross,GEO0797,SMB,2024-06-13T21:15:21,2024-08-14T20:37:53,0
C005983,allisonmann@example.org,Thomas,Armstrong,GEO0374,Consumer,2025-08-03T22:59:14,2025-10-27T07:48:10,0
C005984,tbrown@example.net,Bianca,Nelson,GEO0076,SMB,2024-11-26T03:40:31,2025-06-24T05:37:17,0
C005985,jillbrewer@example.com,Lisa,Johnson,GEO0383,Mid-Market,2026-01-24T16:17:26,2026-02-24T12:18:03,0
C005986,zbuckley@example.net,Amber,French,GEO0439,Mid-Market,2026-02-25T19:55:29,2026-02-28T18:59:23,0
C005987,kimberlygraham@example.com,Joseph,Thompson,GEO0056,Consumer,2025-01-19T08:00:35,2025-04-25T00:41:29,0
C005988,james50@example.org,Susan,Morrison,GEO0391,Consumer,2025-09-03T12:15:57,2025-11-02T12:03:08,0
C005989,bpham@example.com,Jeffrey,Simpson,GEO0219,Consumer,2024-07-11T23:21:27,2025-11-04T23:10:26,0
C005990,qbecker@example.org,Joshua,Rodriguez,GEO0231,Mid-Market,2025-05-16T06:27:11,2025-07-29T09:20:51,0
C005991,anne19@example.org,Perry,Duffy,GEO0051,Mid-Market,2025-11-15T18:30:45,2026-01-11T14:12:34,0
C005992,bperkins@example.net,Thomas,Thompson,GEO0466,Consumer,2026-01-29T22:19:12,2026-02-07T02:17:27,0
C005993,maxgarcia@example.net,Charles,Simmons,GEO0609,Consumer,2025-08-31T05:11:10,2026-01-13T07:12:33,0
C005994,emoreno@example.net,William,Clark,GEO0162,Consumer,2024-03-25T16:59:20,2024-09-21T23:10:13,0
C005995,bsantiago@example.net,Bryan,Lewis,GEO0081,Consumer,2025-09-07T12:09:31,2026-02-28T00:49:37,0
C005996,mallory90@example.org,Jason,Townsend,GEO0107,SMB,2025-12-23T01:56:46,2026-01-04T08:19:04,0
C005997,jesse69@example.net,Gregory,Deleon,GEO0632,SMB,2024-11-14T05:11:37,2025-02-01T08:51:23,0
C005998,connor01@example.net,Nicolas,Ray,GEO0796,Mid-Market,2025-03-29T00:33:42,2026-02-22T18:14:36,0
C005999,rebecca91@example.org,Deanna,Thompson,GEO0529,Mid-Market,2024-08-20T20:22:02,2025-06-02T13:58:10,0
C006000,robert40@example.org,Carlos,Rodriguez,GEO0721,Mid-Market,2025-09-20T06:12:41,2026-01-15T08:07:22,0
C006001,angelaholder@example.org,Jose,Melendez,GEO0599,SMB,2024-07-20T17:52:51,2025-03-16T06:45:33,0
C006002,cody12@example.org,Lisa,Mckenzie,GEO0526,Mid-Market,2025-06-04T18:23:50,2025-07-14T23:57:51,0
C006003,haneycarrie@example.com,Tonya,Frazier,GEO0335,Consumer,2025-09-16T10:15:48,2025-09-24T18:40:47,0
C006004,eric94@example.org,Angela,Clark,GEO0510,Mid-Market,2024-12-14T15:23:36,2025-06-08T01:32:44,0
C006005,rhoward@example.net,Nicole,Mitchell,GEO0217,SMB,2024-12-19T04:14:11,2026-01-02T22:43:12,0
C006006,alyssaevans@example.org,Thomas,Mendoza,GEO0640,SMB,2024-01-06T00:35:26,2024-03-17T17:27:38,0
C006007,courtney50@example.net,John,Velasquez,GEO0326,Mid-Market,2024-11-06T09:25:43,2025-06-27T09:29:46,0
C006008,morganwells@example.org,Gabriela,Miller,GEO0324,SMB,2026-02-10T05:47:39,2026-02-13T08:35:15,0
C006009,ejohnston@example.com,Eric,Williams,GEO0008,Mid-Market,2025-01-10T12:55:23,2025-01-31T17:40:49,0
C006010,michael26@example.com,Christina,Thomas,GEO0621,Consumer,2025-08-08T21:53:08,2025-12-03T21:00:47,0
C006011,emma83@example.net,Steven,Foster,GEO0551,Consumer,2024-12-06T21:43:23,2026-01-21T20:42:45,0
C006012,ffarmer@example.net,Nicole,Gross,GEO0769,Consumer,2025-10-02T03:47:42,2025-10-17T11:22:47,0
C006013,michelle12@example.net,Tammy,Ramos,GEO0010,Mid-Market,2024-07-01T09:04:09,2025-09-06T21:26:28,0
C006014,fcastillo@example.net,Patrick,Jensen,GEO0135,Mid-Market,2025-10-22T00:50:41,2025-12-28T01:47:20,0
C006015,phillipsscott@example.net,Monica,Mueller,GEO0284,SMB,2025-02-15T15:02:15,2025-05-28T13:52:17,0
C006016,ycline@example.com,Lawrence,Davenport,GEO0641,SMB,2024-10-22T06:45:09,2024-11-03T13:20:17,0
C006017,craig57@example.org,Charles,Palmer,GEO0436,Mid-Market,2026-01-13T07:08:26,2026-02-22T02:18:14,0
C006018,andrewsmith@example.org,Janet,Smith,GEO0720,Mid-Market,2024-03-01T21:57:57,2024-09-29T15:04:22,0
C006019,knightdennis@example.com,John,Barker,GEO0663,SMB,2025-12-29T06:50:07,2025-12-31T19:04:21,0
C006020,lbrown@example.com,Michael,Rice,GEO0276,Mid-Market,2025-02-25T07:41:58,2025-03-12T19:58:57,0
C006021,carterrandall@example.com,Louis,Miller,GEO0176,Consumer,2025-01-08T23:04:47,2025-04-13T05:23:10,0
C006022,mitchellorr@example.net,Christopher,Khan,GEO0739,SMB,2026-02-28T08:37:28,2026-03-01T14:35:29,0
C006023,william56@example.com,Megan,Best,GEO0327,SMB,2025-03-21T20:40:42,2025-10-02T09:18:10,0
C006024,hessthomas@example.net,Brandon,Terry,GEO0397,Mid-Market,2025-02-27T07:02:29,2026-01-30T23:01:29,0
C006025,benitezheather@example.com,Ashley,Davis,GEO0780,Mid-Market,2024-03-22T01:46:04,2024-04-28T03:08:18,0
C006026,bward@example.com,Yolanda,Smith,GEO0558,Mid-Market,2024-10-23T00:23:25,2025-08-29T20:19:08,0
C006027,thorntonisabel@example.com,Jason,Lewis,GEO0045,Mid-Market,2024-04-25T16:30:19,2025-12-16T20:01:01,0
C006028,qshepherd@example.org,Christopher,Blackwell,GEO0429,Mid-Market,2024-09-19T02:52:03,2024-11-21T14:10:44,0
C006029,davisnicole@example.com,Ariel,Gutierrez,GEO0293,Consumer,2025-12-05T23:53:51,2026-01-11T18:11:01,0
C006030,wilcoxtiffany@example.net,Melissa,Calhoun,GEO0383,Mid-Market,2025-08-05T06:01:45,2025-11-19T09:03:56,0
C006031,stacybyrd@example.com,Alexis,Smith,GEO0774,Consumer,2024-03-28T02:03:29,2024-05-08T21:54:17,0
C006032,clarkpatrick@example.com,Meghan,Watkins,GEO0663,Consumer,2024-07-30T00:51:22,2025-08-13T00:13:05,0
C006033,pbrown@example.com,Melissa,Daugherty,GEO0267,Mid-Market,2026-01-15T16:29:35,2026-02-04T01:24:26,0
C006034,john80@example.com,Maria,Miller,GEO0139,SMB,2026-02-28T14:51:22,2026-02-28T08:07:16,0
C006035,mcknightantonio@example.com,Matthew,Miller,GEO0508,SMB,2024-08-21T02:21:25,2024-09-11T18:22:07,0
C006036,julie11@example.net,Sherry,Carr,GEO0161,Consumer,2026-01-06T14:30:03,2026-02-18T04:04:21,0
C006037,jbrown@example.com,Richard,Deleon,GEO0219,Mid-Market,2024-08-23T12:07:06,2025-07-31T03:07:05,0
C006038,laura77@example.net,Samuel,Williams,GEO0293,SMB,2025-12-27T05:55:46,2026-02-25T03:16:13,0
C006039,jonathan85@example.com,Edward,Kennedy,GEO0336,Mid-Market,2025-01-13T06:16:07,2025-01-31T12:06:41,0
C006040,monroegary@example.com,Richard,Green,GEO0581,SMB,2025-03-07T00:40:16,2026-02-27T15:11:20,0
C006041,hughesnancy@example.net,Julie,Mason,GEO0220,Consumer,2024-08-08T22:02:31,2025-02-28T15:57:04,0
C006042,deleonkathleen@example.com,Melissa,Hobbs,GEO0163,Consumer,2024-05-29T14:09:20,2024-06-30T17:41:19,0
C006043,victorporter@example.org,Kevin,Grant,GEO0525,Mid-Market,2026-01-11T05:19:59,2026-01-12T17:33:27,0
C006044,reyesmiguel@example.net,Andrew,Jones,GEO0299,Mid-Market,2024-02-05T19:27:43,2025-10-04T04:20:49,0
C006045,vlambert@example.com,Renee,Williams,GEO0703,Consumer,2024-08-23T13:02:06,2024-09-07T18:47:41,0
C006046,richardrojas@example.com,Melissa,Nguyen,GEO0141,Consumer,2025-08-11T02:53:55,2026-01-09T03:49:45,0
C006047,bakerjessica@example.org,Rachel,Escobar,GEO0722,Consumer,2024-10-02T00:51:38,2025-01-27T05:53:46,0
C006048,julie94@example.org,Kaitlyn,Snyder,GEO0352,SMB,2025-10-01T22:07:50,2026-02-28T04:42:44,0
C006049,morenobruce@example.com,Melanie,Brown,GEO0498,Consumer,2025-10-20T16:33:28,2026-01-06T23:04:21,0
C006050,perezelizabeth@example.net,Robert,Wise,GEO0518,SMB,2025-08-28T19:09:51,2025-11-27T08:40:12,0
C006051,robertking@example.net,Stacey,Wallace,GEO0368,SMB,2025-12-25T01:09:25,2026-02-17T08:41:11,0
C006052,douglas16@example.net,Anna,Wagner,GEO0089,Mid-Market,2024-09-05T22:27:40,2025-10-13T13:57:17,0
C006053,edward07@example.com,Donna,Miller,GEO0373,Consumer,2024-03-05T01:21:04,2024-08-27T18:40:46,0
C006054,williamsamanda@example.com,Jeffrey,Ward,GEO0582,SMB,2025-12-16T04:52:17,2026-01-09T00:47:27,0
C006055,omoore@example.net,Kaitlin,Buchanan,GEO0066,SMB,2025-04-27T19:33:14,2025-11-10T14:29:32,0
C006056,gjenkins@example.net,Brandon,King,GEO0586,SMB,2024-01-12T00:32:44,2024-05-28T08:03:32,0
C006057,ulogan@example.org,Anthony,Snyder,GEO0798,Mid-Market,2024-08-16T11:05:45,2025-03-28T06:47:48,0
C006058,millermarie@example.com,Michael,Nixon,GEO0788,SMB,2024-12-29T18:11:03,2025-10-12T05:42:15,0
C006059,smithshane@example.com,Angela,White,GEO0782,SMB,2025-03-18T02:53:45,2025-10-02T20:10:01,0
C006060,terri57@example.com,Curtis,Garrett,GEO0147,Consumer,2025-04-01T18:51:20,2025-05-30T21:08:24,0
C006061,colson@example.com,Ronald,Anderson,GEO0446,Consumer,2025-02-14T21:35:58,2025-09-16T18:27:49,0
C006062,munozerik@example.org,Angela,Hall,GEO0372,Consumer,2024-03-30T17:17:00,2026-02-17T07:39:01,0
C006063,greenalex@example.net,Brittany,Hernandez,GEO0696,Consumer,2025-08-04T21:41:42,2025-12-04T12:57:30,0
C006064,eric25@example.net,Todd,Walker,GEO0026,SMB,2026-02-14T00:49:33,2026-02-27T07:56:51,0
C006065,dmckay@example.com,Kristen,Brown,GEO0322,Mid-Market,2024-08-11T19:41:22,2024-09-25T12:25:44,0
C006066,jacksonkaylee@example.com,Brittany,Stokes,GEO0734,SMB,2025-10-20T13:00:50,2026-01-15T11:01:33,0
C006067,hailey69@example.net,Melanie,Zhang,GEO0211,Mid-Market,2024-01-28T01:21:53,2024-03-17T21:38:03,0
C006068,davisemily@example.org,Matthew,Sullivan,GEO0564,Consumer,2024-08-11T13:40:39,2025-02-18T11:03:44,0
C006069,brucerobinson@example.org,Julia,Heath,GEO0444,Mid-Market,2025-08-27T01:22:23,2025-12-15T09:19:51,0
C006070,hernandeztravis@example.net,Benjamin,Jones,GEO0720,Mid-Market,2025-08-22T23:18:49,2025-09-08T04:16:13,0
C006071,kgolden@example.net,Brandon,Valdez,GEO0597,SMB,2024-03-08T01:23:00,2026-02-21T05:38:40,0
C006072,stephenperez@example.com,Sara,Montgomery,GEO0083,Mid-Market,2025-08-21T01:28:25,2025-09-13T18:07:48,0
C006073,stewartpeter@example.com,Karen,Graham,GEO0789,Consumer,2025-05-31T23:57:57,2025-11-05T19:56:34,0
C006074,khernandez@example.com,Nancy,Donaldson,GEO0720,SMB,2025-02-26T16:16:39,2025-03-05T07:08:53,0
C006075,vbradshaw@example.org,Paul,Hatfield,GEO0596,SMB,2024-04-05T14:17:36,2024-07-09T03:49:30,0
C006076,kimberlysanchez@example.com,William,Lopez,GEO0214,SMB,2025-03-25T11:01:44,2026-03-01T01:17:12,0
C006077,lisamontgomery@example.org,Mark,Hill,GEO0670,SMB,2025-05-20T20:55:12,2025-07-12T10:52:28,0
C006078,trujillovirginia@example.org,Paul,Adams,GEO0397,Mid-Market,2025-10-22T04:57:11,2026-01-12T01:45:34,0
C006079,dhansen@example.org,Lynn,Bullock,GEO0540,SMB,2025-07-26T01:58:12,2025-12-22T01:13:27,0
C006080,ipruitt@example.org,Cynthia,Roberts,GEO0657,Mid-Market,2024-10-25T13:28:54,2025-04-27T12:30:23,0
C006081,fischertina@example.net,Adam,Price,GEO0432,SMB,2024-07-27T02:56:20,2025-04-07T08:42:44,0
C006082,zachary39@example.org,Stephanie,Avila,GEO0050,Consumer,2024-10-18T19:59:08,2025-06-29T00:33:06,0
C006083,ryan35@example.net,Jennifer,Smith,GEO0566,SMB,2024-02-28T17:02:48,2026-03-01T00:13:31,0
C006084,yclay@example.com,Annette,Sweeney,GEO0230,Consumer,2024-04-01T03:00:15,2026-01-10T04:51:55,0
C006085,thomashanson@example.org,Justin,Mcdonald,GEO0619,Consumer,2025-05-29T07:16:58,2025-07-17T12:00:38,0
C006086,reidstacey@example.net,Angela,Sanchez,GEO0552,Consumer,2025-09-21T18:29:22,2026-01-24T22:33:34,0
C006087,terry27@example.net,Alyssa,Johnson,GEO0697,Consumer,2024-12-28T12:25:05,2025-10-12T00:31:56,0
C006088,xcoleman@example.org,Whitney,Smith,GEO0531,SMB,2024-09-23T08:57:38,2024-11-11T08:14:50,0
C006089,florescrystal@example.org,Penny,Wilson,GEO0065,Mid-Market,2024-10-22T21:45:57,2026-01-19T12:45:04,0
C006090,ruth54@example.com,Jason,Weaver,GEO0690,Consumer,2025-10-24T04:44:10,2026-02-20T22:53:56,0
C006091,weaverhector@example.com,Andrew,Moore,GEO0766,SMB,2024-05-15T03:01:21,2025-02-14T20:50:54,0
C006092,walterbowers@example.com,Frank,Edwards,GEO0383,Consumer,2024-02-08T23:24:01,2024-08-10T16:41:19,0
C006093,alexandersteele@example.net,Michael,Flores,GEO0774,SMB,2025-02-26T23:21:37,2025-05-09T02:45:33,0
C006094,rachel13@example.com,Eric,Mcdonald,GEO0153,SMB,2024-11-20T17:32:51,2025-06-13T08:55:39,0
C006095,owenangela@example.com,Emily,Baird,GEO0248,Consumer,2024-08-10T21:37:28,2025-05-18T11:12:56,0
C006096,alexander51@example.org,Tonya,Dean,GEO0603,Mid-Market,2024-03-05T01:11:14,2025-09-10T09:35:28,0
C006097,wileycynthia@example.org,William,Howard,GEO0647,Mid-Market,2024-03-27T09:19:16,2024-11-11T23:45:54,0
C006098,underwoodcurtis@example.org,Tammy,Mayer,GEO0312,Mid-Market,2025-11-16T14:57:14,2026-01-03T20:41:02,0
C006099,vasquezcrystal@example.org,Tiffany,Moss,GEO0683,Mid-Market,2024-03-04T10:28:21,2024-10-18T23:29:38,0
C006100,carlos69@example.net,Robin,Lewis,GEO0699,SMB,2025-03-29T06:06:33,2025-07-18T20:16:11,0
C006101,thomasgraves@example.org,Kristen,Reyes,GEO0601,Consumer,2025-08-09T00:10:18,2026-01-07T05:41:31,0
C006102,shane87@example.net,James,Bradley,GEO0164,Consumer,2024-12-16T06:18:25,2025-12-21T21:05:20,0
C006103,emilythompson@example.org,Carrie,Bennett,GEO0695,Consumer,2024-06-12T13:31:25,2024-06-16T16:59:38,0
C006104,richardsonjames@example.org,Scott,Hernandez,GEO0412,Consumer,2024-02-15T00:24:57,2025-04-27T10:32:56,0
C006105,harrisjamie@example.com,Christina,Taylor,GEO0211,Mid-Market,2025-04-01T21:10:45,2025-09-06T04:47:23,0
C006106,amanda19@example.org,Patricia,Price,GEO0762,SMB,2025-03-07T17:08:48,2025-12-27T06:35:52,0
C006107,molly64@example.org,Tammy,Bell,GEO0449,Mid-Market,2024-09-13T20:58:02,2025-07-17T23:18:40,0
C006108,christophertorres@example.net,Tanya,Steele,GEO0614,Mid-Market,2024-01-19T07:56:36,2025-08-04T12:12:33,0
C006109,nathan68@example.org,Micheal,Webster,GEO0176,Mid-Market,2024-07-22T08:24:24,2024-08-14T16:07:16,0
C006110,victoria46@example.net,Jesse,Delgado,GEO0475,Mid-Market,2025-09-13T12:02:08,2026-02-14T22:25:50,0
C006111,fergusonchristina@example.net,Timothy,Jenkins,GEO0261,Consumer,2024-08-18T21:35:45,2025-04-03T02:22:42,0
C006112,johnnunez@example.org,David,Smith,GEO0165,Consumer,2024-07-25T15:01:29,2024-11-08T19:02:50,0
C006113,lisaclark@example.org,Heather,Warren,GEO0024,Mid-Market,2025-12-23T22:31:33,2026-02-15T00:04:22,0
C006114,dalehudson@example.org,Kayla,Nguyen,GEO0072,Mid-Market,2025-06-11T20:51:14,2025-10-11T08:51:20,0
C006115,tylergreen@example.org,Kimberly,Sanchez,GEO0733,Mid-Market,2024-07-02T16:09:38,2025-03-16T11:17:48,0
C006116,bhickman@example.net,Kevin,Williams,GEO0517,Consumer,2025-06-04T06:49:31,2026-02-25T03:19:41,0
C006117,ypearson@example.org,Joanna,Marshall,GEO0646,Mid-Market,2026-02-09T09:09:56,2026-02-20T00:29:51,0
C006118,mgross@example.com,Stephanie,Harris,GEO0259,Consumer,2024-11-11T16:54:08,2024-12-04T06:38:22,0
C006119,kellytasha@example.com,James,Brown,GEO0070,Consumer,2025-11-20T20:45:51,2025-11-27T14:32:27,0
C006120,jamesandrade@example.org,Anne,Johnson,GEO0474,SMB,2025-04-02T10:00:02,2025-09-13T06:47:20,0
C006121,kennethporter@example.net,Grace,Cox,GEO0122,Mid-Market,2025-10-14T12:45:03,2025-12-09T12:54:28,0
C006122,ataylor@example.net,William,Garrett,GEO0160,SMB,2024-08-10T02:17:11,2025-04-26T15:17:05,0
C006123,zfranco@example.com,Alison,Galloway,GEO0589,Consumer,2026-02-21T13:47:14,2026-02-23T19:20:27,0
C006124,williamsantos@example.com,Amy,Berry,GEO0330,Consumer,2025-12-26T20:17:32,2026-01-15T22:16:41,0
C006125,smithkimberly@example.com,Melissa,Gordon,GEO0294,SMB,2025-03-02T17:21:04,2025-10-15T16:10:44,0
C006126,hutchinsonerik@example.net,Brandon,Acosta,GEO0531,SMB,2025-11-28T23:31:30,2025-12-23T01:48:24,0
C006127,mikestephens@example.com,Nicholas,Gordon,GEO0766,SMB,2024-09-23T00:05:31,2025-06-11T02:38:24,0
C006128,hendersonkimberly@example.net,Shannon,Anderson,GEO0470,Mid-Market,2024-01-27T01:03:52,2026-02-10T18:09:20,0
C006129,craig99@example.com,Victoria,Ramos,GEO0008,Mid-Market,2025-11-23T06:57:54,2026-02-17T10:59:38,0
C006130,davidgrant@example.net,Jason,Hansen,GEO0446,Consumer,2025-03-12T14:33:15,2026-01-26T17:30:30,0
C006131,williamsonrobin@example.com,Nicole,Green,GEO0599,SMB,2025-01-26T08:00:08,2025-05-20T09:30:48,0
C006132,cpierce@example.com,Phyllis,Ferguson,GEO0066,SMB,2024-10-16T03:56:12,2025-06-04T08:42:56,0
C006133,jonathanmccullough@example.com,Amber,Hardin,GEO0074,Mid-Market,2024-05-10T20:50:10,2025-07-12T11:51:52,0
C006134,omoon@example.org,Paul,White,GEO0497,SMB,2026-03-01T10:11:36,2026-03-01T21:24:30,0
C006135,chadforbes@example.net,Anthony,Warner,GEO0221,Consumer,2025-02-01T14:23:48,2025-06-09T10:43:52,0
C006136,uevans@example.net,Catherine,Lane,GEO0233,Consumer,2024-01-15T09:37:40,2025-06-20T18:15:38,0
C006137,jeffrey08@example.com,Jenny,Smith,GEO0359,Mid-Market,2025-01-04T11:21:15,2025-07-27T21:19:40,0
C006138,seanthompson@example.net,Kimberly,Mccarthy,GEO0794,Consumer,2024-06-22T21:03:54,2026-02-04T08:28:02,0
C006139,scottmartinez@example.net,Natalie,Fox,GEO0115,SMB,2024-09-20T15:55:25,2025-09-21T16:56:45,0
C006140,fjohnson@example.com,Kristin,Flores,GEO0132,Mid-Market,2024-07-24T21:49:45,2024-08-04T02:35:46,0
C006141,youngjessica@example.org,Jennifer,Campbell,GEO0301,SMB,2025-04-24T22:55:38,2025-07-17T14:03:17,0
C006142,teresawilson@example.com,Elizabeth,Hughes,GEO0471,Mid-Market,2024-09-02T17:21:57,2025-01-30T16:28:04,0
C006143,josephwheeler@example.com,Tammy,King,GEO0263,Mid-Market,2024-12-27T16:14:17,2025-11-25T20:49:17,0
C006144,marycrawford@example.net,Erik,Perez,GEO0788,Consumer,2024-01-26T18:39:44,2025-12-04T14:57:45,0
C006145,bellmichelle@example.com,Ricky,Taylor,GEO0687,SMB,2025-07-16T09:17:55,2026-02-17T05:51:17,0
C006146,mallory78@example.com,Jennifer,Morales,GEO0741,Mid-Market,2024-06-08T08:52:56,2025-12-08T00:19:44,0
C006147,gallaghermartin@example.com,Kelly,Waller,GEO0375,Mid-Market,2025-06-11T12:44:46,2025-07-04T17:45:28,0
C006148,darrylmendez@example.com,William,Stewart,GEO0563,SMB,2024-07-23T21:11:31,2025-01-08T09:28:51,0
C006149,icooper@example.com,Rebecca,Beck,GEO0446,Consumer,2024-04-16T11:28:35,2025-07-27T06:30:50,0
C006150,edward58@example.com,Richard,Thompson,GEO0483,Consumer,2025-07-03T10:56:26,2025-08-03T12:10:04,0
C006151,ashleybrown@example.com,Fernando,Mcgrath,GEO0636,Consumer,2025-05-15T12:59:30,2025-06-27T07:47:33,0
C006152,rkennedy@example.org,Ryan,Johnson,GEO0701,Consumer,2025-05-22T02:18:01,2025-09-09T02:36:44,0
C006153,veronica41@example.org,Zachary,Gonzales,GEO0394,SMB,2024-04-30T13:26:55,2024-08-31T13:10:19,0
C006154,angelalambert@example.net,Jeffery,Young,GEO0241,Mid-Market,2025-11-21T12:39:46,2026-01-29T16:46:36,0
C006155,lindaflowers@example.net,Karen,Warren,GEO0639,SMB,2026-01-19T15:56:59,2026-02-13T05:59:47,0
C006156,ericlucas@example.com,Rodney,Mason,GEO0272,Consumer,2025-05-29T05:19:29,2025-08-29T04:16:31,0
C006157,alopez@example.com,Tonya,Brown,GEO0001,Mid-Market,2025-10-29T13:28:02,2026-01-24T14:06:25,0
C006158,richard74@example.net,Angela,Hansen,GEO0106,Consumer,2025-03-29T20:17:33,2026-01-15T11:29:39,0
C006159,james14@example.net,Eugene,Thomas,GEO0774,SMB,2024-12-07T17:23:44,2025-03-05T06:20:09,0
C006160,courtneysmith@example.com,Anthony,Blair,GEO0533,Consumer,2025-05-29T00:50:39,2025-09-02T09:48:04,0
C006161,lynngutierrez@example.com,Melissa,Fields,GEO0245,Consumer,2025-03-28T08:21:17,2025-06-01T09:30:53,0
C006162,richardsryan@example.com,Cassidy,Johnson,GEO0433,Consumer,2026-02-13T02:22:56,2026-02-23T16:11:54,0
C006163,smithcarla@example.com,Philip,Davenport,GEO0173,Mid-Market,2024-03-08T03:52:36,2025-02-12T02:28:05,0
C006164,kyle43@example.org,Brian,Wells,GEO0401,Consumer,2025-09-10T14:52:01,2025-12-30T14:30:41,0
C006165,melissa27@example.net,Kenneth,Malone,GEO0301,Mid-Market,2025-11-14T06:52:55,2025-11-28T06:06:50,0
C006166,lindasmith@example.net,Leroy,Nicholson,GEO0591,SMB,2025-02-04T10:15:35,2025-05-15T06:25:56,0
C006167,matthewleonard@example.net,William,Orozco,GEO0504,SMB,2024-06-14T10:00:54,2025-01-28T11:15:15,0
C006168,brianayala@example.org,Eric,Jenkins,GEO0528,Mid-Market,2026-01-25T23:11:52,2026-01-30T01:06:10,0
C006169,xbrooks@example.com,Ashley,Rodriguez,GEO0100,Mid-Market,2024-11-03T12:28:20,2025-12-01T19:04:18,0
C006170,ibrown@example.net,Elizabeth,Potter,GEO0727,Mid-Market,2025-08-25T19:22:54,2026-01-18T14:30:02,0
C006171,linlisa@example.org,Jason,Durham,GEO0125,Mid-Market,2024-04-07T15:00:23,2025-06-19T17:42:46,0
C006172,fowlermichael@example.org,Richard,Thompson,GEO0175,Mid-Market,2025-01-13T06:11:02,2025-02-16T08:51:59,0
C006173,ymcknight@example.com,John,Collier,GEO0353,SMB,2024-12-03T11:24:51,2026-02-18T06:50:25,0
C006174,kathryn65@example.org,Samantha,Nunez,GEO0235,Mid-Market,2025-04-27T16:32:43,2025-08-22T13:32:27,0
C006175,bruce53@example.com,Victor,Henry,GEO0028,Mid-Market,2025-03-05T09:42:19,2025-08-10T18:32:56,0
C006176,christopher60@example.org,William,Haynes,GEO0062,Mid-Market,2024-02-01T12:59:12,2024-06-15T13:55:28,0
C006177,james88@example.net,Vernon,Howard,GEO0015,Mid-Market,2024-07-16T04:40:01,2025-08-06T22:50:01,0
C006178,kleblanc@example.net,Jacob,Green,GEO0212,Mid-Market,2024-05-23T09:09:39,2026-02-06T04:48:04,0
C006179,nuneznicole@example.org,Suzanne,Brandt,GEO0129,Consumer,2025-09-20T08:28:16,2025-11-13T20:48:50,0
C006180,kathrynwilliams@example.org,Reginald,Pugh,GEO0008,Consumer,2024-12-15T13:38:42,2025-08-19T17:57:10,0
C006181,andrewhopkins@example.net,Tammy,Anderson,GEO0388,Mid-Market,2025-08-12T23:13:32,2025-12-12T04:55:07,0
C006182,rellis@example.com,Dawn,Mitchell,GEO0203,Consumer,2024-05-21T06:32:09,2026-01-17T19:32:12,0
C006183,kimberlyhester@example.net,Jacqueline,Reed,GEO0438,Mid-Market,2026-02-13T01:06:23,2026-02-13T21:49:43,1
C006184,ffox@example.net,Dawn,Campbell,GEO0373,Mid-Market,2025-01-11T11:19:31,2025-08-17T02:27:35,0
C006185,phillipsmelissa@example.com,Sherry,Anderson,GEO0617,Mid-Market,2024-03-03T20:24:32,2024-04-07T07:02:19,0
C006186,nball@example.com,Edward,Parrish,GEO0549,Consumer,2024-02-01T10:43:44,2024-11-03T13:33:01,0
C006187,dorisphillips@example.net,Laura,Ortiz,GEO0494,Consumer,2025-12-18T03:52:55,2026-01-22T06:58:15,0
C006188,johnsoncandace@example.com,Angelica,Carter,GEO0717,SMB,2024-01-01T15:16:12,2024-07-09T03:47:56,0
C006189,christinamartin@example.net,John,Gray,GEO0292,SMB,2024-05-02T08:36:21,2026-01-26T20:47:41,0
C006190,david28@example.org,Rodney,Hunter,GEO0323,Consumer,2025-09-30T18:05:48,2026-01-29T19:47:06,0
C006191,dmontes@example.org,Justin,Vargas,GEO0740,Mid-Market,2025-01-23T21:03:38,2025-02-26T07:24:18,0
C006192,petersonmichael@example.net,Ashley,Davis,GEO0191,Mid-Market,2025-05-16T13:20:44,2025-07-20T00:58:53,0
C006193,jeremy56@example.com,Susan,Curtis,GEO0486,Mid-Market,2025-01-12T09:34:40,2025-04-26T12:01:57,0
C006194,justinellison@example.com,Brian,Booth,GEO0615,Consumer,2024-01-28T13:52:33,2024-02-10T03:48:05,0
C006195,palmerandrew@example.net,Jay,Case,GEO0141,Consumer,2025-11-08T23:26:01,2026-01-26T12:18:13,0
C006196,brittanybishop@example.com,John,Fitzpatrick,GEO0650,SMB,2024-11-02T20:54:12,2025-10-03T08:57:38,0
C006197,melody90@example.net,Thomas,Shea,GEO0625,Consumer,2024-07-31T01:00:54,2025-09-27T01:07:23,0
C006198,moorefrank@example.net,Craig,Jones,GEO0510,Consumer,2024-12-08T20:50:01,2025-06-09T07:11:50,0
C006199,jparker@example.org,Teresa,Dixon,GEO0584,SMB,2024-12-18T23:11:59,2025-05-24T21:35:34,0
C006200,jonathan78@example.net,Brandy,Saunders,GEO0602,Mid-Market,2025-07-29T22:52:34,2025-08-02T09:38:31,0
C006201,dwilliams@example.com,Melissa,Wallace,GEO0319,SMB,2024-09-28T08:35:56,2025-09-01T10:22:06,0
C006202,stacey06@example.org,Paul,Robinson,GEO0318,Mid-Market,2025-02-18T23:13:10,2026-02-20T09:02:53,0
C006203,qsullivan@example.net,Diane,Hines,GEO0031,Mid-Market,2026-02-22T14:48:50,2026-02-26T03:05:58,0
C006204,davidcook@example.org,Aaron,Mack,GEO0742,Consumer,2025-08-02T11:12:36,2025-08-27T20:00:15,0
C006205,scotttravis@example.com,William,Lutz,GEO0377,Mid-Market,2025-10-21T02:44:25,2026-01-31T15:28:43,0
C006206,scottmiddleton@example.com,Troy,Murphy,GEO0392,Mid-Market,2025-10-01T11:09:04,2026-02-07T10:43:32,0
C006207,christinehowell@example.org,Paul,Trujillo,GEO0325,Mid-Market,2025-01-22T22:02:16,2026-01-12T06:38:16,0
C006208,michael41@example.net,Lindsay,Gardner,GEO0430,Consumer,2025-08-27T01:50:32,2026-02-16T21:33:37,0
C006209,tinarocha@example.com,Teresa,Zamora,GEO0093,Mid-Market,2024-11-30T20:20:30,2025-08-20T06:38:45,0
C006210,alisonross@example.org,Julia,Smith,GEO0195,Consumer,2025-07-11T06:30:01,2025-09-03T14:30:13,0
C006211,wpratt@example.org,Leslie,Cummings,GEO0222,Consumer,2024-03-25T01:23:35,2025-10-14T13:36:41,0
C006212,gabriel47@example.net,Marie,Mcknight,GEO0311,Mid-Market,2024-11-09T11:13:44,2024-12-10T14:16:33,0
C006213,wardmartin@example.org,James,Harris,GEO0757,Consumer,2025-07-18T06:16:01,2026-01-19T18:22:44,0
C006214,xandrews@example.org,Charles,Ortega,GEO0004,SMB,2024-04-30T00:20:03,2024-07-12T17:06:15,0
C006215,lisa56@example.org,Christina,Henderson,GEO0600,SMB,2025-12-27T02:31:56,2025-12-31T00:02:17,0
C006216,villarrealnoah@example.net,Brent,Rodriguez,GEO0765,SMB,2025-01-01T23:42:06,2026-01-06T23:08:43,0
C006217,phamkristi@example.org,Victor,Coleman,GEO0080,SMB,2025-11-12T16:59:06,2025-11-13T23:37:18,0
C006218,pamela87@example.org,Kayla,Bell,GEO0767,Consumer,2024-11-29T10:20:56,2025-04-05T22:36:24,0
C006219,sheriperez@example.net,Brian,Banks,GEO0367,SMB,2024-11-26T13:05:17,2025-04-12T03:59:09,0
C006220,nlee@example.net,Aaron,Mccullough,GEO0774,Mid-Market,2026-01-03T23:36:34,2026-01-31T01:04:58,0
C006221,ydavenport@example.net,Jared,Cross,GEO0164,Mid-Market,2024-02-29T06:42:08,2024-07-02T10:09:37,0
C006222,rschultz@example.org,Jenna,Schaefer,GEO0253,SMB,2024-04-20T13:07:07,2024-07-27T09:32:14,0
C006223,ymitchell@example.com,Kim,White,GEO0187,Mid-Market,2024-09-13T01:38:25,2025-08-30T04:59:43,0
C006224,fstewart@example.org,Julie,Bailey,GEO0775,Consumer,2024-03-19T03:24:52,2025-05-15T22:36:19,0
C006225,katherine38@example.com,Dennis,Douglas,GEO0558,Mid-Market,2024-03-31T20:03:00,2024-06-17T02:10:45,0
C006226,mnguyen@example.org,Jessica,Collins,GEO0452,Mid-Market,2024-08-12T00:07:26,2025-11-20T18:52:24,0
C006227,john94@example.org,Brittney,Cunningham,GEO0346,Mid-Market,2025-01-12T12:41:29,2025-05-17T05:14:35,0
C006228,leslie96@example.org,Cynthia,Caldwell,GEO0230,Consumer,2025-10-24T12:32:19,2025-11-18T09:15:19,0
C006229,adam92@example.com,Sean,Ortega,GEO0078,Consumer,2025-02-06T05:51:32,2025-02-17T23:31:16,0
C006230,shannon36@example.net,Mark,Holland,GEO0771,Mid-Market,2025-09-09T01:20:12,2026-01-18T21:55:46,0
C006231,floresdaniel@example.net,Eric,Davis,GEO0451,Consumer,2025-10-18T10:46:39,2026-01-20T00:39:48,0
C006232,tylersharon@example.org,Denise,Hamilton,GEO0773,SMB,2026-01-16T05:33:41,2026-01-20T13:34:14,0
C006233,wendywoods@example.net,Daniel,Ramirez,GEO0634,SMB,2024-06-05T14:31:11,2024-08-31T00:44:32,0
C006234,robert19@example.com,Linda,Chandler,GEO0449,SMB,2024-07-08T09:59:07,2024-08-28T11:37:05,0
C006235,fhogan@example.net,Mason,Moran,GEO0777,Mid-Market,2024-12-24T14:57:55,2025-10-13T16:47:53,0
C006236,josephsmith@example.org,Aaron,Lopez,GEO0597,SMB,2024-03-27T10:21:05,2025-10-13T09:37:22,0
C006237,matthew64@example.com,Mitchell,Richard,GEO0112,Consumer,2025-01-11T19:27:16,2025-05-17T20:20:08,0
C006238,dcox@example.org,Jessica,Matthews,GEO0674,SMB,2024-04-08T06:08:35,2025-02-14T04:16:49,0
C006239,tcastillo@example.org,Kathy,Morgan,GEO0169,Mid-Market,2025-05-06T21:10:36,2026-02-03T01:42:10,0
C006240,nstone@example.org,Laura,Pham,GEO0696,Mid-Market,2024-06-07T02:41:59,2025-09-19T05:24:20,0
C006241,johnbrown@example.com,Patricia,Simmons,GEO0177,Mid-Market,2024-04-18T20:15:46,2025-01-12T04:02:19,0
C006242,davidwarner@example.net,Andrew,Barnes,GEO0161,SMB,2024-12-09T16:48:07,2025-04-13T03:18:23,0
C006243,monroestephanie@example.com,Jeffrey,Monroe,GEO0627,SMB,2026-02-19T04:46:23,2026-02-22T01:13:03,0
C006244,yrobinson@example.org,Marc,Parsons,GEO0220,SMB,2024-05-21T02:14:01,2024-06-05T03:07:13,0
C006245,frederick90@example.com,Jenna,Jones,GEO0100,SMB,2024-10-15T09:53:19,2025-01-17T02:18:15,0
C006246,mhernandez@example.org,Sarah,Pratt,GEO0119,SMB,2025-10-19T16:43:55,2025-10-26T11:21:42,0
C006247,drodriguez@example.com,Daniel,Kirby,GEO0011,Consumer,2025-09-23T23:08:57,2026-01-23T15:01:42,0
C006248,zsanders@example.net,Brian,Hamilton,GEO0624,Consumer,2025-03-13T23:19:36,2025-11-06T12:39:59,0
C006249,kbrown@example.org,Joseph,Wilson,GEO0398,Mid-Market,2025-04-29T18:47:33,2025-12-15T22:11:22,0
C006250,bramos@example.net,James,Wheeler,GEO0336,Mid-Market,2025-11-18T13:41:49,2025-12-27T02:04:13,0
C006251,robert09@example.net,Paul,Williams,GEO0142,SMB,2024-01-16T22:27:50,2024-11-07T19:39:24,0
C006252,anelson@example.org,Michelle,Hernandez,GEO0007,Mid-Market,2024-06-20T14:45:25,2024-12-31T06:36:26,0
C006253,andrewcaldwell@example.com,Amber,Collins,GEO0032,Consumer,2024-01-27T14:07:58,2024-05-14T19:55:18,0
C006254,kchavez@example.net,William,Wagner,GEO0262,Consumer,2024-11-17T21:49:22,2025-10-08T05:08:02,0
C006255,kimberly75@example.net,Richard,Schmidt,GEO0700,Consumer,2024-03-08T15:52:51,2024-03-16T23:18:09,0
C006256,bmedina@example.org,Sergio,King,GEO0733,SMB,2025-12-17T18:46:14,2026-01-16T20:45:58,0
C006257,sheilayoung@example.org,Ashley,Alexander,GEO0576,Mid-Market,2024-08-03T02:51:19,2025-03-28T06:07:26,0
C006258,jonathan59@example.com,Allen,Burnett,GEO0124,SMB,2024-03-17T12:47:55,2025-12-13T21:30:19,0
C006259,melissapham@example.org,Patrick,Hodge,GEO0776,SMB,2024-11-10T18:31:02,2025-07-17T03:07:38,0
C006260,jonesmark@example.com,Kathy,Boyd,GEO0694,Mid-Market,2026-01-04T10:57:04,2026-02-23T03:07:23,0
C006261,hillamanda@example.net,Ian,Carter,GEO0261,SMB,2025-07-12T04:15:37,2025-07-27T06:31:07,0
C006262,mparker@example.net,Maria,Flynn,GEO0503,SMB,2025-10-24T16:25:00,2025-12-09T12:19:08,0
C006263,davidsonshannon@example.com,Laura,Brown,GEO0273,Consumer,2025-02-16T23:53:19,2025-08-08T16:34:46,0
C006264,elizabeth23@example.net,Daniel,Escobar,GEO0374,SMB,2025-12-29T23:37:54,2026-01-11T14:04:51,0
C006265,efowler@example.net,Christopher,Walker,GEO0072,Mid-Market,2025-04-17T17:31:22,2025-04-30T16:42:01,0
C006266,diazwilliam@example.org,Jenna,James,GEO0460,Mid-Market,2025-10-23T14:40:04,2025-11-09T15:33:16,0
C006267,johnsonraven@example.net,Brandon,Reynolds,GEO0150,SMB,2024-11-10T01:03:09,2025-11-20T15:52:16,0
C006268,juan40@example.com,Faith,Payne,GEO0721,Mid-Market,2025-06-05T08:10:17,2025-11-09T07:28:38,0
C006269,corey39@example.com,Rebecca,Simpson,GEO0656,SMB,2024-07-28T12:27:03,2025-05-17T09:34:48,0
C006270,keyjacqueline@example.org,Cindy,Jennings,GEO0536,SMB,2026-01-22T03:07:34,2026-02-24T02:26:04,0
C006271,iclarke@example.net,Brian,Hanson,GEO0659,Mid-Market,2024-06-21T15:45:28,2025-02-01T09:52:28,0
C006272,dbernard@example.net,Roberto,Weeks,GEO0440,Mid-Market,2024-10-22T13:28:33,2025-11-05T09:23:44,0
C006273,staffordmarissa@example.com,Michelle,Patterson,GEO0603,Consumer,2025-04-18T22:15:41,2025-06-09T20:33:53,0
C006274,ypitts@example.org,Curtis,Malone,GEO0332,Consumer,2025-06-16T10:26:31,2025-11-30T09:07:52,0
C006275,maryramirez@example.org,Robert,Grimes,GEO0133,SMB,2024-12-09T20:49:55,2025-10-29T11:21:42,0
C006276,hawkinsanthony@example.net,April,Irwin,GEO0689,SMB,2025-09-03T20:51:01,2025-12-29T19:50:46,0
C006277,joshuagregory@example.com,Cindy,Castillo,GEO0089,SMB,2025-05-02T20:03:53,2025-10-07T20:40:23,0
C006278,jacqueline24@example.org,Arthur,Brown,GEO0206,Consumer,2024-08-03T00:04:31,2025-02-19T03:49:59,0
C006279,diazjulie@example.net,Michelle,Davis,GEO0160,Consumer,2024-04-16T15:11:22,2025-12-08T05:06:40,0
C006280,bridget96@example.org,Kerri,Parks,GEO0311,Mid-Market,2025-08-11T17:22:24,2025-12-03T22:08:16,0
C006281,cynthia76@example.com,Deanna,Garcia,GEO0050,SMB,2025-01-10T10:50:41,2025-11-26T05:20:54,0
C006282,brittany58@example.org,Howard,Cox,GEO0207,SMB,2024-04-17T15:18:40,2025-10-13T11:27:20,0
C006283,millerderek@example.com,Jesse,Baker,GEO0418,SMB,2025-10-27T09:58:09,2026-02-01T23:17:13,0
C006284,tonyaramos@example.com,Heidi,Wells,GEO0166,Consumer,2024-11-11T16:47:08,2025-12-16T04:01:11,0
C006285,barbara26@example.net,Gerald,Jensen,GEO0729,SMB,2024-02-22T02:00:26,2024-12-17T18:25:02,0
C006286,judith43@example.net,Joshua,Medina,GEO0561,SMB,2024-06-14T10:10:45,2024-08-16T21:06:46,0
C006287,christophermills@example.org,David,Edwards,GEO0797,SMB,2025-06-09T13:03:39,2026-01-05T14:14:28,0
C006288,thomas94@example.org,Emily,Wood,GEO0105,Consumer,2025-01-17T01:36:15,2025-04-09T03:47:36,0
C006289,clarkamy@example.com,Toni,Shaffer,GEO0278,Mid-Market,2025-02-03T19:12:50,2025-05-05T01:23:46,0
C006290,ericmcconnell@example.com,Michael,Gordon,GEO0179,Mid-Market,2025-03-08T11:02:25,2025-12-23T12:58:40,0
C006291,chelseaallen@example.com,Luis,Jackson,GEO0006,Mid-Market,2025-11-20T10:58:34,2026-01-25T08:17:42,0
C006292,edward32@example.com,Jimmy,Hale,GEO0693,Consumer,2024-05-09T12:16:37,2025-02-03T02:06:57,0
C006293,rodgersashley@example.net,Timothy,Johnston,GEO0034,Consumer,2024-01-28T21:10:02,2025-07-31T18:24:31,0
C006294,bnguyen@example.org,Andrea,Henry,GEO0536,Consumer,2026-02-03T09:03:50,2026-02-16T04:15:11,0
C006295,nathanielsmith@example.net,Jonathon,Vazquez,GEO0634,Consumer,2025-01-06T22:53:29,2025-06-16T03:38:24,0
C006296,jennifer04@example.net,George,Stafford,GEO0243,Consumer,2025-08-27T18:26:01,2025-11-21T16:27:22,0
C006297,alvarezerika@example.org,April,Lopez,GEO0073,SMB,2024-03-23T21:50:13,2024-12-24T05:11:02,0
C006298,adrienne29@example.org,Michelle,Curry,GEO0769,SMB,2024-02-17T06:05:50,2026-01-18T01:59:29,0
C006299,mirandanancy@example.org,Crystal,Ward,GEO0422,Consumer,2024-06-21T04:35:29,2025-03-07T19:59:38,0
C006300,yramsey@example.org,Alexandra,Richardson,GEO0398,Mid-Market,2024-12-06T18:12:46,2025-06-28T15:59:18,0
C006301,margarettaylor@example.org,Katelyn,Giles,GEO0468,Mid-Market,2025-07-07T12:02:05,2025-11-08T12:56:44,0
C006302,stantonvictoria@example.com,Melinda,Brown,GEO0387,Mid-Market,2025-04-27T16:28:13,2026-01-09T16:03:07,0
C006303,james27@example.net,Andrew,Rowe,GEO0437,Consumer,2024-03-06T01:41:22,2024-08-29T21:59:37,0
C006304,katie47@example.com,Sara,Sherman,GEO0698,Mid-Market,2024-07-31T07:23:59,2025-01-15T04:13:29,0
C006305,flewis@example.org,Joel,Gonzales,GEO0001,Consumer,2024-12-09T08:18:50,2025-09-03T00:25:41,0
C006306,bsmith@example.net,Tasha,Cook,GEO0270,Consumer,2025-10-06T08:17:35,2026-01-16T17:16:26,0
C006307,amberaguilar@example.net,Wendy,Yates,GEO0706,Consumer,2024-10-12T22:10:26,2024-12-04T12:46:47,0
C006308,dianafrank@example.net,Misty,Myers,GEO0041,Mid-Market,2024-11-28T09:08:29,2025-09-23T07:12:42,0
C006309,shawn53@example.net,Tommy,Malone,GEO0187,SMB,2025-08-07T01:08:07,2025-10-22T21:24:04,0
C006310,lindsay51@example.org,Connie,Mcintosh,GEO0698,Mid-Market,2025-01-29T23:48:02,2025-07-07T15:42:24,0
C006311,sheilahernandez@example.net,Tami,Douglas,GEO0725,Consumer,2024-02-21T19:54:27,2025-12-29T20:41:23,0
C006312,kelsey44@example.org,Brianna,Mcdaniel,GEO0718,Consumer,2024-10-27T18:47:02,2025-11-18T08:12:31,0
C006313,hmartinez@example.org,Seth,Hansen,GEO0279,Consumer,2024-02-03T19:42:26,2025-05-17T01:21:00,0
C006314,uwilliams@example.com,Ashley,Salinas,GEO0789,SMB,2024-11-25T05:15:28,2026-01-17T05:48:17,0
C006315,cassiebaker@example.org,Benjamin,Cruz,GEO0485,SMB,2025-11-14T10:51:25,2025-11-15T09:34:48,0
C006316,aprilhernandez@example.org,Chad,Thomas,GEO0692,Consumer,2024-12-31T02:37:37,2025-01-16T12:20:48,0
C006317,ssmith@example.org,Todd,Brooks,GEO0071,Consumer,2026-01-19T05:55:11,2026-02-13T15:38:04,0
C006318,gnorton@example.org,John,Curtis,GEO0368,Consumer,2024-04-28T15:32:21,2024-08-22T05:22:38,0
C006319,wardcarmen@example.net,Stephanie,Campos,GEO0421,Mid-Market,2024-06-24T14:11:50,2026-02-09T02:25:38,0
C006320,lesliejohnson@example.net,Patrick,Evans,GEO0702,Consumer,2024-05-22T04:56:54,2026-02-02T04:59:22,0
C006321,jasonjackson@example.net,Amy,Aguilar,GEO0646,SMB,2025-07-13T02:35:28,2025-10-05T15:59:24,0
C006322,byrdsherry@example.net,Kathleen,Stone,GEO0791,SMB,2025-05-16T11:43:31,2025-08-06T05:42:16,0
C006323,hfarmer@example.org,Christopher,Huang,GEO0382,Mid-Market,2025-01-07T16:55:56,2025-05-07T13:27:00,0
C006324,mgarcia@example.net,Greg,Benjamin,GEO0517,Mid-Market,2025-08-22T06:15:42,2025-11-02T01:32:12,0
C006325,xjohnson@example.com,William,Romero,GEO0798,SMB,2024-07-18T16:13:25,2024-11-10T11:53:40,0
C006326,tina84@example.com,Kimberly,Nelson,GEO0447,SMB,2024-07-05T13:33:25,2025-07-31T20:33:01,0
C006327,htaylor@example.org,Glenn,Trevino,GEO0307,SMB,2024-01-23T18:23:26,2024-12-31T07:03:01,0
C006328,achaney@example.org,Michelle,Harrington,GEO0114,Consumer,2024-07-09T15:23:00,2025-01-31T22:26:42,0
C006329,kimberlyjones@example.net,Charles,Nielsen,GEO0218,SMB,2024-01-17T15:55:00,2025-10-11T04:35:02,0
C006330,owenjesse@example.com,Holly,Williams,GEO0019,SMB,2024-08-15T02:16:09,2024-12-07T06:51:30,0
C006331,fhudson@example.com,Susan,Bennett,GEO0546,Consumer,2025-04-05T15:52:36,2025-07-30T18:11:40,0
C006332,gregory81@example.net,Katherine,Johnson,GEO0552,SMB,2025-12-02T23:45:32,2026-02-19T08:55:36,0
C006333,kramirez@example.net,Christopher,Mckay,GEO0420,Consumer,2024-09-23T15:52:26,2025-01-29T19:15:46,0
C006334,danielmoore@example.com,Michael,Holt,GEO0019,Consumer,2026-02-18T12:46:36,2026-02-26T06:09:48,0
C006335,paul30@example.org,Gina,Rodriguez,GEO0069,Mid-Market,2024-01-31T15:11:51,2025-07-11T02:50:39,0
C006336,burnsdaniel@example.org,Kyle,Warner,GEO0278,Mid-Market,2024-12-19T16:06:40,2025-11-25T13:58:04,0
C006337,troyedwards@example.net,Andrea,Salas,GEO0601,Consumer,2025-05-28T18:51:32,2025-06-12T19:34:35,0
C006338,cheryl20@example.com,Jeffery,Vincent,GEO0218,SMB,2024-03-04T00:39:13,2024-10-26T12:46:11,0
C006339,jamesdavid@example.com,Gary,Foster,GEO0492,SMB,2024-05-30T09:21:53,2024-10-07T05:30:23,0
C006340,smithmaurice@example.org,Sarah,Smith,GEO0260,Consumer,2024-09-22T12:31:14,2025-02-06T22:45:45,0
C006341,stevensdonna@example.org,Katherine,Brown,GEO0316,Consumer,2025-05-10T05:57:09,2025-07-01T10:22:15,0
C006342,kdillon@example.org,James,Pearson,GEO0406,Consumer,2024-11-23T03:25:39,2026-02-08T18:12:49,0
C006343,lewisshane@example.org,Gregory,Jefferson,GEO0344,Mid-Market,2024-07-09T14:16:23,2024-10-15T02:45:42,0
C006344,walllarry@example.org,Michelle,Campos,GEO0149,Mid-Market,2024-12-12T02:27:00,2025-09-17T12:11:49,0
C006345,fjensen@example.net,Joel,Powell,GEO0538,Mid-Market,2024-10-30T10:56:06,2025-02-22T06:37:27,0
C006346,fsimpson@example.org,Barry,Paul,GEO0025,Consumer,2026-01-08T23:21:52,2026-02-06T10:54:09,0
C006347,brandon98@example.org,Ryan,Kirby,GEO0702,SMB,2025-08-11T12:47:19,2025-12-11T02:43:05,0
C006348,hannahclay@example.com,Jeremy,Yu,GEO0029,Consumer,2024-03-28T04:42:00,2025-07-05T04:12:47,0
C006349,anthony62@example.com,David,Mccann,GEO0569,Mid-Market,2024-05-01T22:05:34,2025-01-25T12:21:59,0
C006350,collinsmartha@example.com,Nicholas,Wilson,GEO0708,SMB,2024-02-25T06:27:37,2026-02-05T21:54:32,0
C006351,austinkline@example.net,Charles,Daniel,GEO0490,SMB,2024-03-05T14:56:47,2025-05-09T20:55:23,0
C006352,craig32@example.org,Brittany,Ramos,GEO0531,Mid-Market,2025-09-26T18:04:38,2026-01-01T13:37:28,0
C006353,hancocksarah@example.org,Kelly,Smith,GEO0010,Mid-Market,2024-03-03T05:08:12,2025-03-25T08:19:36,0
C006354,clarence35@example.net,Crystal,Barnes,GEO0474,SMB,2025-08-10T21:06:54,2025-10-23T07:28:42,0
C006355,john90@example.org,Laura,Perez,GEO0684,SMB,2026-01-25T06:56:43,2026-02-10T04:18:38,0
C006356,timothy33@example.net,Craig,Flores,GEO0506,Consumer,2025-03-04T13:12:07,2025-11-13T14:30:48,0
C006357,parkanthony@example.net,Kenneth,Myers,GEO0617,SMB,2025-12-26T04:11:09,2026-01-07T05:43:19,0
C006358,cfreeman@example.org,Jennifer,Jordan,GEO0254,Consumer,2025-10-23T22:50:37,2026-02-22T06:32:05,0
C006359,deborahadams@example.com,Adam,Greer,GEO0076,Mid-Market,2026-01-20T18:01:58,2026-02-03T08:28:13,0
C006360,perezjonathan@example.net,Rebecca,Wood,GEO0642,SMB,2025-04-09T03:02:42,2025-07-08T18:59:23,0
C006361,william46@example.net,Keith,Martin,GEO0012,Mid-Market,2024-08-30T17:20:00,2026-01-30T23:13:15,0
C006362,shawkathryn@example.net,Andrew,Lewis,GEO0014,Consumer,2025-04-30T00:19:20,2025-08-14T23:20:05,0
C006363,davistiffany@example.org,Carol,Kelley,GEO0623,SMB,2024-08-10T20:27:46,2025-03-04T21:45:18,0
C006364,sullivanalfred@example.net,Daniel,Tucker,GEO0521,Mid-Market,2024-03-08T14:04:38,2026-01-26T20:04:57,0
C006365,antonio51@example.net,Beth,Martin,GEO0668,Consumer,2024-08-23T11:16:28,2024-11-18T22:22:55,0
C006366,wkennedy@example.org,Juan,Davis,GEO0385,Consumer,2024-08-04T20:40:32,2025-01-21T10:19:06,0
C006367,qholland@example.org,Emily,Solomon,GEO0052,Mid-Market,2025-02-24T18:09:44,2026-02-04T04:02:25,0
C006368,victoria96@example.com,Roger,Hobbs,GEO0298,Consumer,2025-07-06T18:41:37,2026-02-21T23:16:21,0
C006369,kmueller@example.org,Douglas,Smith,GEO0223,Mid-Market,2025-07-18T01:11:59,2025-11-26T09:22:29,0
C006370,bmiller@example.org,Patrick,Nunez,GEO0026,Mid-Market,2025-11-21T13:36:43,2025-12-03T18:42:41,0
C006371,justinbennett@example.com,Christopher,Carter,GEO0784,SMB,2024-03-28T23:11:23,2025-01-22T19:38:12,0
C006372,jenniferpage@example.net,Taylor,Parks,GEO0730,SMB,2024-11-05T07:46:26,2025-04-27T03:12:13,0
C006373,vpace@example.org,Caleb,Phillips,GEO0691,SMB,2025-06-13T03:50:14,2026-01-11T14:44:18,0
C006374,michael80@example.org,Dustin,Williamson,GEO0346,Consumer,2025-01-30T13:06:27,2025-02-04T10:17:15,0
C006375,whitneyjennifer@example.com,Kevin,Gonzalez,GEO0241,Mid-Market,2025-04-08T00:30:48,2025-08-07T12:30:05,0
C006376,roger42@example.com,Hailey,Watkins,GEO0726,Mid-Market,2025-05-25T08:30:00,2025-12-24T19:48:58,0
C006377,robertdavis@example.net,Angel,Meyer,GEO0587,Consumer,2025-01-18T02:11:06,2025-09-07T16:52:49,0
C006378,josebrown@example.net,Darren,Mckinney,GEO0073,Consumer,2024-11-05T21:43:24,2025-09-19T14:08:38,0
C006379,scott23@example.com,Adam,Phillips,GEO0523,Consumer,2025-04-02T01:17:05,2026-01-10T13:10:39,0
C006380,bbrown@example.org,Gary,Cox,GEO0674,Mid-Market,2024-03-07T03:41:24,2025-06-04T17:59:56,0
C006381,marcus31@example.org,Jonathan,Davis,GEO0202,SMB,2025-04-08T23:44:59,2026-01-18T12:44:16,0
C006382,llopez@example.net,Anthony,Johnston,GEO0421,Consumer,2024-09-21T03:38:52,2025-02-15T20:23:22,0
C006383,sara75@example.com,Erika,Davis,GEO0531,SMB,2024-05-03T10:20:51,2024-05-04T08:25:53,0
C006384,tiffanycole@example.org,Michael,Dunn,GEO0734,Consumer,2025-03-20T09:45:14,2025-12-22T23:57:59,0
C006385,angelagriffin@example.net,James,Fischer,GEO0408,Consumer,2024-02-20T19:55:29,2024-06-27T12:30:21,0
C006386,gmontgomery@example.org,Kathleen,Moyer,GEO0004,SMB,2024-12-19T13:52:37,2025-11-07T01:37:18,0
C006387,lauriehenderson@example.net,Theresa,Hamilton,GEO0736,Consumer,2024-09-21T11:59:42,2024-11-23T19:22:25,0
C006388,taylorbruce@example.com,Justin,Ramirez,GEO0719,Mid-Market,2025-02-22T23:03:13,2025-11-09T10:41:20,0
C006389,ecopeland@example.com,Jordan,Peters,GEO0188,Mid-Market,2025-06-03T05:12:07,2025-09-18T04:39:39,0
C006390,patrick50@example.net,Jose,Gomez,GEO0700,Mid-Market,2025-05-12T06:57:52,2025-10-17T06:59:22,0
C006391,banksyolanda@example.com,John,Joyce,GEO0246,Mid-Market,2025-12-17T21:23:39,2026-03-01T03:55:38,0
C006392,michaelandrade@example.net,Beth,Jackson,GEO0409,SMB,2025-04-22T07:32:23,2026-01-09T12:45:51,0
C006393,jwilson@example.net,Maxwell,Rogers,GEO0620,Consumer,2025-08-12T04:21:45,2026-01-24T22:17:14,0
C006394,kingallison@example.org,Marcus,Cook,GEO0015,SMB,2025-12-09T06:26:25,2025-12-31T16:31:06,0
C006395,sanchezsheila@example.net,Misty,Weaver,GEO0040,Consumer,2025-04-17T13:23:55,2025-08-03T20:21:38,0
C006396,krogers@example.org,Amanda,Oconnell,GEO0641,SMB,2024-12-06T06:38:17,2025-06-13T01:27:42,0
C006397,maxwelljacob@example.org,Lisa,Wise,GEO0075,Mid-Market,2025-06-17T10:32:49,2025-08-21T19:16:34,0
C006398,hornmatthew@example.org,Tara,Burns,GEO0414,Consumer,2024-08-29T19:36:46,2025-12-14T22:09:33,0
C006399,grossamber@example.org,Jeremy,Valenzuela,GEO0069,Mid-Market,2024-11-29T20:17:07,2025-07-15T18:13:44,0
C006400,andrew67@example.com,Latoya,Vargas,GEO0431,Mid-Market,2026-02-26T09:58:14,2026-02-26T09:57:36,0
C006401,perkinsdeborah@example.net,Andre,Smith,GEO0587,SMB,2024-05-01T05:58:04,2025-04-30T08:19:46,0
C006402,libarra@example.com,Austin,Gomez,GEO0497,Mid-Market,2024-02-03T12:29:53,2025-03-07T04:19:58,0
C006403,wcarter@example.com,Michael,Mann,GEO0768,SMB,2025-07-17T15:16:02,2025-10-04T00:49:23,0
C006404,atkinsonbrittany@example.org,Pamela,Wright,GEO0201,Mid-Market,2026-02-01T22:31:40,2026-02-23T14:59:50,0
C006405,elindsey@example.org,Andrea,Torres,GEO0163,SMB,2024-07-24T08:58:29,2025-10-08T12:59:52,0
C006406,ingramsara@example.com,Julie,Watson,GEO0533,Consumer,2024-08-25T14:50:42,2025-11-20T18:51:38,0
C006407,ucoleman@example.net,Robin,Weber,GEO0271,Consumer,2024-11-24T21:41:00,2025-09-18T00:25:45,0
C006408,awhite@example.org,Frank,Alvarez,GEO0019,Consumer,2024-12-28T19:54:18,2025-01-08T15:10:52,0
C006409,sylviagould@example.com,Katelyn,Lee,GEO0336,SMB,2024-08-21T13:06:23,2024-10-02T08:07:45,0
C006410,duncanvanessa@example.com,Robert,Hubbard,GEO0222,SMB,2024-03-05T01:32:09,2025-10-03T04:08:03,0
C006411,bradshawjoseph@example.net,Jesus,Lee,GEO0724,SMB,2024-05-26T02:48:44,2024-12-27T19:01:00,0
C006412,psanders@example.org,Edward,Ray,GEO0568,Mid-Market,2025-08-22T11:02:04,2026-02-26T02:19:28,0
C006413,scruz@example.net,Christopher,Schultz,GEO0075,SMB,2025-11-21T05:39:36,2025-11-28T22:22:23,0
C006414,wjohnson@example.net,Courtney,Aguilar,GEO0472,Consumer,2024-05-09T15:32:12,2026-01-31T00:16:39,0
C006415,ksparks@example.net,Joseph,Glenn,GEO0123,SMB,2025-05-21T15:44:49,2025-10-17T10:24:59,0
C006416,ccurry@example.com,Jessica,Lewis,GEO0105,SMB,2024-10-16T04:52:24,2025-02-11T06:13:52,0
C006417,amandajones@example.org,Alicia,Baker,GEO0512,Mid-Market,2024-09-08T17:34:57,2025-07-19T23:55:26,0
C006418,charles57@example.net,David,Kim,GEO0332,Mid-Market,2024-03-08T01:13:45,2024-12-30T17:12:50,0
C006419,robertjones@example.net,Yolanda,Murray,GEO0505,Consumer,2025-07-26T09:05:13,2025-08-05T03:27:50,0
C006420,anthonyharris@example.com,Amanda,Blackwell,GEO0416,Mid-Market,2025-02-19T08:42:54,2025-07-03T18:02:12,0
C006421,jessicacollins@example.com,Mallory,Morris,GEO0082,Mid-Market,2025-10-16T18:15:55,2025-12-29T03:31:43,0
C006422,laura64@example.com,Raven,Fritz,GEO0131,Mid-Market,2026-01-27T06:13:18,2026-02-10T22:40:02,0
C006423,pearsonkimberly@example.net,Amanda,Vargas,GEO0674,Mid-Market,2026-02-15T14:07:35,2026-02-26T04:53:06,0
C006424,epowell@example.net,Jessica,Smith,GEO0545,Consumer,2025-06-28T02:51:24,2025-12-16T00:56:27,0
C006425,jeffrey30@example.org,Kenneth,Contreras,GEO0643,Mid-Market,2024-07-11T05:14:04,2026-01-02T12:29:40,0
C006426,ghunter@example.com,Nathaniel,Hamilton,GEO0246,Consumer,2025-06-17T21:05:42,2025-06-30T17:51:59,0
C006427,wulaura@example.com,Penny,Romero,GEO0065,Consumer,2024-06-06T17:35:15,2025-07-19T18:43:30,0
C006428,potteremily@example.com,Justin,Morales,GEO0376,Mid-Market,2024-01-07T04:51:53,2025-11-23T11:28:38,0
C006429,angelacasey@example.com,Cameron,Harris,GEO0749,Consumer,2024-11-20T11:27:19,2025-04-07T21:04:57,0
C006430,zjohnson@example.net,Stephen,Duran,GEO0555,Mid-Market,2025-09-12T21:12:22,2025-11-25T14:44:11,0
C006431,fdavenport@example.com,Anne,Norris,GEO0319,Consumer,2025-02-04T18:36:44,2025-08-23T05:19:51,0
C006432,leerhonda@example.org,Bridget,Harris,GEO0524,Consumer,2025-11-10T07:32:44,2025-12-13T19:09:03,0
C006433,torresadam@example.org,Aaron,Villanueva,GEO0377,SMB,2024-03-13T20:22:39,2024-05-29T08:20:00,0
C006434,joshuarodriguez@example.org,Richard,Henry,GEO0080,Mid-Market,2024-02-15T20:01:41,2024-08-28T19:43:23,0
C006435,beverly73@example.net,Hannah,Russell,GEO0679,Consumer,2025-05-05T16:57:24,2025-09-05T19:21:15,0
C006436,harrisjesus@example.net,Thomas,Anderson,GEO0614,Consumer,2025-10-16T00:24:54,2026-02-16T07:14:13,0
C006437,cynthiapacheco@example.net,Dakota,Jones,GEO0248,Consumer,2025-06-16T14:24:20,2025-10-04T09:34:42,0
C006438,rachael92@example.com,Haley,Nichols,GEO0729,Mid-Market,2024-07-01T09:36:24,2025-08-05T16:39:36,0
C006439,randolphchristopher@example.com,Tommy,Russell,GEO0112,Consumer,2024-06-24T17:23:35,2025-06-12T23:21:47,0
C006440,johncollins@example.net,Thomas,Meyer,GEO0792,Consumer,2024-01-28T00:43:59,2024-05-21T20:44:57,0
C006441,gsmith@example.com,Kyle,Mcknight,GEO0186,SMB,2025-11-27T21:19:19,2026-01-05T17:54:19,0
C006442,smoore@example.net,John,Hicks,GEO0193,Consumer,2025-08-31T00:28:17,2025-09-14T11:06:51,0
C006443,morgananthony@example.net,Christopher,Castillo,GEO0562,Mid-Market,2025-12-08T14:00:12,2025-12-25T05:06:46,0
C006444,thompsonwilliam@example.org,Sean,Schultz,GEO0605,SMB,2025-04-07T10:39:39,2025-05-04T04:22:49,0
C006445,rebecca93@example.org,Kimberly,Orozco,GEO0095,Mid-Market,2026-02-05T19:33:15,2026-02-23T02:01:13,0
C006446,kristinlucas@example.net,Cole,Simmons,GEO0155,Mid-Market,2024-01-07T08:06:46,2024-02-29T07:40:31,0
C006447,john53@example.com,Brittany,Daniel,GEO0613,Consumer,2025-06-04T01:09:58,2026-01-22T05:38:21,0
C006448,staceyparsons@example.org,Samuel,Chen,GEO0146,SMB,2025-04-03T11:56:07,2025-06-21T13:13:29,0
C006449,rgarcia@example.org,Matthew,Marsh,GEO0250,Consumer,2025-10-21T15:48:38,2026-02-07T20:47:13,0
C006450,jerrywilliams@example.net,Paul,Tran,GEO0544,Consumer,2025-12-19T05:10:22,2026-01-01T14:24:27,0
C006451,sheltonjoshua@example.com,Benjamin,Miller,GEO0765,Mid-Market,2025-06-29T19:11:07,2026-02-15T05:31:18,0
C006452,allisonanna@example.org,Jonathan,Kim,GEO0194,Consumer,2024-06-13T06:13:19,2025-06-21T18:56:45,0
C006453,benjaminhoffman@example.com,David,Dunn,GEO0440,Consumer,2025-07-29T20:39:23,2025-11-07T11:25:10,0
C006454,william62@example.org,Lisa,Stephens,GEO0370,Consumer,2025-08-16T19:59:46,2025-11-07T19:02:37,0
C006455,epark@example.org,Leah,Anderson,GEO0654,Mid-Market,2026-01-21T09:55:19,2026-01-25T09:31:23,0
C006456,astevens@example.org,Jade,Mccann,GEO0207,SMB,2024-08-01T13:54:12,2025-11-06T17:58:45,0
C006457,cherylsantos@example.com,Danielle,Mccarthy,GEO0130,SMB,2024-06-28T13:59:18,2025-11-30T11:34:27,0
C006458,lgrant@example.org,Ronald,Barton,GEO0134,SMB,2024-11-15T13:26:37,2025-05-17T21:20:43,0
C006459,charles69@example.net,John,Robinson,GEO0329,Mid-Market,2025-05-12T00:20:07,2026-02-23T13:55:23,0
C006460,tsullivan@example.org,Emma,Alvarez,GEO0797,SMB,2024-02-23T14:38:46,2025-10-10T13:59:17,0
C006461,robert18@example.com,Michael,Cooper,GEO0145,Consumer,2024-12-11T03:23:37,2025-11-04T00:20:39,0
C006462,folson@example.net,Michael,Taylor,GEO0680,SMB,2024-12-05T16:29:00,2025-05-12T05:27:16,0
C006463,tamara83@example.com,Charles,Dudley,GEO0257,SMB,2025-09-17T19:22:02,2026-02-03T01:50:49,0
C006464,scottcollins@example.net,Rebecca,Lee,GEO0108,SMB,2025-12-06T13:53:00,2026-02-24T12:14:32,0
C006465,ijohnson@example.com,Joseph,Smith,GEO0212,Mid-Market,2024-07-06T11:02:45,2025-05-04T03:26:09,0
C006466,marissa67@example.net,Bryan,Martinez,GEO0741,SMB,2025-04-20T00:54:51,2025-07-12T00:40:39,0
C006467,lburnett@example.net,Marvin,Moyer,GEO0520,SMB,2024-07-03T05:07:11,2025-02-17T17:00:11,0
C006468,gentrykatherine@example.net,Aaron,Young,GEO0725,Mid-Market,2025-11-19T09:16:44,2026-01-06T04:57:31,0
C006469,kclark@example.net,Kelly,Walker,GEO0665,SMB,2024-09-06T23:06:56,2025-07-03T16:29:16,0
C006470,torrestravis@example.org,Colleen,Kim,GEO0044,Mid-Market,2025-04-27T02:20:42,2025-06-15T04:43:38,0
C006471,huntnicholas@example.com,Michele,Smith,GEO0005,SMB,2024-12-02T11:48:51,2025-09-14T19:15:46,0
C006472,gfrank@example.net,Margaret,Ford,GEO0772,Consumer,2024-11-16T20:55:14,2025-05-04T16:55:42,0
C006473,delacruzmelanie@example.net,Wayne,Weber,GEO0164,Mid-Market,2025-08-07T20:53:38,2026-01-28T19:53:48,0
C006474,erikayoung@example.net,Kevin,Jackson,GEO0664,Mid-Market,2025-03-19T11:14:22,2026-02-12T20:38:45,0
C006475,lbauer@example.com,Hunter,Winters,GEO0401,Consumer,2024-05-26T17:45:30,2025-04-20T02:08:00,0
C006476,clayrichard@example.com,Michael,Flores,GEO0262,Consumer,2025-12-10T02:35:05,2026-02-11T21:19:48,0
C006477,adrienne32@example.net,Charles,Smith,GEO0216,Consumer,2025-04-13T02:07:05,2025-09-07T19:27:15,0
C006478,wcaldwell@example.org,Kristen,Long,GEO0384,Consumer,2025-03-09T18:34:39,2025-04-27T01:20:42,0
C006479,vicki73@example.net,Jennifer,Hines,GEO0235,Mid-Market,2024-10-15T10:38:48,2025-05-02T20:54:06,0
C006480,darrell96@example.org,Kimberly,Francis,GEO0644,SMB,2025-11-01T20:17:03,2025-11-04T22:23:39,0
C006481,aclayton@example.net,Michelle,Keller,GEO0566,Mid-Market,2025-01-10T06:16:58,2025-12-20T09:22:38,0
C006482,tonyaalexander@example.com,Andrew,Schwartz,GEO0673,Consumer,2024-10-06T02:01:45,2025-08-08T05:01:43,0
C006483,kelly56@example.net,Steven,Lawrence,GEO0572,Consumer,2024-10-28T16:11:34,2025-09-14T13:20:17,0
C006484,carterjerry@example.net,Paula,Montoya,GEO0163,SMB,2024-02-06T17:28:11,2025-01-03T10:02:45,0
C006485,vmurphy@example.com,Jose,Floyd,GEO0145,Consumer,2024-11-14T10:56:07,2025-09-20T01:36:13,0
C006486,rhawkins@example.org,Robert,Watson,GEO0706,SMB,2025-01-13T14:00:53,2025-08-27T18:24:42,0
C006487,monicapayne@example.net,Kyle,Bush,GEO0004,Mid-Market,2024-01-31T12:05:58,2025-12-17T13:37:17,0
C006488,ychapman@example.net,Brent,Padilla,GEO0079,SMB,2024-08-04T03:10:52,2026-02-09T08:50:55,0
C006489,palmerkatherine@example.net,Angela,Roberts,GEO0036,SMB,2024-07-28T19:20:49,2025-07-31T18:53:23,0
C006490,danielle36@example.org,Sharon,Fox,GEO0317,SMB,2024-06-12T14:47:03,2025-08-05T18:39:54,0
C006491,matthew26@example.org,Rebecca,Hobbs,GEO0520,SMB,2024-05-19T19:53:42,2024-09-09T11:24:36,0
C006492,ksalazar@example.org,Diana,English,GEO0529,SMB,2025-11-18T19:01:27,2025-11-20T16:41:11,0
C006493,natashaburke@example.net,Kelly,Lewis,GEO0699,Consumer,2025-03-10T00:00:10,2025-07-03T11:52:04,0
C006494,parkschristopher@example.org,Joshua,Horn,GEO0361,Consumer,2024-05-20T19:48:55,2025-02-09T11:37:45,0
C006495,mark79@example.net,Candace,Gillespie,GEO0741,Mid-Market,2025-01-27T03:21:49,2025-09-24T06:45:16,0
C006496,zlopez@example.com,Kimberly,Phelps,GEO0727,Consumer,2024-09-24T17:22:59,2025-12-01T06:13:30,0
C006497,panderson@example.org,Patrick,Clark,GEO0061,Mid-Market,2025-08-03T22:46:17,2026-01-01T22:05:15,0
C006498,hbailey@example.org,Scott,Jones,GEO0257,Mid-Market,2025-07-07T15:56:45,2025-11-19T15:55:00,0
C006499,daniel04@example.org,Joel,Tucker,GEO0418,Mid-Market,2025-07-28T02:40:50,2026-01-13T22:54:45,0
C006500,fbest@example.net,Michael,Carpenter,GEO0050,Consumer,2024-03-30T23:14:14,2025-07-27T19:20:56,0
C006501,juliaball@example.org,Joseph,Guzman,GEO0436,Consumer,2024-06-12T06:06:17,2025-02-07T05:17:05,0
C006502,frobinson@example.net,Robert,Edwards,GEO0212,Consumer,2025-03-28T21:29:56,2025-05-17T04:31:32,0
C006503,haguilar@example.org,Anthony,Jacobs,GEO0103,Mid-Market,2026-03-01T13:15:15,2026-03-02T19:41:02,0
C006504,joseph02@example.net,Janet,Ware,GEO0041,Mid-Market,2025-06-08T02:12:43,2025-09-04T05:47:03,0
C006505,rachel38@example.net,Allison,Bennett,GEO0232,Consumer,2025-06-03T05:56:03,2025-11-06T09:33:18,0
C006506,rpowell@example.org,Joe,Price,GEO0086,Consumer,2026-01-03T10:07:38,2026-02-03T16:49:56,0
C006507,iadams@example.net,Ronald,Hunter,GEO0472,Consumer,2025-07-29T13:56:16,2025-12-26T11:30:07,0
C006508,amorrison@example.net,Katie,Holmes,GEO0042,Consumer,2026-02-16T09:09:42,2026-03-01T10:39:37,0
C006509,annettemiller@example.com,David,Schwartz,GEO0560,Mid-Market,2024-01-16T20:11:32,2024-11-12T05:08:17,0
C006510,breanna94@example.net,Brian,Campbell,GEO0284,SMB,2024-04-09T01:45:07,2025-10-13T20:53:14,0
C006511,jorge42@example.com,Brian,Taylor,GEO0597,Consumer,2025-10-03T07:31:31,2025-12-12T06:16:02,0
C006512,joseph27@example.net,Robert,Brown,GEO0382,SMB,2024-03-01T23:42:30,2025-10-09T05:21:45,0
C006513,johnny28@example.com,Joshua,Brown,GEO0197,Consumer,2025-10-16T15:14:14,2025-12-17T11:33:07,0
C006514,tina93@example.net,David,King,GEO0738,Mid-Market,2025-02-22T05:48:10,2025-03-18T02:40:56,0
C006515,allenamy@example.net,Shelia,Johnson,GEO0395,Mid-Market,2024-06-08T22:31:39,2025-08-10T17:23:18,0
C006516,robert99@example.net,Darius,Strong,GEO0111,Consumer,2024-06-28T02:24:28,2024-07-06T20:03:26,0
C006517,amanda77@example.org,Pamela,Harrison,GEO0095,Mid-Market,2024-02-14T04:06:52,2024-06-28T08:00:29,0
C006518,rodriguezbarbara@example.net,Claire,Massey,GEO0065,SMB,2025-11-03T13:18:46,2026-01-23T20:21:42,0
C006519,tracielong@example.com,Mary,Conrad,GEO0694,SMB,2024-08-06T04:53:36,2024-12-14T03:48:44,0
C006520,tholt@example.net,Lisa,Olsen,GEO0797,SMB,2026-01-11T01:40:54,2026-01-17T03:15:17,0
C006521,hinestimothy@example.com,Carlos,Powell,GEO0502,SMB,2025-09-12T17:58:44,2026-02-07T10:01:37,0
C006522,crussell@example.net,Kathy,Rose,GEO0036,Consumer,2025-07-30T16:18:32,2025-12-26T18:16:22,0
C006523,powelljesse@example.org,Kathy,Long,GEO0706,Mid-Market,2025-11-15T18:17:47,2026-01-30T14:09:22,0
C006524,allensheena@example.org,Julie,Ortiz,GEO0584,Consumer,2025-04-22T21:57:48,2025-05-20T09:31:16,0
C006525,gail98@example.com,Kevin,Bishop,GEO0542,Consumer,2024-11-09T21:06:28,2026-01-11T11:26:14,0
C006526,zsanders@example.com,Ashley,Chavez,GEO0757,Mid-Market,2024-09-20T00:16:52,2025-10-18T10:06:55,0
C006527,jeffrey44@example.org,Lisa,Church,GEO0129,SMB,2024-11-04T09:26:44,2025-12-19T11:31:19,0
C006528,justin21@example.net,Steven,Jackson,GEO0274,SMB,2024-03-10T23:20:10,2025-01-28T04:45:56,0
C006529,abbottjackie@example.net,Christina,Mosley,GEO0230,Mid-Market,2026-02-13T17:42:51,2026-02-25T09:24:20,0
C006530,amandastark@example.net,Bridget,Carson,GEO0199,Mid-Market,2024-01-18T19:14:57,2024-02-12T08:15:05,0
C006531,john65@example.org,Keith,Kelly,GEO0534,SMB,2025-07-25T04:04:15,2025-12-24T03:14:49,0
C006532,mmontgomery@example.org,Benjamin,Miller,GEO0552,Mid-Market,2025-12-20T19:31:21,2026-01-22T16:14:39,0
C006533,nancylopez@example.com,Dean,Turner,GEO0474,SMB,2025-05-14T15:57:08,2025-12-25T23:07:23,0
C006534,patricia15@example.net,Stephen,Palmer,GEO0328,Consumer,2024-06-04T08:07:10,2025-04-24T00:45:13,0
C006535,heather27@example.com,Zachary,Cherry,GEO0520,Mid-Market,2025-06-23T06:17:48,2025-07-18T05:18:30,0
C006536,pearsongreg@example.com,Lisa,Chandler,GEO0203,Consumer,2024-07-03T14:58:09,2024-08-16T14:19:58,0
C006537,lindaperez@example.com,Ryan,Skinner,GEO0311,SMB,2025-09-05T11:13:52,2026-01-05T01:43:03,0
C006538,rebecca01@example.net,Joseph,Hogan,GEO0764,Consumer,2025-03-15T05:15:38,2026-01-18T17:42:40,0
C006539,ylong@example.org,Robert,Mckenzie,GEO0678,SMB,2025-05-16T06:14:23,2025-08-05T03:00:33,0
C006540,nicolerandall@example.net,Kelsey,Brown,GEO0417,Consumer,2025-06-26T20:29:23,2025-09-25T21:59:34,0
C006541,acampbell@example.org,Christian,Parker,GEO0227,SMB,2024-07-02T07:10:05,2025-12-24T19:17:51,0
C006542,qbarron@example.org,Danielle,Richardson,GEO0495,SMB,2026-02-23T03:46:03,2026-02-27T16:22:48,0
C006543,jasonwalters@example.com,Mike,Barry,GEO0597,Mid-Market,2025-07-31T22:37:33,2026-01-28T21:05:33,0
C006544,juan12@example.net,Lauren,Robinson,GEO0185,Mid-Market,2024-04-12T19:17:11,2025-11-07T03:31:52,0
C006545,joan67@example.net,Glenn,Green,GEO0222,Mid-Market,2025-12-28T07:18:08,2025-12-28T13:16:12,0
C006546,jonescarolyn@example.net,Christina,Thornton,GEO0625,Mid-Market,2025-11-04T23:41:57,2025-12-14T10:12:51,0
C006547,stafforderin@example.com,Tina,Morgan,GEO0722,Consumer,2024-07-19T09:36:43,2025-10-26T22:06:49,0
C006548,margaret56@example.org,Maria,Patel,GEO0744,Consumer,2025-03-31T20:00:17,2025-04-25T18:43:13,0
C006549,pdrake@example.org,Tyler,Fritz,GEO0152,Consumer,2024-10-25T08:49:12,2025-12-22T20:49:53,0
C006550,houstonjohn@example.net,Justin,Dawson,GEO0789,Consumer,2024-02-02T19:41:05,2025-12-30T23:48:29,0
C006551,melanie34@example.org,Steven,Nelson,GEO0371,SMB,2024-04-24T06:14:08,2025-02-18T20:14:00,0
C006552,shawjill@example.org,Nicholas,Mcdowell,GEO0484,Mid-Market,2025-06-12T21:31:48,2025-09-07T09:16:30,0
C006553,elizabethwilliams@example.com,Emily,Stewart,GEO0440,Mid-Market,2024-09-01T23:01:59,2026-01-11T03:57:08,0
C006554,robert51@example.org,Brian,Jensen,GEO0220,SMB,2024-06-20T15:39:51,2025-12-24T18:27:59,0
C006555,nrodriguez@example.net,Michael,Vargas,GEO0266,Consumer,2024-03-20T04:19:54,2024-07-12T18:32:53,0
C006556,daniellemoore@example.org,Krystal,Hall,GEO0089,Consumer,2025-11-05T15:48:10,2025-12-10T09:41:39,0
C006557,amanda64@example.org,Tammy,Carlson,GEO0624,Consumer,2024-06-29T14:24:36,2026-02-15T20:52:04,0
C006558,joseph28@example.org,Hailey,King,GEO0398,Mid-Market,2024-05-26T06:05:05,2025-12-26T14:31:32,0
C006559,brownveronica@example.net,Karen,Rodriguez,GEO0025,Consumer,2024-12-31T13:25:22,2025-01-28T03:56:34,0
C006560,sarah07@example.net,Tyler,Smith,GEO0205,SMB,2024-02-23T08:18:01,2024-07-19T14:28:24,0
C006561,gabrielle90@example.org,John,Nelson,GEO0727,Mid-Market,2024-04-29T04:14:06,2025-06-01T04:21:53,0
C006562,sonyareese@example.org,Nichole,Thomas,GEO0108,Consumer,2025-01-11T00:02:01,2025-05-01T12:55:26,0
C006563,erin55@example.net,Victoria,Fuentes,GEO0789,SMB,2025-07-04T15:55:19,2025-09-03T18:49:59,0
C006564,catherine56@example.com,Jessica,Ramos,GEO0150,Consumer,2025-10-20T17:17:54,2026-02-12T20:52:50,0
C006565,marypatrick@example.net,John,Carpenter,GEO0200,Mid-Market,2026-02-01T17:17:51,2026-02-12T16:04:55,0
C006566,jared09@example.net,Michael,Maddox,GEO0729,Consumer,2024-08-20T05:06:11,2024-11-07T17:10:12,0
C006567,kathleen87@example.net,Samantha,Glover,GEO0424,SMB,2024-07-17T04:21:52,2024-11-09T02:08:38,0
C006568,sheltonariel@example.com,Henry,Booth,GEO0565,Consumer,2025-06-17T23:55:13,2025-07-31T01:09:24,0
C006569,cassandrastone@example.org,Evelyn,Jones,GEO0142,SMB,2024-08-26T00:23:02,2025-09-22T14:43:18,0
C006570,ocervantes@example.net,Brianna,Wang,GEO0173,Consumer,2026-01-10T21:22:10,2026-01-19T18:10:20,0
C006571,richard07@example.com,Matthew,Barnes,GEO0091,SMB,2025-02-06T22:43:17,2025-10-17T12:14:51,0
C006572,erika67@example.org,Paula,Barr,GEO0588,Mid-Market,2025-03-18T02:19:23,2025-09-15T19:53:03,0
C006573,igarcia@example.net,William,Kelly,GEO0043,SMB,2025-01-29T07:22:47,2025-06-22T05:53:59,0
C006574,dcarson@example.net,Andrea,Johnson,GEO0350,Consumer,2025-03-27T08:27:27,2025-11-13T12:47:54,0
C006575,austinpeterson@example.net,Rebecca,Williams,GEO0175,SMB,2024-06-20T22:30:24,2024-09-03T15:19:41,0
C006576,lmcguire@example.org,Olivia,Pollard,GEO0105,Consumer,2025-08-25T08:51:22,2025-11-18T05:48:09,0
C006577,biancachen@example.com,Samantha,King,GEO0266,Consumer,2026-01-11T22:02:23,2026-02-18T13:16:09,0
C006578,klee@example.org,Edward,Soto,GEO0034,Mid-Market,2024-10-22T14:34:03,2025-05-02T08:14:30,0
C006579,makayla40@example.net,Tim,Reid,GEO0701,Mid-Market,2025-09-24T12:02:44,2025-11-11T09:54:48,0
C006580,imiller@example.net,Claudia,Chambers,GEO0482,Mid-Market,2025-06-07T15:58:14,2025-07-12T03:27:02,0
C006581,jonesbrian@example.org,Katherine,Freeman,GEO0470,SMB,2024-12-22T10:15:56,2025-10-07T19:23:11,0
C006582,cherylwaller@example.org,Jessica,Montgomery,GEO0276,Consumer,2024-04-04T23:40:46,2025-02-23T08:51:11,0
C006583,sarah61@example.net,Kimberly,Long,GEO0076,Consumer,2024-01-05T11:01:43,2026-02-02T08:13:53,0
C006584,ehill@example.org,Tracy,Berry,GEO0168,Mid-Market,2025-04-21T01:45:33,2025-11-19T17:01:33,0
C006585,ian56@example.com,Derek,Haynes,GEO0099,Consumer,2025-06-08T10:33:45,2025-12-14T11:32:41,0
C006586,stephensdaniel@example.net,Rachel,Gill,GEO0173,SMB,2024-08-17T08:20:16,2025-11-19T11:48:39,0
C006587,alexandersmith@example.net,Paul,Reid,GEO0088,Mid-Market,2025-08-11T22:30:16,2025-09-14T11:46:18,0
C006588,gregoryrivera@example.net,Sarah,Brown,GEO0550,Mid-Market,2024-06-14T18:41:03,2025-04-20T06:24:33,0
C006589,zphillips@example.net,Patrick,Gray,GEO0132,SMB,2025-05-03T12:32:16,2026-02-26T15:56:43,0
C006590,jason08@example.com,Andrew,Phillips,GEO0343,Consumer,2024-12-01T22:56:58,2025-07-20T16:55:41,0
C006591,colehenry@example.org,David,Esparza,GEO0781,SMB,2025-03-17T05:48:20,2025-07-14T01:48:32,0
C006592,qcopeland@example.com,Thomas,Johnson,GEO0362,Mid-Market,2024-12-07T00:34:54,2025-07-01T14:33:43,0
C006593,gibbsbryan@example.com,Susan,Young,GEO0273,SMB,2025-09-01T11:06:06,2026-02-02T07:43:57,0
C006594,nrice@example.org,Charles,Martinez,GEO0423,SMB,2024-06-11T13:30:04,2026-01-08T19:37:09,0
C006595,williamsstephen@example.net,Anthony,Guerrero,GEO0784,Consumer,2024-12-10T06:28:57,2025-02-02T00:56:00,0
C006596,ioliver@example.net,Brandon,Garcia,GEO0733,Mid-Market,2024-05-30T19:50:23,2026-02-16T20:24:12,0
C006597,bryantjessica@example.com,Joseph,Little,GEO0166,Mid-Market,2024-03-16T15:22:28,2024-05-11T11:13:52,0
C006598,isingh@example.net,Mitchell,Avila,GEO0361,Mid-Market,2024-02-12T22:15:24,2024-04-30T07:43:40,0
C006599,owatkins@example.net,Jeffrey,Fuller,GEO0482,SMB,2024-03-07T09:51:26,2024-12-12T03:39:30,0
C006600,cynthia47@example.net,Tiffany,Bass,GEO0559,Mid-Market,2025-12-28T21:18:04,2026-01-04T06:27:31,0
C006601,cardenaskathleen@example.net,Christine,Roberson,GEO0645,Consumer,2025-06-27T12:36:49,2025-12-28T07:09:45,0
C006602,juliadavid@example.net,Justin,Moran,GEO0303,Mid-Market,2026-03-01T16:57:37,2026-03-02T01:04:05,0
C006603,nedwards@example.org,Amanda,Roberts,GEO0113,Consumer,2024-03-20T01:48:15,2025-07-29T00:39:29,0
C006604,jameswiley@example.org,Joseph,Meyers,GEO0240,SMB,2025-06-25T13:53:29,2025-11-23T01:35:29,0
C006605,anthonyford@example.org,Aaron,Moore,GEO0709,Consumer,2025-12-15T15:13:40,2025-12-28T13:51:36,0
C006606,qbailey@example.com,Michael,Burnett,GEO0460,SMB,2024-05-26T11:39:10,2025-10-10T09:26:59,0
C006607,yballard@example.net,Christopher,Coleman,GEO0016,Consumer,2024-03-27T00:25:40,2025-12-10T20:52:28,0
C006608,matthewgarcia@example.org,Lori,Walters,GEO0005,Consumer,2024-10-26T00:38:44,2025-06-19T01:04:32,0
C006609,leelisa@example.net,Frank,Wells,GEO0607,SMB,2024-05-15T20:43:44,2025-06-26T12:47:55,0
C006610,tinafrye@example.net,John,Johnson,GEO0391,Consumer,2025-07-11T12:06:00,2025-11-22T10:50:15,0
C006611,pattonkaitlyn@example.com,Angela,Mcpherson,GEO0453,Consumer,2025-04-09T00:31:03,2025-04-19T03:00:58,0
C006612,nicholsheather@example.net,Ruben,Neal,GEO0549,Consumer,2026-02-07T04:46:07,2026-02-12T22:25:35,0
C006613,martinmichael@example.org,Kevin,Park,GEO0485,Mid-Market,2024-08-11T01:20:06,2024-09-16T03:59:53,0
C006614,brianjarvis@example.net,Maria,Marshall,GEO0504,Mid-Market,2026-02-18T02:46:24,2026-02-27T06:50:17,0
C006615,gmartinez@example.org,Sean,Park,GEO0734,Consumer,2025-08-25T00:50:24,2025-12-21T13:39:33,0
C006616,smithalyssa@example.org,Tamara,Rosales,GEO0093,Consumer,2025-05-03T01:53:07,2025-09-24T19:19:05,0
C006617,bkidd@example.org,Roberta,Anderson,GEO0199,Consumer,2025-03-11T05:35:09,2025-05-27T11:07:36,0
C006618,edwin67@example.org,Maria,Hayes,GEO0481,Consumer,2024-09-20T18:59:21,2026-02-21T20:24:07,0
C006619,smithkathy@example.com,Amanda,Fox,GEO0007,Consumer,2025-04-01T03:04:57,2025-12-05T00:55:50,0
C006620,vhill@example.com,Craig,Kennedy,GEO0184,SMB,2024-11-30T09:50:52,2025-09-30T12:20:20,0
C006621,michaellawson@example.com,Ronald,Hudson,GEO0064,Mid-Market,2024-06-09T08:59:47,2024-11-16T22:05:54,0
C006622,cynthiacarter@example.org,Matthew,Stewart,GEO0381,Consumer,2025-11-10T10:53:51,2025-12-13T20:33:03,0
C006623,ischaefer@example.net,Mary,Bowman,GEO0200,SMB,2025-12-13T11:39:53,2026-01-24T00:56:10,0
C006624,zlove@example.org,Erin,Armstrong,GEO0233,SMB,2024-05-25T20:49:08,2025-07-27T06:15:23,0
C006625,hughesrachel@example.org,Jeffrey,Martin,GEO0360,Consumer,2024-08-20T21:29:40,2025-07-14T09:32:28,0
C006626,dianesingh@example.org,Cory,Rhodes,GEO0204,Mid-Market,2024-05-07T06:09:00,2024-10-12T00:25:05,0
C006627,maciasmichael@example.net,Tammy,Shelton,GEO0068,Mid-Market,2024-07-30T20:08:00,2025-03-27T03:49:33,0
C006628,bellwendy@example.org,Christine,Bautista,GEO0408,SMB,2025-04-05T23:50:52,2025-11-27T08:19:33,0
C006629,donaldbrown@example.com,Tony,Henry,GEO0081,Consumer,2024-06-20T16:47:31,2026-01-08T00:31:58,0
C006630,jennifer61@example.net,Christopher,Fowler,GEO0707,Consumer,2025-09-21T01:58:53,2025-12-06T19:27:14,0
C006631,gloria33@example.net,Kim,Davis,GEO0638,Mid-Market,2025-12-15T12:26:25,2026-02-10T13:11:36,0
C006632,sandratravis@example.net,Frances,Kerr,GEO0389,Mid-Market,2024-02-02T05:50:45,2025-10-17T13:41:19,0
C006633,hamiltonamy@example.net,Christopher,Cortez,GEO0727,Mid-Market,2025-09-16T02:58:40,2025-09-26T08:50:45,0
C006634,qsanders@example.org,Anthony,Conrad,GEO0298,SMB,2024-05-05T09:52:38,2025-04-05T08:53:20,0
C006635,bellchristopher@example.net,Jason,Galvan,GEO0294,SMB,2025-05-29T23:19:58,2025-12-23T11:29:29,0
C006636,lisa36@example.org,Marc,Rose,GEO0270,Consumer,2024-04-30T22:52:57,2026-02-07T14:07:22,0
C006637,oramos@example.org,Justin,Thomas,GEO0470,Consumer,2024-09-17T14:32:47,2025-04-21T20:53:11,0
C006638,clinton67@example.com,Drew,Owen,GEO0131,Consumer,2025-04-20T04:59:50,2025-07-17T14:49:24,0
C006639,pmcgee@example.org,Christina,Mitchell,GEO0292,SMB,2024-11-24T23:34:40,2025-04-21T04:31:55,0
C006640,david32@example.com,Allison,Daniel,GEO0712,Mid-Market,2026-02-25T09:27:44,2026-02-27T10:40:17,0
C006641,ujohnson@example.net,Gerald,Allison,GEO0586,Consumer,2024-03-01T23:01:46,2024-03-29T04:41:06,0
C006642,fishergary@example.net,Bridget,Hawkins,GEO0732,Consumer,2024-11-03T12:26:20,2025-11-25T18:18:22,0
C006643,joseph26@example.org,Samuel,Bullock,GEO0222,Mid-Market,2024-07-25T17:11:13,2024-12-11T07:19:50,0
C006644,curtismiddleton@example.com,Adriana,Anderson,GEO0030,Mid-Market,2024-12-06T07:13:22,2025-06-22T13:32:51,0
C006645,zlong@example.org,Joseph,Scott,GEO0646,Mid-Market,2024-05-15T19:46:48,2025-07-14T11:49:30,0
C006646,deantheresa@example.net,Johnny,Mora,GEO0467,SMB,2025-01-12T19:57:40,2025-03-29T21:00:50,0
C006647,tcoleman@example.org,Melissa,Anderson,GEO0587,Mid-Market,2025-12-17T17:00:07,2026-01-11T07:51:40,0
C006648,zkirk@example.net,Lauren,Bentley,GEO0015,SMB,2025-10-16T02:50:39,2025-11-04T11:43:29,0
C006649,gutierrezgregory@example.com,Nathan,Murray,GEO0486,Consumer,2024-01-09T09:56:05,2024-05-05T02:22:47,0
C006650,nathansandoval@example.net,Angela,Murphy,GEO0345,Consumer,2025-06-25T20:24:53,2025-08-03T06:04:22,0
C006651,ojohnson@example.com,Adrian,Johnson,GEO0791,SMB,2025-09-16T05:35:04,2025-10-14T11:34:29,0
C006652,vgreen@example.net,Alisha,Williams,GEO0628,SMB,2026-01-09T10:02:36,2026-02-27T02:24:12,0
C006653,ibarnes@example.com,Zachary,Wilson,GEO0080,SMB,2025-09-06T20:23:01,2025-12-09T14:52:47,0
C006654,davidbryant@example.org,Tyler,Mejia,GEO0434,Consumer,2026-02-10T03:55:51,2026-02-21T02:02:41,0
C006655,michaelmitchell@example.org,Dana,Russo,GEO0572,Mid-Market,2025-09-10T02:03:01,2026-02-21T18:54:16,0
C006656,samanthacox@example.com,Margaret,Lara,GEO0263,Consumer,2024-08-14T01:08:29,2025-12-26T07:08:48,0
C006657,hughesalexis@example.org,Nichole,Roman,GEO0711,SMB,2025-11-24T10:25:36,2025-12-31T04:28:41,0
C006658,daniel65@example.com,Richard,Aguirre,GEO0634,Consumer,2025-10-05T17:00:53,2026-02-16T05:24:55,0
C006659,garciakathy@example.net,Daniel,Valdez,GEO0333,SMB,2024-06-17T14:26:47,2025-02-03T22:41:06,0
C006660,emily73@example.net,Danielle,Becker,GEO0038,Consumer,2024-11-12T02:47:03,2025-07-04T10:14:55,0
C006661,sotomaria@example.net,Lori,Young,GEO0527,SMB,2025-05-30T02:17:06,2025-10-13T05:27:46,0
C006662,april48@example.net,Alan,Garcia,GEO0472,Consumer,2024-10-25T18:14:01,2025-12-05T12:42:51,0
C006663,iwells@example.com,Tina,Terry,GEO0345,SMB,2026-01-18T03:18:12,2026-02-19T23:12:53,0
C006664,paul85@example.org,Maria,Guzman,GEO0676,Mid-Market,2026-01-15T23:04:26,2026-02-15T09:45:46,0
C006665,maldonadojuan@example.com,Ashley,Acevedo,GEO0694,Mid-Market,2025-12-08T23:38:53,2026-01-17T09:55:03,0
C006666,barraaron@example.org,Anthony,Pham,GEO0006,SMB,2025-06-29T21:30:16,2025-08-31T17:50:37,0
C006667,garrettreid@example.com,Jose,Davis,GEO0290,SMB,2025-05-15T04:50:32,2026-01-17T05:41:19,0
C006668,vnguyen@example.com,Antonio,Neal,GEO0045,SMB,2025-09-13T18:35:37,2026-01-30T05:11:59,0
C006669,stevenking@example.org,Lori,Bowman,GEO0396,SMB,2024-10-21T11:44:18,2024-11-03T23:41:17,0
C006670,hburch@example.org,Sarah,Young,GEO0436,Consumer,2024-05-05T00:07:19,2026-02-15T18:39:25,0
C006671,lflores@example.com,Bradley,Smith,GEO0393,SMB,2024-04-22T14:33:20,2025-02-02T11:13:36,0
C006672,diazamy@example.net,Misty,Roy,GEO0287,Consumer,2025-10-26T23:22:28,2026-01-24T19:34:24,0
C006673,smithjohn@example.org,Martin,Lee,GEO0397,Mid-Market,2024-05-11T13:38:11,2024-12-17T07:36:21,0
C006674,amysanders@example.net,Jill,Soto,GEO0048,Mid-Market,2024-09-04T00:02:47,2025-01-12T20:22:47,0
C006675,brentcampos@example.org,Alejandro,Jones,GEO0515,Mid-Market,2024-07-19T10:55:42,2025-01-22T20:23:25,0
C006676,lamroger@example.net,George,Martin,GEO0013,SMB,2024-07-30T15:42:47,2025-03-10T03:11:52,0
C006677,pgray@example.com,Gary,Diaz,GEO0280,SMB,2024-06-10T11:33:46,2025-10-24T01:07:14,0
C006678,baileytiffany@example.org,Theresa,Gay,GEO0483,Consumer,2026-01-25T02:28:22,2026-02-01T15:15:42,0
C006679,griffinmary@example.net,Patricia,Gibson,GEO0160,Mid-Market,2025-01-08T06:26:09,2025-06-07T18:40:11,0
C006680,christinejackson@example.net,Brooke,Sweeney,GEO0388,Consumer,2024-12-10T10:27:37,2025-05-17T09:14:35,0
C006681,eileenortiz@example.com,Amanda,Christian,GEO0445,SMB,2025-07-14T02:29:59,2025-07-31T07:20:43,0
C006682,brandy63@example.net,Brandi,Huang,GEO0789,Consumer,2025-09-15T11:57:44,2026-01-24T21:37:05,0
C006683,rnewman@example.net,Mario,Lynch,GEO0310,SMB,2024-02-27T08:34:57,2024-08-23T10:27:10,0
C006684,lynchkelsey@example.net,Jerry,Allen,GEO0462,Consumer,2025-05-10T19:27:50,2025-09-30T06:43:49,0
C006685,melinda85@example.com,Megan,Hernandez,GEO0723,SMB,2024-05-07T02:49:09,2024-05-07T20:38:39,0
C006686,josepena@example.net,Zachary,Lynch,GEO0240,SMB,2025-07-16T21:34:42,2026-01-16T22:30:35,0
C006687,mmiller@example.org,Michael,Choi,GEO0231,Mid-Market,2024-06-05T22:30:30,2025-05-09T03:20:14,0
C006688,bdiaz@example.net,Daisy,Matthews,GEO0732,SMB,2025-11-04T04:03:44,2026-01-18T14:55:47,0
C006689,nelsonbrenda@example.net,Katherine,Hooper,GEO0313,Consumer,2024-12-28T12:24:39,2025-10-27T03:43:59,0
C006690,caleb79@example.com,Courtney,Moore,GEO0694,Mid-Market,2024-05-11T17:20:54,2025-06-20T16:21:36,0
C006691,lopezcaitlin@example.net,Christina,Cross,GEO0477,SMB,2024-10-08T02:26:18,2025-12-02T18:15:13,0
C006692,hillmelissa@example.net,Christopher,Jones,GEO0522,Consumer,2026-02-23T02:20:24,2026-03-01T20:45:34,0
C006693,kennedyevan@example.com,Matthew,Black,GEO0404,Consumer,2024-11-15T05:24:47,2026-01-20T04:06:33,0
C006694,qnelson@example.org,Meagan,Johnston,GEO0244,Mid-Market,2025-02-06T22:42:50,2025-02-11T22:15:48,0
C006695,roberttran@example.net,Tara,Reed,GEO0097,Consumer,2024-09-12T07:43:23,2025-01-15T17:20:55,0
C006696,whitneytrevor@example.org,Vanessa,Clayton,GEO0051,Mid-Market,2024-05-28T21:05:27,2025-05-25T12:05:12,0
C006697,kellyleah@example.org,Ashley,Jimenez,GEO0314,SMB,2024-03-04T23:51:15,2025-11-29T16:28:05,0
C006698,tamarasandoval@example.com,Sean,Jennings,GEO0319,SMB,2025-11-17T16:18:43,2025-12-28T08:19:59,0
C006699,markvang@example.net,Katherine,Marks,GEO0186,Consumer,2024-07-22T00:29:41,2025-05-17T10:52:43,0
C006700,sporter@example.net,Amy,Coleman,GEO0231,Mid-Market,2025-04-06T15:30:58,2025-09-01T03:41:56,0
C006701,smithmatthew@example.net,Anna,Anderson,GEO0102,Mid-Market,2025-03-06T11:55:06,2025-11-17T06:06:25,0
C006702,omarhernandez@example.net,Jacob,Oliver,GEO0738,Consumer,2024-07-24T11:14:54,2025-03-29T22:27:12,0
C006703,kristen00@example.org,Teresa,Cooper,GEO0626,SMB,2024-12-06T23:22:29,2025-11-23T16:52:24,0
C006704,longdebra@example.org,Kyle,Adams,GEO0548,SMB,2024-02-27T01:11:52,2025-02-05T00:29:46,0
C006705,xwilliams@example.com,Hannah,Merritt,GEO0790,SMB,2025-03-13T01:59:24,2026-01-01T20:43:22,0
C006706,amanda74@example.com,Paul,Cisneros,GEO0078,SMB,2025-06-11T22:09:27,2025-07-22T01:26:32,0
C006707,raymondamanda@example.com,Scott,Caldwell,GEO0614,SMB,2025-02-23T11:55:54,2025-06-10T04:24:48,0
C006708,duffycody@example.net,Brian,Moran,GEO0102,SMB,2025-05-23T03:41:45,2025-10-02T02:11:43,0
C006709,pwright@example.com,Kyle,Townsend,GEO0553,Mid-Market,2024-01-15T08:12:36,2025-04-05T16:18:32,0
C006710,wagnerlori@example.org,Brandon,Moore,GEO0069,SMB,2024-08-03T18:50:49,2025-09-04T01:00:00,0
C006711,alexisnorman@example.net,Thomas,Cooper,GEO0744,Mid-Market,2024-03-09T21:43:09,2024-03-16T16:31:06,0
C006712,jasonwaters@example.com,Victoria,Hampton,GEO0371,Consumer,2025-10-09T16:56:35,2025-11-09T18:13:45,0
C006713,sarahsweeney@example.com,Max,Cole,GEO0764,Mid-Market,2025-08-18T20:09:30,2025-09-07T18:06:32,0
C006714,michael58@example.com,Angela,Shepard,GEO0106,Consumer,2025-08-12T17:53:54,2025-09-08T19:34:30,0
C006715,angel66@example.com,Valerie,Mason,GEO0292,Consumer,2025-09-10T03:26:21,2025-09-10T03:54:33,0
C006716,dianecollins@example.net,Thomas,Walker,GEO0531,SMB,2024-03-16T23:23:29,2025-05-21T23:00:06,0
C006717,brownmatthew@example.com,Richard,Baker,GEO0349,Mid-Market,2024-02-02T13:45:28,2026-01-02T10:47:08,0
C006718,johnwallace@example.net,Michael,Richards,GEO0685,Consumer,2025-02-25T09:38:50,2025-04-10T10:08:43,0
C006719,keith04@example.org,Hannah,Collins,GEO0050,Consumer,2025-09-21T05:32:06,2026-01-02T13:21:50,0
C006720,murphyjulie@example.org,Kathy,Olson,GEO0327,SMB,2024-03-23T15:12:04,2024-10-20T02:54:39,0
C006721,vmorrison@example.net,Daniel,Jones,GEO0347,SMB,2025-04-16T18:15:07,2025-08-16T10:08:45,0
C006722,garzadeborah@example.org,Amanda,Alexander,GEO0539,SMB,2026-01-31T21:27:51,2026-02-05T11:21:39,0
C006723,diana55@example.net,Joshua,Thompson,GEO0638,SMB,2025-05-18T21:23:04,2025-07-04T16:56:08,0
C006724,ortegajohn@example.net,Edward,Jones,GEO0343,SMB,2025-03-23T20:49:21,2025-05-18T12:13:38,0
C006725,dboone@example.net,Christopher,Meyer,GEO0630,Consumer,2025-04-11T15:06:49,2025-09-26T08:34:44,0
C006726,reevesnicholas@example.net,Kristen,Phillips,GEO0516,Consumer,2025-02-27T17:05:55,2025-06-06T09:07:14,0
C006727,nicholasgallegos@example.net,Cindy,Smith,GEO0256,Consumer,2024-12-07T06:12:18,2025-06-30T00:45:30,0
C006728,cassandra71@example.com,Jeffrey,Perry,GEO0715,SMB,2025-08-29T20:32:28,2025-11-20T14:19:41,0
C006729,thomas93@example.net,Kevin,Castillo,GEO0661,SMB,2024-10-29T22:20:19,2025-10-26T08:34:09,0
C006730,jenniferbutler@example.com,Crystal,Davis,GEO0614,SMB,2025-06-11T06:39:35,2025-09-09T03:48:08,0
C006731,ytrujillo@example.com,Tammy,Stewart,GEO0787,SMB,2024-12-03T16:34:31,2025-08-01T08:52:02,0
C006732,fernandezjaime@example.net,Robert,Stewart,GEO0659,Consumer,2024-12-25T06:49:04,2025-06-17T02:13:19,0
C006733,steinsergio@example.net,Jill,Bowman,GEO0626,SMB,2025-11-12T11:03:34,2026-02-10T21:26:20,0
C006734,villarrealjames@example.org,Dennis,Barnes,GEO0590,Mid-Market,2025-03-04T18:58:27,2026-02-20T23:14:34,0
C006735,lucas74@example.org,Donald,Fuller,GEO0379,SMB,2024-09-29T15:56:31,2024-12-18T07:19:05,0
C006736,sara95@example.net,Kathryn,Dunlap,GEO0543,Mid-Market,2024-12-13T07:41:51,2025-09-04T22:59:57,0
C006737,xberry@example.net,Monica,Davis,GEO0327,Consumer,2025-10-17T08:55:53,2025-11-08T00:27:23,0
C006738,robertdavis@example.org,Tyler,Allen,GEO0400,Consumer,2025-04-14T19:46:46,2026-02-25T14:26:53,0
C006739,danielmeyer@example.net,John,Perkins,GEO0100,SMB,2025-01-10T05:45:49,2025-01-31T13:52:31,0
C006740,daniel34@example.com,Brandy,Thompson,GEO0749,Consumer,2024-02-20T19:14:13,2025-03-10T14:54:43,0
C006741,lisasteele@example.org,Tami,White,GEO0039,SMB,2025-04-10T09:54:06,2025-04-27T23:57:43,0
C006742,luis71@example.org,Katie,Chaney,GEO0316,Consumer,2024-09-14T18:30:57,2025-01-16T23:49:48,0
C006743,nnelson@example.com,Curtis,Logan,GEO0544,Consumer,2025-06-16T22:03:57,2025-06-22T06:42:58,0
C006744,williejenkins@example.org,Tyler,Brown,GEO0164,Consumer,2024-10-08T19:47:15,2025-03-28T23:48:32,0
C006745,coryscott@example.org,David,Manning,GEO0299,Mid-Market,2025-05-03T21:07:58,2026-01-06T06:43:46,0
C006746,riversaaron@example.net,Melissa,Hughes,GEO0288,Consumer,2024-05-18T06:05:42,2024-05-29T13:25:25,0
C006747,joshua34@example.net,Robert,White,GEO0713,Mid-Market,2025-03-22T11:06:53,2025-12-03T08:30:32,0
C006748,nwaller@example.org,Jenny,Sanders,GEO0196,SMB,2025-06-04T22:57:41,2026-01-29T16:35:32,0
C006749,pagedanielle@example.net,Linda,Beck,GEO0094,Mid-Market,2024-12-24T20:45:46,2025-09-01T19:46:56,0
C006750,kjohnson@example.com,Edward,Ward,GEO0171,Mid-Market,2025-04-21T18:30:05,2025-06-10T09:55:38,0
C006751,adamsdanielle@example.net,Jeremy,Bell,GEO0136,Mid-Market,2025-04-14T09:26:04,2026-02-21T01:59:24,0
C006752,wellsdebra@example.net,Patrick,Romero,GEO0644,Consumer,2025-12-26T07:40:45,2026-02-09T03:01:34,0
C006753,bakerjulie@example.net,Larry,Cox,GEO0669,Mid-Market,2025-10-26T23:58:13,2026-02-24T04:48:31,0
C006754,wwilliams@example.org,Lynn,Frey,GEO0762,SMB,2025-06-13T12:33:54,2026-01-16T17:42:38,0
C006755,justin72@example.org,Jonathan,Snow,GEO0404,SMB,2025-06-21T04:01:01,2025-08-18T05:24:51,0
C006756,leah30@example.com,Patricia,Ali,GEO0191,Mid-Market,2024-03-02T07:03:56,2025-01-20T04:16:06,0
C006757,chloesmith@example.com,Diana,Durham,GEO0738,Consumer,2024-10-06T01:46:28,2025-11-26T11:54:06,0
C006758,thomassingleton@example.org,James,Williams,GEO0797,Consumer,2024-08-16T10:11:53,2025-06-01T19:23:30,0
C006759,xjohnson@example.com,Anna,Orr,GEO0708,Consumer,2024-02-24T22:40:48,2025-09-29T13:55:44,0
C006760,jefferydiaz@example.com,Richard,Hicks,GEO0064,Mid-Market,2024-02-01T08:50:40,2025-12-28T18:10:48,0
C006761,foxeric@example.com,Nicole,Salazar,GEO0706,SMB,2025-08-27T01:19:49,2025-11-16T06:33:27,0
C006762,yphillips@example.com,Bethany,Williams,GEO0317,SMB,2025-03-30T02:09:44,2026-01-14T14:26:31,0
C006763,jennifer73@example.org,Rebecca,Smith,GEO0665,Consumer,2024-06-04T20:54:12,2025-05-13T09:40:20,0
C006764,richardprice@example.net,Emily,Smith,GEO0035,Consumer,2026-02-07T08:46:14,2026-02-10T11:47:12,0
C006765,stephen50@example.org,Spencer,Edwards,GEO0377,Mid-Market,2025-11-12T20:12:43,2025-12-20T17:52:53,0
C006766,robert65@example.com,Zachary,Hubbard,GEO0018,Mid-Market,2025-08-13T22:55:23,2025-10-14T02:11:55,0
C006767,brewermarcus@example.com,Mikayla,Crawford,GEO0140,Consumer,2024-02-21T16:49:21,2025-10-03T01:19:03,1
C006768,frankjackson@example.org,Bobby,Allen,GEO0479,Consumer,2024-01-31T08:06:43,2025-05-06T01:13:25,0
C006769,rosshannah@example.net,Daniel,Johnson,GEO0770,Consumer,2024-09-14T07:51:31,2025-05-26T06:04:13,0
C006770,ephelps@example.org,Joanne,Sanchez,GEO0717,Consumer,2025-10-10T09:04:18,2026-01-30T03:51:32,0
C006771,matthewmiller@example.net,Laura,Davis,GEO0316,SMB,2025-05-08T05:54:04,2026-01-08T15:38:54,0
C006772,tina20@example.org,Amy,Rodriguez,GEO0030,Mid-Market,2025-11-06T23:18:46,2025-11-24T20:39:11,0
C006773,javierspencer@example.net,Melissa,Bonilla,GEO0652,Consumer,2024-02-05T15:08:31,2024-11-04T17:49:08,0
C006774,adamsjennifer@example.org,Cynthia,Spears,GEO0355,SMB,2025-12-26T02:57:30,2026-02-07T00:46:59,0
C006775,derek49@example.org,George,Allen,GEO0260,Mid-Market,2025-12-01T13:15:05,2025-12-29T04:17:43,0
C006776,jesseanderson@example.net,Brian,Johnson,GEO0614,Mid-Market,2025-11-09T08:37:24,2026-02-21T02:39:57,0
C006777,davidfox@example.net,George,Hopkins,GEO0569,Mid-Market,2025-12-16T20:20:05,2026-02-04T12:10:30,0
C006778,josephyoung@example.org,Danielle,Huff,GEO0280,SMB,2024-10-09T15:03:27,2025-03-20T22:34:57,0
C006779,kleinjesus@example.org,Katherine,Munoz,GEO0081,Mid-Market,2025-03-19T13:10:53,2025-07-06T14:32:23,0
C006780,fwilson@example.com,Ivan,Ramirez,GEO0047,SMB,2026-02-07T14:06:43,2026-02-21T03:11:04,0
C006781,ricky76@example.com,Brian,Saunders,GEO0196,Mid-Market,2025-08-27T06:54:44,2026-02-10T19:50:05,0
C006782,xellis@example.org,Nicholas,Stein,GEO0023,Mid-Market,2025-01-23T23:30:00,2025-12-29T15:40:00,0
C006783,arnoldaaron@example.com,Bernard,Brown,GEO0649,Consumer,2024-05-10T20:28:36,2025-07-18T05:47:17,0
C006784,paulayoung@example.org,David,Fry,GEO0172,Consumer,2024-12-10T14:32:54,2025-05-07T06:00:44,0
C006785,griffithmatthew@example.com,Mary,Martin,GEO0078,Consumer,2024-01-11T19:34:31,2025-06-06T20:48:02,0
C006786,burnssarah@example.org,Ruben,Matthews,GEO0665,SMB,2024-10-20T10:53:36,2025-03-26T23:38:05,0
C006787,manuel98@example.net,Thomas,Hayes,GEO0446,Mid-Market,2026-02-20T13:34:41,2026-02-24T19:41:32,0
C006788,ugonzalez@example.net,Ian,Turner,GEO0657,SMB,2025-12-14T19:45:12,2026-01-05T00:13:46,0
C006789,calebreynolds@example.net,Ernest,Lopez,GEO0698,Consumer,2024-05-24T12:35:54,2025-07-10T16:30:01,0
C006790,sophiadickerson@example.org,Alexa,Hartman,GEO0511,Consumer,2025-12-02T15:23:23,2026-02-02T17:23:50,0
C006791,vincentreilly@example.org,Jennifer,Robinson,GEO0466,SMB,2024-10-20T15:45:44,2026-01-22T12:56:20,0
C006792,cruztodd@example.org,Kelsey,Hensley,GEO0770,Mid-Market,2024-01-05T04:16:47,2025-03-08T09:13:01,0
C006793,samantha01@example.com,Kevin,Jackson,GEO0440,Consumer,2025-06-01T07:08:09,2025-08-28T11:29:23,0
C006794,sandra29@example.org,Johnathan,Wood,GEO0612,Consumer,2024-09-21T04:10:26,2025-10-28T09:48:15,0
C006795,hleonard@example.net,Madison,Bradley,GEO0359,Mid-Market,2025-01-17T00:36:17,2025-06-27T11:47:41,0
C006796,rebeccaterry@example.com,Austin,Perry,GEO0186,Consumer,2025-03-30T03:18:49,2026-01-15T04:42:27,0
C006797,heatheraustin@example.org,James,Best,GEO0395,Consumer,2024-06-30T21:16:31,2025-09-21T13:00:12,0
C006798,daniel35@example.net,Lori,Luna,GEO0094,Mid-Market,2024-06-04T16:03:30,2024-08-14T01:03:09,0
C006799,jaredboyd@example.net,Dawn,Aguilar,GEO0594,Mid-Market,2024-11-19T22:33:43,2025-12-12T13:17:07,0
C006800,simonlindsay@example.net,Andrew,Allen,GEO0346,Mid-Market,2025-04-15T18:15:38,2026-02-17T12:39:30,0
C006801,rileyjulie@example.com,Anna,Ward,GEO0026,Mid-Market,2024-09-07T20:14:48,2025-04-02T07:32:12,0
C006802,brian25@example.com,David,White,GEO0749,Mid-Market,2024-07-19T14:52:27,2026-02-06T16:13:35,0
C006803,alexisolson@example.net,Robert,Beasley,GEO0298,Mid-Market,2025-02-12T18:50:33,2025-04-29T11:32:07,0
C006804,tmorrison@example.net,Margaret,Long,GEO0432,Consumer,2025-04-03T17:55:46,2025-11-11T17:06:58,0
C006805,umitchell@example.net,Karen,Jackson,GEO0560,Consumer,2024-12-22T23:09:15,2025-06-10T01:31:51,0
C006806,adamsjohn@example.com,Stephanie,James,GEO0788,Mid-Market,2025-10-12T22:40:39,2025-12-11T15:34:31,0
C006807,blake69@example.org,Elizabeth,Taylor,GEO0203,Mid-Market,2026-01-20T11:08:07,2026-02-26T19:33:01,0
C006808,francismason@example.org,Erica,Wood,GEO0359,SMB,2025-06-12T19:25:01,2025-09-20T06:59:18,0
C006809,patricia11@example.net,Elizabeth,Mcclain,GEO0587,Mid-Market,2025-08-31T23:22:03,2026-01-16T12:29:09,0
C006810,michael62@example.net,Kevin,Jones,GEO0499,SMB,2024-06-06T21:40:27,2024-12-12T17:05:57,0
C006811,ckeller@example.com,Paula,Romero,GEO0603,SMB,2025-04-05T14:29:47,2025-11-18T17:54:26,0
C006812,stephanie59@example.com,Kevin,Johnson,GEO0219,Mid-Market,2025-03-29T22:14:44,2026-01-31T15:04:34,0
C006813,rogeradams@example.com,Megan,Nguyen,GEO0270,Consumer,2025-09-15T11:41:36,2026-01-05T08:58:27,0
C006814,tiffanymoore@example.com,Luke,Jefferson,GEO0258,Mid-Market,2025-08-10T07:13:02,2025-11-10T06:44:31,0
C006815,donaldrussell@example.org,Kenneth,Walker,GEO0379,Mid-Market,2024-02-13T13:10:16,2024-07-05T12:07:03,0
C006816,dominguezrebecca@example.org,Timothy,Reed,GEO0141,Consumer,2024-08-29T04:17:35,2025-12-25T15:12:24,0
C006817,james10@example.net,Calvin,Lowe,GEO0718,Mid-Market,2024-04-21T17:17:49,2026-01-01T03:39:34,0
C006818,pferguson@example.org,Christine,Barry,GEO0226,SMB,2025-02-22T02:13:09,2025-12-16T09:01:25,0
C006819,john12@example.org,Victoria,Martin,GEO0444,SMB,2025-01-08T05:16:29,2025-08-02T06:38:35,0
C006820,chill@example.com,Samuel,Ford,GEO0190,Consumer,2025-05-02T12:42:44,2026-01-24T10:02:00,0
C006821,ogonzales@example.net,Patrick,Campbell,GEO0142,Mid-Market,2024-05-23T21:45:19,2025-01-10T16:41:45,0
C006822,oburton@example.org,Steven,Hopkins,GEO0414,Mid-Market,2024-12-29T00:01:37,2025-11-12T18:58:32,0
C006823,stevenschristopher@example.org,Jessica,Quinn,GEO0735,Mid-Market,2025-03-20T22:36:10,2025-08-04T20:51:56,0
C006824,tayloryvonne@example.com,Alexandra,Smith,GEO0197,Consumer,2025-12-07T10:04:55,2026-01-10T19:01:19,0
C006825,tobrien@example.org,Daniel,Rodgers,GEO0648,SMB,2026-02-12T23:14:22,2026-02-27T11:17:14,0
C006826,lparker@example.net,Andrew,Ramirez,GEO0431,SMB,2024-10-20T07:24:53,2025-03-19T19:36:25,0
C006827,serranodiane@example.net,Bryan,Jackson,GEO0553,Consumer,2026-01-02T15:31:46,2026-03-01T18:38:40,0
C006828,gwendolyndennis@example.com,Samantha,Thompson,GEO0698,Consumer,2025-04-12T04:10:09,2025-11-17T09:55:58,0
C006829,campbellcarolyn@example.org,Jennifer,Perry,GEO0242,Mid-Market,2026-01-17T02:48:20,2026-02-01T07:02:00,0
C006830,beasleychristopher@example.org,Brian,Williams,GEO0062,Consumer,2025-05-23T04:29:49,2025-11-25T23:03:54,0
C006831,gina31@example.org,Lauren,Wood,GEO0570,SMB,2025-05-02T19:30:48,2025-12-11T22:36:15,0
C006832,robinsonmichael@example.net,William,Dunn,GEO0256,Mid-Market,2025-07-04T01:57:20,2025-07-31T08:22:15,0
C006833,hughesalexis@example.com,Sean,Patrick,GEO0723,SMB,2025-07-21T20:38:43,2025-07-23T03:59:27,0
C006834,adamsjoseph@example.org,Michael,Jones,GEO0487,Consumer,2024-03-13T01:31:21,2024-03-19T01:01:25,0
C006835,wsmith@example.org,Joseph,Anderson,GEO0546,Mid-Market,2026-02-27T21:05:22,2026-02-28T16:56:59,0
C006836,rwells@example.org,Calvin,Osborne,GEO0530,Consumer,2025-08-05T18:57:42,2025-09-14T04:55:16,0
C006837,vwilson@example.org,David,Solomon,GEO0017,SMB,2024-11-22T13:21:11,2025-03-10T05:08:06,0
C006838,uthompson@example.com,Meghan,Scott,GEO0424,Mid-Market,2026-01-30T19:19:17,2026-02-23T02:12:39,0
C006839,christina41@example.org,Philip,Holland,GEO0338,Mid-Market,2025-08-08T11:41:05,2025-11-30T12:36:38,0
C006840,arichmond@example.net,Jonathan,Terry,GEO0572,Consumer,2024-08-01T07:35:05,2025-06-21T13:37:20,0
C006841,ulopez@example.com,Jason,Atkinson,GEO0648,SMB,2024-02-12T00:22:47,2025-12-18T21:48:27,0
C006842,crawfordvictor@example.org,Jacob,Smith,GEO0492,Mid-Market,2025-01-13T02:00:53,2025-08-21T06:26:57,0
C006843,marcjohnson@example.net,Vanessa,Flores,GEO0255,Consumer,2025-10-28T04:33:54,2025-12-29T09:02:45,0
C006844,kevinsmith@example.net,Samuel,Moody,GEO0759,Mid-Market,2025-05-29T03:04:29,2025-09-03T00:43:24,0
C006845,icraig@example.com,Katie,Hall,GEO0159,Consumer,2025-09-07T16:09:04,2025-11-16T10:08:34,0
C006846,rickgarcia@example.org,Sandra,Aguilar,GEO0510,Mid-Market,2025-06-15T19:48:37,2026-01-04T04:32:36,0
C006847,kimberlywhitaker@example.net,Tonya,Raymond,GEO0237,Consumer,2024-08-28T20:11:35,2025-06-17T01:23:09,0
C006848,kendra09@example.net,Felicia,Wilson,GEO0391,SMB,2025-05-29T01:20:24,2025-06-24T17:59:12,0
C006849,hdavid@example.net,Derek,Haynes,GEO0743,Mid-Market,2024-04-19T03:09:41,2025-06-11T01:16:44,0
C006850,zacharywest@example.com,Jessica,Rogers,GEO0613,SMB,2025-07-13T23:33:36,2025-10-28T10:16:39,0
C006851,cindy54@example.net,James,Zimmerman,GEO0557,Consumer,2025-07-18T17:17:17,2025-07-21T19:55:15,0
C006852,hernandezronald@example.net,Glenn,Sanchez,GEO0159,SMB,2025-03-14T09:29:04,2026-01-26T05:57:31,0
C006853,zgarrett@example.com,Patricia,Dunn,GEO0586,Mid-Market,2024-02-22T11:16:32,2025-06-04T09:33:30,0
C006854,johnsonchad@example.org,Ariana,Blair,GEO0499,SMB,2024-12-10T12:09:14,2024-12-24T23:03:53,0
C006855,rhernandez@example.org,Andrew,Simmons,GEO0656,Consumer,2025-02-05T18:41:19,2025-06-24T20:25:55,0
C006856,hjimenez@example.org,Elizabeth,Gibson,GEO0063,Consumer,2025-01-04T03:08:53,2026-02-07T21:49:46,0
C006857,smithaaron@example.net,Patricia,King,GEO0092,Consumer,2024-12-08T13:25:40,2025-06-17T12:27:53,0
C006858,gordonlaura@example.net,Michael,Baldwin,GEO0110,Consumer,2025-01-03T11:39:01,2025-09-21T11:41:23,0
C006859,jamesgill@example.com,Shawn,White,GEO0132,SMB,2025-04-13T10:31:34,2026-02-01T06:52:51,0
C006860,emilymoody@example.com,Christopher,Page,GEO0572,Mid-Market,2025-08-09T07:37:06,2026-01-10T09:31:17,0
C006861,allengriffin@example.org,Brittany,Coffey,GEO0694,Consumer,2025-04-17T18:53:37,2025-05-08T22:12:20,0
C006862,sheltonpatrick@example.com,Brian,Fleming,GEO0213,Consumer,2024-06-05T22:50:49,2026-01-06T23:59:59,0
C006863,btapia@example.org,Tiffany,Rosales,GEO0594,Mid-Market,2024-01-19T03:01:08,2025-04-29T13:58:50,0
C006864,spenceraaron@example.org,Colleen,Newton,GEO0584,Consumer,2025-05-24T09:11:16,2025-09-17T05:05:06,0
C006865,dominiquepowers@example.com,Peter,Webb,GEO0768,Mid-Market,2025-10-09T01:08:27,2026-01-23T21:08:15,0
C006866,hsmith@example.com,Jeremy,Brock,GEO0046,Consumer,2025-04-05T20:59:35,2025-05-30T07:54:50,0
C006867,lisalarson@example.com,Bradley,Myers,GEO0492,Mid-Market,2024-01-08T17:15:06,2024-10-03T11:10:15,0
C006868,fday@example.com,Alan,Baldwin,GEO0409,Consumer,2025-06-30T06:19:24,2025-08-24T06:47:56,0
C006869,andrew00@example.com,Marie,Williams,GEO0410,SMB,2025-06-11T08:40:09,2025-12-14T13:20:25,0
C006870,kelleybradley@example.net,Christy,Ward,GEO0737,SMB,2025-07-19T13:48:34,2025-07-27T23:42:21,0
C006871,belltheresa@example.com,Patricia,Reilly,GEO0319,Consumer,2025-07-21T01:03:45,2025-10-21T17:36:42,0
C006872,lauren99@example.net,Keith,Jones,GEO0676,Consumer,2025-12-17T17:07:20,2026-02-15T11:55:57,0
C006873,josebutler@example.com,Brandon,Smith,GEO0125,SMB,2024-04-04T08:14:43,2025-10-12T22:47:51,1
C006874,caitlynwalton@example.net,Chelsea,Williams,GEO0392,SMB,2024-12-07T17:06:35,2025-10-28T01:30:29,0
C006875,hdavis@example.net,William,Harmon,GEO0190,SMB,2025-12-30T19:59:46,2026-02-26T03:51:18,0
C006876,cheryl83@example.com,Trevor,Baker,GEO0553,Mid-Market,2025-06-27T03:22:42,2026-01-06T20:50:53,0
C006877,youngmary@example.org,Shannon,Ramirez,GEO0110,SMB,2024-10-29T13:26:05,2026-01-26T19:42:38,0
C006878,dicksonkatie@example.com,Scott,Watson,GEO0327,Consumer,2024-09-15T14:05:02,2024-09-18T13:58:23,0
C006879,ramirezmargaret@example.com,Darlene,Gonzalez,GEO0582,SMB,2024-05-24T12:27:34,2025-12-11T11:18:54,0
C006880,cooksean@example.net,Sheila,Heath,GEO0632,Mid-Market,2024-11-17T10:15:49,2026-02-07T20:43:25,0
C006881,christinewilliams@example.net,John,Hansen,GEO0003,SMB,2025-05-24T13:27:23,2025-11-20T19:38:02,0
C006882,meadowsstacey@example.org,Jason,Simpson,GEO0575,Consumer,2025-11-09T08:18:59,2026-02-16T04:14:57,0
C006883,xramos@example.com,Thomas,Richardson,GEO0067,Consumer,2025-07-28T13:11:11,2025-11-02T13:17:32,0
C006884,kelseynguyen@example.org,Pamela,Wright,GEO0415,Mid-Market,2024-11-13T20:06:33,2025-10-10T12:06:19,0
C006885,mmitchell@example.org,Tyler,Holmes,GEO0359,Mid-Market,2024-06-13T16:14:25,2025-01-22T22:21:34,0
C006886,briangardner@example.net,Anthony,Vasquez,GEO0775,Mid-Market,2024-03-02T11:48:13,2024-09-23T02:42:23,0
C006887,chasedarrell@example.org,Cynthia,Pham,GEO0502,Consumer,2025-10-07T02:43:12,2026-01-03T13:07:52,0
C006888,shawmelanie@example.com,Rebecca,Hess,GEO0106,Consumer,2025-03-30T05:31:32,2025-08-25T15:12:19,0
C006889,rsmith@example.net,Angel,Marshall,GEO0689,Mid-Market,2025-04-12T06:28:10,2025-07-10T07:49:39,0
C006890,ipadilla@example.com,Daniel,Morales,GEO0494,Consumer,2026-02-04T15:48:24,2026-02-06T19:44:55,0
C006891,hartvictor@example.com,Jose,Adams,GEO0091,Consumer,2025-07-24T05:22:33,2025-12-10T10:42:33,0
C006892,campbellkristen@example.com,Julie,Mccarthy,GEO0724,Mid-Market,2024-10-06T06:07:13,2025-08-23T22:43:43,0
C006893,brobbins@example.net,Donald,Norris,GEO0387,Consumer,2024-11-07T16:28:19,2025-06-23T08:01:55,0
C006894,cnorris@example.org,Ryan,Smith,GEO0536,Mid-Market,2024-07-18T15:09:36,2025-09-20T03:47:31,0
C006895,kimberly02@example.net,Patrick,Reese,GEO0039,SMB,2025-02-21T14:31:37,2025-12-10T01:24:07,0
C006896,alexandraturner@example.com,Michael,Rivera,GEO0701,Mid-Market,2024-09-05T09:16:09,2025-08-07T03:05:32,0
C006897,rebeccazimmerman@example.net,Logan,Weaver,GEO0747,SMB,2025-09-03T08:21:20,2025-09-22T18:57:42,0
C006898,nleach@example.net,Rachael,Horn,GEO0275,Consumer,2024-10-23T11:59:08,2025-07-13T13:15:19,0
C006899,wkrause@example.org,Natalie,Richmond,GEO0524,Consumer,2024-09-14T02:27:54,2024-12-12T21:28:03,0
C006900,thompsonamber@example.net,Scott,Miller,GEO0366,Mid-Market,2025-10-27T12:16:38,2026-02-20T03:19:19,0
C006901,kevin33@example.net,Erica,Alexander,GEO0537,Consumer,2024-08-05T15:44:22,2025-02-04T00:06:52,0
C006902,nicholasschneider@example.org,Christine,Singleton,GEO0064,Mid-Market,2025-01-25T03:17:27,2026-01-04T03:24:43,0
C006903,samuel37@example.net,Kevin,Long,GEO0400,Consumer,2024-11-01T11:56:30,2025-02-25T06:30:27,0
C006904,danielespinoza@example.net,Jonathan,Page,GEO0170,SMB,2025-06-14T00:46:39,2025-07-29T06:17:04,0
C006905,smithjustin@example.net,Gabriel,Freeman,GEO0217,Mid-Market,2025-05-18T02:00:39,2025-05-20T15:07:36,0
C006906,eric34@example.com,Jennifer,Barrett,GEO0319,Mid-Market,2025-05-08T03:42:19,2025-10-31T03:19:37,0
C006907,chad21@example.com,Travis,Moss,GEO0238,SMB,2024-04-11T18:54:44,2026-02-07T11:20:34,0
C006908,bwilliams@example.com,Sonia,Simmons,GEO0257,Mid-Market,2024-07-12T15:54:13,2025-08-08T17:02:55,0
C006909,william97@example.net,Erica,Thornton,GEO0511,Mid-Market,2024-06-28T12:27:46,2024-09-15T16:03:34,0
C006910,jessicaabbott@example.com,Andrea,Campos,GEO0261,Mid-Market,2024-09-04T16:56:04,2025-09-30T17:19:33,0
C006911,angelarivera@example.net,Danielle,Williams,GEO0452,Mid-Market,2025-04-24T05:12:41,2025-05-05T19:38:02,0
C006912,jennifer50@example.net,Jesse,Andrews,GEO0275,SMB,2024-01-18T23:59:24,2024-10-26T08:21:00,0
C006913,mlee@example.net,Jon,Whitney,GEO0319,Mid-Market,2024-01-23T00:24:42,2024-01-25T08:22:45,0
C006914,bmorrison@example.net,David,Scott,GEO0601,Mid-Market,2024-05-07T19:39:03,2025-10-12T02:53:32,0
C006915,idavies@example.net,Jennifer,Leon,GEO0649,Consumer,2024-08-24T01:01:11,2026-01-10T20:52:24,0
C006916,isaacpeters@example.org,Michelle,Cooper,GEO0456,Consumer,2026-01-01T14:11:10,2026-01-14T15:14:53,0
C006917,andrewsmith@example.net,Lauren,Garcia,GEO0182,SMB,2025-09-19T01:16:53,2025-11-11T04:58:41,0
C006918,flynnjanice@example.net,Tyler,Coleman,GEO0400,SMB,2024-02-15T18:03:16,2025-06-04T07:22:13,0
C006919,jonesbryan@example.net,Kathy,Solis,GEO0764,Consumer,2024-05-24T13:48:52,2025-06-02T08:37:13,0
C006920,sarahramirez@example.com,Chad,Obrien,GEO0047,SMB,2026-02-18T06:36:29,2026-02-21T09:53:23,0
C006921,carriebrewer@example.com,Michael,Molina,GEO0298,Mid-Market,2024-07-18T21:22:51,2025-10-05T09:09:26,0
C006922,jamescrawford@example.net,Daniel,Curtis,GEO0130,SMB,2025-10-10T01:45:01,2026-02-04T05:29:16,0
C006923,duane50@example.com,Leah,Parker,GEO0631,Mid-Market,2024-01-12T10:05:16,2025-11-12T22:15:07,0
C006924,brandongonzalez@example.com,Margaret,Brown,GEO0128,SMB,2025-01-31T02:50:04,2025-12-08T19:54:05,0
C006925,ramosronald@example.com,Michelle,Cook,GEO0486,SMB,2024-07-23T11:26:19,2024-09-11T20:48:10,0
C006926,watersjames@example.net,Lucas,Pope,GEO0239,SMB,2025-01-04T05:27:02,2025-01-25T13:08:34,0
C006927,pmarquez@example.org,Philip,Chavez,GEO0523,Mid-Market,2025-10-23T21:11:10,2025-12-10T16:16:13,0
C006928,wendyjones@example.org,Teresa,Ruiz,GEO0070,Mid-Market,2025-04-18T19:12:34,2026-02-17T10:59:36,0
C006929,carneykathy@example.org,Mariah,Navarro,GEO0160,Mid-Market,2025-01-11T18:10:09,2025-06-26T02:41:30,0
C006930,christinakim@example.net,Caleb,Hill,GEO0252,SMB,2025-05-12T05:38:17,2025-12-25T14:22:25,0
C006931,susanbaker@example.org,Robert,Gardner,GEO0087,Consumer,2024-11-18T05:32:54,2025-12-20T16:43:56,0
C006932,wallacefernando@example.com,Erin,Garner,GEO0550,SMB,2025-11-18T13:12:34,2025-12-12T13:31:26,0
C006933,wharris@example.com,Carlos,Harrell,GEO0353,SMB,2024-12-21T01:13:05,2026-01-01T00:05:10,0
C006934,fjohnson@example.net,Jonathan,Miller,GEO0062,Consumer,2025-10-04T07:14:41,2026-02-13T15:22:50,0
C006935,uparker@example.org,Bryan,Chandler,GEO0528,Mid-Market,2025-10-18T08:11:04,2026-01-03T09:47:32,0
C006936,markrhodes@example.org,Rebecca,Rhodes,GEO0620,SMB,2024-12-09T21:49:48,2025-05-27T14:18:36,0
C006937,ccalderon@example.net,John,Roman,GEO0695,Mid-Market,2025-06-23T20:14:39,2025-10-09T16:12:35,0
C006938,ywoods@example.com,Jorge,Anderson,GEO0641,SMB,2024-05-10T04:23:55,2025-02-27T06:02:39,0
C006939,sheila71@example.com,Melvin,Blackwell,GEO0138,SMB,2024-07-15T22:15:59,2025-06-27T05:04:22,0
C006940,anelson@example.org,Amanda,Casey,GEO0438,Consumer,2025-05-16T21:18:50,2025-11-26T13:54:01,0
C006941,zcardenas@example.net,Kelsey,Maynard,GEO0760,Mid-Market,2025-03-18T23:36:40,2026-01-01T22:47:09,1
C006942,ashleygentry@example.com,Timothy,Price,GEO0640,SMB,2026-02-05T15:06:22,2026-02-20T10:26:57,0
C006943,qwood@example.com,Emily,Green,GEO0271,Mid-Market,2024-01-18T01:42:58,2024-04-05T01:51:13,0
C006944,kimberlysilva@example.net,Katelyn,Waller,GEO0386,Consumer,2024-01-21T05:56:06,2026-01-22T04:13:37,0
C006945,cassidyward@example.com,Mark,Ross,GEO0552,Consumer,2025-01-07T05:06:55,2026-02-27T13:38:32,0
C006946,courtney22@example.net,Brandon,Lane,GEO0125,Consumer,2024-05-19T04:35:22,2025-02-08T03:16:08,0
C006947,qjohnson@example.com,Troy,Sanders,GEO0524,SMB,2024-06-17T07:40:08,2025-08-13T23:47:08,0
C006948,cherylgood@example.net,Melissa,Smith,GEO0201,SMB,2024-10-29T10:12:58,2025-06-29T03:21:41,0
C006949,scruz@example.net,Frank,Griffin,GEO0378,SMB,2024-09-30T03:53:39,2025-11-06T15:34:55,0
C006950,mia88@example.com,Rebecca,Thomas,GEO0555,Mid-Market,2025-05-20T16:51:02,2025-06-29T21:07:40,0
C006951,wbrown@example.net,Zachary,Nelson,GEO0535,Mid-Market,2026-02-18T03:13:11,2026-02-24T17:19:11,0
C006952,jeffrey29@example.net,Hannah,Owens,GEO0761,Mid-Market,2024-06-28T21:25:12,2025-06-08T11:50:17,0
C006953,andreacollins@example.org,Linda,Brown,GEO0057,Mid-Market,2025-09-17T01:13:12,2025-12-25T23:36:45,0
C006954,lori80@example.com,Holly,Robertson,GEO0582,Consumer,2024-03-29T10:28:05,2025-10-31T14:15:11,0
C006955,opark@example.net,Jennifer,Grant,GEO0770,Mid-Market,2025-12-21T03:22:18,2026-02-02T10:08:29,0
C006956,ryanshannon@example.org,Pamela,Pittman,GEO0742,Mid-Market,2025-07-26T15:27:40,2026-02-10T05:40:24,0
C006957,tonyparker@example.com,Dale,Bell,GEO0340,Consumer,2024-07-05T10:27:18,2024-07-27T21:37:14,0
C006958,ylee@example.net,Christopher,Small,GEO0145,Mid-Market,2025-09-29T19:34:27,2026-02-06T19:05:38,0
C006959,combsrichard@example.org,Joy,Lewis,GEO0273,Consumer,2025-01-17T15:44:35,2025-08-28T15:36:25,0
C006960,pkirk@example.net,Allison,Simpson,GEO0362,Mid-Market,2025-08-08T18:13:42,2025-12-20T03:36:41,0
C006961,carterholly@example.org,Rebecca,Carroll,GEO0575,Mid-Market,2025-10-04T09:35:52,2026-01-29T08:24:07,0
C006962,sandersrobert@example.net,David,Jackson,GEO0741,Mid-Market,2024-08-28T02:38:44,2024-09-05T01:09:18,0
C006963,iwilliamson@example.net,Jennifer,Day,GEO0287,SMB,2025-01-05T03:31:54,2025-06-21T16:48:25,0
C006964,zmendoza@example.org,Shari,Jones,GEO0757,SMB,2024-08-10T06:21:13,2025-03-05T05:56:30,0
C006965,henrymarshall@example.net,Crystal,Martinez,GEO0779,Mid-Market,2024-05-13T18:38:25,2025-07-05T13:32:27,0
C006966,jsullivan@example.com,Scott,Hatfield,GEO0369,SMB,2025-06-29T17:53:47,2025-09-05T06:04:05,0
C006967,cgarcia@example.org,Dana,Stone,GEO0170,Consumer,2024-06-14T01:45:42,2025-08-02T11:55:54,0
C006968,steve25@example.com,Amanda,Holt,GEO0454,SMB,2024-03-27T22:39:16,2025-07-12T06:50:39,0
C006969,suebarajas@example.net,Wesley,Zavala,GEO0437,Mid-Market,2025-02-16T11:43:50,2025-07-14T23:12:05,0
C006970,gloverjaime@example.org,Jeffrey,Alexander,GEO0798,SMB,2024-12-14T14:31:04,2025-11-18T01:59:13,0
C006971,matthew24@example.com,Marisa,Cardenas,GEO0497,Mid-Market,2024-02-26T04:29:21,2025-10-05T13:02:35,0
C006972,maynardmichael@example.com,April,Lopez,GEO0452,Mid-Market,2025-10-06T18:48:21,2026-02-23T12:39:28,0
C006973,stacygrant@example.net,Mathew,Wallace,GEO0536,SMB,2024-07-12T16:19:13,2025-03-30T05:12:06,0
C006974,hayesanthony@example.com,Thomas,Simmons,GEO0131,SMB,2025-08-03T10:10:47,2025-08-28T05:22:45,0
C006975,margaretwilson@example.org,Laura,Myers,GEO0357,SMB,2025-07-15T01:27:08,2025-12-26T00:48:39,0
C006976,larry83@example.org,Ricardo,Phillips,GEO0365,Consumer,2025-06-08T17:02:43,2025-10-25T01:41:36,0
C006977,marcus03@example.com,John,Benson,GEO0208,Mid-Market,2026-01-07T23:53:39,2026-02-13T03:20:07,0
C006978,lisadavis@example.org,Ethan,Gould,GEO0051,Mid-Market,2024-11-05T03:18:00,2025-05-07T01:35:22,0
C006979,xhayes@example.net,Cesar,Riley,GEO0345,Consumer,2025-11-12T22:15:43,2025-12-16T15:40:17,0
C006980,melinda77@example.org,Jesse,Warner,GEO0550,Mid-Market,2024-06-14T22:25:58,2025-01-24T13:16:04,0
C006981,bsmith@example.net,Diane,Martinez,GEO0155,Consumer,2024-07-06T13:19:28,2024-11-21T10:44:17,0
C006982,jacobjones@example.com,Laurie,Robinson,GEO0340,Mid-Market,2024-08-12T18:47:55,2025-02-10T09:21:13,0
C006983,nathan36@example.com,Christina,Robertson,GEO0203,SMB,2026-01-11T00:54:18,2026-01-19T08:01:34,0
C006984,samuelhamilton@example.com,Cynthia,Collier,GEO0448,SMB,2024-03-26T09:45:40,2025-01-03T04:23:43,0
C006985,jennifer98@example.org,Anthony,Powell,GEO0622,Mid-Market,2025-08-07T22:52:46,2026-03-01T12:33:41,0
C006986,karenbowers@example.com,Kathleen,Cunningham,GEO0353,Mid-Market,2026-02-08T05:28:50,2026-02-21T16:54:11,0
C006987,bennettjenna@example.org,Joshua,Dillon,GEO0704,Consumer,2025-08-05T17:41:35,2025-08-31T05:09:19,0
C006988,dylan92@example.org,Christopher,Gallegos,GEO0416,SMB,2026-02-26T12:07:59,2026-02-28T05:49:49,0
C006989,sean35@example.org,Ryan,Alvarado,GEO0573,Mid-Market,2024-02-10T15:00:10,2024-02-18T19:48:53,0
C006990,brianriley@example.org,Wayne,Taylor,GEO0681,Mid-Market,2025-08-24T00:38:27,2026-02-12T07:22:55,0
C006991,davissarah@example.org,William,Cummings,GEO0615,Mid-Market,2024-04-13T10:39:04,2024-06-28T15:21:41,0
C006992,brianahoover@example.net,Nicole,Rangel,GEO0359,Consumer,2024-08-29T14:03:08,2025-08-22T06:15:31,0
C006993,woodaaron@example.net,Stephanie,Byrd,GEO0773,Consumer,2025-04-30T17:24:03,2025-10-04T20:15:29,0
C006994,christy47@example.com,Christian,Hansen,GEO0026,SMB,2025-05-05T17:29:11,2025-11-09T06:29:05,0
C006995,sharptiffany@example.net,Austin,Young,GEO0328,Consumer,2024-05-21T21:07:20,2025-01-11T07:14:01,0
C006996,jessica00@example.com,Evelyn,Terry,GEO0291,Consumer,2024-07-23T10:24:36,2025-09-21T08:28:48,0
C006997,fmeyer@example.net,Kayla,Wilson,GEO0224,Consumer,2024-03-09T07:04:59,2024-06-19T11:05:38,0
C006998,jason36@example.org,Ruth,Snyder,GEO0059,Consumer,2025-05-30T19:18:34,2025-10-31T05:09:26,0
C006999,jacobmoss@example.org,David,Odom,GEO0323,Consumer,2025-03-18T02:23:19,2025-07-04T00:37:56,0
C007000,autumn99@example.org,Becky,Blake,GEO0225,Consumer,2025-09-21T06:41:41,2025-12-09T22:36:07,0
C007001,glarson@example.net,Nicholas,Esparza,GEO0657,SMB,2024-03-18T12:40:21,2024-10-04T22:24:27,0
C007002,guzmancarl@example.com,Kelly,Henry,GEO0768,Consumer,2024-03-31T12:19:26,2024-10-17T10:05:47,0
C007003,sstewart@example.net,David,Stout,GEO0381,SMB,2024-11-04T05:11:32,2025-11-25T20:08:13,0
C007004,tiffany48@example.net,James,Sanders,GEO0774,Mid-Market,2024-11-28T06:53:19,2025-08-16T21:20:46,0
C007005,wuvalerie@example.com,Makayla,Smith,GEO0421,Mid-Market,2026-01-03T14:48:39,2026-02-08T06:45:16,0
C007006,petersontina@example.net,Jay,Harmon,GEO0030,SMB,2025-02-20T14:29:20,2025-11-28T07:41:14,0
C007007,hansonkelly@example.net,Kevin,Welch,GEO0684,Consumer,2024-06-29T21:38:31,2024-06-29T21:24:18,0
C007008,dianajacobson@example.com,Jared,Brown,GEO0341,SMB,2025-03-19T02:09:12,2026-02-10T02:20:17,0
C007009,hjohnson@example.com,James,Harris,GEO0471,SMB,2024-06-08T08:29:32,2025-01-03T00:56:28,0
C007010,howardharold@example.com,Tammy,Mcgee,GEO0408,Consumer,2024-12-08T03:25:12,2025-02-18T15:40:01,0
C007011,erica88@example.net,Michele,Lucas,GEO0334,Mid-Market,2024-07-13T08:36:07,2025-03-28T03:55:01,0
C007012,linkevin@example.net,Tyler,Baker,GEO0175,Consumer,2024-12-20T12:38:40,2025-07-11T06:52:59,0
C007013,andrea55@example.com,Tina,Davis,GEO0337,Consumer,2024-10-31T14:59:09,2025-11-08T02:11:58,0
C007014,nhudson@example.org,Jennifer,Johnson,GEO0762,SMB,2025-02-19T21:20:18,2025-06-02T12:31:26,0
C007015,patricia74@example.org,Christopher,Bowman,GEO0669,SMB,2025-10-25T19:27:30,2026-01-11T12:30:40,0
C007016,mikeknight@example.net,Aaron,Palmer,GEO0388,SMB,2024-07-09T19:32:26,2025-01-24T00:57:50,0
C007017,steelelisa@example.com,Tyler,Mcdaniel,GEO0715,Consumer,2025-12-08T06:14:08,2026-02-08T19:49:35,0
C007018,eric85@example.net,William,Cherry,GEO0698,Mid-Market,2026-01-06T04:51:06,2026-02-28T14:00:10,0
C007019,greenwendy@example.net,Jorge,Lawrence,GEO0234,Mid-Market,2025-03-03T15:07:38,2025-12-18T12:04:18,0
C007020,barajaszachary@example.net,Amanda,Benitez,GEO0348,SMB,2025-09-09T19:06:54,2026-01-25T11:07:19,0
C007021,kim85@example.com,Willie,Gonzalez,GEO0095,SMB,2025-04-15T13:07:26,2025-05-06T06:34:18,0
C007022,leeandrew@example.com,Thomas,Walton,GEO0281,Mid-Market,2024-11-30T04:25:01,2026-01-23T13:32:56,0
C007023,brettcoffey@example.net,Robert,Day,GEO0748,Mid-Market,2024-06-10T14:36:20,2025-07-28T02:19:49,0
C007024,april30@example.com,Johnathan,Ellis,GEO0406,Consumer,2026-02-10T18:58:24,2026-02-22T02:43:59,0
C007025,larajonathan@example.org,Jennifer,Bailey,GEO0393,Consumer,2025-09-21T19:56:12,2025-10-31T23:21:28,0
C007026,glassalexis@example.org,Julia,Spencer,GEO0480,Consumer,2025-09-05T17:32:21,2025-09-16T13:36:00,0
C007027,jennifermckinney@example.org,Troy,Johnson,GEO0169,Mid-Market,2024-02-26T07:18:47,2025-07-04T23:53:52,0
C007028,donaldsonxavier@example.com,Kevin,Sandoval,GEO0045,Mid-Market,2026-02-18T02:05:11,2026-02-18T04:30:13,0
C007029,evelynortega@example.net,Sara,Smith,GEO0534,Consumer,2025-10-27T07:55:33,2026-01-15T11:40:36,0
C007030,erika25@example.com,Nicole,Lyons,GEO0347,Mid-Market,2024-12-04T03:44:43,2025-02-13T18:40:09,0
C007031,xthomas@example.com,Christian,Adams,GEO0412,SMB,2024-02-06T04:09:12,2024-03-23T06:15:23,0
C007032,elizabethmoran@example.net,Kimberly,Madden,GEO0586,Consumer,2025-07-20T07:14:36,2025-12-05T19:43:22,0
C007033,dbrown@example.net,James,Anderson,GEO0716,Mid-Market,2024-04-18T03:15:40,2026-01-12T18:31:48,0
C007034,dustin41@example.com,Linda,Rodriguez,GEO0616,Consumer,2025-04-25T17:52:42,2025-12-15T19:10:28,0
C007035,dyerkyle@example.org,Eric,Christensen,GEO0547,SMB,2025-04-24T14:34:52,2025-07-13T07:25:00,0
C007036,georgekara@example.org,Sarah,Jenkins,GEO0605,Mid-Market,2025-07-18T09:11:08,2025-12-16T12:51:55,0
C007037,andersonpaul@example.com,Wendy,Elliott,GEO0630,SMB,2025-02-21T03:19:16,2026-02-07T08:50:32,0
C007038,rangelmegan@example.org,Aaron,Brown,GEO0568,SMB,2024-12-12T08:12:01,2025-07-06T04:52:01,0
C007039,jeffreydominguez@example.org,Robert,Riley,GEO0274,Consumer,2025-06-24T09:43:43,2026-02-28T17:40:19,0
C007040,xrogers@example.net,Valerie,Santos,GEO0106,Mid-Market,2025-08-02T20:07:37,2025-12-09T22:28:09,0
C007041,jacobkelley@example.net,Lauren,Rollins,GEO0087,Mid-Market,2024-06-26T16:05:04,2025-01-25T00:48:00,0
C007042,gwagner@example.com,John,Campbell,GEO0234,Consumer,2024-10-05T20:13:37,2025-02-04T09:57:05,0
C007043,gregorywagner@example.net,Tommy,Bates,GEO0066,Mid-Market,2025-12-23T03:48:04,2026-02-17T18:26:15,0
C007044,edwardsjames@example.net,Wendy,Cross,GEO0750,Consumer,2024-07-18T20:21:00,2025-10-26T08:36:21,0
C007045,cooperchristina@example.org,Christina,Berger,GEO0407,SMB,2024-10-16T07:54:55,2025-01-11T14:06:52,0
C007046,evan16@example.net,Jesse,Hernandez,GEO0591,Consumer,2025-08-27T18:35:56,2026-02-09T00:09:45,0
C007047,fvasquez@example.org,Isabel,Henry,GEO0465,Mid-Market,2024-10-14T08:48:59,2024-12-10T13:05:43,0
C007048,hmitchell@example.org,Marissa,Watson,GEO0548,Consumer,2025-08-29T21:26:51,2025-10-13T08:53:03,0
C007049,hendricksrobin@example.net,Steven,Booth,GEO0206,Mid-Market,2026-01-28T10:55:07,2026-02-24T07:08:15,0
C007050,brooksmatthew@example.net,Larry,Howard,GEO0672,Consumer,2024-04-16T15:00:57,2025-03-09T15:45:42,0
C007051,gary64@example.org,Courtney,Taylor,GEO0463,Consumer,2024-03-19T07:30:26,2024-08-28T05:26:54,0
C007052,webbdavid@example.com,Donald,Frank,GEO0443,Mid-Market,2024-12-08T08:07:45,2025-05-24T04:23:59,0
C007053,qhowe@example.org,Ashley,Brown,GEO0786,Consumer,2025-06-30T16:22:05,2026-01-21T13:14:20,0
C007054,andrewmoore@example.org,Dawn,Stevens,GEO0512,Consumer,2025-06-13T03:26:18,2025-11-02T22:27:26,0
C007055,patrickhampton@example.net,Deborah,Ball,GEO0328,SMB,2025-05-27T15:06:52,2025-09-01T05:43:58,0
C007056,antoniogarrett@example.com,Zachary,Rodriguez,GEO0457,Consumer,2024-03-01T01:56:11,2025-11-09T20:06:21,0
C007057,danielcox@example.com,Derrick,Watson,GEO0740,Mid-Market,2026-03-01T10:43:07,2026-03-01T17:23:33,0
C007058,robinsonnicole@example.com,Melissa,Robinson,GEO0435,Consumer,2024-05-03T03:18:24,2024-06-18T04:12:49,0
C007059,wilsonjason@example.com,Roger,Wall,GEO0137,Consumer,2025-01-14T10:40:50,2025-11-13T12:32:10,0
C007060,christopherwright@example.net,Timothy,Gregory,GEO0005,Consumer,2025-08-29T03:50:17,2025-09-10T17:07:54,0
C007061,oconnellnathan@example.net,Rebekah,Taylor,GEO0252,Consumer,2025-12-10T10:27:14,2025-12-20T12:31:52,0
C007062,patriciachurch@example.org,Sherri,Martinez,GEO0173,Consumer,2025-02-08T04:28:06,2025-08-30T17:37:11,0
C007063,yanganna@example.com,Cindy,Santos,GEO0453,Mid-Market,2025-06-25T17:35:17,2026-02-02T14:32:49,0
C007064,wdominguez@example.com,Emily,Graham,GEO0530,Consumer,2025-04-15T17:04:54,2026-02-24T06:54:34,0
C007065,christian35@example.org,Melissa,Vazquez,GEO0597,SMB,2024-11-10T21:57:28,2025-11-27T01:22:05,0
C007066,christine67@example.org,Jackie,Mann,GEO0319,Mid-Market,2025-10-25T22:16:30,2025-12-23T00:40:35,0
C007067,jeffjenkins@example.org,Sonya,Ramos,GEO0622,Mid-Market,2024-07-08T05:06:13,2024-11-01T22:05:44,0
C007068,gilbertjustin@example.com,Brandon,Rush,GEO0349,Consumer,2025-06-07T09:40:56,2025-07-24T23:19:47,0
C007069,cynthia20@example.org,Carl,Wilkerson,GEO0070,SMB,2024-01-22T09:19:24,2025-08-24T14:34:40,0
C007070,aolsen@example.net,Julian,Anderson,GEO0557,Consumer,2024-10-30T10:36:26,2025-02-20T09:37:59,0
C007071,sarah33@example.net,Jennifer,Taylor,GEO0598,Consumer,2026-02-07T00:59:05,2026-02-25T14:26:33,0
C007072,mortonjesse@example.org,Richard,Davila,GEO0489,Mid-Market,2026-01-17T07:15:17,2026-02-09T00:03:16,0
C007073,reynoldsrichard@example.net,Nichole,Ruiz,GEO0616,SMB,2025-09-25T02:42:05,2025-11-14T20:02:13,0
C007074,rhonda69@example.com,Bernard,Wilson,GEO0139,SMB,2025-03-29T12:04:30,2025-03-31T12:44:59,0
C007075,priscilla11@example.com,Troy,Orr,GEO0236,Mid-Market,2025-02-01T23:25:35,2026-02-11T08:54:26,0
C007076,johnbrown@example.org,Troy,Morris,GEO0622,Mid-Market,2025-12-07T21:58:08,2026-02-27T00:59:38,0
C007077,shari86@example.org,Hunter,Turner,GEO0567,Consumer,2025-05-15T16:19:49,2026-02-06T02:32:06,0
C007078,richardthompson@example.com,Matthew,Hicks,GEO0507,Mid-Market,2025-02-02T12:38:08,2025-05-28T08:16:57,0
C007079,jennifer93@example.com,Chad,Campbell,GEO0549,SMB,2024-02-27T11:28:09,2025-01-08T15:48:29,0
C007080,breed@example.net,Elizabeth,Kelly,GEO0248,Consumer,2024-03-25T18:26:54,2024-10-11T20:25:09,0
C007081,esims@example.com,Allison,Chen,GEO0551,Mid-Market,2025-12-25T02:26:00,2026-01-28T18:43:58,0
C007082,brandon27@example.com,Kim,Guzman,GEO0663,SMB,2024-04-22T23:44:10,2024-11-06T02:57:39,0
C007083,joshuagiles@example.com,Catherine,Harris,GEO0388,SMB,2024-03-05T01:44:51,2025-04-08T13:52:33,0
C007084,dpatterson@example.com,Kyle,Campos,GEO0070,Consumer,2025-01-19T14:08:06,2026-01-11T17:50:23,0
C007085,iwilson@example.net,Charles,Jones,GEO0767,Mid-Market,2025-07-22T06:53:22,2025-11-30T08:46:46,0
C007086,jodilove@example.net,Jeffrey,Colon,GEO0178,Mid-Market,2026-02-07T01:51:51,2026-02-16T15:02:49,0
C007087,aroberts@example.com,Teresa,Yang,GEO0615,Mid-Market,2025-01-09T14:05:52,2026-02-24T05:53:26,0
C007088,isabella73@example.net,Vanessa,May,GEO0709,SMB,2025-02-01T12:54:58,2026-01-21T08:06:43,0
C007089,davidsonmaria@example.net,Dan,Perry,GEO0194,SMB,2024-11-19T12:26:29,2025-01-06T10:29:49,0
C007090,melissa13@example.com,Joshua,Saunders,GEO0489,Consumer,2024-04-24T03:08:02,2025-09-12T00:06:33,0
C007091,matthew79@example.com,Dana,Johnson,GEO0498,Consumer,2025-11-03T22:21:40,2026-01-09T18:12:48,0
C007092,uburke@example.org,Thomas,Ramos,GEO0603,SMB,2025-08-06T15:40:37,2026-02-28T05:51:56,0
C007093,wallcrystal@example.com,Matthew,Clark,GEO0718,SMB,2024-07-05T23:55:21,2024-11-22T11:29:26,0
C007094,jonesjames@example.com,Damon,Ruiz,GEO0089,Consumer,2024-12-23T22:45:58,2026-03-01T07:12:22,0
C007095,briana12@example.net,Connie,Howard,GEO0473,Mid-Market,2025-09-13T16:41:16,2026-01-28T01:53:33,0
C007096,qvazquez@example.org,Michael,Peterson,GEO0765,Mid-Market,2024-03-08T13:43:48,2026-01-22T22:40:33,0
C007097,markmassey@example.com,Taylor,Walters,GEO0447,Consumer,2024-07-14T08:13:17,2024-12-09T05:37:38,0
C007098,ryan26@example.com,Rita,Malone,GEO0490,SMB,2025-11-12T17:23:13,2025-11-28T03:44:44,0
C007099,jason42@example.net,Julie,Casey,GEO0245,Mid-Market,2024-03-07T07:14:57,2025-10-24T17:36:52,0
C007100,lopezbrett@example.org,Adam,Carter,GEO0540,Mid-Market,2024-01-10T00:17:00,2024-02-27T07:31:59,0
C007101,kwilliams@example.com,Matthew,Klein,GEO0373,SMB,2025-03-06T17:19:53,2026-02-05T18:42:53,0
C007102,ramseywilliam@example.com,Brandon,Jenkins,GEO0440,SMB,2024-04-18T01:56:21,2025-07-05T10:47:00,0
C007103,scottbrooks@example.org,Ashley,Esparza,GEO0654,SMB,2024-12-26T17:31:02,2025-12-05T23:52:51,0
C007104,navarromatthew@example.net,Mary,Howell,GEO0061,Mid-Market,2024-02-17T10:39:03,2024-07-12T21:58:29,0
C007105,brianoconnor@example.com,Jessica,Williams,GEO0676,Mid-Market,2025-09-08T00:17:25,2025-10-27T12:38:54,0
C007106,hlozano@example.net,Jennifer,Pollard,GEO0084,Mid-Market,2025-09-01T03:33:48,2025-10-20T16:26:56,0
C007107,joseph52@example.org,Randy,Carpenter,GEO0296,Mid-Market,2025-06-27T06:24:08,2025-10-09T18:58:26,0
C007108,charles00@example.net,George,Medina,GEO0771,Mid-Market,2025-02-26T06:24:28,2026-02-04T15:56:04,0
C007109,vvasquez@example.org,Kenneth,Meza,GEO0522,SMB,2025-12-27T10:11:38,2026-02-17T22:59:43,0
C007110,lthomas@example.org,Mary,Wilson,GEO0266,SMB,2025-12-24T21:50:11,2026-02-11T19:06:22,0
C007111,medwards@example.com,Thomas,Sparks,GEO0026,Mid-Market,2024-10-05T17:40:39,2026-01-21T17:34:46,0
C007112,hjohnson@example.com,Michael,Miller,GEO0287,Mid-Market,2025-11-18T08:06:44,2025-12-05T08:20:53,0
C007113,erika34@example.org,Harry,Simpson,GEO0497,SMB,2025-03-31T01:23:02,2025-12-29T15:21:59,0
C007114,barrerajay@example.net,Brandon,Gibson,GEO0081,SMB,2024-02-11T13:10:16,2024-12-09T17:05:34,0
C007115,gabrielhoffman@example.com,Christine,Avery,GEO0720,Mid-Market,2026-02-02T17:34:42,2026-02-28T12:28:33,0
C007116,rita93@example.net,Ricardo,Randolph,GEO0061,Mid-Market,2025-08-28T11:55:01,2025-09-22T07:56:36,0
C007117,ambersanders@example.org,Todd,Myers,GEO0212,Consumer,2025-08-13T16:29:03,2025-12-03T08:53:45,0
C007118,hcontreras@example.com,Stephanie,Whitehead,GEO0743,Consumer,2024-11-01T00:06:15,2025-03-22T19:52:42,0
C007119,wilsonbryce@example.org,Antonio,Bell,GEO0344,SMB,2025-07-04T06:35:56,2026-01-11T05:34:42,0
C007120,sierramoreno@example.com,Sandra,Martin,GEO0292,SMB,2024-03-17T00:18:24,2024-09-14T09:30:34,0
C007121,stevenrogers@example.com,Justin,Warren,GEO0657,Mid-Market,2025-12-04T06:50:22,2026-01-29T05:13:26,0
C007122,sandersjohn@example.org,Joseph,Pierce,GEO0371,SMB,2024-06-15T07:14:03,2025-11-10T21:36:00,0
C007123,adunn@example.org,Joshua,Rodriguez,GEO0142,SMB,2024-11-09T09:19:25,2025-10-10T16:18:51,0
C007124,robertfoster@example.net,Michael,Welch,GEO0324,Consumer,2024-09-11T02:47:02,2025-08-06T09:38:24,0
C007125,stuartwright@example.net,Brianna,Harrison,GEO0443,Consumer,2025-03-04T15:29:51,2026-02-07T06:03:50,0
C007126,davidhenson@example.net,Oscar,Figueroa,GEO0356,Mid-Market,2025-04-28T00:36:39,2025-06-05T22:55:46,0
C007127,collinselizabeth@example.org,Brent,Sanford,GEO0540,Mid-Market,2025-09-17T20:41:50,2026-01-23T08:25:28,0
C007128,pstanley@example.net,Vanessa,Baker,GEO0231,SMB,2024-03-10T00:38:36,2025-03-26T03:05:48,0
C007129,matthewsbradley@example.com,James,Marshall,GEO0339,Mid-Market,2024-08-08T11:25:46,2025-01-21T10:30:44,0
C007130,jacksondonna@example.com,Sandy,Johnson,GEO0716,Consumer,2024-05-16T01:46:40,2026-01-15T01:09:33,0
C007131,harrisrobert@example.org,John,Hayes,GEO0765,SMB,2024-12-20T18:44:21,2025-06-29T00:01:51,0
C007132,tinahill@example.net,Joseph,Nguyen,GEO0092,SMB,2026-02-22T09:17:04,2026-02-27T13:54:53,0
C007133,ismith@example.com,Monica,Miller,GEO0064,SMB,2026-02-25T21:15:02,2026-02-27T23:28:57,0
C007134,pruittluke@example.com,Jessica,Thompson,GEO0033,SMB,2025-05-23T13:09:51,2025-08-26T00:10:07,0
C007135,emilywashington@example.org,Kathleen,Jones,GEO0051,Mid-Market,2024-11-22T18:11:52,2025-09-05T06:36:44,0
C007136,hromero@example.org,Michael,Dawson,GEO0162,Consumer,2024-11-24T14:01:07,2025-12-10T07:41:30,0
C007137,lwhite@example.org,Richard,Carter,GEO0711,Mid-Market,2025-02-05T23:01:42,2025-09-26T05:00:42,0
C007138,kathrynanderson@example.net,Douglas,Bailey,GEO0573,Consumer,2024-08-09T23:17:33,2025-02-22T04:14:41,0
C007139,chad75@example.com,Tammy,Myers,GEO0399,SMB,2025-05-08T13:31:30,2025-09-23T12:24:55,0
C007140,rsullivan@example.com,Evan,Santiago,GEO0105,Consumer,2024-11-28T05:17:07,2025-12-23T09:32:18,0
C007141,mary83@example.com,Ryan,Porter,GEO0313,Mid-Market,2025-03-04T17:38:32,2025-12-10T23:02:56,0
C007142,jimmybates@example.org,Willie,Quinn,GEO0004,SMB,2025-03-27T15:55:40,2025-08-20T13:50:22,0
C007143,thomasrobinson@example.net,Daniel,Whitaker,GEO0168,Mid-Market,2024-12-12T23:28:35,2025-06-20T12:52:19,0
C007144,melissaperry@example.com,Patrick,Holmes,GEO0549,Mid-Market,2024-03-30T18:11:17,2024-08-17T14:36:15,0
C007145,olsonmike@example.com,John,Johnson,GEO0167,Mid-Market,2025-01-30T21:08:54,2025-12-30T19:42:35,0
C007146,lisawashington@example.com,Alexander,Harris,GEO0157,Consumer,2025-01-06T12:22:09,2025-04-09T21:33:31,1
C007147,bhopkins@example.com,Thomas,Smith,GEO0004,SMB,2024-07-31T03:05:35,2025-11-21T15:33:25,0
C007148,annyoung@example.org,Shaun,Miller,GEO0610,Mid-Market,2024-09-22T02:17:18,2026-01-24T21:31:28,0
C007149,evelynrobinson@example.com,Keith,Holloway,GEO0009,SMB,2025-03-31T06:37:28,2025-05-09T00:12:04,0
C007150,ocarey@example.net,Gregory,Thomas,GEO0747,SMB,2025-07-03T05:31:31,2026-02-11T18:26:03,0
C007151,tmayo@example.net,Christy,Sawyer,GEO0459,Mid-Market,2025-02-23T17:32:50,2025-11-17T21:24:28,0
C007152,jordan76@example.net,Nancy,Bishop,GEO0231,SMB,2026-01-01T23:58:11,2026-01-01T10:43:44,0
C007153,shelbysimon@example.net,Jason,Walton,GEO0043,SMB,2025-11-11T15:34:18,2026-01-01T05:09:52,0
C007154,sheltonglenn@example.net,Christopher,Gay,GEO0274,Consumer,2025-02-18T08:49:26,2025-08-06T02:34:46,0
C007155,cheryl16@example.org,Elizabeth,Johnson,GEO0130,Consumer,2024-11-21T11:14:05,2025-01-27T02:18:57,0
C007156,greeneanna@example.org,Jose,Weber,GEO0544,Consumer,2025-11-23T22:33:08,2026-02-11T19:32:41,0
C007157,phillipthompson@example.org,Wanda,Strickland,GEO0288,Mid-Market,2025-05-10T01:34:47,2025-12-16T21:32:27,0
C007158,maria27@example.com,Carrie,Taylor,GEO0268,Mid-Market,2024-04-20T08:27:53,2025-06-13T01:50:50,0
C007159,ihall@example.net,Jane,Mccarthy,GEO0541,Consumer,2025-05-21T23:22:36,2025-09-19T19:26:29,0
C007160,jacobhernandez@example.com,Wendy,Young,GEO0597,Mid-Market,2024-04-19T10:23:44,2024-10-04T05:24:19,0
C007161,brent16@example.net,Michelle,Lopez,GEO0529,Consumer,2026-01-25T08:24:57,2026-02-17T10:09:44,0
C007162,ashleyvelez@example.com,Michael,Miller,GEO0066,Mid-Market,2026-01-23T11:45:31,2026-02-27T14:50:59,0
C007163,smorgan@example.org,Robert,Payne,GEO0134,Consumer,2024-11-20T12:34:15,2025-01-30T00:52:11,0
C007164,kimberlyphillips@example.net,Krista,Koch,GEO0534,Mid-Market,2025-04-19T03:05:13,2025-05-30T16:03:03,0
C007165,jamescoleman@example.net,Adam,Moss,GEO0199,Mid-Market,2024-03-25T08:38:33,2024-05-16T01:46:48,1
C007166,maria52@example.net,Bailey,Foster,GEO0044,SMB,2025-06-30T14:43:20,2026-01-24T10:23:28,0
C007167,rebecca71@example.net,Clayton,Miller,GEO0788,Consumer,2025-05-12T09:43:41,2025-08-30T04:35:11,0
C007168,dominiquechavez@example.org,Jillian,Wilson,GEO0602,Consumer,2025-09-12T06:08:42,2025-09-28T17:50:52,0
C007169,medinateresa@example.com,Sara,Dalton,GEO0216,SMB,2024-09-03T12:37:51,2025-05-29T19:33:15,0
C007170,bpineda@example.net,Heather,Hodge,GEO0605,Mid-Market,2025-08-24T20:00:33,2025-11-01T12:38:33,0
C007171,wendy16@example.com,Nicole,Berg,GEO0587,SMB,2026-02-10T06:08:36,2026-02-24T10:32:17,0
C007172,michael99@example.org,Shelly,Harper,GEO0700,SMB,2024-12-08T04:30:06,2025-11-04T06:29:03,0
C007173,zrichards@example.org,Joy,Taylor,GEO0227,SMB,2024-05-27T09:25:54,2026-02-10T16:17:22,0
C007174,thill@example.net,Jenna,Mcguire,GEO0437,Mid-Market,2025-07-08T23:01:38,2025-07-23T12:25:59,0
C007175,gina43@example.com,Elizabeth,Rojas,GEO0358,Mid-Market,2024-01-29T09:29:33,2024-08-19T01:52:26,0
C007176,paigeking@example.org,Kenneth,Garcia,GEO0708,SMB,2025-03-11T12:46:21,2025-11-23T17:59:36,0
C007177,mmoore@example.org,Tyler,Harrison,GEO0520,SMB,2025-07-20T05:17:17,2026-01-30T09:24:58,0
C007178,jean42@example.org,Dustin,Hodge,GEO0271,Consumer,2024-09-05T04:46:33,2025-06-18T04:43:59,0
C007179,david19@example.com,James,Palmer,GEO0349,Consumer,2025-08-16T14:19:37,2025-10-17T21:36:52,0
C007180,rangeljonathan@example.org,Dalton,Murphy,GEO0621,Mid-Market,2025-08-26T02:43:05,2025-10-01T04:02:11,0
C007181,stanleybrittany@example.com,Amber,Chandler,GEO0542,Consumer,2026-02-08T10:41:06,2026-02-12T20:43:32,0
C007182,alexis33@example.org,Thomas,Johnson,GEO0705,Consumer,2024-03-21T12:32:17,2024-04-22T10:18:53,0
C007183,jared51@example.org,Louis,Simmons,GEO0435,SMB,2026-01-02T21:21:10,2026-01-16T15:00:00,0
C007184,tracifletcher@example.org,Cameron,Gonzales,GEO0383,SMB,2025-07-04T15:30:23,2025-07-23T19:03:48,0
C007185,jacobstamara@example.org,Patricia,James,GEO0115,Consumer,2024-07-29T05:46:27,2024-08-25T15:15:18,0
C007186,kathleengreen@example.net,Christopher,Howard,GEO0505,Mid-Market,2025-04-20T23:18:15,2025-07-11T13:29:16,0
C007187,michelle33@example.net,Cynthia,Landry,GEO0147,SMB,2025-06-28T13:17:40,2025-08-23T02:49:03,0
C007188,mariorodriguez@example.com,Amy,Maynard,GEO0650,Consumer,2024-08-01T06:14:34,2025-07-29T08:15:28,0
C007189,antonioleblanc@example.org,Ashley,Newman,GEO0687,SMB,2025-03-21T07:03:47,2025-09-19T17:21:34,0
C007190,matthew80@example.org,Sarah,Velazquez,GEO0674,Mid-Market,2024-03-20T13:56:47,2024-12-29T10:38:39,0
C007191,steven86@example.net,Stephanie,Baird,GEO0669,Consumer,2025-07-12T04:17:13,2025-08-04T04:43:42,0
C007192,simmonsgregory@example.com,Candice,Gonzalez,GEO0067,Consumer,2024-03-22T11:23:32,2025-08-17T19:33:12,0
C007193,marco65@example.org,James,Knapp,GEO0721,Consumer,2025-09-23T22:13:01,2026-01-23T17:07:17,0
C007194,orodriguez@example.com,Steven,Carter,GEO0728,SMB,2024-05-10T14:01:42,2025-07-06T14:57:03,0
C007195,gmiller@example.com,Margaret,Flores,GEO0575,Mid-Market,2025-05-25T22:43:46,2025-08-28T09:16:57,0
C007196,jeremyfleming@example.com,Karen,Mcguire,GEO0232,SMB,2024-12-17T23:52:30,2025-06-01T20:38:28,0
C007197,patrickmiller@example.com,Jaclyn,Webb,GEO0179,Consumer,2024-04-15T03:23:51,2025-06-14T16:53:31,0
C007198,xjacobs@example.org,Linda,Thompson,GEO0493,Mid-Market,2024-04-29T01:08:19,2024-10-07T12:51:18,0
C007199,xclarke@example.net,Kevin,Smith,GEO0347,Mid-Market,2025-09-07T13:56:14,2026-01-31T08:27:33,0
C007200,chowell@example.org,Vanessa,Simmons,GEO0073,Mid-Market,2025-01-15T06:45:06,2025-01-21T18:00:12,0
C007201,melissanelson@example.net,Russell,Salazar,GEO0016,Mid-Market,2024-12-20T21:22:32,2025-12-19T15:08:24,0
C007202,gilberttiffany@example.net,Nicholas,Wallace,GEO0787,Consumer,2025-11-28T22:51:30,2026-01-11T01:53:11,0
C007203,sedwards@example.net,Paul,Scott,GEO0496,Consumer,2025-10-11T19:09:24,2025-12-28T05:07:47,0
C007204,alexis19@example.org,Danielle,Cooper,GEO0063,Consumer,2024-06-26T17:49:28,2024-12-09T16:53:35,0
C007205,chavezmatthew@example.org,Jorge,Massey,GEO0083,Consumer,2025-05-15T13:26:59,2025-10-19T18:31:02,0
C007206,trodriguez@example.org,Amber,Quinn,GEO0598,Mid-Market,2025-10-26T10:37:45,2026-01-13T00:46:46,0
C007207,brandon97@example.org,Megan,Woods,GEO0656,Consumer,2025-10-07T18:52:25,2025-12-14T07:47:42,0
C007208,michael69@example.net,Brian,Phillips,GEO0605,SMB,2024-09-02T13:09:12,2025-08-09T00:11:04,0
C007209,david09@example.com,Philip,Ortiz,GEO0746,Consumer,2024-03-20T16:30:00,2026-02-20T01:00:02,0
C007210,robinsonmark@example.com,Ethan,Campos,GEO0314,Consumer,2024-05-23T04:03:22,2025-01-19T04:47:10,0
C007211,jamesshepard@example.org,Christine,Frey,GEO0045,Mid-Market,2025-07-08T07:36:45,2025-10-07T12:49:03,0
C007212,thunt@example.org,Sarah,Nichols,GEO0671,Mid-Market,2025-08-07T00:18:27,2025-11-13T02:54:28,0
C007213,christina19@example.com,Nicole,Owens,GEO0145,Consumer,2024-01-16T09:30:55,2025-07-18T05:16:51,0
C007214,williamhunt@example.com,Jane,Sandoval,GEO0414,Mid-Market,2024-12-26T19:46:06,2026-01-23T03:57:31,0
C007215,donaldmarquez@example.net,Vanessa,Perez,GEO0753,Consumer,2025-08-04T12:26:20,2025-08-18T23:25:32,0
C007216,zgonzalez@example.org,Wayne,Davis,GEO0208,Mid-Market,2025-10-06T16:23:29,2026-01-23T01:11:29,0
C007217,zburnett@example.com,Nathan,Lewis,GEO0531,Consumer,2024-07-20T13:01:15,2025-07-11T01:09:44,0
C007218,candice55@example.org,Catherine,Schaefer,GEO0111,Consumer,2024-12-14T12:52:12,2025-02-16T23:29:50,0
C007219,colemanashley@example.net,Matthew,Osborne,GEO0416,Mid-Market,2024-03-03T22:43:22,2024-08-08T08:58:05,0
C007220,catherinemedina@example.org,Kimberly,Brown,GEO0100,Mid-Market,2025-03-13T08:49:49,2026-02-01T23:20:27,0
C007221,hpadilla@example.com,Mark,Burton,GEO0057,SMB,2024-11-02T17:26:24,2025-06-29T12:49:40,0
C007222,griffinjames@example.net,Kevin,Robinson,GEO0006,Mid-Market,2025-11-06T22:16:26,2026-01-23T03:17:10,0
C007223,penny14@example.org,Renee,Kelly,GEO0657,SMB,2025-06-01T00:01:00,2025-06-07T22:07:13,0
C007224,jennifer09@example.com,Steven,Price,GEO0491,SMB,2025-03-30T06:28:32,2025-08-15T15:46:06,0
C007225,renee85@example.com,Jose,Parker,GEO0745,SMB,2026-02-15T07:32:51,2026-02-17T06:11:09,0
C007226,erik77@example.org,James,King,GEO0007,Mid-Market,2026-01-10T21:34:44,2026-01-24T07:30:27,0
C007227,zjordan@example.org,Brendan,Chavez,GEO0156,Consumer,2026-02-28T20:46:09,2026-02-28T23:15:17,0
C007228,mhudson@example.com,Luke,Estrada,GEO0243,Consumer,2024-02-15T10:17:07,2025-06-11T15:25:23,0
C007229,aguilarrandall@example.net,Michael,Montoya,GEO0282,SMB,2025-07-05T13:05:02,2025-12-30T20:03:02,0
C007230,howelljustin@example.com,Gavin,Marsh,GEO0371,Mid-Market,2024-12-25T02:54:07,2025-09-22T12:10:41,0
C007231,juanballard@example.org,Michael,Williams,GEO0350,SMB,2024-10-01T19:48:15,2025-05-09T20:13:19,0
C007232,josephbryan@example.org,William,Elliott,GEO0672,Mid-Market,2025-11-11T02:18:03,2025-11-27T12:37:41,0
C007233,brianthomas@example.com,Christopher,Graves,GEO0562,Consumer,2025-02-02T02:20:44,2025-07-29T20:22:43,0
C007234,smithbrenda@example.com,Bradley,Logan,GEO0422,Mid-Market,2024-02-18T00:32:30,2025-03-03T15:49:21,0
C007235,torresjonathan@example.net,Maria,Griffin,GEO0439,Consumer,2024-12-02T22:13:07,2025-08-19T07:47:46,0
C007236,ericksonyvette@example.com,David,Olson,GEO0166,Consumer,2024-05-19T15:03:42,2025-11-20T08:17:16,0
C007237,heatherjohnson@example.net,Susan,Simpson,GEO0198,Mid-Market,2025-07-02T10:01:06,2025-12-19T06:40:34,0
C007238,spark@example.com,Nicholas,Stephens,GEO0637,Mid-Market,2024-09-07T11:45:57,2025-07-09T03:35:19,0
C007239,derek63@example.org,Jason,Harding,GEO0426,Consumer,2025-09-22T05:25:47,2025-12-02T10:29:02,0
C007240,nicole65@example.org,Ashley,Williams,GEO0212,SMB,2025-04-26T07:14:53,2025-12-31T21:02:04,0
C007241,anna08@example.org,Kenneth,Clark,GEO0127,SMB,2025-03-08T06:25:02,2025-09-01T09:50:46,0
C007242,hendersonbrandon@example.net,Kelli,Scott,GEO0316,SMB,2025-08-01T02:11:30,2025-12-26T07:05:40,0
C007243,linda03@example.com,Danielle,Knight,GEO0511,Consumer,2025-06-30T12:10:41,2025-12-12T15:29:20,0
C007244,sara17@example.net,Timothy,Henson,GEO0545,Mid-Market,2026-01-14T19:45:39,2026-01-14T13:44:01,0
C007245,jameshiggins@example.net,Jesus,Potter,GEO0086,Mid-Market,2024-04-28T13:39:52,2025-05-30T00:39:23,0
C007246,kruegerjade@example.com,Daniel,Cortez,GEO0280,Consumer,2025-02-16T02:52:47,2025-11-27T05:35:36,0
C007247,marilyngarcia@example.net,Erik,Owen,GEO0330,Mid-Market,2024-03-30T00:30:20,2025-08-26T13:19:14,0
C007248,wilkersonelizabeth@example.net,Frederick,Robinson,GEO0475,Consumer,2025-07-29T00:37:31,2025-10-19T07:12:44,0
C007249,omurray@example.net,Adriana,Leonard,GEO0638,Consumer,2024-07-21T08:37:55,2024-12-05T16:40:37,0
C007250,stephensstacy@example.org,Eric,Berg,GEO0344,Consumer,2025-08-15T16:43:25,2025-09-14T21:30:20,0
C007251,paigeosborn@example.net,Timothy,Smith,GEO0784,Mid-Market,2025-02-08T13:13:16,2025-07-20T21:17:51,0
C007252,laurensantiago@example.com,Shannon,Andrade,GEO0336,SMB,2025-01-26T21:43:10,2025-04-24T00:26:51,0
C007253,kimberlyhenderson@example.com,Donna,Berger,GEO0306,Mid-Market,2026-02-25T18:42:09,2026-02-27T10:33:49,0
C007254,michaelbrowning@example.com,Heather,Mills,GEO0220,Consumer,2024-02-25T06:51:53,2025-02-17T17:03:42,0
C007255,brittanycunningham@example.com,Francisco,Aguirre,GEO0160,Mid-Market,2025-12-25T14:23:25,2026-01-25T08:47:18,0
C007256,jessepark@example.net,Douglas,Perez,GEO0623,Mid-Market,2024-04-09T01:32:33,2025-03-31T07:18:35,0
C007257,nschultz@example.org,Jose,Smith,GEO0372,Consumer,2025-07-13T02:57:38,2026-02-11T05:28:46,0
C007258,guzmanandrew@example.org,Christy,Diaz,GEO0395,SMB,2025-04-08T16:50:13,2025-09-02T01:31:37,0
C007259,ytaylor@example.net,John,Morgan,GEO0465,Mid-Market,2025-12-03T06:08:32,2025-12-13T17:05:24,0
C007260,johnsonmelissa@example.com,Jeremy,Lewis,GEO0096,Consumer,2025-04-30T15:28:42,2025-06-17T03:00:14,0
C007261,seancordova@example.com,Lori,Gould,GEO0236,Consumer,2024-02-14T01:58:31,2024-09-25T13:04:31,0
C007262,amber02@example.net,Kevin,Price,GEO0243,SMB,2024-11-23T08:06:30,2025-10-09T19:04:32,0
C007263,joegrant@example.net,Michael,Rivera,GEO0499,Mid-Market,2025-10-16T00:01:50,2025-10-31T00:48:00,0
C007264,anthonysmith@example.org,Tina,Lyons,GEO0004,Consumer,2024-04-02T07:03:53,2026-01-15T05:46:07,0
C007265,erika44@example.net,Melinda,Henry,GEO0620,Mid-Market,2025-07-14T00:16:58,2025-07-16T02:05:46,0
C007266,adamnelson@example.com,Daniel,Luna,GEO0388,Mid-Market,2024-09-10T18:10:06,2025-09-08T21:40:35,0
C007267,msmith@example.net,Dennis,Garcia,GEO0446,Consumer,2026-01-13T18:09:29,2026-02-13T04:17:18,0
C007268,nbryant@example.net,Brian,Cooper,GEO0605,SMB,2025-10-22T22:26:18,2026-01-12T12:04:33,0
C007269,kaitlin98@example.org,Audrey,Johnson,GEO0301,SMB,2026-01-29T13:35:36,2026-02-04T11:57:44,0
C007270,gregoryvazquez@example.org,Jennifer,Hall,GEO0796,Mid-Market,2025-07-12T06:13:58,2025-10-21T10:39:48,0
C007271,wanderson@example.org,Brian,Hernandez,GEO0686,SMB,2024-11-12T01:59:40,2025-09-10T03:18:32,0
C007272,vjackson@example.com,Mark,Howard,GEO0764,Mid-Market,2026-01-29T03:38:11,2026-01-29T16:50:14,0
C007273,moorejason@example.org,Dawn,Snyder,GEO0097,Consumer,2025-06-18T23:24:22,2026-01-20T03:36:30,0
C007274,pcarrillo@example.net,Jason,Miles,GEO0317,Mid-Market,2025-10-12T12:34:56,2025-10-30T04:24:25,0
C007275,ericgarcia@example.com,Ruben,Houston,GEO0596,Mid-Market,2025-11-30T18:07:24,2026-02-11T18:55:10,0
C007276,davidmartin@example.com,Robert,Garcia,GEO0676,SMB,2026-01-04T14:43:01,2026-02-16T16:51:40,0
C007277,jasondiaz@example.net,Michael,Thompson,GEO0476,SMB,2025-12-13T11:29:58,2026-01-19T17:46:27,0
C007278,suzanne56@example.org,Caleb,Best,GEO0386,SMB,2025-09-03T14:42:20,2026-02-03T14:31:27,0
C007279,megan09@example.net,Ashley,Golden,GEO0350,Mid-Market,2024-08-07T21:50:51,2026-01-08T00:02:57,0
C007280,christensenvernon@example.org,Kathleen,Patterson,GEO0177,Consumer,2024-11-21T23:52:26,2025-08-16T04:12:41,0
C007281,karinahodges@example.net,Tiffany,Thompson,GEO0383,SMB,2024-09-11T07:53:57,2025-04-28T18:15:17,0
C007282,xmcconnell@example.net,Michael,Patterson,GEO0619,SMB,2026-03-01T22:05:59,2026-03-01T13:31:35,0
C007283,wanda66@example.net,Michael,Beck,GEO0413,SMB,2025-02-18T14:03:28,2025-06-23T20:52:34,0
C007284,atucker@example.com,David,Russell,GEO0152,SMB,2025-01-11T12:00:47,2026-01-26T11:09:05,1
C007285,shelley06@example.com,Carol,Schroeder,GEO0770,Consumer,2025-04-15T04:04:15,2025-08-04T00:40:21,0
C007286,vmclean@example.org,Cory,Willis,GEO0607,Mid-Market,2025-03-25T17:37:10,2026-02-09T16:33:56,0
C007287,edwardsderrick@example.com,Robert,Bryant,GEO0212,Mid-Market,2024-06-17T21:10:37,2025-06-06T10:49:48,0
C007288,monique64@example.com,Susan,Porter,GEO0008,SMB,2025-05-26T19:48:13,2025-06-23T16:33:34,0
C007289,brandon80@example.com,Haley,Russell,GEO0224,Mid-Market,2025-05-25T01:28:38,2025-06-29T22:43:38,0
C007290,schwartzcourtney@example.org,William,Casey,GEO0511,Consumer,2026-01-13T13:08:12,2026-02-25T21:41:05,0
C007291,williamjohnson@example.com,Curtis,Thomas,GEO0334,SMB,2026-01-28T07:49:19,2026-02-15T19:05:36,0
C007292,zrivera@example.net,Danielle,Johnson,GEO0443,SMB,2025-05-18T14:00:40,2026-02-21T09:34:47,0
C007293,henrythompson@example.org,Katie,Li,GEO0460,Consumer,2025-05-14T03:45:28,2025-08-03T09:39:33,0
C007294,thompsonlisa@example.net,Juan,Graves,GEO0313,Mid-Market,2024-11-19T12:15:16,2025-03-02T13:23:53,0
C007295,iwerner@example.com,Nicholas,Nguyen,GEO0336,Consumer,2026-01-11T19:16:06,2026-02-06T04:40:44,0
C007296,eatonkelly@example.com,Joseph,Farrell,GEO0391,SMB,2025-12-11T14:11:17,2025-12-12T16:38:24,0
C007297,edwardsconnor@example.net,Carla,Murphy,GEO0283,Mid-Market,2025-07-27T15:03:05,2026-01-25T07:09:54,0
C007298,karen89@example.org,Jessica,Payne,GEO0743,SMB,2025-01-16T13:28:03,2025-02-17T21:55:39,0
C007299,priscillafritz@example.org,Martin,Shields,GEO0122,SMB,2025-06-07T03:29:07,2025-06-10T08:50:21,0
C007300,ashley99@example.org,Ryan,Reed,GEO0637,Mid-Market,2025-09-16T19:10:45,2025-09-27T15:51:05,0
C007301,sandra95@example.org,Dennis,Baldwin,GEO0034,Mid-Market,2025-06-12T17:59:42,2025-06-23T04:11:05,0
C007302,christian09@example.net,Bradley,Kelley,GEO0658,Mid-Market,2024-04-17T18:41:25,2024-05-20T10:02:12,0
C007303,wcontreras@example.net,Stephen,Miranda,GEO0330,SMB,2024-11-15T03:55:59,2025-10-05T02:30:15,0
C007304,millerpatricia@example.com,John,Henderson,GEO0391,SMB,2024-04-02T22:16:58,2024-07-01T08:26:53,0
C007305,cunninghamchelsey@example.org,Sarah,Brown,GEO0718,SMB,2024-12-19T09:20:05,2026-02-04T05:15:55,0
C007306,campbellwanda@example.com,Cassie,Price,GEO0186,SMB,2024-12-14T18:04:26,2026-01-24T09:47:39,0
C007307,montgomeryshaun@example.net,Suzanne,Brown,GEO0053,Mid-Market,2024-12-23T13:25:12,2025-01-04T22:12:24,0
C007308,christina58@example.org,Jose,Chambers,GEO0309,Mid-Market,2024-08-26T13:45:19,2026-01-29T12:21:01,0
C007309,michael42@example.org,Allen,Evans,GEO0358,SMB,2025-04-02T08:13:20,2025-07-02T10:54:41,0
C007310,lowerebecca@example.org,Nancy,Lopez,GEO0607,Mid-Market,2024-03-06T02:26:23,2024-10-28T12:16:29,0
C007311,kflores@example.org,Marissa,Payne,GEO0518,Mid-Market,2025-02-06T13:39:27,2025-12-23T21:30:31,0
C007312,markjohnson@example.com,Lance,Cook,GEO0312,Consumer,2025-10-02T06:16:04,2025-12-20T10:09:17,0
C007313,obrienaudrey@example.com,Mike,West,GEO0092,Mid-Market,2024-10-09T13:17:49,2025-08-03T02:43:52,0
C007314,cjarvis@example.net,Wanda,Sandoval,GEO0742,SMB,2024-08-09T00:36:01,2025-05-07T06:22:47,0
C007315,benitezerin@example.org,Rebekah,Coleman,GEO0751,Mid-Market,2024-03-18T08:02:56,2025-04-09T06:38:09,0
C007316,daniel51@example.org,Lisa,Baker,GEO0262,SMB,2025-12-29T20:46:25,2026-01-21T03:49:57,0
C007317,noahburke@example.com,Brianna,Diaz,GEO0441,SMB,2024-05-28T02:03:02,2025-03-30T19:41:37,0
C007318,toddmclaughlin@example.net,Robert,Harvey,GEO0033,SMB,2024-06-26T08:48:15,2025-12-06T08:48:30,0
C007319,oliviaperry@example.net,Daniel,Brooks,GEO0059,Mid-Market,2024-01-27T19:35:06,2025-09-07T05:41:01,0
C007320,carly60@example.net,Deanna,Crawford,GEO0492,Mid-Market,2024-02-19T03:24:54,2024-09-22T07:36:43,0
C007321,smithgene@example.org,Michael,Jones,GEO0754,Mid-Market,2024-06-04T07:52:51,2025-07-09T04:20:37,0
C007322,anthonyhanson@example.com,Michael,Willis,GEO0276,Mid-Market,2024-05-17T13:23:31,2024-09-16T03:44:55,0
C007323,vsilva@example.com,Jamie,Green,GEO0509,Consumer,2025-09-14T22:18:36,2025-10-11T04:32:49,0
C007324,nicole85@example.net,Donna,Gonzalez,GEO0417,Consumer,2024-08-04T00:27:11,2025-04-05T17:07:32,0
C007325,ghoward@example.net,Jennifer,Vargas,GEO0564,Mid-Market,2025-11-02T05:17:23,2025-11-16T13:31:36,0
C007326,sanchezamber@example.com,Pamela,Rice,GEO0615,SMB,2025-05-20T12:07:43,2025-12-29T00:31:39,0
C007327,rodriguezzachary@example.net,Krista,Barker,GEO0048,Consumer,2024-03-28T15:09:39,2024-08-27T07:14:45,0
C007328,wilsonjerry@example.com,Chelsea,Rich,GEO0388,Consumer,2025-08-01T07:46:13,2025-11-01T06:05:57,0
C007329,jareddavis@example.org,Garrett,Miller,GEO0434,SMB,2024-09-10T13:10:45,2025-12-25T23:08:45,0
C007330,dsmith@example.org,Duane,Gordon,GEO0621,Mid-Market,2024-12-28T20:01:49,2025-05-16T22:59:58,0
C007331,vallen@example.net,Todd,Hess,GEO0503,Mid-Market,2024-01-29T08:06:17,2025-04-30T21:31:05,0
C007332,skinnerjenny@example.org,Emily,Jackson,GEO0682,Mid-Market,2025-03-15T05:34:42,2026-01-21T17:11:04,0
C007333,rivassharon@example.org,Natasha,Torres,GEO0209,Consumer,2025-10-28T09:18:24,2026-01-06T05:52:58,0
C007334,donna35@example.org,Cassandra,Robertson,GEO0624,Consumer,2025-02-13T12:08:38,2025-10-20T00:13:33,0
C007335,perryjonathan@example.com,Thomas,Pratt,GEO0051,SMB,2025-10-19T20:55:44,2026-02-08T07:09:45,0
C007336,solisteresa@example.net,Monica,Frey,GEO0053,Consumer,2024-08-10T04:16:10,2025-10-27T06:28:55,0
C007337,smithkimberly@example.net,Jacob,Phillips,GEO0681,Consumer,2026-01-12T12:32:47,2026-01-17T05:21:16,0
C007338,joshuadavis@example.org,Jasmine,Ryan,GEO0357,SMB,2024-10-27T04:59:33,2025-11-29T15:52:34,0
C007339,melissaglover@example.org,Troy,Lowe,GEO0460,SMB,2025-05-03T19:00:17,2025-09-12T14:18:44,0
C007340,jonathanwalker@example.org,Mary,Rodgers,GEO0319,SMB,2025-03-29T09:13:17,2025-08-13T02:00:22,0
C007341,vberry@example.net,Lindsay,Davis,GEO0636,SMB,2025-08-23T21:46:02,2025-11-29T22:20:11,0
C007342,jeffreydorsey@example.net,Darius,Ortiz,GEO0349,Consumer,2024-12-24T05:37:15,2025-11-12T04:17:19,0
C007343,kathleenwilliams@example.net,Natalie,Gates,GEO0585,Mid-Market,2024-10-02T17:48:14,2025-07-13T23:23:07,0
C007344,jjensen@example.com,Yvette,Powell,GEO0174,SMB,2025-08-24T10:58:00,2026-01-11T20:44:38,0
C007345,davisstephanie@example.org,Cynthia,Butler,GEO0013,SMB,2025-05-09T08:31:08,2026-02-11T03:47:20,0
C007346,palmersierra@example.org,Joseph,Bryant,GEO0205,Consumer,2025-04-06T13:27:11,2025-09-30T22:00:06,0
C007347,ureynolds@example.net,Daisy,Contreras,GEO0297,Consumer,2025-03-15T05:01:19,2025-06-22T21:53:28,0
C007348,paulclayton@example.org,Darren,Horton,GEO0778,SMB,2024-05-07T19:55:18,2025-11-19T15:10:18,0
C007349,bradley11@example.org,Joseph,Bradshaw,GEO0164,Mid-Market,2024-09-13T04:27:07,2025-09-04T05:59:33,0
C007350,sweaver@example.net,Mark,Lawrence,GEO0381,Mid-Market,2026-02-13T21:15:00,2026-02-23T13:35:08,0
C007351,wilkinsonalisha@example.net,Shelby,Arias,GEO0747,Mid-Market,2024-02-22T01:32:11,2024-03-14T23:30:41,0
C007352,michael94@example.net,Brittney,Taylor,GEO0403,Mid-Market,2024-01-05T16:32:57,2024-07-09T05:02:37,0
C007353,steven20@example.com,Tracy,Buchanan,GEO0502,SMB,2024-05-12T05:40:07,2024-05-16T20:45:51,0
C007354,victoria17@example.com,Robert,Carroll,GEO0297,Consumer,2024-10-07T06:40:22,2025-09-19T08:31:36,0
C007355,pughlisa@example.com,Craig,Campbell,GEO0599,Consumer,2024-08-04T23:10:31,2024-12-15T18:54:37,0
C007356,kevin57@example.com,Zachary,Yates,GEO0188,SMB,2024-06-20T02:01:00,2024-12-08T05:30:38,0
C007357,ernest28@example.net,Amanda,Robles,GEO0277,SMB,2024-05-19T14:36:50,2025-12-24T16:57:33,0
C007358,nicholas08@example.net,Jerome,Johnson,GEO0457,Mid-Market,2024-12-06T22:51:47,2025-11-12T08:59:13,0
C007359,tinaalvarez@example.net,Kelly,Jones,GEO0487,Consumer,2025-03-17T07:11:53,2025-06-12T09:03:35,0
C007360,walkersamuel@example.net,Christina,Porter,GEO0314,SMB,2025-10-26T15:41:02,2025-10-27T07:30:49,0
C007361,alison93@example.com,Todd,Woodard,GEO0190,SMB,2024-04-16T03:50:22,2024-06-05T12:34:20,0
C007362,kaitlyndavies@example.net,David,Cox,GEO0396,SMB,2024-10-27T00:32:32,2026-01-26T17:50:37,0
C007363,frankwilson@example.com,Tara,Mcneil,GEO0320,Consumer,2025-08-12T21:03:34,2025-11-03T03:22:05,0
C007364,moranmelissa@example.net,Jason,Todd,GEO0636,Consumer,2024-07-10T20:55:32,2025-09-09T12:02:01,0
C007365,keithtaylor@example.org,Theresa,Foley,GEO0037,Mid-Market,2025-08-09T19:45:29,2026-02-01T09:36:17,0
C007366,bradleyevans@example.org,Carol,Reed,GEO0265,Consumer,2024-04-22T14:07:23,2025-12-09T01:15:25,0
C007367,rwilliams@example.org,Melissa,Young,GEO0795,Mid-Market,2025-05-27T15:15:30,2025-07-30T22:22:39,0
C007368,caitlinmiddleton@example.net,Elizabeth,Peters,GEO0610,Consumer,2025-11-09T03:09:20,2026-01-25T18:27:32,0
C007369,nhurley@example.org,Stephanie,Moore,GEO0336,Mid-Market,2025-06-17T06:17:48,2025-10-12T22:08:36,0
C007370,schmidtsabrina@example.org,Tammy,Stevens,GEO0054,Mid-Market,2025-12-02T14:34:58,2026-02-24T13:40:31,0
C007371,faith82@example.com,Sherry,Moore,GEO0181,SMB,2024-12-09T21:55:11,2026-01-27T23:52:36,0
C007372,rosejuan@example.com,Natasha,Acosta,GEO0443,SMB,2026-02-19T21:39:59,2026-02-28T10:51:31,0
C007373,kathy99@example.net,Teresa,Barnett,GEO0531,SMB,2025-08-18T14:42:55,2026-02-01T15:03:02,0
C007374,barrlauren@example.net,Christine,White,GEO0287,Mid-Market,2024-03-31T02:47:41,2024-05-18T07:23:12,0
C007375,crawfordpamela@example.net,Joe,Taylor,GEO0490,Consumer,2025-02-15T11:39:09,2025-04-14T20:59:30,0
C007376,jenkinsjake@example.net,Samantha,Mcgee,GEO0559,SMB,2024-07-25T00:21:48,2024-10-21T11:20:34,0
C007377,matthew43@example.org,Justin,Byrd,GEO0652,Mid-Market,2026-01-08T20:27:26,2026-01-23T03:42:41,0
C007378,macksean@example.net,Alexander,Williams,GEO0708,Consumer,2025-11-13T17:29:03,2025-12-31T03:04:21,0
C007379,jacobhernandez@example.org,Maria,Maddox,GEO0127,Consumer,2024-05-29T03:54:57,2025-11-14T16:39:51,0
C007380,glennchloe@example.org,Erin,Church,GEO0370,SMB,2025-09-18T19:45:57,2025-10-17T19:09:46,0
C007381,ywalker@example.org,Jeffrey,Carter,GEO0587,SMB,2025-01-30T21:37:21,2025-03-31T15:13:14,0
C007382,adamblack@example.net,Tyler,Yu,GEO0638,SMB,2025-10-31T13:19:35,2025-11-15T08:14:05,0
C007383,jonathan83@example.net,Jillian,Livingston,GEO0631,SMB,2025-04-06T00:48:47,2025-04-06T22:05:36,0
C007384,huangchristopher@example.org,Michael,Harvey,GEO0684,Consumer,2024-02-29T03:00:57,2025-04-23T07:35:10,0
C007385,emichael@example.org,Dwayne,York,GEO0439,SMB,2024-10-07T07:10:24,2025-04-02T08:58:36,0
C007386,thomasmartin@example.com,Kelly,Hanson,GEO0646,SMB,2026-01-21T02:42:32,2026-02-28T20:42:32,0
C007387,yvonnealexander@example.net,Brandi,Briggs,GEO0347,Mid-Market,2025-10-19T15:32:41,2026-01-11T10:04:28,0
C007388,douglas83@example.org,Christopher,Schroeder,GEO0682,SMB,2024-04-25T09:55:15,2025-06-09T18:35:57,0
C007389,ksnyder@example.com,Daniel,Sullivan,GEO0607,Mid-Market,2024-02-11T06:17:23,2025-10-19T22:16:34,0
C007390,velazqueznatasha@example.org,Brian,Hill,GEO0289,Consumer,2025-08-31T00:18:39,2025-11-08T01:33:02,0
C007391,waltonsteven@example.com,Brian,Ortega,GEO0694,Consumer,2024-03-12T00:26:37,2025-02-08T12:39:34,0
C007392,jeffreyprice@example.com,Megan,Richardson,GEO0474,Mid-Market,2025-09-09T22:13:12,2025-10-27T02:25:30,0
C007393,birdandrew@example.com,Michelle,Christensen,GEO0746,Consumer,2026-02-15T12:51:24,2026-02-19T00:48:58,0
C007394,thomas43@example.net,Kimberly,Odom,GEO0707,Consumer,2025-12-17T22:03:28,2026-01-30T00:21:36,0
C007395,anamathews@example.com,Teresa,Montoya,GEO0194,Mid-Market,2025-08-11T00:41:27,2025-10-21T00:33:07,0
C007396,mcgeeamy@example.com,Wesley,Glenn,GEO0282,SMB,2025-01-19T03:03:36,2025-03-13T14:39:24,0
C007397,michellefrost@example.org,Grant,Ballard,GEO0725,Consumer,2024-04-10T10:38:10,2024-05-06T17:24:21,0
C007398,jameslee@example.com,Teresa,Rivera,GEO0227,SMB,2026-01-11T09:37:17,2026-02-02T22:22:45,0
C007399,daviscaitlin@example.net,Sarah,Manning,GEO0532,Mid-Market,2024-07-19T06:05:33,2025-07-27T23:27:24,0
C007400,stephaniecortez@example.org,Eric,Hernandez,GEO0606,SMB,2026-01-04T08:56:36,2026-01-19T08:58:29,0
C007401,cjohnson@example.com,Kimberly,Nunez,GEO0065,Consumer,2025-06-06T04:49:26,2026-02-25T17:32:46,0
C007402,ericamoore@example.org,Barbara,Nguyen,GEO0021,SMB,2024-01-08T20:59:51,2025-10-14T23:35:55,0
C007403,wrogers@example.net,Emily,Snyder,GEO0734,Mid-Market,2025-12-22T21:15:11,2025-12-29T02:38:29,0
C007404,lisareynolds@example.org,Kenneth,Gomez,GEO0537,Consumer,2025-10-05T00:31:40,2026-02-16T03:29:47,0
C007405,clarkmatthew@example.com,Yolanda,Schaefer,GEO0404,Consumer,2024-05-11T22:11:20,2025-04-19T16:34:07,0
C007406,eric37@example.org,Vanessa,Scott,GEO0296,Mid-Market,2025-10-24T22:53:39,2025-11-22T05:47:28,0
C007407,yhayes@example.net,Megan,Jackson,GEO0218,Consumer,2025-03-04T11:54:06,2025-12-08T00:28:32,0
C007408,fprice@example.com,Dawn,Chapman,GEO0316,SMB,2024-09-29T04:16:24,2026-01-21T13:50:44,0
C007409,linda52@example.org,Kelly,Sherman,GEO0385,Consumer,2024-01-20T08:55:42,2024-06-10T11:38:28,0
C007410,wardkimberly@example.com,Tara,Thomas,GEO0772,SMB,2025-02-25T15:05:11,2025-08-17T08:19:55,0
C007411,cassandra80@example.com,Joseph,Olson,GEO0013,SMB,2025-07-12T14:36:42,2026-02-01T11:05:38,0
C007412,pwilliams@example.org,Kelly,Christensen,GEO0081,SMB,2024-03-06T18:54:57,2025-11-26T00:54:04,0
C007413,ogaines@example.org,Daniel,Williams,GEO0396,Mid-Market,2025-11-06T08:01:44,2026-02-26T18:01:21,0
C007414,norman53@example.net,Carrie,Lopez,GEO0684,SMB,2025-10-22T09:54:36,2026-02-07T05:41:47,0
C007415,davisjudy@example.net,Stacy,Stewart,GEO0661,Consumer,2025-01-18T03:26:22,2025-05-24T17:57:52,0
C007416,jonathandavis@example.org,Erica,Green,GEO0367,Mid-Market,2025-04-12T06:50:37,2025-05-06T14:57:25,0
C007417,ycarr@example.org,Jane,Perry,GEO0436,SMB,2026-01-30T15:22:44,2026-02-03T08:41:19,0
C007418,schmidtwilliam@example.com,Alison,Goodman,GEO0534,Consumer,2024-01-15T03:53:49,2024-12-08T15:37:37,0
C007419,valerie36@example.com,Malik,Schultz,GEO0065,SMB,2024-01-10T11:50:35,2024-03-17T03:08:17,0
C007420,nwatson@example.com,Autumn,Ingram,GEO0655,Consumer,2026-02-14T15:28:35,2026-02-21T13:14:20,0
C007421,wgreen@example.net,Kelly,Martin,GEO0786,Mid-Market,2025-11-22T13:47:32,2025-11-28T03:36:08,0
C007422,simonmelanie@example.org,Patrick,Jackson,GEO0211,Consumer,2025-04-15T13:26:10,2025-07-29T19:41:14,0
C007423,gnguyen@example.com,Brenda,Simpson,GEO0106,SMB,2024-07-03T00:05:29,2025-10-04T05:54:26,0
C007424,bryan78@example.net,Morgan,Solomon,GEO0181,Mid-Market,2024-12-09T02:53:57,2025-03-23T04:50:27,0
C007425,whouse@example.com,Jesse,Malone,GEO0282,SMB,2024-07-13T20:50:16,2024-11-29T14:58:54,0
C007426,cookadam@example.com,Tabitha,Boyd,GEO0452,Consumer,2024-01-06T21:53:35,2024-05-16T06:12:41,0
C007427,nathan19@example.org,Erin,Gates,GEO0376,Mid-Market,2024-05-15T20:58:03,2024-07-06T05:20:55,0
C007428,robert19@example.net,Brittney,Marshall,GEO0084,Consumer,2025-12-01T01:17:53,2026-01-21T15:46:19,0
C007429,javieryoder@example.org,Natalie,Ramsey,GEO0618,Consumer,2025-04-09T17:59:49,2025-10-16T07:14:07,0
C007430,miranda63@example.com,Charles,Miranda,GEO0619,SMB,2024-03-20T12:18:44,2025-08-21T07:20:54,0
C007431,dbell@example.com,James,White,GEO0360,Mid-Market,2024-06-30T17:56:29,2025-06-12T06:43:06,0
C007432,nicholaswalker@example.net,Andrew,Roberts,GEO0563,SMB,2025-06-05T17:59:59,2025-10-04T07:24:18,0
C007433,ghill@example.net,Susan,Moore,GEO0705,Consumer,2024-06-03T11:09:52,2026-01-25T13:16:23,0
C007434,chad03@example.com,Trevor,Schmidt,GEO0163,SMB,2025-06-17T02:24:24,2025-09-24T20:39:13,0
C007435,hugheskimberly@example.org,Eric,Blair,GEO0346,Consumer,2024-02-18T04:10:06,2025-05-07T17:45:50,0
C007436,bill17@example.org,Marissa,Wilkerson,GEO0364,SMB,2024-02-17T00:06:32,2024-07-25T02:53:44,0
C007437,stefaniewashington@example.net,Steve,Rice,GEO0354,SMB,2024-12-08T15:16:51,2026-02-02T21:05:57,0
C007438,lbass@example.org,Andrea,Alvarez,GEO0716,SMB,2026-02-10T03:11:06,2026-02-27T17:12:56,0
C007439,thomasmaddox@example.org,Theresa,Pham,GEO0751,SMB,2024-07-18T00:54:41,2024-10-05T15:36:45,0
C007440,sethlynch@example.com,Kyle,House,GEO0539,SMB,2025-08-30T08:44:45,2025-11-25T20:23:56,0
C007441,williamstara@example.net,Chelsea,Pearson,GEO0606,Mid-Market,2025-03-23T12:59:37,2025-10-01T04:22:12,0
C007442,druiz@example.org,Brooke,Murray,GEO0004,Consumer,2025-04-07T03:31:07,2025-06-15T01:14:19,1
C007443,palmerdavid@example.net,Emma,Patton,GEO0670,Mid-Market,2025-01-10T15:44:17,2025-03-13T20:28:21,0
C007444,emanning@example.net,Alan,Davis,GEO0719,Mid-Market,2024-12-18T23:11:13,2024-12-20T01:59:08,0
C007445,kristin70@example.org,Victor,Calderon,GEO0220,Consumer,2024-10-26T04:14:28,2024-12-11T12:24:19,0
C007446,smithedward@example.org,David,Wilson,GEO0175,Mid-Market,2024-08-10T23:12:47,2025-08-09T02:51:38,0
C007447,ncastro@example.net,Bobby,Davis,GEO0119,SMB,2025-09-27T20:47:10,2025-10-13T02:04:20,0
C007448,martineztammy@example.org,Kathleen,Barry,GEO0588,Consumer,2025-09-20T14:48:54,2025-09-22T19:59:43,0
C007449,grossashley@example.com,Jessica,Rodriguez,GEO0396,Mid-Market,2024-08-05T01:26:51,2025-11-30T13:40:16,0
C007450,bmoon@example.net,April,Woods,GEO0152,Mid-Market,2024-02-18T22:44:50,2024-06-16T23:49:05,0
C007451,williamstina@example.com,Christina,Miller,GEO0672,Mid-Market,2026-02-16T07:04:02,2026-02-17T01:39:55,0
C007452,lperez@example.net,Edward,Hernandez,GEO0638,Mid-Market,2024-02-01T08:25:02,2024-03-21T10:11:41,0
C007453,bradleyjonathan@example.org,Rhonda,Stark,GEO0127,SMB,2024-02-17T18:21:52,2025-03-19T13:34:51,0
C007454,william61@example.com,Sean,Rodriguez,GEO0771,SMB,2025-12-28T02:01:12,2026-02-11T06:30:43,0
C007455,ysmith@example.org,Lisa,King,GEO0738,Consumer,2024-07-04T14:49:45,2025-12-28T07:52:36,0
C007456,kristin96@example.com,Mark,Stanton,GEO0233,Mid-Market,2024-07-06T19:00:10,2025-06-19T06:11:19,0
C007457,sandra21@example.net,Elizabeth,Mcguire,GEO0471,Mid-Market,2025-06-25T17:55:59,2025-06-30T15:49:26,0
C007458,martha48@example.org,Mark,Owens,GEO0433,Mid-Market,2026-01-12T13:22:29,2026-02-11T12:20:19,0
C007459,christine50@example.org,Kelly,Schmitt,GEO0202,SMB,2025-08-08T19:10:35,2025-12-31T03:16:27,0
C007460,robertsanchez@example.com,Harry,Wilson,GEO0651,Consumer,2026-02-19T05:55:41,2026-02-23T10:43:15,0
C007461,ssoto@example.net,Scott,Hahn,GEO0338,SMB,2025-04-09T18:45:43,2025-05-12T02:25:02,0
C007462,ericmoore@example.com,Christopher,Clark,GEO0524,SMB,2025-06-05T21:51:29,2025-08-05T17:10:09,0
C007463,alexisrodriguez@example.net,Robert,Coleman,GEO0607,Mid-Market,2024-08-06T22:17:43,2025-05-10T20:36:51,0
C007464,hramirez@example.org,Gregory,Reese,GEO0580,SMB,2024-10-12T21:50:19,2025-07-13T09:33:22,0
C007465,porterjames@example.org,Bradley,Flowers,GEO0437,SMB,2025-11-11T19:50:55,2026-02-13T09:19:21,0
C007466,cheryl30@example.net,Beth,Hughes,GEO0734,SMB,2025-12-17T05:07:40,2026-02-02T14:08:39,0
C007467,wcamacho@example.com,Greg,Gray,GEO0132,Consumer,2025-08-23T08:08:24,2026-02-22T01:30:04,0
C007468,staceyfletcher@example.com,Sonia,Collins,GEO0158,Mid-Market,2024-07-26T02:17:14,2026-01-24T04:28:25,0
C007469,meadowsdana@example.com,Laura,Vasquez,GEO0621,Mid-Market,2024-10-15T12:07:49,2024-12-21T06:46:38,0
C007470,mevans@example.com,Michelle,Archer,GEO0179,SMB,2024-11-26T11:47:59,2025-10-18T04:57:21,0
C007471,dana44@example.com,Max,Murray,GEO0505,Consumer,2025-08-07T06:28:11,2025-08-09T13:50:29,0
C007472,sanchezlisa@example.net,Shannon,Cooper,GEO0598,Mid-Market,2025-10-15T06:03:39,2026-02-09T17:01:15,0
C007473,gary89@example.org,Cynthia,Thompson,GEO0229,Mid-Market,2025-09-18T23:13:16,2025-12-29T17:25:10,0
C007474,jcarrillo@example.org,Linda,Saunders,GEO0723,SMB,2026-01-01T10:13:36,2026-01-08T19:05:48,0
C007475,qyu@example.net,Amanda,Roberts,GEO0559,Mid-Market,2025-10-17T06:35:59,2025-11-26T16:59:43,0
C007476,xcallahan@example.net,Kaylee,Roberts,GEO0600,Mid-Market,2024-03-26T23:13:56,2025-02-17T00:28:15,0
C007477,vbarker@example.net,Joshua,Brown,GEO0050,SMB,2025-05-27T17:40:20,2025-11-16T00:23:02,0
C007478,cortezeric@example.org,Melissa,Hall,GEO0721,Consumer,2025-06-05T11:06:43,2025-07-19T08:26:08,0
C007479,knguyen@example.com,Michael,Sexton,GEO0788,SMB,2025-05-29T12:49:40,2025-12-23T05:04:30,0
C007480,tonyalewis@example.org,Kevin,Huber,GEO0111,SMB,2025-12-24T05:43:29,2026-01-15T09:14:52,0
C007481,jefferyhughes@example.net,Lisa,Odom,GEO0338,SMB,2024-05-06T08:55:23,2025-06-29T11:05:45,0
C007482,xcabrera@example.com,Emily,Turner,GEO0525,Mid-Market,2024-10-01T19:28:21,2025-04-27T20:02:04,0
C007483,elizabethmcpherson@example.org,Maureen,Mendez,GEO0137,SMB,2024-09-22T23:13:15,2025-06-16T10:20:18,0
C007484,rodriguezjesse@example.net,Steven,Sanders,GEO0365,Consumer,2024-01-04T04:41:09,2024-05-26T02:58:39,1
C007485,mcculloughemily@example.com,Tara,Garcia,GEO0388,Mid-Market,2025-12-04T20:32:19,2026-02-13T03:13:05,0
C007486,nancy11@example.com,Kaitlyn,Rice,GEO0079,SMB,2024-02-24T19:15:03,2025-09-12T18:33:39,0
C007487,nmonroe@example.org,Michael,Lynch,GEO0216,Consumer,2024-08-27T18:44:09,2025-03-04T04:45:02,0
C007488,anawilson@example.net,Steven,Bowen,GEO0603,SMB,2026-01-04T02:51:31,2026-01-31T13:58:50,0
C007489,kmorgan@example.org,Nicholas,Villanueva,GEO0392,Consumer,2025-03-25T21:25:55,2025-12-21T06:44:35,0
C007490,xgilmore@example.org,Mike,Gonzales,GEO0628,Consumer,2025-07-19T12:45:26,2025-11-10T09:03:43,0
C007491,davidlang@example.org,Benjamin,Mays,GEO0054,Mid-Market,2024-01-19T00:38:42,2025-05-25T15:14:20,0
C007492,browndeanna@example.com,Kenneth,Smith,GEO0598,Mid-Market,2024-10-27T21:26:11,2025-05-02T21:53:38,0
C007493,stephenperez@example.org,Erica,Rogers,GEO0750,Consumer,2025-08-28T23:07:09,2025-09-20T06:23:21,0
C007494,dustin63@example.net,Alan,Chen,GEO0110,Consumer,2024-07-12T03:10:21,2025-02-24T08:43:12,0
C007495,patrickgonzalez@example.org,Monica,Pacheco,GEO0364,SMB,2026-01-16T12:27:37,2026-01-30T14:03:27,0
C007496,sdoyle@example.net,Craig,Parker,GEO0107,SMB,2025-10-11T13:19:18,2025-10-16T06:40:05,0
C007497,francisstephen@example.org,Michele,Shaw,GEO0123,Consumer,2025-06-11T05:07:04,2025-10-22T10:48:44,0
C007498,rriddle@example.org,Joseph,Davila,GEO0517,Consumer,2024-07-03T11:23:20,2025-02-20T05:06:25,0
C007499,ryanwoodard@example.org,Brittany,Johnson,GEO0402,Mid-Market,2026-01-23T20:58:49,2026-02-27T10:56:52,0
C007500,zsantiago@example.com,Jessica,Oneal,GEO0274,Consumer,2024-11-20T04:24:52,2025-09-21T09:51:23,0
C007501,shelby83@example.net,William,Reese,GEO0131,Mid-Market,2024-12-27T06:46:25,2025-01-23T14:10:09,0
C007502,tcrawford@example.net,Dennis,Fernandez,GEO0491,SMB,2025-05-29T18:36:12,2025-08-13T23:52:34,0
C007503,rebekah05@example.net,Justin,Wells,GEO0288,Mid-Market,2025-07-26T22:45:26,2025-11-02T16:37:33,0
C007504,angelasilva@example.com,Natalie,Anderson,GEO0225,Consumer,2024-04-10T12:40:43,2025-03-24T23:11:33,0
C007505,kowen@example.net,Kevin,Montoya,GEO0439,SMB,2024-10-18T23:12:02,2025-03-27T05:42:13,0
C007506,jgaines@example.net,Amy,Lopez,GEO0241,Consumer,2025-03-11T08:55:48,2025-04-28T13:53:50,0
C007507,matthew40@example.net,Denise,Ramirez,GEO0622,Mid-Market,2024-08-27T14:01:29,2025-02-08T15:58:16,0
C007508,smithdaniel@example.net,Brittany,Ross,GEO0652,Consumer,2024-05-22T01:55:42,2025-05-14T01:11:41,0
C007509,juarezmary@example.com,Alison,Mcbride,GEO0350,Consumer,2024-10-27T14:36:39,2025-02-20T19:58:28,0
C007510,jason05@example.com,Jade,Payne,GEO0492,Mid-Market,2026-01-21T16:54:05,2026-01-24T08:32:23,0
C007511,vmahoney@example.com,Brooke,Atkinson,GEO0026,SMB,2024-04-12T19:01:47,2025-04-14T08:10:56,0
C007512,joelmorgan@example.org,Sara,Simon,GEO0214,Mid-Market,2024-10-30T14:33:18,2025-09-19T01:19:06,0
C007513,johnsonemily@example.org,Destiny,Rojas,GEO0102,SMB,2024-11-10T03:16:00,2025-10-24T16:55:48,0
C007514,brookevalencia@example.org,Michelle,Wood,GEO0031,SMB,2025-06-14T15:52:36,2025-12-09T02:20:44,0
C007515,shawnshort@example.net,Julie,Garcia,GEO0040,Mid-Market,2025-02-14T18:53:10,2025-04-23T18:07:59,0
C007516,eric58@example.net,Mary,Roman,GEO0037,SMB,2024-07-23T20:49:37,2024-08-26T20:04:25,0
C007517,walkercody@example.org,Bryan,Bell,GEO0100,SMB,2025-06-20T21:00:19,2025-12-15T15:54:25,0
C007518,nyoung@example.com,Angela,Jenkins,GEO0422,Consumer,2024-08-29T00:49:39,2025-07-12T15:49:41,0
C007519,marisa21@example.com,Christopher,Patterson,GEO0113,SMB,2024-04-12T03:57:20,2026-02-11T18:11:49,0
C007520,larry87@example.net,Thomas,Ellis,GEO0239,SMB,2025-05-28T04:29:56,2025-12-08T15:52:53,0
C007521,hallstephanie@example.net,Jason,Kemp,GEO0415,Consumer,2024-10-11T13:21:15,2025-11-13T14:17:58,0
C007522,durhamrobin@example.com,Amanda,Wise,GEO0642,SMB,2026-01-22T14:35:21,2026-02-17T06:43:28,0
C007523,markmoore@example.com,Jason,Coleman,GEO0456,SMB,2025-01-21T07:25:04,2025-12-21T22:07:06,0
C007524,james31@example.com,Christopher,Moore,GEO0774,Mid-Market,2025-02-18T11:37:51,2025-08-27T04:19:04,0
C007525,sarahfisher@example.net,Donna,Padilla,GEO0329,Consumer,2025-05-21T13:33:31,2025-10-22T15:35:10,0
C007526,eric77@example.com,Curtis,Walker,GEO0191,Mid-Market,2025-02-20T07:17:46,2025-06-04T05:20:05,0
C007527,dtyler@example.net,Brittany,Callahan,GEO0219,Consumer,2024-05-05T00:10:42,2025-11-26T16:12:44,0
C007528,barry66@example.net,Brittany,Sutton,GEO0752,Mid-Market,2024-10-01T21:49:04,2025-07-04T02:03:05,0
C007529,wendypayne@example.net,Randy,Rivera,GEO0751,Consumer,2026-01-29T01:51:05,2026-02-27T09:29:16,0
C007530,kelly64@example.net,Joel,Garcia,GEO0205,Consumer,2025-07-27T10:43:30,2025-12-19T13:06:37,0
C007531,millerpatrick@example.net,Jasmine,Stewart,GEO0489,Consumer,2024-10-07T06:49:32,2024-11-04T05:47:04,0
C007532,jacksonkaitlyn@example.org,Cory,Williams,GEO0005,SMB,2024-09-20T22:34:09,2025-06-15T15:47:00,0
C007533,baldwinkaren@example.com,John,Hall,GEO0020,Mid-Market,2024-01-26T15:02:37,2024-07-28T14:33:41,0
C007534,jodi85@example.org,Duane,Hopkins,GEO0234,SMB,2025-01-06T08:46:12,2025-08-03T22:18:10,0
C007535,zfuentes@example.org,James,Jacobson,GEO0240,Consumer,2024-10-08T21:19:43,2025-06-01T01:11:24,0
C007536,pnavarro@example.net,Zachary,Kim,GEO0730,Mid-Market,2024-04-20T10:52:50,2026-02-26T09:25:25,0
C007537,william54@example.com,Sandra,Gonzalez,GEO0084,Mid-Market,2025-09-13T04:58:55,2025-09-13T15:49:44,0
C007538,marshallkelly@example.com,Lisa,Hines,GEO0443,SMB,2025-08-08T04:08:50,2026-02-16T07:44:07,0
C007539,erojas@example.com,David,Oneal,GEO0521,Mid-Market,2025-06-19T14:01:32,2026-01-15T22:15:13,0
C007540,vunderwood@example.com,Mindy,Mason,GEO0080,Mid-Market,2024-11-05T08:22:14,2025-08-30T14:23:55,0
C007541,moralesjames@example.org,Nicole,Walker,GEO0500,Mid-Market,2024-02-17T05:36:57,2025-12-17T00:44:12,0
C007542,janicegonzalez@example.com,Stephen,Gomez,GEO0438,Mid-Market,2025-06-09T10:24:44,2026-02-20T01:08:35,0
C007543,dpowell@example.com,Yvonne,Lopez,GEO0541,Consumer,2024-10-12T04:28:33,2025-01-22T13:44:08,0
C007544,andrew66@example.com,Bradley,Hughes,GEO0493,Mid-Market,2025-01-22T22:58:17,2025-12-04T09:06:43,0
C007545,andrew52@example.com,Christopher,Williams,GEO0422,SMB,2025-11-25T14:38:03,2025-12-28T09:29:20,0
C007546,vwatson@example.org,Derek,Hines,GEO0471,Consumer,2024-12-20T15:40:38,2025-03-15T12:57:40,0
C007547,tyler14@example.org,Henry,Nelson,GEO0744,SMB,2026-02-16T00:57:34,2026-02-28T04:15:43,0
C007548,james68@example.com,Zachary,Clark,GEO0359,Consumer,2024-05-30T21:01:00,2024-11-22T19:30:34,0
C007549,awilliams@example.org,Andrea,Parks,GEO0295,Mid-Market,2025-03-07T15:46:50,2025-12-14T04:40:17,0
C007550,winterstracy@example.com,Crystal,Schmidt,GEO0070,Mid-Market,2024-11-17T10:12:00,2025-09-25T04:09:11,0
C007551,vargasjennifer@example.net,Crystal,Thomas,GEO0350,Consumer,2024-06-23T04:32:35,2024-10-06T12:39:01,0
C007552,knightwilliam@example.net,Lindsay,Hansen,GEO0631,Mid-Market,2024-11-23T06:49:57,2025-02-20T22:57:09,0
C007553,mckayamanda@example.net,David,Gutierrez,GEO0400,SMB,2024-06-19T04:14:19,2025-03-11T04:17:04,0
C007554,davisalicia@example.org,Steven,Cox,GEO0056,SMB,2026-02-26T01:33:13,2026-02-26T08:48:34,0
C007555,ggarner@example.net,Anthony,Meyer,GEO0290,Mid-Market,2025-10-25T08:34:42,2025-12-06T21:10:13,0
C007556,usutton@example.net,David,Jenkins,GEO0654,Consumer,2024-07-15T05:32:46,2025-05-19T13:48:54,0
C007557,carla15@example.org,Gina,Mendez,GEO0307,Mid-Market,2024-05-02T18:36:28,2024-07-24T01:32:45,0
C007558,williammeadows@example.com,Monica,Rogers,GEO0471,Mid-Market,2026-02-23T12:12:09,2026-02-23T07:41:14,0
C007559,freemantracy@example.org,Jamie,Singleton,GEO0083,Mid-Market,2026-02-09T10:45:43,2026-02-14T02:49:16,0
C007560,ksantana@example.org,Darrell,Nguyen,GEO0583,SMB,2025-11-08T09:16:28,2025-11-24T04:30:01,0
C007561,brhodes@example.org,Krista,Cooper,GEO0301,SMB,2024-02-22T16:58:39,2026-01-19T20:39:31,0
C007562,stephaniehenderson@example.com,Bryan,Callahan,GEO0493,SMB,2024-09-26T05:58:11,2025-09-12T19:43:55,0
C007563,lukemolina@example.com,Connie,Morgan,GEO0095,Consumer,2024-07-24T06:31:16,2026-01-02T11:41:03,0
C007564,hlewis@example.com,Gavin,Davis,GEO0260,SMB,2024-08-05T08:54:14,2024-12-31T23:03:48,0
C007565,johnathan36@example.org,Amanda,Oneill,GEO0507,SMB,2024-02-23T21:00:53,2025-12-17T17:15:00,0
C007566,justinyoung@example.com,Andrew,Harris,GEO0391,SMB,2025-04-10T07:27:47,2025-10-22T15:48:23,0
C007567,esmith@example.com,Victoria,Perry,GEO0227,SMB,2025-06-03T18:33:28,2026-02-07T02:46:46,0
C007568,tnguyen@example.net,Julie,Patterson,GEO0734,SMB,2026-01-22T14:53:14,2026-02-05T07:21:14,0
C007569,kevin48@example.org,Danny,Boone,GEO0274,SMB,2024-08-04T18:02:11,2025-04-13T17:46:59,0
C007570,jrobinson@example.net,Gregory,Chang,GEO0259,SMB,2025-08-29T21:03:20,2025-12-18T19:46:18,0
C007571,rebecca88@example.com,Susan,Ramirez,GEO0431,SMB,2025-04-14T03:39:10,2025-12-07T23:56:33,0
C007572,yodermichael@example.org,Kayla,Peterson,GEO0065,Mid-Market,2024-06-06T21:57:02,2025-09-21T19:40:25,0
C007573,kyleortega@example.com,Brian,Bush,GEO0718,Mid-Market,2024-10-13T01:56:36,2025-11-25T19:22:10,0
C007574,amorris@example.net,Anna,Patterson,GEO0012,Mid-Market,2024-09-25T04:48:29,2025-08-26T13:07:55,0
C007575,amymccormick@example.com,Timothy,Vasquez,GEO0143,Consumer,2026-01-03T14:09:03,2026-01-08T15:54:46,0
C007576,kylemartin@example.net,John,Solis,GEO0709,Consumer,2024-01-24T03:28:20,2025-11-07T10:21:44,0
C007577,josephguerra@example.org,Rodney,Frank,GEO0776,SMB,2025-04-10T09:30:15,2025-10-15T03:02:56,0
C007578,cherylhardy@example.net,Sheryl,Fisher,GEO0463,Mid-Market,2025-04-09T09:55:19,2025-08-20T22:38:50,0
C007579,wrichardson@example.org,Stacy,Ayala,GEO0383,Mid-Market,2025-06-04T01:50:45,2026-02-10T03:44:25,0
C007580,omeyers@example.org,Michelle,Mcclain,GEO0680,SMB,2025-10-04T16:57:53,2026-02-12T01:15:01,0
C007581,jasonbennett@example.net,Tony,Scott,GEO0040,SMB,2024-06-18T18:54:08,2025-01-28T21:43:46,0
C007582,johnsonjill@example.net,Angelica,Harris,GEO0093,Mid-Market,2024-01-10T06:14:19,2024-05-12T17:30:51,1
C007583,vwinters@example.org,April,Andersen,GEO0613,SMB,2024-05-03T22:20:50,2024-05-21T06:39:40,0
C007584,barrerajeffery@example.com,Austin,Fitzgerald,GEO0035,Consumer,2024-02-26T16:54:59,2024-03-07T06:48:23,0
C007585,jillian82@example.com,Jill,Wilson,GEO0777,Consumer,2024-07-29T07:28:47,2025-03-11T03:09:59,0
C007586,ugonzalez@example.org,Lisa,Herman,GEO0057,SMB,2025-08-07T22:01:50,2026-02-21T08:35:57,0
C007587,christophersmith@example.com,Ralph,Santana,GEO0129,Mid-Market,2025-10-03T17:06:49,2026-02-18T15:44:23,0
C007588,colin84@example.com,William,Romero,GEO0605,SMB,2025-08-02T07:08:44,2025-09-16T20:37:08,0
C007589,gfox@example.com,Michael,Mason,GEO0150,Mid-Market,2025-05-07T01:39:37,2025-07-19T16:15:56,0
C007590,wharvey@example.com,Jackie,Woods,GEO0370,Mid-Market,2025-12-18T18:54:34,2026-02-06T06:55:36,0
C007591,cartercarol@example.com,Samantha,Guzman,GEO0637,Consumer,2025-10-06T13:11:01,2025-12-15T13:53:29,0
C007592,robert90@example.com,Brianna,Velez,GEO0302,Consumer,2025-02-28T01:49:14,2025-12-02T02:54:24,0
C007593,laurenfowler@example.net,Leah,Davis,GEO0764,Mid-Market,2024-03-10T08:34:25,2025-07-14T01:29:41,0
C007594,stacygill@example.net,Zachary,Sanders,GEO0690,Mid-Market,2025-12-16T17:47:26,2026-01-17T08:52:17,0
C007595,qweaver@example.net,Ashley,Turner,GEO0018,Consumer,2024-03-06T17:22:05,2024-04-18T03:21:16,0
C007596,smithjacob@example.com,Sheila,Rivera,GEO0587,SMB,2024-06-19T05:20:21,2025-10-02T07:00:47,0
C007597,wendyhumphrey@example.org,Jose,Davis,GEO0756,Mid-Market,2025-05-31T01:33:31,2025-08-08T10:32:19,0
C007598,benjaminramos@example.com,Nathaniel,Davis,GEO0241,Consumer,2024-08-17T04:10:41,2025-12-16T05:31:44,0
C007599,jasonthompson@example.net,Justin,Brooks,GEO0225,Consumer,2025-01-16T03:43:22,2025-04-12T15:49:46,0
C007600,tbrown@example.net,Karen,Butler,GEO0272,Consumer,2025-11-13T07:04:55,2025-11-28T22:17:14,0
C007601,chaneyamber@example.net,Erin,Martin,GEO0070,Mid-Market,2024-03-10T12:24:55,2024-11-04T17:10:26,0
C007602,xbrown@example.com,Jamie,Krueger,GEO0743,SMB,2025-03-25T18:28:08,2025-11-18T14:29:07,0
C007603,jross@example.net,Karen,West,GEO0446,Mid-Market,2025-08-08T22:17:26,2025-08-14T11:12:44,0
C007604,hbennett@example.net,Shelby,Gonzalez,GEO0185,SMB,2024-11-04T23:21:40,2026-02-11T14:18:57,0
C007605,crystal61@example.com,Jennifer,Benitez,GEO0713,Consumer,2026-02-08T19:24:50,2026-02-25T07:16:44,0
C007606,cooperjames@example.net,Sabrina,Sims,GEO0056,SMB,2025-06-30T20:38:32,2025-11-02T03:27:44,0
C007607,angela99@example.net,Michelle,Sanchez,GEO0367,SMB,2026-02-13T05:39:08,2026-02-15T15:30:48,0
C007608,thompsontraci@example.org,Anthony,Miranda,GEO0517,Consumer,2025-02-02T10:15:48,2025-12-04T00:58:58,0
C007609,collinsteresa@example.org,Mikayla,Ramirez,GEO0242,Consumer,2024-03-06T00:01:02,2025-07-12T22:30:34,0
C007610,zjohnson@example.net,John,Wilkerson,GEO0252,Mid-Market,2024-04-29T05:46:26,2024-11-23T15:40:16,0
C007611,nsharp@example.org,James,Roth,GEO0339,Mid-Market,2025-08-23T15:43:47,2025-09-04T06:58:11,0
C007612,larrycarter@example.net,Scott,Pham,GEO0224,Consumer,2024-11-21T23:32:05,2025-10-06T06:14:39,0
C007613,zpitts@example.org,Megan,Malone,GEO0238,Consumer,2024-06-02T15:55:16,2025-03-27T11:16:42,0
C007614,qjacobs@example.net,Jessica,Phillips,GEO0255,Mid-Market,2024-12-24T09:49:18,2025-08-27T05:28:33,0
C007615,suzannemay@example.org,Corey,Ochoa,GEO0123,Mid-Market,2025-05-21T19:53:11,2025-10-16T09:51:28,0
C007616,rtaylor@example.net,Katie,Miller,GEO0196,Mid-Market,2025-11-24T21:29:59,2025-12-03T14:19:01,0
C007617,patricia75@example.org,Jessica,Henry,GEO0164,Mid-Market,2025-02-05T12:28:36,2025-11-27T23:16:08,0
C007618,oyoung@example.org,Joshua,Brown,GEO0416,Mid-Market,2024-01-06T12:07:13,2025-05-03T13:38:34,0
C007619,brenda19@example.com,Holly,Dickson,GEO0539,Consumer,2024-06-18T14:24:05,2026-01-13T04:20:46,0
C007620,christopher66@example.org,Timothy,Hill,GEO0018,Consumer,2024-07-28T17:31:33,2025-12-15T18:01:38,0
C007621,bwilliams@example.com,Sara,Schmidt,GEO0027,Mid-Market,2024-06-30T02:11:05,2024-12-12T12:13:20,0
C007622,bmaxwell@example.org,Mary,Leblanc,GEO0689,Mid-Market,2026-01-01T03:23:27,2026-01-31T02:02:11,0
C007623,scottwatson@example.com,Steven,Lowe,GEO0385,Consumer,2025-02-02T05:45:20,2026-02-24T23:06:38,0
C007624,emartinez@example.net,Brittany,Ponce,GEO0321,SMB,2024-07-15T13:08:51,2025-12-16T09:18:14,0
C007625,vasquezjennifer@example.com,Aaron,Huffman,GEO0696,Consumer,2025-11-19T17:11:56,2026-01-22T08:01:46,0
C007626,awalsh@example.org,George,Gonzales,GEO0291,Consumer,2024-04-11T11:56:44,2024-08-24T01:02:16,0
C007627,vhampton@example.com,Kevin,White,GEO0514,Consumer,2024-07-09T18:04:34,2024-12-16T16:48:41,0
C007628,stacy00@example.org,Catherine,Crawford,GEO0309,SMB,2024-06-06T15:58:39,2025-07-17T21:26:27,0
C007629,fisherkrista@example.com,Rodney,Lynn,GEO0741,SMB,2025-11-07T16:13:01,2025-12-01T03:31:10,0
C007630,joan18@example.com,Amy,Oconnor,GEO0238,SMB,2026-02-02T01:39:39,2026-02-08T15:22:05,0
C007631,carolyn87@example.net,Joseph,Page,GEO0613,SMB,2025-05-13T21:34:51,2025-09-22T16:07:19,0
C007632,adriangriffith@example.org,Garrett,Tran,GEO0481,Consumer,2025-10-30T22:38:47,2025-12-17T15:36:39,0
C007633,bmason@example.net,Gina,Ruiz,GEO0332,Mid-Market,2024-04-12T09:52:20,2024-06-20T19:09:00,0
C007634,tara78@example.com,Kristi,Mitchell,GEO0064,SMB,2026-01-09T19:47:27,2026-01-31T07:50:32,0
C007635,ythornton@example.com,Jason,Carpenter,GEO0447,Mid-Market,2024-04-03T08:02:23,2025-05-20T17:18:48,0
C007636,julie64@example.org,Andrew,Wagner,GEO0618,Mid-Market,2024-12-21T18:54:13,2025-12-11T08:03:59,0
C007637,davidthompson@example.com,Nathan,Green,GEO0727,Consumer,2024-04-11T14:23:55,2024-10-06T17:28:45,0
C007638,franklong@example.org,Heather,Brooks,GEO0202,Mid-Market,2025-09-14T15:10:08,2025-12-09T15:50:46,0
C007639,armstrongmary@example.com,Mitchell,Stevenson,GEO0704,SMB,2025-12-24T01:08:58,2026-01-15T10:39:15,0
C007640,shall@example.net,Edward,Bernard,GEO0374,Consumer,2026-01-05T21:10:56,2026-02-22T05:30:10,0
C007641,zthompson@example.net,Jon,Gonzales,GEO0178,SMB,2024-10-02T21:49:36,2025-10-11T10:40:00,0
C007642,harrisangela@example.net,Tammy,Brown,GEO0711,Consumer,2025-11-28T14:36:20,2026-02-05T04:21:16,0
C007643,browndrew@example.com,Alicia,Bruce,GEO0129,SMB,2025-03-14T14:09:15,2026-01-24T12:28:42,0
C007644,onelson@example.com,Diana,Allen,GEO0544,Consumer,2025-06-16T18:00:28,2025-11-26T02:26:12,0
C007645,msalazar@example.org,Diane,Sherman,GEO0399,SMB,2024-01-05T13:11:25,2026-02-15T15:39:59,0
C007646,katelynsalazar@example.org,John,Gonzalez,GEO0060,Mid-Market,2024-01-14T22:37:53,2024-02-22T14:13:29,0
C007647,alisonfuentes@example.net,William,Arnold,GEO0674,Consumer,2024-05-19T19:46:07,2025-10-12T12:17:34,0
C007648,yboyd@example.net,Edward,Hunt,GEO0178,SMB,2024-08-10T02:18:40,2025-08-09T09:16:01,0
C007649,uclark@example.com,Tammy,Garcia,GEO0045,Consumer,2026-01-05T19:05:58,2026-02-13T11:24:21,0
C007650,vbailey@example.org,John,Johnson,GEO0333,SMB,2025-11-12T23:33:17,2026-01-22T09:04:40,0
C007651,timothyproctor@example.org,Jessica,Ward,GEO0302,Consumer,2025-08-07T04:34:14,2025-10-29T22:25:02,0
C007652,rileyalexandra@example.com,Sheri,Scott,GEO0429,Consumer,2024-05-16T18:14:22,2024-07-20T02:42:31,0
C007653,mjohnson@example.org,Sarah,Thompson,GEO0448,Mid-Market,2024-11-03T20:25:12,2025-06-03T19:15:59,0
C007654,brian67@example.org,Whitney,Moore,GEO0519,Consumer,2026-01-22T11:34:16,2026-02-16T01:30:00,0
C007655,flopez@example.org,Shannon,Alexander,GEO0706,Consumer,2024-09-26T10:42:44,2025-01-11T15:23:38,0
C007656,idrake@example.com,Suzanne,Lambert,GEO0379,SMB,2024-03-23T05:27:59,2024-05-29T01:34:43,0
C007657,jacquelineolson@example.net,Wendy,Lucero,GEO0525,SMB,2024-09-26T12:12:59,2024-12-13T08:28:43,0
C007658,howardbarbara@example.com,Rebecca,Mason,GEO0084,Consumer,2025-02-10T05:26:21,2025-03-07T16:34:45,0
C007659,jeffward@example.net,Todd,Williams,GEO0613,SMB,2025-09-11T11:21:32,2025-12-01T06:56:30,0
C007660,qmoore@example.org,Paul,Brown,GEO0131,Mid-Market,2025-09-07T15:34:59,2026-01-15T02:27:45,0
C007661,johnramirez@example.net,Heather,Jimenez,GEO0596,Mid-Market,2025-06-11T01:39:25,2025-11-26T02:06:36,0
C007662,hbell@example.net,Joshua,Obrien,GEO0780,Mid-Market,2026-02-07T17:28:18,2026-02-27T09:45:30,0
C007663,fwebster@example.org,Donald,Turner,GEO0623,Consumer,2024-07-04T15:40:28,2025-12-07T10:18:20,0
C007664,xallen@example.com,Ian,Mcdonald,GEO0260,SMB,2024-10-19T21:29:01,2025-05-10T01:33:49,0
C007665,carolbailey@example.org,Lindsey,Guerrero,GEO0640,Mid-Market,2024-12-16T10:35:46,2025-09-01T21:12:19,0
C007666,austin72@example.net,Sarah,Mann,GEO0116,SMB,2025-01-17T09:48:46,2025-05-15T05:54:29,0
C007667,williamjoseph@example.com,Alicia,Marks,GEO0074,SMB,2025-01-08T02:04:46,2025-06-21T13:23:09,0
C007668,johnsonchristy@example.net,Robin,Patterson,GEO0670,Consumer,2025-04-09T02:59:41,2025-10-02T12:10:24,0
C007669,kristendaugherty@example.net,Laura,Zhang,GEO0294,Mid-Market,2026-02-13T18:34:05,2026-02-14T11:08:28,0
C007670,spearscalvin@example.com,Christina,Collins,GEO0438,Consumer,2025-08-24T00:02:35,2025-11-15T08:25:15,0
C007671,wadkins@example.net,Catherine,Brooks,GEO0541,SMB,2024-04-14T23:48:49,2025-01-23T22:59:26,0
C007672,marybean@example.com,Jimmy,James,GEO0064,Mid-Market,2025-02-13T12:40:19,2025-11-28T06:55:10,0
C007673,christine61@example.net,Bryan,Porter,GEO0035,SMB,2025-05-11T10:44:52,2026-02-10T06:32:33,0
C007674,jbryant@example.org,Donald,Patterson,GEO0418,Consumer,2026-01-13T07:41:05,2026-01-29T18:15:41,0
C007675,fcross@example.com,Sarah,Young,GEO0637,SMB,2025-01-01T16:20:59,2025-10-23T21:10:32,0
C007676,smithtyler@example.org,Steve,Cox,GEO0239,Consumer,2025-10-07T23:00:59,2026-01-15T13:27:20,0
C007677,chasethomas@example.com,Linda,Terrell,GEO0194,SMB,2024-09-21T19:28:58,2024-12-19T01:36:01,0
C007678,sgallagher@example.com,Heather,Sanchez,GEO0264,Mid-Market,2024-06-04T02:00:02,2024-06-24T06:57:10,0
C007679,princedaniel@example.com,John,Spencer,GEO0515,SMB,2025-03-04T13:54:05,2025-10-28T17:00:32,0
C007680,wilsonryan@example.org,Eric,Frye,GEO0171,SMB,2025-06-07T08:19:44,2025-07-12T12:09:31,0
C007681,jimenezmonica@example.org,Anthony,Carr,GEO0652,SMB,2025-05-12T11:00:09,2025-10-10T05:22:03,0
C007682,tapiamichael@example.com,Sarah,Robinson,GEO0691,Consumer,2024-03-28T04:52:56,2025-11-05T03:23:12,0
C007683,michelledelacruz@example.com,Luis,Acevedo,GEO0611,SMB,2024-07-26T10:37:57,2025-01-02T15:04:37,0
C007684,ian22@example.org,Kevin,Kaufman,GEO0451,Mid-Market,2025-02-08T12:58:07,2025-08-19T05:18:08,0
C007685,joshua13@example.net,Laurie,Armstrong,GEO0077,Consumer,2026-02-09T06:33:01,2026-02-12T21:03:48,0
C007686,diana76@example.net,Carol,Clark,GEO0459,Mid-Market,2025-04-30T01:07:28,2025-12-22T09:19:25,0
C007687,allenchristian@example.com,Brandy,Matthews,GEO0744,Consumer,2025-07-06T09:35:58,2025-10-10T08:36:07,0
C007688,olsonmichael@example.net,Emily,Graham,GEO0023,SMB,2026-01-31T00:29:35,2026-02-24T06:06:59,0
C007689,jeanette06@example.org,Robert,Rodriguez,GEO0708,Consumer,2024-07-28T03:54:20,2025-03-16T08:38:31,0
C007690,mortonapril@example.com,Kelly,Bush,GEO0454,Consumer,2024-06-26T15:18:04,2024-07-26T20:14:28,0
C007691,brownmaria@example.org,Gloria,Lane,GEO0709,SMB,2024-04-17T03:24:17,2025-11-12T23:47:26,0
C007692,marissathomas@example.com,Lee,Gardner,GEO0207,Mid-Market,2025-01-28T21:36:35,2025-05-03T06:39:45,0
C007693,ktaylor@example.org,Adrian,May,GEO0746,Consumer,2025-11-21T20:08:28,2026-01-27T12:02:10,0
C007694,brian21@example.net,Michael,Flores,GEO0465,SMB,2025-06-22T22:39:53,2026-01-07T13:13:56,0
C007695,castrojames@example.org,Ashley,Hernandez,GEO0243,SMB,2025-01-10T20:42:01,2025-02-13T04:04:42,0
C007696,sbrown@example.net,Amy,Garner,GEO0788,Mid-Market,2025-11-17T02:16:59,2026-02-11T18:45:37,0
C007697,nnguyen@example.net,Carlos,Mcpherson,GEO0606,SMB,2024-05-12T06:56:57,2025-04-21T18:23:15,0
C007698,susan93@example.net,Sherry,Greer,GEO0411,Consumer,2024-01-08T18:24:23,2024-10-12T18:46:31,0
C007699,veronica71@example.net,Kelli,Conway,GEO0044,Mid-Market,2024-12-10T09:16:23,2025-11-22T21:37:36,0
C007700,mcdanielnathan@example.net,Stephen,Moreno,GEO0607,SMB,2024-09-23T04:49:59,2024-12-04T00:08:02,0
C007701,rogersoscar@example.org,Anthony,Hartman,GEO0265,Consumer,2026-02-18T16:34:42,2026-02-25T00:40:28,0
C007702,bassphilip@example.org,Breanna,Kidd,GEO0554,Mid-Market,2024-09-09T20:27:01,2025-06-30T04:04:09,0
C007703,connie15@example.org,Michele,Taylor,GEO0708,Consumer,2024-04-11T01:18:26,2025-10-17T15:38:30,0
C007704,sallywilliams@example.com,Courtney,Heath,GEO0669,Consumer,2024-05-27T01:57:03,2025-11-16T09:35:27,0
C007705,xhuff@example.org,Tracey,Williamson,GEO0273,Consumer,2024-11-02T11:43:21,2025-10-30T13:45:33,0
C007706,dawn76@example.com,Todd,Vance,GEO0667,Consumer,2024-05-25T05:39:03,2025-04-19T08:18:51,0
C007707,margaretalvarez@example.net,Tammy,Silva,GEO0619,Consumer,2025-04-16T00:22:55,2025-10-28T15:13:38,0
C007708,tony37@example.org,Nancy,Bridges,GEO0679,Mid-Market,2024-05-27T06:44:55,2025-07-22T18:53:02,0
C007709,bushmark@example.org,Christopher,Gibbs,GEO0630,SMB,2024-01-10T08:43:33,2025-11-01T15:09:45,0
C007710,bmorton@example.net,David,Taylor,GEO0407,Mid-Market,2024-12-08T23:12:35,2025-10-27T18:42:56,0
C007711,rknox@example.com,Charles,Duran,GEO0111,Consumer,2024-12-07T14:56:23,2025-10-28T04:03:19,0
C007712,jacob32@example.org,Craig,Li,GEO0141,Consumer,2025-05-09T01:19:33,2025-08-17T22:00:43,0
C007713,andersondeborah@example.net,Dennis,Washington,GEO0057,SMB,2025-04-02T04:29:56,2025-08-07T05:23:21,0
C007714,victoriafrederick@example.org,Kirsten,Vaughan,GEO0014,Consumer,2025-07-13T14:53:46,2025-09-29T06:35:14,0
C007715,adrianescobar@example.net,John,Barajas,GEO0045,SMB,2025-12-14T05:55:08,2026-01-26T01:27:55,0
C007716,tiffany37@example.net,Sandra,Pope,GEO0780,SMB,2024-08-01T16:13:29,2025-03-30T23:43:47,0
C007717,kylerobinson@example.org,Joan,White,GEO0113,Consumer,2024-08-25T02:16:57,2025-10-19T08:27:30,0
C007718,jbaker@example.com,Robert,Powell,GEO0400,Consumer,2024-01-31T16:03:50,2025-10-08T10:47:18,0
C007719,igutierrez@example.org,Julie,Mullen,GEO0001,Mid-Market,2024-03-28T10:44:10,2024-05-30T06:37:31,0
C007720,johnsonjennifer@example.net,Barbara,Bailey,GEO0108,Consumer,2024-02-14T22:59:01,2024-11-22T08:13:13,0
C007721,amymurphy@example.com,Michelle,Brown,GEO0106,Consumer,2025-01-07T18:34:03,2026-03-01T18:37:57,0
C007722,castanedajoseph@example.net,Amy,Watts,GEO0508,SMB,2024-09-04T01:42:37,2025-10-27T22:01:03,0
C007723,shawn18@example.net,Brandon,Castillo,GEO0713,SMB,2025-06-25T12:32:18,2025-12-12T16:25:23,0
C007724,christine14@example.net,Tina,Savage,GEO0275,Mid-Market,2025-06-17T09:09:10,2025-12-13T05:54:29,0
C007725,baileykatherine@example.net,Toni,Larsen,GEO0224,Mid-Market,2025-02-03T11:29:21,2025-08-09T22:27:53,0
C007726,joseph61@example.net,Diane,Peterson,GEO0187,SMB,2024-10-27T04:37:11,2025-07-07T15:21:01,0
C007727,gibsonaustin@example.com,Samantha,Perry,GEO0622,Consumer,2025-09-09T04:51:23,2025-10-12T22:26:52,0
C007728,reneemyers@example.net,Angela,Roberts,GEO0359,Mid-Market,2024-11-15T08:08:54,2025-02-18T05:05:27,0
C007729,elizabeth36@example.org,Tyler,Lang,GEO0394,Mid-Market,2024-02-29T11:11:12,2025-08-03T03:17:38,0
C007730,mhamilton@example.net,Pamela,Montgomery,GEO0493,Consumer,2025-04-05T22:18:11,2025-04-16T23:58:44,0
C007731,jacksonjeremy@example.com,Sandra,Salinas,GEO0208,SMB,2025-11-11T14:56:31,2026-01-07T19:14:07,0
C007732,patriciahoffman@example.com,Henry,James,GEO0559,Consumer,2024-09-16T09:37:15,2026-02-27T12:45:13,0
C007733,william49@example.net,Daniel,Wong,GEO0608,Consumer,2024-05-30T02:58:31,2025-05-11T20:22:13,0
C007734,collinsolivia@example.net,Zachary,Powell,GEO0659,SMB,2026-01-18T06:40:19,2026-02-17T14:41:27,0
C007735,amanda05@example.org,James,Barrett,GEO0077,Mid-Market,2024-03-04T13:20:34,2025-03-03T16:09:29,0
C007736,sotochris@example.org,Michael,Wilson,GEO0624,SMB,2025-03-17T09:59:51,2026-02-02T12:54:58,0
C007737,shahpeggy@example.org,Todd,Roberts,GEO0378,Consumer,2025-08-23T11:43:40,2026-01-11T18:31:14,0
C007738,kennethbryant@example.net,Kristina,Griffin,GEO0624,Mid-Market,2024-01-30T07:45:31,2025-07-05T10:33:59,0
C007739,jeremyoliver@example.net,Daniel,Gallagher,GEO0344,Mid-Market,2024-10-01T21:44:56,2025-08-16T20:55:08,0
C007740,bishopteresa@example.com,Angela,Ibarra,GEO0659,Mid-Market,2025-08-03T22:12:26,2025-12-17T14:26:07,0
C007741,alexa58@example.com,Doris,Wilson,GEO0580,SMB,2024-01-22T10:01:20,2025-03-02T02:06:59,0
C007742,heather74@example.org,Allison,Parker,GEO0395,SMB,2024-12-21T11:51:06,2025-01-12T15:59:19,0
C007743,anthony73@example.net,Thomas,Andrews,GEO0407,Mid-Market,2025-09-01T17:07:35,2026-01-12T12:50:48,0
C007744,fgarcia@example.com,Richard,Gonzales,GEO0632,Consumer,2025-01-25T02:23:35,2025-10-22T19:01:04,0
C007745,cruzwilliam@example.org,Joyce,Baker,GEO0282,Mid-Market,2024-03-14T16:28:53,2024-07-21T18:29:57,0
C007746,david80@example.net,Leslie,Cook,GEO0458,Mid-Market,2024-03-22T05:56:26,2025-08-23T06:41:07,0
C007747,richardsstacy@example.org,Keith,Wood,GEO0468,SMB,2026-02-15T05:41:55,2026-02-19T05:03:24,0
C007748,williereynolds@example.com,Amy,Smith,GEO0120,Mid-Market,2025-01-18T02:49:06,2025-08-12T19:49:30,0
C007749,fkirk@example.net,Shannon,Macdonald,GEO0365,Consumer,2025-09-16T10:17:15,2025-12-10T04:54:25,0
C007750,hking@example.com,Kevin,Lewis,GEO0401,Consumer,2025-07-18T23:49:04,2025-12-19T09:45:28,0
C007751,travishorne@example.org,Andrew,Fuentes,GEO0626,Mid-Market,2025-08-18T00:44:08,2026-02-04T07:11:31,0
C007752,raustin@example.com,Shelley,Rodriguez,GEO0740,Consumer,2024-04-17T22:30:50,2024-12-25T04:21:28,0
C007753,victoria57@example.org,Jacob,Coleman,GEO0276,Consumer,2025-09-30T03:11:15,2025-10-09T06:55:19,0
C007754,adrian91@example.org,Joseph,Soto,GEO0681,Mid-Market,2025-09-19T20:03:20,2026-01-01T22:16:51,0
C007755,smithadam@example.org,Audrey,Olson,GEO0349,SMB,2024-03-24T04:49:05,2024-05-21T20:41:17,0
C007756,sandovalkerry@example.com,Cristian,Aguilar,GEO0130,Consumer,2025-02-08T02:50:04,2025-11-03T22:24:48,0
C007757,ramirezmercedes@example.net,Michael,Patel,GEO0794,SMB,2026-01-17T00:41:04,2026-02-22T17:31:34,0
C007758,amymathews@example.com,Ana,Sosa,GEO0185,SMB,2024-08-02T00:43:20,2025-06-06T09:23:39,0
C007759,zthompson@example.com,Jessica,Kirk,GEO0032,Mid-Market,2024-04-21T03:14:06,2024-09-20T11:18:57,0
C007760,nicholsjohn@example.net,April,Jones,GEO0532,Mid-Market,2024-01-04T18:31:12,2024-09-22T03:15:22,0
C007761,alyssa72@example.org,Denise,Johnson,GEO0306,SMB,2024-01-22T08:44:00,2025-04-26T13:16:48,0
C007762,bryantandre@example.com,Jennifer,Cruz,GEO0193,Consumer,2025-05-09T20:35:53,2025-11-21T22:08:40,0
C007763,matthew30@example.net,Adam,Powers,GEO0656,Consumer,2024-10-03T13:35:44,2025-01-24T06:05:18,0
C007764,michael19@example.net,Brandon,Miller,GEO0760,Consumer,2024-12-07T19:18:35,2025-11-04T00:49:29,0
C007765,dhall@example.org,Gregory,Little,GEO0204,Consumer,2024-05-16T14:48:34,2025-01-27T23:56:22,0
C007766,iallen@example.com,Isaac,Clark,GEO0731,SMB,2025-06-14T10:34:19,2025-07-11T05:08:10,0
C007767,bwalker@example.net,Mercedes,Brown,GEO0213,SMB,2026-01-07T12:43:00,2026-01-15T03:35:03,0
C007768,dustinbanks@example.org,Martin,Williams,GEO0610,SMB,2026-02-14T15:08:21,2026-02-19T14:37:12,0
C007769,nhall@example.com,Megan,Martin,GEO0721,Mid-Market,2026-01-14T09:16:57,2026-01-31T11:56:07,0
C007770,jorge30@example.com,Michelle,Ali,GEO0420,Consumer,2025-08-25T12:28:31,2025-11-09T20:09:04,0
C007771,xoneal@example.com,Megan,Davis,GEO0467,Mid-Market,2024-01-08T06:00:26,2024-08-08T23:17:18,0
C007772,lisa96@example.com,Dustin,Brown,GEO0298,SMB,2026-01-13T03:01:43,2026-02-24T16:16:10,0
C007773,tholloway@example.org,Chelsea,Dean,GEO0471,Mid-Market,2025-03-31T11:17:11,2025-07-26T14:15:21,0
C007774,qmoore@example.org,Jackie,Davis,GEO0510,SMB,2025-12-05T18:54:29,2025-12-21T09:33:26,0
C007775,dannyphelps@example.com,Christopher,Jones,GEO0104,Mid-Market,2025-09-25T20:41:47,2025-11-13T05:10:57,0
C007776,haynesryan@example.com,Lance,Williams,GEO0740,SMB,2024-08-14T00:11:11,2025-11-15T14:16:41,0
C007777,helenglass@example.org,Ronnie,Williams,GEO0716,Mid-Market,2025-10-17T00:12:14,2026-02-26T08:31:55,0
C007778,amberbrewer@example.net,Isaac,Lopez,GEO0152,SMB,2024-08-12T00:21:33,2025-12-30T21:45:31,0
C007779,james79@example.net,Jacob,Lucas,GEO0157,Consumer,2024-12-09T05:11:50,2025-01-20T21:56:40,0
C007780,sandra45@example.net,Annette,Moore,GEO0294,Mid-Market,2024-06-13T01:02:46,2025-04-21T00:40:09,0
C007781,davidsonjoshua@example.com,Marc,Carlson,GEO0276,SMB,2025-11-08T04:59:03,2025-12-02T07:43:52,0
C007782,zellis@example.com,Leroy,Martin,GEO0796,Mid-Market,2025-05-05T06:35:19,2025-11-11T06:22:53,0
C007783,wanda38@example.org,Ronnie,Russell,GEO0089,Consumer,2024-02-25T03:20:42,2025-04-21T07:34:12,0
C007784,kendra03@example.org,Jill,Miller,GEO0182,SMB,2025-01-21T18:17:40,2026-02-11T06:26:55,0
C007785,courtneysanchez@example.net,Kathleen,Graves,GEO0581,SMB,2025-06-03T23:39:58,2025-11-05T19:04:38,0
C007786,nkelly@example.net,Kimberly,Glover,GEO0480,Mid-Market,2025-05-06T22:56:20,2025-07-03T07:45:41,0
C007787,charlesmitchell@example.net,Jason,Mcguire,GEO0315,SMB,2024-11-13T10:46:20,2025-03-19T22:10:38,0
C007788,erica57@example.com,Anne,Fox,GEO0407,SMB,2025-05-24T06:31:54,2025-11-01T18:19:55,0
C007789,christineblackwell@example.org,Anna,Martinez,GEO0106,Mid-Market,2024-06-08T06:05:32,2025-12-16T16:42:25,0
C007790,nathanmitchell@example.org,Cindy,Lee,GEO0352,SMB,2025-02-11T12:14:15,2025-07-14T05:50:32,0
C007791,hannah52@example.org,Michael,Henry,GEO0156,Mid-Market,2024-02-05T02:06:21,2024-10-27T23:07:24,0
C007792,kristine60@example.com,Stephanie,Cummings,GEO0181,SMB,2024-06-25T19:50:29,2025-10-05T00:48:22,0
C007793,teresascott@example.org,Sydney,Alvarez,GEO0421,Mid-Market,2024-09-22T18:07:04,2025-06-15T01:55:27,0
C007794,robert10@example.net,Brandon,Kent,GEO0658,SMB,2025-10-20T15:25:22,2025-11-13T05:59:27,0
C007795,owenlori@example.org,Harry,Garcia,GEO0780,Mid-Market,2025-12-01T20:46:17,2026-02-15T00:29:22,0
C007796,jasonmorgan@example.com,Daniel,Davis,GEO0447,SMB,2024-08-19T03:12:32,2025-04-30T08:59:23,0
C007797,ocarlson@example.org,James,Peters,GEO0558,Mid-Market,2024-06-17T06:14:19,2026-02-22T10:27:54,0
C007798,corey22@example.com,Lori,Burton,GEO0027,SMB,2024-04-21T22:34:09,2024-09-26T22:56:13,0
C007799,vmanning@example.org,Daniel,Baker,GEO0045,Mid-Market,2024-02-23T09:31:25,2024-03-31T10:36:27,0
C007800,rebekahrodriguez@example.net,Benjamin,Morris,GEO0798,Mid-Market,2025-02-22T11:42:48,2025-10-01T02:10:17,0
C007801,cfreeman@example.com,Andrea,Pacheco,GEO0233,Mid-Market,2025-07-15T06:14:49,2025-09-29T08:06:19,0
C007802,sheltondanielle@example.net,Craig,White,GEO0221,Mid-Market,2025-05-12T12:37:46,2025-08-24T16:37:09,0
C007803,jacob26@example.org,Matthew,Mcguire,GEO0746,Consumer,2025-11-19T19:06:51,2025-12-25T20:38:14,0
C007804,cbishop@example.org,James,Hughes,GEO0637,Consumer,2025-04-29T10:40:41,2025-07-19T19:03:33,0
C007805,christopherwalter@example.com,Sean,Bradley,GEO0584,Consumer,2024-08-18T23:05:44,2025-09-22T22:42:32,0
C007806,gregorywarner@example.org,Michael,Peterson,GEO0664,Mid-Market,2025-04-03T08:56:52,2025-08-15T14:33:27,0
C007807,shawntravis@example.net,Jessica,Kim,GEO0663,SMB,2025-06-22T06:08:00,2025-10-17T02:34:05,1
C007808,crystalsmith@example.org,Natasha,Rivera,GEO0068,SMB,2024-04-09T19:16:16,2024-08-04T21:35:09,0
C007809,andrew93@example.org,Cindy,Wolf,GEO0630,Mid-Market,2026-02-09T15:42:05,2026-02-25T22:48:29,0
C007810,fhicks@example.net,Jennifer,Smith,GEO0751,Mid-Market,2024-02-28T03:21:14,2025-10-05T17:43:29,0
C007811,ksimpson@example.com,Ashley,Lawson,GEO0559,SMB,2024-01-22T08:04:36,2024-03-28T18:51:54,0
C007812,elizabethsampson@example.net,Whitney,Martinez,GEO0574,Mid-Market,2025-08-22T09:45:56,2026-02-16T19:34:40,0
C007813,anna74@example.com,David,Young,GEO0307,Consumer,2025-11-03T03:58:30,2025-12-09T05:24:05,0
C007814,georgeeileen@example.org,Douglas,Davis,GEO0556,Consumer,2024-05-14T14:19:01,2025-03-13T11:05:10,0
C007815,daniel58@example.com,Rebecca,Roach,GEO0326,Mid-Market,2024-06-19T21:21:54,2025-11-14T18:41:49,0
C007816,nclark@example.org,Gabriel,Wells,GEO0331,Mid-Market,2024-08-11T14:01:35,2024-12-07T01:47:15,0
C007817,williambriggs@example.net,Richard,Estes,GEO0722,Mid-Market,2025-04-08T08:14:58,2025-05-22T17:36:07,0
C007818,ilamb@example.com,Lisa,Whitaker,GEO0224,SMB,2024-01-31T20:55:37,2024-08-01T08:25:02,0
C007819,jason16@example.org,Robin,Brown,GEO0711,Consumer,2026-02-15T04:34:40,2026-02-20T08:42:41,0
C007820,wgomez@example.org,Kevin,Gilbert,GEO0784,Mid-Market,2025-08-11T20:29:57,2025-09-25T12:49:55,0
C007821,nclark@example.com,Jessica,Cohen,GEO0455,Mid-Market,2024-04-12T10:03:32,2024-06-24T00:35:27,0
C007822,kaitlyn10@example.com,Michael,Simpson,GEO0321,Consumer,2025-03-28T08:59:43,2025-06-02T23:37:22,0
C007823,randolpherin@example.net,Kendra,Murray,GEO0465,SMB,2025-12-04T19:01:13,2026-01-14T08:42:02,0
C007824,owilliams@example.net,Veronica,Hines,GEO0741,SMB,2025-01-31T04:47:41,2025-10-28T05:14:54,0
C007825,mbishop@example.org,Vanessa,Dillon,GEO0402,Mid-Market,2025-08-05T08:51:34,2025-12-11T15:25:39,0
C007826,james23@example.org,Jose,Hill,GEO0089,Mid-Market,2024-03-21T22:51:26,2025-01-04T16:44:59,0
C007827,gary12@example.com,Jasmine,Sanford,GEO0747,Consumer,2024-03-18T02:09:15,2024-12-31T18:24:02,0
C007828,iwilliams@example.net,Tanya,Smith,GEO0270,Mid-Market,2025-09-08T06:48:31,2025-09-18T22:25:09,0
C007829,arnoldevelyn@example.org,Denise,Salas,GEO0327,Consumer,2024-05-26T10:08:25,2025-02-26T22:50:13,0
C007830,stewartlauren@example.com,Julie,Carter,GEO0145,Consumer,2024-04-01T07:54:33,2025-09-29T15:03:45,0
C007831,kristin85@example.org,Elizabeth,Padilla,GEO0124,Consumer,2025-04-25T13:10:53,2026-01-09T08:31:46,0
C007832,timothy42@example.net,Hailey,Stout,GEO0588,Mid-Market,2024-11-05T15:02:47,2025-12-20T01:36:27,0
C007833,lscott@example.org,Linda,Turner,GEO0691,Consumer,2025-02-25T08:24:36,2026-01-03T08:32:15,0
C007834,lukeadams@example.org,Holly,Singh,GEO0038,Mid-Market,2025-06-08T11:25:46,2025-06-30T03:27:51,0
C007835,justinlewis@example.net,Raymond,Boone,GEO0302,SMB,2025-05-30T17:58:48,2025-12-27T14:50:28,0
C007836,jonherrera@example.org,Shawn,Zimmerman,GEO0401,SMB,2025-09-09T07:46:08,2025-11-26T19:28:49,0
C007837,devon39@example.net,Jacqueline,Oconnor,GEO0714,Mid-Market,2024-08-08T06:02:14,2025-09-12T02:55:39,0
C007838,vrice@example.net,Jacob,Leon,GEO0316,Consumer,2025-07-30T04:24:46,2025-08-04T07:50:34,0
C007839,lgordon@example.org,Ashley,Kelley,GEO0127,Mid-Market,2025-12-05T12:07:40,2026-01-21T23:28:56,0
C007840,martinkristopher@example.com,Peter,Walls,GEO0510,Consumer,2024-10-19T23:12:55,2025-05-08T17:12:28,0
C007841,kimberlyherrera@example.net,Linda,Smith,GEO0679,Consumer,2025-06-21T21:13:28,2025-07-11T14:04:35,0
C007842,franklinmegan@example.net,Janice,Lawson,GEO0263,Mid-Market,2024-11-25T17:01:29,2025-04-19T12:50:07,0
C007843,michaelsloan@example.net,Louis,Jones,GEO0287,Consumer,2024-05-30T08:53:26,2025-05-10T09:20:24,0
C007844,npeterson@example.org,David,Brown,GEO0274,SMB,2025-03-20T07:44:24,2025-07-05T12:12:45,0
C007845,paula37@example.net,Thomas,Schmidt,GEO0243,Consumer,2025-11-14T06:58:39,2025-12-02T21:51:08,0
C007846,parkerdeborah@example.com,Kathryn,Mccall,GEO0703,Consumer,2024-06-29T01:57:18,2025-01-02T03:03:14,0
C007847,xwhite@example.org,Tanner,Vasquez,GEO0719,Mid-Market,2025-08-31T18:35:52,2025-10-17T00:19:41,0
C007848,cohenmarcus@example.org,Jeremy,Smith,GEO0414,Mid-Market,2025-04-01T22:47:13,2025-12-12T23:02:58,0
C007849,matthewreyes@example.com,Joseph,Gallagher,GEO0708,Consumer,2024-04-04T07:12:21,2025-07-06T22:36:51,0
C007850,leerebecca@example.org,Sandra,Kelly,GEO0023,Consumer,2026-02-01T23:31:40,2026-02-16T22:47:22,0
C007851,ngordon@example.com,Valerie,Christensen,GEO0205,Consumer,2024-01-08T05:38:08,2025-09-02T21:39:08,0
C007852,eric66@example.org,Christopher,Turner,GEO0257,Consumer,2024-06-07T02:14:13,2025-09-04T00:47:18,0
C007853,andresgilmore@example.net,Anthony,Clark,GEO0042,SMB,2025-04-30T22:00:42,2026-02-06T10:03:59,0
C007854,heather13@example.org,Michael,James,GEO0687,Mid-Market,2025-04-28T09:38:40,2025-06-07T02:14:38,0
C007855,james66@example.com,Christopher,Morales,GEO0447,Consumer,2025-07-05T06:55:26,2025-11-30T13:47:19,0
C007856,tkeith@example.org,Mark,Burgess,GEO0171,Mid-Market,2024-09-02T04:49:27,2025-04-19T02:15:35,0
C007857,mark28@example.net,Derek,Taylor,GEO0121,Consumer,2025-12-05T22:43:13,2026-01-05T17:12:53,0
C007858,gloria48@example.net,Manuel,Lopez,GEO0474,Mid-Market,2025-03-20T14:47:49,2025-06-29T22:25:04,0
C007859,kfarmer@example.org,Jennifer,Carlson,GEO0394,Consumer,2026-01-06T09:31:43,2026-02-01T02:38:18,0
C007860,ckelly@example.com,Leslie,Allen,GEO0371,SMB,2025-01-08T02:57:42,2026-01-11T10:34:06,0
C007861,michaelwilson@example.net,Tyler,Krause,GEO0137,Mid-Market,2024-04-23T02:00:25,2026-01-07T19:18:42,0
C007862,bphillips@example.com,Christopher,Gonzalez,GEO0545,Mid-Market,2024-06-03T05:10:59,2025-01-30T02:47:39,0
C007863,morrisblake@example.com,Jose,Stevens,GEO0702,Mid-Market,2026-01-31T18:45:58,2026-02-27T10:45:43,0
C007864,alanpotts@example.com,Alexis,Ross,GEO0763,Consumer,2025-08-17T20:41:09,2025-08-27T02:58:50,0
C007865,tylersmith@example.org,Debra,Duncan,GEO0126,Mid-Market,2025-11-27T19:50:33,2026-02-23T02:58:00,0
C007866,curtis05@example.org,Omar,Jacobs,GEO0711,Consumer,2024-06-11T04:46:51,2024-11-03T20:57:56,0
C007867,aharris@example.com,Gary,Cantu,GEO0742,SMB,2025-11-19T09:47:28,2026-01-24T07:51:02,0
C007868,lopezmorgan@example.com,Gabrielle,Pugh,GEO0093,SMB,2025-10-01T08:07:00,2026-02-08T17:13:19,0
C007869,paulbarnes@example.net,Sheryl,Castillo,GEO0097,SMB,2024-10-02T04:21:15,2026-02-11T09:08:17,0
C007870,tmendoza@example.com,Timothy,Foley,GEO0214,SMB,2026-02-15T02:51:31,2026-02-23T10:35:16,0
C007871,paulpalmer@example.net,James,Stafford,GEO0582,SMB,2026-02-05T01:09:13,2026-02-23T04:32:42,0
C007872,vazquezjamie@example.org,Tracy,Hampton,GEO0129,Consumer,2024-07-13T01:38:04,2025-07-31T14:58:04,0
C007873,lisagallegos@example.org,George,Dodson,GEO0589,Consumer,2024-04-05T09:41:15,2025-12-02T14:49:36,0
C007874,kmartinez@example.com,Chad,Gates,GEO0323,Consumer,2024-06-28T09:57:05,2024-07-26T21:47:55,0
C007875,cindy85@example.org,Kyle,Stevens,GEO0657,Consumer,2024-11-04T11:02:20,2025-09-10T21:24:13,0
C007876,atapia@example.net,Bobby,Clark,GEO0181,SMB,2024-02-27T05:27:53,2025-09-22T09:18:57,0
C007877,brandy52@example.com,Anthony,Barnes,GEO0556,SMB,2025-07-15T14:50:27,2026-02-13T21:58:34,0
C007878,maryarellano@example.com,Ashley,Page,GEO0549,Consumer,2025-02-28T22:30:59,2025-10-04T20:34:28,0
C007879,parkerchristopher@example.org,Ariel,James,GEO0211,Mid-Market,2024-07-10T13:08:46,2024-07-30T09:10:49,0
C007880,chambersmiguel@example.org,Christine,Lee,GEO0701,SMB,2025-05-19T22:34:40,2025-07-03T01:05:44,0
C007881,stephanie78@example.net,Brandon,Payne,GEO0540,Consumer,2024-11-12T01:46:01,2025-08-08T23:09:22,0
C007882,laura06@example.net,Alexis,Brown,GEO0733,Mid-Market,2025-08-29T05:13:03,2025-12-06T11:06:07,0
C007883,justingoodman@example.com,Jillian,Meyers,GEO0742,Mid-Market,2025-02-27T05:54:53,2025-08-12T03:20:56,0
C007884,millerbrandon@example.com,Jason,Guerra,GEO0603,Mid-Market,2025-06-01T00:02:19,2025-12-31T00:52:23,0
C007885,rebeccamarks@example.net,Lisa,Cox,GEO0559,Mid-Market,2025-03-04T00:23:53,2025-03-26T16:19:41,0
C007886,jacqueline12@example.net,Connie,Jarvis,GEO0028,Mid-Market,2025-08-23T10:42:05,2025-12-22T23:58:00,0
C007887,marshalldylan@example.org,Kristine,Sanchez,GEO0036,Consumer,2024-09-22T01:48:18,2026-01-25T06:53:01,0
C007888,jeffreyjohnston@example.net,Emma,Jones,GEO0617,SMB,2025-06-20T17:34:52,2025-10-10T10:59:08,0
C007889,bernardcourtney@example.net,Brandi,Hines,GEO0229,Consumer,2024-08-17T05:55:47,2026-02-02T08:18:07,0
C007890,pcalhoun@example.net,Madison,Ellis,GEO0757,Mid-Market,2024-08-24T06:20:35,2024-10-18T05:43:59,0
C007891,scottesparza@example.com,Tina,Dunlap,GEO0483,Consumer,2024-03-02T15:47:30,2024-03-17T00:09:15,0
C007892,johnsmith@example.net,Jennifer,White,GEO0423,SMB,2024-08-07T17:08:12,2025-07-11T00:27:11,0
C007893,wpacheco@example.com,Mark,Torres,GEO0450,Mid-Market,2024-11-13T02:47:51,2026-01-13T11:30:57,0
C007894,laura65@example.com,Joseph,Johnson,GEO0503,Mid-Market,2025-06-04T06:10:32,2025-12-22T01:16:06,0
C007895,bmoore@example.com,Allison,Parker,GEO0749,SMB,2024-04-12T07:21:53,2025-01-23T07:51:45,0
C007896,lisa91@example.net,William,Gonzales,GEO0652,Consumer,2025-08-21T22:48:41,2026-02-17T16:36:09,0
C007897,thompsonbrittany@example.org,Bryan,Smith,GEO0137,SMB,2024-11-10T21:20:28,2025-11-18T09:41:26,0
C007898,holmesjohn@example.net,Jeffery,Wilson,GEO0751,Mid-Market,2024-10-29T07:12:14,2024-11-26T08:52:01,0
C007899,rachel98@example.org,Kari,Jones,GEO0383,Mid-Market,2024-02-15T21:53:58,2026-02-02T10:35:49,0
C007900,pgarza@example.org,Andrew,Morgan,GEO0594,Consumer,2025-05-27T11:42:32,2025-11-22T07:21:00,0
C007901,lutzkaren@example.com,Ashley,Morgan,GEO0579,Consumer,2025-03-16T19:09:23,2025-12-15T21:02:46,0
C007902,justin27@example.org,Margaret,Garza,GEO0054,Mid-Market,2025-09-02T08:39:04,2026-01-25T20:54:49,0
C007903,thomasabigail@example.net,Joseph,Howe,GEO0033,SMB,2024-09-02T06:15:13,2024-11-09T05:52:53,0
C007904,ymiller@example.net,Jason,Sutton,GEO0706,Mid-Market,2024-07-28T16:24:47,2025-07-24T10:25:49,0
C007905,rlamb@example.org,April,Fox,GEO0574,Mid-Market,2024-12-15T01:54:10,2025-02-23T00:40:34,0
C007906,tina16@example.org,David,Hunter,GEO0671,Consumer,2025-01-18T17:45:19,2026-02-08T15:52:43,0
C007907,tracywerner@example.net,Luke,Joseph,GEO0652,Mid-Market,2025-08-13T04:28:38,2025-11-15T02:13:54,0
C007908,charles37@example.com,Sara,Thompson,GEO0700,SMB,2026-01-30T12:20:04,2026-02-16T06:43:23,0
C007909,carolyn15@example.org,Michael,Wiley,GEO0731,Consumer,2025-08-31T08:27:07,2026-02-08T05:02:07,0
C007910,aliciamiller@example.com,Jim,Snyder,GEO0059,Consumer,2024-09-28T23:29:37,2026-02-28T07:17:01,0
C007911,holderdavid@example.com,Kristin,Ramirez,GEO0382,SMB,2025-04-05T02:51:43,2025-11-06T20:03:06,0
C007912,gjenkins@example.com,Linda,Rodriguez,GEO0655,Mid-Market,2024-02-01T23:51:46,2024-09-13T03:54:59,0
C007913,georgelozano@example.org,Laura,Garcia,GEO0660,SMB,2024-09-04T19:46:36,2025-11-18T06:11:06,0
C007914,claymarilyn@example.net,Craig,Morgan,GEO0661,Consumer,2025-01-03T20:48:15,2025-11-14T14:55:59,0
C007915,gina18@example.com,Alicia,Sexton,GEO0599,Consumer,2024-07-25T15:20:08,2026-02-04T12:06:50,0
C007916,davispatrick@example.org,James,Reese,GEO0677,Consumer,2025-11-07T08:01:57,2026-03-01T20:42:03,0
C007917,pamelaschultz@example.net,Teresa,Hicks,GEO0662,SMB,2024-05-17T18:12:31,2025-04-24T17:05:34,0
C007918,davisjoseph@example.org,Amanda,Sweeney,GEO0138,Consumer,2024-12-17T20:02:11,2025-03-01T17:30:47,0
C007919,matthewperez@example.org,Raymond,Montoya,GEO0278,Mid-Market,2024-01-14T16:37:31,2025-01-28T20:31:45,0
C007920,cwilliams@example.org,Randy,Aguilar,GEO0716,SMB,2026-01-09T04:58:14,2026-01-31T02:40:35,0
C007921,orice@example.net,Angela,Pitts,GEO0092,Consumer,2025-11-20T22:53:10,2026-01-14T09:11:07,0
C007922,imullen@example.org,Melissa,Gonzalez,GEO0682,Mid-Market,2024-11-04T04:55:34,2025-11-02T16:19:04,0
C007923,kylecaldwell@example.com,Julie,Bailey,GEO0134,Consumer,2026-01-09T22:17:56,2026-01-27T15:29:41,0
C007924,smithlisa@example.net,Jennifer,Wells,GEO0039,SMB,2024-07-10T20:39:26,2025-01-29T19:42:54,0
C007925,fritzangela@example.org,Whitney,Martin,GEO0311,Consumer,2024-06-03T11:23:53,2024-08-24T11:47:41,0
C007926,lewisjanet@example.net,Kenneth,Dixon,GEO0292,SMB,2024-01-06T11:55:45,2024-07-17T23:47:14,0
C007927,crystal14@example.net,Jim,Hill,GEO0699,Consumer,2024-10-23T08:39:17,2025-08-03T03:23:57,0
C007928,kyle97@example.net,Courtney,Phillips,GEO0432,Mid-Market,2025-07-29T04:44:24,2025-12-08T15:18:18,0
C007929,anna34@example.net,Sarah,Christensen,GEO0262,Mid-Market,2024-09-01T15:58:13,2024-12-24T08:40:59,0
C007930,spearsbrittany@example.com,Alicia,Cross,GEO0676,Mid-Market,2024-05-26T00:14:01,2024-07-16T17:06:50,0
C007931,johnward@example.org,Jonathan,Montgomery,GEO0649,Consumer,2024-01-08T19:05:04,2024-05-05T20:19:00,0
C007932,estradajames@example.org,Jason,Ramos,GEO0064,SMB,2024-12-18T18:29:34,2026-01-27T13:10:04,0
C007933,etrevino@example.com,Adam,Warner,GEO0696,Consumer,2025-03-02T08:32:19,2025-07-27T07:03:21,0
C007934,hughesjennifer@example.net,Jessica,Bond,GEO0149,SMB,2024-11-04T20:57:30,2025-04-25T11:01:50,0
C007935,laura82@example.net,Terri,Velazquez,GEO0149,Consumer,2024-05-31T17:09:33,2025-11-28T17:06:59,0
C007936,tmartinez@example.net,Samantha,Mcclure,GEO0350,Consumer,2024-03-23T14:41:05,2025-11-08T10:43:32,0
C007937,nicholsaudrey@example.net,Donald,Norman,GEO0688,SMB,2024-01-30T07:50:53,2024-06-24T15:07:19,0
C007938,penny05@example.com,Scott,Jefferson,GEO0136,SMB,2024-08-16T10:18:09,2026-02-13T09:27:52,0
C007939,vernon72@example.org,Krystal,Deleon,GEO0038,Consumer,2025-02-28T20:45:58,2025-12-03T14:11:03,0
C007940,pcastaneda@example.com,Eric,Mann,GEO0427,Consumer,2024-06-19T16:14:48,2024-11-24T04:30:03,0
C007941,russellstephanie@example.com,Breanna,Morse,GEO0585,SMB,2025-09-16T07:56:56,2025-10-21T15:44:18,0
C007942,woodsjaclyn@example.org,Carlos,Hanson,GEO0395,SMB,2024-06-12T11:21:35,2025-05-09T19:11:16,0
C007943,gonzalesholly@example.com,Rodney,Colon,GEO0614,Consumer,2025-07-27T05:15:46,2026-01-29T07:07:01,0
C007944,csanchez@example.org,Cory,Gardner,GEO0776,Mid-Market,2024-04-11T11:41:17,2025-10-12T23:01:52,0
C007945,kristin93@example.com,William,Wright,GEO0584,Mid-Market,2026-02-03T02:16:15,2026-02-24T16:33:45,0
C007946,romankevin@example.org,Kimberly,Hebert,GEO0092,Consumer,2025-04-30T15:40:49,2025-09-13T18:02:37,0
C007947,zdavis@example.org,Marie,Stewart,GEO0580,Mid-Market,2024-09-22T08:31:05,2024-11-28T23:12:52,0
C007948,patrick41@example.net,Ross,Foster,GEO0324,SMB,2024-05-27T01:26:09,2024-08-08T23:18:26,0
C007949,vellis@example.com,Kendra,Blackburn,GEO0563,Consumer,2024-08-25T11:16:28,2025-03-06T23:15:30,0
C007950,shortdonald@example.com,Andrew,Boyd,GEO0625,SMB,2024-06-21T10:22:48,2025-07-26T06:18:40,0
C007951,schwartzconnie@example.net,James,Richardson,GEO0553,SMB,2024-05-02T03:54:56,2026-02-23T11:29:29,0
C007952,lhenry@example.org,Linda,Henson,GEO0711,Mid-Market,2024-04-23T01:47:28,2025-01-05T18:08:09,0
C007953,michaelsavage@example.org,Michael,Fisher,GEO0050,Mid-Market,2025-11-08T06:39:53,2026-01-01T13:23:08,0
C007954,anthony33@example.com,Monica,Lawson,GEO0636,SMB,2025-10-11T22:06:40,2025-12-16T03:37:00,0
C007955,amanda86@example.org,William,Chambers,GEO0794,Consumer,2026-02-14T14:17:20,2026-02-28T08:23:26,0
C007956,karenfuentes@example.org,Juan,Thomas,GEO0396,Mid-Market,2025-08-18T19:09:23,2025-08-22T15:27:55,0
C007957,nfernandez@example.org,Margaret,Martinez,GEO0146,SMB,2024-08-20T22:51:14,2025-10-19T09:54:49,0
C007958,brownjohn@example.net,Amy,Mckenzie,GEO0300,Consumer,2025-01-17T15:07:11,2025-03-08T09:25:15,0
C007959,cunninghamjuan@example.org,John,Randolph,GEO0301,Consumer,2025-05-26T20:55:03,2025-11-10T16:13:51,0
C007960,tcooper@example.net,Samantha,Douglas,GEO0356,Consumer,2024-09-20T17:59:56,2025-10-26T06:09:15,0
C007961,rodriguezkevin@example.com,Ryan,Fitzgerald,GEO0528,Consumer,2024-02-20T12:22:44,2025-01-12T15:18:30,0
C007962,marycole@example.com,Benjamin,Stevenson,GEO0392,SMB,2025-11-30T19:12:25,2026-01-19T15:14:20,0
C007963,bishopcheryl@example.org,Evelyn,Murray,GEO0371,Consumer,2024-05-27T12:01:33,2025-02-04T09:02:10,0
C007964,nelsonjames@example.net,Michele,Strickland,GEO0043,Mid-Market,2025-06-03T14:51:17,2025-06-04T19:13:48,0
C007965,blackjames@example.net,Robert,Adams,GEO0315,Mid-Market,2025-12-03T06:17:58,2026-02-19T22:56:44,0
C007966,omarortiz@example.com,Christopher,Graves,GEO0578,SMB,2024-10-13T19:59:12,2025-04-17T07:39:45,0
C007967,qmckay@example.com,Nicole,Gibson,GEO0558,SMB,2024-12-10T05:51:06,2025-12-24T10:18:09,0
C007968,mflores@example.com,Jennifer,Becker,GEO0110,Consumer,2025-03-02T13:29:54,2025-04-12T16:34:38,0
C007969,sarah26@example.net,Cory,Bond,GEO0563,Consumer,2025-10-20T13:47:30,2025-11-04T02:13:27,0
C007970,ibuckley@example.net,Christopher,Fields,GEO0160,Consumer,2025-08-20T13:24:28,2025-10-15T05:50:09,0
C007971,vaughnjonathan@example.org,Laura,Goodwin,GEO0268,Mid-Market,2025-12-19T20:29:41,2026-02-14T11:37:17,0
C007972,cjohnson@example.net,Linda,Kennedy,GEO0274,SMB,2024-03-09T08:31:30,2024-09-07T00:49:17,0
C007973,blake62@example.com,Kenneth,Morrow,GEO0707,Consumer,2024-08-18T14:46:50,2025-09-18T18:50:29,0
C007974,stephensstephanie@example.net,Nancy,Petty,GEO0522,Mid-Market,2024-04-13T13:08:29,2025-05-26T04:50:52,0
C007975,lramos@example.net,Micheal,Johnson,GEO0529,Mid-Market,2024-09-07T13:42:57,2024-10-28T12:14:02,0
C007976,paigerodriguez@example.net,James,Murray,GEO0493,Mid-Market,2025-04-21T16:11:13,2025-08-09T20:49:52,0
C007977,tmccall@example.org,Kent,Jackson,GEO0402,Mid-Market,2025-07-22T02:30:32,2025-11-24T06:42:40,0
C007978,allenmary@example.net,Kristine,Garrison,GEO0414,Consumer,2025-03-04T19:11:04,2025-04-28T16:29:35,0
C007979,andreaclay@example.org,Amy,Duran,GEO0217,Consumer,2026-02-10T23:24:09,2026-02-22T20:55:36,0
C007980,wallslance@example.com,Peter,Collins,GEO0573,SMB,2025-05-03T07:21:47,2025-07-01T01:22:54,0
C007981,mmcdaniel@example.com,Mary,Mcintosh,GEO0735,Mid-Market,2025-10-14T14:13:19,2025-12-29T13:33:21,0
C007982,jasonalvarado@example.com,Ruth,Hall,GEO0335,Consumer,2024-01-03T19:18:28,2025-09-25T21:16:29,0
C007983,allenlucas@example.com,Kyle,Rios,GEO0385,Mid-Market,2025-11-12T05:37:14,2026-03-01T20:25:49,0
C007984,linda32@example.org,Tiffany,David,GEO0543,Consumer,2025-10-28T12:54:26,2026-02-15T04:58:46,0
C007985,grimesbrittney@example.com,Susan,Hughes,GEO0221,Consumer,2025-09-16T17:28:36,2025-10-19T18:25:34,0
C007986,dgarcia@example.net,Elizabeth,Brown,GEO0223,Consumer,2025-01-27T20:51:56,2025-09-02T23:47:31,0
C007987,aknight@example.net,Christine,Neal,GEO0494,Consumer,2025-03-13T19:24:24,2025-07-08T11:08:30,0
C007988,randy61@example.com,Andrew,Andrews,GEO0797,Consumer,2025-02-16T00:50:51,2025-10-05T11:23:00,0
C007989,davisbernard@example.net,Mary,Powell,GEO0428,Mid-Market,2024-01-10T17:17:07,2026-01-05T06:32:14,0
C007990,lucassteele@example.org,Casey,Krause,GEO0121,Mid-Market,2025-05-27T01:06:04,2026-01-17T10:58:09,0
C007991,thomasanthony@example.com,Katherine,Valencia,GEO0018,Mid-Market,2025-07-11T04:00:51,2026-02-24T20:30:38,0
C007992,nathaniel00@example.com,Kenneth,Jones,GEO0305,SMB,2025-05-24T20:58:37,2026-02-05T23:46:34,0
C007993,xyork@example.com,Erin,Williams,GEO0087,Consumer,2025-02-15T16:11:23,2025-09-15T22:04:26,0
C007994,jessica27@example.com,Ryan,Pham,GEO0691,Consumer,2024-09-24T05:35:41,2024-09-27T04:56:59,0
C007995,andrewwilson@example.com,Amber,White,GEO0334,Consumer,2024-01-27T05:57:11,2025-12-22T09:18:53,0
C007996,annejohnson@example.org,Stephen,Wilson,GEO0233,Consumer,2025-03-19T22:26:20,2025-05-05T15:44:52,0
C007997,dawnfletcher@example.net,Joyce,Levy,GEO0597,SMB,2025-07-29T12:26:11,2025-11-09T11:31:52,0
C007998,qlopez@example.org,Elijah,Dennis,GEO0042,Consumer,2024-11-01T17:51:33,2025-02-11T06:48:36,0
C007999,mariahtaylor@example.net,Steven,Mclean,GEO0194,Mid-Market,2024-07-21T23:33:16,2024-08-15T19:36:45,0
C008000,robert79@example.com,Selena,Hughes,GEO0086,SMB,2024-07-10T19:04:29,2025-08-28T08:36:35,0
