movement_id,movement_ts,warehouse_id,product_id,movement_type,qty_delta,reference_id
IM00000001,2024-03-20T07:32:11,W017,P00278,TRANSFER_OUT,-30,74514863-d9e5-45d8-9a9d-1a3a4142dfec
IM00000002,2024-06-28T11:23:14,W006,P00090,TRANSFER_IN,42,0c2c3353-8520-4b71-bfc3-d398033a2f1b
IM00000003,2025-07-04T11:36:58,W009,P00257,TRANSFER_IN,10,d5580a39-8d3f-4f5f-b11b-a792a7a1980b
IM00000004,2024-01-22T00:36:46,W015,P00322,ADJUSTMENT,14,7383170b-e71a-4621-9bbd-52cd63673be1
IM00000005,2025-04-10T07:07:42,W008,P00195,RECEIPT,10,0d453387-2aa6-43e3-b55b-4d9a161b10ab
IM00000006,2025-12-31T21:50:54,W010,P00356,TRANSFER_IN,34,1b7504b4-8163-4b4f-aaea-9bf07b925e38
IM00000007,2026-01-31T03:32:11,W017,P00575,TRANSFER_IN,36,094a8bf6-4f09-432d-b715-e98b39c7de17
IM00000008,2026-02-21T09:20:27,W007,P00465,TRANSFER_IN,5,b54962cd-0f8f-48ca-b011-e762771415dc
IM00000009,2025-01-03T13:11:10,W006,P00591,RECEIPT,39,330f1de5-9216-4821-9c72-c78250f9adf4
IM00000010,2024-02-22T19:54:16,W016,P00250,RECEIPT,2,83d4eb1b-4f8c-4655-a0bd-289ecd952402
IM00000011,2024-10-09T09:05:20,W012,P00068,SHIP,-17,6054dbdd-06a9-439f-a927-88f03cc8c9d8
IM00000012,2024-02-18T09:25:48,W004,P00202,TRANSFER_OUT,-33,a74fecda-30f1-456c-a468-3c1353a463ae
IM00000013,2026-02-18T19:15:17,W012,P00533,SHIP,-10,0962125c-7c85-47cb-b3c8-05483478712f
IM00000014,2026-02-15T16:47:58,W016,P00446,TRANSFER_IN,34,31353fec-b49a-4010-b9f0-9e360bf0ef63
IM00000015,2024-11-05T02:19:41,W012,P00553,TRANSFER_OUT,-44,251ea6df-76f8-414b-9484-7871360e4cb5
IM00000016,2024-02-24T08:35:28,W008,P00244,RECEIPT,12,66e92f32-a7d9-4686-a662-c2b965ab3a7d
IM00000017,2024-06-20T17:22:12,W013,P00572,ADJUSTMENT,7,31d35aa1-ee99-4975-a16a-bfbf7fb06f2c
IM00000018,2025-04-14T00:32:29,W005,P00454,SHIP,-4,1d685c2b-2ff5-427b-b23e-19cded3ef952
IM00000019,2026-02-10T18:33:36,W015,P00299,TRANSFER_IN,46,f69f9210-64d9-4eb7-9813-0e77b245a9f4
IM00000020,2025-12-31T09:07:40,W009,P00218,RECEIPT,28,9ee223b5-6dab-4227-8cf4-88da29f44d9b
IM00000021,2026-01-16T22:28:10,W015,P00361,RECEIPT,45,40deff70-a58c-4092-a5a0-0a1260d55c8e
IM00000022,2024-03-25T14:47:46,W017,P00024,TRANSFER_IN,16,5973133c-7156-4eaf-9acc-d520f3442254
IM00000023,2024-11-01T20:00:37,W012,P00083,TRANSFER_IN,19,2496cdde-5f8b-48d8-befa-a32beffacdd9
IM00000024,2025-09-22T01:30:05,W007,P00213,TRANSFER_OUT,-29,f974471b-ac7b-438c-9771-02b220d41f2e
IM00000025,2025-04-14T05:05:36,W017,P00200,ADJUSTMENT,29,c667a69e-4ac5-4ca6-9e58-929137d8709d
IM00000026,2025-06-04T01:23:08,W006,P00538,TRANSFER_OUT,-32,198a8cd7-f0b3-4414-b93f-7105633559c5
IM00000027,2025-01-01T17:05:56,W017,P00152,RECEIPT,38,6c3cb7d6-7672-43bb-a389-2478f0e7da41
IM00000028,2024-01-31T12:38:07,W016,P00065,SHIP,-25,76917045-2bbd-4dd0-9f8e-fa9ec96fa1fa
IM00000029,2024-09-21T14:17:37,W005,P00155,RECEIPT,32,b91777fb-2d2b-409c-8f62-20f8e987f12b
IM00000030,2025-09-27T18:09:54,W012,P00018,RECEIPT,1,477037d5-533b-44bd-a909-412e9a13d4a7
IM00000031,2026-01-10T05:09:46,W005,P00003,TRANSFER_IN,34,c832087b-032c-4e21-9aff-caa4ce7711dc
IM00000032,2025-03-02T14:30:16,W012,P00486,TRANSFER_OUT,-24,e42e05fa-785b-4e16-b726-9c927ecea5e4
IM00000033,2025-08-06T16:48:10,W014,P00460,SHIP,-20,bc0b3837-35e3-4cc3-bfe6-4c7af29d7001
IM00000034,2024-09-23T00:56:45,W005,P00591,RECEIPT,32,faa5ccfc-607b-47e9-8c51-65300e99ec2e
IM00000035,2024-03-18T20:25:07,W017,P00143,RECEIPT,40,ad7bfd1c-26bc-4ead-8571-901bf0eb8d8b
IM00000036,2025-12-28T03:10:38,W014,P00338,TRANSFER_IN,36,47d49588-6cb7-4209-bc2b-7e25bc84da08
IM00000037,2025-02-28T18:56:19,W003,P00350,ADJUSTMENT,1,28752e55-27f4-4d82-91e1-62ad0e96c002
IM00000038,2025-10-26T10:34:24,W008,P00105,TRANSFER_OUT,-39,5e56d749-0ae1-4d01-833c-a62ea925f18f
IM00000039,2025-07-05T11:07:12,W010,P00219,SHIP,-4,55de19c4-3cca-403f-9dd3-f8f98042ee9d
IM00000040,2024-12-26T11:27:41,W013,P00551,SHIP,-3,47ef0963-b86c-41ed-825d-e51628948f29
IM00000041,2025-06-14T21:38:13,W011,P00389,TRANSFER_OUT,-46,183c421d-b7c5-42e1-b5de-35b6d9a5ebb2
IM00000042,2025-12-18T00:21:12,W017,P00377,TRANSFER_IN,21,04faf7a0-c518-4070-9daf-179f173ce6d8
IM00000043,2025-05-26T17:57:46,W007,P00039,TRANSFER_IN,14,9c95acf1-c4e3-499d-b1dd-200974683b11
IM00000044,2025-11-20T17:38:32,W017,P00028,RECEIPT,17,5b5c9109-64e1-44c4-addd-dc28a6632d95
IM00000045,2025-01-26T00:11:57,W010,P00590,RECEIPT,25,b94fa86d-ea8b-4a62-b7b1-e3f2c0be9f3c
IM00000046,2024-09-22T21:15:12,W013,P00259,RECEIPT,26,4f4add0d-8e5e-48d6-b737-14b29e348a2d
IM00000047,2024-10-03T16:47:02,W014,P00433,SHIP,-41,c9c9567d-0145-4aaa-a190-f829f4906ba6
IM00000048,2024-03-04T17:09:47,W010,P00359,SHIP,-6,d45a042c-02c7-46c6-a8c4-08b36a4b8213
IM00000049,2024-09-20T02:54:33,W004,P00437,TRANSFER_OUT,-36,1473dab5-ab39-42d4-949d-0a65a3e6c8ef
IM00000050,2025-09-26T22:48:01,W002,P00516,SHIP,-47,b00719d0-462d-496f-87af-562ed625134c
IM00000051,2025-10-05T19:51:11,W017,P00389,TRANSFER_OUT,-43,cd22f743-937a-468f-b44c-3a7c41b4529b
IM00000052,2025-04-11T12:15:13,W007,P00472,SHIP,-28,59979700-a983-4827-9351-9aa58ce03c35
IM00000053,2024-01-10T15:01:42,W001,P00253,RECEIPT,38,723114b2-ef46-4c94-906a-b00b9e27c571
IM00000054,2025-04-29T19:50:00,W010,P00366,RECEIPT,1,6173aecc-9261-4837-9652-e94e9b92a242
IM00000055,2026-01-26T07:34:59,W005,P00296,ADJUSTMENT,27,cbdc2f71-e4d5-40f3-bbd3-5aa454afbd58
IM00000056,2026-01-26T00:01:26,W017,P00076,ADJUSTMENT,43,4bf7f83b-42e5-45a8-a25d-69cd606eaab8
IM00000057,2024-12-19T17:35:19,W004,P00039,RECEIPT,8,54244f6d-91db-45a6-9505-cc797c3e646b
IM00000058,2024-05-12T16:06:37,W009,P00303,ADJUSTMENT,38,3767426d-2a06-4286-81ea-16373f93f813
IM00000059,2026-02-04T01:49:00,W006,P00187,TRANSFER_IN,27,a5c44d41-9545-4509-8600-8fa4d4134f07
IM00000060,2025-09-11T23:42:58,W017,P00581,ADJUSTMENT,4,ba3977cb-42d3-45d6-a9e0-e148f7b26174
IM00000061,2025-02-08T20:59:03,W017,P00215,SHIP,-43,f4b0d462-7c31-4837-805f-c4d26e5df955
IM00000062,2026-01-07T17:43:59,W015,P00407,TRANSFER_OUT,-41,ea40e291-d55b-435d-bc4d-ff7488b7aa70
IM00000063,2026-02-09T11:30:20,W007,P00224,ADJUSTMENT,31,3faf3f85-ffcd-415f-a3b1-7f742392c016
IM00000064,2025-07-31T03:05:47,W006,P00484,RECEIPT,6,42910e6b-a5aa-4b88-91f8-396cfae94fd2
IM00000065,2025-05-22T19:32:18,W010,P00154,TRANSFER_OUT,-22,a0cc828c-72c0-4cab-a508-086549d3c65d
IM00000066,2025-09-06T09:31:56,W010,P00580,SHIP,-6,1b085327-d270-464d-95e1-5f7f3516183d
IM00000067,2025-06-14T08:37:39,W007,P00091,RECEIPT,42,451bdcb7-83fd-4ffa-97f8-2862790f19fa
IM00000068,2024-09-12T05:50:51,W014,P00106,TRANSFER_OUT,-22,b55314e4-7edd-4356-9b11-1f6ef7903e75
IM00000069,2025-05-11T12:35:37,W013,P00064,SHIP,-22,f597bbec-b08f-41c1-b10e-728c166e84f3
IM00000070,2026-01-16T21:34:22,W006,P00001,ADJUSTMENT,38,24016b5f-e5ca-476e-a320-ef259ea2805a
IM00000071,2024-09-05T20:16:17,W001,P00298,TRANSFER_IN,24,24a17cbd-7e24-4ea2-b646-84cef2ff8335
IM00000072,2025-05-21T19:10:21,W014,P00123,ADJUSTMENT,39,4526379f-9e50-42d7-b5c8-27e7d44ea128
IM00000073,2025-02-08T21:14:25,W003,P00363,TRANSFER_IN,29,1db813d2-e44e-491f-9979-f13c7583cc15
IM00000074,2024-12-24T04:48:36,W016,P00204,TRANSFER_OUT,-48,390412ef-08eb-45e0-9c36-791fc3021742
IM00000075,2024-03-12T11:23:33,W002,P00435,TRANSFER_OUT,-17,2b91841b-bbc0-4368-a62f-abc9036ab3c4
IM00000076,2026-01-03T06:56:13,W017,P00241,RECEIPT,31,0c8337d7-b4e1-468b-8e98-458bb3cbf1ed
IM00000077,2025-09-29T23:54:37,W004,P00046,SHIP,-46,0c9d6c2f-78ea-42f9-bbe7-2909b8ea500b
IM00000078,2024-07-29T14:45:08,W002,P00046,ADJUSTMENT,24,53e12edf-4270-47bc-8b48-2a9f6dc1aea6
IM00000079,2024-02-01T18:24:45,W007,P00001,TRANSFER_IN,36,daa2651f-cc1b-449b-8a0e-0efb81475247
IM00000080,2024-04-11T22:59:02,W004,P00350,TRANSFER_OUT,-29,a4ee753a-ed55-47e4-98ee-b67b59be8fba
IM00000081,2025-04-07T08:44:56,W015,P00130,ADJUSTMENT,8,3721afe9-b35e-47d4-a8d7-940b21dd7506
IM00000082,2025-12-07T00:45:48,W011,P00298,SHIP,-42,91ff59fc-a50b-45d6-828b-034727586411
IM00000083,2025-04-23T20:46:05,W015,P00065,RECEIPT,5,2ada6f31-0694-48f1-9302-d7f0aba744ef
IM00000084,2024-12-13T02:09:25,W007,P00144,ADJUSTMENT,26,44da85ff-c1b1-4183-8f58-afeffbe07d83
IM00000085,2024-05-03T04:12:37,W010,P00422,ADJUSTMENT,31,3873aef0-db60-4acc-9d8e-9947a58cc1ac
IM00000086,2024-05-10T10:53:05,W010,P00515,ADJUSTMENT,31,db6b14b7-e99f-4c2d-943a-0fa60dadd2e7
IM00000087,2026-01-28T23:17:43,W016,P00090,TRANSFER_OUT,-41,7ee34146-7112-4bf7-be3f-e2455c936537
IM00000088,2024-03-18T08:52:49,W004,P00251,ADJUSTMENT,47,22c3628f-8565-45d0-b73a-c2645fb6296f
IM00000089,2025-01-23T13:57:16,W007,P00303,ADJUSTMENT,27,88310a4a-a8d1-4a51-84db-bbe1f844c65e
IM00000090,2024-06-15T14:18:21,W016,P00225,TRANSFER_OUT,-14,8c544612-4743-45bb-93c1-55ad839e698b
IM00000091,2024-10-04T12:01:10,W001,P00519,ADJUSTMENT,13,598a7b08-734a-429e-859e-a2ef83d72007
IM00000092,2026-02-25T14:03:34,W012,P00172,TRANSFER_OUT,-39,51e7a476-322f-4e23-ad60-8d152c46fa79
IM00000093,2024-10-24T18:08:45,W009,P00329,RECEIPT,1,885a88e6-8d49-4ebd-bd19-894525893fa7
IM00000094,2026-02-22T17:21:52,W007,P00160,TRANSFER_OUT,-44,dfc4dcdf-fd91-40a8-8fa0-c1e41336c2ae
IM00000095,2024-03-03T17:42:10,W017,P00511,ADJUSTMENT,3,ae1c23f7-25e8-45c2-9f23-4aff2c0cc4f3
IM00000096,2024-03-24T03:33:26,W001,P00088,SHIP,-42,640abbf3-9cc0-48bc-8a07-d35d42ae7a65
IM00000097,2025-05-01T18:40:00,W009,P00358,RECEIPT,12,e31f02e0-a0b8-4381-8e84-2ba8633727da
IM00000098,2025-06-10T18:34:45,W007,P00580,TRANSFER_OUT,-48,287730a6-8431-44ba-98ca-41ee8b970e0d
IM00000099,2024-02-17T09:32:11,W002,P00396,ADJUSTMENT,3,2a1422c9-dd93-49b1-a791-bb3ad4aa38c7
IM00000100,2026-02-02T13:52:34,W009,P00170,ADJUSTMENT,49,2442a4c8-a713-49ef-89cf-e8638740e4df
IM00000101,2025-11-11T18:59:53,W007,P00373,SHIP,-6,75816fea-c482-48b7-bc30-b97add45178b
IM00000102,2024-08-20T08:41:31,W003,P00587,TRANSFER_OUT,-44,002c71b5-a309-4634-b2f7-177d382f59d1
IM00000103,2024-04-29T22:03:11,W002,P00552,TRANSFER_OUT,-3,fd1af4d8-4482-4da3-9a5a-2ecdc51daed4
IM00000104,2025-10-10T03:07:19,W012,P00211,RECEIPT,23,f6b56017-8db3-4c04-af72-7157b3a2a234
IM00000105,2024-07-30T04:08:22,W010,P00158,TRANSFER_OUT,-10,28d45538-9567-42e2-b0c4-732f30488653
IM00000106,2025-01-06T03:06:43,W010,P00561,RECEIPT,24,94f66796-f476-410b-99c3-382babfc980d
IM00000107,2025-06-18T10:59:23,W007,P00573,SHIP,-32,7a6970d9-9156-484a-8431-4612c178b6bd
IM00000108,2024-01-16T10:45:55,W002,P00236,RECEIPT,19,e3468569-dfa6-4034-af17-02bdd766a6d5
IM00000109,2025-07-19T08:10:06,W003,P00060,SHIP,-36,330607f1-b53a-4cf5-b9cb-7e9b8f89ca5a
IM00000110,2024-12-01T03:04:57,W007,P00277,RECEIPT,32,0982e26f-9c6c-4549-85de-a8e4df1843bf
IM00000111,2024-04-05T20:10:23,W014,P00193,TRANSFER_IN,10,a4cabf65-cb41-48ab-b04f-e5a29977339f
IM00000112,2025-05-05T07:42:19,W003,P00406,TRANSFER_OUT,-45,3516860a-e7a5-4b66-ae34-0222eb29af8a
IM00000113,2024-08-29T04:44:55,W017,P00527,TRANSFER_IN,12,738fe14e-c5b3-410f-9fa4-7ce8490e2f23
IM00000114,2024-05-24T06:30:01,W010,P00142,TRANSFER_IN,8,f7e2cc12-d3f9-40bf-8cb8-c3b681309696
IM00000115,2025-09-04T07:21:57,W015,P00506,RECEIPT,8,765d266c-2c1f-4f48-b5a9-ac35f6f5f8af
IM00000116,2024-10-19T03:20:18,W008,P00137,ADJUSTMENT,45,ca0f814f-d41b-4b14-baaf-6ff98d51f9ae
IM00000117,2024-03-23T07:32:40,W017,P00272,SHIP,-6,88e4159f-b181-4616-8566-22cafc37a237
IM00000118,2024-05-27T23:23:51,W014,P00490,TRANSFER_IN,32,6fe199c5-e159-49ae-a088-044f0193a5fb
IM00000119,2026-02-03T12:26:22,W006,P00068,TRANSFER_OUT,-38,d239348d-9d67-42c5-af9e-caa5235beee0
IM00000120,2024-06-08T02:49:00,W017,P00387,ADJUSTMENT,35,d3fd0626-5be9-4890-9cf3-c8440281b794
IM00000121,2025-04-09T05:01:32,W014,P00523,TRANSFER_OUT,-16,a65c2b37-1811-42f7-a1de-ddd1580a39ae
IM00000122,2024-12-04T02:40:57,W007,P00580,RECEIPT,1,de35fe06-16fd-4f1e-bd47-6dc2513e9970
IM00000123,2025-01-04T08:54:22,W016,P00020,TRANSFER_IN,26,fe44993f-cc6f-406c-b932-4fb0b7d80839
IM00000124,2026-01-15T21:56:40,W007,P00389,SHIP,-16,31ffa8ab-e2cf-4af3-b44c-1e00b5c602e0
IM00000125,2026-01-06T13:31:56,W009,P00023,RECEIPT,43,a1bbbc3c-9bc1-4986-8f9b-425a39d3031b
IM00000126,2024-04-26T21:48:02,W004,P00486,TRANSFER_IN,44,f979d325-c088-4841-a277-5db5ec2f54a9
IM00000127,2024-05-23T06:51:38,W008,P00529,RECEIPT,15,2341cfbc-ad80-4593-bc13-0d369ae10f7f
IM00000128,2025-07-05T07:02:26,W008,P00484,TRANSFER_OUT,-12,7894ac59-d7f6-42e1-8b4c-f5afad6eab02
IM00000129,2024-02-10T01:36:34,W007,P00057,SHIP,-25,dfb803b8-4da7-430b-8dc4-57ced8412ee2
IM00000130,2025-08-06T06:12:08,W002,P00334,ADJUSTMENT,30,1d3459a2-d795-4244-b661-c858e84ba2d1
IM00000131,2025-03-06T07:12:41,W016,P00506,ADJUSTMENT,45,f281ce38-2a78-418f-9596-b7b890d937ab
IM00000132,2024-11-04T17:27:51,W014,P00539,SHIP,-4,f248e051-7d1c-49ab-a2c5-e98534060ba5
IM00000133,2025-12-08T14:56:43,W014,P00587,RECEIPT,49,377b8231-22c6-494f-8b3b-74201520bc0a
IM00000134,2025-02-05T13:41:26,W015,P00298,ADJUSTMENT,21,0f7a8291-d3f9-4db9-a8d3-afa93178ba25
IM00000135,2025-02-12T11:39:58,W011,P00151,ADJUSTMENT,49,656ff246-22fb-4b1a-b6f7-4f5645bf81ae
IM00000136,2025-11-13T07:28:14,W008,P00260,TRANSFER_IN,27,2d952826-30d5-44d1-9533-16a10a7ecad1
IM00000137,2024-05-17T22:38:04,W001,P00471,TRANSFER_IN,44,afb0411e-2939-440d-92dc-f3b22642d83f
IM00000138,2025-07-06T05:38:00,W009,P00594,TRANSFER_OUT,-14,4c0d0812-1ae3-46f3-b291-62438b346a75
IM00000139,2025-03-03T03:45:58,W014,P00037,RECEIPT,33,e9d81238-a8d2-4a47-9eab-0495100764b6
IM00000140,2025-07-04T18:26:30,W017,P00076,TRANSFER_IN,33,8493c511-1e71-4a6b-bb4d-cf2b1ea86967
IM00000141,2025-08-19T13:09:17,W012,P00426,TRANSFER_OUT,-1,ddc8b1d7-89b6-456d-ae24-774ef0d1ff63
IM00000142,2025-10-06T18:20:36,W010,P00107,RECEIPT,49,48068322-cf36-45a9-bb48-0cb926c61174
IM00000143,2025-08-01T00:28:22,W002,P00090,TRANSFER_IN,43,cbacab76-c545-445b-96d9-2a088e67ad45
IM00000144,2025-06-01T01:04:23,W003,P00517,TRANSFER_OUT,-8,f0522b54-566b-4b4f-bd25-6af6f26a49bb
IM00000145,2025-04-10T14:04:14,W012,P00373,RECEIPT,32,fdb093a3-4e69-452b-ade8-86cf6e4a6fd4
IM00000146,2025-08-17T20:01:49,W003,P00328,SHIP,-28,5be243c1-75df-46bd-85a3-3c219acfa83d
IM00000147,2025-09-06T02:18:30,W003,P00132,TRANSFER_IN,33,8d735a49-2344-44d2-a29f-29ad2bfcd65a
IM00000148,2024-09-22T00:08:24,W014,P00087,TRANSFER_OUT,-3,150bf87b-6d16-4a08-aded-ff28a62a2495
IM00000149,2024-06-18T21:21:18,W014,P00286,TRANSFER_IN,25,d1317bfb-9d45-4a31-9b65-8779f6aec18f
IM00000150,2024-09-05T10:30:31,W015,P00096,TRANSFER_OUT,-36,a077d6b2-54ff-4223-8995-0029ad168691
IM00000151,2024-11-10T11:30:56,W010,P00557,TRANSFER_OUT,-15,706c925d-9122-4d0b-9438-16fcbe2b3af4
IM00000152,2024-05-15T15:43:03,W005,P00460,ADJUSTMENT,41,116926be-5fcc-43b3-9c79-2bb88887cb12
IM00000153,2026-02-08T04:14:37,W009,P00452,TRANSFER_OUT,-38,7cb6743f-0922-4d9e-81bc-1be4f9b6b225
IM00000154,2024-05-21T05:53:53,W003,P00231,TRANSFER_OUT,-23,0cd13384-4086-4e12-b1e7-9b67a254e72b
IM00000155,2024-10-18T06:22:12,W015,P00282,SHIP,-5,62f8477d-ceb3-470d-ba1a-7520d057837f
IM00000156,2024-05-19T04:07:06,W015,P00296,SHIP,-4,edf121e4-497d-4bec-bfaf-ee2f85c2a850
IM00000157,2024-01-30T08:28:45,W016,P00204,ADJUSTMENT,22,13e0b3c1-702f-46a8-987e-f2eda931be1b
IM00000158,2024-05-26T13:44:40,W011,P00415,ADJUSTMENT,22,dbbfe104-3593-43c2-882c-dac0096b7a18
IM00000159,2025-02-11T22:50:36,W011,P00106,ADJUSTMENT,40,76b58aeb-e24c-4a13-9d8f-36d4dbe5bdd3
IM00000160,2025-08-01T11:54:36,W014,P00447,RECEIPT,25,25a1b12b-00a6-43cb-b053-bbed40d49aff
IM00000161,2025-08-12T11:10:22,W002,P00423,TRANSFER_OUT,-26,38b3444a-716a-4c0b-9da5-a16d6676f270
IM00000162,2025-04-27T18:34:28,W005,P00105,RECEIPT,8,40718614-ff76-49a4-8486-b398c0c69a43
IM00000163,2024-08-31T06:16:52,W011,P00056,SHIP,-21,39e4a8d6-0b57-48e5-8e93-5605b438e8f2
IM00000164,2024-10-01T01:27:07,W013,P00564,ADJUSTMENT,16,21d7e255-14b2-4960-b50b-b48915d52b11
IM00000165,2024-04-03T01:37:31,W013,P00518,TRANSFER_IN,28,3e8dc121-5908-4ae9-9c0e-ef8c14e3518f
IM00000166,2025-08-10T15:08:30,W012,P00272,RECEIPT,18,58343981-f338-4ec0-9d36-54e454b9e1df
IM00000167,2025-04-27T14:23:25,W007,P00215,RECEIPT,2,bd7ba5b6-41a8-4181-b78a-96a38dc157ff
IM00000168,2025-08-13T20:56:43,W014,P00294,TRANSFER_OUT,-33,828c72f2-11c5-40e2-b007-76d2f16bb72f
IM00000169,2025-11-09T06:24:23,W006,P00024,TRANSFER_OUT,-20,b2a122c7-9db1-4068-8c9d-555d2b39ae75
IM00000170,2025-11-22T04:36:19,W010,P00590,TRANSFER_OUT,-33,69eac1bb-563d-49b2-888e-f412cca3ddc5
IM00000171,2024-03-23T05:49:11,W013,P00383,RECEIPT,25,126ae08a-9cf3-451a-a582-4e1b66737ee5
IM00000172,2024-08-17T22:05:41,W004,P00467,TRANSFER_OUT,-46,ca3e355c-0c11-43bb-9aed-914cd9a557af
IM00000173,2024-04-29T23:49:56,W016,P00404,ADJUSTMENT,16,649a151b-b4c4-459e-ad2b-e8f1940cbbaa
IM00000174,2024-08-04T00:23:59,W009,P00318,TRANSFER_IN,38,e388268f-11c9-4765-b8bf-e453f5b944dc
IM00000175,2025-06-21T23:37:17,W016,P00399,TRANSFER_OUT,-48,48c0ae75-d0fe-4950-87aa-46db075f9d43
IM00000176,2024-06-10T11:47:17,W016,P00480,ADJUSTMENT,35,5808dae2-c8d1-4171-8d01-433a4faffe9a
IM00000177,2024-08-27T02:44:39,W002,P00539,SHIP,-20,a783084e-abe6-4b0a-9386-4f7ae76f8b9e
IM00000178,2025-01-25T00:18:38,W007,P00277,RECEIPT,7,282ad5e6-4af2-4fe5-ba76-2f93a97327ba
IM00000179,2024-03-15T04:17:44,W007,P00209,TRANSFER_OUT,-16,57e65f7b-c4a2-461e-ab61-762d2fbd2a76
IM00000180,2024-09-27T02:53:21,W004,P00029,TRANSFER_OUT,-29,36f7b110-20a5-43a4-ab13-143377545357
IM00000181,2024-07-18T05:01:50,W008,P00550,RECEIPT,2,bc51c2ff-213d-46d8-af65-1e1bc7111994
IM00000182,2024-06-16T16:58:36,W007,P00131,TRANSFER_IN,17,6e774e4a-0066-4918-9589-2741dc495cc2
IM00000183,2025-05-15T19:19:47,W001,P00547,TRANSFER_IN,35,a34955cc-e4f6-4323-94dd-0ece89cdfd96
IM00000184,2025-02-21T20:46:30,W012,P00267,SHIP,-43,dec8d787-85ac-4dfe-bcac-1ace067b1052
IM00000185,2024-06-09T12:19:07,W002,P00365,ADJUSTMENT,6,333f10a5-43f8-43dd-b29c-73d04ce2589d
IM00000186,2024-09-08T00:36:33,W017,P00422,RECEIPT,40,9ee81e19-a110-4f56-8241-7142f9c47b31
IM00000187,2025-01-23T02:53:48,W006,P00032,ADJUSTMENT,26,c7de9fc8-3ef2-41a8-9169-c40e846fd35f
IM00000188,2025-09-02T20:23:04,W016,P00307,SHIP,-15,cd23ba3f-2aaf-4f42-a472-ef44f26e6f62
IM00000189,2024-01-21T12:24:25,W011,P00209,ADJUSTMENT,4,3c6e219d-b64f-42c3-ba96-391d3e516ae8
IM00000190,2026-01-05T21:44:26,W005,P00180,RECEIPT,9,1f1ef06d-a593-4fa8-bb14-0d00399537d0
IM00000191,2024-08-21T14:28:29,W013,P00162,TRANSFER_OUT,-46,5942410c-efa0-444f-bdf7-0d3b7e1a2b78
IM00000192,2025-07-11T15:54:03,W017,P00468,ADJUSTMENT,29,aeeccbe6-9eb8-43cd-8094-4b5a47bc6f1a
IM00000193,2024-10-22T13:02:19,W011,P00441,TRANSFER_OUT,-13,98936be8-1338-40e0-bb72-69c75b614e56
IM00000194,2026-01-13T18:42:33,W014,P00383,TRANSFER_OUT,-7,1b86285f-1a1e-491b-8067-65c66042ac25
IM00000195,2025-08-11T16:15:02,W005,P00050,SHIP,-43,20646b28-240c-488b-9492-26e0acebf35b
IM00000196,2025-12-27T23:46:57,W004,P00290,TRANSFER_OUT,-5,65bb18c7-370e-4888-a00c-7742d60a4174
IM00000197,2024-11-20T07:25:23,W007,P00085,TRANSFER_OUT,-25,38bd0c7a-19d9-44ca-b7b5-b392e500f498
IM00000198,2024-04-03T13:31:16,W011,P00045,TRANSFER_OUT,-12,c7aa1aea-0478-4974-9747-37ca8bd93e02
IM00000199,2025-11-11T05:06:15,W015,P00115,TRANSFER_IN,38,ccc71eab-bc5b-4edf-a6c4-22c756e9846e
IM00000200,2024-04-01T15:50:54,W007,P00435,TRANSFER_OUT,-45,bacb68da-4a5f-4d65-b5a5-e6d4aa52ab45
IM00000201,2026-01-07T14:07:44,W005,P00060,SHIP,-34,5b425c46-808f-4cb5-9131-f7b0241d537e
IM00000202,2025-01-04T18:42:58,W004,P00059,TRANSFER_OUT,-38,dc70671a-86ca-4fd2-9b7b-d8c63fac5b21
IM00000203,2025-07-25T06:13:45,W003,P00585,TRANSFER_IN,40,5f5b0773-7047-4aef-aa2b-70fd56d5acd3
IM00000204,2024-09-11T10:15:47,W001,P00041,RECEIPT,49,c2b39d71-e405-4140-b7da-6f0eff851f2a
IM00000205,2024-12-17T11:07:10,W008,P00138,TRANSFER_IN,15,489d6c21-2ba0-4045-9e43-5319ff76e9e6
IM00000206,2024-12-04T15:18:47,W006,P00203,ADJUSTMENT,32,be3e4be9-bc96-4e3a-b050-2406db0b75c0
IM00000207,2025-05-03T06:24:20,W014,P00287,TRANSFER_IN,15,34dfa3c6-6d99-4245-81fe-f20bcfe26bc3
IM00000208,2024-07-08T10:58:52,W011,P00461,TRANSFER_IN,11,3d8ffe65-cd81-419d-bda5-bb805e310a4f
IM00000209,2024-01-09T15:58:48,W004,P00421,RECEIPT,1,1c3935dc-d6a9-4b98-8dce-d5d106f84350
IM00000210,2024-02-10T22:10:12,W003,P00261,RECEIPT,2,4efd34f8-409b-447c-9461-9d5900c4941e
IM00000211,2025-12-10T11:31:19,W016,P00508,RECEIPT,32,d53706ff-37db-474c-ba38-a8977005e87e
IM00000212,2025-11-05T15:45:03,W012,P00533,ADJUSTMENT,2,33d1342f-295f-443e-8acd-08dafdf755bf
IM00000213,2025-06-16T15:57:29,W003,P00338,TRANSFER_IN,16,d42d0767-a567-42ba-b31c-f99c9884a230
IM00000214,2025-02-04T03:31:45,W012,P00461,SHIP,-48,bca0caab-866b-4930-a3d7-3f95eb12ec50
IM00000215,2024-07-14T10:26:17,W002,P00443,SHIP,-45,64929842-fede-430d-85b2-26afd0985fb6
IM00000216,2024-12-06T17:12:45,W011,P00461,TRANSFER_OUT,-34,e0ba7305-16a2-4f0c-895a-a7ae024910bd
IM00000217,2025-04-22T16:03:49,W015,P00193,SHIP,-5,299a10e5-5115-4c68-bd45-86a79d7286ce
IM00000218,2026-01-01T14:36:45,W005,P00209,ADJUSTMENT,13,98c1d4bb-3026-4f66-9807-6595eaea454d
IM00000219,2024-12-17T14:51:35,W004,P00247,SHIP,-27,90c3d431-dd67-40e6-b33c-a1a9e4ed9907
IM00000220,2025-01-11T19:24:45,W014,P00568,TRANSFER_IN,10,349ce117-3850-4355-a9d5-24fd57293262
IM00000221,2024-11-24T16:03:56,W010,P00116,TRANSFER_IN,7,64e41b32-baf6-4c02-a0b6-e8ac97411801
IM00000222,2024-05-04T19:15:44,W014,P00040,RECEIPT,27,1e9a3ccb-9d38-4a7e-8eab-e760c92abb4f
IM00000223,2024-10-09T04:25:29,W015,P00153,SHIP,-30,442d200c-abb8-4a93-be42-de15cc62f636
IM00000224,2024-01-02T06:06:21,W017,P00029,TRANSFER_IN,37,3c634990-f2f3-43c5-a6fc-4664e8785d0a
IM00000225,2024-06-17T15:16:08,W012,P00122,RECEIPT,17,2e235503-a8c7-4b64-bf78-fd3cdfe496c4
IM00000226,2024-08-02T12:50:12,W010,P00126,TRANSFER_OUT,-41,a699ad47-cd7b-4c97-afe3-2ef23a144249
IM00000227,2024-09-12T17:06:27,W006,P00068,ADJUSTMENT,21,58a0178c-1387-40aa-abd0-e3d5f4cd0724
IM00000228,2025-06-27T18:23:57,W002,P00304,ADJUSTMENT,40,635639a0-199b-41d4-b193-b42390417b61
IM00000229,2024-10-23T18:11:25,W007,P00340,SHIP,-33,f3e20459-6b48-4f16-9828-6afa68b6e3a2
IM00000230,2024-07-20T08:24:26,W015,P00287,SHIP,-31,b1769ca9-2963-41b2-8d7d-7c9dc5793c25
IM00000231,2024-04-28T11:52:27,W007,P00091,ADJUSTMENT,44,86c2e322-d490-44bf-9a80-2a320248234f
IM00000232,2024-02-28T08:20:08,W010,P00497,TRANSFER_IN,26,e0c31350-d86c-4de5-a3c8-7c84ef7893f0
IM00000233,2025-12-06T07:58:13,W002,P00277,TRANSFER_IN,12,b5da3058-1fc3-49dd-b166-51bd13468353
IM00000234,2024-01-15T11:33:50,W007,P00037,SHIP,-27,1e9a6382-69b7-4a59-9451-423e3ea6941d
IM00000235,2025-12-23T12:24:54,W004,P00167,ADJUSTMENT,37,c37adda4-e786-4216-8742-c207e868fc61
IM00000236,2025-09-13T20:14:19,W013,P00140,RECEIPT,21,7d23467b-ff8c-4e68-b80e-6b2d0429f096
IM00000237,2024-03-12T15:08:23,W001,P00438,SHIP,-12,23ce4780-19c0-46c4-ab7f-295a069ff5cf
IM00000238,2025-10-19T20:28:42,W012,P00175,TRANSFER_OUT,-37,6fd613ef-885c-41fd-ae0f-865e3081f950
IM00000239,2025-12-27T04:15:46,W009,P00274,RECEIPT,19,1d7185c4-fb7c-4d42-9d94-f2878cb40c96
IM00000240,2024-02-07T00:16:49,W012,P00319,TRANSFER_OUT,-18,2971ab7e-723b-4efd-ad57-907cb3d8881a
IM00000241,2024-06-12T14:55:26,W015,P00304,RECEIPT,21,14a21202-c568-4819-bd13-f8dbce57852b
IM00000242,2025-05-01T07:22:53,W010,P00322,TRANSFER_OUT,-34,f5de30b7-8f1b-47da-bbff-e6790a3b68ad
IM00000243,2024-03-15T21:03:19,W005,P00464,TRANSFER_OUT,-32,3546c0d4-45e1-4f6d-bf4d-1fd8549cca90
IM00000244,2025-09-29T00:20:17,W014,P00275,TRANSFER_OUT,-40,b3b0e7bb-a0ef-4b92-92c7-5de82e36f48c
IM00000245,2025-12-23T20:51:37,W010,P00128,TRANSFER_OUT,-30,3892c3a7-b6e7-4424-b6ee-c92007d03707
IM00000246,2024-08-17T19:45:02,W011,P00517,TRANSFER_OUT,-49,758a982e-5705-4804-8216-05201e7bfdc8
IM00000247,2024-11-11T17:21:24,W003,P00352,ADJUSTMENT,49,361ecc84-f996-42b3-8e9d-f34df5dcea3f
IM00000248,2025-08-21T15:14:38,W006,P00593,TRANSFER_OUT,-27,0551f583-6f40-454b-9a98-cd1c9c767f3d
IM00000249,2025-12-25T15:09:49,W008,P00403,SHIP,-24,738dcad5-d7c0-499c-a267-4bcda6f7744a
IM00000250,2024-03-18T00:34:38,W004,P00405,RECEIPT,28,dc4a98df-dc02-46db-9fcb-9d3aad931c79
IM00000251,2025-03-01T18:02:18,W001,P00289,RECEIPT,6,4e57cf13-3c19-4cc9-a853-fa9d5039b28a
IM00000252,2025-07-09T14:10:46,W014,P00099,SHIP,-30,8b46ac6c-c0e5-4e30-bae8-c4bd0b836983
IM00000253,2024-02-17T06:10:57,W010,P00349,TRANSFER_IN,19,37716e70-dee7-42c3-a186-8474aa5c7192
IM00000254,2025-05-27T05:36:21,W015,P00496,ADJUSTMENT,14,a3b8bee5-a368-4b12-851b-b9e8e87dda8e
IM00000255,2024-04-23T15:55:53,W007,P00430,RECEIPT,22,b428bf99-2934-4122-9d91-b06daf4d306e
IM00000256,2025-10-27T21:11:26,W014,P00269,ADJUSTMENT,1,868c049f-06e7-4b86-98b5-12786295e2db
IM00000257,2025-01-11T23:30:46,W001,P00358,RECEIPT,36,ec796b43-75f4-4799-a54e-42e307d8a4f0
IM00000258,2024-12-29T10:58:58,W015,P00084,SHIP,-41,55fb1ff4-49ae-48eb-906c-9a76326fffce
IM00000259,2025-12-11T22:18:14,W001,P00488,RECEIPT,12,1593ce6c-823a-40c7-99ee-23d37c1714b9
IM00000260,2024-03-07T17:32:25,W017,P00359,TRANSFER_IN,29,060c8161-476f-4323-a68b-e5a105685ea8
IM00000261,2025-06-17T11:35:18,W017,P00012,RECEIPT,40,6bdca935-4f45-4583-b8e5-ac2c20ef08cc
IM00000262,2024-04-26T07:26:15,W009,P00256,TRANSFER_OUT,-10,c960ffa2-6a81-487a-9d6c-067ddae31495
IM00000263,2024-08-19T10:20:37,W017,P00433,RECEIPT,31,ac6faeef-3ed7-497b-876d-6e42e31dceda
IM00000264,2024-02-09T04:30:19,W002,P00205,SHIP,-39,f7fbb8e1-1475-4c79-a8df-55bae764ce58
IM00000265,2024-09-20T03:33:34,W013,P00593,TRANSFER_IN,32,86e7b062-be1d-4250-a0d8-e6d62a6fd30f
IM00000266,2024-12-22T18:16:40,W005,P00329,TRANSFER_OUT,-36,238766af-fb8e-48bf-bd6c-f989e7efef50
IM00000267,2025-07-22T18:42:08,W015,P00229,TRANSFER_IN,27,29b964b1-c66d-4837-9fc2-9f1e72d81c6f
IM00000268,2025-12-02T22:51:21,W006,P00156,SHIP,-12,016df960-a247-4f44-8458-6b2bc6d617f2
IM00000269,2025-02-25T22:12:28,W010,P00423,TRANSFER_IN,31,f3df0242-9b1a-4cc2-b9c1-25a13f15786c
IM00000270,2024-01-08T23:42:25,W003,P00183,TRANSFER_OUT,-25,0983a7b4-9a14-449c-9083-75a30edb47e8
IM00000271,2026-01-16T11:59:20,W015,P00203,ADJUSTMENT,48,76e1729c-26e8-4d04-bc3a-c10a80e14f7e
IM00000272,2025-04-07T17:40:24,W012,P00048,ADJUSTMENT,38,e5237e33-4b93-4e2d-bd9a-4d1ce539caa4
IM00000273,2024-10-12T07:15:17,W007,P00094,ADJUSTMENT,45,227e3e02-89b1-4b14-bd92-5832de92221c
IM00000274,2024-06-21T02:35:40,W001,P00105,TRANSFER_IN,42,4f2547ec-0f57-4508-808d-acf2291aacc6
IM00000275,2025-03-04T14:03:31,W009,P00212,TRANSFER_OUT,-36,0f883544-c912-4547-8c10-77a53c305cb9
IM00000276,2025-08-15T22:40:22,W009,P00524,RECEIPT,32,c39f6999-c18e-4807-bae9-ceb09df301a6
IM00000277,2025-07-23T17:29:07,W001,P00481,TRANSFER_OUT,-38,1c211186-e68a-4cc2-be24-6471a0fb0de5
IM00000278,2025-03-11T14:25:12,W007,P00344,TRANSFER_IN,20,8b303da7-543b-4649-afb2-1c43bd76971c
IM00000279,2024-03-29T18:30:11,W010,P00143,SHIP,-5,b827b8af-efe1-4a42-84da-607d81004c3d
IM00000280,2025-07-27T02:42:10,W006,P00407,TRANSFER_OUT,-29,f4d5701f-9d4f-413e-a9d0-36609338b802
IM00000281,2024-02-10T01:39:32,W015,P00495,TRANSFER_OUT,-37,85195f2a-2252-40b5-964c-50d11a0359cc
IM00000282,2025-08-07T07:05:48,W001,P00357,TRANSFER_OUT,-2,160f8c6c-4a66-4326-8ff9-c65a1a44dbae
IM00000283,2024-04-07T23:57:35,W013,P00229,SHIP,-46,7ec651ca-e297-43bb-a052-992dd72e8558
IM00000284,2026-01-22T20:53:58,W002,P00538,TRANSFER_OUT,-41,0d8039a1-a6cf-4c29-b84e-d99f1adc0461
IM00000285,2024-06-24T06:51:42,W007,P00533,TRANSFER_IN,48,d551107a-8ec7-4d6f-a098-872531936ef5
IM00000286,2024-04-13T21:34:39,W012,P00263,TRANSFER_OUT,-24,94af3197-0a94-49fa-ad9a-4d32b718e3d6
IM00000287,2025-01-05T13:20:38,W003,P00166,ADJUSTMENT,45,316dd09d-ffad-471a-a5e6-ee12f53b36a2
IM00000288,2024-06-11T07:28:49,W017,P00180,ADJUSTMENT,4,78156f43-e6b4-459e-82b0-f60810406051
IM00000289,2024-03-24T19:15:32,W016,P00179,TRANSFER_OUT,-45,da8ed6dc-93b5-41ba-bfc2-2171532b0702
IM00000290,2025-05-02T14:39:53,W003,P00411,ADJUSTMENT,33,85f962ea-0d9e-4f2e-a3eb-c6fdda1d01a4
IM00000291,2025-03-24T06:07:02,W002,P00176,TRANSFER_IN,13,22acbb77-bf1d-4e64-9473-9dfaa34d0305
IM00000292,2025-11-30T15:56:44,W001,P00536,ADJUSTMENT,45,184603d3-4e77-4acf-9750-d618b8721d7d
IM00000293,2024-11-05T21:44:23,W004,P00185,TRANSFER_IN,22,c22bccbe-af95-4b2f-ac62-7d72984959fe
IM00000294,2024-01-13T19:16:10,W012,P00417,SHIP,-22,717754b6-67de-4f4c-8341-7881add35b0b
IM00000295,2026-01-14T21:25:11,W002,P00206,SHIP,-1,bb44f205-cd79-4ee3-90d1-4b27bc10abcf
IM00000296,2024-10-17T03:37:37,W008,P00478,TRANSFER_IN,43,61d528f2-3d02-47cb-912b-3cec7e365693
IM00000297,2025-12-10T13:10:40,W002,P00199,TRANSFER_OUT,-34,5797be79-fd03-4139-9168-bda920a171eb
IM00000298,2025-04-08T18:35:34,W006,P00425,TRANSFER_OUT,-29,f8087306-2bc6-48c3-b94a-4d239fe7e193
IM00000299,2024-07-06T13:08:53,W001,P00107,ADJUSTMENT,27,8729acad-5d98-4661-ad4e-d0034e7bcc0e
IM00000300,2024-09-07T04:31:37,W005,P00473,TRANSFER_OUT,-45,a355293e-cd70-4030-b34b-90edabaafdfe
IM00000301,2025-03-15T15:57:59,W004,P00204,TRANSFER_IN,6,f7f33881-67bc-4056-b168-bda26f34490e
IM00000302,2025-06-10T20:14:55,W007,P00574,TRANSFER_IN,38,9d96ba21-b2e7-47e6-9f45-8660d6a52fd6
IM00000303,2024-06-23T14:12:42,W006,P00378,SHIP,-23,861e9580-a42b-40c5-aa42-fcdd5791d844
IM00000304,2024-05-15T16:12:58,W006,P00471,TRANSFER_OUT,-46,070dfbb8-0035-43d2-9313-e4bd310f0a40
IM00000305,2024-10-22T19:54:07,W005,P00064,RECEIPT,44,46eb6fa7-f629-460f-8fd0-23dff8325d66
IM00000306,2024-12-21T16:58:11,W009,P00168,TRANSFER_OUT,-2,9b4bc6f0-ba65-4e38-b785-224a62acfbd9
IM00000307,2025-08-21T04:56:32,W006,P00156,TRANSFER_OUT,-14,ac9c15fa-ba17-47eb-ab79-7764df3c1d37
IM00000308,2024-01-08T11:47:29,W004,P00303,TRANSFER_OUT,-6,c465d917-c6d2-4540-a250-7c32d18bae71
IM00000309,2024-06-26T08:35:47,W004,P00026,TRANSFER_OUT,-49,f4aeb938-f154-46a8-bd83-4b0253cb7eb9
IM00000310,2024-07-21T20:00:23,W003,P00562,TRANSFER_OUT,-4,0e21b565-7b2d-493f-a642-c7331507ca12
IM00000311,2025-02-05T14:54:38,W004,P00256,TRANSFER_OUT,-48,5a0e01ae-ebb6-43c7-8ea1-7a701df5d380
IM00000312,2025-05-19T18:53:51,W008,P00222,ADJUSTMENT,19,c0efe0e7-3c71-418a-b9fc-05097950f5f6
IM00000313,2024-12-04T21:11:20,W013,P00001,TRANSFER_OUT,-29,c6bf3808-f448-4ff2-8e9d-a940454e53ff
IM00000314,2025-09-11T13:11:11,W011,P00335,ADJUSTMENT,40,acf7557d-6f76-48b5-a2d6-a4825e95d5f9
IM00000315,2025-01-31T15:47:00,W009,P00402,RECEIPT,47,ebb891fe-81c8-40db-ab88-b12201465327
IM00000316,2024-06-13T19:20:46,W002,P00022,TRANSFER_OUT,-19,85c05234-4439-46e7-933e-a8bed4dc526a
IM00000317,2024-12-29T16:28:42,W011,P00595,TRANSFER_OUT,-13,906a6d54-bb11-47dc-bd76-a1cda578375f
IM00000318,2025-12-05T08:06:04,W006,P00206,SHIP,-34,116decc1-6653-441b-b452-443a8222cf81
IM00000319,2026-02-20T23:23:49,W014,P00139,TRANSFER_OUT,-27,fbf446d2-2144-4a75-b58c-4ea15095cf93
IM00000320,2025-12-24T21:12:15,W010,P00220,TRANSFER_IN,19,c17fb50c-723e-446b-82ba-a40f9bbd201a
IM00000321,2025-10-21T02:00:49,W003,P00139,TRANSFER_OUT,-29,c0270fa5-eef7-4963-881c-a8bfb99cc924
IM00000322,2024-11-05T01:43:38,W014,P00094,TRANSFER_IN,21,44e1a95d-93c6-43ec-94f0-286cc6f3aec8
IM00000323,2025-09-07T06:57:11,W006,P00379,ADJUSTMENT,25,8f454ebb-4f3f-45bc-bc02-b9692913c976
IM00000324,2025-12-05T01:06:43,W007,P00358,TRANSFER_IN,16,8c06dbdb-4d6c-45a5-b17c-3e3353a0f8e6
IM00000325,2026-01-08T01:10:57,W006,P00287,SHIP,-11,25404586-9266-4355-9e8e-caf4f042f990
IM00000326,2025-08-01T21:44:44,W010,P00125,RECEIPT,41,986eadb9-7ab0-4db9-bb13-ef9e96b59c6d
IM00000327,2025-05-08T08:20:44,W008,P00152,TRANSFER_OUT,-47,f7c5469d-369d-4b32-ac0b-14c14111dbf3
IM00000328,2024-07-23T12:33:11,W014,P00275,SHIP,-17,c2a2511f-ee12-4389-b1ad-c54ac4968453
IM00000329,2025-09-22T08:11:35,W012,P00516,TRANSFER_IN,44,8d28e6ab-51f9-485b-84a2-a876c4d3ce53
IM00000330,2024-08-21T04:46:12,W015,P00105,TRANSFER_IN,41,96b5bd2e-9da9-4781-bb28-9bf9aeed599a
IM00000331,2025-11-12T04:55:51,W005,P00059,TRANSFER_IN,18,ad49f21f-c6e9-4fb4-b054-20f661433610
IM00000332,2026-01-24T22:26:24,W002,P00547,TRANSFER_OUT,-34,7ffdd147-ae8e-4375-996b-71bb9fccdfef
IM00000333,2025-07-02T07:10:53,W010,P00202,ADJUSTMENT,41,e52636a8-9130-412c-9b3e-57db66435dde
IM00000334,2024-02-13T12:25:53,W011,P00163,TRANSFER_OUT,-9,168c696e-e6b7-49d5-87f2-5339ed49f4e4
IM00000335,2025-08-08T04:11:45,W005,P00252,TRANSFER_OUT,-26,1057bae0-4abe-4d4c-9c8f-427fa9358ed8
IM00000336,2024-01-31T19:33:49,W007,P00035,TRANSFER_OUT,-26,cd29fae7-aed7-4a05-a43f-097a1a2b1833
IM00000337,2025-12-30T06:47:46,W015,P00038,TRANSFER_IN,5,bf966408-1ca7-4436-a729-98657f1ad1b3
IM00000338,2024-03-06T00:12:56,W016,P00249,ADJUSTMENT,36,20b163a1-7540-495e-a86c-33b3e247114b
IM00000339,2025-06-19T15:13:21,W011,P00557,TRANSFER_OUT,-11,39aa471f-edf4-499d-b1c2-2540eeb917b6
IM00000340,2024-09-06T15:50:48,W007,P00513,RECEIPT,24,0f166d81-1b87-45c0-90c1-416daf25c142
IM00000341,2026-01-19T05:23:49,W007,P00077,SHIP,-45,1efec2c7-2142-416d-ad73-0f973f47b226
IM00000342,2025-12-25T01:31:29,W006,P00345,TRANSFER_OUT,-9,4a01e1fb-354f-4c6c-b803-67d77bdc659d
IM00000343,2025-01-27T00:56:30,W013,P00449,ADJUSTMENT,15,4e2fb892-1628-4ea0-987a-e74b7d8c6154
IM00000344,2024-09-02T04:01:25,W013,P00579,SHIP,-43,50ea4a8c-7e03-4a3d-9e52-75d1ecfc7631
IM00000345,2024-09-11T17:09:50,W016,P00354,SHIP,-36,0f5914cd-1646-475d-9d2d-18d03dd04345
IM00000346,2025-12-08T06:15:35,W014,P00054,TRANSFER_IN,34,4a72d709-8156-4636-a47a-b36617697bf9
IM00000347,2024-04-27T20:26:08,W016,P00175,TRANSFER_IN,19,fe33e329-fe5a-47e5-bb92-f9f7304ebffe
IM00000348,2025-04-15T18:32:33,W003,P00352,ADJUSTMENT,34,3d3e64a0-71ff-4acd-80a6-86326176e8c4
IM00000349,2024-09-22T18:50:39,W006,P00588,TRANSFER_IN,24,36d50503-fcac-4d0f-98b2-dce90f25af48
IM00000350,2025-04-25T22:05:50,W010,P00024,TRANSFER_IN,14,8e9b52e0-961f-436c-9925-1c4d06334d80
IM00000351,2025-04-08T00:42:57,W001,P00353,TRANSFER_OUT,-44,2d6f5d22-4841-4723-bf77-24eba526ecb3
IM00000352,2024-05-08T18:41:07,W015,P00579,TRANSFER_IN,1,a2b8735c-7831-4a4c-94a1-b7b9d2dd3c44
IM00000353,2024-02-06T05:24:40,W005,P00382,RECEIPT,47,52e50b49-4e01-4224-a6eb-7d6fef8ee9ba
IM00000354,2024-03-28T20:28:36,W005,P00045,RECEIPT,23,de864c21-a15f-4302-b14d-769f6017143b
IM00000355,2025-10-21T18:46:35,W009,P00179,TRANSFER_OUT,-35,cb492ca3-0b02-48c0-a8d4-edeaf0671f53
IM00000356,2024-08-15T16:53:48,W015,P00077,RECEIPT,2,e4a27f40-ed43-484a-a4f6-b60a8614bf02
IM00000357,2025-12-17T03:58:00,W010,P00106,RECEIPT,39,821dbde8-e384-4c88-99c8-f6d54c49d69a
IM00000358,2024-01-07T23:45:07,W010,P00303,TRANSFER_OUT,-21,89a4bd25-e105-41f6-ab6b-0453f66b676e
IM00000359,2025-04-15T11:49:43,W014,P00106,TRANSFER_IN,13,bc336209-8a0d-4b9c-9601-40203d9f362d
IM00000360,2025-12-09T16:15:58,W001,P00210,TRANSFER_OUT,-44,885063ca-2b5f-4837-800b-65ad8403e231
IM00000361,2025-01-01T05:40:34,W010,P00133,TRANSFER_IN,26,e767bbb2-c58f-40d2-ab49-985271159371
IM00000362,2024-05-12T15:50:45,W007,P00340,SHIP,-26,fd0c09a5-0c2d-46a5-b400-2683a6be310d
IM00000363,2025-11-12T15:06:49,W010,P00364,ADJUSTMENT,8,35d12ce4-c3a2-4bf2-b1e3-c0880858bcce
IM00000364,2024-02-19T03:30:56,W015,P00254,SHIP,-43,cf96b101-8faa-4434-9dc2-0220c7ab9664
IM00000365,2024-02-03T03:14:04,W012,P00047,RECEIPT,10,43d01968-229a-4808-8e4f-11b7d57f3a28
IM00000366,2024-10-04T00:00:56,W005,P00181,TRANSFER_OUT,-46,c1f7ed98-2481-4f50-9afd-d2ef9e164ace
IM00000367,2025-02-27T16:39:01,W014,P00502,RECEIPT,6,4d739709-21d9-4e8b-9c89-cc426afd5e19
IM00000368,2024-05-30T06:36:30,W012,P00121,TRANSFER_IN,37,0cb95b8d-8388-4f62-8804-a116204a19f7
IM00000369,2026-02-03T02:51:50,W003,P00401,SHIP,-37,8addfb18-68f8-4ad4-9e10-7c23e089e870
IM00000370,2024-10-01T02:42:02,W009,P00239,TRANSFER_OUT,-42,1bff956b-30b7-478b-8530-3a301c61bb06
IM00000371,2026-02-26T03:35:01,W008,P00231,TRANSFER_IN,26,5733e76d-b05f-4b64-a370-0c20d8eff92d
IM00000372,2025-01-30T00:15:26,W016,P00082,RECEIPT,27,30b95f3a-2f27-4d8c-8d3a-8fb5e6b98492
IM00000373,2025-09-10T04:41:19,W017,P00513,ADJUSTMENT,17,e1fa4444-be78-4412-bbb0-94539f5cd794
IM00000374,2026-02-17T10:53:47,W001,P00036,TRANSFER_IN,17,d0eed365-79c5-4bf3-a57c-3579464f8680
IM00000375,2025-08-21T04:35:17,W017,P00248,SHIP,-45,b8aedb00-d7ac-4531-949a-bbffff388c9a
IM00000376,2025-12-28T16:57:09,W001,P00305,TRANSFER_OUT,-45,f53bf113-8113-473a-a6d9-983b34cb34fd
IM00000377,2024-11-02T21:21:33,W002,P00527,ADJUSTMENT,43,fab2fc2d-e755-4d43-9f1f-fef5b579f1ff
IM00000378,2026-01-07T19:10:37,W002,P00046,SHIP,-34,f9a45f43-6df9-4024-b3d2-a9fb3216b191
IM00000379,2025-06-13T20:19:58,W003,P00400,SHIP,-32,cfad531a-3531-4923-a788-26c88fdfc26c
IM00000380,2025-08-27T18:16:37,W016,P00257,TRANSFER_IN,24,006fd1cb-c4dc-4f19-b867-36dfd60ad0c6
IM00000381,2024-07-21T18:32:28,W007,P00362,ADJUSTMENT,45,246bdbfc-a37a-4ac8-a0ba-133a3c804cbd
IM00000382,2024-07-31T02:24:42,W015,P00104,SHIP,-25,881bf644-2e04-4d67-8c69-9b72ec20d913
IM00000383,2024-09-14T22:02:26,W016,P00191,ADJUSTMENT,25,18a0cb2e-bc98-481f-8d3c-77f67b4e3610
IM00000384,2025-01-19T22:42:16,W005,P00043,ADJUSTMENT,9,6189455a-77fb-4b68-b43b-098b5d31ed6c
IM00000385,2025-12-28T02:59:44,W007,P00182,RECEIPT,11,a6aef9f8-f2f1-491b-afb7-38023697fefc
IM00000386,2025-06-21T19:53:45,W013,P00207,RECEIPT,39,7073ffda-920e-4418-9d25-4350a2e1b3ce
IM00000387,2025-03-23T21:41:14,W003,P00351,SHIP,-48,0a947172-c710-4c8e-8685-7d474316bf3f
IM00000388,2025-03-29T06:53:05,W016,P00091,TRANSFER_OUT,-46,33b7d7b0-2eaa-4f57-b137-67755372cacd
IM00000389,2025-10-22T00:09:27,W004,P00488,TRANSFER_OUT,-35,cb8f5677-97db-4c59-955b-669f6dece621
IM00000390,2024-05-15T10:30:11,W002,P00525,TRANSFER_OUT,-27,561985cd-f6f2-494f-b07e-e4656ed97cfe
IM00000391,2025-12-08T11:49:14,W014,P00262,SHIP,-5,fab3d2be-d1cf-4283-9d2c-e241ae11b023
IM00000392,2025-08-21T22:32:10,W015,P00341,ADJUSTMENT,29,8bd4de78-dd08-49ee-8538-f6a83c51115f
IM00000393,2024-07-19T13:34:14,W011,P00340,RECEIPT,1,d1665c94-8897-45b8-a422-2de2ecb61e93
IM00000394,2025-03-17T08:06:09,W001,P00207,RECEIPT,5,a7e48e77-9bbb-4d8e-b6f9-9fd4993ef907
IM00000395,2025-11-24T18:46:10,W011,P00008,RECEIPT,23,324c4bfd-6915-4484-8c74-9ed43571e3cc
IM00000396,2026-01-12T22:21:12,W016,P00278,RECEIPT,42,c2db2ce2-e9e5-4e54-ba9a-7cf60a44433c
IM00000397,2024-10-08T15:56:50,W014,P00383,RECEIPT,13,639838c0-2087-4570-b8fe-9c36a795d2b7
IM00000398,2025-12-14T20:08:02,W004,P00457,SHIP,-15,cf5abfee-b034-4adc-a96a-bc6910d81077
IM00000399,2025-01-21T09:49:57,W006,P00173,SHIP,-46,943544fa-e439-4df7-a42f-0737d9f5ef6f
IM00000400,2025-06-20T03:21:51,W011,P00117,RECEIPT,6,17ef9a05-6c90-4056-8450-d6e3a408cdf2
IM00000401,2025-06-27T15:00:25,W014,P00143,RECEIPT,25,b51a89dc-97ee-4805-94e7-e90a416ec9da
IM00000402,2024-11-08T01:34:10,W014,P00134,TRANSFER_OUT,-34,3b209e06-de3d-4332-a560-a17f2b875ee8
IM00000403,2025-05-09T22:10:15,W014,P00596,RECEIPT,28,feefa846-9802-469d-b77a-3856d7ebaa3e
IM00000404,2024-09-08T18:43:23,W009,P00593,SHIP,-7,48f2119e-5659-43d1-87bc-9a11f690dbea
IM00000405,2024-09-16T00:56:19,W012,P00578,SHIP,-13,0ee684bf-9585-4815-960c-e4070897b5dd
IM00000406,2025-01-15T15:39:27,W009,P00348,RECEIPT,47,8ea948ad-ba7b-408e-b351-a2dd6152dabc
IM00000407,2025-12-10T06:59:30,W007,P00252,SHIP,-12,93252c42-45e4-4ab5-af42-7d1cac0b2c4b
IM00000408,2025-08-24T08:26:44,W002,P00034,SHIP,-33,59678721-6d4b-4735-8fbe-74d131f79ec1
IM00000409,2024-04-19T16:30:35,W016,P00321,RECEIPT,15,7c3bec16-8221-43ac-9f39-40fa24d5e0ee
IM00000410,2024-07-06T04:55:32,W008,P00502,TRANSFER_OUT,-34,5296d805-fcde-4e4b-b6a5-45e9b6bd8cad
IM00000411,2025-09-26T11:26:38,W017,P00189,SHIP,-19,6ccd0d8f-92de-42be-80ae-3f09aa2a0ecb
IM00000412,2024-04-25T06:14:17,W014,P00168,SHIP,-37,c106688c-6602-486f-b101-73d6b504b8bd
IM00000413,2025-03-05T11:50:16,W010,P00527,ADJUSTMENT,37,f2db75d4-599b-4d60-a315-22e414682ebc
IM00000414,2025-05-03T03:10:32,W007,P00041,SHIP,-17,bdd79d5f-d08d-49c0-81d9-815f925a6f0e
IM00000415,2024-12-16T10:07:18,W012,P00038,SHIP,-12,7cdaa04c-8d48-4cd3-870f-35598b247694
IM00000416,2025-12-12T02:05:22,W006,P00419,ADJUSTMENT,32,210e8380-dcf2-4781-b136-302e92aeb7ca
IM00000417,2024-12-18T20:08:52,W012,P00481,SHIP,-6,87f5169f-58ee-4e84-a326-80c92544b0b4
IM00000418,2024-01-17T03:13:20,W004,P00142,RECEIPT,33,b7823e45-8106-4d1e-9104-9554e6211752
IM00000419,2025-05-04T06:43:08,W012,P00439,TRANSFER_IN,13,fa6d6e8a-04ae-4837-91bf-eb264288c8ad
IM00000420,2024-02-26T17:04:02,W009,P00227,RECEIPT,27,9e8cdcae-7bd1-482b-a78b-df4a5037067b
IM00000421,2024-03-11T10:54:26,W002,P00580,SHIP,-26,8ecf1a18-1ab6-4d2d-8e4c-822f663396e5
IM00000422,2026-02-21T23:37:59,W009,P00346,SHIP,-48,94c1891e-bd5f-4525-99f8-d8fec7bd6c22
IM00000423,2024-10-12T13:48:17,W017,P00416,SHIP,-13,584f7056-2fcb-41f1-8e03-456fc1506cba
IM00000424,2025-10-28T15:48:43,W014,P00172,ADJUSTMENT,23,57f0f78d-9a34-47cc-a1c0-bd6eee3d1df8
IM00000425,2024-02-09T01:55:04,W006,P00547,SHIP,-2,54aea79f-3df1-45c5-a101-4e8b37ca6f4d
IM00000426,2026-02-06T10:16:20,W011,P00139,TRANSFER_OUT,-46,7d4a456f-8216-4b89-9771-ad3356a1be0e
IM00000427,2025-07-01T14:44:47,W008,P00544,ADJUSTMENT,46,37a496c3-8f94-4ee3-a8b6-2e545c018737
IM00000428,2024-08-30T17:00:06,W013,P00546,RECEIPT,25,c4db3f9f-a6f1-4129-a99b-6678a66110d9
IM00000429,2024-01-17T20:38:22,W002,P00338,TRANSFER_IN,3,2fde5dbd-95bc-4d3c-b76e-de6bc926d899
IM00000430,2024-11-27T03:29:27,W005,P00536,RECEIPT,14,ba6add13-adfe-415e-97d9-851d956f9885
IM00000431,2025-04-04T04:58:01,W010,P00320,ADJUSTMENT,42,f23d2836-b3cc-4c37-8723-a242e34c36e5
IM00000432,2024-12-15T02:08:02,W009,P00417,ADJUSTMENT,45,fbcd1458-9e29-46d7-8d57-abf478098517
IM00000433,2025-08-03T17:08:49,W008,P00510,TRANSFER_OUT,-14,87ef4473-52c5-4762-8ee6-ee77f2e5fcc8
IM00000434,2025-02-01T02:30:07,W004,P00001,ADJUSTMENT,40,6699afcc-d770-4028-8316-a9795b2fa5ee
IM00000435,2026-02-26T22:59:34,W016,P00199,TRANSFER_IN,48,5e508969-8ef1-450c-ab65-bdde5e77c2f7
IM00000436,2025-02-09T15:02:03,W015,P00464,RECEIPT,26,5f0fd968-1295-4a41-b537-7b544c672f39
IM00000437,2024-02-13T01:40:57,W014,P00328,ADJUSTMENT,22,28529f9f-ea6f-4834-bad8-5181e486ae8f
IM00000438,2025-06-07T09:16:12,W015,P00372,TRANSFER_IN,46,9c7b998c-2830-4094-9c3b-2d4ebd47a797
IM00000439,2024-09-22T16:06:53,W013,P00031,RECEIPT,29,7f5503fd-8021-4afe-9e2f-f42b45f495c9
IM00000440,2025-11-26T06:38:56,W015,P00436,ADJUSTMENT,41,8f446cf9-b7d5-489a-9b13-e7b08b92449b
IM00000441,2024-08-30T17:59:21,W001,P00234,SHIP,-6,c6b274b4-8ef7-40db-89f8-534e4f0d1007
IM00000442,2025-02-10T11:10:44,W011,P00096,TRANSFER_IN,10,e4cf5eb3-86db-43f2-8edc-5e7fe5e73cbc
IM00000443,2024-05-13T06:41:33,W014,P00342,RECEIPT,7,8f368e57-8e11-4ae8-8741-843a4f3644a1
IM00000444,2025-06-09T12:52:09,W002,P00535,ADJUSTMENT,16,fdc0cdcc-81cf-4a87-be3c-901c9743e62d
IM00000445,2025-03-26T00:15:34,W012,P00391,SHIP,-8,912dff09-7282-4f4b-bc92-71fb41745465
IM00000446,2025-04-26T11:04:55,W005,P00104,RECEIPT,22,a1977a0f-3d5e-4f09-928e-8b68f5da5d35
IM00000447,2024-10-31T19:15:29,W016,P00423,TRANSFER_OUT,-7,02b8faf9-cfcd-4a1f-901c-e8e50503e980
IM00000448,2025-04-22T16:18:13,W014,P00040,TRANSFER_IN,31,fcc132c4-db68-48a9-9e02-d9598385f50d
IM00000449,2026-02-15T17:10:02,W006,P00040,SHIP,-30,b99a8e27-4de1-49a6-ba3d-0d8f28463b0b
IM00000450,2024-02-19T23:22:18,W017,P00570,TRANSFER_OUT,-40,5e769a70-762f-49f3-8f2b-fe835e136e4f
IM00000451,2025-08-29T08:44:31,W014,P00177,RECEIPT,37,03225a1e-d8de-4f9a-9b20-b63667489db8
IM00000452,2025-06-21T14:18:14,W006,P00055,RECEIPT,33,c7f9493b-3350-4770-99c1-197ddb1a3edc
IM00000453,2024-01-31T20:19:58,W014,P00155,TRANSFER_IN,6,d801e3ae-528f-4839-91fa-932f176067b1
IM00000454,2025-11-23T05:10:17,W002,P00231,SHIP,-1,3efc457f-d610-4769-8207-b50064dfeec6
IM00000455,2026-01-21T11:04:01,W016,P00146,RECEIPT,46,fa9dc93f-21bd-4b24-900e-8ed8997ba9c5
IM00000456,2024-05-14T07:37:00,W004,P00276,TRANSFER_OUT,-40,5ceaca6b-9160-48d3-9307-5dc731e20cd2
IM00000457,2024-02-14T09:29:12,W008,P00340,SHIP,-23,61637126-1183-4460-84ef-1f9c1ff0fcf7
IM00000458,2024-09-01T14:16:20,W006,P00107,TRANSFER_IN,39,674dc30a-abed-448a-8bfd-fa27aed6a657
IM00000459,2025-03-11T08:03:02,W015,P00439,SHIP,-30,3623e4c4-cb49-4c96-887c-56cc19e0fc39
IM00000460,2024-06-04T01:27:15,W005,P00293,ADJUSTMENT,20,3d51802f-6807-4c01-b06d-e0a9b3c0084d
IM00000461,2025-06-18T20:39:08,W016,P00363,RECEIPT,47,8ab5b86c-df9f-4b42-b0c9-abbe710c8768
IM00000462,2026-01-06T04:32:47,W006,P00199,RECEIPT,39,ddfadcea-b12c-4695-b908-ee6f4033cbd4
IM00000463,2024-02-11T02:09:48,W016,P00186,SHIP,-12,0738ef4e-7157-4835-ac1c-5569821c919a
IM00000464,2024-10-12T21:32:19,W013,P00420,TRANSFER_IN,6,e047fa01-386c-4317-b428-71bc8c034e1f
IM00000465,2024-10-16T13:17:57,W017,P00276,ADJUSTMENT,18,54b06f9e-9c53-45ec-94c6-316869a7dfe6
IM00000466,2024-11-09T10:02:37,W011,P00427,TRANSFER_IN,38,58c59544-aa2a-4ba4-a82d-fa9c97ca1d57
IM00000467,2025-02-02T00:57:14,W010,P00335,TRANSFER_IN,29,1357e88c-e797-42da-8868-5a3a33dba45a
IM00000468,2025-08-09T13:55:16,W014,P00322,TRANSFER_OUT,-13,8302bd6a-5237-4f5f-a93e-2bc4c41f4e1e
IM00000469,2024-01-23T11:44:05,W008,P00327,ADJUSTMENT,11,651fc6cf-e82d-4a9c-961e-7518ba9b40ca
IM00000470,2024-02-25T07:23:52,W010,P00527,SHIP,-44,43bbfa04-e232-4ece-b60f-1a783a1eb234
IM00000471,2024-11-07T18:37:21,W012,P00028,ADJUSTMENT,20,c14722e2-dbba-4005-adf6-63c3cb079608
IM00000472,2024-11-10T13:42:59,W005,P00523,ADJUSTMENT,13,eb9f538f-22b4-4a3c-9e74-23a8e2267e6b
IM00000473,2025-08-07T13:02:35,W006,P00084,RECEIPT,24,dcff991e-43e8-4e1e-81db-b50e3584af03
IM00000474,2026-02-01T05:21:23,W006,P00322,TRANSFER_OUT,-21,2c24a588-6c92-49c2-830c-ef7bb5d4e062
IM00000475,2024-04-13T04:08:50,W011,P00130,ADJUSTMENT,32,d0737229-39a4-4d52-ac2a-8b0e383d3332
IM00000476,2024-12-23T05:48:55,W008,P00073,SHIP,-34,050ec51d-a326-4eb1-bf12-b3aaae6a86c3
IM00000477,2025-07-15T04:01:21,W010,P00351,TRANSFER_IN,26,7aed0368-0324-4d12-964f-27a37c9bb0d2
IM00000478,2025-03-15T00:55:42,W005,P00404,TRANSFER_IN,15,27c0f924-c31b-4956-b9f8-c3303f32ecd8
IM00000479,2025-11-28T00:55:41,W005,P00061,SHIP,-27,ca64ccb9-f031-4e17-bf9b-0f24f0d64488
IM00000480,2025-03-23T19:11:07,W015,P00513,ADJUSTMENT,26,e69c1d10-9b8a-484a-8b28-c636942b9e9a
IM00000481,2025-01-27T00:51:00,W002,P00281,TRANSFER_OUT,-20,ce8afdfd-a0a0-4cfb-afae-a84c9a60b0ed
IM00000482,2024-01-28T19:58:23,W008,P00397,ADJUSTMENT,37,29e1dc8c-06d4-4b19-9823-5d32cb7cf039
IM00000483,2026-02-03T10:03:05,W002,P00352,TRANSFER_IN,16,99a7b165-63b3-4667-887d-2f19e0098285
IM00000484,2025-09-24T12:12:50,W010,P00066,TRANSFER_IN,8,df745da6-fa08-48b3-b206-4cc18c4abbbb
IM00000485,2024-12-12T22:33:33,W016,P00467,ADJUSTMENT,12,15507ed4-2a57-4e8c-bd91-adea5dba8716
IM00000486,2024-12-30T14:10:55,W005,P00284,TRANSFER_IN,28,f44407ef-4c59-4c94-8608-216412190c26
IM00000487,2024-06-22T17:04:28,W010,P00218,TRANSFER_IN,16,e39d4fdf-ba7a-45b8-84f1-cd9aeb99acbc
IM00000488,2024-10-03T08:53:49,W015,P00007,TRANSFER_IN,36,bc6ed2e0-2452-43b8-a06c-093425b1a41f
IM00000489,2024-12-09T03:15:24,W006,P00580,TRANSFER_IN,45,49998d05-096b-4208-a6a1-aa45f35df9fc
IM00000490,2025-07-05T16:02:19,W009,P00364,TRANSFER_IN,42,50b07003-b105-4ba6-ad1a-34a903311869
IM00000491,2026-02-24T06:29:19,W016,P00434,TRANSFER_IN,20,7d5b9c69-a83d-4e5f-a06a-7796bdcc7161
IM00000492,2025-12-10T00:49:10,W009,P00495,TRANSFER_OUT,-33,6c4d7d49-2648-4fb0-a836-a0656678feaa
IM00000493,2025-06-15T12:10:39,W017,P00475,TRANSFER_OUT,-4,08cca0b9-15e8-422e-9cb4-f8cfb7eae2f4
IM00000494,2026-01-30T18:59:39,W007,P00497,ADJUSTMENT,13,788ad1a1-2aae-4eef-ad09-5723994bd0f8
IM00000495,2025-09-11T17:06:54,W012,P00560,RECEIPT,15,21a3ac10-ff29-48a2-8fea-98125b545c0d
IM00000496,2024-09-27T15:19:13,W010,P00061,TRANSFER_OUT,-23,f2fed9fb-96d2-4af7-96e5-2bd67d4a3b1c
IM00000497,2025-12-15T12:13:24,W004,P00095,RECEIPT,41,91b1429d-9018-40db-b76c-9c23dcd589ad
IM00000498,2024-12-22T05:59:41,W002,P00596,RECEIPT,17,c36627c7-ea49-4fbe-bc95-a91c4c994674
IM00000499,2024-07-19T00:36:01,W017,P00113,TRANSFER_OUT,-48,1e1337ef-ea66-4cd5-993a-5456a64441b3
IM00000500,2024-11-01T19:41:32,W003,P00404,SHIP,-18,b23a3062-8c33-4904-9cad-31d94ee9ae32
IM00000501,2024-06-08T12:32:50,W015,P00246,SHIP,-37,bb1d2867-c938-4fbf-807d-f28dbd5b9e81
IM00000502,2025-05-25T03:23:46,W007,P00435,ADJUSTMENT,10,31ebb9c6-7816-4784-a1f9-6064b2091361
IM00000503,2024-05-20T09:35:32,W015,P00453,ADJUSTMENT,25,53b35569-258a-4953-bf02-122eab3c4704
IM00000504,2025-07-13T05:23:39,W009,P00501,ADJUSTMENT,48,228ade07-c74b-42fb-aafe-948aec2c656d
IM00000505,2025-08-25T10:46:50,W014,P00009,SHIP,-3,81536301-1943-4736-b607-e3e04d575ce7
IM00000506,2024-11-02T07:38:34,W009,P00444,SHIP,-31,9adb9449-4e0e-4ae1-8e36-12e6a0335a47
IM00000507,2025-05-01T14:45:05,W013,P00398,TRANSFER_IN,18,80403cc3-404d-4a82-a053-1a35425f1dc5
IM00000508,2025-02-21T21:05:17,W013,P00550,ADJUSTMENT,39,08ee8204-fb10-456b-aec6-a83ca77c6c29
IM00000509,2025-01-09T16:09:40,W007,P00209,RECEIPT,34,18333ab3-7e2a-41fe-8ee6-3c868c965e4b
IM00000510,2025-11-03T14:06:09,W004,P00079,TRANSFER_OUT,-9,16bbe633-d9e0-4e16-8820-bb318ce8c544
IM00000511,2024-09-23T08:43:34,W013,P00310,SHIP,-36,f2ad28fa-fcd1-43c5-b094-7e8138a770ce
IM00000512,2024-01-02T01:20:17,W003,P00148,SHIP,-32,a4c6ab5f-975c-497b-8277-4392e01d6dce
IM00000513,2024-11-07T06:22:15,W007,P00583,RECEIPT,17,47f5afc5-b69f-4781-8215-fb339925f395
IM00000514,2024-07-23T13:44:22,W005,P00215,RECEIPT,27,ab4cbe5d-b005-4e90-b5c1-1922dbf0af5f
IM00000515,2024-10-14T06:25:01,W003,P00308,TRANSFER_IN,14,11d2a6a4-ccdf-4e2c-9f8c-c8dd3a4ad1d3
IM00000516,2025-07-23T09:17:26,W004,P00439,TRANSFER_IN,45,11fa7f10-896e-4e78-8b6e-d5efad8884a6
IM00000517,2025-12-16T02:03:14,W013,P00186,ADJUSTMENT,25,30a9b3d0-541a-4388-bf44-fd49cfd12e06
IM00000518,2024-07-04T00:35:14,W011,P00418,RECEIPT,2,3c9e6ada-5ddd-4a0c-8577-5be60b3c1d0b
IM00000519,2024-12-21T12:36:04,W006,P00070,RECEIPT,16,2487df32-ad2e-4417-84a4-3fb36ce8cc26
IM00000520,2026-01-18T04:24:58,W009,P00112,SHIP,-35,e2f47a90-01f5-43c6-b5c8-7a3444eee4b4
IM00000521,2024-12-16T03:19:01,W011,P00551,TRANSFER_IN,1,d766b633-1d0f-41d4-8067-598b5a192f6b
IM00000522,2024-10-16T01:58:45,W006,P00286,RECEIPT,25,33ddbf81-8cd0-4e34-9a0f-9b432413263c
IM00000523,2025-03-13T04:01:27,W003,P00377,ADJUSTMENT,27,f3c810a5-a4c9-4d2d-8d5c-210e69cca21d
IM00000524,2024-09-07T02:50:26,W014,P00010,SHIP,-28,ea27b939-ecee-46ba-9349-602d1980af42
IM00000525,2025-02-03T21:26:04,W003,P00574,RECEIPT,26,a8cc9fd0-f537-45f0-bd23-d46f9bdaae27
IM00000526,2025-08-12T21:55:14,W003,P00547,TRANSFER_IN,5,b69e331f-8f7d-409d-8885-86e54816f76d
IM00000527,2024-07-04T13:05:31,W010,P00510,ADJUSTMENT,2,eeebd9a4-24ba-42d4-9dd1-0e4f2e8a1327
IM00000528,2024-12-31T10:54:28,W017,P00054,TRANSFER_IN,11,28e80439-6b0e-44fa-a71f-7807ed32c406
IM00000529,2025-08-04T22:11:27,W006,P00120,SHIP,-14,a557247e-97bc-4e1a-ad0c-d85dc17499be
IM00000530,2025-04-29T23:54:44,W007,P00048,TRANSFER_IN,47,a865eba4-aae2-47ff-8662-0d3dab26b022
IM00000531,2024-08-02T15:04:06,W009,P00378,ADJUSTMENT,29,46bbe1b4-f00c-459e-abaf-c1a9a558488b
IM00000532,2025-03-24T22:05:57,W013,P00593,SHIP,-9,23c443b8-3641-48cb-86d8-54b224d8e5fd
IM00000533,2024-12-03T01:57:47,W011,P00118,TRANSFER_IN,48,f7a05cdf-3ccf-4a6d-9fd9-164532f4e583
IM00000534,2024-11-30T16:20:35,W015,P00102,TRANSFER_IN,21,be96adf5-3c6f-4add-9b86-e217fe570ee2
IM00000535,2025-12-14T15:43:27,W005,P00318,TRANSFER_IN,7,a96a7145-872a-4d26-ae6d-34b5b8e1792a
IM00000536,2025-06-05T13:00:07,W006,P00062,TRANSFER_IN,19,295ed549-75df-4fbf-9f24-1b451fc44f99
IM00000537,2024-10-08T14:06:21,W004,P00441,TRANSFER_OUT,-10,498b0493-ee60-4fdc-a445-967bc26d69a4
IM00000538,2025-06-01T12:16:01,W012,P00463,SHIP,-24,b039ea49-967f-4161-9464-b670bfb0787f
IM00000539,2024-06-17T10:56:07,W012,P00593,TRANSFER_OUT,-4,2d3c9191-ee5d-4f29-8f1b-ebff16894884
IM00000540,2024-06-25T20:31:22,W002,P00317,TRANSFER_IN,19,1d32c740-e7ea-4923-9eb3-17ecaec19db4
IM00000541,2025-11-04T11:00:13,W007,P00450,TRANSFER_IN,14,33ad0ca8-6d58-488d-819e-e00cd134a43a
IM00000542,2024-11-07T16:37:29,W009,P00495,TRANSFER_IN,18,8244034c-5da0-4c8b-bb9c-6e737d90f6ef
IM00000543,2025-07-01T16:11:22,W004,P00546,SHIP,-48,b919261d-d073-42c9-af3c-9f212b2995df
IM00000544,2024-05-28T02:19:42,W017,P00253,TRANSFER_IN,13,f039bb50-07e9-4e2c-b482-9138356be529
IM00000545,2026-02-02T19:13:26,W012,P00361,TRANSFER_OUT,-45,1db6f4ab-6e93-445c-8f74-b46663e62d3b
IM00000546,2025-07-01T08:58:19,W014,P00430,RECEIPT,12,dbe57f06-517a-4691-8a69-6138d368f78a
IM00000547,2025-10-26T09:21:15,W006,P00073,ADJUSTMENT,28,c3290474-0880-41cf-824e-380cf3fc3915
IM00000548,2024-02-19T22:03:13,W014,P00486,RECEIPT,49,524959b0-e7a2-45d1-8892-4022502084be
IM00000549,2024-06-24T00:33:26,W011,P00233,TRANSFER_IN,47,7c503af7-114d-472f-80b6-208153487106
IM00000550,2026-01-04T03:05:45,W010,P00062,RECEIPT,40,a262d833-f76f-4d16-9f38-6863e63ff291
IM00000551,2025-07-13T12:07:36,W009,P00232,SHIP,-15,92d8d2b1-7762-4d25-b8b1-a801c83960cb
IM00000552,2026-02-24T01:08:16,W007,P00240,SHIP,-46,60694034-5b49-4980-9dca-6b4c6633a74c
IM00000553,2024-05-18T23:47:13,W017,P00241,TRANSFER_IN,36,4ca997d2-cf7b-4f09-a007-25aa962a72a1
IM00000554,2024-02-26T06:50:34,W001,P00393,TRANSFER_OUT,-11,4015ed5e-24b2-45c1-8f36-9038192de86a
IM00000555,2025-12-06T08:33:08,W001,P00595,TRANSFER_IN,29,8cdbd025-2809-4027-9149-f742fd9afe08
IM00000556,2025-06-02T01:59:04,W013,P00227,TRANSFER_IN,18,9ac4b7b9-c6a4-46f4-81df-024b5fd8969c
IM00000557,2025-03-29T20:00:30,W014,P00253,SHIP,-36,c48fdff9-4bf4-4d95-9a84-829f28a7034b
IM00000558,2024-09-26T04:43:30,W004,P00544,TRANSFER_IN,23,0ef857f6-0743-4bde-b40b-9fed772957c2
IM00000559,2024-01-23T08:28:05,W009,P00346,TRANSFER_IN,42,410d1f2f-dc8e-4168-a1ba-3ce193fc3621
IM00000560,2025-08-06T05:12:18,W001,P00211,TRANSFER_IN,38,646435ca-9532-4d98-88c7-90e3cd8b2ef3
IM00000561,2025-01-09T07:30:27,W013,P00528,RECEIPT,17,a27e3e59-ee87-4a4e-9f39-1a14386664a7
IM00000562,2024-12-19T07:48:15,W002,P00133,TRANSFER_OUT,-33,23315c2a-fd4c-4845-91f0-d612ab02feac
IM00000563,2025-06-08T20:43:47,W003,P00251,TRANSFER_IN,41,5c31fe00-fcbc-4c1c-a748-d11fe83e1902
IM00000564,2024-12-13T16:59:22,W004,P00268,RECEIPT,4,8648c449-a8c8-4714-97ac-6dc0df5973e8
IM00000565,2025-08-26T15:21:28,W015,P00201,SHIP,-48,38a8e345-c947-4fe2-9c21-a435d34769c6
IM00000566,2025-11-20T03:20:32,W012,P00376,SHIP,-26,a1fa3929-f7fa-4f11-8c77-a59ebb394098
IM00000567,2024-04-11T05:40:18,W015,P00294,SHIP,-41,a2a7b4f9-24e8-4cf9-8c1f-a02d7a2a0deb
IM00000568,2024-08-02T15:51:12,W013,P00104,SHIP,-11,b9c5d2a2-270a-45fc-a021-4dce0573a9b3
IM00000569,2025-07-20T12:45:47,W016,P00467,ADJUSTMENT,7,1e3946d7-b079-4241-b0fd-b9d995efdb24
IM00000570,2024-02-26T00:21:24,W011,P00014,TRANSFER_IN,24,f8f06db8-7f69-453e-8414-305b51c15f12
IM00000571,2026-02-28T18:21:01,W011,P00476,SHIP,-43,e6320274-e5c7-4ec2-8dbb-867f122d6b5d
IM00000572,2024-07-03T07:40:05,W007,P00529,TRANSFER_IN,41,5f29bdbc-0500-43f8-81ac-a527cbc5eb3e
IM00000573,2024-08-22T11:44:11,W004,P00135,ADJUSTMENT,16,aab794b2-99df-4b61-beee-ba074ac86ccf
IM00000574,2024-01-22T02:05:57,W017,P00013,TRANSFER_IN,49,7a1b4c85-9bc1-4998-ab56-0f34a06c1200
IM00000575,2024-01-31T23:07:28,W003,P00192,TRANSFER_OUT,-43,0b36416a-c2ac-491e-80ba-9992180ad35d
IM00000576,2025-06-02T21:02:15,W005,P00161,SHIP,-22,d9457c2a-16e2-4f6d-a514-35ff6e76231a
IM00000577,2024-09-03T15:37:45,W014,P00528,TRANSFER_OUT,-2,2a6b1998-8e71-45a4-ac2c-4d70fafb5c26
IM00000578,2025-10-10T20:55:02,W009,P00478,ADJUSTMENT,6,a64fc415-c36d-4ca6-8376-e7f3230edb58
IM00000579,2024-01-19T04:55:54,W008,P00468,TRANSFER_OUT,-5,6718da1a-dc73-4608-ba50-f31c78f7314a
IM00000580,2024-04-09T21:13:41,W012,P00082,TRANSFER_IN,45,630f5837-1814-472a-ae64-9a2f9646cd8e
IM00000581,2024-12-08T19:42:25,W013,P00095,TRANSFER_IN,17,8fd11776-637a-4a7d-a208-5c1f02b1f7f6
IM00000582,2025-07-10T07:39:22,W013,P00263,SHIP,-38,5ef4c247-6c79-4bea-a708-c0b012d01a24
IM00000583,2024-12-01T20:46:07,W010,P00046,TRANSFER_IN,44,30372d21-b2b1-4248-8a73-e3942edd5446
IM00000584,2025-07-23T19:28:01,W012,P00224,SHIP,-20,4b2face9-cc2c-4e01-aedd-e947815477a8
IM00000585,2025-09-06T20:01:12,W011,P00535,RECEIPT,15,968bf267-4d48-43bd-aba6-9c3941246451
IM00000586,2024-07-27T03:57:21,W005,P00367,SHIP,-5,48cf8243-7b65-4f3f-a34e-8b3fb33fca2d
IM00000587,2025-11-26T01:55:28,W001,P00015,TRANSFER_OUT,-7,7e63d68f-8157-47f4-b835-52282cbc5b86
IM00000588,2025-08-20T17:43:58,W001,P00043,TRANSFER_OUT,-48,d08e0490-f23f-4100-baaa-2f90a38e3fb1
IM00000589,2025-02-04T03:04:13,W002,P00498,RECEIPT,14,0a458e34-da9b-4f2b-80f8-cd050ef7b497
IM00000590,2025-04-17T17:38:06,W011,P00245,TRANSFER_IN,18,c30b66c9-c78c-4361-b16a-befec1cd101e
IM00000591,2024-09-02T07:15:37,W007,P00006,RECEIPT,22,c258f194-5bb1-4682-ad33-e9d2b94d70e6
IM00000592,2025-04-28T14:37:48,W014,P00196,TRANSFER_IN,2,67c1a686-f9a0-4fab-9073-a682fced4210
IM00000593,2024-02-04T02:09:54,W013,P00127,ADJUSTMENT,1,2a8a7337-a020-485a-b6be-72b9d9989df8
IM00000594,2024-03-28T14:55:07,W001,P00589,TRANSFER_OUT,-26,985f1ede-b6f7-45cc-ae66-a691f945c952
IM00000595,2024-09-25T02:24:37,W009,P00002,TRANSFER_OUT,-45,fc12a994-da91-46f7-8d10-87414e64d469
IM00000596,2024-07-26T03:50:59,W016,P00237,RECEIPT,6,48e98195-0984-472b-89e6-d5b09027698a
IM00000597,2025-06-10T22:35:23,W014,P00293,TRANSFER_IN,17,f0f9aaa2-c9f7-44fd-b7df-b854eac48320
IM00000598,2025-09-14T14:50:27,W015,P00064,ADJUSTMENT,18,669a829b-3e6a-4c19-820b-f6322b4d5915
IM00000599,2024-02-25T19:15:26,W006,P00098,SHIP,-43,6782ef02-7e01-4e10-9204-a79d796cdcba
IM00000600,2024-12-22T05:54:43,W002,P00226,TRANSFER_IN,6,6b5a09f0-18f4-4a38-a294-6b4316fb6710
IM00000601,2025-03-29T23:31:53,W002,P00050,ADJUSTMENT,46,dfcb02d1-7e4a-40a4-9550-83b7f6a36656
IM00000602,2025-03-10T04:56:31,W009,P00308,SHIP,-37,50631328-91ad-4618-9e46-188fcb6e670c
IM00000603,2024-12-28T22:24:00,W003,P00427,ADJUSTMENT,40,e0a87b7f-c9d6-4361-bd20-953882251dda
IM00000604,2025-05-16T13:26:28,W003,P00353,SHIP,-38,42580964-2ee9-41b7-86d5-c4eab74e9b29
IM00000605,2024-04-27T13:30:55,W012,P00292,TRANSFER_IN,33,a42475b1-36a3-45a3-a38a-d97d1c84bca7
IM00000606,2025-04-08T09:52:33,W014,P00194,SHIP,-27,3264487b-7ce8-456f-b6ee-88fb5d818128
IM00000607,2025-09-03T16:32:35,W004,P00145,TRANSFER_IN,6,1fed80fa-6e1c-43c7-b6ab-e0f1116ae341
IM00000608,2024-03-11T05:20:34,W005,P00584,TRANSFER_IN,35,ea8b8d16-a417-4220-b366-f5bfbcdda295
IM00000609,2024-07-05T07:19:42,W005,P00437,ADJUSTMENT,18,6f4e3e09-d3b7-4add-abd0-e76b858b4ab4
IM00000610,2024-10-26T07:15:35,W007,P00168,SHIP,-49,35566079-7762-4909-b972-82bd3084830a
IM00000611,2024-11-26T00:26:22,W003,P00433,SHIP,-48,2693e01f-a9c0-4dae-aaa3-2a694a680d8b
IM00000612,2024-05-28T07:20:02,W001,P00323,TRANSFER_IN,1,40d55953-7397-4057-bccb-f392588edd79
IM00000613,2025-02-19T13:16:07,W007,P00154,SHIP,-35,6f89f9b8-8aa2-4a9f-92f5-e3e0e74bb57d
IM00000614,2025-02-05T08:56:19,W011,P00284,TRANSFER_OUT,-43,c26ce2ba-2837-4dfb-a293-c9fd1ce38623
IM00000615,2026-01-28T13:57:44,W015,P00289,TRANSFER_OUT,-24,b9a6f6e0-5bc5-4256-b7e4-19d577d66cfa
IM00000616,2025-05-20T23:11:42,W008,P00076,ADJUSTMENT,6,96771d59-1d44-4609-bb1d-638c19552d4a
IM00000617,2025-10-11T05:34:24,W003,P00383,TRANSFER_OUT,-28,b0f9df6c-05ab-45d0-84d1-53bb91b22c78
IM00000618,2025-10-29T20:13:55,W010,P00143,TRANSFER_IN,46,3aae3240-4f93-40a1-a346-69d1680b8bc7
IM00000619,2024-06-13T20:27:47,W007,P00271,SHIP,-20,14f0f57e-6faf-484d-aed8-8bd96a3a1b1e
IM00000620,2025-12-28T14:47:12,W012,P00529,ADJUSTMENT,25,0b5be5ef-1539-4c03-89b1-fed9163bc698
IM00000621,2024-05-29T12:08:51,W009,P00060,TRANSFER_IN,7,13014cc5-a776-4ddf-a35d-e88d455b5711
IM00000622,2024-04-26T14:39:26,W007,P00072,TRANSFER_IN,40,d4d0737d-a9ff-4bea-b39b-60426d6a7dec
IM00000623,2024-10-21T20:19:35,W015,P00261,RECEIPT,34,67a3d145-9160-422a-bbfe-ac4fad5181c7
IM00000624,2024-10-16T04:48:54,W003,P00516,TRANSFER_OUT,-19,f232ef1c-57f4-4ff8-a33d-cc65c068db35
IM00000625,2025-06-22T13:08:51,W013,P00484,SHIP,-3,eeb14223-aec0-48a7-9661-6c2da5db413f
IM00000626,2024-10-31T21:34:04,W014,P00498,TRANSFER_OUT,-22,a4caa074-3f26-4365-9590-189ab91e549c
IM00000627,2025-07-02T12:09:05,W016,P00115,RECEIPT,28,1249a5fc-e528-4a1e-9144-bd00579fc02f
IM00000628,2025-12-09T12:29:49,W009,P00295,RECEIPT,43,d66fa5e5-1cf8-453b-a7b9-9b559f9c8dac
IM00000629,2024-07-25T04:41:32,W013,P00249,TRANSFER_IN,1,88da8a49-9773-45b3-8960-e3dbe072c6a5
IM00000630,2024-09-11T11:35:01,W015,P00218,RECEIPT,3,9565ec9c-9a38-4ad8-81f0-88d0b66ebbfb
IM00000631,2025-09-19T05:46:30,W005,P00105,RECEIPT,4,051e23bd-92af-48f2-8be8-2d8691e2589b
IM00000632,2025-01-07T01:54:40,W004,P00507,SHIP,-41,e3acaa96-954c-415b-8783-97694f472093
IM00000633,2025-05-17T07:10:09,W013,P00595,RECEIPT,23,1bd750e7-ce55-43c7-9689-7813252045a3
IM00000634,2025-08-23T05:59:12,W008,P00315,RECEIPT,26,00d2e2b1-2986-4409-9e4a-416238a37774
IM00000635,2024-10-27T08:02:16,W012,P00325,RECEIPT,32,897cb4e0-cb4f-4845-92ae-185216dcaf31
IM00000636,2025-06-09T16:40:19,W003,P00099,RECEIPT,47,014b9e37-cb3b-4e89-8d0c-1d030e56642a
IM00000637,2024-04-08T21:53:23,W007,P00538,TRANSFER_OUT,-10,3a4ea13a-18a5-4432-9a28-510c6e72aa39
IM00000638,2024-12-17T14:01:33,W013,P00228,TRANSFER_IN,16,05081618-c524-43b1-89a4-d9d5ae507b5d
IM00000639,2024-01-28T15:11:34,W007,P00329,TRANSFER_OUT,-47,ae7a307b-b086-435d-b9fd-7447997d082e
IM00000640,2026-01-27T10:10:11,W014,P00562,ADJUSTMENT,5,66251a48-605c-458f-ab06-4e34ece8d212
IM00000641,2025-08-31T19:52:07,W007,P00420,RECEIPT,7,9912fe0c-843a-47a5-819b-d32035dbc208
IM00000642,2025-02-14T20:32:02,W003,P00413,ADJUSTMENT,3,899f1b28-d149-4621-a691-eb43ce4c59f9
IM00000643,2024-03-30T13:36:43,W001,P00182,TRANSFER_IN,28,db1acc16-051d-46ab-99b3-c3996ae2bbce
IM00000644,2025-01-21T07:13:45,W014,P00018,ADJUSTMENT,44,fa48a395-1182-4f4a-ab5a-b468585a1364
IM00000645,2025-06-12T04:57:13,W015,P00399,ADJUSTMENT,21,e4dbde47-5b30-410e-98f1-5a533cf3aeb0
IM00000646,2024-06-15T05:14:58,W005,P00206,TRANSFER_IN,26,1d7d0cbb-83c3-42cb-bb50-256a38015845
IM00000647,2024-08-21T20:37:28,W010,P00581,TRANSFER_OUT,-17,9ed392d2-8e5b-49c2-808e-0c89eb6323f3
IM00000648,2026-02-25T05:42:21,W006,P00134,TRANSFER_IN,28,c1e36b54-8ebd-4049-ba7a-40286e157966
IM00000649,2024-03-24T17:37:35,W011,P00484,TRANSFER_IN,31,caf54af6-29ff-44cc-a9d6-d855d46388f7
IM00000650,2025-09-28T03:04:55,W008,P00092,TRANSFER_IN,40,b15e1f71-cb8a-493f-b4de-6647fb30c7aa
IM00000651,2025-12-03T18:03:16,W011,P00042,SHIP,-12,5d9f0679-c92a-44bf-b853-bdd13d9e72d2
IM00000652,2025-03-30T10:01:42,W009,P00117,TRANSFER_IN,47,c9c451f7-5843-466b-8e85-a1da6faee450
IM00000653,2025-06-06T15:58:36,W002,P00274,TRANSFER_OUT,-10,32d44b0d-840d-4d94-948d-a747fe44dca4
IM00000654,2024-04-01T06:34:29,W004,P00319,TRANSFER_IN,27,f63552da-5f18-4a1c-b545-9d0e93369b7b
IM00000655,2024-08-29T23:11:57,W016,P00260,TRANSFER_OUT,-9,cc9d9a4b-d2dc-4a36-bf7f-4333f302ff7c
IM00000656,2025-03-08T12:19:32,W009,P00383,ADJUSTMENT,29,d40c0fcf-6424-489d-981d-7fdaffb1de40
IM00000657,2025-05-19T06:32:40,W001,P00179,RECEIPT,41,62525112-dd73-4a63-bfd9-c4025feeb1d4
IM00000658,2024-09-04T16:28:55,W014,P00039,ADJUSTMENT,42,031de67c-6eab-4957-8074-6ee249fa3410
IM00000659,2025-02-02T15:24:23,W006,P00371,TRANSFER_OUT,-32,50ffca96-990b-40f0-a373-b3bef53c7526
IM00000660,2024-10-14T16:39:04,W014,P00161,SHIP,-10,5f9cbf0d-b77c-4c98-8bfb-ea3e4e7f1efc
IM00000661,2025-05-10T08:51:39,W009,P00394,SHIP,-14,21c2ef5a-2874-4705-bc0e-11746d743972
IM00000662,2024-11-26T03:47:08,W001,P00427,SHIP,-8,c0607479-d213-49ca-97e9-64895cde5b94
IM00000663,2024-11-16T02:05:39,W016,P00254,SHIP,-19,fdb1870c-bf2a-4181-9ee8-b4e73a5f0a87
IM00000664,2024-01-31T22:06:35,W016,P00291,ADJUSTMENT,38,f5d202a8-0d6f-4985-9f68-46c495d625e1
IM00000665,2024-03-12T01:40:46,W007,P00491,TRANSFER_IN,13,3a15dea5-86ea-40d8-bc0a-a354395d6027
IM00000666,2026-02-28T16:50:42,W006,P00202,TRANSFER_IN,35,16bbf97f-c986-4335-a124-5bcec9f6df3e
IM00000667,2024-12-31T06:44:25,W015,P00187,SHIP,-27,9256c120-b983-486d-8c24-ede0d2865d5b
IM00000668,2024-04-04T13:18:12,W013,P00407,ADJUSTMENT,32,c28eb15e-908e-4066-8df2-1ebd2959d2d0
IM00000669,2024-01-07T14:55:44,W002,P00144,TRANSFER_IN,4,2bf98240-7c01-457a-8a94-57cdb586799a
IM00000670,2025-05-23T17:09:05,W010,P00259,ADJUSTMENT,47,12fb4f0c-ba7e-4702-8da4-9e560cc6a78c
IM00000671,2024-08-07T12:23:30,W017,P00565,TRANSFER_OUT,-3,1601526d-0819-454f-8711-0936ecbd3520
IM00000672,2025-03-30T06:49:04,W014,P00226,SHIP,-38,ab5426fa-d388-485c-bf1f-b8f82571cea3
IM00000673,2024-02-28T01:09:58,W006,P00576,SHIP,-10,28177cf3-3e75-4424-8037-aedb34bb1d29
IM00000674,2025-05-18T23:28:36,W003,P00403,ADJUSTMENT,16,83dd4af5-080b-4eee-b29c-37299594d677
IM00000675,2026-02-28T00:07:08,W001,P00405,RECEIPT,19,4a0bfd5c-c79e-478c-8c14-4fa79e627555
IM00000676,2025-05-24T19:43:13,W009,P00597,SHIP,-9,f783ee09-638b-40f6-a1be-039de2fa17bb
IM00000677,2025-11-11T16:18:58,W008,P00003,RECEIPT,22,c14378c2-4a30-4cc0-944b-52d4a5f3e0c9
IM00000678,2025-04-26T03:41:39,W009,P00441,TRANSFER_IN,16,cee710b8-c51d-4830-8424-d38bf0c07a8a
IM00000679,2025-01-14T06:38:05,W014,P00437,ADJUSTMENT,11,306c6fd0-c2fc-4054-b4de-f36d07294002
IM00000680,2025-03-09T04:25:46,W012,P00127,TRANSFER_OUT,-6,c00b8b05-d9b3-4650-8795-291775b0dd2a
IM00000681,2024-11-15T00:14:25,W001,P00002,ADJUSTMENT,22,f7687f27-ff8b-4b0a-8c57-dd47484f42ea
IM00000682,2026-01-23T11:44:09,W009,P00578,TRANSFER_OUT,-2,856783c9-6440-43c3-b2b9-73d11fad6075
IM00000683,2024-07-18T21:41:48,W001,P00475,SHIP,-37,e96315fc-a0dd-40b7-9585-c8b09db91784
IM00000684,2025-05-26T04:04:13,W004,P00090,TRANSFER_OUT,-28,dd649123-2bf8-4918-8d01-53483bfc8207
IM00000685,2024-05-09T09:41:30,W016,P00121,SHIP,-21,16b47be8-4d81-4802-8586-9697a9428ce4
IM00000686,2025-10-04T11:20:03,W001,P00445,SHIP,-18,ab680c5d-d66a-4532-9756-0f9041f2feed
IM00000687,2024-12-19T20:25:02,W002,P00006,SHIP,-47,11d41e33-edc4-4e39-b596-a5f4944addd6
IM00000688,2024-03-15T15:04:11,W002,P00594,TRANSFER_IN,35,7f4a158f-0761-438f-b4f3-5f087c0a96b5
IM00000689,2026-02-14T03:42:10,W011,P00242,RECEIPT,4,a9de83e7-5aa6-4cc6-8159-46381694927c
IM00000690,2025-03-21T15:12:01,W012,P00295,RECEIPT,40,7a105d98-4f38-40f4-a38b-4bd30618de85
IM00000691,2024-02-14T00:35:47,W001,P00300,TRANSFER_IN,5,d62ca339-cc3f-4c8c-a0b8-51305437bdea
IM00000692,2024-09-14T07:51:29,W001,P00183,SHIP,-19,b0b85f87-3e24-4339-a700-02328607123e
IM00000693,2025-11-27T01:05:24,W017,P00016,SHIP,-25,55d6cbd9-792a-4717-84ad-5307ea44b3e4
IM00000694,2024-04-12T13:55:04,W001,P00447,SHIP,-5,aed04127-86a4-49aa-9767-a03d8a227cfa
IM00000695,2024-05-18T08:07:26,W014,P00217,TRANSFER_OUT,-29,eeab1a90-c8c1-4d85-bc77-423ad48f16c3
IM00000696,2024-02-04T23:02:05,W003,P00177,TRANSFER_IN,27,f59074fe-f152-46b7-b860-d0013c24fd11
IM00000697,2025-07-30T01:28:19,W011,P00374,TRANSFER_IN,33,d9d61847-4a34-44e4-9d33-3ab009becb26
IM00000698,2024-02-24T11:27:19,W005,P00055,TRANSFER_OUT,-40,7ce7df99-4082-498f-b127-da9aafe738bc
IM00000699,2025-10-16T08:12:56,W016,P00126,ADJUSTMENT,5,092ebe8d-9d45-4ef3-9f52-6ec43fc943ab
IM00000700,2024-03-25T22:04:39,W002,P00566,RECEIPT,11,ca515d87-8a63-4e67-8931-328253c36640
IM00000701,2024-12-07T07:17:59,W001,P00411,ADJUSTMENT,33,47ec5096-6dc5-4b5c-9055-6cc3d23b5064
IM00000702,2025-01-13T11:43:47,W013,P00377,SHIP,-13,2d8f2753-b45e-4359-8cd3-391807a5acd7
IM00000703,2025-03-28T18:52:45,W008,P00049,TRANSFER_OUT,-45,afb98257-1f03-4eb2-acfa-21321f980dd7
IM00000704,2024-11-03T01:33:28,W007,P00518,TRANSFER_OUT,-49,b39409ec-92a5-4fde-a72c-a1c358162a2c
IM00000705,2025-03-27T19:09:21,W012,P00534,TRANSFER_OUT,-32,ec14f3ac-a734-4d99-9291-aeb5160f872a
IM00000706,2024-01-27T21:48:33,W017,P00269,SHIP,-15,171d4483-7c83-42b7-a056-cac938e667c6
IM00000707,2024-07-16T08:47:05,W012,P00531,SHIP,-2,9d1db592-705b-45f3-9b11-456e3f2063a7
IM00000708,2025-07-18T09:45:48,W006,P00101,ADJUSTMENT,34,29e463de-eff0-4f75-93c8-192e7469a540
IM00000709,2024-01-06T17:41:56,W010,P00563,TRANSFER_OUT,-38,6ef827db-8e13-4b37-ac21-90d817f38cdb
IM00000710,2024-01-07T00:00:39,W003,P00304,SHIP,-48,d402b381-e7b8-443b-be68-d9728a9b8c78
IM00000711,2024-10-23T09:06:04,W001,P00418,TRANSFER_IN,36,9b112804-5ebc-45b1-9437-ec850f42d34e
IM00000712,2025-01-09T23:25:01,W011,P00300,TRANSFER_IN,8,bfbfc73b-cd48-47f3-b71c-58e11782205b
IM00000713,2025-07-12T12:03:16,W004,P00072,RECEIPT,14,4cf7c55f-b785-44c0-b0fc-ca1f9532130e
IM00000714,2024-02-13T21:46:02,W009,P00265,TRANSFER_IN,18,4a71081d-d6a1-4343-8231-b9347e1514c6
IM00000715,2025-09-03T16:41:20,W017,P00334,TRANSFER_OUT,-22,5ec8401a-f407-4045-ae93-27f5af4856aa
IM00000716,2024-11-25T06:22:49,W016,P00009,TRANSFER_IN,47,b53cedba-e0a3-4428-802d-e7d304cc6fb8
IM00000717,2025-10-21T12:58:30,W010,P00567,SHIP,-40,65444848-4752-43dd-bede-e7c798191cab
IM00000718,2025-11-13T23:29:15,W007,P00421,RECEIPT,46,f8c7d71d-06a4-4039-9b20-20928f18b84f
IM00000719,2025-10-04T08:54:07,W004,P00387,SHIP,-48,2c3175ca-e8d4-4e9b-adb6-8e33dc5e1b42
IM00000720,2024-02-28T15:35:02,W012,P00528,ADJUSTMENT,25,6225061f-3556-4651-8815-0b5dae7c8c17
IM00000721,2024-01-17T04:18:57,W002,P00562,SHIP,-11,4b090b50-d9e5-46d2-8722-290f8ed22b3d
IM00000722,2024-09-24T23:37:28,W005,P00211,RECEIPT,10,24e440c3-5435-4846-9071-3080816e8ac5
IM00000723,2025-03-25T23:30:29,W017,P00016,TRANSFER_IN,32,d2fc90f2-35d1-4ec4-9b1d-00fbedcbf9e0
IM00000724,2024-03-30T13:28:07,W016,P00293,TRANSFER_IN,2,5aded197-1eea-48a6-8c66-b3c228c2caf3
IM00000725,2024-09-18T22:03:41,W010,P00168,ADJUSTMENT,11,b2348547-ce09-43da-b46a-36f9b2d5a207
IM00000726,2025-09-17T08:18:58,W010,P00520,TRANSFER_OUT,-22,a5bf4fb9-a1a8-4816-ba39-95cfe4d33173
IM00000727,2026-01-27T10:26:57,W008,P00222,TRANSFER_IN,27,f6048ea9-575c-4f99-91ce-cfbe375adb68
IM00000728,2024-10-01T03:31:39,W006,P00547,RECEIPT,14,7a8d0e6b-806d-4a04-b922-411487ee02af
IM00000729,2024-09-06T11:59:19,W016,P00360,ADJUSTMENT,44,854cddd0-b7f0-4b1c-b7b8-525be2f5905c
IM00000730,2024-12-23T20:24:49,W010,P00040,RECEIPT,26,98eb1f0e-bf45-45af-93a7-38e448ab2305
IM00000731,2024-09-14T06:32:13,W013,P00443,TRANSFER_OUT,-37,23b247a2-21b7-4a7c-bddd-5f480a5608c5
IM00000732,2024-08-03T02:00:12,W011,P00576,SHIP,-26,862b9bc3-9170-4736-9370-429dc9e84c05
IM00000733,2025-09-27T10:51:50,W005,P00526,ADJUSTMENT,4,d6a0d110-2ce1-4499-8d00-c9019373d59a
IM00000734,2025-06-04T13:16:02,W006,P00206,RECEIPT,25,c6f34834-5638-4f16-9c1e-9f7c6f968b7d
IM00000735,2025-06-14T16:03:11,W002,P00425,ADJUSTMENT,42,3972cb12-2ef1-491a-ad3e-0afbff912eeb
IM00000736,2024-03-19T22:37:11,W012,P00498,RECEIPT,13,05946e0e-74d1-46cc-8a20-1e7d88b9d92f
IM00000737,2024-03-12T16:09:59,W003,P00151,TRANSFER_IN,44,fe869159-cd9b-42a0-9e79-7b7a1dac3097
IM00000738,2025-11-26T16:45:40,W012,P00408,TRANSFER_OUT,-28,74f5891b-e656-4d15-9f9a-8e74b032272e
IM00000739,2025-12-07T21:08:23,W002,P00396,ADJUSTMENT,5,19b99573-f7fd-46f9-b613-b9254eaf2119
IM00000740,2026-02-28T23:05:52,W014,P00415,ADJUSTMENT,18,877a932a-b881-435c-870e-3a0f15e735d0
IM00000741,2025-06-04T02:22:27,W015,P00445,TRANSFER_IN,16,cb828aec-bab8-4276-a29a-e7be1dd1f55d
IM00000742,2024-12-06T00:19:48,W010,P00167,SHIP,-45,519cdae2-55e8-4a4e-877a-33cf12b883ae
IM00000743,2025-06-13T11:26:19,W017,P00595,TRANSFER_IN,48,6a41bd7d-c929-40cf-9fe6-e988714f8944
IM00000744,2026-02-20T15:24:10,W017,P00239,TRANSFER_IN,14,7d06d0aa-a47f-47c0-85bf-1669c307f44d
IM00000745,2025-06-14T16:04:59,W002,P00312,TRANSFER_OUT,-16,e26b0635-bc6b-4a55-a438-f396e876873d
IM00000746,2024-10-25T22:27:17,W009,P00346,RECEIPT,19,0e897ebb-e70c-4edf-9caf-a9ccb9752061
IM00000747,2025-01-31T18:33:03,W007,P00594,TRANSFER_OUT,-4,3f94a41e-47db-47a2-bf91-ed69804872a5
IM00000748,2024-05-07T09:41:32,W007,P00027,TRANSFER_IN,8,12940755-12a3-4021-9097-2b87235cb506
IM00000749,2024-11-15T03:12:34,W005,P00587,SHIP,-23,3d8e1d57-b4dd-425d-a470-b1059e1f9b37
IM00000750,2024-01-10T18:15:59,W015,P00093,TRANSFER_OUT,-43,d014758f-d853-449c-8e50-4ff8403c7ca7
IM00000751,2025-06-05T04:18:15,W003,P00596,ADJUSTMENT,15,02f91016-7ad2-4e26-8f3f-ca6ceb41393f
IM00000752,2024-03-31T12:26:05,W004,P00102,SHIP,-29,e148d2c2-9309-40a6-be7b-4a0efc838cea
IM00000753,2024-08-09T21:16:15,W008,P00153,ADJUSTMENT,12,65790874-caf1-4568-9839-afad1cd09675
IM00000754,2025-11-15T03:54:28,W002,P00108,TRANSFER_IN,43,34deb20b-4a24-4c65-9f4e-adf2ea253564
IM00000755,2024-10-25T00:32:16,W011,P00353,TRANSFER_IN,4,ad55ffdb-7579-4b46-b121-7c665e08d5df
IM00000756,2024-03-25T23:39:46,W014,P00325,TRANSFER_IN,20,827d8250-30dd-45ab-a9a3-49c175e6c153
IM00000757,2025-08-31T11:27:47,W008,P00033,SHIP,-47,32eec233-5f64-4a9b-9eb1-71481546b367
IM00000758,2024-01-22T21:28:11,W016,P00021,TRANSFER_IN,4,22e14fef-e1c6-43cd-84c0-39ad84b93bf7
IM00000759,2025-07-27T13:21:14,W004,P00326,ADJUSTMENT,26,c4eb5cf6-5f41-4a43-99af-88e64df29521
IM00000760,2024-10-25T07:54:19,W013,P00452,ADJUSTMENT,38,ec0f3b69-997c-4ad6-a6f3-29c189f59f1e
IM00000761,2025-06-23T15:23:32,W015,P00553,TRANSFER_IN,49,b3ef7576-22a8-4fff-931e-b3759d34b24a
IM00000762,2025-03-28T07:46:31,W001,P00362,TRANSFER_IN,46,1db779df-ea46-48c9-b4c8-0445e2d17d4c
IM00000763,2024-10-26T01:03:39,W004,P00360,TRANSFER_OUT,-39,7f830897-6fd3-4970-a328-743483e57048
IM00000764,2024-11-28T07:15:06,W017,P00019,RECEIPT,7,534b6ce3-6a52-4bd2-92db-a9816e515d0d
IM00000765,2025-07-27T13:14:58,W002,P00092,TRANSFER_IN,1,accb8d40-fab7-4167-bc3a-c5d6307f12cc
IM00000766,2025-02-28T22:09:43,W011,P00249,TRANSFER_IN,40,222e18d4-dfc0-4403-9589-8eb03712c824
IM00000767,2025-05-13T00:32:43,W002,P00410,SHIP,-9,64642de3-5502-4e95-960d-c639d1994aae
IM00000768,2025-01-14T11:35:02,W011,P00064,TRANSFER_OUT,-11,64ecf317-1120-47bb-b989-7ea5454fd3c2
IM00000769,2024-06-01T05:34:13,W002,P00173,TRANSFER_OUT,-11,2cbf9920-1907-4b38-97d6-608f5c4bf4da
IM00000770,2025-06-24T12:15:00,W012,P00069,RECEIPT,36,eb3f68cb-eae1-4d8a-a6f4-e3aea886bda4
IM00000771,2025-03-02T09:57:47,W007,P00201,RECEIPT,13,e22260f6-6ba7-4925-8abd-ca9e195d71b0
IM00000772,2024-03-23T14:24:05,W002,P00262,RECEIPT,22,f1058689-2dd7-44f6-a62e-452aae57e9a1
IM00000773,2024-07-03T02:07:24,W009,P00514,RECEIPT,31,949d8628-71ab-44ff-831d-b753abab90fc
IM00000774,2025-09-13T02:58:51,W002,P00164,TRANSFER_OUT,-4,34262701-516e-46be-a0a5-c78bfc7a62a7
IM00000775,2025-01-07T15:20:50,W003,P00043,TRANSFER_IN,12,27b681b3-4a58-4652-ba15-820f913d4be2
IM00000776,2025-09-13T20:38:21,W010,P00403,TRANSFER_IN,34,421825ed-8238-4194-9e63-bed090ee9736
IM00000777,2024-10-26T15:48:04,W007,P00152,TRANSFER_IN,5,62820ef2-7aa6-457d-978a-f12e815820ea
IM00000778,2024-11-30T19:05:57,W009,P00141,TRANSFER_OUT,-16,dc884c35-ac69-41ec-8430-19641344a344
IM00000779,2024-04-06T08:55:00,W013,P00402,RECEIPT,29,9b0b2d4e-6b39-4b6b-be56-782ec61a4842
IM00000780,2024-07-13T14:17:05,W003,P00146,SHIP,-23,423a8160-75f6-41b1-be8f-6518165c2437
IM00000781,2024-02-23T15:27:06,W016,P00178,ADJUSTMENT,34,973b5798-b96a-4134-a1c7-4b261469445b
IM00000782,2025-02-12T14:01:35,W003,P00518,RECEIPT,26,990b61a8-dbb2-4a05-8201-df8e00d548a9
IM00000783,2024-02-03T13:10:31,W013,P00122,ADJUSTMENT,40,bfe69ca2-2765-4371-bb39-9a1870325aec
IM00000784,2025-07-23T21:19:04,W015,P00219,TRANSFER_IN,2,ad417b18-ff41-4c0e-8f39-29c2d7562b85
IM00000785,2024-06-28T10:22:36,W009,P00574,TRANSFER_IN,30,d8f518a5-d688-49dc-9425-b6e1595d8443
IM00000786,2024-07-17T13:44:22,W011,P00450,SHIP,-20,51a803f4-77ed-44da-8734-19cf69cce5d9
IM00000787,2025-10-30T17:27:41,W007,P00040,TRANSFER_IN,6,e4a22f10-b20f-4d03-adb4-fb7fe05c4ea4
IM00000788,2025-05-16T05:05:44,W004,P00517,TRANSFER_OUT,-12,af95be66-e0c6-4648-8d8e-de3f4f9ca0dc
IM00000789,2024-11-19T05:50:19,W005,P00357,ADJUSTMENT,45,0522cce9-b483-4da9-91a9-8ee0a59d40f7
IM00000790,2026-01-13T20:08:53,W004,P00351,TRANSFER_OUT,-36,d43c041d-70c7-4dc2-9b27-0b157689f09b
IM00000791,2025-06-29T10:27:58,W003,P00260,TRANSFER_OUT,-37,3ed8b5ef-389f-4479-8bd7-35ef50704312
IM00000792,2024-01-14T19:12:36,W017,P00147,RECEIPT,8,a99615bf-58f3-4049-9687-28e47b25cd14
IM00000793,2025-04-15T21:15:31,W004,P00202,TRANSFER_IN,24,6b2bc05b-b539-4db1-8248-73eef7c2860f
IM00000794,2024-07-24T16:41:30,W013,P00040,SHIP,-29,94055012-134e-4506-919a-9d95f1ac5051
IM00000795,2025-09-06T19:48:23,W004,P00272,SHIP,-17,50e91a1c-cc6b-438e-bb1d-cdb068722a92
IM00000796,2024-06-11T09:02:00,W011,P00257,ADJUSTMENT,4,e5f5b3eb-d38b-465f-8642-8513ae259012
IM00000797,2025-12-27T08:59:35,W012,P00240,RECEIPT,42,fba5e175-afd6-406c-a574-07b4ff328c23
IM00000798,2024-05-08T19:58:02,W012,P00033,SHIP,-29,29bb551c-aa9e-4fcc-8048-913351831bcb
IM00000799,2026-01-12T16:11:05,W017,P00048,RECEIPT,36,99393829-7f9f-480a-89d0-42ff8936a7e6
IM00000800,2024-01-13T13:50:46,W008,P00503,SHIP,-42,b0ef5971-5c89-4ac5-858d-bbbabc0b66e5
IM00000801,2024-11-06T08:17:31,W003,P00291,SHIP,-19,54e8e731-29c7-4a62-8b28-ea3df31b797e
IM00000802,2025-10-17T10:01:00,W013,P00044,RECEIPT,45,06813e80-ba79-498a-bc46-7783a7786e50
IM00000803,2025-12-02T17:42:54,W013,P00309,ADJUSTMENT,28,703ae708-cf96-4886-a39e-07d14d128376
IM00000804,2024-06-14T16:29:26,W010,P00089,RECEIPT,34,eda6018f-7bf6-4190-894b-f13ca1d41d6a
IM00000805,2025-12-18T21:07:46,W015,P00095,SHIP,-21,6c6357d2-0a33-48d0-9482-fa30bb53852f
IM00000806,2024-10-31T12:06:25,W008,P00378,RECEIPT,48,4cdbd94d-a47f-4e71-9708-3f4f9089f583
IM00000807,2025-06-02T09:26:58,W017,P00185,SHIP,-30,8bd7c74e-d816-4a80-b85b-3aa4066f301c
IM00000808,2024-09-21T15:53:26,W005,P00025,SHIP,-29,ea8495b1-9f72-4737-9737-69a2d89eff30
IM00000809,2025-05-19T03:11:47,W007,P00414,RECEIPT,49,6b94b9ff-8c06-464d-b5f7-27db9314a167
IM00000810,2024-12-21T09:44:24,W007,P00490,RECEIPT,19,8cbef555-e824-4948-9903-e3f916ee61f7
IM00000811,2025-02-22T15:14:13,W013,P00599,ADJUSTMENT,49,b446a3d3-0d24-448a-bd58-76ba09cdca6d
IM00000812,2025-03-28T05:18:02,W006,P00326,TRANSFER_IN,36,02e0a645-5668-4d72-9ef1-8127208744e8
IM00000813,2024-02-06T06:29:19,W011,P00429,TRANSFER_OUT,-17,5ae57f71-b828-4ccf-8834-2587d5df236d
IM00000814,2025-10-11T15:46:34,W011,P00488,TRANSFER_OUT,-16,e72d3f66-7934-4f58-b7b4-6c918bf45ea6
IM00000815,2025-07-28T08:56:35,W005,P00489,ADJUSTMENT,7,2c80a645-1d0c-4700-9d18-566a8e93b608
IM00000816,2024-06-03T22:56:12,W012,P00289,SHIP,-40,61169df1-3e7f-4ea6-b3ae-d01bb947a1f5
IM00000817,2024-06-19T14:19:48,W001,P00304,SHIP,-28,e7a9827c-2989-4454-ae70-25991a233c0e
IM00000818,2024-11-24T18:00:17,W006,P00246,TRANSFER_OUT,-8,94e53380-19d7-4588-89ed-374054ae46e0
IM00000819,2025-08-24T06:38:40,W009,P00425,TRANSFER_OUT,-5,ceb34657-9cda-48fd-ad11-d6f9c88127b9
IM00000820,2025-07-30T04:22:46,W010,P00404,TRANSFER_IN,35,f4e1d099-5b42-4e00-863c-d6ad9d5ee3ef
IM00000821,2025-09-07T22:16:48,W001,P00251,TRANSFER_IN,14,8af9ef45-9f79-4fff-b148-286c15ae36be
IM00000822,2025-03-05T01:35:59,W013,P00590,ADJUSTMENT,14,3bbf8372-9a9f-4fb4-b3d9-3e964fd9912d
IM00000823,2026-01-22T10:26:55,W017,P00500,TRANSFER_IN,32,aae14cfa-ec07-418d-bc07-0bfde21e3928
IM00000824,2025-01-10T21:21:11,W010,P00433,TRANSFER_OUT,-16,1178f072-bba6-47ad-b05b-21e8d15e914d
IM00000825,2025-06-20T13:05:43,W002,P00205,ADJUSTMENT,4,6c3a7291-cdd8-45cc-9fd1-d0f384db1345
IM00000826,2025-12-14T15:56:27,W009,P00261,SHIP,-46,99831722-ecb3-4533-a5bf-359818735839
IM00000827,2025-03-16T03:15:40,W001,P00204,TRANSFER_OUT,-33,cc2f2f9a-0906-42f3-b54a-c4cd340a7fe8
IM00000828,2024-12-19T11:55:57,W007,P00539,TRANSFER_IN,11,4a4cac2d-de4c-4573-9a34-e69e2d509873
IM00000829,2024-03-28T05:45:21,W017,P00582,TRANSFER_OUT,-43,9c15a01a-dc74-4e67-95eb-9b65f0e28272
IM00000830,2025-04-09T20:24:08,W013,P00424,TRANSFER_IN,10,966d954d-1b21-4046-af35-642e6720d21b
IM00000831,2024-06-05T03:25:39,W011,P00296,TRANSFER_IN,43,654cd575-71ec-441c-88ee-7e62c2cde9c0
IM00000832,2025-05-13T20:35:08,W016,P00250,RECEIPT,31,b7803777-75ef-4491-9eb5-6f2afe34c27e
IM00000833,2025-06-22T23:12:08,W001,P00305,ADJUSTMENT,19,2c5c0476-4fc8-4319-878c-6b9686af5a80
IM00000834,2024-03-10T15:35:31,W015,P00407,RECEIPT,43,0567a361-3c69-4888-b077-56b2ac475355
IM00000835,2025-11-21T12:55:47,W009,P00357,TRANSFER_OUT,-35,20bb0049-4851-4d6f-b5c8-b27873a1672d
IM00000836,2025-02-24T07:06:26,W009,P00099,TRANSFER_IN,14,545055c1-92f5-4372-884d-b6a8a5e2f63a
IM00000837,2024-03-01T05:35:16,W007,P00588,RECEIPT,24,0d454116-982c-4e92-a914-09b4b85a9f04
IM00000838,2024-08-04T05:28:47,W003,P00332,TRANSFER_OUT,-28,e7e604d9-1e14-409b-9634-f34aa6dca09f
IM00000839,2025-04-15T03:21:29,W010,P00291,SHIP,-48,9845cfc4-bc96-4354-bb59-9336b64abd7d
IM00000840,2025-09-17T12:11:27,W005,P00320,TRANSFER_IN,47,0f6a63d0-bbaf-4744-88f0-68e72aa1367a
IM00000841,2025-02-17T01:04:14,W010,P00419,TRANSFER_OUT,-36,6632f890-7018-422c-807c-ebb9a6b0d892
IM00000842,2025-05-04T19:31:52,W001,P00574,SHIP,-44,88fd45be-b9bf-473d-aa3d-d6a53d825da3
IM00000843,2024-03-21T22:12:32,W001,P00307,ADJUSTMENT,8,5301be21-c709-4aff-8998-c4aad3ee81b8
IM00000844,2024-02-12T11:34:19,W012,P00130,ADJUSTMENT,27,78dab2a1-bd07-4c5e-a7ca-0c99a1cfb132
IM00000845,2024-10-04T07:39:03,W001,P00254,ADJUSTMENT,38,d7f3532d-ad73-4b5e-8046-da9fb6ec9f19
IM00000846,2025-02-04T16:59:13,W015,P00024,TRANSFER_OUT,-20,f0c6c9f2-0b3f-4be0-b45b-80826e77a186
IM00000847,2024-12-19T04:05:12,W008,P00535,RECEIPT,26,a996a974-14e9-46b8-84bd-4a94a5bbb0f4
IM00000848,2025-10-05T21:07:35,W003,P00239,TRANSFER_OUT,-6,8ca71c47-09bc-49a2-b993-9662c32976a9
IM00000849,2024-11-07T07:30:51,W008,P00271,ADJUSTMENT,45,979a78e9-ac61-47dd-88f9-85a5a8c8af61
IM00000850,2025-01-09T05:59:26,W014,P00330,TRANSFER_IN,12,d0c464b2-a335-43d5-ba19-0ab8886ad294
IM00000851,2024-02-08T17:07:27,W014,P00246,SHIP,-27,2e5c4615-c894-4b2b-8e19-08c931fd8796
IM00000852,2025-05-20T21:16:58,W014,P00247,ADJUSTMENT,9,1158ab29-4847-4c7a-a530-ec69fb9c5b95
IM00000853,2025-11-05T22:12:07,W008,P00533,RECEIPT,17,13504fd9-91d8-4579-9e0e-8b0310644b64
IM00000854,2025-03-27T16:57:10,W017,P00171,ADJUSTMENT,17,f8f676b3-1256-4359-97f3-b63b9633eccc
IM00000855,2025-04-22T15:39:54,W005,P00596,SHIP,-38,ba733e6f-fdf7-4fec-bcf9-334da87ffbb6
IM00000856,2024-04-25T19:27:06,W015,P00591,TRANSFER_IN,35,ee692dc1-2dc0-4317-aa59-36c4a4ae350e
IM00000857,2024-04-23T12:59:33,W017,P00266,SHIP,-32,e7393220-fb10-4278-ac6a-efabe957e42e
IM00000858,2025-05-25T22:25:05,W009,P00199,RECEIPT,20,6baa743c-f63e-40d5-ae23-653c19c26a91
IM00000859,2025-09-07T17:05:46,W004,P00061,SHIP,-18,2c83ad46-51c4-4684-beb1-35c8d6b8613a
IM00000860,2025-09-07T12:09:07,W007,P00011,SHIP,-8,fa5bc29d-bf7f-4354-bc8b-c43a45b58f16
IM00000861,2025-09-05T20:14:27,W003,P00171,ADJUSTMENT,10,d6d7f771-6229-4b31-b359-14916135326b
IM00000862,2025-07-27T14:08:44,W001,P00416,ADJUSTMENT,42,5d5ac900-5cfc-4a57-ab32-3ed21a24adf7
IM00000863,2024-09-15T08:33:46,W012,P00533,RECEIPT,20,2e35f2a7-d950-4005-ade1-41a4a97f34ce
IM00000864,2025-10-19T08:45:25,W011,P00308,RECEIPT,10,da03878d-215e-40ff-9e79-14562d178150
IM00000865,2024-04-06T21:05:43,W003,P00101,SHIP,-47,868646ec-f474-4036-a712-34ff9a31cb0b
IM00000866,2025-04-12T03:06:18,W001,P00508,TRANSFER_OUT,-46,c08a19a1-1115-445f-ac52-78bb1bc37722
IM00000867,2026-02-26T18:43:15,W005,P00204,TRANSFER_OUT,-37,bfe0b9fb-d804-471b-990f-898d509a4d5b
IM00000868,2024-11-28T21:41:07,W009,P00353,SHIP,-28,6cde5c5f-6f1e-446f-8f27-0353bf872d1e
IM00000869,2024-09-08T21:37:22,W009,P00192,ADJUSTMENT,35,468ff2d8-d7fc-45fa-b180-50587920268a
IM00000870,2025-11-03T05:31:58,W016,P00347,ADJUSTMENT,10,b84e30f4-f8f7-4af5-8430-d87cf33aab98
IM00000871,2025-02-10T15:05:23,W011,P00059,TRANSFER_IN,1,578fb7ca-fb61-4ba1-8913-41ba4d63e84c
IM00000872,2025-09-02T19:47:04,W015,P00477,ADJUSTMENT,46,d1fffa84-f90b-4e1d-8078-ab144b9d016e
IM00000873,2025-01-19T21:42:49,W015,P00139,RECEIPT,49,133ae685-33b0-4594-8e66-7be44c77bfd5
IM00000874,2025-05-15T00:29:50,W006,P00280,TRANSFER_OUT,-11,1081a1c8-b471-4b1c-ab58-05614aa42301
IM00000875,2024-06-10T11:45:15,W006,P00059,ADJUSTMENT,11,b1af0a36-c59e-493d-a7cc-61d935d31f60
IM00000876,2024-07-31T07:23:42,W015,P00302,RECEIPT,2,de9df71b-2bde-45c7-a6e2-22f1d682e5f8
IM00000877,2025-05-30T12:39:45,W003,P00384,TRANSFER_OUT,-5,e659afc5-661b-4c6e-854f-cc5fccd91cfe
IM00000878,2024-02-20T02:57:23,W011,P00012,ADJUSTMENT,17,adf06c6e-1f72-4713-9419-3b429a4585e1
IM00000879,2024-05-29T13:17:36,W014,P00127,TRANSFER_IN,40,9430814b-c4f0-4fc7-be7b-2355125a80e8
IM00000880,2024-12-22T11:08:44,W014,P00140,RECEIPT,37,76fd8635-98a1-4eb3-93f5-9cffe66f9c83
IM00000881,2026-01-15T08:54:23,W002,P00441,TRANSFER_OUT,-46,55fe47a6-bd30-4f05-9586-e809898c5aac
IM00000882,2025-06-09T21:48:27,W001,P00427,ADJUSTMENT,40,161b1d7c-0597-4b58-8239-ab0a45ff4398
IM00000883,2025-05-21T23:01:26,W008,P00346,RECEIPT,24,7ceffc32-4aa1-427e-905e-beaff4cb0d63
IM00000884,2024-09-20T05:36:16,W002,P00178,TRANSFER_OUT,-33,9e28789d-d3c6-454d-b2e8-e98e87d3778c
IM00000885,2024-07-30T21:57:15,W009,P00391,ADJUSTMENT,5,41f18a28-94b8-4511-91bc-c5ffbc4040d0
IM00000886,2024-01-01T02:05:27,W015,P00172,ADJUSTMENT,12,788dc4d8-a9e7-4cfc-9291-4561d3ab25b3
IM00000887,2025-04-10T20:03:16,W010,P00549,TRANSFER_OUT,-30,1ce109fd-41f0-43c4-b6f9-6b317d96c559
IM00000888,2025-03-22T01:58:56,W014,P00307,RECEIPT,33,efebba63-62eb-49f8-b4a3-59332b566dec
IM00000889,2025-02-15T15:57:01,W012,P00508,RECEIPT,27,1b6fc4f5-6b43-4b52-9085-a25b091f3fa0
IM00000890,2024-09-23T18:33:56,W017,P00425,TRANSFER_OUT,-5,4a4156da-cb18-442a-b4e2-6c9f007d3a97
IM00000891,2024-03-24T18:30:32,W009,P00312,TRANSFER_IN,1,4ed7f5b0-0eb8-47f8-b558-321709c2d84c
IM00000892,2025-03-28T11:29:20,W007,P00127,ADJUSTMENT,32,65967590-953b-425c-a890-c9ea9d686e23
IM00000893,2025-12-10T10:17:16,W008,P00402,SHIP,-6,b916070f-be8d-440a-b456-9ef02ac5fc31
IM00000894,2024-07-03T14:18:12,W014,P00039,ADJUSTMENT,39,26e8e002-9cc9-43af-b8a7-7cf013073779
IM00000895,2024-06-07T14:45:09,W007,P00260,TRANSFER_IN,19,8a8ef711-b290-4803-8db1-78713bbd1238
IM00000896,2024-09-06T16:53:01,W015,P00139,TRANSFER_OUT,-8,2961e7de-5f65-4a76-ba4e-6c15e36dd1dd
IM00000897,2024-11-06T13:41:06,W010,P00165,RECEIPT,11,89c4d0cf-1a9f-4ee2-b8cd-3df01b9c8af9
IM00000898,2024-06-22T22:26:12,W008,P00280,RECEIPT,32,b2d8d13e-f278-4ec9-b7f3-214c7b5dc039
IM00000899,2025-11-04T00:44:46,W005,P00345,ADJUSTMENT,37,0c7ba052-e443-416e-9512-54149bff54e4
IM00000900,2026-01-10T03:58:01,W009,P00502,TRANSFER_OUT,-5,ed56b484-fcc7-4fac-9cd1-8ea6ea86266e
IM00000901,2025-02-04T08:43:57,W008,P00534,TRANSFER_OUT,-15,bf511768-030c-4ac3-8cdb-634ebbd052d3
IM00000902,2024-11-05T14:41:18,W017,P00568,ADJUSTMENT,5,44b15ae5-aeb1-47b1-a4c8-47be4245d9e5
IM00000903,2024-12-17T16:22:45,W006,P00588,RECEIPT,14,9213b7b6-e0dd-4180-80e0-9274048274b2
IM00000904,2024-04-27T11:19:06,W001,P00241,ADJUSTMENT,33,50b8a015-e777-427d-8e18-3a009c0cabe9
IM00000905,2024-08-01T19:14:45,W016,P00342,TRANSFER_IN,43,05fc9a78-d3ed-4f8f-b8a8-42d2ab0a17c1
IM00000906,2025-08-30T16:14:19,W014,P00468,SHIP,-2,6c3ce6ff-656f-4158-93e8-317bebca8a5f
IM00000907,2026-01-01T12:51:13,W001,P00515,TRANSFER_OUT,-24,46fbe67b-5688-4575-8a90-8575ebc35796
IM00000908,2025-03-16T08:19:12,W016,P00150,SHIP,-40,8bcc7f61-fd69-46d9-9709-0ffee180f5e7
IM00000909,2024-08-17T15:16:50,W010,P00061,RECEIPT,49,24c24db2-aa33-40af-8f22-cb49a2f994c3
IM00000910,2024-02-20T17:17:28,W014,P00420,TRANSFER_OUT,-14,1a8d4ec4-b098-45b5-abf9-a587998c0afa
IM00000911,2024-01-28T22:49:10,W008,P00384,RECEIPT,26,977e92e3-f815-4d4c-9569-78d3963237dc
IM00000912,2025-10-05T04:44:04,W003,P00040,TRANSFER_OUT,-8,cf77ac2a-0793-44f9-b231-289aad98e681
IM00000913,2024-09-10T08:50:24,W004,P00531,SHIP,-42,4bb280f2-de03-43d6-bc18-094057b77e84
IM00000914,2025-03-19T16:45:56,W005,P00442,ADJUSTMENT,47,e08622ae-5c0c-4a86-86cb-b8990825d7b6
IM00000915,2024-09-22T15:00:34,W017,P00572,TRANSFER_IN,27,dca71085-45e3-4d01-b6d8-12e5cbe87f01
IM00000916,2025-09-02T13:04:28,W012,P00124,RECEIPT,5,d6c955c3-d24c-4a40-9e58-4367d655aa8f
IM00000917,2024-12-10T00:33:04,W016,P00093,SHIP,-47,6971ee86-1617-4408-b0a1-d300d84f371b
IM00000918,2025-03-02T14:55:57,W013,P00053,TRANSFER_IN,48,367dd7b0-d2ea-45a7-a521-0296c2f5bcc8
IM00000919,2025-12-21T21:59:33,W010,P00515,TRANSFER_OUT,-37,77fc712b-b2d9-41d2-b794-40cf98c109d1
IM00000920,2025-07-14T18:29:40,W002,P00437,SHIP,-18,3fce1e4f-b081-401b-b41f-d73c61ec0cb5
IM00000921,2025-10-26T04:02:07,W015,P00488,RECEIPT,30,d1af1655-641d-42fa-a1ff-47b280ea629e
IM00000922,2025-12-30T16:06:17,W009,P00020,RECEIPT,14,f325c27f-a7db-461d-9d7f-d2045c888b70
IM00000923,2026-02-20T08:26:39,W007,P00434,ADJUSTMENT,23,5d3e7e73-74c4-424f-a294-3d5cf387375a
IM00000924,2025-12-16T21:07:04,W015,P00452,ADJUSTMENT,46,66229a93-00ad-4a3e-b6c8-79916fba0583
IM00000925,2024-09-28T02:07:59,W006,P00426,TRANSFER_IN,7,dee205f8-80ef-4add-8a03-b7d41a8fbd4d
IM00000926,2024-08-09T15:11:58,W016,P00006,ADJUSTMENT,1,767abdb2-e689-42db-ae77-c9c8bc0bdfba
IM00000927,2024-01-23T14:01:51,W009,P00124,RECEIPT,12,216aca1d-a91f-4056-8722-a0af5f4036f8
IM00000928,2025-09-12T01:35:25,W004,P00020,SHIP,-8,6b300487-3c17-4048-8168-a2220221b02f
IM00000929,2024-07-09T18:58:08,W002,P00414,TRANSFER_IN,40,46fcdfeb-cf5f-4822-a4c6-c52dc47cc196
IM00000930,2024-07-17T08:50:36,W002,P00111,TRANSFER_IN,23,d59e2f10-7e34-4d8b-a811-7e079a76c9b1
IM00000931,2024-06-16T13:48:30,W006,P00124,TRANSFER_IN,8,41153a97-362a-4c84-897c-0f3d0500e032
IM00000932,2026-01-23T16:53:48,W001,P00233,SHIP,-46,5513e842-0d64-4238-b9f6-b22a1a57f21b
IM00000933,2026-02-19T15:51:28,W012,P00367,TRANSFER_IN,44,94e9c931-2310-47d1-ae1a-dc5c30399168
IM00000934,2024-07-10T07:40:33,W002,P00451,SHIP,-6,58e3f8aa-775a-43ce-81cf-782913ca2083
IM00000935,2025-08-18T06:13:05,W005,P00090,TRANSFER_IN,40,b44cd1bd-16ce-4667-80df-a16a2d519f44
IM00000936,2024-08-19T15:56:45,W009,P00235,RECEIPT,30,8253556c-b063-4c61-973f-111b3a5d7688
IM00000937,2025-12-28T15:24:56,W013,P00036,TRANSFER_OUT,-7,a45605dd-ebb5-4dcc-a0ef-ae978ad346dd
IM00000938,2025-11-22T02:38:59,W017,P00117,SHIP,-27,c9d9aea8-8a0c-4e66-befc-7c8b726a82bc
IM00000939,2025-01-16T17:50:59,W004,P00561,ADJUSTMENT,34,47e63a80-7d1c-4ad0-a588-43423f6f8efd
IM00000940,2024-01-31T23:35:19,W008,P00508,TRANSFER_OUT,-25,c2c77f8a-9fc8-4996-945c-99ae6f5ec020
IM00000941,2025-04-30T07:08:33,W003,P00051,TRANSFER_IN,7,8d738e80-83f3-49ee-807a-cf54f275bd14
IM00000942,2025-07-29T09:24:07,W010,P00558,RECEIPT,25,c466c290-a0cf-4961-b5db-f4d0c4fb1166
IM00000943,2025-12-23T15:19:57,W001,P00018,SHIP,-3,4cbb2906-0d58-4eb1-adf7-1871993f3b03
IM00000944,2025-11-16T15:46:52,W006,P00481,SHIP,-46,11b6b39c-386b-4ade-8aaa-bf27531694ad
IM00000945,2025-07-26T03:53:07,W007,P00148,TRANSFER_OUT,-3,487db524-7077-465d-bd32-ee0aa225a957
IM00000946,2024-07-20T13:11:33,W014,P00479,SHIP,-4,b18ba9a4-1e35-49aa-944b-bde0eea94e3e
IM00000947,2025-10-04T07:28:17,W016,P00320,ADJUSTMENT,42,184d6081-3d8c-470c-b83f-2d05b7526637
IM00000948,2024-05-06T09:29:33,W003,P00357,TRANSFER_OUT,-27,044e4855-6be2-4790-a264-a2b57888ce81
IM00000949,2025-08-03T18:20:10,W007,P00284,TRANSFER_IN,43,73da05a2-ed02-4bf4-8ed2-e1197a364cb4
IM00000950,2025-03-04T16:32:02,W017,P00095,TRANSFER_IN,24,2cc7014e-f0c7-4e7b-be28-ecc07fca4967
IM00000951,2024-07-28T17:47:33,W008,P00483,RECEIPT,14,6b764a4e-5fd7-40de-ae71-ba4b8adb015d
IM00000952,2025-09-03T10:19:31,W011,P00417,TRANSFER_OUT,-7,293de37e-80bc-401f-9ce0-ff811ec7f364
IM00000953,2024-11-06T03:33:58,W001,P00407,ADJUSTMENT,23,ff20a98a-f1bc-4b27-ad20-cf6b8dde56c5
IM00000954,2024-06-23T09:02:28,W001,P00571,RECEIPT,16,4d0ec7b8-1e58-4358-8b8f-6d9a82d903a5
IM00000955,2025-06-08T03:33:17,W004,P00118,ADJUSTMENT,6,52964ec4-b117-473e-b53e-e5ae90fced43
IM00000956,2024-08-17T09:00:32,W009,P00141,TRANSFER_OUT,-2,8e3024d6-8e4b-4fb2-9be3-0cfcb24571a4
IM00000957,2025-10-23T21:19:38,W008,P00022,RECEIPT,22,5f0529a1-8e4a-4586-afe8-cfaea08d0d43
IM00000958,2025-02-10T01:03:23,W007,P00130,RECEIPT,13,e228b567-2f8c-4186-92a2-256b5e89a25a
IM00000959,2024-08-17T21:58:20,W013,P00130,ADJUSTMENT,22,6c3511d0-bfc8-4d71-afa0-fa84cf57ea0b
IM00000960,2025-09-14T01:07:48,W015,P00479,SHIP,-31,a56b2c8d-b433-4acd-8c32-a104732bc3f8
IM00000961,2024-08-27T22:46:57,W013,P00588,TRANSFER_OUT,-16,c55eacc4-c0fc-47a8-846e-77dc4778f699
IM00000962,2024-04-17T17:44:28,W003,P00583,RECEIPT,29,bf839307-53e0-434b-85ac-4d611d98a2d1
IM00000963,2025-07-12T14:27:23,W003,P00065,SHIP,-37,f36350f5-2f94-4d41-a378-529647318294
IM00000964,2025-12-31T00:58:28,W010,P00515,TRANSFER_OUT,-4,21cd3aec-e308-49c6-b856-233ebcc81f14
IM00000965,2025-04-25T10:36:08,W001,P00579,SHIP,-8,55805f72-5062-4c87-9bc3-ccd59b964d43
IM00000966,2025-05-13T19:38:26,W003,P00561,RECEIPT,23,1c1dca11-3a61-4da7-9b96-606fc4377f10
IM00000967,2025-03-19T22:13:04,W004,P00586,ADJUSTMENT,10,755c6c6a-f2e3-4677-9752-7f6639e131be
IM00000968,2025-12-17T11:07:08,W015,P00489,TRANSFER_OUT,-46,2f2c9ce8-ed94-472e-bbbc-3c9be7c246bd
IM00000969,2025-12-06T03:01:41,W010,P00295,ADJUSTMENT,30,e99c8eaa-adb8-4534-8bae-3fd4f0c48e2b
IM00000970,2025-06-08T10:14:04,W003,P00562,ADJUSTMENT,44,c0629338-a80d-420b-b11b-10931fdf7c0f
IM00000971,2024-01-23T17:45:35,W014,P00279,RECEIPT,46,8b4714b1-91fd-4102-ab6d-42f6bf56f768
IM00000972,2025-07-07T12:12:08,W016,P00348,TRANSFER_OUT,-29,44b732f4-a326-45f6-ac48-9bb741896549
IM00000973,2025-06-08T22:45:57,W004,P00087,ADJUSTMENT,41,1ee07f95-9a4a-4ea8-a760-08d9aeecbc41
IM00000974,2024-11-30T16:45:07,W009,P00452,ADJUSTMENT,6,5399561f-1bb0-4063-98de-0e4d260b08f7
IM00000975,2025-03-21T12:59:26,W015,P00103,TRANSFER_OUT,-26,c0ea5187-b6d8-41a4-ae7d-1da70d215641
IM00000976,2026-01-22T00:23:46,W017,P00047,SHIP,-25,58964e41-b296-4ee1-a271-50d9cffa6dc5
IM00000977,2026-01-11T17:07:30,W012,P00052,ADJUSTMENT,29,94dd6777-00ec-4bba-9698-b884016130b5
IM00000978,2024-08-27T15:55:35,W004,P00035,TRANSFER_OUT,-24,dd6ee21e-0768-4523-8fac-005fdc8c1c97
IM00000979,2025-12-16T02:57:51,W014,P00464,TRANSFER_OUT,-26,5d53dfab-189a-4e78-9e5b-643bcf5eb4bb
IM00000980,2026-01-22T14:32:03,W017,P00219,RECEIPT,39,b90b95d6-a42c-4668-b303-8355c0d113fb
IM00000981,2025-05-19T13:25:31,W006,P00543,RECEIPT,9,2da2e39d-c25f-47ca-b305-91091741dbb0
IM00000982,2024-09-05T19:59:19,W015,P00198,ADJUSTMENT,23,df7113d8-74e3-4759-b441-95391ca4fc8f
IM00000983,2025-09-17T20:17:27,W003,P00225,TRANSFER_IN,41,bd992e1d-f854-4178-8141-c2b94c0df059
IM00000984,2025-01-30T16:17:05,W007,P00177,RECEIPT,42,2cb2f42e-7784-4830-8729-82abc5cb3995
IM00000985,2025-12-02T04:37:22,W008,P00124,SHIP,-3,a22d3c62-bdd0-4239-b35b-6ba689fd9781
IM00000986,2025-07-06T00:20:25,W005,P00570,RECEIPT,28,ede99166-0a9f-4118-af29-efb1e3b9ce8a
IM00000987,2024-02-16T23:45:15,W002,P00507,ADJUSTMENT,3,e6db2fb4-e34b-4d36-a826-80b515779e7b
IM00000988,2026-02-25T02:28:22,W004,P00552,SHIP,-40,66ca3869-f12d-4b5b-91b8-145c96c25018
IM00000989,2024-06-02T05:32:04,W013,P00180,TRANSFER_OUT,-36,20893866-41b8-47d1-8567-7dc46437ad20
IM00000990,2024-01-27T04:02:54,W014,P00318,RECEIPT,24,b7b63077-b461-4946-8160-68048dd27839
IM00000991,2025-08-20T08:16:53,W013,P00592,TRANSFER_IN,19,505abf27-0165-4338-858b-814eef415c8f
IM00000992,2024-11-23T09:11:30,W013,P00352,RECEIPT,44,2603b8df-fece-437e-8762-ed62502aae83
IM00000993,2024-12-22T05:36:20,W005,P00371,ADJUSTMENT,24,289762d8-09b8-4775-8dd4-be499c914648
IM00000994,2024-10-29T14:48:37,W006,P00196,TRANSFER_IN,45,58190cde-2f27-4191-82d2-319aa0a4e426
IM00000995,2025-02-16T16:41:13,W009,P00450,RECEIPT,29,3b41251f-33ec-418f-80c9-76af36dd2d3a
IM00000996,2025-09-05T05:57:35,W015,P00071,SHIP,-28,437bfe36-f114-42f0-a3b7-3524338e776e
IM00000997,2024-04-05T23:22:37,W002,P00319,SHIP,-35,624ca0bb-0e6b-492f-8b09-4e7a16be400c
IM00000998,2024-01-12T00:37:17,W013,P00477,ADJUSTMENT,25,1cf40d04-88aa-493f-9145-68235281d036
IM00000999,2024-05-13T08:04:29,W007,P00328,SHIP,-6,cbf54618-847b-4aee-a55c-e0db26815f29
IM00001000,2024-02-10T10:59:05,W008,P00586,TRANSFER_OUT,-46,c738c077-f919-47e5-91a9-a08bcfc25a89
IM00001001,2024-11-09T06:19:40,W017,P00074,RECEIPT,17,7277b1c7-126c-410b-9e95-fea923d51cf6
IM00001002,2024-08-16T12:54:08,W007,P00347,TRANSFER_OUT,-20,0ea2de71-bd51-4707-9c1b-f011f81f89c2
IM00001003,2024-04-24T03:42:19,W006,P00472,RECEIPT,42,3411085f-f863-4b5f-b219-33e083f4b45b
IM00001004,2025-12-06T12:24:21,W005,P00168,ADJUSTMENT,38,9498c3ec-4542-44bc-a8de-03b7d9821da0
IM00001005,2024-03-05T01:37:03,W009,P00054,ADJUSTMENT,36,63c2130e-7b48-48d3-b8d1-447edfc3e798
IM00001006,2024-06-24T06:48:29,W010,P00188,ADJUSTMENT,1,4a36d9ac-b257-4809-b931-0a3d90934916
IM00001007,2025-12-24T12:06:28,W001,P00071,TRANSFER_IN,31,80496dc0-f71c-44b0-8779-d3dad37713f0
IM00001008,2025-06-10T00:23:59,W016,P00464,SHIP,-27,816d5b39-eb32-4569-8ea9-1e3d7c574059
IM00001009,2024-02-15T19:28:34,W016,P00127,ADJUSTMENT,29,41e20423-be01-473e-b921-d73fe77dbf26
IM00001010,2024-06-27T12:23:03,W015,P00098,ADJUSTMENT,39,dee16176-6c2f-4dc7-9226-392758878768
IM00001011,2025-04-16T06:47:10,W007,P00069,RECEIPT,32,4438ff20-e44c-4c18-9390-896b5c3a07c7
IM00001012,2024-08-30T02:17:59,W010,P00012,SHIP,-45,779f4666-3afe-4b33-803b-8bcf915c6e1f
IM00001013,2025-11-02T13:30:03,W015,P00034,ADJUSTMENT,40,ffde34a7-81df-4b5a-abf4-ad83c3dd99a2
IM00001014,2024-02-26T17:03:11,W004,P00132,ADJUSTMENT,5,09676da2-6b3f-4644-ac24-22795b5650db
IM00001015,2024-09-08T12:30:41,W012,P00041,TRANSFER_OUT,-43,26f3239f-7688-4afc-aec4-c0a7906e5ca3
IM00001016,2025-07-19T18:31:18,W011,P00532,SHIP,-19,37659b31-636d-498a-b185-1067d1c489d8
IM00001017,2024-06-18T10:13:58,W006,P00458,TRANSFER_OUT,-30,d59a0f57-5389-4157-b263-2644ba52f436
IM00001018,2026-01-22T18:59:52,W006,P00295,RECEIPT,20,4f893d5d-6004-4f39-9da0-f64bfe326ec4
IM00001019,2025-10-18T23:19:02,W010,P00357,ADJUSTMENT,31,530d67d1-eb74-4766-a75c-810c9de40654
IM00001020,2025-07-01T22:11:17,W014,P00021,RECEIPT,16,a2147ae9-cb4c-4271-863e-3636a37c8373
IM00001021,2024-05-27T20:12:34,W002,P00256,TRANSFER_OUT,-26,e2939f6b-a898-4f16-86ef-83a301096f34
IM00001022,2024-02-29T09:02:06,W012,P00413,TRANSFER_OUT,-14,d0fd2bdc-30b8-4774-8294-bcb7a0845f5a
IM00001023,2024-09-20T11:56:38,W016,P00491,RECEIPT,32,becf8cca-519d-42b0-a837-4d3fa4caf9df
IM00001024,2024-06-24T18:46:42,W008,P00508,SHIP,-9,cc2060a4-d53c-4a8f-a0ce-ad28b8aa251c
IM00001025,2026-01-06T01:40:29,W004,P00098,TRANSFER_OUT,-29,a3bc84de-c410-4e13-9153-795da5fdd45e
IM00001026,2025-08-22T12:13:57,W017,P00507,TRANSFER_OUT,-21,54d9d644-3f50-4daa-814b-6c6c401fe8c9
IM00001027,2025-05-06T01:23:46,W017,P00234,RECEIPT,43,6eb00a95-1d82-485d-b8b9-e8da26e02c5b
IM00001028,2024-01-21T10:55:13,W002,P00192,RECEIPT,24,9cb7612b-bc6e-42c6-8c02-3edbff3b5ae6
IM00001029,2026-02-12T01:18:13,W011,P00383,ADJUSTMENT,31,8d191121-e055-4f60-bc57-0fdf7063508a
IM00001030,2026-01-20T19:44:30,W014,P00235,TRANSFER_IN,12,d2f06c8a-5f2f-405b-aee5-b5cad1a36f72
IM00001031,2026-02-03T06:23:11,W011,P00568,SHIP,-15,3fd426d0-314c-4d8d-8c0e-2868246205f7
IM00001032,2025-12-16T22:59:37,W006,P00299,RECEIPT,7,b53b41d8-1736-4c67-8781-0e6a7f018955
IM00001033,2025-04-24T01:17:09,W002,P00360,TRANSFER_IN,48,47f879e2-35c6-4afc-86b4-cc54cb6dcd18
IM00001034,2025-01-22T19:04:33,W012,P00491,RECEIPT,32,70dbbd74-9ee6-47b9-a833-45632308de8b
IM00001035,2024-03-24T13:59:44,W001,P00401,SHIP,-34,fe5afb3f-2998-4989-b546-2215de7ba28f
IM00001036,2025-10-27T05:27:06,W001,P00420,SHIP,-45,bff3f4dd-79e8-4e89-be13-aa1e4dcb9c5e
IM00001037,2025-05-28T05:10:16,W004,P00478,TRANSFER_OUT,-14,d4d88eac-f3df-4f06-9f03-558ed6e559d1
IM00001038,2025-08-12T09:54:27,W006,P00328,RECEIPT,23,f0556bdb-3e51-479c-8f0b-a4c1c9022b4a
IM00001039,2025-05-17T17:00:44,W013,P00568,TRANSFER_IN,34,3ee78e96-0fa6-4629-b951-a497256f2d67
IM00001040,2024-08-31T07:33:03,W008,P00061,ADJUSTMENT,36,d05eae59-05c2-4a40-ab12-a077aa9f2a9d
IM00001041,2024-08-14T14:11:31,W007,P00490,TRANSFER_OUT,-47,352b9111-d56d-4273-942a-f84d986c74fb
IM00001042,2024-02-02T06:24:13,W010,P00463,ADJUSTMENT,23,34524e27-2daa-4b77-800d-22055e22915a
IM00001043,2024-08-17T18:11:03,W005,P00438,TRANSFER_OUT,-22,ec50ffee-aeb2-4792-895b-5435d5b386d9
IM00001044,2024-06-21T05:34:24,W001,P00096,RECEIPT,1,9a31415e-4e3d-4448-9a69-6616952cf473
IM00001045,2024-10-29T18:41:53,W015,P00124,SHIP,-30,97acf9cb-111b-4843-a65c-66c6f396fb6a
IM00001046,2024-03-29T04:34:24,W010,P00042,RECEIPT,36,cb8c09b0-b666-4a31-839a-a8669378f419
IM00001047,2024-10-25T23:31:00,W002,P00092,ADJUSTMENT,7,3164e6b3-9d7c-4887-af60-d82dd441c7e5
IM00001048,2024-07-30T20:50:14,W002,P00241,TRANSFER_IN,32,5a48775b-58b9-436c-bb2c-baa368154707
IM00001049,2025-09-15T01:47:30,W011,P00294,ADJUSTMENT,46,513155b5-25d5-4946-a235-3c9d8a571bd4
IM00001050,2026-01-31T15:29:34,W004,P00058,TRANSFER_IN,12,9d82a58d-3f72-4ab4-aa7e-a5c39533255c
IM00001051,2024-10-11T01:13:13,W002,P00218,SHIP,-25,6d108eca-060d-484b-b01e-7dccb80dc7e3
IM00001052,2025-02-03T00:49:32,W013,P00437,TRANSFER_IN,44,05b8ec25-e82d-43ce-bb1d-9ca4200f465d
IM00001053,2025-02-14T23:40:34,W015,P00106,TRANSFER_OUT,-20,0ac444ac-9ddc-4d40-aef0-106bac2e1aaa
IM00001054,2025-06-25T10:11:18,W015,P00483,TRANSFER_IN,9,55b24c37-fdbd-4cca-bd12-791ae7d12a5d
IM00001055,2024-05-25T07:14:56,W016,P00435,TRANSFER_OUT,-49,f2bea0c8-97f7-4a2b-ac44-31bb6750290e
IM00001056,2025-08-27T20:28:44,W006,P00148,SHIP,-31,a5fe829c-d7d8-42bb-9232-8f3b54f5a1b1
IM00001057,2025-02-14T16:09:35,W014,P00596,TRANSFER_OUT,-45,6ec0b609-6838-4fa0-8e02-826aaac7c725
IM00001058,2024-09-18T06:52:45,W016,P00011,TRANSFER_IN,1,282d36ce-8282-4d17-8903-0c9ea0451212
IM00001059,2025-07-11T06:47:59,W003,P00014,RECEIPT,19,14a8ef79-2547-4191-a350-899cf1d5660d
IM00001060,2024-07-18T13:22:52,W009,P00493,TRANSFER_OUT,-5,61d54df4-2bae-4c24-9ffd-4a21626e42be
IM00001061,2024-10-05T04:37:33,W007,P00269,TRANSFER_IN,43,df3063fb-9882-49e0-98bb-a37890a43fd5
IM00001062,2025-11-01T15:11:55,W006,P00073,TRANSFER_OUT,-8,c6a1b3a9-b5da-4470-b58a-1aebc192fde7
IM00001063,2024-04-24T01:22:58,W009,P00021,TRANSFER_OUT,-8,387bdb79-a34d-4c19-9f46-aee68a7d1146
IM00001064,2025-09-23T17:28:43,W011,P00306,TRANSFER_IN,36,438b7999-0d56-4187-bef2-12ca3065b34a
IM00001065,2024-02-11T10:56:52,W005,P00329,TRANSFER_IN,7,c80a73be-87e4-485a-b7d9-67827e359353
IM00001066,2025-08-11T19:09:42,W007,P00562,ADJUSTMENT,39,5f129ba5-54ef-4c93-bbac-cb15e07c8fdd
IM00001067,2025-05-19T04:34:04,W003,P00319,SHIP,-30,d932ccff-5764-40c0-828a-12c306a0ea82
IM00001068,2024-06-20T14:05:16,W015,P00233,SHIP,-17,cd0db4ff-0d44-4f44-be8f-a82feacd28b7
IM00001069,2024-06-22T14:28:50,W017,P00588,SHIP,-44,a19a262c-d3a3-43e6-9f1a-25e194769c7f
IM00001070,2024-09-16T10:46:20,W016,P00558,TRANSFER_IN,40,40d42c06-66e1-4b26-b555-1cb3a8fcec5d
IM00001071,2025-07-25T05:40:55,W006,P00182,RECEIPT,18,8a22d13d-671a-49a2-b5df-56c95881a970
IM00001072,2024-03-24T19:16:12,W005,P00354,SHIP,-27,f5fc951b-cb9b-44bd-99c8-4a85ab4312b7
IM00001073,2025-07-28T17:06:03,W007,P00029,TRANSFER_IN,13,bd80dbf1-9699-4da3-9ac7-fe6609786485
IM00001074,2024-07-24T04:15:35,W012,P00480,TRANSFER_OUT,-37,55788ba6-3750-467b-9979-be25d28cee10
IM00001075,2024-02-17T03:34:21,W003,P00178,ADJUSTMENT,13,a5633392-5ec7-4f2d-9a5b-661c83af7a94
IM00001076,2024-09-14T23:08:12,W008,P00344,TRANSFER_IN,2,f3a09f16-ec57-4dd9-bd4a-203442bd61a9
IM00001077,2024-05-18T09:47:46,W002,P00445,TRANSFER_IN,44,5abcf639-8006-4ef2-b4d2-6061a57ae841
IM00001078,2024-06-17T18:44:44,W008,P00197,SHIP,-33,52367fa2-554e-4047-93bf-2eeaeabc16da
IM00001079,2024-11-24T08:21:29,W016,P00216,ADJUSTMENT,42,d98cd0f8-3b62-4dec-b395-8d806dfaf1d0
IM00001080,2024-10-29T13:39:15,W015,P00004,TRANSFER_OUT,-48,4236bfcc-14b5-4650-89e4-44e4131b4925
IM00001081,2024-01-10T18:35:34,W003,P00348,RECEIPT,7,c8e3ce0c-4f4e-4c16-bd37-8137416a3aeb
IM00001082,2025-07-03T04:21:49,W004,P00232,RECEIPT,1,2a287f99-bfb7-4f83-8d5a-15bd6bc58b92
IM00001083,2024-11-26T20:28:35,W007,P00028,ADJUSTMENT,28,7bb9ea9e-0a85-4130-b579-4668b4b48529
IM00001084,2024-03-31T16:40:29,W010,P00002,SHIP,-14,3f82c785-517a-4a82-be02-765b7fb6596c
IM00001085,2025-04-29T04:01:41,W002,P00511,ADJUSTMENT,27,52e366bc-37fe-49d3-bd4e-5a34fbde6822
IM00001086,2024-03-05T01:01:42,W004,P00146,SHIP,-14,a75f5ef4-af09-495e-9606-9277e6885ee0
IM00001087,2024-03-29T04:57:40,W015,P00247,TRANSFER_IN,11,3380dbc8-a40c-40dc-abfb-7c693419d544
IM00001088,2025-03-17T12:41:00,W005,P00528,ADJUSTMENT,17,f6e9e955-5439-4661-8ace-139d1c9d9aee
IM00001089,2024-08-20T00:36:02,W009,P00312,TRANSFER_IN,41,5414c4be-cfba-4cf4-b799-4e862bdfc759
IM00001090,2025-01-21T15:17:41,W004,P00570,TRANSFER_IN,22,5f1bdace-8ed0-4d28-8edd-f736238555b5
IM00001091,2025-07-14T13:19:49,W008,P00458,TRANSFER_IN,31,768dc434-cf29-4016-b41c-c9ed7ee9fd3b
IM00001092,2026-01-08T17:00:07,W003,P00013,RECEIPT,18,cf2a3692-48df-4062-bc2d-d09857fb7099
IM00001093,2024-02-09T15:03:02,W013,P00211,ADJUSTMENT,14,fc3b15f5-52f5-4cb1-9fbd-a18544f576f1
IM00001094,2025-09-30T23:20:52,W017,P00284,TRANSFER_OUT,-15,ddc37220-44f4-4401-8275-8117f9ffc5e2
IM00001095,2025-07-11T08:09:29,W017,P00221,SHIP,-45,ea1f2e80-1ca7-4c52-bbb2-09ef144a6248
IM00001096,2025-10-22T07:06:09,W013,P00533,SHIP,-43,8d3276bb-04d5-4e0e-9d61-ccaa1479c5c1
IM00001097,2025-10-27T17:26:56,W014,P00367,ADJUSTMENT,24,d50a36c7-cee7-4f50-b9fd-9d460ddd8ee1
IM00001098,2026-01-17T22:17:27,W007,P00574,TRANSFER_IN,45,05a98d57-1317-4453-8a51-14dcc7939cb9
IM00001099,2025-07-22T04:36:30,W011,P00412,TRANSFER_OUT,-15,b690c625-261a-4ae8-905d-133938e009f1
IM00001100,2025-09-19T06:44:30,W005,P00181,TRANSFER_IN,10,40fca121-9307-4783-b816-c159a412bda8
IM00001101,2024-04-24T10:13:54,W014,P00445,SHIP,-10,d470f810-047b-4991-b094-c6c278094fad
IM00001102,2025-05-31T23:12:15,W003,P00242,SHIP,-5,f32b913c-cb2f-48c1-9e7a-cd4893384e2f
IM00001103,2025-08-22T17:16:22,W003,P00205,ADJUSTMENT,35,ee55a9f1-1ec6-4b2b-bbc3-0caf93454554
IM00001104,2024-02-23T03:34:36,W003,P00518,TRANSFER_IN,44,bd1da250-1990-49ad-9227-c5e52d7994bd
IM00001105,2026-02-21T21:54:51,W005,P00458,TRANSFER_IN,30,1d98c564-dc2a-4f69-9202-b1d159430f67
IM00001106,2025-12-30T02:43:54,W014,P00418,ADJUSTMENT,29,0b211ea4-e412-454b-b3e9-782524512421
IM00001107,2025-01-11T16:50:20,W007,P00488,TRANSFER_OUT,-4,1c6cd498-475a-4afb-ba59-50ab6f9cccd9
IM00001108,2024-09-27T15:15:08,W001,P00544,RECEIPT,6,1f041fc6-43a8-4dbc-9d67-b289c6781849
IM00001109,2026-01-30T00:30:44,W008,P00217,SHIP,-2,151ec1af-7048-4af8-a2eb-02db857a0ca5
IM00001110,2024-07-19T19:38:48,W003,P00061,SHIP,-41,40983a31-649f-4987-8fb9-e23ed8b1f607
IM00001111,2024-12-07T02:02:47,W015,P00418,TRANSFER_IN,46,62ea3ef3-2473-4537-98f0-bce41180cb47
IM00001112,2025-04-08T13:43:39,W004,P00322,TRANSFER_IN,40,a1bb5652-9aea-4df0-8770-981a52369225
IM00001113,2026-02-08T01:50:44,W007,P00330,ADJUSTMENT,33,4e088da3-34e9-44a0-acdf-d7393364350d
IM00001114,2025-02-26T09:35:58,W002,P00491,RECEIPT,5,84b65708-5948-4114-b9e5-bfa5f7bbdc25
IM00001115,2025-03-04T20:53:18,W014,P00034,RECEIPT,34,87290de2-7b87-4743-a9b9-2311a3e22790
IM00001116,2024-10-01T21:31:42,W001,P00468,RECEIPT,31,a3bb70a8-1467-4d28-8dd6-c015ace1fb74
IM00001117,2025-02-25T23:30:10,W005,P00297,RECEIPT,4,e42d3dec-21bc-47e7-8a12-7f095ca4ad1d
IM00001118,2024-05-12T17:37:29,W002,P00429,ADJUSTMENT,1,4b2e42e4-6fa5-4d24-a9a1-d7f81da059f2
IM00001119,2025-02-25T18:59:22,W016,P00372,TRANSFER_OUT,-41,b0cfdb30-0f0c-4bdd-8d9e-8d7ae82c10a6
IM00001120,2026-01-08T13:12:32,W007,P00236,TRANSFER_OUT,-31,974dc6d3-586f-4aba-bec8-c2fa68282021
IM00001121,2025-02-07T08:06:01,W016,P00437,SHIP,-9,8ba12c78-848a-4c99-b398-efbbca2716e4
IM00001122,2025-05-26T04:48:10,W015,P00357,RECEIPT,38,616094b0-0cec-44c5-a589-a49eee6daf63
IM00001123,2025-09-03T09:08:54,W003,P00359,ADJUSTMENT,9,ed554bd0-8db9-4ad1-bd45-525ed5743433
IM00001124,2025-08-03T05:51:03,W012,P00129,TRANSFER_IN,20,345497d5-1743-497b-a0f4-8bc1965913cd
IM00001125,2024-10-25T23:13:29,W004,P00332,ADJUSTMENT,28,54a8b8fd-a9ca-46e8-a961-e0a93c8fc3f0
IM00001126,2024-04-04T22:05:55,W001,P00139,ADJUSTMENT,48,64c8be4e-c59c-43f4-bc38-414d4ca7776d
IM00001127,2024-08-01T20:27:05,W016,P00502,ADJUSTMENT,33,3d92b728-6a60-40d2-9a02-33e0d37f7d26
IM00001128,2025-08-28T04:40:46,W003,P00036,SHIP,-28,d4693a00-5edd-41ae-8566-42629f65d83c
IM00001129,2024-08-31T05:00:51,W017,P00511,SHIP,-45,4a7f5cf7-0c18-4b7d-8640-e7569c60032f
IM00001130,2025-12-17T23:59:35,W004,P00151,SHIP,-32,9d83e25e-1b78-4f73-8600-0b02276ec1b1
IM00001131,2024-05-29T16:35:19,W014,P00203,TRANSFER_IN,33,9a0baa69-f427-4b26-b772-2cfa28d4d01b
IM00001132,2025-09-13T07:59:53,W002,P00530,SHIP,-23,7dbb3a17-6b2c-407a-9c3d-b7b11cf7079c
IM00001133,2024-06-11T22:31:34,W009,P00376,TRANSFER_IN,17,7503a485-0c49-4485-862b-22c68df3d742
IM00001134,2024-03-20T18:48:49,W008,P00194,TRANSFER_IN,44,0b2de141-99a2-4d1c-a819-37807aa6fa6f
IM00001135,2025-10-30T12:40:27,W001,P00158,TRANSFER_OUT,-27,526ceb5b-2048-4a82-ab7b-cb2c35b402b7
IM00001136,2024-12-09T17:23:21,W003,P00149,RECEIPT,34,5181aeb3-be96-41f4-911e-9802c10cfee5
IM00001137,2024-02-28T09:19:14,W002,P00368,RECEIPT,33,a77b173c-efef-48c9-8507-b4d2c17ce026
IM00001138,2025-01-28T11:37:03,W008,P00178,SHIP,-32,3dbf3b21-85cd-4b0c-8e02-9c7c89ba9d09
IM00001139,2025-01-18T09:32:40,W003,P00417,RECEIPT,4,9bb2135b-e527-456e-9c29-e4dba475038b
IM00001140,2025-12-10T18:36:35,W015,P00572,ADJUSTMENT,16,1f15e63b-ec85-4519-927b-e1a7864a3e1d
IM00001141,2024-03-18T04:39:48,W011,P00123,SHIP,-27,1833b2eb-34bc-477e-9506-9932bfa44cc3
IM00001142,2025-10-12T03:31:07,W015,P00140,TRANSFER_OUT,-12,d8d0d565-b830-4c06-8854-ca26a9296c99
IM00001143,2024-12-22T21:49:30,W013,P00086,TRANSFER_OUT,-45,82d0aa22-fe6d-4670-a805-eb6fb582eac8
IM00001144,2024-06-10T09:07:24,W001,P00131,RECEIPT,47,5ca8acfc-db96-40a9-a3ae-4ebca36b7ad4
IM00001145,2025-07-13T07:09:06,W005,P00089,TRANSFER_IN,17,fd2a7b4b-62ac-4566-9598-3016f7ca8fd2
IM00001146,2025-02-27T23:09:17,W007,P00338,TRANSFER_OUT,-10,b768b6e1-be39-4478-a860-57e43d3e4d01
IM00001147,2024-04-21T17:06:27,W013,P00360,TRANSFER_IN,25,30e166f4-7217-4d1c-a76a-86b6cdb13efb
IM00001148,2025-10-31T22:53:28,W009,P00484,ADJUSTMENT,27,eeaab77b-3ae6-4f08-bde5-038337f45e83
IM00001149,2024-05-11T07:30:44,W009,P00429,RECEIPT,18,01cc2078-2049-413d-8ff0-c2ade3e0dcf5
IM00001150,2025-04-30T11:15:35,W006,P00379,SHIP,-46,562faa59-8a01-4117-aa6f-6ef29d8a3556
IM00001151,2025-12-12T12:14:04,W007,P00310,SHIP,-27,5aa1d83d-a008-4975-a90d-ecc56fb3d121
IM00001152,2024-02-13T22:53:16,W006,P00191,TRANSFER_IN,10,bede8579-e1bf-4655-9aa5-7281235c1439
IM00001153,2024-05-30T09:15:37,W010,P00028,SHIP,-17,184f9907-233e-492c-9a57-09b4b4cb549c
IM00001154,2025-12-22T05:45:43,W004,P00178,SHIP,-30,d3eb32a3-34f9-42ae-af0d-e7e0f90117c0
IM00001155,2024-02-04T01:18:41,W002,P00561,RECEIPT,14,c110aa38-0bfd-48b9-9c3b-3b29d163d29f
IM00001156,2025-11-30T07:04:06,W008,P00496,TRANSFER_OUT,-41,e6a807c7-7c18-401b-897b-1868e689ecbc
IM00001157,2024-05-21T21:50:51,W016,P00185,RECEIPT,18,b187f76c-8a29-41b9-ab35-ef4790f08baf
IM00001158,2024-11-14T18:05:03,W009,P00096,TRANSFER_OUT,-40,57931cd6-c520-43a1-ad02-ae6fd0eb8ddf
IM00001159,2025-06-19T17:36:46,W007,P00124,RECEIPT,28,4a3616e8-f8e8-40e8-91df-651e9eaace06
IM00001160,2025-11-19T09:26:37,W016,P00276,TRANSFER_IN,12,b1bf96f1-ddce-43bb-89ce-dd1f1581aeb6
IM00001161,2024-11-10T19:08:33,W003,P00327,TRANSFER_OUT,-9,d64b03f5-de9c-4786-b624-b100061d654e
IM00001162,2024-08-31T16:25:47,W008,P00244,TRANSFER_OUT,-38,7373cb3f-0e21-4c5a-9b84-d9cc9611d3e4
IM00001163,2024-07-07T16:18:11,W007,P00368,TRANSFER_OUT,-34,ba240711-48fc-4973-b3eb-31cea0f379a8
IM00001164,2025-10-10T02:49:11,W011,P00040,SHIP,-12,455532f7-3e88-4910-b3df-8c019efd5fc0
IM00001165,2026-01-05T23:14:22,W008,P00374,TRANSFER_IN,24,bd1e6f11-6229-4e60-92c7-8838d8981a8d
IM00001166,2024-05-28T08:56:34,W002,P00306,SHIP,-11,6b04c2ce-e10f-464c-b661-fc5d1a036bb6
IM00001167,2025-10-26T20:41:29,W017,P00322,ADJUSTMENT,48,1634ff8e-c460-40d1-a2c1-22552ead3035
IM00001168,2024-09-29T09:56:37,W009,P00129,TRANSFER_OUT,-4,fd70cd57-c700-4f40-8385-5f0c11f8fe4f
IM00001169,2026-01-08T21:16:03,W007,P00559,SHIP,-18,e089f638-a6d2-4620-8f31-99195c7855ae
IM00001170,2026-02-26T04:28:41,W010,P00131,ADJUSTMENT,30,9cb503f3-7b4d-4bcf-a60b-abd4ec546aea
IM00001171,2024-04-15T07:33:27,W012,P00437,RECEIPT,42,6202017c-328a-421f-9b59-27bf0cf092eb
IM00001172,2024-12-13T10:47:28,W002,P00461,RECEIPT,31,1a9d4673-d483-4a7c-b72d-b0812ba7515c
IM00001173,2025-09-10T08:45:20,W011,P00020,TRANSFER_IN,27,582dd49b-40e0-4926-9dbe-78c40ec7adf6
IM00001174,2024-07-05T09:13:00,W001,P00469,TRANSFER_OUT,-28,a9430d1c-a719-42f7-ad82-5b7402358818
IM00001175,2025-06-20T02:49:44,W017,P00278,TRANSFER_IN,4,6e16d8b7-9dfc-4a59-ad49-7f82bf49a2ef
IM00001176,2025-03-09T09:48:17,W004,P00427,RECEIPT,41,a56c2c02-b9dc-4942-afda-cb39502df58a
IM00001177,2026-01-31T01:54:01,W010,P00461,SHIP,-34,d6b683f4-97cd-44d4-a607-bbb81b84ebec
IM00001178,2025-09-04T01:15:38,W017,P00457,TRANSFER_IN,48,5d0e27c4-0dbd-4ace-9e3f-6e50842b5d97
IM00001179,2024-09-19T04:48:53,W004,P00191,SHIP,-29,10719820-08bb-433a-b167-fd0c844643f4
IM00001180,2025-10-16T05:25:29,W004,P00538,ADJUSTMENT,37,d41a40c4-d0f3-4126-8f25-d596d1d66f37
IM00001181,2024-07-28T03:33:55,W012,P00142,TRANSFER_IN,31,59431764-6fbc-4b77-8224-0e691240a4e1
IM00001182,2024-04-22T22:54:35,W006,P00499,TRANSFER_IN,5,8728daf6-aa2f-4f2c-9d98-520aef136aaa
IM00001183,2024-05-02T00:06:02,W006,P00208,ADJUSTMENT,22,117ab733-0a13-446d-afea-f3b790f6614d
IM00001184,2025-04-25T19:24:02,W006,P00146,ADJUSTMENT,29,4e2dbbee-a218-4249-8dc0-7a94d6729f98
IM00001185,2025-01-04T19:31:10,W013,P00200,ADJUSTMENT,41,faf026cf-ee23-4128-9dc2-8793fdbdd4b1
IM00001186,2025-08-16T20:01:29,W017,P00502,SHIP,-48,bbbcf932-6450-46e7-a8a4-40d353d3fc82
IM00001187,2024-07-07T02:53:43,W002,P00356,RECEIPT,26,c75125f0-42e5-4d1c-a1a3-0caaa5dd4e80
IM00001188,2024-11-06T05:46:35,W010,P00106,SHIP,-35,0d13acc4-4d71-4c7c-965e-47ed22c8d6d1
IM00001189,2026-02-16T09:39:44,W008,P00303,TRANSFER_IN,33,7bc064e3-5658-41e1-a3d9-258822e67ff2
IM00001190,2024-07-02T14:04:49,W012,P00161,ADJUSTMENT,34,a32762c7-4111-4ce9-b615-575b6cf1c607
IM00001191,2024-07-23T06:33:42,W001,P00494,TRANSFER_OUT,-25,e3fab9b2-1b0f-4a14-a817-8946e839592a
IM00001192,2024-10-04T23:33:42,W006,P00351,TRANSFER_IN,45,e96c5ac9-96a0-4af1-a667-2af99b31ac3a
IM00001193,2025-08-18T19:46:14,W001,P00152,SHIP,-30,bda0665d-eb2c-4c1c-845a-6fb623461433
IM00001194,2025-11-02T19:34:55,W002,P00238,TRANSFER_OUT,-18,bb17dbf5-a138-4ccb-b2d5-a3837ce5d4a2
IM00001195,2024-01-22T09:48:37,W012,P00128,TRANSFER_OUT,-9,b7fe8bf4-d035-4914-8f11-76125be85ca7
IM00001196,2024-11-18T22:44:20,W008,P00303,TRANSFER_OUT,-8,955c2ba8-ee76-428d-8250-352beaf945bf
IM00001197,2024-03-16T21:53:28,W003,P00150,TRANSFER_IN,8,b0feedb5-4b7e-49cc-84ac-21cee985c03b
IM00001198,2025-04-23T09:53:49,W006,P00080,TRANSFER_IN,18,fd7ded16-e2d6-410b-936b-868c744129e0
IM00001199,2024-03-19T03:30:28,W015,P00480,SHIP,-5,cf28d0fe-33bc-4143-9b39-7212e0394bcc
IM00001200,2025-10-11T00:28:12,W001,P00172,TRANSFER_OUT,-44,fa714e95-5333-4c7a-b60a-d64afe186fae
IM00001201,2025-12-11T22:16:39,W007,P00020,TRANSFER_IN,39,1cb819e4-bfdb-4779-9288-edac8019e8f0
IM00001202,2024-05-14T05:57:49,W008,P00226,RECEIPT,21,7b9c6dda-3ab2-43c4-8937-2c5429c75341
IM00001203,2024-08-21T21:19:43,W004,P00511,RECEIPT,29,f1760a82-020f-4304-b716-5096fb5a82d9
IM00001204,2025-08-09T20:19:08,W010,P00264,ADJUSTMENT,45,bada4461-1462-4a39-a61b-e23ebcd4d26d
IM00001205,2025-05-23T09:07:51,W001,P00120,TRANSFER_OUT,-24,2bfd6afa-ab06-4aac-b550-003ce9f3888e
IM00001206,2024-07-31T03:07:20,W017,P00106,SHIP,-29,a18eb6a7-1484-4d1c-b6cf-bb610168dba5
IM00001207,2025-07-19T04:27:55,W009,P00189,TRANSFER_IN,47,58f4bb16-e969-4b86-a60d-1ef05a903ae8
IM00001208,2025-05-03T09:59:47,W010,P00003,TRANSFER_OUT,-36,ceeb7fc4-aa17-4275-8cba-92b2cd6cd165
IM00001209,2024-01-17T00:56:29,W016,P00334,TRANSFER_OUT,-47,9c944a56-39b9-42ee-8db9-88c686ba25ad
IM00001210,2024-05-23T12:41:34,W011,P00292,TRANSFER_IN,5,4fdd169a-ce58-44ef-b6d1-ccc53703044e
IM00001211,2025-02-19T14:08:50,W004,P00406,ADJUSTMENT,47,f50820c3-e04f-49b9-b972-deee24c23d8f
IM00001212,2024-10-05T01:00:13,W012,P00495,ADJUSTMENT,20,77f28e61-7725-4a84-8710-8964387af76b
IM00001213,2024-10-26T13:39:10,W006,P00057,TRANSFER_OUT,-4,2017cf1e-b9ce-4a82-85ca-08710735d6c7
IM00001214,2024-09-05T11:19:55,W008,P00259,TRANSFER_OUT,-49,a717211c-4f25-42af-8430-fc6d1b4369b5
IM00001215,2024-04-02T18:56:18,W007,P00514,ADJUSTMENT,22,97891d55-0ca9-4bf1-b3b6-472dbf157f07
IM00001216,2025-11-06T16:31:48,W004,P00251,SHIP,-47,a6ecf293-777b-4672-bbfe-e28a3bd171bb
IM00001217,2024-12-10T18:44:47,W008,P00218,TRANSFER_IN,8,b991b9e5-b6f5-45b1-aa3d-51a7477e7198
IM00001218,2025-12-29T02:12:55,W006,P00328,RECEIPT,36,cf94dd60-cfb4-4183-b3ba-49cc5d41e05d
IM00001219,2024-07-18T06:52:59,W006,P00293,RECEIPT,40,f220133c-c1af-44fb-9bd7-33c2da4f25ac
IM00001220,2024-09-09T19:27:34,W003,P00198,ADJUSTMENT,27,3eb8843e-ad2f-4aae-9793-63419f5579da
IM00001221,2026-01-02T07:47:08,W008,P00589,ADJUSTMENT,33,0df604b7-bc6a-442f-8508-73e1812c2087
IM00001222,2024-04-26T23:25:09,W002,P00182,SHIP,-33,5db69207-1d25-496f-935b-4ba11fc3514f
IM00001223,2024-05-06T21:09:24,W015,P00066,RECEIPT,1,b45d4bc2-72dc-4068-ba89-5e61ad2b26b6
IM00001224,2024-04-03T01:59:54,W011,P00285,RECEIPT,29,eb21c4c8-bc38-4e9a-b45a-42dc79886308
IM00001225,2024-03-18T23:04:17,W016,P00500,RECEIPT,39,3be1e2b0-19e8-469d-8d10-f7c35c46ad66
IM00001226,2024-12-07T20:42:15,W013,P00590,TRANSFER_OUT,-16,dfad38f5-e422-4082-84e7-c2629ee2541e
IM00001227,2025-04-08T22:14:46,W002,P00063,TRANSFER_IN,42,3615ece8-7331-4c88-9059-7838dd9c8827
IM00001228,2025-01-01T08:44:46,W017,P00388,SHIP,-23,04f8a86f-8cd7-47fb-ac24-27108cc209e2
IM00001229,2024-08-14T20:24:58,W004,P00324,ADJUSTMENT,26,5d400dc7-c849-4cce-8ac4-70af00997cc7
IM00001230,2025-02-25T18:00:31,W011,P00281,TRANSFER_IN,32,de252fe3-4418-45a3-b523-384177eb77e5
IM00001231,2024-09-22T05:55:53,W003,P00388,SHIP,-47,a3465cef-cf97-4c05-af62-7ceeb747cd00
IM00001232,2025-03-03T06:50:17,W005,P00411,ADJUSTMENT,22,6375fc13-d804-4c05-a56e-0e1bc6271b6a
IM00001233,2024-02-18T13:04:35,W016,P00459,ADJUSTMENT,48,eccdfd44-3fe8-4a21-8b9e-6b22c6ab5fc6
IM00001234,2025-01-27T23:48:09,W014,P00569,SHIP,-40,1482f023-0066-4a17-a860-e1fc034b3ea9
IM00001235,2024-06-11T07:39:34,W015,P00084,TRANSFER_OUT,-41,deae7e36-fd9c-486d-943e-1d7df05b2172
IM00001236,2025-08-19T08:59:18,W007,P00113,SHIP,-36,7ac55ceb-d5d8-4eaa-867b-213db73737df
IM00001237,2025-12-01T08:53:32,W004,P00285,TRANSFER_IN,8,dad226b4-3fd4-492d-9dd7-c4cda6c7e11a
IM00001238,2025-04-27T04:29:16,W012,P00157,ADJUSTMENT,48,83f5f1d8-cc84-4915-b6ae-5484f1f6f461
IM00001239,2024-08-13T10:12:49,W014,P00253,TRANSFER_OUT,-26,2a956cd5-eec8-46b6-9a61-4eb7ce7396eb
IM00001240,2024-06-01T23:43:39,W005,P00123,SHIP,-42,4ebf52c8-9510-4b5b-9c86-f6efe2827d89
IM00001241,2024-08-07T14:51:34,W011,P00336,ADJUSTMENT,17,fca1b7d7-175a-40f8-99f9-daee5ea6153e
IM00001242,2024-09-19T14:51:45,W007,P00428,RECEIPT,49,ae3aea10-4697-4a87-920d-1f24bd8b44b3
IM00001243,2025-05-13T21:17:21,W006,P00194,ADJUSTMENT,47,a80e0619-974c-419a-ab9e-997295330474
IM00001244,2024-10-16T00:59:30,W002,P00581,ADJUSTMENT,37,f87bba63-9de3-45a2-af27-7b528a9a9a3a
IM00001245,2024-03-25T14:10:12,W012,P00023,RECEIPT,38,31ac55c3-014d-4bce-ace5-b25d5b8a9528
IM00001246,2025-12-12T13:39:15,W016,P00204,ADJUSTMENT,8,3302f5b2-1868-4fc4-b180-df10ad382179
IM00001247,2025-02-13T10:04:48,W014,P00479,TRANSFER_OUT,-5,a70d8194-40a9-4666-ad27-e643bcccc251
IM00001248,2024-07-03T04:27:57,W006,P00553,TRANSFER_OUT,-32,89626a48-69e3-4d98-a2fd-e00266c0e4b3
IM00001249,2024-08-06T03:36:27,W014,P00357,SHIP,-11,6426bd65-ff08-43a4-a6d1-03eb83d1f021
IM00001250,2024-09-03T09:34:54,W007,P00578,TRANSFER_OUT,-11,a98b539d-434a-4a06-85ec-857b8f38e52b
IM00001251,2025-06-04T13:42:06,W006,P00591,RECEIPT,37,7616773e-7556-46ef-9a85-6b593543046e
IM00001252,2024-03-25T22:55:23,W002,P00153,TRANSFER_IN,7,76df14b4-1f92-46d4-9bbe-dde24a780b78
IM00001253,2025-06-21T09:08:24,W017,P00282,TRANSFER_OUT,-10,e8f36388-cd78-4d23-9e9f-90832a9a9ac5
IM00001254,2025-04-20T05:25:16,W011,P00381,TRANSFER_OUT,-42,7f86adfc-f015-46d1-b187-5ff02c1b458e
IM00001255,2026-02-12T16:27:33,W004,P00515,ADJUSTMENT,37,9d3ee292-f5b0-4fec-9c1a-a68f3193a16c
IM00001256,2024-01-17T12:17:00,W009,P00078,SHIP,-24,6165a966-ebac-4199-83cf-0c7e421293bf
IM00001257,2024-03-05T03:38:47,W003,P00072,RECEIPT,1,f6200d07-b472-4a93-81dd-654652847693
IM00001258,2024-03-13T10:06:17,W015,P00124,TRANSFER_IN,46,e3c3450b-12f2-410d-a939-0a0d14e57195
IM00001259,2025-08-25T14:53:48,W016,P00440,SHIP,-48,06ac2a95-ab08-4c84-8098-8aca290ba8b4
IM00001260,2024-07-21T04:45:50,W015,P00202,TRANSFER_IN,45,1935cf07-8f8f-4677-8e5a-cafc22b4c448
IM00001261,2026-02-14T04:07:57,W007,P00235,RECEIPT,10,78538275-a666-42cf-bdad-d4bb9b391ed7
IM00001262,2024-05-12T20:35:02,W007,P00523,SHIP,-22,c2d3cd54-5cf9-4544-99d4-41ff454676df
IM00001263,2024-01-23T10:50:12,W010,P00264,SHIP,-27,1ccb6a55-6477-4b91-a735-e06f1d73e699
IM00001264,2025-07-25T23:35:01,W010,P00235,TRANSFER_IN,35,ed37934e-5525-45a1-9b65-f1670d2aaad1
IM00001265,2024-12-08T10:20:12,W008,P00183,SHIP,-4,0315195a-727b-4fdd-956b-be5f7ecac617
IM00001266,2025-11-07T09:48:48,W010,P00346,TRANSFER_OUT,-22,0ca804f7-3587-40d9-aad9-c32f94fedf36
IM00001267,2025-01-16T05:02:26,W014,P00314,ADJUSTMENT,38,65de93d5-ed30-4d45-a03c-94ea66205cdc
IM00001268,2026-01-18T05:01:56,W002,P00355,RECEIPT,41,ff607a0e-83d5-4a23-83c0-747f6f0e035b
IM00001269,2024-12-22T05:27:12,W001,P00180,RECEIPT,6,1b3871e1-17c4-413c-a988-f02b14845206
IM00001270,2025-04-03T03:00:02,W010,P00501,TRANSFER_OUT,-13,b4301ddd-055a-4156-89a4-91f27d2d9ba6
IM00001271,2024-11-29T08:40:10,W007,P00188,TRANSFER_OUT,-3,dcc34b9d-561e-4603-9a04-53b6bebb3bb0
IM00001272,2024-08-05T01:55:40,W002,P00109,SHIP,-39,2133f250-a518-491b-b0ab-59e0867aaea7
IM00001273,2025-01-14T06:11:29,W012,P00467,RECEIPT,41,8dc048fa-cd93-43ff-828f-54cb44db6f8c
IM00001274,2025-03-11T09:32:36,W001,P00541,TRANSFER_OUT,-11,4aeb2ce8-f058-4f09-8916-c86f7debe69a
IM00001275,2025-05-04T01:00:18,W005,P00567,RECEIPT,35,e4091fe8-be1b-4a42-a3da-ae5e5eca08de
IM00001276,2024-06-18T00:33:23,W004,P00020,TRANSFER_IN,46,024820a2-ec29-4077-af12-b94426890a31
IM00001277,2025-02-14T04:04:47,W002,P00308,ADJUSTMENT,3,fa0ec833-685e-42cf-a133-3efd67ed86f9
IM00001278,2024-06-09T18:36:14,W008,P00396,SHIP,-34,35afd7aa-49cb-4e85-9e61-fad2a9dbd32b
IM00001279,2025-06-24T21:37:45,W006,P00309,RECEIPT,38,f1539e45-4eb2-4a8d-8139-4a3ebe2d72f2
IM00001280,2024-02-13T17:53:04,W004,P00179,TRANSFER_IN,17,95867feb-1af2-4840-bf9f-cdad6cee4f06
IM00001281,2025-04-12T20:28:43,W013,P00374,TRANSFER_OUT,-30,eb8c23b6-4ead-4bc9-868c-17b353fcba0d
IM00001282,2025-08-20T19:44:21,W013,P00201,RECEIPT,49,c8ebb920-8437-46b2-ba72-4bf2484ed175
IM00001283,2025-03-04T18:10:40,W005,P00202,ADJUSTMENT,15,6635007f-7d58-4827-9148-087d2966abb2
IM00001284,2024-02-20T18:42:47,W009,P00091,RECEIPT,4,daa723a0-e86f-487b-824b-bf9a362e0cf8
IM00001285,2025-09-30T01:04:01,W001,P00043,ADJUSTMENT,45,5ad416e1-e85d-4c72-989d-6a14b34d5229
IM00001286,2024-09-17T12:29:28,W006,P00424,ADJUSTMENT,1,a2fa2636-a27c-4d17-b5ce-7e391cbe70f0
IM00001287,2024-08-28T18:28:53,W013,P00218,TRANSFER_IN,24,c4038c88-b175-4fcb-8c45-002a48cca360
IM00001288,2024-12-07T00:38:03,W007,P00533,ADJUSTMENT,41,b1b42458-0098-4fad-8c80-d891edb644cd
IM00001289,2024-01-26T17:21:53,W009,P00011,TRANSFER_OUT,-7,04a6f9ef-90e0-481d-90e2-4d7ecdfaf498
IM00001290,2025-10-14T17:13:12,W015,P00244,RECEIPT,12,e6ef74ad-bd84-4d1a-be19-4fae66e98f3c
IM00001291,2024-03-31T23:21:59,W011,P00088,SHIP,-2,90967792-b329-4360-965e-82d1e91175d9
IM00001292,2024-05-07T12:30:30,W012,P00009,ADJUSTMENT,21,dfa57987-19b7-4310-be59-43f4be0a5092
IM00001293,2025-10-07T11:39:48,W005,P00049,RECEIPT,9,45e1ffa0-1015-44e7-a97c-a1d3793ca0e5
IM00001294,2025-04-19T18:33:05,W013,P00330,SHIP,-19,d7249857-40cc-4b94-96da-a6d8a441e856
IM00001295,2024-01-26T21:36:24,W001,P00196,ADJUSTMENT,36,edb5d01d-f4c9-4b0c-aedc-0650baa6ea2e
IM00001296,2024-12-01T22:17:49,W007,P00592,TRANSFER_IN,6,03083cfe-ffc5-41b7-a513-7215def0e94f
IM00001297,2024-04-08T12:06:31,W011,P00022,ADJUSTMENT,12,c64e84ad-d66f-474f-9548-c22510fb8709
IM00001298,2024-08-29T03:33:09,W008,P00536,TRANSFER_IN,42,7e5daadb-f2e5-41ae-8622-8523eb226bc8
IM00001299,2024-12-24T01:23:51,W016,P00543,TRANSFER_IN,26,ffc86304-569a-41ba-98c3-3127bc769d8d
IM00001300,2025-06-15T03:17:20,W008,P00599,SHIP,-46,51402895-710d-4832-a61e-efe8dd1b6771
IM00001301,2026-01-15T01:18:10,W001,P00164,SHIP,-43,1bccb59e-6af9-49ca-bb11-b6f1e7ef17d8
IM00001302,2024-12-09T10:40:33,W015,P00288,RECEIPT,38,42180cf3-64f1-4480-af06-2027fc6d00c8
IM00001303,2025-10-23T15:59:00,W012,P00164,RECEIPT,14,37f441e9-01c6-482c-9fc7-daa33096d9e3
IM00001304,2025-03-04T07:23:54,W001,P00028,TRANSFER_IN,32,da1198c1-b341-43e6-8ec1-cc2daa3c8031
IM00001305,2024-08-18T07:43:24,W008,P00498,TRANSFER_OUT,-4,c991e6ab-97d4-4d20-ad13-dcbacf21cf9d
IM00001306,2025-03-10T08:27:45,W017,P00501,SHIP,-25,cee5d433-b9e7-417c-8e45-83fc5d66bf72
IM00001307,2025-08-21T14:29:11,W003,P00350,SHIP,-22,1101efc0-bd53-41e8-87a4-930fcebca825
IM00001308,2024-07-09T07:32:55,W016,P00133,SHIP,-1,d0612de0-503d-4f1a-b8d0-eb5a43c7df1d
IM00001309,2025-02-16T06:26:55,W009,P00166,ADJUSTMENT,10,6b287e69-885f-419e-b3ed-85fad698f432
IM00001310,2025-01-17T23:15:21,W011,P00496,SHIP,-13,6eec62d9-1c9a-49fe-9695-25595d7b5eab
IM00001311,2024-05-03T16:14:54,W013,P00491,TRANSFER_OUT,-38,f5aa3f6d-2fbe-4c85-b198-fa11d649d9d0
IM00001312,2026-01-17T20:22:14,W011,P00387,TRANSFER_OUT,-39,a52cb979-2c79-48b5-b99b-0628236031ca
IM00001313,2025-02-04T00:59:32,W013,P00257,TRANSFER_IN,16,1d7ae0de-4e0d-4e7a-bc73-247e8c8a78a3
IM00001314,2025-05-19T01:56:55,W003,P00327,SHIP,-19,f73b54b4-06b8-4c71-85c2-7fcb2c3a8821
IM00001315,2024-02-07T04:46:19,W003,P00440,TRANSFER_OUT,-37,d09436b8-37de-4e37-9d4f-1442a75ee960
IM00001316,2024-03-30T16:13:55,W016,P00545,RECEIPT,34,678a7723-01a4-4398-8f5f-77f585cc8529
IM00001317,2024-02-25T14:14:11,W015,P00033,SHIP,-30,8409fa2b-24c9-428b-9746-4d5cb4dd6f10
IM00001318,2026-01-02T08:24:07,W001,P00441,TRANSFER_OUT,-37,259aa322-43ad-4af2-8a30-aab36b4cffd5
IM00001319,2025-11-19T22:09:53,W006,P00281,TRANSFER_IN,24,e9d58f06-60f7-4511-858c-5fbf31ae987b
IM00001320,2024-05-27T18:22:33,W014,P00488,TRANSFER_OUT,-15,039b62a1-1119-4070-99d8-b66adb072a98
IM00001321,2025-05-07T17:36:13,W010,P00229,TRANSFER_IN,4,f48bcad5-ea6d-4733-8fde-cda3758c14d9
IM00001322,2024-12-23T16:58:16,W012,P00373,TRANSFER_OUT,-9,fcdf3d71-25f4-4d25-933f-694b86ddf659
IM00001323,2024-01-20T13:05:50,W006,P00043,SHIP,-2,d96df71e-ddd8-4d6a-8428-a95f1292590f
IM00001324,2024-04-07T07:26:46,W010,P00237,SHIP,-31,17161005-100e-4764-998a-3f2b325ab38c
IM00001325,2025-06-11T07:01:59,W008,P00174,SHIP,-8,2644fec0-e5cd-4a61-8594-cc3005c0409c
IM00001326,2024-06-21T01:07:20,W017,P00436,ADJUSTMENT,14,6d8757ee-f988-4beb-bae0-d0b2586000fa
IM00001327,2025-05-10T05:21:16,W016,P00278,TRANSFER_IN,18,b7400c1d-7f8e-4ecc-b62f-fadc9b1845a9
IM00001328,2025-05-18T15:48:22,W010,P00210,ADJUSTMENT,17,2f75b74e-2237-4403-ba7f-22fcf4672b42
IM00001329,2025-07-26T19:38:45,W007,P00543,TRANSFER_OUT,-9,e95150ad-f6be-47b2-ab3f-2b9d8511ded2
IM00001330,2025-01-18T22:26:12,W007,P00063,ADJUSTMENT,4,6aef9dcc-967f-49fa-a919-8305aed36ad6
IM00001331,2024-03-06T14:59:36,W001,P00522,RECEIPT,13,19cca99f-0c1c-404c-86c5-6dbdaf9e77a5
IM00001332,2024-10-02T11:50:58,W005,P00537,ADJUSTMENT,22,926030cd-4eab-43ac-85d0-5a6a5d71151a
IM00001333,2025-04-11T06:32:40,W007,P00309,TRANSFER_IN,8,15d8f433-5330-4ed9-8a86-b08f6632a319
IM00001334,2025-08-18T08:15:12,W011,P00553,ADJUSTMENT,44,06de0591-c968-4d69-b20d-7582174c0f04
IM00001335,2024-11-17T07:46:33,W011,P00294,RECEIPT,12,3c142f5d-2fb8-4231-a113-7139e77f697f
IM00001336,2024-02-23T10:34:27,W017,P00149,TRANSFER_OUT,-28,f1f20439-4129-4d73-b7a8-b78f02594940
IM00001337,2025-10-30T13:59:47,W004,P00153,TRANSFER_OUT,-48,9dac78ae-773d-4f96-9bb7-4914e4b7f417
IM00001338,2025-01-17T17:57:33,W014,P00121,SHIP,-20,93364c5a-2ab0-462e-be6b-8ceb73597970
IM00001339,2024-09-04T15:13:26,W005,P00490,TRANSFER_IN,46,9bf4d314-b3e7-4715-9c9e-a3ac35b3c82d
IM00001340,2024-09-04T19:05:32,W016,P00217,RECEIPT,47,edb7ba71-4110-44c4-8aa0-6c3750149891
IM00001341,2024-02-17T17:02:07,W016,P00468,RECEIPT,21,1b539195-8216-403c-92d4-93855af53c4d
IM00001342,2024-05-04T13:12:55,W015,P00103,TRANSFER_IN,15,83b26c41-a917-44bf-af0b-769ee7a17426
IM00001343,2024-02-01T17:10:41,W014,P00131,SHIP,-45,ac5518fe-abc4-4222-bd35-55574f78373c
IM00001344,2025-11-27T11:48:42,W008,P00505,ADJUSTMENT,11,5e0d2346-ff18-458e-a2cf-dcb5bf21d407
IM00001345,2025-09-11T14:21:43,W004,P00057,ADJUSTMENT,48,e77ba92c-bf85-4b54-b7e1-45880d2b2bc4
IM00001346,2024-06-09T23:14:49,W015,P00501,SHIP,-14,aeec45af-7e79-4696-84ec-97412c8fc28a
IM00001347,2025-08-02T01:48:31,W017,P00263,TRANSFER_OUT,-36,bdd69813-9224-4d70-806b-fc83db7d2adf
IM00001348,2024-10-06T22:04:13,W008,P00558,SHIP,-9,ddccabdb-bd4c-482d-9a47-2ad7c072bba3
IM00001349,2025-02-03T17:07:31,W002,P00158,RECEIPT,15,701003a3-707a-4baa-a754-4203bd49b129
IM00001350,2025-12-16T06:15:00,W010,P00483,TRANSFER_OUT,-19,7b2d1aaa-e3de-40b7-8a90-5144ea71030b
IM00001351,2025-09-22T06:26:17,W015,P00337,TRANSFER_OUT,-20,1c4fc91d-5623-4bd3-89e0-131321a8b926
IM00001352,2024-01-23T21:13:54,W005,P00351,ADJUSTMENT,26,45dbf361-e87c-4bd0-ad64-ddef3e0e8032
IM00001353,2025-10-27T07:54:10,W005,P00077,RECEIPT,4,e8ef1f74-edbf-4716-9233-86ca58644c7a
IM00001354,2025-12-02T14:06:05,W004,P00145,RECEIPT,3,41c95d5a-f4d8-416c-a254-6e57948fcbb6
IM00001355,2024-12-12T01:10:56,W001,P00221,SHIP,-45,1062969c-67f4-402b-9028-becb1404c38d
IM00001356,2025-01-15T22:43:21,W008,P00300,SHIP,-47,16588c5a-09f8-46cc-a8d4-bff2af4c3120
IM00001357,2024-03-21T16:54:22,W012,P00569,SHIP,-41,559adbdd-876e-42fb-ac03-baf62bb62ccc
IM00001358,2025-02-27T09:52:31,W008,P00060,RECEIPT,48,63a48db4-a498-4bdc-afbd-d3669e1c14fe
IM00001359,2025-07-12T22:25:14,W017,P00096,ADJUSTMENT,29,cfc2cc9a-00d1-47a7-921f-5938804b419d
IM00001360,2024-10-25T10:30:46,W016,P00324,ADJUSTMENT,41,5c115843-bb66-4266-90c2-4ef40c445f9f
IM00001361,2025-02-14T21:43:42,W004,P00537,SHIP,-22,33c2c09a-80ee-4f3c-88d4-d93c086bab33
IM00001362,2024-03-17T00:44:29,W015,P00205,ADJUSTMENT,17,4eb269e8-01c5-4adc-8299-792d97a815fd
IM00001363,2024-04-19T23:34:29,W016,P00225,RECEIPT,15,98e01464-a372-444a-b476-c7f62888907f
IM00001364,2024-08-11T22:23:35,W004,P00061,TRANSFER_IN,2,3cdd3753-3cab-4f15-a4de-bff380fb4a5f
IM00001365,2025-05-07T16:52:51,W014,P00397,ADJUSTMENT,40,79e23aab-6e6d-481a-97fb-08ab8216483f
IM00001366,2024-06-16T04:52:14,W001,P00153,SHIP,-16,7a6895b9-b4df-4262-8057-bc60eea93653
IM00001367,2025-07-13T04:19:46,W004,P00292,ADJUSTMENT,2,114c3ca2-5fd5-455e-9255-1a1810e8501f
IM00001368,2024-09-29T07:11:07,W001,P00179,TRANSFER_OUT,-10,568287b7-9141-4f90-808a-58e74f0aa1e5
IM00001369,2026-02-01T06:30:34,W012,P00537,TRANSFER_OUT,-30,58375637-7954-4c63-89a5-1ab3fe33a6ca
IM00001370,2026-02-21T17:49:29,W014,P00296,TRANSFER_IN,38,024fce14-efc8-4917-82f6-a4776d491ec0
IM00001371,2024-11-29T12:11:12,W005,P00103,ADJUSTMENT,13,a66af203-1b0f-4b6b-b205-64baf8bb2575
IM00001372,2025-04-06T08:53:31,W015,P00156,TRANSFER_OUT,-17,21b2add5-20d8-4f3f-9847-b44ef080a102
IM00001373,2024-05-22T09:51:08,W014,P00527,TRANSFER_OUT,-28,f154e4b4-cd4a-4613-93c5-62069bcc420c
IM00001374,2026-01-13T07:55:52,W008,P00097,ADJUSTMENT,32,b6b62cf4-d54f-4d31-895a-6158764b1f0e
IM00001375,2024-07-13T01:16:29,W003,P00587,ADJUSTMENT,43,43d0df6a-a5bd-49f1-9c49-9e0ade0e50e7
IM00001376,2025-03-19T23:14:49,W012,P00010,TRANSFER_IN,23,ff37c7bb-079f-455c-97f1-21628cfcf7f1
IM00001377,2025-12-19T17:49:04,W013,P00085,TRANSFER_IN,21,930f5eaf-2998-4b44-880c-53a6bf2c8646
IM00001378,2026-02-11T02:55:42,W012,P00112,TRANSFER_OUT,-8,6af736ad-f4b0-40ee-922b-daf83523f42e
IM00001379,2024-03-16T07:03:12,W011,P00086,TRANSFER_IN,28,6293f673-0d53-4271-8bed-5d0c0a0be7a7
IM00001380,2026-02-12T21:13:55,W009,P00471,RECEIPT,9,f01936ae-4950-4958-8d46-89ce5e780de7
IM00001381,2025-02-03T13:25:34,W003,P00270,SHIP,-29,b6583c29-4adc-4153-a00c-0f9e9d53459e
IM00001382,2025-03-11T05:37:52,W007,P00180,TRANSFER_OUT,-36,6813d60f-124a-4485-af26-1c9ea50b717a
IM00001383,2026-01-04T05:52:48,W016,P00468,TRANSFER_IN,21,e418aec9-ba3b-4ebe-8a11-ae2f169f743a
IM00001384,2024-07-12T19:10:07,W003,P00381,RECEIPT,30,c98e5741-7a95-4ac9-a304-f2096f2bfed1
IM00001385,2024-03-11T01:16:33,W016,P00304,ADJUSTMENT,40,c8bc883f-84ba-4536-beb3-7c0581dff5d2
IM00001386,2025-02-28T02:55:05,W003,P00353,TRANSFER_IN,22,187b761d-b19e-4762-988b-f72de4a137f7
IM00001387,2024-02-03T17:41:01,W014,P00166,SHIP,-3,24f00d86-cf0e-4662-9f16-a450c0e20229
IM00001388,2024-08-27T01:10:40,W012,P00223,SHIP,-35,94285c33-b83f-4204-9482-df20376ddf3e
IM00001389,2024-06-11T21:07:16,W013,P00128,SHIP,-49,4ddedf56-af6b-4174-868c-a2c19c33ecf9
IM00001390,2024-08-07T06:17:17,W002,P00448,RECEIPT,6,94eaf85f-9be6-48b4-9af8-e82cdb2a6d5f
IM00001391,2024-10-16T01:15:52,W006,P00107,TRANSFER_IN,21,02b50ccd-36a9-4d4b-85f6-8d4bce4baf63
IM00001392,2024-01-07T13:08:12,W016,P00320,SHIP,-9,42e0b5fb-35b5-4dd1-99dc-f20fd45901b3
IM00001393,2025-06-17T09:22:47,W003,P00357,TRANSFER_OUT,-40,dffb9bca-308c-492f-90df-4e6267cf064a
IM00001394,2025-03-29T22:21:54,W012,P00492,TRANSFER_OUT,-6,209dc2fa-bd7f-4148-abcf-c5f9992334e6
IM00001395,2024-05-25T12:38:20,W005,P00175,SHIP,-32,4de549a5-d360-4377-acd7-98358b8ff90c
IM00001396,2025-11-21T23:18:34,W014,P00014,TRANSFER_OUT,-26,aca2a337-bbf5-472e-a300-d1e3ec834b85
IM00001397,2024-03-12T09:13:49,W010,P00123,SHIP,-45,1b1918d7-b137-41a7-95d3-2faaafc56a6f
IM00001398,2026-01-23T18:17:02,W005,P00218,ADJUSTMENT,25,44bc807d-131c-4380-a938-92af7126b223
IM00001399,2024-10-12T07:13:46,W003,P00539,TRANSFER_IN,27,d4a26884-60ec-4352-a299-5c3889415386
IM00001400,2024-06-21T11:55:37,W011,P00385,TRANSFER_OUT,-10,53ab0b09-0bd5-4e60-a4c9-fc0c405aee81
IM00001401,2024-05-27T01:19:39,W007,P00175,TRANSFER_IN,49,d8e8366f-65f1-496d-9eb9-8d68849e7093
IM00001402,2025-07-06T18:16:15,W017,P00120,TRANSFER_IN,41,929bc33e-739b-4964-a159-58c5d115798d
IM00001403,2025-06-12T02:48:12,W007,P00563,ADJUSTMENT,40,3de0d870-b91d-41b8-9b2c-05e5fb12d3f2
IM00001404,2024-12-20T10:44:31,W017,P00578,TRANSFER_IN,15,2310ab18-3ef9-48d0-9a55-2c9c0e0a1605
IM00001405,2024-01-24T11:08:51,W013,P00309,SHIP,-41,36c4e9f8-2d7e-4cc1-bf1c-aa4307e77019
IM00001406,2025-09-20T01:00:40,W007,P00205,SHIP,-6,c01fc08f-fab5-457c-baef-cc2ccc1dcf98
IM00001407,2024-11-24T15:05:40,W002,P00050,SHIP,-12,d1782528-f747-4564-8234-94d926f480a1
IM00001408,2024-10-24T00:00:34,W005,P00406,SHIP,-39,df2c1dc2-ab65-45df-ab56-f0165f943248
IM00001409,2024-01-14T10:06:56,W015,P00066,TRANSFER_IN,7,08c3df17-f892-48a0-be50-316ca38254c4
IM00001410,2026-01-22T07:18:40,W002,P00477,ADJUSTMENT,26,1e73aac4-a106-4409-878a-9df1af4c441d
IM00001411,2024-06-15T12:39:03,W016,P00362,SHIP,-14,ee6e0503-a3cb-4274-aaaf-9af857d143b2
IM00001412,2024-06-22T00:59:06,W004,P00542,RECEIPT,23,5b5231be-9ead-4070-8ef3-161a526c295c
IM00001413,2024-10-07T06:24:30,W002,P00566,TRANSFER_OUT,-13,7dedaa0c-3621-4dc3-9ea7-6c55213e4b50
IM00001414,2024-07-06T09:38:24,W012,P00022,ADJUSTMENT,45,26db037d-d68d-4925-9a04-f6704c58f748
IM00001415,2025-05-04T11:11:04,W009,P00178,TRANSFER_OUT,-19,e59df293-b12a-4441-a145-1008b7ea9905
IM00001416,2024-07-11T09:17:54,W015,P00506,TRANSFER_OUT,-39,cfced731-00b5-4e2b-8a14-8f95b9c07ffa
IM00001417,2024-01-16T10:29:25,W011,P00528,TRANSFER_OUT,-9,9221dfe6-c31d-4cb9-9292-3830e812c928
IM00001418,2025-08-02T18:37:59,W009,P00356,SHIP,-45,53175039-1dbe-48bc-8749-6621165eb5db
IM00001419,2024-04-01T05:29:57,W016,P00256,ADJUSTMENT,10,2c4c540a-5f83-479e-ab57-203e9d49da88
IM00001420,2025-05-30T22:15:58,W005,P00449,RECEIPT,35,080d4df0-6681-4f3d-ad6f-3af0a9897ed6
IM00001421,2025-08-27T10:10:41,W007,P00425,RECEIPT,15,bf54cf62-f2a7-488b-af76-ca830f4ff49c
IM00001422,2024-04-20T04:49:45,W016,P00071,TRANSFER_OUT,-7,63a462ba-029b-42db-9308-859f32818179
IM00001423,2025-07-19T18:56:39,W001,P00183,TRANSFER_IN,9,70d1605d-72c2-4f0b-b5c8-542a30dd1239
IM00001424,2024-03-04T07:38:25,W011,P00334,TRANSFER_IN,4,ca961798-d499-4abc-b0c7-9338d85bfe55
IM00001425,2026-01-17T00:09:35,W014,P00348,TRANSFER_IN,36,dca47559-1ec8-42bb-b225-4926086407b8
IM00001426,2024-09-09T00:57:19,W001,P00238,TRANSFER_OUT,-23,75d9976b-560b-4990-97ee-1284f93b0b99
IM00001427,2024-09-21T23:01:10,W011,P00321,TRANSFER_IN,28,b7afc825-b49d-44b6-99f1-0112422e2653
IM00001428,2026-01-22T23:32:58,W014,P00492,SHIP,-4,3094d793-50db-42e8-a819-ff895b2f59dc
IM00001429,2024-08-23T21:17:21,W009,P00133,RECEIPT,32,ec240e4f-e5a7-4cdc-81ed-a3ff8f98338d
IM00001430,2024-02-20T17:15:20,W013,P00452,RECEIPT,10,27ad5dc1-47ef-42b3-9423-a4061c2bd121
IM00001431,2025-06-14T20:12:44,W013,P00302,TRANSFER_IN,16,7926bc24-ab55-4530-9074-62d4b72f2d91
IM00001432,2025-01-22T11:08:16,W013,P00142,TRANSFER_OUT,-15,cb606917-226f-4e54-adae-130b05c71c60
IM00001433,2025-04-07T17:31:14,W016,P00269,RECEIPT,15,77f9e8d4-f12b-462d-8891-73ba1dccb4f5
IM00001434,2024-10-25T19:50:56,W002,P00022,TRANSFER_OUT,-38,57333e56-bfdd-4df2-8ab2-e835a946e5d1
IM00001435,2025-10-10T21:03:57,W011,P00116,TRANSFER_OUT,-35,fcf1dd47-c8e2-4b60-ac43-da02b73e9fcc
IM00001436,2024-10-01T20:02:40,W014,P00268,TRANSFER_IN,34,8f4f871a-afba-48fc-a23a-d69ce0d2ae66
IM00001437,2024-02-28T00:18:30,W009,P00402,SHIP,-49,2a128534-afc8-48b0-94db-b7c2890c87d4
IM00001438,2024-03-22T16:53:22,W003,P00277,ADJUSTMENT,11,e9e7bf3d-26c3-4902-b222-09738a7b837d
IM00001439,2025-07-04T15:22:15,W008,P00598,ADJUSTMENT,20,9ccbff9f-a177-442f-90d2-f3db8d46de98
IM00001440,2024-02-13T08:07:16,W001,P00288,TRANSFER_OUT,-23,997c95f0-d144-4c13-a11b-740f519e1f48
IM00001441,2024-03-01T05:09:29,W015,P00501,TRANSFER_OUT,-42,6d7da0d5-057e-441e-91aa-62745b0c4ed2
IM00001442,2025-08-15T03:44:49,W017,P00418,ADJUSTMENT,14,b7b30f5a-e5e4-4164-b994-a0b9f61bd243
IM00001443,2025-10-02T21:01:26,W011,P00083,TRANSFER_IN,49,9e9b4267-00e0-4eff-8c59-d458eafd06ed
IM00001444,2025-05-16T07:37:11,W004,P00057,TRANSFER_OUT,-45,ed51f3c2-f83d-43ef-97af-f206eadf75f3
IM00001445,2025-07-31T20:17:10,W012,P00347,ADJUSTMENT,14,6b1e3bf1-94b0-41f6-93e3-dae87128b369
IM00001446,2026-02-11T09:56:00,W003,P00316,RECEIPT,24,770a7190-5a76-49b7-8742-73ca62903bd2
IM00001447,2025-03-07T14:18:36,W008,P00112,SHIP,-49,904f1623-bb54-47ab-ba00-ef9894a10cd0
IM00001448,2025-11-19T15:44:18,W003,P00224,TRANSFER_IN,3,33954f95-08ab-45b4-be68-adcc358837e5
IM00001449,2025-07-01T10:57:40,W004,P00063,RECEIPT,2,23097311-0c89-4044-9650-00901ce602ce
IM00001450,2025-04-04T08:53:47,W010,P00404,ADJUSTMENT,12,c5a14045-4b3e-4db4-b2a1-ddb732cc9398
IM00001451,2025-03-02T03:32:19,W015,P00578,TRANSFER_IN,24,bba186be-9cee-4117-aae1-df7990c2a409
IM00001452,2024-05-23T09:37:03,W017,P00427,RECEIPT,4,920bf87c-7af1-4237-bec9-56be61d07a9c
IM00001453,2024-07-13T02:40:50,W008,P00103,SHIP,-16,e8c4132f-0dff-4936-9d5f-1aeeadc9d42a
IM00001454,2024-05-31T08:49:29,W002,P00074,TRANSFER_OUT,-49,e289eb80-6e81-4b5e-84a5-cac16302508b
IM00001455,2024-05-13T10:41:53,W013,P00426,SHIP,-3,4d9e3223-1ca0-40c8-a7c4-61b8f78c5349
IM00001456,2024-08-08T14:44:39,W008,P00557,SHIP,-13,55e88175-ff29-4d44-a9e9-fa2217e8feda
IM00001457,2024-06-21T00:02:06,W001,P00307,RECEIPT,16,18c69cac-2874-4508-a823-c76e3a7e1afb
IM00001458,2024-10-08T22:53:43,W006,P00309,TRANSFER_IN,17,d800b5e2-70fb-4f11-8501-2fc6fbc9d847
IM00001459,2024-09-18T17:02:19,W005,P00257,RECEIPT,44,f55ba8bf-4f7e-474d-9e50-e6310244da2b
IM00001460,2025-01-13T20:01:02,W007,P00189,TRANSFER_OUT,-28,f8b5e0c0-95db-441c-99fa-439a805b99b6
IM00001461,2024-10-26T00:13:00,W015,P00275,SHIP,-22,4839ca72-0881-4a5b-a52c-a70fd9866f5e
IM00001462,2024-05-31T12:01:12,W017,P00399,TRANSFER_OUT,-13,1e19d65c-6df6-4c71-bb81-faf5880f56f1
IM00001463,2024-12-09T00:23:09,W005,P00343,ADJUSTMENT,36,c603f323-a59d-4c2f-8a24-564fbcf35011
IM00001464,2025-10-19T17:51:44,W003,P00430,TRANSFER_IN,4,aa4adfbc-2de1-4fbb-a976-6a2269b25846
IM00001465,2024-05-06T22:39:48,W007,P00168,TRANSFER_IN,45,b680a83e-e2c8-482a-b35d-871c3e0584cb
IM00001466,2024-11-30T09:25:45,W007,P00384,TRANSFER_IN,39,c712b8ab-99ef-4f6d-b259-997e93b07223
IM00001467,2025-05-19T02:08:49,W012,P00166,RECEIPT,7,bf2f2184-98e0-4eea-9419-ca7bdfb4204c
IM00001468,2025-05-27T01:53:13,W001,P00132,SHIP,-22,0f0486cf-f99c-4466-b230-0a56a83ef2b2
IM00001469,2025-09-07T13:30:45,W007,P00474,RECEIPT,34,ac459510-2f67-4f73-b61a-3da8ab00e257
IM00001470,2024-03-06T12:45:53,W014,P00061,ADJUSTMENT,6,36b55121-8a31-4a8f-bf8d-19ce0eb85bcf
IM00001471,2025-09-10T04:09:28,W011,P00418,RECEIPT,8,9fff00e4-dcb4-49e8-a0fa-2d58273724f4
IM00001472,2026-01-02T22:06:38,W016,P00201,ADJUSTMENT,48,22e7d1e0-af7d-4242-9eec-0a083dad68ea
IM00001473,2025-11-21T17:21:09,W006,P00251,ADJUSTMENT,39,cc522672-bfe0-4eee-acef-7ca17a0c9e95
IM00001474,2024-03-04T15:37:50,W012,P00252,TRANSFER_OUT,-4,0d2dfd0f-39d8-4473-bded-ba4931fd5134
IM00001475,2026-02-18T04:50:53,W012,P00223,RECEIPT,11,3d5448e3-d081-46a5-9e6e-27de06a06c35
IM00001476,2024-05-15T07:12:32,W005,P00502,SHIP,-12,e43905e7-41df-4ac4-936a-b33f2c01a1ac
IM00001477,2025-05-07T22:06:14,W007,P00350,TRANSFER_IN,24,b66848a2-d29d-4d6f-8e3a-968e083f498e
IM00001478,2025-07-27T00:01:29,W005,P00504,TRANSFER_OUT,-31,21ad36ee-646d-4c46-96de-faf04042168c
IM00001479,2025-06-06T02:45:06,W007,P00197,ADJUSTMENT,46,931e21c4-a433-42bd-ae60-71ebbe23c7bf
IM00001480,2024-05-21T17:33:57,W007,P00105,TRANSFER_OUT,-6,659a88d3-7a75-4d5d-bbb3-c86d37970059
IM00001481,2025-12-25T11:43:57,W010,P00521,ADJUSTMENT,8,e8240c59-fc90-45f1-b3b4-5b37aa2a8e69
IM00001482,2026-01-11T11:38:31,W009,P00259,RECEIPT,44,3f69a733-d503-45fe-9524-62c4ed273163
IM00001483,2025-10-05T05:40:32,W005,P00058,RECEIPT,24,64c19005-f1c7-4283-a39a-c8ea8d837f3d
IM00001484,2024-09-24T16:32:07,W006,P00454,TRANSFER_OUT,-20,34e0d864-ac53-4453-ba75-f8cbee837776
IM00001485,2025-08-17T06:24:32,W005,P00078,RECEIPT,22,0cbe3e3c-5002-468a-b623-8b185c4a36b4
IM00001486,2024-03-31T18:37:34,W006,P00219,SHIP,-16,69a927a9-a6a6-4294-9684-622fba1b1963
IM00001487,2024-10-06T23:09:22,W003,P00596,RECEIPT,1,fb497b62-b0c7-43a4-9726-caadb452231c
IM00001488,2026-01-09T20:08:38,W007,P00416,TRANSFER_OUT,-5,55ce8521-ac0b-4605-98d9-c050bac33076
IM00001489,2025-10-08T22:49:45,W003,P00179,RECEIPT,5,1a05a5ac-25ad-4b46-8ec8-6d37a80462f6
IM00001490,2025-03-04T12:33:30,W010,P00275,TRANSFER_OUT,-31,cd597c86-dbc8-4d02-806e-946ce59d9439
IM00001491,2025-05-04T10:44:20,W003,P00363,ADJUSTMENT,48,31e2ba59-4b35-4d7b-acf1-c55facb4304a
IM00001492,2025-10-31T19:24:13,W009,P00201,ADJUSTMENT,10,5de0fe7e-2904-4011-8468-2a9e9aa4abc9
IM00001493,2026-02-07T17:14:20,W002,P00432,TRANSFER_OUT,-2,48c16cf4-1335-4bef-b6bf-8e98f8c8eed5
IM00001494,2025-11-16T03:50:28,W001,P00395,TRANSFER_OUT,-2,129de2ed-57e1-4e8a-b5d2-10f7355a025a
IM00001495,2024-06-13T09:48:57,W015,P00573,ADJUSTMENT,7,b353b257-2e92-491d-a234-f180e6a54ed7
IM00001496,2025-12-15T03:04:14,W004,P00542,ADJUSTMENT,29,0245778f-88b5-4f0e-b560-9e238b620af1
IM00001497,2025-07-21T04:21:45,W006,P00143,ADJUSTMENT,17,80bfaf59-6e65-43d6-9ed3-ebea29ca84ea
IM00001498,2026-01-02T11:47:11,W005,P00085,SHIP,-45,d1d7f141-d088-45f7-8203-163c8a277a70
IM00001499,2025-06-12T01:43:43,W006,P00191,TRANSFER_OUT,-25,29a14f54-3f6e-4911-ac78-7baa6acfe0ab
IM00001500,2026-02-05T06:10:05,W008,P00208,TRANSFER_OUT,-30,b6b1d72f-24bc-47cc-8bf9-0c54a258d112
IM00001501,2026-02-16T18:54:23,W011,P00278,TRANSFER_OUT,-13,7c6ac9e4-9238-48e1-a6e2-db426f496c07
IM00001502,2025-06-12T05:11:25,W014,P00023,TRANSFER_IN,38,5f2cbabd-b477-4e21-99ae-b635376e413f
IM00001503,2025-06-14T06:19:29,W013,P00008,RECEIPT,33,d45714f2-629f-438f-94fd-e7e07be18eee
IM00001504,2025-03-06T23:35:19,W016,P00186,TRANSFER_IN,2,09cd1e40-c72c-40e6-b530-0f44efe06d43
IM00001505,2024-01-20T00:54:33,W006,P00031,TRANSFER_OUT,-18,44b9cdd2-8461-4132-922b-2dcea13a0f3a
IM00001506,2025-06-07T22:08:05,W016,P00193,TRANSFER_IN,15,8331b641-e910-4eae-b5f4-923be3af8156
IM00001507,2024-11-27T00:44:00,W007,P00422,ADJUSTMENT,16,c7d46f1d-4c7d-44b5-bcc1-6ba6c309b1a8
IM00001508,2025-09-30T04:37:41,W012,P00055,TRANSFER_OUT,-41,ff379d9d-d5a9-49f7-a61e-73c5631e8bdd
IM00001509,2026-02-26T19:18:18,W011,P00507,TRANSFER_OUT,-17,958efd78-54a5-4ab0-89b0-3c9bfb39a761
IM00001510,2024-12-08T17:11:00,W001,P00369,RECEIPT,49,9796faa1-683a-4d84-b3c5-4415111d1a1f
IM00001511,2024-06-27T07:46:09,W012,P00140,RECEIPT,26,2c4c7400-ec21-4068-8db3-97b027246a48
IM00001512,2025-04-30T20:07:24,W017,P00286,TRANSFER_IN,30,333c19f6-d236-4566-8a10-3bbde2708ebf
IM00001513,2024-12-09T10:12:37,W006,P00018,RECEIPT,34,2bf3ae2d-836c-4a00-b789-c3b599a2ae02
IM00001514,2025-10-01T14:07:41,W013,P00359,TRANSFER_OUT,-47,7e82dd5b-7fb6-4fd7-91d3-fbd5a278f4b5
IM00001515,2025-07-13T19:49:03,W002,P00070,ADJUSTMENT,5,ed9a3b52-5b1b-4211-bc50-5e7b7d662f89
IM00001516,2024-04-19T12:26:35,W002,P00518,TRANSFER_OUT,-14,c24be0af-a618-4a0c-8f32-ecc15f051f4f
IM00001517,2025-03-04T03:41:42,W002,P00099,RECEIPT,10,2290b919-6fa6-4bb1-93e0-ae98882dbf62
IM00001518,2024-01-16T12:55:18,W002,P00018,TRANSFER_OUT,-30,52741801-0664-408e-8360-a4b5108d9b2b
IM00001519,2024-04-06T06:02:24,W015,P00058,ADJUSTMENT,27,c39b17f2-79fb-46c3-812f-a1c5dc68a6ba
IM00001520,2025-10-26T18:48:19,W004,P00312,ADJUSTMENT,39,655743a2-4a6e-450a-9492-30fa11da0ad2
IM00001521,2024-06-14T10:21:02,W004,P00075,SHIP,-45,89e0a6c7-6ac0-4c7e-9178-1c54a98b7cbe
IM00001522,2024-04-05T06:13:02,W014,P00518,TRANSFER_IN,33,ddc562ec-8051-4d92-b88f-41189356a92d
IM00001523,2024-01-01T12:47:23,W006,P00600,TRANSFER_OUT,-19,cc57812e-8b9a-4bb1-92c2-b17a345026fa
IM00001524,2024-09-04T18:43:57,W001,P00118,RECEIPT,46,c65ba141-ee04-4c4c-95d5-150ee3781fc8
IM00001525,2025-12-23T01:52:54,W006,P00393,ADJUSTMENT,38,7dd031aa-b3c3-4563-bed4-fc662394b6d2
IM00001526,2024-06-03T17:59:22,W015,P00395,ADJUSTMENT,21,d8339700-ffb1-476e-a615-8054b3b17e27
IM00001527,2024-02-14T03:24:24,W007,P00549,RECEIPT,17,0482ff41-5716-40c5-be04-6956b3c9a202
IM00001528,2025-11-08T13:32:20,W003,P00533,ADJUSTMENT,3,5ca98a5d-f6a2-442f-b3c8-61f3f82cc782
IM00001529,2025-07-31T07:25:48,W017,P00272,TRANSFER_IN,6,809c047f-4257-4dfc-af78-10a3f8ec687a
IM00001530,2025-09-25T10:30:57,W005,P00524,TRANSFER_IN,5,2b633d21-030a-4401-939d-d1409f0ced17
IM00001531,2024-03-16T05:38:11,W002,P00074,ADJUSTMENT,8,5c97215f-641d-4045-97d4-77766be73f47
IM00001532,2024-10-30T10:30:35,W012,P00574,TRANSFER_IN,31,b60b47e1-6aa7-49ed-878a-35fa1ae3a132
IM00001533,2024-02-07T19:47:09,W015,P00539,TRANSFER_IN,26,99c21d8b-80ba-4db8-b75b-5774bc5df960
IM00001534,2025-05-02T08:31:18,W013,P00474,TRANSFER_IN,49,c37178db-1d95-4055-898f-edcaa046bbe1
IM00001535,2025-05-02T11:05:33,W004,P00285,TRANSFER_IN,2,f79631e7-adac-420c-8a45-661e675734a9
IM00001536,2024-01-11T09:26:10,W001,P00456,ADJUSTMENT,47,a8d6a66c-bf20-479f-a8a0-c51fe30c323f
IM00001537,2024-08-16T09:33:05,W007,P00306,TRANSFER_OUT,-49,92aef51d-a544-48b2-a812-c9369f9897e9
IM00001538,2024-04-16T00:22:00,W011,P00450,TRANSFER_OUT,-39,08ddf593-8ccf-43a6-bd58-60489165c0a1
IM00001539,2025-07-16T19:29:57,W007,P00500,SHIP,-2,fd6d2002-7424-4fc7-8892-96821ef143ed
IM00001540,2024-03-24T00:47:41,W007,P00584,TRANSFER_OUT,-9,a76a13d7-79d6-4d51-94b4-f8e9b91aa32e
IM00001541,2025-10-29T16:19:29,W009,P00176,SHIP,-25,caea54fa-e407-401c-a5a2-4823e6941667
IM00001542,2026-01-25T14:21:49,W011,P00210,TRANSFER_IN,34,06fe0b12-8c43-46c2-a65e-1fdf3510f7da
IM00001543,2024-03-16T04:05:17,W012,P00076,RECEIPT,26,0e6228eb-baad-4db5-a891-fb89a68a4aa6
IM00001544,2026-02-23T17:11:16,W003,P00013,TRANSFER_OUT,-45,67da6ac3-8d53-4638-b31a-0596b0426b3d
IM00001545,2025-06-06T18:30:01,W017,P00100,TRANSFER_OUT,-40,dcb9c21a-8914-490e-91ea-a0e390f7e36a
IM00001546,2025-07-21T01:05:29,W002,P00599,RECEIPT,22,4f3e6ca9-0144-41c7-8552-8856a46dc11e
IM00001547,2024-12-27T06:23:42,W006,P00231,SHIP,-43,762640b5-3c96-4b8c-9694-fe655672ea70
IM00001548,2025-12-24T14:34:33,W017,P00434,RECEIPT,27,4ce55dc5-64e2-4d78-ab5d-7d7678b47b3b
IM00001549,2024-04-02T17:42:34,W012,P00082,ADJUSTMENT,14,1b37a3b4-6db2-4970-8f73-2a0aba174022
IM00001550,2025-09-15T18:26:14,W005,P00044,RECEIPT,16,65d17706-6b07-4162-b1fa-1cde62aa1498
IM00001551,2024-04-02T14:38:04,W007,P00252,TRANSFER_IN,17,9c5de17b-13df-4f9a-b797-99c9e68658eb
IM00001552,2025-10-21T20:47:23,W016,P00400,TRANSFER_IN,4,aaedc7dd-e7f5-46b1-873e-eb5fcedeceeb
IM00001553,2024-06-27T22:06:40,W012,P00571,TRANSFER_IN,27,a8243e6d-48d7-4e63-affc-d8a90be9d427
IM00001554,2024-09-03T09:10:20,W012,P00100,TRANSFER_OUT,-12,7eea8a28-cd8d-403c-a23d-97ea49da4751
IM00001555,2024-10-16T06:52:46,W013,P00399,TRANSFER_OUT,-27,913da4dc-1f25-452b-a35b-b1be62bd5495
IM00001556,2025-08-06T17:58:05,W010,P00140,SHIP,-21,7f2d76dc-4509-4606-ac9b-eee6e9fe289d
IM00001557,2024-08-25T13:03:12,W003,P00412,RECEIPT,45,aae98b8b-02d0-4f5d-9a40-743b1ff6fdb4
IM00001558,2024-04-07T04:00:12,W007,P00078,TRANSFER_IN,11,c98f90d5-2634-4df6-bf8a-0485b0a58f13
IM00001559,2025-02-22T11:16:47,W008,P00548,SHIP,-26,4c05c814-5873-45a7-a929-46003471f555
IM00001560,2026-01-21T04:40:08,W017,P00298,TRANSFER_IN,34,d9bba025-4855-4255-bc15-f353105a9ec4
IM00001561,2024-07-31T04:22:56,W017,P00562,SHIP,-21,36f4040f-1287-4af6-a75e-86b54538fdcd
IM00001562,2024-06-29T06:23:30,W008,P00077,TRANSFER_OUT,-45,83f298cf-12a9-455b-b18a-e8a9c6160103
IM00001563,2024-06-22T10:14:53,W012,P00561,TRANSFER_OUT,-23,16e2df44-a95f-4ca8-8a24-ef7993cbec9e
IM00001564,2024-08-24T02:10:51,W012,P00300,ADJUSTMENT,28,d5db4437-2358-437a-b3b4-1544bfb806d9
IM00001565,2024-08-12T08:53:47,W010,P00221,SHIP,-21,e56b33db-e42a-4940-99f6-c5eb0597bd12
IM00001566,2024-07-26T13:48:48,W005,P00582,TRANSFER_IN,29,0e33723e-2c11-41b3-b71b-91328983765e
IM00001567,2025-09-21T10:48:57,W017,P00412,RECEIPT,47,ee79173c-d180-4521-9ea3-99a831f14538
IM00001568,2025-06-29T10:45:00,W014,P00148,ADJUSTMENT,44,78b53908-08ba-4341-931b-488bee3b7c01
IM00001569,2025-11-02T20:01:59,W008,P00175,TRANSFER_IN,27,00643a95-38b7-4c6f-b8c9-d27542ecc97c
IM00001570,2025-02-03T05:00:03,W008,P00378,SHIP,-5,06df4f6a-327c-4deb-b251-918cd79f8788
IM00001571,2025-03-14T16:54:25,W006,P00122,TRANSFER_OUT,-30,16ee7d2e-e24b-4293-a3f9-640166f0bb38
IM00001572,2026-01-23T20:45:51,W009,P00186,RECEIPT,29,12bd3cb7-19b5-44b8-a7b5-96f08bebac54
IM00001573,2025-01-27T00:57:46,W012,P00086,ADJUSTMENT,5,ed3c3a49-41b7-412e-ae5e-16eb5fc4d3b6
IM00001574,2024-10-21T08:11:20,W005,P00181,SHIP,-20,16f8c592-fd21-44c2-a528-57725ca7b739
IM00001575,2024-04-28T12:43:42,W014,P00360,RECEIPT,39,3616ce36-1dcb-456b-bc78-b3b6b7292c12
IM00001576,2024-02-17T22:28:08,W003,P00451,TRANSFER_IN,34,729c9864-9374-4db9-89ae-dcd8a1efa4a9
IM00001577,2025-05-25T06:00:26,W014,P00288,TRANSFER_IN,17,745a0c2f-d937-4468-bcf5-e23d174bd06a
IM00001578,2025-07-02T23:41:05,W003,P00047,TRANSFER_OUT,-7,de7334e3-287c-4749-8097-67dce956daf8
IM00001579,2025-03-03T01:27:24,W007,P00101,RECEIPT,18,6d083104-db38-406e-a84b-e7c0847d3688
IM00001580,2024-01-20T19:58:34,W008,P00033,RECEIPT,21,faf58672-7b16-4669-8db0-49764b84eda6
IM00001581,2024-04-15T20:17:49,W016,P00224,ADJUSTMENT,26,e9ec4b67-f51d-40a8-9478-f817e6b6d2c1
IM00001582,2024-11-12T09:56:00,W003,P00339,TRANSFER_IN,39,fe8d974d-699c-41be-b787-73b28dfe96d3
IM00001583,2025-05-25T09:03:53,W015,P00542,ADJUSTMENT,22,ae99671d-5bb2-41ce-b55e-7814053bbfe1
IM00001584,2025-11-11T19:42:16,W001,P00075,TRANSFER_IN,14,8e273fbc-ba8f-4099-acb6-90c26559dc86
IM00001585,2024-06-04T10:09:28,W017,P00560,RECEIPT,5,5b86563c-0dfa-452a-b9dc-f86a9427f8ca
IM00001586,2025-08-23T20:46:08,W003,P00361,RECEIPT,6,cc5f6d6e-c51a-478b-b3af-ad6f8c80895a
IM00001587,2025-10-30T13:07:06,W017,P00268,SHIP,-2,e30d22fc-abd6-4033-a29b-7ad731003f8a
IM00001588,2024-03-03T18:30:12,W015,P00584,ADJUSTMENT,44,b954b19c-4354-4a88-815c-5efb171ebe3d
IM00001589,2025-05-14T20:13:52,W007,P00399,RECEIPT,9,66eb1d44-1c18-4a39-85f9-f6c932302892
IM00001590,2025-06-28T06:35:39,W004,P00424,ADJUSTMENT,2,4cb62c55-8cad-499d-9e55-e241a80bdce5
IM00001591,2025-02-02T09:41:38,W001,P00565,RECEIPT,33,f14d9bcf-bc6d-4ae1-955a-faca0dcd859a
IM00001592,2025-02-17T23:50:01,W002,P00121,SHIP,-36,dacf2b44-cc2e-4864-8685-0dcf7e31c5c3
IM00001593,2024-12-26T21:48:59,W015,P00293,TRANSFER_OUT,-26,04f2ec4b-4c41-4491-b203-28bf625823db
IM00001594,2025-02-08T23:10:05,W001,P00173,SHIP,-46,e45cf34b-a563-4e05-b0f1-d90680e7bd36
IM00001595,2026-01-12T23:05:27,W013,P00481,ADJUSTMENT,42,13ed2cfd-502b-46b8-8aba-4082727f84ff
IM00001596,2025-03-16T11:05:18,W001,P00093,TRANSFER_OUT,-41,02928584-a10d-4244-8cec-e554e29d1a65
IM00001597,2025-05-10T04:51:21,W010,P00425,RECEIPT,31,00955c0c-0211-4285-88d1-c3f081b4fb26
IM00001598,2024-07-19T00:31:31,W014,P00496,SHIP,-10,522064bf-b751-4206-af6d-a6c1e6772ab8
IM00001599,2024-02-01T15:10:35,W016,P00387,TRANSFER_IN,32,b976bbfb-ef03-43cd-9168-e72bd19c5541
IM00001600,2024-04-24T05:36:31,W010,P00151,RECEIPT,1,25ac7117-151a-4ab7-b289-e14c09df416c
IM00001601,2025-07-07T02:53:13,W010,P00336,TRANSFER_OUT,-6,c1fabb12-bd98-4148-ace8-d5f2195ddc0f
IM00001602,2024-08-09T07:29:26,W009,P00095,RECEIPT,42,da033679-8875-40c9-9fed-43a54308749f
IM00001603,2024-06-24T20:13:53,W004,P00228,ADJUSTMENT,2,2f423df6-200a-4735-ab81-7a492f6e8655
IM00001604,2024-01-16T22:50:32,W004,P00109,TRANSFER_IN,26,61bdf70b-96f0-4538-afb9-0c41c1524276
IM00001605,2024-06-18T16:17:43,W016,P00153,SHIP,-15,2a94961e-0088-42be-80c7-344244ebe850
IM00001606,2025-11-16T21:30:39,W008,P00565,TRANSFER_IN,27,ff7f5fb1-7e71-4e7a-a5db-2817f3d95526
IM00001607,2025-05-29T05:24:34,W004,P00198,RECEIPT,31,c146586f-c5f9-4bee-8146-ccad860556c8
IM00001608,2025-09-11T06:15:15,W005,P00222,RECEIPT,43,3a045871-9d97-42f6-a8ed-7fd36ae06b12
IM00001609,2024-07-13T06:19:11,W014,P00038,SHIP,-21,22aaca92-25c0-4519-9017-9b648a3f3283
IM00001610,2025-05-24T20:57:41,W003,P00403,RECEIPT,48,3f76452f-6b18-4fb3-886d-b6fbacac4d89
IM00001611,2025-04-03T05:26:42,W012,P00266,TRANSFER_OUT,-16,827b5934-3bac-4adb-916a-21bc6c424d58
IM00001612,2025-12-14T09:30:25,W006,P00452,TRANSFER_OUT,-47,15d7d1ec-eeb0-40f8-9b4f-f9bfe804a20c
IM00001613,2025-03-08T05:17:00,W010,P00018,TRANSFER_OUT,-37,4298c1bc-76c1-4ca9-97bb-cd29f1e693c3
IM00001614,2025-05-12T01:30:58,W003,P00549,TRANSFER_OUT,-13,dc5e00b9-462e-4c82-817c-3fe12bb3d684
IM00001615,2025-11-03T08:55:14,W013,P00537,ADJUSTMENT,28,21599186-6235-4dc6-904f-f6a15e2cd837
IM00001616,2025-12-31T21:43:04,W015,P00004,TRANSFER_OUT,-35,0b5ed95a-c3db-489c-9fc9-4135bb752165
IM00001617,2025-02-12T17:13:14,W002,P00352,TRANSFER_OUT,-37,fe4c80a0-9b0f-44ff-9253-5429f4375a30
IM00001618,2026-03-01T14:30:00,W003,P00114,SHIP,-38,8a731185-2823-4a9e-b47a-fc867e2492e8
IM00001619,2025-04-06T04:33:53,W009,P00533,ADJUSTMENT,36,34caeccb-a22b-4928-b677-0ec88d6e393a
IM00001620,2024-04-13T18:36:43,W014,P00280,SHIP,-20,f347558a-d6a1-490a-8758-78c15a52f69b
IM00001621,2024-03-19T17:30:43,W015,P00015,TRANSFER_OUT,-26,873ea71f-c751-4293-9500-62a00950aed8
IM00001622,2025-11-05T14:35:46,W012,P00431,ADJUSTMENT,45,97713272-2c19-4cf0-963a-4ccfa7c27892
IM00001623,2025-10-04T07:31:35,W004,P00579,RECEIPT,9,dae6cbaa-1e7f-40ca-8790-b6f3833006c6
IM00001624,2025-12-05T22:28:18,W009,P00282,ADJUSTMENT,45,0273f3d1-0d92-4cc1-b544-0150c05854b2
IM00001625,2025-02-07T05:20:33,W016,P00140,ADJUSTMENT,13,9ebaea19-0a3a-4fa2-97f9-664403d76d2f
IM00001626,2024-07-19T01:12:03,W017,P00084,RECEIPT,2,2d9243d7-d81d-43cd-bcdd-69b4fd89ac3a
IM00001627,2025-05-11T08:41:30,W012,P00035,TRANSFER_IN,15,d31e65c3-b1fc-45ef-ba92-dcbb027a1bfc
IM00001628,2025-01-13T00:05:41,W009,P00001,SHIP,-23,b380e7c5-90ac-411b-9ad2-b53b82e1265e
IM00001629,2024-02-04T02:49:30,W008,P00341,RECEIPT,49,14e7ca52-36c2-43d2-928f-c634a92e421b
IM00001630,2025-07-25T07:28:54,W010,P00213,TRANSFER_IN,45,0f570502-010e-4a2e-accf-6b7bb35352f8
IM00001631,2025-12-01T13:25:31,W006,P00397,RECEIPT,43,3f32f242-393f-4038-9970-1dd4138e53b9
IM00001632,2025-08-28T08:58:30,W012,P00291,ADJUSTMENT,4,bddd936c-2cb7-4be3-bbc2-25704bdb41a5
IM00001633,2024-07-23T18:17:35,W002,P00051,TRANSFER_IN,47,f4dfcec1-bc2b-401c-9930-9bcc2213fcb7
IM00001634,2025-02-13T03:27:25,W017,P00240,ADJUSTMENT,39,2ba8339c-c230-4afe-9b3c-730447e60fd3
IM00001635,2024-03-14T00:06:52,W004,P00517,RECEIPT,40,ae09d7cb-8eb3-47db-a96c-ebdc2676bad4
IM00001636,2025-04-14T16:38:08,W008,P00434,TRANSFER_IN,39,8e519662-6f48-440e-990a-89029b022012
IM00001637,2026-02-15T14:08:33,W009,P00419,ADJUSTMENT,6,ed7888ee-0be3-451f-acee-c6f4a099f018
IM00001638,2024-09-01T02:54:52,W014,P00521,TRANSFER_OUT,-20,57b03b2e-765a-40be-bafe-d3c6d8d381bb
IM00001639,2025-11-01T14:28:50,W006,P00460,SHIP,-29,799d3323-8345-44ac-a11e-552e57fb22ab
IM00001640,2024-09-27T10:30:42,W005,P00359,TRANSFER_IN,32,238db460-234b-4e8e-84df-dd3f3d8659c0
IM00001641,2025-06-22T22:58:35,W005,P00026,TRANSFER_IN,6,bf833091-a6ae-4fd7-a7f1-0b4a93acbd05
IM00001642,2025-05-25T21:23:28,W003,P00064,TRANSFER_IN,28,82238df6-60af-439e-bb1e-d04d42687989
IM00001643,2024-10-20T09:32:53,W012,P00586,TRANSFER_OUT,-6,d9056e21-c7df-4156-b7f6-09ba121076fb
IM00001644,2025-06-15T13:33:19,W010,P00208,TRANSFER_IN,24,71fc4b77-ac99-48f9-9828-238f7e116a0f
IM00001645,2025-05-11T15:02:17,W015,P00018,TRANSFER_IN,17,db0e44bb-20f0-4a6a-b914-01075d034fee
IM00001646,2024-05-20T14:00:05,W014,P00594,TRANSFER_IN,14,160a8716-03fe-42a0-a855-bb9b943bb542
IM00001647,2024-09-01T03:25:00,W009,P00067,ADJUSTMENT,25,902a691a-4cf7-4f15-9548-25bfdfd0f098
IM00001648,2025-12-07T19:48:02,W017,P00092,TRANSFER_IN,44,22937611-76c6-4f2e-9e7e-5e04c6ca5fa5
IM00001649,2024-11-27T20:08:35,W017,P00259,ADJUSTMENT,3,8e7e5e54-1313-4218-9d61-066fc8b86752
IM00001650,2025-03-19T05:02:08,W015,P00494,RECEIPT,28,45e86a4a-1bcc-4821-82ef-7e03e5087b7c
IM00001651,2025-06-29T06:33:05,W003,P00115,TRANSFER_OUT,-28,d7c3448d-3a3f-4b52-b99e-9c26fcc8cfce
IM00001652,2025-08-23T21:50:19,W012,P00107,TRANSFER_OUT,-20,487986d9-000d-4343-a43b-ededa7767e8c
IM00001653,2025-03-17T16:46:20,W009,P00545,RECEIPT,19,7586a35f-16b5-4fff-b1fb-b6d76f7a161e
IM00001654,2024-12-18T23:40:21,W007,P00502,SHIP,-49,d8aedc02-3754-4b2f-8260-073386fa8b6d
IM00001655,2026-02-04T02:27:42,W010,P00011,TRANSFER_IN,30,4324b964-73e5-4350-a81e-3e30657c811f
IM00001656,2024-05-09T15:55:41,W012,P00303,ADJUSTMENT,16,76d9654e-d7e3-4896-8790-63116a79b373
IM00001657,2025-07-15T15:56:58,W003,P00553,TRANSFER_OUT,-47,a0de3854-8254-4e16-9a5d-3e915c3cb71c
IM00001658,2025-04-25T20:00:19,W004,P00354,RECEIPT,29,d402499f-f29c-49b9-afb1-2415a2d28bd3
IM00001659,2024-12-11T04:05:40,W012,P00226,RECEIPT,33,f5754207-2d5e-47d4-a807-58083b596b6e
IM00001660,2024-12-13T21:52:41,W012,P00207,TRANSFER_OUT,-36,734a204a-456d-40ed-9d32-f4e416116c29
IM00001661,2024-12-08T09:42:08,W015,P00570,ADJUSTMENT,35,722ca136-0fe6-4fe3-af27-9e9177b01aa8
IM00001662,2025-04-08T01:56:31,W002,P00442,TRANSFER_OUT,-13,7f3dee2a-fc05-49bc-93ef-91dbc25e32c7
IM00001663,2025-12-16T00:04:11,W008,P00501,TRANSFER_IN,13,d56e4f1f-3b28-4c99-ba17-3c36a9deacdd
IM00001664,2024-04-04T18:43:43,W012,P00117,RECEIPT,8,9ba0071c-b979-4348-9f8d-1334d60c0997
IM00001665,2026-01-17T11:54:45,W013,P00273,SHIP,-27,f72063a1-a72d-47f6-b474-264b81c5926b
IM00001666,2024-12-05T03:30:58,W009,P00554,ADJUSTMENT,25,520e03a1-e94d-4380-8c8a-59476541fe0a
IM00001667,2024-10-15T12:48:59,W006,P00196,TRANSFER_IN,31,050a24db-3d89-4b90-86b5-c42187b6872a
IM00001668,2025-07-26T08:34:29,W005,P00174,TRANSFER_OUT,-12,d4a024d9-456e-4b64-b86f-f21e767c68a5
IM00001669,2025-01-13T17:27:20,W001,P00442,SHIP,-8,582f2a2d-7c35-48f5-aa60-f0611de40afe
IM00001670,2024-02-23T21:25:48,W005,P00126,TRANSFER_OUT,-10,94bcd52f-700d-40a4-93ce-117788c06567
IM00001671,2025-04-01T06:05:53,W013,P00170,TRANSFER_IN,43,24d5634e-ec16-41b1-bf66-957b941d43ce
IM00001672,2025-10-19T14:42:16,W007,P00140,RECEIPT,19,5051ad58-c5d9-4df8-acce-7a74c975fe29
IM00001673,2024-06-26T21:42:36,W003,P00319,TRANSFER_OUT,-38,a7cc1403-2113-4657-b2ac-90edaf133833
IM00001674,2024-01-06T14:20:29,W014,P00428,TRANSFER_IN,6,3600a031-ead6-4381-a360-ffafc8da09fd
IM00001675,2025-02-17T21:10:05,W017,P00106,RECEIPT,46,fea7ded3-c333-455f-9671-cc14f8abbbbc
IM00001676,2025-05-10T19:36:50,W012,P00152,SHIP,-49,3fada4c3-5c9e-4665-883f-d16cb354a5a6
IM00001677,2024-08-15T22:07:40,W014,P00113,TRANSFER_IN,9,13fa47c7-086d-4196-a6b0-17e9f9ae73f9
IM00001678,2025-10-07T11:23:53,W004,P00461,ADJUSTMENT,21,e506d11d-6376-44ca-868d-98ee9081b09d
IM00001679,2025-08-30T09:18:40,W010,P00490,SHIP,-3,f456985d-6fa6-499a-8023-2695348b5e06
IM00001680,2024-09-06T12:06:47,W011,P00041,RECEIPT,36,5be50086-8991-4795-9f7c-ea2cd32e1721
IM00001681,2026-01-13T07:45:50,W014,P00414,TRANSFER_IN,36,9577f122-c47b-45f5-bf9d-e04b8be5ee98
IM00001682,2025-05-12T09:37:56,W001,P00238,SHIP,-38,55eca812-9f02-4bf1-b288-bd4fc86a3441
IM00001683,2025-03-24T21:26:48,W001,P00383,RECEIPT,25,ede9c9d5-3a79-415d-880e-dd4942a26880
IM00001684,2025-07-17T02:27:46,W016,P00244,TRANSFER_OUT,-44,37971063-d435-4772-8fd1-122e14eb7cac
IM00001685,2024-09-09T02:46:28,W015,P00098,TRANSFER_IN,1,eaa70293-37ca-40fb-b8aa-60a707e637c1
IM00001686,2024-06-12T02:00:44,W015,P00083,SHIP,-4,ea5dbbe4-186d-4b85-a387-cc225a185f02
IM00001687,2025-06-01T12:54:06,W016,P00181,TRANSFER_IN,16,b727c9d6-27d0-489e-abd5-01f042ca9c32
IM00001688,2024-01-10T00:38:49,W005,P00244,RECEIPT,1,1890838c-71fd-4c00-bff5-5928b7313048
IM00001689,2025-06-04T15:16:29,W001,P00577,TRANSFER_OUT,-11,99ace7a0-53da-49d0-8905-f1c46b1a59de
IM00001690,2026-01-03T23:21:04,W001,P00039,TRANSFER_OUT,-34,01c2d5e4-2ebb-48d2-89d5-8afb8af2c5e1
IM00001691,2024-05-23T18:26:56,W011,P00115,TRANSFER_OUT,-33,4ccf9804-2e36-4133-bcbd-382e9af01db9
IM00001692,2024-05-17T01:25:38,W010,P00067,SHIP,-31,6728b396-1b4b-4dbe-9654-f0092a5be94a
IM00001693,2025-12-20T11:48:24,W013,P00069,TRANSFER_IN,41,3c27194b-d85c-43f3-ac1d-89a39fff9da6
IM00001694,2025-10-21T10:00:12,W013,P00058,SHIP,-44,ddaf168c-9217-45e7-ac86-a485781da9c7
IM00001695,2025-10-08T09:26:32,W010,P00407,SHIP,-36,9d4bdbfa-6c87-4b46-a48e-19a55cf97cdd
IM00001696,2024-07-28T19:34:37,W016,P00593,RECEIPT,38,7abe2f6f-082c-4640-a888-3b84eb4f4058
IM00001697,2024-11-04T02:06:47,W007,P00536,ADJUSTMENT,41,416bd17b-7eff-4555-a4c7-66a31d595e72
IM00001698,2025-04-05T18:34:57,W012,P00015,SHIP,-13,afbc327e-795f-4d30-865b-f183f4c1c9eb
IM00001699,2025-08-13T11:49:57,W011,P00389,RECEIPT,37,adb013c5-4e5b-42d8-9fbc-9055424f5f8f
IM00001700,2024-09-27T08:53:16,W017,P00502,ADJUSTMENT,22,9987c581-026d-4c21-8260-b6c6976aac7c
IM00001701,2024-09-09T16:58:22,W016,P00316,RECEIPT,22,3b895647-639d-4875-8141-d6eaafce9d33
IM00001702,2025-04-16T11:38:12,W002,P00031,RECEIPT,29,71165fb6-34dd-4c35-9f37-90d082572bd6
IM00001703,2025-01-19T02:13:50,W002,P00191,SHIP,-4,dcdf8750-a011-4c47-8b15-1a8ee3158cab
IM00001704,2024-02-07T21:35:02,W012,P00178,TRANSFER_OUT,-45,2bad0f26-55e8-475d-9ab1-f5ed81493666
IM00001705,2024-07-08T07:10:25,W001,P00399,RECEIPT,24,c0bcba83-312b-494a-8992-9cf500a77d90
IM00001706,2026-01-02T13:51:04,W003,P00023,SHIP,-22,a29b0abd-7dc0-4902-bcf5-59b9c72410ae
IM00001707,2024-03-21T07:29:49,W016,P00586,TRANSFER_OUT,-2,fc10e456-bd68-4b15-9d07-702c9d85aacf
IM00001708,2024-08-04T07:33:00,W001,P00264,ADJUSTMENT,45,c3084cf4-66ce-47fd-aef6-90c69c8fcc2a
IM00001709,2025-11-01T02:45:46,W006,P00307,RECEIPT,13,e95e74c4-1562-42ad-a899-c2cd0c2f268a
IM00001710,2024-01-25T14:10:54,W010,P00081,TRANSFER_IN,16,5e65c29e-a827-4a7e-a491-ba50acd62f6e
IM00001711,2024-07-06T05:50:07,W014,P00492,SHIP,-29,9a7b8f2f-c174-4efd-9901-1c0287678ac6
IM00001712,2024-04-30T12:32:12,W010,P00402,TRANSFER_IN,38,d8bf07ef-00f5-48db-af78-76d5cc4c588d
IM00001713,2024-01-31T05:33:38,W006,P00353,TRANSFER_OUT,-40,2c0a360c-d999-4246-a899-a8fce95f8c7e
IM00001714,2025-07-25T03:25:21,W010,P00557,RECEIPT,23,005fba5d-2553-40a5-a5a5-845e42436ce5
IM00001715,2024-11-26T16:11:55,W014,P00589,RECEIPT,29,023dc997-4227-44dc-93ce-51b939e85a6f
IM00001716,2025-09-03T18:28:57,W001,P00260,RECEIPT,32,0140ca35-2ecf-4a45-b8db-1fdcd8e54ad2
IM00001717,2025-05-31T01:03:36,W016,P00360,ADJUSTMENT,41,35dde6b9-32d1-4d3c-90e1-cf65327fd006
IM00001718,2024-09-22T05:52:48,W005,P00290,RECEIPT,44,4708eea4-d2bc-4c82-aaa6-a20b7c32f8f1
IM00001719,2024-09-08T14:16:26,W004,P00231,RECEIPT,22,d95dc9a6-1054-40c7-9ad8-23fd76fb8266
IM00001720,2025-04-11T07:55:17,W006,P00143,ADJUSTMENT,14,1238db61-5b03-4464-ac30-10c0c678baf0
IM00001721,2025-07-03T03:31:00,W003,P00385,TRANSFER_IN,36,12d11131-6ebf-4f5b-9e9c-d2140eb30b30
IM00001722,2024-12-11T12:41:16,W007,P00195,RECEIPT,32,90a236d0-244a-466b-88c5-59defa66c6b5
IM00001723,2024-04-02T21:22:11,W004,P00337,TRANSFER_OUT,-23,d7527114-d6df-490d-990a-82389cee5f17
IM00001724,2024-08-11T13:01:36,W004,P00224,RECEIPT,43,2f5943cf-acd6-4137-b6a2-3564bfb34506
IM00001725,2024-04-29T06:42:54,W008,P00289,TRANSFER_IN,43,0e453ba8-e536-41b3-9add-3529b9f7d0d2
IM00001726,2026-01-17T07:51:10,W009,P00516,TRANSFER_IN,25,b3a11bfd-46ff-4fb7-ae91-6caf076661ac
IM00001727,2024-10-15T16:24:43,W005,P00225,RECEIPT,48,2bac57bc-0574-4857-be3d-cb21fe4599aa
IM00001728,2024-12-23T06:58:50,W006,P00598,TRANSFER_IN,10,2bfe9568-1c1a-4038-aff1-9562818b100e
IM00001729,2025-06-24T22:40:10,W002,P00406,SHIP,-19,0ee4c446-858e-492c-ba6d-073d0a663060
IM00001730,2024-03-29T05:56:56,W010,P00018,TRANSFER_IN,18,94ed3f55-531e-4568-b1c1-5f26e4b96b3d
IM00001731,2025-10-04T00:28:07,W015,P00568,TRANSFER_OUT,-13,5e1db5b1-08df-429f-b38f-b89be7d9459c
IM00001732,2025-02-18T21:20:35,W006,P00475,SHIP,-1,497d1df0-98a1-45f3-b082-8401c2ef57e3
IM00001733,2024-11-25T10:02:25,W010,P00290,ADJUSTMENT,21,6903fb8d-b41c-42f3-933b-6097507f59fc
IM00001734,2025-03-17T01:21:03,W006,P00389,SHIP,-33,4b459d2e-8116-4f03-a434-f9ab644fe0ea
IM00001735,2025-08-18T07:55:50,W003,P00237,TRANSFER_OUT,-26,e322658f-ee5e-4221-a045-6a1ffff1e991
IM00001736,2024-09-04T23:39:22,W015,P00498,RECEIPT,48,ed51e141-ca67-4a76-8396-f7c00c32f955
IM00001737,2024-06-28T07:34:25,W008,P00431,ADJUSTMENT,2,678be655-3f91-415c-bccb-b0bdcffd2581
IM00001738,2024-05-05T00:27:14,W006,P00479,RECEIPT,37,aaab2f2f-fb62-4750-b10c-944db8904a61
IM00001739,2024-04-26T01:28:40,W006,P00209,RECEIPT,27,880accc2-be49-4d2f-8a2b-6daa8de7e8f5
IM00001740,2024-01-25T10:36:29,W007,P00053,TRANSFER_OUT,-24,8eb53153-ac6d-4aee-8457-280295093b76
IM00001741,2025-10-11T16:01:26,W015,P00343,RECEIPT,8,bf578519-94e9-4d92-a2e2-71a4fb125950
IM00001742,2025-07-03T01:02:31,W011,P00075,SHIP,-18,8f77d675-3b91-40eb-8ec6-ac9ea873101a
IM00001743,2024-05-21T20:03:06,W012,P00032,ADJUSTMENT,9,3c9ba2db-de8c-460f-bfca-63c650d9a0c4
IM00001744,2025-04-26T08:28:13,W003,P00252,ADJUSTMENT,45,65641352-408f-4b98-b7e2-79b52ccfeb29
IM00001745,2026-01-06T04:58:49,W016,P00143,TRANSFER_IN,48,f9c69fda-2410-4353-9dae-0c4b3bcb0b75
IM00001746,2024-04-15T18:30:26,W005,P00168,TRANSFER_OUT,-38,ba8bc782-66ee-4e85-97c3-000d3d2a4b25
IM00001747,2024-02-06T08:13:32,W006,P00356,TRANSFER_IN,13,bf8bc800-5571-4606-9ad1-3bb56d685453
IM00001748,2025-05-17T10:52:25,W007,P00451,TRANSFER_IN,15,d5fb6f0d-0d4f-4b5f-a3fa-863724237cf7
IM00001749,2024-07-06T17:07:17,W008,P00345,TRANSFER_IN,41,92e8e4ed-3e29-4be4-abf4-17581617a28f
IM00001750,2024-07-09T23:17:16,W005,P00448,TRANSFER_IN,34,5b887512-8336-46a1-b358-d7dc878ee813
IM00001751,2024-08-11T05:04:08,W001,P00502,TRANSFER_OUT,-16,00581f5d-ce12-47e0-9469-74e85642ba22
IM00001752,2024-11-22T17:04:40,W009,P00115,TRANSFER_IN,37,90f743d3-7aa2-4890-a86a-e6be00994257
IM00001753,2025-03-29T12:30:50,W010,P00251,SHIP,-7,9bf39f0a-abfe-4d6b-a5b3-912eb2e984fe
IM00001754,2025-01-22T09:04:56,W012,P00329,ADJUSTMENT,20,2156859d-8ca9-4299-b4be-41e50217ed1a
IM00001755,2024-05-05T18:05:54,W015,P00195,TRANSFER_OUT,-7,a664a3c8-52de-4e75-9675-f3bc82cbf55f
IM00001756,2024-08-19T00:32:14,W001,P00508,TRANSFER_OUT,-13,d4fa45b4-90e6-48e7-8be7-a546c0b320e1
IM00001757,2024-04-21T14:05:29,W009,P00476,TRANSFER_IN,11,a5d84d91-81d1-4f22-ae7d-fcfb9c812353
IM00001758,2024-09-11T08:36:41,W006,P00326,TRANSFER_OUT,-23,08a4fb64-4f24-4750-a89a-6edede7dbbc3
IM00001759,2024-09-14T06:00:27,W009,P00210,RECEIPT,4,b1f37cca-c0e1-4411-8d0f-901a61c70778
IM00001760,2024-07-13T03:55:06,W004,P00586,RECEIPT,13,45c6a370-66ad-4237-a370-6ddda9a8e836
IM00001761,2024-11-25T03:09:36,W001,P00499,ADJUSTMENT,16,32fa64a6-d736-47d4-a41e-d227810e55fb
IM00001762,2025-04-16T17:08:42,W007,P00270,SHIP,-37,08b93de4-c145-4603-a84a-b661e3e74e98
IM00001763,2025-11-06T18:23:27,W007,P00504,SHIP,-2,159dd89c-8fe7-487d-be8d-b5d0bd46dfe2
IM00001764,2025-04-18T11:57:47,W014,P00501,RECEIPT,37,1d196549-14a9-4c49-864f-bbd5d9518bcd
IM00001765,2024-09-07T10:56:26,W011,P00493,TRANSFER_OUT,-36,6986f178-81e1-4152-9a8b-6bd182472c1a
IM00001766,2025-10-06T22:09:46,W012,P00088,ADJUSTMENT,27,2bf8e0c8-109c-4604-ba44-6bd723bf0274
IM00001767,2024-03-24T14:29:15,W015,P00252,TRANSFER_IN,39,745edb4e-9f25-43d2-a4cd-df5ce2d5e8b2
IM00001768,2025-03-18T14:46:06,W008,P00598,ADJUSTMENT,7,63fe9d75-7e93-4d50-bf8c-d4a03b15b231
IM00001769,2025-11-14T17:44:26,W011,P00309,RECEIPT,36,daaba3fe-0e8f-4e6e-8089-ac085de14a99
IM00001770,2024-04-16T09:05:02,W001,P00476,SHIP,-16,ca52443f-e8d4-456c-890c-80a73bcf2b3f
IM00001771,2026-01-08T23:44:54,W008,P00477,TRANSFER_OUT,-41,bff3457c-c17a-47b5-9ebe-4972f84676ff
IM00001772,2024-10-28T14:11:32,W013,P00086,TRANSFER_OUT,-21,e4ec4e47-b601-481e-a530-19acf8cc3c93
IM00001773,2024-10-23T15:17:08,W012,P00157,ADJUSTMENT,40,235feabe-fc8f-4356-abed-af13fad07709
IM00001774,2025-02-07T12:13:27,W017,P00156,SHIP,-38,1a800164-0d70-455e-9ab2-e7a6f558fac7
IM00001775,2024-05-12T14:16:02,W011,P00188,TRANSFER_OUT,-20,9633eb93-5466-438a-9bde-0bc264087d4a
IM00001776,2025-04-14T01:50:02,W004,P00115,ADJUSTMENT,41,345c2476-7da7-45bc-a276-ca9e22ac89e2
IM00001777,2025-09-28T00:15:11,W004,P00152,TRANSFER_IN,20,cb1d9f23-32ac-4165-80da-12f1b20f89f6
IM00001778,2025-12-25T12:01:15,W004,P00441,TRANSFER_OUT,-12,b2b6c704-bc18-48d4-b651-aa52220389d3
IM00001779,2025-10-13T18:16:05,W010,P00305,RECEIPT,17,a0eb4b44-eba8-4712-82d0-d927d1e7a494
IM00001780,2025-03-07T03:53:33,W012,P00318,TRANSFER_OUT,-11,b7295004-35c2-4156-912a-d32b25257e3a
IM00001781,2025-02-16T13:58:36,W005,P00086,SHIP,-30,a81f4904-fd4c-4918-b3df-8c2a2c32d69d
IM00001782,2024-06-24T07:29:34,W003,P00565,SHIP,-38,39993b22-63ed-4d12-83ff-a72dcf5c4e81
IM00001783,2026-02-28T18:11:58,W009,P00110,SHIP,-37,31441099-2bbf-4478-8a88-412b94a2fba5
IM00001784,2025-01-02T07:43:39,W014,P00270,TRANSFER_OUT,-7,ff1dfaca-4147-41d4-a426-b69b8c0202e0
IM00001785,2024-02-13T16:09:42,W004,P00438,ADJUSTMENT,8,1b5c8238-b4f0-4897-9699-5529ef6b41cf
IM00001786,2024-03-13T07:25:37,W007,P00382,ADJUSTMENT,14,17aa28d4-b835-4a10-8292-fc9d900578ca
IM00001787,2024-04-11T14:51:03,W017,P00497,ADJUSTMENT,19,ecf89a3d-e1bf-4d46-857e-5a0b87d4c22e
IM00001788,2025-08-18T10:53:20,W017,P00277,RECEIPT,32,b795492d-251a-44f4-beca-83b4934b3823
IM00001789,2026-01-09T19:09:11,W012,P00256,ADJUSTMENT,12,a64e63e5-46df-4a63-91ec-80e2690084a1
IM00001790,2025-11-12T19:22:49,W004,P00551,RECEIPT,45,45ccc16e-a70f-4c7c-b4c5-1635b2dd02cb
IM00001791,2024-04-16T08:09:26,W013,P00529,TRANSFER_OUT,-39,96131149-0c6b-4281-be25-827d354c09bf
IM00001792,2024-09-23T23:43:08,W003,P00347,TRANSFER_IN,47,769ed328-4257-4aa9-8752-bfc55ffd9f18
IM00001793,2025-08-30T07:09:43,W010,P00042,RECEIPT,46,b6ca7482-b7f1-4231-91c0-2be52a3afa8c
IM00001794,2025-09-19T14:16:19,W003,P00300,RECEIPT,35,e5f8b3d1-1921-4e1e-ba16-96a95085741b
IM00001795,2025-03-11T21:01:20,W010,P00084,SHIP,-2,d694dd39-0ef1-44d2-b0ed-f2cd1609cb78
IM00001796,2024-09-19T09:08:42,W001,P00486,SHIP,-12,a78402a2-7b19-4bce-84de-d0ed2ffe82db
IM00001797,2024-05-30T01:16:07,W003,P00086,ADJUSTMENT,8,c9f7d0e9-7aea-4fbc-adaf-44a039d293b8
IM00001798,2024-04-17T15:10:43,W002,P00308,TRANSFER_IN,47,48a1f998-243e-4db5-be9e-12dc76a70b70
IM00001799,2025-03-14T15:43:55,W005,P00350,TRANSFER_IN,41,44a95fdd-0578-458f-a561-520eeae49e75
IM00001800,2025-10-29T03:26:30,W014,P00501,ADJUSTMENT,27,46ad7466-5ae2-4588-b78d-a06009f72dcb
IM00001801,2024-03-22T15:52:00,W010,P00003,RECEIPT,14,7877c2bc-5c7f-4828-ae1d-49de9fbde9ca
IM00001802,2025-11-24T16:00:18,W004,P00221,SHIP,-40,076caa4b-98c9-469a-bd3a-21f6a3dd8a90
IM00001803,2024-06-06T03:41:01,W014,P00043,TRANSFER_IN,1,b955a6de-7d9f-4186-8707-f8eb84d9c0b4
IM00001804,2024-09-18T13:25:12,W017,P00063,ADJUSTMENT,41,3d6a0d1b-5be2-4649-9040-ee8c80105d08
IM00001805,2025-08-07T11:33:59,W010,P00537,ADJUSTMENT,14,b3c6a764-2736-4d9b-b1f4-27569d1754d7
IM00001806,2025-01-11T20:52:33,W001,P00089,TRANSFER_IN,25,2ce787b7-9d02-468f-852e-a38523b24b5c
IM00001807,2025-10-20T06:58:45,W016,P00483,SHIP,-43,a875da47-d7e4-43f7-a284-896372b8738d
IM00001808,2025-10-25T03:02:04,W017,P00313,ADJUSTMENT,8,6201f958-92b2-450d-a11c-5d83ecac9868
IM00001809,2024-02-08T15:53:07,W010,P00143,ADJUSTMENT,46,b452c4f9-db4c-46eb-9519-c79e7e1d0637
IM00001810,2024-06-27T17:01:30,W003,P00189,ADJUSTMENT,39,688bab9d-2e06-4f23-b428-b563b1743a43
IM00001811,2024-06-29T22:58:16,W002,P00065,ADJUSTMENT,12,d3fc6ca4-8550-4443-9451-b333b5f3ab24
IM00001812,2025-06-13T13:06:22,W010,P00245,ADJUSTMENT,21,5d4ea61e-f7b1-4288-89cc-bf86fb88ccf9
IM00001813,2024-10-08T05:43:14,W011,P00284,RECEIPT,23,3b1122c4-5b45-46aa-9dae-ec34d2823e9c
IM00001814,2025-01-23T04:54:08,W006,P00283,ADJUSTMENT,23,f8f56cbd-fdb9-454f-8ec2-83e95514c4d4
IM00001815,2024-03-13T16:44:00,W009,P00547,TRANSFER_OUT,-35,fa63094e-d340-46b0-9d61-cd40f6863d54
IM00001816,2025-04-28T12:31:32,W001,P00462,ADJUSTMENT,8,3e799f60-b877-41ae-913a-4d3cfa815164
IM00001817,2024-09-10T12:46:30,W015,P00104,SHIP,-12,0732b415-3b40-4a06-bc98-fe371c47dcbc
IM00001818,2025-03-16T03:49:12,W002,P00296,ADJUSTMENT,38,b7d03040-6e75-4237-ab09-0ec524de95ce
IM00001819,2024-02-01T02:35:05,W004,P00263,TRANSFER_IN,36,a6d01744-269d-4a4f-a23a-6e7c00a521c3
IM00001820,2025-04-20T16:18:00,W016,P00547,RECEIPT,1,3b40bb8d-d6ef-40f3-ae3c-a3006e261e51
IM00001821,2025-01-21T07:15:17,W010,P00235,ADJUSTMENT,36,ed0c45ac-7a8b-4bd9-8228-9bb7003ac263
IM00001822,2025-08-16T16:32:40,W009,P00200,ADJUSTMENT,19,35a54551-a349-40da-9121-e54b6d4d7a52
IM00001823,2025-10-02T20:19:48,W001,P00399,TRANSFER_OUT,-2,0b20719b-10d1-488e-ba83-97332f803829
IM00001824,2024-07-09T02:32:36,W011,P00260,TRANSFER_OUT,-7,518cef94-6422-4be9-80ea-49b7a8cede57
IM00001825,2025-05-25T09:05:31,W007,P00028,TRANSFER_OUT,-14,33c4077b-7bbd-49bf-9612-ddc59aaa94d5
IM00001826,2024-02-04T22:44:42,W010,P00510,TRANSFER_OUT,-14,b3f9aa16-cdc5-4e25-905d-2300e8dfdddf
IM00001827,2026-02-11T12:57:03,W016,P00105,TRANSFER_OUT,-31,90cb97e6-63e1-42e7-8468-5e198efa19c2
IM00001828,2025-05-07T15:30:05,W015,P00422,TRANSFER_OUT,-31,11a0d2f3-65f0-4e5a-8d62-9e3da9100dfa
IM00001829,2025-12-10T00:00:43,W017,P00193,RECEIPT,37,7a5f1a0f-2da3-4ba5-b56e-1b0c429a9aac
IM00001830,2025-05-14T08:01:54,W007,P00581,TRANSFER_OUT,-17,c74f8440-bfce-424b-a97b-5fb17230871f
IM00001831,2025-05-12T12:46:44,W007,P00440,TRANSFER_IN,16,7b4b97aa-5527-4eb0-823d-8084db17b642
IM00001832,2025-04-09T06:22:17,W009,P00585,TRANSFER_OUT,-14,7e9ddca7-da58-4054-87f1-4f4e34be5c22
IM00001833,2024-11-07T15:05:16,W002,P00278,TRANSFER_OUT,-40,ad4a4939-5a25-4234-bb17-99dffe35c3ec
IM00001834,2024-01-06T05:56:18,W002,P00037,ADJUSTMENT,32,4ed77274-50be-4dac-a177-eb114ca7a408
IM00001835,2024-07-20T17:19:55,W010,P00448,TRANSFER_OUT,-4,321f2056-02aa-4cee-a0b0-674e21ed19b3
IM00001836,2025-03-11T17:30:23,W010,P00322,RECEIPT,9,946a5950-1744-4050-8d74-781d7338ef64
IM00001837,2025-04-09T22:12:21,W002,P00500,ADJUSTMENT,31,51d3fe08-3377-46ec-a080-abfa05e760ce
IM00001838,2025-11-05T14:50:59,W005,P00158,RECEIPT,36,4c008f0b-8b44-426f-a143-ac433392858f
IM00001839,2024-10-01T10:23:40,W015,P00399,RECEIPT,37,5bafc464-2aab-4a30-95b3-17a426956c1b
IM00001840,2025-08-30T17:08:23,W005,P00436,TRANSFER_OUT,-25,ebe2d94d-587c-4594-af57-5cf42c1c84e3
IM00001841,2025-11-17T11:16:52,W014,P00589,RECEIPT,1,a1441786-7f1f-4f1e-8697-83ad805f4cca
IM00001842,2024-04-28T00:16:50,W010,P00247,TRANSFER_IN,39,c86dddd9-d106-4cd7-b516-86e8608a920c
IM00001843,2024-11-26T13:38:50,W001,P00140,TRANSFER_IN,23,2b7706c4-e843-45a8-aa2a-63eb51f4e9cf
IM00001844,2025-02-01T08:16:15,W009,P00011,TRANSFER_IN,5,935a5dab-ed3f-45d1-9d0c-979593262cfe
IM00001845,2024-11-07T16:03:54,W002,P00414,TRANSFER_IN,14,4fd48bfa-d51b-41ab-a30c-a262195902d2
IM00001846,2025-01-05T17:54:57,W017,P00289,RECEIPT,18,3a29897d-1222-4134-b227-3be3cccabf25
IM00001847,2025-12-20T07:21:49,W005,P00060,ADJUSTMENT,4,d1ecb479-afc3-46ff-b9d3-23149b1c2b4a
IM00001848,2024-08-16T18:19:12,W004,P00023,TRANSFER_OUT,-25,bd2b9b88-1b3f-4765-ab55-8ff8850aa378
IM00001849,2024-12-26T13:33:11,W009,P00522,RECEIPT,38,5db399c7-2745-4cff-9b50-a71ab6da8ebc
IM00001850,2025-12-31T13:05:37,W004,P00299,TRANSFER_OUT,-27,4f8b9ee9-adf4-4b7e-9d3a-10b2d3102d83
IM00001851,2024-04-13T04:42:58,W001,P00407,TRANSFER_IN,40,7e5c6ce8-0f48-4a60-9a2c-9267253755eb
IM00001852,2025-03-17T21:26:10,W008,P00296,TRANSFER_IN,20,86414d26-20ec-4d0e-aa18-9a44644753fd
IM00001853,2024-06-11T02:56:34,W002,P00022,RECEIPT,1,6871bc34-2391-4b77-a713-8470d2c4e36b
IM00001854,2025-01-31T23:20:51,W013,P00561,SHIP,-28,3617f9d2-d690-4af1-bd9c-1e120e27b908
IM00001855,2025-04-10T21:17:26,W016,P00358,RECEIPT,2,ba157253-f8cc-44de-804d-f8c7fb83d18f
IM00001856,2024-04-20T01:15:31,W015,P00589,RECEIPT,27,db807236-1175-4613-bdaf-d42e87abc15a
IM00001857,2025-05-13T06:11:00,W001,P00563,SHIP,-23,5cdbf93b-e6c5-4c27-9cf7-058d8a6140c6
IM00001858,2025-03-15T16:19:21,W010,P00184,RECEIPT,24,1236655d-ad08-4ada-9ffe-6d8095ac04b5
IM00001859,2024-01-28T06:47:22,W006,P00377,TRANSFER_IN,41,2ae7b868-7efa-45dd-b40e-420351e2ae25
IM00001860,2025-10-21T13:38:45,W001,P00150,TRANSFER_OUT,-5,55624f81-16a2-4e85-833a-56fc6ce8a6b9
IM00001861,2025-05-06T13:01:54,W004,P00113,RECEIPT,35,274bc67a-c827-4c1e-a1f7-5a4c9d904bb9
IM00001862,2025-12-26T20:07:57,W013,P00433,TRANSFER_IN,34,5a23fa6f-15c0-4e61-a935-8cebf0afbd42
IM00001863,2025-12-06T11:05:44,W014,P00250,TRANSFER_OUT,-14,8755db32-9106-44af-8af7-9895c5bbb41f
IM00001864,2025-05-06T12:52:16,W014,P00135,TRANSFER_IN,6,d51b4485-aa39-4c06-ad70-f3f51a9e4b51
IM00001865,2024-04-07T19:48:43,W009,P00079,SHIP,-4,72a233f5-4658-43c7-8a11-e8d66d9d4f5f
IM00001866,2024-12-28T15:50:36,W002,P00404,TRANSFER_IN,29,b7af5ef3-7801-4cae-ba35-ce0787747fbf
IM00001867,2025-03-31T03:38:48,W016,P00247,TRANSFER_IN,20,942d2655-4a38-4ba9-be11-013f2b75d25c
IM00001868,2024-08-01T20:15:10,W004,P00494,SHIP,-33,d19f3528-f484-48d3-abde-2f5a773018e7
IM00001869,2024-01-20T08:50:27,W016,P00171,TRANSFER_IN,24,4eb34fa3-591f-4d44-8f4d-26a7fa43a3c1
IM00001870,2024-02-24T20:05:19,W012,P00331,TRANSFER_OUT,-2,0feddd20-aad4-4b10-ae42-bb53eb0b4ac6
IM00001871,2024-09-20T21:30:56,W015,P00252,TRANSFER_OUT,-41,4b86b4a1-b64a-4ad7-b390-9ce63f6228ed
IM00001872,2024-12-01T21:49:55,W017,P00514,TRANSFER_IN,25,742098c0-cb77-4c30-b9c2-d96be2fc12d2
IM00001873,2025-11-15T16:22:15,W009,P00402,TRANSFER_IN,17,83cbd5e1-6d43-4a80-800f-1f742bf20e29
IM00001874,2024-03-14T00:10:40,W009,P00279,ADJUSTMENT,48,4ba2e0b4-6952-4cf7-950d-54c3fb118304
IM00001875,2024-08-15T08:24:08,W005,P00573,ADJUSTMENT,42,1bf23b21-6f60-45d4-b33b-eb8dbf3561af
IM00001876,2024-09-05T04:14:30,W009,P00251,RECEIPT,19,bfc08b66-bb00-434e-a912-2cb764193b12
IM00001877,2024-01-20T03:29:09,W005,P00211,ADJUSTMENT,18,b4ba9a55-6a96-4133-8cb2-4c57e22e9e1d
IM00001878,2025-12-23T20:10:32,W011,P00549,TRANSFER_IN,11,2ca15f3f-8076-4ec7-babf-dd6115395244
IM00001879,2024-08-26T09:24:03,W005,P00193,TRANSFER_IN,1,36b3b390-c6ac-4bf3-af57-c449b448aaac
IM00001880,2024-09-02T05:59:03,W007,P00071,RECEIPT,37,69ee1888-6615-4fd3-9678-8ca5bb619a2d
IM00001881,2024-01-06T10:31:31,W014,P00434,ADJUSTMENT,35,5c94a820-732f-4229-9176-c7434df1bebe
IM00001882,2025-05-31T06:15:58,W005,P00549,RECEIPT,36,cb812ad5-7c9e-4f2e-8b60-328cec8dfd6e
IM00001883,2024-01-25T09:48:28,W009,P00064,SHIP,-23,cdbe8825-5860-4b9b-ae0d-e2d29f9d366e
IM00001884,2024-05-30T06:05:54,W002,P00584,TRANSFER_OUT,-13,5418e2cd-e3fb-4121-8629-458acb587a53
IM00001885,2024-11-11T03:18:42,W014,P00030,TRANSFER_IN,30,d81de48d-5410-48e9-b2d4-a674c6b094d3
IM00001886,2024-06-24T19:12:26,W010,P00546,SHIP,-25,038e3dc5-eb62-4af7-b4e5-e4e3bf4420e4
IM00001887,2024-05-08T12:21:08,W005,P00168,RECEIPT,37,a0639a7a-a324-41c1-bb39-cb22d610be57
IM00001888,2024-01-11T01:01:35,W002,P00586,TRANSFER_OUT,-39,6073b720-7e9e-48c8-ac33-2dd837c6d9aa
IM00001889,2025-03-12T11:11:36,W008,P00448,TRANSFER_OUT,-33,398c52be-6f8d-4945-aa59-a6aecb7f0748
IM00001890,2024-07-05T01:46:13,W002,P00164,ADJUSTMENT,11,ba764bca-21a7-403d-86d2-ae633cdb04b6
IM00001891,2024-02-17T19:23:56,W002,P00439,TRANSFER_IN,31,b75a7572-008d-4e81-b1f1-b1ed8b9b8464
IM00001892,2025-01-04T04:35:29,W003,P00583,RECEIPT,1,3614bdd9-3f0f-4e11-b46a-bce9cc4583e8
IM00001893,2024-05-26T05:52:25,W002,P00576,TRANSFER_IN,24,b3399b52-74e7-4621-929a-327b9dd2ca33
IM00001894,2024-06-21T02:24:00,W016,P00359,SHIP,-47,ba75f679-722f-4575-9ee3-3404e5f22a68
IM00001895,2025-05-30T04:38:48,W003,P00022,TRANSFER_OUT,-35,d781070d-4f87-488a-b9ea-b7936353861e
IM00001896,2024-05-24T23:12:32,W003,P00504,ADJUSTMENT,11,c1a73c0e-b81f-4d3e-bf3f-2fa6d3d0023e
IM00001897,2025-09-26T00:34:03,W009,P00471,SHIP,-49,cba5c2b7-cb45-404b-a4ad-b3bdbcb10983
IM00001898,2025-10-14T01:08:45,W011,P00291,TRANSFER_OUT,-20,88b24efb-5a77-4b9e-b89c-3039ae985ab0
IM00001899,2025-04-17T10:55:27,W004,P00418,TRANSFER_OUT,-6,35f0d10a-da30-47b9-b8e6-8a30476ca96c
IM00001900,2024-04-13T16:59:05,W001,P00321,TRANSFER_OUT,-8,12b51ad0-b208-4017-9f45-7c3d985a7c11
IM00001901,2025-02-02T10:41:04,W014,P00001,SHIP,-16,249ac31c-fbee-4ada-ba60-78ed2fc61bfe
IM00001902,2025-12-03T07:18:56,W016,P00501,RECEIPT,26,e2e32622-91bc-45b9-bc2e-f8b091d78c23
IM00001903,2025-11-28T17:16:10,W004,P00012,SHIP,-20,2ef0e10e-7fb3-4623-a159-5d8e72ca2051
IM00001904,2024-10-09T12:39:10,W001,P00371,RECEIPT,25,26e91885-cc48-47a0-acff-2b36c0ac426f
IM00001905,2024-10-01T21:59:38,W005,P00267,TRANSFER_OUT,-38,9f939c16-bc3a-4e27-9372-36c11e84f51e
IM00001906,2024-10-21T02:14:33,W006,P00099,ADJUSTMENT,41,ab78dd89-6cc4-4d2b-b44f-720ba686b56a
IM00001907,2025-12-22T04:20:00,W013,P00333,RECEIPT,34,c1e024ef-4962-457f-8a5c-f1a6ab6ad95f
IM00001908,2024-05-15T17:44:32,W015,P00400,ADJUSTMENT,8,6e189448-84c6-4839-a9ad-c4c5e10516b6
IM00001909,2025-07-02T07:56:58,W007,P00092,SHIP,-21,0687b03d-d2f0-4c38-9e8e-7c5c4db48a47
IM00001910,2024-02-21T03:14:05,W014,P00267,SHIP,-12,8e44ffef-afdf-4e72-93a1-7b62faae95fa
IM00001911,2024-06-01T01:08:06,W005,P00284,TRANSFER_OUT,-32,807b5657-4184-4017-859a-969b558ecf46
IM00001912,2025-09-05T05:02:00,W003,P00286,RECEIPT,48,bb28a5ca-4d88-4771-91e7-88329fec8479
IM00001913,2026-01-30T10:20:42,W016,P00365,RECEIPT,49,3c78be6e-6382-42cc-b4ea-a55fd937b2f3
IM00001914,2025-07-29T16:46:07,W011,P00491,RECEIPT,15,6c420043-aba2-4903-874b-4248df81e665
IM00001915,2026-02-28T00:15:13,W016,P00539,TRANSFER_IN,1,980be871-5822-4203-9e40-4c5cc15a128c
IM00001916,2024-04-09T15:18:04,W016,P00078,SHIP,-31,fe540183-d3bc-4f7e-a8a3-c08585b60cad
IM00001917,2025-07-02T15:04:05,W001,P00138,ADJUSTMENT,26,29ebe5d7-4089-4af7-831a-d3eebf18a12d
IM00001918,2026-02-10T06:05:06,W007,P00385,TRANSFER_IN,13,8b4f026a-d36d-4416-9366-702efcbbc2af
IM00001919,2025-02-12T11:53:39,W002,P00359,SHIP,-18,05151eb8-432c-4b58-8a1f-c01dfa0559de
IM00001920,2025-05-14T00:31:25,W010,P00312,TRANSFER_OUT,-43,de57fce6-e80f-456a-b400-b99f513362c7
IM00001921,2025-12-31T08:22:58,W007,P00528,SHIP,-40,973b2532-1a76-4692-a516-0a9113f3162c
IM00001922,2025-11-26T07:03:45,W004,P00240,TRANSFER_IN,49,b57fbafe-2821-4dce-b5f1-43b5aef54f85
IM00001923,2025-05-05T13:40:00,W015,P00088,TRANSFER_IN,33,e4e802c1-c12c-443f-9d68-4e702a3208f1
IM00001924,2024-03-05T20:38:12,W008,P00485,TRANSFER_OUT,-30,a4f2daa7-0702-40db-9573-1d48ddbd24b5
IM00001925,2025-10-16T21:24:33,W004,P00328,RECEIPT,3,851d5ff0-d267-4a7c-b0ff-7322d16f3a2a
IM00001926,2024-02-06T21:27:33,W017,P00540,SHIP,-32,765ca52d-0cfd-49ec-bcec-a29d2c45935e
IM00001927,2024-10-23T21:57:21,W006,P00209,RECEIPT,42,423c1eea-b321-421a-8b2e-15125a3d612b
IM00001928,2024-09-06T20:09:03,W011,P00216,SHIP,-11,afab6819-e37a-4d69-b890-5b67c7a744d2
IM00001929,2025-05-19T12:58:35,W015,P00405,ADJUSTMENT,6,5bd5e0e1-2127-44f5-b7a7-087e042c7ce4
IM00001930,2024-07-21T23:13:24,W016,P00546,RECEIPT,3,5a0d8967-c82d-40b3-872c-1ed35aae21d9
IM00001931,2026-01-26T06:04:54,W009,P00524,ADJUSTMENT,30,becc847c-1654-4506-ba1a-aae5d4eada29
IM00001932,2024-11-07T07:55:49,W002,P00576,TRANSFER_IN,6,e43461aa-8f59-47b2-a9b3-b103a3e0ae7a
IM00001933,2024-01-08T10:23:01,W007,P00131,SHIP,-44,674cde65-2a5d-41f3-833d-8226b901dd59
IM00001934,2024-05-04T17:32:58,W009,P00092,TRANSFER_IN,25,cfdc6082-78e4-419f-a841-7ba69dcbc26a
IM00001935,2025-08-23T05:04:43,W007,P00230,ADJUSTMENT,14,ef01ae4e-a196-4504-99a4-aa4f6c89c8e5
IM00001936,2026-02-09T04:56:47,W004,P00296,SHIP,-3,767156a8-8944-430a-9fb6-22262bf533d8
IM00001937,2025-01-23T12:44:38,W001,P00517,TRANSFER_IN,6,cc08f5eb-3cb6-49d6-8cc3-7e839f8d96bf
IM00001938,2025-07-03T01:30:43,W007,P00154,SHIP,-9,ded04ab6-2459-4db1-8456-d00af95d5a20
IM00001939,2024-02-10T03:30:56,W001,P00048,TRANSFER_IN,46,95bb895e-e686-4ab9-9129-6b81651c6897
IM00001940,2026-01-04T06:17:10,W017,P00176,TRANSFER_IN,36,c9f537fb-fe86-4264-b1ed-cd3388c0c028
IM00001941,2025-03-06T04:12:42,W002,P00228,SHIP,-32,fb57f046-6f68-42ef-b244-7212a214ed02
IM00001942,2024-11-19T13:41:09,W001,P00086,TRANSFER_IN,39,b065d348-4390-4c38-b0a0-33c2a53bc1d3
IM00001943,2025-03-14T01:11:02,W015,P00177,SHIP,-2,561b0c6d-0b82-4f87-85b2-aeded4c59441
IM00001944,2025-08-22T04:01:43,W007,P00524,TRANSFER_OUT,-34,24db5f14-011e-4508-8277-73cc3bbf9c80
IM00001945,2026-01-02T22:07:57,W008,P00554,TRANSFER_IN,41,051ebeee-fd83-48e7-8bf1-3030705eb186
IM00001946,2024-05-17T18:23:46,W003,P00465,TRANSFER_IN,23,2a4c3a65-dd47-46c2-94ff-9086283042b6
IM00001947,2024-02-22T00:18:26,W006,P00406,RECEIPT,26,ec2e403a-e2d6-46c4-a8f1-c32ca5d72d58
IM00001948,2025-05-21T18:37:31,W002,P00100,RECEIPT,17,81a0e810-7559-463c-ae19-f53a3b71054c
IM00001949,2025-03-05T03:51:54,W012,P00171,ADJUSTMENT,44,edc46aab-4cef-43ff-94ec-b24ff5a5f610
IM00001950,2024-01-09T05:47:17,W009,P00492,TRANSFER_OUT,-17,a0b0e0c5-418e-4b68-9f97-301f5eadb929
IM00001951,2024-12-23T02:46:19,W004,P00453,TRANSFER_IN,6,c407a259-de38-4e24-b681-23204a450e9f
IM00001952,2025-03-19T17:54:46,W004,P00572,RECEIPT,7,db3deaaa-6011-4f88-8d3b-7aa1814195d4
IM00001953,2024-02-16T04:24:51,W006,P00400,RECEIPT,4,5b4eaf50-bed1-4799-950c-723096852fa4
IM00001954,2025-12-31T02:44:04,W012,P00412,RECEIPT,2,1bf3148c-c6f3-483a-ab01-4bce5634fd66
IM00001955,2024-05-11T10:37:02,W010,P00458,TRANSFER_IN,24,11ff93da-5b06-45e4-ac58-3d746d7be56b
IM00001956,2024-03-13T02:24:29,W015,P00480,ADJUSTMENT,12,47af85be-f49f-42f7-bf52-2e3081f5ff3c
IM00001957,2024-05-23T08:13:00,W017,P00464,TRANSFER_IN,47,6f59e32a-7a1c-46ea-9c7f-f498aad0217d
IM00001958,2025-07-16T03:08:21,W003,P00552,TRANSFER_IN,48,e9f3026b-71a5-42d2-b0ba-385b764340b9
IM00001959,2025-08-11T20:48:19,W002,P00524,TRANSFER_IN,33,f246aabd-bb03-44df-9b5e-8578f8c8b8d5
IM00001960,2024-08-12T20:40:21,W017,P00171,TRANSFER_IN,12,995c5c13-aedd-4065-a851-6a8aefe1c327
IM00001961,2025-10-23T21:56:57,W002,P00357,TRANSFER_OUT,-3,956e4f75-dd8d-46d6-9e1e-ec9e1fc0b7e5
IM00001962,2024-05-25T01:48:48,W014,P00274,ADJUSTMENT,8,e290fb3e-b2ac-45d7-857a-d95057a3ba5b
IM00001963,2025-12-06T05:04:41,W003,P00272,RECEIPT,25,40d31799-01a9-4ed9-a5c0-88a408c28000
IM00001964,2024-03-07T18:19:06,W006,P00323,SHIP,-10,6a3dd4a0-e973-4f6e-b093-6b9363645d43
IM00001965,2025-10-31T10:32:12,W016,P00389,ADJUSTMENT,26,ffd47d19-46a2-43d0-9dc3-372d36b2fb27
IM00001966,2026-03-01T11:56:58,W001,P00566,SHIP,-24,0564a86d-0f0f-4740-b4ac-aa374ea00c23
IM00001967,2024-05-27T14:06:47,W017,P00524,SHIP,-14,09b950cf-9663-4442-8b3a-20006bf09fa5
IM00001968,2025-04-04T14:05:08,W001,P00493,RECEIPT,7,88b55cf8-de65-4836-bdf0-2cf1217b8c19
IM00001969,2024-09-08T19:58:09,W007,P00545,TRANSFER_IN,43,d6a19d9e-113d-4c06-a866-e2f780df9413
IM00001970,2024-11-12T06:57:56,W006,P00235,SHIP,-11,3967c2e6-572a-4dfa-9c64-40650a3fc686
IM00001971,2025-07-28T05:53:31,W001,P00096,TRANSFER_IN,43,5939f276-718e-495b-a095-0fb7cbcda065
IM00001972,2025-05-26T04:42:30,W012,P00356,TRANSFER_OUT,-7,fe06b6d7-ca62-4914-aad7-7da7579cf35b
IM00001973,2026-01-05T22:43:55,W017,P00321,SHIP,-9,a4f9f5e9-4c41-43aa-9a79-c2e4fe542cb9
IM00001974,2025-05-30T18:44:43,W008,P00217,ADJUSTMENT,28,3406cdbc-2ba3-43d6-ba6e-2d528458acb4
IM00001975,2024-09-27T23:08:05,W017,P00481,RECEIPT,21,8d3de7b5-618e-4eeb-848c-2553b208b2c5
IM00001976,2026-01-09T08:38:12,W011,P00081,ADJUSTMENT,24,b610d630-ed80-4b73-b05c-a069f4dd7f63
IM00001977,2025-01-30T03:18:18,W012,P00098,RECEIPT,29,4e5dd187-113d-4cc2-9a19-8adbd92b920b
IM00001978,2025-03-09T04:29:15,W013,P00019,SHIP,-28,0a1d2f1b-6260-4531-91f8-907585797f82
IM00001979,2025-05-23T11:49:57,W002,P00063,TRANSFER_IN,28,4373a4da-ba3c-410e-9488-757045e13af1
IM00001980,2025-08-30T13:30:02,W007,P00507,RECEIPT,18,ef8a998e-92ee-4a32-afbd-6eababa63645
IM00001981,2024-09-19T20:47:55,W012,P00010,RECEIPT,42,9188a1e7-a6fd-4a28-83e8-964941d04400
IM00001982,2024-03-28T13:48:06,W013,P00353,TRANSFER_OUT,-43,bfb7b79c-d1f1-41bf-96ba-18e12b848bb7
IM00001983,2024-01-19T21:12:03,W009,P00053,SHIP,-21,c957eee7-18ac-427b-99c5-f92429053def
IM00001984,2026-01-24T18:37:58,W012,P00044,RECEIPT,40,1a9fe350-8fb0-4204-9137-75c528b3e74e
IM00001985,2024-12-07T05:24:11,W013,P00526,TRANSFER_IN,27,76edbc14-5230-4133-b832-da9d57f25654
IM00001986,2024-04-20T06:09:26,W011,P00442,TRANSFER_OUT,-27,a2ecde4a-2921-471c-abe1-f9d104743af4
IM00001987,2025-02-18T05:10:35,W007,P00574,RECEIPT,23,44ab62b6-1d06-4019-a9a7-342476d52721
IM00001988,2026-01-05T04:47:17,W017,P00016,SHIP,-49,c8d072c6-72b2-46e3-b128-4f38781bccf5
IM00001989,2024-10-18T19:22:43,W009,P00093,TRANSFER_IN,48,0875979d-7759-4c84-ae76-20e736dc01d5
IM00001990,2024-12-05T12:34:12,W004,P00066,RECEIPT,13,e50d24bf-8b00-409f-887f-8033a3a8d7ec
IM00001991,2025-10-23T00:06:31,W014,P00266,SHIP,-43,04ca16e9-f8ea-4a2e-82a5-b56475dcd6b9
IM00001992,2026-01-31T02:45:21,W017,P00305,RECEIPT,6,aa6c3bec-a1e6-4352-a3bb-8a46bd04cec7
IM00001993,2024-11-12T06:13:21,W011,P00202,TRANSFER_OUT,-40,ecbeb606-1e2f-4481-b2d6-51ff8a35f762
IM00001994,2024-03-16T12:23:32,W009,P00362,RECEIPT,17,f8ed505a-2c72-4330-bf41-7cf4a0969b5f
IM00001995,2025-05-03T07:34:08,W006,P00375,TRANSFER_OUT,-46,0b094de0-37de-4872-9c6f-2a38aba8b7d8
IM00001996,2026-02-08T06:31:20,W013,P00005,ADJUSTMENT,28,1d584660-a240-4d73-887f-1d4b0102945b
IM00001997,2025-03-21T14:15:26,W011,P00141,SHIP,-39,6c2d4752-bd30-40e1-998d-0f8af60e1dcf
IM00001998,2026-02-21T12:43:26,W008,P00135,TRANSFER_IN,7,8d180ccb-d7b4-4956-9f14-573b65d38e28
IM00001999,2025-03-14T00:31:01,W013,P00401,RECEIPT,17,1d898fc9-8cd7-4b61-a598-4b2f9c3f7415
IM00002000,2024-01-29T21:26:01,W004,P00179,RECEIPT,43,712a2d67-05ae-4c37-befa-b8164cf61c2d
IM00002001,2025-03-31T16:04:46,W004,P00318,TRANSFER_OUT,-41,3d531447-aadd-441b-a02a-6e73d764f6d1
IM00002002,2024-09-30T02:16:42,W014,P00234,SHIP,-41,280ad077-e247-4903-afa0-06f8d82acff3
IM00002003,2026-02-18T02:02:37,W013,P00150,ADJUSTMENT,31,20b6419d-ab45-4fef-8cca-70af3f9c54ee
IM00002004,2024-11-14T02:09:05,W004,P00561,ADJUSTMENT,6,e16bf786-18fc-42a6-a90e-992ee162429e
IM00002005,2025-12-23T07:25:45,W017,P00137,ADJUSTMENT,8,f3768ac7-4324-426d-b835-c339a4e0cee3
IM00002006,2025-08-16T21:00:50,W001,P00180,RECEIPT,32,ccdd1a66-2cfb-4ca1-8d6d-bb5eb35b0015
IM00002007,2024-06-20T01:39:54,W001,P00052,TRANSFER_OUT,-27,d9526365-ffdb-4360-9be3-00e37a0f9f46
IM00002008,2025-05-06T22:54:28,W014,P00592,RECEIPT,18,d46f9ff2-a4df-44fd-af43-f5a0454a927a
IM00002009,2024-07-21T21:20:35,W007,P00134,TRANSFER_OUT,-13,31830e2c-8ab2-4094-8b95-f0602725dbfc
IM00002010,2024-04-10T22:01:30,W008,P00415,SHIP,-12,591670d9-af3f-48ee-a09e-9ae09c48d0d2
IM00002011,2025-06-21T08:37:32,W009,P00532,SHIP,-22,9abdd18b-8e9e-4a3c-bbb6-7b5d47bf5cc2
IM00002012,2025-07-15T20:45:32,W005,P00389,TRANSFER_OUT,-39,7d07b1e6-4cc5-4636-b76a-53112024aa89
IM00002013,2024-04-07T03:27:03,W007,P00059,TRANSFER_OUT,-47,eae48156-19f6-4127-a688-c939d295b019
IM00002014,2025-11-21T08:51:47,W015,P00401,RECEIPT,24,f492dd2a-bf71-4681-af1b-222e80d03605
IM00002015,2024-08-12T03:37:27,W014,P00128,SHIP,-48,23fe9019-4793-4192-b985-d8626ab8ac12
IM00002016,2025-03-05T18:30:19,W012,P00385,ADJUSTMENT,48,5d8119d8-0041-4f10-80d9-9effc61f95b1
IM00002017,2024-06-22T08:04:32,W003,P00240,RECEIPT,34,31b8d1c6-c4e4-41e0-9409-5c1b1926cb8f
IM00002018,2025-12-02T06:13:35,W001,P00402,ADJUSTMENT,37,a155ec57-053b-419a-82d4-d581454aedd1
IM00002019,2026-01-11T09:34:57,W016,P00361,RECEIPT,4,6f62c293-b169-4b73-8251-4556bfab1af0
IM00002020,2025-08-28T04:09:18,W014,P00085,SHIP,-7,81bec3e9-ceae-4c27-bf1a-9f78676aec1a
IM00002021,2024-09-22T16:19:06,W005,P00369,SHIP,-12,795adf6c-31f3-40bd-827b-10c4367246cb
IM00002022,2025-02-15T10:50:49,W008,P00584,ADJUSTMENT,11,cd00c0cb-de9f-48c7-8b5c-ed31fe0e3a52
IM00002023,2024-01-25T03:36:24,W014,P00201,ADJUSTMENT,21,8da7192c-a33f-45d4-8340-59004155d99d
IM00002024,2025-11-19T15:05:48,W016,P00322,SHIP,-25,5b7bfd38-f530-4bc3-b3d2-b61e22eb9cab
IM00002025,2025-01-24T18:13:43,W010,P00303,TRANSFER_OUT,-37,2dc30656-f927-4f5b-9e38-b56011cc250d
IM00002026,2024-03-17T02:21:45,W005,P00525,TRANSFER_IN,21,6d1ba195-8e09-4019-85d9-15e46d184640
IM00002027,2025-09-24T22:24:28,W004,P00524,ADJUSTMENT,20,513f7fe6-9904-49de-ba9e-5475c3c42f0c
IM00002028,2024-05-21T02:55:37,W014,P00249,RECEIPT,19,b25f0848-24ae-4abe-95b6-2663ff901f3b
IM00002029,2024-02-17T04:02:53,W013,P00493,RECEIPT,17,b4ce90ff-5107-435e-824f-aff7820fa5ea
IM00002030,2025-10-31T07:16:29,W007,P00420,TRANSFER_IN,5,3b07e99b-549d-45de-9487-eb43cb40eb23
IM00002031,2025-09-03T21:57:29,W001,P00133,RECEIPT,38,0809084f-5950-4d47-8638-36b6638c6d02
IM00002032,2025-06-09T00:24:50,W004,P00041,RECEIPT,43,6688f874-5880-4511-9e4d-fe5ce6e93a73
IM00002033,2024-04-17T00:44:54,W017,P00152,TRANSFER_IN,36,62e757fd-3726-4449-a61c-19df68c3f533
IM00002034,2025-10-30T12:36:57,W009,P00019,RECEIPT,3,bc005f83-b2d7-4427-a647-bfb8d918c735
IM00002035,2025-11-22T01:46:48,W011,P00157,TRANSFER_IN,35,60cb21c8-a17c-4294-a4b7-98e14743e25c
IM00002036,2024-05-23T17:48:26,W005,P00250,TRANSFER_OUT,-13,d69b5a22-46f7-4d4b-8a7b-8bb479558b13
IM00002037,2025-03-31T20:20:04,W002,P00574,TRANSFER_OUT,-37,d3206793-ebfb-4650-b5ab-24129964aa5b
IM00002038,2024-11-27T07:20:42,W006,P00029,TRANSFER_OUT,-38,d0627dca-b757-490a-acbd-8db5c6c26760
IM00002039,2025-08-06T05:41:27,W017,P00182,ADJUSTMENT,5,1b921448-c615-4198-8e93-b8663d92a2c3
IM00002040,2025-03-24T14:49:15,W003,P00192,TRANSFER_IN,19,14091256-0203-4717-8f96-ae9aa6c14ce5
IM00002041,2024-08-09T18:15:47,W008,P00223,RECEIPT,43,46d8ed8d-c846-4b6a-af04-f8d68c5f17bf
IM00002042,2024-09-13T11:16:36,W017,P00119,TRANSFER_OUT,-4,2ea5f420-a37e-4b2a-b270-b8f46791b851
IM00002043,2025-08-26T04:19:09,W010,P00521,TRANSFER_OUT,-14,e5d25d0d-98a2-4421-bb36-125461e3b5ee
IM00002044,2025-11-28T19:42:32,W005,P00372,TRANSFER_IN,46,ccd6eb84-cc35-4a0f-a417-b163d394498b
IM00002045,2024-04-29T08:03:22,W016,P00158,SHIP,-24,319c308c-21b6-46f8-b68a-7a77142a8464
IM00002046,2024-12-23T22:15:36,W007,P00377,TRANSFER_OUT,-22,c22ae904-328b-4e49-8daa-4e5b2cd03a65
IM00002047,2024-08-04T10:29:12,W005,P00509,TRANSFER_IN,14,eb65e062-9794-4802-953c-50c1fd8137c4
IM00002048,2024-11-03T10:58:16,W002,P00213,TRANSFER_IN,43,a899198a-5fed-4d0e-ae0e-26b78ac3660d
IM00002049,2024-03-07T04:13:34,W012,P00018,SHIP,-46,36de419b-f67a-476e-aa13-78235f538352
IM00002050,2026-02-06T23:04:31,W017,P00009,RECEIPT,14,e172a18a-1310-49d6-90c7-6e44b8129f90
IM00002051,2024-06-15T15:14:34,W010,P00225,TRANSFER_IN,23,c1388699-820c-4ed4-b653-20cde73e565f
IM00002052,2025-08-28T06:46:09,W011,P00573,TRANSFER_OUT,-38,043b0f82-e101-4891-bdf2-ea6c5bff6ee1
IM00002053,2024-08-03T04:29:39,W016,P00199,RECEIPT,47,db1f6b80-68f7-46a4-97a6-9dc7c87ec580
IM00002054,2024-12-11T23:03:21,W017,P00169,TRANSFER_OUT,-8,0e22c54f-1114-4efe-926e-183e3c1be929
IM00002055,2024-01-30T02:09:06,W003,P00470,SHIP,-3,6f469141-9897-4a13-ae0e-67ab75df37cd
IM00002056,2024-02-07T08:25:45,W001,P00580,ADJUSTMENT,43,89c404a6-dfcc-4d26-a453-0f034f866817
IM00002057,2024-01-05T06:29:33,W009,P00035,TRANSFER_OUT,-14,896820f9-4f0e-4e3a-a3e9-d7f621cf89a1
IM00002058,2026-01-06T08:33:55,W001,P00368,ADJUSTMENT,30,62ade7e3-764b-4805-bbd1-087ab4e9445e
IM00002059,2024-06-28T19:28:36,W006,P00053,RECEIPT,38,ced3409f-58a3-40cd-8dd2-6a888c20e0f4
IM00002060,2026-01-31T16:47:51,W003,P00503,ADJUSTMENT,3,e07d3646-029f-4c48-9b25-fd2e8825f1d0
IM00002061,2026-01-12T06:56:08,W005,P00190,TRANSFER_IN,47,96fe4988-9d74-49f8-81d6-8971d72a92e9
IM00002062,2024-02-29T05:39:52,W016,P00118,TRANSFER_OUT,-3,e4e8f832-00af-485a-9b95-1e850d8425d9
IM00002063,2024-11-03T15:08:07,W002,P00168,TRANSFER_IN,31,a075f62a-16d7-4626-b693-a068e96f8786
IM00002064,2025-01-28T22:03:03,W005,P00409,TRANSFER_IN,34,bc6d7d6f-540d-4655-821a-9094207ed8d3
IM00002065,2026-01-02T10:42:16,W008,P00045,SHIP,-25,7acced6e-d52e-4725-b40b-28c3d96c455d
IM00002066,2025-09-22T02:23:43,W004,P00353,ADJUSTMENT,14,a02c9b99-fdde-4e84-907b-f0edca2f274b
IM00002067,2026-01-02T06:49:38,W010,P00044,ADJUSTMENT,41,e71945aa-18a3-4bd0-90a8-92b0bdd6a30c
IM00002068,2025-02-09T02:51:17,W004,P00263,ADJUSTMENT,11,66fd81a9-9a9c-414a-8281-6abb98207014
IM00002069,2025-08-03T00:15:06,W007,P00320,TRANSFER_OUT,-13,9f440aef-a980-4536-8f38-d796e03bc6fe
IM00002070,2025-12-16T23:23:14,W005,P00416,RECEIPT,11,21813bbc-9b84-412e-aff7-a5923ac90364
IM00002071,2025-08-25T18:33:53,W017,P00455,ADJUSTMENT,21,5cd1c768-e379-4329-b017-f2d4268f91e4
IM00002072,2025-02-04T06:50:20,W014,P00046,TRANSFER_IN,26,7b46301b-c49b-434b-b4c4-d98611d8db2a
IM00002073,2024-01-28T08:39:29,W008,P00277,RECEIPT,37,f0769a12-f5ef-4d55-9ba5-dc8a58e4b164
IM00002074,2024-01-27T09:28:58,W017,P00358,SHIP,-26,7492f281-8424-45f4-91ec-60cdf8d095df
IM00002075,2025-03-12T03:03:39,W014,P00064,TRANSFER_OUT,-33,dccab9ad-226f-4b6e-ae74-8f099f80ea50
IM00002076,2025-01-05T03:01:07,W005,P00218,SHIP,-46,26274121-d238-41f5-a2d4-b86849140808
IM00002077,2025-11-01T07:57:25,W017,P00268,SHIP,-41,d78b15e0-af09-4073-8b5c-ec9c68b30b31
IM00002078,2025-12-24T00:30:16,W014,P00447,ADJUSTMENT,34,d815dae3-baf2-495f-b51d-8eaceab985d0
IM00002079,2024-03-30T15:29:22,W014,P00062,SHIP,-6,eb68db36-9f12-4572-bd0c-8f194fba881d
IM00002080,2024-05-30T10:30:04,W001,P00106,SHIP,-38,ea5dc0b7-dc9d-4526-b5f5-c1627a7ec645
IM00002081,2025-04-16T21:27:01,W017,P00364,TRANSFER_IN,7,66021050-ab1d-46f3-9488-859f98bdab42
IM00002082,2025-05-07T22:30:34,W009,P00143,ADJUSTMENT,13,55b04ff1-6524-41fb-b91f-06fcb48a6dd6
IM00002083,2025-11-11T02:38:56,W001,P00359,RECEIPT,5,e04c24fa-c016-44a4-8ac7-8ac318ea7504
IM00002084,2025-04-03T08:20:19,W004,P00206,RECEIPT,40,646a8bbb-2c16-4d95-b6c3-107d4c01defa
IM00002085,2024-02-17T14:06:12,W017,P00305,TRANSFER_IN,42,0a94c0f5-a81f-459b-b19a-b4ad5b88eae7
IM00002086,2025-03-03T15:10:46,W009,P00496,TRANSFER_IN,34,764c0260-27db-42c8-8baa-75e0dc4806b3
IM00002087,2024-01-11T08:31:07,W010,P00365,SHIP,-30,322c1aab-0322-43b5-a84c-732a9de54ea3
IM00002088,2025-02-13T20:16:29,W012,P00185,SHIP,-32,7dd25438-40f7-4aaa-bc4a-9a7ad81a8d49
IM00002089,2025-10-28T02:40:47,W009,P00441,SHIP,-13,b505a187-a26b-4717-b1ad-73e865db118d
IM00002090,2025-07-30T08:09:33,W011,P00481,TRANSFER_IN,47,03054991-680c-41bd-81a0-aaf28c51f617
IM00002091,2024-10-27T22:01:28,W010,P00087,SHIP,-37,d43de618-c24e-4e1e-9496-e3471261086b
IM00002092,2025-04-24T15:25:22,W004,P00112,TRANSFER_IN,22,50b60cc5-3aec-4fdb-8592-47c2fd8ce48a
IM00002093,2025-06-17T09:20:55,W007,P00344,SHIP,-48,e2873b58-7d8f-4bd3-8040-635b5de4744a
IM00002094,2024-11-24T04:39:40,W002,P00450,SHIP,-7,69f7d50c-d31a-499c-9d31-fd385b6532ee
IM00002095,2025-11-10T06:48:05,W008,P00582,RECEIPT,1,cc593ef4-2f8e-4d60-b8a0-377bd6c4b947
IM00002096,2024-06-25T15:14:59,W005,P00123,TRANSFER_IN,10,169a43f0-1a11-476b-a75a-ab20cec2ed9f
IM00002097,2025-05-24T11:21:20,W008,P00380,SHIP,-20,68ca0add-ff7c-4b02-a62f-4a8fe6c6834f
IM00002098,2024-05-06T13:33:06,W008,P00554,RECEIPT,36,8240d8d4-445b-438c-a1a9-fa7fed2eb729
IM00002099,2025-06-13T02:01:20,W017,P00103,ADJUSTMENT,36,48529a3c-c1d5-4e80-896c-6eddc97f8d6e
IM00002100,2025-04-11T02:07:31,W017,P00073,SHIP,-40,83354f2b-0ff8-415f-905b-00313581c411
IM00002101,2025-10-20T11:49:51,W013,P00033,RECEIPT,9,405c99a4-0b4c-48bf-8035-630cc4de1937
IM00002102,2024-03-10T01:46:21,W015,P00011,RECEIPT,23,a8aab02d-25cf-4063-9066-b3cc66e60db9
IM00002103,2024-03-03T00:43:06,W017,P00180,TRANSFER_IN,27,bd981343-08b3-4a7a-b9d9-42acbae4e300
IM00002104,2025-08-26T09:02:08,W013,P00315,RECEIPT,27,cd37ee0c-4d1c-4489-8d4a-5380e03fb7df
IM00002105,2024-05-25T02:12:36,W004,P00398,SHIP,-11,2a5f69d0-e217-4744-a01b-9b91a3c2d637
IM00002106,2024-06-30T16:03:50,W011,P00165,ADJUSTMENT,48,0a7b3c8d-9603-40d1-ab5f-7d622db34bff
IM00002107,2024-07-26T15:04:22,W017,P00203,SHIP,-11,8d87f733-6fdd-4f8d-8c56-8252d2bdc99a
IM00002108,2025-05-31T06:10:57,W016,P00530,RECEIPT,14,10aed877-768d-4c06-abba-fb36caa2378f
IM00002109,2024-11-29T07:41:01,W002,P00338,SHIP,-26,9aa968c9-455e-43da-84dd-e1f930af7b0b
IM00002110,2025-11-11T02:41:24,W016,P00465,RECEIPT,31,3d96ee59-76f5-408b-88fa-aead157f6476
IM00002111,2024-10-31T10:30:36,W007,P00061,TRANSFER_IN,30,25986975-1bc3-47ec-a199-1f46ce9dc1fa
IM00002112,2025-07-13T09:06:23,W009,P00249,SHIP,-1,f2cc12e1-f9b3-4edf-946e-92c5d316211f
IM00002113,2024-11-22T14:26:29,W015,P00504,RECEIPT,34,44f38373-54f0-47dc-b5e9-52d921225315
IM00002114,2024-02-07T19:45:50,W013,P00586,SHIP,-34,3a5be808-5ad9-4897-9425-c624cdbe2e50
IM00002115,2024-11-09T08:24:23,W016,P00575,TRANSFER_IN,46,eb8f10b0-b1b8-4479-bb2d-8393ca20d158
IM00002116,2024-12-12T21:18:37,W001,P00033,SHIP,-45,9ff8896d-066e-4e92-8b1c-18024e97df96
IM00002117,2025-07-23T13:32:22,W013,P00479,SHIP,-46,bbaac799-e319-4a08-9d74-4e286184f24a
IM00002118,2024-12-11T10:41:24,W016,P00144,SHIP,-27,63d6a61c-fa65-42aa-9592-b7362990f6e7
IM00002119,2024-02-09T14:46:08,W001,P00545,TRANSFER_IN,20,eeb1c03c-99bf-48b8-bdb2-89cdc16005d2
IM00002120,2025-04-20T17:53:03,W011,P00240,RECEIPT,16,f4f79674-4400-41e0-b82d-e6c8062f725c
IM00002121,2024-10-10T17:38:10,W009,P00489,RECEIPT,36,36c1e4fa-9da6-4d6b-b6f8-23d451663925
IM00002122,2025-11-20T04:57:50,W002,P00410,SHIP,-19,c0eb1316-8059-4a51-8941-42bf6c783051
IM00002123,2024-10-30T21:55:44,W013,P00175,ADJUSTMENT,34,3392737e-a2c0-4a32-9f1b-ba5870801d7d
IM00002124,2025-07-06T22:03:12,W006,P00027,ADJUSTMENT,14,b9717e1b-5deb-4475-86ea-2a557fe604ac
IM00002125,2024-06-21T00:35:59,W009,P00388,SHIP,-8,8d1bcabb-fa5d-4a53-8d28-d0c311eedede
IM00002126,2024-04-01T21:58:40,W015,P00266,SHIP,-11,5872f701-5620-4329-b10c-a644f1884bcd
IM00002127,2024-03-13T02:33:43,W002,P00118,SHIP,-39,79d30d24-d221-4948-9bf7-17ae3a5692fa
IM00002128,2024-03-05T14:22:05,W015,P00273,ADJUSTMENT,43,a464639a-33aa-48d4-966c-a7e33237c81c
IM00002129,2025-08-08T16:26:52,W005,P00070,ADJUSTMENT,39,410d4c06-726d-49fa-adc7-0dc1c81bcd45
IM00002130,2025-10-05T14:00:08,W010,P00203,TRANSFER_OUT,-29,6cafce23-eee0-40a9-a87e-be67bca569a7
IM00002131,2025-02-07T18:14:57,W005,P00185,RECEIPT,9,d664994a-02df-44a6-8af4-084d9cae4da5
IM00002132,2024-04-17T14:05:38,W011,P00242,RECEIPT,36,9da60a0d-ecc5-4574-a66c-03ee073dc6e4
IM00002133,2025-01-21T05:12:16,W003,P00223,SHIP,-7,cab76c97-7aa2-4641-bd1a-f2722bef6948
IM00002134,2025-10-10T23:29:14,W017,P00047,SHIP,-37,a46b43e0-2bba-4922-a203-d5a59ed0a33a
IM00002135,2024-09-06T06:22:52,W011,P00260,RECEIPT,33,4fdaaf53-5dd2-4558-ab59-1ffce90db501
IM00002136,2025-02-14T10:48:43,W002,P00373,TRANSFER_IN,37,ee1c012e-1904-4f9b-85f7-c4cf3fc35408
IM00002137,2025-03-12T04:46:43,W017,P00301,ADJUSTMENT,30,e212a0c2-d490-4c86-8001-f3438ed26d7b
IM00002138,2025-08-24T03:48:23,W015,P00466,SHIP,-26,22e66f53-7367-4571-9532-fe10bb06e11b
IM00002139,2025-05-16T00:21:38,W011,P00148,ADJUSTMENT,1,85de2931-d94a-4b5f-a67e-9f0567456ec9
IM00002140,2025-05-28T06:53:14,W015,P00389,TRANSFER_IN,15,10588038-8ed6-4067-9a79-2f82926b8165
IM00002141,2025-11-29T05:17:54,W012,P00247,TRANSFER_IN,35,7890a795-89ca-4c8d-ac5b-8299444e7ad6
IM00002142,2024-01-24T08:16:30,W010,P00181,SHIP,-45,558249c2-b461-4d39-a337-49b26b420bcf
IM00002143,2025-10-25T01:39:15,W006,P00542,TRANSFER_OUT,-8,6934862e-852b-473e-87d4-5d6772e2edd4
IM00002144,2024-10-14T14:57:45,W016,P00600,ADJUSTMENT,19,9b3e8331-4a20-4851-b6a0-fa324a8416a1
IM00002145,2024-02-03T06:34:37,W011,P00010,SHIP,-18,77ebfe4b-9ef0-4630-af98-c8117cbfdb7a
IM00002146,2024-08-06T10:07:51,W013,P00136,TRANSFER_IN,28,f76329f5-fab4-4195-8811-642ffda445b5
IM00002147,2025-09-03T11:03:54,W005,P00031,ADJUSTMENT,7,5f35df34-901b-4732-ba6b-d76758f31f00
IM00002148,2024-09-22T12:08:25,W003,P00051,ADJUSTMENT,17,10cf6ced-fc5e-497b-91d0-cae50844e06e
IM00002149,2025-02-09T01:38:16,W008,P00100,RECEIPT,36,ef4b5ddc-0753-47e8-9f13-47a1772b0549
IM00002150,2024-04-18T14:24:00,W012,P00083,ADJUSTMENT,25,d148c735-e064-41d9-b51d-54e1eb667449
IM00002151,2024-11-13T07:22:00,W014,P00073,TRANSFER_OUT,-42,6d2e2c39-a7b6-4cc4-97e3-e6699d4be63e
IM00002152,2025-04-08T09:39:05,W004,P00112,TRANSFER_IN,26,7344c3d8-de3f-423f-ba41-d76b4618d27f
IM00002153,2025-04-27T11:21:29,W013,P00375,TRANSFER_IN,2,931dd5de-ff82-43da-9825-6c3982218383
IM00002154,2025-09-19T22:13:53,W004,P00196,ADJUSTMENT,47,11e56516-aafa-499e-bd77-6c547f5fa465
IM00002155,2025-09-16T11:59:45,W002,P00311,TRANSFER_IN,44,dd82cbd9-2651-480c-9c9f-6497b8f21004
IM00002156,2025-07-02T23:08:28,W014,P00487,ADJUSTMENT,9,00943d99-e1c9-44c5-9432-0d1e578962b0
IM00002157,2024-05-31T16:41:51,W015,P00482,RECEIPT,3,b2c2f145-92dd-4751-bd02-06fe435de6c5
IM00002158,2025-04-14T19:38:11,W006,P00176,TRANSFER_OUT,-38,8c227acc-09fe-4bb6-9193-ea41ce7cc75f
IM00002159,2024-06-29T08:36:12,W016,P00040,TRANSFER_OUT,-13,27291dd9-185f-44c8-b69f-4ee1d7212bda
IM00002160,2024-06-01T22:04:28,W005,P00227,TRANSFER_OUT,-11,bf845255-8b3d-494d-aa6e-61889b7087b9
IM00002161,2024-04-18T16:16:21,W009,P00483,SHIP,-31,79856607-d6ff-423a-9310-c61179f0087d
IM00002162,2026-02-21T15:15:57,W012,P00194,SHIP,-24,ef3deafe-82b8-4648-b528-29cd4409ba9e
IM00002163,2025-08-19T18:49:52,W004,P00273,ADJUSTMENT,44,fb2f1f23-4056-48de-92a6-d77af172fc24
IM00002164,2025-03-08T04:49:59,W007,P00119,TRANSFER_OUT,-43,70820814-2632-40ea-bae7-61ef364157ef
IM00002165,2026-02-23T23:40:39,W016,P00462,TRANSFER_OUT,-30,ca8b4e62-01ee-4c01-a460-0da14b690300
IM00002166,2025-06-24T17:08:43,W015,P00187,SHIP,-28,4323be37-8610-4ce0-81ee-5e6f095bba3b
IM00002167,2024-08-05T15:50:31,W010,P00137,SHIP,-22,3d085916-cff1-4052-beeb-e7c8661a3e84
IM00002168,2025-10-26T14:14:39,W005,P00290,SHIP,-37,90de0bfa-3f4f-441a-9ae8-5ce5c0de10b2
IM00002169,2024-07-04T23:45:12,W015,P00464,SHIP,-49,f35640d0-a2f5-42d8-b733-671b6076c34e
IM00002170,2025-05-05T17:11:39,W005,P00475,TRANSFER_IN,16,df6089f0-634b-4b1a-97d0-13b3fcd6b462
IM00002171,2025-12-09T08:14:44,W002,P00009,RECEIPT,16,e2ca04f9-5fe8-41de-bddd-cced0f18c663
IM00002172,2024-05-15T19:43:41,W007,P00094,ADJUSTMENT,19,aac7f1e1-1571-4453-88b2-edbb73436eac
IM00002173,2025-12-18T12:44:00,W008,P00520,TRANSFER_OUT,-4,1ef39316-6126-400e-98a7-a845111ede4e
IM00002174,2025-06-24T20:02:15,W007,P00280,SHIP,-17,998104ee-90ef-4a80-91be-7e82c1b4abcb
IM00002175,2026-01-14T09:48:48,W013,P00101,TRANSFER_OUT,-18,425d2ffd-8012-47c1-9bc1-51170ad27a87
IM00002176,2025-03-08T05:29:53,W010,P00380,TRANSFER_OUT,-41,0846f4e4-3f38-4154-9563-ed494175366a
IM00002177,2025-08-19T01:34:22,W010,P00117,SHIP,-24,d7c54e25-d531-4751-997b-d09e584b9735
IM00002178,2025-08-10T16:34:28,W013,P00260,SHIP,-49,8f4f4931-3f11-4f8b-aedc-234c7d82ea30
IM00002179,2025-02-13T16:19:42,W006,P00426,RECEIPT,43,b341c3c5-84a3-4e66-ae00-3b8a0b58df98
IM00002180,2025-02-22T01:59:54,W006,P00400,TRANSFER_IN,29,7bd29dd7-117b-42fe-9321-0ccd16b7208f
IM00002181,2025-10-26T14:04:58,W008,P00576,TRANSFER_OUT,-26,e8a65ac6-5853-4940-9884-99274238a6df
IM00002182,2025-12-09T11:02:30,W004,P00551,TRANSFER_IN,34,7f4d3ac2-d2c7-41ac-9e2d-6e4263b05dac
IM00002183,2024-04-13T14:44:29,W012,P00556,TRANSFER_IN,8,12fb9d7e-63c0-4130-9772-343b66a5ba47
IM00002184,2025-11-06T09:10:14,W017,P00307,TRANSFER_OUT,-31,251fa26b-9a8e-4715-b5db-b43c9fed5eaf
IM00002185,2024-10-23T09:45:34,W012,P00524,TRANSFER_OUT,-15,16e5cac3-a10f-486f-8163-2f60e7e82530
IM00002186,2024-07-08T16:20:25,W005,P00372,SHIP,-9,ae530faa-ea7a-41f6-8827-135447e10db0
IM00002187,2025-04-06T11:07:14,W011,P00253,SHIP,-17,fa6d50f8-a6b0-48c2-8fa9-3cfba86ee1ff
IM00002188,2025-12-29T21:59:47,W004,P00293,ADJUSTMENT,30,e421bc2b-7bfa-420f-be34-2b0d3c81b8f7
IM00002189,2025-07-02T13:54:52,W007,P00538,TRANSFER_OUT,-44,cd9881e5-c446-4ad7-87e4-cb7c596e2802
IM00002190,2025-05-08T22:30:25,W014,P00549,ADJUSTMENT,45,06f81df6-9ecf-4108-9980-73097a8920c2
IM00002191,2025-08-11T00:18:28,W011,P00026,ADJUSTMENT,18,5459d43e-ca6f-4d55-b86e-c872745e8c9d
IM00002192,2025-04-28T19:35:33,W001,P00215,RECEIPT,8,e71b24bf-4f3c-49a8-92d9-80285e8e9e9c
IM00002193,2025-02-20T02:42:53,W007,P00131,SHIP,-19,75174ce2-c05f-429a-94bd-ae6b6133d80b
IM00002194,2025-05-28T10:08:54,W009,P00215,RECEIPT,11,e09b3da6-cb5a-4fb0-b341-a7943094cde2
IM00002195,2025-02-21T07:56:29,W012,P00303,TRANSFER_OUT,-40,9220947a-0001-42f5-bcff-8690c3a15ed5
IM00002196,2025-04-22T22:02:20,W010,P00536,SHIP,-9,9afc3114-e1d7-4e99-b096-df23ea4abf77
IM00002197,2026-02-09T06:48:30,W003,P00233,ADJUSTMENT,5,0f83f5bf-c1cd-43c9-b784-4b074a01c29e
IM00002198,2025-04-02T13:19:43,W004,P00408,ADJUSTMENT,24,4efb64a3-be47-4ced-814f-675f34d42bc7
IM00002199,2024-06-15T15:30:14,W001,P00368,SHIP,-16,50e4572b-22e7-4a67-9b07-c2ed119d8a5d
IM00002200,2024-09-18T06:02:47,W017,P00204,RECEIPT,47,6d70066b-d9c9-4a09-a5dc-7e4bc1a36400
IM00002201,2024-02-25T02:46:35,W014,P00125,TRANSFER_OUT,-42,1ec3af0d-ee05-4d83-bee3-8222a5508864
IM00002202,2024-04-11T09:43:18,W006,P00109,SHIP,-49,505fc399-b63d-4379-8865-322052cb9d9d
IM00002203,2025-07-14T00:37:47,W014,P00457,RECEIPT,46,f6b04ec7-518f-41d3-a5b2-bc2ebe79cfbb
IM00002204,2024-07-14T22:26:04,W009,P00241,SHIP,-30,653c10f3-4ad7-4fd3-a3da-4bf89f7468f3
IM00002205,2025-04-20T02:00:58,W006,P00518,TRANSFER_OUT,-41,a920da48-4a3b-4546-a852-784948204c0a
IM00002206,2024-06-20T06:29:20,W015,P00473,ADJUSTMENT,25,7057014d-4cba-4902-932a-c5b6e560340e
IM00002207,2024-08-05T12:29:20,W014,P00410,TRANSFER_IN,39,7b6b6639-a791-4428-b505-066a403d660c
IM00002208,2025-04-02T15:45:02,W012,P00552,SHIP,-29,266d2124-f988-4f56-9322-2dc9bf31379c
IM00002209,2024-10-12T16:51:49,W001,P00353,TRANSFER_OUT,-16,fb5a9243-2200-48ea-a5c2-5eccacee5a1e
IM00002210,2024-08-06T07:44:45,W013,P00064,SHIP,-10,30d1db12-98d5-458f-90d9-44d8b9b17b4e
IM00002211,2026-02-28T11:26:10,W004,P00392,TRANSFER_IN,28,7dd66136-de4f-42fd-8af9-d74c6f759b89
IM00002212,2024-07-21T06:44:08,W005,P00107,SHIP,-2,aab2e997-249a-467d-8f90-fa569063e163
IM00002213,2026-01-18T20:27:03,W004,P00229,TRANSFER_OUT,-4,fc3224ac-fadf-4fd3-8357-d3976dfd9deb
IM00002214,2025-10-06T04:25:20,W002,P00353,RECEIPT,48,9ff61a8a-4831-4514-af92-6a40cb93919d
IM00002215,2025-12-26T11:47:02,W017,P00369,TRANSFER_IN,29,bf2f8c75-c683-4931-a91e-51bc914246c2
IM00002216,2025-02-02T18:33:17,W003,P00188,SHIP,-6,a68266dd-7096-4e13-b644-e5b087c90bce
IM00002217,2025-02-17T06:07:41,W013,P00089,RECEIPT,12,5991ea70-40ab-430c-9fb4-727d5e2e691a
IM00002218,2024-05-03T15:17:31,W005,P00425,RECEIPT,42,d33114fe-925e-493c-9216-b3788e4f883f
IM00002219,2024-08-07T00:13:59,W009,P00387,SHIP,-13,f9cca76d-03ff-465c-8a90-3c0292fa97df
IM00002220,2024-06-21T11:59:48,W009,P00074,TRANSFER_IN,22,4d39e47b-9293-443f-9b0d-aa2315479a0b
IM00002221,2025-02-08T07:02:44,W007,P00277,ADJUSTMENT,3,6d512527-c566-4c8a-945c-64c6d24ab964
IM00002222,2024-10-30T23:58:48,W005,P00558,TRANSFER_OUT,-27,f0992b7e-5b5e-4217-b062-e112e01e074e
IM00002223,2026-02-08T20:16:04,W010,P00585,SHIP,-22,7f1716c9-5823-4a88-aac7-2d29a479ed8e
IM00002224,2025-04-22T01:22:14,W009,P00288,ADJUSTMENT,35,b54dceae-1819-49d9-b696-14bd0fed4244
IM00002225,2026-01-08T22:50:23,W017,P00230,RECEIPT,18,2efaf6cf-263b-4d5c-a04f-fcb8024824e1
IM00002226,2024-01-19T06:12:37,W008,P00167,TRANSFER_IN,47,236a7e6e-ec3c-4ead-915e-6415afac7282
IM00002227,2025-08-28T05:39:11,W009,P00485,TRANSFER_IN,40,29cbf579-82a2-46e7-b798-3e1513d214d2
IM00002228,2025-01-23T11:28:19,W013,P00517,SHIP,-1,29045ed3-e004-46e6-8e83-48bb0e7d52d7
IM00002229,2026-01-24T13:14:57,W017,P00269,TRANSFER_OUT,-19,0b3cd5f3-4e0d-4a14-8ff8-b62f9d0a0d24
IM00002230,2026-01-28T20:13:08,W001,P00025,TRANSFER_OUT,-17,af7abaa0-71be-431e-bd31-e035ad3cb2f8
IM00002231,2024-07-16T03:11:49,W008,P00297,RECEIPT,34,a1436c05-3723-4dc9-84d2-867c81993dc1
IM00002232,2024-11-09T01:37:06,W016,P00297,ADJUSTMENT,21,ee262539-52e4-4787-bee5-8b48da31f10c
IM00002233,2025-12-06T06:57:54,W005,P00105,ADJUSTMENT,2,77efcbaa-694b-4c26-a12d-6a000b385073
IM00002234,2024-09-25T09:16:18,W005,P00599,TRANSFER_IN,30,d90e0763-fd84-4b46-9e17-b3e077bd421a
IM00002235,2024-03-05T00:49:54,W009,P00316,TRANSFER_OUT,-43,93367427-cff2-40e8-94da-64eb963e71d9
IM00002236,2025-05-06T03:06:42,W012,P00593,ADJUSTMENT,37,37da9722-0855-4810-855a-8211eb0a144e
IM00002237,2024-09-24T18:51:16,W003,P00108,SHIP,-39,e84f4471-776d-4e10-bc45-37e242606583
IM00002238,2024-05-18T15:01:34,W001,P00314,ADJUSTMENT,10,fc8fdb35-fcde-429f-b297-fb28c37aca0c
IM00002239,2024-05-02T16:08:32,W006,P00527,ADJUSTMENT,20,ece302ab-c441-4235-a144-975c4fa0a298
IM00002240,2024-01-19T09:12:04,W005,P00007,ADJUSTMENT,17,2b022cd6-58d9-4baf-9ec0-4471a6b0e7ed
IM00002241,2024-02-20T00:36:07,W012,P00251,RECEIPT,11,59738f4f-fb61-40dc-bf36-acb5ad4b23f4
IM00002242,2025-04-22T21:04:49,W003,P00208,SHIP,-18,84ea2856-41a5-4c2a-802d-6838d36e78e6
IM00002243,2025-10-17T20:22:25,W001,P00047,RECEIPT,12,e090dfa7-b44d-4a3d-a0d1-0aeb8b90b62c
IM00002244,2024-09-29T16:23:34,W007,P00407,SHIP,-28,c4821e4a-ec17-41c0-9a1c-bf62f6b3cd40
IM00002245,2024-06-01T12:24:18,W003,P00236,TRANSFER_IN,8,bd269b51-e2f8-4a7e-9054-de62d20f124b
IM00002246,2025-12-17T10:31:18,W008,P00512,TRANSFER_IN,35,3ad7aa6c-c89b-4544-813f-bbd6f36aaf92
IM00002247,2025-07-26T20:12:16,W005,P00412,TRANSFER_OUT,-16,9f1556b2-2114-4d0f-b843-5eadae3b1d56
IM00002248,2024-03-30T07:36:55,W010,P00430,SHIP,-13,1938d228-e5b8-4c32-82b6-8a9a4ad90b45
IM00002249,2024-01-24T04:23:37,W002,P00322,TRANSFER_OUT,-38,95d45ae9-eef4-4b78-9ad8-3fc0f7b9c815
IM00002250,2024-10-28T11:23:57,W013,P00029,TRANSFER_OUT,-12,69367538-97d5-4ae3-b383-0909b78583d6
IM00002251,2024-04-11T20:08:29,W008,P00552,TRANSFER_IN,38,1eb4fa0e-915a-4aee-9f6d-393c024fd3be
IM00002252,2024-03-13T10:11:29,W006,P00117,TRANSFER_IN,16,e4690949-85b0-4735-a850-29d60b8fcfb7
IM00002253,2025-12-15T08:50:07,W004,P00333,RECEIPT,19,8aeb795c-1be7-45ac-b2e3-50337e101400
IM00002254,2025-02-18T08:33:39,W010,P00097,SHIP,-12,964a65f1-4990-4919-ae34-fdfae5e25e9d
IM00002255,2024-03-09T15:35:33,W014,P00468,SHIP,-44,32731a5e-bc70-4415-88b2-136a0b0d9f45
IM00002256,2025-07-13T05:40:50,W005,P00090,SHIP,-42,3d4e4f3b-b31d-41a6-9dac-91ec2df34c83
IM00002257,2024-02-21T20:55:47,W016,P00573,SHIP,-4,ff3c41b6-2f10-4eea-8764-d994a2595b23
IM00002258,2024-12-01T00:00:56,W013,P00266,TRANSFER_OUT,-7,7ea7bc1a-4f6d-47a5-8e64-ad1329ca5c0b
IM00002259,2024-09-16T11:56:54,W010,P00455,SHIP,-7,b2f87f73-0188-40be-831c-ead3f6706a01
IM00002260,2024-12-10T11:14:16,W005,P00275,RECEIPT,6,994607dc-ee81-462b-a9ff-50e117f39457
IM00002261,2025-02-13T13:59:52,W015,P00426,TRANSFER_IN,17,9805dc8a-93da-4d29-a5f1-c6f3e71acec3
IM00002262,2024-01-16T21:20:29,W010,P00556,ADJUSTMENT,39,70118288-c954-4cd5-8d01-1729dcd76ebb
IM00002263,2025-05-26T14:36:03,W004,P00218,TRANSFER_OUT,-25,b922e651-2f60-4829-9f8f-e63be4f8f921
IM00002264,2025-09-17T02:00:39,W013,P00415,RECEIPT,13,dcf6dcfd-161c-4303-b1ee-7825f9cbfcfc
IM00002265,2025-01-28T01:41:48,W003,P00488,TRANSFER_IN,1,0ad9ab47-7273-4bd2-a511-453f470dc925
IM00002266,2024-05-19T16:10:14,W009,P00403,ADJUSTMENT,40,764d5196-dd24-4642-ab35-e9bca8711f29
IM00002267,2024-12-01T16:58:49,W003,P00084,RECEIPT,36,409d3b57-c0ce-4695-9e0e-ecfea21dbbf9
IM00002268,2025-05-07T10:03:38,W001,P00456,RECEIPT,29,b875b388-54fe-48d5-be5a-0661261bc21b
IM00002269,2025-08-08T14:40:49,W011,P00081,TRANSFER_OUT,-24,eef5de76-9732-4e10-8ed2-0d9faa1e3424
IM00002270,2025-10-21T19:18:05,W001,P00511,RECEIPT,40,b2185f5e-b8d2-435b-a026-a374c5fb8fa3
IM00002271,2025-12-31T13:45:46,W005,P00546,TRANSFER_OUT,-3,26e7a1f2-aaef-4625-89a2-94bbe9b51c2c
IM00002272,2026-02-16T21:07:44,W004,P00458,RECEIPT,1,ec694cf3-bd95-4f52-9ea9-25b60e2ca11b
IM00002273,2025-02-06T05:49:26,W009,P00234,TRANSFER_OUT,-38,7f2bca93-ccb9-442a-aef4-2425e66e6d09
IM00002274,2025-08-05T00:57:47,W017,P00494,RECEIPT,15,418fc18a-e9f8-415e-9978-b2e837910ddd
IM00002275,2025-03-20T06:58:32,W007,P00246,RECEIPT,4,361852cc-096f-4ba1-aec9-99fb1e47fb7c
IM00002276,2024-01-25T20:55:58,W004,P00222,RECEIPT,41,8c73f7f8-cc9a-4a95-8358-134ca24337de
IM00002277,2024-05-30T18:01:37,W013,P00227,TRANSFER_IN,34,ecb207f4-b22b-4f9a-b60d-9dd0943bb65b
IM00002278,2025-04-03T07:15:56,W001,P00192,TRANSFER_IN,14,cddcac99-ca32-4120-bcbe-d356171200eb
IM00002279,2026-02-11T00:15:33,W011,P00425,TRANSFER_OUT,-27,99824f53-45b6-4d78-8c46-9e106f38458b
IM00002280,2025-12-10T15:49:32,W014,P00240,SHIP,-22,118921cf-ede6-4b96-810f-3c8405515afb
IM00002281,2025-01-05T22:23:32,W008,P00170,TRANSFER_OUT,-45,51fd421b-6bc8-45f8-ac26-4fb41d1227d8
IM00002282,2024-01-23T16:29:44,W002,P00187,SHIP,-14,51e3efaf-6d66-43e6-8b3b-0d0c14baad46
IM00002283,2025-08-03T22:37:15,W012,P00169,RECEIPT,3,c95dc479-1990-4831-ac2e-f8490f7997f5
IM00002284,2025-02-27T22:29:04,W003,P00043,SHIP,-4,5b9ac8cf-6f83-416a-9aba-b77e3e1dac01
IM00002285,2025-04-16T00:42:17,W007,P00566,RECEIPT,10,79a66381-1181-4f90-b612-6193f3d4e0b6
IM00002286,2025-08-09T22:57:54,W013,P00595,SHIP,-7,a880a750-4ddb-4ece-a4cc-74251bf40859
IM00002287,2025-07-20T07:49:58,W011,P00034,RECEIPT,33,48f05187-820e-4354-bd75-96640ee210f0
IM00002288,2025-05-05T22:43:36,W010,P00500,TRANSFER_IN,35,4eadfc7b-f78c-434d-a1ed-73517f6c55a0
IM00002289,2026-01-19T21:05:37,W009,P00464,TRANSFER_IN,35,8501103a-a634-41e9-9190-66272b4868f0
IM00002290,2025-02-05T17:56:08,W006,P00083,RECEIPT,41,57ce086e-4da3-498d-ab80-a13b4d87e6f8
IM00002291,2025-04-12T10:14:18,W011,P00144,ADJUSTMENT,32,4de6439a-f560-4b6a-a243-11e8206c8322
IM00002292,2025-10-20T15:27:12,W003,P00489,TRANSFER_IN,43,f490250f-818d-40d4-b02e-6f7205edf6ff
IM00002293,2025-07-07T01:06:15,W014,P00381,TRANSFER_IN,24,b02d4a7d-33a7-4ed7-8b5f-0c83eba5fd86
IM00002294,2025-08-13T06:31:17,W005,P00150,RECEIPT,19,625bc881-0bdc-47e0-8dc3-9126d6f4e8a9
IM00002295,2024-08-01T19:46:11,W010,P00064,SHIP,-3,dfcfdcf5-e4a3-489d-8867-3d3eab74b29d
IM00002296,2024-02-01T08:04:43,W008,P00166,ADJUSTMENT,12,f62c9768-4f39-4483-a2f6-36f1fa77481e
IM00002297,2025-12-26T03:13:29,W007,P00402,SHIP,-17,2d376ea4-92db-4771-84e3-4e1ee62edf4d
IM00002298,2025-01-15T13:55:16,W013,P00317,TRANSFER_OUT,-36,b131948e-7650-4256-ad59-65024af7b1f3
IM00002299,2024-09-26T06:12:10,W014,P00400,ADJUSTMENT,41,ebdaac3e-380a-419f-8bbd-3896a93e8dfc
IM00002300,2025-03-06T08:35:57,W012,P00037,ADJUSTMENT,39,ebd6c83a-614d-45e6-b1e4-df326452e1cf
IM00002301,2025-04-14T00:04:34,W014,P00477,SHIP,-3,6df235da-7f7c-4864-9e6e-2c98c1859dbf
IM00002302,2025-11-30T02:01:55,W006,P00202,TRANSFER_IN,26,eb946033-d70e-428d-9e2b-d39f5783990b
IM00002303,2025-04-23T23:41:51,W004,P00131,ADJUSTMENT,30,2e7471ba-62c4-411d-b623-0670829d2280
IM00002304,2025-11-14T00:19:36,W009,P00456,TRANSFER_IN,27,9e3967b5-3c02-4ad1-b10d-d6766fbd085a
IM00002305,2024-05-10T11:51:14,W016,P00001,TRANSFER_OUT,-5,ae3b0874-dfdb-445e-8303-a6cba921dc44
IM00002306,2024-06-09T04:30:36,W017,P00005,RECEIPT,28,2e0ec94b-5f11-482b-9a73-5ff0403dc42a
IM00002307,2025-01-31T11:52:12,W008,P00447,SHIP,-19,ce57dd04-3a6d-46d7-8239-e8055a715bb4
IM00002308,2024-02-15T04:57:56,W016,P00258,TRANSFER_OUT,-39,1978af06-beab-4884-b946-6378921bb25c
IM00002309,2024-08-12T23:24:37,W007,P00495,TRANSFER_IN,31,97fe4a6b-a95c-4381-9210-15098ec36c23
IM00002310,2024-08-06T12:37:55,W011,P00215,RECEIPT,21,a7155d3c-2450-4b85-82a5-372504d0bc7b
IM00002311,2024-06-23T10:53:03,W010,P00105,RECEIPT,24,1295760a-0882-4516-a1b4-37dc5340e236
IM00002312,2024-04-25T16:39:39,W012,P00113,SHIP,-28,f9b65352-090e-475f-83fb-906c91fad8f8
IM00002313,2024-08-07T07:24:00,W016,P00198,TRANSFER_OUT,-23,d46f0cce-1fb0-443e-811a-7d5415dae2ae
IM00002314,2024-11-08T09:52:22,W006,P00048,RECEIPT,12,f98336d9-d686-463a-9675-1c175006221e
IM00002315,2025-03-08T20:35:32,W011,P00206,ADJUSTMENT,15,c9f94c11-d1f0-4c4f-a700-d4588cfa6597
IM00002316,2025-09-11T19:46:02,W006,P00252,RECEIPT,9,fd1385af-071d-41d0-ac7c-0682a67a4f8a
IM00002317,2025-07-20T07:30:25,W009,P00380,RECEIPT,39,7d01588b-cf48-42a5-8ed0-c1f4e26a362e
IM00002318,2025-08-28T09:30:01,W009,P00096,TRANSFER_OUT,-48,d74dc528-e428-4210-a270-26f92d04d74d
IM00002319,2024-06-13T10:36:26,W007,P00121,TRANSFER_OUT,-42,4b009769-83a1-43d9-be8d-ad86698e3323
IM00002320,2025-06-08T20:08:05,W007,P00346,ADJUSTMENT,22,370b3321-07e6-4efa-ab25-6942a82b19f9
IM00002321,2026-02-11T21:21:02,W006,P00014,RECEIPT,49,af84c338-3c11-4aa4-993d-ea76986db910
IM00002322,2024-11-13T17:51:12,W004,P00225,ADJUSTMENT,17,75bc7b5b-8518-4741-a4c7-6484ab715cad
IM00002323,2025-11-12T05:41:46,W001,P00016,ADJUSTMENT,48,374c5ae6-32dc-4e98-8fbd-62b3ffbe0427
IM00002324,2025-06-20T04:40:59,W008,P00080,TRANSFER_IN,37,405117a9-eb59-4700-acd3-d83663a20e33
IM00002325,2025-07-18T02:11:07,W005,P00351,RECEIPT,12,5015ef84-75c2-4aee-a900-2e911ca37b3d
IM00002326,2024-04-25T15:04:21,W004,P00043,SHIP,-29,226e9dd4-d967-4486-951f-8f7fb5630190
IM00002327,2024-12-20T04:02:31,W002,P00050,RECEIPT,9,ed166c73-a938-423a-a9a8-085e46842f91
IM00002328,2024-12-17T19:45:18,W001,P00147,RECEIPT,37,9309cb16-1f3a-462d-9126-3990bab3773d
IM00002329,2026-02-18T05:47:15,W011,P00121,TRANSFER_OUT,-17,72e76c78-62c8-4d8e-8dfd-a6aba3ce3190
IM00002330,2024-09-01T00:49:17,W012,P00145,RECEIPT,10,83a1e541-500d-44d4-9118-80df5f07e926
IM00002331,2025-10-16T03:28:33,W009,P00496,RECEIPT,30,63a05ade-17eb-4326-8b48-c350f07687d1
IM00002332,2025-01-14T18:48:46,W002,P00458,ADJUSTMENT,36,ba9798b8-5f39-4bf7-8c8d-8114d949811a
IM00002333,2025-03-04T07:02:08,W017,P00390,SHIP,-49,de4e8a6e-6929-430d-8d98-83d2d36dcc21
IM00002334,2025-04-25T11:33:46,W004,P00082,TRANSFER_OUT,-27,fec505b9-0168-443a-8855-4dab080da2ed
IM00002335,2025-12-18T02:38:03,W011,P00266,TRANSFER_OUT,-45,cfa3b7bc-81c4-481c-9a1f-464520f6ecc1
IM00002336,2025-01-07T22:58:30,W016,P00300,TRANSFER_IN,21,98e6c7b7-9693-45c6-81b3-f729cccd3b70
IM00002337,2024-10-07T23:39:42,W010,P00133,TRANSFER_OUT,-42,54da470a-272b-45d0-bc60-155d99b1d1e1
IM00002338,2024-07-27T18:48:16,W012,P00014,RECEIPT,23,ab2eff9d-1747-457d-ae0e-1b47dc9d6a77
IM00002339,2024-10-28T10:24:02,W013,P00058,SHIP,-3,62906525-8b93-409a-9f1b-2ed056fc8e07
IM00002340,2025-06-19T18:21:26,W007,P00010,SHIP,-6,bf0467eb-08ee-4dca-89ad-f42c6c215c6f
IM00002341,2024-09-12T20:37:39,W003,P00246,TRANSFER_OUT,-26,8a2660ee-7996-4b71-b5a5-06f5e68573ed
IM00002342,2026-02-10T20:08:27,W011,P00016,TRANSFER_OUT,-5,cdd7f46a-89dd-4549-8206-fec5600b6cb2
IM00002343,2024-02-16T17:12:28,W009,P00317,TRANSFER_OUT,-25,20ef9558-2b63-4d10-add2-1ffb4c0e95dd
IM00002344,2025-10-21T15:26:11,W008,P00398,SHIP,-11,bada9ae8-6207-4422-ae45-ea7e4dc84d42
IM00002345,2024-02-05T02:26:06,W015,P00234,ADJUSTMENT,17,eb990abd-7421-4b59-91fb-13fa9c0c102b
IM00002346,2025-06-19T08:41:40,W009,P00411,ADJUSTMENT,6,d370e900-9e7f-48c1-8938-20fefcc7f2cf
IM00002347,2025-12-15T12:15:59,W013,P00179,ADJUSTMENT,13,ecd49953-a645-49d1-abe8-bb315d1fefe8
IM00002348,2024-12-12T00:12:57,W017,P00167,SHIP,-25,9302d7ee-d6f5-47a2-86b5-4b6cc47ad7a9
IM00002349,2024-03-08T14:50:33,W013,P00049,SHIP,-46,5eb6e1e1-efe2-42c0-93b4-99158cc429a3
IM00002350,2025-09-20T03:23:12,W004,P00251,SHIP,-37,6b2b5d80-084f-43ec-a9c9-4f7f27dc8301
IM00002351,2024-06-04T08:30:56,W013,P00559,SHIP,-32,0c4755aa-4380-4147-91d1-d559ba7f01de
IM00002352,2024-08-13T19:22:47,W001,P00125,TRANSFER_IN,8,8e02b88c-0a46-4fcb-88c9-21f1afdd1cd3
IM00002353,2024-12-06T03:34:11,W015,P00038,ADJUSTMENT,22,3938c771-5a9f-47e2-89ab-487ac0caf1c4
IM00002354,2024-01-14T03:02:23,W005,P00138,TRANSFER_IN,48,7fc0a26a-25cf-4254-99d2-a4449c4a6ffb
IM00002355,2024-04-06T20:32:02,W012,P00474,SHIP,-40,9077319a-4088-48a0-bbce-3dde9c639a5a
IM00002356,2024-09-15T08:50:52,W007,P00512,SHIP,-38,b4411c1a-50aa-44f0-ae17-73ac0fd1aa5a
IM00002357,2026-02-25T14:50:04,W012,P00253,RECEIPT,49,a284fd61-6838-41df-891f-a473f2d4a8fa
IM00002358,2025-03-30T03:36:10,W004,P00353,SHIP,-32,009e559e-b51c-49a6-a22d-a5cb88408d4f
IM00002359,2026-01-02T18:44:43,W017,P00104,ADJUSTMENT,46,2a7466ad-df1b-492c-acd2-5feb6612d7b0
IM00002360,2024-09-22T12:52:00,W007,P00369,ADJUSTMENT,29,2260e1e5-efd5-480c-a154-3eca9488b394
IM00002361,2024-03-11T02:18:03,W005,P00534,TRANSFER_IN,28,a4de8c10-d499-4d1d-8c28-307664a9cf71
IM00002362,2024-05-18T07:34:02,W004,P00136,SHIP,-40,47fc8b52-ab9e-43b1-87ba-2b19b923b5fd
IM00002363,2024-06-23T07:49:01,W014,P00019,ADJUSTMENT,12,32780cd7-4049-466b-baca-eebb01abac53
IM00002364,2025-08-11T06:31:06,W002,P00485,RECEIPT,16,afedecf3-d606-428f-a28c-1575883a9645
IM00002365,2024-02-12T18:33:13,W009,P00109,ADJUSTMENT,36,6243b512-2d5a-4104-a4e3-26a3760a0e75
IM00002366,2025-11-17T02:57:20,W007,P00244,TRANSFER_IN,4,d6d8889a-5570-4d92-856a-e5d12115a83f
IM00002367,2024-02-10T18:29:26,W017,P00256,TRANSFER_IN,2,7695753e-61ab-463b-9b11-d22bd59dbc92
IM00002368,2024-06-09T23:25:56,W010,P00548,TRANSFER_OUT,-8,a219324a-c8b7-4896-be19-9bdd2b321d24
IM00002369,2025-09-10T05:37:45,W011,P00468,ADJUSTMENT,29,eb38a5a3-7615-456a-ab47-03367937cab7
IM00002370,2025-11-07T14:58:54,W017,P00255,TRANSFER_OUT,-8,c24b1344-13dc-4b10-948c-c17da4edf0b2
IM00002371,2026-01-09T06:07:48,W002,P00012,ADJUSTMENT,9,d519ebf1-a256-493a-9cde-21edbb93bb1a
IM00002372,2025-05-01T13:06:15,W017,P00346,TRANSFER_OUT,-10,fd44b704-a237-4c1c-b666-c131c49745a4
IM00002373,2024-10-23T19:53:22,W016,P00265,TRANSFER_OUT,-38,b6414abb-727b-4836-89a1-826c1e15a999
IM00002374,2025-06-10T23:38:57,W011,P00328,TRANSFER_IN,35,52c1e94c-9cdd-4c65-a7ad-56893156d8ab
IM00002375,2026-01-25T21:54:55,W001,P00355,ADJUSTMENT,2,5ec3a5dd-5cc4-4ec5-8e90-a6667e4b2724
IM00002376,2025-08-20T22:05:46,W015,P00035,TRANSFER_IN,31,5446c8d0-ab2e-4cf1-891c-25fb09114611
IM00002377,2024-02-14T10:26:24,W002,P00512,SHIP,-10,c9f8c291-686a-4249-9383-e9caaaa8f8c0
IM00002378,2024-01-18T01:34:20,W015,P00263,ADJUSTMENT,33,2d41bb69-78c4-4944-9c26-28c94bf6c0c1
IM00002379,2025-01-20T23:19:17,W004,P00106,TRANSFER_IN,48,74a21eb6-5523-43b3-aa8b-42e59310bebd
IM00002380,2025-09-22T23:18:14,W014,P00320,TRANSFER_OUT,-19,30d23416-6560-479a-ba00-03c94be7de60
IM00002381,2024-02-15T22:11:29,W008,P00124,TRANSFER_IN,29,f07f14fe-081d-420b-8037-167b10bbc0f0
IM00002382,2025-12-12T20:47:06,W012,P00409,TRANSFER_OUT,-49,d2d4cca7-1905-4b9a-9c23-cf8efee0c681
IM00002383,2025-07-18T09:43:55,W006,P00477,TRANSFER_OUT,-49,53350710-a0f6-477e-ad50-16251cb7f02c
IM00002384,2025-05-19T16:05:49,W002,P00543,RECEIPT,33,0f6a83b1-c667-4d2f-adf6-38f3d02fd772
IM00002385,2024-11-10T02:58:37,W009,P00171,SHIP,-34,bf80e2d1-26aa-40e0-bee4-7a18a441d728
IM00002386,2025-09-30T17:15:56,W009,P00241,TRANSFER_OUT,-23,d63fd932-6220-483f-ae99-dd62454b077a
IM00002387,2024-09-29T13:57:53,W003,P00591,TRANSFER_OUT,-1,03f9edbb-1985-44a2-ad83-debe7a4664e5
IM00002388,2024-07-08T07:23:36,W002,P00525,RECEIPT,9,99e0b52e-c60d-40ed-ba6b-f91085a9f399
IM00002389,2024-04-11T23:47:25,W014,P00531,ADJUSTMENT,6,fa13e18d-0ecc-4ac6-9396-93aff0c4eaaa
IM00002390,2024-02-10T05:18:30,W016,P00546,RECEIPT,24,58c78974-1d41-4a3d-a00d-47de71b58ae2
IM00002391,2024-11-20T07:23:56,W010,P00010,TRANSFER_OUT,-27,4fc8c148-4529-4efe-b693-d807eb1add9f
IM00002392,2025-11-22T22:28:48,W017,P00316,TRANSFER_IN,38,c4b16722-e546-4026-ad62-8a3e844b69b3
IM00002393,2025-06-15T14:09:27,W009,P00379,RECEIPT,25,55557e78-ae13-4dbb-a3ea-04f45df76081
IM00002394,2025-07-18T19:28:56,W001,P00042,ADJUSTMENT,27,59694fb2-b360-496f-8041-cf972db2b3af
IM00002395,2025-09-13T14:02:11,W006,P00222,TRANSFER_IN,25,188ecafb-70b9-4171-897e-6221ff08d489
IM00002396,2024-03-25T00:55:53,W017,P00452,TRANSFER_IN,16,c5e80e87-39d4-457f-83d1-40067cd48aca
IM00002397,2025-07-17T07:46:57,W006,P00166,ADJUSTMENT,6,722a88d1-dcdc-421d-b66d-7c68329ae75d
IM00002398,2025-05-15T16:24:45,W012,P00281,ADJUSTMENT,43,c44cea8e-b0d8-43e7-973e-ae3a4df58838
IM00002399,2024-05-13T20:59:25,W016,P00273,ADJUSTMENT,24,4c4981f3-55c7-416f-9125-3c296f94a447
IM00002400,2025-05-29T23:24:28,W002,P00458,SHIP,-29,0ce82b27-9af3-41a3-bd54-b1f6e048ec66
IM00002401,2024-01-06T23:31:32,W010,P00035,TRANSFER_IN,25,2686f264-a8ed-4069-8353-0517349f717a
IM00002402,2025-05-25T10:43:45,W017,P00008,ADJUSTMENT,48,c6f18667-cae9-4184-be8c-2ac3147d5e5e
IM00002403,2024-12-11T23:21:52,W015,P00506,TRANSFER_IN,16,911d0cd1-1128-49a4-b2ad-51d016336f6b
IM00002404,2025-10-20T13:13:35,W016,P00554,SHIP,-49,9ef26736-ba31-4f59-a3ac-67050044f101
IM00002405,2024-08-19T19:39:39,W010,P00176,ADJUSTMENT,34,5f71e795-5e50-4b3d-8609-07f6f296075f
IM00002406,2025-06-14T19:12:56,W006,P00328,RECEIPT,26,c05a3a36-9aaa-4a1c-9047-3722b9d57939
IM00002407,2025-11-17T14:29:20,W015,P00268,ADJUSTMENT,9,399847c4-b6bc-49bd-b0cb-83d8e014fbbb
IM00002408,2024-02-13T06:43:55,W016,P00584,RECEIPT,21,a1e67b9f-2827-405b-b4fb-debcc389b8ae
IM00002409,2025-05-13T08:44:01,W014,P00372,TRANSFER_IN,29,fa154088-ca03-48b6-ae10-ca34ed4aae14
IM00002410,2025-12-02T16:44:04,W008,P00270,ADJUSTMENT,35,6d97fccf-7ad5-4f7b-9468-b4a13343d572
IM00002411,2025-10-24T23:30:00,W002,P00409,ADJUSTMENT,24,c9f8a44a-a801-4c7b-bb72-3d76ff42f4c3
IM00002412,2024-01-06T07:58:15,W014,P00172,RECEIPT,25,9c57af68-b8df-46cd-b534-ab3f86596038
IM00002413,2026-01-04T21:36:48,W005,P00516,RECEIPT,49,abb5a9de-9ad9-44c0-a66b-4a57b611d582
IM00002414,2025-10-17T04:03:18,W013,P00342,RECEIPT,4,bcda3bae-a01b-40df-bf6c-0efc9be02a40
IM00002415,2026-01-28T07:11:48,W016,P00520,RECEIPT,6,b6bcb6c7-da4c-4ec5-8e4a-1754050b2941
IM00002416,2024-09-25T16:41:49,W016,P00236,TRANSFER_OUT,-12,65334071-f0e9-44c5-be96-b203fb5d2f8e
IM00002417,2024-03-06T14:33:23,W017,P00437,ADJUSTMENT,49,83beeeba-9fa7-4658-9eef-356d65f791e5
IM00002418,2024-01-03T22:23:03,W015,P00199,TRANSFER_OUT,-47,4e32cdf6-8ec5-48d0-88be-a01d792f5a0a
IM00002419,2024-03-11T20:43:11,W008,P00039,TRANSFER_OUT,-49,2a87665f-cdc3-4991-b6a5-3c0e9e6e4cc9
IM00002420,2024-11-07T13:04:44,W016,P00402,ADJUSTMENT,36,a5ff48c7-5616-4565-b4d1-f446b47f1ff0
IM00002421,2024-12-31T21:18:41,W005,P00124,ADJUSTMENT,47,5c2ff326-4987-4dd1-a241-30f0684aad39
IM00002422,2024-12-29T20:03:12,W008,P00292,SHIP,-14,5c7e235a-65f1-46f5-9f2f-309536c27a9a
IM00002423,2024-04-08T13:49:08,W008,P00326,TRANSFER_OUT,-37,d890ca16-6e0f-4a5e-b2e6-06a457cad187
IM00002424,2025-09-04T13:10:49,W003,P00397,TRANSFER_OUT,-7,1648c0a2-4aa8-41bb-86a1-1cc52bdba722
IM00002425,2025-01-09T04:25:00,W015,P00333,SHIP,-27,99453885-5fa4-4a49-b799-dfb3553d6b88
IM00002426,2024-05-30T13:43:45,W001,P00052,ADJUSTMENT,4,afb8844e-eb87-4d29-ba08-dc535ae327a1
IM00002427,2025-02-12T19:30:37,W003,P00031,ADJUSTMENT,12,df06023e-7e55-4def-bbeb-9f9b80918bd3
IM00002428,2024-11-17T16:39:05,W016,P00301,TRANSFER_IN,8,204c725b-ee8a-43e8-9d66-46647487a7f5
IM00002429,2024-05-13T19:10:21,W008,P00047,SHIP,-13,7a56c99c-c3ea-430a-b67a-fb8d7cbd4502
IM00002430,2025-07-15T22:09:11,W015,P00013,RECEIPT,23,2bee3933-3816-499a-b9ad-8f534540e68f
IM00002431,2024-09-11T07:39:44,W001,P00198,TRANSFER_IN,33,55a9f3fb-cf08-4452-8323-9eae83f19efa
IM00002432,2024-09-06T22:22:09,W002,P00546,TRANSFER_IN,19,9326093f-847b-4001-afc8-0f560640e11f
IM00002433,2024-08-30T06:20:43,W017,P00481,TRANSFER_IN,10,7c6f736f-72a1-4b05-80af-1b99ebf904e2
IM00002434,2025-07-18T00:17:26,W014,P00255,ADJUSTMENT,19,e161f406-3ed2-4c65-8e5d-ee5b5c7ab848
IM00002435,2025-06-07T13:06:14,W007,P00328,SHIP,-34,21c3761e-dc4e-4f73-8c90-071b5a20e2c1
IM00002436,2024-12-30T23:09:45,W012,P00487,RECEIPT,48,e044148f-0547-4959-9186-d664c47013b1
IM00002437,2024-10-21T08:29:25,W004,P00252,TRANSFER_OUT,-12,64d34497-a9aa-4533-a4ee-28fc20ae0a7c
IM00002438,2025-08-05T22:58:28,W010,P00503,SHIP,-28,ea242165-e951-4a9e-a779-a04d1850cf03
IM00002439,2024-04-22T05:07:03,W008,P00395,TRANSFER_OUT,-47,c677a396-0694-4e69-84c2-f681b7ccdc54
IM00002440,2025-02-07T03:57:01,W003,P00599,TRANSFER_OUT,-24,59387e9f-ec52-4f9d-95f5-27fba006dcd1
IM00002441,2024-04-27T11:29:39,W010,P00493,ADJUSTMENT,36,d5173066-521b-4219-a3a1-2da643303889
IM00002442,2025-06-15T18:24:48,W011,P00125,TRANSFER_IN,3,c325aa0c-b871-4cdc-827e-fe40c6dd1f1d
IM00002443,2025-08-07T10:02:44,W011,P00148,RECEIPT,6,7029aaca-3dac-4b82-8cfa-afa297829eb1
IM00002444,2025-04-21T02:41:19,W008,P00547,SHIP,-43,e2c2069b-44a1-4f85-a500-3d54f82726c2
IM00002445,2024-03-07T23:06:25,W002,P00197,ADJUSTMENT,47,fe9b57b1-f824-4962-b993-8771507c073d
IM00002446,2025-12-22T01:14:45,W008,P00044,RECEIPT,13,e8225012-b253-4813-8d01-434e0e87408f
IM00002447,2024-01-19T20:41:31,W009,P00169,SHIP,-32,90e559a2-595b-4ceb-9132-13f18ba29d89
IM00002448,2025-09-30T06:27:51,W008,P00582,TRANSFER_IN,29,f16f3bc4-75da-4b19-94a2-0f072a9f47b1
IM00002449,2024-02-17T17:11:53,W003,P00372,ADJUSTMENT,42,d6ba69d8-cff2-4b49-ba50-b37cb04a1f5e
IM00002450,2024-02-29T02:29:35,W002,P00212,ADJUSTMENT,31,e622dd6b-a295-4e43-90a0-3d5c4b713730
IM00002451,2024-05-11T16:49:11,W016,P00060,TRANSFER_OUT,-42,e75cbc54-9c75-4af6-aba4-3ac4e83efe92
IM00002452,2024-04-08T15:07:26,W013,P00405,ADJUSTMENT,22,b29d2ef2-4945-4671-8a8b-6852c3867eb9
IM00002453,2025-07-05T21:06:00,W012,P00100,TRANSFER_OUT,-31,5d97a9f0-f5cb-483b-bcf7-015d887384fd
IM00002454,2024-06-10T03:35:53,W009,P00111,TRANSFER_IN,35,22ae8cf7-79e8-46c0-b231-c38eedded8ae
IM00002455,2024-03-09T01:00:25,W015,P00232,ADJUSTMENT,12,c96be555-3c39-4ff7-bcfd-8f293df62df4
IM00002456,2024-09-04T10:28:56,W005,P00247,SHIP,-39,f7dd4aec-55ec-4a74-8146-27d549bf2b6a
IM00002457,2024-11-07T18:53:42,W003,P00325,ADJUSTMENT,40,3b037961-4b7d-4158-a9a6-b7227a2e3020
IM00002458,2025-04-20T22:24:08,W017,P00077,SHIP,-47,aef50d66-5f23-44e6-abab-8a9f207427dd
IM00002459,2025-11-15T17:30:52,W008,P00191,TRANSFER_OUT,-7,54c8bb4f-671f-4f86-a607-d2207323d854
IM00002460,2025-05-18T19:53:06,W009,P00592,RECEIPT,21,4be519ef-f3da-4df4-b98d-8525fe0ca2a2
IM00002461,2024-04-14T00:16:26,W013,P00130,ADJUSTMENT,30,7b3e332e-448c-499d-be4c-5f92f34a5db0
IM00002462,2025-08-25T11:24:38,W009,P00080,ADJUSTMENT,6,f6f78465-bc61-4b7c-af3c-4418c1abcba8
IM00002463,2024-04-15T00:42:43,W015,P00347,ADJUSTMENT,38,cc5ada0c-3def-4653-9497-0cb54b96181a
IM00002464,2024-07-31T18:04:15,W008,P00481,TRANSFER_OUT,-41,73167780-450a-484c-8420-5f0d3175282a
IM00002465,2025-06-18T22:04:22,W005,P00046,RECEIPT,30,63ce779b-2c21-4f6d-b479-7b6e46da8bb2
IM00002466,2024-09-06T15:24:30,W014,P00287,TRANSFER_OUT,-7,ceaaa8fb-efa3-43d9-a2b0-0adbc5ece744
IM00002467,2025-09-13T19:48:29,W001,P00108,TRANSFER_IN,44,d4eb74a3-68a4-4d14-8269-cf4fee0324ea
IM00002468,2025-05-10T07:34:19,W009,P00275,TRANSFER_IN,3,b930680e-0ce4-4e52-9013-75f1d253d3f7
IM00002469,2024-02-16T00:46:43,W002,P00215,TRANSFER_OUT,-8,ec502894-d4cf-44e4-adf4-4ba7f8f8370c
IM00002470,2025-07-11T15:25:09,W016,P00263,ADJUSTMENT,47,72b2ee49-f94d-4035-8f7e-44a4deb4756c
IM00002471,2025-12-05T10:15:20,W006,P00018,SHIP,-19,a434e24d-24f2-4e1a-b112-c10d62ea0b51
IM00002472,2024-10-16T16:39:51,W013,P00276,RECEIPT,13,7740f39a-e268-430e-a208-9056935b4b9e
IM00002473,2024-06-15T07:17:07,W014,P00012,TRANSFER_OUT,-5,dad90461-f2c3-46a8-bb08-934629510b9b
IM00002474,2025-04-23T14:24:13,W005,P00292,ADJUSTMENT,38,55fdc0d7-86db-4e17-bf42-0a252a5bc37b
IM00002475,2025-06-13T21:36:48,W002,P00350,TRANSFER_IN,41,3a9fa0cc-58ba-42c0-99b6-159d025ea7be
IM00002476,2025-11-20T17:17:25,W011,P00239,RECEIPT,28,b3a4640a-5c77-491b-9045-3cf80f47f373
IM00002477,2024-01-02T11:58:09,W005,P00062,SHIP,-14,3bfe3eac-8bbc-4632-9ca9-c853a3690bf4
IM00002478,2025-05-07T05:18:08,W010,P00581,RECEIPT,24,7caf05e5-7de4-454e-b9ed-de41aa95f15f
IM00002479,2024-04-23T05:22:06,W001,P00230,ADJUSTMENT,24,bffff427-e6d5-4b2a-b2d6-f3eb82e4da49
IM00002480,2024-02-15T18:35:32,W001,P00002,TRANSFER_IN,20,bc05199f-6702-4e25-945b-a2e9b4e87b6f
IM00002481,2025-06-24T13:08:31,W012,P00293,TRANSFER_IN,34,f1a13182-aacf-474a-81ac-9d354c0d3846
IM00002482,2025-06-14T04:59:57,W006,P00040,TRANSFER_OUT,-42,8d30d404-b083-4993-8945-56176a27dc89
IM00002483,2024-05-16T14:33:51,W013,P00185,SHIP,-19,42e9868c-6ee6-4202-8aa3-a91386d9f77d
IM00002484,2025-12-03T20:26:43,W008,P00451,RECEIPT,2,e52522a5-3385-4bf4-8f28-518138492096
IM00002485,2024-07-24T05:18:08,W002,P00120,SHIP,-38,ed7a5289-f018-4b27-9054-1e889485fbf6
IM00002486,2024-08-04T19:32:01,W004,P00117,TRANSFER_IN,41,e47f376f-189e-4bba-b8a1-007323f298e3
IM00002487,2025-11-19T21:10:03,W013,P00095,ADJUSTMENT,18,e4e2d9d3-4e6b-4cc9-b856-67e4a841a369
IM00002488,2024-04-23T20:23:55,W004,P00161,TRANSFER_IN,28,442fe430-fac0-4326-bab2-b360f88fa9d7
IM00002489,2024-11-13T04:40:50,W003,P00570,ADJUSTMENT,17,813922ec-d98e-482b-8b8c-f69f6b8eae54
IM00002490,2026-01-09T16:15:13,W006,P00309,SHIP,-30,9c84c709-d807-4771-889a-1af2697d26fb
IM00002491,2026-01-13T15:06:32,W007,P00059,SHIP,-16,9c8bb2c3-cc15-4871-8d84-908f9825966d
IM00002492,2025-03-30T08:55:38,W011,P00410,SHIP,-19,e3b1a0c7-5579-4a77-89d7-62a4c47f5a8b
IM00002493,2024-04-29T16:25:14,W004,P00074,TRANSFER_OUT,-22,4e693e2c-712b-4183-ac8b-84ee8c3a3020
IM00002494,2025-06-17T09:56:26,W015,P00453,TRANSFER_OUT,-32,6ca726ab-4ab1-4024-ac90-bd2b76cfd85f
IM00002495,2026-02-27T22:46:28,W012,P00532,RECEIPT,5,0502ffdd-0ec1-4395-a37d-5caa7ba4b338
IM00002496,2024-04-23T16:55:51,W002,P00539,SHIP,-7,34c0988f-b030-47db-a66d-d5ef89e2d263
IM00002497,2024-06-18T04:32:22,W011,P00175,TRANSFER_IN,3,c10e5b17-7975-4b36-af0c-38c03c10fd4c
IM00002498,2024-10-15T19:00:58,W003,P00125,TRANSFER_IN,4,8290ada8-5511-4628-942f-e0c22886ac04
IM00002499,2025-01-23T04:53:09,W011,P00237,TRANSFER_IN,49,34709555-5337-4d30-9248-9db6e9e12a69
IM00002500,2024-10-12T01:50:44,W011,P00342,TRANSFER_IN,26,1c214c57-8436-4d2b-aed2-1c853116f4a7
IM00002501,2025-02-03T09:31:28,W001,P00471,ADJUSTMENT,1,29475745-eecd-4c3c-8412-55884944ec87
IM00002502,2024-07-16T10:45:09,W006,P00265,SHIP,-3,d54c56a3-d1b3-42dc-86d4-a4f191a4456d
IM00002503,2026-02-11T08:16:22,W003,P00035,TRANSFER_OUT,-12,8ddd37c4-b3be-4b0f-9efe-c651ed229e2a
IM00002504,2025-11-01T08:11:47,W009,P00564,TRANSFER_IN,37,94149c93-2095-45a9-ac54-956768cd6de7
IM00002505,2024-04-21T06:24:19,W012,P00018,TRANSFER_IN,2,13649a27-8c8d-4e9a-ac95-cdd6e666314a
IM00002506,2025-11-25T22:12:07,W001,P00302,SHIP,-18,5a4301d5-5cf7-486e-89b7-daae4db57d43
IM00002507,2025-04-27T03:14:47,W005,P00461,SHIP,-24,be4eecd5-4c6a-452d-ad2c-f4bed761957a
IM00002508,2025-04-10T09:02:22,W012,P00274,ADJUSTMENT,37,d92e6568-f861-4254-bc80-88e677371988
IM00002509,2024-03-27T05:46:59,W004,P00509,SHIP,-35,1ae49c6c-5c6e-4c11-bf2c-3740255707e4
IM00002510,2025-07-29T08:50:33,W015,P00114,TRANSFER_OUT,-33,d00559f9-f4be-4cbe-a348-ac811a2d80ba
IM00002511,2025-05-19T20:53:28,W005,P00224,ADJUSTMENT,31,aeda6121-37e3-47ee-8ed6-5fcebb479905
IM00002512,2024-06-17T00:03:04,W009,P00564,RECEIPT,44,eaa4784b-129c-4ee4-bf0f-4e9ed074185f
IM00002513,2025-09-26T01:47:02,W015,P00190,ADJUSTMENT,6,f2e6e534-7308-4470-ae49-807c8e6cca05
IM00002514,2024-11-27T02:48:18,W001,P00500,RECEIPT,9,b85dbe84-1bf0-47c1-84fb-b889e80dc4a1
IM00002515,2024-11-05T18:56:09,W002,P00528,TRANSFER_IN,38,97ad52e5-f3d9-4035-b864-12c2dea86d39
IM00002516,2024-11-05T13:21:12,W010,P00497,ADJUSTMENT,45,ada3bced-9b48-4418-844e-77a7a25730f2
IM00002517,2024-05-23T09:12:09,W006,P00502,TRANSFER_OUT,-10,22c33c01-e07b-485b-95c8-e4adb894e9dd
IM00002518,2025-05-28T20:14:49,W007,P00518,ADJUSTMENT,19,cfc0326e-5bcb-4f05-9d2b-839694e998c9
IM00002519,2024-07-11T16:46:00,W010,P00074,SHIP,-1,b0e4996a-74db-448a-9b49-edca57f1126f
IM00002520,2024-10-07T22:07:37,W005,P00072,TRANSFER_IN,12,b29d5ceb-470b-4e15-ac35-882255ae4f90
IM00002521,2025-01-29T21:27:11,W007,P00387,ADJUSTMENT,39,123c5236-1172-4c11-9059-04b19ebf82a7
IM00002522,2025-03-23T16:33:49,W001,P00586,RECEIPT,32,efb2a120-f689-455c-b675-3156bd83f6dc
IM00002523,2024-09-08T19:14:20,W012,P00510,TRANSFER_OUT,-43,f8bd87f8-c401-4f95-9ec8-1cebea61db58
IM00002524,2025-05-06T09:34:26,W011,P00187,ADJUSTMENT,27,5a93f273-9dd4-4a8a-abae-51024a86ded0
IM00002525,2025-03-14T12:18:43,W005,P00193,TRANSFER_IN,22,9b9c8351-229f-4813-961a-a0138d5b8790
IM00002526,2025-12-28T04:11:21,W016,P00177,TRANSFER_OUT,-7,023f2078-6d88-4c89-b56a-42beb7cf2a86
IM00002527,2025-02-06T09:33:16,W002,P00182,TRANSFER_IN,7,4b19bb2d-a3fe-4dc8-ac00-5938e7e5716f
IM00002528,2026-01-24T07:56:11,W015,P00347,RECEIPT,15,e9e95275-be36-40ee-aa4d-ebbd4f344599
IM00002529,2025-11-05T21:20:37,W001,P00468,RECEIPT,28,ef3f6dff-0720-44d7-98cd-7ff3c4f970e8
IM00002530,2024-03-17T14:15:56,W016,P00496,TRANSFER_OUT,-14,221ea5f8-bf29-4baa-96db-2687681b85fa
IM00002531,2025-12-07T20:32:45,W015,P00085,SHIP,-15,a64ccc99-eb2d-4f15-a021-031a9ccdcdee
IM00002532,2025-07-27T19:50:21,W005,P00013,TRANSFER_OUT,-1,c16bb14d-2e26-4b42-9bd9-8d8551928c03
IM00002533,2025-02-15T09:50:46,W016,P00344,TRANSFER_OUT,-18,bab8bcd7-be96-43b8-9f13-ec62dde154cd
IM00002534,2026-02-05T00:27:29,W014,P00215,RECEIPT,11,2923a0ce-7262-4897-84cb-83154c00b399
IM00002535,2025-07-24T09:38:53,W001,P00589,ADJUSTMENT,34,348115dc-8f94-482d-9089-79a8596b7b83
IM00002536,2024-03-22T05:54:12,W012,P00293,TRANSFER_OUT,-26,cbe7660a-3e54-40dc-af80-bbd72dcc8ac9
IM00002537,2024-03-19T22:03:47,W011,P00063,SHIP,-35,63c4f621-4498-4b88-b735-332ed38d05a7
IM00002538,2024-02-18T00:01:52,W010,P00387,TRANSFER_IN,44,a143a0d9-54bd-404c-bf8c-e57ece7e5b02
IM00002539,2024-04-19T23:58:21,W002,P00248,ADJUSTMENT,13,a6f5a7c3-9887-4dc7-b48d-e2b89e6cf46c
IM00002540,2024-05-07T16:04:47,W016,P00004,SHIP,-15,e05fe58f-58ac-48e8-b795-cacc94a1ded4
IM00002541,2024-09-07T00:54:01,W002,P00014,ADJUSTMENT,20,1f378f47-8bcb-43c6-a4b5-7f54dbfdc36d
IM00002542,2025-05-09T05:41:00,W007,P00211,ADJUSTMENT,2,9c469734-3365-4b59-9f45-756bb58618d7
IM00002543,2024-05-17T17:46:41,W012,P00400,TRANSFER_IN,26,a2c95472-b83f-42d4-9f2c-c3f7713a4833
IM00002544,2025-06-24T17:45:12,W009,P00060,TRANSFER_OUT,-21,ae2e06bb-eae8-4333-9d3c-f12bd4a3d79c
IM00002545,2025-03-13T23:33:46,W003,P00180,SHIP,-48,01157e75-cf8c-491c-a53e-486a5d91818d
IM00002546,2025-11-02T16:08:01,W011,P00315,SHIP,-9,13cbeaf3-ed76-4254-8b9a-66118422e293
IM00002547,2024-01-19T06:51:16,W013,P00285,TRANSFER_IN,34,4bba0e9a-2e24-4e7c-979c-464d95038785
IM00002548,2026-03-01T17:48:42,W010,P00275,SHIP,-29,1821ab62-ed82-4406-b4fe-aa7997436a44
IM00002549,2024-10-07T08:58:30,W013,P00495,RECEIPT,37,f7beb729-9c8f-4697-ad2a-0ff5a4e1666e
IM00002550,2025-06-07T01:45:26,W014,P00385,ADJUSTMENT,24,ff29ff43-a660-4593-be49-180977f02c33
IM00002551,2026-02-08T14:51:36,W007,P00216,TRANSFER_OUT,-48,d51c5ae0-6d6e-44b5-9aba-9749fe657960
IM00002552,2024-01-15T04:40:57,W003,P00383,TRANSFER_IN,47,48e61e56-03d9-4cd5-bb71-cbfc98f9e6b2
IM00002553,2024-03-27T20:53:59,W013,P00250,ADJUSTMENT,38,5a468d72-38b6-4036-9a89-da293eb8f2aa
IM00002554,2024-07-08T18:24:35,W017,P00087,SHIP,-43,671e88b3-5437-46d7-8e37-dd4e028be652
IM00002555,2025-03-30T09:26:24,W008,P00338,TRANSFER_IN,6,2b67b8bb-1423-4c7d-8998-bbcc26209d38
IM00002556,2024-08-23T10:01:08,W010,P00373,TRANSFER_OUT,-10,b8d65db9-148c-496d-ad9b-04d48ca8fd9f
IM00002557,2025-06-01T01:07:46,W017,P00370,TRANSFER_IN,32,91e7d206-136e-466f-9436-f882570c1d9a
IM00002558,2024-09-20T13:33:24,W016,P00427,ADJUSTMENT,30,e7d92108-91ec-430b-8a63-5c413e5c11ab
IM00002559,2025-02-26T15:10:16,W007,P00148,TRANSFER_IN,7,3aab4209-05bd-4354-b16c-959ca6cc6e8a
IM00002560,2024-09-03T19:07:23,W008,P00535,SHIP,-12,62700e35-d74c-41a5-82bb-7ae4224bb70b
IM00002561,2025-06-30T17:29:52,W015,P00499,SHIP,-19,6a023dbc-7884-4fd3-978f-6e7be155281d
IM00002562,2026-02-24T22:19:45,W013,P00412,TRANSFER_IN,48,676daee3-e6cb-4a5c-9c07-29639b6a1570
IM00002563,2024-12-05T12:41:18,W015,P00275,TRANSFER_IN,25,0619a14b-23ed-43ef-8acd-eb69ed97919a
IM00002564,2025-08-09T06:31:13,W005,P00133,RECEIPT,4,43ecdad4-d35c-47e2-b610-a753619946d2
IM00002565,2025-01-26T12:40:10,W014,P00021,TRANSFER_IN,9,b3ab7343-7b27-43ac-a410-609a7d1b5111
IM00002566,2024-08-13T01:04:05,W017,P00317,RECEIPT,35,f8fd6c0e-bc70-4bd5-9f4d-85becccbc2ed
IM00002567,2024-10-15T16:34:34,W004,P00482,RECEIPT,22,c9024cc3-5a43-483b-9775-0ef85b01c3c6
IM00002568,2024-05-16T06:22:24,W014,P00005,RECEIPT,19,6a981e2e-47d9-4756-84dd-8e95f7282608
IM00002569,2024-03-28T02:14:32,W007,P00504,TRANSFER_IN,37,793d08c4-e49d-43d5-b122-b7f921146cf7
IM00002570,2024-05-21T08:56:15,W014,P00552,SHIP,-5,255a4335-ab37-4d0c-912c-c99cc4aee396
IM00002571,2025-01-19T23:44:20,W007,P00446,SHIP,-42,1d1aa139-f2b6-4cc3-b0a1-64be8327829d
IM00002572,2024-04-24T13:36:43,W013,P00120,ADJUSTMENT,17,a9a5070b-97bb-433e-99fa-f302fdfc3cf7
IM00002573,2024-10-25T03:17:45,W016,P00078,SHIP,-23,61149894-b0d3-49db-b10f-e211aeccf9ec
IM00002574,2025-03-28T22:05:28,W014,P00330,TRANSFER_OUT,-28,bf08f318-21b3-4a29-b78c-151f567399da
IM00002575,2024-02-23T19:04:47,W007,P00434,ADJUSTMENT,39,b5b07f01-df6c-4dba-a0b8-a4e911184989
IM00002576,2024-01-12T22:36:47,W015,P00481,TRANSFER_IN,41,5e737e32-18bf-4fa0-acc7-37b4665f42b6
IM00002577,2025-07-22T15:22:24,W002,P00166,TRANSFER_OUT,-18,929927f2-babc-40fc-8366-44d6ce173c9a
IM00002578,2025-04-19T04:22:42,W016,P00522,TRANSFER_OUT,-35,9ccba1f4-e992-47bf-9d98-80afd70bc34a
IM00002579,2026-02-19T17:44:13,W003,P00072,RECEIPT,46,248c9e40-e213-4598-b50b-f0122c06dacd
IM00002580,2025-07-01T19:57:40,W001,P00186,ADJUSTMENT,17,def48026-6f32-49ca-a7ee-07ef7d8bc3cd
IM00002581,2025-03-29T00:13:38,W002,P00268,TRANSFER_OUT,-16,9dbe7f65-a091-43d0-9824-8526b6d0777e
IM00002582,2025-04-04T09:50:30,W003,P00262,TRANSFER_OUT,-17,f8576412-f15a-4630-917b-42472702f97d
IM00002583,2025-02-19T17:02:00,W003,P00259,TRANSFER_IN,3,8d3983b2-1b51-411c-b271-ab831e27f89d
IM00002584,2026-01-26T14:51:06,W002,P00036,SHIP,-10,e669eb98-5e2d-4344-b8d6-6aee8e3e0c69
IM00002585,2025-03-06T15:05:44,W006,P00191,SHIP,-49,2d9bb1d6-7662-4e53-a54f-4bc811949282
IM00002586,2024-09-14T06:39:41,W016,P00128,ADJUSTMENT,8,f2887ddd-9a70-4948-bff6-34ed6637fcd1
IM00002587,2025-07-03T13:32:12,W012,P00064,TRANSFER_IN,2,3823401b-80d6-4a42-8016-eee40a3e0a44
IM00002588,2026-01-09T05:39:18,W012,P00106,TRANSFER_OUT,-9,ba692cf3-9b20-48b9-80dd-c0a655fc1d3f
IM00002589,2025-03-16T16:44:52,W017,P00477,RECEIPT,23,02336112-79c3-445d-be67-1dc441785274
IM00002590,2025-04-19T04:55:07,W009,P00529,TRANSFER_OUT,-25,8caf1c9f-c07f-41c9-b7cc-690f11a9ad63
IM00002591,2026-02-04T18:34:26,W004,P00472,RECEIPT,38,4aedb23d-f911-4275-98ff-9e0013495463
IM00002592,2024-11-19T22:41:28,W009,P00261,TRANSFER_IN,37,ced153ac-b543-432a-8e85-446dbd74dfdc
IM00002593,2025-02-08T13:04:26,W015,P00024,TRANSFER_OUT,-9,865dc4d1-8c7c-41fd-9007-90a464810d7d
IM00002594,2025-06-08T17:15:39,W011,P00572,TRANSFER_OUT,-34,545699d2-2be5-40df-bd68-451149cf8c99
IM00002595,2025-01-24T11:54:48,W007,P00453,ADJUSTMENT,8,7174548b-d088-456e-bcf4-54b85bee26b7
IM00002596,2024-03-22T09:31:38,W011,P00138,TRANSFER_OUT,-48,f02ae294-71c8-476d-8781-d54bd90e711b
IM00002597,2025-09-17T00:08:40,W010,P00277,TRANSFER_IN,10,4f768cd3-5393-4664-b074-04512d04274f
IM00002598,2024-02-04T20:25:27,W003,P00230,TRANSFER_IN,12,dbf12aa2-da31-476d-9bcb-96a6d85512c3
IM00002599,2024-05-09T18:04:42,W012,P00039,SHIP,-14,6c540684-ced5-4db9-a383-4d54e330dc71
IM00002600,2025-09-14T14:48:07,W008,P00140,RECEIPT,49,754a6bbe-b1e5-4225-aac3-2d344da9d85c
IM00002601,2024-03-22T09:16:42,W013,P00506,RECEIPT,44,ac0355fe-48ac-4ed0-942d-8abe044a5ebc
IM00002602,2025-10-01T21:32:33,W006,P00399,SHIP,-3,6041fc7b-5545-4fa5-aaf3-7e89bae7ce1b
IM00002603,2025-02-14T16:33:24,W010,P00317,TRANSFER_IN,47,0a049606-a6cf-4dbf-996c-ff4cd6a60fc0
IM00002604,2024-03-01T00:18:55,W005,P00469,ADJUSTMENT,38,4078c265-6d7f-446d-9320-c3caf51e6a3a
IM00002605,2024-07-02T08:54:39,W008,P00534,RECEIPT,23,2660ad38-d434-4e95-95e4-5b05d15b68ad
IM00002606,2024-10-09T07:41:14,W008,P00179,TRANSFER_OUT,-24,c772671d-4277-40ea-a003-960efce29f74
IM00002607,2024-04-26T18:17:46,W008,P00570,ADJUSTMENT,45,baa78e35-1150-4395-9b08-84fc911dc7c3
IM00002608,2025-02-17T11:15:32,W005,P00110,RECEIPT,43,24dfd7c2-7bd0-4070-b643-15277e590f09
IM00002609,2024-06-21T07:19:20,W010,P00402,ADJUSTMENT,15,02540d74-443d-4223-9494-23e25d804570
IM00002610,2025-02-15T22:56:23,W006,P00072,TRANSFER_IN,45,6e47392c-07bc-4d22-a2b3-c3236e748d5e
IM00002611,2025-03-21T17:50:11,W009,P00092,TRANSFER_OUT,-37,6a6473eb-e642-42a3-9d27-98afd5b3c36d
IM00002612,2025-03-19T09:43:15,W004,P00111,RECEIPT,20,d2c220d9-3ecd-429c-bf11-15bfc282e3c8
IM00002613,2024-12-08T22:45:34,W011,P00278,TRANSFER_OUT,-30,1d93bd94-49ef-4267-bcf4-26395ab2277b
IM00002614,2024-06-05T00:55:23,W015,P00266,TRANSFER_IN,7,fed7338e-7a66-4a02-8306-2a629bc9db4e
IM00002615,2024-07-21T08:29:47,W005,P00373,TRANSFER_OUT,-3,bbf04f15-2515-4e8c-8974-6b04c76d0fdb
IM00002616,2025-01-15T03:18:19,W005,P00425,TRANSFER_IN,4,c5a9338b-2916-46ed-ae17-44f6fd56c7f8
IM00002617,2025-09-22T23:00:30,W007,P00001,SHIP,-23,24429439-51da-4926-b865-0bb0369557af
IM00002618,2024-04-17T02:59:33,W016,P00481,RECEIPT,13,99d9d82a-8e70-4905-9c3a-208756f1c946
IM00002619,2025-01-13T04:34:04,W015,P00115,TRANSFER_IN,26,a4782c1a-adb6-4c58-9786-329b0afae414
IM00002620,2025-02-07T01:17:40,W004,P00326,ADJUSTMENT,1,d75f2761-cb11-46eb-8d2c-c81113d6e36d
IM00002621,2024-08-02T17:24:50,W012,P00088,TRANSFER_IN,37,1f800f68-d399-417d-a7fa-8cf070afcc8d
IM00002622,2026-02-04T06:49:21,W007,P00462,SHIP,-14,ad97d8c6-bb40-4891-9b50-0be9478ab1ce
IM00002623,2026-02-13T13:44:05,W011,P00293,TRANSFER_IN,41,d0c86a45-d9a3-459c-80b0-5772af661b1e
IM00002624,2025-06-30T18:32:52,W003,P00595,ADJUSTMENT,27,bc127cdf-49c2-4f52-89cc-27e4bdc9f1ed
IM00002625,2024-12-16T19:09:56,W002,P00405,TRANSFER_IN,25,877e744d-7e80-42e8-aadc-7c7544439a5f
IM00002626,2025-01-20T07:02:57,W015,P00349,TRANSFER_OUT,-10,60a44ee8-84fd-4786-9240-e8d15051d0d8
IM00002627,2025-08-25T14:00:26,W005,P00397,RECEIPT,27,6c185ef6-b5ed-47f1-a500-71db5307d7f2
IM00002628,2024-11-25T04:56:10,W012,P00331,ADJUSTMENT,42,faaa394c-62c8-4968-9c02-b2ed18b20fd0
IM00002629,2024-08-29T19:57:58,W011,P00298,RECEIPT,27,437a7f37-3833-4a8c-b07c-4bc3fd65f5e7
IM00002630,2025-07-10T19:36:20,W015,P00566,ADJUSTMENT,17,ebe48d6b-bdea-4d7f-882c-70747c9c4b86
IM00002631,2024-12-07T14:59:51,W017,P00203,ADJUSTMENT,33,0b739fc2-63b5-4bc2-bcb8-0bd5d07cb452
IM00002632,2026-01-05T03:45:12,W004,P00254,SHIP,-47,f03d6a70-dc87-4cb4-ab9c-1e05c3b0301f
IM00002633,2025-03-30T19:08:56,W011,P00197,TRANSFER_IN,10,30139266-1458-4051-937c-327e7abd81d6
IM00002634,2024-09-22T19:17:39,W017,P00472,TRANSFER_OUT,-36,bee04d01-b135-43fe-bcbe-c4ee8f7b5e05
IM00002635,2024-11-04T19:43:55,W003,P00286,RECEIPT,4,7c77d0bb-022d-4ae8-b81a-1a1bc304a527
IM00002636,2024-01-29T01:59:45,W001,P00002,RECEIPT,18,bd9e172a-9c64-4bfc-b70b-2a6c4074be3b
IM00002637,2025-05-20T06:12:45,W006,P00456,RECEIPT,39,1273bd56-5856-4ffb-9ddb-ffcc58c0fe42
IM00002638,2025-07-04T18:00:27,W012,P00441,TRANSFER_IN,21,c3a9eebb-681e-49a9-8034-65e06540c495
IM00002639,2026-01-01T14:41:40,W007,P00174,ADJUSTMENT,31,f7afa1f4-b3d1-4521-b7f7-8f869a732cd1
IM00002640,2024-08-20T15:04:21,W004,P00213,SHIP,-31,76b41da9-4690-45ae-9539-0905743a6ebd
IM00002641,2024-05-02T06:23:20,W014,P00342,TRANSFER_IN,28,9590de4c-e12b-4b63-b8ae-247dfddb53a3
IM00002642,2024-03-24T00:04:06,W003,P00217,RECEIPT,23,f0b6b4c4-4122-41c0-af05-c6cd7741dca6
IM00002643,2026-01-19T19:57:23,W014,P00193,ADJUSTMENT,13,31736724-edbe-47ec-b804-2ff5136b7772
IM00002644,2024-07-05T23:22:24,W011,P00443,ADJUSTMENT,24,79fe41a4-984f-4b14-b46e-a16e05dcc870
IM00002645,2025-12-15T00:21:59,W008,P00205,RECEIPT,43,c1621069-1012-4af5-8afa-4ea2552e92e4
IM00002646,2024-08-26T00:36:41,W010,P00425,TRANSFER_OUT,-40,98924e1f-5249-4d18-a674-a708879532d2
IM00002647,2025-01-13T15:40:47,W003,P00440,TRANSFER_OUT,-49,f74e68e1-f862-431c-b2ed-489e73c88d30
IM00002648,2024-11-18T09:03:07,W002,P00148,ADJUSTMENT,39,d8a086be-ff47-4b82-8538-37e29f3fe691
IM00002649,2025-11-07T14:22:00,W010,P00304,RECEIPT,46,276f8670-bc05-410b-9fdb-9261e253c9be
IM00002650,2025-03-31T11:18:08,W011,P00569,SHIP,-42,bc8c6628-caf4-49ba-9e9b-d14995a91641
IM00002651,2024-04-17T09:51:43,W003,P00511,TRANSFER_IN,9,d2fb583f-20df-4bb7-b4b4-6659a1d3f545
IM00002652,2024-08-23T11:03:32,W005,P00279,RECEIPT,9,943e0b73-f2c6-4631-9170-f07267fd8140
IM00002653,2024-05-29T17:59:53,W001,P00076,RECEIPT,41,0869810f-1aad-4dd6-bb0a-ffa821c078d3
IM00002654,2026-01-08T06:58:25,W013,P00598,TRANSFER_OUT,-43,b8b9a6b0-108a-49e3-9232-4eba10f3bed4
IM00002655,2025-01-10T10:23:50,W014,P00487,ADJUSTMENT,30,7f71bf90-256c-4c28-aeaa-debca5cc8cb5
IM00002656,2024-09-07T15:04:35,W015,P00303,TRANSFER_IN,36,c7d36560-d803-4bfe-b89a-6af0427e02f3
IM00002657,2025-06-20T05:34:57,W016,P00288,ADJUSTMENT,19,b189024e-817e-4d39-8a65-8b8b51f4fdf6
IM00002658,2025-05-10T09:32:10,W008,P00380,TRANSFER_OUT,-33,ea9ed034-f189-4f64-8676-a777b6f94ce0
IM00002659,2024-07-02T07:13:01,W008,P00073,TRANSFER_OUT,-10,d1edc0f8-5954-41ee-918d-582e91454913
IM00002660,2025-05-16T06:37:34,W011,P00502,ADJUSTMENT,41,cccb74e6-b851-43d8-93ae-f72173209e66
IM00002661,2026-01-15T23:01:02,W012,P00343,RECEIPT,14,124533b4-3c02-4acd-ba90-3e43483e0ab4
IM00002662,2024-06-07T17:42:02,W002,P00072,SHIP,-10,1d025fdd-35d8-4334-b626-303161727fc8
IM00002663,2025-02-02T12:44:16,W016,P00340,TRANSFER_OUT,-42,1d8082cf-c93b-41e5-b4bf-bb83601d51fa
IM00002664,2024-09-06T05:25:39,W004,P00231,ADJUSTMENT,32,28549192-9b6f-425f-a37b-b039c38e55f7
IM00002665,2025-03-08T11:08:21,W017,P00030,TRANSFER_IN,30,e935524c-21aa-4eb5-a22d-630a6820c373
IM00002666,2025-01-01T14:33:45,W006,P00559,SHIP,-15,124a3cbb-cf78-44c3-99de-49d3334444ff
IM00002667,2024-02-25T13:02:00,W006,P00098,TRANSFER_IN,26,69cbead2-acd5-4903-8daa-272c9081181b
IM00002668,2024-07-07T03:26:22,W008,P00128,TRANSFER_IN,23,026c17f5-6ac9-4f78-b366-5a0b22ba8fef
IM00002669,2025-07-27T22:42:00,W017,P00384,SHIP,-17,e0fede39-1822-4fe7-9e1f-3a7150f94f7b
IM00002670,2024-06-22T13:55:01,W007,P00491,ADJUSTMENT,2,c97c3323-bc6e-4c2b-b302-f902bd46af4e
IM00002671,2024-04-22T06:59:29,W007,P00438,ADJUSTMENT,9,b00a72b8-4d58-456a-8ae8-28801a52069a
IM00002672,2024-01-14T05:41:53,W012,P00120,RECEIPT,42,b38f1efb-1ba8-4d81-b9d9-905a52f65bbe
IM00002673,2025-02-19T23:44:05,W005,P00442,RECEIPT,26,d9afee58-e4f3-488c-8dba-26a4a739b6db
IM00002674,2026-02-02T14:07:02,W004,P00201,ADJUSTMENT,17,a1fae6c4-24df-4151-8bc0-469b11f223f2
IM00002675,2025-10-18T00:52:50,W007,P00025,RECEIPT,8,134c068d-70d7-4c00-ac1d-3d091ba0b8ed
IM00002676,2024-02-22T04:15:12,W016,P00452,TRANSFER_OUT,-30,b6215894-ad2f-4769-8b63-da8f197a5c3a
IM00002677,2024-04-05T09:10:49,W007,P00335,RECEIPT,44,48e94342-9a75-4337-a5ac-1d6bf7fe9a7f
IM00002678,2024-04-16T21:35:58,W017,P00292,RECEIPT,33,c6ba1162-f2ca-485c-acb2-1f487faa0441
IM00002679,2025-04-28T05:54:00,W015,P00161,ADJUSTMENT,49,56837f1f-9919-4987-aec8-42b058bda7b7
IM00002680,2024-09-16T01:59:48,W007,P00348,SHIP,-19,39bd3313-ff5c-460b-a016-68cec442d6b3
IM00002681,2025-02-18T15:29:27,W013,P00089,ADJUSTMENT,5,64396cbb-b016-45cc-abb7-07dc32443e8c
IM00002682,2024-04-23T19:30:16,W008,P00365,RECEIPT,8,8b5bb298-5584-4d48-af1c-75ba915de12e
IM00002683,2025-07-09T05:36:23,W006,P00245,RECEIPT,21,e980c779-4ff5-4c40-b2e7-555b9b5cdf8a
IM00002684,2025-06-05T22:33:07,W017,P00178,TRANSFER_IN,48,c6a3ed3f-2838-4f70-9c3c-f2f408c03ef5
IM00002685,2026-02-15T15:21:07,W002,P00345,TRANSFER_OUT,-9,71f7643d-1ca9-47d4-b29a-777abcd99b72
IM00002686,2024-05-16T02:54:41,W015,P00001,TRANSFER_OUT,-39,a3e59c76-3182-48f6-b7b7-c35def85b9e5
IM00002687,2024-11-08T16:52:06,W006,P00070,RECEIPT,20,b546d8ef-2825-4ad7-809e-080489ed5444
IM00002688,2024-07-14T17:04:45,W005,P00599,TRANSFER_OUT,-5,afea02da-1b33-4e99-aa6e-71111eb56766
IM00002689,2026-01-13T11:25:57,W017,P00365,TRANSFER_OUT,-21,47b1da99-daca-40f8-9a63-c643a9deaac6
IM00002690,2025-05-17T14:48:18,W015,P00076,ADJUSTMENT,17,9370bbab-7951-44f5-a880-1ca0ebe8dc88
IM00002691,2026-01-25T04:07:10,W011,P00457,ADJUSTMENT,37,f7be8454-3e9f-4c60-87e5-8bae1c9032a0
IM00002692,2024-11-19T06:47:11,W006,P00180,ADJUSTMENT,8,08bb65aa-3cef-436d-8ab2-2a62b53881c1
IM00002693,2024-10-03T17:56:14,W009,P00262,RECEIPT,13,e248e1ee-60e5-4655-a073-802e6c64464f
IM00002694,2024-05-04T16:59:00,W016,P00385,RECEIPT,25,adbc17d8-8658-4c58-bfdf-41215b956318
IM00002695,2024-10-30T14:29:57,W016,P00528,TRANSFER_OUT,-2,762c9738-49bc-4681-96ae-9a7689b311c5
IM00002696,2024-01-17T15:25:44,W003,P00568,RECEIPT,12,6288f558-0a91-413e-a742-c2ed4e82e746
IM00002697,2025-12-17T14:10:26,W013,P00598,ADJUSTMENT,44,e27af659-68fd-4efe-8967-468067f05782
IM00002698,2025-09-07T19:11:02,W017,P00518,ADJUSTMENT,38,6cce1872-c60a-4bf8-8db1-5385a16897d1
IM00002699,2025-06-24T05:29:19,W012,P00580,SHIP,-16,8f285971-0a67-4159-ac54-7579f2ae9eb9
IM00002700,2025-12-05T17:11:13,W014,P00324,TRANSFER_IN,12,f21c26b4-3275-4834-b2e0-a4bfa1a35bae
IM00002701,2024-04-21T22:59:13,W015,P00178,TRANSFER_OUT,-43,b4eb8f98-5df5-4ef7-8069-f8eb0fe71b17
IM00002702,2024-11-23T03:03:16,W014,P00071,TRANSFER_OUT,-26,dd9de472-b9b2-4c54-b1b4-f3112bca7155
IM00002703,2024-02-09T01:09:05,W010,P00173,TRANSFER_IN,40,b151aa15-0e5f-4ddf-b056-3a25fb4d3c5a
IM00002704,2026-02-26T12:15:41,W010,P00268,ADJUSTMENT,7,a2101bf1-a3a3-46a6-95ff-0b01e1e48b36
IM00002705,2024-09-12T20:10:15,W001,P00041,TRANSFER_OUT,-44,405d7d53-7da4-4b1c-ba02-2a406e400aa3
IM00002706,2024-02-07T13:29:36,W009,P00341,RECEIPT,16,48384b50-9beb-4955-8df0-befa9d0ca890
IM00002707,2025-01-31T18:23:30,W001,P00166,ADJUSTMENT,5,7aa602de-44ee-436a-b73f-adf6690ffd9f
IM00002708,2026-02-15T07:55:57,W013,P00179,SHIP,-31,3b057cb5-97cc-43cc-80de-202ff5a329c5
IM00002709,2024-11-14T10:37:53,W003,P00026,ADJUSTMENT,24,1c966db7-95df-4e3a-a743-989d4cf1e4de
IM00002710,2025-05-08T22:18:27,W002,P00244,TRANSFER_OUT,-41,af682223-d643-433f-a0cd-636ac454da97
IM00002711,2025-07-09T20:39:13,W014,P00178,SHIP,-3,5c100591-427d-4cf9-b72c-f9f0ceac75c8
IM00002712,2025-12-08T10:31:03,W012,P00237,TRANSFER_IN,25,e4e61b39-1dbb-4fe4-84ee-7ea6a9993c29
IM00002713,2024-03-24T04:54:03,W016,P00189,SHIP,-39,dbdddd62-09cd-4018-9821-bfac8dc595e9
IM00002714,2025-04-23T01:16:33,W003,P00550,ADJUSTMENT,2,839b0e64-748d-47b9-881b-359171ea0644
IM00002715,2024-08-21T02:47:13,W003,P00410,TRANSFER_OUT,-34,6ee6ed77-88a6-4362-99a4-25fb7a838569
IM00002716,2025-07-29T06:52:03,W010,P00474,RECEIPT,2,a71de604-5b62-4406-9528-7003909d0886
IM00002717,2024-08-03T22:08:51,W013,P00535,ADJUSTMENT,20,2e7b6270-d04f-4d59-9de8-2b8697cf2ff5
IM00002718,2025-09-05T03:07:32,W016,P00169,TRANSFER_IN,26,b8e95458-e348-4d22-a4be-fc95e6c65bae
IM00002719,2025-08-03T15:38:32,W017,P00510,SHIP,-30,15f6ceda-4d07-4afa-8231-b6441a916638
IM00002720,2025-01-26T12:00:11,W001,P00510,RECEIPT,39,64c4eece-c38a-4cd3-95a0-a219026f13d5
IM00002721,2026-02-12T12:15:24,W005,P00233,RECEIPT,3,870780dc-2dac-4231-985f-9d61971ccc6f
IM00002722,2024-05-17T11:50:38,W012,P00546,SHIP,-41,acb5c800-d04f-494a-9e1d-3e35d3ba8f19
IM00002723,2026-02-22T14:06:29,W011,P00411,SHIP,-45,166f44c1-87ae-430a-be83-2f2870e85205
IM00002724,2025-01-10T19:35:02,W015,P00559,SHIP,-13,45c35da1-f528-4ae7-9719-aca0d1094a1c
IM00002725,2024-11-13T12:48:00,W014,P00578,RECEIPT,1,323333d7-ae92-474f-88f1-060f44ee8b38
IM00002726,2024-12-28T19:28:30,W016,P00540,ADJUSTMENT,31,3b704ae9-c106-4eff-aa29-a8c56249eb06
IM00002727,2024-08-01T13:50:51,W003,P00034,TRANSFER_IN,10,0294616f-fa93-446e-9dec-95fc823d5c86
IM00002728,2025-05-18T18:36:25,W009,P00465,TRANSFER_OUT,-3,0ff51011-fc05-4ac3-aa8e-c6be5d3fdf82
IM00002729,2025-08-16T10:37:20,W014,P00348,SHIP,-38,95e36dce-9c09-4132-868f-94b6253f8983
IM00002730,2026-01-22T09:47:57,W006,P00385,TRANSFER_OUT,-13,cd9ab686-8865-40c7-800c-6c9843431464
IM00002731,2025-06-06T11:28:25,W007,P00518,SHIP,-14,b49283b8-9cbc-4caa-adc4-4b2e5c48f993
IM00002732,2025-07-16T06:00:11,W016,P00398,SHIP,-15,1da6bf42-7c09-4542-adec-cb00ded596b9
IM00002733,2025-11-27T08:25:21,W017,P00477,TRANSFER_IN,3,ef6c9256-d768-446c-a637-9e462811c994
IM00002734,2025-01-12T17:52:25,W007,P00351,RECEIPT,18,f9b7e969-cc5d-408c-b0d5-86fbba68213e
IM00002735,2025-04-17T17:23:37,W007,P00595,TRANSFER_IN,21,1a3485cb-8113-46b0-91d3-7e5d7f164440
IM00002736,2025-09-29T04:42:37,W003,P00121,TRANSFER_OUT,-29,bbdf01f8-af22-4b33-ba59-91d403b853e6
IM00002737,2024-06-19T11:02:50,W001,P00340,TRANSFER_IN,21,ee587c95-5c2f-43bb-960b-14a4f8e293ed
IM00002738,2026-02-28T03:18:02,W014,P00045,SHIP,-14,5c6ebda1-a446-452e-9350-c9ae0486835c
IM00002739,2025-11-30T09:03:30,W012,P00219,SHIP,-27,a8b8bd00-e045-4068-a904-018c2b51fae6
IM00002740,2024-09-05T13:06:32,W004,P00264,TRANSFER_IN,7,5d4b7924-e05b-49c7-beaa-e3b064ef9b3d
IM00002741,2025-10-10T02:17:03,W002,P00572,SHIP,-9,f9772db7-0df0-4eb3-986e-97090af08f83
IM00002742,2025-07-03T20:29:11,W016,P00278,ADJUSTMENT,42,0be74111-cd69-432c-8a31-0dd119ef242f
IM00002743,2025-12-07T03:27:06,W001,P00326,SHIP,-14,f9115c5b-e83a-4d48-81b9-b14ae9b956a7
IM00002744,2025-05-18T13:26:10,W012,P00104,RECEIPT,13,81c6bc66-3562-4192-ac8b-2084237311be
IM00002745,2025-03-10T18:31:53,W006,P00449,TRANSFER_IN,12,8f3817bb-fb89-47c4-87de-60bd83c8ef16
IM00002746,2025-12-27T15:30:02,W017,P00131,ADJUSTMENT,13,8ce7b41a-b951-47fb-8b18-11e735a8eacf
IM00002747,2024-10-29T16:42:05,W011,P00583,SHIP,-34,e7a5a124-b957-40e1-84c7-e1c8e5971373
IM00002748,2024-09-08T22:36:11,W012,P00109,TRANSFER_OUT,-37,30faca96-a155-40ab-a2c0-38ca5219897e
IM00002749,2026-02-15T00:42:35,W004,P00511,SHIP,-6,bdce5099-1273-4572-b981-d3c75338df12
IM00002750,2025-12-09T07:11:43,W006,P00187,TRANSFER_IN,24,1c74ae8f-40a0-4ef7-a174-62a2ca127a1a
IM00002751,2025-02-20T09:40:11,W007,P00146,TRANSFER_IN,18,9da0636d-f1f6-4468-990d-0a2bb99e0433
IM00002752,2025-12-16T06:43:45,W007,P00431,TRANSFER_OUT,-44,afdc1ddf-88f6-4241-a188-818a503e6947
IM00002753,2024-01-05T21:25:47,W009,P00347,TRANSFER_OUT,-12,0cafeabe-76d0-4e49-914f-f3c06273f687
IM00002754,2026-02-27T07:24:56,W015,P00482,RECEIPT,40,19e5c6ec-17c5-4099-bfed-438a4ab84614
IM00002755,2026-01-10T09:44:07,W012,P00069,ADJUSTMENT,20,dd9ae826-fac2-4779-b44b-516e6c4a6968
IM00002756,2025-03-09T20:11:11,W017,P00006,TRANSFER_IN,5,effadb26-662c-4146-8fba-1a00b38c984d
IM00002757,2025-10-22T08:15:15,W011,P00174,SHIP,-42,0d5cc368-26fa-4172-bdfa-6c23fc66d8cd
IM00002758,2024-08-11T09:04:59,W010,P00574,TRANSFER_IN,22,45034f93-47ab-49bd-83df-1c4e399d69cc
IM00002759,2024-11-21T21:10:26,W009,P00242,RECEIPT,31,c3d0b1ca-4fd6-4b63-80cb-6c4521f22b02
IM00002760,2025-10-24T06:06:42,W017,P00130,SHIP,-11,d1b7359f-9801-45bc-8a2e-67dac1be155e
IM00002761,2025-11-28T03:29:15,W003,P00221,SHIP,-27,bb07ab9d-bf38-46eb-ae97-7427f61239c4
IM00002762,2024-03-17T00:47:31,W005,P00231,TRANSFER_OUT,-7,8414eb5d-43cb-43df-9972-3fd23c7f3811
IM00002763,2025-06-09T08:15:49,W013,P00231,TRANSFER_IN,14,ebd185ee-7161-4501-83fc-c1b90711e0dd
IM00002764,2024-10-28T05:20:33,W006,P00084,TRANSFER_IN,17,cb770b78-f056-4258-86a2-00f26ff11a5e
IM00002765,2025-01-03T23:10:55,W012,P00256,ADJUSTMENT,32,8a145b8f-5005-48c5-95db-5bdf9bfd2444
IM00002766,2024-09-22T07:18:58,W007,P00512,TRANSFER_OUT,-39,4ebaf625-198f-45a6-a78d-b0c18256e896
IM00002767,2026-02-23T10:04:33,W003,P00120,SHIP,-47,d6554242-7a0c-4f43-ac23-39b7b08df909
IM00002768,2025-04-15T00:19:57,W005,P00242,TRANSFER_IN,44,342d566f-e8e1-4ad9-8ec7-85c988f27ffa
IM00002769,2025-11-10T12:19:27,W004,P00069,SHIP,-39,82b9d0a1-3db1-4c14-977e-cd126a9710ba
IM00002770,2025-07-20T12:06:34,W011,P00577,TRANSFER_IN,14,4e5e96a9-8ff7-47fc-84ad-0084f1d75d09
IM00002771,2024-10-02T21:04:37,W014,P00276,TRANSFER_IN,3,59b3f8b3-93c4-478e-9207-edbf7b3084fe
IM00002772,2024-06-24T03:16:40,W001,P00468,TRANSFER_OUT,-48,a6127de9-1012-4bfa-8bbf-ddf0d861d6f3
IM00002773,2025-12-24T22:37:18,W013,P00521,TRANSFER_OUT,-47,5c661aab-7b11-429a-8e21-33fe15a56ffd
IM00002774,2026-02-05T05:09:40,W017,P00021,TRANSFER_IN,41,3a7b3754-64a0-4ae8-8349-30942055776d
IM00002775,2025-07-28T13:46:46,W011,P00232,TRANSFER_OUT,-6,adfe5c2f-224b-443b-aeb1-b5cf6fb99169
IM00002776,2026-02-22T14:21:58,W001,P00242,SHIP,-1,8766260d-fbac-4197-8d79-947b8b4e607f
IM00002777,2025-10-21T20:47:33,W005,P00085,TRANSFER_OUT,-44,7970aee2-bb36-4d76-930a-befe692b5375
IM00002778,2024-07-20T14:02:08,W002,P00321,TRANSFER_IN,41,fd7f5842-3c14-4f09-b40c-a739db7f233e
IM00002779,2024-09-22T08:52:14,W005,P00466,ADJUSTMENT,47,7c5bbba6-7309-485d-a6a4-ed4345104ed9
IM00002780,2025-03-15T15:42:30,W012,P00191,SHIP,-1,31441321-a59a-4511-849d-9dd7cb97882f
IM00002781,2025-10-31T19:04:26,W011,P00335,TRANSFER_IN,16,71cf5516-f190-4efc-84e5-b579f917b4c2
IM00002782,2024-04-23T01:35:52,W015,P00361,TRANSFER_OUT,-23,84b18aa8-c951-462f-8e47-cd2ff26cbb81
IM00002783,2024-07-11T21:37:49,W005,P00086,RECEIPT,48,b2d32943-5dcf-48f7-ae3d-15bd24486e99
IM00002784,2026-01-02T15:28:32,W007,P00523,TRANSFER_OUT,-12,4c55c64e-fda7-4199-b2b3-b20b8464b828
IM00002785,2024-02-10T22:42:55,W007,P00036,RECEIPT,2,d84994ce-9efa-4be6-902b-0ec1429d9a54
IM00002786,2024-12-03T20:35:15,W001,P00271,RECEIPT,18,b5445883-c94d-45ac-9465-636b28435eb3
IM00002787,2024-08-01T09:12:20,W001,P00037,RECEIPT,5,e1f4ca45-b8c4-40de-ab71-ad1ca33452eb
IM00002788,2026-01-11T10:09:24,W013,P00016,ADJUSTMENT,48,8ebd315f-6a56-47bf-b4e7-5b7f9de5909e
IM00002789,2025-10-08T18:59:57,W002,P00468,RECEIPT,43,995a0feb-f6da-4765-9c64-5e3a19ed2059
IM00002790,2026-01-18T11:01:07,W012,P00566,TRANSFER_IN,21,dc24de97-93b7-4535-8b23-c52ea06d7f39
IM00002791,2024-02-16T22:14:14,W014,P00375,TRANSFER_IN,6,41471547-cfd8-4fe8-9129-7a2015d275bd
IM00002792,2026-02-14T01:17:38,W016,P00567,ADJUSTMENT,14,2aa63118-0560-4f78-9b3a-8708a33065fb
IM00002793,2025-02-06T12:36:19,W016,P00320,SHIP,-27,f151ae23-2eab-4d89-827d-385a7ce58def
IM00002794,2025-09-28T16:36:56,W008,P00372,RECEIPT,14,2bb3e9be-d0a2-4843-bc56-6ebb5a206418
IM00002795,2025-06-23T12:00:32,W012,P00131,RECEIPT,1,f9b8bb45-2046-4964-8291-fd31be572712
IM00002796,2025-08-23T19:12:23,W010,P00119,SHIP,-8,cbbd13c3-96eb-4396-905d-b6eba9ca875a
IM00002797,2026-01-16T06:05:23,W017,P00331,TRANSFER_OUT,-30,e3b2dda1-d52e-4be0-81e1-85347ea51e51
IM00002798,2025-11-15T23:27:58,W008,P00395,TRANSFER_IN,37,6ff2e87c-a039-4299-ae46-83d3c048f3cf
IM00002799,2025-03-22T09:48:12,W002,P00468,TRANSFER_IN,10,b7a3912b-b3c8-46a6-89f3-59c23791b20a
IM00002800,2026-02-15T11:21:10,W014,P00544,RECEIPT,32,f92d2d3e-fa10-47b6-ac51-2e58bfa600fe
IM00002801,2025-03-07T13:29:01,W009,P00087,ADJUSTMENT,46,59c0e886-39e3-4e37-8442-8bab0b610270
IM00002802,2025-02-24T03:06:37,W004,P00123,TRANSFER_IN,21,a014f7c1-5bb7-4a45-8c48-333816e316f8
IM00002803,2025-09-10T11:58:00,W011,P00027,ADJUSTMENT,24,52fd8b86-ac03-4f73-bccb-311f1f67afaa
IM00002804,2025-04-23T23:25:00,W004,P00142,TRANSFER_IN,16,f457c5b1-ad3f-4b00-8d30-eb1109f53d9b
IM00002805,2024-07-05T08:15:47,W009,P00392,TRANSFER_OUT,-13,c823ddc8-8287-491c-949a-8f14f5775765
IM00002806,2024-08-04T12:34:30,W015,P00534,ADJUSTMENT,38,07c21eff-d0ca-4f9d-bbcd-8617351d2257
IM00002807,2024-03-07T22:10:43,W017,P00197,TRANSFER_OUT,-7,8f27c802-aeb3-443e-bf7f-50c071a6cb65
IM00002808,2024-05-16T18:15:28,W013,P00259,TRANSFER_IN,28,a639b11e-aaaf-41d9-b490-5d38ea539022
IM00002809,2024-10-30T03:54:08,W017,P00129,ADJUSTMENT,47,1007da27-1bdd-4415-b2af-242943fda922
IM00002810,2024-12-03T17:26:45,W002,P00594,TRANSFER_OUT,-29,3b077918-80a4-4873-afb8-6bfadd161504
IM00002811,2024-03-05T18:40:18,W011,P00118,TRANSFER_OUT,-35,6d63ac5d-c9e3-4682-b00f-4f12924567eb
IM00002812,2025-01-26T16:06:48,W012,P00526,RECEIPT,44,e22cb820-aade-4abd-be0c-cd355e749943
IM00002813,2025-02-28T15:23:57,W005,P00590,SHIP,-27,38d0d986-41aa-4bed-9870-59e2f4eea4dc
IM00002814,2024-11-13T10:55:19,W007,P00392,TRANSFER_OUT,-35,9165a5d3-8e5a-4769-b677-6d529211242c
IM00002815,2025-12-19T17:39:41,W008,P00362,RECEIPT,21,b1a4b289-4e32-4297-bfd2-b5f7301a87d9
IM00002816,2024-09-20T08:13:14,W011,P00400,ADJUSTMENT,30,ced0c351-5d10-4090-897a-d867db43868b
IM00002817,2025-06-09T01:13:01,W011,P00290,RECEIPT,44,380e5c89-2184-4b41-a1b1-a076610f74a1
IM00002818,2024-01-30T14:33:56,W011,P00329,RECEIPT,41,59d90d8f-4fae-4af0-a88e-6ca74e322ed2
IM00002819,2025-05-24T08:40:22,W011,P00238,ADJUSTMENT,42,1f4b9141-f99d-4f28-989e-241fcd2305d9
IM00002820,2024-12-23T22:31:01,W013,P00222,RECEIPT,18,658708be-19b0-4575-b167-ce42778a3117
IM00002821,2024-05-05T05:03:56,W004,P00275,SHIP,-7,c1041f6d-a3ef-451e-bd4e-b7b14f193255
IM00002822,2025-09-03T19:44:22,W013,P00568,RECEIPT,26,00407ace-6734-41da-9294-0eaf1f00c2f2
IM00002823,2025-11-13T22:02:12,W003,P00385,SHIP,-32,b1ff1ffc-a0df-4dec-a437-731a2b998067
IM00002824,2024-12-29T17:11:44,W009,P00573,RECEIPT,43,b31278a9-d3bd-4446-ac30-d8a9ca7c07c9
IM00002825,2026-02-09T22:31:47,W001,P00066,SHIP,-3,66c17660-713c-40e1-ae8c-bb3c79377b4e
IM00002826,2026-02-17T18:15:54,W015,P00488,TRANSFER_OUT,-42,d7a0805a-a695-415d-a6b5-1204f0a003cd
IM00002827,2024-01-26T23:56:51,W011,P00002,RECEIPT,1,48161a3f-12bd-424c-9af1-31eaf99f3e55
IM00002828,2024-09-30T15:23:09,W013,P00400,TRANSFER_IN,44,68ca5013-0ef0-406f-ae72-8596f6c82a9a
IM00002829,2025-01-14T11:39:03,W012,P00530,RECEIPT,23,b4a535fa-1a2b-423e-92c7-979704054932
IM00002830,2025-05-09T13:43:26,W016,P00080,TRANSFER_OUT,-46,a2b62997-e0c2-4b16-ab8d-d30e0c8939a1
IM00002831,2025-08-27T07:39:57,W010,P00566,SHIP,-7,289fb492-950f-4d6f-9b6e-50413f0ead02
IM00002832,2025-08-21T02:21:41,W013,P00160,TRANSFER_OUT,-13,5f2166a4-4bfb-4a20-86a1-c6d9fe70b55d
IM00002833,2024-05-19T20:42:24,W012,P00459,SHIP,-18,de8beec1-3499-4b07-9ee6-aa90b8a7bb0c
IM00002834,2025-10-19T06:37:14,W010,P00289,TRANSFER_OUT,-38,33aa708e-7703-4951-95ba-e52223da89f8
IM00002835,2024-06-20T07:00:14,W005,P00120,RECEIPT,28,a3769918-e456-43de-bd05-4da4c432ff37
IM00002836,2024-05-24T04:34:39,W007,P00148,ADJUSTMENT,45,8ea0a52c-bb1d-4c80-9527-fd71ba57eada
IM00002837,2024-11-20T05:15:12,W015,P00433,TRANSFER_IN,27,1b95129e-6f65-4333-b484-c8bb71d84a5e
IM00002838,2025-02-23T01:19:51,W005,P00588,TRANSFER_IN,44,627a4323-1314-414e-8a78-7452e8649427
IM00002839,2025-06-11T19:13:10,W014,P00149,TRANSFER_IN,38,270b616b-085f-435f-8f84-dd041d49e8d4
IM00002840,2026-02-23T08:39:43,W014,P00036,TRANSFER_IN,30,30be8b75-6aca-4187-a29e-881ca2770892
IM00002841,2025-03-12T00:26:21,W005,P00154,ADJUSTMENT,43,747e57ee-b23c-45f4-9e31-d1caab51c49d
IM00002842,2024-06-13T06:54:23,W009,P00432,TRANSFER_OUT,-25,64f0db40-b96d-4249-be41-914aa97ee3cc
IM00002843,2026-02-07T00:22:08,W013,P00558,SHIP,-3,681ec084-112a-46c7-abad-05b27ef86d1d
IM00002844,2024-02-25T09:11:07,W003,P00581,TRANSFER_OUT,-47,b01902b0-cf83-4d48-b4c2-bab59f330000
IM00002845,2024-07-07T10:42:57,W007,P00280,TRANSFER_OUT,-32,d0faa8ec-944a-4f18-b85c-4dd1949d5285
IM00002846,2024-07-20T22:03:40,W007,P00565,TRANSFER_IN,48,6e83e209-950a-4bcd-9548-32910683ae8a
IM00002847,2024-01-26T07:03:05,W009,P00582,SHIP,-27,ab92d8e3-20aa-44e0-a529-e0b14a39d8ca
IM00002848,2024-04-22T04:59:08,W009,P00218,TRANSFER_OUT,-17,b95d184b-152c-47d6-8140-5fe5cc8378ad
IM00002849,2025-04-04T16:25:48,W009,P00504,SHIP,-5,b31a59ae-73bd-46e0-a631-799a1aed6fe4
IM00002850,2024-12-09T15:47:02,W007,P00139,TRANSFER_IN,10,e3519bd0-017f-44fa-a773-c5d199e2411f
IM00002851,2024-06-02T00:47:27,W005,P00476,ADJUSTMENT,42,274097ed-7c7c-409d-9292-6671321182cd
IM00002852,2024-06-25T23:28:43,W004,P00013,TRANSFER_OUT,-27,126d930c-eeb2-44fa-bcd5-0e44e5002142
IM00002853,2025-02-11T05:41:37,W008,P00031,SHIP,-17,c2532e69-a55b-4ed9-8f1a-928330cdedaa
IM00002854,2024-01-31T00:42:29,W001,P00356,TRANSFER_OUT,-44,f4fbab6a-2a4d-4e3e-865a-13c9820125f8
IM00002855,2026-02-25T20:53:49,W017,P00476,RECEIPT,4,ff369d09-5a8f-41f7-9e8a-24d5577fa3ab
IM00002856,2025-07-01T22:42:39,W010,P00577,TRANSFER_OUT,-18,8b316d65-4ef3-4ea6-8a7d-9796f367c7ed
IM00002857,2024-06-30T20:01:58,W005,P00459,RECEIPT,21,a17f5ce4-2f80-4144-850f-317dfd73da28
IM00002858,2024-12-02T15:06:39,W006,P00143,SHIP,-43,53fa53f3-7eb4-48d8-acbe-867c11384902
IM00002859,2024-06-18T20:39:48,W014,P00447,ADJUSTMENT,16,9deca76f-2484-4585-8f32-d8407978dc25
IM00002860,2024-11-15T18:14:54,W003,P00241,RECEIPT,12,cc89689d-9f77-4957-8b86-657c83fb8c6c
IM00002861,2025-06-10T04:14:01,W007,P00265,SHIP,-42,b9288212-b662-429e-b457-b76918160171
IM00002862,2024-06-20T05:59:55,W013,P00286,SHIP,-9,5f806b57-acf7-489b-b389-8b4821a64051
IM00002863,2025-11-21T22:25:59,W009,P00101,TRANSFER_IN,13,9ade72ad-3446-41e5-b311-62035c7986ef
IM00002864,2024-10-10T16:10:32,W007,P00058,SHIP,-27,386327df-c5b8-4e9f-b320-7d85950b8b18
IM00002865,2025-01-29T10:59:37,W010,P00376,ADJUSTMENT,33,a70a5017-229c-41fe-ab44-b80cb280cd5a
IM00002866,2024-10-09T14:56:20,W003,P00447,TRANSFER_OUT,-39,1997ea9c-ed9d-4dfd-8fa2-a6d43d501373
IM00002867,2024-04-28T19:32:54,W005,P00452,SHIP,-22,35472185-852a-4a99-bbf1-d11552ddd737
IM00002868,2026-02-13T04:58:36,W009,P00413,SHIP,-23,d48244b2-780f-4d4f-8bfc-0ac027c7186e
IM00002869,2025-07-11T11:55:23,W009,P00469,TRANSFER_OUT,-33,9cd4be4d-f7dd-4dd6-b440-9cef8f0744a5
IM00002870,2025-01-07T01:58:31,W001,P00315,ADJUSTMENT,7,6b455294-e6ef-49c8-be82-35ea2a90ab51
IM00002871,2025-05-13T14:10:28,W005,P00228,SHIP,-2,5ee1d73e-b0d7-4758-9e6e-be483b46ee1e
IM00002872,2025-08-04T07:07:34,W003,P00023,TRANSFER_OUT,-43,02673441-36ef-4133-a476-7ce93ed13a1a
IM00002873,2025-11-12T07:15:50,W012,P00459,TRANSFER_IN,12,9ca95f07-9391-4c3f-88fd-a9ce1d261b47
IM00002874,2025-08-14T03:03:23,W008,P00074,SHIP,-22,b2c851eb-6728-4ef1-a40c-bcdb8bbd41e1
IM00002875,2026-02-20T18:24:58,W007,P00275,RECEIPT,34,ca42096f-21f9-4f94-a474-3552c41979af
IM00002876,2025-01-03T12:53:34,W014,P00220,TRANSFER_OUT,-15,d10e0462-a1eb-4d9f-9dce-e464a6e5d930
IM00002877,2025-02-23T17:31:50,W015,P00285,ADJUSTMENT,23,6d9cef86-322e-4dd3-909f-425a6faf51cb
IM00002878,2024-01-09T01:04:58,W005,P00317,TRANSFER_OUT,-12,dfa42d4d-93e8-4649-94f1-ef7cac3e6bb4
IM00002879,2025-04-26T02:00:09,W006,P00394,TRANSFER_OUT,-39,abdddf90-9d34-4cf7-ab73-f3fb08fa4539
IM00002880,2025-03-30T23:51:04,W001,P00140,ADJUSTMENT,7,c266bd47-cca0-4283-af6a-5497da470cfc
IM00002881,2025-06-10T01:01:47,W009,P00351,SHIP,-25,721ee54e-4edd-4cb7-a2a9-4bffb8144379
IM00002882,2024-10-27T15:33:27,W012,P00090,RECEIPT,35,a8b48b8c-bb74-4e57-8848-f463e876a72c
IM00002883,2024-08-27T01:30:05,W011,P00162,TRANSFER_IN,45,620438dc-8815-429b-8d0e-b65e139d9284
IM00002884,2025-03-12T14:00:01,W012,P00166,ADJUSTMENT,45,40512313-23dd-403b-bb48-8f191e11739c
IM00002885,2024-02-18T12:03:03,W014,P00275,SHIP,-45,2519ee2f-894b-44e1-9ee8-eb71d61fd90e
IM00002886,2025-04-23T17:56:29,W009,P00361,SHIP,-33,f9b773ee-5467-4273-944c-5548a5286da8
IM00002887,2024-11-13T17:52:00,W004,P00331,SHIP,-12,92d2c2ba-6668-4aee-a620-2b65d122f04a
IM00002888,2024-02-08T12:11:41,W013,P00324,SHIP,-42,76ebc7fa-abb6-408d-9e9e-bfe22dfc0918
IM00002889,2025-05-17T00:38:02,W005,P00244,RECEIPT,12,be370133-039c-440d-8a1a-a70345727508
IM00002890,2024-02-24T02:21:08,W004,P00499,TRANSFER_OUT,-38,407528d8-55e9-469b-846c-577eb14890d5
IM00002891,2024-01-13T16:46:54,W007,P00235,RECEIPT,21,74feba80-17d1-49b3-8598-5ec4ef4eab82
IM00002892,2024-11-15T20:55:45,W014,P00563,ADJUSTMENT,46,21a1cf8d-7fdd-4d3c-a203-7ef67b4bcb16
IM00002893,2025-06-15T11:25:47,W015,P00496,TRANSFER_IN,10,85b1de73-9bcc-4336-a811-b3521ae31793
IM00002894,2024-06-09T01:24:20,W006,P00414,RECEIPT,22,cd27bca7-00e3-48d7-9a06-00fddd5af8f1
IM00002895,2025-01-03T11:55:23,W001,P00314,TRANSFER_OUT,-19,c640cbdc-554f-4cf9-8c97-4b9bbf46e0f2
IM00002896,2026-01-17T15:17:21,W010,P00526,SHIP,-13,adeff562-8e71-418e-ba79-de371cb0760d
IM00002897,2025-07-01T17:57:23,W007,P00430,RECEIPT,6,48bcad05-e4fd-4f10-8c59-6f046fda420d
IM00002898,2024-09-13T18:46:25,W017,P00122,SHIP,-25,a50793bf-0f2d-40ce-aa6a-7313133e0867
IM00002899,2024-04-11T15:57:21,W002,P00109,SHIP,-16,5283b232-79aa-4d90-adb9-ed5f7eb438e5
IM00002900,2025-07-23T18:33:56,W003,P00377,TRANSFER_OUT,-46,dd43db27-069d-45a6-adee-9a5ac41bf20c
IM00002901,2026-01-10T19:23:34,W002,P00495,TRANSFER_IN,2,e25075a4-c907-4ec4-a593-af9685622bb1
IM00002902,2025-01-31T19:37:16,W012,P00332,TRANSFER_IN,10,8010caec-a379-475d-a081-573d6d5fec08
IM00002903,2024-04-03T03:49:57,W001,P00385,RECEIPT,9,1b2b7e72-f8c5-4ff7-af91-ba78f12012fe
IM00002904,2025-06-05T14:52:36,W016,P00028,SHIP,-49,c9106927-a66f-40c8-91d0-2c08599a3e69
IM00002905,2024-12-15T07:32:00,W009,P00107,ADJUSTMENT,12,b90b46d2-2acf-4e93-b1e4-df93a4441cfe
IM00002906,2025-02-23T17:07:29,W013,P00592,ADJUSTMENT,16,7f3dadcb-69e9-4a12-b335-b124a3f46054
IM00002907,2024-07-25T09:11:36,W013,P00284,RECEIPT,47,950310e4-071f-44c8-8fbc-eb497e6890ea
IM00002908,2024-10-24T00:54:53,W017,P00593,SHIP,-45,a0403696-9031-4c6c-8a25-e57c3e4441b0
IM00002909,2024-01-26T09:37:19,W017,P00571,SHIP,-21,aa6a1897-863a-42da-9a58-60379b3145fd
IM00002910,2024-02-27T06:57:56,W015,P00422,TRANSFER_OUT,-12,8b67d755-e72b-4774-b836-6e7f4e7de5eb
IM00002911,2024-04-10T09:46:34,W012,P00540,TRANSFER_IN,37,2a7f1a75-1d13-4bf9-ab96-faecb6e094d9
IM00002912,2025-10-25T10:17:30,W011,P00126,TRANSFER_IN,36,3ad1f36a-9947-40f9-9635-dab645a46f69
IM00002913,2025-07-27T13:47:46,W005,P00090,SHIP,-25,09cd1c12-0bfa-4088-ab8a-3fd7570ddc24
IM00002914,2024-04-20T02:20:27,W012,P00382,ADJUSTMENT,12,ca9be69c-349f-477c-9992-4d2b81469273
IM00002915,2025-04-19T22:35:49,W016,P00595,ADJUSTMENT,37,c8ac5bc1-f9e0-4123-a71f-0230f38bd703
IM00002916,2024-12-31T18:12:18,W008,P00359,TRANSFER_IN,4,3072b2ae-b654-44b1-b51e-6074c53e4962
IM00002917,2024-12-02T06:39:02,W004,P00523,ADJUSTMENT,2,447f1925-fbaf-42fa-b1e0-4f20dc2f97d7
IM00002918,2024-10-16T00:26:45,W014,P00108,TRANSFER_OUT,-8,27950058-1a8b-4e9f-a63e-ae5fc68a3bd0
IM00002919,2025-01-30T22:17:41,W008,P00577,ADJUSTMENT,17,8df15adc-1206-433b-8ed6-4db62b914924
IM00002920,2024-01-20T01:03:51,W015,P00520,RECEIPT,36,e40ecf8d-57c6-4479-b759-b20d7d8c3d89
IM00002921,2024-03-12T03:42:58,W013,P00170,RECEIPT,28,09d67207-7cac-4fa0-bd81-c7f34d7fcd06
IM00002922,2025-08-31T09:46:15,W001,P00591,ADJUSTMENT,2,976e9be9-6b8f-4133-9df2-4e87647fea9a
IM00002923,2025-06-22T09:31:07,W006,P00088,TRANSFER_OUT,-13,17d84c5c-3d57-48ce-8d24-307ae45e20b4
IM00002924,2024-08-01T14:13:23,W008,P00098,SHIP,-35,95539404-2bdd-47d8-8ded-35d17ca1c2b4
IM00002925,2025-01-14T15:42:20,W016,P00079,SHIP,-8,6de644ea-3220-4194-9feb-c90a93d849ef
IM00002926,2024-10-28T07:32:41,W009,P00290,RECEIPT,25,6ef92e9b-7389-4fcc-a396-d284647f79f7
IM00002927,2025-02-10T06:16:54,W003,P00059,ADJUSTMENT,32,fab1e39f-7fdc-4054-9178-60527ce14924
IM00002928,2025-04-11T05:03:26,W007,P00524,RECEIPT,35,ba248b6d-eefe-4d06-9839-871ca05e3b8b
IM00002929,2024-09-10T05:53:38,W014,P00364,TRANSFER_IN,5,ae1ad434-b635-4645-b1b7-ae03e52be905
IM00002930,2025-10-17T23:06:57,W007,P00219,ADJUSTMENT,36,11b576a9-5bf1-47fd-a746-05a3238fdff8
IM00002931,2024-07-31T22:27:49,W014,P00546,TRANSFER_IN,33,511754ba-793c-49f7-ae9f-3288582e5c22
IM00002932,2025-03-23T09:40:45,W014,P00426,SHIP,-28,a0bf11f9-e64c-4486-95a7-9d7450f19aa1
IM00002933,2024-01-29T09:24:58,W013,P00380,TRANSFER_OUT,-16,53275910-62eb-4d44-9eac-775348736c5c
IM00002934,2024-12-04T22:55:30,W014,P00291,ADJUSTMENT,32,541eea7b-ffa6-4dc6-ae25-43d77f68f573
IM00002935,2024-06-01T10:27:37,W013,P00026,TRANSFER_IN,15,7ae3b45a-eb1d-4e3b-b709-e8fed9745ba1
IM00002936,2025-03-22T14:36:42,W011,P00446,SHIP,-46,48983981-0d79-4581-8a26-7ac8f92b3515
IM00002937,2024-03-26T11:28:34,W015,P00021,TRANSFER_OUT,-12,4fd1accc-2c9d-4e42-99cb-67dc84af410f
IM00002938,2025-10-03T11:23:11,W017,P00179,TRANSFER_OUT,-17,bbb51590-cd55-4e5e-b721-3c3560da6cf5
IM00002939,2026-01-28T05:13:02,W012,P00415,TRANSFER_OUT,-38,dd0654b3-67a7-423a-9d8f-1462038f9842
IM00002940,2025-06-30T03:37:49,W004,P00122,SHIP,-39,5b866e09-ec4a-4522-be48-c47451038a87
IM00002941,2024-07-07T19:46:07,W017,P00102,SHIP,-28,68598147-ad68-4c33-aa36-e86d1320c5ef
IM00002942,2025-02-28T04:35:05,W010,P00240,TRANSFER_OUT,-28,567eb0a7-cadf-4bb7-a707-3c04a3118eff
IM00002943,2024-06-24T09:10:47,W005,P00591,TRANSFER_OUT,-40,040e927b-79e6-43af-8766-e804a5e4eac2
IM00002944,2024-05-05T10:54:50,W016,P00599,RECEIPT,11,42d55c0a-f62f-4bb4-b8b1-734def1d5ec0
IM00002945,2025-06-10T06:38:05,W009,P00291,TRANSFER_IN,20,488b402e-10e1-47e6-971d-a60e8e710ac1
IM00002946,2024-09-23T16:12:18,W005,P00522,TRANSFER_OUT,-36,d68e7449-3b6a-412b-9e74-42d293ddce48
IM00002947,2025-08-25T09:17:57,W012,P00111,ADJUSTMENT,41,4f99c8ec-298c-40e4-a262-18f6e03d2c96
IM00002948,2024-12-17T21:42:20,W005,P00353,RECEIPT,2,88640b36-a194-4b0b-8a4b-11c54043ab98
IM00002949,2025-11-26T22:02:07,W017,P00522,TRANSFER_OUT,-29,0148d978-877c-42c1-84d7-d566c51ef213
IM00002950,2024-11-11T12:14:12,W008,P00170,TRANSFER_OUT,-26,02924a80-e294-4293-bb67-8de900dbe037
IM00002951,2025-04-18T00:28:53,W003,P00376,SHIP,-30,9301f577-aa1c-4a75-b94d-fb4600c6788e
IM00002952,2024-03-26T14:07:31,W016,P00460,SHIP,-5,254951c6-cb9f-413d-b304-72346ea49f69
IM00002953,2025-11-30T17:11:48,W015,P00485,TRANSFER_IN,11,0c74bb01-5308-4c74-8fb3-4b22f13fba09
IM00002954,2025-04-05T08:37:47,W005,P00556,ADJUSTMENT,36,b8a584f6-41c5-469b-9d39-4ca303982855
IM00002955,2025-02-06T22:06:16,W013,P00363,RECEIPT,44,4fb046ef-938b-45f4-83ee-c3d462eb4425
IM00002956,2025-04-05T00:25:06,W016,P00087,SHIP,-28,42937bfa-3d97-4844-9d73-01f6fc07dfdf
IM00002957,2024-06-12T05:26:47,W003,P00254,SHIP,-4,4a041481-1c73-4cd9-8f9d-86014509e1fe
IM00002958,2025-02-15T19:41:14,W002,P00099,SHIP,-46,8885e8ce-9859-45c4-bb66-7c088a6051b6
IM00002959,2024-11-01T21:39:59,W007,P00299,TRANSFER_OUT,-16,6f360641-66c7-45cc-8b3b-46fd78e02a3a
IM00002960,2025-07-28T10:47:11,W001,P00005,SHIP,-3,aab7bbbe-c714-4966-941c-986f5926debb
IM00002961,2025-01-31T11:08:02,W011,P00405,RECEIPT,27,ac5b1838-8c8b-4fa1-b804-bb852ae4ae15
IM00002962,2025-06-05T11:41:48,W013,P00063,TRANSFER_IN,39,2996684a-76ae-4e35-ac41-fb275286df70
IM00002963,2025-10-19T21:16:46,W009,P00483,TRANSFER_IN,16,3809ace0-e3eb-4a92-8f46-58f079d29c9b
IM00002964,2025-05-04T13:31:10,W002,P00053,ADJUSTMENT,17,78bdd9a0-5509-48ae-8431-007326e1f410
IM00002965,2024-01-02T07:33:14,W009,P00430,RECEIPT,23,cab5a5b5-c62f-4cd7-928f-ad32c1804354
IM00002966,2024-09-28T09:10:41,W009,P00070,TRANSFER_OUT,-8,5194ca65-135d-4976-b3b9-3a5e599945cd
IM00002967,2025-02-23T04:55:59,W005,P00281,TRANSFER_OUT,-29,a81234c3-4367-4f97-9c1e-df44012278bb
IM00002968,2025-06-20T14:09:13,W006,P00436,RECEIPT,12,11106f77-8b21-4ab7-b63b-bcffaf425a4b
IM00002969,2024-08-28T06:42:16,W007,P00070,RECEIPT,47,33aab810-94f5-4fba-b8c6-29d370f56c30
IM00002970,2024-02-09T23:52:04,W011,P00113,TRANSFER_IN,45,1f1b7082-212f-466f-a1b5-c0ed16d7546e
IM00002971,2025-10-06T05:59:15,W015,P00459,TRANSFER_OUT,-11,cbde35fb-0e5b-40dc-94dd-b6680116cb82
IM00002972,2025-01-12T15:41:21,W013,P00029,TRANSFER_OUT,-47,b55bdb8a-4142-4dc1-85d2-158c339b9b04
IM00002973,2024-08-12T22:53:33,W015,P00425,RECEIPT,35,256e37e1-5202-46be-9bae-be5fb7375d3a
IM00002974,2024-12-12T07:10:50,W010,P00009,TRANSFER_OUT,-22,f8b7ab57-00bd-49a9-a3be-bcb3f69191f7
IM00002975,2024-06-27T01:42:33,W003,P00315,SHIP,-36,fd64a2ea-1463-4665-a6bb-55bd8ef59171
IM00002976,2024-11-25T21:36:08,W010,P00580,TRANSFER_OUT,-9,a26cde78-c7d7-457a-8975-3d62d089afec
IM00002977,2024-11-16T23:35:56,W008,P00330,TRANSFER_OUT,-27,7283ece0-5118-4917-a6b2-079651b31a0f
IM00002978,2026-01-16T21:04:22,W002,P00357,TRANSFER_OUT,-11,582ef5c7-670e-4417-8f41-fa90871e0998
IM00002979,2024-07-20T19:25:43,W012,P00511,TRANSFER_IN,35,c8b2b1ed-d8ee-4441-a393-6850132ed5fb
IM00002980,2025-01-20T01:28:35,W008,P00046,TRANSFER_OUT,-7,c36dea4f-a94f-45c6-9e99-10291d2d3cea
IM00002981,2024-10-21T19:30:32,W007,P00165,TRANSFER_OUT,-40,643ce7ed-2b8a-4d13-9800-4cf800e67b1c
IM00002982,2025-08-09T01:56:14,W014,P00132,TRANSFER_OUT,-34,9f74cbac-86fd-4d3c-a644-c4f1610cce6e
IM00002983,2025-09-06T21:13:26,W016,P00265,ADJUSTMENT,16,ca1af247-35ab-459b-a39f-8078243cc80c
IM00002984,2025-05-10T21:55:55,W012,P00057,TRANSFER_OUT,-48,f212a7c1-f1c9-4958-b247-cb5274a306a1
IM00002985,2024-01-17T18:06:27,W008,P00551,SHIP,-42,449289a3-428f-48a7-89e9-36d07024d041
IM00002986,2024-10-26T00:44:13,W007,P00086,TRANSFER_IN,31,2b889cd9-9b85-454e-882a-5c98b1fdeeee
IM00002987,2025-04-25T17:21:26,W005,P00263,SHIP,-44,ee14248c-63ea-4d6d-b05a-4d48da153d3a
IM00002988,2024-09-30T23:49:42,W011,P00144,RECEIPT,40,138cfce5-0f96-42ac-ae89-e8bc637c4b41
IM00002989,2025-05-09T19:29:46,W014,P00145,SHIP,-23,54e8bf34-f410-40a3-8e8f-10af31f177fc
IM00002990,2024-10-27T20:29:43,W001,P00371,TRANSFER_IN,45,0997a311-e3fe-475d-9fd6-c403a9c813ac
IM00002991,2025-09-08T09:13:52,W007,P00250,TRANSFER_OUT,-33,8cbe9d34-5cb3-44bb-8067-27937b9ede8b
IM00002992,2025-01-09T00:10:34,W008,P00380,TRANSFER_IN,9,fc48c210-5335-4924-8d75-ca0b54bbd547
IM00002993,2024-05-10T05:15:52,W011,P00155,RECEIPT,7,a9fa10c5-f591-4577-971e-aaa440b7ab68
IM00002994,2025-10-10T22:15:56,W002,P00017,TRANSFER_OUT,-44,afaa1c23-8a5b-4d30-8567-f639a7d64a3d
IM00002995,2025-11-27T03:50:18,W011,P00430,RECEIPT,21,8e650aff-1e15-45a5-834d-3035a46f839d
IM00002996,2024-09-26T11:44:06,W012,P00447,TRANSFER_OUT,-32,fa16b26f-a9b5-4eb2-91ca-1a32bc0c589f
IM00002997,2025-06-11T03:45:37,W012,P00510,RECEIPT,37,b341cdfe-bb07-4f11-8412-ef492329198f
IM00002998,2024-05-27T05:42:23,W011,P00346,SHIP,-14,f88a7cc1-6d8b-4944-a9b0-0f8c29dfee33
IM00002999,2024-01-23T02:51:39,W005,P00519,RECEIPT,16,2553fd40-1c34-4afd-89f3-ab7a75c7d358
IM00003000,2024-06-08T11:01:13,W005,P00221,ADJUSTMENT,8,f0a45f36-0775-487e-80bd-22ad6f1135d2
IM00003001,2024-09-25T00:15:40,W009,P00033,ADJUSTMENT,20,99454550-dbe1-45e7-aae0-d90239f61b7f
IM00003002,2024-08-08T19:36:39,W017,P00183,TRANSFER_IN,27,176dce0f-a9cf-49a2-a620-3998a94e2ff2
IM00003003,2024-03-10T08:23:45,W016,P00563,SHIP,-27,18582340-e739-45ae-bdcd-166772210cb3
IM00003004,2025-06-22T10:49:59,W011,P00014,TRANSFER_OUT,-21,96e58a17-b7ad-4da6-b33f-1246f7f56709
IM00003005,2024-09-09T21:24:30,W011,P00360,SHIP,-49,2f2682ee-2279-4305-9b19-b16fe30ebe1f
IM00003006,2025-05-14T16:07:16,W007,P00002,ADJUSTMENT,44,15e9121f-b256-4074-aee5-6efcad52fd08
IM00003007,2024-04-27T08:45:49,W017,P00344,TRANSFER_IN,33,8b9b8391-3992-4357-9a57-e6ab569b8abc
IM00003008,2025-01-11T07:05:22,W014,P00067,ADJUSTMENT,19,b049c917-83ed-4a0e-8c3d-b49f3c3b1ee3
IM00003009,2025-11-26T19:27:01,W008,P00257,ADJUSTMENT,34,d9336eb6-4ecf-4919-9654-2901ccaf8975
IM00003010,2025-04-25T16:22:07,W004,P00032,ADJUSTMENT,39,c31d0b07-1633-46f3-bab0-1045f1435071
IM00003011,2025-03-05T06:31:17,W002,P00379,RECEIPT,26,f1efd07e-ec38-44fa-8707-79818636e352
IM00003012,2025-06-05T07:49:34,W010,P00531,ADJUSTMENT,41,dc9cad0a-d28d-4b7d-801c-2b1c10e875d1
IM00003013,2024-10-28T01:11:38,W009,P00097,TRANSFER_OUT,-33,89117017-b44f-4599-a154-d326573196f9
IM00003014,2024-03-25T15:10:54,W014,P00152,RECEIPT,41,b9b800bd-4078-44d8-b883-9e561b3ca940
IM00003015,2024-08-31T05:18:42,W007,P00487,RECEIPT,1,0a5c1115-a9c1-40dc-9420-5988f07c4a08
IM00003016,2024-07-14T18:05:53,W009,P00202,ADJUSTMENT,41,fca0a960-179a-4d3c-9a19-e87724453bac
IM00003017,2025-08-28T22:14:39,W009,P00076,ADJUSTMENT,46,51364db4-c89a-4450-afe6-0d595d905a32
IM00003018,2025-10-06T13:02:10,W006,P00307,TRANSFER_OUT,-43,ea21b0a8-b67b-4862-a919-2e96400ff39b
IM00003019,2024-05-12T10:29:09,W008,P00026,TRANSFER_IN,14,c926a642-58ba-4fc5-96a5-28046c2d90d6
IM00003020,2024-04-18T09:36:50,W007,P00388,TRANSFER_OUT,-25,247a2d82-05d3-46b5-949e-49be1f40e05e
IM00003021,2024-05-08T14:34:06,W015,P00180,TRANSFER_OUT,-43,34ec8c95-3610-46e8-a979-c75e4d09b35a
IM00003022,2026-02-02T09:04:29,W016,P00354,RECEIPT,47,c7ffe394-797f-4632-9e22-285030fbaa31
IM00003023,2025-11-22T15:33:53,W005,P00235,TRANSFER_OUT,-19,0cb36399-771f-45e4-88a9-63eb565b9492
IM00003024,2025-01-13T14:31:35,W001,P00077,SHIP,-5,df58acff-d428-42cd-8ff9-a416702018dd
IM00003025,2025-04-22T16:05:24,W001,P00256,TRANSFER_OUT,-37,11b079db-605c-4398-abdf-f2d897c17cf7
IM00003026,2025-12-30T08:40:33,W001,P00226,TRANSFER_OUT,-48,253aec7b-f09c-48f6-a446-4f6fbdd2d87a
IM00003027,2024-04-15T21:05:44,W003,P00553,RECEIPT,27,f3070451-2422-4f8f-ac78-dc85a24cc03a
IM00003028,2024-08-09T09:11:41,W010,P00151,ADJUSTMENT,4,44545c39-0a51-4bf4-b639-b5c93d4bcbf7
IM00003029,2025-12-09T04:48:52,W004,P00038,TRANSFER_IN,49,88b0a2dc-2504-4acb-b443-e5652faa86aa
IM00003030,2024-12-17T21:32:48,W010,P00500,RECEIPT,41,2a30df82-e49b-4839-a26d-88b1812b435b
IM00003031,2025-05-08T11:48:29,W008,P00257,ADJUSTMENT,19,b908b1c3-3f71-4a99-b739-173d7a407862
IM00003032,2025-01-21T16:22:43,W007,P00451,TRANSFER_OUT,-3,0953e1c3-e4ec-4191-8ab0-2f2a41b14834
IM00003033,2026-01-01T17:22:20,W001,P00432,TRANSFER_OUT,-11,855003aa-53ba-403d-ac5c-e334ed286f42
IM00003034,2024-01-25T16:36:54,W017,P00186,RECEIPT,25,25aa6376-0d6a-4748-bc0f-9a824ff0f0e6
IM00003035,2025-01-04T20:43:41,W015,P00425,ADJUSTMENT,29,1109a44d-eea1-4b17-8afa-fe372f8caab9
IM00003036,2024-08-09T03:23:55,W010,P00316,ADJUSTMENT,7,8ea7a6ff-7cc1-4ad7-89fe-98106a3ad195
IM00003037,2025-03-01T17:39:14,W010,P00173,TRANSFER_OUT,-16,b8f4a289-2167-4b20-b60b-2d97635726f9
IM00003038,2024-07-06T23:03:13,W003,P00309,SHIP,-43,9925d6dc-4b66-44ab-ae58-9ca2f2003900
IM00003039,2026-01-11T04:37:18,W003,P00107,SHIP,-48,32287385-12fc-48e9-a215-f480f8e939dd
IM00003040,2025-07-22T19:35:00,W001,P00314,SHIP,-16,2aa1326c-506b-4c98-8bd9-c2286bec4708
IM00003041,2025-12-08T08:14:49,W004,P00002,SHIP,-38,544f16e3-ab21-4f30-8f1f-543d6761a8be
IM00003042,2025-07-22T08:28:50,W008,P00080,TRANSFER_IN,47,8d948375-a224-4346-b2d3-b2cc278b39a5
IM00003043,2024-08-02T01:34:38,W008,P00119,SHIP,-6,55b22620-d58f-4496-b633-0fd0441b57a2
IM00003044,2024-03-03T18:17:04,W010,P00315,RECEIPT,21,7dcfbe8e-98db-441f-9614-f86b7ba612d5
IM00003045,2024-04-04T12:31:33,W016,P00462,SHIP,-43,601e3c04-1168-4683-b0af-42de7705e55d
IM00003046,2025-08-15T22:31:40,W017,P00534,TRANSFER_OUT,-17,81d365c2-f2f1-4b90-964b-9ccca9b00312
IM00003047,2024-08-25T03:29:13,W005,P00100,TRANSFER_OUT,-16,7ab24522-23b2-42ce-93c2-d9f85c70bbbb
IM00003048,2025-05-24T12:27:38,W008,P00299,TRANSFER_IN,12,2c1a2b3a-b677-4934-958a-2a1929bb835f
IM00003049,2025-09-09T06:25:29,W004,P00346,SHIP,-41,9bc9b3a4-c6ff-46f2-9f5d-fcd564859415
IM00003050,2025-02-02T11:14:16,W005,P00089,RECEIPT,48,e00081d0-34b2-49e0-b12b-b1ee1698a4fb
IM00003051,2025-03-07T05:35:29,W017,P00534,TRANSFER_OUT,-3,2ca02437-ceb1-4843-ad81-e5da2cc37d8f
IM00003052,2025-07-24T17:58:31,W004,P00114,ADJUSTMENT,28,f31f3b66-65a3-4e0b-a5ce-7b93b3fe0944
IM00003053,2025-07-11T10:30:01,W016,P00021,RECEIPT,23,fb0c01d2-8bbd-4c59-918a-c26ab8b09ae5
IM00003054,2024-02-24T04:50:28,W004,P00195,RECEIPT,4,3285ab41-f61d-4c56-a337-349643958a2c
IM00003055,2025-04-27T04:45:09,W015,P00244,ADJUSTMENT,24,e0325720-b580-4d03-901d-ce155fd71804
IM00003056,2024-05-01T07:08:30,W008,P00058,ADJUSTMENT,34,a70a1ae0-708a-4684-bae5-644046b4b07b
IM00003057,2024-11-01T19:35:02,W008,P00581,TRANSFER_OUT,-37,adb4b000-a49a-40a1-9bfa-1516783f363d
IM00003058,2024-01-13T07:51:55,W013,P00371,TRANSFER_OUT,-48,8ca11c52-9f47-49a4-a73f-05d14aa71bdd
IM00003059,2025-01-04T10:31:15,W001,P00112,RECEIPT,49,143720f1-1656-4e1d-a2ec-a2099c6a678d
IM00003060,2024-08-22T08:21:02,W006,P00564,TRANSFER_IN,48,7b21d242-4192-4043-bc6f-ae5be5222962
IM00003061,2024-12-08T17:33:14,W002,P00478,ADJUSTMENT,33,65c6b3b9-43ce-4f15-85fd-ae6bdb8d191f
IM00003062,2024-07-15T07:36:46,W007,P00358,TRANSFER_IN,28,a948e7b6-5991-4741-b332-722a671ed593
IM00003063,2025-10-31T22:56:30,W007,P00475,TRANSFER_OUT,-39,f12c7948-194e-47ad-b38f-8e0ccf783348
IM00003064,2025-04-01T13:25:13,W002,P00373,TRANSFER_IN,22,773004b0-6257-4268-920f-b8c954587392
IM00003065,2024-12-25T13:58:52,W006,P00582,SHIP,-14,d433bc21-3ce5-427a-b645-bbcec5b660a4
IM00003066,2024-09-19T18:01:58,W012,P00040,ADJUSTMENT,12,e19ea5ff-a201-4bbc-a7ad-699e3d933749
IM00003067,2025-10-16T01:40:02,W014,P00380,SHIP,-28,c069188c-98d2-4d01-a892-df0cad4cb0b7
IM00003068,2025-04-22T10:21:21,W009,P00046,RECEIPT,9,ada232f9-a657-4bb6-be13-fb24557bf643
IM00003069,2024-01-14T03:30:25,W004,P00346,ADJUSTMENT,4,70e51bd4-fcf7-4729-b32a-9ae687d3a87c
IM00003070,2024-07-25T23:02:20,W012,P00053,RECEIPT,5,f9f4e90b-39a8-4aa4-a5d6-b812195e9943
IM00003071,2024-06-24T22:56:47,W011,P00405,SHIP,-7,89604119-f884-4c87-ba69-b478097c875b
IM00003072,2026-01-29T15:47:32,W013,P00301,ADJUSTMENT,5,a4582b8c-e32c-4dd9-8cc0-640ed2610a41
IM00003073,2025-08-04T07:51:54,W014,P00526,ADJUSTMENT,11,8b8ca345-0959-4c83-bee3-c52a9b6a68ce
IM00003074,2024-12-28T07:29:46,W010,P00043,ADJUSTMENT,35,0370e7ed-894c-477d-8740-aef8d5faf97f
IM00003075,2024-01-18T10:38:34,W005,P00134,TRANSFER_OUT,-43,fc0c4862-6b6c-4162-ad23-24a0f62ff3d3
IM00003076,2024-06-17T20:49:05,W006,P00052,TRANSFER_IN,25,8cceca98-8d7f-48da-97c1-bcdf6b4fbc53
IM00003077,2025-03-19T20:07:51,W006,P00397,ADJUSTMENT,39,f838f3dd-59da-431a-adcd-3c373b9f47be
IM00003078,2025-10-22T14:29:38,W007,P00479,SHIP,-18,a436cb13-a3b5-4ada-ab71-b0581b7693e0
IM00003079,2025-04-09T02:54:25,W005,P00323,ADJUSTMENT,41,4c0419cb-82ee-4bcc-ad9f-f94e057bae96
IM00003080,2025-05-13T14:18:20,W005,P00514,TRANSFER_OUT,-36,af55a885-4c29-4a5e-a935-9870e62fe39f
IM00003081,2025-05-30T16:54:02,W010,P00333,SHIP,-13,355edc24-995d-4677-8fb8-1aee211da19e
IM00003082,2024-11-16T21:29:10,W005,P00003,ADJUSTMENT,33,38288243-d8d5-4850-a8c1-89a862bea5f0
IM00003083,2025-11-12T01:55:44,W009,P00383,RECEIPT,34,90d6a052-6f04-4cad-b500-ae80737c94ee
IM00003084,2024-09-25T13:23:37,W005,P00327,RECEIPT,18,aca0e323-e393-4ecf-ab6e-6609c4084290
IM00003085,2025-12-14T09:22:51,W017,P00090,ADJUSTMENT,39,7616cac1-be97-41d0-a859-3692680b7af2
IM00003086,2024-12-22T19:32:20,W008,P00153,TRANSFER_IN,14,38be606a-bdd4-42ae-a8fc-9975bb26dc05
IM00003087,2024-10-15T02:43:57,W013,P00367,ADJUSTMENT,41,1437a1f1-4e4e-4b22-8096-5baf70f15141
IM00003088,2025-10-02T18:14:35,W009,P00332,RECEIPT,29,221afffe-dba8-4000-92c7-57779a55fd28
IM00003089,2025-10-25T19:17:54,W009,P00436,RECEIPT,25,0a8e2bbf-75e1-490a-aa7c-9d4a1555e1e6
IM00003090,2024-09-15T09:15:21,W011,P00374,ADJUSTMENT,40,e8f24791-a477-4c14-9c27-6e44308eb8e6
IM00003091,2025-06-05T18:37:42,W010,P00557,SHIP,-31,3fc65ec4-a59e-4bc3-8476-df38bab60cb2
IM00003092,2025-10-26T07:44:54,W002,P00206,TRANSFER_IN,29,35f47f74-76b9-44fb-93cf-77aa596bf6b3
IM00003093,2025-05-07T10:45:03,W003,P00326,RECEIPT,17,fd55fe91-d369-4210-b929-3516daf25d84
IM00003094,2025-01-19T15:39:37,W006,P00548,RECEIPT,45,1bd2122d-8231-4cc6-9c10-3771f4b6f086
IM00003095,2025-03-26T23:56:44,W013,P00599,ADJUSTMENT,39,f1343040-ecdd-4392-b0e4-9e2bf790a659
IM00003096,2025-05-03T18:32:03,W004,P00067,ADJUSTMENT,31,aa8aab4b-5e49-4ce9-b977-511314ed0804
IM00003097,2025-08-01T18:21:11,W005,P00068,ADJUSTMENT,2,c502aab2-df24-43ac-a9ff-010909dd7690
IM00003098,2025-12-31T22:20:29,W001,P00402,RECEIPT,8,bfbae7fd-7f4b-47f7-b0ec-6d434d358715
IM00003099,2025-04-22T19:55:14,W003,P00205,ADJUSTMENT,28,764b5d3c-673f-4c63-928f-594e42ffaf69
IM00003100,2024-01-04T21:56:23,W013,P00207,ADJUSTMENT,17,f41e059c-e5a7-41ba-92f2-1edff569e1f6
IM00003101,2024-08-31T10:39:46,W004,P00118,SHIP,-19,25bc096c-4c13-4aff-bff6-49bb239244ae
IM00003102,2024-09-27T05:37:12,W012,P00510,TRANSFER_OUT,-17,4b8ab590-dd26-4e76-ad7b-2a3f1bd43b67
IM00003103,2024-12-27T09:20:27,W013,P00103,RECEIPT,33,285cce3d-e8fa-47c4-82cb-d654682c57ab
IM00003104,2025-09-28T23:27:46,W012,P00179,SHIP,-37,3689b039-3f4c-4c43-9139-165b643a186d
IM00003105,2025-03-24T04:02:37,W017,P00469,SHIP,-46,ea4867e6-0ec4-4798-b113-91ab380df791
IM00003106,2025-04-26T17:43:30,W010,P00338,SHIP,-15,4d0c8381-b384-40ec-9f75-8542a7dd9224
IM00003107,2024-12-11T06:32:45,W011,P00225,TRANSFER_IN,37,fc16ee93-cbdd-4e3c-9a47-53eda0a83244
IM00003108,2024-06-27T01:12:45,W017,P00347,TRANSFER_OUT,-47,0488f63a-53b4-47f1-a11d-738ce6a31861
IM00003109,2024-02-01T18:08:59,W011,P00018,ADJUSTMENT,27,98855f38-6802-44af-9b50-086c88f4dd3a
IM00003110,2025-02-08T13:26:25,W010,P00591,SHIP,-43,241f3841-8e8e-4954-ad07-ae02c5baee99
IM00003111,2025-10-22T02:29:00,W013,P00018,TRANSFER_IN,34,99863936-998a-4e8a-933d-9015e0290406
IM00003112,2024-10-02T00:48:39,W010,P00051,TRANSFER_OUT,-11,53a2b529-cd33-4906-b26c-12613b547712
IM00003113,2024-04-03T09:08:20,W006,P00523,SHIP,-27,eec1b6dc-8700-41e2-8900-1444beed1b78
IM00003114,2025-12-18T14:16:44,W014,P00152,RECEIPT,35,1208c23e-dc3a-459d-92d2-f05a8b62c151
IM00003115,2025-06-01T07:21:57,W005,P00064,ADJUSTMENT,24,78370663-c889-429e-8d04-1b03cef95430
IM00003116,2024-05-23T01:33:48,W008,P00481,TRANSFER_IN,5,3e4964ee-9a07-4a7d-8731-ab9c1b57779a
IM00003117,2025-10-12T19:26:10,W011,P00594,ADJUSTMENT,7,62c7d3ac-ac52-42c0-bc9a-74c9cbe37533
IM00003118,2024-05-27T06:34:05,W012,P00049,ADJUSTMENT,44,aaa16b02-d55b-4200-a0c3-eed01db04da3
IM00003119,2025-01-16T09:08:25,W004,P00054,TRANSFER_OUT,-48,5a9d55ac-5b8b-47be-9f4b-4a8a268cc7dc
IM00003120,2025-11-03T02:17:38,W011,P00465,TRANSFER_IN,25,8e8d31bd-ef23-4ccc-9dc9-a17a085da0ce
IM00003121,2025-05-09T16:20:18,W004,P00475,RECEIPT,38,ce0a835e-3646-4b61-9e58-7b8c1d51dedf
IM00003122,2024-05-11T04:46:12,W002,P00260,SHIP,-27,446bdcc7-905c-4773-8751-7a078d32e702
IM00003123,2025-06-01T09:38:22,W003,P00241,SHIP,-16,798e2cc3-d4eb-4348-ae69-0e81f94802c6
IM00003124,2025-08-12T11:40:01,W002,P00366,TRANSFER_IN,5,a7085399-f5af-4ca4-870d-3b09c3ac8c72
IM00003125,2024-10-22T06:30:29,W003,P00489,ADJUSTMENT,14,0adba25a-df3c-4dea-b676-533dc5889eb3
IM00003126,2024-05-26T08:25:18,W005,P00148,TRANSFER_OUT,-20,8b995c98-4ff1-4eb3-9c5c-dc588df25910
IM00003127,2024-01-07T11:18:08,W009,P00048,SHIP,-1,54fef603-500d-44ba-b7f2-cd5ed5cd387b
IM00003128,2025-11-17T11:46:51,W004,P00336,TRANSFER_IN,7,0a0f99e1-4040-4d3f-a9b3-724277348153
IM00003129,2025-05-10T23:56:31,W013,P00493,TRANSFER_IN,47,a7548528-0586-456f-93f8-9d7351883206
IM00003130,2025-03-09T03:36:55,W010,P00524,TRANSFER_IN,24,d4911143-dd3b-40d5-a944-a9c7a5999cda
IM00003131,2026-01-14T05:40:04,W017,P00557,TRANSFER_OUT,-42,26387bb1-9b84-43c9-bce8-8eeae5db1497
IM00003132,2024-03-30T03:06:51,W006,P00042,TRANSFER_IN,22,0c441a60-40fd-41a6-bed9-a2c14651316a
IM00003133,2024-04-16T15:10:43,W017,P00506,RECEIPT,24,b9cf46c5-a33f-4944-92f5-55d07ec97849
IM00003134,2025-02-20T13:13:16,W012,P00289,ADJUSTMENT,20,635da972-4831-4a70-9eca-e134ab57a931
IM00003135,2024-01-23T20:25:23,W002,P00263,SHIP,-31,cb509dc5-78ef-4d85-a5b9-6bad6682e337
IM00003136,2025-07-24T08:35:11,W001,P00229,RECEIPT,12,7440469f-c52a-4683-b6ce-d44e3db20f42
IM00003137,2025-01-29T03:30:23,W007,P00417,TRANSFER_IN,37,b92d108d-5b01-4261-af60-1d344b139185
IM00003138,2025-05-02T10:41:41,W015,P00316,ADJUSTMENT,43,bd574702-c05d-4e55-9661-0b39d8a02998
IM00003139,2024-01-14T13:21:16,W001,P00372,TRANSFER_OUT,-12,411080b8-53bd-4886-bf01-8cd4745e9249
IM00003140,2024-12-10T20:49:12,W004,P00300,TRANSFER_OUT,-17,9bbff610-4664-491c-9c37-7f3deb64df71
IM00003141,2024-12-08T05:31:54,W005,P00346,SHIP,-43,df76676c-27b5-492c-a2f0-dedce0e2e63f
IM00003142,2025-07-23T15:43:56,W010,P00141,TRANSFER_OUT,-27,1ddce8ed-dc39-42de-8b14-fca7afaa3ca7
IM00003143,2025-08-11T19:12:41,W008,P00036,TRANSFER_IN,37,77221cfa-68ae-4baa-884b-758b2b9319c8
IM00003144,2025-01-30T16:23:31,W013,P00089,SHIP,-7,0318d3f2-fb1d-42f1-93a2-a9f4aeafe42e
IM00003145,2024-01-29T04:30:12,W007,P00125,SHIP,-13,59514ec1-9205-477e-a474-a5addf09a482
IM00003146,2024-12-04T01:02:43,W005,P00539,RECEIPT,6,95f8e88d-6be8-4e5c-905b-327c105aafb8
IM00003147,2025-11-13T15:06:45,W013,P00247,SHIP,-37,f7d412d7-e15b-4e36-b4cb-2c3056ec97b3
IM00003148,2025-04-23T13:08:47,W004,P00020,TRANSFER_IN,34,5f835beb-ac90-4410-8bb9-43b78eb354a2
IM00003149,2026-01-27T13:27:13,W007,P00331,ADJUSTMENT,35,f9b114b0-e9ef-49ef-9f37-be519ab27284
IM00003150,2024-05-22T15:15:21,W001,P00045,SHIP,-37,56c5f990-1f20-4da8-9b18-531642b56508
IM00003151,2025-07-22T08:42:02,W010,P00460,RECEIPT,9,7d2c0f71-6ea3-4242-982b-db5016cf8435
IM00003152,2024-01-02T11:19:52,W015,P00170,TRANSFER_OUT,-12,97f70469-53ed-4603-bc72-f816c38395d2
IM00003153,2024-05-09T23:35:10,W004,P00388,SHIP,-12,201c4a8b-22c4-4506-92f1-5e6689d5235d
IM00003154,2024-09-28T19:05:28,W014,P00091,SHIP,-35,8aebacff-35b7-4f2e-a728-fd3cf988baad
IM00003155,2025-10-19T18:23:39,W011,P00367,SHIP,-2,40afe83f-9b39-449e-8b6f-9806a3fef484
IM00003156,2024-06-21T09:33:22,W007,P00597,SHIP,-10,60cd5bd7-0ecb-421a-8ee7-5a04193e072a
IM00003157,2024-12-16T03:13:28,W017,P00373,TRANSFER_IN,25,e80ae991-d5bc-4c34-a33a-3452d6ce328d
IM00003158,2024-02-28T00:06:00,W001,P00160,SHIP,-42,1f0f4bc5-ec92-4e84-81c7-016ba0e26276
IM00003159,2025-02-19T07:47:42,W012,P00216,SHIP,-7,b366244a-c97c-474f-8d1f-8101019ac88d
IM00003160,2025-11-03T20:19:20,W003,P00047,RECEIPT,18,b7b78fa9-32e2-438c-8182-11b59e698331
IM00003161,2024-12-10T03:53:50,W010,P00298,ADJUSTMENT,12,19865494-83e1-4030-9e06-251ccdbd9aee
IM00003162,2025-04-04T08:18:08,W013,P00249,SHIP,-18,94e9c0ad-9ead-482d-9f65-65c0cf606dd5
IM00003163,2024-08-04T03:33:08,W015,P00402,SHIP,-1,8114eb9d-54a3-4dd8-90a3-5a7c0e34a1c4
IM00003164,2025-06-08T00:41:28,W004,P00229,SHIP,-44,3d8c334c-ce1b-41d2-8024-e4f85dda288b
IM00003165,2025-08-10T19:32:03,W010,P00525,ADJUSTMENT,37,0148b44c-a2ff-4f5a-9b8e-5d63709f89ef
IM00003166,2025-11-16T15:58:49,W005,P00106,SHIP,-46,4c74b845-4931-46b5-be79-2007a0b5f4e8
IM00003167,2025-10-20T19:17:38,W012,P00262,RECEIPT,15,65ba901e-68d4-4978-85a5-69648681fd8a
IM00003168,2025-04-09T03:00:26,W007,P00282,SHIP,-3,ce6633cd-34f3-463d-95ab-ffed3e65ea0e
IM00003169,2024-02-23T13:08:48,W008,P00052,SHIP,-30,f2a7cb24-b5f1-441d-ae79-1058f237e647
IM00003170,2024-12-09T16:51:18,W008,P00395,ADJUSTMENT,2,f811c346-dde4-4cf5-bd5d-1c9679a4c5d6
IM00003171,2025-04-16T03:34:35,W014,P00550,ADJUSTMENT,5,ac610dc1-f656-4268-a26e-cb1771e8ded4
IM00003172,2025-08-16T07:15:10,W014,P00515,RECEIPT,3,f05feb3a-cd47-401b-93ba-44bf9f8919d1
IM00003173,2025-11-30T01:08:40,W013,P00341,RECEIPT,40,f9f73933-47f3-4f75-b08f-4e64fd7ab65e
IM00003174,2024-10-30T18:44:51,W011,P00533,SHIP,-9,6c361425-6a6a-49de-8ee2-7d92acb50be3
IM00003175,2024-09-26T15:03:41,W008,P00560,RECEIPT,33,d065e821-3255-42b3-bd5b-897c6e25f7b6
IM00003176,2024-09-16T08:50:33,W016,P00376,SHIP,-5,67f56f28-c11d-4402-974d-f26666258394
IM00003177,2025-05-17T04:28:33,W003,P00359,TRANSFER_OUT,-7,9add0dfb-34a2-4661-baaf-4850e6472919
IM00003178,2024-02-04T12:26:44,W016,P00155,TRANSFER_OUT,-11,ea29aa0f-a71d-48ee-a5dd-97b84df7248b
IM00003179,2025-11-30T16:18:00,W015,P00548,ADJUSTMENT,48,9b7d0d61-4e8f-4364-a729-e67f213d933c
IM00003180,2024-05-24T23:10:46,W004,P00520,RECEIPT,15,1190a0f7-5e87-459c-86be-6dfecc8dadcc
IM00003181,2024-07-16T12:12:09,W004,P00110,TRANSFER_OUT,-5,8a07621e-7e38-4387-bcfa-12f6819e3233
IM00003182,2024-08-11T10:13:46,W003,P00599,TRANSFER_OUT,-11,41ce160b-187c-4c60-a066-dc147817a353
IM00003183,2024-06-16T20:37:10,W003,P00137,TRANSFER_OUT,-27,e16e0b08-aeac-4d9d-8321-87048ba333e3
IM00003184,2024-12-29T04:15:15,W001,P00387,RECEIPT,44,71dc4300-11c7-48db-a607-e588cf9536a4
IM00003185,2025-07-14T16:56:11,W007,P00366,TRANSFER_IN,9,17062324-e8dc-4864-8035-192e4ca24735
IM00003186,2025-03-17T01:43:44,W012,P00440,ADJUSTMENT,27,ccd58970-0535-46b7-a0a1-ac2024398d5f
IM00003187,2024-02-16T06:19:03,W005,P00574,SHIP,-40,278a4966-c780-4f4e-acaa-87539d29e02c
IM00003188,2025-11-14T12:49:42,W016,P00519,TRANSFER_OUT,-26,a5dd238d-e6db-4acb-880f-26b744c3d7a3
IM00003189,2025-05-23T13:19:50,W004,P00166,TRANSFER_OUT,-35,0cda8489-8b91-476a-b7ec-b2cb560a016d
IM00003190,2024-12-30T21:41:46,W009,P00472,TRANSFER_IN,7,18f581f4-4d12-4eb5-99e9-ac317d72c4b1
IM00003191,2025-03-27T12:19:05,W007,P00538,SHIP,-44,2771f206-1e37-42a6-b21c-b964a12da8c9
IM00003192,2024-07-02T10:59:27,W002,P00038,ADJUSTMENT,32,559a835e-a7e6-41c3-8a69-ef5e4c22e075
IM00003193,2025-11-27T06:25:14,W009,P00516,TRANSFER_IN,10,b8bc1ae7-92ba-4132-a105-f27435c1bc8e
IM00003194,2024-11-08T17:56:01,W016,P00285,TRANSFER_IN,10,76220d42-38aa-4de6-85d9-6f27baf6db82
IM00003195,2026-01-12T01:17:22,W006,P00216,ADJUSTMENT,6,79d6e312-5800-4010-9364-51305140f5b3
IM00003196,2024-08-31T07:04:51,W013,P00052,TRANSFER_OUT,-11,5622a45a-077b-4c40-8ce5-86d8cda84d91
IM00003197,2026-01-30T19:17:02,W011,P00543,TRANSFER_IN,16,896180f5-1e2c-4a8c-846f-c22b4dc36974
IM00003198,2025-12-13T05:08:05,W017,P00396,RECEIPT,11,b79165b2-9698-411f-bd73-bef3253f3c13
IM00003199,2024-04-09T18:28:29,W017,P00073,SHIP,-25,e958f72d-5084-431d-875b-81bc1b885cae
IM00003200,2025-11-30T09:49:09,W007,P00161,ADJUSTMENT,32,d82a20c1-d1df-4db2-a96b-f28fea0a5a6c
IM00003201,2025-04-29T11:28:35,W008,P00374,RECEIPT,25,d1093b74-c250-4428-9002-f85391ddce18
IM00003202,2024-08-02T19:45:00,W010,P00086,SHIP,-32,7129e877-a955-4d9b-aeeb-979ad5b610f2
IM00003203,2025-09-24T23:16:40,W003,P00039,TRANSFER_OUT,-25,e58713b1-4a42-4324-9b7c-7aa1910034ae
IM00003204,2025-08-06T20:35:32,W012,P00367,TRANSFER_OUT,-27,2641204d-aa5c-48ab-8257-79a8d8d05c4b
IM00003205,2024-12-03T03:40:56,W007,P00257,TRANSFER_OUT,-43,4a5cb618-129d-42ce-ad66-868ba865c641
IM00003206,2024-11-03T23:49:37,W006,P00384,SHIP,-38,31b61a1e-fca7-4d1d-90b8-f195d23132c2
IM00003207,2024-03-22T19:36:24,W016,P00266,ADJUSTMENT,40,5b431c02-6aca-44dc-aa9c-81b9899eac6a
IM00003208,2025-03-06T23:08:36,W009,P00137,TRANSFER_OUT,-17,0cd3ec22-b50b-46e8-8235-cf5fbf64ebf3
IM00003209,2024-05-23T15:01:58,W007,P00125,SHIP,-17,cd8a3a27-c06f-4a47-945c-dd34ab079ecf
IM00003210,2024-04-23T02:19:27,W014,P00044,RECEIPT,22,3ac551c6-b0d1-4001-a4e6-102602b4d09a
IM00003211,2025-07-15T06:42:22,W003,P00271,ADJUSTMENT,19,49663e00-fafe-4b25-87a8-4e1163c7e0c7
IM00003212,2025-01-22T20:31:40,W002,P00550,ADJUSTMENT,22,157849eb-39ea-477f-aeb7-852e292b01ab
IM00003213,2024-06-19T17:02:16,W009,P00115,ADJUSTMENT,21,e58532ac-9f2c-40d9-91f2-759ee8a22261
IM00003214,2024-10-24T05:03:58,W007,P00418,SHIP,-27,00b5baa1-f28b-4945-b41f-9b6f25fd4b25
IM00003215,2025-04-03T16:24:50,W008,P00565,SHIP,-4,f6cbf5cc-1b36-407c-ae84-c68c4278a514
IM00003216,2025-01-12T19:29:14,W014,P00092,TRANSFER_IN,25,40985e73-8abc-4cf9-8fe3-f272781fc1a8
IM00003217,2024-04-05T19:35:38,W003,P00297,SHIP,-1,581219e6-fe51-4dfd-8f61-3fd6115b9f09
IM00003218,2026-02-20T04:29:09,W015,P00312,TRANSFER_IN,42,a8a951ec-8eb6-4be3-a5bf-bd3ca87c2671
IM00003219,2025-08-14T14:07:00,W009,P00505,TRANSFER_OUT,-4,3e31bf87-a5a0-4bf7-b6f7-f74478639cb6
IM00003220,2025-11-27T15:14:45,W013,P00175,RECEIPT,27,d1b97337-6a1c-45a8-be37-6743aad95f0e
IM00003221,2024-05-05T06:10:12,W008,P00244,TRANSFER_OUT,-10,22cd282d-352e-4cb2-849c-285b297b2840
IM00003222,2025-07-18T00:14:01,W008,P00029,RECEIPT,26,a29f15d9-0619-4f54-82c2-ebcb47ca2a41
IM00003223,2025-04-28T21:30:18,W014,P00529,TRANSFER_OUT,-12,85916980-5fa0-4832-8a70-5bf61b880bef
IM00003224,2025-11-06T22:03:53,W003,P00598,RECEIPT,22,e781adfa-3852-4aa5-a20f-da1f82bb67ba
IM00003225,2025-08-08T05:28:33,W012,P00496,RECEIPT,42,0837d24d-62aa-4701-863f-8384259fa9f6
IM00003226,2025-04-12T03:42:58,W003,P00597,SHIP,-40,b0ac215f-1fbf-4310-82e3-5777cd6339ed
IM00003227,2025-05-27T07:30:18,W006,P00071,TRANSFER_OUT,-2,58f65fbf-9ca9-4b88-9450-b302fba42590
IM00003228,2025-10-11T00:38:00,W017,P00543,TRANSFER_OUT,-34,97a339d1-bf39-4cda-a8a4-9bdd3fcc5729
IM00003229,2024-01-24T21:30:55,W003,P00412,TRANSFER_IN,41,6ab200a5-3a57-45a2-82cc-f9d32d9a7fb7
IM00003230,2025-02-28T09:18:43,W009,P00517,ADJUSTMENT,41,b0832a8b-906b-4c8c-9d9b-57b1490d4f90
IM00003231,2025-07-19T14:49:39,W001,P00589,SHIP,-41,901a3b79-1baf-4f7a-bcd2-f5ecc0c999ec
IM00003232,2025-03-17T05:08:16,W006,P00539,ADJUSTMENT,19,06644b68-6bd8-4adb-9041-36b4305fca23
IM00003233,2024-08-16T15:24:54,W006,P00596,RECEIPT,30,9d491004-4c28-42bf-b8de-bc8d283dda51
IM00003234,2025-02-12T08:01:13,W007,P00359,TRANSFER_OUT,-38,d347718a-d633-4a4f-8882-08fbbc9358d4
IM00003235,2025-01-17T05:25:19,W002,P00128,TRANSFER_OUT,-6,7e0ab9b2-d151-4134-b232-c097df2d8d19
IM00003236,2024-11-23T20:09:20,W002,P00063,SHIP,-42,539adfec-8964-4906-b503-7164cf19cd64
IM00003237,2024-06-06T07:07:54,W008,P00165,RECEIPT,12,933e1df4-e2d3-485e-a78e-de87d6fff027
IM00003238,2026-01-07T23:16:38,W017,P00235,TRANSFER_OUT,-32,2d000b07-1c21-41f3-b2f6-cb8f298eaa67
IM00003239,2024-04-27T05:45:33,W005,P00590,RECEIPT,32,3954975e-9654-481e-99e7-36b0fc611fbc
IM00003240,2025-09-09T12:08:29,W015,P00482,ADJUSTMENT,26,87a37d98-a75c-4e41-b21a-f42cb8ef4e57
IM00003241,2024-11-01T10:40:48,W015,P00419,TRANSFER_IN,3,6d2fd279-3166-498c-900b-1ad20987b463
IM00003242,2025-05-09T11:23:37,W017,P00480,ADJUSTMENT,30,cad9b850-9dda-47f1-8f60-1ba67cbce260
IM00003243,2024-08-23T01:15:08,W003,P00487,ADJUSTMENT,36,a31c4f3f-acc4-4b43-bcac-a0c90f08da8f
IM00003244,2024-06-15T21:59:28,W009,P00519,ADJUSTMENT,21,6da2f62b-c733-46f4-97a3-2dfafc286310
IM00003245,2024-07-10T13:14:41,W007,P00073,ADJUSTMENT,8,dfc4683c-f782-43dd-aac0-123d66a3eeff
IM00003246,2024-11-06T17:56:57,W012,P00332,RECEIPT,16,506b2e71-c418-412f-bb0a-9188ee7c6949
IM00003247,2024-01-21T05:48:02,W006,P00378,TRANSFER_IN,18,e697845a-e093-4a37-a6eb-615007ee20ab
IM00003248,2024-02-12T01:24:35,W010,P00198,ADJUSTMENT,9,49cd9892-3783-4f7e-8474-65dc5d7f7f50
IM00003249,2024-11-29T05:16:44,W006,P00493,TRANSFER_IN,16,d6df7f15-9231-4356-832a-a315e06df038
IM00003250,2026-01-17T11:57:21,W001,P00102,ADJUSTMENT,7,49ae3283-c266-4f34-b967-8829538f1ee5
IM00003251,2025-05-07T13:06:46,W001,P00221,TRANSFER_OUT,-25,96fefa4a-0fab-4466-96f7-4b63ba50d805
IM00003252,2025-07-28T22:46:58,W016,P00259,TRANSFER_IN,29,64a01129-5113-4197-a9f5-2859c204934f
IM00003253,2024-02-04T06:58:59,W004,P00306,TRANSFER_OUT,-38,a37d8cf7-8f7d-4374-8f77-e8786add476d
IM00003254,2024-06-25T16:34:23,W014,P00392,RECEIPT,20,dc007d7e-8352-42b0-9eb5-22b12a925861
IM00003255,2024-11-01T00:15:14,W004,P00520,TRANSFER_IN,42,cda07b3b-5d5d-46d6-a509-6b646d18a816
IM00003256,2025-06-30T10:47:02,W001,P00581,RECEIPT,15,9d86a463-b62e-4d34-8406-bbdd4f675b0b
IM00003257,2024-03-30T08:16:55,W005,P00279,ADJUSTMENT,8,0ade47d8-333b-4f8d-b5a7-69d863d62fca
IM00003258,2025-08-07T08:20:37,W014,P00318,TRANSFER_IN,40,018a6b2d-5628-4585-813c-3dacfe272b2a
IM00003259,2024-12-15T00:28:23,W009,P00480,RECEIPT,20,f5528082-1fe0-4c19-8349-20289f4f4100
IM00003260,2024-06-12T18:28:06,W005,P00224,TRANSFER_OUT,-14,ee98c990-7e12-4a10-aae0-b6c4856a0c27
IM00003261,2025-04-10T04:42:52,W010,P00174,RECEIPT,6,59c57300-be72-45fb-bb2e-36a3fe822ce3
IM00003262,2025-05-11T12:11:24,W015,P00274,RECEIPT,32,f2b1fb1c-cb1d-4be0-965c-34b83c0ebb17
IM00003263,2024-06-19T15:25:41,W014,P00557,SHIP,-26,8b676c70-90ef-4a4a-902b-a89b0d99e42a
IM00003264,2025-07-13T21:18:31,W002,P00012,ADJUSTMENT,14,2fe204d8-a23b-4dd0-bb0d-ec2347ff8a8d
IM00003265,2025-04-02T12:19:03,W003,P00153,RECEIPT,7,de9264d8-3d97-48bf-bf66-17ad13341d0a
IM00003266,2024-08-28T08:09:49,W004,P00019,TRANSFER_OUT,-14,c43cab77-ba44-4ef7-ab58-bd785db09867
IM00003267,2025-07-11T21:08:53,W002,P00432,SHIP,-28,081e9712-ded1-42a8-aea6-13e84db301d7
IM00003268,2024-04-03T15:53:27,W002,P00252,TRANSFER_IN,20,89a27661-1437-49f4-b822-637e29779312
IM00003269,2024-02-14T21:14:15,W001,P00469,TRANSFER_OUT,-39,6e14e701-d833-450f-b22a-851ece3e8f0e
IM00003270,2024-10-27T03:00:12,W006,P00246,ADJUSTMENT,29,f9e8ae67-d11b-449c-abfd-306481522241
IM00003271,2024-03-21T08:07:01,W004,P00064,RECEIPT,26,e91246a9-cffa-498c-ad7d-beafe0406f90
IM00003272,2025-03-25T03:55:30,W015,P00086,SHIP,-39,1a89ff61-8bf8-423e-9d9a-e2a976addce7
IM00003273,2024-11-26T18:30:35,W016,P00152,ADJUSTMENT,40,6d6f61ea-28c3-41e2-9d8d-1d96a7c27104
IM00003274,2024-02-22T13:51:31,W013,P00143,ADJUSTMENT,28,245d5f86-54b5-47d3-8ebe-02a48988f51c
IM00003275,2024-08-04T17:22:20,W009,P00535,SHIP,-49,c2d6a27e-8930-4d86-90ce-21d3288464de
IM00003276,2025-03-02T01:44:52,W012,P00408,TRANSFER_IN,33,d623ec35-7b32-4248-ae80-ebbdd9a4fadd
IM00003277,2024-04-08T13:06:52,W004,P00167,TRANSFER_OUT,-26,f21b6d3f-9fbe-4891-baa3-16ffd5454f12
IM00003278,2024-06-04T16:58:03,W003,P00141,TRANSFER_IN,46,cec6e601-b86f-4d2b-b49e-09257242fcc5
IM00003279,2024-05-18T08:33:07,W002,P00047,RECEIPT,26,9bcfa4bb-fb7f-47b8-9e2f-dba98aa2179e
IM00003280,2024-09-04T21:46:00,W017,P00583,TRANSFER_IN,3,afe6ba0c-445b-401f-8186-269c1084d0ae
IM00003281,2025-09-01T03:21:18,W012,P00218,SHIP,-45,67fd9d58-237d-45b3-9bf7-6e1e750905c7
IM00003282,2025-06-27T23:22:53,W003,P00044,TRANSFER_OUT,-29,5487d910-6733-4e7a-9bae-5b6e17ed5ede
IM00003283,2025-01-11T08:15:38,W014,P00228,TRANSFER_OUT,-45,156175ee-0af9-461d-b18d-b48047d21eea
IM00003284,2024-08-23T06:28:43,W014,P00465,ADJUSTMENT,44,53014628-8d84-4a9b-bc65-59a50cc5edf9
IM00003285,2025-12-20T01:52:13,W012,P00324,RECEIPT,39,f8d42873-4106-4746-a10b-78d1e7538da6
IM00003286,2025-06-13T15:44:15,W011,P00500,ADJUSTMENT,37,5a4285f3-b834-4abe-a326-fcf3173bf0e5
IM00003287,2025-03-05T06:17:43,W012,P00253,SHIP,-19,a69c2d86-4045-472c-a799-1be485fb7d41
IM00003288,2025-11-12T08:25:09,W017,P00596,RECEIPT,39,86d0ddf4-12b1-4e62-b552-d500a6569d7f
IM00003289,2025-01-09T09:45:52,W010,P00243,SHIP,-30,960f4d2f-bef3-49df-88a7-2201753afe1c
IM00003290,2024-03-23T17:35:26,W012,P00494,TRANSFER_OUT,-4,b89af414-3971-4dd1-9ca8-d2e88b7aeaa7
IM00003291,2025-05-20T20:21:17,W007,P00293,SHIP,-5,863592c8-374e-4e09-9689-ee3e9426be73
IM00003292,2025-03-28T09:36:03,W006,P00587,TRANSFER_OUT,-3,7cb78526-f659-47a1-8a64-cc5d72cac917
IM00003293,2025-03-27T03:16:06,W013,P00257,TRANSFER_IN,39,0991a424-1b7f-4336-a2f4-b9f2e78a77b0
IM00003294,2024-10-29T03:33:29,W001,P00421,SHIP,-23,ea4688ba-71cd-41ea-88af-1560a79c5193
IM00003295,2024-03-30T15:45:20,W001,P00102,RECEIPT,17,f7db0786-6c0a-4b72-a6dd-f938e55b52ee
IM00003296,2024-09-19T01:17:58,W008,P00442,ADJUSTMENT,20,b1e2d79e-b85e-42a3-bb65-0e50f7f55865
IM00003297,2026-01-08T13:41:31,W014,P00031,SHIP,-19,89543bf8-4533-4c6d-bfb6-d05b7bcd7820
IM00003298,2025-07-10T23:45:47,W007,P00373,SHIP,-9,88fc1fe6-2418-4630-85c9-670695649171
IM00003299,2026-02-11T21:19:04,W017,P00451,SHIP,-22,80538a92-9184-429e-9a2d-768c8e6e0120
IM00003300,2026-01-21T09:36:26,W003,P00262,TRANSFER_IN,19,7f84da5b-92ad-47c9-a99a-f4c6cf4552f4
IM00003301,2025-12-27T10:31:19,W009,P00244,ADJUSTMENT,16,fcc22179-9435-4144-ba7c-c59855109a47
IM00003302,2024-10-22T09:49:12,W017,P00205,ADJUSTMENT,8,adb5edf6-6a6e-4f6f-8a27-f76769b27c1d
IM00003303,2024-04-08T05:41:51,W007,P00492,TRANSFER_IN,27,3b6ed58c-15cb-4008-96a2-bbf8ed38914c
IM00003304,2024-01-12T06:12:53,W001,P00297,TRANSFER_IN,23,81be6a74-5994-4d5f-b15b-619682ac71e4
IM00003305,2024-02-18T12:00:27,W009,P00275,TRANSFER_IN,17,680621b0-a322-4247-bad9-28e29070e113
IM00003306,2025-06-25T21:46:29,W012,P00070,TRANSFER_OUT,-10,fb39958b-4908-43f9-a81c-a5a47c1d1f79
IM00003307,2025-09-13T11:51:19,W017,P00092,RECEIPT,17,33756455-7774-49a8-99f5-4da5971bd4d2
IM00003308,2024-06-08T12:22:20,W009,P00513,TRANSFER_IN,9,0e79bd8d-36b8-4791-b271-9e6c33a1847a
IM00003309,2024-01-10T03:47:06,W015,P00332,RECEIPT,38,49501c29-4c10-4e0a-bc2e-f1c34e746d1d
IM00003310,2024-02-24T23:18:28,W002,P00260,ADJUSTMENT,45,081cd776-0724-46ca-aec1-8fb34c31621b
IM00003311,2024-12-06T23:19:57,W004,P00065,SHIP,-46,f281234b-5c77-4120-9ef2-10f0dc85ca13
IM00003312,2024-08-07T06:04:15,W010,P00498,SHIP,-16,e85ae992-04ef-419a-afb8-42bbbbcdb54b
IM00003313,2024-10-07T20:42:16,W011,P00200,TRANSFER_OUT,-27,3f7c0c47-0f5f-4ddc-ad9e-2bb5652c90d9
IM00003314,2025-10-05T16:14:29,W002,P00188,ADJUSTMENT,1,8caf9e74-a91d-4de2-994d-5a89df1f7a32
IM00003315,2024-04-10T02:32:43,W007,P00039,ADJUSTMENT,47,67ac70e4-1ed7-4c73-b305-970f885aff56
IM00003316,2025-11-04T11:15:27,W016,P00577,TRANSFER_IN,11,2321647c-6b28-473e-bb3e-4fb43f257299
IM00003317,2026-01-02T21:38:47,W010,P00288,ADJUSTMENT,4,a5a6e125-a9e6-4c75-b0fa-b1ce514e8421
IM00003318,2024-02-16T18:35:25,W013,P00474,TRANSFER_OUT,-5,05bb0157-d173-436f-8b7f-fefb54988002
IM00003319,2024-01-14T16:59:23,W004,P00454,RECEIPT,41,c3d39506-dd35-4111-a0ca-d96df105520d
IM00003320,2024-03-05T16:59:33,W004,P00511,TRANSFER_OUT,-9,f9b7cab2-def2-4ec2-af77-71865925f4e0
IM00003321,2024-01-12T03:06:14,W006,P00351,ADJUSTMENT,23,b3e21f54-8eb4-464b-bc62-05bd3c60b838
IM00003322,2024-01-06T09:24:31,W005,P00599,TRANSFER_OUT,-41,b01d90d0-cf8e-4133-860b-d064cc7cc8e7
IM00003323,2024-12-06T04:44:22,W007,P00443,TRANSFER_OUT,-46,574b652b-a7d0-4e7d-bc37-a78d1a890c4a
IM00003324,2025-09-01T01:22:45,W012,P00485,RECEIPT,35,1fa64343-0a3f-47f9-91b5-09f897371446
IM00003325,2025-05-20T12:36:59,W012,P00163,TRANSFER_IN,14,eb2c731c-9a68-4815-937a-519e12f278e0
IM00003326,2024-06-07T02:07:34,W001,P00245,SHIP,-25,28ef40f9-5ff1-4010-bb75-64511533a831
IM00003327,2024-06-26T03:54:05,W011,P00235,ADJUSTMENT,34,e6d2dded-d66b-47e2-8fbf-a98b844b1b4f
IM00003328,2025-10-31T08:08:03,W012,P00130,RECEIPT,10,bbb2eb20-779c-43dc-bf1e-f1d96cb357fd
IM00003329,2024-05-03T01:45:35,W002,P00477,TRANSFER_OUT,-44,9b7e0a85-2024-46a4-b893-d9e0e4839945
IM00003330,2024-05-12T00:35:26,W012,P00406,TRANSFER_OUT,-37,63f5145c-c669-41f6-8bd0-f4cd9e2e0aeb
IM00003331,2024-10-17T19:04:45,W008,P00161,TRANSFER_OUT,-43,5ea9911b-8f51-4759-81e4-d4143764220e
IM00003332,2025-03-26T09:23:22,W009,P00016,TRANSFER_OUT,-7,ac3f4fff-de86-4e09-8228-216b32ea4289
IM00003333,2024-03-01T13:55:46,W013,P00053,TRANSFER_OUT,-18,104b982a-a846-470a-87f1-709c1f237068
IM00003334,2025-10-28T02:16:53,W004,P00138,TRANSFER_IN,43,4eaa4286-d70e-4d78-8eaf-c1488b06dc31
IM00003335,2024-03-29T05:05:31,W010,P00013,TRANSFER_OUT,-2,49382486-1290-4c02-9ed1-3d277e8a6473
IM00003336,2024-10-27T05:48:38,W012,P00249,TRANSFER_IN,10,5bcede56-0d43-4791-be0e-fff305f6ef37
IM00003337,2025-04-20T20:01:54,W013,P00235,SHIP,-46,5372523b-6810-4e7e-af6d-0496abdeafa7
IM00003338,2024-05-29T02:58:22,W006,P00436,TRANSFER_IN,22,cb7354f5-a301-4612-969b-b57cef6d107e
IM00003339,2024-12-19T01:24:47,W003,P00564,RECEIPT,23,f3971452-93e4-45a1-a710-e0e933b82ec4
IM00003340,2026-01-03T08:16:47,W001,P00250,TRANSFER_OUT,-1,018e34ac-bf5f-4853-bb5f-e1e8b32c526c
IM00003341,2024-05-07T14:08:22,W013,P00296,ADJUSTMENT,15,c7e4a6aa-4f2b-4b10-aab6-0ebe7225b664
IM00003342,2025-10-10T17:03:13,W013,P00522,TRANSFER_OUT,-3,61d6576d-b61a-42eb-8557-2c66b4739f8b
IM00003343,2024-12-24T00:38:03,W009,P00155,RECEIPT,13,4bd97c09-31b9-4b06-93b7-26893bc590b7
IM00003344,2025-10-29T16:13:34,W001,P00297,RECEIPT,38,92b283f1-419b-48f3-8ebd-006c82b468bc
IM00003345,2024-01-01T12:22:25,W016,P00374,RECEIPT,12,3318db22-dde7-406f-969f-8167de8adc6e
IM00003346,2026-02-07T10:46:59,W001,P00181,TRANSFER_OUT,-29,3223f179-8ce2-4d79-9f63-ce4a8eb63b29
IM00003347,2024-04-08T16:14:56,W012,P00524,SHIP,-36,3b0d440e-a1f3-4e6a-ac0d-0f9254e6caca
IM00003348,2024-11-13T15:52:17,W002,P00312,RECEIPT,43,cf774307-e95c-4e0e-bb73-ad9bd629bcbd
IM00003349,2024-03-15T21:43:25,W010,P00063,SHIP,-9,941c7c0a-4e46-46b7-ac16-03b540c13eae
IM00003350,2025-12-23T00:32:18,W002,P00324,TRANSFER_OUT,-3,07f384f0-97e7-4e15-923c-84c9bd81f00e
IM00003351,2025-03-11T22:13:09,W001,P00505,ADJUSTMENT,25,f966a315-ccd1-4325-95c1-57e1c3ba9058
IM00003352,2025-01-27T04:02:07,W004,P00493,TRANSFER_OUT,-28,da8fef39-1689-46f2-bfd7-a1835338a3b8
IM00003353,2025-03-23T19:10:09,W002,P00052,ADJUSTMENT,34,cfd79a88-c4cc-478a-991b-1db1ce7173c4
IM00003354,2024-11-26T14:24:38,W008,P00409,TRANSFER_IN,31,7a2c43cc-7354-419a-995b-a56bdc51a4fc
IM00003355,2025-03-03T11:13:54,W007,P00112,TRANSFER_IN,35,c41dcf02-eca1-49c5-a077-19b5a91341cc
IM00003356,2024-01-27T13:55:43,W014,P00442,RECEIPT,33,bc57578e-f5a6-4c4a-81d8-1b2b550f8c6e
IM00003357,2024-08-31T10:02:00,W001,P00122,SHIP,-20,812ef847-cad8-485e-b8b0-6a10d275a8d4
IM00003358,2024-10-31T10:31:56,W013,P00113,RECEIPT,21,42d4927a-27ec-45a5-aace-d49d54ab203d
IM00003359,2025-10-27T06:14:13,W009,P00375,TRANSFER_OUT,-43,fb884956-49c0-4583-afd2-63dae8cef462
IM00003360,2025-02-22T12:51:14,W006,P00052,SHIP,-18,55a0a60b-0e69-4963-a677-9db04a91b863
IM00003361,2024-08-20T13:17:46,W010,P00056,ADJUSTMENT,40,34215aa0-d446-49c4-a655-7c92ffa9a50a
IM00003362,2025-06-17T14:02:10,W015,P00574,TRANSFER_IN,44,bb6148e0-c19e-4966-98f4-80a8f1d9243f
IM00003363,2025-08-04T19:48:38,W013,P00379,TRANSFER_IN,11,704e52db-27f1-4619-a28e-1faf2aaa404f
IM00003364,2026-02-19T22:28:21,W009,P00098,TRANSFER_OUT,-10,68c34925-9aeb-4c39-8b33-93ecfea9d71b
IM00003365,2024-04-06T13:18:11,W016,P00373,TRANSFER_OUT,-41,a2d4c6a7-4727-4a38-9d18-955708a23140
IM00003366,2025-04-11T18:14:18,W014,P00337,TRANSFER_IN,47,f725bd45-04e2-4877-b5f0-96612915788b
IM00003367,2024-04-26T17:19:08,W006,P00060,RECEIPT,32,cb25c702-c1a6-423d-96af-c4e513f4068a
IM00003368,2026-01-28T03:52:57,W007,P00052,SHIP,-5,050ea69f-ab02-4e31-81a6-a6df4df41ef9
IM00003369,2025-10-14T15:19:27,W013,P00142,ADJUSTMENT,45,8111c932-9d2c-4520-b025-f3a19fa93ece
IM00003370,2024-04-05T15:54:32,W010,P00318,ADJUSTMENT,27,9373536c-e035-47d3-9ec3-1288b931fdaa
IM00003371,2025-02-18T03:02:44,W011,P00291,ADJUSTMENT,12,ad11855a-3d35-4bad-ab3a-1a731f247cc5
IM00003372,2024-02-28T08:52:18,W008,P00456,TRANSFER_OUT,-10,b7e03d8e-1aef-4dde-bd69-c37e0b341146
IM00003373,2024-01-24T02:06:36,W002,P00517,TRANSFER_OUT,-3,583399c9-74d2-4ef1-8d18-efc6eac5e44d
IM00003374,2025-07-07T04:06:43,W008,P00459,SHIP,-7,2f78762d-1491-410b-9fc1-79123546b301
IM00003375,2025-08-26T13:20:19,W010,P00554,RECEIPT,17,dd4d8fc3-2b44-4764-8ade-290b2d921e7c
IM00003376,2025-01-20T02:13:51,W017,P00384,SHIP,-21,eeca98dd-ec9c-4c70-9d78-8f55943279b4
IM00003377,2025-09-14T05:13:57,W001,P00303,RECEIPT,48,3663eba1-a0ac-493b-b8e1-73fa38a1f884
IM00003378,2024-07-21T12:00:17,W005,P00160,RECEIPT,49,63ab84d4-39f5-4ba7-92e6-5ab6af72ed4d
IM00003379,2024-12-10T06:27:49,W007,P00079,TRANSFER_OUT,-43,6f49f7b0-7df6-4ed8-8e10-623941619d8b
IM00003380,2024-01-07T09:45:03,W017,P00151,SHIP,-23,1c74e29e-65ef-470f-87c2-9528772aa44d
IM00003381,2025-10-03T00:11:07,W004,P00434,TRANSFER_IN,41,71e4e83f-c00d-4c89-b517-c26f6ecd02aa
IM00003382,2024-09-23T18:19:44,W001,P00166,TRANSFER_OUT,-3,83fffc7e-23ea-4fde-8952-4b64176d5ff5
IM00003383,2024-09-19T20:55:56,W006,P00006,RECEIPT,48,be5cd86e-4ee9-4870-8af7-43801fafd6a5
IM00003384,2024-01-09T17:10:01,W010,P00546,TRANSFER_OUT,-11,78c27cc9-6f9d-4de2-adfa-2d8cd66f5f4c
IM00003385,2024-10-23T05:33:50,W015,P00525,SHIP,-38,d4e4ba3c-8c79-4b96-acf7-d8141442efbe
IM00003386,2026-01-25T14:09:39,W016,P00458,SHIP,-30,a48a7064-d4df-42f8-9179-b67130ab6645
IM00003387,2024-07-20T05:18:56,W010,P00354,RECEIPT,11,1669111e-8327-4e17-87af-bc4633a876f6
IM00003388,2024-03-16T11:16:43,W015,P00288,RECEIPT,21,b8899dbe-c5a5-4ee0-b39c-d13c01f55442
IM00003389,2026-02-27T11:44:14,W013,P00091,TRANSFER_IN,46,dd595247-6e41-4402-8c97-ef17de9b639a
IM00003390,2024-11-13T19:59:36,W009,P00138,RECEIPT,28,76ce0aaa-d32c-4e9e-9232-03ffebc1bf74
IM00003391,2025-07-01T07:22:40,W003,P00329,RECEIPT,11,164ca993-bb0b-40f6-b311-fb864d58b378
IM00003392,2025-01-28T19:11:36,W013,P00007,ADJUSTMENT,1,9e0d4f05-a898-4ca2-8bfa-7f7e055c519f
IM00003393,2024-09-01T16:53:57,W017,P00444,SHIP,-29,f4b0e97e-3f8f-471b-b9f2-3a48b870c4de
IM00003394,2025-02-02T03:23:59,W005,P00361,TRANSFER_OUT,-1,1b6c942c-3334-4e80-b564-8e9e077decc2
IM00003395,2024-03-09T08:29:41,W005,P00348,ADJUSTMENT,23,d1c96a27-5a3c-49aa-9759-15010857e7a2
IM00003396,2024-11-19T19:19:11,W013,P00480,SHIP,-30,fc079a27-d147-4b97-bb27-f1dab8dfa3cf
IM00003397,2025-04-05T04:06:04,W014,P00147,ADJUSTMENT,9,3d10aace-7f78-4641-aac6-6fd6ace44f6e
IM00003398,2024-06-21T16:23:36,W001,P00581,TRANSFER_OUT,-46,8bd48d84-514c-4aba-b5b8-b17ed54908fe
IM00003399,2025-06-08T23:06:46,W010,P00347,ADJUSTMENT,42,29106bc6-e8e3-4f95-838b-a67fc9532816
IM00003400,2024-09-25T02:43:57,W005,P00087,SHIP,-22,3f9f1cd4-08ea-4aa4-afbc-931bad3f5ceb
IM00003401,2025-09-11T04:15:33,W012,P00104,TRANSFER_OUT,-23,f6d9ca91-426b-4961-bae5-1c72d1f61ab8
IM00003402,2026-01-08T22:07:30,W012,P00315,RECEIPT,7,065288f1-7360-4b80-9a5c-a49c516f5af7
IM00003403,2025-11-10T07:22:34,W005,P00086,SHIP,-20,cf05acbc-8830-498b-94d0-0bf5886baa34
IM00003404,2025-12-01T01:53:20,W008,P00192,TRANSFER_OUT,-14,18e29697-13e9-4307-8b60-a5486398e31e
IM00003405,2025-01-10T09:14:34,W006,P00406,SHIP,-30,515a6b02-0a65-4adb-a5a7-df14c72b96a2
IM00003406,2024-08-22T04:26:24,W001,P00546,RECEIPT,22,462264a7-dae4-4289-92ee-470bf59e37a6
IM00003407,2024-04-16T07:37:23,W002,P00294,TRANSFER_IN,48,287e5f87-7413-4ab2-971c-71a41237fb6d
IM00003408,2025-12-29T14:26:49,W015,P00298,TRANSFER_IN,30,e7af81b9-8e2c-4a87-828c-e69be4ad06e1
IM00003409,2024-04-05T03:33:41,W015,P00106,ADJUSTMENT,23,11897c18-298e-4ca4-abe0-c47424f733d9
IM00003410,2024-01-26T07:23:55,W003,P00589,ADJUSTMENT,32,8cf9bd7e-c317-444e-b943-65929a44e2e8
IM00003411,2026-02-11T22:54:25,W011,P00109,TRANSFER_IN,30,2ed9259e-47ba-4c40-907d-3c99d7862e4f
IM00003412,2024-07-31T20:09:13,W008,P00435,ADJUSTMENT,20,5a39f9fc-2f36-44c9-a153-f72651eb65bc
IM00003413,2025-03-07T01:03:41,W003,P00084,RECEIPT,11,3c8e11fb-95f9-4692-a044-fd1afcbfa26a
IM00003414,2025-12-25T08:33:21,W014,P00165,ADJUSTMENT,1,706f5bec-f728-41a1-9802-28665ed3e8f0
IM00003415,2025-09-12T19:17:19,W016,P00272,TRANSFER_OUT,-18,a273587a-2735-4520-972e-4425281e58d4
IM00003416,2024-02-12T16:42:44,W017,P00257,TRANSFER_OUT,-44,e1973e8a-d4b1-4603-a2f3-cdcc24851231
IM00003417,2025-04-29T09:25:03,W013,P00309,SHIP,-44,6a03df6a-9c4e-4a88-a60c-d2c04af577ed
IM00003418,2025-05-12T18:58:36,W001,P00232,TRANSFER_OUT,-29,c0248ae6-93e2-49c1-959b-04e09b2a129a
IM00003419,2025-02-13T00:15:45,W016,P00069,RECEIPT,19,31bbd7b2-6d68-4276-bdd0-d84419f8bfaa
IM00003420,2026-01-21T23:54:06,W015,P00409,SHIP,-6,77cf7d28-d435-4455-9129-0480009f0b12
IM00003421,2025-08-04T21:18:58,W005,P00447,TRANSFER_OUT,-16,860835af-f81f-49ac-8a4b-e235600fb019
IM00003422,2025-04-08T08:31:15,W007,P00444,RECEIPT,49,d828c159-737b-46b9-abe3-4df38de59b3f
IM00003423,2025-12-08T20:31:59,W011,P00236,TRANSFER_OUT,-13,822b4ad3-ea00-408f-ae10-100cac39ac73
IM00003424,2024-10-23T21:06:23,W012,P00568,TRANSFER_IN,5,48fe94f2-26eb-437c-a48c-74028df67c41
IM00003425,2025-09-13T21:08:30,W002,P00373,RECEIPT,37,cd950e0b-bc07-479f-8f64-5b200724beb5
IM00003426,2025-12-14T20:39:34,W008,P00339,TRANSFER_IN,39,7f3987e8-2ad8-4e8e-94ea-cef5ccb54d08
IM00003427,2024-11-24T15:13:01,W009,P00463,TRANSFER_OUT,-32,5e43dd3a-ddd6-42ba-863e-bfe8e1619b98
IM00003428,2026-01-27T19:33:14,W002,P00419,SHIP,-49,3dedd8c3-bb90-4992-bef9-5b3ec2261313
IM00003429,2024-12-13T09:12:01,W013,P00568,RECEIPT,3,d374dc1e-19e1-4716-9de7-503c331f8d90
IM00003430,2025-04-22T01:33:30,W015,P00136,ADJUSTMENT,19,daec771d-23b6-4d69-ba62-6ceb5e087e0e
IM00003431,2024-06-28T18:00:47,W015,P00537,RECEIPT,17,45474f13-ba44-4f8e-b063-7f52d4161917
IM00003432,2025-12-14T20:43:12,W009,P00375,TRANSFER_OUT,-6,024d0483-aa54-46d2-896e-10acf42496b2
IM00003433,2024-03-21T21:17:00,W013,P00119,RECEIPT,29,c725820f-f273-4b6f-ac23-5b2981f6119d
IM00003434,2025-08-31T21:07:22,W004,P00083,TRANSFER_IN,24,80e6b1b3-a684-4940-b3a0-2d296566761a
IM00003435,2024-04-06T09:41:23,W011,P00436,ADJUSTMENT,42,0b72e488-8a7b-4acd-943e-70effd9c62b0
IM00003436,2024-06-09T00:21:54,W014,P00217,TRANSFER_IN,43,6612f848-29a8-46fb-bc5b-ce775e76581e
IM00003437,2025-01-16T07:29:44,W006,P00020,RECEIPT,23,b9a726eb-545c-4e4e-934a-6d105cc33f59
IM00003438,2025-11-10T09:12:32,W001,P00517,TRANSFER_IN,7,064319b1-4b09-4cdc-b1de-dbefe2ec4d5a
IM00003439,2025-04-16T01:02:57,W006,P00087,TRANSFER_IN,40,7258dff5-1722-4c92-8051-c8e87949769a
IM00003440,2026-01-28T22:46:46,W017,P00568,TRANSFER_IN,28,89b55b4a-a063-4bdc-b155-afe286e8d6d9
IM00003441,2024-01-19T07:10:53,W010,P00020,ADJUSTMENT,31,5ea0ba1a-a576-444e-8640-c89f738ba699
IM00003442,2024-03-22T15:00:51,W004,P00555,ADJUSTMENT,18,0c0e3ffa-813d-4e3b-9917-d054c5909cd0
IM00003443,2024-03-04T02:22:13,W012,P00166,RECEIPT,26,e05320fd-0c43-454f-94d0-0c256cf50893
IM00003444,2026-01-14T21:50:04,W016,P00295,SHIP,-2,cb9443f3-563b-4f2a-9c2c-a5323eb9d329
IM00003445,2024-02-29T13:09:03,W014,P00513,RECEIPT,49,2f1fd2ce-7e25-4143-840c-057b7d4f6a9c
IM00003446,2024-09-15T12:45:14,W016,P00374,SHIP,-26,f0a37dd8-ae7d-4a5e-b757-4f88101c271d
IM00003447,2024-11-13T10:47:40,W014,P00064,RECEIPT,44,bc3b79fb-ac72-41ae-ac5f-542ffd7988e3
IM00003448,2025-02-15T13:10:39,W002,P00512,ADJUSTMENT,14,15d0b35c-efed-4a3e-bddf-0cd1beb773c4
IM00003449,2024-04-13T07:14:13,W016,P00156,ADJUSTMENT,47,01361efc-1aed-4d1d-ab00-d3b942f14c5b
IM00003450,2024-06-24T13:20:26,W010,P00479,SHIP,-22,75e9fcf2-d963-43df-ba5f-64e3c9e22060
IM00003451,2024-03-12T15:07:24,W016,P00119,TRANSFER_OUT,-27,0981311b-350f-4e8c-8795-cf9004cc9e3a
IM00003452,2025-01-21T01:50:04,W007,P00183,RECEIPT,49,6ad2e5ac-4264-4ff6-a62b-48bcfc544a8f
IM00003453,2024-02-23T16:10:08,W017,P00498,TRANSFER_IN,38,80e1c332-1d8e-47d3-986c-d70d6433ec44
IM00003454,2025-12-04T19:54:15,W008,P00080,TRANSFER_OUT,-15,6205edf9-9e48-48b4-b4a4-fbe432a83abe
IM00003455,2025-02-07T19:33:32,W014,P00159,TRANSFER_OUT,-47,c5f0f2ec-38b9-40d5-95db-d5207978c6c4
IM00003456,2025-04-21T11:04:21,W007,P00272,SHIP,-45,62cd4856-8c01-4996-98ed-2aa710c4e5fc
IM00003457,2026-02-14T15:32:04,W003,P00554,SHIP,-3,4f34e739-e1f3-4162-a06f-37a862766163
IM00003458,2026-01-06T14:30:00,W014,P00581,SHIP,-14,9606ebe5-2257-483f-84f9-973fa5a87d9f
IM00003459,2024-11-04T10:56:00,W012,P00011,RECEIPT,36,4feb17fa-0b9d-46a0-a4c6-a51d2a3c36e5
IM00003460,2026-01-04T14:40:22,W001,P00493,TRANSFER_IN,32,4ac1ea0f-5e1c-4937-b12b-239945483c3a
IM00003461,2024-08-13T16:35:15,W004,P00258,TRANSFER_IN,35,3760370f-28d0-4e4a-a404-5f329e9efb54
IM00003462,2025-01-25T21:18:25,W004,P00161,RECEIPT,45,44aea660-4ffd-4849-8d9d-47387b7c12fa
IM00003463,2026-01-20T23:11:33,W015,P00043,ADJUSTMENT,21,d8b12905-7825-4a2b-b443-965a97a562fc
IM00003464,2024-05-31T01:45:10,W008,P00201,ADJUSTMENT,28,2322fd0b-8aab-49b2-a518-862f8c30a217
IM00003465,2024-11-14T01:42:50,W001,P00139,RECEIPT,39,403d22e9-6187-4f04-a4c0-4a72d519ac1a
IM00003466,2024-06-14T09:22:39,W003,P00237,TRANSFER_IN,46,b4ef8e12-5634-4e46-b5fb-1db106f825f3
IM00003467,2024-05-14T23:31:44,W016,P00196,SHIP,-47,95e94a41-3344-40ed-a5a9-c3bf5524d964
IM00003468,2024-05-15T07:07:11,W013,P00292,TRANSFER_OUT,-31,57234447-2a75-4c77-bcda-47c1fea666c5
IM00003469,2026-02-09T07:00:48,W013,P00147,TRANSFER_OUT,-4,4718a270-e5b3-43d2-89fc-cff710ff1aed
IM00003470,2025-11-15T14:30:56,W005,P00599,TRANSFER_IN,40,734cdd37-9d2e-42fc-be5e-dee9011bbae9
IM00003471,2025-07-25T04:14:22,W016,P00245,RECEIPT,6,b9054373-78f2-4c8c-b63f-b0ce58d38c35
IM00003472,2024-09-21T13:16:24,W017,P00458,SHIP,-37,2b599036-7ac4-450d-b78e-12f468e2fae2
IM00003473,2024-04-03T16:47:48,W001,P00599,TRANSFER_OUT,-40,42907666-5068-429a-ba6c-9afb698f18a2
IM00003474,2024-07-19T05:43:38,W014,P00050,TRANSFER_OUT,-41,4c245436-11dd-4888-842b-a3c80b002691
IM00003475,2024-08-28T10:58:34,W013,P00078,RECEIPT,25,7f7a5f1e-4119-44d0-a145-cb46c81306ed
IM00003476,2024-05-03T22:01:36,W009,P00545,TRANSFER_OUT,-21,1c10cae8-8dbd-471c-a0c6-9022d13abfda
IM00003477,2025-05-18T05:57:42,W006,P00332,SHIP,-13,c9a04ec7-c78f-41ee-96a1-daca48bb1ef6
IM00003478,2024-11-10T06:22:29,W005,P00028,TRANSFER_IN,33,189b0314-36d6-477a-aaeb-e5303310b059
IM00003479,2025-08-23T09:03:38,W010,P00540,TRANSFER_OUT,-4,99427928-18a6-400f-a93c-fee56d628813
IM00003480,2025-10-20T06:38:34,W011,P00556,TRANSFER_IN,20,84105516-b187-49a4-96c2-a884e27235d7
IM00003481,2025-05-17T19:06:14,W001,P00283,TRANSFER_IN,15,ad0a3fc0-eb88-484d-b184-60207736df05
IM00003482,2025-04-23T10:24:03,W006,P00108,SHIP,-29,22980ba4-f99f-43a1-b8e6-4c51796227ae
IM00003483,2024-12-04T16:55:27,W016,P00169,RECEIPT,33,6219dc27-cffc-4db5-b0ce-807e8709db76
IM00003484,2024-06-16T03:10:10,W011,P00029,RECEIPT,15,48490db3-948c-4926-bf7e-f9cd70d93d97
IM00003485,2024-12-14T19:23:35,W013,P00324,TRANSFER_OUT,-28,221d1229-a594-4c70-980e-622ad4a61602
IM00003486,2025-05-21T22:38:51,W010,P00509,RECEIPT,49,e3dd1350-e0a4-4efa-8573-bc4d172305d1
IM00003487,2024-05-24T14:26:58,W004,P00121,SHIP,-6,b432df8e-a3bc-4651-9588-eea91cb93e2b
IM00003488,2024-05-18T17:13:16,W014,P00428,ADJUSTMENT,19,ad828642-ee6b-4ee9-ba8d-c368675f1a2d
IM00003489,2024-05-14T08:35:26,W010,P00354,ADJUSTMENT,29,02fb7226-5ece-41bf-b53e-7e0c1c193008
IM00003490,2024-02-14T10:47:26,W011,P00007,TRANSFER_IN,42,870af260-13e9-46aa-b6ad-df8c4caca2bb
IM00003491,2025-07-08T09:46:15,W015,P00318,RECEIPT,18,fa9504d7-8fdd-4c50-a68f-9c9135a68521
IM00003492,2024-07-22T17:08:25,W014,P00412,TRANSFER_IN,7,4caa9f48-f206-47c7-acd5-bc0f308515f9
IM00003493,2024-08-23T22:35:45,W009,P00105,ADJUSTMENT,24,0356f42e-afcd-45c5-9aec-0c97ea61f856
IM00003494,2025-11-30T10:17:30,W002,P00319,TRANSFER_IN,23,327060e8-579e-4631-8eba-6b1e13446cb7
IM00003495,2024-12-22T19:39:17,W005,P00337,RECEIPT,49,543b9e1c-19f8-428d-8a48-fd69107dde51
IM00003496,2026-01-16T06:07:15,W008,P00191,ADJUSTMENT,20,5666fb85-e67e-415b-b104-cfd9268eb649
IM00003497,2024-12-22T21:53:43,W016,P00533,SHIP,-29,9fe89443-d333-4282-8918-196f154d4564
IM00003498,2025-04-12T04:19:28,W013,P00549,ADJUSTMENT,20,46196291-49d5-4c4b-9ee8-f45fa4a2d737
IM00003499,2025-10-19T14:35:16,W017,P00108,TRANSFER_OUT,-15,fba12d0e-bb95-48a3-a4f1-4cfcf14d6a70
IM00003500,2025-03-05T18:22:24,W013,P00552,ADJUSTMENT,38,b377f4bc-3420-4646-9fae-f5f702e6e089
IM00003501,2024-09-01T11:21:52,W011,P00391,RECEIPT,37,a8a772a4-8686-470c-bd92-6682d0648909
IM00003502,2026-01-24T11:36:21,W001,P00505,RECEIPT,1,04b9110d-6b0f-443b-9759-e935c6ec60c3
IM00003503,2024-10-05T10:13:38,W003,P00151,SHIP,-39,b51233a2-5881-46bf-96fe-f7bcb47df94a
IM00003504,2024-05-04T10:06:58,W010,P00090,SHIP,-6,2e373062-cb6c-48c3-9ef8-3360631fdf9c
IM00003505,2026-02-23T10:56:33,W011,P00310,SHIP,-27,dadd092e-aedd-4059-9d88-f8fdbf621426
IM00003506,2026-02-10T22:28:50,W011,P00076,TRANSFER_IN,47,88759897-8df9-4b00-902a-a613e57f8185
IM00003507,2024-04-01T19:58:56,W009,P00244,ADJUSTMENT,25,8d35ba7f-f2f9-4290-b507-1c8e161427b0
IM00003508,2025-03-02T03:10:14,W013,P00383,SHIP,-22,aae73e46-4308-4bf4-867f-97f8809114ea
IM00003509,2025-06-27T06:05:27,W017,P00090,TRANSFER_IN,46,670b5d7e-4219-4329-8681-3c9aedde6f33
IM00003510,2025-09-01T17:34:39,W015,P00057,RECEIPT,2,8e8bc072-01bc-4c06-bdf0-75e2ab7c6717
IM00003511,2024-01-25T05:15:11,W010,P00034,SHIP,-48,344c705f-1820-4d32-ad01-145004273710
IM00003512,2024-07-04T16:14:38,W006,P00444,RECEIPT,47,d853fcf4-4225-4b94-950d-7ea019bf7b9e
IM00003513,2025-10-25T12:44:03,W008,P00492,SHIP,-23,586145e4-8d7e-4bf5-8df0-19d73fa0146a
IM00003514,2024-12-17T21:14:58,W014,P00509,ADJUSTMENT,29,63f6ca29-9888-4738-a942-f8e13efb569a
IM00003515,2025-08-30T14:03:20,W010,P00459,SHIP,-20,a4a004a8-f978-43a9-8c5c-b9cdd1cb8fe4
IM00003516,2025-03-07T08:27:31,W017,P00083,TRANSFER_IN,16,a58ef17b-bfd4-4fcd-808f-e558cd4c5429
IM00003517,2025-12-17T19:26:16,W012,P00090,ADJUSTMENT,39,04ffb4e1-0f6e-4df9-aea8-c630c548d5c2
IM00003518,2025-10-01T02:16:49,W010,P00432,SHIP,-34,1905e31f-dd53-47d6-b8bd-26919de4f209
IM00003519,2024-04-17T00:19:49,W013,P00115,TRANSFER_OUT,-7,99784c1a-99bc-4309-a71e-5cc37c5b11cf
IM00003520,2025-03-02T22:41:00,W003,P00109,TRANSFER_IN,25,2de9cbd5-8c55-40f6-a482-d0833f721c06
IM00003521,2024-11-23T14:19:48,W002,P00070,SHIP,-19,fd6dfba9-3836-4847-bb39-1927d73702a5
IM00003522,2024-05-03T23:46:14,W008,P00350,ADJUSTMENT,29,165f1d21-d529-43a3-a5b2-de277890b0e1
IM00003523,2024-02-06T05:12:15,W006,P00281,SHIP,-34,e97244fa-b325-45c5-b162-a3b96a5d937f
IM00003524,2024-05-01T12:31:23,W011,P00328,TRANSFER_IN,25,68e6538e-9d6c-4bc7-b069-a61e0a3063cb
IM00003525,2024-08-19T12:04:18,W001,P00136,ADJUSTMENT,2,1ab95d46-184b-4bef-801c-9251abc2edd3
IM00003526,2025-12-09T06:23:18,W008,P00142,TRANSFER_OUT,-40,8b0531a1-b405-496f-b4e6-2de80b86ccbc
IM00003527,2024-05-10T11:54:40,W012,P00475,ADJUSTMENT,27,ab21f9cc-d534-436f-b60b-c70c5c66eb79
IM00003528,2025-01-25T11:06:37,W011,P00347,ADJUSTMENT,26,3818e9eb-462f-4c4b-a991-096fa9b0483f
IM00003529,2024-04-14T15:14:34,W009,P00079,RECEIPT,6,678a500b-445c-481c-9093-4273320075d7
IM00003530,2026-01-31T15:09:01,W005,P00464,ADJUSTMENT,1,784574cc-645a-4ded-a3e6-e0e77071e2c4
IM00003531,2024-09-26T16:52:05,W007,P00248,SHIP,-43,80a4169c-d203-4ebe-ac58-dc73b6641acc
IM00003532,2026-01-21T03:05:00,W005,P00430,TRANSFER_OUT,-32,7afc9234-b9ee-46cc-a8bd-dd9b251443de
IM00003533,2025-09-26T11:37:59,W013,P00286,TRANSFER_OUT,-27,7709a35b-8a8d-4013-acff-6bc4934b9fe9
IM00003534,2024-08-02T04:41:33,W008,P00516,TRANSFER_IN,24,f8e6108d-4205-4af8-b909-f8222a8e2e4f
IM00003535,2025-11-18T12:49:23,W017,P00568,TRANSFER_IN,18,15a35e69-2e4d-4010-9d1b-b15208d68021
IM00003536,2024-02-12T22:39:13,W010,P00051,TRANSFER_IN,19,dc9d07e9-94bf-4d1f-baf6-7aa14541b396
IM00003537,2024-07-05T22:53:26,W014,P00396,SHIP,-17,3bd368ab-410c-4abb-88db-59364124e721
IM00003538,2025-08-29T04:40:17,W003,P00514,ADJUSTMENT,7,8e44a340-7c67-459b-a453-c4607ebb3377
IM00003539,2025-04-26T05:44:04,W004,P00571,TRANSFER_OUT,-7,78c9442d-f73d-4c38-983e-03e5f310ab72
IM00003540,2026-01-17T19:16:57,W010,P00013,SHIP,-31,9eac8f94-3553-4180-95a4-bc28eccfa887
IM00003541,2025-09-21T12:03:37,W005,P00402,RECEIPT,17,dc3098d0-a897-460f-b225-11810da554af
IM00003542,2025-11-12T00:16:16,W008,P00293,TRANSFER_OUT,-39,aa7fc7c1-b71c-4f03-93a5-b692a1cbb48c
IM00003543,2025-03-25T02:40:38,W013,P00182,ADJUSTMENT,18,5e0ea959-28d8-4ad3-a0d8-c40a43b0cf22
IM00003544,2025-07-03T00:33:26,W016,P00562,RECEIPT,15,1d87a385-adfc-407a-84f3-e54ff787314e
IM00003545,2025-02-14T13:42:22,W011,P00203,RECEIPT,31,8de0b7b4-6f2a-4020-9eb2-1cdf1eafc5b0
IM00003546,2025-11-29T09:40:14,W004,P00570,TRANSFER_OUT,-47,09fe3f31-8b08-4f96-ab57-dcb34064d16a
IM00003547,2025-03-03T07:24:21,W005,P00256,TRANSFER_IN,45,2b209ae4-9606-4023-b77c-a0dc77557cd3
IM00003548,2024-12-10T16:39:21,W014,P00250,ADJUSTMENT,36,8768a8aa-fff8-404f-a30f-e06f8247162a
IM00003549,2026-01-09T01:22:51,W006,P00573,TRANSFER_IN,39,be67abd0-ae86-496a-b85f-552d543e6066
IM00003550,2025-11-25T05:14:49,W003,P00512,SHIP,-15,5425173d-bd32-4a45-8cf1-a825b988d924
IM00003551,2025-08-24T03:43:50,W015,P00325,ADJUSTMENT,29,dd1382bf-ab0c-4994-9cb3-8228fde40f2b
IM00003552,2025-07-24T16:29:56,W015,P00342,RECEIPT,42,33b1b4ed-85d1-4175-b72f-5a12eb3d4e7d
IM00003553,2025-12-04T20:53:19,W007,P00061,RECEIPT,15,eb4d587b-0b29-4bda-adbd-82a44fae9b00
IM00003554,2025-06-29T14:19:18,W009,P00328,SHIP,-33,1bc9654c-54a3-4820-bc9f-1e5dae759ff5
IM00003555,2024-07-22T09:56:27,W009,P00178,RECEIPT,29,b2e47d01-8066-4606-b2aa-b44bc6a02443
IM00003556,2025-03-16T03:47:47,W012,P00408,SHIP,-8,aebecdbd-7f2d-4c3d-9d90-55a423382c74
IM00003557,2024-01-05T05:29:21,W015,P00431,RECEIPT,3,d7efd3f4-6672-43ae-a9c3-41039023a2f8
IM00003558,2026-01-25T19:25:06,W014,P00386,TRANSFER_IN,12,963ab961-eaaa-4a9c-b685-69e9aac42292
IM00003559,2024-03-19T09:43:03,W006,P00307,TRANSFER_IN,39,65b7ccc4-8c0c-41de-acc3-64827e1bcc45
IM00003560,2024-03-22T02:08:20,W002,P00446,RECEIPT,32,a12a64a5-4235-4ab5-86ef-62d3f552d89f
IM00003561,2025-07-04T03:07:24,W010,P00318,SHIP,-12,e198c3f1-e10d-4906-9e14-493c2c192cef
IM00003562,2024-11-30T14:15:03,W009,P00363,SHIP,-17,0ce63c13-7e9a-4621-a41c-69b8415bba11
IM00003563,2024-05-11T23:41:04,W003,P00151,TRANSFER_OUT,-37,9538e81e-aae6-4eff-b3b2-1780907b59bf
IM00003564,2024-05-23T03:18:34,W014,P00048,RECEIPT,21,28c64fc4-029b-4474-a253-3e75e67d674c
IM00003565,2025-11-25T07:22:53,W008,P00510,ADJUSTMENT,22,e8d0300c-08ea-4331-9a16-e7109b131bac
IM00003566,2024-04-06T09:10:51,W010,P00028,ADJUSTMENT,7,754c34cc-bc5d-448b-a76a-18f01d552a47
IM00003567,2025-06-02T08:39:29,W016,P00541,TRANSFER_OUT,-12,5c3be874-81e5-4cbd-8682-e29e692a105e
IM00003568,2024-11-14T02:04:52,W008,P00196,TRANSFER_OUT,-11,cf53f1c7-90b9-4712-8b97-f2141a56aabc
IM00003569,2024-06-23T10:39:04,W013,P00011,TRANSFER_IN,26,7372a9fc-99aa-47e6-a9e8-b991cd474af7
IM00003570,2026-01-07T01:26:35,W002,P00138,ADJUSTMENT,5,a1004ccd-6134-40c3-bc90-a17bfca5de78
IM00003571,2025-06-07T22:57:09,W004,P00036,TRANSFER_IN,2,5d18b011-e22e-4bac-b4b6-2e4838ab70a5
IM00003572,2024-09-10T22:33:10,W003,P00399,TRANSFER_OUT,-2,71b548f6-4a8a-4595-8eee-53524306c1ea
IM00003573,2025-10-01T02:56:30,W010,P00094,ADJUSTMENT,23,4e59f92e-81d8-4752-8e05-b9b42bebc2e0
IM00003574,2025-03-31T20:28:38,W015,P00165,TRANSFER_IN,1,88980bf5-0f31-47ec-8c9e-5290600bd192
IM00003575,2025-05-10T17:28:01,W006,P00329,TRANSFER_IN,30,5e8bf1a1-6f57-4665-8fd4-6ee1bef6c5d2
IM00003576,2024-03-17T16:26:10,W005,P00098,TRANSFER_OUT,-38,7c04091f-08fc-499f-99a2-97a24a6d1233
IM00003577,2024-03-12T00:35:16,W013,P00334,RECEIPT,23,03aefa20-576b-436a-88ba-2ad807e1f481
IM00003578,2025-10-04T00:28:52,W013,P00032,SHIP,-24,ff2efab9-d98a-48b0-bad7-c145c308f46e
IM00003579,2025-12-26T04:48:38,W014,P00024,SHIP,-30,cf39d8b8-03cc-4929-ba62-34b626809b2f
IM00003580,2025-09-11T20:49:57,W003,P00472,TRANSFER_OUT,-35,101ab2b6-bd13-468d-9d3c-5fe99926cf78
IM00003581,2025-04-13T22:27:49,W003,P00209,RECEIPT,49,d1936515-d5f0-4eb5-8aa0-77fb06edb383
IM00003582,2024-03-08T00:23:16,W003,P00138,SHIP,-31,1f266874-98d9-4d04-a494-8f8ddab2b8dd
IM00003583,2024-02-25T02:38:10,W008,P00051,RECEIPT,29,f91e6223-0879-49e2-8cb8-912eb90a5860
IM00003584,2025-04-24T19:16:32,W001,P00313,TRANSFER_OUT,-17,e3553aa4-45db-45ae-b689-edbbd7575d1b
IM00003585,2024-09-07T08:13:15,W005,P00144,ADJUSTMENT,43,33272058-c5f0-4230-8321-f176c8ebebd3
IM00003586,2025-05-15T20:52:56,W015,P00399,TRANSFER_OUT,-44,ae231290-3b95-4e5f-8491-36a4ef665877
IM00003587,2025-08-19T03:45:32,W003,P00121,SHIP,-42,4fafe8ea-1034-4171-9115-0df1cc90cf56
IM00003588,2025-10-13T14:23:57,W010,P00166,SHIP,-23,c0571a7e-2a19-4f72-b1dd-c4e31b9d2070
IM00003589,2024-04-05T20:43:36,W005,P00406,ADJUSTMENT,24,3fa526fa-d0a8-458b-82b4-626a90b39681
IM00003590,2024-06-19T06:09:41,W016,P00492,SHIP,-17,c4a8bba4-91a2-42b4-9adf-7c372b07029a
IM00003591,2026-02-28T22:15:43,W016,P00443,TRANSFER_IN,3,971fc0d2-457d-4c88-a259-6f4f88294bd3
IM00003592,2025-12-28T10:13:24,W013,P00308,TRANSFER_IN,47,432dcb30-3dbc-40c1-9d20-2b8a23960601
IM00003593,2024-08-19T04:21:10,W016,P00286,RECEIPT,11,bdf56fec-54b4-4122-a328-6c5f102ec93f
IM00003594,2026-01-13T09:36:56,W014,P00163,SHIP,-7,eea2465c-93f7-43bb-9458-802822b04c60
IM00003595,2026-01-29T09:06:33,W010,P00027,TRANSFER_IN,32,9204b046-1f00-4e60-b7bf-62094aebd3f9
IM00003596,2025-11-19T23:54:06,W005,P00551,RECEIPT,13,91f45634-c450-4e58-819d-7972d34e486b
IM00003597,2025-03-26T04:42:53,W011,P00544,ADJUSTMENT,47,167a6982-c8aa-404c-a381-f3342e785ad1
IM00003598,2025-04-29T06:06:27,W012,P00426,RECEIPT,20,33c07059-710e-44ea-96b9-fef79595326c
IM00003599,2024-02-14T09:54:03,W006,P00341,TRANSFER_IN,36,2720eccc-52fc-4dd5-a6c8-5d995c4430eb
IM00003600,2025-01-03T19:07:33,W015,P00386,RECEIPT,2,83461210-4691-4275-8c6e-27ac746d4132
IM00003601,2024-01-18T17:59:16,W006,P00250,TRANSFER_OUT,-7,7eed88ad-7fa2-47c8-8394-0c0508f1d873
IM00003602,2025-01-18T01:28:03,W001,P00452,TRANSFER_IN,25,ad42a9f4-a38a-459f-bb9b-18e5ed9cac7a
IM00003603,2025-07-19T22:14:18,W016,P00151,RECEIPT,47,f58cca11-9b56-4da1-ba40-ef5436ee2041
IM00003604,2024-05-04T16:34:51,W010,P00242,TRANSFER_IN,45,7e4c9e9b-4277-46ec-a05e-b95eae6246c8
IM00003605,2024-01-03T11:40:31,W005,P00253,ADJUSTMENT,33,5bd4bbd9-2fc2-44d1-a44a-dfb9c0a1c878
IM00003606,2024-10-24T06:47:30,W007,P00305,SHIP,-38,f04331db-bb93-4a69-9469-819b2fefd8fb
IM00003607,2024-02-02T12:15:51,W002,P00168,ADJUSTMENT,11,3ba260f7-892e-404b-9f54-8afbdb1447a6
IM00003608,2024-08-02T06:34:34,W013,P00070,TRANSFER_IN,26,aa9cf4b1-40c4-4e46-8fd2-eb9d5b7346c3
IM00003609,2024-01-22T06:19:55,W006,P00539,ADJUSTMENT,41,98ffb0de-a026-4444-ba0d-a7936ef3a427
IM00003610,2024-08-14T16:45:26,W011,P00474,ADJUSTMENT,42,3e18266a-ec73-4f08-a976-0d5eb9f6fd90
IM00003611,2024-03-05T14:36:00,W011,P00214,ADJUSTMENT,15,c04cd117-0f3d-45b9-a82e-59f7a418089e
IM00003612,2025-05-25T23:01:52,W012,P00554,TRANSFER_IN,22,5b7ba652-2224-4d4a-9f39-191acd7cedb9
IM00003613,2024-05-29T02:30:45,W013,P00528,SHIP,-5,8aca9378-b4b6-490c-a72b-833347419809
IM00003614,2024-08-14T19:27:07,W010,P00095,TRANSFER_IN,44,4607ca5e-3cc8-4246-b3a9-e60dff878fd2
IM00003615,2024-02-11T11:24:19,W005,P00277,TRANSFER_IN,46,a8b5b75a-ddd8-4cd0-8ab2-d430954d060d
IM00003616,2024-03-18T04:58:00,W001,P00391,TRANSFER_OUT,-17,885c602c-5a80-4296-b31c-ed42ff27461b
IM00003617,2025-11-11T15:09:45,W009,P00218,SHIP,-1,3f2bd238-fbf5-4ab9-b78f-752d7936afb5
IM00003618,2025-02-03T02:30:05,W011,P00258,TRANSFER_OUT,-16,4313a900-1da0-42d3-882b-065dfa00229f
IM00003619,2025-02-23T11:46:13,W016,P00016,TRANSFER_IN,39,0b808e45-84ac-49d5-8fc0-18e6e6dfdc2d
IM00003620,2025-01-30T12:37:58,W006,P00376,TRANSFER_IN,18,d8412424-2671-4eed-abba-d26d090416d9
IM00003621,2024-06-10T06:42:09,W015,P00306,RECEIPT,20,4b760cd3-6136-4802-b14e-9f3ae2fcaa36
IM00003622,2025-03-07T13:14:35,W012,P00372,TRANSFER_IN,28,20e46a7d-4a17-4169-ae2d-b2ec5d95821e
IM00003623,2025-08-16T09:59:32,W011,P00304,TRANSFER_IN,20,1175aeb6-6f61-4c53-b2d8-d434e03e3446
IM00003624,2025-09-21T09:57:55,W001,P00050,SHIP,-39,a240ea19-945b-436b-92a7-e3982110cac1
IM00003625,2024-07-24T04:06:59,W017,P00037,TRANSFER_OUT,-29,2d96731d-2a1d-4986-b2bf-c74ce0fc2343
IM00003626,2024-07-08T09:31:33,W010,P00060,SHIP,-18,f9e1e720-77d5-4127-aef8-fd29acad48b6
IM00003627,2025-04-25T18:15:58,W008,P00269,TRANSFER_OUT,-12,df160da7-bb43-450d-9ff1-7a2a6d3d33f0
IM00003628,2025-07-09T13:12:52,W015,P00532,ADJUSTMENT,12,e8697a11-7d39-4820-98dc-8887c5ae4845
IM00003629,2025-11-28T03:14:53,W015,P00277,ADJUSTMENT,6,92e01f83-ee02-49b3-a8a6-ee5e7e6ff80b
IM00003630,2025-04-08T18:04:50,W008,P00463,ADJUSTMENT,47,15a24ecc-e691-480a-8871-66878e5f850a
IM00003631,2024-12-28T07:07:09,W002,P00210,TRANSFER_OUT,-12,a3f4e258-e98d-43d0-835f-6e759551e8a8
IM00003632,2024-12-04T13:45:08,W016,P00280,ADJUSTMENT,27,728eae67-3e80-4655-964a-1b925fd6cf61
IM00003633,2024-05-31T00:05:12,W016,P00385,SHIP,-10,3cf97400-ea38-4e4e-953d-72e07f17c477
IM00003634,2025-01-09T09:40:59,W010,P00269,SHIP,-36,4a41ef59-2d2f-4f99-85e3-036f9d9a6d9c
IM00003635,2024-10-22T18:32:02,W004,P00284,RECEIPT,43,51fc25dc-9911-408a-9630-41cd52965cc9
IM00003636,2025-05-21T10:48:44,W004,P00122,SHIP,-48,14aa6836-156d-40a4-a886-385980ac319f
IM00003637,2025-11-13T01:13:47,W006,P00455,RECEIPT,45,a3342ec7-ecf0-4204-95be-c4317bf4783b
IM00003638,2024-06-30T09:01:34,W002,P00521,ADJUSTMENT,21,d4396b25-229f-48d7-8ddc-97dde2dc9199
IM00003639,2024-02-27T07:02:17,W014,P00252,TRANSFER_IN,37,53d96f0d-2a3a-4f23-b655-0902d1df30f0
IM00003640,2026-02-09T19:21:16,W004,P00083,SHIP,-39,a943ee82-3a18-4572-802c-2cb5ea6c225b
IM00003641,2024-08-31T07:37:04,W016,P00011,TRANSFER_IN,41,3e79a772-e528-4fec-98a3-b873fa9109a0
IM00003642,2026-02-16T10:38:24,W005,P00588,TRANSFER_OUT,-40,4c298d66-6aaa-4a28-b6de-b952cab1bc93
IM00003643,2025-07-22T22:42:20,W009,P00290,TRANSFER_OUT,-11,d5c3347f-c46d-448b-bd1c-45227098f3ca
IM00003644,2026-01-22T21:01:23,W016,P00418,RECEIPT,41,3cd8f3a6-c813-425d-9ddd-1c72d19e5ebf
IM00003645,2024-04-10T17:54:47,W011,P00225,TRANSFER_OUT,-24,376656f5-da86-4186-b958-fceda41d5dbb
IM00003646,2024-03-03T10:18:36,W005,P00002,ADJUSTMENT,27,46e1988e-a07f-4514-adff-f2bf341c5a5a
IM00003647,2025-01-01T10:40:21,W008,P00141,TRANSFER_IN,32,a95dbb62-813b-4e30-aa37-6242e07cd486
IM00003648,2026-01-01T22:55:16,W008,P00128,ADJUSTMENT,3,0befdcf8-4637-4f60-aa0a-563ff0c039bd
IM00003649,2024-06-14T21:02:03,W008,P00591,RECEIPT,13,1fd7e772-6ec5-43be-bc1d-2a3209553281
IM00003650,2024-05-20T16:20:20,W015,P00120,TRANSFER_OUT,-40,a3fd9094-25da-42dd-be31-62a12fd37739
IM00003651,2025-04-10T04:28:16,W002,P00416,TRANSFER_OUT,-23,aa7ecca9-9bce-4f47-bde8-dbcc4722bfcb
IM00003652,2025-03-11T05:32:46,W001,P00221,TRANSFER_OUT,-36,5eade6c8-f288-4a6b-8c23-0a8311ae8308
IM00003653,2025-07-29T06:00:26,W007,P00110,TRANSFER_OUT,-4,e0ce33b3-c993-40f8-b010-01efc90b1683
IM00003654,2024-01-06T06:43:04,W014,P00172,ADJUSTMENT,27,2e7b9f46-b5a4-4877-ad3f-43b64a7b24b1
IM00003655,2025-05-08T06:01:42,W010,P00586,ADJUSTMENT,38,ee1cb52c-ccf6-4aae-a7a5-9be3f8e91783
IM00003656,2024-11-10T02:48:09,W004,P00485,TRANSFER_OUT,-45,e0797ebf-8cae-4716-8208-9886d9aa064f
IM00003657,2025-10-17T23:00:06,W005,P00429,TRANSFER_OUT,-20,7d0c64f9-2a31-4002-9d53-9693974c7417
IM00003658,2025-05-23T21:33:48,W004,P00006,TRANSFER_IN,26,fc877756-c07e-4291-99b3-f530f76af78b
IM00003659,2025-04-09T09:51:35,W002,P00117,RECEIPT,36,451a7e98-2e30-4fdb-90af-0cd953044303
IM00003660,2025-12-20T06:13:01,W015,P00178,TRANSFER_OUT,-4,edb3e30a-ade3-4d74-bdd6-fd0d5049e239
IM00003661,2025-02-21T11:47:54,W010,P00003,SHIP,-20,8b5fe723-3c04-4585-98cd-617cd852701b
IM00003662,2025-02-15T02:37:09,W017,P00155,TRANSFER_IN,27,93671eca-ee2b-4e2a-a769-df441b746073
IM00003663,2024-10-19T02:49:00,W005,P00418,RECEIPT,4,36b20261-6a20-4213-889c-e03db80b53a4
IM00003664,2025-11-14T07:06:48,W017,P00598,ADJUSTMENT,16,1a9ab8d2-daab-4a43-bb52-f986a9926db9
IM00003665,2025-03-08T09:12:42,W007,P00583,TRANSFER_IN,45,bef81388-6423-4d09-9489-13423a43c9ad
IM00003666,2024-12-19T09:57:44,W006,P00401,SHIP,-7,09e6bb91-45a9-472a-a7c2-a3c986057517
IM00003667,2024-04-15T04:30:22,W014,P00345,TRANSFER_IN,44,72ee0ad2-4525-4703-b2ba-54ee8267015b
IM00003668,2024-12-16T10:14:24,W005,P00564,TRANSFER_OUT,-2,61deabd0-8978-4b63-9720-bb7098455d95
IM00003669,2024-02-29T04:06:30,W002,P00185,TRANSFER_OUT,-35,ffaf53a0-c86e-4669-87c6-bdae51a30f29
IM00003670,2024-01-22T10:11:55,W017,P00121,SHIP,-11,422acdbb-66bc-440f-83ae-38c771812ec8
IM00003671,2024-03-17T00:50:28,W017,P00146,TRANSFER_OUT,-29,ab20b3e2-ad6d-4644-bf03-298fee4665d2
IM00003672,2025-10-01T17:02:20,W008,P00081,RECEIPT,34,01872ffb-d35b-44e4-b691-57576886af89
IM00003673,2025-04-25T00:13:00,W001,P00306,ADJUSTMENT,17,626f4a92-28fe-476b-91cd-7fd4880ef1cb
IM00003674,2024-11-15T01:19:50,W001,P00293,TRANSFER_OUT,-42,cc8bbc11-45dc-4baa-83b4-dc681aaeefba
IM00003675,2025-03-18T05:08:35,W005,P00515,RECEIPT,49,d49aadd1-88bc-4fc9-a22f-6e03443566d8
IM00003676,2025-09-24T00:37:29,W013,P00447,ADJUSTMENT,42,8617f6a9-76b2-4dd7-8141-acd6c6c4ebff
IM00003677,2024-04-15T16:26:24,W006,P00071,TRANSFER_OUT,-17,75201caa-3dbb-43a3-b682-a97409060976
IM00003678,2024-05-17T17:46:07,W014,P00276,TRANSFER_OUT,-3,3b3ef209-7e31-4510-9682-8edbaee876ff
IM00003679,2024-06-09T00:48:59,W010,P00279,ADJUSTMENT,26,6bf8829d-7329-4d14-8819-81257316a212
IM00003680,2024-05-05T17:27:57,W013,P00286,ADJUSTMENT,20,9211ed50-55f9-468e-985f-bf9b9fc73371
IM00003681,2024-03-24T04:58:04,W006,P00445,SHIP,-6,fe9876b4-0536-4630-bed1-d27777cc8e69
IM00003682,2024-09-06T14:19:37,W005,P00092,RECEIPT,4,822c2526-811c-498f-a24e-9025ddff1dfd
IM00003683,2025-05-05T05:25:49,W007,P00357,ADJUSTMENT,5,d53ecd50-de40-464a-8a3f-e5ccdd360d1d
IM00003684,2025-04-20T16:10:01,W007,P00511,TRANSFER_OUT,-1,e9e90a3f-e603-4954-aec6-e68c54fe7ce5
IM00003685,2025-09-06T21:28:14,W006,P00058,SHIP,-39,68cee386-0989-4b94-84ea-6f583ccfc221
IM00003686,2025-12-05T01:48:30,W001,P00458,TRANSFER_OUT,-49,6470d16b-3dfd-446a-a954-439218a2abd0
IM00003687,2025-09-21T01:10:03,W015,P00427,SHIP,-41,3e3236b4-4add-4f09-add8-370e9a7478f4
IM00003688,2024-03-11T06:58:19,W014,P00406,SHIP,-28,d0128884-9dc8-4b52-ab85-3ac9669b0c97
IM00003689,2024-08-17T02:03:05,W009,P00464,SHIP,-2,c4761490-ad93-47e5-9065-9dfd02566f61
IM00003690,2024-06-13T23:16:45,W017,P00063,RECEIPT,1,70cbc78b-72a2-4885-9a3c-6b339b89a27d
IM00003691,2025-02-17T14:14:39,W015,P00238,TRANSFER_OUT,-34,b06f8494-b312-4ccd-8053-b1c72fc3efed
IM00003692,2024-08-03T04:56:17,W008,P00378,RECEIPT,12,500e2603-115c-495a-a177-8bc2934182d6
IM00003693,2025-06-12T09:07:11,W005,P00235,SHIP,-36,2e983a05-4e86-4852-bee5-933a6b71ed24
IM00003694,2024-06-23T22:41:14,W005,P00015,RECEIPT,31,d79e6fdb-9185-430a-b69e-6c174c2841ee
IM00003695,2025-06-27T13:56:55,W010,P00402,ADJUSTMENT,23,c22d90d6-d085-478c-bc5c-aa5ce9ac19fd
IM00003696,2025-06-13T07:27:35,W017,P00255,ADJUSTMENT,8,794809b8-53f0-46d8-8fbb-f860b0bd2c58
IM00003697,2024-10-26T07:48:11,W002,P00113,TRANSFER_IN,10,983437bf-f544-4b6d-8f3e-83e7a2a317db
IM00003698,2025-06-25T03:31:52,W016,P00583,SHIP,-14,45228110-4ab9-496d-9128-1fc7879a8709
IM00003699,2025-06-29T00:45:58,W016,P00035,SHIP,-17,e6278cbb-b4f8-48bf-8858-7eef2c85d4da
IM00003700,2025-12-14T14:30:52,W017,P00452,TRANSFER_OUT,-4,74b26770-f20e-43b7-983f-7a14b381987c
IM00003701,2024-02-02T11:13:55,W001,P00121,TRANSFER_IN,5,ed435395-7139-4bb8-9d64-42759b5a74aa
IM00003702,2025-02-12T12:51:37,W008,P00460,RECEIPT,25,d8784509-c252-449f-8a92-0b601b9df3a6
IM00003703,2024-02-28T05:16:19,W016,P00290,TRANSFER_IN,6,d1249a04-5650-4db4-a23b-3a9d3eac2563
IM00003704,2024-12-16T10:32:34,W006,P00177,TRANSFER_IN,36,16c89782-51c7-4dfc-95c1-e096d43b8897
IM00003705,2024-08-24T08:55:01,W017,P00469,SHIP,-33,61e0028f-8c6c-4f7c-97a4-12a1bdf38adc
IM00003706,2025-08-25T11:18:01,W015,P00165,SHIP,-38,baf28b91-b0c0-40ad-b14b-cbd01ccc6e83
IM00003707,2025-06-07T13:07:00,W006,P00500,TRANSFER_IN,17,c54fdcc0-fab8-40f8-af96-e16cbac1c81f
IM00003708,2024-06-28T20:14:14,W017,P00224,TRANSFER_IN,40,d52c3bd4-3c94-4553-8f3e-b23b08c3092a
IM00003709,2024-01-24T03:52:25,W008,P00559,TRANSFER_OUT,-11,748e2e9f-b723-45ff-ac85-d829d3287c2d
IM00003710,2025-05-27T05:06:44,W013,P00149,TRANSFER_OUT,-1,5043700a-9247-434e-adc7-9a20209be9f0
IM00003711,2025-09-20T08:51:16,W005,P00249,ADJUSTMENT,34,489ed00a-8525-414d-b972-258d5d77fedd
IM00003712,2024-05-27T17:36:39,W012,P00117,TRANSFER_OUT,-48,37b017f8-64b7-400f-ba8a-7e0359d27857
IM00003713,2024-12-26T23:45:06,W003,P00206,RECEIPT,44,eee393e4-8167-443f-ba41-e33467b895da
IM00003714,2025-11-12T21:13:44,W016,P00234,RECEIPT,43,e0b74b5d-d645-4cd5-9389-2bf716093661
IM00003715,2024-09-22T22:49:08,W002,P00459,ADJUSTMENT,43,e6e29916-eacc-4050-9675-a33d0cabce66
IM00003716,2024-10-12T07:32:17,W011,P00280,TRANSFER_OUT,-16,b36d1144-27eb-4cda-b093-b426c9d7067a
IM00003717,2024-08-22T06:01:00,W002,P00138,TRANSFER_IN,24,519b63c3-88b7-4709-9efb-dd19af753ff0
IM00003718,2026-02-12T19:11:05,W016,P00423,TRANSFER_OUT,-17,68fb8a00-b0e6-4ed8-801d-92c966be6b7f
IM00003719,2025-09-18T23:53:36,W010,P00085,SHIP,-46,d54bf35d-9a52-4b66-8636-2ac7c6ac4eca
IM00003720,2025-04-11T17:07:55,W013,P00404,RECEIPT,7,be067ba1-61f3-4d42-8926-7972638aac81
IM00003721,2025-12-01T00:11:57,W002,P00348,RECEIPT,36,cea7269d-7efc-48d7-b516-71e991c4f6a9
IM00003722,2025-10-14T23:00:20,W015,P00158,TRANSFER_OUT,-49,4d8092b5-2d31-4675-a385-f167a06ba326
IM00003723,2025-04-09T23:45:05,W010,P00408,TRANSFER_IN,30,ae61a147-a99a-45fa-adef-b710ff76b1fb
IM00003724,2024-04-18T08:12:19,W009,P00222,ADJUSTMENT,15,7c9a64b8-13ab-474a-aa7c-a04b5eeda3c3
IM00003725,2024-10-17T12:21:53,W013,P00269,SHIP,-49,e24a7272-1a58-42e8-96bb-201c92035e44
IM00003726,2024-06-01T14:13:25,W012,P00304,SHIP,-37,1fb05e8a-e21e-47ca-b797-745035f1cbcc
IM00003727,2025-07-21T03:02:04,W002,P00384,ADJUSTMENT,32,41ba9b31-b644-4382-9efd-7f0508f3a7ab
IM00003728,2025-12-21T21:36:20,W008,P00421,ADJUSTMENT,21,398d5b46-1786-4246-9e4a-599f905be724
IM00003729,2025-10-22T21:18:47,W015,P00382,RECEIPT,45,598d4563-0632-4203-9b01-f129d1acb6c2
IM00003730,2024-12-29T11:09:12,W014,P00396,ADJUSTMENT,15,38a17e87-add2-4c1d-a16e-6f1fb2771221
IM00003731,2025-07-21T22:18:56,W003,P00221,SHIP,-48,e533e6cd-87b1-4857-b646-60ddcc41841f
IM00003732,2024-08-20T16:33:35,W001,P00073,TRANSFER_IN,5,a2187434-aed5-4dcd-9467-286601b193c8
IM00003733,2025-09-20T22:13:33,W013,P00147,SHIP,-18,131491ed-7c85-40e1-95b3-324f5ee392c5
IM00003734,2024-01-27T15:17:50,W013,P00141,SHIP,-15,eae12f7a-f14b-4389-8e80-e4840bf8f09b
IM00003735,2025-05-02T15:34:51,W016,P00147,TRANSFER_IN,33,832b86c5-d54a-44e6-ae1e-8c3f1f70a830
IM00003736,2025-04-18T01:01:27,W001,P00480,RECEIPT,38,be0a3b57-81fe-4a0d-b5a5-d55a48eca4cb
IM00003737,2025-05-31T08:18:41,W006,P00011,SHIP,-46,d32bdc28-fec3-47d5-8533-bf187dd405d9
IM00003738,2024-06-12T20:59:00,W014,P00400,SHIP,-49,dfa22efb-662b-4f4f-aa04-e4e52a1c7159
IM00003739,2024-10-25T07:16:15,W006,P00035,RECEIPT,9,dde95d84-9aaf-417d-9188-a01d4e3aca38
IM00003740,2025-02-23T15:27:52,W007,P00068,RECEIPT,47,8a11ffea-7d88-4a05-a709-d674d4c0fb76
IM00003741,2024-10-21T19:49:10,W002,P00486,TRANSFER_OUT,-29,f595a820-d04b-4316-8745-e4eafe8c9288
IM00003742,2024-09-21T01:38:42,W012,P00428,ADJUSTMENT,29,17031fc8-edce-4f03-baa8-8ec88a05426a
IM00003743,2025-06-30T05:12:10,W016,P00259,SHIP,-23,4ed7db57-7f05-4a76-8bd2-be5fb7e985e7
IM00003744,2025-04-28T22:18:06,W010,P00056,SHIP,-12,3743c8f7-3754-4c51-876b-56d793ae3c90
IM00003745,2024-03-25T03:55:10,W012,P00292,ADJUSTMENT,15,580bc91b-6196-44ac-9b84-8a51a3ae1860
IM00003746,2024-10-08T22:03:57,W006,P00153,RECEIPT,40,453ca035-3471-4c56-8240-3736bb37ef20
IM00003747,2025-12-20T08:24:51,W005,P00266,ADJUSTMENT,47,64b3c343-bc7e-4625-ba5b-1190c8bb6d77
IM00003748,2025-06-07T10:37:09,W011,P00244,RECEIPT,13,977e7d0a-c238-4c75-989f-28795bb1b1de
IM00003749,2026-02-01T06:50:37,W014,P00404,TRANSFER_OUT,-3,4d9f22b0-a357-4b94-83e8-c37978de9aa2
IM00003750,2024-01-29T02:13:12,W007,P00205,SHIP,-43,47b5d368-3a6e-4cc2-8623-c511fd3b699b
IM00003751,2026-01-16T13:57:22,W015,P00146,TRANSFER_OUT,-22,a73acd4d-01d5-41ea-af1f-a87ce3a2af2b
IM00003752,2026-01-09T05:40:19,W010,P00146,TRANSFER_IN,28,cec06aa0-88df-4b0e-8e86-26aaca9d4e26
IM00003753,2025-05-04T22:18:44,W012,P00345,TRANSFER_IN,18,b4ee2cc5-7aea-4a5e-bd4c-5dc4377c6ebb
IM00003754,2025-03-21T19:29:38,W008,P00264,RECEIPT,28,4dc4dae3-99e6-41df-bcee-285a364c3457
IM00003755,2026-01-11T15:17:58,W012,P00392,RECEIPT,17,2b2e862d-ee8b-4878-849d-5ed141040919
IM00003756,2024-06-29T13:48:24,W003,P00075,ADJUSTMENT,30,87059cf3-1abb-4ff5-b9ac-4e42151dab6c
IM00003757,2025-12-30T18:27:31,W011,P00270,SHIP,-48,353ea4b4-423e-4191-bcc2-f95da9c7401a
IM00003758,2024-01-23T12:54:18,W017,P00548,ADJUSTMENT,28,19834c15-f97b-4ec9-8c4b-a71afeee341f
IM00003759,2025-04-22T14:28:07,W003,P00218,RECEIPT,4,ce0b7be2-17c2-41de-b756-116489bb0248
IM00003760,2025-12-23T01:07:36,W009,P00197,RECEIPT,12,5bc29608-e6bd-422f-a8ff-456764a43bde
IM00003761,2026-02-10T22:03:31,W012,P00530,ADJUSTMENT,9,3523d421-c001-4da6-993b-1d5a4ca36812
IM00003762,2025-05-26T21:12:44,W012,P00541,ADJUSTMENT,7,3e91f32c-7123-409a-860c-96e24b0f1ac2
IM00003763,2024-05-07T08:30:48,W017,P00557,TRANSFER_IN,39,56bd7ecf-bdec-4899-b9d7-6be80582f9f5
IM00003764,2025-09-26T21:16:32,W002,P00266,ADJUSTMENT,13,9774b5ca-b8e9-4c6b-bc32-8ee81c4254a4
IM00003765,2024-01-15T01:46:39,W013,P00269,ADJUSTMENT,32,09ddaf6f-2c4c-43f5-b32c-69dbaa81f695
IM00003766,2025-04-19T03:38:07,W017,P00506,ADJUSTMENT,20,b53c6d1c-5bb1-48a6-bd38-753ae7eeb1b2
IM00003767,2024-02-23T00:43:36,W010,P00057,TRANSFER_IN,12,9b1d4cfd-25cb-49a3-868c-78c7c9e23a9e
IM00003768,2024-09-11T16:32:13,W005,P00449,TRANSFER_IN,48,9074da92-acba-4045-a75f-b3f28fd9aa4d
IM00003769,2025-05-13T01:37:20,W011,P00357,SHIP,-42,e91097e0-130d-46b2-9df3-1947eb0e5e17
IM00003770,2024-05-20T22:51:56,W008,P00154,RECEIPT,39,167d271a-9ea8-4290-b41c-c2db1859f248
IM00003771,2024-10-08T22:33:23,W011,P00148,ADJUSTMENT,6,17de00d2-9e92-47af-b37d-0c8165c28d62
IM00003772,2025-11-09T08:05:28,W012,P00365,ADJUSTMENT,19,bd47eaeb-a080-4553-8bc1-f78828e28d1a
IM00003773,2025-10-09T12:28:50,W005,P00229,RECEIPT,6,562a2a68-4536-4eab-a99f-f92c84bf1cca
IM00003774,2025-07-14T08:43:45,W011,P00185,TRANSFER_OUT,-45,a915ced8-c781-4ba7-b303-67f9e8a4b22c
IM00003775,2025-04-20T21:35:54,W012,P00518,SHIP,-21,a885ae45-04af-4b4e-bff7-cce358bad4eb
IM00003776,2024-07-22T01:47:29,W008,P00190,ADJUSTMENT,17,2c632336-d1f9-4322-ad46-695be8a6b8ab
IM00003777,2024-09-24T22:14:11,W001,P00178,ADJUSTMENT,15,afed9a17-cc76-49ba-ad26-62d989396081
IM00003778,2026-02-09T12:10:57,W014,P00484,TRANSFER_OUT,-15,9be69ba1-a15b-4809-91f9-d6a9447bc8c1
IM00003779,2024-07-23T18:16:10,W012,P00248,ADJUSTMENT,44,2fefe5df-4270-4cfc-8976-4928553c7541
IM00003780,2026-02-13T02:07:37,W008,P00488,TRANSFER_OUT,-44,d79cd121-94ce-4ba1-ba2a-6768c987fc9b
IM00003781,2024-03-30T21:08:22,W015,P00083,ADJUSTMENT,28,6c689550-0358-4e3d-932a-f3e36d66e9f5
IM00003782,2026-01-18T19:19:19,W007,P00441,RECEIPT,11,629792c3-b284-4eed-9d7b-6480470d97b3
IM00003783,2024-08-21T10:17:16,W005,P00510,TRANSFER_IN,1,eb683f13-ca66-4b07-8508-aea17b976972
IM00003784,2024-04-29T23:38:35,W001,P00541,RECEIPT,4,52e84040-36ce-4629-a1b1-9c484c1addad
IM00003785,2024-05-08T10:51:44,W002,P00035,RECEIPT,48,649198ca-343c-4c3e-9ae4-a98e696bdee5
IM00003786,2025-08-17T20:42:28,W010,P00530,TRANSFER_IN,45,3a4f7e98-30f7-43ef-a28c-0f3254d29919
IM00003787,2025-11-01T08:46:00,W010,P00318,TRANSFER_OUT,-20,89b20960-7b40-426d-9bed-d4c26cbc3ef3
IM00003788,2024-03-27T12:14:17,W001,P00132,ADJUSTMENT,36,1cf415c0-f37a-4e74-8571-6c148ae958f6
IM00003789,2025-04-26T05:32:51,W003,P00259,ADJUSTMENT,36,9ac0ba30-103b-48a3-a15e-11065280c3c8
IM00003790,2026-01-30T19:40:31,W016,P00504,TRANSFER_OUT,-46,07bf1bf5-042e-4a87-8371-24bc8d9f908f
IM00003791,2024-05-07T12:34:51,W012,P00037,ADJUSTMENT,48,108c1b5c-53e0-4462-9405-1574810f184e
IM00003792,2024-01-27T20:42:52,W007,P00196,TRANSFER_IN,14,e0778c0e-8b7e-4217-9d3e-e48db0d1beb0
IM00003793,2025-07-11T12:37:01,W002,P00358,RECEIPT,1,35d90acd-efd0-4ca4-9798-77084b8fefff
IM00003794,2025-05-22T12:31:18,W003,P00238,ADJUSTMENT,12,7f8532f5-2b7d-45e8-a600-65dd8185fce0
IM00003795,2025-02-17T08:46:36,W005,P00112,SHIP,-28,4da923f5-0638-49a0-82bf-edfc26d4bd13
IM00003796,2024-02-05T19:20:59,W012,P00234,TRANSFER_OUT,-35,03811424-938c-48f4-bebc-e883cee18c18
IM00003797,2025-03-01T19:42:20,W017,P00503,RECEIPT,27,1fa3401c-2fa1-4eb9-add2-c18981ae3c30
IM00003798,2025-05-17T15:22:44,W002,P00352,TRANSFER_IN,3,d24a5a8f-2335-4ef7-9749-ff5e07344a8d
IM00003799,2025-11-09T21:08:03,W012,P00075,RECEIPT,25,5a80bfd1-483b-4941-a4e4-4381f02da01b
IM00003800,2024-08-05T19:25:26,W008,P00190,ADJUSTMENT,13,371257a8-712a-4ba9-a407-259365b8944e
IM00003801,2025-06-20T11:37:29,W007,P00443,TRANSFER_IN,24,7d32a460-8963-43e9-8d71-85c2f004cbd8
IM00003802,2025-10-23T19:49:42,W008,P00469,RECEIPT,33,161fb666-4a14-4487-a2dc-3f72cb6ec7c2
IM00003803,2025-01-04T09:17:08,W010,P00227,RECEIPT,20,2f6dc24d-a4a7-4d89-9284-721de8375d45
IM00003804,2024-05-02T18:18:16,W006,P00283,TRANSFER_IN,25,9a2e2cd3-5f31-472b-a649-ebd7957edc0e
IM00003805,2025-06-30T12:45:45,W017,P00248,RECEIPT,21,3d8c24d0-bfdb-43e9-868e-8dd61f132309
IM00003806,2024-10-11T10:56:50,W001,P00283,ADJUSTMENT,16,175024c0-358c-4d08-8948-3c0600fb246b
IM00003807,2025-09-07T01:35:04,W002,P00387,RECEIPT,43,3c1a76fd-a3e0-41af-a3a9-d620c49a8264
IM00003808,2025-03-11T13:21:35,W010,P00181,RECEIPT,38,f8b8c08f-859b-40dd-bb89-6c594173aaab
IM00003809,2024-05-06T23:47:46,W011,P00294,SHIP,-2,0990d3d7-a68a-403b-8f14-93fbb87ba869
IM00003810,2025-07-03T18:57:38,W001,P00147,SHIP,-27,6416f85d-2c4f-4481-9e6d-447030fa2bdc
IM00003811,2025-05-02T03:15:20,W008,P00230,TRANSFER_OUT,-43,9ddfda34-911f-4709-8f6b-4c754754c731
IM00003812,2025-03-01T17:25:40,W005,P00550,RECEIPT,7,679aee2f-71b5-4ed2-88e6-1bf41c25f8b4
IM00003813,2025-08-21T09:12:48,W002,P00299,TRANSFER_OUT,-23,6543f71a-d0e5-4856-8bc8-ff6ee75b3595
IM00003814,2025-06-07T13:21:16,W005,P00302,RECEIPT,14,029b852a-57ba-45ee-b8c8-6feb6bae5828
IM00003815,2026-01-29T04:43:52,W004,P00535,TRANSFER_IN,38,6ef7e84e-dfe9-4fe0-9481-9f159aea2a4b
IM00003816,2026-01-12T02:11:59,W010,P00548,SHIP,-29,8d440361-5fbe-4f75-b215-6fe4379eb923
IM00003817,2024-04-11T11:45:00,W017,P00519,TRANSFER_OUT,-25,9f704631-25e0-467a-ba9c-69658ed88e89
IM00003818,2025-09-25T06:17:52,W003,P00092,SHIP,-43,fce9e068-dad9-435f-bd13-dd7bb3c2e12b
IM00003819,2024-10-08T13:31:09,W014,P00077,TRANSFER_IN,31,fafeb084-e7f4-469a-beda-2ea0de36e561
IM00003820,2024-12-15T01:09:33,W012,P00431,TRANSFER_OUT,-20,20ced559-e0c8-4421-ba84-d23e7a159178
IM00003821,2024-10-29T00:53:15,W011,P00595,SHIP,-43,9279a229-1547-46dd-b4df-686f9a762c49
IM00003822,2025-08-13T03:01:15,W002,P00203,TRANSFER_OUT,-47,832d48e3-122b-482f-94a8-deec20e4e93c
IM00003823,2026-01-22T20:09:09,W009,P00461,SHIP,-41,c17c3132-56d3-4693-a173-d5b32160b345
IM00003824,2025-03-08T21:44:50,W003,P00516,SHIP,-45,4c9a677d-3ea4-40c9-b5c7-513713020ef8
IM00003825,2024-04-30T02:00:20,W001,P00033,TRANSFER_IN,11,74691dd3-7c69-4770-b5ce-cde84fdc3774
IM00003826,2025-04-05T07:26:23,W017,P00156,TRANSFER_IN,12,1b2f383d-79ab-4116-8c59-2fb78338c6aa
IM00003827,2025-07-16T18:34:03,W007,P00549,TRANSFER_OUT,-44,9786566e-5918-459f-8bfe-b1c376d38dc6
IM00003828,2025-07-21T06:14:30,W009,P00102,SHIP,-28,7efa5431-6ce3-4d50-936c-9d00f3dc6059
IM00003829,2025-09-27T18:45:46,W006,P00150,RECEIPT,4,f146117c-c8f8-4ec0-9048-9acbb5543c3e
IM00003830,2025-06-27T02:16:09,W009,P00385,ADJUSTMENT,11,af8b4d4d-5391-405f-b0ef-bbf372c94db2
IM00003831,2024-01-15T18:59:49,W007,P00141,SHIP,-39,30abb248-6400-496f-b984-c355162b38be
IM00003832,2024-05-07T10:03:00,W014,P00256,SHIP,-25,8cfac9e7-9f3f-413d-869d-9a76ea9bd332
IM00003833,2025-04-13T12:22:54,W017,P00449,SHIP,-29,8dd1eb10-d21c-4191-bb20-8bfb380de62a
IM00003834,2026-02-25T09:22:28,W012,P00481,RECEIPT,44,d7a073d5-f2b9-42a1-b941-f4b9c6914149
IM00003835,2025-02-13T05:34:09,W014,P00529,RECEIPT,18,dd67fd17-8fff-4f1f-9705-85b8c3129e0b
IM00003836,2025-10-10T19:21:37,W014,P00404,SHIP,-31,143de6b8-0de0-4cb6-9280-d5381a5d156d
IM00003837,2025-10-20T23:32:14,W006,P00353,TRANSFER_OUT,-31,37f49fd9-a319-4940-825f-bdb21a18c145
IM00003838,2026-01-12T22:38:51,W011,P00188,TRANSFER_IN,24,178f5ff2-d95f-438b-b0cc-a63c1e454c2a
IM00003839,2024-08-29T09:43:18,W017,P00338,SHIP,-15,1a99e415-17ef-4652-a8c0-b4119d1322b2
IM00003840,2024-09-19T03:14:11,W003,P00483,SHIP,-30,328b6000-0f85-4f4a-9f45-d66c855b4022
IM00003841,2024-05-11T05:02:13,W006,P00408,RECEIPT,47,55acfb28-1e18-42e6-9545-a7b0881ea192
IM00003842,2025-08-09T20:47:18,W016,P00398,TRANSFER_IN,36,ee75758d-2151-4508-a662-852a7235e699
IM00003843,2025-04-18T12:04:59,W015,P00575,TRANSFER_OUT,-2,01fa1633-f147-498f-9e69-0e5e28663fb4
IM00003844,2025-01-02T08:18:49,W003,P00566,TRANSFER_IN,28,45f2f483-ba21-4bc4-a48e-7b8eac276124
IM00003845,2025-05-06T20:31:50,W017,P00480,TRANSFER_IN,6,ca092265-6cf9-4f0c-80ae-79c839cf1b80
IM00003846,2025-07-16T19:25:12,W011,P00247,TRANSFER_OUT,-29,95db41d0-523b-4992-9644-3f23e56763d6
IM00003847,2025-07-20T23:45:21,W008,P00458,SHIP,-30,aa591551-104b-4b8f-a8a8-fcabf30369c0
IM00003848,2024-05-03T11:31:16,W003,P00144,RECEIPT,1,f66d28e3-b103-4a3f-86da-23a3b6ec6488
IM00003849,2025-04-25T01:52:13,W014,P00179,ADJUSTMENT,17,1d2d3f6c-4953-4656-b27c-f027220e2dc0
IM00003850,2024-05-30T12:49:57,W011,P00336,TRANSFER_IN,28,b6b1502f-711e-4eab-b7f5-449155e4de06
IM00003851,2024-02-02T19:12:34,W001,P00414,TRANSFER_IN,40,4f48cfc6-e431-443f-b51e-9ae668566c2d
IM00003852,2024-09-07T15:32:08,W014,P00043,RECEIPT,9,386e52c2-9a75-4577-8756-04a0ada95a7e
IM00003853,2025-04-04T10:25:11,W002,P00178,ADJUSTMENT,47,d7aa6306-c270-4548-9f8c-10a3d383b3d8
IM00003854,2026-01-15T03:04:41,W004,P00057,ADJUSTMENT,7,00b72d19-b496-46fd-8b00-f7f9abf259ce
IM00003855,2026-02-06T11:31:51,W004,P00106,ADJUSTMENT,45,8a6f948c-4eb5-4ba9-bbce-6700875bf966
IM00003856,2025-05-11T01:29:49,W003,P00106,TRANSFER_OUT,-45,5b177a92-8ad9-46a0-a72c-45575d35df38
IM00003857,2024-06-02T03:16:48,W015,P00352,SHIP,-29,367da5ef-5400-4a4e-8d7c-0f8e983bac43
IM00003858,2025-03-19T17:19:21,W013,P00071,TRANSFER_IN,37,0702d1bd-ff4b-48b5-bf92-94901f8bcc9e
IM00003859,2024-09-27T03:51:42,W015,P00398,SHIP,-32,423b3803-3fb6-4a6a-a60e-0391298a7d27
IM00003860,2025-11-24T23:43:32,W012,P00082,RECEIPT,41,a1176bc4-4ab2-4b6b-adc7-aa57622de544
IM00003861,2025-05-01T03:00:42,W011,P00285,ADJUSTMENT,43,95c48c2d-21b1-428f-b3cb-16af259bb887
IM00003862,2025-05-15T11:19:36,W012,P00354,SHIP,-1,785d159c-1b44-46b4-b98c-717260eb070e
IM00003863,2024-10-30T06:47:59,W010,P00377,TRANSFER_OUT,-36,36357fc2-0921-4155-b100-c3c9c386b6f8
IM00003864,2025-01-19T22:27:39,W014,P00097,TRANSFER_OUT,-35,9f0b75cf-f97c-4062-8d7a-9ffb013c3636
IM00003865,2025-08-09T11:07:39,W015,P00454,SHIP,-39,766ccbce-40d5-4f03-83c5-289117f3dec3
IM00003866,2025-11-27T01:01:48,W009,P00286,TRANSFER_OUT,-2,1c54617e-d0f2-464b-a9eb-9885c2430446
IM00003867,2025-08-29T15:18:34,W001,P00512,SHIP,-20,dae02ac4-ae67-47de-b9e4-38e9837a3a9d
IM00003868,2025-09-26T01:20:04,W008,P00375,TRANSFER_OUT,-44,1241657e-7d9f-4f67-a521-0b5e7e96681a
IM00003869,2024-09-26T11:53:27,W004,P00339,ADJUSTMENT,3,1a37cbff-c64c-4774-9270-f0d9d85a4540
IM00003870,2024-12-18T20:53:01,W016,P00087,ADJUSTMENT,30,6dd73b59-e68c-4251-99fc-77b285132612
IM00003871,2024-03-09T17:17:47,W004,P00236,TRANSFER_OUT,-2,24d8be00-ba3b-42d5-b686-601078e294b1
IM00003872,2024-12-13T06:23:30,W002,P00367,ADJUSTMENT,18,f4352a9f-d826-4ef5-8223-674bdfbd8c12
IM00003873,2024-09-28T10:15:01,W001,P00172,ADJUSTMENT,2,04b47433-4f38-416c-b264-879184bbaedc
IM00003874,2024-11-11T10:55:17,W010,P00051,TRANSFER_IN,43,e296b28e-407f-4124-8e84-98da585c4c7b
IM00003875,2024-12-11T20:46:51,W015,P00339,SHIP,-2,979c40b3-15ad-48fe-96a1-577143557a86
IM00003876,2025-01-08T13:21:35,W007,P00341,SHIP,-48,6efbc92f-706d-4030-907f-112ec18f5028
IM00003877,2024-01-26T12:09:13,W009,P00402,TRANSFER_OUT,-39,f8ecbc71-2410-43f4-9709-3f2c2da4f0a0
IM00003878,2024-04-17T21:36:07,W010,P00365,SHIP,-6,0db4acfb-0ebc-40b2-bbd9-77a60f56fbce
IM00003879,2024-11-30T14:30:06,W012,P00252,TRANSFER_OUT,-6,a0a58041-9a52-4e13-a269-76f16732c1b6
IM00003880,2024-09-30T02:58:54,W001,P00123,TRANSFER_OUT,-30,99a8a030-d1d6-4d57-8319-077842cd587f
IM00003881,2025-08-15T17:42:16,W010,P00591,SHIP,-47,c120db93-de8a-4bc0-8c4a-4e843af969e8
IM00003882,2024-02-10T14:05:31,W001,P00365,RECEIPT,23,971381e2-b875-4eae-b4e5-3bb57a25fac1
IM00003883,2024-03-30T02:59:02,W007,P00139,SHIP,-6,669df185-1305-4a58-8248-796e60de7102
IM00003884,2024-05-20T13:20:24,W002,P00289,TRANSFER_OUT,-31,8f0a3678-06de-44a3-ab3a-ab049cc75702
IM00003885,2025-01-22T23:55:29,W004,P00514,SHIP,-42,5d47612d-632c-4ac4-9613-83eb7bf43492
IM00003886,2024-06-11T21:49:24,W004,P00250,ADJUSTMENT,46,2f90e0a3-206f-44a1-b1b1-6b667bf92fcc
IM00003887,2026-02-26T06:22:30,W010,P00068,SHIP,-2,587d5eb0-4017-4c63-9e90-de4be857d27b
IM00003888,2024-04-15T08:17:11,W007,P00339,SHIP,-44,f85f687d-64c1-458b-93d9-46ecbcf7fc3f
IM00003889,2025-11-21T14:28:32,W007,P00585,TRANSFER_OUT,-41,7bd8b6ad-a558-411b-855f-e045740398c9
IM00003890,2024-12-13T08:22:29,W011,P00379,TRANSFER_IN,47,95adae39-96d9-47b3-8c5f-6d2c24518eb5
IM00003891,2025-06-10T19:41:23,W010,P00534,RECEIPT,9,6670d02b-635b-4965-be89-ec77e24508ed
IM00003892,2025-03-03T22:48:03,W005,P00133,SHIP,-42,1f13e521-dccf-4257-9bce-1baa5fb9474e
IM00003893,2025-10-28T12:17:41,W002,P00030,TRANSFER_IN,38,2c7984b2-7862-415e-87bd-661a6f21d533
IM00003894,2025-01-28T05:21:09,W003,P00348,ADJUSTMENT,26,d8977cc5-3dfb-4513-9295-8701ddf11922
IM00003895,2025-01-04T17:51:15,W001,P00326,RECEIPT,15,fe004cd5-5183-43c7-8b52-942acde233c1
IM00003896,2024-11-19T06:01:36,W008,P00182,SHIP,-23,d7676af8-197d-4692-aff5-766eb40b0978
IM00003897,2025-04-14T20:51:38,W011,P00087,TRANSFER_IN,43,4b6439f9-d9ef-4472-b1ae-9f0bda835140
IM00003898,2025-04-27T21:17:31,W003,P00085,TRANSFER_IN,1,cf69edc9-a630-4f82-97dc-e3e62671dbcc
IM00003899,2024-09-15T20:31:24,W003,P00162,RECEIPT,18,286f0f4b-2d43-4cf8-bdae-d52c8d41f177
IM00003900,2025-04-11T09:24:03,W014,P00002,TRANSFER_OUT,-34,a1107aec-7cba-4230-9fc4-93ed1e5dcc95
IM00003901,2025-03-28T03:03:20,W001,P00577,TRANSFER_IN,3,8ac58ef4-1f59-49e5-bdcf-a952d35a1423
IM00003902,2025-06-09T02:14:01,W015,P00019,TRANSFER_OUT,-8,ffb4be8e-8cfb-47e4-a106-991fa5ff22cf
IM00003903,2024-08-24T11:02:15,W007,P00490,ADJUSTMENT,5,b6bfe7b6-fb61-4e89-b9e2-0379d8aaea9b
IM00003904,2024-06-27T08:55:59,W001,P00107,ADJUSTMENT,17,f591e614-7f59-493b-8196-400cf1b7a50a
IM00003905,2025-02-08T22:46:34,W001,P00600,TRANSFER_OUT,-9,d626aee0-e747-4182-8928-f5d5e5e9d727
IM00003906,2024-02-12T13:36:45,W007,P00444,TRANSFER_IN,36,def5e7e3-7fe6-47dc-92e0-edd6fef9350a
IM00003907,2024-11-14T16:01:12,W009,P00563,ADJUSTMENT,11,bfbd329e-6ff4-44ff-a90e-f8e99eb6c3dc
IM00003908,2025-09-17T19:47:19,W001,P00207,ADJUSTMENT,10,2d99c789-893e-46d3-a57f-49f98e1a3b2b
IM00003909,2025-03-28T05:58:05,W007,P00105,SHIP,-32,56092a11-08e4-439f-a7b1-5174b412f1b3
IM00003910,2025-12-11T12:19:37,W011,P00336,ADJUSTMENT,22,1ce1f9ef-7d99-4c8a-a17a-d7d97c6b73aa
IM00003911,2025-12-28T06:38:51,W008,P00143,TRANSFER_IN,8,00af274e-0dfb-41b9-8c98-68da4b293d88
IM00003912,2025-01-22T03:52:14,W005,P00181,SHIP,-27,308b9ceb-1d1c-4600-b72e-25a2cd8f978d
IM00003913,2025-04-13T08:39:45,W006,P00443,SHIP,-5,fd680c8c-08d1-4317-8703-10d93ce431d3
IM00003914,2026-02-04T03:14:37,W003,P00361,SHIP,-6,179f5708-273b-49c4-92c7-9b3d0c662085
IM00003915,2024-10-25T18:11:25,W012,P00129,RECEIPT,22,cabd4951-c302-49c4-8be4-13408497a049
IM00003916,2024-10-13T08:40:39,W015,P00395,SHIP,-49,403dc994-2646-4d60-a0ca-3075b1effdc5
IM00003917,2025-05-22T13:25:41,W017,P00586,ADJUSTMENT,32,028e1502-0724-46bc-9de1-e1ec3c4a83f7
IM00003918,2025-05-16T02:19:03,W001,P00574,TRANSFER_IN,2,d522863f-8086-4739-96ee-ddb10f6ac73e
IM00003919,2024-08-01T08:40:40,W011,P00489,TRANSFER_IN,27,ff0afd01-1d86-4413-a6e2-1aac87454407
IM00003920,2024-12-25T01:08:10,W003,P00553,SHIP,-20,835bd5f5-6cfa-44ba-9b59-18a3c9170977
IM00003921,2025-06-05T18:18:00,W008,P00283,TRANSFER_IN,8,c5294b58-26c3-4931-99b6-60eaa1f0e251
IM00003922,2024-07-11T12:29:28,W017,P00381,SHIP,-11,17d6d999-cf29-443f-8dc0-06aa3ad1c3a7
IM00003923,2024-08-14T04:06:31,W013,P00007,ADJUSTMENT,40,66d88be8-741b-47b9-b404-9e17a6291b8e
IM00003924,2024-11-22T08:58:54,W001,P00192,ADJUSTMENT,28,f0239994-8981-409b-9ae8-1f88c6671612
IM00003925,2025-11-05T03:16:44,W007,P00141,TRANSFER_IN,3,2d9442d5-59d2-4848-8f92-53d54f994764
IM00003926,2024-12-06T05:52:16,W014,P00535,ADJUSTMENT,3,1d899bf4-e4b7-4114-be6c-37612d79fdf5
IM00003927,2025-07-10T10:50:49,W003,P00312,SHIP,-27,e0ec6cea-57a1-4e16-86b2-9fd26e980a8d
IM00003928,2024-03-18T19:32:38,W007,P00265,TRANSFER_OUT,-44,d5de9c71-0ab7-4bc6-8b0d-d4e16acd34f7
IM00003929,2025-12-29T14:45:27,W017,P00087,RECEIPT,9,30dae686-68da-4ad5-8c66-1596fa933d4b
IM00003930,2024-01-23T23:38:47,W003,P00538,SHIP,-18,7a9834e8-1e2b-459a-b393-02a5b56b478e
IM00003931,2025-07-10T01:42:38,W011,P00064,ADJUSTMENT,14,5841c8cb-bdfd-4e66-8ab3-dfe54d1df97a
IM00003932,2025-08-21T05:14:46,W005,P00409,ADJUSTMENT,28,4e62c374-9f66-4f1a-bceb-7948984da806
IM00003933,2024-04-18T13:03:02,W016,P00453,RECEIPT,18,71465eb7-1f14-44a2-86ad-8913464a6c6b
IM00003934,2025-06-13T05:42:57,W014,P00561,TRANSFER_OUT,-46,fb99f77a-04b1-49ca-b158-c3491d3f0c43
IM00003935,2025-07-04T13:49:11,W005,P00477,TRANSFER_OUT,-44,4e37100a-52f0-4538-a49e-b40a6172dcbf
IM00003936,2024-07-19T14:56:31,W013,P00511,TRANSFER_IN,7,2cff13a5-b6b5-436f-a45c-5f10f896243f
IM00003937,2024-04-29T09:01:11,W007,P00003,TRANSFER_OUT,-18,165bbdf8-31f6-4d82-9830-209bcfbbd2cd
IM00003938,2024-08-13T11:09:17,W003,P00009,SHIP,-33,2a1b10c5-8417-4324-91f9-e03a7f1a963f
IM00003939,2025-10-03T06:19:51,W001,P00247,RECEIPT,24,bc96fccc-3318-4f0d-840e-65b679b4e299
IM00003940,2024-04-25T01:47:27,W013,P00508,TRANSFER_IN,16,81306aa9-528d-4a7c-9703-8f5d9eb9bd40
IM00003941,2026-01-17T22:16:40,W006,P00147,TRANSFER_IN,20,39b99e1e-bc84-46a5-9b73-825968a044f0
IM00003942,2026-02-01T04:31:16,W009,P00208,ADJUSTMENT,13,8705a254-4ca0-4d91-a93e-b660be79de79
IM00003943,2024-04-27T07:16:42,W005,P00258,TRANSFER_IN,19,e9307e04-f95d-44df-9fe0-a85c5a638cce
IM00003944,2025-03-19T13:30:26,W012,P00344,ADJUSTMENT,18,ac8fcb95-26b5-4075-a442-1ca39e3200c7
IM00003945,2024-04-16T12:30:48,W014,P00419,TRANSFER_IN,24,3ac3ffc4-48ba-4f4d-8ac8-a456a17fefe4
IM00003946,2025-05-01T03:43:12,W001,P00067,TRANSFER_IN,16,694520b6-815e-44c8-9ef4-a336c67097f7
IM00003947,2024-12-18T04:19:22,W009,P00497,SHIP,-39,383cd631-f4b4-4400-ba75-5055d1d7127d
IM00003948,2025-06-04T19:15:26,W015,P00207,RECEIPT,47,bb5e10b0-4fb7-4493-ac54-5ac2a9412dad
IM00003949,2024-11-20T05:28:16,W001,P00582,RECEIPT,10,1366f16b-5c0c-4fb2-a9bc-55eae1f4e09a
IM00003950,2024-04-27T11:45:48,W007,P00253,TRANSFER_IN,47,03c25d7d-032b-49a5-bd04-3f15a8b246b7
IM00003951,2024-09-29T11:44:28,W015,P00029,TRANSFER_OUT,-8,391f6c67-652e-4e24-9a03-6c33672c2806
IM00003952,2025-05-03T13:22:59,W009,P00273,SHIP,-10,ff0a2155-9b66-4ba7-923a-58e2c23d84e7
IM00003953,2024-05-05T23:06:19,W003,P00010,SHIP,-38,db94f1ec-4e8c-4731-861e-e2ebed830ecd
IM00003954,2024-05-11T12:37:55,W016,P00291,TRANSFER_OUT,-16,22d6c5a4-d051-4833-8a19-e712dc96bd4a
IM00003955,2025-05-02T13:45:21,W013,P00062,SHIP,-1,e02031f6-4717-472e-b6ce-17da2a170081
IM00003956,2025-12-22T11:35:47,W013,P00536,TRANSFER_IN,17,8643c53e-15ea-4155-bd2e-33d2f15b64d8
IM00003957,2025-01-06T11:02:52,W008,P00443,TRANSFER_OUT,-20,5849282b-4db5-401a-ae18-df49d6297759
IM00003958,2024-12-04T17:05:35,W014,P00457,TRANSFER_IN,46,a574c149-b642-4065-a903-5ff25917278f
IM00003959,2025-11-27T04:27:52,W017,P00409,ADJUSTMENT,4,ce2c329b-26d2-4cd5-b187-6fa2fafe44f6
IM00003960,2025-07-08T15:18:14,W015,P00121,ADJUSTMENT,48,eb9f20a6-0cb9-4d52-9aa8-7f48e8efc758
IM00003961,2025-06-26T12:52:13,W014,P00219,RECEIPT,37,31014577-6fa6-4cc9-90e4-7c528c66380a
IM00003962,2024-08-07T10:29:19,W008,P00409,ADJUSTMENT,17,78541d80-5d1c-4ced-8f46-263ede83ea15
IM00003963,2025-11-20T13:54:18,W004,P00490,TRANSFER_IN,17,b9c00aba-da91-438e-b3ce-70f40b763456
IM00003964,2024-06-23T20:00:52,W006,P00368,TRANSFER_OUT,-14,48daf460-f26c-43b3-94fd-ae20fbb661da
IM00003965,2025-01-28T08:32:23,W016,P00251,TRANSFER_OUT,-30,cc9f84e1-0b0d-4a35-8c72-424582981d9f
IM00003966,2024-01-13T05:11:53,W005,P00160,ADJUSTMENT,38,82c01e72-96be-4e90-9e92-4802c8607efc
IM00003967,2024-05-26T09:23:17,W010,P00526,SHIP,-23,d0bb7cbb-8c73-46e3-89cf-69b8123c351f
IM00003968,2025-09-24T12:53:38,W011,P00523,TRANSFER_IN,43,9f6fe09d-96f2-497d-bf74-898549403c0a
IM00003969,2024-03-18T11:15:25,W008,P00141,TRANSFER_OUT,-12,06cb0ef9-06d8-46da-889a-c9df1452fbfa
IM00003970,2026-01-02T14:04:39,W010,P00365,RECEIPT,41,cabd0b0b-752b-4813-ab84-a3c2f2c4844d
IM00003971,2025-12-16T02:44:36,W016,P00224,TRANSFER_OUT,-33,30563352-e9af-48f4-9c81-87a717b85a38
IM00003972,2024-04-29T03:11:01,W002,P00212,TRANSFER_OUT,-37,f66b0232-2f84-494e-a533-90857d791a5e
IM00003973,2025-03-10T06:28:48,W010,P00501,RECEIPT,46,df7d8917-8223-45ec-83fc-2b0f067397f3
IM00003974,2024-06-30T19:07:36,W011,P00135,SHIP,-31,166f4440-d384-4a69-b3d7-ac7da61ade84
IM00003975,2025-11-18T12:32:43,W011,P00505,RECEIPT,27,f9df1456-8534-4cae-a9a0-de4a2dd94b3e
IM00003976,2025-11-15T15:42:46,W011,P00278,SHIP,-34,f404e310-809f-44d1-9c13-abf6aa60bf4a
IM00003977,2024-10-03T22:16:02,W002,P00084,TRANSFER_OUT,-16,1ca3dcc7-f6bd-435e-82c0-bff2df3d0a5f
IM00003978,2025-07-24T06:23:07,W014,P00164,ADJUSTMENT,35,2cc92ba6-a732-4a83-96f2-876672a9564e
IM00003979,2025-02-18T18:36:06,W013,P00160,SHIP,-45,15b9eb3f-8f71-4646-8c81-d4864ba28805
IM00003980,2024-08-12T18:26:54,W006,P00249,SHIP,-32,5476f55e-edce-4289-b7fc-fdb9023c043a
IM00003981,2024-06-30T19:58:49,W002,P00530,ADJUSTMENT,28,9e34193d-3fa0-4f19-b5e7-fb372a44a267
IM00003982,2025-07-24T12:12:44,W016,P00560,TRANSFER_OUT,-22,f26bcbc1-34fc-4674-bd3f-0e84c09cfe06
IM00003983,2025-01-17T10:55:54,W012,P00576,SHIP,-17,7e82dc15-b8bb-4abf-ab27-9f5cdba9e7c7
IM00003984,2024-05-03T04:06:24,W013,P00059,SHIP,-35,083f5c3e-2d62-4b8e-9aff-5b3cc642bfc3
IM00003985,2026-02-02T04:27:17,W014,P00598,SHIP,-13,d9780878-ac71-4885-8a33-d551af27aec7
IM00003986,2026-02-07T05:58:01,W011,P00435,TRANSFER_OUT,-10,296e665c-6ae6-4a9e-9656-b3eb5a89a3c9
IM00003987,2025-04-17T06:19:24,W011,P00599,ADJUSTMENT,35,d5d74e82-9bb0-4e5a-85f5-5fd3adf9cbec
IM00003988,2025-03-11T17:40:42,W008,P00114,RECEIPT,11,99617419-8ea2-4c5f-9b09-1d6b416c81f3
IM00003989,2025-05-05T08:59:21,W006,P00313,SHIP,-3,2433d5c3-87b9-4c30-970d-fa0b1598b004
IM00003990,2026-02-02T03:32:29,W004,P00278,ADJUSTMENT,41,d6e2ad5a-3104-45b0-be23-922820177d89
IM00003991,2025-08-26T17:46:09,W003,P00008,TRANSFER_IN,21,80281194-9cd9-4a0d-b36b-e7052e71f5b6
IM00003992,2025-04-18T00:20:58,W006,P00457,ADJUSTMENT,23,9fca0ec9-eb74-4541-9cf4-ed97324d783b
IM00003993,2025-12-09T09:45:41,W008,P00410,TRANSFER_IN,34,71e71447-d8bb-4bef-b9cf-2cbbe95f1ecb
IM00003994,2025-01-04T14:44:01,W002,P00353,TRANSFER_IN,12,77f9be35-0b12-43e2-a1d4-7e64e5ba9e77
IM00003995,2025-03-19T21:18:56,W008,P00498,ADJUSTMENT,6,e71bfdc1-e90b-4d98-83ef-8607e6344fd0
IM00003996,2024-10-08T18:43:26,W010,P00439,TRANSFER_IN,14,ab33b4a8-6839-4736-9507-0d562d2e3729
IM00003997,2024-05-30T19:45:46,W009,P00080,RECEIPT,2,f31a4f5d-398c-4367-a999-8e096c36ade9
IM00003998,2024-07-05T00:30:47,W014,P00467,TRANSFER_IN,37,bc7c5827-0c95-405d-962b-8fa0b30337d5
IM00003999,2026-01-27T02:51:59,W001,P00267,TRANSFER_IN,41,1ffb11fe-5a61-4f6b-80c6-41e773aeb06f
IM00004000,2024-04-16T09:07:36,W014,P00179,RECEIPT,16,51a63052-c083-4e1e-9b54-97fb8f1e9c75
IM00004001,2025-10-08T14:59:19,W011,P00500,TRANSFER_IN,6,84374a31-97ea-44ff-ba3a-84865e78ab55
IM00004002,2025-02-05T17:10:50,W013,P00098,SHIP,-27,49695eb1-acc7-4196-b1b7-dfc9390b4c36
IM00004003,2024-11-27T10:19:35,W012,P00482,SHIP,-6,96789e86-9d02-4384-b9ec-486a4ab0ed27
IM00004004,2025-01-08T17:59:37,W006,P00022,TRANSFER_OUT,-6,e1018895-8199-4bad-9f77-a546ed8541e3
IM00004005,2025-11-01T09:08:48,W014,P00226,SHIP,-45,d8f623ec-3b93-4550-9979-26e892fbf27c
IM00004006,2024-02-01T03:42:59,W011,P00532,ADJUSTMENT,41,6c9295ea-9dd3-498e-9c9d-4aa93355b6e6
IM00004007,2024-12-26T08:42:41,W006,P00553,RECEIPT,31,8be5eebe-a751-4f53-9665-5eaf7a032544
IM00004008,2024-11-21T07:55:39,W012,P00062,TRANSFER_OUT,-49,4e582862-7e9e-47ab-927c-2a85ec350e44
IM00004009,2024-06-01T12:32:31,W005,P00595,SHIP,-41,6c398ef3-21e1-41d0-9843-3c84f0f41bf1
IM00004010,2024-02-06T05:32:01,W016,P00499,TRANSFER_OUT,-47,30229376-89d7-4baf-ad71-0622242d11f2
IM00004011,2025-01-10T01:28:47,W005,P00381,RECEIPT,41,98aaf554-7814-4ddf-93a7-d0858300856d
IM00004012,2025-01-04T06:28:20,W008,P00583,TRANSFER_IN,38,b3fd8017-db6c-4cce-beb9-83874e7732ba
IM00004013,2024-09-30T20:46:03,W008,P00394,RECEIPT,1,99cc0957-4f5b-4f40-b306-2380ffb6015c
IM00004014,2024-01-07T13:30:38,W012,P00193,TRANSFER_IN,21,47c4bf90-3ef2-41b2-96f9-1cba06e91886
IM00004015,2024-08-04T14:35:00,W013,P00313,RECEIPT,30,902c242c-e055-404e-8a48-3464aa55a3e7
IM00004016,2025-03-19T22:25:48,W009,P00367,TRANSFER_IN,36,4caa6ef9-3b1f-4e57-92e7-79b2881a159f
IM00004017,2024-04-10T01:56:11,W016,P00004,RECEIPT,28,0d9cdaee-1252-4f7b-bb9c-6063ab4d1e16
IM00004018,2024-07-19T06:37:35,W004,P00188,TRANSFER_OUT,-39,83634f68-6e4d-47a1-bb1d-6895582c1da8
IM00004019,2025-06-20T13:00:49,W014,P00395,ADJUSTMENT,21,356bc9e4-cb98-4cdd-862e-73a62b43c5f2
IM00004020,2024-06-09T15:01:30,W003,P00329,TRANSFER_IN,32,ec37312c-9953-4f91-8787-cbdc58f8052b
IM00004021,2025-06-16T12:50:41,W010,P00168,SHIP,-40,e344aa03-bcc1-470c-b059-7125471d06e8
IM00004022,2024-10-26T05:26:57,W008,P00209,SHIP,-3,6a90bee8-40f5-4c0e-b181-906dcddd6bd8
IM00004023,2025-11-18T00:40:47,W001,P00338,ADJUSTMENT,28,0782466f-31b7-4191-b9d9-5fe3075c4139
IM00004024,2025-11-25T00:57:19,W008,P00184,SHIP,-27,b927b971-eafa-4b5c-b934-3bb2f312db84
IM00004025,2025-05-17T16:20:03,W008,P00420,SHIP,-45,fc1e17c2-d41d-4d31-8c2a-f831306de121
IM00004026,2025-12-24T18:55:57,W016,P00510,RECEIPT,15,4e37ee75-903e-471b-8fe0-3dede4ca7624
IM00004027,2024-05-08T23:53:19,W011,P00243,RECEIPT,30,b7f627dc-5e23-4d7e-bed0-a00048e60ccb
IM00004028,2025-12-05T00:28:06,W014,P00517,RECEIPT,43,44faaf47-45af-442c-940b-3ee353685f7c
IM00004029,2025-08-04T12:35:11,W002,P00317,TRANSFER_OUT,-27,e1469a08-c864-42be-b0cf-3a04672bad87
IM00004030,2024-09-06T04:07:43,W015,P00453,TRANSFER_OUT,-11,fb699d78-edcc-486e-8ad8-b38f6fc0317d
IM00004031,2025-12-25T11:23:15,W009,P00341,TRANSFER_OUT,-6,65490cb6-ecbc-4d5e-95e2-b53339bb23ca
IM00004032,2025-12-18T15:22:16,W008,P00432,SHIP,-27,25376472-22a1-4ac8-9eef-11c4980b34f8
IM00004033,2025-09-24T23:14:34,W007,P00249,SHIP,-45,2fefbbef-688d-40de-89a9-e7e423ec18fe
IM00004034,2025-03-28T09:12:38,W016,P00284,TRANSFER_IN,11,e559d646-242e-40af-a949-0d24f0327be6
IM00004035,2025-09-14T06:07:06,W004,P00402,RECEIPT,10,cf70e91e-c12e-49a2-a1d0-56b8731beca0
IM00004036,2025-01-07T13:14:14,W017,P00429,TRANSFER_OUT,-5,418a27b5-d009-4dfe-8348-d15948effe8b
IM00004037,2024-01-02T21:51:49,W004,P00309,TRANSFER_OUT,-24,076e4b09-ac27-4f2e-bbf6-f4ff98a1686c
IM00004038,2025-11-30T05:09:45,W001,P00507,ADJUSTMENT,12,64e35b8a-df5c-42f4-9449-dc33c7ac45e3
IM00004039,2025-08-29T17:53:35,W009,P00001,SHIP,-12,5a065375-a3c8-4671-94c7-983fdcabba56
IM00004040,2024-05-06T17:37:48,W003,P00433,ADJUSTMENT,47,52746370-366c-4d3a-acde-5d6577fd4d46
IM00004041,2026-02-10T19:27:48,W008,P00543,RECEIPT,1,d408b15c-5e96-4ae3-a81a-bf5e6898581b
IM00004042,2026-02-24T19:02:50,W002,P00013,RECEIPT,4,6d514388-fbd3-44b1-8707-35cc41bb0cb6
IM00004043,2024-04-18T03:50:42,W001,P00459,TRANSFER_OUT,-6,aee5b763-942b-449a-b8b9-1cf3edd26574
IM00004044,2025-01-22T09:22:29,W016,P00386,TRANSFER_IN,1,02ed03b7-1db7-4a66-a396-f2ce3bd2309e
IM00004045,2024-06-14T15:22:55,W001,P00453,SHIP,-2,5b2ffd70-8a64-457c-a0b2-07f4cac57858
IM00004046,2024-08-23T10:05:51,W009,P00097,TRANSFER_OUT,-6,bda70a92-b814-46aa-94cc-a0afa8738b40
IM00004047,2024-01-24T00:41:32,W007,P00457,TRANSFER_OUT,-24,7d12b477-908d-45da-84ca-9193ef7a2ad4
IM00004048,2024-04-25T01:32:14,W008,P00067,ADJUSTMENT,32,f71c679b-4d30-4ae0-a398-73267b8d5a99
IM00004049,2025-06-04T05:31:46,W014,P00265,ADJUSTMENT,38,d5e89349-5372-4678-a286-e11e1e1f2b97
IM00004050,2025-02-22T16:33:32,W017,P00077,TRANSFER_OUT,-10,bc705150-d706-408f-ba72-8262d7037293
IM00004051,2025-10-07T10:40:42,W001,P00076,TRANSFER_IN,26,fbfdc61f-c663-4bf0-913a-cf7bafa01b06
IM00004052,2024-03-04T02:51:09,W017,P00421,TRANSFER_IN,21,5c5835cd-96bd-4331-9123-c7fd646365ed
IM00004053,2024-03-02T04:02:09,W009,P00458,TRANSFER_IN,22,49ad8cee-7483-4ed4-965e-d9eb047830b9
IM00004054,2025-08-15T20:43:46,W003,P00356,SHIP,-28,75cac6b4-2d57-464e-a1fd-6ffc455bca71
IM00004055,2025-07-23T00:56:01,W002,P00030,SHIP,-12,9ef22e39-2f58-4f0f-a99c-f2cbfa17d04c
IM00004056,2024-06-23T06:22:38,W009,P00418,ADJUSTMENT,12,9a814161-f0cc-4e2e-bc44-78a4ed96d0f4
IM00004057,2025-05-06T17:02:23,W005,P00472,RECEIPT,34,14a68573-3a68-488a-bafe-ee117a0b7cfc
IM00004058,2024-11-06T06:06:52,W011,P00283,RECEIPT,45,ee5fceb2-ae02-4d84-9e6b-f8720e5c94b0
IM00004059,2025-04-11T22:07:10,W012,P00431,SHIP,-11,1a904c5c-4798-4c41-814b-869d0c434b3d
IM00004060,2025-01-14T13:39:16,W017,P00461,ADJUSTMENT,25,65c174d5-2d11-44ad-9510-8eff51389f62
IM00004061,2025-10-25T11:43:57,W008,P00217,SHIP,-39,502fbfda-e3a8-4dcb-844b-d779bcbe93bb
IM00004062,2024-12-05T22:46:37,W011,P00456,SHIP,-47,133d25cd-016e-4d6c-be54-143af27a011f
IM00004063,2025-05-05T03:31:28,W008,P00321,TRANSFER_OUT,-41,553afed5-1b52-4ae2-9e63-ae63de4dd681
IM00004064,2024-11-10T13:51:47,W008,P00441,ADJUSTMENT,13,cf7cb044-2be5-4c40-83cc-bc73fb33c429
IM00004065,2024-02-25T08:26:43,W003,P00079,TRANSFER_IN,46,6ff87323-a4ad-4c9f-9595-043a2b8a94b4
IM00004066,2024-12-27T04:48:16,W009,P00531,TRANSFER_OUT,-49,dc643d88-371e-4291-9cab-b33db92d3adc
IM00004067,2025-09-16T01:29:43,W014,P00244,TRANSFER_IN,16,8b81b9f3-6f73-4b19-ad44-af61491a77c6
IM00004068,2024-01-18T10:52:35,W017,P00277,RECEIPT,47,2fe0d863-596f-4d01-b964-e1a92ba2eaf0
IM00004069,2026-02-11T23:24:38,W010,P00551,SHIP,-39,d7307fb3-6b3c-4a4c-a37c-029bc03b8da2
IM00004070,2025-01-23T13:20:31,W006,P00454,RECEIPT,2,2e0b8b08-1cf2-48af-950e-a1500d697f94
IM00004071,2024-06-23T23:23:36,W012,P00143,RECEIPT,29,c26f3cb6-07f5-4fe3-8e47-75544fb09b3d
IM00004072,2024-04-17T14:52:34,W006,P00146,TRANSFER_OUT,-10,5fb47f46-6df3-461f-9255-7fbf5f69f186
IM00004073,2024-10-01T08:03:53,W009,P00240,ADJUSTMENT,28,f07953a9-ba4d-41d0-bd37-3c6e641aba47
IM00004074,2024-07-18T14:24:22,W016,P00039,TRANSFER_IN,30,ecebf7f2-bf67-4762-aa8d-7ec0d3191ec7
IM00004075,2025-06-14T07:02:54,W011,P00154,RECEIPT,10,1b99cd94-f23e-429e-834a-f9d96e76f40c
IM00004076,2024-09-16T19:59:18,W017,P00297,TRANSFER_IN,49,30b48627-9e26-4166-a6c9-cc020e0a0e9c
IM00004077,2026-01-09T14:12:31,W014,P00362,SHIP,-14,c38c70cc-6b6a-4c3b-a03d-54838ea5cb17
IM00004078,2024-07-31T11:26:49,W007,P00168,ADJUSTMENT,11,d2c8f41f-a51c-4ca3-a378-765873cd2fad
IM00004079,2025-12-24T16:56:26,W013,P00383,TRANSFER_OUT,-20,32104a26-bc0e-42a9-9680-c445c6e6a1bf
IM00004080,2024-09-13T13:49:04,W013,P00065,ADJUSTMENT,29,6a29a242-3a99-4bae-b00b-9c43c1eb31f6
IM00004081,2024-12-05T23:41:55,W011,P00583,RECEIPT,45,471eda21-8fc3-4c10-8084-b3ddd6eed155
IM00004082,2025-02-02T00:34:05,W017,P00322,SHIP,-33,ce49c998-e18d-4b6d-a3f0-5896a0fd16b0
IM00004083,2024-04-03T07:47:05,W006,P00103,RECEIPT,31,ef8ba332-1fea-4163-9381-bf8b38c187d3
IM00004084,2025-08-19T18:30:07,W007,P00395,SHIP,-35,95c8b6e3-a7f2-46de-baaa-0029ac26472c
IM00004085,2024-02-22T16:29:06,W009,P00130,TRANSFER_OUT,-26,d2a6d5c7-7986-4c09-99ad-e6d4cc4eef3c
IM00004086,2025-01-16T01:22:28,W005,P00442,TRANSFER_IN,46,9661d74b-64de-4a80-83dd-a558a094b972
IM00004087,2024-07-03T10:28:33,W007,P00109,ADJUSTMENT,8,9b3d3c68-4b17-4aca-953e-3a9ed7231215
IM00004088,2024-08-17T21:45:48,W004,P00236,TRANSFER_IN,12,0b9872a0-9bf1-426e-b5dd-77a7b9d4fcce
IM00004089,2025-02-24T22:47:37,W002,P00053,RECEIPT,44,b46f2cd1-467d-4453-a6f5-aee74aafdc88
IM00004090,2024-08-10T13:05:00,W016,P00303,TRANSFER_OUT,-21,20cce021-7224-4d53-b18e-9b6d2df511f5
IM00004091,2024-04-17T13:09:57,W013,P00225,TRANSFER_IN,48,340921a0-77ab-42f9-bb7f-aeb9f6bd150f
IM00004092,2024-03-28T13:22:53,W017,P00030,SHIP,-46,ed4d9afb-a066-4f5f-8c06-b50936b749a2
IM00004093,2025-12-22T22:10:02,W005,P00063,RECEIPT,31,23358b7c-dc4c-4573-88b0-4ba6593dd14f
IM00004094,2024-09-11T01:57:24,W011,P00578,RECEIPT,23,b971192e-5fb9-40dd-8f13-3bfa25acfd02
IM00004095,2024-08-31T22:35:34,W002,P00393,RECEIPT,8,c9ac4be0-d230-478a-b1b0-a86a77f3d3c7
IM00004096,2024-01-15T17:43:22,W001,P00274,RECEIPT,25,cf837835-6f32-4743-b34e-cdb6995e961e
IM00004097,2024-10-05T00:40:39,W003,P00345,TRANSFER_OUT,-18,fb62089f-028c-4376-860d-1ce0977965c7
IM00004098,2024-12-02T00:06:59,W007,P00193,SHIP,-15,f165f82a-e48f-49f7-8e47-80825d7eedd0
IM00004099,2025-04-28T13:26:51,W002,P00078,TRANSFER_OUT,-28,b98cc64f-c0d9-4ace-a2c0-62f87373db4a
IM00004100,2024-06-28T09:51:24,W012,P00440,SHIP,-3,a7266df7-4df0-4734-bc67-7e6590ebadb7
IM00004101,2025-07-20T14:41:41,W008,P00126,TRANSFER_OUT,-13,ba8d0fbf-47a6-4216-8808-117884e3a961
IM00004102,2025-04-08T10:44:14,W010,P00234,TRANSFER_IN,28,228fefb2-abe6-45f1-aa89-67817717add1
IM00004103,2025-12-01T08:33:09,W001,P00184,TRANSFER_IN,46,286810e7-ce51-42b9-bf65-82a0284bd5a3
IM00004104,2025-02-27T19:17:12,W016,P00363,RECEIPT,11,97241400-c8f1-4ab5-919b-53a095023d83
IM00004105,2026-01-09T09:30:19,W017,P00434,TRANSFER_IN,4,fe2ff45f-4163-4c5d-95b7-499029e2ea73
IM00004106,2025-11-08T19:02:57,W002,P00495,RECEIPT,5,90b42ad8-e2b2-4119-be14-c056df09cb57
IM00004107,2024-11-12T02:52:00,W009,P00128,RECEIPT,20,c896c0ff-7d67-4805-a5e7-7b09ee12d3aa
IM00004108,2025-09-16T23:23:14,W017,P00371,TRANSFER_OUT,-6,ef0b94a1-2d00-4c62-b01f-455034230442
IM00004109,2024-12-13T12:18:56,W012,P00335,SHIP,-43,61c85522-bb2d-4a9d-8c08-1e1c4895c126
IM00004110,2024-10-05T04:56:36,W005,P00357,SHIP,-24,2a4c80ff-44f7-4839-ad57-e23bc9c88c8d
IM00004111,2024-05-16T23:17:22,W003,P00414,TRANSFER_IN,36,68c6ac76-f9ad-4cd2-8e0c-ad2d179fa259
IM00004112,2024-05-30T13:26:30,W011,P00347,ADJUSTMENT,9,0afe5c87-8612-43d6-ac4c-041d963a1267
IM00004113,2024-04-21T20:29:46,W003,P00347,TRANSFER_OUT,-19,5ee748eb-942c-44df-83fc-83d0a2193494
IM00004114,2025-08-26T17:17:33,W007,P00491,ADJUSTMENT,23,8c3e6c05-cc23-4258-84e6-4c93940ccebd
IM00004115,2026-02-22T00:44:06,W006,P00075,ADJUSTMENT,38,e0492307-284d-4bbe-95c3-91846358361f
IM00004116,2024-11-01T18:58:42,W016,P00220,ADJUSTMENT,5,594a217e-27cd-4e6b-b154-ee85c17deae1
IM00004117,2024-01-24T12:59:39,W004,P00583,ADJUSTMENT,7,4ef7d9fa-c806-46ff-af52-87ad4cb7612a
IM00004118,2025-11-19T02:04:19,W001,P00467,SHIP,-3,87b6d2a0-31b7-467f-be5c-cfe3fd9e7f72
IM00004119,2026-01-26T03:57:35,W001,P00138,ADJUSTMENT,22,d159971f-8ea5-404e-937e-d3fdbfefe6de
IM00004120,2026-01-19T17:21:23,W011,P00075,RECEIPT,29,9661ada1-0b35-4ab4-9d4e-6cf1bdf5cb80
IM00004121,2025-08-22T22:02:22,W014,P00520,RECEIPT,14,aa067eec-a67d-452e-a82c-25494c71d370
IM00004122,2025-11-22T03:00:24,W003,P00581,TRANSFER_IN,13,f5988070-9375-46a8-8a25-5762b5375241
IM00004123,2024-12-18T12:41:57,W014,P00348,TRANSFER_IN,20,fff459d0-4b19-4c14-aa7d-2fbfc9b66b5f
IM00004124,2024-12-19T07:14:17,W015,P00514,SHIP,-26,4fdf6051-1150-482d-a9a0-9c8dda4d00c6
IM00004125,2025-04-06T12:02:57,W011,P00325,TRANSFER_IN,46,44d918ad-2cc8-4a85-8785-ad4425201a4d
IM00004126,2024-12-07T21:25:26,W002,P00571,TRANSFER_OUT,-9,edd21dd1-cc55-4cb8-96ba-e6885ccc1126
IM00004127,2025-12-22T02:05:35,W017,P00219,ADJUSTMENT,4,3993917c-7e64-4439-b4c0-062ce10755d1
IM00004128,2025-06-06T18:32:12,W002,P00127,TRANSFER_OUT,-38,01a114c3-ad7f-45ef-8876-3c9432c32b98
IM00004129,2024-02-02T02:23:31,W004,P00222,TRANSFER_IN,12,cbe7aab9-cf87-4167-9e73-814da502c6db
IM00004130,2024-09-23T21:12:49,W007,P00232,RECEIPT,39,70725370-3925-409a-8e9d-6ba06044db76
IM00004131,2024-11-09T02:19:40,W002,P00175,SHIP,-10,1312d53c-f601-4951-bd08-9c81c0252efb
IM00004132,2024-07-15T11:10:16,W005,P00027,SHIP,-27,5fa2e03e-b1bd-4c55-892b-3ee9fe951457
IM00004133,2025-02-09T09:40:59,W011,P00014,TRANSFER_OUT,-20,feda4b7a-e8a9-415e-9df1-7fe2d4c3dfa1
IM00004134,2025-03-09T20:28:18,W001,P00581,SHIP,-10,3408bf23-59dd-4312-adb5-d0a20a9823c7
IM00004135,2024-07-29T18:27:19,W012,P00223,RECEIPT,1,10dd9b2b-493a-418b-89f8-71d7d9e607e5
IM00004136,2024-02-18T13:16:29,W007,P00069,RECEIPT,4,6e01a6be-d9c3-4033-8b98-82783a9843a9
IM00004137,2025-09-08T02:05:05,W004,P00581,ADJUSTMENT,1,6282b31e-3f05-4451-a55d-60673896a98a
IM00004138,2026-01-14T00:19:32,W002,P00105,RECEIPT,28,049f6b37-d9cf-42f8-8840-0ddca0f35be5
IM00004139,2025-05-03T03:19:25,W008,P00535,SHIP,-47,3e8120e3-159d-43f7-b54c-085529e6dd99
IM00004140,2025-07-30T06:29:31,W009,P00569,TRANSFER_OUT,-8,9b54c9f7-ff12-444c-89a6-291b26046ceb
IM00004141,2025-03-23T02:30:08,W003,P00597,ADJUSTMENT,10,7cedb428-e237-4d8f-ac79-14f95e2ea7a6
IM00004142,2024-05-10T12:16:04,W008,P00426,ADJUSTMENT,44,ae246e17-b645-4e75-8d3c-10f4fafc5df6
IM00004143,2024-08-28T22:18:23,W012,P00114,TRANSFER_IN,44,d58d326a-8e7d-4177-b271-5ef06edbcd87
IM00004144,2024-09-03T18:07:10,W013,P00085,ADJUSTMENT,11,1178d4d4-dd8d-44a4-851e-ae3afe0f288f
IM00004145,2025-04-29T20:29:07,W006,P00088,RECEIPT,16,0e9ac30a-29cd-40db-ac5a-acebdf51f2e0
IM00004146,2024-10-31T20:02:35,W007,P00332,SHIP,-7,76b7f0b0-2853-4a66-9e6e-87a6267e3015
IM00004147,2024-10-09T01:01:38,W012,P00225,SHIP,-27,b5bb979a-6532-4958-ba89-186c1cec001a
IM00004148,2025-10-05T19:50:29,W002,P00476,TRANSFER_IN,25,8aa5d1e8-ffad-4e5d-9599-c5f298d81ecc
IM00004149,2024-06-17T14:49:59,W010,P00315,TRANSFER_IN,39,bccb0ab7-c471-492b-8d26-e7e6165132f8
IM00004150,2024-04-02T09:13:24,W008,P00185,ADJUSTMENT,12,382c2145-4516-4698-b50c-ae30ff566117
IM00004151,2025-01-11T02:44:04,W003,P00588,RECEIPT,11,dd312a8f-668a-485a-b467-880ea271c6dc
IM00004152,2024-04-22T10:32:49,W005,P00390,TRANSFER_IN,35,c0433762-2b09-4032-aead-677875e408b4
IM00004153,2025-11-14T19:31:18,W012,P00232,TRANSFER_OUT,-30,6f6fb308-ddf2-41a4-ab68-049e7664da42
IM00004154,2025-04-02T08:34:38,W010,P00146,TRANSFER_OUT,-12,7a3a9343-b7d7-4967-a2ca-7edb7f653a66
IM00004155,2024-01-12T20:59:04,W001,P00561,RECEIPT,8,c822c6c7-9487-4f1b-aef1-9b517dc9d90a
IM00004156,2024-12-23T07:29:21,W005,P00377,TRANSFER_IN,24,bf9de8cf-271c-4a7f-94e8-5814a59c8771
IM00004157,2026-02-05T09:13:51,W005,P00420,TRANSFER_OUT,-28,86f315df-223d-4166-ae8c-f629ff4fd6e2
IM00004158,2025-08-22T01:24:03,W007,P00441,ADJUSTMENT,27,828a7afa-0643-4e39-8b36-cda1e5c56790
IM00004159,2026-01-27T05:54:22,W009,P00371,RECEIPT,38,54e35748-939d-4a7a-9979-c77d51735637
IM00004160,2026-02-17T12:46:36,W002,P00004,TRANSFER_OUT,-44,44bfd20d-c8e5-45ee-9c50-fe55aa85bf1c
IM00004161,2024-01-14T13:57:31,W015,P00035,TRANSFER_IN,26,14a9c1b1-2864-4031-a4a7-f97a7952cc49
IM00004162,2025-01-19T13:36:22,W005,P00233,RECEIPT,8,55bb0519-10b5-491e-afdb-6147f092979e
IM00004163,2025-11-22T05:14:46,W010,P00118,ADJUSTMENT,29,c487e6a2-e7ba-45b1-81ec-b604f9792996
IM00004164,2026-01-23T05:52:47,W006,P00224,TRANSFER_OUT,-2,286861b6-3412-4a6d-ad2c-3458bd9f7e9a
IM00004165,2024-04-05T02:58:45,W004,P00324,SHIP,-34,fd3aa938-a412-41d9-b765-5b664f1e1793
IM00004166,2024-07-13T11:29:57,W008,P00463,SHIP,-2,3741a8b9-2da1-414e-ba97-9fd76af7dc9c
IM00004167,2026-01-23T18:09:37,W001,P00376,TRANSFER_IN,14,cb756c30-5fe4-49aa-b21e-dda79e3d15d7
IM00004168,2024-10-19T16:17:40,W011,P00078,SHIP,-18,8dd0d2cc-cebd-4ed5-beb3-0816956245a2
IM00004169,2026-01-05T12:48:37,W003,P00487,TRANSFER_OUT,-34,d56ae8d6-3a13-4e2e-96d7-b1653f5d5f39
IM00004170,2024-10-12T12:02:55,W010,P00365,SHIP,-14,7d406cd7-d1a0-4103-95b6-7a3ef98350cd
IM00004171,2025-11-19T16:16:46,W007,P00459,TRANSFER_IN,15,58f16779-ffee-4c6b-95e8-c18eebbf59be
IM00004172,2025-10-01T05:39:04,W016,P00457,TRANSFER_IN,7,af6daf0e-5b75-42a8-86d1-91184de58c81
IM00004173,2024-10-19T07:58:38,W007,P00354,TRANSFER_OUT,-39,ea54d0ca-c001-4ee1-860f-822c2eb9cf3c
IM00004174,2025-11-22T04:09:52,W003,P00382,ADJUSTMENT,22,4bc5fdf5-0c7f-47c9-a946-5436e3802330
IM00004175,2024-10-30T03:10:42,W014,P00177,RECEIPT,38,2186ad8e-0ece-4f21-803d-29c0fb5d13bc
IM00004176,2024-06-02T16:07:48,W017,P00081,SHIP,-20,86bdf24c-65d8-476f-b1b7-c22881122f38
IM00004177,2026-02-20T20:23:49,W008,P00400,ADJUSTMENT,9,f9e45b82-6e97-4e75-8f72-babb1eb37b1e
IM00004178,2024-05-10T08:15:40,W003,P00206,TRANSFER_OUT,-24,eef05d47-5e67-40d2-a6ee-e29a54d7dd31
IM00004179,2024-12-21T15:42:05,W003,P00340,ADJUSTMENT,37,40876ab3-d7a8-4afb-ba19-770d3c636a30
IM00004180,2025-11-21T04:42:00,W012,P00112,TRANSFER_IN,27,6d059709-81cb-41c3-92b4-520e008a623d
IM00004181,2025-10-30T17:26:09,W004,P00187,ADJUSTMENT,43,f29a4da8-ddec-44b6-8ba6-e2425b53a16c
IM00004182,2025-03-31T09:57:49,W003,P00382,ADJUSTMENT,9,88dec292-844c-4a74-9542-906d0df548db
IM00004183,2025-12-22T05:53:37,W006,P00290,TRANSFER_IN,30,074ff559-1e2c-4937-a083-6776d65a0923
IM00004184,2025-01-02T16:50:15,W009,P00146,TRANSFER_OUT,-28,be783699-f1c7-455c-89f5-0ff759f8159b
IM00004185,2024-06-27T10:56:10,W013,P00524,ADJUSTMENT,35,9ec1dc2d-a3be-4928-a0ab-ea40efccbba1
IM00004186,2024-04-11T00:30:14,W015,P00074,TRANSFER_IN,20,81221cfd-1a0b-4793-9b44-4899a22b8a87
IM00004187,2024-01-03T20:09:13,W006,P00284,RECEIPT,7,ab4b5494-28ef-46a5-b6f0-a95e17942507
IM00004188,2024-07-29T19:20:52,W013,P00085,RECEIPT,13,fe723d2c-fc46-45b6-af59-2e3780aa2d16
IM00004189,2024-10-30T16:30:04,W005,P00224,TRANSFER_IN,34,39a56ac4-2967-45cc-b253-c9d950294ea7
IM00004190,2024-07-23T13:35:40,W011,P00283,RECEIPT,12,e5ecf9a9-2548-4e16-9635-c32baf8f400f
IM00004191,2024-08-12T16:40:23,W004,P00130,RECEIPT,18,198038ed-3665-4710-b077-7885bfe12718
IM00004192,2026-01-07T03:21:07,W013,P00301,SHIP,-15,914c0a37-c6fd-4088-9521-9773e1939e81
IM00004193,2026-02-26T17:34:43,W014,P00468,TRANSFER_IN,37,47508c7f-8fcf-4a6d-b496-4dfc9491e83b
IM00004194,2025-03-05T12:29:35,W009,P00266,RECEIPT,49,da9e0b89-801f-4660-bdc3-9eb11cc40798
IM00004195,2024-12-07T10:51:34,W008,P00308,TRANSFER_IN,23,38bba89b-bea6-4f0a-9d71-1c56f9c8aeb9
IM00004196,2025-02-21T20:53:21,W010,P00598,TRANSFER_OUT,-17,7bdaa28b-5d15-4ff9-af04-28083460dafe
IM00004197,2024-02-25T08:22:20,W011,P00453,TRANSFER_IN,19,204d0252-b835-4680-8e05-8a63760f385d
IM00004198,2024-10-29T19:31:47,W003,P00469,SHIP,-36,8b8f6eaa-68fd-4d0b-b2d2-c09d9ffc4617
IM00004199,2025-02-04T21:42:39,W011,P00215,TRANSFER_IN,37,e3f0e978-4a9f-489d-a243-4af54e4dbc06
IM00004200,2024-06-12T08:30:15,W014,P00325,TRANSFER_OUT,-38,445fbb2f-186d-44dd-a374-d4701c5018ad
IM00004201,2025-06-15T19:14:07,W006,P00126,RECEIPT,19,46528447-e9ae-46b5-9131-4870e7f9d56f
IM00004202,2024-01-01T20:14:42,W006,P00378,ADJUSTMENT,37,da9c9261-64a5-47b8-9e13-ddf224298139
IM00004203,2025-05-22T16:51:22,W005,P00085,RECEIPT,21,3b76b741-e1c8-4c36-9419-31c8e81c0f63
IM00004204,2024-11-22T14:24:42,W008,P00192,RECEIPT,14,a1ce57c8-6bb5-4d7e-a3a1-6d2a866f6ab5
IM00004205,2024-07-25T16:51:32,W017,P00020,RECEIPT,14,79832b2c-3a25-4211-82b5-9149759239a6
IM00004206,2024-11-21T17:33:49,W006,P00400,TRANSFER_IN,15,4368baa6-a4e0-429b-8513-02548457630c
IM00004207,2024-01-31T13:44:32,W001,P00137,RECEIPT,33,07ff4c85-2947-4426-b6a5-4f40603eaba6
IM00004208,2026-01-10T16:24:28,W002,P00486,TRANSFER_OUT,-49,6726885e-08ee-4f1c-9106-2e3f94633c95
IM00004209,2025-09-28T17:53:33,W015,P00339,ADJUSTMENT,18,c9b5a4ac-4a01-4eb9-8752-0297c23d1762
IM00004210,2024-06-29T15:34:39,W005,P00205,TRANSFER_OUT,-27,7d63088a-d6d6-444c-9a08-275e90792412
IM00004211,2025-04-02T16:09:33,W013,P00400,SHIP,-40,5b033479-94e0-4d77-89d8-7d81f90f0d7c
IM00004212,2025-01-29T11:11:15,W007,P00010,TRANSFER_OUT,-32,0b4c007a-e55a-4e39-a8cc-d44793790fe0
IM00004213,2026-01-05T11:00:24,W003,P00415,SHIP,-34,0b18c9a4-7f2a-4c4f-92b3-ed55775e212e
IM00004214,2024-11-04T18:38:32,W002,P00394,TRANSFER_OUT,-26,5ff81100-de75-402c-b59d-268cc3acb7dc
IM00004215,2025-08-05T10:42:45,W015,P00221,TRANSFER_IN,19,635b8362-07ec-42df-aa53-4f677ec5d733
IM00004216,2025-02-02T02:47:35,W008,P00186,RECEIPT,8,6e45f566-5938-4bac-9790-a984732829bd
IM00004217,2024-01-25T10:42:36,W013,P00076,SHIP,-40,adcda7ee-66b9-4e6d-a79e-31a911952ed1
IM00004218,2025-10-19T04:32:16,W014,P00254,ADJUSTMENT,20,c85ff8ed-b277-4807-ae93-079e1eeeb3ff
IM00004219,2025-06-15T22:14:10,W002,P00551,TRANSFER_OUT,-26,bbe4084a-696f-4e68-92c3-9a18ea24e005
IM00004220,2025-03-06T20:20:48,W012,P00144,TRANSFER_OUT,-28,1922d857-fdea-48bd-94cb-33383e8f32d5
IM00004221,2024-03-21T03:05:43,W002,P00218,TRANSFER_IN,8,00ed8be4-4ba3-486a-a1e6-4d833b2c01fe
IM00004222,2024-08-17T23:31:41,W008,P00345,TRANSFER_IN,1,9a456739-d12e-4335-b7dd-8a4889527e69
IM00004223,2026-01-13T07:30:04,W004,P00157,ADJUSTMENT,6,90506240-d3f7-48dd-a00e-864ecb8608c2
IM00004224,2024-03-07T05:42:06,W004,P00578,ADJUSTMENT,20,4be4c5d5-9346-4278-8a95-4ddbe435169c
IM00004225,2024-08-02T03:35:26,W003,P00206,TRANSFER_OUT,-39,931d2e87-fe07-46c6-bc7b-f2e55f060c59
IM00004226,2025-07-25T15:05:59,W008,P00100,RECEIPT,26,bfc2c43c-6f28-43ca-95ac-0ec88d333c1c
IM00004227,2024-03-13T22:37:37,W014,P00490,RECEIPT,38,fba16ede-f773-4444-9905-51a57bb33ed4
IM00004228,2025-05-11T17:50:51,W001,P00333,TRANSFER_IN,16,67cf72a2-46c6-4928-924a-a43adf981e07
IM00004229,2025-01-18T12:30:03,W001,P00185,TRANSFER_OUT,-28,cc2f42d9-ac26-45c7-8c96-ad78a905b6f5
IM00004230,2026-01-03T16:13:27,W006,P00401,TRANSFER_OUT,-11,2a2d22d3-7c3c-467d-9654-63e91c9efb30
IM00004231,2024-04-17T06:29:37,W016,P00092,RECEIPT,4,6600a2ad-07e8-428e-b7f6-d263109ebb4c
IM00004232,2025-12-02T11:37:30,W010,P00376,SHIP,-49,8b0ff460-c221-45ab-8d2c-0d6e2d55ac42
IM00004233,2025-10-26T05:21:46,W015,P00286,TRANSFER_OUT,-2,ef875e35-0dad-4c16-be4a-fff2868248a3
IM00004234,2024-01-04T07:44:58,W009,P00072,TRANSFER_IN,48,1eda5378-7f0e-4667-a787-128a9f3a6d23
IM00004235,2025-04-22T09:27:05,W001,P00275,SHIP,-7,3f278b27-0b07-4aa2-bd9a-76788fbfd17c
IM00004236,2024-02-06T12:40:09,W005,P00572,TRANSFER_IN,33,7f343625-e589-4f94-a5e4-24ec7233402e
IM00004237,2025-12-18T20:45:13,W015,P00205,ADJUSTMENT,11,024629ae-a641-49ab-8137-83457c74a009
IM00004238,2024-03-09T16:06:55,W002,P00079,SHIP,-2,3ed7d822-5dc4-4bfa-9f5b-141c0f911eb3
IM00004239,2024-08-14T19:04:29,W009,P00473,TRANSFER_IN,48,5aca3555-a085-40ec-b282-6d82b4f80d76
IM00004240,2025-02-21T16:49:37,W010,P00123,TRANSFER_OUT,-12,46ab80d1-d530-4907-b817-b7a876abb834
IM00004241,2024-01-07T18:53:19,W014,P00351,TRANSFER_OUT,-32,ec6c536b-61d2-4844-898c-2a7ae97ed24a
IM00004242,2024-11-22T14:44:33,W009,P00488,TRANSFER_IN,43,be1f4b24-fb3a-4db3-96b3-c539fb93b2d0
IM00004243,2024-05-26T06:52:51,W009,P00196,SHIP,-35,a3bdb8d9-2040-457f-ac43-97c695eaf5d3
IM00004244,2026-02-25T21:40:55,W016,P00591,RECEIPT,37,7517dfa8-fad6-4950-b37b-2689aea7db6a
IM00004245,2024-07-19T14:23:14,W013,P00518,RECEIPT,42,bb760c7d-0abd-407a-ab59-db97b8d059b1
IM00004246,2025-09-04T04:17:19,W001,P00376,ADJUSTMENT,24,48ebc586-21bd-4c4b-9a96-4014607def55
IM00004247,2025-11-15T08:35:57,W007,P00083,SHIP,-41,4aec4cd5-269a-47a5-b743-09dde0f4d261
IM00004248,2024-07-29T12:44:05,W015,P00555,RECEIPT,34,7e3d1aea-4736-4794-ad20-e6ab34d422a9
IM00004249,2024-01-26T00:20:49,W015,P00106,TRANSFER_OUT,-46,aef8719c-71da-4f8a-9174-61139713cbba
IM00004250,2024-09-06T01:58:35,W017,P00370,RECEIPT,41,1d4c196e-173b-4a15-a2e8-23348b4f06dc
IM00004251,2025-10-26T07:11:17,W008,P00500,RECEIPT,5,61d7e0da-6dad-4f09-9756-7bb12d72c91e
IM00004252,2024-10-21T16:32:24,W002,P00273,RECEIPT,15,fad06d1e-4e52-40c2-ab6b-78b725772ba5
IM00004253,2025-03-14T15:09:40,W005,P00525,SHIP,-32,05635801-50ba-42b0-ad5e-87416c50c6ac
IM00004254,2025-09-22T17:46:48,W002,P00571,TRANSFER_IN,32,9480c283-d193-40dc-a958-c2f87eda331d
IM00004255,2024-03-11T19:26:56,W010,P00592,SHIP,-46,60b3323f-b4e5-492f-a028-930b01a8d167
IM00004256,2025-09-12T18:37:06,W016,P00562,TRANSFER_IN,25,3e08351e-a0be-4634-89d0-f72360725a8e
IM00004257,2024-03-27T07:40:58,W004,P00519,TRANSFER_OUT,-4,51d725ee-351c-42f1-994b-40abca349b1d
IM00004258,2024-08-23T19:52:01,W006,P00164,TRANSFER_IN,15,059a2acd-5426-425b-95c7-de2bb1379e20
IM00004259,2024-02-10T15:39:22,W001,P00512,TRANSFER_OUT,-7,83e0dc74-0687-4559-b2b4-a3ea86088441
IM00004260,2025-07-24T11:32:04,W006,P00107,RECEIPT,43,1b761d36-82cc-418b-9782-5da006a23a4c
IM00004261,2024-01-06T04:44:40,W017,P00159,RECEIPT,32,2b960064-7256-43c4-b018-099eb45a1ea3
IM00004262,2025-10-12T07:04:57,W008,P00511,SHIP,-16,9332ce0b-d369-4ee5-9474-6556817657d9
IM00004263,2025-12-05T17:56:09,W016,P00038,TRANSFER_OUT,-46,2872b8d9-5978-4486-8e71-5bd8a6e37ad9
IM00004264,2024-05-18T01:39:51,W009,P00141,ADJUSTMENT,48,79d65bf0-d188-4669-918f-41051e65941b
IM00004265,2025-11-06T22:51:07,W016,P00512,ADJUSTMENT,40,a69e4cf5-fadc-4d88-820d-020fadda874e
IM00004266,2025-01-01T19:06:10,W009,P00405,TRANSFER_IN,45,1ff46ce7-85b8-4b99-88e9-eb81ba02a0f4
IM00004267,2025-07-30T10:19:33,W010,P00035,TRANSFER_IN,31,05ba71e5-def1-4a8d-b004-80e4885d7d1c
IM00004268,2024-09-19T12:30:19,W017,P00323,ADJUSTMENT,25,3fa47b17-9fe2-465d-8f1d-862124b530dd
IM00004269,2025-05-14T01:56:07,W014,P00316,SHIP,-20,92170023-c8e1-4bb8-a8ee-9df7154be371
IM00004270,2024-06-18T11:32:28,W012,P00008,SHIP,-33,b422ad1b-8042-493e-a987-054c7bb55408
IM00004271,2025-10-05T20:07:37,W004,P00436,RECEIPT,3,71a3c17c-625c-43ea-9acd-d5ddf1e9e0eb
IM00004272,2026-02-10T19:26:43,W006,P00454,ADJUSTMENT,25,f02d44f6-4ae8-4ed1-ae06-d76969fd0ae4
IM00004273,2025-07-05T07:32:11,W010,P00031,SHIP,-19,c048caa5-3b42-418d-9771-12888c180853
IM00004274,2024-10-21T14:30:36,W012,P00150,RECEIPT,5,5b2dfa14-e620-48ba-883b-c90d811ab07b
IM00004275,2024-03-23T02:59:49,W008,P00389,ADJUSTMENT,18,5e54f76e-93cb-4fec-8e4c-ef3a5c4bf570
IM00004276,2025-09-10T20:00:48,W005,P00158,SHIP,-21,29111b4d-9a75-4d3b-b7fb-59b11a110034
IM00004277,2025-04-25T17:25:50,W009,P00272,SHIP,-32,60b33cd6-ea3f-42af-b6c2-c86f1808b260
IM00004278,2025-10-26T15:02:14,W001,P00118,SHIP,-13,a5c8c01f-afd9-4e6b-9d2c-a9b3cc8ca4ec
IM00004279,2024-11-15T03:09:26,W010,P00154,ADJUSTMENT,31,35bd9926-6fbe-4011-b7cc-2164e17cb039
IM00004280,2025-08-14T21:42:44,W014,P00426,RECEIPT,3,ea23a892-0856-4412-a7ee-b2ee60d7c44a
IM00004281,2024-02-09T16:52:15,W002,P00587,SHIP,-16,247d34cd-49ee-455a-87e8-6701cbcb5fd7
IM00004282,2024-04-03T01:17:43,W012,P00289,TRANSFER_IN,1,9316e95d-d1c2-416b-b526-5298c3d7f51d
IM00004283,2025-08-01T14:33:47,W012,P00589,SHIP,-32,67c53714-7932-4b45-86bf-4936bdcb645f
IM00004284,2024-11-24T03:09:59,W009,P00053,TRANSFER_OUT,-43,1950c9f1-6a19-4825-95ed-72f2529c5c47
IM00004285,2025-07-08T06:04:26,W013,P00388,SHIP,-33,36468956-189e-4156-987b-c30d0f68a913
IM00004286,2025-11-04T05:51:53,W005,P00107,RECEIPT,2,a2fa6750-1a85-49c5-8455-293b9d933cfa
IM00004287,2024-07-21T00:24:59,W016,P00388,ADJUSTMENT,42,dfa261fa-f2b7-4540-9138-3b149a9871fb
IM00004288,2024-03-14T20:07:13,W001,P00262,TRANSFER_IN,38,dcaa6135-d383-44ef-9d5a-58bf3c1ebb41
IM00004289,2025-04-30T21:13:58,W006,P00044,ADJUSTMENT,39,9d49f3e8-a1c3-45b5-bbd5-662503244a6a
IM00004290,2024-02-23T17:36:45,W011,P00152,TRANSFER_OUT,-15,df7c00fc-452c-4086-8262-9c171f5496db
IM00004291,2025-11-03T18:26:46,W012,P00080,TRANSFER_IN,45,60b0adf8-619b-4626-a53a-80482ed49403
IM00004292,2024-05-27T01:14:30,W008,P00048,SHIP,-7,d4b9739b-5cd7-458d-bf36-044fdf9cfe7f
IM00004293,2025-04-30T06:01:26,W011,P00031,RECEIPT,29,272e8e3a-b2aa-4d1d-881d-2539915cc15a
IM00004294,2024-07-25T08:47:09,W008,P00029,TRANSFER_IN,5,66e2171f-2208-45fc-a6c1-ee4753b3144b
IM00004295,2025-11-30T02:16:34,W007,P00556,ADJUSTMENT,47,91a26e15-04c5-41c7-aa99-9c2ce223b508
IM00004296,2025-12-30T23:52:36,W010,P00535,SHIP,-13,6d9a1ae7-7d12-43b2-a9b6-4f648a00e7d2
IM00004297,2024-07-23T08:18:57,W001,P00406,ADJUSTMENT,24,7608b473-ba3c-4bf4-85cb-bf38e7407e4e
IM00004298,2024-12-05T18:28:55,W005,P00384,TRANSFER_IN,28,0c524878-a78c-4395-99c1-ceb2377670d9
IM00004299,2025-11-27T19:44:01,W008,P00105,SHIP,-18,ce6429b6-cc56-413b-b234-6e849e0d9a69
IM00004300,2025-04-29T18:03:55,W007,P00284,ADJUSTMENT,42,dfa5bdf9-fa41-4663-b5c7-d03d017b9676
IM00004301,2024-02-28T19:38:18,W004,P00011,TRANSFER_OUT,-35,788ac0ab-4d44-4da3-8785-06193844efb1
IM00004302,2024-01-07T08:46:44,W015,P00519,RECEIPT,1,9b1bba5c-ff8a-4e8c-b0e7-f71c98d3922b
IM00004303,2024-12-29T13:38:07,W010,P00127,ADJUSTMENT,10,12791b76-43a1-472e-81b1-214260343112
IM00004304,2024-11-08T04:07:45,W017,P00138,SHIP,-4,7462257b-4609-4345-9486-3330831d04c9
IM00004305,2024-08-01T07:45:23,W008,P00331,SHIP,-9,cccd17e5-306e-4fb5-86c6-eb7ae56aaf2e
IM00004306,2024-03-04T01:09:23,W012,P00396,ADJUSTMENT,13,df45f4fe-6f32-4280-bbc4-a3a3d219a9f8
IM00004307,2025-09-06T00:25:44,W015,P00048,RECEIPT,20,873e6d62-7621-48dd-a95d-0c39c72ebd0e
IM00004308,2024-01-10T12:39:16,W012,P00366,RECEIPT,24,de8ef73f-87ad-4334-b90f-3b5936e1343c
IM00004309,2024-03-17T07:55:48,W012,P00264,TRANSFER_OUT,-37,0118d7a8-89a1-416b-a117-b47f8bdc4eb8
IM00004310,2024-06-22T09:29:34,W002,P00114,RECEIPT,18,75951bbb-fc6a-44ac-8a85-5af69dbbb00c
IM00004311,2025-05-07T00:36:23,W013,P00408,SHIP,-39,a1967eaa-3740-41d4-a2a1-f8c4abbefe3e
IM00004312,2024-04-30T11:21:37,W004,P00584,TRANSFER_OUT,-44,cfec3cf8-0b4d-4354-afc8-6771a607ed97
IM00004313,2025-05-18T12:13:43,W015,P00008,SHIP,-1,60ec069b-a9a9-4207-aa0d-fd6559dcf565
IM00004314,2025-11-27T13:18:03,W008,P00343,RECEIPT,46,12462f09-f493-40da-96b7-cd8f1df49a7b
IM00004315,2026-02-04T03:03:40,W008,P00246,ADJUSTMENT,42,254f2b0e-5de8-44a0-a860-f20d131b5fcd
IM00004316,2025-10-09T16:23:44,W005,P00167,RECEIPT,1,7fa66843-5047-418c-a537-f6d7a5295fa4
IM00004317,2024-03-01T12:05:05,W017,P00062,TRANSFER_IN,1,70cd16db-9076-497b-8fdc-87dbaaaa4b4a
IM00004318,2024-08-19T21:35:21,W002,P00167,TRANSFER_OUT,-25,54fa995e-f701-47f3-9472-68143043a090
IM00004319,2024-07-27T21:21:18,W003,P00215,SHIP,-13,d09192fb-d2a1-456e-a863-f3c86af71409
IM00004320,2024-09-29T16:02:00,W014,P00255,SHIP,-24,346789b1-7efa-44e4-8266-9cfc36b11ea1
IM00004321,2025-04-16T11:55:10,W001,P00190,ADJUSTMENT,7,1f0160a8-8bae-41d5-adb9-2502ead73c05
IM00004322,2025-07-13T22:12:31,W013,P00535,TRANSFER_OUT,-34,73181f9e-ca06-4d27-91f0-de99b8aa889f
IM00004323,2024-01-16T01:42:51,W008,P00467,RECEIPT,32,57004636-e375-45f1-84a3-657f2a56c3be
IM00004324,2024-10-13T22:50:43,W007,P00287,ADJUSTMENT,8,6172b05b-3c5e-4b40-ac56-3950863eaf7e
IM00004325,2026-01-10T21:19:07,W009,P00348,SHIP,-28,19a68b15-5b05-48b0-ab8c-76da41e24bf6
IM00004326,2025-02-28T00:45:23,W008,P00232,TRANSFER_OUT,-3,81717a18-ec51-42f8-a9ce-0ccf9af3ca19
IM00004327,2025-05-16T14:37:54,W005,P00084,ADJUSTMENT,18,c2928a80-7a53-4765-9429-61ecb97e4e08
IM00004328,2025-04-19T06:48:34,W001,P00371,TRANSFER_OUT,-49,c47a3205-158f-4a14-9adb-e2b1d4bc2717
IM00004329,2025-12-16T20:31:29,W014,P00146,TRANSFER_OUT,-24,44ee4386-78ff-4364-9b6d-30c991c8608d
IM00004330,2024-12-23T02:57:48,W016,P00530,TRANSFER_OUT,-43,3371a7dd-4999-4e53-a4b8-11985b8eca0d
IM00004331,2025-03-15T18:26:00,W010,P00407,TRANSFER_IN,10,4ed27e21-bd27-48a1-9126-9afb23d1cb99
IM00004332,2024-12-09T22:43:58,W015,P00233,RECEIPT,45,9eaeb3c2-b652-4c5e-8fa6-aef202340a46
IM00004333,2025-11-26T16:49:35,W014,P00276,RECEIPT,2,76d84cd6-5f08-4dbf-b225-6c8e9126a83c
IM00004334,2024-01-13T09:40:54,W006,P00138,SHIP,-45,43b2a8fe-f828-4004-bfdc-fcb25d803226
IM00004335,2024-05-16T15:13:35,W005,P00585,ADJUSTMENT,9,46635878-0d65-43fd-b72b-739f52c58305
IM00004336,2025-01-19T09:26:25,W009,P00039,ADJUSTMENT,37,a2e2431b-348a-4a06-ab58-38f999e6117f
IM00004337,2025-03-22T21:31:22,W007,P00294,TRANSFER_IN,2,81cd544c-6ebf-40b2-ba3e-5d678ee5c839
IM00004338,2024-12-06T18:14:49,W013,P00556,TRANSFER_OUT,-37,a555ffa7-831c-414e-892c-ec503ef46e98
IM00004339,2024-10-04T14:21:15,W002,P00359,ADJUSTMENT,12,8381e636-4c71-4441-9bd3-91b1ce27733a
IM00004340,2024-06-11T11:44:10,W014,P00259,RECEIPT,37,0289c9a2-f335-4a22-84d5-aca37ba86d7f
IM00004341,2025-08-26T08:41:36,W008,P00445,SHIP,-22,2f5b8410-6e2f-4ca0-9a3f-8d0fba48b8ae
IM00004342,2025-06-10T14:22:43,W016,P00289,RECEIPT,23,fbbed8c9-57ef-476f-8390-b6147ac3e487
IM00004343,2025-08-29T04:44:54,W003,P00409,SHIP,-30,c6d5f83f-b28c-4dee-bfb2-2e0ebf7d5500
IM00004344,2026-01-14T21:58:21,W004,P00064,RECEIPT,39,6caede32-e027-4343-8a77-d7e3ba23162b
IM00004345,2025-07-15T06:33:47,W010,P00415,SHIP,-31,b540ab05-ce41-4e99-bba7-d46c61d2d47b
IM00004346,2024-08-26T17:50:41,W016,P00532,TRANSFER_IN,6,3509f575-f2f3-4cef-a3c9-22dca311678e
IM00004347,2024-09-04T20:47:57,W011,P00090,TRANSFER_IN,5,8c9c76a3-3308-40ae-9534-798464fd03fc
IM00004348,2024-07-28T15:08:58,W002,P00274,TRANSFER_OUT,-28,a3bb6239-3815-45e3-a388-53f9bc418e82
IM00004349,2024-06-12T09:47:08,W003,P00049,ADJUSTMENT,14,238130b0-9353-4474-9a40-d82ec1c917dc
IM00004350,2025-07-08T07:25:56,W012,P00066,TRANSFER_IN,19,dc88ba69-9b3d-4360-89eb-5c7746e36b6f
IM00004351,2024-09-06T15:57:14,W011,P00309,TRANSFER_OUT,-46,c452aee7-a432-49b1-b283-394f70332efe
IM00004352,2024-06-26T21:39:44,W009,P00122,ADJUSTMENT,42,7f6de8af-0667-4dd3-b950-effcaf33f4e2
IM00004353,2026-01-29T16:57:52,W008,P00296,TRANSFER_IN,34,5c96184f-9d31-46e4-8494-159c50e6dd41
IM00004354,2024-03-30T06:29:56,W006,P00467,SHIP,-25,fc57d09b-ec45-4484-9be0-98500e9f2ef0
IM00004355,2025-07-30T10:00:54,W007,P00119,ADJUSTMENT,27,7603e3f6-4fab-4144-a38a-8e40ec6963aa
IM00004356,2025-09-02T10:56:34,W016,P00174,SHIP,-16,2b996ec6-73e5-4fca-8911-f889be952aba
IM00004357,2025-11-14T05:48:34,W014,P00072,TRANSFER_OUT,-15,2d260230-aed7-4ac5-9d49-a44e79df856c
IM00004358,2024-04-17T07:34:02,W005,P00478,RECEIPT,7,8bd4d558-380a-4621-93a7-1c5a4fe439f3
IM00004359,2025-09-23T18:22:46,W011,P00488,TRANSFER_OUT,-6,c6d0f4bc-91a8-4477-bdc0-1075f705a04a
IM00004360,2025-01-01T09:24:03,W001,P00570,ADJUSTMENT,32,57bbc648-7b68-422f-970f-cd0c869617a3
IM00004361,2025-06-04T07:37:57,W013,P00197,RECEIPT,14,25c51a49-ef22-480d-8c05-e38a745a77bc
IM00004362,2024-03-16T21:21:27,W001,P00379,ADJUSTMENT,47,18868acb-ff5e-433f-8174-5ee2c8cb0571
IM00004363,2025-03-30T00:22:51,W002,P00046,RECEIPT,40,ebb47bae-736c-45c9-97d1-ab0a0ca62f4f
IM00004364,2025-04-15T00:09:53,W004,P00402,TRANSFER_OUT,-31,a7dedac5-0160-41fe-a822-c5473886edb9
IM00004365,2025-12-16T14:04:09,W006,P00511,RECEIPT,37,aa7e129f-655c-42eb-a0b3-68afa87e5664
IM00004366,2025-07-22T00:44:07,W012,P00467,TRANSFER_OUT,-37,3376baa9-575d-4d50-ace9-21ccc1b924f3
IM00004367,2025-10-01T09:01:55,W002,P00448,TRANSFER_IN,29,d8453adf-05b8-4aac-84e6-2a219d1e352b
IM00004368,2026-01-02T11:49:52,W004,P00350,TRANSFER_IN,25,1806c02b-9a8f-4c31-be34-d1febef89de8
IM00004369,2025-12-16T00:28:22,W005,P00023,RECEIPT,21,21e8107a-8985-451a-8051-b91152982dd0
IM00004370,2026-01-08T09:09:02,W008,P00473,TRANSFER_OUT,-11,4c439f9e-8065-4046-9508-c7fe7f36c057
IM00004371,2024-02-12T07:44:14,W012,P00343,RECEIPT,20,344de42a-78eb-4031-a8eb-6a1f85f5f22f
IM00004372,2024-07-28T05:06:35,W010,P00223,TRANSFER_OUT,-20,35d4c3c1-8632-496a-8226-5522f01d476b
IM00004373,2025-11-28T19:45:02,W013,P00486,RECEIPT,26,4ae3ed33-2847-4eb5-9f53-d968efac349f
IM00004374,2024-10-01T18:34:07,W016,P00343,ADJUSTMENT,29,025ae050-31bb-4a32-8db1-40c780c4d3c9
IM00004375,2024-07-17T10:41:51,W008,P00028,RECEIPT,14,afe8333c-faf3-480c-8e5a-8f7c85164650
IM00004376,2024-05-09T15:29:32,W003,P00101,TRANSFER_OUT,-9,89385b99-08ef-4e2b-b822-f8a4275986ca
IM00004377,2024-02-05T00:11:59,W002,P00372,TRANSFER_IN,10,d266e43e-d95e-42d0-9ec1-a92be679cb86
IM00004378,2025-06-08T17:19:37,W017,P00084,SHIP,-14,91b3b708-a00b-47be-8bd4-07f46e857e9b
IM00004379,2025-04-03T21:38:23,W003,P00520,TRANSFER_IN,27,5cf5d8d7-8bba-42d5-b177-5deb2c4c8f90
IM00004380,2024-10-20T22:10:39,W001,P00007,TRANSFER_IN,43,d80bd13f-2c5c-4f3e-9ac9-75c30e2948ab
IM00004381,2025-04-15T11:05:16,W017,P00216,ADJUSTMENT,36,d4626077-5c69-4f74-b3b6-ddd920bd9057
IM00004382,2025-02-13T15:43:31,W008,P00116,ADJUSTMENT,30,aaa65a10-085b-4ec5-8d34-0c75afa7cf88
IM00004383,2026-02-24T21:36:23,W003,P00569,SHIP,-14,dd0fceed-eaf4-4562-8bc9-ae9b72f23dbb
IM00004384,2025-12-31T12:10:39,W007,P00410,TRANSFER_IN,7,9629d4e8-2b64-445c-98b6-07d0949c1995
IM00004385,2025-08-20T06:36:59,W009,P00538,TRANSFER_IN,10,41600f6c-fb1e-44fc-8077-f18d7527b320
IM00004386,2024-03-08T11:14:19,W013,P00494,TRANSFER_OUT,-10,3033f797-6a69-4d42-8a00-22ab44cdc456
IM00004387,2024-11-05T19:51:30,W005,P00359,SHIP,-25,4e0666a7-6842-45c7-8adf-b7715e13e834
IM00004388,2025-08-28T10:56:47,W001,P00455,RECEIPT,12,7cb741a7-888d-4c27-8af0-d24c97abb50a
IM00004389,2025-08-08T17:50:00,W015,P00030,ADJUSTMENT,18,ac9f4e2d-305f-4add-9b9b-8dd22ca4234b
IM00004390,2024-07-05T02:48:44,W016,P00137,TRANSFER_OUT,-35,158bddad-245c-4390-860c-8e2ca63c84fd
IM00004391,2025-02-28T17:02:13,W010,P00232,TRANSFER_OUT,-18,ae3e3aea-b86f-48b7-b951-04abc75976d5
IM00004392,2024-01-15T03:24:56,W016,P00394,TRANSFER_IN,37,dbfb1b72-8ec3-46a4-9d63-644ec3f63d22
IM00004393,2025-06-14T14:28:59,W005,P00495,SHIP,-5,647209f7-e089-4f97-b4d6-5eccc7639273
IM00004394,2024-11-10T04:11:26,W016,P00071,TRANSFER_OUT,-16,cd1f870f-55ec-4a06-8517-9cdd7a6bac17
IM00004395,2025-11-19T06:35:20,W009,P00566,SHIP,-13,32382e3b-924e-4f1b-b2e2-f55e00b59e27
IM00004396,2025-12-07T17:28:06,W007,P00504,TRANSFER_OUT,-10,b92fd9dd-33b7-4b0f-a6b3-081488c4f5ab
IM00004397,2025-03-24T15:32:38,W002,P00422,TRANSFER_OUT,-13,7cb19743-36a9-4c92-a7cf-6e4dcd059e9b
IM00004398,2025-08-30T20:46:30,W017,P00356,TRANSFER_OUT,-13,59315926-bdac-4a3c-9280-aa3c71f34af6
IM00004399,2025-09-22T05:18:45,W006,P00308,ADJUSTMENT,35,effea981-eb0d-497e-9b1b-fe6cccf1936e
IM00004400,2026-01-21T17:27:14,W017,P00419,ADJUSTMENT,21,22e59fd1-b6c7-4c0d-88c9-44846b474691
IM00004401,2024-11-10T18:22:40,W006,P00522,TRANSFER_OUT,-18,4f03a1a3-3aa5-42e0-a26c-bffb51f361e2
IM00004402,2026-01-26T00:06:01,W007,P00050,RECEIPT,14,145c2a73-20b8-48a5-9d96-497eb358d94b
IM00004403,2025-12-13T20:44:49,W012,P00129,ADJUSTMENT,31,ab3f978b-9f2c-494b-bc7c-908d43f19194
IM00004404,2024-04-22T10:19:39,W017,P00290,ADJUSTMENT,8,1da0990c-e40c-423c-a4b0-5765de619029
IM00004405,2024-08-31T22:05:29,W003,P00284,TRANSFER_IN,14,9abfb2c6-3395-43a3-a765-9ec1f5fcd00a
IM00004406,2024-10-09T21:51:12,W001,P00251,SHIP,-11,663dc7b0-c2af-4fec-9e9f-2163f9d059c4
IM00004407,2026-02-26T19:20:22,W007,P00321,TRANSFER_OUT,-19,a634b603-b1b8-44b2-a683-debe8ed37b8b
IM00004408,2025-10-25T05:13:46,W003,P00208,TRANSFER_OUT,-8,d18a3cd9-0852-4cb2-8769-3005c6b78c34
IM00004409,2026-02-26T16:01:03,W008,P00130,TRANSFER_IN,49,a361ff35-2bcd-4022-8378-471259108c67
IM00004410,2024-10-20T07:43:29,W007,P00324,SHIP,-5,41fde1a7-f88e-4a58-8ceb-71871ce4831e
IM00004411,2025-01-16T04:23:52,W007,P00335,ADJUSTMENT,9,0abc5fd6-47d0-4fb3-87d5-0ca222ceabdb
IM00004412,2025-04-29T21:20:09,W002,P00562,TRANSFER_OUT,-10,25993cb1-3730-4bf4-8012-0967650f888a
IM00004413,2024-02-24T08:30:44,W015,P00595,ADJUSTMENT,32,9f6289fc-5509-4826-8504-90298e9fbb1f
IM00004414,2026-01-28T03:58:06,W001,P00122,TRANSFER_OUT,-43,3ea82781-699e-4b42-bd30-51159c5c2526
IM00004415,2026-01-06T00:44:26,W013,P00505,RECEIPT,36,01eff902-eab0-470e-9342-5fc6ae8e0573
IM00004416,2025-03-12T02:52:18,W010,P00308,TRANSFER_OUT,-33,0a89b577-a689-499f-8265-b1519b0cc0af
IM00004417,2024-10-17T02:32:59,W012,P00392,ADJUSTMENT,12,8f4813ba-a84d-49fc-9e7a-bdca00a06b62
IM00004418,2024-04-29T13:08:56,W001,P00398,RECEIPT,47,f332da7f-1310-4616-b066-ea4a607ff071
IM00004419,2025-06-23T15:57:17,W011,P00069,ADJUSTMENT,42,a4ccac14-f4a9-4cab-94d6-64b1235fe34a
IM00004420,2024-01-13T06:46:52,W006,P00559,ADJUSTMENT,2,70c5a5b5-d879-4196-be57-820baec77e7c
IM00004421,2025-10-30T21:13:33,W016,P00086,ADJUSTMENT,45,464fe29b-4145-454a-966b-5863c9829820
IM00004422,2025-01-25T01:29:36,W009,P00109,RECEIPT,38,de4a3903-0eda-4abb-9248-a2dcbc91cfba
IM00004423,2024-10-21T08:49:58,W003,P00265,ADJUSTMENT,4,fd72cdc8-b853-40e5-a9bc-1579ba7f9612
IM00004424,2025-07-30T06:58:54,W009,P00055,RECEIPT,33,f8b557aa-bf6d-41a3-927f-1386aeae4689
IM00004425,2024-11-14T20:00:37,W015,P00400,TRANSFER_OUT,-4,dfe667f4-b063-44a8-bb62-cdc30adad623
IM00004426,2024-11-13T18:17:47,W001,P00061,RECEIPT,19,90dc11a5-0392-4964-a177-ba3119097991
IM00004427,2026-01-13T17:56:26,W002,P00469,TRANSFER_OUT,-15,0df889e8-7bb2-4ca1-bac3-8b58a6888660
IM00004428,2024-10-22T18:07:30,W010,P00222,TRANSFER_OUT,-11,170e1e45-33fb-41b0-b952-83e3b6621bc9
IM00004429,2025-07-05T20:59:57,W001,P00273,RECEIPT,25,500bab61-8ca7-4d06-87ab-0eaba9044c09
IM00004430,2024-12-09T15:59:05,W012,P00271,ADJUSTMENT,10,d48efa23-18bd-4f42-ad03-ebfd8ea46054
IM00004431,2024-03-27T05:37:29,W011,P00544,SHIP,-19,22bd15ab-47bb-48dc-9489-d3711f853a5e
IM00004432,2024-12-02T07:28:16,W012,P00117,ADJUSTMENT,39,ad35e6e0-26e7-4cf2-a925-7de3b2661394
IM00004433,2025-05-24T06:50:39,W011,P00557,TRANSFER_OUT,-3,fc76d722-5602-47e3-85e5-8c3008013eca
IM00004434,2024-11-05T15:19:11,W014,P00421,SHIP,-3,8258181f-9e36-4f95-8110-1604a141f5b7
IM00004435,2024-01-25T13:22:25,W002,P00346,TRANSFER_IN,47,295f8862-bdca-433b-be3b-e04df255321f
IM00004436,2024-07-15T02:29:39,W013,P00083,TRANSFER_OUT,-18,bcd86e8c-6c08-4965-9c60-9de06ea0a79d
IM00004437,2024-08-03T10:01:04,W010,P00560,RECEIPT,31,bbde2c7b-96dc-4daa-bf3b-d83738deb7b2
IM00004438,2025-05-31T11:22:13,W005,P00058,SHIP,-25,6f5ee629-3e6f-4838-9364-fafa370c5216
IM00004439,2025-03-22T03:14:29,W009,P00310,TRANSFER_IN,42,d79e0890-5f6f-4950-a1ed-8b25b14a562f
IM00004440,2026-01-09T19:02:31,W005,P00028,TRANSFER_OUT,-23,552a6cdc-e2bc-4f93-9da0-0926619882c2
IM00004441,2026-02-11T12:59:51,W007,P00207,TRANSFER_IN,19,0b1944e0-7a5c-491f-bc00-6334746f9aaf
IM00004442,2024-04-06T22:05:05,W012,P00591,ADJUSTMENT,48,081b5cc4-d661-4192-a6c8-3872731648c2
IM00004443,2025-05-09T21:49:25,W011,P00318,SHIP,-40,c1f5846e-8f36-47df-8a3e-6da8f84db85c
IM00004444,2024-08-19T20:17:35,W008,P00141,RECEIPT,39,eedc538f-4909-4ce2-a6dd-d2eedcc8cd40
IM00004445,2024-08-28T16:38:15,W010,P00382,RECEIPT,44,abf0ded0-e757-4182-a3ff-395977a39839
IM00004446,2024-05-06T01:55:33,W012,P00089,ADJUSTMENT,37,ad9e7107-b871-4847-b8d8-995aba69c229
IM00004447,2024-03-19T06:00:45,W011,P00341,TRANSFER_IN,19,0d9944a9-ef51-49b8-b7bc-5d014ded6c9e
IM00004448,2025-11-16T12:11:10,W017,P00459,ADJUSTMENT,16,e5792747-865f-4ee8-8280-5b50d2306b32
IM00004449,2025-01-24T06:05:21,W012,P00234,SHIP,-9,7c53352c-37e8-4fce-a373-78d3d520b041
IM00004450,2026-02-15T11:41:38,W001,P00254,ADJUSTMENT,5,fae82af7-10e0-4a40-b14d-5590a97422d6
IM00004451,2025-02-02T13:37:05,W011,P00580,TRANSFER_OUT,-42,7fc1b7d3-dd41-4b66-90f3-8eba3b949df1
IM00004452,2025-11-21T09:32:48,W007,P00284,SHIP,-36,080193d5-f25d-4ea2-b330-64bf022656e2
IM00004453,2026-02-13T14:28:29,W011,P00169,RECEIPT,43,f82dec53-8fba-4989-a05a-4cc096bcd3b2
IM00004454,2024-09-04T11:45:09,W016,P00076,TRANSFER_OUT,-13,4da7e396-5003-40d9-8f87-672b2af254aa
IM00004455,2024-05-20T12:30:47,W016,P00269,SHIP,-19,2173be53-91cf-4a87-a5c9-c9fb0b0d7052
IM00004456,2024-05-01T23:02:06,W003,P00587,TRANSFER_IN,3,486d568b-fc9d-4918-8d73-c058664b6e9e
IM00004457,2025-06-23T16:51:07,W008,P00135,TRANSFER_IN,43,8467ab48-e0a5-450c-b49c-da2b8da04f6b
IM00004458,2024-10-18T14:33:33,W001,P00539,TRANSFER_IN,24,2c158fd7-9058-4cb8-a289-d5dc0a23dc73
IM00004459,2024-06-21T23:46:59,W010,P00092,TRANSFER_OUT,-26,883630e2-8dc5-4ea8-898e-2dc21007bb0d
IM00004460,2025-01-22T15:21:18,W007,P00101,TRANSFER_OUT,-13,cee6177b-ba43-426c-a649-77b1ef34565e
IM00004461,2024-01-25T07:46:06,W013,P00071,TRANSFER_OUT,-29,8e008883-3abb-4721-9cc2-24587201276c
IM00004462,2026-02-03T23:59:55,W017,P00570,ADJUSTMENT,11,7a5bfb4d-937c-48e1-8620-9e2166e9948b
IM00004463,2025-08-03T19:20:58,W011,P00024,TRANSFER_IN,2,000f70b7-9e86-43c1-ab35-cf2906e75083
IM00004464,2024-07-06T07:19:53,W012,P00012,SHIP,-26,fe855096-b761-4251-b43b-a97d58c00f23
IM00004465,2025-08-22T09:28:18,W016,P00476,ADJUSTMENT,13,792d1759-04d8-4eb3-946d-97b5449b0f2d
IM00004466,2024-06-24T09:14:59,W010,P00188,TRANSFER_IN,14,86a7dba6-3d49-4b19-8ab0-2d6f1675cbba
IM00004467,2025-03-16T04:07:49,W006,P00163,SHIP,-19,26304d6f-dfcf-4c8c-b605-7ef8228a8329
IM00004468,2024-01-12T04:10:26,W009,P00287,RECEIPT,14,da024709-a18f-4712-9ba8-3ce761432b86
IM00004469,2025-07-20T01:29:39,W017,P00591,ADJUSTMENT,2,f60eaa38-6942-4d9e-add7-083b66c24fe9
IM00004470,2024-05-16T23:19:46,W013,P00207,RECEIPT,44,e513f630-4368-4a7b-858f-cf78883a92be
IM00004471,2025-12-21T18:56:46,W005,P00429,TRANSFER_IN,16,45e46817-789a-4263-ba06-dac9dab0c4f6
IM00004472,2025-09-27T17:00:03,W011,P00331,RECEIPT,36,106e7fce-2c43-4475-8cb1-6449201fd85c
IM00004473,2024-06-30T00:58:14,W010,P00032,RECEIPT,33,af8c63a0-c542-4eb8-8a49-a59ce33d2758
IM00004474,2024-05-19T15:12:29,W012,P00189,TRANSFER_OUT,-28,ab2cbdb6-bc9f-417f-8e83-899616d1d164
IM00004475,2024-07-10T10:15:15,W013,P00154,SHIP,-13,a189fe70-cc3f-4313-acb6-9dd5454ea2a1
IM00004476,2025-09-11T19:56:13,W014,P00413,RECEIPT,48,5e18ed13-f86f-4168-bd12-77e83fc9fc4d
IM00004477,2025-06-07T02:58:32,W005,P00573,RECEIPT,25,0f52f78e-485d-4027-bd63-accf7017f2e4
IM00004478,2025-07-14T09:43:45,W016,P00225,ADJUSTMENT,15,74c724b3-d6c7-4315-8285-8be98b881b29
IM00004479,2025-09-15T09:22:56,W008,P00549,SHIP,-27,997110a0-2130-47ef-9e5b-c90d1e43eb7c
IM00004480,2025-09-17T04:57:59,W016,P00496,SHIP,-27,0623f5a4-2eaf-49b5-a3b9-91f4ac0e2c77
IM00004481,2024-02-05T17:11:14,W005,P00057,ADJUSTMENT,24,1c302c8b-e756-4ea5-96d1-10b45ebf02ea
IM00004482,2025-02-22T15:24:09,W004,P00215,TRANSFER_IN,11,40736a24-544d-493c-96cf-f5bca530d409
IM00004483,2025-08-29T17:58:10,W015,P00027,TRANSFER_OUT,-46,88d288ea-c2a9-4463-8705-50f91d9ddbb1
IM00004484,2024-03-14T22:22:11,W010,P00277,ADJUSTMENT,18,1f64db7e-de11-485f-899a-4250174f5bf8
IM00004485,2024-09-21T15:16:22,W007,P00018,SHIP,-43,cb00037f-db53-4c05-94f5-ff57113ff338
IM00004486,2024-08-24T15:57:45,W007,P00548,TRANSFER_OUT,-17,b465f612-0e1e-4c6d-bb64-0bac8c800dba
IM00004487,2025-06-01T14:18:00,W004,P00367,SHIP,-10,7d62e20b-8c50-4f9e-9a39-b15efb4e9db7
IM00004488,2024-11-22T03:52:59,W007,P00492,RECEIPT,24,364249e7-5dcd-4d4a-a37a-098952acc8b5
IM00004489,2024-04-24T06:57:57,W006,P00199,RECEIPT,13,06887e4b-82d6-48e1-8f5c-5ee29be905da
IM00004490,2025-04-07T00:23:06,W015,P00152,SHIP,-9,6b3e61f2-6ede-4e48-84f2-8891dd2a8ae1
IM00004491,2026-02-12T00:19:07,W001,P00267,TRANSFER_IN,19,bff0ae3c-6454-4825-81a5-8923e70a8de8
IM00004492,2025-02-07T00:59:09,W014,P00203,RECEIPT,3,2f4ff76f-47d4-4ed1-812e-ae9034cec227
IM00004493,2025-07-03T18:03:08,W006,P00574,RECEIPT,31,0ca5e37e-f073-4a79-a2f8-ba17f7403b95
IM00004494,2025-12-21T22:03:57,W007,P00233,RECEIPT,44,51e3e734-7630-48f9-a752-d94d84cbbd06
IM00004495,2026-02-16T09:34:09,W002,P00140,RECEIPT,29,e6a33f5f-1a4c-48cf-a142-a11d463c4d4e
IM00004496,2025-05-10T04:05:57,W007,P00075,SHIP,-10,570e1c30-9b7f-4a61-bab4-12911d47ca0d
IM00004497,2025-10-20T17:00:15,W016,P00322,RECEIPT,18,3c7e8d39-97c3-4f4c-91fc-e55f4c2db085
IM00004498,2026-02-11T22:56:15,W006,P00315,TRANSFER_IN,39,7fd7e35d-6b3f-467a-800e-c3c11943f855
IM00004499,2024-03-11T17:15:38,W006,P00055,ADJUSTMENT,4,4229d71d-24a4-46e7-8399-40433576a1a5
IM00004500,2025-01-27T06:19:34,W004,P00584,TRANSFER_OUT,-27,d2555c69-3d99-48f0-b268-c0e4b1672908
IM00004501,2024-06-04T06:17:50,W012,P00204,SHIP,-10,e0ee9f86-ee49-45c0-bc9c-c20a470af3d0
IM00004502,2026-02-11T07:01:39,W003,P00468,SHIP,-28,847d500d-2c1b-4ef1-80d2-4c8a4c50b625
IM00004503,2024-12-01T04:31:53,W013,P00455,TRANSFER_OUT,-17,3991c5c8-7466-49f2-8959-9672c7e76df8
IM00004504,2024-12-28T21:12:39,W016,P00547,SHIP,-35,9ba58300-6f2c-49e6-8308-86dd543e3cac
IM00004505,2025-01-19T14:50:30,W015,P00469,TRANSFER_OUT,-37,27ae2449-cb20-41b0-9956-017a0178c438
IM00004506,2024-04-09T07:36:57,W003,P00580,ADJUSTMENT,26,f906467a-fc6d-4346-8e17-caa6739a3fe6
IM00004507,2025-01-30T09:10:11,W013,P00389,RECEIPT,10,e261d8d2-b707-4ab5-856c-6a3ddde59d8d
IM00004508,2025-05-15T20:34:26,W003,P00217,TRANSFER_IN,18,83eb4e2d-5bdd-4d27-9d88-45f1995b8c04
IM00004509,2024-08-09T16:49:42,W008,P00168,RECEIPT,43,f524283f-b317-476c-a972-75f4a35656ba
IM00004510,2026-02-09T16:44:22,W005,P00101,TRANSFER_IN,21,f37f37d8-c552-4002-91b7-c4805327d202
IM00004511,2024-04-24T00:12:24,W005,P00583,SHIP,-41,0c8d43b4-9bc6-41fc-8ca0-aa6f920dc6d1
IM00004512,2024-11-15T19:42:10,W006,P00454,ADJUSTMENT,33,57c51ef9-2caf-4734-8951-21f97bc5ef17
IM00004513,2025-01-16T02:28:26,W015,P00277,SHIP,-46,33187540-b760-41b4-bcfd-b0f1666d8358
IM00004514,2024-05-22T00:36:40,W017,P00584,ADJUSTMENT,11,b87caba8-870b-4c4c-a16a-39ae3336a611
IM00004515,2024-02-21T22:02:24,W001,P00497,SHIP,-8,5c8db2ac-90da-4729-bd16-bfec31ed4a8e
IM00004516,2024-10-09T14:31:23,W012,P00073,TRANSFER_OUT,-47,f36c99d4-bfb5-4818-a74e-2f30554d021c
IM00004517,2025-10-08T19:55:28,W009,P00520,TRANSFER_IN,28,62b4c820-1497-4132-af4b-7f8cec1b95a0
IM00004518,2025-05-09T10:53:01,W017,P00148,TRANSFER_IN,17,5cee40f0-dd91-4292-ae29-e938ed0702b6
IM00004519,2025-02-19T19:05:22,W002,P00218,TRANSFER_OUT,-16,4ebf8210-4c5e-43e4-948c-41145500ad5f
IM00004520,2024-05-08T04:41:29,W001,P00564,TRANSFER_IN,7,b7a6e34e-c08b-40c6-ac5f-762403cff370
IM00004521,2024-06-18T08:29:10,W012,P00086,TRANSFER_IN,9,37629cdd-b738-4ef9-9e6f-9d85029a3c54
IM00004522,2024-05-13T15:16:49,W006,P00557,SHIP,-41,1273da8d-cda4-4908-a51d-5341fff9e0e2
IM00004523,2024-11-12T22:39:22,W008,P00012,SHIP,-8,910c362a-1969-4efb-82cf-99995945501e
IM00004524,2024-02-15T00:21:15,W010,P00550,RECEIPT,9,97df8253-3cc3-4046-825e-0a217b792e5e
IM00004525,2024-10-09T20:11:26,W008,P00165,TRANSFER_OUT,-28,b89f7333-dffc-4a76-abbe-8faab424578f
IM00004526,2024-07-03T16:02:53,W005,P00062,ADJUSTMENT,3,592bce9a-ae6b-4eaf-bb2d-5ceafcc19d69
IM00004527,2025-06-04T06:55:15,W004,P00542,ADJUSTMENT,3,af3ae86b-2e8c-4942-8148-707f997b4117
IM00004528,2024-12-19T09:18:29,W002,P00035,TRANSFER_IN,40,03515f7c-f59e-4b1a-b048-eda4b5ed8326
IM00004529,2025-01-25T09:06:22,W004,P00539,TRANSFER_OUT,-19,915b3e3d-8fc5-4721-b5f9-a1490d005b32
IM00004530,2026-01-23T19:07:43,W014,P00343,RECEIPT,14,55484201-7860-47b8-941a-5cc00de95561
IM00004531,2024-11-15T22:36:00,W009,P00419,TRANSFER_OUT,-39,e2cd09cf-4f34-4c1a-9542-f45055eb3cf0
IM00004532,2025-05-02T20:54:16,W010,P00021,RECEIPT,39,795ec5ad-fcf5-454d-80f6-f229a9b1138b
IM00004533,2025-08-05T22:15:21,W002,P00378,ADJUSTMENT,46,7b090e3e-1865-4856-abb6-9b549e34a4ac
IM00004534,2024-02-23T09:50:26,W007,P00069,TRANSFER_IN,11,e079961d-2f22-4f20-a6c7-d15f0999d331
IM00004535,2025-09-03T13:41:46,W017,P00575,TRANSFER_OUT,-47,ec551a29-1f60-4466-b669-22aa0fdb55e5
IM00004536,2024-03-23T11:24:35,W009,P00486,TRANSFER_IN,12,4fe111f9-b046-417a-af2e-ce3c7b3325af
IM00004537,2024-02-15T08:53:00,W011,P00141,TRANSFER_IN,13,245b036a-85db-462d-84e0-8e91a3d79c75
IM00004538,2025-01-01T23:14:19,W009,P00452,TRANSFER_OUT,-37,24908522-07df-4e6c-b88d-33facbda9923
IM00004539,2024-12-07T09:36:17,W011,P00168,ADJUSTMENT,27,cbaddce4-413f-4f20-9460-f3185b86e5d3
IM00004540,2024-09-23T17:29:21,W014,P00020,ADJUSTMENT,3,6a66abc6-31b6-4682-9b18-f40d73f3107a
IM00004541,2024-11-28T03:45:07,W006,P00480,SHIP,-21,18706299-0cdb-4d0b-a240-e6967c2df3f5
IM00004542,2024-05-05T08:59:21,W015,P00346,SHIP,-19,0c07be43-c158-4dad-835b-2deb8e3a1c78
IM00004543,2024-06-12T02:00:46,W009,P00572,SHIP,-10,509c927a-eab7-42b5-97f0-e03df1d2ba62
IM00004544,2024-06-02T00:36:21,W005,P00147,TRANSFER_OUT,-46,f82b3bec-04d3-43a2-b4a2-a2e92345c379
IM00004545,2025-04-20T00:07:26,W012,P00093,TRANSFER_OUT,-1,100ef853-1ad5-40c7-8b3a-4b123f8f4367
IM00004546,2026-01-29T23:40:36,W017,P00156,ADJUSTMENT,6,9cc659db-ba09-4985-8683-5d774f86958a
IM00004547,2025-06-10T07:52:25,W016,P00518,TRANSFER_IN,38,a91ecd42-6d27-44cf-b478-bab73a3d379d
IM00004548,2026-02-23T04:46:39,W009,P00375,SHIP,-23,c620b2c0-0229-43c5-a72f-0a38f1569c5d
IM00004549,2025-09-25T11:21:36,W014,P00098,TRANSFER_OUT,-38,b9632552-6a09-43c2-958d-44dd536e1af5
IM00004550,2025-04-18T22:06:22,W003,P00380,ADJUSTMENT,15,b964a8a1-2e8a-41d1-9f0d-7e11fbed1e9e
IM00004551,2024-12-25T22:17:02,W012,P00032,TRANSFER_IN,29,f21a6f0a-12da-4be0-b222-7970797f0efc
IM00004552,2024-08-03T22:32:31,W004,P00416,SHIP,-21,cc935c15-ef6e-462e-8ed0-93d09738ad16
IM00004553,2024-12-08T18:33:43,W003,P00131,SHIP,-41,27342186-e32d-4ccf-bb1f-eee5f9bed40c
IM00004554,2025-05-22T06:07:01,W013,P00462,TRANSFER_IN,15,d7c8da17-5023-4c52-90d7-b4ab60a3b346
IM00004555,2025-12-01T17:34:45,W017,P00251,ADJUSTMENT,47,8a473049-6a5a-47c8-a49c-e90c8b4115c7
IM00004556,2024-04-01T06:27:16,W016,P00163,SHIP,-5,6073c202-d1ec-4511-9572-df4c1198ca18
IM00004557,2025-01-28T01:29:24,W007,P00105,SHIP,-34,1f240f1c-0bb3-4ea8-b7e9-b40862e9323d
IM00004558,2025-01-16T19:04:53,W008,P00270,RECEIPT,46,6c1ff3cb-decb-4ebd-ad75-258aed91c584
IM00004559,2025-11-18T08:23:32,W006,P00201,SHIP,-22,3a4c1843-4fde-480e-a18f-7ad4c625a337
IM00004560,2025-02-04T18:03:51,W013,P00314,TRANSFER_OUT,-33,f678ca8e-84f5-49ea-bb2f-ba7f0103bb00
IM00004561,2026-02-20T02:46:18,W005,P00421,ADJUSTMENT,45,c1bcabd1-a2d5-4a61-bc22-1e4fde09eb58
IM00004562,2025-08-01T11:00:45,W013,P00028,RECEIPT,8,08ab75bc-81d7-4f08-9094-e13e333f5ccb
IM00004563,2024-08-30T03:30:55,W001,P00516,ADJUSTMENT,14,b9a7cb58-194f-402f-a296-0d96aca37c04
IM00004564,2024-11-25T23:09:19,W001,P00305,TRANSFER_IN,7,f4a9f2a9-e2d5-452b-9c72-a3f2972256c8
IM00004565,2024-02-28T21:35:38,W007,P00576,TRANSFER_IN,47,fa552b29-d1dd-4d5f-9c25-05f1a31d38b2
IM00004566,2025-10-25T13:45:50,W014,P00332,SHIP,-7,887f3829-a7d6-406f-b51b-f55b88252cf6
IM00004567,2024-04-20T04:04:09,W006,P00025,TRANSFER_IN,30,5c026df6-8f2f-4a30-936e-6e27f095e2ea
IM00004568,2024-03-11T11:20:57,W003,P00148,TRANSFER_IN,48,691c0bfd-6824-45b5-9162-9c49c17bed68
IM00004569,2025-03-04T08:52:45,W010,P00110,TRANSFER_IN,40,3b5fb94c-07df-44ed-8da7-058d27f32ae5
IM00004570,2025-05-30T20:58:55,W002,P00378,SHIP,-26,b0c7a585-e41e-4c54-9889-c6d5f663993a
IM00004571,2025-02-27T09:36:07,W008,P00380,ADJUSTMENT,25,ec5a17d5-e3b2-48ee-9b31-1d13cd146aba
IM00004572,2026-01-30T20:19:44,W001,P00494,RECEIPT,43,dbd091d7-ebc4-41d4-bc34-4c0556343dc0
IM00004573,2024-10-25T19:43:13,W014,P00286,SHIP,-48,9dd76464-9d57-4727-bd6d-75d0fbdc503e
IM00004574,2024-06-10T16:13:34,W008,P00155,ADJUSTMENT,28,013f8936-d7f1-4ae8-b1d4-98c2129c2f10
IM00004575,2024-02-05T08:32:08,W002,P00299,SHIP,-24,c645a761-7bf9-4266-93ed-298d55e3b608
IM00004576,2024-02-10T18:23:20,W002,P00478,TRANSFER_OUT,-33,583375e6-2659-40a2-9d62-dc6fbcef050a
IM00004577,2024-09-24T22:39:40,W006,P00252,TRANSFER_OUT,-23,69082636-06a6-43c3-905d-3abe9bdcb978
IM00004578,2025-11-24T15:53:02,W014,P00593,TRANSFER_OUT,-10,6f4519cb-9de9-4577-ac41-d8a89cbd02df
IM00004579,2025-04-29T09:15:17,W006,P00425,ADJUSTMENT,43,4857ff02-304f-4e48-9c0b-665bc71bec82
IM00004580,2024-02-02T15:13:11,W014,P00028,TRANSFER_OUT,-36,d61ebf44-bfb2-4dcf-8fe1-68659f6c493d
IM00004581,2024-12-23T07:39:25,W008,P00534,ADJUSTMENT,9,a1416cb6-7ea5-414b-97fb-1799b80301fb
IM00004582,2025-03-19T09:18:56,W013,P00040,TRANSFER_OUT,-37,98d7a30d-1f85-44bc-a7af-70a21d3bb774
IM00004583,2024-11-11T07:45:25,W003,P00221,SHIP,-3,52d65c94-241f-4455-be8c-07b92bdcda22
IM00004584,2025-07-15T15:23:15,W013,P00180,ADJUSTMENT,20,357f8026-144e-4af5-8f92-0e22562656bf
IM00004585,2026-01-19T22:38:07,W015,P00375,TRANSFER_OUT,-4,66673d55-0cae-4bf2-ba3e-1e257e0731d7
IM00004586,2025-11-30T11:43:22,W017,P00561,ADJUSTMENT,16,43d340b9-7331-446e-bab0-578a84ed4812
IM00004587,2025-01-03T05:32:24,W010,P00535,RECEIPT,24,89d4a070-1e8a-4a3a-90fc-18cf32a55fcf
IM00004588,2025-06-19T17:17:34,W006,P00426,TRANSFER_OUT,-45,7bc389f2-6dd3-40d7-a897-a7975727f2d5
IM00004589,2024-01-17T23:16:12,W015,P00401,ADJUSTMENT,15,b7cf19e1-b015-4b69-a3bb-9e26efa99253
IM00004590,2025-10-18T15:44:46,W005,P00356,RECEIPT,49,cf56900e-f607-4179-ae67-b0930f3eb156
IM00004591,2025-01-20T04:10:53,W012,P00440,SHIP,-46,f7b418a4-e363-4a81-9fea-f83f8697b323
IM00004592,2024-05-29T09:20:36,W013,P00120,ADJUSTMENT,22,0bdf2416-c155-4d34-9faa-99eeaad8a9b3
IM00004593,2025-09-30T20:36:17,W015,P00331,RECEIPT,2,acf1305f-d4b7-476a-8698-f0ca3f274582
IM00004594,2024-04-02T00:26:39,W006,P00507,RECEIPT,31,696764bb-98ac-4a61-9783-b4e359a72358
IM00004595,2024-07-05T13:53:50,W005,P00469,ADJUSTMENT,27,f851a974-2b80-459d-b5ba-cd70c481759f
IM00004596,2024-04-14T23:11:25,W005,P00276,TRANSFER_OUT,-39,ea5998ca-8ad7-45f1-8454-e8e44e641e77
IM00004597,2025-12-24T23:48:54,W011,P00212,SHIP,-32,acf8194a-ffb3-4420-b0b8-5d058c9837be
IM00004598,2025-11-03T04:35:04,W011,P00415,TRANSFER_OUT,-24,ac65e608-5197-4f01-8e14-b2745914a0a3
IM00004599,2024-03-14T13:52:37,W003,P00241,ADJUSTMENT,39,9ec0c01f-b581-4eeb-9737-36bfdc877c4f
IM00004600,2024-11-12T03:35:34,W008,P00118,ADJUSTMENT,7,a2107584-a8ec-447a-9721-5280912fad2f
IM00004601,2025-01-31T01:14:39,W004,P00482,SHIP,-44,39edb866-de7d-4426-9510-5b708eac7d39
IM00004602,2025-04-19T17:10:44,W003,P00366,RECEIPT,33,1f4b670b-22cc-449a-9fb9-2e71dae0a89b
IM00004603,2025-08-06T21:32:30,W006,P00272,ADJUSTMENT,44,b14a571f-b573-4191-a43f-137783abb083
IM00004604,2025-03-11T05:47:36,W014,P00300,ADJUSTMENT,9,8461769d-f32b-45ca-a560-81e81a1ed0d6
IM00004605,2025-03-06T23:22:15,W003,P00382,TRANSFER_IN,21,02be0a04-6487-4375-bf4f-5dcf1f5fa5e3
IM00004606,2024-09-27T03:41:14,W017,P00312,TRANSFER_OUT,-43,c30a1c2d-590e-462f-bc7f-05631b59b349
IM00004607,2024-05-13T15:58:20,W015,P00218,SHIP,-35,1a3bd091-a769-46ba-994d-f7bbe0386056
IM00004608,2025-02-10T18:49:52,W014,P00095,RECEIPT,34,fcd43cea-0e1f-4da1-a0f1-7b3058fc533e
IM00004609,2025-08-03T07:58:01,W017,P00040,ADJUSTMENT,48,ad10ebac-eab1-48b1-ad68-6a5cac10a48b
IM00004610,2024-02-21T12:00:10,W008,P00569,ADJUSTMENT,37,aa113ce2-473a-4c3a-8ab0-38842ca3b4a6
IM00004611,2026-02-16T07:07:19,W014,P00103,RECEIPT,18,6b620200-1880-4302-a2cc-87daabbcbf3c
IM00004612,2025-03-14T15:37:05,W007,P00590,SHIP,-32,ca0aea3d-7b5d-4a47-a8fe-6cf79a0bbb62
IM00004613,2025-07-16T19:54:46,W008,P00019,SHIP,-6,53b1189f-0269-4ea5-8fa5-4d51b30dec55
IM00004614,2024-02-01T11:03:23,W009,P00108,RECEIPT,24,b4a69806-28e5-414c-af63-87022c45d495
IM00004615,2025-07-24T15:54:59,W001,P00518,SHIP,-12,25563cab-30ed-4440-b30f-27600d879f6f
IM00004616,2025-05-12T07:46:04,W003,P00291,TRANSFER_IN,14,48304dba-9cc7-4300-b4c7-48ffcf7603f2
IM00004617,2024-12-18T23:32:09,W015,P00064,RECEIPT,10,60d4bb7e-1c0a-4553-9fd4-776c965935df
IM00004618,2024-04-28T10:23:00,W008,P00047,RECEIPT,3,a80f4b53-b7d2-452e-be2c-9ec097a7ee73
IM00004619,2026-03-01T21:55:18,W017,P00443,TRANSFER_OUT,-43,0b0ae8ee-bf9e-4862-891c-e70adc90bc84
IM00004620,2024-08-22T18:48:46,W010,P00265,RECEIPT,9,f1b5e0a8-7aaa-41c0-a6d5-984deee00d3b
IM00004621,2024-09-22T07:55:33,W006,P00093,RECEIPT,18,94db2ed9-56ee-4f78-93aa-2ff67e1573bc
IM00004622,2025-09-20T20:24:18,W006,P00047,ADJUSTMENT,27,113ddafc-26e5-40c2-9e01-e44d5a80a630
IM00004623,2025-06-24T22:56:59,W004,P00317,TRANSFER_OUT,-29,a4c11b94-9517-45c2-9941-f2fc6682e108
IM00004624,2024-02-24T03:21:12,W012,P00245,TRANSFER_IN,29,7b9edcbd-1eb3-45de-ad4e-e950b8a15092
IM00004625,2025-02-10T18:57:32,W013,P00172,TRANSFER_IN,41,05ed8373-e2d7-4e12-a544-a48a6bd7af8a
IM00004626,2025-09-01T07:32:14,W007,P00570,SHIP,-2,4a47db9e-0af6-4ad5-a741-61dab086c108
IM00004627,2025-07-23T23:21:23,W013,P00523,ADJUSTMENT,29,f9686e01-376e-4158-97e8-37cb9b329c1f
IM00004628,2025-06-05T17:55:29,W006,P00532,TRANSFER_IN,16,2b5a3dd9-d2da-40df-ae8f-f81a1dff331b
IM00004629,2026-02-28T18:27:18,W008,P00462,SHIP,-32,acb89b8f-5654-4657-8f78-fa465eee1bfd
IM00004630,2025-04-07T08:38:36,W003,P00361,RECEIPT,47,91ef2ab5-dae3-461e-ac11-0d13a754768c
IM00004631,2025-11-24T20:34:14,W009,P00283,TRANSFER_IN,45,c9cdf055-c38f-4613-bd6b-0540ed8405e3
IM00004632,2026-01-13T21:24:46,W013,P00570,TRANSFER_IN,47,38e11e70-1cc1-4c83-9f97-554dc9c72a51
IM00004633,2024-10-18T14:41:14,W005,P00424,RECEIPT,39,d0e532da-20f1-4032-bdfc-b61a7589af17
IM00004634,2024-08-21T12:05:54,W009,P00267,ADJUSTMENT,35,3f88302d-030e-45bf-a654-41ad24aa7f6e
IM00004635,2024-06-07T05:54:39,W002,P00527,TRANSFER_IN,40,3a918d5a-20c8-4c56-84a4-797c7fba0fdb
IM00004636,2025-06-06T17:27:26,W007,P00285,RECEIPT,2,67355980-12f7-4abc-b5cd-13a7b32638d4
IM00004637,2024-04-10T07:57:48,W014,P00416,TRANSFER_OUT,-22,9db80777-9ffa-4c77-8722-d91ac41e5553
IM00004638,2025-05-28T21:46:42,W003,P00598,RECEIPT,10,19b26dbd-4bee-4701-a77f-9da3fa75fd3d
IM00004639,2025-08-12T21:17:49,W002,P00166,ADJUSTMENT,33,192e8402-60f6-48a3-afd9-f28f5631b859
IM00004640,2024-01-22T05:28:24,W002,P00419,ADJUSTMENT,6,51cb0476-8d3f-4cfd-93d6-3fc3e49c3ca6
IM00004641,2024-12-13T20:56:45,W014,P00574,TRANSFER_IN,48,a6313417-6f92-4382-aa79-44506a9afad5
IM00004642,2024-02-06T21:33:18,W011,P00242,RECEIPT,36,b274984f-e5a8-45aa-a06b-d7b6b4995a76
IM00004643,2025-11-03T22:48:41,W009,P00542,TRANSFER_IN,14,721bf126-e613-46e9-81d4-535bf32f0f4c
IM00004644,2026-02-17T15:19:58,W005,P00029,TRANSFER_IN,3,584cfdd6-da38-4b70-93c5-5d7c799457fe
IM00004645,2025-04-15T06:10:33,W017,P00222,TRANSFER_IN,12,41617abd-e02a-4df5-aa2f-500297a926cb
IM00004646,2024-03-11T14:44:58,W016,P00099,TRANSFER_OUT,-32,b75bcdda-3fdf-4b3b-8b18-efdc2d49980c
IM00004647,2025-10-17T23:31:21,W010,P00386,TRANSFER_OUT,-1,384fbe1f-78be-4d14-85b6-8c445f48c5b4
IM00004648,2025-11-05T15:01:16,W006,P00513,ADJUSTMENT,40,0969b33d-0703-429e-acb2-7fe7122445a8
IM00004649,2024-04-17T06:05:43,W007,P00046,TRANSFER_OUT,-29,e8e5b368-647f-4f5c-b1c5-b36277411789
IM00004650,2025-02-17T19:56:42,W004,P00590,RECEIPT,5,c814ec5d-592e-40c7-ab15-ca31ba3276a5
IM00004651,2025-11-14T09:24:52,W001,P00272,ADJUSTMENT,31,659dee76-02db-40ef-92bd-a2cb4d0672ed
IM00004652,2024-01-28T01:59:58,W009,P00461,TRANSFER_OUT,-24,68b472cd-57af-4ffb-8b47-933afb781097
IM00004653,2024-01-23T01:29:58,W001,P00240,ADJUSTMENT,31,f50522d2-1b18-4940-b916-ec1631053069
IM00004654,2025-11-24T17:24:35,W009,P00242,ADJUSTMENT,41,fcae36f8-b406-4c68-ac1c-56980fe08efb
IM00004655,2025-12-01T22:18:43,W015,P00324,RECEIPT,47,fba8836c-692c-4151-bebe-82ac8fe10b1b
IM00004656,2025-03-07T14:36:06,W012,P00486,ADJUSTMENT,34,ea56c678-185a-4d8e-bdb7-4fe4887c7ad2
IM00004657,2025-08-03T02:30:01,W011,P00231,TRANSFER_IN,9,14b86564-8675-474a-8086-15c9704c548d
IM00004658,2025-12-30T07:21:18,W006,P00194,TRANSFER_OUT,-14,c506f46b-ea10-45d9-be9d-732573098c60
IM00004659,2025-05-20T18:17:04,W001,P00316,SHIP,-32,efc122c1-a188-446d-bcb0-8cf919ab01ae
IM00004660,2024-06-07T23:58:47,W002,P00318,TRANSFER_IN,40,ac4c53b8-8a90-435d-b06b-6dc85a59af68
IM00004661,2026-02-19T04:16:11,W007,P00474,ADJUSTMENT,45,0812f1b0-6f44-4205-abaf-ee57311ad6a1
IM00004662,2025-04-04T04:05:47,W009,P00511,ADJUSTMENT,40,4f239b64-e1f3-420a-bf31-5bbfe4aecf66
IM00004663,2025-02-21T08:40:39,W008,P00444,SHIP,-28,397397ad-cdd5-4a76-ab00-f4167892506b
IM00004664,2025-01-01T20:56:53,W006,P00233,TRANSFER_IN,10,b603bb3f-0e39-473a-8a1e-c14653f5c09c
IM00004665,2025-01-13T03:26:36,W006,P00461,SHIP,-9,095b7e7c-a903-4ea4-9ca1-e9d39475dc8c
IM00004666,2025-12-02T14:05:03,W007,P00492,TRANSFER_OUT,-42,f0d16613-98eb-47d8-8a62-48e745229178
IM00004667,2025-12-26T18:22:16,W009,P00191,RECEIPT,16,e71f2d67-292a-49a7-aa78-c5ac6d9b242d
IM00004668,2025-08-30T11:25:21,W005,P00199,TRANSFER_OUT,-28,2577491c-f182-413c-8b08-842f11d29ec2
IM00004669,2024-10-03T08:55:38,W007,P00480,TRANSFER_IN,36,3909aeba-bee5-4a45-b4e6-be9f0f443637
IM00004670,2024-08-27T01:54:55,W012,P00568,TRANSFER_IN,45,951191b3-d255-42b4-ab07-23b9ffa524ab
IM00004671,2025-01-23T06:25:34,W013,P00462,ADJUSTMENT,28,5f7071b5-e0a9-4e02-8f4d-64e9a160e496
IM00004672,2024-08-31T07:24:10,W015,P00089,ADJUSTMENT,21,64a0d7d4-e699-4f1f-8202-26411fdfe2ac
IM00004673,2026-01-13T11:07:34,W010,P00078,TRANSFER_IN,33,68a21e13-3b7b-486e-a5ce-77c078200920
IM00004674,2024-05-16T20:36:32,W015,P00240,TRANSFER_OUT,-37,3558bf03-88c4-4f16-a210-a8e7bc13670d
IM00004675,2024-11-01T21:21:10,W004,P00047,TRANSFER_OUT,-42,1e30e064-3b95-4aaa-b896-3f0f99b07db5
IM00004676,2025-03-01T15:42:09,W010,P00373,ADJUSTMENT,31,3a531aee-ec95-4ad3-bfdd-1c49af6ac187
IM00004677,2025-10-22T21:17:29,W001,P00519,ADJUSTMENT,8,e3defe40-5cbd-4228-a7e4-8781b20d65f4
IM00004678,2025-09-11T17:59:44,W014,P00356,TRANSFER_OUT,-47,7a6b3ced-e2d3-4d5a-b806-b1b2abe8482c
IM00004679,2024-06-12T23:29:02,W004,P00007,RECEIPT,13,d70e752b-ed34-41c3-ad53-163f4a847d79
IM00004680,2025-07-10T16:16:37,W007,P00056,TRANSFER_IN,20,2cd0694d-c2b7-48db-beb9-f512e806033f
IM00004681,2025-06-11T09:36:58,W006,P00570,TRANSFER_IN,41,028350b3-6bd1-466d-8877-7eeb43b73c45
IM00004682,2024-01-04T23:22:42,W006,P00213,TRANSFER_OUT,-42,9fb30921-e6f6-43dd-8b5f-8baabf45fe13
IM00004683,2024-11-20T06:16:12,W014,P00202,ADJUSTMENT,31,6e6c966f-b94b-4fcf-80b0-b17420e45165
IM00004684,2024-11-30T02:28:37,W015,P00566,TRANSFER_IN,23,babeff3b-3275-4e5b-a193-6fd0df81008a
IM00004685,2024-10-14T16:24:19,W016,P00534,ADJUSTMENT,31,db5eb55c-43b2-475f-8a34-b08c199bfb4d
IM00004686,2024-07-30T22:28:35,W012,P00340,TRANSFER_IN,3,9dc45924-2c58-44de-b3c1-26ab0a9ebe5c
IM00004687,2024-11-20T00:07:58,W014,P00179,ADJUSTMENT,39,b6a80352-6a13-44bd-a799-36221497e6fb
IM00004688,2024-03-28T20:46:30,W011,P00237,SHIP,-34,db72d265-f633-4b9e-bde3-e0b0023283d5
IM00004689,2024-12-11T08:48:02,W009,P00339,TRANSFER_IN,14,35b7f73a-e6c7-49ce-a727-41d4f0c84a06
IM00004690,2025-08-11T03:08:26,W010,P00074,ADJUSTMENT,10,a58bd0ef-c13c-4424-8e5f-14a4a3cbb929
IM00004691,2025-07-03T13:19:43,W007,P00559,RECEIPT,14,63f1edb8-4b38-45d6-b7db-4cd5026e833b
IM00004692,2024-06-29T07:38:27,W005,P00222,TRANSFER_OUT,-29,2d5de50a-c979-40e0-a3b6-0fb5d6ee5ad5
IM00004693,2025-04-24T19:10:19,W013,P00483,TRANSFER_IN,25,447475e3-6f97-4396-a5ee-a0177bb727ad
IM00004694,2024-05-29T05:21:52,W004,P00459,ADJUSTMENT,8,a84adcab-740c-4fd0-bff3-df789addc180
IM00004695,2024-07-03T21:37:27,W011,P00086,TRANSFER_OUT,-18,94a4fa76-a70f-44d5-9a92-5d29f7e02fcd
IM00004696,2024-07-08T01:49:02,W004,P00089,ADJUSTMENT,9,9dc5e90f-9ce0-481e-9959-df36c10db89f
IM00004697,2025-05-16T01:50:38,W001,P00095,SHIP,-10,1c708514-bf55-499a-a57a-21fb078d7c56
IM00004698,2024-11-08T15:07:46,W013,P00450,RECEIPT,14,e40add90-3c4f-49e0-b740-878b85dc592e
IM00004699,2026-02-25T14:12:15,W015,P00390,ADJUSTMENT,4,ef1050de-2890-4dd1-a1c2-61f5691c1202
IM00004700,2025-10-26T22:46:25,W015,P00279,TRANSFER_IN,46,24f0c7e5-4c68-4080-bc97-3c83d090a5e3
IM00004701,2025-03-27T10:39:34,W016,P00182,TRANSFER_IN,45,800d8d9e-b86a-4abe-baa1-81a67af726de
IM00004702,2025-07-28T10:25:31,W010,P00182,TRANSFER_IN,39,648e873d-a077-4044-b7f0-17093c0e0368
IM00004703,2025-11-30T03:32:04,W014,P00482,TRANSFER_IN,4,41dc475c-a6ea-4e3d-af87-d16e2ebb3869
IM00004704,2025-12-18T11:51:20,W017,P00436,RECEIPT,33,2e504422-f677-4c35-a444-cf0403cd48e3
IM00004705,2024-09-16T17:46:39,W004,P00337,SHIP,-45,5ba6b5c2-a51a-4d24-ad9a-21d1188e62fe
IM00004706,2025-10-19T21:37:56,W011,P00477,TRANSFER_IN,35,fffa320f-7c4b-493f-b4e4-0283dc2d4071
IM00004707,2025-09-11T07:30:44,W012,P00175,SHIP,-29,de8c2663-ea27-495e-b5b4-59ca853f4a0e
IM00004708,2025-02-23T17:22:09,W004,P00573,ADJUSTMENT,46,534d776b-3e5a-435f-8fd3-8817916b1e45
IM00004709,2024-09-16T08:14:18,W004,P00020,SHIP,-35,dd20521e-fe7c-439a-bb08-dfd0ed387a34
IM00004710,2025-07-30T09:36:49,W009,P00305,TRANSFER_IN,29,f6154ecd-6bfa-4bdf-8b78-38bcdfa80076
IM00004711,2025-10-03T09:08:19,W017,P00021,TRANSFER_OUT,-20,63c59fe4-b139-48f1-a3f4-72bb98a5f62a
IM00004712,2024-12-25T23:17:16,W001,P00365,ADJUSTMENT,38,f66bf1d4-8b66-47d0-832d-86adf9b1ca67
IM00004713,2026-02-27T08:35:54,W007,P00010,SHIP,-31,838eaf0d-0174-48d3-b887-ffd25b822b59
IM00004714,2024-06-29T10:27:44,W008,P00193,SHIP,-24,bcd18e00-6534-4c61-b964-e880ba5391d7
IM00004715,2024-06-28T04:02:53,W009,P00211,TRANSFER_OUT,-45,401f4f2a-9314-4e87-aa51-fc7505afd172
IM00004716,2024-07-17T01:57:25,W008,P00081,RECEIPT,33,3f1b6cd5-445e-42e7-b985-53c54e2d924d
IM00004717,2025-03-24T00:25:27,W015,P00261,TRANSFER_OUT,-49,f9144da0-39c5-4685-90ef-31a8fa3cf377
IM00004718,2025-07-07T08:41:26,W006,P00391,TRANSFER_IN,36,03661402-183d-4eb9-b09f-7a44491e2dff
IM00004719,2026-01-09T23:17:08,W012,P00021,RECEIPT,39,499b25a9-94c3-460d-9f56-5ed49739e2ad
IM00004720,2025-07-25T23:46:44,W007,P00352,TRANSFER_OUT,-42,b5f1992e-5ee2-4c01-ab57-1dd0cce0ae19
IM00004721,2026-01-22T22:59:05,W011,P00165,SHIP,-32,779fab80-2d1c-4a26-93d5-bcd508af91df
IM00004722,2025-04-19T19:39:48,W007,P00392,TRANSFER_IN,1,8ca488f7-19a3-4ad9-a1a1-b188be832015
IM00004723,2025-12-06T18:03:41,W002,P00243,RECEIPT,24,e8d1a664-dd37-4d91-8815-c69304ed9e73
IM00004724,2024-10-02T01:40:44,W011,P00408,TRANSFER_IN,19,3dbf6015-1d7a-42ea-ac27-823a27e063cb
IM00004725,2025-12-24T01:20:08,W014,P00140,SHIP,-46,fea5f09e-688b-4027-aa26-dc91c6f5f06b
IM00004726,2025-09-17T04:29:16,W002,P00497,SHIP,-37,8cc79c05-bb6a-42b1-8bb9-143232ff62a2
IM00004727,2025-12-10T00:47:49,W011,P00364,RECEIPT,28,8f69ca72-e4de-4b61-b17c-92ffe8670e07
IM00004728,2026-02-26T21:12:48,W005,P00306,TRANSFER_OUT,-4,710bde3d-48e8-4f02-91cf-9bc021471eef
IM00004729,2026-01-27T07:45:06,W010,P00493,TRANSFER_IN,28,f59ea71d-8dc7-4845-9179-4317abce89b7
IM00004730,2025-04-08T11:11:40,W002,P00213,SHIP,-8,d8d126cc-c78b-4d25-afa4-9fd366f6dddc
IM00004731,2024-07-07T21:44:24,W012,P00569,TRANSFER_IN,29,e3c60f39-5d66-4274-9181-464277a14eb0
IM00004732,2025-04-09T22:20:45,W009,P00290,SHIP,-3,47cff5a9-2f5e-4003-818e-55b66357cced
IM00004733,2026-01-23T04:44:41,W001,P00528,RECEIPT,28,b5f85fb8-f54f-4f5a-a92e-2208f8d9ba9c
IM00004734,2025-12-31T21:56:13,W007,P00323,ADJUSTMENT,39,4f411bed-b8af-4858-8378-2d9fa8c00994
IM00004735,2025-08-12T01:13:04,W017,P00085,TRANSFER_OUT,-29,6bc6ae93-0a38-46fb-a200-f8833110a252
IM00004736,2024-07-15T04:14:08,W003,P00140,RECEIPT,41,3a7629d7-1c5c-4717-80a2-de3e109cf9c2
IM00004737,2025-06-04T21:59:00,W015,P00482,RECEIPT,10,84ced906-6211-410e-afb7-5c6a8d9d7128
IM00004738,2024-07-29T20:42:02,W017,P00484,TRANSFER_OUT,-47,0b217b69-80d3-4bf2-b899-f318042aa918
IM00004739,2025-08-09T06:01:00,W014,P00449,SHIP,-17,fe220acf-4ac5-4565-beb8-62aec5c855cb
IM00004740,2025-12-25T01:35:35,W009,P00188,TRANSFER_IN,32,18d266bc-b5f2-4f3d-a920-30ef9c8ad919
IM00004741,2026-02-02T13:23:24,W001,P00097,RECEIPT,30,cc78c7a8-8934-40bf-892b-fde990e3a610
IM00004742,2025-06-26T01:41:33,W006,P00035,TRANSFER_OUT,-49,6a95566d-3136-46a0-b168-b73858a03473
IM00004743,2026-01-15T04:35:51,W001,P00204,TRANSFER_IN,21,41b1453c-4c17-4d12-83bb-9dea8116dd2f
IM00004744,2024-12-28T15:54:49,W012,P00091,ADJUSTMENT,23,3177c2d1-873e-417f-af00-c8e8a50494dc
IM00004745,2024-07-23T12:23:00,W014,P00209,TRANSFER_IN,44,e9d3114c-e5ce-460a-9228-d02eed31d2a9
IM00004746,2024-09-12T17:06:15,W010,P00436,TRANSFER_OUT,-3,89ce8e22-8a4f-48a0-847a-cb1dc7fec4e7
IM00004747,2025-03-02T05:38:24,W009,P00131,SHIP,-42,213bab2c-04d6-4f15-bb09-8fc53839379f
IM00004748,2024-06-03T17:56:57,W007,P00063,ADJUSTMENT,22,90bfdea4-1929-4d77-b707-31608332faa4
IM00004749,2024-04-03T13:47:57,W006,P00485,TRANSFER_OUT,-20,866f3b4a-f8e0-405d-9c6c-500ff1cb229c
IM00004750,2025-07-16T22:47:16,W003,P00234,TRANSFER_IN,11,f9e076d0-9eb2-41ea-802c-7394b640e9f4
IM00004751,2025-10-10T22:37:56,W012,P00476,TRANSFER_OUT,-34,c1368846-d6d5-45f5-91eb-8c5738dbbb3d
IM00004752,2024-06-07T13:08:24,W016,P00146,TRANSFER_OUT,-24,aeea5863-4a3a-4cb6-af5a-f92be4ae7a1e
IM00004753,2025-06-08T01:08:14,W009,P00323,RECEIPT,26,80c9ea3d-e52b-4647-998a-45a20cda6f4a
IM00004754,2025-10-09T23:28:56,W009,P00089,ADJUSTMENT,40,2ed35a93-52fb-4137-9db2-90d83f740bc0
IM00004755,2024-01-09T16:48:01,W002,P00011,SHIP,-4,b3bf6c51-aeac-4067-87ff-b6099f1f48a5
IM00004756,2025-05-26T09:27:40,W015,P00391,TRANSFER_OUT,-29,91a8be64-3795-4d36-9643-a84c51429671
IM00004757,2024-10-27T14:31:48,W008,P00535,ADJUSTMENT,13,bc62a5e3-2633-491b-b3cd-87bc5b97f210
IM00004758,2025-09-23T10:09:01,W017,P00207,TRANSFER_OUT,-15,c8f41b6b-248b-45da-8089-b79bbb8db5ab
IM00004759,2026-01-14T15:37:50,W010,P00092,ADJUSTMENT,18,028fb945-e237-4f3c-b24d-63ecb0f65abd
IM00004760,2025-11-06T13:22:17,W008,P00131,TRANSFER_IN,16,29504b17-cf4a-4b32-804a-7e5c0ebe4431
IM00004761,2026-02-23T02:18:11,W014,P00507,SHIP,-37,04f02fa7-c47a-4674-b224-f042e9e1bd2a
IM00004762,2025-04-24T06:02:28,W007,P00564,RECEIPT,1,0cb89931-d457-4cc0-8f14-4691642aab83
IM00004763,2025-07-04T12:13:21,W015,P00447,RECEIPT,10,0a412b11-5f95-4192-9ad5-7f284a428dde
IM00004764,2024-12-20T01:02:28,W005,P00516,ADJUSTMENT,6,09b7eb3c-b01c-4ca1-8344-78dc744a747a
IM00004765,2025-08-05T01:46:21,W012,P00166,ADJUSTMENT,11,01b2ff51-b452-4391-b4a0-38e649a12dc1
IM00004766,2025-11-21T20:21:49,W013,P00118,TRANSFER_IN,10,f13215f9-4061-47fd-b66e-6a6484c5107e
IM00004767,2025-07-08T17:29:40,W008,P00213,ADJUSTMENT,2,6e3a7d7d-3585-430c-87f2-52ccbfb3e733
IM00004768,2026-02-03T11:33:24,W011,P00291,ADJUSTMENT,41,1bede272-3888-4de1-8b8b-7815ed2b7268
IM00004769,2024-04-28T11:15:51,W013,P00158,TRANSFER_OUT,-29,c53c577d-d6ed-430c-bca2-7db7ebd10fce
IM00004770,2024-06-19T19:26:33,W003,P00451,RECEIPT,1,c5ec94f6-8bb3-4b1c-9f8e-12dedb77c08a
IM00004771,2024-06-29T16:31:58,W005,P00537,ADJUSTMENT,11,fac5df7f-4887-446a-82b3-8034409ec6a6
IM00004772,2025-09-21T15:09:14,W004,P00440,TRANSFER_IN,3,9c111ea6-0768-4cac-86e3-7da240db05b0
IM00004773,2024-04-28T07:07:22,W017,P00400,SHIP,-45,d229783f-3b01-4cb6-ac68-78cb7accb252
IM00004774,2024-10-21T06:08:39,W013,P00588,TRANSFER_OUT,-4,144c177b-5c8f-406e-8a7d-ffcfff16df7a
IM00004775,2024-08-10T01:04:32,W008,P00528,TRANSFER_IN,30,54b61c86-20c7-45b5-ba53-aca0f8af9ee7
IM00004776,2025-06-07T02:40:16,W009,P00169,TRANSFER_IN,30,aaec2dc6-c5c5-4cd5-b5c3-7c316620d475
IM00004777,2025-11-02T07:12:57,W008,P00376,SHIP,-22,076c3b2e-d777-4db8-a94f-9c4b9e928d66
IM00004778,2025-03-01T03:32:43,W002,P00179,TRANSFER_OUT,-21,c1486bb3-05c0-41c7-ad9f-273279c406f7
IM00004779,2025-03-23T03:22:58,W009,P00537,TRANSFER_OUT,-5,d2db3823-16f5-4e31-8ec9-7e807c0875b4
IM00004780,2025-07-26T23:25:49,W010,P00535,ADJUSTMENT,33,20fec573-8dea-4a87-9aa2-e1cdbb5ab381
IM00004781,2025-06-05T09:42:32,W003,P00221,ADJUSTMENT,40,a514f647-d3fe-4fc8-936f-d6b5f7c3beee
IM00004782,2024-05-23T04:48:08,W012,P00018,RECEIPT,17,9437d7f0-84f2-4e05-a042-76211fdc4d6a
IM00004783,2024-03-12T13:23:16,W003,P00476,RECEIPT,46,cf865184-bb37-4d14-ba07-a46bdc510490
IM00004784,2025-07-31T01:22:38,W004,P00128,TRANSFER_OUT,-21,14f30421-a31d-4b28-8033-b82ee0af2b17
IM00004785,2024-11-12T01:05:05,W001,P00156,ADJUSTMENT,26,2ff5261c-395f-4c38-809a-547f34e2470e
IM00004786,2025-11-18T16:17:03,W008,P00007,ADJUSTMENT,29,ce46c831-c80d-4bd7-aa67-f87e3bb30a27
IM00004787,2025-04-30T06:18:56,W013,P00282,ADJUSTMENT,35,c3c8e7ba-87d1-4cd6-9f77-c12b4bdf2f40
IM00004788,2024-12-12T06:09:29,W003,P00471,RECEIPT,30,2731ecc7-5e29-4d2f-b860-8a2c8a7d2ca0
IM00004789,2025-12-05T13:10:11,W011,P00260,RECEIPT,10,3a15a00d-5a42-4c32-b95d-380479dca319
IM00004790,2025-01-12T09:09:56,W010,P00353,RECEIPT,24,ad1ff8f0-a4c0-4098-9c45-a2a6191a3e19
IM00004791,2025-12-28T00:34:45,W003,P00221,SHIP,-24,928970b3-91cb-4579-867d-19973f2503e2
IM00004792,2025-04-01T02:47:31,W007,P00078,SHIP,-30,e30ee20c-beca-4fff-af46-05ade246afb1
IM00004793,2024-06-18T06:26:40,W009,P00217,RECEIPT,23,43afcb74-c321-4687-b50b-98c660fd86c0
IM00004794,2024-05-19T00:07:48,W004,P00403,TRANSFER_OUT,-4,66a2e759-d136-4899-b722-d23f343270fc
IM00004795,2025-01-29T11:30:32,W009,P00481,RECEIPT,6,04a62710-7799-406a-b855-181cd7cca578
IM00004796,2024-08-07T04:44:42,W008,P00001,TRANSFER_IN,18,45b476e6-3cd9-463a-b2a4-1024c1941d7e
IM00004797,2025-12-17T03:18:55,W008,P00242,ADJUSTMENT,17,7cbb72ae-c133-4f80-a15f-6aecd8e86f33
IM00004798,2025-06-29T19:23:44,W011,P00036,SHIP,-18,dcd6cd6d-d016-4e5a-bec2-63227b02aafc
IM00004799,2025-12-03T05:36:54,W009,P00190,TRANSFER_IN,37,64355123-fa1a-4c9e-ac8c-af388d4c156f
IM00004800,2025-03-10T09:21:25,W003,P00140,TRANSFER_IN,17,b457ac11-df8c-4611-9d5c-1a3fd76a6d58
IM00004801,2024-04-16T14:13:43,W016,P00316,RECEIPT,22,fe679f1a-82f4-4203-84ce-3ebc6f3a88ab
IM00004802,2025-07-29T01:28:35,W005,P00263,TRANSFER_OUT,-47,58bc46cd-c358-4fa1-ac80-173f554506b1
IM00004803,2025-01-15T11:19:16,W005,P00035,RECEIPT,33,3cb4ab25-37df-4de9-ac73-e13b651bfd91
IM00004804,2024-06-02T15:12:11,W003,P00282,TRANSFER_IN,45,dc138949-93f6-46ec-a49a-a329eaa0a10a
IM00004805,2025-05-06T21:38:43,W013,P00048,TRANSFER_OUT,-41,f85024ae-6464-4633-bace-0e6f290c48e2
IM00004806,2024-12-25T22:48:44,W016,P00056,RECEIPT,33,44f559c6-c5c4-45c5-a049-2178b27c63b8
IM00004807,2025-11-19T21:01:00,W001,P00288,ADJUSTMENT,34,a9ea6d5c-ca9d-408e-9a7b-d4b4ae5b9a3b
IM00004808,2024-07-12T09:12:49,W016,P00527,TRANSFER_IN,6,cfb13384-f346-48aa-8113-fc450a1fefd6
IM00004809,2025-09-29T15:30:52,W011,P00089,TRANSFER_IN,5,c0c7af45-de91-4a3d-bac5-8eca16a267f5
IM00004810,2025-12-22T21:31:41,W017,P00100,TRANSFER_IN,32,fbe6b655-f8ef-4154-a12f-92fbd264d91f
IM00004811,2024-06-04T15:49:01,W012,P00469,SHIP,-39,461a43c2-ae54-45f1-a5ac-48a6a01f89f2
IM00004812,2025-07-09T20:42:48,W008,P00265,TRANSFER_IN,1,46944702-9707-4249-b280-cbe99d9c2095
IM00004813,2024-03-04T17:37:42,W004,P00360,TRANSFER_IN,10,4ad4c3d8-88ac-4880-837d-dbeeba273ce8
IM00004814,2025-12-10T19:38:26,W015,P00463,RECEIPT,40,f37e803c-e811-4aea-bb0c-34ba42e10d36
IM00004815,2025-10-22T22:11:12,W016,P00091,RECEIPT,4,431a1270-b695-4162-ae24-90b68edc88a4
IM00004816,2024-08-01T20:07:36,W007,P00578,SHIP,-31,a37fcebb-4bd3-4f87-846b-3217da949db3
IM00004817,2025-12-17T18:57:36,W004,P00535,TRANSFER_OUT,-4,f180241d-f94b-4e82-a440-d553a5875d38
IM00004818,2024-05-15T00:55:39,W006,P00287,SHIP,-11,c4a89544-f5f2-4eb1-af4c-3c02c16f8f20
IM00004819,2024-01-12T23:36:31,W002,P00008,TRANSFER_OUT,-6,6a90579a-bf87-4546-be78-4f4339db39c9
IM00004820,2025-07-09T13:34:35,W013,P00130,SHIP,-40,4266c179-428d-4fbd-ae3b-5fea384a562f
IM00004821,2025-01-11T16:08:03,W007,P00114,ADJUSTMENT,9,ab9c5956-03c0-4f34-96ab-e33719dd588e
IM00004822,2025-10-25T06:47:09,W003,P00436,ADJUSTMENT,10,d2d2ea9e-4606-4f26-8eef-6d4fe5c9e90a
IM00004823,2025-05-25T10:31:03,W005,P00045,TRANSFER_IN,40,4e1a6ecb-eb9a-444a-a775-fe8ec02c4ced
IM00004824,2025-04-12T22:51:00,W002,P00177,TRANSFER_OUT,-27,0bf828af-b109-4ad1-8b64-6253357f3c59
IM00004825,2025-06-15T18:43:17,W016,P00598,ADJUSTMENT,5,c0d60d67-eaea-4706-8fe7-bfc4b42957ae
IM00004826,2026-03-01T12:19:56,W017,P00122,RECEIPT,16,291b7ebf-ddf1-46f5-bae7-8b5e363042e6
IM00004827,2024-06-03T04:56:41,W016,P00399,SHIP,-38,ab957a09-a954-44ac-b6ef-ff5faae30dd1
IM00004828,2024-02-26T18:45:44,W014,P00386,TRANSFER_OUT,-8,ddc36162-809a-4b96-acef-526c1b12a57c
IM00004829,2025-06-18T07:51:31,W015,P00031,ADJUSTMENT,12,f44715b4-570b-47f4-9669-9fb484fa4ebd
IM00004830,2024-11-09T13:22:16,W014,P00331,TRANSFER_IN,37,656f5501-5eb0-4773-b3af-d4870d87dd08
IM00004831,2025-04-01T00:49:36,W002,P00011,TRANSFER_OUT,-16,d12201a3-82cb-4c67-abb3-9b0f36fe80fa
IM00004832,2025-01-17T17:35:52,W009,P00387,TRANSFER_IN,44,056915dc-2cc4-416e-8377-bd6b05c0471b
IM00004833,2024-03-31T03:22:18,W002,P00264,RECEIPT,41,df0399e9-7649-413d-a86d-59b5d11f263a
IM00004834,2024-11-07T18:59:20,W002,P00264,RECEIPT,18,7ba04582-ec84-4d2f-8bef-b9e9d7156d8d
IM00004835,2026-01-30T19:55:08,W012,P00250,RECEIPT,22,d953d8b4-1cf0-41e0-ac29-877a9b7331b5
IM00004836,2024-09-29T03:41:58,W008,P00493,SHIP,-23,053b224d-c5b7-4084-81d6-070b7f9aaa8a
IM00004837,2024-01-19T00:37:19,W010,P00032,ADJUSTMENT,46,17291eb5-8fec-4737-a414-3af4f6e1ac6f
IM00004838,2025-03-04T13:53:16,W003,P00435,ADJUSTMENT,34,a2b11b9f-40f9-4c53-ac17-6502dfe8b923
IM00004839,2026-01-09T19:56:44,W011,P00043,TRANSFER_IN,4,d2d1c405-b381-40ae-9f5d-e8296b3e7052
IM00004840,2025-10-06T03:59:30,W016,P00382,ADJUSTMENT,1,d288b1cb-cfcb-4914-bb6c-1de11efcaec6
IM00004841,2025-07-08T01:45:30,W017,P00547,TRANSFER_OUT,-28,5efcca7d-a103-4d11-a038-fcf87c860b0a
IM00004842,2026-02-02T02:33:52,W003,P00105,SHIP,-20,ada27e85-9b87-4423-a7e6-593bf9b32e91
IM00004843,2025-06-22T22:00:34,W014,P00027,SHIP,-13,9fe5faeb-8724-4115-bb92-446cc4903d21
IM00004844,2025-07-20T23:04:46,W004,P00290,SHIP,-34,0093ed48-8972-4e41-ba04-a42a039ba4bd
IM00004845,2025-11-03T22:31:12,W010,P00002,TRANSFER_OUT,-15,b962da52-690d-47a3-af8f-c4b9d27c39e5
IM00004846,2024-01-07T07:40:33,W006,P00290,RECEIPT,32,79b50fe2-bad4-48f2-841b-44186daee261
IM00004847,2024-12-26T11:16:48,W013,P00017,ADJUSTMENT,13,75817f7c-8441-4c4c-ae58-8db2a760743e
IM00004848,2024-02-10T13:48:42,W011,P00170,RECEIPT,28,47889f2b-7f97-4cd3-be02-c254d72a726e
IM00004849,2024-07-30T03:06:31,W012,P00031,RECEIPT,23,c6f63119-9559-4066-97e7-054d2a1a114c
IM00004850,2024-02-08T21:33:32,W007,P00443,TRANSFER_IN,11,5ddf4edd-f481-44ea-ae63-b07e9a73625a
IM00004851,2025-05-01T21:05:49,W004,P00178,TRANSFER_OUT,-13,6a557b70-1597-41fb-92c1-1626ee476da9
IM00004852,2025-07-22T16:15:28,W009,P00469,ADJUSTMENT,45,90fa2ff6-0733-4d4a-8682-c23fd7cba74b
IM00004853,2024-07-02T09:43:32,W016,P00534,TRANSFER_IN,33,63979cc9-e43b-4ac8-a512-9aaf03b20973
IM00004854,2025-09-11T15:38:13,W012,P00311,TRANSFER_OUT,-5,c59fb039-fced-413b-be77-1aa1d21ec298
IM00004855,2025-08-10T20:33:54,W014,P00530,SHIP,-26,5b4d39cc-ab9f-44fb-be73-e37971901d74
IM00004856,2025-09-20T23:17:38,W007,P00142,TRANSFER_IN,45,0454282f-ac5b-4014-ad6a-fc0fbda9be6b
IM00004857,2024-10-08T03:22:04,W001,P00316,ADJUSTMENT,38,3cefa2ab-73c9-4b31-9518-77e6daf0489a
IM00004858,2024-08-03T11:46:17,W005,P00577,TRANSFER_IN,4,f6f9e67d-f150-4311-b9ee-71e05c1128b1
IM00004859,2024-06-08T19:31:59,W003,P00047,ADJUSTMENT,43,a4eb6de5-de12-4433-8453-8929ec0f36d2
IM00004860,2025-12-18T16:38:59,W005,P00070,ADJUSTMENT,24,665aa51a-2464-4203-a27c-1055f174b030
IM00004861,2024-08-30T15:35:10,W003,P00304,RECEIPT,30,b346894d-61af-4a3a-93ab-044a712f5396
IM00004862,2025-02-14T17:59:54,W003,P00004,TRANSFER_OUT,-46,02698a5d-6c03-4b02-91e0-7904195db09f
IM00004863,2024-11-03T20:11:56,W013,P00427,RECEIPT,42,46aecd80-6c14-4e57-9f2a-4755d9ea1483
IM00004864,2025-09-14T04:00:17,W013,P00268,ADJUSTMENT,49,47df809b-3e60-4562-9312-10c9d050530f
IM00004865,2025-04-07T02:20:41,W014,P00291,RECEIPT,34,38d4c7ef-d774-429e-b0ec-4a4bc4ebe932
IM00004866,2026-01-13T23:59:22,W009,P00098,ADJUSTMENT,39,37c9fdfc-0ddd-45a7-95f4-28344a33af46
IM00004867,2024-03-12T12:09:56,W001,P00415,TRANSFER_IN,1,bd308135-3931-402a-bd3e-b7bffa86a8b2
IM00004868,2024-10-21T21:24:38,W001,P00517,TRANSFER_IN,25,f064bc3e-73d4-4916-8967-36f96153a32a
IM00004869,2026-02-06T03:18:02,W015,P00284,TRANSFER_OUT,-5,ee6b53d3-7e88-4772-a659-e690451f4237
IM00004870,2026-02-06T09:56:20,W006,P00449,TRANSFER_IN,21,2c050f8a-520e-4d3d-9017-95385d446605
IM00004871,2025-05-20T13:33:12,W017,P00422,TRANSFER_OUT,-27,2c0cc43a-60fa-420b-8d76-2b5b0ca32f28
IM00004872,2024-08-15T22:34:50,W014,P00316,TRANSFER_IN,40,cc8482cb-dacc-4405-a53e-007012cd485e
IM00004873,2024-10-21T01:15:43,W007,P00594,TRANSFER_OUT,-4,b8be29aa-7ec4-4967-b781-c4a0b36f1c96
IM00004874,2025-04-27T09:10:23,W010,P00397,RECEIPT,18,4804e342-8640-4209-bd12-4e4fd550bfaf
IM00004875,2024-10-26T03:26:45,W016,P00202,TRANSFER_OUT,-38,140ec125-518c-4a2a-9a36-799e30f28264
IM00004876,2024-02-01T22:04:21,W013,P00059,TRANSFER_IN,7,fb17074b-5a9b-4078-ac68-18211442bf0f
IM00004877,2025-10-10T17:43:16,W013,P00036,SHIP,-21,cdac7241-80c7-466b-9994-5cc2fbfbbe8a
IM00004878,2024-12-20T15:01:15,W007,P00326,TRANSFER_OUT,-30,5a955979-5e91-447a-ba10-5611d5694f37
IM00004879,2025-03-30T09:16:47,W006,P00033,RECEIPT,26,a0059877-3f9c-4be5-a13a-3e879537513b
IM00004880,2024-10-11T07:42:11,W005,P00025,SHIP,-42,6948be3f-9d84-4458-8fb2-729af7906aee
IM00004881,2024-11-27T14:23:50,W001,P00237,RECEIPT,15,1a4e3b30-c0cd-4039-82d7-7264a4cb2eb4
IM00004882,2025-03-20T15:16:48,W005,P00578,ADJUSTMENT,40,60511db8-781a-41ce-8322-7ec8cd99dc7c
IM00004883,2024-12-16T04:16:48,W007,P00136,SHIP,-11,3cb58e9b-283a-476a-86ec-29d096dc3249
IM00004884,2024-04-09T07:23:41,W010,P00506,TRANSFER_IN,34,03cb76a1-366a-44c0-a936-c6283cc676cc
IM00004885,2026-01-24T19:20:06,W013,P00402,TRANSFER_OUT,-44,3c293af9-947d-47f9-b2fe-4f95e153bae7
IM00004886,2025-08-22T00:51:48,W002,P00192,SHIP,-36,cb4b1117-d313-481d-9f9a-ef3aa9dfdec4
IM00004887,2025-10-14T06:48:02,W016,P00170,TRANSFER_OUT,-44,3b7eb0cf-b23c-4b31-9682-4ea9ad3f7ab2
IM00004888,2025-09-25T01:21:16,W003,P00411,TRANSFER_IN,4,b8f48283-c8a6-4426-9d74-362b80c1de79
IM00004889,2024-08-19T18:34:01,W013,P00593,TRANSFER_IN,25,6f4e717c-cbf4-4e98-94c3-ae2bbb3aaf99
IM00004890,2025-10-08T20:50:09,W001,P00459,ADJUSTMENT,9,7a65c113-562b-47b4-997d-a8408a5cda90
IM00004891,2024-12-19T22:29:58,W002,P00215,RECEIPT,10,4fb9f67c-6134-44df-850a-6d7f9818389c
IM00004892,2024-05-17T06:46:30,W008,P00344,RECEIPT,20,5b8aee20-8a37-4a01-ab71-0949c3183374
IM00004893,2024-08-14T22:20:01,W007,P00453,ADJUSTMENT,3,c38d24f4-b564-4a49-9afd-9b135bfcf382
IM00004894,2024-04-11T21:58:11,W006,P00549,ADJUSTMENT,25,9ca742a5-451c-4be1-98e1-a3de50b87989
IM00004895,2024-03-31T19:36:26,W004,P00404,RECEIPT,42,39953725-01ee-4d62-909e-26a076c6f07f
IM00004896,2024-01-22T06:02:26,W013,P00125,SHIP,-11,7bb2abc8-4318-4033-a9d0-575a64313728
IM00004897,2025-09-20T07:26:18,W017,P00169,TRANSFER_IN,37,a915ceca-acf1-498e-b6a2-67fe2eb45acf
IM00004898,2025-11-29T08:27:29,W010,P00109,RECEIPT,43,7255ff14-269c-4201-9ea4-138765eef0bc
IM00004899,2024-10-14T18:38:47,W012,P00300,RECEIPT,29,1582c7a2-756e-461e-b953-565d930726c8
IM00004900,2024-09-08T12:07:22,W006,P00231,TRANSFER_IN,34,6887c681-e84a-440f-b780-1c2db12a4756
IM00004901,2025-12-22T20:08:21,W007,P00527,RECEIPT,7,e5a8dfd5-ccfc-47cf-b2bc-9e07438e3c53
IM00004902,2025-03-26T20:10:53,W007,P00470,TRANSFER_OUT,-15,b40bd9c9-57a4-46c2-8c63-7268d4cf5ae1
IM00004903,2024-03-01T03:26:35,W002,P00117,TRANSFER_IN,40,44dcecac-8dc0-4bce-be2d-c6dcab7913ca
IM00004904,2025-05-06T20:41:55,W006,P00306,TRANSFER_IN,11,dfab13f0-4a93-4874-a2e2-1d3af1eec106
IM00004905,2024-05-01T10:19:53,W011,P00394,TRANSFER_OUT,-49,419ca5d6-4a11-4565-b65b-e59badb64d7a
IM00004906,2024-07-09T15:55:23,W013,P00551,ADJUSTMENT,45,ffe6c17a-12b3-4d15-98c9-f9a13d8c53d8
IM00004907,2025-06-12T17:23:57,W015,P00083,SHIP,-49,510adbe9-f2b6-49c2-b65c-493462b2b355
IM00004908,2026-01-19T11:42:22,W011,P00390,SHIP,-37,1331bd4b-b403-4400-98ab-4ce10c66b8f8
IM00004909,2025-01-09T12:01:02,W014,P00148,TRANSFER_IN,18,8e1d0d56-ac6a-415c-913d-160f78785128
IM00004910,2025-08-31T13:21:56,W004,P00462,RECEIPT,2,97dce990-9437-4072-8241-bc9b81c9780a
IM00004911,2024-04-09T09:53:55,W005,P00100,TRANSFER_OUT,-6,8f814ba0-a432-40c4-9088-bec43a55b5d2
IM00004912,2026-01-25T10:44:12,W016,P00390,TRANSFER_IN,12,d5ff4b44-2d6d-4d8a-bd09-adf7695aa014
IM00004913,2024-01-09T22:27:27,W001,P00050,SHIP,-15,948b13e9-d6a3-452f-a3a7-be603168ba21
IM00004914,2024-02-21T12:20:02,W009,P00341,TRANSFER_IN,23,5bca3207-aada-460d-ad0a-1efdca50dfa8
IM00004915,2024-10-09T06:32:28,W007,P00568,RECEIPT,44,7522839f-056d-4feb-b1e7-eca4f9107ee9
IM00004916,2024-07-09T15:02:30,W016,P00010,SHIP,-30,857fef52-d803-42be-928a-de2cc4ad97b1
IM00004917,2024-11-12T16:39:32,W005,P00344,TRANSFER_OUT,-3,9eba3177-ae4c-4492-8326-cdafe4a3920e
IM00004918,2024-04-14T02:34:26,W014,P00171,TRANSFER_OUT,-22,0297a84a-376d-4088-bf33-a43701344f47
IM00004919,2024-11-19T06:04:38,W003,P00253,TRANSFER_IN,19,07554f98-ea6b-44dd-b20b-3f32e1bd8c9d
IM00004920,2025-01-05T04:11:27,W008,P00040,RECEIPT,13,b63d4849-b4d3-41f7-9ddc-56bfaf1ca357
IM00004921,2025-07-22T14:16:07,W002,P00498,TRANSFER_IN,39,30d83d59-f9a9-4dd8-bdd2-c38cc8ac9808
IM00004922,2025-07-31T07:56:41,W005,P00124,RECEIPT,13,65a28044-877d-44d6-b9c2-0ec80db1c66a
IM00004923,2025-04-28T19:13:47,W011,P00346,TRANSFER_OUT,-24,c7569e9e-8628-4e3d-9a2c-962d420ead1b
IM00004924,2024-08-31T14:35:16,W004,P00482,TRANSFER_OUT,-24,d1688c70-5041-4d24-9115-63028b9bdfe4
IM00004925,2026-01-04T21:12:07,W015,P00348,ADJUSTMENT,39,6d4186cb-49ae-4dd5-bb48-d8e312cb0c9d
IM00004926,2025-03-23T23:33:43,W014,P00456,SHIP,-16,38931470-1c0b-4984-9af7-b695559460f4
IM00004927,2024-03-04T02:18:32,W014,P00411,TRANSFER_IN,5,8c3fe44c-212e-4da7-903a-bb1c524d9cab
IM00004928,2024-07-09T02:07:25,W004,P00586,SHIP,-23,2ba10835-5f7e-4cb7-9a01-0f8e6cd1a1bf
IM00004929,2024-02-10T09:42:18,W004,P00458,SHIP,-23,44315cde-d838-49b7-9f11-89c9bba98f34
IM00004930,2024-02-03T20:16:37,W007,P00069,TRANSFER_OUT,-22,0101be94-5607-4679-86a5-f8d07a89654a
IM00004931,2024-09-09T00:11:55,W002,P00201,TRANSFER_OUT,-13,116264f7-6b2a-42d5-8627-989b420148d8
IM00004932,2026-01-11T10:57:02,W013,P00413,TRANSFER_IN,3,4ad1cd4a-bb65-4401-a9ca-66a06e5f8c64
IM00004933,2026-01-25T22:53:57,W011,P00427,ADJUSTMENT,26,fff54703-bc8e-4697-8d34-1da850f43d43
IM00004934,2024-08-27T02:01:49,W001,P00269,SHIP,-41,200a6ab4-d632-4116-b8f5-40b56dc4cabc
IM00004935,2025-01-22T09:44:32,W007,P00394,SHIP,-31,4dfa892a-7657-4143-884f-4842f622bf04
IM00004936,2024-09-16T10:18:31,W008,P00492,RECEIPT,10,c103360c-1bc9-4122-8ff6-2e41ec5dc265
IM00004937,2024-06-08T03:20:58,W004,P00033,TRANSFER_IN,45,fa12190c-7727-43ec-a22b-fea17e6b4b12
IM00004938,2024-04-21T13:42:48,W007,P00132,ADJUSTMENT,19,4d8004b8-16c8-4c2f-8e9d-553827e79d39
IM00004939,2024-06-06T22:28:16,W002,P00418,SHIP,-12,820ef3e3-6e8c-4334-970d-3fa7cdf38089
IM00004940,2025-09-30T07:29:21,W010,P00150,TRANSFER_OUT,-46,636049be-0559-452e-83fd-bdac13803553
IM00004941,2025-07-13T18:25:27,W003,P00257,TRANSFER_IN,7,2162184e-3613-4567-b03c-b5a28068375a
IM00004942,2024-09-02T01:16:07,W015,P00238,ADJUSTMENT,33,a4d70e9d-9917-432f-967c-4e93888b64f2
IM00004943,2025-04-01T19:15:39,W012,P00029,RECEIPT,19,c5c91f19-7d08-426a-abb9-682685ec375c
IM00004944,2025-06-02T01:38:35,W015,P00002,ADJUSTMENT,46,8b44dbaf-eb11-43d8-ac84-5dc44608e8d8
IM00004945,2024-09-02T06:58:06,W004,P00369,TRANSFER_OUT,-24,b16084e0-fce4-44c3-94ca-aba55a8eb83c
IM00004946,2024-03-10T20:23:41,W008,P00385,ADJUSTMENT,22,d29c6275-581c-48b3-9909-c3ba6333c185
IM00004947,2025-09-23T21:02:56,W012,P00055,TRANSFER_OUT,-7,e604f1c2-dfb2-4367-b10e-3e382d491149
IM00004948,2024-07-12T19:59:38,W006,P00189,ADJUSTMENT,3,fe21ee85-497a-4e22-bbf0-bb08e926644a
IM00004949,2025-10-21T06:26:37,W006,P00358,TRANSFER_OUT,-15,264bae17-271d-4c43-8859-5d34d9fa6360
IM00004950,2024-01-17T14:04:14,W002,P00231,RECEIPT,3,0589f109-89d5-4013-9350-a0ae98244cd7
IM00004951,2024-01-26T14:47:40,W016,P00507,RECEIPT,10,fd52a0d7-28f7-45a4-9ed3-82d49adb2814
IM00004952,2024-06-19T09:36:59,W011,P00050,SHIP,-1,92d8931f-b337-4688-b191-54fbc270e054
IM00004953,2024-12-06T13:36:29,W004,P00031,RECEIPT,16,18900058-2e45-4875-8522-1f5b511c31bd
IM00004954,2026-01-17T13:23:20,W011,P00579,SHIP,-9,c5da1be6-02c8-4d11-8905-981c2ebaae78
IM00004955,2025-02-13T04:24:54,W006,P00282,SHIP,-32,53cfcf72-2d83-403f-8c2d-25a17e09a828
IM00004956,2024-10-21T17:09:52,W016,P00124,RECEIPT,27,d691bb03-809f-462e-8153-3a21e6ff2f02
IM00004957,2025-01-06T17:14:52,W005,P00388,TRANSFER_IN,35,441ccc47-a0eb-4152-b55d-ff95980469cb
IM00004958,2024-06-27T00:28:29,W010,P00070,TRANSFER_IN,23,269f81de-3801-4d07-ac90-b0e60aabb3cd
IM00004959,2026-01-30T14:26:43,W012,P00534,TRANSFER_OUT,-48,2b7b169b-2279-4e51-ae39-4863452641a3
IM00004960,2024-01-16T07:45:23,W004,P00475,ADJUSTMENT,35,a450fd79-ac66-48e4-97af-981dae93a634
IM00004961,2024-09-07T10:41:25,W017,P00343,ADJUSTMENT,44,ea54c798-5f6a-4754-89cb-7fb7b7300d20
IM00004962,2025-01-11T22:11:22,W015,P00249,TRANSFER_OUT,-5,7fb70789-7e90-42a8-a3e6-78429e3533b5
IM00004963,2024-04-19T15:56:20,W006,P00176,ADJUSTMENT,7,d31b1dd7-f155-4d8c-8972-a7f8249bf269
IM00004964,2024-06-01T01:16:13,W003,P00005,RECEIPT,21,2a2d604d-f9d2-49eb-9de9-44e8cb77803e
IM00004965,2025-01-24T03:46:13,W011,P00014,ADJUSTMENT,9,539e99db-c9fd-4942-8fe2-fd3df7bd83d9
IM00004966,2025-08-19T20:22:54,W007,P00530,RECEIPT,40,e64bec50-8ee2-4576-8349-21aa7b3cd5d7
IM00004967,2025-08-03T09:37:24,W009,P00579,RECEIPT,14,35781c29-6c40-4f55-8506-7a0c54a6f084
IM00004968,2024-10-15T17:02:18,W015,P00174,SHIP,-47,c74eefa8-6db2-41bf-ad96-d420027f4cd4
IM00004969,2025-05-19T03:57:05,W009,P00352,TRANSFER_IN,35,48f49e48-d8bc-49e2-8cee-1536220efea7
IM00004970,2024-07-12T07:27:41,W004,P00287,TRANSFER_IN,35,cfdf3acb-6bfe-4a85-8b65-6ee0d53faaba
IM00004971,2024-06-27T05:24:08,W010,P00084,RECEIPT,20,04aa84c5-562d-48ec-916c-820a3f6f323b
IM00004972,2024-04-12T04:13:06,W016,P00401,TRANSFER_OUT,-38,7875e3a2-9bbb-4742-a7ed-187b6c431b0b
IM00004973,2024-12-21T07:00:41,W016,P00099,TRANSFER_OUT,-21,0f7ddecd-37a0-429b-ac32-ebda355f4c71
IM00004974,2025-03-30T11:33:24,W016,P00126,TRANSFER_OUT,-13,0aab4ef6-fd8f-420d-93b3-4e026333674b
IM00004975,2026-01-02T19:39:27,W008,P00511,TRANSFER_IN,26,43807005-7917-48fc-84d2-85bdc7ad6a77
IM00004976,2025-01-29T23:02:08,W007,P00027,TRANSFER_OUT,-34,3ec4341d-5be6-4844-8cc5-1a303f8f9f61
IM00004977,2025-02-22T19:59:21,W005,P00389,TRANSFER_IN,5,09eb892c-4ecf-43ed-b087-fb49351cb281
IM00004978,2024-02-19T17:32:04,W007,P00131,TRANSFER_OUT,-13,6fc4d904-dd43-41aa-befe-07d75695a66e
IM00004979,2025-01-04T00:20:09,W011,P00589,TRANSFER_OUT,-27,dfef8629-362c-4b41-b413-7e5b0f1c9c16
IM00004980,2025-01-18T22:29:34,W013,P00218,TRANSFER_IN,1,5ea47ef9-ad23-4022-90f8-2400e1fea01c
IM00004981,2025-12-11T05:36:46,W009,P00577,TRANSFER_OUT,-15,cd1e9114-85c5-4372-af24-646a99ce7f23
IM00004982,2024-07-28T15:28:33,W010,P00122,SHIP,-20,f375a2b8-7c70-44bb-b4c1-c743996db610
IM00004983,2024-09-06T02:50:46,W004,P00201,RECEIPT,4,98c7469c-dbe7-4892-89a7-c7d3960945d8
IM00004984,2025-09-21T19:02:38,W012,P00229,TRANSFER_OUT,-32,1556c8df-5c9d-4aa4-9cfd-830b701d8737
IM00004985,2025-04-23T07:07:53,W014,P00248,ADJUSTMENT,21,e0c84e98-1b21-4907-a606-fe72a956dfcc
IM00004986,2026-01-09T13:41:38,W004,P00313,ADJUSTMENT,11,e1daa135-7f50-40ab-a40d-e315ebe2b48a
IM00004987,2024-03-26T21:07:39,W009,P00326,ADJUSTMENT,20,8ba96147-1870-4afd-8afd-226d09b47325
IM00004988,2025-10-03T15:24:34,W014,P00529,RECEIPT,15,b0dadaf2-57af-4e87-8898-af9f17d4daf5
IM00004989,2024-08-04T12:22:15,W016,P00561,TRANSFER_OUT,-25,1efb47ad-afe2-4b52-8a02-6fcf0f959f60
IM00004990,2024-08-24T21:24:27,W014,P00245,RECEIPT,28,99e50440-c4e8-49b8-88ad-41187a259965
IM00004991,2025-10-09T19:48:17,W016,P00038,RECEIPT,25,ae46aaab-a1b6-40e2-915f-7ea3b15045ad
IM00004992,2025-04-07T13:04:08,W010,P00523,SHIP,-20,45f7a06d-5b28-4896-aa2c-3ee9acfec218
IM00004993,2025-08-31T01:10:46,W017,P00300,SHIP,-35,5d9110c0-e2c8-4e81-9026-d8bf66d061b0
IM00004994,2024-02-15T03:30:11,W002,P00185,ADJUSTMENT,30,215879d1-ff89-487a-b1f7-586764e359d0
IM00004995,2025-04-21T13:54:12,W013,P00429,TRANSFER_OUT,-33,8b246c89-4463-4791-bbdc-9d842aeb0b13
IM00004996,2025-08-18T15:04:14,W013,P00378,TRANSFER_IN,33,9784e3ce-7ce5-43e4-b42d-e4260c68a92a
IM00004997,2025-09-27T11:11:33,W001,P00306,SHIP,-1,e71cbbb9-8acb-48fc-97e3-1a21e93b05af
IM00004998,2025-09-16T22:40:12,W012,P00339,TRANSFER_OUT,-31,abd04b66-de0a-4422-8287-84ea1e27bec5
IM00004999,2025-07-20T11:59:10,W011,P00128,RECEIPT,46,fb4a1b51-8b53-4f75-ac17-76486d1f4d0f
IM00005000,2024-05-08T20:24:46,W001,P00489,TRANSFER_IN,15,1070a77b-c9a4-46fd-8ba1-11c79766efcd
IM00005001,2025-12-05T01:16:00,W010,P00220,ADJUSTMENT,19,6f3c5c1c-6692-4f16-afa5-0c05162a3d0b
IM00005002,2025-10-29T09:05:35,W011,P00231,TRANSFER_OUT,-15,737747ae-3fdb-4e49-a8ef-0322c11a71de
IM00005003,2026-02-26T08:24:16,W010,P00518,SHIP,-47,d8e2b3b8-7749-4f0e-a813-571e4e9b4105
IM00005004,2024-10-29T14:54:00,W009,P00336,RECEIPT,22,c4d91250-655d-4379-91a4-6cf9a3803171
IM00005005,2024-11-01T00:10:00,W005,P00258,SHIP,-29,c82af4f7-1aeb-4ee5-9975-39f039b636c3
IM00005006,2024-05-09T16:56:25,W015,P00266,TRANSFER_OUT,-39,d30c2c48-05d9-47ef-bb3f-472eaa243c91
IM00005007,2024-05-26T21:49:12,W003,P00062,ADJUSTMENT,18,0e251d7e-b90d-42d3-b34c-9c333c4d1fa2
IM00005008,2025-07-25T01:35:52,W009,P00320,TRANSFER_OUT,-20,cfd97778-a502-466e-aca5-4b733e479efe
IM00005009,2025-04-21T00:21:06,W001,P00098,TRANSFER_IN,40,9c698966-a1ba-44d1-9b7c-11b070d86d9c
IM00005010,2025-04-18T15:19:46,W003,P00534,ADJUSTMENT,7,7476fc43-12ba-47fd-9a09-b26656032944
IM00005011,2025-06-20T02:59:32,W005,P00573,SHIP,-26,fa72f4bf-efb4-467b-ba07-dc65cda76606
IM00005012,2024-07-19T09:37:55,W002,P00470,SHIP,-30,42d4309b-6cab-48b6-866c-67c5f03d044f
IM00005013,2024-07-14T09:33:38,W009,P00547,RECEIPT,21,33bc44f6-1ae7-4f9f-b9b4-fe0cbf68d1b6
IM00005014,2024-12-23T00:15:16,W012,P00027,SHIP,-5,fa9d8821-823a-40ef-95cf-77b0de548e5a
IM00005015,2024-01-03T16:54:50,W006,P00578,TRANSFER_IN,18,9830dcd9-1388-4e7d-a5e5-5e654499b6f3
IM00005016,2024-09-07T15:52:42,W016,P00423,ADJUSTMENT,30,852c8b3c-aa52-4cde-8d0d-fc810ceaa97b
IM00005017,2025-05-25T19:38:53,W014,P00423,RECEIPT,39,7f8ed46b-976e-4678-b9a2-75b4785dcef8
IM00005018,2024-12-10T23:03:05,W005,P00042,TRANSFER_OUT,-24,8ff3efb1-a42b-40a4-bdb3-4f638d2c1530
IM00005019,2025-01-05T18:24:04,W009,P00238,TRANSFER_OUT,-43,e3f794ff-cf0a-4d73-bfee-04dee98e7f57
IM00005020,2024-12-22T14:48:57,W003,P00291,SHIP,-13,2db85589-b4ca-40dc-9ea4-d2c4dbf56556
IM00005021,2025-05-26T11:44:28,W003,P00311,ADJUSTMENT,44,207e184c-b79e-4205-b728-2934381cb7e4
IM00005022,2024-06-09T05:22:57,W004,P00381,TRANSFER_OUT,-4,791c6fdf-bf94-4e17-9837-a258609d4d4f
IM00005023,2026-01-23T21:08:11,W003,P00415,RECEIPT,11,52e0712a-78e5-4087-afae-d6df01406150
IM00005024,2025-05-08T18:59:33,W008,P00119,RECEIPT,4,dd648eaa-de33-4f28-8c75-18206e0dca9e
IM00005025,2024-08-30T06:01:40,W015,P00510,TRANSFER_OUT,-39,172e4b0c-486e-4d4d-93d8-7e4d5dc94e34
IM00005026,2025-02-13T12:06:48,W002,P00370,SHIP,-3,207bd4a2-8a9e-4c57-846c-5f8936cf5329
IM00005027,2025-03-16T06:28:41,W011,P00177,TRANSFER_IN,46,af32a91a-2eff-495f-ac93-9e4dbf1d6e7d
IM00005028,2025-05-30T13:14:23,W003,P00237,SHIP,-30,e56d9026-a827-4ada-bc3e-feb3822ce785
IM00005029,2024-07-08T09:34:59,W012,P00314,SHIP,-11,17b91d75-d78b-4adf-af8c-dca47f806f89
IM00005030,2024-10-16T02:28:23,W013,P00358,TRANSFER_IN,6,61ec34d0-e680-499a-bb03-19761be47b23
IM00005031,2025-04-01T13:08:20,W009,P00470,ADJUSTMENT,12,2fecfde1-955d-4298-824b-5a9888662bbe
IM00005032,2026-02-26T13:10:36,W007,P00192,RECEIPT,28,62408061-81f8-4ddc-a128-65552bb2eb38
IM00005033,2024-03-23T15:47:57,W015,P00236,ADJUSTMENT,33,233ce636-2c42-48a9-a7ee-55a2b6ebf561
IM00005034,2025-01-01T08:47:01,W006,P00230,ADJUSTMENT,21,cbd32684-8f86-4a59-b27d-25e71e2f3ca0
IM00005035,2025-11-26T13:52:55,W013,P00456,TRANSFER_IN,1,4784e535-f8ab-4964-81cd-74087fcb1cbe
IM00005036,2024-09-13T18:07:49,W004,P00365,ADJUSTMENT,25,15627f78-ba7a-443a-b27d-62c0271727a1
IM00005037,2025-01-24T05:23:59,W003,P00513,SHIP,-44,fde3006c-f961-4119-a9ba-54c8f2b874f1
IM00005038,2024-08-27T16:27:52,W017,P00596,TRANSFER_IN,31,3a7ee8ab-9a07-4f04-8b52-f73383b08506
IM00005039,2024-06-22T08:51:17,W017,P00336,TRANSFER_IN,13,bfd52e11-e6ed-4fcc-b171-a500fa723553
IM00005040,2024-10-28T05:24:09,W016,P00184,ADJUSTMENT,12,7eef9c5b-1fe6-48bd-aa04-0cc70797bb2d
IM00005041,2025-03-08T21:56:48,W009,P00322,SHIP,-13,5afac0f7-fb26-457a-8dea-5e0a75cd0d1b
IM00005042,2025-05-29T04:00:29,W002,P00552,SHIP,-1,95c05ebc-d953-4515-94b9-9584034c8e4e
IM00005043,2025-12-17T03:51:45,W017,P00171,TRANSFER_IN,48,7569763f-26cb-4bf9-a6a4-4dc0d7c6aa23
IM00005044,2024-04-12T03:55:52,W009,P00591,RECEIPT,23,5c2b2828-641b-443d-866d-0af44595a1c5
IM00005045,2024-07-22T21:47:45,W008,P00550,TRANSFER_OUT,-47,fc472b1e-5e8e-4df0-94d9-2c610e98da1b
IM00005046,2026-02-09T16:43:10,W002,P00513,ADJUSTMENT,10,e45f9536-ae1c-4198-950a-c1778f54711c
IM00005047,2024-03-17T15:34:29,W012,P00572,TRANSFER_OUT,-27,dc37e6e4-6cea-4a03-b23c-86c45caf6f46
IM00005048,2025-11-16T09:37:48,W009,P00541,TRANSFER_OUT,-28,272def12-8249-4d49-ab0e-ef0a105d4f20
IM00005049,2025-09-06T07:01:54,W017,P00069,RECEIPT,4,9968f404-1dfb-4cec-8029-7c97bed64948
IM00005050,2025-05-22T20:43:31,W005,P00081,ADJUSTMENT,21,90dcb6f1-01f4-4156-9a35-d46d9c0778c4
IM00005051,2025-11-16T14:00:38,W003,P00574,RECEIPT,34,ad6761ab-a10f-402d-b05f-fc0aaa595e0f
IM00005052,2025-10-20T05:13:26,W016,P00278,SHIP,-4,e26ae29b-9e5c-4a45-a3f2-434f4f6fe7bf
IM00005053,2025-08-30T04:10:28,W009,P00455,TRANSFER_OUT,-18,ed1f2185-8f5f-467f-bcd9-e632463c0d40
IM00005054,2024-08-14T11:19:46,W007,P00034,SHIP,-1,adabe62b-d9b9-40d9-b9ee-e8661cf02b72
IM00005055,2024-02-04T01:58:49,W013,P00232,ADJUSTMENT,25,f382cf6f-d34e-41e9-ac99-892de23bc5c8
IM00005056,2024-08-21T09:26:10,W010,P00254,TRANSFER_IN,22,281ffa4b-8b8b-4131-8146-2af748fe36d4
IM00005057,2024-08-22T02:03:56,W012,P00260,TRANSFER_OUT,-49,b234022c-69f1-4784-aae6-78551c70b82e
IM00005058,2024-05-17T05:30:28,W001,P00554,RECEIPT,24,eba1a2fa-30e9-414c-819f-dac95f9f29fa
IM00005059,2025-04-19T12:41:41,W001,P00192,ADJUSTMENT,12,2d548f41-ae4f-4aed-81fb-d557439e9895
IM00005060,2025-09-03T09:30:11,W003,P00511,TRANSFER_OUT,-37,d409ef11-7af3-4db1-99a6-65dddf9a10bd
IM00005061,2024-10-23T08:05:04,W002,P00371,ADJUSTMENT,3,1c91c85e-5d13-42ba-bc75-968372b56432
IM00005062,2024-10-03T17:04:54,W002,P00529,SHIP,-42,5164deb4-6d03-423c-8fbb-be64a647bd35
IM00005063,2025-10-04T23:55:42,W016,P00563,RECEIPT,33,dafc23be-61cc-4aa4-a4cc-2194c7f697c4
IM00005064,2024-12-09T00:13:50,W014,P00381,TRANSFER_OUT,-45,6124e33d-c261-4625-ae29-8ed3ed74f351
IM00005065,2024-02-15T11:00:52,W011,P00372,TRANSFER_IN,45,7c2ade9c-6266-4a76-aaf4-09306533d036
IM00005066,2024-04-02T08:58:49,W002,P00462,ADJUSTMENT,25,87c5641f-e17b-4c98-a9f3-5cf5d0b110cf
IM00005067,2025-01-05T13:55:44,W015,P00217,RECEIPT,28,28e012f6-5833-463b-ae29-b43d4d1ef350
IM00005068,2026-01-09T12:25:31,W009,P00140,RECEIPT,6,39fd51c2-23d4-4442-8091-27d33e86215f
IM00005069,2025-02-23T12:26:39,W009,P00549,TRANSFER_OUT,-48,367fc86d-1979-4dd5-8d03-195f6f378e97
IM00005070,2024-12-07T21:26:24,W010,P00548,ADJUSTMENT,45,25ed99a2-e26b-4af0-955c-a6ec9edc90c9
IM00005071,2025-04-07T17:05:28,W007,P00499,RECEIPT,9,440c9452-e354-41b1-a63d-0fff873e7b6b
IM00005072,2024-05-05T17:57:52,W005,P00164,TRANSFER_IN,6,abcfc9e8-a7bb-4034-92e3-8cb10e632043
IM00005073,2026-01-30T02:22:52,W009,P00231,SHIP,-1,730a7e61-15dd-402c-b9d9-4ab5a2fa2506
IM00005074,2024-09-24T07:05:57,W007,P00135,TRANSFER_OUT,-6,d6393045-5391-4792-9a29-a2090e620c30
IM00005075,2024-12-18T03:32:46,W006,P00296,ADJUSTMENT,30,6e163ef9-ffc5-4093-a64a-7b96049d59b9
IM00005076,2024-01-28T17:52:21,W008,P00119,SHIP,-44,b7d1038e-a517-436d-8e91-d3b48d28508b
IM00005077,2024-06-27T05:58:03,W009,P00117,ADJUSTMENT,16,0eb5194d-8685-4e31-84d5-04cb2e5c71cf
IM00005078,2024-01-30T23:05:36,W001,P00455,TRANSFER_OUT,-42,ba044125-889b-42aa-9228-59ac087532bf
IM00005079,2025-07-21T11:16:49,W014,P00467,SHIP,-39,03e00ab0-51d2-47c0-a740-7f709ee73f76
IM00005080,2024-10-09T04:23:37,W010,P00330,ADJUSTMENT,42,4924bbca-643e-4808-a5e2-1e5ce8fae020
IM00005081,2025-09-29T18:27:18,W005,P00553,ADJUSTMENT,19,da371143-0b82-411e-873b-5b35b3fd489a
IM00005082,2025-10-02T21:28:14,W008,P00169,ADJUSTMENT,9,ccc7a5b7-bc77-4cb9-9db0-5ef91a944143
IM00005083,2024-08-24T16:04:52,W002,P00428,RECEIPT,14,c33facf0-e71b-4352-980f-c64cd100a492
IM00005084,2024-11-14T00:32:33,W011,P00184,ADJUSTMENT,13,1032b324-a5cf-4f8b-b6ca-5ae63347b9f6
IM00005085,2024-11-13T09:34:48,W005,P00387,TRANSFER_IN,4,e0e68da4-281b-4112-98b2-a82add85389b
IM00005086,2025-07-01T07:49:39,W006,P00575,TRANSFER_IN,36,186d16a4-022e-427a-ae9b-fc2efdf860c5
IM00005087,2024-02-04T08:07:41,W008,P00180,SHIP,-8,ec1a70d1-c833-4279-8bda-1303ae69616c
IM00005088,2025-01-28T14:49:37,W006,P00275,RECEIPT,16,f687954a-0e5c-42bb-b36e-273193dfb15d
IM00005089,2025-09-17T03:44:14,W004,P00082,TRANSFER_IN,44,c48f0517-b04a-4055-a300-d4b867068fa5
IM00005090,2024-07-29T11:26:20,W009,P00015,SHIP,-10,0e308da8-c74b-46b9-a438-b133fa2118dc
IM00005091,2024-01-04T00:07:44,W005,P00317,SHIP,-29,2d9ba813-b281-40fa-94f5-5a27c8437f49
IM00005092,2025-08-04T01:03:57,W006,P00319,ADJUSTMENT,32,c9829640-ea8c-4c51-9d5b-87f05116eea9
IM00005093,2025-12-23T17:55:55,W017,P00003,SHIP,-13,6adba889-2f44-477c-9162-68aea81f7ac4
IM00005094,2024-02-10T00:12:20,W015,P00043,TRANSFER_IN,41,3d53fb4d-d888-4393-8012-36cbac81db09
IM00005095,2025-02-04T09:19:01,W005,P00514,ADJUSTMENT,36,0dde5ca1-44c9-46b6-9589-e0251a488a0e
IM00005096,2024-11-13T04:21:55,W013,P00544,SHIP,-27,4134246c-5ca3-42b6-9dca-aa70da6ee8e7
IM00005097,2025-09-24T16:06:43,W006,P00040,TRANSFER_IN,23,83b372a5-8404-4a23-abba-c452d58edbfa
IM00005098,2025-02-23T08:43:40,W004,P00299,TRANSFER_OUT,-5,16eba9f4-2629-4417-8355-8953c7c73007
IM00005099,2025-12-13T23:27:16,W013,P00560,RECEIPT,38,b82b4cbc-d9e1-4708-a97a-b2c234d2d9b3
IM00005100,2024-02-10T17:37:21,W001,P00486,TRANSFER_IN,5,cf8a0484-53bc-4eb5-95eb-8bf65fd779ae
IM00005101,2025-07-31T11:29:29,W006,P00556,ADJUSTMENT,32,41ab5533-b612-4fb3-9f90-5eebc5c76895
IM00005102,2025-04-16T07:57:29,W016,P00268,RECEIPT,2,31392203-20fa-4691-b487-9d286fc67113
IM00005103,2024-06-23T03:21:09,W013,P00213,TRANSFER_OUT,-37,3ef67811-0f3f-4b0f-940d-5d9919c62af0
IM00005104,2025-06-29T01:54:40,W007,P00272,SHIP,-28,25eaf80b-2e91-46c2-86c0-7bb7e7d99c47
IM00005105,2025-10-20T02:01:42,W015,P00027,TRANSFER_IN,42,35a36b7a-e41e-4815-9c41-8c40c47023c4
IM00005106,2024-05-19T14:04:28,W013,P00499,TRANSFER_OUT,-39,aa0f0fde-765b-4a74-b0ef-ca53807acf77
IM00005107,2024-01-19T00:15:57,W015,P00503,TRANSFER_OUT,-38,146929e7-c9bf-4fa8-b609-8f257b6b8bc3
IM00005108,2025-03-04T03:56:08,W005,P00377,RECEIPT,35,2b024590-7594-414a-a017-e4095a778a46
IM00005109,2024-10-13T15:49:59,W014,P00319,TRANSFER_OUT,-2,9f2bc927-a72f-4df4-ba5f-abb70eb56bd7
IM00005110,2026-01-12T19:21:47,W007,P00076,ADJUSTMENT,22,a23b62dc-b8db-40f5-af71-00659f6c3eb1
IM00005111,2024-03-10T21:40:59,W002,P00556,ADJUSTMENT,14,6f7eb5ce-b0d6-4cf4-a387-7639dd178fc4
IM00005112,2024-06-01T13:17:19,W008,P00465,TRANSFER_OUT,-25,ed9e48e9-f11e-4412-a92e-d17c8538c676
IM00005113,2025-11-13T16:58:29,W003,P00345,ADJUSTMENT,2,0543ca58-08bc-498a-b144-4b3682a8e3ed
IM00005114,2025-02-05T22:31:36,W011,P00257,TRANSFER_OUT,-38,0f7bf87f-aac5-4c6c-a737-e13f43f45f70
IM00005115,2024-11-28T02:56:48,W007,P00035,TRANSFER_OUT,-19,a3490268-1d10-457d-9c0b-ad9a3fba3df6
IM00005116,2024-04-28T20:58:35,W007,P00027,TRANSFER_OUT,-5,29a4d10d-325d-4bf5-ac46-eb983ef379ee
IM00005117,2025-05-07T10:22:20,W002,P00226,SHIP,-14,3babf069-f097-4cb9-8487-7bebc6f0b5aa
IM00005118,2025-07-08T01:09:58,W006,P00377,TRANSFER_IN,42,c4e129fb-5556-4a54-b8c7-a900efed4bb1
IM00005119,2024-11-19T20:41:01,W008,P00250,TRANSFER_IN,12,5d1aa587-557f-4f7a-910a-bcdb6193ae3c
IM00005120,2025-02-24T02:45:18,W010,P00413,TRANSFER_IN,10,a452e6ca-cd81-4282-9247-4d009a5ceb79
IM00005121,2024-10-11T22:10:23,W001,P00257,SHIP,-21,5304297e-d1db-41d5-a31f-43edbe4bf4e9
IM00005122,2025-05-19T18:00:59,W012,P00165,ADJUSTMENT,36,10731b69-b3c7-4706-aace-62bb8ccb014a
IM00005123,2024-04-16T04:37:42,W003,P00587,TRANSFER_IN,11,7974bde6-6524-49dc-917a-5bfabafb1cd1
IM00005124,2025-07-20T17:34:21,W011,P00491,SHIP,-38,343051e0-3c3e-4175-9b8b-62354e4192c5
IM00005125,2025-05-20T01:51:05,W007,P00368,TRANSFER_IN,19,03b0d245-bf27-4e47-962e-0ad31a772b2c
IM00005126,2025-09-18T17:08:14,W011,P00083,TRANSFER_IN,2,d946b296-e21f-44eb-92c5-7ece372868c0
IM00005127,2024-08-23T21:59:58,W014,P00266,RECEIPT,48,62cbe6db-9a79-4d70-b316-19dc0cd6f7e6
IM00005128,2025-07-13T16:11:36,W015,P00039,TRANSFER_OUT,-4,8f8a3c63-4361-4696-a98f-6f9854fbdb8e
IM00005129,2024-07-23T10:10:21,W004,P00521,SHIP,-6,02072673-ce07-4a93-8b05-c862b8a02683
IM00005130,2024-01-08T05:47:04,W003,P00485,TRANSFER_OUT,-1,0e93c4c2-905f-40d3-aa5e-8db2fee3f78c
IM00005131,2025-02-19T05:02:43,W014,P00534,SHIP,-19,b0154913-f1c0-4089-bdb6-4b0785571a9b
IM00005132,2024-05-19T21:08:27,W010,P00026,TRANSFER_OUT,-36,a3f5755f-a2d8-4c55-8581-9c1ca0ad63a6
IM00005133,2024-02-25T21:59:52,W017,P00025,ADJUSTMENT,45,b356dfa8-8ac3-4ce1-a22a-da44ee6a683e
IM00005134,2024-10-15T04:45:52,W014,P00114,ADJUSTMENT,40,8f62dd9b-9ad5-4526-b7c0-859d42201942
IM00005135,2025-04-13T14:53:05,W012,P00033,TRANSFER_OUT,-7,ca758bea-b227-4f44-a55a-4776697b765e
IM00005136,2025-12-03T17:01:45,W004,P00568,TRANSFER_IN,14,4a83b016-2433-46a5-8506-a2898ee6bdcf
IM00005137,2024-12-29T23:25:16,W010,P00102,RECEIPT,3,e333a44c-10c0-4d13-a9bc-f2a908958759
IM00005138,2025-06-17T11:09:50,W010,P00029,ADJUSTMENT,37,84c4c27a-c521-45bd-9cd9-50db84a27f63
IM00005139,2025-08-19T01:06:54,W006,P00155,ADJUSTMENT,29,73bfd8ec-2482-43f9-a6d9-68ae0b38304f
IM00005140,2024-10-06T17:42:48,W005,P00390,TRANSFER_OUT,-36,e5ef6799-42c9-4f81-8f88-f23e11c3e66c
IM00005141,2024-08-19T11:20:41,W003,P00596,RECEIPT,21,75924927-bf3e-4b32-a883-67b68a1d52ea
IM00005142,2025-01-12T01:42:08,W001,P00203,ADJUSTMENT,47,8b3a15d1-d76e-496e-8b43-bef2a45492d1
IM00005143,2024-04-05T08:16:56,W017,P00555,TRANSFER_IN,45,c3b95598-7c80-4709-9f04-a30088997947
IM00005144,2024-07-30T18:42:55,W014,P00016,TRANSFER_OUT,-6,bc89a0c3-20f6-4988-a4c8-90b84f0fcde3
IM00005145,2025-06-24T18:35:38,W001,P00383,ADJUSTMENT,46,5e9aee7d-fd36-436f-925d-8d6e82ac7c26
IM00005146,2025-08-01T04:20:27,W004,P00278,TRANSFER_IN,48,d6b77b45-d069-4d72-bdeb-5ab5048ded4b
IM00005147,2025-02-28T13:31:03,W003,P00465,TRANSFER_OUT,-41,08488751-d360-43a8-a2fc-c71aaca7de27
IM00005148,2025-07-03T15:38:28,W015,P00262,TRANSFER_OUT,-3,2965cdb7-485b-48a2-a3ad-fbd64ea35e03
IM00005149,2025-04-07T08:43:39,W004,P00571,TRANSFER_IN,6,45ced9c4-6fec-4040-938c-15c81b87e59c
IM00005150,2025-03-15T14:23:35,W016,P00292,RECEIPT,3,22c3e544-3c99-4153-9f23-c9e07fd228c6
IM00005151,2024-08-19T13:29:10,W008,P00011,RECEIPT,41,4352c550-9e44-41e1-8b8e-c91f20882b94
IM00005152,2025-08-19T00:00:11,W004,P00467,TRANSFER_OUT,-10,63c6d474-6eea-4bf2-bb94-524ff6bc553e
IM00005153,2025-11-04T09:36:49,W012,P00163,RECEIPT,12,c3a9869c-38d7-46ab-8125-497054954b8b
IM00005154,2024-12-19T20:47:50,W017,P00123,RECEIPT,6,a9d890a4-683f-4c0f-b93e-d9f49496ec35
IM00005155,2025-04-30T11:36:10,W004,P00455,ADJUSTMENT,27,fdd68bf8-7b39-45c8-800a-830f62dd7ed7
IM00005156,2024-09-29T00:10:01,W012,P00445,SHIP,-12,b7f78aef-4262-4a5d-8689-dad15164b1db
IM00005157,2025-03-19T07:15:24,W014,P00038,TRANSFER_IN,36,be71e7fd-d160-4417-9886-9eebe497b016
IM00005158,2025-10-14T11:44:12,W017,P00312,TRANSFER_OUT,-36,0a73c9ef-e841-4b79-a895-904480ee7cb1
IM00005159,2025-01-20T13:19:17,W013,P00402,TRANSFER_IN,37,47b7a0ad-3dd8-43fb-8a53-085588c7957c
IM00005160,2025-04-16T00:56:48,W002,P00563,RECEIPT,17,e2f1a8da-1644-4f47-bcca-7b6512f94c6c
IM00005161,2025-11-16T05:18:24,W017,P00293,TRANSFER_OUT,-19,d166298d-ca62-4dd7-9b94-9725a359a447
IM00005162,2026-01-10T10:56:40,W011,P00407,ADJUSTMENT,16,21e7b641-37d8-4228-9369-8f8d57f38755
IM00005163,2024-07-12T21:39:52,W017,P00523,ADJUSTMENT,29,d8b91240-cded-41d4-aed3-2e1e88599c0e
IM00005164,2025-09-15T09:54:57,W001,P00114,ADJUSTMENT,12,5d73dbd2-a4ec-4601-8962-2cc13a0f3889
IM00005165,2025-09-13T08:41:58,W003,P00540,TRANSFER_IN,30,7207db99-7319-49a8-9329-7e33d7f0bb87
IM00005166,2024-08-04T07:51:51,W014,P00141,SHIP,-6,bfe130ac-797a-40d5-be19-239997dd96ec
IM00005167,2024-01-19T18:53:11,W013,P00390,ADJUSTMENT,9,1f9ce60f-2677-4b57-bd76-82d5896c0cd9
IM00005168,2024-05-05T09:13:57,W006,P00137,SHIP,-43,58bf9721-aac2-487f-8d89-0224d27b89a0
IM00005169,2025-09-06T18:37:30,W001,P00411,TRANSFER_OUT,-42,cac1fcd0-2546-4a93-9296-41e3da43789e
IM00005170,2025-03-10T13:31:23,W004,P00303,TRANSFER_OUT,-36,15bdcc48-1fc3-4372-a3be-fe7376cc3e3c
IM00005171,2024-11-28T06:37:30,W014,P00178,SHIP,-27,10ea860b-3ceb-49f8-95c9-7669814ffb66
IM00005172,2025-05-10T20:09:50,W004,P00046,TRANSFER_OUT,-45,221b5a2a-63a8-4aab-a546-6584becf1a4a
IM00005173,2024-07-19T14:45:34,W011,P00007,RECEIPT,25,faad4809-31e9-42da-bead-14911c38bf69
IM00005174,2024-09-09T04:36:07,W009,P00595,SHIP,-22,28b715fd-8e6e-4f37-9a71-db575f000184
IM00005175,2025-03-29T20:16:29,W014,P00417,TRANSFER_IN,30,468e93a7-2df0-453e-8dfa-6a2e613416e7
IM00005176,2024-05-15T12:59:41,W001,P00497,SHIP,-48,0a871e37-fa22-4fb3-816e-a040f6e67b9f
IM00005177,2024-04-16T23:47:57,W006,P00374,TRANSFER_IN,29,301525ca-2bb1-49db-a69c-b7340e39b8a9
IM00005178,2024-05-06T07:27:59,W007,P00174,TRANSFER_IN,16,1ae48108-bf39-4bf4-81d2-ece7922e6d82
IM00005179,2024-02-25T08:30:30,W013,P00043,TRANSFER_IN,49,014f6abb-4767-48e5-be7d-63fe9539b395
IM00005180,2025-03-22T14:48:02,W002,P00427,SHIP,-28,8dfe5f09-7188-4fe0-8796-8422f4c87f01
IM00005181,2024-06-15T11:53:11,W011,P00139,TRANSFER_OUT,-38,2869792f-8fcb-4cf4-a0ee-b46aa411744e
IM00005182,2025-08-04T14:54:59,W011,P00540,ADJUSTMENT,36,7055600b-799d-4ad9-a4de-d3c1dae9df62
IM00005183,2025-11-12T08:09:55,W015,P00332,RECEIPT,4,ffb1e938-ea9d-4fc2-b8d0-8b285fa33a2a
IM00005184,2024-10-12T23:29:04,W005,P00305,RECEIPT,27,04ac1aa6-1ddd-45a9-8b9e-35a0fb1bfb48
IM00005185,2025-11-09T23:47:29,W014,P00322,TRANSFER_IN,45,7ea38827-a8a7-486c-8013-9494f9bfa4be
IM00005186,2024-02-14T06:39:04,W014,P00381,ADJUSTMENT,31,9c33a22b-ff9b-4781-b803-4b8f7ce6ce88
IM00005187,2025-03-19T20:16:51,W017,P00186,SHIP,-15,c89cd94a-a986-47c3-860f-02296ba9204a
IM00005188,2024-10-18T10:35:38,W003,P00128,TRANSFER_OUT,-13,e5068a61-0e33-46a2-acf1-e4dd3f6510fc
IM00005189,2024-03-03T09:52:17,W001,P00431,TRANSFER_OUT,-3,8aaf845a-4be2-412f-b9d2-1a42c96f4802
IM00005190,2024-12-05T12:17:13,W015,P00592,SHIP,-2,7cdb1313-f2a4-4ca5-aeae-d526221a2af4
IM00005191,2026-02-10T16:56:57,W013,P00584,SHIP,-12,c6e406c2-9732-41ac-8d41-62e43b623048
IM00005192,2024-01-21T15:08:58,W003,P00208,RECEIPT,9,ebf5b564-4956-4e32-860e-63554fbc1a69
IM00005193,2024-12-31T23:19:59,W002,P00234,SHIP,-17,c0824a60-8dfd-4b43-950e-804396388095
IM00005194,2024-08-02T01:10:23,W001,P00153,RECEIPT,41,55701f30-0b2e-4518-83e7-2911ae532528
IM00005195,2024-08-16T18:52:05,W013,P00225,ADJUSTMENT,20,5b69c93f-f41f-47be-b532-d7423246ead2
IM00005196,2026-01-04T23:32:07,W012,P00365,RECEIPT,30,cfba948f-2550-44a7-8fc2-cf8b369a4e1d
IM00005197,2025-03-12T11:22:14,W004,P00523,TRANSFER_IN,12,0eb431ce-4132-45ca-b123-ef2b8aeb99de
IM00005198,2024-01-15T15:28:00,W002,P00119,SHIP,-17,d9f66399-77c6-401d-b31f-69da0b186acc
IM00005199,2024-06-09T03:30:54,W012,P00014,TRANSFER_OUT,-21,09dc7c0f-ee1a-4522-8be3-afa89a864dbe
IM00005200,2024-10-30T13:14:03,W004,P00199,TRANSFER_IN,38,d2c31e47-78f9-4910-b46b-7f6e5bfeab00
IM00005201,2025-07-14T06:38:20,W007,P00520,TRANSFER_IN,20,e5a9898a-507b-4038-9757-5589a564b4f1
IM00005202,2025-12-01T08:10:46,W015,P00464,RECEIPT,33,3d51664a-8e98-4164-a96f-2eb630ea1fd0
IM00005203,2024-06-22T07:07:25,W007,P00449,SHIP,-4,fc59d70a-543c-4b53-8990-d7d0cd871b4b
IM00005204,2024-08-10T22:33:40,W010,P00031,TRANSFER_OUT,-32,ffea8926-5fca-459d-aa12-cfd9d1ebd97b
IM00005205,2024-12-10T12:15:46,W017,P00345,SHIP,-42,05a8c9fc-5033-4a04-89f7-acc91711b8be
IM00005206,2025-08-16T22:44:13,W010,P00574,ADJUSTMENT,40,8b5d7ea0-84f1-4168-9d4e-e4bdcb090fd0
IM00005207,2024-08-24T18:42:03,W008,P00321,TRANSFER_IN,21,fa192b4b-5601-44c4-8752-575fc9a9010c
IM00005208,2025-06-07T10:30:54,W010,P00433,SHIP,-10,f2569eea-cd52-4ed9-959b-9c364989a887
IM00005209,2025-06-29T19:14:20,W007,P00456,TRANSFER_IN,30,0aa65ba0-89b3-4308-87fd-1363a8cbcb1a
IM00005210,2024-03-01T12:35:52,W008,P00407,SHIP,-37,2ae7b9c3-ead6-4a23-9a56-90903f7738aa
IM00005211,2024-04-29T19:45:32,W010,P00570,RECEIPT,16,fcdd86ab-7bc0-4c25-95fb-e82ab095c712
IM00005212,2025-01-17T22:41:13,W012,P00180,TRANSFER_OUT,-24,a0329e97-f960-43f3-9e20-99a71acd5424
IM00005213,2024-07-25T15:17:04,W006,P00148,TRANSFER_IN,32,84cf124e-4e50-4edf-b203-01f0c753ead1
IM00005214,2024-04-11T08:04:33,W013,P00261,TRANSFER_IN,28,1558d42c-b058-49b7-ba73-f5e83d8a5b7f
IM00005215,2024-08-22T12:01:36,W008,P00322,RECEIPT,11,f8413b79-f16b-456a-a324-51d6cbc00a45
IM00005216,2024-10-22T20:21:07,W004,P00151,TRANSFER_IN,20,d8431204-3add-463e-b330-d887b7bab6bc
IM00005217,2025-04-15T23:29:52,W004,P00401,RECEIPT,48,f5eb52b9-ee58-4584-b1a7-5489bd30071d
IM00005218,2026-02-16T06:40:04,W013,P00194,TRANSFER_OUT,-16,acbcc6da-62cf-4951-a4db-c28ece9b0423
IM00005219,2025-11-29T00:31:29,W007,P00209,TRANSFER_OUT,-44,7fd0c4ea-7d89-4b9a-acfc-1503056ca79f
IM00005220,2024-08-22T10:28:46,W016,P00598,SHIP,-32,4af749c3-a48b-48bf-857f-20a740646e16
IM00005221,2024-11-02T00:55:00,W002,P00338,SHIP,-35,29c00eba-f93c-42c3-a7a9-432e4aa689ff
IM00005222,2024-01-31T12:31:42,W003,P00393,ADJUSTMENT,37,52202711-cb8c-4e8c-815d-16dae6f73d09
IM00005223,2026-02-12T00:51:02,W013,P00527,SHIP,-49,c3d03489-9f75-4027-a909-145b44d56278
IM00005224,2025-08-17T08:17:04,W003,P00541,ADJUSTMENT,48,090c2150-7655-4ee3-b3da-b5a767535267
IM00005225,2025-01-03T23:50:58,W009,P00442,TRANSFER_IN,27,9bdfbb8f-f84c-4164-883c-c5c547dfb87e
IM00005226,2025-08-16T17:36:43,W001,P00230,TRANSFER_IN,8,f7f81a23-6ca4-4c2c-b10c-4b7de2ebbda8
IM00005227,2024-12-03T20:35:40,W008,P00471,SHIP,-23,1f0dcc92-2410-4382-9a62-b7a8f7ac744f
IM00005228,2024-11-25T13:34:06,W003,P00021,RECEIPT,25,b39ba68a-69e9-4d06-8ff8-d551d4957f33
IM00005229,2024-06-13T21:47:02,W001,P00576,RECEIPT,4,07240333-136e-4fe6-9b3a-cae23f4d0cee
IM00005230,2025-01-06T17:31:23,W014,P00426,RECEIPT,19,9e29b801-aad1-4e33-a25c-620cedf9d2c5
IM00005231,2024-05-21T20:32:48,W002,P00557,TRANSFER_IN,28,439077ee-3b31-4ea2-8be6-416499522ed4
IM00005232,2024-03-13T03:57:20,W003,P00219,SHIP,-38,66de76bd-4d20-4af1-884e-cc0cf486b079
IM00005233,2026-02-22T12:35:00,W013,P00114,TRANSFER_IN,7,43731b2a-95e7-4c9f-8556-8ba60979553a
IM00005234,2025-03-05T02:10:54,W003,P00594,RECEIPT,44,12b6d003-8734-46d0-92ea-c382084c16da
IM00005235,2025-08-16T02:37:03,W011,P00327,TRANSFER_OUT,-2,a3b3d6b8-8316-4250-b74d-a533c25aef55
IM00005236,2025-08-11T11:11:13,W002,P00052,TRANSFER_OUT,-43,6c37d24c-e708-4262-a63e-dcb92a9af11c
IM00005237,2024-11-30T07:01:36,W015,P00252,TRANSFER_OUT,-23,bca5fd59-2a83-41f8-bd23-1dfc146acc29
IM00005238,2024-04-26T17:47:56,W015,P00490,SHIP,-48,50a25450-8ddb-4a80-b641-7a44bd960ff7
IM00005239,2026-01-04T23:58:10,W015,P00540,SHIP,-11,7ff1816d-1035-4bcc-9987-0a95c4a7ef71
IM00005240,2026-02-05T06:50:09,W006,P00337,TRANSFER_OUT,-18,28af34d8-9e08-42c2-b4ce-af2a11bf1290
IM00005241,2025-08-02T01:50:19,W016,P00486,RECEIPT,23,3335f501-66cd-48f9-8cd8-8c2b38b3baa1
IM00005242,2024-10-27T09:00:58,W010,P00410,SHIP,-20,ca22ae8b-4867-4540-a824-1d740041ca0d
IM00005243,2024-03-05T18:05:39,W015,P00467,RECEIPT,14,8496b9d0-7d5e-4f12-bdb8-3f3a6bd4df89
IM00005244,2024-11-08T22:17:13,W008,P00223,SHIP,-35,454f5c44-1a82-4431-aa1e-b3faaedd9821
IM00005245,2025-09-18T09:59:38,W013,P00116,TRANSFER_OUT,-25,3672f1ef-4ec4-478b-a76a-ae5e37d86d62
IM00005246,2025-05-16T05:00:45,W002,P00455,TRANSFER_OUT,-1,9622005f-b00b-41a8-9d9f-3fc523f94d96
IM00005247,2024-05-25T04:19:11,W007,P00540,RECEIPT,41,526a6e7c-f634-481b-8f25-c421018a15e2
IM00005248,2024-06-10T10:42:11,W008,P00001,ADJUSTMENT,12,d24385b7-e885-474a-9f87-b931693d8a28
IM00005249,2025-09-17T22:37:11,W016,P00576,ADJUSTMENT,15,23c7a8f7-0365-4b9f-8be7-d988cbc7a695
IM00005250,2026-02-18T23:24:28,W004,P00452,ADJUSTMENT,47,9df79fc6-d787-41ed-91b5-7ac98ee6bc1e
IM00005251,2024-12-03T00:48:40,W008,P00325,RECEIPT,16,12c690cc-53e7-41b7-994b-bb43e7dd4e35
IM00005252,2025-04-12T17:49:21,W002,P00200,RECEIPT,35,af5cce29-487c-4ae3-9f04-5f7e6e3ddf80
IM00005253,2025-05-03T12:30:55,W007,P00317,ADJUSTMENT,40,04fd4720-6f7c-4093-a99f-e7cc72989283
IM00005254,2024-04-27T13:28:49,W010,P00056,ADJUSTMENT,47,393fd88f-5322-410c-949e-1666224dbbfa
IM00005255,2024-05-07T08:36:46,W006,P00029,SHIP,-18,cc3c0eb4-3599-4110-9dad-f376dba2eff2
IM00005256,2025-09-08T08:24:28,W006,P00594,RECEIPT,8,bb29938e-0cd8-4f7d-a005-e241b51a8319
IM00005257,2025-07-20T01:43:34,W011,P00571,TRANSFER_IN,19,3afa4bae-710d-4511-9f9a-c15a23e83fc9
IM00005258,2025-11-05T00:43:21,W005,P00595,SHIP,-2,34a308c2-fb26-484f-92dd-7606573b709f
IM00005259,2025-09-01T11:39:08,W005,P00280,SHIP,-32,2ef06847-5e83-4c68-898d-3cc1e407b521
IM00005260,2025-06-25T11:46:32,W005,P00461,TRANSFER_OUT,-23,fae7eed4-4a00-4e64-9688-b184b72421f7
IM00005261,2025-01-11T23:47:39,W009,P00269,TRANSFER_OUT,-26,c9195581-bfe7-4eac-8021-566ef11450b0
IM00005262,2025-01-28T00:46:28,W013,P00460,SHIP,-30,0100939e-caad-489a-97de-c08e81a7b8a0
IM00005263,2024-11-07T07:23:46,W017,P00582,SHIP,-7,2d54e29e-834e-479a-a67a-c3a0520b2fff
IM00005264,2024-10-28T19:39:14,W014,P00493,ADJUSTMENT,10,251ace57-ae91-4888-afb0-c57fd67d795b
IM00005265,2024-06-28T05:42:24,W004,P00472,TRANSFER_OUT,-30,183fb312-03c7-49f1-b6b7-5ab66183d6e9
IM00005266,2025-07-08T10:44:37,W010,P00491,ADJUSTMENT,22,35e13346-bcfa-42d7-8404-afc45e6bf49a
IM00005267,2025-11-08T01:52:51,W014,P00468,SHIP,-20,4d35c7e6-7f79-4aa5-999a-e399c63b3ce7
IM00005268,2024-02-07T03:55:28,W005,P00514,TRANSFER_IN,23,9f6fb066-1864-428b-93e0-d7477183f16f
IM00005269,2025-05-03T09:04:11,W008,P00454,ADJUSTMENT,29,5392a967-4221-4397-b182-f0100bc3deac
IM00005270,2024-02-02T07:17:10,W014,P00188,SHIP,-6,2dd34265-fce8-49d7-b9b8-48420756cc5c
IM00005271,2024-11-02T04:18:41,W010,P00554,SHIP,-12,eefa79eb-3415-40eb-9b63-536c4ee82182
IM00005272,2025-12-12T14:56:59,W008,P00019,TRANSFER_OUT,-14,bc38269e-aa3f-4e1d-bdaa-30229308f890
IM00005273,2025-07-02T15:36:44,W016,P00272,RECEIPT,44,b00179bd-f2db-426a-acb4-2ba33a91770a
IM00005274,2025-08-20T04:58:43,W006,P00251,TRANSFER_OUT,-28,bffed756-d8f1-455e-8ad6-1e2e1078e326
IM00005275,2024-11-15T03:15:56,W003,P00236,SHIP,-26,0f9e6f1d-52b9-407b-a87c-2ae6044747ec
IM00005276,2024-10-31T19:09:38,W009,P00592,TRANSFER_OUT,-29,cd300977-6da1-4750-9d86-86a13569ebee
IM00005277,2025-05-16T12:05:18,W002,P00294,SHIP,-27,65d8da55-228d-458b-9a11-c84171b52dc9
IM00005278,2026-01-26T04:03:46,W014,P00161,RECEIPT,10,285bae55-20f9-4b47-9a20-fa3fbd5c7197
IM00005279,2024-05-18T04:58:24,W005,P00473,TRANSFER_OUT,-10,19c0c0d7-bc41-44dd-a43b-086beadc97a1
IM00005280,2024-09-16T07:08:22,W017,P00089,TRANSFER_IN,1,c2cea198-d1e3-4773-b21b-6d888631a03e
IM00005281,2024-02-09T11:21:03,W004,P00416,ADJUSTMENT,3,631bc34a-c9cc-4074-bd98-401ec1dc37c3
IM00005282,2025-10-18T01:46:55,W006,P00301,TRANSFER_OUT,-43,0fc33d02-c02a-4b98-ba57-4b9d3486bf5d
IM00005283,2025-12-01T13:29:51,W012,P00002,SHIP,-48,34c05a85-faa8-4b4a-b35c-92ecd08cf098
IM00005284,2024-11-28T22:28:59,W003,P00057,TRANSFER_OUT,-22,24389ac4-57fd-4467-a87e-7f774659469b
IM00005285,2024-03-03T21:48:05,W006,P00323,SHIP,-32,8183ca47-d9f3-46a0-86a3-13943ebfe1d8
IM00005286,2024-01-13T02:54:58,W009,P00418,TRANSFER_OUT,-47,723ecc1a-7e9c-476e-94f8-fd619dace995
IM00005287,2025-04-10T04:46:17,W013,P00115,ADJUSTMENT,5,d0a80d65-f976-46dd-961f-ab3c0057583b
IM00005288,2024-03-26T07:56:34,W012,P00064,TRANSFER_IN,12,311ac1cc-989f-4235-9c82-e8b6339e318d
IM00005289,2025-09-20T11:31:21,W007,P00052,TRANSFER_IN,33,d4131605-ddd0-4c80-a768-2e4266054a30
IM00005290,2024-04-27T07:06:57,W016,P00402,TRANSFER_OUT,-4,7363be11-7db7-4e33-8f56-d27372120e48
IM00005291,2026-02-10T18:26:19,W002,P00100,ADJUSTMENT,30,9fc6aa89-ff64-4f45-b6b6-ca16c5d5f95d
IM00005292,2024-06-03T04:44:01,W002,P00225,ADJUSTMENT,30,42f574b9-e0b0-4fea-9312-c48cbfc943bf
IM00005293,2026-01-06T18:01:36,W007,P00589,RECEIPT,36,08f1d4ea-8e3c-448e-a4ad-139350abb4ff
IM00005294,2025-11-21T19:35:44,W013,P00198,TRANSFER_OUT,-3,2022319a-9eaf-44be-9436-c16fdce91a71
IM00005295,2025-11-13T13:58:01,W012,P00576,TRANSFER_OUT,-18,396cf144-4002-47f0-a193-1df7baae48ba
IM00005296,2024-09-29T13:51:23,W002,P00272,TRANSFER_IN,9,fc2f7dcb-e97b-4677-ac88-baf30bd1e6a7
IM00005297,2025-09-14T05:35:59,W015,P00020,TRANSFER_IN,17,721d51a1-f631-4cd7-971a-afb86560400a
IM00005298,2024-04-19T01:22:39,W009,P00183,ADJUSTMENT,3,3b0f112e-e7ea-4b30-9dc5-f52136937c28
IM00005299,2026-02-24T20:33:51,W012,P00209,TRANSFER_IN,5,6476ee38-1da3-4450-aa0d-898e98ae5b76
IM00005300,2025-03-13T02:47:10,W010,P00579,SHIP,-8,94276cd0-9d4f-455f-b21f-8411df19e69e
IM00005301,2026-02-28T11:01:19,W015,P00030,ADJUSTMENT,23,5e334c65-f64b-4de1-9444-1c58883e13ce
IM00005302,2024-07-04T19:29:08,W009,P00399,TRANSFER_OUT,-7,cf53cdbb-d28b-47a5-9ad2-be3a3af19756
IM00005303,2025-09-24T14:02:53,W010,P00417,ADJUSTMENT,43,3ebe2173-6c7e-4ca9-8d30-8c1778f2380c
IM00005304,2026-02-23T02:36:28,W015,P00478,ADJUSTMENT,17,6accd363-3899-4eb7-b709-7547d049b26d
IM00005305,2025-07-11T10:23:15,W001,P00596,SHIP,-16,f4752b29-e27b-4022-ba35-72fb02861b6d
IM00005306,2024-07-17T06:57:55,W007,P00379,SHIP,-44,9a401025-f9be-40da-903e-cd33a45be83a
IM00005307,2024-02-21T04:04:42,W005,P00130,RECEIPT,18,ea2aa809-8ad7-41cc-b936-683099f54827
IM00005308,2024-07-04T09:01:49,W011,P00381,SHIP,-14,4114529d-73b6-4f92-91b5-144e41e3abbc
IM00005309,2025-12-28T17:50:12,W004,P00197,RECEIPT,44,70fa67da-0ae5-41fc-b16f-502180988845
IM00005310,2024-10-28T19:08:39,W009,P00297,TRANSFER_IN,45,eca4f639-add8-41c9-98e3-7e7495dccfc1
IM00005311,2024-12-21T00:45:59,W001,P00506,ADJUSTMENT,15,5e40fccb-73ca-447d-bb62-ca5681b5c6a3
IM00005312,2024-03-10T09:10:26,W013,P00180,ADJUSTMENT,11,23a70eef-92bc-4b54-8913-0a1067874c85
IM00005313,2024-08-03T03:46:53,W017,P00450,SHIP,-46,cceadf85-d1ac-4016-ad29-16e67794ab40
IM00005314,2024-08-28T01:28:53,W002,P00475,RECEIPT,12,e1e1f7cf-a8ba-430e-ae25-ea2f0be23134
IM00005315,2024-12-22T04:03:52,W012,P00568,RECEIPT,11,8a8aeb22-70d8-417c-a3e1-3978fc56e084
IM00005316,2024-08-17T04:09:21,W004,P00375,ADJUSTMENT,35,a78ee7d5-b976-495c-bd51-d13e5d2d1602
IM00005317,2025-01-13T20:33:21,W003,P00274,TRANSFER_OUT,-2,61fa60d6-8474-4fd3-ad5d-349d1ec55e3e
IM00005318,2025-02-09T13:29:45,W001,P00165,TRANSFER_OUT,-21,5bad552e-c24c-4448-b8c3-d043027503d9
IM00005319,2025-09-21T22:36:53,W014,P00151,SHIP,-19,c7c49109-2815-426c-8eb5-b442674706fd
IM00005320,2026-02-04T03:00:32,W008,P00395,TRANSFER_OUT,-30,1b6ce4ab-2db9-402b-ae56-c7c18665d0ab
IM00005321,2024-12-24T05:08:49,W016,P00410,ADJUSTMENT,5,d41946c2-aead-4b36-ba7c-26847e8dad45
IM00005322,2024-03-12T01:12:20,W013,P00231,SHIP,-5,6e301a04-bec8-4005-bb90-9861e1e4dcad
IM00005323,2024-07-12T07:21:25,W003,P00587,SHIP,-27,d7e1ab8e-20b0-4baf-b109-d84e63b27da4
IM00005324,2024-10-22T17:37:50,W015,P00287,TRANSFER_IN,2,5c715c94-0783-444c-817e-f0ca13170819
IM00005325,2025-05-28T02:59:17,W014,P00434,RECEIPT,42,a0537106-b53d-45c2-bd27-52ba0572b9c0
IM00005326,2025-12-13T02:59:02,W006,P00082,ADJUSTMENT,13,d9c9ae68-ed2f-4b9b-9508-f49c3a4751e6
IM00005327,2025-07-01T03:25:05,W015,P00309,SHIP,-20,4fbc3222-f71a-498f-b87d-2b135c188c67
IM00005328,2024-06-05T23:00:38,W011,P00368,RECEIPT,12,1e67be38-c6c1-46fa-a55e-7090db7f4041
IM00005329,2025-01-08T06:33:52,W001,P00370,TRANSFER_IN,22,df105448-7091-432c-9b5e-c05c71252755
IM00005330,2024-06-03T18:27:30,W006,P00599,RECEIPT,25,f398f40b-9cec-496e-90f8-88fdb5de8bdc
IM00005331,2024-06-03T16:35:46,W013,P00264,TRANSFER_IN,20,827a99b9-1b10-4e6f-877b-951dcfb557de
IM00005332,2025-08-12T06:28:42,W016,P00522,ADJUSTMENT,34,1d0e55a4-5e22-40b9-a6fb-1c7f30377839
IM00005333,2025-06-21T17:05:56,W010,P00438,SHIP,-45,4b2067a8-dac6-4ce4-bc8b-72086a112584
IM00005334,2025-06-03T23:42:42,W013,P00528,ADJUSTMENT,16,288c8b4e-f339-453c-b07d-07aa6f26af85
IM00005335,2025-02-04T11:54:31,W008,P00547,RECEIPT,9,d6fc9570-03c1-4c8e-a2d5-e252d98b89ec
IM00005336,2025-10-12T19:42:14,W010,P00373,SHIP,-38,90fc8ee1-9be0-43e4-804a-0fd7163907c8
IM00005337,2025-02-26T16:59:20,W017,P00383,ADJUSTMENT,10,a6397b9f-3eff-4a4e-afed-a6f3a44dff3c
IM00005338,2025-11-30T03:38:00,W012,P00214,ADJUSTMENT,26,eea56fb4-5666-459a-8dd0-5be5ebaff821
IM00005339,2025-09-09T00:11:25,W002,P00363,RECEIPT,38,30579ea0-4689-4473-aae2-1f91c58daeac
IM00005340,2024-10-27T17:36:53,W017,P00172,ADJUSTMENT,17,5a9f4dcb-7922-4032-bc13-ce0b4fd50ae4
IM00005341,2025-01-01T11:32:15,W014,P00320,RECEIPT,34,4dc70cd7-2ca0-42e5-a0b0-2c9fe07c7e76
IM00005342,2024-12-24T11:36:41,W009,P00101,TRANSFER_IN,4,734a677c-d3f4-40c0-a1e5-4d567b53dfef
IM00005343,2025-10-04T22:03:50,W017,P00249,TRANSFER_OUT,-33,51697fef-a35b-44b5-84b5-e7b57f98f3a5
IM00005344,2025-06-12T15:49:01,W003,P00522,TRANSFER_IN,27,2e386ac1-0b8b-4a3d-93a6-8f7ed97d2f54
IM00005345,2024-06-28T06:08:26,W008,P00054,SHIP,-49,71c44279-e3c1-4a42-b124-b939e439244a
IM00005346,2025-12-28T17:29:26,W001,P00192,ADJUSTMENT,40,588aeaef-c572-4846-aeab-09588733bd1b
IM00005347,2025-04-04T09:52:40,W005,P00387,ADJUSTMENT,26,d0789975-2245-4d25-a0b6-934375db210a
IM00005348,2025-12-20T14:20:44,W017,P00544,RECEIPT,42,67369684-8d32-4db8-bfa3-25ce60c31629
IM00005349,2025-04-28T22:07:55,W010,P00007,TRANSFER_OUT,-2,bda2f0aa-0bb1-4e81-ab51-6c0c3e3ddd47
IM00005350,2024-10-06T22:36:42,W016,P00497,SHIP,-10,002a6ea0-fc4a-45f2-b847-7639fc731c19
IM00005351,2025-02-02T16:44:41,W011,P00002,RECEIPT,44,86172a89-f285-4381-8f91-a4a480cb459e
IM00005352,2024-02-29T20:06:52,W012,P00169,SHIP,-40,fd075fa0-0096-4183-a1dc-0dbeb6038fa7
IM00005353,2025-11-21T01:04:45,W006,P00274,ADJUSTMENT,43,4421a996-c0ba-4656-8784-5bc2966ee072
IM00005354,2024-09-25T05:16:36,W002,P00332,TRANSFER_OUT,-12,801f01c4-a74f-4707-88ce-39d74c879bd8
IM00005355,2026-01-10T00:12:14,W007,P00542,RECEIPT,3,94965b47-baff-426e-8d5c-5fcfe392581c
IM00005356,2025-03-24T21:36:20,W011,P00518,TRANSFER_OUT,-41,d226164c-c8f8-4da0-b619-71e0ac3ac170
IM00005357,2024-07-10T01:32:56,W016,P00550,ADJUSTMENT,5,7bb35e58-4e7c-4f7f-9324-b81fcfb6e31c
IM00005358,2024-08-10T02:00:08,W003,P00235,RECEIPT,32,6967ca6f-aecc-4155-83d8-0c2db6cd5a85
IM00005359,2025-03-22T03:47:36,W003,P00313,TRANSFER_IN,26,813245f5-3d48-4033-953d-d92fc6885bbf
IM00005360,2025-11-29T00:03:33,W014,P00472,RECEIPT,3,0730d0c7-06de-4105-825a-3fd7910b69be
IM00005361,2024-12-08T23:38:55,W007,P00464,TRANSFER_IN,13,b6d33938-ad57-434e-b68d-bf7f27f2566a
IM00005362,2025-08-31T10:28:19,W002,P00118,RECEIPT,1,62ce19ac-8703-4146-8ab1-f27326536595
IM00005363,2025-04-27T16:31:00,W007,P00596,TRANSFER_IN,27,d0a54b08-5a65-4b8a-b297-53b210f02bcc
IM00005364,2026-01-03T16:49:00,W002,P00420,RECEIPT,38,42a1c6b1-47fc-4f83-98c5-c2ce22c2232c
IM00005365,2026-02-16T16:04:47,W006,P00072,TRANSFER_OUT,-21,a8fe6427-37c5-43ed-83f6-0230d876aa70
IM00005366,2026-01-18T12:14:37,W014,P00214,RECEIPT,42,35f17f91-adf2-40ec-b473-2b92eff52dc5
IM00005367,2024-04-08T00:41:47,W005,P00279,RECEIPT,21,61318740-8742-4047-a0a2-63f4b3a1e70e
IM00005368,2025-07-07T15:18:51,W003,P00164,SHIP,-33,1d120bab-539d-4031-bb08-005816099fdb
IM00005369,2024-11-26T08:52:46,W010,P00228,SHIP,-42,44437db2-5155-46ad-ab49-f60583030765
IM00005370,2025-02-04T05:37:50,W007,P00226,SHIP,-49,612d3a9d-55a5-48a2-8107-73e57da78a7f
IM00005371,2025-01-22T21:15:58,W014,P00272,SHIP,-7,32fa1f4f-22d1-4df7-b191-e5dc06f8a957
IM00005372,2026-01-07T23:24:53,W005,P00338,SHIP,-37,40ab310b-c6b9-4a6d-b084-1d6f75869b4d
IM00005373,2024-09-28T00:36:03,W001,P00092,ADJUSTMENT,20,01218345-ea89-43b5-812c-2cc32d287150
IM00005374,2024-05-06T21:20:28,W015,P00288,ADJUSTMENT,12,07d260d2-af2c-4d90-84f3-978395217e17
IM00005375,2024-07-16T07:52:23,W002,P00382,SHIP,-30,f6a1e90a-403a-4bc4-8f1b-8428ddb2c301
IM00005376,2024-05-27T20:22:49,W006,P00368,TRANSFER_OUT,-20,f14e0003-0d68-439d-99c5-a39640be733c
IM00005377,2025-06-30T22:03:30,W014,P00329,TRANSFER_OUT,-22,4c4b0eae-c6fc-412a-8014-c4063ea9479c
IM00005378,2024-10-08T07:16:10,W009,P00110,RECEIPT,14,61873453-0425-4f41-8438-4664aa6445cd
IM00005379,2025-07-11T11:14:26,W004,P00374,TRANSFER_IN,22,61e59428-d6c5-4b47-873e-d90583020509
IM00005380,2025-09-03T00:53:20,W005,P00147,SHIP,-29,5f7a8f86-40a4-4e5f-9848-dce329cd03de
IM00005381,2024-08-03T21:26:39,W010,P00594,SHIP,-3,3e7ce443-e830-4338-bd6d-cdc57fb72154
IM00005382,2024-10-21T05:12:31,W004,P00348,TRANSFER_OUT,-32,21ba1acb-c415-4bf0-8cd9-ac30fdf43491
IM00005383,2025-09-11T08:52:34,W013,P00017,TRANSFER_IN,27,1e9ae905-2a61-436a-a254-0c867a02168f
IM00005384,2024-03-28T01:43:30,W010,P00242,RECEIPT,5,b2ccb6f3-6445-41a3-8474-26a3b04f86c1
IM00005385,2025-03-26T08:03:16,W007,P00557,ADJUSTMENT,12,3d8f8c62-7f16-4ed0-9e6e-bd46caefe123
IM00005386,2024-07-25T08:08:03,W012,P00563,ADJUSTMENT,49,86527636-1ed1-4e74-9327-4d0b130ec3c5
IM00005387,2026-02-12T18:40:36,W012,P00433,SHIP,-36,20c7abe7-af00-4028-9c25-38eb1121294c
IM00005388,2024-09-23T00:27:46,W003,P00040,TRANSFER_OUT,-6,a40d7acc-5ec7-4993-b731-08b238241d4c
IM00005389,2024-01-08T06:45:33,W006,P00403,RECEIPT,12,5c88e74f-6fd7-4420-8895-8d2e209e745f
IM00005390,2024-09-10T06:24:50,W016,P00175,TRANSFER_IN,32,f3d1b799-b82d-4df5-9bce-9721e0dd8fc8
IM00005391,2025-09-07T22:37:51,W017,P00247,ADJUSTMENT,26,e00896d1-d275-4a93-a337-5d357b5e345b
IM00005392,2025-02-25T21:12:53,W002,P00275,ADJUSTMENT,48,4175cf0b-5c4d-433c-8d5f-f2f9aa3fdf73
IM00005393,2025-12-21T00:22:31,W013,P00100,RECEIPT,39,9fed1054-919a-4b80-8aa0-d351b6f94368
IM00005394,2025-07-18T03:01:11,W010,P00575,TRANSFER_IN,33,2ad5e61a-53fc-4ad2-af5a-0a1508e051da
IM00005395,2025-03-18T08:38:49,W017,P00433,RECEIPT,13,51b71d1d-9453-4a01-9ee1-2d52d1a4c782
IM00005396,2025-12-23T06:08:29,W009,P00148,RECEIPT,45,c805f016-ce79-47db-b3bd-0b9e023148e9
IM00005397,2024-01-29T09:10:51,W003,P00265,SHIP,-48,9cec7455-600e-4e89-9ca3-a43ebcd709bd
IM00005398,2024-08-03T17:46:48,W015,P00582,TRANSFER_OUT,-39,1c1b2cca-af2c-4aac-a237-86ac4e28bc8e
IM00005399,2025-09-09T12:13:13,W009,P00440,TRANSFER_IN,3,47a341e0-d111-4b99-baca-8bedfd346748
IM00005400,2025-12-15T02:37:24,W005,P00432,ADJUSTMENT,39,dabc3aee-6d9e-46d0-a686-88ca9605eae7
IM00005401,2024-10-18T15:13:53,W010,P00071,TRANSFER_OUT,-2,224a3a2b-4870-44e3-8e32-d087c88ab377
IM00005402,2024-01-03T02:53:31,W015,P00532,SHIP,-43,0dd92028-0838-4b2d-8136-d4aa0b192b67
IM00005403,2025-04-18T10:47:14,W008,P00456,ADJUSTMENT,5,30a314ee-1ccb-4a45-ad9a-e87e5fa663a6
IM00005404,2024-01-29T20:19:05,W014,P00379,TRANSFER_IN,35,e21e30e5-05a0-4d50-a14d-33923be35efe
IM00005405,2025-10-08T07:05:26,W014,P00397,SHIP,-24,1d8dd3b8-51ab-4fe9-aad3-c8634069468d
IM00005406,2024-11-01T13:21:16,W016,P00017,TRANSFER_OUT,-22,bef5c7d9-389f-4178-acd3-545f6fa0eb62
IM00005407,2025-09-05T00:39:50,W008,P00277,RECEIPT,23,9b2355ea-17fc-4c2b-97c7-897ff5c33ad9
IM00005408,2024-01-17T13:41:09,W014,P00244,TRANSFER_OUT,-27,4e74dfe8-67f4-4d8e-ad13-405375f37eea
IM00005409,2024-01-02T23:44:04,W015,P00010,TRANSFER_IN,41,35786943-ff3c-49e1-901b-21066e565500
IM00005410,2025-02-24T03:51:21,W017,P00211,TRANSFER_OUT,-38,ab3f5f72-aba1-4c5f-b13d-649cb8cce0b9
IM00005411,2025-04-29T06:44:55,W005,P00140,SHIP,-37,39e00c6f-a5f8-4fe9-8a5b-5ab0cca21acb
IM00005412,2024-04-22T17:39:36,W007,P00037,ADJUSTMENT,44,8192bd43-96be-4126-9656-e2e83bfb420f
IM00005413,2025-02-21T03:56:46,W015,P00176,RECEIPT,29,aa30e9dc-9550-4450-aea7-715762c6d7c0
IM00005414,2025-01-01T04:28:40,W009,P00401,SHIP,-18,38f36253-a48d-46ab-9e89-b4c8d3e9d07d
IM00005415,2025-12-01T16:30:17,W013,P00082,SHIP,-22,e6ca8d79-75f4-453f-b73f-7acd55648e53
IM00005416,2024-12-26T21:50:08,W003,P00440,ADJUSTMENT,5,5721a647-34e8-49f5-9f43-77c3d010bbf7
IM00005417,2024-08-05T15:55:12,W010,P00359,ADJUSTMENT,12,463c4774-01c5-4359-a6b0-8cf4921b9974
IM00005418,2025-04-27T20:43:15,W010,P00451,SHIP,-26,afc1a70f-b191-41ce-942f-5c487dc69b51
IM00005419,2024-11-05T05:17:25,W016,P00269,SHIP,-25,5f7a7a05-4136-4577-ae04-40e37573ad1c
IM00005420,2024-12-26T08:39:04,W012,P00399,SHIP,-44,e80e23d2-0813-4fa4-a004-75841c86cef6
IM00005421,2026-01-17T16:19:51,W005,P00057,SHIP,-18,236cf07f-1a94-4a3b-b4bd-6fd349c5dc8a
IM00005422,2025-06-04T03:48:58,W010,P00235,SHIP,-13,2472e1d0-ec41-4797-8b1a-5a6ec560a8fe
IM00005423,2024-06-18T16:31:36,W011,P00019,RECEIPT,45,738b4043-d73b-45b6-af1a-e62b31632de9
IM00005424,2024-11-02T06:43:37,W012,P00159,TRANSFER_IN,23,5b5f77a0-f494-41fe-8604-8edf8698a32c
IM00005425,2025-03-19T09:32:44,W002,P00064,RECEIPT,20,313a0d6f-358e-4ac4-ad4f-a68324e098d3
IM00005426,2024-11-01T17:41:35,W014,P00514,SHIP,-11,79484b11-0fbb-4acd-9cb7-5aaa668cdf62
IM00005427,2024-01-10T00:52:22,W015,P00599,TRANSFER_IN,1,ea9d3dae-ded5-4109-baf4-a401fe1bbbf8
IM00005428,2025-01-27T03:36:19,W016,P00493,TRANSFER_IN,41,40ad4350-5dd0-444d-8095-26e6f5514e01
IM00005429,2025-10-09T16:21:46,W008,P00241,SHIP,-1,34bf9de0-7f9e-4958-8dfc-ff9bc838f7ce
IM00005430,2024-03-15T02:11:10,W016,P00436,RECEIPT,48,f1280c62-4144-4748-9c1e-5a6827a117ed
IM00005431,2024-06-02T17:35:39,W006,P00174,ADJUSTMENT,41,990b0c75-87f3-4a27-9275-45ec647666d7
IM00005432,2025-12-12T20:14:20,W004,P00324,TRANSFER_IN,2,3bca497a-da6f-43e4-8a73-3e03a8df6070
IM00005433,2026-02-07T15:35:51,W015,P00510,TRANSFER_IN,32,42ba92b1-a3ca-4df3-958b-167801499ede
IM00005434,2025-05-08T19:52:22,W009,P00090,TRANSFER_OUT,-6,27657586-0a9e-4dfa-a594-040c5ecc6d62
IM00005435,2025-01-06T20:03:44,W016,P00573,TRANSFER_OUT,-34,ced16f6d-81a9-4382-ac16-a9ebc02b4bdb
IM00005436,2025-11-13T02:39:01,W010,P00436,ADJUSTMENT,44,2e166cf2-327a-409a-8de4-c4ca03e21135
IM00005437,2024-03-16T12:05:30,W001,P00153,SHIP,-7,23597251-8a7c-4601-a703-077586056585
IM00005438,2024-03-10T23:49:33,W004,P00532,SHIP,-38,57ee708a-44fc-4c53-bfdb-af8b9849eb41
IM00005439,2025-04-05T23:48:14,W009,P00330,ADJUSTMENT,38,bc27edc0-b770-4caa-b1ee-6137d49e24b5
IM00005440,2024-02-13T13:44:31,W007,P00457,TRANSFER_OUT,-38,bdf74f54-cf49-415d-b7b3-e8d2ae649877
IM00005441,2024-06-02T09:02:51,W014,P00514,RECEIPT,37,cb7ebbb8-a9ee-4ce8-9931-f390eea08008
IM00005442,2024-03-27T07:33:53,W017,P00476,ADJUSTMENT,37,52fe762e-8705-4fca-afc5-c389e0e22e43
IM00005443,2024-04-14T03:55:04,W002,P00057,RECEIPT,35,51b3aa14-4a55-4850-8457-f9dc7971594a
IM00005444,2025-02-08T16:30:30,W016,P00221,ADJUSTMENT,3,ec12cdd9-5e80-4233-bc9b-3a4713a31141
IM00005445,2025-05-23T21:15:19,W006,P00335,TRANSFER_OUT,-33,78b98f79-980b-4144-bb97-5d74afb9715c
IM00005446,2025-05-23T23:37:05,W005,P00493,ADJUSTMENT,12,810d7ba8-da26-4289-b9e9-ec8014ffa367
IM00005447,2025-04-18T05:28:07,W002,P00367,ADJUSTMENT,4,1c2e7fa8-0194-41b4-898a-b4d2204986dd
IM00005448,2024-04-15T17:37:53,W014,P00121,RECEIPT,14,d6ef056d-b2f4-4425-b2f3-7d98110e299f
IM00005449,2026-02-10T03:32:50,W011,P00434,ADJUSTMENT,36,d04869e8-1940-47ed-8edc-b111ce37537f
IM00005450,2024-06-16T23:12:17,W004,P00177,SHIP,-47,32ac9d48-7602-4266-93ff-329a7943ad18
IM00005451,2024-04-16T00:20:41,W007,P00370,TRANSFER_IN,31,d2280188-e793-4a4d-a3ce-c46fa177df97
IM00005452,2026-01-05T01:42:23,W015,P00440,TRANSFER_IN,42,1ddf373b-5a97-4bfc-9cd3-9b3c14a93b68
IM00005453,2024-07-22T23:19:51,W016,P00441,ADJUSTMENT,44,b6a807ad-fbcf-46be-be92-b2c508408897
IM00005454,2025-12-18T22:49:11,W001,P00145,ADJUSTMENT,38,b1f0c896-0457-4184-8e13-ccebedeaa00d
IM00005455,2025-12-25T06:23:26,W005,P00470,SHIP,-41,698cfeca-8781-48fe-9a69-8261c997c1cb
IM00005456,2025-03-22T14:07:55,W010,P00065,TRANSFER_IN,45,67ba9e28-5c99-42cb-a190-daf65d125bd0
IM00005457,2025-11-29T08:04:21,W017,P00547,SHIP,-27,8737c1a4-2780-455c-8247-89df6521018e
IM00005458,2024-07-04T06:28:12,W010,P00198,ADJUSTMENT,5,d57bd6ae-fb97-4fe2-a163-ebadf31f7742
IM00005459,2025-01-29T22:21:30,W013,P00084,ADJUSTMENT,14,6cff918f-4339-41fe-9ffa-58860fd8cc7c
IM00005460,2024-04-29T11:53:26,W014,P00457,ADJUSTMENT,10,851b0da6-075c-4cb0-889b-db5945baaa3d
IM00005461,2025-09-20T22:09:36,W009,P00279,SHIP,-26,c9621810-71b6-475c-9e8d-0f8cb2975996
IM00005462,2024-02-17T03:07:54,W007,P00094,SHIP,-42,e40c6a24-2017-4f8d-9b74-2a0d6bec04fb
IM00005463,2024-03-31T07:11:24,W006,P00267,TRANSFER_IN,39,083e7c0d-9f28-462f-8b48-b8711a5292c8
IM00005464,2024-06-02T13:06:52,W008,P00390,TRANSFER_OUT,-19,74cd1254-4f1a-40c1-a255-c077ced2d2a2
IM00005465,2025-03-21T21:26:00,W007,P00265,SHIP,-46,4068d31d-ff35-4203-9797-e174f472e4b6
IM00005466,2025-01-03T01:59:08,W006,P00572,SHIP,-23,46c8c896-4b83-413c-b187-9ad078f99e18
IM00005467,2025-10-01T19:02:36,W012,P00213,SHIP,-34,c6f8ebef-98e6-47a0-86bf-9a9f534d27c7
IM00005468,2025-01-28T21:05:28,W011,P00525,ADJUSTMENT,14,dd3829ad-6dfa-4bea-b347-1c32b7c221b5
IM00005469,2025-12-06T11:09:16,W016,P00041,RECEIPT,28,808687b6-7938-48f6-80ca-868c98f11e97
IM00005470,2025-01-21T15:42:14,W014,P00129,SHIP,-43,9d54e85a-eb9f-43ac-9a18-3e5bca6b1c7e
IM00005471,2024-10-21T08:22:34,W001,P00240,SHIP,-43,ef75857a-1e34-4f22-a28b-610f6d4970f8
IM00005472,2024-04-28T17:17:54,W011,P00154,RECEIPT,13,e80958f6-1965-4d40-80c7-2bb30fedab4c
IM00005473,2025-11-06T18:32:11,W005,P00575,TRANSFER_IN,45,10bfbc36-43e9-4268-9f26-58a8fc085d3d
IM00005474,2024-12-04T07:42:45,W016,P00351,ADJUSTMENT,46,3fee4d4d-44d3-476d-9830-9ec007a0a200
IM00005475,2024-03-06T15:27:44,W003,P00202,TRANSFER_IN,39,67aac8fa-4c37-438e-ac81-72feab3ce1bb
IM00005476,2025-11-02T17:32:22,W005,P00448,TRANSFER_IN,17,8e06dfec-2b67-4f73-a6c1-8068339834ae
IM00005477,2024-11-26T23:10:23,W010,P00346,SHIP,-8,6e32921d-98b4-4257-9370-0c721efb9fbf
IM00005478,2024-11-16T20:27:10,W004,P00070,RECEIPT,7,4521ea4a-1fdb-4adf-ba8f-f826bb741623
IM00005479,2025-06-07T12:32:04,W015,P00034,ADJUSTMENT,27,27579b0a-90e5-4e4e-9049-d99428a7b187
IM00005480,2024-04-04T21:47:46,W016,P00078,RECEIPT,14,76213305-d306-48ed-8bc4-84162ca77687
IM00005481,2025-11-12T03:21:45,W003,P00054,RECEIPT,32,ed9badbf-aea8-42d4-9ba6-9a7d84f68913
IM00005482,2024-05-16T15:44:06,W014,P00524,TRANSFER_IN,12,27b2fadd-4bb0-4b40-aa3a-a408d41178f2
IM00005483,2025-07-28T19:52:59,W009,P00393,RECEIPT,47,894938e3-28b7-4ec8-8939-8c402e1f78cf
IM00005484,2024-01-06T18:44:03,W001,P00453,TRANSFER_IN,3,da5b4804-cd2c-40d2-b862-36c81ca8c0b5
IM00005485,2024-06-04T13:28:29,W002,P00177,TRANSFER_OUT,-31,2088433e-b89b-48d2-ab1d-5b330b759ad2
IM00005486,2025-07-06T14:36:23,W009,P00103,SHIP,-10,e3a06d7d-bff7-474d-9b48-574ecec289f5
IM00005487,2024-12-19T17:27:44,W006,P00158,SHIP,-47,e3f0f02c-f179-4c6c-ae11-6d414bf4487a
IM00005488,2025-07-31T00:10:04,W008,P00316,TRANSFER_OUT,-31,084a429c-987d-4c9b-a6d9-98fc5f374955
IM00005489,2024-07-30T16:55:39,W014,P00425,RECEIPT,29,7473c8b6-2e4a-4eaa-9f0c-279f987b29dd
IM00005490,2024-08-09T17:46:25,W008,P00235,SHIP,-33,cedaf720-445a-4fb6-a720-ccb06b92f164
IM00005491,2024-01-03T13:30:43,W017,P00582,TRANSFER_IN,29,857eca2d-b4cd-4582-8909-2ea0aaadeb71
IM00005492,2025-11-21T02:46:41,W009,P00298,RECEIPT,17,13add7f1-f967-4726-99f3-57536590c528
IM00005493,2025-08-22T02:33:52,W010,P00038,SHIP,-37,47855149-1591-4a12-a82e-9dfe2d385a79
IM00005494,2025-05-11T18:41:38,W004,P00091,TRANSFER_IN,29,7d5b996b-7a99-4e26-a887-3e7eb0dd3a8a
IM00005495,2025-05-27T23:09:41,W005,P00112,TRANSFER_IN,37,fdf5136e-b2df-4895-919c-57a3b13ae6e7
IM00005496,2025-07-19T23:19:21,W010,P00218,TRANSFER_IN,21,125aac0c-d464-462f-a980-05e2e4991064
IM00005497,2026-02-22T01:18:44,W005,P00566,ADJUSTMENT,32,f6ed0a46-c170-436f-9dad-bd0b1587c6c6
IM00005498,2025-04-25T03:11:20,W007,P00122,ADJUSTMENT,18,c84c6289-f6af-45d2-9621-34454d8235eb
IM00005499,2025-10-06T07:27:34,W002,P00034,TRANSFER_IN,21,de02499a-8575-4b56-a7dd-c4445d0cdd3e
IM00005500,2026-01-12T02:44:15,W017,P00161,RECEIPT,23,f62b22c8-8f79-4988-a5e0-675b2bdc3f7c
IM00005501,2025-01-20T13:33:22,W002,P00311,ADJUSTMENT,34,0f78578e-57e2-4c21-ab14-228f2d251090
IM00005502,2025-12-26T18:12:45,W009,P00030,ADJUSTMENT,6,fa9d1bc1-6ef8-4086-9e6c-18d0e2a11b89
IM00005503,2024-05-06T10:46:21,W005,P00111,TRANSFER_OUT,-24,fc29c7c0-e7d4-4922-be01-645af2ce0f37
IM00005504,2024-06-17T07:14:53,W015,P00361,ADJUSTMENT,31,7c8f3ed2-c607-4ec6-9eb2-8c07eb07f5ab
IM00005505,2024-03-17T18:36:47,W017,P00141,TRANSFER_IN,11,8c9fb317-a7f4-464a-bb1f-3129707fea57
IM00005506,2025-01-21T23:49:48,W006,P00366,SHIP,-39,848f49bd-98bf-4400-8078-999a396d20e9
IM00005507,2025-05-01T17:14:45,W001,P00237,TRANSFER_IN,38,ca18e8d6-6eb3-4b80-93fd-21c0bc17bac0
IM00005508,2024-12-25T15:57:49,W005,P00216,SHIP,-1,5d99c6d9-2b13-47f6-aebe-941c89975114
IM00005509,2024-02-26T04:11:20,W001,P00420,TRANSFER_IN,33,0d1284b6-a398-4165-bf66-05bce553a88d
IM00005510,2024-12-25T03:24:06,W013,P00432,TRANSFER_IN,39,67185b84-4147-4a77-9840-917e66d1356e
IM00005511,2024-10-21T06:34:41,W005,P00390,TRANSFER_OUT,-49,73ea52a2-11f6-426f-9f8e-ed5a0b0c0aa9
IM00005512,2025-06-04T02:23:22,W005,P00083,SHIP,-25,715524f9-953e-41c4-a705-bfd924a9ef2b
IM00005513,2024-06-04T17:39:33,W006,P00295,RECEIPT,13,6d8d20f7-6051-47c1-9712-9310b055956c
IM00005514,2024-07-25T13:15:54,W016,P00198,SHIP,-5,cc5c68dc-4eee-4300-8e22-a68e61c58b92
IM00005515,2025-04-19T22:21:03,W009,P00303,RECEIPT,23,a9fa3e0a-fc56-4279-a6b6-a2130f50d358
IM00005516,2024-02-12T15:53:16,W013,P00558,ADJUSTMENT,39,dd3b131f-6290-4f18-97b2-080599d2f3a5
IM00005517,2026-02-10T03:10:05,W009,P00286,ADJUSTMENT,7,96a31392-ddc3-40d6-bc96-e7c6955fdd0f
IM00005518,2025-10-19T20:20:19,W017,P00163,TRANSFER_OUT,-29,3c35afbc-0cd8-4c31-8e41-042b7488e0a2
IM00005519,2024-02-26T11:50:13,W001,P00043,SHIP,-4,1f1b361d-7054-48e2-99dc-66ff3af0f827
IM00005520,2024-07-27T23:42:14,W014,P00267,ADJUSTMENT,30,85c56258-c2d5-44b2-bde1-cca383e0a8ad
IM00005521,2024-10-16T12:23:38,W005,P00380,TRANSFER_IN,15,2f13803b-652c-4520-87ff-10f633900969
IM00005522,2024-05-14T00:51:00,W009,P00114,RECEIPT,8,0a621ecd-713e-4a37-b8ed-c774ea5774c3
IM00005523,2024-01-20T18:20:41,W016,P00029,RECEIPT,32,927feee7-eae4-4852-9870-45826179c601
IM00005524,2026-01-05T18:41:46,W011,P00497,SHIP,-42,8ce2f5ef-e805-4aae-9ce2-ac03254da9ae
IM00005525,2024-08-29T04:08:52,W011,P00530,TRANSFER_IN,36,47c7a651-1a6c-43e0-915c-59bfd3b4c7a5
IM00005526,2025-08-31T23:42:08,W014,P00576,SHIP,-17,4d1d7197-9ffa-41cb-941f-f0d3f97fb57a
IM00005527,2024-12-26T02:52:06,W014,P00081,SHIP,-43,d12b15f6-1212-4b7a-8ca7-a003aedebbb6
IM00005528,2024-02-21T01:14:05,W004,P00033,ADJUSTMENT,9,fdb07b1f-9927-4577-bcb5-27ead88006aa
IM00005529,2025-03-04T12:00:43,W006,P00175,ADJUSTMENT,43,0ad7b8e5-b337-4bb6-8176-ea0ff163299e
IM00005530,2025-04-30T18:12:09,W007,P00564,TRANSFER_IN,17,064f3444-0318-4485-a29c-e891ac0547b6
IM00005531,2025-06-07T17:00:42,W009,P00547,TRANSFER_OUT,-18,cc38787a-be69-4ab4-8624-d2b576f3c24e
IM00005532,2024-04-30T03:00:08,W003,P00014,TRANSFER_OUT,-19,c10474db-498b-495a-a86d-16725fb50849
IM00005533,2024-02-09T15:00:57,W002,P00005,TRANSFER_IN,37,e9d6c0de-b60b-4778-a59b-548feb3c0c9f
IM00005534,2026-01-01T10:06:14,W001,P00436,ADJUSTMENT,22,4b5d688d-e8a0-4c69-a133-6e5b8e3c4814
IM00005535,2025-06-24T01:59:26,W015,P00171,TRANSFER_IN,24,dd6a4162-5172-487f-8859-288d9adaa4d6
IM00005536,2025-12-10T02:41:13,W004,P00381,RECEIPT,19,3245376a-124c-4e60-886f-ff9eaf7baf60
IM00005537,2024-08-13T11:29:55,W012,P00446,SHIP,-6,eba83b7b-a687-428b-aab6-8252eb3760e5
IM00005538,2024-05-04T05:12:45,W009,P00276,RECEIPT,10,69c37241-ebe7-4c32-ba2a-9a8780a912bd
IM00005539,2024-09-18T18:50:54,W012,P00025,RECEIPT,47,087145f4-1fba-4e07-8969-f6c66844825e
IM00005540,2025-05-03T21:54:47,W013,P00125,TRANSFER_OUT,-28,4b5b5885-4c05-4490-ac74-5268277ef98e
IM00005541,2024-02-26T14:39:13,W016,P00219,TRANSFER_IN,48,3103b64c-9db3-4d77-b9bd-2575bcd24fca
IM00005542,2025-04-29T19:45:13,W009,P00439,TRANSFER_OUT,-41,11cebcfd-d741-4d9d-aa5e-d5ca0e64960c
IM00005543,2024-04-17T06:23:10,W007,P00520,RECEIPT,48,0260f7b4-d416-44fb-9c6d-0a5f29288ca7
IM00005544,2024-01-10T09:52:02,W002,P00063,TRANSFER_OUT,-12,a07981f3-5d8f-4794-9ce0-389b90c49dcb
IM00005545,2026-01-31T01:58:03,W005,P00293,RECEIPT,29,76c74104-0fb0-475d-9f29-d7e429e90475
IM00005546,2025-11-18T23:34:18,W005,P00226,ADJUSTMENT,41,67191349-c937-4e58-ae8e-67add73f01fa
IM00005547,2024-11-10T22:40:23,W006,P00531,TRANSFER_IN,32,25a89a07-9107-4637-b203-8ca72280ce6d
IM00005548,2024-04-23T22:31:47,W017,P00104,RECEIPT,12,51149fab-cdb3-4235-80ba-7b489f6fb26e
IM00005549,2024-10-03T21:12:02,W004,P00519,TRANSFER_OUT,-48,5528150c-4ca5-476d-9a41-a99c11b749fe
IM00005550,2024-06-12T15:33:17,W007,P00106,RECEIPT,5,b85f199f-c9bc-4d50-8ff3-f795e3fc2a62
IM00005551,2024-10-01T19:02:39,W011,P00356,SHIP,-3,ab297d11-0791-4a28-bb98-41e59b125a27
IM00005552,2025-06-20T18:49:37,W010,P00473,ADJUSTMENT,5,b24ab694-b00d-4192-9fc2-a0b09dc95e07
IM00005553,2024-06-30T02:56:46,W015,P00463,TRANSFER_OUT,-39,232708a5-48e2-4fdc-9a34-7b374d3c88c6
IM00005554,2025-08-11T00:21:39,W009,P00374,TRANSFER_OUT,-16,e513128d-ce53-408f-9f38-d0c70e0c66b3
IM00005555,2025-07-08T11:06:30,W010,P00485,ADJUSTMENT,24,12e2a5bf-f80d-469d-80af-77b518b9088c
IM00005556,2025-03-27T21:52:59,W013,P00257,TRANSFER_OUT,-14,99bbf346-b94e-4629-a5da-052f6cf10bb3
IM00005557,2024-04-19T14:52:56,W001,P00381,TRANSFER_IN,22,2b1418c5-1435-4a1a-8683-980085868b4e
IM00005558,2024-07-12T17:16:02,W005,P00109,RECEIPT,2,2524f4c6-064e-44a5-b4ac-a0a32e56606c
IM00005559,2024-12-20T04:32:17,W016,P00255,TRANSFER_OUT,-17,97716a92-f93f-46ca-addd-0e7ddf1d0500
IM00005560,2025-05-11T11:02:34,W010,P00575,TRANSFER_IN,24,63d9ac5e-7b7b-4fec-999d-51e56485a75b
IM00005561,2026-02-07T15:54:23,W005,P00184,TRANSFER_OUT,-20,3678765a-b81d-415b-a78f-36ece791a3ad
IM00005562,2025-06-24T08:59:59,W010,P00572,SHIP,-19,dabb06c1-d1d6-4977-9664-d841dd23029a
IM00005563,2024-11-06T21:35:41,W017,P00091,TRANSFER_OUT,-14,bc036e8e-f1ce-45fc-87e1-ff74b0d7973f
IM00005564,2025-11-03T02:33:45,W017,P00349,RECEIPT,23,ec0b6a79-df92-4387-8415-afd0d8b3fb58
IM00005565,2024-12-26T11:09:00,W007,P00216,TRANSFER_IN,22,94e0266d-4e28-457b-88f4-c59808334f3f
IM00005566,2025-04-14T05:26:47,W012,P00207,ADJUSTMENT,48,4df5a6df-3430-4d60-ac0d-041b991159c1
IM00005567,2025-10-20T15:30:08,W005,P00200,SHIP,-5,89479003-edb5-4de4-a169-51bedeb60550
IM00005568,2024-11-22T09:46:42,W009,P00595,ADJUSTMENT,23,47fb394e-d6d0-4cbf-8001-2416bc08eb45
IM00005569,2025-02-16T12:36:19,W011,P00051,TRANSFER_IN,8,bd6fb0e8-9a71-4b98-9728-0d8ad5b90b89
IM00005570,2025-11-26T19:21:32,W003,P00193,SHIP,-40,3c1d91e1-09a8-4340-993d-3e5e113e3bae
IM00005571,2025-02-14T11:16:35,W002,P00461,RECEIPT,43,648907de-c46e-453c-b44e-f9090265769e
IM00005572,2025-08-17T20:04:22,W006,P00188,SHIP,-49,61096fea-bd2b-4339-9df4-04ffcbd33d83
IM00005573,2024-09-18T09:07:50,W003,P00216,SHIP,-38,068366a1-b251-4f78-a0ed-7b5a45c61234
IM00005574,2024-02-12T23:03:24,W014,P00159,SHIP,-38,6606f968-090c-4fc6-ad49-1aa1ce430712
IM00005575,2024-11-19T20:37:15,W007,P00144,RECEIPT,29,e0f32ac5-a376-4a41-8487-003b1986a9a2
IM00005576,2025-08-10T13:15:16,W005,P00487,TRANSFER_OUT,-36,7e5c6c7f-6f2d-47f1-8fcf-29d4197afc1d
IM00005577,2024-10-20T01:09:30,W002,P00037,RECEIPT,26,4eece62c-30e7-4f0b-96c0-1a787d058dad
IM00005578,2025-11-15T00:10:39,W006,P00194,TRANSFER_OUT,-25,e4d57eb2-973e-4e1f-8457-c2fde2d805eb
IM00005579,2024-11-06T07:40:07,W005,P00454,SHIP,-41,4bfa782d-0e8a-4cae-9707-67855b6c0d6b
IM00005580,2024-08-20T23:27:49,W016,P00251,ADJUSTMENT,37,e4ea5cbb-1c15-4006-a167-0d562c8297d8
IM00005581,2024-01-30T07:19:01,W017,P00444,ADJUSTMENT,15,efeabb92-ce78-48d0-9713-2f785c44eb8b
IM00005582,2024-12-01T11:44:27,W006,P00343,SHIP,-3,cd9f67fd-9323-4909-a673-98b62d6364fa
IM00005583,2025-06-03T17:42:49,W010,P00564,SHIP,-48,347b51f5-e0dc-4c6a-bead-7fc0baed6678
IM00005584,2025-02-18T13:57:15,W005,P00278,RECEIPT,46,ac03dc23-73ae-4d63-93f6-1edf3b8d0668
IM00005585,2025-01-01T21:20:30,W016,P00075,ADJUSTMENT,9,65a8a2ee-bb26-431d-a03d-d5aeb4df9fcb
IM00005586,2024-09-02T13:00:04,W016,P00548,TRANSFER_OUT,-25,5343e24b-3d4b-4516-bbb9-0659f0ba910b
IM00005587,2025-04-08T01:58:15,W006,P00032,SHIP,-33,d2c0aae8-011d-4d4b-b21f-f9e902aa0c64
IM00005588,2024-11-08T10:40:58,W012,P00005,ADJUSTMENT,46,a59d0dcc-6675-412d-b1bb-f63fcbf24a4f
IM00005589,2024-03-09T12:57:41,W001,P00300,RECEIPT,8,16641ae1-df3b-42d2-a0f6-89c5af6cf2bf
IM00005590,2024-08-28T13:54:57,W012,P00444,TRANSFER_OUT,-48,f7086ab8-85bc-4562-84e3-e12c3643068d
IM00005591,2024-08-28T16:52:05,W010,P00044,SHIP,-24,ca153c0a-3403-4d76-a9f3-b880177efe76
IM00005592,2024-08-01T08:05:51,W016,P00113,ADJUSTMENT,16,3d6828e6-0533-4c46-93e4-9fd86360d013
IM00005593,2025-01-09T15:29:26,W003,P00045,RECEIPT,25,f0e22130-7a92-49dc-9507-c07d9ede8d61
IM00005594,2025-07-22T11:46:32,W009,P00496,TRANSFER_IN,1,e785b276-23db-479f-bfd2-c36800e65db8
IM00005595,2025-05-10T14:18:08,W001,P00483,RECEIPT,24,5f27aff1-fb48-47c7-baa5-5010674ed278
IM00005596,2025-01-11T10:44:47,W005,P00087,TRANSFER_OUT,-1,ad34eecc-9c0a-48be-85e8-3d5d67455252
IM00005597,2025-11-18T06:49:12,W001,P00357,TRANSFER_IN,28,977f72dc-2c80-4949-b399-89b7197e2d8d
IM00005598,2024-09-28T17:47:28,W005,P00098,TRANSFER_OUT,-19,ae1e8d50-ff57-4598-875b-ec082761fafe
IM00005599,2024-12-24T00:21:01,W008,P00069,RECEIPT,48,d151702d-c526-4fb2-b448-a97d3bef0d82
IM00005600,2025-08-10T11:22:32,W008,P00558,RECEIPT,41,427e28bc-b5f4-447f-8512-c6b3b0271ef4
IM00005601,2024-02-12T13:21:32,W017,P00158,TRANSFER_IN,16,89a53e03-cccf-42fc-a55b-f382609fca0c
IM00005602,2024-02-07T15:17:28,W007,P00069,TRANSFER_IN,32,8950c0c6-e7a4-4520-bf13-9975949118f7
IM00005603,2025-03-07T18:11:46,W012,P00406,RECEIPT,41,dbb893cd-5963-4d0f-b4f1-9d81c440ff0f
IM00005604,2024-04-03T23:35:02,W009,P00238,RECEIPT,23,0707cdc4-892a-4ccc-a5ec-ee08b974baa1
IM00005605,2024-06-27T12:07:07,W012,P00501,TRANSFER_IN,20,64210876-3fc9-4328-9ea9-fe24c0850b94
IM00005606,2025-10-22T12:56:18,W001,P00065,RECEIPT,44,8587b899-b736-4dba-9c4f-9d242e2f0ef5
IM00005607,2024-01-19T02:32:39,W005,P00222,SHIP,-33,ea931caf-f903-43c9-81d5-46debd045d2f
IM00005608,2025-06-02T23:56:49,W003,P00290,SHIP,-46,18aa3bdc-0bd8-4942-915c-6d7705539853
IM00005609,2024-11-03T07:17:51,W006,P00053,SHIP,-5,f8a94091-e245-4654-b6de-0809ad39bafe
IM00005610,2025-07-27T07:46:57,W009,P00280,SHIP,-3,b8990e08-ac97-41bc-a5ea-6ddf27d6ea38
IM00005611,2025-12-15T00:33:00,W008,P00249,SHIP,-21,f597308d-59c5-47ac-9f43-d88de7d7f508
IM00005612,2024-10-14T21:31:02,W013,P00153,TRANSFER_OUT,-29,811a8d2a-e579-4f73-b178-377688bcc531
IM00005613,2024-06-24T02:10:54,W006,P00268,ADJUSTMENT,9,a02db3ef-321f-4492-b2b9-6f8a7f1abeb8
IM00005614,2024-09-22T06:04:44,W008,P00285,RECEIPT,16,a16791ac-b725-4231-beb0-e4b1ba30c6df
IM00005615,2024-10-29T13:00:17,W008,P00314,SHIP,-22,1e3e1c21-2f52-4a4a-81d6-b9dbdfcfe9c7
IM00005616,2024-04-07T11:01:18,W003,P00034,TRANSFER_IN,19,789da34d-c046-412f-ae6d-612455779128
IM00005617,2025-05-03T13:56:11,W015,P00344,TRANSFER_IN,33,c265a5d0-93ea-4576-b12e-4ca19780ffb5
IM00005618,2024-04-17T10:37:52,W009,P00409,TRANSFER_IN,21,7330a379-0da8-4db4-a431-f8dd5294fc8b
IM00005619,2025-07-21T03:47:31,W003,P00144,TRANSFER_OUT,-20,c7dc6abf-7ce1-459f-ae43-4f20be8aafeb
IM00005620,2025-02-15T16:37:07,W017,P00127,ADJUSTMENT,11,ecd7275d-00a9-4a9e-8425-458c361eeab3
IM00005621,2025-12-19T14:14:48,W009,P00463,TRANSFER_OUT,-15,1eb95647-6e5e-4aaf-8f63-98dc804a68cf
IM00005622,2024-02-10T11:58:24,W015,P00403,SHIP,-18,71256a0f-d0b7-42ea-a8e3-b56ec7b31151
IM00005623,2025-12-22T13:14:59,W017,P00302,SHIP,-18,2253d842-1b38-4f4d-a850-bbbdf16b7793
IM00005624,2024-07-24T06:27:09,W004,P00132,RECEIPT,17,b8127ed6-862e-4121-9bdd-25344fb53ff1
IM00005625,2024-11-13T23:29:04,W008,P00162,TRANSFER_OUT,-34,4fa85636-fc75-41a6-9fdf-d4e921b96aa7
IM00005626,2026-02-02T21:50:56,W010,P00323,ADJUSTMENT,48,a16f1fa6-6c31-47b1-9c74-fe7c589cea00
IM00005627,2026-01-21T06:13:51,W014,P00307,TRANSFER_OUT,-13,0bdcad6b-87ec-498e-b75e-a423b85406db
IM00005628,2025-07-30T16:40:57,W005,P00303,TRANSFER_IN,29,9005e2e0-2c3f-4cc0-855d-f1f54040cc02
IM00005629,2024-03-16T16:38:54,W006,P00196,TRANSFER_OUT,-23,0f99fc1e-e6e0-465c-82bb-0114c0e57c4b
IM00005630,2024-06-16T19:52:17,W001,P00422,RECEIPT,12,1b7ddfae-ca99-497c-878c-c5631cee313c
IM00005631,2025-06-11T19:26:01,W015,P00443,SHIP,-42,7adf6819-6767-45b8-a2c7-35b5f566fdc5
IM00005632,2024-01-14T04:43:06,W003,P00040,ADJUSTMENT,5,fd2afc00-b25b-4919-860d-514a0f666766
IM00005633,2024-09-13T00:34:18,W001,P00040,TRANSFER_IN,39,d957500f-c454-473c-ab3b-98499c93ed9d
IM00005634,2025-12-24T17:43:25,W014,P00290,ADJUSTMENT,44,cf58badc-a991-47bb-a51f-c1e82816f7cf
IM00005635,2025-08-28T07:42:28,W010,P00099,ADJUSTMENT,32,e0d4f4d2-c524-4f28-b38c-5281ada7aa8b
IM00005636,2025-02-11T05:09:30,W017,P00227,TRANSFER_OUT,-31,7112dd2b-525e-4d0b-8a05-b7d22333e572
IM00005637,2025-11-29T23:19:04,W009,P00123,ADJUSTMENT,10,5b2b312b-8dab-49c7-9bb1-fd99d22362cd
IM00005638,2026-01-07T04:20:07,W016,P00308,ADJUSTMENT,5,0af484bb-3800-4ef9-89ab-44f23bd54a8a
IM00005639,2024-09-07T19:57:28,W009,P00527,SHIP,-5,95ec4bb7-c815-4787-9ed1-69479a13b460
IM00005640,2025-09-30T08:48:33,W008,P00374,SHIP,-1,97db15f3-7827-4c62-b44e-74c219bd9b25
IM00005641,2024-08-27T08:50:41,W007,P00375,TRANSFER_IN,48,fe923473-b6cf-4f57-9df1-25c7f7ca2f63
IM00005642,2025-06-06T06:39:28,W017,P00075,TRANSFER_IN,24,8733a06a-f045-481f-90fc-ecfa92bc84c0
IM00005643,2024-05-07T13:41:58,W006,P00555,RECEIPT,13,ec97bca7-4322-4372-bf14-a4518e888137
IM00005644,2025-05-14T11:49:56,W008,P00552,SHIP,-11,ac2d8499-c504-4ede-b387-f8e62e8ca3a1
IM00005645,2025-09-28T00:53:25,W004,P00069,RECEIPT,33,b727e16d-ae6c-4d65-b04b-9f779030e373
IM00005646,2025-05-28T17:05:57,W013,P00046,TRANSFER_IN,13,71ce564a-25c4-41c2-9a23-298dce52acd0
IM00005647,2024-10-19T05:56:30,W004,P00137,ADJUSTMENT,16,c1126182-5349-4a91-85cc-7d667b1d6822
IM00005648,2025-05-15T14:40:53,W009,P00288,TRANSFER_OUT,-29,7b264610-71b7-4fef-93c8-a8b20ccb7099
IM00005649,2024-10-26T02:53:27,W001,P00406,SHIP,-11,3c02f681-261d-4326-922b-cef2dc7ea284
IM00005650,2024-11-26T13:40:31,W003,P00208,TRANSFER_OUT,-45,2676ec41-59fa-4528-a779-fbaf9506a2db
IM00005651,2025-02-20T10:31:09,W011,P00328,TRANSFER_IN,39,8cd7f9f6-bdb6-437a-8bfb-3a4fe4a2581f
IM00005652,2025-12-24T03:36:59,W002,P00303,RECEIPT,44,4a57f105-e043-45ac-8698-51e1df171e3d
IM00005653,2025-05-22T17:34:21,W008,P00371,ADJUSTMENT,17,225f30c0-c8f0-444a-9efe-bd5a1d83033e
IM00005654,2024-11-25T14:52:20,W005,P00200,SHIP,-13,d6c09ee8-e13d-4381-9c49-0d07eda84f9d
IM00005655,2025-10-23T03:13:44,W011,P00449,RECEIPT,36,b8fea20a-e35e-40c4-9400-67c1eaeb5d7d
IM00005656,2025-04-06T09:06:40,W003,P00206,TRANSFER_IN,19,250c375b-b919-4057-97dd-0ba7936d6a2c
IM00005657,2024-08-08T14:04:08,W016,P00332,SHIP,-13,0140fee2-b549-4e10-a693-880aa3450eca
IM00005658,2024-11-06T05:21:50,W003,P00293,TRANSFER_OUT,-11,40475500-11a2-4331-85bd-993c2da87b92
IM00005659,2024-06-17T10:28:11,W011,P00232,SHIP,-21,f4ae9948-b306-42b6-ad9c-e74c027d6743
IM00005660,2024-03-31T05:56:38,W011,P00340,ADJUSTMENT,24,3b6ca44a-565b-4c0d-82a3-2d9c7bf5761c
IM00005661,2024-10-21T06:08:26,W003,P00081,SHIP,-2,acda7e13-c0e4-4824-b2b7-78308f9802e2
IM00005662,2025-06-02T03:52:36,W002,P00075,ADJUSTMENT,12,cba5ac35-6b81-4a51-99c0-6734e31101c1
IM00005663,2025-03-24T09:05:24,W004,P00580,SHIP,-31,b4dc4fe8-8122-45d1-83c6-c99081e44d11
IM00005664,2024-06-20T23:35:56,W013,P00042,SHIP,-35,64e1c9da-610a-4b56-b1f3-06a598d396cf
IM00005665,2025-08-28T07:28:32,W011,P00568,ADJUSTMENT,31,62b8feba-d868-41dc-87d1-eb08aeeb9ba1
IM00005666,2024-03-23T05:18:38,W012,P00328,SHIP,-35,558d3f52-157d-4a45-8815-70533d00ed80
IM00005667,2026-01-29T09:23:22,W014,P00283,TRANSFER_OUT,-6,9534efb9-49fa-417c-8f37-8394f524fdb9
IM00005668,2024-02-11T22:37:49,W014,P00137,RECEIPT,29,5d3785e6-be91-4253-9982-253840e51068
IM00005669,2024-08-25T15:18:37,W004,P00514,TRANSFER_OUT,-23,d827d30f-09eb-47dc-ac46-c79672f3b4b7
IM00005670,2024-04-15T09:26:00,W013,P00463,RECEIPT,14,ae998ab3-fb79-481f-bf2b-560b374975f5
IM00005671,2025-10-10T03:22:45,W003,P00297,TRANSFER_OUT,-6,112d319e-9380-4f66-b0a5-8467d83ce54d
IM00005672,2024-03-31T21:23:18,W011,P00100,RECEIPT,12,9c664b40-8ea8-4b25-87a8-43e3ce3231df
IM00005673,2025-07-21T07:37:39,W004,P00279,RECEIPT,23,04cec5a6-bc00-45f7-8c7e-58728c63c05f
IM00005674,2025-11-10T10:10:40,W002,P00537,TRANSFER_OUT,-11,e82778e3-857b-480f-8852-30926dfd71c1
IM00005675,2024-12-09T03:00:35,W007,P00130,ADJUSTMENT,28,1ada22dc-4f51-404c-8258-54ba1cf7eea8
IM00005676,2024-02-26T17:25:01,W012,P00302,TRANSFER_OUT,-42,9ef7830f-e736-4b51-94c2-7c5435701988
IM00005677,2024-04-05T02:36:10,W001,P00547,TRANSFER_OUT,-2,bfb6d59b-b90e-4f5d-b36d-689abf42a391
IM00005678,2026-01-01T02:33:40,W016,P00464,TRANSFER_IN,27,43ff3fe4-b880-41ea-926d-129f2ce9d810
IM00005679,2024-04-01T06:42:15,W008,P00344,TRANSFER_IN,13,df5f6469-37ac-4291-9512-8f7ff5bede76
IM00005680,2024-01-06T05:45:42,W003,P00399,TRANSFER_IN,46,d05f31af-0668-4aae-bb5b-96c20e40462d
IM00005681,2024-04-27T10:14:36,W012,P00103,TRANSFER_OUT,-47,97223e9a-7669-4e98-a354-1e02b0c6a44f
IM00005682,2025-08-26T03:02:09,W014,P00502,TRANSFER_OUT,-39,1a4b92f5-969d-405a-b72d-552aeec28a0d
IM00005683,2025-06-29T12:10:17,W008,P00415,TRANSFER_OUT,-35,31fbc93c-48d0-4d5e-8dd7-05b73cc74f45
IM00005684,2024-10-13T17:25:11,W002,P00314,SHIP,-29,960802f3-57d7-41d9-ad9a-f70cc3f0e9e2
IM00005685,2025-07-06T02:59:36,W010,P00385,SHIP,-2,240f2ba3-85c0-4eb9-a5e7-7c82e518a04d
IM00005686,2024-11-14T17:59:18,W007,P00180,ADJUSTMENT,25,66c66986-d1c4-41eb-95a3-652422887c83
IM00005687,2024-09-04T22:43:24,W004,P00595,TRANSFER_OUT,-40,6a873cef-3ce1-4bba-8c6b-7e9e98a3ee36
IM00005688,2024-07-08T06:57:01,W007,P00127,RECEIPT,9,3dfc64e8-26ae-4c81-8d8b-bbd6b17c5a66
IM00005689,2025-05-10T18:14:29,W009,P00574,ADJUSTMENT,22,cc645de4-541b-43d9-a798-b594aae5518d
IM00005690,2024-06-11T01:45:24,W001,P00253,TRANSFER_OUT,-37,874c5060-3baf-411c-96b3-05acf5f0c479
IM00005691,2024-11-16T09:10:39,W009,P00249,ADJUSTMENT,18,f9c7504c-12e6-4fe6-ba5d-10d04f5552f7
IM00005692,2025-01-09T22:48:53,W007,P00131,TRANSFER_IN,47,b9a5b38a-5a90-4b7e-9254-334d6d20c2a8
IM00005693,2024-07-08T13:52:19,W006,P00150,TRANSFER_IN,37,081ac8c8-f4e2-48df-8678-685e96062424
IM00005694,2024-08-31T05:33:36,W013,P00492,RECEIPT,11,2a13e655-1cd3-4dc4-8c0f-87421782689a
IM00005695,2025-10-12T06:07:13,W003,P00503,RECEIPT,1,8a00fc0c-f1ec-4189-a3f0-c9f8b4129cd2
IM00005696,2024-03-04T05:48:55,W006,P00287,SHIP,-9,16319539-0710-4ba8-8d23-31421073ee5c
IM00005697,2024-02-05T15:02:47,W006,P00223,ADJUSTMENT,1,ef6af388-7b66-4793-b020-9fae73495147
IM00005698,2024-01-06T01:55:19,W012,P00290,RECEIPT,20,db29cc93-0531-4215-bbeb-2c31b3eed9e7
IM00005699,2024-06-24T07:33:53,W016,P00389,RECEIPT,47,5b2b416b-91a5-4210-861c-05bf42c137d7
IM00005700,2024-11-06T15:38:26,W017,P00563,RECEIPT,15,d2b4ef21-1ca8-4d1e-bc00-e9011c0ecb86
IM00005701,2024-01-19T14:37:56,W010,P00007,RECEIPT,31,48a5b745-81f9-4cf6-80c0-c9b7636a1d4a
IM00005702,2025-03-02T04:06:57,W017,P00442,TRANSFER_OUT,-18,5603f8e2-6c57-467f-8640-4c24e44850b9
IM00005703,2026-02-22T09:18:13,W012,P00504,ADJUSTMENT,38,afb80fd8-36b4-422b-b292-f0ac514c0fcc
IM00005704,2024-08-20T23:11:09,W016,P00252,TRANSFER_IN,20,d87172f7-52c3-4901-b283-6b4600ddfd58
IM00005705,2024-02-18T23:21:17,W013,P00307,ADJUSTMENT,3,11324890-dbf3-4f86-88dc-4a9744c313f6
IM00005706,2024-11-30T15:46:09,W015,P00472,TRANSFER_IN,17,e7ea4d98-4895-4060-abb4-521314723d10
IM00005707,2024-06-04T14:32:21,W007,P00114,SHIP,-14,f1de49f3-5896-4cd4-a221-4f382fffa6cf
IM00005708,2026-01-28T15:16:10,W017,P00523,TRANSFER_OUT,-36,361cfcb2-0411-4744-a501-da960e2dfdd3
IM00005709,2025-01-08T09:06:42,W014,P00305,SHIP,-19,259973a0-9545-4ff7-9516-9242a4ec0b21
IM00005710,2025-09-18T02:28:45,W001,P00346,ADJUSTMENT,1,708ec705-1ae3-4e02-8e3d-78b47cd5535d
IM00005711,2024-12-20T12:11:48,W003,P00206,RECEIPT,13,e1650350-2340-42cb-927c-869e4864030a
IM00005712,2025-09-02T05:04:23,W002,P00012,TRANSFER_IN,30,9a5d14b7-879b-4f47-b02f-7ca5ceecae5f
IM00005713,2025-04-18T11:22:56,W011,P00012,RECEIPT,19,81d06fd3-f78e-4afb-876c-f581a506a3c1
IM00005714,2024-11-05T06:44:40,W005,P00543,RECEIPT,1,5747ed8a-c61e-457b-af2c-72db25df961d
IM00005715,2025-04-16T00:13:26,W014,P00074,TRANSFER_IN,26,4dce625b-e3ac-4bdd-8721-eeda798c997c
IM00005716,2024-09-26T05:15:36,W004,P00527,RECEIPT,18,820fb506-ce52-45a3-88e8-2d1d36adef88
IM00005717,2024-02-20T12:01:47,W009,P00378,TRANSFER_IN,2,2f6211fc-efec-48c1-8ff5-358130b7df5e
IM00005718,2025-11-03T16:09:02,W012,P00155,RECEIPT,9,0090a424-fcc1-4eab-86dd-47abbe1484bd
IM00005719,2025-10-06T11:26:27,W003,P00207,RECEIPT,37,ae9d283c-4ad2-4866-b2a5-911fdcac6560
IM00005720,2024-12-28T21:08:38,W013,P00534,TRANSFER_IN,18,ad0451e3-c18a-4389-8cbc-d10ecb5cf4d5
IM00005721,2024-11-04T23:58:11,W015,P00274,SHIP,-31,77cf8623-9484-4129-880a-fe2e300fd901
IM00005722,2024-01-09T09:22:49,W015,P00597,ADJUSTMENT,38,84f6c7c3-ed12-4f01-9361-e228284eee2a
IM00005723,2025-02-22T17:04:50,W011,P00081,TRANSFER_OUT,-21,4bde54ad-7a5d-4c46-ab9f-c6f9b31d662a
IM00005724,2025-08-14T16:50:19,W011,P00185,ADJUSTMENT,12,83c5735a-47e0-461d-b44f-8f1d097a158c
IM00005725,2025-09-28T11:35:31,W013,P00344,RECEIPT,2,f2510666-6746-4863-86a2-bbdd0983f851
IM00005726,2024-01-09T08:31:34,W014,P00537,TRANSFER_OUT,-4,bd32cda8-d87a-45eb-b067-31aac0ce6cfc
IM00005727,2025-07-02T02:18:19,W002,P00441,RECEIPT,20,3a9df2d7-80ea-4351-9caf-aa391167d65c
IM00005728,2024-08-03T11:35:26,W014,P00411,RECEIPT,44,914856e3-341e-4e4f-82e3-b1c71f2feec4
IM00005729,2024-09-05T19:50:48,W005,P00204,RECEIPT,21,21ba51e8-9d30-4d9c-beb9-b7d73cd68ccc
IM00005730,2024-06-12T11:41:50,W002,P00193,TRANSFER_IN,40,ef63830e-355d-41f6-ac0a-d33e8c216915
IM00005731,2024-04-06T10:04:07,W015,P00223,RECEIPT,42,6b3f6bf2-ad65-49c6-824d-0d8ccedddd3c
IM00005732,2024-09-05T10:20:44,W001,P00524,RECEIPT,35,6d7c2ab4-97d4-406b-8f36-578185f324ca
IM00005733,2024-06-30T08:05:46,W012,P00436,ADJUSTMENT,24,86ae134d-bc4b-41e2-a426-c3c50f0fe00a
IM00005734,2024-09-17T01:40:21,W017,P00419,ADJUSTMENT,6,5bfe7144-023a-4db2-8c2f-1bfd4bcecf46
IM00005735,2025-02-03T16:35:05,W002,P00058,TRANSFER_IN,48,bd69be3f-37fc-434d-bbc9-12f7cc7f8539
IM00005736,2025-09-02T06:33:02,W003,P00014,SHIP,-1,47bbdbd7-2905-4e36-a269-a1e83d785622
IM00005737,2026-01-12T09:37:01,W004,P00021,ADJUSTMENT,10,63029aa6-449d-49e2-830f-0fd04a651ad3
IM00005738,2025-05-03T07:10:40,W003,P00456,SHIP,-11,29c60f6d-0d9e-43b1-a0f5-88d6591a6dcd
IM00005739,2024-05-05T18:36:08,W004,P00183,TRANSFER_IN,2,0cf41285-5e84-4573-a8fe-30aca6ac0cf6
IM00005740,2024-05-03T01:13:41,W009,P00467,TRANSFER_OUT,-38,990a1b22-a585-4a3b-b120-86af54e6066a
IM00005741,2025-02-22T14:41:08,W009,P00485,RECEIPT,46,30feaae6-19cf-4dc0-b2d3-4372a90185f3
IM00005742,2025-03-09T03:24:00,W008,P00192,RECEIPT,15,392e4d8d-6eed-43df-88ce-e9d891cb1d5b
IM00005743,2024-11-19T02:40:59,W012,P00236,RECEIPT,3,a6acd12c-1388-4ff9-8cfe-b46a7e5ddcec
IM00005744,2024-04-18T10:04:43,W001,P00338,SHIP,-6,c8f971b5-e421-45d3-b57a-14cd0f108728
IM00005745,2024-04-02T01:12:24,W016,P00396,RECEIPT,18,f9cc70c0-49c8-4a59-b686-0705fd64ab11
IM00005746,2025-08-26T03:56:14,W017,P00245,ADJUSTMENT,18,81d5ece4-8ab4-4b6d-a663-394859cbaa43
IM00005747,2025-08-29T12:22:11,W013,P00122,RECEIPT,17,e2bf0d28-c9ba-4013-bd5b-3d1aa7d7e58b
IM00005748,2025-05-06T05:08:14,W003,P00386,SHIP,-45,580f7a41-884e-42f0-921a-2c955f02e11e
IM00005749,2025-01-22T18:41:58,W005,P00019,SHIP,-25,a0cf4716-b356-4fb2-8e75-31fbe062b05e
IM00005750,2024-06-23T09:01:14,W015,P00506,RECEIPT,15,51f75412-b300-434c-b71a-b29c3981c1a7
IM00005751,2025-09-01T08:16:27,W013,P00187,TRANSFER_OUT,-46,37c25927-f4b9-44aa-a8df-ac440ef4c9a9
IM00005752,2024-02-06T13:13:11,W007,P00099,SHIP,-24,46ad4fcb-3d8a-436e-9f66-58f52ac0112e
IM00005753,2025-04-13T22:22:26,W005,P00489,ADJUSTMENT,45,b61f0548-bc4e-44e7-a8ff-bc6ee84473ba
IM00005754,2024-10-15T13:39:43,W013,P00201,ADJUSTMENT,13,d08d3cc3-e9a8-4493-b5d1-7d1113d5f975
IM00005755,2024-03-24T02:24:45,W014,P00022,SHIP,-29,4c7fb046-3a8d-4a86-8cfb-0e933cbe5613
IM00005756,2024-08-19T23:12:32,W016,P00029,TRANSFER_IN,34,4436c914-9e51-41ad-bd35-5535e0481211
IM00005757,2024-02-01T23:28:43,W001,P00430,ADJUSTMENT,33,22d31244-e1bb-401e-be89-41f88fb5d8cf
IM00005758,2025-09-05T22:49:04,W015,P00355,RECEIPT,40,7a98e08b-5249-4437-8b8e-f50627cd2f6c
IM00005759,2024-02-22T13:56:34,W010,P00203,ADJUSTMENT,27,47eb7d1b-ed38-4934-9d9e-ef2f0fa2560b
IM00005760,2024-09-19T17:48:01,W007,P00250,TRANSFER_OUT,-33,2027f0b5-b890-4d50-abda-abb38f00d0b1
IM00005761,2025-02-05T14:35:56,W013,P00421,TRANSFER_OUT,-24,3919d3bf-0524-409d-bfce-25e63b9cfc46
IM00005762,2024-09-12T08:54:52,W004,P00158,SHIP,-38,9ea93f11-ec67-4739-b12a-85828a934796
IM00005763,2025-10-03T16:12:13,W006,P00458,ADJUSTMENT,32,a032fd36-e5ec-4b95-a239-19064bb134ce
IM00005764,2024-06-23T20:44:39,W009,P00026,RECEIPT,28,963aaa47-0c7c-45e0-80d2-87562c9d2807
IM00005765,2026-02-10T20:25:27,W002,P00094,SHIP,-27,bd01f8b5-3ca9-48cb-b130-7c2e9093b8ad
IM00005766,2024-02-24T22:31:27,W001,P00170,SHIP,-4,52a9a3fc-f094-4f74-ba27-306ac3c561ad
IM00005767,2024-04-29T10:31:45,W017,P00393,RECEIPT,10,704f3b0f-71ff-49ad-b0a3-1c7557ac0177
IM00005768,2024-02-15T02:28:47,W015,P00043,SHIP,-32,5284847a-ffdc-4e01-94fd-15727cc2d8a5
IM00005769,2024-07-15T08:31:35,W004,P00040,TRANSFER_IN,32,2f78c1b7-3050-4ac6-8e33-ec67376a8de6
IM00005770,2025-09-22T16:24:45,W004,P00197,TRANSFER_IN,23,0a877fd1-f3e4-42e4-930a-a0268413fd90
IM00005771,2025-07-13T22:58:07,W009,P00350,SHIP,-7,ca8a4ac7-afab-47e6-a67a-082d9683b4ae
IM00005772,2024-09-18T10:49:24,W008,P00526,SHIP,-16,6042a259-287d-484b-95ed-5e1be56056d5
IM00005773,2026-02-02T04:13:48,W010,P00303,SHIP,-25,fc1944ab-d90d-4922-aa36-657c4c08e999
IM00005774,2025-07-09T07:04:00,W016,P00080,TRANSFER_OUT,-15,107e0a0a-1762-482f-a977-5b88dff19528
IM00005775,2024-06-18T05:06:05,W011,P00217,TRANSFER_OUT,-4,b81e42d6-ca6c-4b3f-97e2-d0f02b58ea92
IM00005776,2024-07-31T11:18:19,W007,P00560,RECEIPT,22,93ced3df-8574-44f2-85a9-23e25b8e2057
IM00005777,2025-11-24T09:29:09,W010,P00582,TRANSFER_IN,35,8e7b6b82-0d68-494c-aca6-c9171aae7008
IM00005778,2026-02-19T00:05:28,W017,P00309,SHIP,-33,ee412a0d-580c-4770-a93e-3ce48b9c5ce0
IM00005779,2024-01-23T08:28:20,W016,P00401,SHIP,-16,e15f34fd-0d1a-4853-a37b-f5d3d0de071a
IM00005780,2025-07-06T20:47:06,W013,P00064,TRANSFER_OUT,-32,5e96a153-21a4-4793-8935-d500b78ed595
IM00005781,2024-04-27T01:49:32,W014,P00292,TRANSFER_OUT,-29,3faea209-b7ab-4ce6-b2bc-18d709c2f138
IM00005782,2024-12-23T19:28:44,W012,P00129,TRANSFER_IN,5,a30884a3-f8dc-4732-aff6-4418f82d5dc7
IM00005783,2026-01-05T03:46:09,W003,P00539,RECEIPT,24,f4398582-af54-4eb6-af14-d4033bc8cff2
IM00005784,2024-04-11T05:21:48,W009,P00566,RECEIPT,38,b7037e76-f987-4921-bc04-fe4d41496d91
IM00005785,2024-10-16T03:20:14,W004,P00548,RECEIPT,30,eb7883e4-b28a-4def-92e2-cc4b68ddaa5c
IM00005786,2026-01-01T08:42:52,W007,P00443,TRANSFER_OUT,-19,a4172656-7abd-4298-9c1a-bcbb2ee81cca
IM00005787,2024-03-05T19:43:53,W003,P00480,RECEIPT,37,2f0c0f9e-c8ed-483a-b2d3-ab2c0fea0444
IM00005788,2025-07-03T16:55:13,W013,P00547,ADJUSTMENT,36,b1bb158d-ee5a-4b8e-bf26-2318ab7b97e5
IM00005789,2025-09-23T10:13:58,W012,P00344,SHIP,-41,78cef39f-f994-4d6a-abc6-143b6062bcd7
IM00005790,2025-01-31T01:04:12,W017,P00497,RECEIPT,43,5c5aa79b-1360-423b-ae53-0b026be5c0eb
IM00005791,2024-02-09T03:59:56,W008,P00132,SHIP,-44,b1290133-31cf-447b-beaa-ede61b2cd4c5
IM00005792,2025-08-16T06:57:48,W009,P00245,TRANSFER_IN,44,f07f2a48-409e-4d7c-89fb-b84ba9285d6f
IM00005793,2025-12-23T23:05:32,W017,P00100,SHIP,-18,9fc2b045-9e86-4628-8bc4-c7d972963d2d
IM00005794,2024-03-30T22:58:43,W010,P00102,ADJUSTMENT,46,721d4237-098e-47cf-91a1-b091b0e1712e
IM00005795,2024-02-24T17:02:08,W010,P00340,TRANSFER_IN,37,bd874150-ce8c-4590-b443-12ce5ceb2468
IM00005796,2024-10-05T02:00:13,W008,P00472,RECEIPT,5,d738fedc-9f80-4f1a-94d8-5358486f6020
IM00005797,2024-03-07T10:39:57,W007,P00331,TRANSFER_OUT,-15,5ab105a1-a73b-41cc-a343-13f8482be039
IM00005798,2025-09-25T03:15:08,W017,P00532,TRANSFER_IN,4,ce825e83-7b21-440b-9d0b-123fcebe014b
IM00005799,2025-12-18T00:55:33,W014,P00408,TRANSFER_IN,26,1de645ca-c42a-44c4-9a0f-aef3c35bd3f7
IM00005800,2024-12-07T20:47:07,W008,P00196,TRANSFER_IN,6,84fa6ee4-4cec-48f5-beda-cbebb04395cf
IM00005801,2024-05-13T15:18:01,W013,P00546,SHIP,-35,a5e6a393-d5e9-49a3-b142-ce7475e6ac18
IM00005802,2026-01-11T04:47:16,W007,P00009,ADJUSTMENT,22,e77427de-f83a-4ca8-8954-0ae7300ce865
IM00005803,2025-11-13T22:13:52,W004,P00561,RECEIPT,41,a4d5c117-3122-4cf3-9ccd-545b5c1dd9d4
IM00005804,2024-09-30T16:24:13,W002,P00280,TRANSFER_IN,10,ad6e06c1-280d-42e1-b62e-7bfe49957e09
IM00005805,2025-05-07T21:43:49,W015,P00005,TRANSFER_IN,40,62aa62e8-170b-4049-abed-5a411126382f
IM00005806,2025-12-04T03:42:17,W003,P00153,SHIP,-45,cd8274b5-8179-4895-87c9-2bf77fedc0e5
IM00005807,2024-03-16T04:57:26,W013,P00301,RECEIPT,1,54c137d8-8d4e-4e9d-b33c-d088dd492010
IM00005808,2025-04-16T09:13:59,W015,P00292,ADJUSTMENT,44,abcca6c2-6d6d-4a44-9cb8-e83d054d4b8a
IM00005809,2024-08-27T13:44:01,W001,P00027,RECEIPT,17,9aed48ab-3bca-4c30-ad18-64b89e9a2cb8
IM00005810,2025-08-20T09:20:26,W014,P00597,TRANSFER_IN,48,aec6e15b-6b59-43b5-a5b3-8effeb5bd184
IM00005811,2024-04-08T09:22:38,W006,P00441,TRANSFER_IN,32,ab7fc958-e4d2-4fc7-a656-42ec7fe94ebf
IM00005812,2024-07-06T17:47:55,W013,P00096,ADJUSTMENT,4,abb6b723-2b60-47c4-b707-daacd3138a41
IM00005813,2024-10-23T10:02:04,W014,P00235,RECEIPT,8,66d233a3-254f-47da-9212-ded5ef323daa
IM00005814,2025-03-01T05:59:16,W015,P00116,TRANSFER_IN,22,d2d6d4c4-257c-4567-aa51-5841b229ba39
IM00005815,2024-11-18T14:19:29,W009,P00521,SHIP,-9,e462c0cb-ffa8-4e7f-8f15-d99bc02a993a
IM00005816,2024-05-08T20:24:12,W007,P00281,RECEIPT,39,a6cd8b40-d253-497d-bae3-cccf29dfc4ec
IM00005817,2024-10-25T06:56:09,W004,P00457,TRANSFER_IN,3,25070622-94c3-4e5e-b16a-3b29d83c1044
IM00005818,2024-05-22T09:16:35,W008,P00280,SHIP,-8,697311da-c1d4-47e2-a0e8-75f6c3a09616
IM00005819,2024-03-25T13:16:38,W017,P00108,RECEIPT,22,3e833876-aa2d-43d6-9152-96f842fc78ce
IM00005820,2024-02-25T22:42:31,W006,P00055,TRANSFER_OUT,-13,2014d7e8-ca0a-4749-b1c4-3a155a6ebe3f
IM00005821,2024-04-25T14:53:40,W017,P00229,SHIP,-6,708c1483-7b53-4717-9c01-0b9c4faaa1bf
IM00005822,2024-11-21T23:15:54,W009,P00114,ADJUSTMENT,39,4ecccbde-99d9-48db-9349-403e6c6ff7d2
IM00005823,2024-10-29T12:06:23,W004,P00196,TRANSFER_IN,24,28c2aac4-903c-4b23-9a3e-49966f973c23
IM00005824,2025-02-04T23:14:08,W008,P00016,SHIP,-17,e3d6deec-ce1c-450e-b55f-16f79fee620a
IM00005825,2025-10-30T10:45:22,W010,P00124,SHIP,-16,991ae6e0-876e-4203-89c0-30d5bc0d40cd
IM00005826,2025-09-12T22:40:08,W003,P00176,TRANSFER_OUT,-48,d575d0e8-aa96-404f-a163-98e3ca83e4a2
IM00005827,2024-01-14T10:54:42,W005,P00055,RECEIPT,38,05d970d8-7534-4f97-914f-a60dbcacab21
IM00005828,2025-11-05T04:29:47,W013,P00461,TRANSFER_IN,12,87b0ce02-39a0-4128-9c13-6bc66e31d632
IM00005829,2025-09-12T08:42:36,W005,P00535,SHIP,-20,5b0ea1ce-492f-4a41-9d85-f8c7a0c6faee
IM00005830,2025-01-26T22:43:23,W003,P00267,SHIP,-34,af1d3899-f87d-490e-88a9-08ea02ee5f89
IM00005831,2026-02-10T13:30:37,W004,P00533,ADJUSTMENT,11,7dddc059-364c-4c7a-8dee-3340bfddb07d
IM00005832,2025-03-22T02:21:55,W006,P00395,RECEIPT,20,630a8d5f-3ab9-4ca6-97f5-555e5618ad3c
IM00005833,2026-01-22T20:22:18,W004,P00052,RECEIPT,23,d13536b2-e075-4ac3-af2e-c36bd71fb52f
IM00005834,2025-04-04T23:16:20,W012,P00032,TRANSFER_IN,10,f778835c-a8cd-442b-a77a-9cad4e0e9ef6
IM00005835,2026-02-03T05:26:36,W004,P00588,TRANSFER_OUT,-8,9854afef-350b-4880-922b-db8def4964a4
IM00005836,2025-10-06T23:47:01,W013,P00374,ADJUSTMENT,45,f20a9d4b-abcc-4885-a739-524125790d59
IM00005837,2024-03-09T07:25:48,W008,P00561,RECEIPT,16,6bb12973-8256-4a03-8e7f-e82d816d04f4
IM00005838,2024-03-09T23:10:29,W001,P00431,SHIP,-2,154c0eec-2c7a-450f-80c0-0682d1877160
IM00005839,2024-03-18T20:04:51,W011,P00097,TRANSFER_OUT,-1,7a47f69e-6f92-40ed-a4fe-670f86e5f5bd
IM00005840,2025-01-11T11:54:56,W002,P00071,SHIP,-42,53b7456b-27b6-4bd0-b0b9-7712bbbc5ad5
IM00005841,2025-12-25T02:57:47,W005,P00104,TRANSFER_OUT,-17,dd0e4031-c62b-4e25-9345-5435c094ea1d
IM00005842,2024-07-02T11:57:56,W013,P00542,RECEIPT,15,8ed90000-57d6-4914-a024-ef0909aa7bbf
IM00005843,2025-02-21T18:35:17,W008,P00495,TRANSFER_OUT,-49,9f503736-9595-4891-baad-a85d551ba470
IM00005844,2025-03-06T17:06:34,W010,P00174,TRANSFER_OUT,-41,941e68a6-c98d-4635-b35a-2cc22d815da2
IM00005845,2025-09-19T19:15:48,W011,P00074,RECEIPT,1,4f267f8d-86be-4272-979a-8b51bd1b9c67
IM00005846,2025-08-21T16:59:38,W008,P00273,TRANSFER_OUT,-18,5588f228-7c8b-43de-b403-217d281784cf
IM00005847,2026-01-27T03:40:39,W002,P00047,TRANSFER_OUT,-43,04b6c7d3-17a9-4a70-874b-a21733b16fd0
IM00005848,2025-07-08T12:57:51,W003,P00578,ADJUSTMENT,20,558a2bd5-ab26-44c8-a2f9-72db97bc984f
IM00005849,2025-05-22T07:29:49,W016,P00245,ADJUSTMENT,5,77168339-beb1-4d1c-aab9-898f4f723840
IM00005850,2025-02-05T15:32:20,W015,P00176,TRANSFER_IN,29,60aabd1e-f3ca-4c26-bbd6-634d56e4dfb8
IM00005851,2025-11-26T00:40:07,W014,P00007,TRANSFER_OUT,-35,d568e328-f116-4cb3-b781-9f7c96f7758f
IM00005852,2026-02-16T23:18:05,W017,P00075,SHIP,-6,84f4b08c-a492-420f-b190-0328bd12a91f
IM00005853,2025-02-14T21:41:53,W006,P00031,TRANSFER_OUT,-30,c1fe288b-ed73-40e7-95f1-d1a34e06b0f5
IM00005854,2025-06-23T22:40:03,W015,P00420,SHIP,-42,1d8fdff4-e103-4221-bc00-c7a783c96f36
IM00005855,2026-01-26T00:01:46,W016,P00050,ADJUSTMENT,7,b1587d3c-05a7-4fda-9968-96ac9c090c63
IM00005856,2024-07-10T09:40:26,W009,P00416,TRANSFER_IN,4,654ac645-13b7-4a98-b7e6-d564c4b83757
IM00005857,2024-08-21T01:20:04,W008,P00266,ADJUSTMENT,29,7fb0d298-8289-44ce-b4bd-25ec65e1d026
IM00005858,2025-03-08T23:21:09,W014,P00473,ADJUSTMENT,26,bfc58398-878a-4070-9a28-2c665bd25243
IM00005859,2024-06-20T21:14:45,W017,P00121,ADJUSTMENT,14,8187bc8c-7aed-4f23-9f33-a3295630ae73
IM00005860,2025-07-20T13:29:50,W003,P00383,SHIP,-22,2305d44e-a90a-4d9c-a5fd-835cfff26bae
IM00005861,2024-05-31T00:37:40,W006,P00004,SHIP,-23,459c3007-2b58-4422-a922-3a973af599d1
IM00005862,2025-07-26T09:29:22,W005,P00295,TRANSFER_OUT,-28,d6bc7029-6910-47fe-80cf-e09393504d91
IM00005863,2024-09-15T07:04:05,W015,P00585,ADJUSTMENT,24,77f634da-4cc4-4f26-8d03-9ffac862028c
IM00005864,2025-12-03T00:51:11,W004,P00508,RECEIPT,10,b5e8a767-887d-4064-816e-66b5596e8b3e
IM00005865,2025-07-21T06:48:02,W010,P00435,TRANSFER_IN,41,6beaafd0-3c63-4fca-8533-81c9875511cc
IM00005866,2025-02-09T14:24:53,W013,P00221,SHIP,-43,ba35a996-6ec6-44fb-80da-7f605f408973
IM00005867,2025-11-02T00:11:13,W002,P00418,ADJUSTMENT,2,081bb1f8-1bf9-4499-9010-81e3bbb5c83e
IM00005868,2025-10-09T20:04:17,W002,P00542,TRANSFER_OUT,-3,150ade87-c7ce-462d-8422-dda2ca372d6a
IM00005869,2025-10-29T04:36:46,W009,P00133,ADJUSTMENT,5,823fb1dc-9c2d-44d6-ba2b-1c1a22524c1d
IM00005870,2025-12-03T06:23:35,W003,P00573,ADJUSTMENT,37,100d61b6-b208-4b31-a462-95a667056651
IM00005871,2025-09-17T22:36:57,W013,P00198,TRANSFER_OUT,-12,f8839b88-a43e-4ca3-b9c7-c652e0281c9f
IM00005872,2024-03-25T00:46:10,W002,P00082,RECEIPT,4,34ff8394-94e4-4768-9e44-70dfc8ad436f
IM00005873,2024-02-27T01:12:20,W003,P00097,TRANSFER_IN,33,948fcfbd-60f7-4edc-a77e-8462bf8b96e2
IM00005874,2025-07-25T01:20:13,W017,P00159,RECEIPT,27,0b21689a-ad67-463a-bf58-b5fca68e5597
IM00005875,2024-03-03T21:58:30,W016,P00283,SHIP,-48,dab5e814-8a51-4c1f-91fc-87486dededec
IM00005876,2024-01-23T07:05:17,W004,P00550,TRANSFER_IN,11,77911f41-2063-4a1f-af10-8bac72bb3a1b
IM00005877,2024-08-14T18:44:01,W016,P00450,TRANSFER_IN,25,5129f843-cbfa-41b2-8c68-44d5d5ed8140
IM00005878,2025-11-25T13:20:06,W012,P00414,SHIP,-5,c24db525-e63a-4fd1-adc4-2c9923bdc30b
IM00005879,2025-09-16T08:46:22,W008,P00168,SHIP,-34,01de58d8-1968-4cd3-9d44-019d03ee5ad1
IM00005880,2025-12-19T03:32:07,W016,P00214,RECEIPT,35,44818589-67cf-4d5b-af5a-0b010a67604e
IM00005881,2025-02-21T04:49:41,W010,P00568,RECEIPT,41,4599410f-e71f-4b6e-9e43-a54097b95634
IM00005882,2025-11-03T09:03:51,W016,P00042,ADJUSTMENT,45,c1912e24-7b95-4378-b961-bc735915eef9
IM00005883,2025-01-17T12:12:54,W008,P00193,SHIP,-41,0cd8127b-2292-4a60-913b-dfd17d45e8aa
IM00005884,2026-01-08T22:26:38,W004,P00596,TRANSFER_IN,14,66411cdb-ebde-4b08-8fb3-c8920dcb2c53
IM00005885,2025-10-03T18:10:49,W015,P00158,SHIP,-39,30d95ea7-f68e-4f0e-b01e-a22f8f79af60
IM00005886,2025-04-01T18:53:55,W003,P00120,RECEIPT,25,3edaa701-57ff-4e50-9f8b-f1f8c3a07319
IM00005887,2024-11-11T00:36:28,W012,P00586,SHIP,-25,5dd967a7-dc90-44ed-9635-535ac2472c57
IM00005888,2024-09-09T04:31:02,W001,P00065,TRANSFER_IN,8,770f04dd-d39c-4eb5-83c3-a6569ce40c24
IM00005889,2026-02-26T18:24:25,W005,P00072,RECEIPT,17,c26793eb-0933-426b-85ad-fd52c46d15de
IM00005890,2025-01-25T19:05:19,W002,P00326,RECEIPT,19,094f88fc-b8a9-4681-a948-b65bdbce67a8
IM00005891,2024-06-13T22:12:52,W006,P00523,TRANSFER_OUT,-25,5de239b0-17fd-4a8f-8fda-937e951afa3e
IM00005892,2024-12-02T20:00:09,W010,P00308,TRANSFER_OUT,-17,dd01a7e2-a927-4aef-8873-f56c52796ba0
IM00005893,2024-02-09T00:25:33,W013,P00170,ADJUSTMENT,8,ff85b302-4d6a-4a20-ad16-c958e06098de
IM00005894,2024-08-08T05:44:28,W017,P00026,TRANSFER_OUT,-16,d853c1b2-7340-4d88-b3eb-f6ceccd2dd7a
IM00005895,2024-02-23T06:58:48,W011,P00385,TRANSFER_IN,10,1542ac3d-710a-4321-aed3-a505b0512b2f
IM00005896,2024-02-11T17:00:33,W001,P00233,SHIP,-7,e8ed0051-abd7-4103-9734-5be937b2e226
IM00005897,2024-03-23T22:45:56,W005,P00102,ADJUSTMENT,45,c87cc9ba-b5d3-4e97-8fb7-f0c9cca4533f
IM00005898,2024-05-14T13:51:59,W006,P00416,TRANSFER_IN,41,d8e0d290-14ef-4763-a956-98c8aef8466f
IM00005899,2025-07-22T05:51:35,W003,P00493,RECEIPT,25,331513cc-6b43-41ac-b244-f13d91eeed91
IM00005900,2024-09-03T00:47:59,W013,P00054,RECEIPT,46,338cd54c-32c3-481e-895c-b04721f6ce82
IM00005901,2024-05-22T14:37:51,W001,P00280,TRANSFER_OUT,-28,72d78885-7e8e-499b-8da4-86a3d8a2226e
IM00005902,2024-10-23T00:52:21,W011,P00433,RECEIPT,45,360b78f7-ddda-493a-b9d6-71480c1f31d8
IM00005903,2024-10-27T17:23:52,W001,P00303,TRANSFER_IN,48,e36ac040-5936-4a04-a15c-8d9cc5b0407e
IM00005904,2024-02-12T20:42:04,W013,P00165,SHIP,-18,ba66c69a-84fc-4429-a2f9-22dc0f9080e8
IM00005905,2024-08-06T05:21:21,W015,P00010,TRANSFER_OUT,-13,807e68e9-17f1-40d0-9b64-78ab821d0f18
IM00005906,2024-03-08T04:32:10,W011,P00524,SHIP,-9,53a9bee1-112c-4340-9522-693e07455494
IM00005907,2026-02-12T12:56:22,W004,P00593,TRANSFER_IN,13,197feb6b-dd29-489c-a695-3cb3924d8ed2
IM00005908,2025-12-16T12:28:29,W015,P00575,TRANSFER_OUT,-33,ba4ac4dc-12b3-40a7-8df7-99c41da1f362
IM00005909,2024-06-06T12:14:48,W003,P00436,ADJUSTMENT,31,c371d821-b287-4dfe-b885-30b93a53feb0
IM00005910,2025-03-06T13:14:11,W013,P00399,TRANSFER_OUT,-18,5696eeb6-f182-48e4-b936-0b830f18666b
IM00005911,2025-04-28T13:06:00,W013,P00151,TRANSFER_IN,36,0de8c893-cf04-4eba-9fdb-a38cf4d62204
IM00005912,2024-10-10T03:42:22,W014,P00564,SHIP,-39,85874740-42e5-499f-91bb-6d81cc7bcf9d
IM00005913,2024-04-21T12:15:10,W015,P00473,TRANSFER_IN,38,04f58ba5-c10a-4b64-9453-5e1042638ee1
IM00005914,2024-06-22T17:48:44,W013,P00323,TRANSFER_IN,48,f0f30aba-dcd7-4c17-8b23-e2ff56e30fc9
IM00005915,2025-02-27T18:23:25,W015,P00128,ADJUSTMENT,34,590b7d0c-098a-403b-be52-d3bbb5ca96f3
IM00005916,2024-06-23T15:21:54,W017,P00289,TRANSFER_OUT,-32,292c2f09-9e1b-4a35-9690-1886d667a89e
IM00005917,2024-05-06T05:51:40,W003,P00556,RECEIPT,43,c76858af-2d08-4038-a812-457990126b24
IM00005918,2025-10-13T16:12:45,W004,P00201,ADJUSTMENT,7,fcc8cde6-2431-4db8-91d1-cc90832d24f0
IM00005919,2024-10-13T11:23:26,W016,P00424,ADJUSTMENT,3,b324c5cd-f151-4fcf-9597-88287074d930
IM00005920,2025-02-12T20:02:17,W009,P00012,TRANSFER_IN,31,bd32a964-3cf6-44f7-bc00-e0e1011d7285
IM00005921,2025-10-30T14:04:04,W001,P00248,RECEIPT,26,743d05f1-c175-4cfa-a829-6bc141ae4634
IM00005922,2025-02-12T22:06:26,W006,P00366,RECEIPT,34,5c3c73ab-a4db-4237-8992-e2171855cc68
IM00005923,2025-03-12T14:48:38,W007,P00498,TRANSFER_OUT,-22,cdde2667-c000-44dc-b7c5-64d249813d11
IM00005924,2024-12-28T23:11:36,W012,P00199,SHIP,-24,bcb8a89e-fd15-4016-9752-eac8c6771d1c
IM00005925,2025-02-11T14:47:01,W007,P00002,TRANSFER_IN,13,e1dcb7b4-340b-4efa-95b2-d55bdb76b00b
IM00005926,2025-12-16T22:10:38,W012,P00235,TRANSFER_IN,14,8fa5d57e-8f75-457f-986f-52c151a888c1
IM00005927,2026-01-10T13:49:02,W008,P00326,ADJUSTMENT,3,aeab79b9-e2c3-4877-9be9-3b0649243fa7
IM00005928,2025-12-17T15:25:33,W015,P00398,ADJUSTMENT,37,1e68da1a-e087-45a4-9f9a-2329592b2bd9
IM00005929,2024-09-20T21:39:48,W015,P00001,TRANSFER_OUT,-44,d66668f3-1a5f-49e3-9c78-8abfd57ecce0
IM00005930,2025-09-30T20:30:48,W006,P00540,ADJUSTMENT,22,0b84cabe-b2b0-4131-9491-90fe3cef8a65
IM00005931,2025-02-18T10:45:33,W016,P00362,ADJUSTMENT,45,a3003d44-e907-4772-80c5-9dc94b8e5f04
IM00005932,2025-02-16T03:51:12,W005,P00570,TRANSFER_IN,34,b41c3823-437c-49b9-9635-0d589c8fd819
IM00005933,2025-01-03T12:16:50,W006,P00409,SHIP,-4,4868b8e2-f433-4ea7-b7b0-5f600bbee618
IM00005934,2024-04-17T17:47:26,W001,P00486,TRANSFER_OUT,-10,7143a762-fdb3-4ba2-b83f-1c736017545f
IM00005935,2024-04-15T08:09:06,W005,P00079,TRANSFER_IN,13,7241f248-4987-4c4b-8f20-1d5de64554f6
IM00005936,2024-04-15T09:35:42,W011,P00093,TRANSFER_OUT,-18,13a99ad0-c3d7-4be8-b0e4-3dcd51687d39
IM00005937,2024-09-14T04:59:58,W017,P00364,TRANSFER_OUT,-47,b7114bb1-ab84-4039-8dab-0e44b2081a69
IM00005938,2024-01-06T00:53:54,W004,P00588,SHIP,-40,1c5e0a62-5127-4a50-9bf5-04dfbb0bc2a0
IM00005939,2024-03-14T19:29:10,W015,P00458,SHIP,-12,e89323fe-279e-4ae1-9767-223584a89d62
IM00005940,2025-04-02T12:19:45,W006,P00164,ADJUSTMENT,42,6bd5d521-4b23-4297-b7d1-0c909b08dcfb
IM00005941,2024-07-29T06:47:01,W012,P00270,TRANSFER_IN,40,5e9619ea-ab9b-4fb0-bda5-7239b914a582
IM00005942,2025-06-14T22:37:25,W013,P00259,TRANSFER_IN,44,e3a01546-4804-43f9-8b8f-13959e0b447d
IM00005943,2025-12-22T22:38:12,W015,P00193,RECEIPT,34,d5934eb6-1bd6-4c65-9704-ce6769767b8b
IM00005944,2025-09-04T02:06:53,W001,P00350,RECEIPT,26,d38b8911-4c79-42b7-94be-e7a3879f9851
IM00005945,2025-02-08T03:49:49,W005,P00366,RECEIPT,36,35e1c034-0874-419c-a588-e63ee74d55d9
IM00005946,2024-01-02T23:00:34,W006,P00166,RECEIPT,47,c2210954-1b54-49e8-be74-994210717dee
IM00005947,2025-04-18T05:18:01,W015,P00481,SHIP,-18,051859a5-b7c5-4da2-b5c4-39decba4f6c6
IM00005948,2025-04-15T22:02:07,W006,P00147,SHIP,-14,ed1de1f4-fe08-4fa1-8c74-46008e079e1a
IM00005949,2025-04-05T19:00:19,W006,P00175,RECEIPT,37,d9477d9c-0efa-40cf-96c4-25937b363e60
IM00005950,2025-04-23T18:17:43,W015,P00023,ADJUSTMENT,5,eaf4cc93-c6a5-4e12-8583-4e8536c22991
IM00005951,2024-11-21T15:48:02,W011,P00033,SHIP,-48,18aa94cc-9e16-4b7b-bff5-1c357ba2cbfa
IM00005952,2025-10-22T05:10:16,W001,P00021,ADJUSTMENT,16,71dcf32d-7537-4060-aa94-3d3bb3716d93
IM00005953,2025-04-17T09:41:25,W017,P00106,SHIP,-19,c6dda49a-5c3b-40eb-8f37-71f3361f9637
IM00005954,2024-03-25T09:56:48,W007,P00423,TRANSFER_OUT,-28,e7f5cdfc-14ff-40cb-bd86-d46afc30c69f
IM00005955,2026-01-31T11:36:33,W005,P00133,SHIP,-28,ad086b87-fd70-4324-b994-42131460aaf4
IM00005956,2024-05-03T07:52:08,W017,P00547,SHIP,-31,eab5dca2-f311-45e9-8cc9-19608a8cb061
IM00005957,2025-01-16T00:22:44,W005,P00044,TRANSFER_IN,40,d1d54b80-1432-441f-9439-c38c4bdb35bd
IM00005958,2024-10-30T11:05:17,W011,P00023,SHIP,-29,50d80009-a9a0-44d0-aedd-e815d1ef5421
IM00005959,2024-05-31T01:34:47,W002,P00343,TRANSFER_IN,46,4cfe1852-6a1b-4362-80bf-b2fec537728d
IM00005960,2025-09-23T11:36:52,W007,P00273,RECEIPT,46,3d5f5ea1-62b4-4733-877a-e9667f51612c
IM00005961,2025-01-28T22:48:17,W002,P00544,SHIP,-26,5e9c9237-2076-48f6-bcb9-383deb639467
IM00005962,2025-08-12T05:17:25,W008,P00296,TRANSFER_IN,44,6b3e41e2-4c0a-4d5e-813f-81c6bd0c303a
IM00005963,2026-01-06T08:28:12,W009,P00235,RECEIPT,9,cdd52818-3ef1-4cc3-88c7-ef14b6df1622
IM00005964,2024-02-16T16:51:26,W005,P00172,SHIP,-8,4cbc7263-a030-4a29-8ff2-c965ffa701b6
IM00005965,2025-11-23T23:59:20,W004,P00187,ADJUSTMENT,25,2e005a8d-bf22-468e-89a6-9783971ccd01
IM00005966,2024-09-13T10:24:43,W016,P00366,TRANSFER_IN,29,18edba74-314f-4c12-8ce6-db5e5c90beb5
IM00005967,2024-09-02T07:46:07,W017,P00354,TRANSFER_OUT,-26,78430a6a-026f-4ec2-bfb8-399a5f04a6ba
IM00005968,2025-10-10T10:30:46,W015,P00171,RECEIPT,45,f12bda7a-23e0-4c76-b0ab-12df6c66d0dc
IM00005969,2024-06-03T18:15:55,W006,P00422,RECEIPT,48,4f334a2c-d7ae-4648-81f0-b65e051c21c0
IM00005970,2024-07-19T01:06:33,W004,P00273,TRANSFER_IN,29,27cfde53-6c3a-4dee-9682-dc9aa7d90b91
IM00005971,2024-06-18T18:43:52,W014,P00085,SHIP,-22,f0f36430-3714-436a-873e-cf67ab49e703
IM00005972,2025-07-23T18:01:34,W008,P00388,ADJUSTMENT,13,c2be5b04-33b6-4f53-8409-e5ef01c628a5
IM00005973,2025-03-08T11:07:03,W011,P00164,SHIP,-25,da08c214-1175-4e6e-a499-f0a2f2f166e7
IM00005974,2025-05-31T00:24:52,W014,P00288,TRANSFER_IN,2,9ec2feba-68bd-4250-9818-0e3e7ed2fa66
IM00005975,2025-02-15T21:00:26,W011,P00069,ADJUSTMENT,10,2f4f66e5-29eb-438c-8008-f55832e9bc08
IM00005976,2025-11-05T07:29:40,W012,P00236,SHIP,-2,5ae2dd59-70aa-46d1-afb4-2a532ee3718e
IM00005977,2025-11-18T16:17:12,W016,P00565,TRANSFER_IN,4,2403b97b-d54e-4f2b-b68d-5a48a03754a2
IM00005978,2025-03-28T14:01:46,W017,P00277,RECEIPT,4,e0f0c56b-e2ef-407a-95aa-a7db96a4d714
IM00005979,2024-02-27T03:28:14,W010,P00223,TRANSFER_IN,2,035d8457-08c8-4bec-af69-db041f038c7f
IM00005980,2024-10-21T10:14:02,W006,P00298,ADJUSTMENT,48,bb1ac420-7699-4ffa-ad16-cc9d314745eb
IM00005981,2025-11-09T10:36:29,W015,P00329,SHIP,-36,2cc76666-4a63-49b2-9a16-ac3a47043386
IM00005982,2025-06-14T08:41:18,W007,P00234,ADJUSTMENT,9,c996ec4b-0ce4-4629-b292-32a93458dcf5
IM00005983,2024-03-06T12:40:04,W008,P00331,TRANSFER_IN,1,de73912d-7628-4a4a-9b24-08cf10b26910
IM00005984,2024-11-30T06:35:23,W010,P00121,TRANSFER_OUT,-34,af0abfb7-0b38-4eaa-a1ae-9a45360aae9f
IM00005985,2025-07-13T08:31:06,W010,P00447,SHIP,-49,70df8691-a1c9-4a7d-bd4d-731abd13add8
IM00005986,2025-04-10T10:20:12,W004,P00539,ADJUSTMENT,48,f8ccc161-ebad-4bae-9d7d-77e30f1e3b06
IM00005987,2025-10-22T09:51:01,W001,P00517,TRANSFER_IN,4,fcdc020d-5219-4ace-ad19-d326a0ba9129
IM00005988,2026-01-04T09:39:09,W014,P00600,SHIP,-2,510fc644-a508-4348-b173-486b4ed8f396
IM00005989,2025-02-03T13:55:51,W014,P00526,RECEIPT,19,4606ce8c-44eb-48a1-ad2b-96c36b20564d
IM00005990,2024-12-10T03:51:35,W017,P00182,ADJUSTMENT,9,fae480d8-c419-4176-a94b-0af576f9514b
IM00005991,2024-03-20T17:48:42,W007,P00337,TRANSFER_IN,45,e6a8f70e-eea8-4dac-b161-b7be48c18e0f
IM00005992,2025-06-16T14:26:04,W005,P00559,TRANSFER_OUT,-45,e3201f75-78cc-404f-a58b-6eba645016cf
IM00005993,2024-12-23T07:35:51,W003,P00117,TRANSFER_OUT,-40,15dc2415-5f1c-45f2-b09c-3ab8738a5106
IM00005994,2024-01-06T03:10:21,W004,P00554,TRANSFER_IN,43,c5dfe35e-1ed8-49dc-84a0-65f14db7019a
IM00005995,2024-09-18T15:24:03,W015,P00358,ADJUSTMENT,3,c122ba9d-5601-487b-9244-2f4ca11c297d
IM00005996,2026-02-05T19:30:29,W012,P00354,TRANSFER_OUT,-40,52e35ad4-dc3e-42df-8a4f-18822bbb00d5
IM00005997,2026-01-17T07:07:45,W004,P00288,RECEIPT,11,64e12e1c-3486-45cc-a84a-2913675a89c0
IM00005998,2024-04-22T12:05:21,W015,P00592,RECEIPT,29,d86bc0fe-3787-4ff5-82f2-4bda148f7bf3
IM00005999,2025-09-17T09:50:39,W005,P00002,TRANSFER_OUT,-29,4f493cac-6078-4541-bed9-15b4771b3702
IM00006000,2026-02-18T17:53:15,W001,P00560,ADJUSTMENT,25,8d35fe62-05b9-4165-a845-ef2a8ab30149
IM00006001,2024-12-20T04:16:01,W007,P00546,ADJUSTMENT,38,ea94a14a-1e1c-481f-b583-0067b22b51d4
IM00006002,2025-05-23T15:39:40,W003,P00040,TRANSFER_IN,3,74b49841-e855-447c-b896-66da7b166ae7
IM00006003,2025-03-07T13:49:19,W006,P00220,TRANSFER_OUT,-31,ba68dc65-f228-4ee0-bace-bac3a5c7ca45
IM00006004,2025-02-04T07:11:41,W006,P00451,TRANSFER_IN,23,fd962779-4ca5-4c18-bed4-68a6fb2c435f
IM00006005,2025-12-03T02:15:58,W008,P00532,TRANSFER_IN,2,2af9ba1a-8d09-4b8f-9feb-ffc8618f39e7
IM00006006,2024-06-25T23:52:54,W003,P00001,RECEIPT,20,80f275cd-47bf-45b8-b38a-1af9a21ebf30
IM00006007,2025-09-17T01:28:10,W012,P00004,ADJUSTMENT,36,d44042a6-b6ab-4974-9f4c-e8daf5c94b90
IM00006008,2024-05-28T00:37:20,W010,P00524,TRANSFER_IN,27,71df5182-8343-43e7-a2a5-490275a1ad4f
IM00006009,2026-02-04T09:01:54,W008,P00552,ADJUSTMENT,40,3647958a-e70b-42ab-a948-e66229ae3f13
IM00006010,2024-06-10T06:10:10,W003,P00482,SHIP,-17,932630aa-3052-45fb-b118-eed328f3c0d8
IM00006011,2025-09-13T06:08:19,W006,P00173,TRANSFER_OUT,-31,47bf5436-2e9e-4ada-bc7d-943b1b6f902b
IM00006012,2025-08-04T12:32:04,W003,P00002,RECEIPT,24,5603366d-86d5-4e72-ac24-ad0b99f81b06
IM00006013,2024-07-01T04:55:09,W005,P00246,TRANSFER_IN,43,8858ff8f-d2c5-4c4d-af64-79c2986a75a0
IM00006014,2024-05-16T22:18:59,W013,P00490,TRANSFER_OUT,-3,7627a8a5-279a-4d2e-83ac-98f8a71eeb33
IM00006015,2025-09-30T11:33:02,W004,P00129,SHIP,-22,cc8d9b03-330f-4a83-b0ea-964eb7cd3563
IM00006016,2026-02-22T19:15:03,W005,P00256,TRANSFER_IN,7,209d3120-20b8-498d-bdd4-65b796a4a7e0
IM00006017,2025-03-24T06:20:20,W005,P00288,ADJUSTMENT,27,7d572141-7a99-47e0-8cb0-bb816006f516
IM00006018,2026-01-07T19:49:11,W001,P00584,SHIP,-6,95880751-6c3c-4895-a4a0-139ea55ec614
IM00006019,2025-09-09T02:49:23,W005,P00454,TRANSFER_OUT,-31,9a4cffbd-5089-4715-80a0-e0f67f68748e
IM00006020,2024-02-01T14:10:03,W001,P00220,ADJUSTMENT,15,20198a15-fd89-4108-b8ab-d0a89891d1f6
IM00006021,2025-02-22T11:29:12,W003,P00506,TRANSFER_OUT,-20,bdfe8028-3836-481d-b4f5-fbf119e20de3
IM00006022,2025-10-04T15:41:24,W006,P00098,TRANSFER_OUT,-10,461e5fbf-abf1-49f5-b3a3-4a8b801cc7c6
IM00006023,2024-03-06T10:42:46,W010,P00101,SHIP,-1,fc638d19-97aa-4893-bcd2-a7869ca7cc7d
IM00006024,2025-01-05T11:12:47,W001,P00448,TRANSFER_IN,7,16603910-e1ca-45e3-855d-b961756b7dfb
IM00006025,2024-09-19T02:49:43,W001,P00451,TRANSFER_OUT,-6,1eb0fce3-615f-4747-8feb-6bda8d9d4593
IM00006026,2025-03-03T23:57:24,W005,P00080,SHIP,-8,8fe01695-2808-4c78-b6ce-f90923891856
IM00006027,2024-03-02T00:02:15,W001,P00031,SHIP,-49,3e062bf2-da81-4e9d-a413-417b361ccd25
IM00006028,2024-01-30T01:48:38,W012,P00223,ADJUSTMENT,21,cd365250-ab46-4d48-b862-0ddffeda6670
IM00006029,2024-03-03T13:16:31,W001,P00589,ADJUSTMENT,45,43beace7-c136-4b29-beda-42719a39f1fd
IM00006030,2025-12-24T23:58:54,W015,P00543,SHIP,-4,a9e6e469-f659-4de0-9593-fc6f21579444
IM00006031,2025-06-29T23:43:36,W009,P00569,TRANSFER_OUT,-22,11112aec-4a19-4dd9-bdc7-a08b639b0c85
IM00006032,2024-02-26T07:11:40,W005,P00557,SHIP,-47,dc61bbf3-42a6-458d-a50b-70779ca88a44
IM00006033,2024-04-16T05:56:41,W014,P00385,SHIP,-47,ddead727-ec54-46b0-9e61-d08cca6eac4b
IM00006034,2025-09-14T23:15:11,W007,P00213,ADJUSTMENT,24,d081e308-e678-46be-8101-699ee4571d0a
IM00006035,2024-09-04T02:25:30,W001,P00199,TRANSFER_OUT,-38,7352e689-f3e4-4439-a671-bc59fd399799
IM00006036,2025-08-13T14:33:26,W006,P00140,TRANSFER_IN,5,63684944-b41d-4b93-b9b7-d5e764be1113
IM00006037,2024-04-18T06:06:23,W002,P00423,ADJUSTMENT,3,a089db3b-7c49-40c9-979e-86afa8a32898
IM00006038,2025-10-21T21:30:47,W014,P00383,RECEIPT,32,0639a219-7d92-485a-a809-2fefb9de5d1d
IM00006039,2025-08-11T07:08:50,W014,P00361,RECEIPT,1,d15273f1-36eb-4a72-a9bb-6255e64f7ad8
IM00006040,2025-12-21T04:08:39,W002,P00433,TRANSFER_IN,16,4d7e8ed4-900b-40d6-9195-e3d374957655
IM00006041,2024-06-23T02:58:33,W017,P00149,SHIP,-2,34fff21b-1bc5-4ac5-acf6-2f4f4a9c2ad4
IM00006042,2025-07-23T19:37:16,W006,P00023,SHIP,-39,9a5974fd-a475-4a20-aff5-b5e5617cbb9b
IM00006043,2025-07-05T19:11:46,W015,P00201,RECEIPT,44,ef482752-7a8b-4891-bec5-e750751aeb51
IM00006044,2024-11-13T13:56:50,W004,P00337,RECEIPT,38,d558831d-9e03-46fc-991e-8cefae21393b
IM00006045,2025-03-02T11:41:54,W010,P00073,RECEIPT,17,680b0aea-fb47-44a6-85c7-47e1e683afcb
IM00006046,2024-11-21T18:08:16,W006,P00288,ADJUSTMENT,38,fa5d9497-036a-4340-be6a-afdddf22314c
IM00006047,2024-01-12T04:34:44,W015,P00592,TRANSFER_IN,30,cda25d48-6a38-46c2-b5e9-f6b26f36632e
IM00006048,2025-09-13T01:51:07,W013,P00086,TRANSFER_IN,7,90314a34-22ef-4387-8745-1b4dc373e1cb
IM00006049,2024-06-20T04:15:57,W007,P00517,TRANSFER_IN,40,91100f07-783f-424a-be8f-e1e25332d213
IM00006050,2025-06-10T21:52:28,W016,P00468,ADJUSTMENT,4,e0cbc598-853c-427e-ab07-891120defeb2
IM00006051,2025-01-05T09:31:41,W002,P00118,TRANSFER_IN,9,5a0f10dc-4752-4b42-9397-75fe9e479850
IM00006052,2025-10-08T02:08:29,W007,P00028,ADJUSTMENT,18,d2bc0b1f-a616-46e5-8f9a-1b2f735ad450
IM00006053,2026-03-01T10:32:12,W010,P00546,ADJUSTMENT,11,0118f2f8-88c6-48cf-8298-590eda25840a
IM00006054,2025-07-10T00:29:04,W006,P00574,ADJUSTMENT,37,1f2db027-9799-4896-82da-803e28fb8878
IM00006055,2024-01-18T07:58:20,W016,P00064,TRANSFER_IN,23,41aa9158-e2f3-419c-ba89-5408544c9cea
IM00006056,2025-12-30T16:51:18,W008,P00543,ADJUSTMENT,17,282b324c-cb43-4df0-b6e0-bb30d3ccb6b0
IM00006057,2025-08-11T21:10:25,W001,P00226,TRANSFER_IN,19,e6c9c843-9d6d-4925-a06a-c70d0a500883
IM00006058,2025-11-15T01:31:06,W004,P00299,SHIP,-49,259a014d-3b8b-47be-ae5a-32289a70940c
IM00006059,2025-06-19T21:45:08,W011,P00454,TRANSFER_OUT,-28,c32ed379-a550-41bc-8754-f1d8d6e7a22a
IM00006060,2026-02-21T19:50:27,W005,P00360,ADJUSTMENT,28,fdda45a4-5126-473e-b5ac-754398f017fd
IM00006061,2025-10-21T20:10:59,W014,P00115,TRANSFER_IN,10,c92cc82d-5dd9-43d8-80cb-89dc753849e4
IM00006062,2026-02-25T21:57:44,W015,P00464,TRANSFER_IN,14,c795967b-cd5f-4636-9d50-3995fe32094c
IM00006063,2024-10-10T19:09:50,W014,P00528,TRANSFER_IN,19,2061847f-26fa-47d5-8444-872d4d85ea71
IM00006064,2024-05-22T10:14:17,W017,P00007,TRANSFER_OUT,-6,5eae83d7-4b9e-41f6-8e95-48f7d2310a99
IM00006065,2025-09-08T04:21:31,W008,P00054,TRANSFER_IN,42,831b6e28-0478-45d5-9e72-248dc1d1d293
IM00006066,2024-09-22T15:11:18,W007,P00061,TRANSFER_OUT,-23,de914bd1-25e2-482a-b9c4-8313d9bd4471
IM00006067,2025-07-14T14:40:58,W003,P00484,TRANSFER_IN,7,60807051-a9c0-43a7-a09e-e3b5b98eff02
IM00006068,2025-10-29T22:06:08,W007,P00393,TRANSFER_OUT,-16,d8e82d77-e06b-43da-bbaf-8a8548c4996b
IM00006069,2024-07-10T22:12:11,W010,P00174,RECEIPT,44,1612320f-adf0-4c94-b324-4254a3964a65
IM00006070,2024-12-10T15:28:59,W017,P00076,TRANSFER_IN,7,5079cb6a-7ed0-48ee-884c-8ffe0c8769a8
IM00006071,2025-01-05T11:42:42,W006,P00021,ADJUSTMENT,1,549277be-96ee-41f9-945c-a1fa48f120b1
IM00006072,2024-03-13T20:29:52,W012,P00454,TRANSFER_OUT,-29,17a83d7a-3b53-44d5-a563-30488e7722b1
IM00006073,2025-01-28T07:45:43,W007,P00226,TRANSFER_IN,37,9953b0d7-deb9-421a-acc5-dee6d95a166a
IM00006074,2025-05-22T02:53:32,W002,P00184,ADJUSTMENT,27,fb45da44-d536-4733-9c33-7c5925cca9e5
IM00006075,2025-05-17T15:47:00,W014,P00012,TRANSFER_OUT,-3,801917fa-4ebe-4157-9577-16832dd09e24
IM00006076,2025-12-31T18:35:09,W007,P00334,SHIP,-41,dc140b71-8375-42e7-81af-2370a92d086c
IM00006077,2025-01-22T20:01:48,W006,P00592,TRANSFER_OUT,-8,22700e30-c770-4230-9550-0cad29cf2cd4
IM00006078,2025-11-26T22:06:48,W004,P00068,ADJUSTMENT,33,01c20c49-6456-4859-a95e-94ce704f7b6f
IM00006079,2024-08-30T06:05:20,W003,P00243,ADJUSTMENT,49,37367099-a9ea-4f83-ae73-9ab25e9450de
IM00006080,2024-04-28T01:51:40,W007,P00593,RECEIPT,28,570d0389-aabc-423f-9b4e-58c359cc8c4f
IM00006081,2025-03-19T06:12:38,W005,P00541,TRANSFER_IN,1,8d9cd64f-cccc-489a-a8fc-d71ba7f60159
IM00006082,2025-10-05T12:38:57,W002,P00020,TRANSFER_OUT,-20,746862d9-d437-40c9-adb5-6facf330e201
IM00006083,2024-10-02T11:56:26,W003,P00362,RECEIPT,14,9bf8e91c-34e6-40d4-b30f-ce53879acbeb
IM00006084,2025-01-29T08:54:17,W013,P00548,TRANSFER_OUT,-45,e9ba52b7-fea7-4053-a6f6-9b4b16374655
IM00006085,2024-10-06T15:44:46,W014,P00526,TRANSFER_IN,35,8634b498-4bd7-45dd-90c6-2912f15c2900
IM00006086,2025-06-16T17:34:02,W001,P00347,TRANSFER_IN,20,d2fc02d4-5d1b-4aa1-92d6-1116f3513a37
IM00006087,2025-12-11T10:30:47,W006,P00230,TRANSFER_IN,4,aabd5898-f0c8-4ca9-a024-1a26e6708f22
IM00006088,2025-05-05T06:47:43,W016,P00016,ADJUSTMENT,4,9aa2e47d-2c1e-463d-9dec-bd17f06dcf82
IM00006089,2026-02-17T01:45:11,W016,P00309,TRANSFER_OUT,-17,1b2cffff-04d4-41eb-8777-5decad659763
IM00006090,2024-09-20T11:49:26,W009,P00444,TRANSFER_IN,4,cba10ccd-5ead-46ef-abdb-39fd6cfb5014
IM00006091,2025-06-17T04:21:36,W012,P00568,RECEIPT,43,0a583379-4538-4043-a1d6-25892521afd5
IM00006092,2024-06-14T16:31:11,W016,P00354,TRANSFER_OUT,-40,2eda003f-c47f-4d96-8737-ac8a373ef5f0
IM00006093,2024-08-14T04:23:27,W017,P00075,SHIP,-30,da430fd8-127a-4e33-b0c1-33c8cb36db19
IM00006094,2025-07-27T13:10:51,W007,P00523,TRANSFER_OUT,-27,c13fd848-eea6-4603-9d44-13c619bbc1fe
IM00006095,2025-02-02T01:41:01,W007,P00260,TRANSFER_IN,32,37e51fee-ce8e-4859-91ac-33560503ce5b
IM00006096,2025-01-31T07:30:44,W012,P00077,SHIP,-15,2ecba1a8-e028-480c-a230-dfe2f2c55871
IM00006097,2024-03-20T09:13:04,W010,P00050,TRANSFER_IN,39,e264ecd5-2be6-4195-af03-a03f2fcecba4
IM00006098,2025-08-05T15:44:47,W001,P00068,TRANSFER_OUT,-21,262aef25-bf5c-4fa4-b54c-28d222fcd1f6
IM00006099,2024-02-04T22:27:26,W010,P00153,TRANSFER_IN,26,ca0a75ce-117e-4f5d-81a7-07554e34b1c6
IM00006100,2025-08-02T15:13:08,W001,P00315,TRANSFER_OUT,-37,d2d59083-89dc-4987-9f18-8c2840844dcf
IM00006101,2025-11-30T00:58:47,W011,P00347,TRANSFER_IN,37,27428a8b-e79b-480b-93b6-c958ab724f93
IM00006102,2025-10-12T20:43:57,W003,P00234,ADJUSTMENT,46,d206ac9b-7924-474f-b565-18b96427d47f
IM00006103,2024-01-13T07:35:27,W001,P00567,SHIP,-12,2f6c3c7c-4934-49b5-9fcc-a080307e4286
IM00006104,2024-12-01T11:46:20,W008,P00400,TRANSFER_IN,11,6449d113-05e5-4b89-addb-e2a2f3d6a8f3
IM00006105,2025-08-18T11:28:33,W007,P00241,RECEIPT,35,d2c3c83f-c521-4bd6-8f1e-b50365f0ce38
IM00006106,2025-09-18T02:37:58,W012,P00388,RECEIPT,46,e9f3e2f0-9684-493c-909c-1636ed6adee0
IM00006107,2025-05-24T01:17:04,W011,P00158,RECEIPT,24,aab6440b-4cd8-4b26-8bd0-9a3a96c55f85
IM00006108,2025-04-16T21:14:01,W015,P00075,TRANSFER_OUT,-22,18cb6f6c-c39f-4595-8c42-de502e37d990
IM00006109,2026-01-31T18:55:51,W003,P00126,TRANSFER_IN,39,73f4433e-03eb-4c9c-b0a2-d9fa96dc89e1
IM00006110,2024-07-13T03:36:18,W001,P00095,RECEIPT,26,be4f566a-39ca-468c-a12c-cd4f01b97c83
IM00006111,2025-09-18T15:04:43,W001,P00120,ADJUSTMENT,20,72c539e0-8790-472a-b727-7285bcd0514e
IM00006112,2026-01-01T14:51:32,W010,P00202,TRANSFER_IN,5,05f96058-520e-423f-bf48-932485abda69
IM00006113,2024-09-07T02:04:51,W001,P00194,TRANSFER_IN,22,58e46dca-36fe-4743-8701-67e06e2bb38a
IM00006114,2024-01-06T12:33:27,W003,P00379,TRANSFER_OUT,-29,efdc8dce-9bf0-40d2-8593-c446244c7755
IM00006115,2025-12-26T17:45:41,W002,P00504,TRANSFER_IN,31,01f6c1db-80e1-41ac-b315-186b1f89db74
IM00006116,2025-02-03T09:49:55,W001,P00363,TRANSFER_IN,40,e18ed33d-a064-4ed0-b56d-4ffc60f85526
IM00006117,2024-12-31T12:09:00,W005,P00405,RECEIPT,7,c2a017fe-591f-4f14-b762-bb533f3b5de6
IM00006118,2025-07-21T01:02:25,W013,P00522,TRANSFER_IN,1,0bfaecb4-0f38-4d7e-87c4-1a38d0d4255f
IM00006119,2024-01-31T18:53:59,W008,P00247,ADJUSTMENT,6,77814e1f-a2fb-4e9f-af72-82c2eb0f6699
IM00006120,2025-04-22T11:32:53,W013,P00242,ADJUSTMENT,27,9bf45d0b-f426-40c8-9c74-3c6d1523e278
IM00006121,2025-03-06T10:46:31,W005,P00364,RECEIPT,22,6e083ca4-8030-48ff-914b-bf294c098f6c
IM00006122,2024-03-02T02:01:27,W006,P00287,RECEIPT,27,aadca99d-6489-4d62-9f57-037e66758a36
IM00006123,2024-08-09T10:01:36,W004,P00079,ADJUSTMENT,16,b326c90a-07eb-4e7b-81f4-bf0a6215b3dd
IM00006124,2024-08-24T18:41:43,W002,P00518,SHIP,-47,952bbf93-02a1-47c1-a379-7ace7df3bb9d
IM00006125,2024-01-14T06:40:50,W014,P00207,ADJUSTMENT,21,a423e37b-96db-4a0b-be7c-3d4e19a814dc
IM00006126,2024-09-08T13:42:15,W012,P00590,TRANSFER_OUT,-17,643dc12e-f275-48c6-adf2-92adf00497c8
IM00006127,2025-08-24T15:00:15,W005,P00322,TRANSFER_OUT,-13,b032eaa2-6e9b-49d4-8aa6-b62de051e2ad
IM00006128,2025-10-21T00:32:10,W014,P00455,TRANSFER_OUT,-30,c1de7dff-a2a8-426c-9b47-23851b495909
IM00006129,2025-07-21T17:31:40,W007,P00422,TRANSFER_OUT,-6,50f73268-0a7e-408d-8b18-cc57f42c91d9
IM00006130,2024-05-28T11:00:54,W017,P00548,TRANSFER_OUT,-25,f4ec6974-b4c0-47b6-b3a8-28a172503c16
IM00006131,2026-01-15T08:57:55,W001,P00106,SHIP,-15,f57e1894-823d-4f01-8093-2e686b436fa8
IM00006132,2024-09-19T02:15:45,W002,P00152,TRANSFER_IN,2,8a5a626f-92fa-4ef2-969a-0baa62478b59
IM00006133,2025-12-13T21:38:13,W004,P00078,SHIP,-13,2888589b-f77e-401f-be7c-d4995699cd88
IM00006134,2024-10-28T04:19:02,W001,P00171,ADJUSTMENT,31,7196264f-89f8-4af0-ba8d-c16f0d0977a3
IM00006135,2024-07-25T17:29:03,W016,P00372,SHIP,-7,494e483c-0774-4fa4-b6d2-d8de65af4a1d
IM00006136,2025-03-26T17:18:06,W009,P00228,TRANSFER_OUT,-13,c5805ef6-ef70-4a7b-8fbb-5239c2eb6b31
IM00006137,2024-01-02T14:43:02,W009,P00125,SHIP,-30,3915c399-1d36-4725-bf47-b254791dcd81
IM00006138,2024-07-26T23:22:24,W001,P00366,RECEIPT,49,fd694f40-c63b-4778-9b1d-feafbf26ecab
IM00006139,2024-08-15T10:25:57,W012,P00109,TRANSFER_OUT,-4,cfbd3865-2d42-4ec2-a38c-ab8e38fba135
IM00006140,2024-08-24T10:59:36,W010,P00127,SHIP,-45,a5bc5bb0-7e5f-4246-94f6-8aab2d31894b
IM00006141,2024-10-26T22:15:54,W009,P00138,TRANSFER_OUT,-43,18eeca05-2d99-4225-b71a-5afbe9cddba8
IM00006142,2024-03-19T04:13:22,W008,P00089,TRANSFER_OUT,-48,ceff081f-182c-4837-aba7-496a0a5d9aea
IM00006143,2024-01-28T11:19:17,W009,P00166,RECEIPT,19,f7bb2609-55d4-4103-9c92-b8ae2df71fa7
IM00006144,2025-11-09T05:36:40,W009,P00178,ADJUSTMENT,2,fe513e46-6d4c-44ee-9891-ae731e58a262
IM00006145,2024-09-14T19:08:56,W005,P00589,TRANSFER_IN,25,0d260449-8e0a-4f91-aead-d69cef64d278
IM00006146,2024-07-12T20:34:15,W012,P00024,ADJUSTMENT,7,e07b45a2-ccf3-4831-a8dc-b6d10ba42a02
IM00006147,2024-08-11T13:27:24,W014,P00153,TRANSFER_IN,48,fd6fcaeb-3df6-4f0a-bda0-64afe8a74818
IM00006148,2025-06-07T21:21:24,W008,P00087,TRANSFER_IN,23,2750ae19-86e5-4ec8-ba69-a5a9a4201651
IM00006149,2024-09-15T00:25:35,W003,P00431,TRANSFER_IN,6,f20841ed-afeb-4d0b-8263-2502af1cb00f
IM00006150,2025-04-19T12:54:29,W004,P00350,TRANSFER_IN,4,6b799153-7e0c-479f-8d54-064db5a524bd
IM00006151,2025-02-01T16:23:49,W016,P00127,RECEIPT,12,12006246-44be-4c4b-835f-42091549596b
IM00006152,2024-04-10T05:58:37,W003,P00207,TRANSFER_IN,37,a912d646-5007-4820-a3ba-e0b53c82641c
IM00006153,2024-06-19T00:55:22,W008,P00001,ADJUSTMENT,41,272742f6-9a2d-4b4a-977f-8da68485878f
IM00006154,2024-05-25T23:59:33,W014,P00435,ADJUSTMENT,25,8aca5f99-58d8-4008-a998-7d0063a9e726
IM00006155,2024-11-27T11:25:40,W003,P00333,RECEIPT,19,b9cc448a-b3c9-4062-8fa8-3dbf7f6a87da
IM00006156,2025-01-10T11:05:34,W016,P00002,SHIP,-32,d5d956fe-b9f3-4e67-ba5d-b019f9e9b71b
IM00006157,2024-11-30T17:32:27,W015,P00475,TRANSFER_IN,42,4f294414-644b-4c5a-a7f4-31c14a0a462f
IM00006158,2025-05-15T13:11:20,W007,P00385,TRANSFER_OUT,-31,a1e68cdc-7339-4423-aa0c-3153b8951f66
IM00006159,2024-06-12T04:37:17,W003,P00049,TRANSFER_OUT,-43,e7c72ca2-20f0-41d0-8350-98678731975d
IM00006160,2024-07-29T22:30:29,W004,P00503,ADJUSTMENT,36,463fa102-eeb7-404d-8d58-db7689eaea40
IM00006161,2024-03-06T22:52:31,W004,P00247,TRANSFER_IN,11,413ac111-3f2c-4698-affd-416005d8103b
IM00006162,2026-02-14T17:31:31,W003,P00197,TRANSFER_OUT,-6,01e66632-1299-4bd8-83ac-c0d701904424
IM00006163,2025-08-01T11:18:57,W011,P00433,TRANSFER_IN,1,defb6910-f9b6-40ba-b8a3-c8134a87e23d
IM00006164,2025-09-17T08:41:49,W011,P00566,RECEIPT,8,1e6c933a-6cee-4e27-adb4-af261ef25f67
IM00006165,2025-04-21T16:48:57,W006,P00442,RECEIPT,41,23b1ad81-e881-4efa-9880-fea65fd090ac
IM00006166,2025-01-21T00:58:46,W002,P00369,TRANSFER_OUT,-22,8592aaf1-0d28-4b31-bd09-9e138a3b9b56
IM00006167,2024-02-17T03:05:22,W016,P00244,SHIP,-31,402a2ccc-712c-431e-ac97-b36c813961d8
IM00006168,2024-09-18T01:33:53,W006,P00493,TRANSFER_OUT,-27,3872b042-ae6d-467c-aeb9-0343a05514d8
IM00006169,2025-02-28T11:19:23,W013,P00383,ADJUSTMENT,17,4cb6321e-f3c3-475a-8cc4-d9ba46beb894
IM00006170,2025-03-13T05:52:05,W003,P00469,TRANSFER_OUT,-43,430b1385-0b56-4ab0-9004-09d008a12cc1
IM00006171,2025-02-19T00:03:51,W010,P00178,TRANSFER_OUT,-16,627c6024-7b27-41a9-8fff-4ef122418588
IM00006172,2024-11-12T21:22:11,W003,P00253,SHIP,-33,ea1464d6-f9e3-429d-aed5-da304302f4c6
IM00006173,2025-12-30T20:40:15,W008,P00524,ADJUSTMENT,42,b5e1ad78-03a2-41bc-8ef4-2d1e77a1d710
IM00006174,2025-05-12T08:02:44,W009,P00059,RECEIPT,6,8e7f525f-78af-41ed-a3e2-09afbe45a9c1
IM00006175,2026-01-22T03:32:48,W006,P00511,ADJUSTMENT,14,fd94391f-65a7-4234-a18e-f7c1764e96fc
IM00006176,2024-03-22T13:38:05,W008,P00195,RECEIPT,44,bf3c89f2-d96e-4524-a2ca-a46fd0e54ae6
IM00006177,2024-12-15T07:03:27,W001,P00335,SHIP,-39,ab17950b-cf6b-4f0e-a799-932f3607f497
IM00006178,2024-07-15T13:33:48,W006,P00049,ADJUSTMENT,20,e006de49-2406-4072-acd0-e20328cdfff0
IM00006179,2024-06-30T07:52:45,W016,P00156,RECEIPT,20,7e87d9a0-0a5d-48fd-91fa-4ac2b277a5a6
IM00006180,2024-05-22T17:36:42,W014,P00314,ADJUSTMENT,16,c68fce71-08b3-4ce2-8c90-162ddf354921
IM00006181,2025-01-21T03:32:23,W012,P00226,TRANSFER_IN,34,a6c64b14-a818-4cb8-82a8-044b0716d7c5
IM00006182,2026-01-26T11:57:08,W017,P00112,RECEIPT,39,d4d50364-56ca-4c37-81bb-806e35d74979
IM00006183,2024-06-19T07:50:18,W008,P00267,RECEIPT,24,d8486481-4075-438c-910a-714745341963
IM00006184,2024-03-01T00:33:45,W013,P00567,TRANSFER_IN,46,90ae39c0-52b3-4285-a123-b0ffa2e11156
IM00006185,2025-01-13T10:21:34,W016,P00108,RECEIPT,6,4eae8078-d334-4208-980f-1d3ef7d15f83
IM00006186,2025-03-10T20:35:41,W003,P00164,RECEIPT,22,77d25ace-02ba-45f3-95a8-9f8a773b6f1a
IM00006187,2024-07-03T14:44:35,W014,P00075,TRANSFER_OUT,-4,fbe391fe-625e-438c-a5ab-2183900a667d
IM00006188,2024-03-14T13:50:07,W001,P00046,SHIP,-32,37793037-150c-4e3d-9cd7-03292f99e470
IM00006189,2024-11-15T08:12:18,W011,P00282,SHIP,-40,be6f407a-a502-4cd7-84fb-7ce04708640d
IM00006190,2024-10-12T04:06:10,W006,P00089,TRANSFER_IN,15,58457612-f1f0-4d51-b748-6782d89b2c4f
IM00006191,2024-03-05T22:32:08,W008,P00270,SHIP,-1,aee0a499-3607-4a8c-9097-75829b2b8fed
IM00006192,2025-02-03T21:35:11,W012,P00223,TRANSFER_OUT,-16,fc991cbc-4b9f-45c7-a6c0-84caa7cb79dd
IM00006193,2025-10-14T19:18:49,W007,P00061,RECEIPT,9,79b579d7-5477-420e-b512-afceeadc4ac4
IM00006194,2025-04-09T14:02:09,W006,P00396,SHIP,-37,a2c93ab5-464c-4844-8e32-7dfb9e6a61a9
IM00006195,2025-03-21T02:44:31,W002,P00362,RECEIPT,6,cc30a0f6-dde6-48b8-bed6-faa7150655f4
IM00006196,2025-08-08T10:07:20,W009,P00567,TRANSFER_OUT,-27,8c2181f6-c8c0-47bf-9175-3becf89cc658
IM00006197,2024-11-02T23:21:59,W008,P00325,TRANSFER_OUT,-10,7e62dea1-1570-4111-bb8a-b829e1de7c11
IM00006198,2024-05-01T14:20:11,W005,P00204,ADJUSTMENT,38,10a217d7-de8a-4a69-9f8e-f27e79ce8242
IM00006199,2024-11-23T21:28:39,W015,P00416,TRANSFER_OUT,-10,e88bab61-42f6-4014-9902-82ec08d78586
IM00006200,2024-01-31T21:33:03,W017,P00508,TRANSFER_OUT,-38,5a7695d5-4867-421b-bb50-971c458fe3bd
IM00006201,2024-09-25T03:35:59,W003,P00136,TRANSFER_OUT,-38,2adb141c-eb73-4e33-b28f-5eac6bd63dea
IM00006202,2024-02-11T14:32:07,W014,P00127,ADJUSTMENT,17,825af985-aa22-4888-ac4b-9a4c2b69960e
IM00006203,2024-01-24T03:08:22,W009,P00499,RECEIPT,49,2df3f406-63af-4f0e-9963-8f3af4bdd964
IM00006204,2025-02-15T06:08:36,W001,P00258,RECEIPT,20,c264796f-d3f6-4f18-813e-f0a627aa272a
IM00006205,2024-12-11T13:06:45,W009,P00305,SHIP,-23,987d129c-4e82-410c-bc69-d709ff8c43b0
IM00006206,2024-08-31T05:09:36,W011,P00463,ADJUSTMENT,42,1c048175-0230-4eff-bad6-68d5b4eb7001
IM00006207,2025-06-22T15:51:51,W008,P00438,TRANSFER_IN,30,45b8dddd-f03c-4424-acc5-06afa4cc2d2f
IM00006208,2024-06-19T18:15:34,W004,P00493,RECEIPT,41,ced08109-4368-45c4-83a8-e777e6afa218
IM00006209,2024-05-11T16:37:16,W014,P00292,TRANSFER_OUT,-48,7086bf65-de4c-4a07-b914-47d2aedc8f38
IM00006210,2025-11-27T20:16:18,W004,P00556,SHIP,-30,6689fed2-6437-458d-9868-842a738aecdf
IM00006211,2024-06-26T13:18:52,W017,P00166,TRANSFER_IN,41,c9f4db9c-48f3-430e-9c23-c5a65cbedd9c
IM00006212,2024-06-11T03:14:27,W007,P00137,TRANSFER_OUT,-9,550969a1-5285-46b2-b3da-87f63dc05261
IM00006213,2024-01-07T20:00:18,W011,P00087,ADJUSTMENT,41,cf2e1a2e-a83e-4876-bc3a-05aa9f106648
IM00006214,2025-10-18T22:38:16,W009,P00283,RECEIPT,26,8cb5482e-d936-4d46-abb6-2b42aeb19786
IM00006215,2024-09-12T01:34:09,W012,P00449,ADJUSTMENT,44,53fe3f87-512a-48ff-953c-449f8d8f79f5
IM00006216,2025-08-02T03:46:15,W001,P00467,ADJUSTMENT,26,ce892c04-b453-44e7-8531-9992380b57ec
IM00006217,2024-04-10T13:29:47,W008,P00095,ADJUSTMENT,22,52e6fbdd-4e4d-42e4-971a-1df13d798740
IM00006218,2024-12-24T10:10:37,W013,P00055,RECEIPT,44,e5f310fd-6232-4ad5-b00b-efa1ea776f22
IM00006219,2024-02-29T13:53:54,W011,P00371,RECEIPT,10,aa806076-b032-40fd-bb99-db24ab3c61a4
IM00006220,2026-02-19T07:21:20,W006,P00556,TRANSFER_IN,7,12dc6196-b901-47d0-817a-26081528ff11
IM00006221,2026-02-28T20:42:08,W003,P00478,TRANSFER_IN,5,ad5b1081-5302-4e96-9705-17319019d585
IM00006222,2025-12-25T09:01:54,W015,P00037,TRANSFER_OUT,-44,97cb5993-dffe-41e8-be03-ba3a7600cb37
IM00006223,2024-12-25T17:31:46,W016,P00435,TRANSFER_IN,4,9a357636-e4d4-4ad8-beaf-d6fbc180b078
IM00006224,2024-08-29T17:19:30,W014,P00241,ADJUSTMENT,28,02a9f86e-2ed2-4edd-943c-baf35ba96d14
IM00006225,2025-02-19T01:33:07,W008,P00509,TRANSFER_OUT,-43,73d8d580-cc9b-467d-95a5-8b7a2c83ec8a
IM00006226,2025-02-05T13:01:13,W007,P00556,RECEIPT,27,596775ff-49bd-41e6-9160-ed96a5e1dc45
IM00006227,2025-05-01T09:41:41,W004,P00247,TRANSFER_OUT,-26,2d6c9a9c-1c39-44cd-a15e-67dae0b4bb83
IM00006228,2025-03-25T01:40:34,W007,P00269,ADJUSTMENT,11,cabd1efe-f69e-4d54-95bb-9a07c2c8ad34
IM00006229,2024-03-27T06:56:37,W013,P00298,RECEIPT,42,a8129537-1aea-4621-9635-73fb117587ba
IM00006230,2025-07-16T19:25:31,W015,P00376,RECEIPT,39,ea167734-e9c1-4833-bfe4-4a123d62e911
IM00006231,2024-11-25T17:47:21,W017,P00473,ADJUSTMENT,1,551ef3b2-05d9-4301-afe3-6c0bcdacee53
IM00006232,2025-12-14T13:34:05,W002,P00264,TRANSFER_IN,36,f3740dd8-2b06-4ac8-8cee-c8b2731ac360
IM00006233,2024-05-17T00:47:14,W011,P00443,ADJUSTMENT,12,162ac76b-2935-4626-9fef-3472aa44f6f0
IM00006234,2025-04-10T12:35:34,W012,P00557,SHIP,-15,c15c4fa0-41f7-40a6-a746-21ea96b8dc6b
IM00006235,2024-09-22T10:26:28,W009,P00412,TRANSFER_OUT,-34,4bb6dbc8-7595-45ce-b3f0-167a129fa1ce
IM00006236,2024-03-24T16:29:19,W015,P00207,ADJUSTMENT,38,f8eaa8cd-5d41-4af4-9f25-4deb7ccb5286
IM00006237,2024-01-20T12:10:57,W009,P00067,SHIP,-35,4a0a6fed-7e79-42d8-83ff-53a576d52f2e
IM00006238,2025-05-08T03:12:52,W002,P00334,SHIP,-23,ecb12b66-2980-47e4-8525-915cb74a9313
IM00006239,2025-11-29T05:22:29,W016,P00463,SHIP,-16,9a1c2e0c-1ef4-4bd4-bb02-f8f3c127a848
IM00006240,2024-04-02T00:02:11,W009,P00196,TRANSFER_IN,26,e11a7ec3-96b4-425b-98e8-86d623a42117
IM00006241,2024-08-24T15:59:34,W006,P00293,RECEIPT,15,7e8e332c-cc16-446d-bd4f-4fa7c70d2a6c
IM00006242,2025-06-13T05:21:05,W001,P00418,TRANSFER_OUT,-6,cf5637de-7188-4c44-a6f5-8502601b8c63
IM00006243,2024-12-20T13:16:46,W007,P00270,ADJUSTMENT,27,28bf2095-855e-47ff-9f35-8b5495747223
IM00006244,2024-08-22T01:31:47,W008,P00033,TRANSFER_OUT,-38,e24d0598-382f-4527-b518-79099e765342
IM00006245,2025-12-29T06:44:45,W017,P00161,RECEIPT,33,91afbcb1-bc4f-4629-9313-f255eb7d59d2
IM00006246,2024-11-17T04:00:18,W005,P00266,ADJUSTMENT,41,d50ef924-52ac-4d18-bf45-c3e4c2c69c2a
IM00006247,2025-10-21T16:48:22,W005,P00513,TRANSFER_OUT,-11,5d5befae-809f-445a-9ad2-1316da83ca47
IM00006248,2024-08-06T19:18:06,W005,P00395,RECEIPT,9,20df59f2-df27-4d6c-8fa2-52e199ffc8bb
IM00006249,2024-11-22T23:01:29,W002,P00193,ADJUSTMENT,15,3c1a2df4-e332-47f2-8209-2bb4c409b2cd
IM00006250,2025-04-25T18:56:45,W011,P00063,RECEIPT,20,aa05efff-07c9-438b-86c6-50f784424958
IM00006251,2024-10-13T21:13:54,W002,P00190,TRANSFER_OUT,-6,7d4ccd86-ac66-45d5-88e5-1a935c66faf9
IM00006252,2025-02-02T06:56:05,W007,P00420,TRANSFER_IN,49,269ea433-87b3-439b-afb3-d5aef0bfe30a
IM00006253,2024-03-24T00:46:16,W005,P00088,TRANSFER_OUT,-42,a715a40e-c9b5-4efc-aa98-139f40ac62ec
IM00006254,2024-03-08T11:40:35,W005,P00443,TRANSFER_OUT,-10,603b3093-64a6-4287-95aa-9ddede9b3ea4
IM00006255,2025-01-20T14:54:31,W010,P00405,TRANSFER_OUT,-33,01fed0bb-4a3e-43d6-a6d7-597f19d81575
IM00006256,2024-06-21T05:47:24,W012,P00372,TRANSFER_OUT,-24,35f7bcc4-a21b-4317-82a1-6cb066ddb16c
IM00006257,2024-10-20T22:21:53,W003,P00583,TRANSFER_OUT,-47,1ba54f84-3223-4aad-860b-98360e835cbb
IM00006258,2024-07-30T11:30:50,W014,P00426,TRANSFER_OUT,-13,22e0b760-fca9-4c44-9705-b964ef05933e
IM00006259,2024-05-24T09:47:37,W003,P00557,TRANSFER_OUT,-2,6428638b-c01a-4e4f-a796-b219fad1a893
IM00006260,2025-01-20T14:07:21,W014,P00329,SHIP,-45,81f4e156-e262-46eb-85e4-e2ad2296fd64
IM00006261,2024-12-03T19:15:40,W009,P00025,SHIP,-46,f2fd5eb1-f5d6-4b04-a539-7a644fb7642f
IM00006262,2024-05-12T19:39:35,W016,P00264,ADJUSTMENT,27,b59ec046-0498-4daa-a850-5effc5a4117b
IM00006263,2025-07-16T23:09:20,W013,P00251,ADJUSTMENT,1,9de53a62-07b4-494a-a342-0eab87faef30
IM00006264,2025-05-14T19:45:08,W016,P00410,ADJUSTMENT,36,39a6d671-2d0a-46de-b63f-2b9d6b5e21e9
IM00006265,2025-10-26T14:06:10,W001,P00557,RECEIPT,28,12a4d259-cd58-4eca-9976-d4f0c9a21ed5
IM00006266,2025-11-24T17:02:28,W005,P00355,SHIP,-16,afb4f86d-5a1f-457f-bec9-8e90bcbb7d3b
IM00006267,2025-10-21T03:57:17,W012,P00278,RECEIPT,2,e7816e12-28ff-4ba7-8431-8a22caff9b60
IM00006268,2025-04-19T10:46:07,W002,P00511,SHIP,-9,fbe062a0-99c6-43ca-89f6-f858784f7a0f
IM00006269,2024-09-12T17:54:21,W003,P00200,RECEIPT,34,c9655d76-0f05-4e1b-aee2-bc9c444a3902
IM00006270,2024-06-12T20:07:45,W016,P00272,ADJUSTMENT,37,22327f6d-e0f4-4684-9a28-832dae0bb337
IM00006271,2024-10-28T01:42:00,W010,P00506,SHIP,-2,59ed2e61-fb8f-4cb3-b753-c31554da5207
IM00006272,2026-02-14T16:04:25,W014,P00402,TRANSFER_IN,29,340ef5f9-a859-4408-bda7-bdb1e46c3511
IM00006273,2024-09-12T22:26:01,W010,P00290,TRANSFER_IN,11,97c42893-0d94-4ae8-b02a-7590efd70de7
IM00006274,2024-12-01T05:27:39,W002,P00004,TRANSFER_OUT,-20,beb915f5-d1e9-4cbb-94cf-671c19d27be7
IM00006275,2024-12-12T14:54:59,W005,P00398,TRANSFER_OUT,-27,dd11c3b7-b146-41ef-a7ff-70f6bf5dd57b
IM00006276,2026-01-20T09:52:43,W009,P00276,RECEIPT,46,83d8d853-6f82-4404-9024-bb1147a59593
IM00006277,2024-01-31T04:32:43,W013,P00082,SHIP,-28,b9f48ba2-cd99-4c54-9ee0-d3d843b6528f
IM00006278,2024-01-25T22:43:51,W013,P00460,TRANSFER_OUT,-43,5ab394fe-b6ca-4a39-b556-8d2368d15718
IM00006279,2025-09-04T06:27:02,W004,P00312,SHIP,-41,07669eb8-2b88-44a2-b1a9-e5fd50197e8e
IM00006280,2025-03-18T12:52:52,W001,P00320,TRANSFER_OUT,-37,7d9f950b-b0b9-40f0-b22b-e9dadb98a7f7
IM00006281,2025-09-18T19:19:23,W009,P00184,ADJUSTMENT,47,db1c0180-8956-4368-9720-2a3f58b979b3
IM00006282,2025-10-02T15:46:59,W009,P00317,TRANSFER_IN,32,83df34d6-13ec-49dd-a5dd-22c1eadabc0d
IM00006283,2025-05-08T05:43:11,W009,P00533,ADJUSTMENT,15,936e5c58-7c20-4330-ae24-3db9f5356a88
IM00006284,2026-02-23T07:29:35,W008,P00076,TRANSFER_OUT,-13,2880f54f-80b6-4267-862e-86abe9ef5715
IM00006285,2025-02-21T19:12:15,W003,P00102,TRANSFER_IN,9,a0259b2f-315b-466d-92d2-dc8705be1047
IM00006286,2025-10-25T19:59:04,W004,P00444,TRANSFER_IN,46,15c0d0cc-de2d-435f-b546-e4405426bcd3
IM00006287,2025-05-31T01:22:05,W013,P00175,SHIP,-39,d61f515b-08de-48ea-99ac-4a6f27b9076a
IM00006288,2025-12-22T05:49:05,W015,P00309,SHIP,-5,f0b2d354-b110-43c4-922f-62da18ba9292
IM00006289,2025-01-23T20:42:05,W004,P00481,TRANSFER_IN,21,2ef075ed-a204-4c98-8094-638573a3eb62
IM00006290,2025-12-21T20:25:12,W011,P00245,TRANSFER_OUT,-16,99ba2b90-1dbc-4552-8715-052021a28d07
IM00006291,2025-12-19T19:21:27,W003,P00588,RECEIPT,11,431858aa-14af-4b62-bdfc-e1914d48c415
IM00006292,2024-06-30T07:36:02,W003,P00360,RECEIPT,5,5793157a-0611-4aea-90d3-e8c570d8c39b
IM00006293,2025-02-19T18:30:09,W006,P00585,TRANSFER_OUT,-34,12be0f05-8b6f-47c2-9952-63c4840ddca3
IM00006294,2024-08-12T07:41:16,W003,P00510,RECEIPT,18,6f5ac71b-8175-44f6-ad16-adb109dc7850
IM00006295,2024-11-20T15:34:07,W004,P00550,TRANSFER_IN,17,e95997dd-381d-4b08-83c5-433c2c4d4eb9
IM00006296,2026-01-05T19:33:16,W006,P00528,TRANSFER_IN,20,9d817ffa-0abf-468b-956d-3b9aa9311b7d
IM00006297,2024-12-27T04:36:45,W009,P00321,ADJUSTMENT,40,618327f8-6a9a-47bc-b93a-45d92e7f30e4
IM00006298,2025-01-27T11:55:28,W015,P00526,SHIP,-16,3a1c240f-c9dc-4e61-b7b0-7dd3276ca02e
IM00006299,2025-12-12T11:47:47,W002,P00271,TRANSFER_OUT,-1,384d7697-f5ff-480e-a4a0-73fc9a6eb561
IM00006300,2024-12-01T07:14:47,W006,P00318,ADJUSTMENT,29,17de4db8-b9eb-40a9-88cf-5e05140a4870
IM00006301,2024-02-16T22:18:32,W015,P00182,RECEIPT,12,c7528b25-c156-4ede-aac4-a3543829d11e
IM00006302,2025-09-19T19:04:55,W002,P00294,ADJUSTMENT,6,d78ed969-e7a2-47a5-8422-d9bd1db16b47
IM00006303,2026-02-13T17:48:13,W013,P00264,TRANSFER_OUT,-25,688d8d28-d23d-4e30-8f92-cfacd4717043
IM00006304,2025-06-28T04:07:10,W013,P00284,TRANSFER_OUT,-36,7763cef8-516d-4b4c-9d7c-ed93c60f7831
IM00006305,2026-01-04T04:21:31,W007,P00009,TRANSFER_IN,5,24ec7b1e-eb98-4c54-bec9-f76683678f9d
IM00006306,2024-06-23T13:29:49,W006,P00177,SHIP,-39,b4771240-2fad-4d9f-b99c-5d1e8c38abfd
IM00006307,2024-01-20T09:33:52,W013,P00309,ADJUSTMENT,43,8427613e-ddfb-45aa-ab92-02663984f3c8
IM00006308,2025-03-09T02:06:17,W003,P00289,RECEIPT,22,163bf535-88a0-4b35-8adf-722b2fde4bb0
IM00006309,2025-08-31T04:31:00,W010,P00054,SHIP,-13,d57bc97f-c4c2-44fb-8230-0112e325d3be
IM00006310,2024-05-08T14:56:16,W016,P00352,ADJUSTMENT,48,f08c7921-f22d-425c-8e0b-dcc540056b0b
IM00006311,2024-09-01T06:18:21,W008,P00214,RECEIPT,2,e6894318-2be3-4b59-8aeb-fe1537699704
IM00006312,2024-03-03T20:26:13,W007,P00084,RECEIPT,43,44699ad7-503a-450e-9523-80dc62357bc9
IM00006313,2025-02-26T08:19:18,W017,P00138,RECEIPT,47,8f0641f2-0791-4b7b-8939-be32a0546d13
IM00006314,2024-08-31T03:42:25,W004,P00246,SHIP,-8,b4915ad3-3e40-48a6-af23-9d92693bca12
IM00006315,2025-07-26T08:01:43,W005,P00103,TRANSFER_OUT,-18,7cdae18c-acdf-4a86-b075-17cc59e3ca44
IM00006316,2025-10-18T18:38:12,W001,P00112,TRANSFER_OUT,-22,dd63bb7f-9bb6-456a-91cb-f7cb8808d5ee
IM00006317,2025-04-01T04:54:38,W013,P00388,ADJUSTMENT,42,976f6039-241b-400b-9ba2-90f2836d5380
IM00006318,2024-10-27T21:16:48,W003,P00410,SHIP,-5,96fd0daa-b2c6-4d5a-ba52-af9354d20300
IM00006319,2025-06-16T16:07:37,W008,P00434,TRANSFER_OUT,-14,d075c27e-7297-421a-9c13-ac6adf7279a3
IM00006320,2026-02-19T09:22:55,W006,P00472,TRANSFER_OUT,-23,8105d99a-6b44-4093-bdf1-5d1c6577a08a
IM00006321,2025-02-27T19:36:28,W010,P00015,TRANSFER_OUT,-48,fe21bbd9-35d8-4bd1-aeb9-6d96b93c459e
IM00006322,2025-05-25T01:08:09,W004,P00193,ADJUSTMENT,14,e6dd7ba0-9d7d-446c-8bba-9f8f97598eda
IM00006323,2026-02-20T22:45:17,W004,P00177,RECEIPT,49,9df60184-5a52-4af7-8eb6-62bfc9385708
IM00006324,2025-05-16T22:39:49,W007,P00363,RECEIPT,25,34ee517a-2b57-4788-8f9a-9d4d97d1fea5
IM00006325,2024-06-19T13:38:41,W015,P00240,SHIP,-18,2caf7946-cef0-46f4-ac5a-d6b1b2c69311
IM00006326,2024-05-20T20:02:10,W010,P00175,RECEIPT,47,8d0d397a-bca6-452c-b69a-9847405128d1
IM00006327,2024-02-20T16:54:39,W010,P00034,RECEIPT,35,69aa2ed8-8e72-44e0-875a-3d96ba0c6c23
IM00006328,2025-11-17T23:05:51,W003,P00533,TRANSFER_IN,10,17b2d09a-30a9-4fd9-82d5-f5d7e5b79b67
IM00006329,2024-11-27T18:43:17,W008,P00201,TRANSFER_IN,1,15463122-c049-4da1-9915-a5f156b7b0e4
IM00006330,2025-01-03T22:46:47,W004,P00195,SHIP,-12,21919cc9-e55b-4cd4-9b00-f92ef50e29b2
IM00006331,2024-09-12T06:47:35,W013,P00128,RECEIPT,31,82587095-4c37-46eb-989d-2e082ac26fce
IM00006332,2025-12-06T18:45:58,W008,P00400,TRANSFER_IN,48,5ec6ff89-f62d-426f-bb3c-af0e98152422
IM00006333,2024-07-21T20:12:20,W006,P00436,TRANSFER_OUT,-19,5c172a0f-a180-4ea2-bb3f-c708697dbd2a
IM00006334,2024-11-20T15:15:28,W006,P00600,ADJUSTMENT,40,ba8b1e9a-d94f-40a8-a17c-271479701e2e
IM00006335,2024-02-01T22:38:42,W015,P00043,SHIP,-20,faa8d254-4ecf-47e8-b0b6-4e139d934805
IM00006336,2024-09-02T03:02:00,W009,P00021,TRANSFER_IN,27,4fabe9fb-c6ef-45b3-b722-d56f4c6e5d01
IM00006337,2025-05-15T21:37:31,W008,P00109,SHIP,-6,7c5406c7-4bda-45c1-8b7f-fd974957e535
IM00006338,2024-01-18T09:26:03,W008,P00311,RECEIPT,9,f59c6302-2462-4137-8db0-27d39155dba2
IM00006339,2025-10-13T15:29:52,W014,P00120,SHIP,-9,7aa17953-4318-4c27-a66d-247cc14ead6e
IM00006340,2024-01-23T16:14:58,W016,P00088,TRANSFER_OUT,-14,9242c505-1e44-4c6e-b866-bc3cf9e5049b
IM00006341,2024-07-25T06:51:30,W013,P00354,TRANSFER_IN,1,0611498f-3413-4f42-a03d-78676bb66d13
IM00006342,2024-09-01T13:26:11,W011,P00353,RECEIPT,9,f9795e32-c487-4853-b31c-245b0f1cae84
IM00006343,2025-07-27T06:54:49,W013,P00493,TRANSFER_OUT,-42,d93aaa81-51da-47c9-bc73-7fcc2ba6b285
IM00006344,2024-08-26T19:08:18,W013,P00209,SHIP,-49,9a47d90a-ef81-4988-8db8-3cc533dd02b4
IM00006345,2024-02-04T08:23:21,W004,P00540,SHIP,-12,917c66a1-1b3f-4607-9174-4cd6f6226dff
IM00006346,2025-06-27T15:43:14,W015,P00381,RECEIPT,40,81cc184f-0b9a-4c76-b7d5-183ad62e7703
IM00006347,2025-09-29T02:43:04,W006,P00536,TRANSFER_IN,13,9d6471c9-476f-46bc-9091-41966ea7ee5f
IM00006348,2024-11-16T15:18:01,W002,P00485,TRANSFER_IN,24,80fafb6a-feb7-47c5-92e8-5963b8f2f2ef
IM00006349,2025-06-27T15:17:07,W017,P00512,RECEIPT,16,4dfce106-39b2-44e6-97f6-69dacf1543b8
IM00006350,2024-08-19T00:10:45,W006,P00516,SHIP,-19,00e25f05-1783-4689-9636-59bfc584660a
IM00006351,2024-02-22T11:18:21,W002,P00418,TRANSFER_OUT,-11,856c250e-8881-4ed9-931c-17cc87164471
IM00006352,2024-04-14T05:31:01,W010,P00407,TRANSFER_IN,49,ea98e56d-c483-451d-8783-42a1a159a803
IM00006353,2024-10-16T18:05:03,W012,P00579,ADJUSTMENT,17,bcb1a346-831c-4481-8926-750b1168413e
IM00006354,2025-09-08T16:02:09,W016,P00428,TRANSFER_IN,17,f854cdb0-523f-4f28-93ba-8298d4686103
IM00006355,2025-03-02T13:46:36,W003,P00332,TRANSFER_IN,32,44f39b60-583e-41af-80a0-a1635237caad
IM00006356,2025-10-21T06:33:27,W005,P00087,SHIP,-24,1b3c3df2-d341-48b9-a483-5199c38d8b9a
IM00006357,2024-04-20T19:50:43,W003,P00192,TRANSFER_OUT,-3,581de730-7ad6-4466-a134-a8609dde0ecf
IM00006358,2024-10-18T09:10:54,W003,P00303,RECEIPT,15,0b107943-5f06-4030-82ff-27341793cc67
IM00006359,2026-01-25T11:22:35,W011,P00332,RECEIPT,31,5016763a-e381-4757-adfc-2780bf796b5a
IM00006360,2025-06-18T10:15:48,W009,P00514,TRANSFER_OUT,-39,eb8779ba-cf47-48e8-9745-4bdca39d8c9b
IM00006361,2025-01-10T10:16:44,W011,P00392,RECEIPT,33,074bb982-08aa-4ec2-8f3a-a1c698b1d960
IM00006362,2025-10-19T23:26:53,W009,P00448,TRANSFER_IN,30,70cc4687-63c3-44ef-a9d6-0f3efca50184
IM00006363,2025-09-26T10:29:59,W003,P00009,ADJUSTMENT,22,c48a98db-af6a-4b57-8ed1-f915d01e4978
IM00006364,2024-01-03T00:51:10,W007,P00067,SHIP,-7,0866c490-56dd-44d7-b595-b5f787531fd8
IM00006365,2024-07-03T09:47:24,W013,P00458,TRANSFER_OUT,-14,f9da5516-0bd9-42ef-a736-de53a4b5c5f3
IM00006366,2024-02-21T10:30:24,W001,P00257,RECEIPT,39,161bc25c-9003-4799-a86b-e191c4b7b0e2
IM00006367,2024-08-20T21:52:23,W004,P00432,TRANSFER_OUT,-47,721019db-e26c-4129-861f-1e009b4cec0a
IM00006368,2024-09-24T16:11:37,W004,P00026,RECEIPT,26,b603da4b-f5e0-443a-b162-7579e0a4e106
IM00006369,2025-06-23T03:51:17,W011,P00085,RECEIPT,36,05f147a6-6dca-4844-b22e-edbef08dade5
IM00006370,2024-05-24T23:43:18,W001,P00215,ADJUSTMENT,46,691342d3-f51e-4a35-94c8-d2e8e603cceb
IM00006371,2024-07-28T22:01:29,W016,P00506,SHIP,-22,6b05138a-eae0-44f3-a3f5-3198580639fa
IM00006372,2024-01-15T05:06:15,W002,P00007,TRANSFER_OUT,-20,42db26d5-e8e5-42d0-8f28-ea4226badb90
IM00006373,2024-09-11T15:10:15,W015,P00507,TRANSFER_OUT,-41,7a3c5f82-d6a3-473d-83c5-6e0d7191f606
IM00006374,2026-01-13T08:28:22,W010,P00503,ADJUSTMENT,27,f8067540-4c3c-426d-ae21-9aa0ab7715d6
IM00006375,2025-04-13T05:47:35,W002,P00040,TRANSFER_IN,17,83802772-8cd2-4bca-99fe-98e51741d3ff
IM00006376,2024-02-17T03:46:26,W013,P00187,TRANSFER_OUT,-42,0523009e-b01b-40b5-9929-583d50f464b1
IM00006377,2025-05-18T03:59:40,W002,P00015,SHIP,-48,04690c50-f447-4ce1-b39d-534771d83627
IM00006378,2025-06-19T05:00:04,W012,P00476,SHIP,-33,b4bdc22f-88d1-455c-83fa-80923cf31a10
IM00006379,2025-03-04T23:29:41,W005,P00078,SHIP,-44,80838519-69bb-4ce4-bf81-e12c5cccc7b3
IM00006380,2024-04-01T19:15:41,W011,P00047,ADJUSTMENT,10,14c7907c-99a1-4df3-b483-f3b753b74f01
IM00006381,2026-02-14T01:04:12,W006,P00367,ADJUSTMENT,14,cf1b1bb8-667d-4ce5-8261-7ee1653e5c2d
IM00006382,2025-07-21T21:07:18,W003,P00546,TRANSFER_OUT,-49,78cddbe8-3ff5-45c3-9e26-5b4548361784
IM00006383,2024-11-09T10:41:05,W012,P00527,TRANSFER_OUT,-15,c4ac8981-cc6d-4548-98ea-cd1e9986d506
IM00006384,2025-11-15T06:59:04,W004,P00349,RECEIPT,17,fcdbd046-0cea-45e0-bec1-4475af358079
IM00006385,2024-03-31T19:51:25,W014,P00198,SHIP,-9,09aee446-6c45-4d3e-96b7-e79a969a767f
IM00006386,2025-11-05T02:08:23,W007,P00513,ADJUSTMENT,39,9879c53a-7a6c-4539-a0d9-3464e4002dc8
IM00006387,2024-04-05T11:36:03,W004,P00337,ADJUSTMENT,16,348c6e0e-8c83-49b7-adfa-4207ca9ad738
IM00006388,2024-06-26T08:46:20,W007,P00036,TRANSFER_OUT,-45,3f828efe-84f3-48fd-b583-958b4f782675
IM00006389,2025-03-29T02:27:34,W010,P00212,TRANSFER_OUT,-17,bdad70f5-5943-4758-a9cd-bb6208fc8733
IM00006390,2025-03-25T18:28:49,W003,P00550,ADJUSTMENT,32,6a10654b-0cce-4c02-a110-1f6229d51626
IM00006391,2025-10-08T14:31:30,W006,P00320,TRANSFER_OUT,-34,eac64b43-2dfb-4694-9860-a13fcd68f59b
IM00006392,2024-01-08T17:50:39,W007,P00563,TRANSFER_IN,35,41ff16a1-f087-432d-afd3-bd3479e13c9e
IM00006393,2024-12-26T05:32:45,W008,P00036,TRANSFER_OUT,-1,d3788c9e-5c65-4a7f-92a0-a783629ed864
IM00006394,2024-02-12T13:47:14,W017,P00005,RECEIPT,45,73740f6a-014c-4124-ae29-1b7f7e47d8da
IM00006395,2024-09-14T16:35:52,W004,P00570,ADJUSTMENT,36,a1ebdc38-916f-4bf2-90a5-3f3b1a42a8bf
IM00006396,2025-09-17T18:48:33,W001,P00554,SHIP,-40,13972f59-889d-47de-8780-16332f006f51
IM00006397,2024-04-07T17:26:14,W005,P00402,TRANSFER_OUT,-44,6f954a20-0c71-4047-8aff-d2f45f6c2084
IM00006398,2025-12-22T00:10:37,W011,P00517,ADJUSTMENT,6,916c2a6e-b562-4796-86b6-82789c0884f5
IM00006399,2026-02-27T15:00:02,W017,P00346,ADJUSTMENT,4,8af76037-36d0-4405-8690-03821d17089c
IM00006400,2024-05-18T11:25:51,W017,P00238,RECEIPT,28,6862c49d-6fd1-4c37-80e1-1258e3299eb4
IM00006401,2025-06-18T02:25:42,W001,P00325,SHIP,-12,5c8f15d9-0d4e-4425-9450-1761c4a5f18a
IM00006402,2024-11-23T03:42:28,W010,P00134,TRANSFER_IN,11,4023607a-2718-44cb-a8a8-efb23c6e4983
IM00006403,2024-07-06T10:46:42,W016,P00113,TRANSFER_OUT,-39,0a4ce44e-8170-4d55-a1ef-f4dcf444428f
IM00006404,2025-08-27T22:10:44,W006,P00385,TRANSFER_IN,42,25bf459b-0e25-49f2-90f8-da025a57eeaa
IM00006405,2024-01-05T11:26:07,W002,P00223,SHIP,-2,4dae4732-b294-4f41-894e-856d283c6284
IM00006406,2024-02-23T19:10:11,W016,P00507,RECEIPT,34,63aa9438-e48b-4464-af6a-c42c6fd3c3b9
IM00006407,2024-02-20T13:47:59,W012,P00527,TRANSFER_OUT,-48,09eae11c-5fce-41ad-b8b4-166b4ba11746
IM00006408,2025-10-05T17:59:59,W007,P00075,SHIP,-45,0076a8eb-aebc-4c30-a90a-5f0987a82009
IM00006409,2025-02-19T16:08:57,W014,P00485,TRANSFER_IN,12,e3706cf0-3ec7-4316-88e0-f14414d90eab
IM00006410,2024-04-04T19:46:59,W008,P00383,TRANSFER_IN,9,acdc166f-6a94-4288-889c-42365a641081
IM00006411,2025-12-06T22:52:24,W008,P00481,RECEIPT,4,e0172688-a12a-428d-bd33-d54e5a31081f
IM00006412,2025-02-07T00:15:44,W016,P00127,SHIP,-19,740a6d36-4a1b-490f-8422-2a69a979ec50
IM00006413,2024-08-31T16:22:12,W011,P00193,TRANSFER_OUT,-31,458c242d-6de5-4db2-b87e-856d7c11ce67
IM00006414,2025-05-17T00:22:21,W003,P00076,RECEIPT,16,ba8205f0-93ec-4b69-a9e3-889c2222b2fe
IM00006415,2025-10-23T06:28:06,W012,P00107,TRANSFER_IN,12,4daa7d4e-8ea9-4064-a789-717748ab3d5f
IM00006416,2024-03-27T04:15:46,W005,P00512,ADJUSTMENT,35,99399c1a-3284-46cb-adc1-fa7772030c95
IM00006417,2025-01-11T11:34:36,W016,P00030,TRANSFER_OUT,-42,b12fc78e-6637-4f18-a618-55c77e89a0ba
IM00006418,2026-01-09T14:04:57,W012,P00445,SHIP,-34,5b0cabc0-612e-4ecb-94d5-ae9b38f55bc9
IM00006419,2025-01-30T22:49:20,W005,P00201,TRANSFER_OUT,-8,1c762a7d-75f7-48cd-8ec5-8f7407a3035e
IM00006420,2024-12-29T13:54:34,W015,P00131,RECEIPT,2,c1bac035-f370-4860-8150-e317d80a5b2a
IM00006421,2025-07-09T12:45:50,W014,P00374,RECEIPT,47,56faa063-b0a7-4891-bae9-395d31283987
IM00006422,2025-11-13T10:23:25,W011,P00387,TRANSFER_IN,41,440f11e3-f397-4b0c-b6e5-c515f2a5966f
IM00006423,2024-06-04T18:09:21,W015,P00124,SHIP,-45,95698dc4-b528-48a0-a0c0-bf65d48fbff6
IM00006424,2024-12-11T15:50:18,W009,P00374,ADJUSTMENT,47,5f07dee6-03fe-4f8c-a4cc-8bd55ad0a028
IM00006425,2025-08-07T18:12:27,W002,P00530,RECEIPT,12,8890a7b1-0765-4d0c-8f1c-c0e8e42d97f1
IM00006426,2026-01-04T13:57:08,W002,P00090,TRANSFER_OUT,-34,eaea8009-b050-497e-8a86-028b8373dafa
IM00006427,2025-08-15T10:50:40,W017,P00012,ADJUSTMENT,10,fd7a1620-5aa3-46b2-9d4d-350916f31546
IM00006428,2025-03-31T09:38:45,W008,P00517,ADJUSTMENT,47,760a857c-f0c4-4587-bcbb-fbea17251489
IM00006429,2025-12-06T18:12:10,W009,P00320,SHIP,-23,4486814a-777b-458c-b783-9dc6bdd38eb1
IM00006430,2025-06-21T08:59:52,W007,P00114,ADJUSTMENT,16,55452b45-e73e-412f-b15d-5ae2a76be7f1
IM00006431,2025-02-17T08:55:22,W005,P00404,TRANSFER_OUT,-49,3cff07ad-14da-48ce-9dcf-400766c3b115
IM00006432,2026-01-13T05:24:25,W001,P00074,TRANSFER_IN,3,2eff4282-997f-44df-9298-1aaa025d40c8
IM00006433,2024-09-28T21:17:18,W006,P00471,SHIP,-29,67abdc2d-c10b-43f2-850e-8ba082f6d1b3
IM00006434,2025-09-27T17:37:03,W011,P00214,TRANSFER_OUT,-19,1add86df-23d4-4016-ae65-fc25824cf7c1
IM00006435,2024-06-26T22:51:15,W012,P00582,SHIP,-46,69ab336b-f123-41f1-be98-32a76aeee695
IM00006436,2024-08-07T18:24:38,W008,P00015,TRANSFER_OUT,-35,a943567b-4d78-4f18-bf88-728756287dee
IM00006437,2025-05-09T22:51:20,W008,P00228,RECEIPT,34,2d08d4f4-6687-43c6-a59f-af22d6eb6c5f
IM00006438,2024-03-06T15:28:01,W008,P00497,ADJUSTMENT,15,1d95f84e-1964-4c77-9fc0-0d99886f5170
IM00006439,2024-09-19T01:16:10,W007,P00058,RECEIPT,18,08aa1e7a-6d88-4238-a544-043ac6385a5a
IM00006440,2025-11-29T12:07:49,W003,P00072,ADJUSTMENT,47,0b6ae9fa-a08f-46fe-80fe-d7c91855fea1
IM00006441,2025-11-22T23:31:27,W007,P00564,SHIP,-24,0b5f7163-01a0-4f0b-b82e-b44528d1ec61
IM00006442,2025-03-26T05:02:00,W002,P00296,SHIP,-3,24efbbb1-7043-4de3-a8d1-ce38dc2520bf
IM00006443,2024-06-11T20:03:23,W007,P00080,RECEIPT,27,adc57cf8-4944-4352-a19c-ebeb008bfe3b
IM00006444,2024-11-06T10:52:22,W003,P00183,ADJUSTMENT,32,27fe7258-86fc-4c67-a131-951b61fe0b27
IM00006445,2024-10-28T06:47:12,W014,P00367,TRANSFER_OUT,-49,094b6960-9763-4ae7-ab72-d818427e2ced
IM00006446,2025-08-28T07:59:17,W006,P00429,SHIP,-34,23180ef6-4b8f-4602-af1f-73d8d76607fa
IM00006447,2025-04-01T05:32:42,W015,P00166,SHIP,-31,c317d092-ed10-4cf4-832b-a09f3a32ba14
IM00006448,2024-08-28T08:29:52,W007,P00105,SHIP,-36,95ed914d-a865-4b6d-bc07-43952b974ffa
IM00006449,2024-06-26T05:36:18,W012,P00318,RECEIPT,30,12a405f0-7d52-44df-81ac-99abd5d6f57d
IM00006450,2024-03-23T10:59:32,W009,P00072,SHIP,-18,dc013a1e-bc46-4877-a628-e330272901d2
IM00006451,2025-07-13T06:00:57,W008,P00189,TRANSFER_OUT,-41,de51b82a-a99a-4fd4-9bbc-e9968f650ec3
IM00006452,2024-10-02T17:27:52,W006,P00029,TRANSFER_OUT,-38,f3766c78-af4d-475c-9db1-23d7563981bc
IM00006453,2024-10-16T23:13:13,W008,P00025,ADJUSTMENT,2,6ad52450-1fe0-4788-ab89-e85fae75910c
IM00006454,2025-05-03T08:05:34,W015,P00442,ADJUSTMENT,38,fdeba9f0-a9a1-4ee9-bcd0-2fe4d2fd2c62
IM00006455,2024-02-09T07:21:53,W012,P00477,TRANSFER_IN,22,d25b943f-abf6-4cc3-b401-b9363fc1ac4f
IM00006456,2025-03-23T18:00:39,W009,P00267,TRANSFER_OUT,-33,329dd51a-b44c-4f37-b5fb-3f660a209335
IM00006457,2024-09-10T02:17:28,W012,P00124,RECEIPT,42,14375b7b-4c45-4cac-9480-9d66dd8810b0
IM00006458,2024-03-10T06:02:03,W011,P00428,TRANSFER_IN,45,3d139eb3-bc82-4b1f-b024-75198d419d76
IM00006459,2025-11-07T03:32:23,W014,P00053,SHIP,-49,b5ad9aac-6a82-44de-b5e6-45a26f4c4526
IM00006460,2025-02-18T19:09:45,W015,P00396,ADJUSTMENT,15,2b4f744e-abda-48f2-ab06-10ca02cd6d3b
IM00006461,2025-02-21T01:15:28,W013,P00203,ADJUSTMENT,24,cbf9d785-fcc8-4394-910a-aca9cc04f91e
IM00006462,2024-08-21T13:18:26,W003,P00218,RECEIPT,43,609c23b7-5c95-4cdb-a26f-f545b11b23cd
IM00006463,2025-01-17T10:19:28,W011,P00182,SHIP,-31,d38720ac-caeb-46fa-80c3-d11cef59f0e1
IM00006464,2024-01-10T03:00:28,W015,P00472,TRANSFER_IN,36,c65db80f-4f2b-4431-a391-97748976bf55
IM00006465,2025-06-22T03:31:59,W004,P00592,TRANSFER_IN,15,b1160f94-9bf6-4d12-87ba-811d07f0ccb1
IM00006466,2025-10-19T03:48:24,W005,P00132,SHIP,-23,b11807f8-6c6e-4d36-a121-d30db606709e
IM00006467,2024-02-03T07:31:50,W004,P00164,SHIP,-24,5a32e8bd-13f6-4878-a35a-ed22db3ab148
IM00006468,2024-08-25T02:17:35,W008,P00184,RECEIPT,3,229d78e3-6820-4023-abb7-f0aaf3a8a46b
IM00006469,2024-04-07T23:29:08,W002,P00300,RECEIPT,30,13392883-90d2-4c90-ab03-ec8f5c0e1215
IM00006470,2024-08-14T06:17:23,W007,P00107,TRANSFER_OUT,-5,c8646b71-39b9-4d1b-ac2f-0692aa0b7e5d
IM00006471,2024-03-12T08:14:11,W009,P00516,SHIP,-23,9139dc84-22be-456b-8ca0-056bd5ff5e33
IM00006472,2025-05-23T16:40:19,W003,P00521,ADJUSTMENT,17,d5f1e804-0a7f-4621-babb-9d63646f115b
IM00006473,2024-10-23T04:08:48,W010,P00177,RECEIPT,24,38fa6275-2b66-4afc-821a-8f2a07fc9775
IM00006474,2026-02-10T20:17:28,W007,P00152,TRANSFER_OUT,-39,a51cb305-18d1-49f2-b333-a72569c04f72
IM00006475,2025-01-04T21:08:48,W006,P00045,ADJUSTMENT,41,11df8fea-b256-4267-b93d-9f19c6a8c37a
IM00006476,2024-06-07T19:18:13,W017,P00042,RECEIPT,1,5a3dcf46-8735-41c9-9c3f-171e44b2c190
IM00006477,2024-03-15T05:11:15,W002,P00308,ADJUSTMENT,46,44a7b062-0e01-40fa-9f4a-9cb44d185f19
IM00006478,2024-11-30T02:11:43,W002,P00154,RECEIPT,2,e068f1ff-24d1-4822-8d45-8ab07a8e27b4
IM00006479,2025-06-15T21:56:27,W001,P00305,SHIP,-46,c8d6f441-f4c7-47a4-a5c3-1d21a862aebd
IM00006480,2024-04-14T06:39:40,W014,P00196,ADJUSTMENT,25,51be406a-7d03-4cf7-a783-e2ad655024dd
IM00006481,2024-05-08T13:46:36,W012,P00072,SHIP,-32,072e2213-a546-4549-bd21-ffd6813a95bb
IM00006482,2025-10-31T06:23:36,W009,P00068,ADJUSTMENT,28,e5c21f4f-cb00-4609-8dbd-ebf84cd9faa9
IM00006483,2026-01-15T07:51:59,W001,P00180,TRANSFER_IN,47,e8c8fb4d-3c54-4636-a063-868576a13ba2
IM00006484,2024-05-11T07:37:15,W006,P00260,TRANSFER_OUT,-6,66597f7b-cc5e-4d52-b093-110765c87450
IM00006485,2025-08-23T23:05:59,W014,P00261,ADJUSTMENT,42,9ef89043-6b75-44da-afbe-f84091bb9139
IM00006486,2024-04-11T12:57:19,W005,P00066,RECEIPT,1,2d487f0f-0547-422c-b716-e7d63048b243
IM00006487,2025-09-11T23:16:07,W001,P00353,SHIP,-31,1707d0fe-9429-43df-884b-f4c85e48c4f0
IM00006488,2025-04-25T05:56:22,W011,P00469,SHIP,-13,05d6efd0-1a2a-4604-81ef-4b7199517980
IM00006489,2025-02-11T09:20:45,W015,P00474,RECEIPT,40,58952edb-d1a1-4619-bd48-937af5436b36
IM00006490,2025-02-04T19:32:36,W010,P00585,TRANSFER_IN,10,bb0f3661-7762-4c03-89e7-eb3d9c753fd2
IM00006491,2025-08-02T12:17:36,W014,P00425,TRANSFER_OUT,-40,4d0fcce0-a1c6-43e6-9a4f-009de2ebc399
IM00006492,2026-02-24T12:54:59,W013,P00546,SHIP,-33,e9ac24f6-51d8-443f-b84b-6ce6744588ca
IM00006493,2025-05-02T22:38:47,W012,P00180,SHIP,-23,ac16d0db-4188-4169-8658-e38bf98de4a2
IM00006494,2024-02-24T21:54:56,W017,P00506,ADJUSTMENT,31,e3e8bd06-09c5-4bb5-9ed2-bd4d9822a7d2
IM00006495,2024-05-26T07:14:05,W008,P00068,ADJUSTMENT,22,40270b65-01b1-407a-8365-118e649dec7d
IM00006496,2025-01-15T08:35:04,W013,P00248,ADJUSTMENT,3,b1fc47fd-4189-4cf1-91fd-dd1a02c67588
IM00006497,2024-10-03T20:03:08,W011,P00009,ADJUSTMENT,22,4d25d37d-dc28-48ef-ae77-75e302f0677e
IM00006498,2025-04-25T18:42:34,W003,P00562,TRANSFER_IN,13,b6c2aa79-4865-4dd2-b1b2-6e7f30978725
IM00006499,2024-10-29T12:28:45,W007,P00280,RECEIPT,18,b9a8b2db-6e26-43ed-91cc-7cd6c04c6077
IM00006500,2025-02-24T02:51:29,W012,P00249,SHIP,-32,3eb5dc47-5938-4aca-b9ac-565c41b569bd
IM00006501,2025-04-20T09:52:22,W010,P00318,SHIP,-2,9156cc2a-f52d-4a13-af44-e32478f9a7ec
IM00006502,2024-10-11T04:43:32,W017,P00452,TRANSFER_OUT,-23,396f6e4a-d4a2-4f04-9b20-1abf466ec531
IM00006503,2024-02-23T13:37:59,W010,P00013,ADJUSTMENT,42,7b95d0d4-fc8e-465b-8bd9-a46431a46f66
IM00006504,2024-04-24T10:28:47,W017,P00213,SHIP,-41,a4873c09-acd5-43c8-bb46-e01c7c69c5e3
IM00006505,2024-02-06T03:55:10,W001,P00243,RECEIPT,8,b1cb6a46-f337-4d87-a44e-3da203a8b6e4
IM00006506,2025-08-20T11:02:55,W013,P00330,SHIP,-8,b390ae6f-4ecd-457d-afbc-2cd96ef675ad
IM00006507,2025-06-03T11:50:14,W004,P00396,SHIP,-9,03f4d88d-c3aa-4a9e-94b7-a53e5f61596e
IM00006508,2025-03-25T16:06:41,W009,P00313,RECEIPT,37,8c0b19cb-3dd8-4aa4-b6f1-8a19126adf4a
IM00006509,2025-09-16T23:49:44,W003,P00333,TRANSFER_OUT,-27,034db40e-99d3-4d2d-b792-5ac8eef24426
IM00006510,2025-06-12T17:26:03,W014,P00562,TRANSFER_OUT,-31,91c30ef4-1179-4f60-a493-f00ee8b9a628
IM00006511,2024-11-15T17:08:45,W011,P00246,RECEIPT,11,fb393c8d-8535-47e9-9e89-edba8567fca5
IM00006512,2025-05-12T09:58:29,W006,P00114,TRANSFER_OUT,-18,15e63951-b2da-4cc1-a8fb-6f3db061d57b
IM00006513,2024-12-15T05:52:17,W001,P00053,TRANSFER_OUT,-25,4d0c45d9-1d69-4ef5-89c9-a9ff51c79a76
IM00006514,2025-04-19T01:11:50,W014,P00287,TRANSFER_OUT,-16,04d43c51-8453-4628-8272-c0992f809dea
IM00006515,2024-07-15T03:22:06,W004,P00031,ADJUSTMENT,43,fca7aee2-b742-45b1-96a2-5ec52db569c2
IM00006516,2024-05-19T14:56:53,W012,P00531,SHIP,-26,c63127eb-443d-46ec-8028-0ae181d01ba0
IM00006517,2025-12-22T23:26:20,W016,P00177,ADJUSTMENT,23,15e28c38-3b44-4864-b11d-d837413b4341
IM00006518,2024-10-29T01:22:54,W008,P00413,TRANSFER_OUT,-42,28d346c0-992f-4623-ad69-317a9331c642
IM00006519,2025-12-09T07:42:32,W015,P00435,ADJUSTMENT,44,b67b78af-0ac0-44d5-b636-f23cfc1527cb
IM00006520,2024-06-26T09:53:53,W010,P00207,RECEIPT,19,dc6b69fd-7dbb-4d6e-b222-9531ec572af0
IM00006521,2024-01-01T16:11:52,W017,P00536,TRANSFER_OUT,-6,5d6a4b30-5f2a-43e2-85e3-facf66507d02
IM00006522,2024-10-16T19:44:43,W012,P00289,SHIP,-19,62b6349e-a940-4ba5-b243-5af3c35d1d21
IM00006523,2024-02-19T06:43:53,W013,P00231,RECEIPT,32,1a038451-9dd2-4eec-9da1-ac55c652e99b
IM00006524,2025-05-04T08:57:40,W015,P00419,TRANSFER_OUT,-7,c820c6a3-a2eb-4dae-9044-fcb58af67ed0
IM00006525,2025-10-25T18:21:52,W007,P00344,TRANSFER_OUT,-20,24705b36-ff09-486b-9497-3e5c77923f30
IM00006526,2025-12-24T15:18:02,W011,P00554,RECEIPT,44,4d71d9f7-98d0-46bb-8fb1-9c717423dc2a
IM00006527,2024-11-17T23:06:58,W015,P00251,TRANSFER_OUT,-33,575f1a04-14b4-4820-a40c-00dad1511176
IM00006528,2025-12-28T13:41:44,W007,P00027,TRANSFER_IN,32,b54a1dea-6284-439a-9fe6-3e09033e2a48
IM00006529,2025-11-30T10:13:03,W001,P00232,ADJUSTMENT,21,570aa944-6479-40e9-bba3-ae5c3ae9ca40
IM00006530,2024-06-02T21:05:42,W001,P00162,TRANSFER_IN,49,e309af17-b873-47b7-a218-7892bc2a3032
IM00006531,2025-09-11T05:51:51,W008,P00174,RECEIPT,39,34fbe6a8-283f-424d-a6d0-52c42485244c
IM00006532,2025-06-29T14:00:01,W003,P00384,SHIP,-18,93d70068-d324-4f76-8f0a-72e0ece60894
IM00006533,2024-02-16T13:23:26,W017,P00175,TRANSFER_IN,34,18775c9d-e24b-477e-9aaa-b256c5dbceb7
IM00006534,2024-05-20T21:39:52,W013,P00124,ADJUSTMENT,23,01e0712f-1a54-4517-99ce-a3f41f8118f9
IM00006535,2025-12-12T12:28:59,W004,P00083,ADJUSTMENT,49,2c1a5b55-770a-4fb2-a15b-0fcc5e8e6824
IM00006536,2025-07-14T12:19:34,W017,P00190,RECEIPT,23,2e174c3d-3c0c-4291-a8d6-b4e4a2c23b23
IM00006537,2025-10-03T04:16:07,W017,P00435,TRANSFER_IN,20,d581c211-0e6b-4b69-96f6-7d7eb02a8972
IM00006538,2024-08-26T12:30:20,W017,P00533,ADJUSTMENT,8,cb640e7c-3983-4edc-a3db-6c71b199e39e
IM00006539,2024-07-05T13:30:17,W014,P00269,RECEIPT,47,5d248999-98ce-44d9-a25a-f3b60a7bce9b
IM00006540,2025-10-17T23:45:49,W003,P00056,TRANSFER_IN,36,413900c0-b11b-4681-b1f5-2ab328306833
IM00006541,2025-05-15T15:57:33,W016,P00460,SHIP,-30,c2146aff-44b8-48dc-b415-f99732ba101f
IM00006542,2024-06-28T21:40:02,W016,P00376,SHIP,-26,c6574dc2-c462-4b3e-888e-443c829c41a1
IM00006543,2024-08-20T03:36:41,W012,P00196,TRANSFER_IN,4,ac037f3e-3198-45a4-b046-52ae17f26a5a
IM00006544,2024-02-24T17:07:26,W005,P00576,SHIP,-7,11998d7d-eb23-4af8-b3f2-ee89fcdff811
IM00006545,2024-01-22T19:42:16,W009,P00146,TRANSFER_IN,39,8360191e-3867-4af3-bfb4-22aec83dfdcd
IM00006546,2024-04-27T21:09:43,W001,P00203,SHIP,-14,da4e8835-3171-4fcc-8dd7-d7958189ce59
IM00006547,2024-01-18T19:48:12,W002,P00512,RECEIPT,43,186255c8-fd88-43b9-bdfa-5d991da6cc7e
IM00006548,2024-07-13T22:55:53,W016,P00095,SHIP,-21,0edae6cc-e505-400d-9e89-dffa613ecd21
IM00006549,2024-09-14T22:48:53,W006,P00308,SHIP,-31,2a464335-513a-46f3-8f89-6498e0f486d5
IM00006550,2025-05-13T00:10:50,W016,P00291,TRANSFER_OUT,-1,356f271f-4856-4899-be5b-d3e66b6175ff
IM00006551,2026-02-24T19:31:37,W011,P00030,ADJUSTMENT,7,7d29dc18-097a-484a-a4f0-4f6c6a51942d
IM00006552,2025-09-16T07:31:24,W010,P00385,TRANSFER_OUT,-45,df2d2c9d-b05b-4fa4-abcb-d458fcc9514c
IM00006553,2025-05-08T12:22:39,W013,P00352,SHIP,-37,fab95557-e90f-4863-b4ed-14c5186a079a
IM00006554,2025-08-26T18:52:43,W006,P00300,ADJUSTMENT,47,bb2da32e-e91b-4561-aced-b57078a94cfe
IM00006555,2025-12-08T03:37:26,W007,P00304,TRANSFER_OUT,-28,32bd9274-e359-4eda-a013-075778bb74ae
IM00006556,2025-01-15T00:07:48,W007,P00354,TRANSFER_IN,10,60bf896e-5e0a-4531-8511-47487b231214
IM00006557,2024-03-20T15:10:04,W002,P00515,SHIP,-1,3262b206-3499-4678-9ecd-60450f9147a9
IM00006558,2025-10-16T22:54:40,W001,P00449,TRANSFER_OUT,-37,bfbc7443-679b-4520-86b2-19320e8b30d2
IM00006559,2024-06-30T10:34:33,W008,P00484,TRANSFER_OUT,-6,29ff6de6-52c3-47c6-9297-fd04d104cfa5
IM00006560,2024-03-02T02:29:43,W002,P00558,RECEIPT,10,9d9a1c53-a7ed-4cb0-acd2-83b1619ad4ea
IM00006561,2024-09-13T12:20:11,W007,P00079,TRANSFER_OUT,-20,0075be3c-224b-469f-b839-7b487793287f
IM00006562,2024-08-10T23:17:30,W009,P00061,TRANSFER_OUT,-45,46c841bc-19c8-42af-803e-f32fbeabd429
IM00006563,2024-07-13T11:16:22,W008,P00109,ADJUSTMENT,35,e0d52eb2-6d0b-44b3-9948-1b7ac732ee10
IM00006564,2024-07-19T20:23:26,W006,P00462,RECEIPT,4,fc292454-bd8f-4ba1-ae99-6fdd0b650de6
IM00006565,2025-09-07T21:12:32,W010,P00045,RECEIPT,28,6f53b60b-8635-4d1b-a678-abdfc1236e1a
IM00006566,2025-03-22T07:13:53,W015,P00080,TRANSFER_OUT,-21,2e58c950-e62d-47fa-bbba-28e1d447b33c
IM00006567,2025-05-15T21:51:50,W014,P00054,RECEIPT,38,6c3df13d-ccfc-42f4-acb0-61f81b6fd739
IM00006568,2025-02-05T06:53:27,W017,P00096,TRANSFER_IN,35,0896be7e-99a9-4133-bc3d-2966910aabaa
IM00006569,2025-04-02T08:33:47,W012,P00165,ADJUSTMENT,42,3da6149c-5361-43d7-aeef-cd20ac2a4f30
IM00006570,2026-01-13T00:37:13,W008,P00376,TRANSFER_IN,16,a84256e0-cd54-412e-8e76-1c329fa94415
IM00006571,2025-04-23T08:59:31,W004,P00156,RECEIPT,36,2ebe1103-410d-467c-80c9-8a2060168443
IM00006572,2024-03-22T16:34:32,W013,P00545,TRANSFER_OUT,-5,6e256e98-8d83-4fc8-83c5-906c662bfba4
IM00006573,2026-02-10T16:00:12,W016,P00531,SHIP,-36,22648c6c-42aa-4726-a883-3bc9c6260502
IM00006574,2024-12-21T20:02:55,W012,P00553,TRANSFER_OUT,-24,fa82a5bc-501e-4306-aedc-3b0beeb3b6c2
IM00006575,2025-12-24T13:44:19,W003,P00065,ADJUSTMENT,7,5615a696-5062-465c-9e78-c92e8800d702
IM00006576,2025-09-16T17:17:53,W005,P00239,ADJUSTMENT,9,81e27a3b-bbdd-4262-b045-ed2a34f6fbed
IM00006577,2025-01-16T17:55:28,W014,P00013,RECEIPT,7,0f5983a3-6e04-4f81-9bd3-cfe1bfa0912b
IM00006578,2024-12-01T18:27:46,W014,P00457,SHIP,-21,4b023a55-1842-4743-9269-53065905dde9
IM00006579,2024-02-14T16:25:33,W015,P00376,RECEIPT,32,6227bec8-5eca-4f07-a003-96c916166d0c
IM00006580,2025-03-21T03:55:46,W008,P00407,RECEIPT,40,6bb6ad7d-876b-4e58-926c-0b33e096f3eb
IM00006581,2024-03-26T03:08:58,W013,P00109,TRANSFER_OUT,-7,bbd0f8b3-ba65-4db8-b54e-a36db33c1175
IM00006582,2025-12-24T11:52:25,W006,P00298,TRANSFER_IN,32,74a668f6-5ccb-4481-aaf6-5268bd1c24ab
IM00006583,2025-07-14T03:30:58,W015,P00489,TRANSFER_IN,10,31c3f1f2-4503-42d4-a675-8d9f25c4fe08
IM00006584,2025-04-04T22:47:02,W002,P00033,ADJUSTMENT,41,87c15f9c-f08d-420f-a626-28968c4704e3
IM00006585,2024-05-01T05:18:18,W011,P00272,TRANSFER_IN,47,5329caac-a56e-4c5f-98e7-edabaacecad0
IM00006586,2025-04-11T06:01:09,W007,P00455,ADJUSTMENT,20,44c8d318-61af-4ee7-936c-015c40a7f3ce
IM00006587,2025-07-01T08:10:07,W017,P00018,TRANSFER_OUT,-29,6deea3f9-871f-4392-aa17-cc9b7dfd4498
IM00006588,2025-05-29T02:32:23,W015,P00310,TRANSFER_OUT,-44,f9f3e19f-7a94-49a4-bd28-9e48ff0887fd
IM00006589,2025-11-28T13:55:21,W006,P00062,TRANSFER_OUT,-13,111e11e6-8edb-4408-adba-c04023d8e12c
IM00006590,2026-01-02T19:30:50,W007,P00296,TRANSFER_IN,47,610570cf-77ae-4a16-abfb-61a3fb9d0cc5
IM00006591,2025-02-14T12:31:00,W012,P00403,TRANSFER_IN,35,de16b079-daa7-433e-a8f4-f66a6f98d0a1
IM00006592,2025-01-10T20:02:45,W006,P00551,SHIP,-33,7604fba0-8ae6-4176-82dd-f5640d9c730f
IM00006593,2024-11-03T11:29:43,W012,P00384,RECEIPT,34,16dd61ba-19dc-4394-8994-e3042d3f9ab5
IM00006594,2025-07-11T11:41:00,W007,P00378,RECEIPT,28,f3aab3f8-6621-49ac-95ba-710af5939d9a
IM00006595,2024-05-31T18:13:22,W007,P00180,SHIP,-13,62c1d0a6-7a20-4d4c-83ae-9d33b0bcc394
IM00006596,2024-09-21T10:00:03,W007,P00222,TRANSFER_IN,44,3e75abc8-352b-4e0a-a591-74e9b9e8cb21
IM00006597,2025-12-29T22:16:30,W010,P00350,TRANSFER_IN,8,d1421bf3-bd33-4b18-8089-3d94b09e9b07
IM00006598,2024-07-31T15:10:40,W008,P00094,ADJUSTMENT,22,98779c57-1cb3-4493-b6d2-8d367ddbe5ab
IM00006599,2026-02-15T16:19:01,W002,P00517,ADJUSTMENT,19,6716fe86-981a-449c-9bb8-c4892ede8027
IM00006600,2024-05-08T04:13:18,W002,P00316,ADJUSTMENT,2,4d26d6d6-450f-416e-a767-3fbe89a9e7be
IM00006601,2025-06-17T03:03:00,W001,P00433,SHIP,-37,fe56c186-fae2-4eba-b8c2-d916b8c28427
IM00006602,2024-03-17T12:43:06,W007,P00085,TRANSFER_OUT,-35,ff937ada-d0e0-42e6-8c00-9ddad1f488f1
IM00006603,2024-03-18T11:38:15,W011,P00069,SHIP,-21,c037e91c-96bf-4bab-8b72-63dd5460f9db
IM00006604,2025-09-20T01:01:51,W011,P00305,ADJUSTMENT,8,31fa6c5d-f566-4c5b-ae20-6fa00b56fb78
IM00006605,2025-08-16T07:03:14,W004,P00412,RECEIPT,41,cdf1d8d1-1703-411f-a356-149c844dfdab
IM00006606,2025-07-14T00:40:38,W005,P00595,TRANSFER_OUT,-34,579da8cd-9c9e-48c5-9a77-ab5ad6db1b11
IM00006607,2025-04-21T03:23:45,W009,P00390,ADJUSTMENT,38,01214868-448f-4471-94d8-a4aa8ca3d4a4
IM00006608,2024-01-03T01:27:16,W014,P00457,ADJUSTMENT,37,27f5be8b-2fb4-4ce4-83af-25789d4ce79e
IM00006609,2025-09-01T17:26:26,W010,P00111,RECEIPT,25,3a339622-6e6c-46ff-8f08-6101f91a3cf2
IM00006610,2024-10-14T06:23:40,W010,P00061,TRANSFER_IN,1,b09b37a4-c59c-415b-b1ef-2c5b6cb126ba
IM00006611,2025-08-15T19:12:04,W014,P00089,TRANSFER_IN,16,0aae6db5-611f-48ff-86a2-d559748064f0
IM00006612,2024-04-22T04:15:17,W007,P00545,SHIP,-22,1f04b93d-f47b-4712-96c1-bee7f9fd5169
IM00006613,2025-07-01T15:50:25,W015,P00196,ADJUSTMENT,18,505286ca-0eec-4508-9f2f-67e698a5c0cf
IM00006614,2024-04-05T10:15:29,W008,P00376,TRANSFER_IN,10,a112290e-1626-4e2c-8782-7828845eeb20
IM00006615,2025-11-15T11:25:44,W016,P00349,RECEIPT,35,15dffd1e-9423-4487-a08a-bb128fbf0bdc
IM00006616,2024-04-07T13:24:49,W006,P00520,TRANSFER_OUT,-11,94ffa97c-27e7-446e-a918-547be6c6c5d5
IM00006617,2025-06-02T20:26:48,W008,P00584,TRANSFER_IN,17,a36b0f0d-db02-4388-b475-8acc060200f9
IM00006618,2025-06-26T08:48:05,W005,P00122,TRANSFER_OUT,-8,50f7b2ac-4a05-4568-a96e-3c29865612f5
IM00006619,2025-08-08T20:16:49,W006,P00182,TRANSFER_OUT,-29,b02bfd52-9b0d-48e2-8e92-18105779a221
IM00006620,2025-07-15T05:11:46,W002,P00413,SHIP,-12,5e29da1a-dc7a-441c-b77a-8512d796ab05
IM00006621,2024-11-29T18:08:51,W005,P00312,TRANSFER_IN,12,efef2ee6-1306-4a37-93b7-6c1833803422
IM00006622,2025-05-30T03:41:03,W003,P00523,ADJUSTMENT,35,31947d42-8da8-46ea-aa93-f46489c31cd3
IM00006623,2025-11-14T15:45:13,W015,P00375,ADJUSTMENT,22,4d2e5be0-d8e7-47a7-a355-91a6b29a2d53
IM00006624,2025-03-11T17:59:34,W010,P00013,ADJUSTMENT,48,1ec8cf51-6862-4908-be9e-33b94d889d55
IM00006625,2024-03-30T12:53:10,W001,P00585,TRANSFER_IN,11,b6d2f621-8311-4bf9-a6c4-8ef3ceca0275
IM00006626,2025-06-24T12:58:28,W004,P00313,TRANSFER_IN,7,92c5a3e8-308e-4362-8d0f-25ff15c9fc2c
IM00006627,2024-04-22T15:57:09,W014,P00389,RECEIPT,7,ccab3b4c-e49c-4932-ae90-de3d94e9f43d
IM00006628,2024-12-03T09:10:56,W017,P00598,ADJUSTMENT,26,218d8188-aa70-428c-94df-54d786152b31
IM00006629,2026-01-10T15:27:35,W011,P00289,TRANSFER_OUT,-32,ee01b043-ce05-453c-97b9-8014f253b2df
IM00006630,2025-07-22T17:04:11,W004,P00140,RECEIPT,48,f5742812-861f-4d9a-9906-22e7930f45d7
IM00006631,2024-05-16T01:05:51,W004,P00359,TRANSFER_OUT,-34,174360c5-d3ea-4f68-a544-68e0732f895c
IM00006632,2024-06-24T00:43:09,W007,P00018,RECEIPT,13,4e35f6b2-6886-40df-84e1-ba7ea164afe8
IM00006633,2024-02-27T17:03:38,W009,P00193,SHIP,-31,2838cd86-bdde-4018-83a9-69420003d508
IM00006634,2024-01-15T22:31:25,W016,P00382,TRANSFER_OUT,-24,312a59b9-827e-4d58-bebe-83edbf735a79
IM00006635,2024-03-25T10:44:58,W015,P00371,TRANSFER_IN,22,8a9c14aa-5843-45f6-b6be-c4f6f61cfc73
IM00006636,2024-06-14T20:41:55,W007,P00179,SHIP,-45,108ec857-65ee-4131-8cb6-e78343693af5
IM00006637,2025-07-24T16:45:14,W009,P00536,SHIP,-30,290786f4-e60a-4eb7-8066-6597d12e1b65
IM00006638,2025-09-09T06:28:50,W006,P00324,SHIP,-17,8b0cbaaa-10e4-4ca1-8ac5-c3b463508a28
IM00006639,2026-01-29T07:31:41,W012,P00376,TRANSFER_OUT,-11,be72a6f4-efa7-4349-9834-b4a67840a4cb
IM00006640,2024-04-01T04:05:58,W004,P00105,TRANSFER_IN,30,d8f06bec-2d49-49af-8528-69f5fde6652a
IM00006641,2024-02-23T06:03:01,W002,P00301,TRANSFER_OUT,-16,9f437992-d72f-4850-a1db-6dd09b2827c2
IM00006642,2025-10-29T08:51:09,W002,P00311,SHIP,-35,3b6c0944-0288-41aa-8948-63a81982ac3b
IM00006643,2024-12-04T15:18:38,W001,P00061,TRANSFER_OUT,-39,f2ed68ff-c739-41f2-b996-a6c30885d84b
IM00006644,2025-05-15T03:53:44,W011,P00422,SHIP,-29,f7efe23e-f19e-4af7-b97c-0084a33a13d5
IM00006645,2024-01-07T18:27:35,W010,P00337,TRANSFER_OUT,-23,e2894cdf-02c6-4ead-b0d7-83053da6e87f
IM00006646,2025-06-07T12:34:32,W016,P00378,ADJUSTMENT,17,5b9564df-5a6b-47ea-b209-2258effa6d72
IM00006647,2024-02-13T06:45:56,W006,P00592,TRANSFER_IN,10,476191fb-9bcf-4c25-959a-7290c68a0d31
IM00006648,2025-02-05T10:43:11,W005,P00460,TRANSFER_IN,31,87df79f6-4378-4865-b363-e12b88746a30
IM00006649,2025-09-22T17:19:30,W014,P00448,ADJUSTMENT,4,646d69c5-05c8-4f3c-a1dd-d6b46adca32a
IM00006650,2024-09-28T12:24:47,W005,P00201,ADJUSTMENT,18,75a113bb-c83c-49fc-9baa-13a2cc73b341
IM00006651,2025-09-24T00:08:50,W011,P00023,ADJUSTMENT,31,1b5bbfb1-04a5-4fc4-a2b4-c502e15d9158
IM00006652,2024-08-29T12:33:57,W013,P00170,SHIP,-1,c8f89404-baca-46ac-ab25-d6cddbe4cb9a
IM00006653,2025-04-27T11:34:16,W007,P00398,RECEIPT,42,f6e0da51-8dd2-4a3b-8093-389ffd7dc06d
IM00006654,2024-12-20T18:46:10,W002,P00180,TRANSFER_IN,4,687304ba-993c-4f01-b46b-1e6b5e0bf2b4
IM00006655,2024-11-09T14:19:21,W015,P00105,RECEIPT,11,6e2a58f2-ef32-46d7-95b4-76a9ec0f8e93
IM00006656,2024-03-31T00:12:51,W013,P00501,TRANSFER_IN,48,2c14b3f1-6a9b-49d9-bb85-2b391f29f476
IM00006657,2024-11-22T02:04:50,W008,P00068,RECEIPT,30,093dea8d-bef5-4694-8f85-e460c2d247e9
IM00006658,2025-12-17T18:41:00,W003,P00460,ADJUSTMENT,1,cff80a7c-2f65-4182-b2bf-9df29c0ddbde
IM00006659,2024-08-08T17:13:32,W008,P00401,SHIP,-13,724a016d-9277-4afb-bbbe-85c4c1b0697f
IM00006660,2025-07-28T18:21:04,W006,P00345,TRANSFER_OUT,-27,c3eb93d0-f6f4-4638-9bca-49c8474a06f5
IM00006661,2025-02-23T17:12:21,W005,P00220,TRANSFER_OUT,-34,39a8e1da-111d-4f37-ba0d-c7a46d3c8436
IM00006662,2025-06-21T17:19:15,W008,P00397,TRANSFER_OUT,-3,96935491-0579-4b76-bc3c-8137b1cd7621
IM00006663,2026-01-30T16:31:49,W002,P00545,ADJUSTMENT,29,048f3a0e-9851-4b06-8653-ab054b479696
IM00006664,2024-07-17T16:03:42,W016,P00180,ADJUSTMENT,2,e84474d8-6d11-4b09-ae07-28bafd3ee908
IM00006665,2025-02-22T09:24:37,W007,P00459,ADJUSTMENT,34,32b214d2-5ac9-4ba3-b144-37fdcbff5dfa
IM00006666,2024-11-15T11:50:54,W015,P00511,TRANSFER_OUT,-5,6b1a61e7-85fe-48da-82a7-1dd2db241556
IM00006667,2025-11-26T23:40:07,W007,P00097,RECEIPT,28,f74d153b-fdc8-4058-bab8-c1897e0a13e7
IM00006668,2025-04-14T22:36:02,W015,P00499,RECEIPT,5,fb726240-59df-4f7d-b09f-e9641a171835
IM00006669,2026-01-09T09:07:55,W012,P00036,ADJUSTMENT,33,8c058e62-0179-4426-9c8c-7838302613d8
IM00006670,2024-01-19T12:46:36,W016,P00196,TRANSFER_OUT,-21,18f5749d-2633-4ce0-9def-821ff0b71542
IM00006671,2024-08-15T07:32:58,W008,P00386,TRANSFER_IN,11,94f7b0ad-2581-400f-ba9a-d43ada5813a8
IM00006672,2026-02-03T15:41:29,W009,P00221,SHIP,-10,4d05f22b-0401-4ed3-8175-42e3286359d4
IM00006673,2026-02-28T06:17:56,W017,P00524,ADJUSTMENT,40,bc4c2be4-63a4-400a-8bdf-5c33c6aa91af
IM00006674,2025-10-03T20:23:09,W005,P00458,SHIP,-28,232f864c-903a-4dea-9515-20393dcb1db3
IM00006675,2024-06-14T00:14:54,W013,P00380,TRANSFER_IN,37,b66c9e9f-ab46-4a98-894c-bfc8a674d93e
IM00006676,2024-04-07T12:25:23,W008,P00216,RECEIPT,44,3ed3869f-45e5-4692-af78-f4ffd79aeb87
IM00006677,2024-08-06T22:14:23,W017,P00511,SHIP,-37,0ac60441-7e4e-44b6-ae57-0283a45429c2
IM00006678,2024-06-30T07:06:27,W012,P00027,TRANSFER_IN,15,969e838a-126a-4b5e-8d0c-e546e05ecb13
IM00006679,2025-09-29T18:39:04,W013,P00362,SHIP,-38,04f5c2f7-2611-4d8b-9b48-16d7ae746583
IM00006680,2026-02-12T19:21:31,W005,P00373,TRANSFER_IN,45,5e63688c-e06e-4225-9198-af3bc9eb1b12
IM00006681,2025-12-04T16:30:08,W003,P00184,TRANSFER_OUT,-34,4623885e-f33f-40f0-bafe-f63b5b43fb32
IM00006682,2025-07-15T15:13:16,W015,P00017,ADJUSTMENT,44,7dbee969-c230-468c-a697-ce56638cc066
IM00006683,2024-10-22T00:27:55,W007,P00342,TRANSFER_OUT,-31,f10a2c8f-1584-4111-93ef-4c7cd0b09775
IM00006684,2025-10-26T17:36:40,W016,P00464,TRANSFER_IN,48,8425f540-1bb2-4ad6-a690-e8ec394a5e7a
IM00006685,2025-11-22T12:51:30,W004,P00378,ADJUSTMENT,23,7657050b-17db-43de-a333-59e7630c7130
IM00006686,2025-03-14T06:00:47,W013,P00061,SHIP,-22,a25ea675-6580-4c09-bed6-6d1d1ca8afda
IM00006687,2025-04-19T03:56:15,W017,P00191,RECEIPT,40,97623590-6851-4a59-ae5d-76622d706e42
IM00006688,2025-10-29T09:53:04,W003,P00218,SHIP,-7,b2130495-ae9a-4cf4-b9a0-d8ac1c1916a6
IM00006689,2025-07-16T15:37:18,W003,P00294,SHIP,-42,2fd53531-2e3b-46b8-8f8f-c2a2e6b620dc
IM00006690,2024-01-31T10:10:08,W013,P00557,TRANSFER_IN,13,4250ce7b-cc8d-49c0-81b4-3e437810a9e6
IM00006691,2025-12-06T23:06:49,W011,P00211,TRANSFER_OUT,-18,790e47f7-0374-4c8e-bf57-cf2a25ef7a74
IM00006692,2024-10-30T22:03:01,W002,P00354,RECEIPT,12,38d82aa5-83ac-4c73-ac2b-e2a526539be5
IM00006693,2024-07-12T15:37:25,W010,P00564,ADJUSTMENT,2,27e4bd2b-32f5-4278-ad3d-ebbc5d3fdf40
IM00006694,2024-11-29T05:48:23,W015,P00211,TRANSFER_OUT,-10,9b59a621-8496-4a82-85f1-5e5e39e53d3d
IM00006695,2026-01-01T01:44:56,W007,P00076,RECEIPT,28,0f8270ad-7980-4d61-866b-d8f7b05ae883
IM00006696,2026-02-08T06:41:32,W013,P00595,RECEIPT,12,cf8abee0-b500-48a6-8a46-0bdbc0b70061
IM00006697,2025-09-14T18:41:20,W004,P00474,ADJUSTMENT,20,a13f5844-983b-4f2a-a85b-809246f96a81
IM00006698,2026-02-08T05:55:29,W012,P00414,RECEIPT,24,d3071580-0230-406c-b4e5-e4318fc6a5d1
IM00006699,2024-02-09T12:47:51,W005,P00058,TRANSFER_IN,24,2984af51-beb0-4fac-bf06-d2a80e9470c0
IM00006700,2025-08-09T16:46:08,W002,P00414,TRANSFER_OUT,-41,696eb621-9a57-429c-a41c-5d23c2cadc6e
IM00006701,2024-07-14T13:17:58,W004,P00369,SHIP,-23,a704150a-2fbb-4c01-af5d-57b2c6fc7905
IM00006702,2024-12-08T10:14:04,W012,P00316,TRANSFER_OUT,-25,d3ce6234-7bea-491d-b86a-d5ceafb446ad
IM00006703,2024-04-21T04:47:56,W014,P00044,RECEIPT,1,4cec1c9f-ef00-4412-9446-4b85a292eb84
IM00006704,2024-05-19T19:31:04,W011,P00550,ADJUSTMENT,6,878bdbf2-1d6f-4c0c-a6c1-0389507f568c
IM00006705,2025-10-12T05:22:22,W012,P00222,RECEIPT,42,4eb0a12b-dac8-4628-aa58-7633e5f313b2
IM00006706,2024-11-18T11:32:09,W013,P00213,SHIP,-25,f9557514-6c51-4fe8-86df-0ef69d4603aa
IM00006707,2025-12-24T12:52:15,W010,P00327,RECEIPT,48,dd6e34eb-3749-4628-9326-27303959e97f
IM00006708,2024-02-12T23:20:22,W002,P00303,TRANSFER_OUT,-42,356190fb-a415-4d00-a64c-3a27b104cb72
IM00006709,2025-08-13T03:55:31,W003,P00477,ADJUSTMENT,2,b59b9b77-ad0d-418c-8de5-9a7766bbe19c
IM00006710,2025-10-30T17:24:49,W004,P00141,TRANSFER_OUT,-12,adf45b0b-e9e2-476a-9684-aabdfd001d57
IM00006711,2025-05-14T13:53:35,W003,P00185,TRANSFER_IN,48,8b292434-90f4-447f-810e-9e4203b4f0f5
IM00006712,2025-01-21T08:42:52,W014,P00191,ADJUSTMENT,5,3b7fbb4c-4952-4c85-88e3-7aba4a2dd349
IM00006713,2024-08-05T15:16:42,W017,P00160,ADJUSTMENT,40,e11b8aa3-836d-47a9-ac2f-f512438ecb40
IM00006714,2025-12-21T07:57:54,W007,P00013,RECEIPT,43,1084fc0e-31c0-4064-86db-ff7c7a23f8c6
IM00006715,2025-01-27T00:32:09,W003,P00425,RECEIPT,3,77f603a8-5d2c-4c0c-926e-1fb2a5f9c9fa
IM00006716,2025-02-08T08:42:00,W003,P00395,ADJUSTMENT,12,c56ff871-1118-4963-adc9-6f71a85cd43e
IM00006717,2026-01-25T05:32:54,W015,P00165,ADJUSTMENT,37,e524ce78-e17c-496c-99e5-16f35187a878
IM00006718,2024-01-07T09:57:17,W011,P00459,ADJUSTMENT,21,fad37e08-e102-4b3e-a44b-e80549aacadd
IM00006719,2024-09-09T08:55:32,W001,P00311,RECEIPT,8,4535aa1c-1b0f-483c-a8d5-b6ec289aea8a
IM00006720,2024-11-14T05:19:15,W015,P00246,SHIP,-1,7ee6a71e-2e4b-4dd9-bfe1-85423cccde16
IM00006721,2025-07-19T18:44:43,W009,P00592,TRANSFER_IN,11,3365898a-f92a-43ac-ac4c-e8952f03799b
IM00006722,2025-05-17T05:56:46,W001,P00165,ADJUSTMENT,26,ad5b98b8-7bd7-4668-bdf1-7115b3dfe8d5
IM00006723,2025-07-11T03:44:28,W002,P00088,TRANSFER_OUT,-5,4a1d2116-b9e5-4988-ad6f-4f925fd83ae7
IM00006724,2025-02-27T07:24:47,W014,P00329,SHIP,-13,57d635d8-f6f0-4fb9-ac97-7eaa7c29b610
IM00006725,2024-03-18T23:23:01,W015,P00354,ADJUSTMENT,23,5c87e4cf-2591-400b-9b26-8584c1a3c7ef
IM00006726,2025-08-26T12:07:04,W003,P00381,SHIP,-17,b4c88eb7-3515-4717-afbf-326a10543519
IM00006727,2025-04-27T20:22:54,W017,P00589,RECEIPT,21,70bcc186-9c11-41f2-ac47-edeb2eed5756
IM00006728,2025-05-04T23:25:41,W012,P00570,TRANSFER_IN,3,d5907c2d-2076-460c-b5d2-6a4f6fe2f123
IM00006729,2024-07-11T04:44:54,W011,P00099,RECEIPT,21,258fe318-6fa5-40f0-b462-2544829cbaad
IM00006730,2024-10-28T17:27:34,W009,P00454,TRANSFER_OUT,-18,87bb092e-df3d-4eff-9c84-514b18847dbb
IM00006731,2025-11-28T00:21:03,W016,P00205,TRANSFER_IN,5,ad8394ab-5bc6-4076-9a15-ba0affb88483
IM00006732,2025-11-08T11:51:00,W017,P00596,SHIP,-33,219f4cee-c3c8-4b5e-a6bf-9aecb50a2c84
IM00006733,2024-04-17T23:30:51,W004,P00535,TRANSFER_OUT,-18,afd4a6f6-6342-4c81-b7cf-281815a9a6c8
IM00006734,2024-05-21T12:27:21,W001,P00056,TRANSFER_IN,14,5c780557-0a7f-402c-86bb-a6e2fa46f149
IM00006735,2024-11-18T05:20:42,W004,P00363,TRANSFER_OUT,-2,f3f46684-9caa-472e-baa8-0874d718c1ae
IM00006736,2025-07-30T19:04:49,W004,P00516,SHIP,-33,a9037175-3625-44c2-bcc9-993523d38a6c
IM00006737,2025-04-30T11:25:30,W012,P00166,SHIP,-18,f8feaf2b-8de2-468f-947c-aef1b6d0d476
IM00006738,2024-02-22T17:57:30,W005,P00460,ADJUSTMENT,3,d742eaa9-9885-40d8-8529-0525bb32ff62
IM00006739,2024-09-27T08:59:25,W001,P00199,RECEIPT,7,f76771f9-a002-450e-a8bb-5dad3052e42f
IM00006740,2024-10-30T16:07:56,W009,P00218,ADJUSTMENT,44,6dcd03aa-32f9-4a45-8c4e-143c36b6fd2c
IM00006741,2024-12-02T17:25:31,W009,P00474,RECEIPT,32,2486c8e1-8c55-44a6-823b-e27f48b2af64
IM00006742,2024-06-28T06:36:27,W012,P00317,RECEIPT,16,982d7ac8-efd4-4fb7-872a-90ed7773dabd
IM00006743,2024-07-04T13:42:24,W004,P00046,TRANSFER_OUT,-27,1a831261-e2e4-4fd3-8935-160739289a6d
IM00006744,2026-01-03T20:51:01,W002,P00005,SHIP,-7,032cc44f-9649-42eb-94ac-bbefdca972de
IM00006745,2024-02-27T12:47:34,W003,P00514,SHIP,-10,14308dec-c934-48cc-8c22-a2058f11145e
IM00006746,2024-07-16T17:44:23,W007,P00020,TRANSFER_IN,15,34bfaeae-d234-4f8e-bd51-d4dce262d47e
IM00006747,2024-10-03T07:23:49,W010,P00089,SHIP,-15,31315f77-af59-4e8e-921b-296ee7369941
IM00006748,2024-02-19T10:10:19,W011,P00471,TRANSFER_IN,36,728fefe6-a7bb-4e43-9679-14a311f287e3
IM00006749,2024-12-26T19:42:19,W006,P00177,TRANSFER_OUT,-36,c8b4c294-bdb7-48b8-88ad-b1cb4f5e0fc1
IM00006750,2025-01-31T17:27:49,W016,P00520,TRANSFER_OUT,-35,7072c10c-4140-42c2-9ffc-3028df79ec1f
IM00006751,2025-01-24T00:12:15,W004,P00193,SHIP,-10,0dc2c188-e94e-4b2f-a110-4e48b3b05922
IM00006752,2026-02-14T19:29:27,W007,P00290,TRANSFER_OUT,-30,f3581f0a-c385-44c6-81bd-42ce2a07c123
IM00006753,2025-05-19T13:17:41,W001,P00062,TRANSFER_IN,29,2e8398b1-8cc9-4121-b524-1f855175f64c
IM00006754,2025-05-29T21:12:36,W017,P00464,ADJUSTMENT,37,46a8630b-7eee-4215-afa7-0ed251e2f63d
IM00006755,2025-06-13T11:30:30,W016,P00062,RECEIPT,38,d8da07f0-eff3-4c95-b546-cd3553c74043
IM00006756,2024-03-12T16:48:37,W014,P00594,TRANSFER_OUT,-20,7fcb56ac-a9ca-484d-ae39-c791716473c3
IM00006757,2024-10-29T03:33:18,W013,P00232,ADJUSTMENT,39,5b8af457-2434-4bf7-9761-1c19c413ba7a
IM00006758,2025-06-30T05:38:17,W004,P00549,TRANSFER_OUT,-23,50d61fd4-ad18-4892-82be-49af1f0b084a
IM00006759,2024-07-31T18:00:02,W016,P00218,TRANSFER_IN,8,5aa2e01e-4373-4ed3-8081-e48c375b8ec2
IM00006760,2025-02-26T05:03:17,W002,P00300,RECEIPT,42,79c84bf4-9cd1-4041-88f4-a0a736467111
IM00006761,2025-09-13T14:30:06,W013,P00328,SHIP,-17,c3758480-5b60-405e-9d1b-dbbed26ff58f
IM00006762,2025-08-13T03:36:06,W007,P00174,SHIP,-40,8a0149f4-b08b-4df9-ba65-b97225a8faec
IM00006763,2025-02-09T10:54:21,W016,P00125,RECEIPT,30,5771569a-5040-4608-b5c2-07a54bae1064
IM00006764,2024-12-20T20:04:20,W017,P00566,RECEIPT,25,61a30648-c76e-4119-b41c-2870271dcc37
IM00006765,2025-11-29T15:23:02,W015,P00589,RECEIPT,3,6d94181c-bcab-475e-ad00-b8f76bb838fb
IM00006766,2025-05-26T12:29:48,W012,P00166,TRANSFER_IN,12,e66e5364-182c-4d5b-89e6-c5a87205d8d6
IM00006767,2024-11-04T07:16:17,W010,P00251,ADJUSTMENT,34,171507d6-2feb-4cca-b16e-b85cfd49fe76
IM00006768,2024-05-13T14:06:09,W003,P00138,SHIP,-5,bba9f092-53b4-406d-a47a-dd5a4986c142
IM00006769,2025-06-19T19:08:53,W009,P00297,SHIP,-5,fdd97947-5a83-4fdc-a9e7-a678876a3d47
IM00006770,2024-06-22T02:36:02,W009,P00588,ADJUSTMENT,39,772a435d-1852-44d4-8c4a-adbb2f44b12c
IM00006771,2025-03-16T20:23:08,W009,P00561,SHIP,-34,d221b33e-275e-40c5-9c08-02115432d65e
IM00006772,2024-04-25T23:11:56,W006,P00557,ADJUSTMENT,33,385e598b-dde4-4a84-ba00-aecc30e50d4e
IM00006773,2026-01-20T12:02:29,W010,P00083,SHIP,-14,9dbb0f8e-0ea8-49e2-9b39-414fa6683f78
IM00006774,2025-01-31T21:31:05,W015,P00360,SHIP,-13,3dc484b0-7c4c-4a63-aa6e-101cea09f8f8
IM00006775,2025-09-02T19:47:55,W016,P00267,RECEIPT,31,dbcba12e-1d7a-4b4e-a696-9d8b10bda5e2
IM00006776,2024-11-13T00:34:55,W012,P00226,RECEIPT,47,f676c059-4b27-4b50-a575-93eacf641f2f
IM00006777,2025-08-31T02:05:40,W009,P00377,TRANSFER_OUT,-28,2608ec48-3f8c-488a-a92f-2efb081ae4cf
IM00006778,2024-09-21T13:46:06,W002,P00540,TRANSFER_IN,5,103f9d97-6871-4b55-a561-2b377a8f0245
IM00006779,2024-10-14T07:59:36,W005,P00589,SHIP,-30,7a635952-f0a9-4618-b379-f90c06b212f5
IM00006780,2025-06-16T08:32:14,W009,P00362,TRANSFER_IN,1,013a353e-d82b-492a-95df-c2478f70b9d3
IM00006781,2024-09-16T11:01:26,W009,P00130,RECEIPT,13,2d3055e4-b920-46ef-916f-96805a029d67
IM00006782,2024-11-30T09:58:51,W005,P00116,TRANSFER_OUT,-26,ba4196df-2bd9-4ef4-8b54-8c5adf8bf7b8
IM00006783,2024-01-17T02:20:34,W010,P00367,SHIP,-21,79d0eac3-21c9-430d-b6f9-dfef73eb13f3
IM00006784,2025-01-06T01:51:37,W002,P00354,RECEIPT,39,70aed45c-a7a7-4d3c-960f-037d59880068
IM00006785,2024-04-08T06:19:42,W011,P00012,TRANSFER_IN,28,32866321-e14d-4172-9b79-76d1ddcd237c
IM00006786,2024-05-11T18:25:03,W010,P00418,SHIP,-6,16def126-216c-4947-ad3d-c318d58fd3a5
IM00006787,2024-11-30T03:50:49,W010,P00440,SHIP,-39,b0914d98-e697-46af-afa1-7ed84985cdda
IM00006788,2024-07-23T09:45:19,W010,P00040,RECEIPT,5,c6bb9aec-cc6b-46c7-a042-be68c90e1aef
IM00006789,2024-05-20T07:05:41,W017,P00593,TRANSFER_OUT,-3,c83eb776-2814-4801-9263-e40aa9417dc7
IM00006790,2025-10-31T18:14:55,W002,P00515,ADJUSTMENT,17,10da035d-dfbd-4cd5-82b6-7bdf1ce5a13a
IM00006791,2025-07-31T16:14:56,W001,P00425,RECEIPT,3,106899ec-2bb0-47aa-8c87-79e1c24abf32
IM00006792,2024-04-05T16:27:10,W010,P00191,ADJUSTMENT,42,5c101ec2-9b93-42ee-af87-b740eead9beb
IM00006793,2025-10-01T14:30:02,W007,P00582,TRANSFER_OUT,-48,8c65aea5-9790-4082-992a-b492cc1be646
IM00006794,2025-01-10T07:54:54,W001,P00527,SHIP,-28,8354b8d6-724a-49f2-a401-a9f21a3734a1
IM00006795,2026-02-13T05:55:47,W007,P00082,RECEIPT,35,78f03aa7-f6d9-4e7b-a1fc-52d6d97b53a4
IM00006796,2026-01-12T07:22:58,W004,P00351,RECEIPT,10,dc2a870f-98a6-45a8-8734-95b41ac7ade4
IM00006797,2024-03-03T21:20:53,W006,P00050,TRANSFER_OUT,-29,868dfd06-adb6-4c15-9a3f-e7304e4ae7ee
IM00006798,2024-02-26T20:19:44,W001,P00307,TRANSFER_IN,26,94dcc2aa-63ca-4a74-bc21-d03f7df3a1f0
IM00006799,2024-02-18T14:45:45,W007,P00595,RECEIPT,3,4663fcf2-92d5-461d-8d65-52050132ecb8
IM00006800,2024-06-19T14:45:18,W003,P00560,TRANSFER_IN,30,79876d9e-59e7-4c1a-a130-ad27d0ed33dc
IM00006801,2024-11-21T11:11:56,W002,P00396,TRANSFER_OUT,-1,e94d078f-59f2-40cf-9abd-bbd8d26939c6
IM00006802,2024-05-28T04:07:40,W016,P00540,TRANSFER_IN,8,e0561b33-e3ae-4596-ae3a-20fea3500234
IM00006803,2026-03-01T13:18:06,W001,P00241,RECEIPT,48,9a985e35-c17f-4b0f-abb3-fc4d2de653c3
IM00006804,2025-12-29T18:20:53,W004,P00124,SHIP,-5,0b9b98f7-c8c3-4802-9e9b-1263767caa4e
IM00006805,2025-09-18T07:05:00,W012,P00586,ADJUSTMENT,4,32d2e5cc-d6dc-4b1d-a724-88c3bcc5c9ad
IM00006806,2025-12-31T16:28:32,W001,P00455,TRANSFER_IN,20,ae339043-d39d-42be-8b48-01774ef8c2fa
IM00006807,2025-10-23T00:01:29,W006,P00343,RECEIPT,38,44bfb7d9-30bb-4104-a68e-504e1f6aca53
IM00006808,2025-07-10T09:07:49,W016,P00031,TRANSFER_IN,5,f8c7468a-0c4d-4b3f-b4fc-4dcc1c2e7b4c
IM00006809,2025-07-13T05:00:29,W016,P00341,TRANSFER_OUT,-22,04855c2b-01a7-4d48-9730-01c5ad8d1c16
IM00006810,2024-05-01T18:04:38,W007,P00551,TRANSFER_OUT,-10,e6e6b07d-65d6-49fe-8dbb-0113d385c3d5
IM00006811,2025-11-09T02:02:44,W017,P00394,RECEIPT,19,cfc926d7-0a21-4d95-a3a9-e709b8c396a0
IM00006812,2026-01-13T18:56:58,W016,P00155,SHIP,-49,35882c16-5cc7-478d-87dc-afa8ca2fc94a
IM00006813,2025-06-28T18:09:14,W005,P00523,TRANSFER_OUT,-45,7395a9fc-391f-43f8-ad25-b8eb48eb7da5
IM00006814,2024-05-23T09:34:12,W003,P00134,TRANSFER_OUT,-28,0e954464-6f93-4059-8e5f-65c95a1c67e1
IM00006815,2026-01-03T04:06:07,W013,P00134,TRANSFER_OUT,-30,222fe9cc-011c-4899-bec8-32d5109b7873
IM00006816,2024-12-02T08:37:46,W008,P00338,ADJUSTMENT,38,e9e67505-b828-44e0-9a2a-94074dbaa4df
IM00006817,2025-11-05T22:59:11,W005,P00074,ADJUSTMENT,26,80df588a-8e1a-4dd8-86ce-02378f91242d
IM00006818,2025-08-02T13:53:52,W009,P00265,RECEIPT,12,59fa161b-8c2e-47c5-81fe-9bed10bc4e82
IM00006819,2025-06-20T16:50:37,W015,P00462,ADJUSTMENT,8,164f88b6-e7dd-4655-9fd5-4427faca6851
IM00006820,2025-01-07T06:50:18,W014,P00402,ADJUSTMENT,46,96fee3c4-be69-4bf8-9746-4be6de8a0d63
IM00006821,2024-10-29T18:33:13,W004,P00549,TRANSFER_IN,45,7c47690b-4ca2-49fe-ada3-3c2bbb1a9a2e
IM00006822,2025-03-09T17:54:17,W010,P00029,TRANSFER_IN,26,049bfa03-639b-4e4f-84c7-7cd78f85622b
IM00006823,2025-03-17T17:16:20,W013,P00106,RECEIPT,7,66f47bc1-a665-4a5b-8c9a-0f63c3d9e174
IM00006824,2025-11-01T22:55:56,W004,P00388,ADJUSTMENT,6,97a4782b-8094-4c31-aade-01824e56c8ba
IM00006825,2025-03-27T02:53:34,W002,P00033,SHIP,-1,d8eac7d0-5bd1-46fd-ae8b-1457777aaad7
IM00006826,2024-10-23T22:02:24,W002,P00104,SHIP,-14,43b22047-e883-4d41-b023-76c28626eb73
IM00006827,2024-05-09T08:51:57,W007,P00298,TRANSFER_OUT,-18,7faa045e-5cc5-476e-a2e9-6f0d7988d085
IM00006828,2025-10-10T14:18:41,W009,P00554,RECEIPT,8,6396bd99-82db-4f35-a28f-afd1ead7bb79
IM00006829,2024-01-27T11:46:19,W015,P00209,RECEIPT,2,8eba7925-9382-498e-8ee3-8fbd99dbdd11
IM00006830,2024-10-14T11:50:40,W005,P00387,TRANSFER_OUT,-3,dafc511d-6078-4334-a31e-8f7dd3b694d2
IM00006831,2024-08-19T16:33:24,W013,P00418,ADJUSTMENT,5,e0dace8b-a14c-4e59-ad6f-ee4f6b86226b
IM00006832,2025-05-31T20:56:13,W005,P00471,TRANSFER_OUT,-22,a8bcc63b-08cf-4cf3-b36f-ceb702976e12
IM00006833,2025-01-01T03:27:34,W005,P00499,TRANSFER_IN,24,ef1b30c4-3aa9-4c16-a43c-e10da6916a18
IM00006834,2025-06-25T11:24:41,W017,P00178,TRANSFER_IN,16,eaea04d3-9b61-4c0d-ab95-ce27ce1f903c
IM00006835,2024-03-14T23:15:24,W002,P00570,ADJUSTMENT,24,d6cdea5e-6a05-427c-889f-25e092dc079a
IM00006836,2024-10-31T07:44:35,W013,P00066,TRANSFER_IN,37,af84ead6-3ccd-4273-9959-7cfbdf82f2dc
IM00006837,2026-01-07T19:07:25,W011,P00094,ADJUSTMENT,30,d14807fe-9bfc-4ae4-a863-d6e7aab44596
IM00006838,2025-01-15T23:02:03,W006,P00257,ADJUSTMENT,30,2a783a61-8a16-46ae-9230-372b27f8041c
IM00006839,2024-07-30T00:29:53,W012,P00419,SHIP,-47,1649ffc6-df6d-46b2-ba07-5cbbb2501f98
IM00006840,2025-06-04T17:25:41,W009,P00582,RECEIPT,47,34efa641-5f75-4c47-9c49-3bb9b689d757
IM00006841,2025-05-25T19:55:47,W012,P00470,TRANSFER_IN,36,808f5c54-70ed-48ca-996d-84d3ccc120d2
IM00006842,2024-02-28T02:13:02,W003,P00574,ADJUSTMENT,46,52f5503d-11ec-4143-8402-8f9cf8ba6f75
IM00006843,2025-02-10T15:41:31,W017,P00230,TRANSFER_OUT,-39,8f2ec9e9-fc70-46e0-9a4d-2ee9c22c0b66
IM00006844,2025-08-27T02:31:14,W004,P00239,ADJUSTMENT,7,90cb7c66-a206-4975-9116-bc66c7e7dbe2
IM00006845,2025-07-25T20:19:59,W016,P00526,ADJUSTMENT,36,db8e974c-a9f5-4a14-8c06-a08e88bac9ff
IM00006846,2025-12-22T22:12:58,W017,P00531,RECEIPT,38,62d366f0-314d-4f9d-ac87-a1dd03650b95
IM00006847,2026-01-28T14:25:47,W013,P00304,TRANSFER_IN,27,cfd7492d-48fa-448f-b8e6-4aa355575ed1
IM00006848,2025-02-26T05:22:42,W007,P00290,TRANSFER_IN,41,93d14173-7aff-4089-b358-c3dce6de3329
IM00006849,2025-01-09T18:34:42,W015,P00461,ADJUSTMENT,17,997feef4-0ebe-4480-8ce2-39107e454f89
IM00006850,2024-01-10T03:26:31,W015,P00166,RECEIPT,18,68109a6b-311b-4908-9b87-92dd7a886b6b
IM00006851,2024-10-26T05:16:44,W014,P00253,SHIP,-34,bba9c236-c98b-47ce-8835-03e47b00ee8d
IM00006852,2025-04-09T12:53:41,W008,P00488,TRANSFER_OUT,-39,eb63949b-4240-4743-b687-0856fb150849
IM00006853,2024-09-05T15:43:45,W006,P00298,TRANSFER_IN,42,209e6202-eaea-4733-8587-823b6a159ff7
IM00006854,2026-02-05T05:28:07,W005,P00087,ADJUSTMENT,13,b127077e-3001-450c-8c09-7943217f5d64
IM00006855,2024-11-06T12:53:19,W015,P00136,ADJUSTMENT,47,8e4f5940-6d32-4249-b0b2-3eaa9e00ee43
IM00006856,2025-02-09T18:14:24,W010,P00517,TRANSFER_OUT,-44,9e6afde9-2132-4f9b-915e-fcbb847a7350
IM00006857,2025-05-11T18:46:46,W011,P00371,TRANSFER_OUT,-25,0b3ebc7a-c3f0-48ef-afcb-4ba6280ae552
IM00006858,2025-09-18T09:06:20,W004,P00135,ADJUSTMENT,19,c4a9325a-23c4-4ac7-a049-49db47904130
IM00006859,2025-05-15T08:21:14,W015,P00392,SHIP,-9,2eb223d6-588c-4e9e-a750-77c06a29fef9
IM00006860,2024-04-10T23:46:32,W013,P00360,ADJUSTMENT,10,bee1e9c7-7c74-4bcf-9390-52969a5a8c22
IM00006861,2024-06-25T05:30:53,W014,P00329,ADJUSTMENT,7,4c152e6d-7282-4e32-b4e3-43c7908406f6
IM00006862,2025-03-25T15:43:21,W013,P00564,RECEIPT,19,bb74644d-98ed-4fea-b7f9-942aac4ea8b0
IM00006863,2024-07-05T15:42:23,W008,P00293,ADJUSTMENT,12,401b179f-6338-4ed9-96f8-f7d33a774084
IM00006864,2024-09-26T09:13:26,W005,P00033,TRANSFER_OUT,-4,8c1a7a91-ff45-4f36-971f-b6e6909d2910
IM00006865,2025-05-27T08:45:10,W002,P00174,ADJUSTMENT,3,a3cffe04-1621-4732-bd1f-5e85e765fc2d
IM00006866,2024-07-27T09:57:11,W007,P00026,ADJUSTMENT,40,0a6389a0-2bb5-4715-8ab0-cd842bcad13c
IM00006867,2024-02-12T01:43:53,W007,P00437,SHIP,-32,c802cfb8-8290-42d6-8c73-0e7fc18e6d5e
IM00006868,2026-01-31T06:05:15,W015,P00493,TRANSFER_OUT,-23,73ad1772-872d-4fae-ad26-177ccaada4c0
IM00006869,2025-07-28T12:56:07,W015,P00585,RECEIPT,40,24038438-538c-45a5-9aaa-74668a65778a
IM00006870,2025-11-06T10:07:17,W001,P00207,TRANSFER_OUT,-5,d6e1959c-e2b4-4863-bad0-d001aa1dbb89
IM00006871,2024-11-05T23:33:49,W017,P00453,ADJUSTMENT,37,7508e30a-9766-4d3b-ad5e-0c89ac6de5d8
IM00006872,2024-04-29T17:06:07,W011,P00406,TRANSFER_OUT,-9,28cf47ce-e56a-4408-b093-1b280c6484bf
IM00006873,2024-10-22T14:42:16,W004,P00469,ADJUSTMENT,21,1004b71a-9ec7-4a5c-bfe2-b94b32a03ee0
IM00006874,2025-07-25T21:52:27,W013,P00589,TRANSFER_OUT,-1,f7effb49-2c1b-4ee5-9556-3f3470068ace
IM00006875,2025-09-18T04:02:06,W002,P00322,TRANSFER_IN,43,038d57d2-5b5e-4f5a-acd9-e00edc92769a
IM00006876,2025-12-22T04:56:06,W010,P00528,ADJUSTMENT,6,66507bf1-e1ff-40c9-a120-2c0f18e4617f
IM00006877,2025-05-31T19:33:28,W005,P00155,RECEIPT,24,9992ad54-f438-4d1c-ab37-71dcd429637e
IM00006878,2025-04-30T09:21:49,W005,P00074,RECEIPT,22,63e8feb1-0d33-4521-a6f6-42652fce668d
IM00006879,2024-05-02T08:28:18,W014,P00071,ADJUSTMENT,3,6f3c8f09-dab9-4003-bac2-7ae83657271e
IM00006880,2024-08-17T06:29:33,W016,P00265,RECEIPT,27,c0565139-9386-4fcb-9914-35c51e28c8c8
IM00006881,2024-01-13T19:08:06,W001,P00266,SHIP,-35,3fc63437-67b1-4110-ae3f-42ecfd6be1c0
IM00006882,2025-04-14T23:00:41,W002,P00586,ADJUSTMENT,29,0a6b7f56-d610-41a5-ab9a-360f7b6009e6
IM00006883,2025-11-10T05:05:31,W015,P00305,TRANSFER_OUT,-8,58afb961-2269-4bec-9679-814d7ac4bb86
IM00006884,2024-09-30T07:23:46,W008,P00228,ADJUSTMENT,47,946c3c1b-6d60-4408-a6d7-77ebb7cc2d19
IM00006885,2024-12-20T16:06:43,W013,P00423,TRANSFER_IN,40,b8ff8c15-e2b7-442c-8e07-fdce0431bf50
IM00006886,2026-02-12T04:33:29,W012,P00470,TRANSFER_OUT,-49,ca51b65d-9ad5-485e-b2b5-c41210f19b8c
IM00006887,2026-02-06T23:26:57,W014,P00068,SHIP,-24,f16da0fb-4468-4cd4-aad5-b65569c88f06
IM00006888,2025-08-02T01:27:28,W017,P00477,RECEIPT,19,ca8c300c-b6ad-4912-841c-c692cf5fa2eb
IM00006889,2025-09-01T06:51:04,W004,P00012,RECEIPT,21,daabb3b3-71b3-4370-bdea-dfd272f7c1ad
IM00006890,2024-05-05T05:32:15,W014,P00469,RECEIPT,3,b6a3ec27-9837-446b-96d5-cfd96ec07914
IM00006891,2025-03-31T20:40:36,W007,P00548,TRANSFER_IN,21,84a9e74b-e281-42fc-9595-36b2dd23202c
IM00006892,2024-06-02T10:47:29,W008,P00341,SHIP,-37,8d3f3f5b-f1c3-4347-904d-d88b4282dda4
IM00006893,2024-03-29T21:17:08,W001,P00174,SHIP,-12,a8739139-5ac1-4f44-a046-3f238ca380bb
IM00006894,2024-09-01T08:05:32,W011,P00053,TRANSFER_IN,25,49a0921e-eed0-4ead-95aa-7e4d1139860f
IM00006895,2024-02-28T14:33:14,W017,P00111,RECEIPT,47,a69b62aa-9351-4a3b-8e6b-cdff849dd181
IM00006896,2025-01-22T19:37:39,W002,P00010,SHIP,-9,4ae533a1-6b89-489a-bdca-acef46f111d1
IM00006897,2024-08-31T11:18:47,W013,P00386,TRANSFER_IN,10,5dd09f66-31bb-42bd-9894-9fef5bc8d761
IM00006898,2026-01-27T10:53:50,W013,P00307,TRANSFER_IN,27,1cc8e0f3-ba7c-4900-acf0-182586966737
IM00006899,2026-01-12T10:24:23,W002,P00446,TRANSFER_OUT,-45,78c22f6e-8514-4fe5-a841-615468d8260f
IM00006900,2024-05-25T01:16:07,W010,P00080,TRANSFER_IN,33,4784d1fe-b726-41e0-8068-a61ac808441a
IM00006901,2024-05-14T10:05:32,W006,P00384,RECEIPT,39,54df645c-c1c9-4456-b031-3db1cc297fa6
IM00006902,2025-06-30T15:09:10,W001,P00001,RECEIPT,27,12f8abfd-3e51-4fbb-ac9d-fe0fbc3bcc0c
IM00006903,2025-10-06T00:19:38,W010,P00427,ADJUSTMENT,38,c4f4abff-b398-42b6-ab7a-d2f51d306344
IM00006904,2024-11-03T10:17:16,W005,P00527,TRANSFER_OUT,-17,d7be34fa-f9ae-4918-bcb6-eb0a06cfb0f7
IM00006905,2024-01-02T18:24:07,W003,P00015,SHIP,-41,ece3d680-bd9f-4efc-91a1-e4f4d4899691
IM00006906,2025-09-19T07:46:18,W013,P00314,ADJUSTMENT,36,7eaef44c-84f8-431d-b07a-6ef838eeb771
IM00006907,2024-04-07T20:26:58,W003,P00340,TRANSFER_IN,19,48c16f2c-f77d-40cc-99be-1bd65a1ea0bd
IM00006908,2025-08-28T19:52:37,W008,P00119,TRANSFER_OUT,-3,9c8bc4e6-a338-40fc-93af-07dd81dbb88f
IM00006909,2024-09-07T02:47:34,W005,P00425,TRANSFER_OUT,-36,0645c481-2201-4e42-8640-2b8a6ab3ea74
IM00006910,2024-08-12T02:09:20,W010,P00418,RECEIPT,38,9f78f43c-89fa-494b-84d1-1ea3001fa849
IM00006911,2024-09-15T11:33:17,W002,P00439,RECEIPT,5,a7436617-fdb3-4d38-a250-426c458cff59
IM00006912,2025-04-05T05:39:04,W001,P00559,TRANSFER_IN,40,300b133a-1d75-4ca1-aa2a-8f5037c9ccbb
IM00006913,2025-06-22T11:30:25,W002,P00523,ADJUSTMENT,38,d53d3ddb-793a-4827-9dcb-6811f5c4093d
IM00006914,2024-03-06T23:57:11,W017,P00478,TRANSFER_OUT,-5,56071496-8df7-4078-85e6-50c9e699c83b
IM00006915,2024-02-09T12:51:19,W003,P00008,SHIP,-29,55373a37-59a2-468a-be09-f63a3b9f6931
IM00006916,2025-01-03T17:51:47,W010,P00084,TRANSFER_IN,38,ac4ff164-2237-4bb4-a8f1-647bc7760204
IM00006917,2026-02-10T00:30:01,W013,P00382,ADJUSTMENT,48,d086dbfc-0b6e-4bca-81a5-7678779391ea
IM00006918,2024-11-27T05:29:54,W003,P00597,RECEIPT,26,1b7885fa-8695-413e-891b-5cf9fb063642
IM00006919,2025-09-30T21:43:43,W002,P00290,RECEIPT,45,b86a2bb2-4202-4f7a-935e-3543a6bf8051
IM00006920,2025-09-08T00:17:09,W006,P00123,SHIP,-32,57c3f9c4-8fd7-4635-9d67-d9af3f346f92
IM00006921,2025-06-29T01:25:40,W009,P00007,ADJUSTMENT,3,fb95f9b3-6853-4b36-8e10-57101dd2984e
IM00006922,2025-02-27T02:17:52,W010,P00237,SHIP,-46,0fc8a4e7-430f-4e8b-9eb6-d9f69ae78d9a
IM00006923,2024-06-06T13:42:28,W016,P00058,TRANSFER_OUT,-48,ee3ab2ab-3822-45b0-a663-d6b183f68416
IM00006924,2025-01-10T19:55:02,W001,P00389,RECEIPT,18,cbbfaf8a-337f-4712-9cf5-22468260bb90
IM00006925,2025-02-20T09:05:05,W006,P00089,TRANSFER_IN,17,9ec0329d-cf4d-4712-ac44-1983d7f00ac0
IM00006926,2024-01-07T06:22:09,W017,P00172,SHIP,-48,3af0aa9b-e2f6-4a47-8b25-82effa0d2b5b
IM00006927,2025-12-10T05:57:10,W004,P00553,SHIP,-36,494a21ea-f533-467a-99e5-e6be6a177730
IM00006928,2024-09-13T18:04:28,W017,P00263,TRANSFER_OUT,-7,5528a11d-9b82-4666-9ebb-dcf2d77f4b27
IM00006929,2025-11-18T06:12:55,W009,P00509,RECEIPT,33,dcd8f8c3-b7a0-4c65-8093-c51b1737f141
IM00006930,2025-08-07T13:48:22,W010,P00177,SHIP,-41,8a5135fd-26e4-4f02-bb4a-40ce663693bd
IM00006931,2024-12-07T13:50:54,W013,P00067,RECEIPT,44,85c09e7c-b19f-443b-ad10-94afacfc6ac9
IM00006932,2024-12-20T02:33:46,W017,P00034,RECEIPT,31,5b7912bc-b4aa-40b0-bdfc-9b379e2c0428
IM00006933,2025-12-07T14:20:12,W002,P00389,ADJUSTMENT,3,b395cd62-a88b-4f6b-baa6-40a2d0946b73
IM00006934,2024-04-02T11:55:28,W006,P00303,ADJUSTMENT,4,fb94fb3e-2613-4a78-b910-beb2c4d6ead3
IM00006935,2025-06-25T01:43:08,W002,P00271,SHIP,-9,9903b545-e739-4ce0-98ae-8c96af06d670
IM00006936,2025-02-27T16:06:59,W010,P00405,TRANSFER_OUT,-23,76751ba5-4b2d-40b5-b9a1-121ca50e37ca
IM00006937,2024-06-09T16:50:12,W001,P00357,TRANSFER_OUT,-44,8b5a08e1-16e4-43c1-a6e2-aa48cff8309a
IM00006938,2026-01-25T21:23:12,W017,P00048,SHIP,-36,0a982715-8a02-41e8-8a92-5d908cde24d3
IM00006939,2024-01-30T19:38:37,W013,P00574,SHIP,-32,d7409b62-d649-4a8c-9e0c-5e943ac2df31
IM00006940,2025-07-21T12:03:15,W004,P00520,TRANSFER_OUT,-44,c97b9973-3a17-4834-ac37-0751fd1cc022
IM00006941,2025-06-06T06:01:42,W012,P00410,TRANSFER_OUT,-32,13a8ad1c-618d-46a3-934b-421b882aed93
IM00006942,2025-04-25T17:41:57,W006,P00303,ADJUSTMENT,26,6df2f298-d293-4dcf-babb-8ae8c4f61e99
IM00006943,2025-03-28T01:52:35,W004,P00015,ADJUSTMENT,45,14fcad1d-c5ab-4d34-acf3-bf9bbd71397b
IM00006944,2024-11-19T16:16:36,W005,P00155,TRANSFER_OUT,-21,5115be3b-4f4d-4f1b-af57-5cfc53cf1a66
IM00006945,2024-09-20T22:43:56,W014,P00006,TRANSFER_OUT,-23,a5fd07ae-3eb0-46b6-a58e-05d81fe904a6
IM00006946,2025-05-26T12:26:47,W017,P00477,RECEIPT,18,10e89c07-ef16-45a9-9d84-6c2934f859e6
IM00006947,2026-02-18T03:24:04,W011,P00240,TRANSFER_IN,5,6d55cc11-695f-4dea-840b-e90e523c6383
IM00006948,2026-01-21T10:47:34,W006,P00229,SHIP,-48,5c3f60ab-17da-46f4-b0b8-1cf7e443399e
IM00006949,2025-05-17T02:17:01,W007,P00365,SHIP,-16,093931cb-508d-46a0-8052-7410fdd37bc9
IM00006950,2025-05-15T13:50:50,W007,P00019,SHIP,-42,4a685ea6-8134-42e0-b9cb-f87fdc8529a3
IM00006951,2024-08-06T01:45:39,W003,P00228,RECEIPT,47,85d6a470-0023-43ba-9432-95fa7c66492a
IM00006952,2025-12-10T16:15:14,W004,P00403,ADJUSTMENT,18,def685a7-3ea0-48af-ba9a-b1c9755a4006
IM00006953,2025-08-22T18:09:21,W015,P00058,TRANSFER_IN,16,113deed3-752f-4e08-9df6-6ab9b8002882
IM00006954,2024-08-06T17:16:54,W005,P00362,ADJUSTMENT,22,43801d08-953c-4e9a-94b7-533d31e317e9
IM00006955,2025-04-12T15:37:21,W013,P00425,TRANSFER_OUT,-4,d3580795-9d0b-4eb6-bb26-b80292c0374e
IM00006956,2025-08-16T16:38:36,W007,P00238,RECEIPT,10,593bb3f8-26f4-4cdc-8582-d778873e8db7
IM00006957,2024-02-24T00:28:51,W016,P00143,RECEIPT,21,a0249c9c-aa82-4418-a38c-e61a61413d2b
IM00006958,2025-06-24T05:35:18,W007,P00306,RECEIPT,39,c3b90678-a5aa-455b-9581-72ba983d8343
IM00006959,2024-11-30T02:36:58,W001,P00036,ADJUSTMENT,37,bb95900c-2a5d-4814-b678-ec199bdc28cf
IM00006960,2024-04-20T10:40:27,W014,P00390,TRANSFER_IN,19,42a077a2-828f-4329-8637-e644dc9604ac
IM00006961,2024-02-21T00:17:16,W004,P00456,TRANSFER_IN,12,6553560c-ee61-4231-b33d-e920a54cd571
IM00006962,2025-02-09T11:32:28,W005,P00490,RECEIPT,18,c1c1afbe-f3ae-483d-acf2-30826cb35e6b
IM00006963,2024-03-06T18:13:57,W005,P00506,ADJUSTMENT,12,c4c288e9-75bb-4d3b-8ad0-bbcb1c19cd1f
IM00006964,2025-04-01T03:23:46,W010,P00126,SHIP,-7,4c97b86f-af54-4654-b448-7d176223ccc1
IM00006965,2024-09-27T15:29:28,W016,P00059,ADJUSTMENT,38,fc4c7951-d30c-4c4b-9749-2b3045b0dd57
IM00006966,2025-10-02T10:18:17,W002,P00288,ADJUSTMENT,36,6b779f92-673a-4c75-b6a5-6ea7bd9f6c4a
IM00006967,2024-03-23T05:14:34,W012,P00138,RECEIPT,32,fe96a976-0a85-4291-aaf5-a346c2c8455d
IM00006968,2025-09-14T18:32:08,W002,P00366,TRANSFER_IN,49,eb430996-5f82-459d-817d-e755c65efcc9
IM00006969,2025-05-31T22:38:20,W011,P00550,ADJUSTMENT,6,eb9b6f99-9f6a-4367-88aa-d780f77fdc1d
IM00006970,2024-11-06T02:48:40,W003,P00001,RECEIPT,1,395374a3-ff4f-44e7-90db-8f8802a6242c
IM00006971,2025-08-09T11:47:46,W006,P00310,TRANSFER_OUT,-41,61ce683d-4e66-46a4-861e-fb6dfd4ef4d9
IM00006972,2025-10-07T23:00:50,W005,P00371,ADJUSTMENT,27,fd96df18-c85b-47d2-97e4-e0ee229d8919
IM00006973,2026-01-25T17:03:03,W016,P00061,TRANSFER_IN,11,0469744b-f19f-470e-8772-a503ae2f2d0e
IM00006974,2024-03-18T11:05:29,W013,P00575,TRANSFER_IN,5,e604d7fa-a0ea-4e95-a337-9f72d9139c55
IM00006975,2024-10-05T09:53:35,W002,P00355,SHIP,-43,26c77826-9e73-4e23-a9b6-68ee5f95a433
IM00006976,2024-08-05T13:43:41,W015,P00307,TRANSFER_IN,47,0bb6d58f-39f9-442b-a5f9-217cc4a5c72f
IM00006977,2024-11-26T16:14:52,W002,P00243,TRANSFER_OUT,-45,4ce7892f-9fab-411a-a449-243993f1d422
IM00006978,2024-02-01T23:49:41,W004,P00048,RECEIPT,31,4f4330b2-8673-4218-9e2e-75bd680f44ad
IM00006979,2024-04-08T20:52:19,W015,P00136,TRANSFER_IN,7,fba14b1d-8230-4eee-bb4d-39fa5b60cfe1
IM00006980,2025-08-25T21:51:14,W008,P00161,RECEIPT,31,046da1d7-cf8a-44a6-96c8-7049370c7f79
IM00006981,2025-03-19T23:47:18,W015,P00060,TRANSFER_IN,24,dd2d518a-5002-4910-959f-76eecc8811aa
IM00006982,2025-10-18T18:32:00,W010,P00296,TRANSFER_IN,26,3105b263-a2f1-4d04-bd33-cd3436bfb2d8
IM00006983,2025-07-28T20:29:52,W014,P00124,SHIP,-12,b7edf1a8-b092-48d9-8cf9-bc2bf4bbae5a
IM00006984,2025-04-01T11:19:18,W014,P00457,ADJUSTMENT,30,06e62e7b-5824-4a0f-9bbc-1ad82b46552f
IM00006985,2024-01-17T10:03:31,W006,P00497,ADJUSTMENT,21,088e5e39-a818-469d-8037-62f55ce6d66e
IM00006986,2024-03-13T11:09:45,W002,P00384,ADJUSTMENT,30,480fa4f6-88c6-4695-b9d6-8aedff5728fe
IM00006987,2024-08-13T00:11:46,W005,P00098,RECEIPT,13,1fdf29d3-9d3e-4371-8e8d-43d4d8d722ea
IM00006988,2025-06-27T12:25:50,W013,P00023,ADJUSTMENT,7,16d63f81-333e-4580-99e5-7c0c4289b236
IM00006989,2026-01-08T21:13:01,W006,P00130,ADJUSTMENT,16,cd5ff11c-b1a1-4842-9464-9194290f07c3
IM00006990,2025-09-20T22:41:28,W008,P00210,RECEIPT,12,b1a18f58-aeed-4801-be0c-2ae0d4bb7c8d
IM00006991,2024-08-20T15:55:20,W017,P00358,TRANSFER_IN,18,b572ff73-2fe1-4895-b0a1-43a34abe507a
IM00006992,2025-08-14T12:13:44,W006,P00216,ADJUSTMENT,43,c9127790-0533-4a5b-8975-a9d346391f25
IM00006993,2025-09-15T10:50:24,W017,P00264,ADJUSTMENT,43,0be9aaa6-f1e8-4a94-a932-4fb6fb4fc118
IM00006994,2026-01-13T11:56:50,W015,P00221,RECEIPT,24,10688e31-6194-42a4-a7a8-800edb9bf505
IM00006995,2024-10-13T06:17:27,W009,P00077,TRANSFER_IN,12,de06d373-0283-4d39-9584-befd8d45e9f8
IM00006996,2024-03-07T05:27:16,W015,P00508,ADJUSTMENT,42,f70c33d7-7ad9-4939-be2a-bc90384af990
IM00006997,2024-04-13T00:35:16,W003,P00141,TRANSFER_IN,47,f1247af4-59fb-4ea8-bdf2-eabc4c91f63c
IM00006998,2025-01-28T12:35:44,W003,P00393,ADJUSTMENT,22,6c5ca54c-2bf2-414a-b5d0-b8614bd51672
IM00006999,2025-01-03T13:11:26,W015,P00149,SHIP,-22,2ff3195f-8808-433e-b403-90dc6cd337cf
IM00007000,2024-11-09T20:38:02,W002,P00026,TRANSFER_IN,9,0c93f950-1306-45c9-81b2-6c816c8afb54
IM00007001,2026-02-27T11:33:51,W002,P00144,TRANSFER_OUT,-39,6758ce2c-8413-426d-9797-0959339d53c9
IM00007002,2024-11-26T20:57:26,W016,P00466,TRANSFER_OUT,-17,946f6048-d70f-4530-9257-45e80852eed1
IM00007003,2025-12-20T08:05:21,W004,P00414,TRANSFER_IN,37,5a3b9404-9c32-4314-a740-1ded311379c1
IM00007004,2025-12-15T15:39:08,W013,P00309,SHIP,-2,e1ea41b1-6253-499a-90f7-811bbfd5c0fc
IM00007005,2026-02-03T02:12:29,W010,P00229,RECEIPT,48,e1af1672-c15a-4b67-96d3-09a88c4b3edf
IM00007006,2025-04-12T15:03:44,W015,P00461,TRANSFER_OUT,-18,48b39081-48df-4d0c-a3e1-d95c0b34a1d7
IM00007007,2024-04-20T00:46:47,W001,P00181,TRANSFER_IN,42,614a216e-d3bb-4bbc-aadf-16850bf92c47
IM00007008,2024-12-10T13:34:31,W001,P00061,TRANSFER_OUT,-27,6d34d824-df0a-406f-afc8-9220109443e8
IM00007009,2024-09-28T20:54:38,W005,P00591,TRANSFER_OUT,-44,8c7be3c1-d63a-4bc6-b34f-f55096b50fef
IM00007010,2024-09-29T16:49:48,W003,P00485,TRANSFER_IN,11,6d2ee1b2-6571-4b9b-af8b-786e20f0f098
IM00007011,2025-02-28T04:53:36,W011,P00192,TRANSFER_IN,7,67bbe7fe-5251-40d5-9c06-51164680823a
IM00007012,2024-07-12T15:52:30,W007,P00537,RECEIPT,45,181a5c9f-2b14-4d36-bb57-510abc9d11d3
IM00007013,2026-01-05T20:18:47,W017,P00082,TRANSFER_IN,21,b43bc056-bebc-4d4a-a2e5-6858e465bf62
IM00007014,2025-04-17T17:10:48,W010,P00530,SHIP,-13,45d2af88-ac74-4230-868a-5ec89c07f415
IM00007015,2025-05-31T09:18:55,W002,P00133,ADJUSTMENT,36,a3f18bd7-6eb9-40cc-a674-51fb03366d1d
IM00007016,2024-04-06T01:38:19,W011,P00065,TRANSFER_OUT,-11,43b127ce-6980-4a76-8d03-7f2aa1e4de47
IM00007017,2025-09-04T15:40:05,W006,P00108,RECEIPT,31,a83c0a75-7b3f-4a38-879d-f2ed84b97c58
IM00007018,2025-12-02T16:03:51,W017,P00563,RECEIPT,38,0c991064-1050-4f4d-9209-ad83f141a51c
IM00007019,2024-08-14T19:47:08,W005,P00054,TRANSFER_IN,1,32002dc2-d068-4c58-aec0-14e40aaf7163
IM00007020,2024-02-04T06:58:22,W016,P00152,TRANSFER_IN,37,e89c7194-1ba7-4372-b7ef-a154ba78fb78
IM00007021,2024-04-15T18:53:57,W008,P00557,TRANSFER_IN,7,16010095-fe32-4734-99bf-ab7a1bb873c3
IM00007022,2024-07-22T22:31:00,W003,P00597,RECEIPT,1,6cd71bc6-89d3-4daa-b7c0-4f845ebce390
IM00007023,2024-01-14T10:12:11,W013,P00231,ADJUSTMENT,49,5371478f-61f8-4fed-b606-6583fdd97740
IM00007024,2025-02-15T09:57:44,W017,P00015,TRANSFER_OUT,-13,e6203a9f-88f1-402a-9710-838698f1b49d
IM00007025,2025-05-20T13:01:35,W006,P00071,RECEIPT,49,86184943-6373-444f-853d-3211fb1e34e2
IM00007026,2024-09-20T23:03:35,W001,P00258,RECEIPT,38,8ec2f094-645d-4033-90ee-f428c6dd8607
IM00007027,2026-02-13T08:39:38,W017,P00251,TRANSFER_IN,19,dc2dd6d2-2972-4ac6-8cb1-51a08489d4f3
IM00007028,2025-07-24T16:00:19,W005,P00265,ADJUSTMENT,39,f8c5b6ab-ca1e-4977-910d-3357dfd60f99
IM00007029,2026-02-20T17:37:37,W012,P00164,ADJUSTMENT,48,4ced4f19-2777-41a4-a8bb-e05c344e7ad4
IM00007030,2024-11-13T04:09:17,W013,P00193,TRANSFER_OUT,-33,6c28290d-ec52-419c-814a-e90aabd44e13
IM00007031,2024-04-08T21:06:41,W011,P00050,TRANSFER_OUT,-9,c82136b4-2c51-47fe-a2c6-cb981f6d29f8
IM00007032,2024-05-04T01:49:52,W014,P00017,RECEIPT,18,b2a46c95-57ee-4c1e-80d4-ed18a5e8a553
IM00007033,2024-10-16T15:23:43,W003,P00073,TRANSFER_OUT,-43,a7c1b211-1846-4da2-9db1-61b0aaece371
IM00007034,2024-09-01T14:51:17,W009,P00102,RECEIPT,47,3ec6c49a-3a73-476f-ba04-bf4e180b978c
IM00007035,2024-01-19T15:37:58,W002,P00303,RECEIPT,15,95991e37-1f1b-4a0e-b20e-c511bc448642
IM00007036,2024-08-18T19:01:47,W010,P00245,RECEIPT,22,e5e85544-0f8c-4ac9-84be-ef117a60a538
IM00007037,2025-09-03T17:37:57,W008,P00497,TRANSFER_OUT,-38,bce29ee6-03ea-491c-a46d-4721f91da7cd
IM00007038,2024-03-11T06:22:26,W008,P00337,TRANSFER_OUT,-27,f6a0bd84-1624-49e7-8985-4868c267b86d
IM00007039,2024-08-04T13:04:53,W014,P00048,ADJUSTMENT,46,2725a248-c02f-4c45-a327-7403e2dcf12f
IM00007040,2024-09-24T15:01:56,W007,P00246,TRANSFER_IN,18,d7e67560-89d1-42a7-a93c-ad1a704d11a9
IM00007041,2024-02-02T03:40:08,W001,P00292,TRANSFER_OUT,-38,4d1fa481-7cee-4c25-9b5a-49994b5cd007
IM00007042,2025-08-01T00:10:50,W009,P00073,ADJUSTMENT,8,0901d798-de39-4cf9-b028-8724eead6585
IM00007043,2024-06-22T01:56:42,W014,P00464,ADJUSTMENT,11,b54a695a-083c-47e3-b016-328f5e39802f
IM00007044,2024-02-07T19:13:51,W016,P00168,TRANSFER_IN,11,df4c3fcf-2af0-4c0f-825c-22b5299e7c9a
IM00007045,2025-01-11T16:45:05,W001,P00545,TRANSFER_OUT,-34,444e04c1-64a0-4099-95f7-13f5fe900d85
IM00007046,2026-01-12T16:23:49,W006,P00051,RECEIPT,12,16ab9ebb-73d7-4fb9-bc7b-ab877a356e36
IM00007047,2025-08-21T19:02:31,W014,P00448,ADJUSTMENT,28,e0d3882a-954a-485b-b50d-339e6babcba2
IM00007048,2025-09-23T16:57:06,W016,P00327,ADJUSTMENT,37,feaca409-8bf5-4e91-9e40-43efbf1e4749
IM00007049,2025-08-31T20:39:17,W015,P00335,TRANSFER_IN,41,0774da3f-5a0f-42cc-b9f3-41d8ba0d1f5d
IM00007050,2024-11-20T22:27:51,W003,P00521,SHIP,-5,ec03fc79-e754-4c32-aba4-52cbfa240720
IM00007051,2025-11-10T10:59:47,W005,P00375,RECEIPT,38,b5245e96-4f21-482c-a47f-1569dba1a437
IM00007052,2024-03-11T11:30:28,W007,P00206,RECEIPT,1,1b6d0019-bfef-4acc-a453-59b1be7b4dc5
IM00007053,2026-02-28T03:17:02,W010,P00348,TRANSFER_IN,16,72a92b32-ce8a-4d3f-9d6d-6634cd3a9c31
IM00007054,2025-04-10T18:25:30,W005,P00180,TRANSFER_OUT,-49,5938f5dc-f3cf-4ca7-9c3f-b49f749e8d2b
IM00007055,2026-01-01T22:52:20,W017,P00594,RECEIPT,40,d3cb2705-db6f-40e6-a972-46baeae3730f
IM00007056,2025-07-15T18:43:23,W007,P00361,TRANSFER_IN,25,0ab56d8d-a4cb-4b17-8a19-55eefa801d35
IM00007057,2025-07-20T08:06:50,W006,P00370,ADJUSTMENT,26,d778dbf1-c034-4a0c-917c-7b0c228f91d0
IM00007058,2025-11-18T08:29:06,W001,P00410,TRANSFER_OUT,-13,dfd2e935-a7c1-4c22-826a-222499e98052
IM00007059,2024-11-28T22:05:17,W002,P00001,SHIP,-23,3942273e-06d8-4c4d-a14a-6ec01597ed84
IM00007060,2024-01-10T04:21:37,W004,P00332,SHIP,-22,efd549e5-2ee6-49b0-b9ae-60435c6d9dbc
IM00007061,2025-05-05T23:11:30,W001,P00437,RECEIPT,10,61d6099d-518a-423c-8e78-1e9d43bd8dce
IM00007062,2024-05-25T01:16:23,W015,P00482,RECEIPT,16,eedfcf30-80bc-474c-8b46-e031b80712ee
IM00007063,2025-11-18T08:31:59,W003,P00581,SHIP,-29,c792cf61-40c4-4912-af90-ebdf680f6c72
IM00007064,2025-09-14T06:00:29,W016,P00071,RECEIPT,32,dede695f-f719-4151-bbd6-3c776ec5f398
IM00007065,2025-02-19T18:19:12,W009,P00494,RECEIPT,47,6bc6205d-f7bd-4d47-bed5-b6b010aea474
IM00007066,2025-03-25T05:28:25,W012,P00161,ADJUSTMENT,12,27d75f85-7d87-4ecf-89d7-29ae90403798
IM00007067,2025-05-08T07:22:44,W003,P00340,TRANSFER_OUT,-23,b6442eef-077c-4d05-813d-a6a2541ababf
IM00007068,2024-05-19T14:10:46,W006,P00421,RECEIPT,48,2ae1ea23-e1a7-40ac-8b63-cb2ee858a725
IM00007069,2025-02-13T17:21:09,W004,P00361,TRANSFER_OUT,-4,b83c15fa-a6bb-427d-aca6-22e784e76cde
IM00007070,2025-03-01T23:13:56,W005,P00410,TRANSFER_IN,24,5eb2d79a-8672-4cc6-95e6-975ebdba0357
IM00007071,2024-12-22T22:04:03,W014,P00370,TRANSFER_OUT,-27,feb6ca98-f410-4d8c-a0e2-fcaddb80f156
IM00007072,2025-09-11T01:44:07,W002,P00497,RECEIPT,27,6051fce4-47a6-4770-bdb9-cc9949d829ba
IM00007073,2025-05-12T20:30:18,W007,P00108,TRANSFER_OUT,-22,5347986f-36fa-4d7b-aa3e-ef18a2422efb
IM00007074,2024-09-04T16:12:33,W007,P00585,TRANSFER_IN,12,51c92441-6b3e-476e-aa11-dafe17708900
IM00007075,2026-01-21T07:17:51,W011,P00145,SHIP,-40,f9ef9d15-351c-44d1-91b7-e4491613f94f
IM00007076,2025-08-03T20:09:03,W006,P00176,TRANSFER_OUT,-38,867ff764-545e-4f4f-a82b-98a8e62b196c
IM00007077,2024-12-26T06:28:00,W005,P00393,ADJUSTMENT,47,d2ae299e-2a2b-4712-b9e9-7eb98e557539
IM00007078,2026-02-03T03:22:14,W011,P00309,RECEIPT,7,67187205-add0-48ab-b490-9ff14302c638
IM00007079,2025-04-18T23:47:42,W003,P00462,TRANSFER_OUT,-18,0ac34702-fa71-43bd-bf44-c1d3bec40f58
IM00007080,2025-06-29T09:54:45,W010,P00119,SHIP,-1,490ed27c-581d-42a6-81d4-1b404828b475
IM00007081,2024-06-21T07:28:25,W001,P00305,RECEIPT,20,42bb312e-1859-46d7-9ec8-82cd884eb998
IM00007082,2024-09-06T13:32:00,W011,P00152,RECEIPT,5,21fe911c-4519-4250-80ec-79550fc6f93c
IM00007083,2024-08-21T18:57:53,W011,P00304,RECEIPT,6,c40f92e7-03d3-460c-97a4-199f1dd2cb8d
IM00007084,2025-02-06T14:21:33,W010,P00304,SHIP,-39,60532e77-0a53-49ef-84f5-6d2d2dc43c1a
IM00007085,2024-01-11T08:41:42,W001,P00277,TRANSFER_OUT,-32,b96cc5cd-a9be-484f-bcdf-8541523e798d
IM00007086,2024-02-07T16:27:11,W001,P00110,TRANSFER_OUT,-30,46c7282c-74d5-42e3-86de-a31a9b89d69e
IM00007087,2025-06-10T13:54:23,W009,P00242,TRANSFER_OUT,-10,ad135c76-10eb-48bb-9d9d-d188f7173ee1
IM00007088,2024-05-05T01:14:27,W005,P00558,TRANSFER_IN,17,4f6a3091-474a-4a96-86d2-df1370874865
IM00007089,2024-03-30T04:56:26,W016,P00554,TRANSFER_IN,13,4ad31a44-863f-40b0-988c-306bea4dd87b
IM00007090,2025-03-30T15:23:08,W006,P00372,ADJUSTMENT,8,5b8960bd-b05f-41db-846d-231f47f3df92
IM00007091,2025-04-20T15:23:17,W002,P00433,RECEIPT,22,41f66363-ae61-4d38-a6a6-334d53431848
IM00007092,2025-03-08T21:21:55,W015,P00034,TRANSFER_IN,38,9f0a1199-0430-4008-a2f0-71cb9b46a930
IM00007093,2025-03-04T08:24:14,W016,P00430,TRANSFER_IN,5,16cbe6ca-c10d-41ef-be75-0cc23f53dc12
IM00007094,2024-11-02T02:18:50,W014,P00005,TRANSFER_IN,43,170970ff-c3ca-4f35-ad63-4b0a602cd1e2
IM00007095,2024-12-30T07:08:22,W015,P00078,SHIP,-33,ae71e4f6-2ac1-440c-9f77-e1bc9ac40df3
IM00007096,2024-01-15T12:44:13,W016,P00006,SHIP,-46,ae51d0eb-c5bc-4371-92b8-0ff866243b24
IM00007097,2025-03-30T21:04:27,W005,P00354,ADJUSTMENT,25,390b6709-ad65-42bb-b335-0b7e2fb6c2d5
IM00007098,2024-10-04T14:19:32,W007,P00192,RECEIPT,22,e444c5ec-f2fa-43c3-bf7d-d0b426ee9d57
IM00007099,2025-04-06T14:40:11,W016,P00054,ADJUSTMENT,12,33711977-5b1d-4f8e-8e94-6e34d80f8bf7
IM00007100,2025-06-21T21:03:21,W004,P00017,RECEIPT,19,a1f85f64-a638-4070-8a0f-a442e535dc13
IM00007101,2025-06-08T03:56:17,W013,P00542,TRANSFER_IN,45,7fc833bf-0d9c-4853-b141-dfa71beac30c
IM00007102,2024-11-09T17:43:42,W002,P00370,SHIP,-43,af3a21f3-669a-4863-bc0f-d5cdb6b893cb
IM00007103,2026-02-12T03:45:41,W014,P00138,SHIP,-37,187b7691-f1af-4891-934a-7c49525ab040
IM00007104,2024-09-20T01:41:26,W013,P00046,ADJUSTMENT,25,aedd396e-9bfa-417b-9cd0-767554752fec
IM00007105,2024-12-08T19:48:19,W015,P00228,ADJUSTMENT,9,42358e92-0219-43a6-a8cb-07df0c6fa12f
IM00007106,2024-03-26T11:05:32,W006,P00476,SHIP,-49,87db1f86-a05f-48eb-88bc-0e760ebfbe4d
IM00007107,2024-01-18T04:13:45,W007,P00312,SHIP,-12,ca9adad1-1b51-426f-b93e-d3b801ffc8ef
IM00007108,2024-05-07T11:33:36,W002,P00375,TRANSFER_IN,35,8894b6f6-782c-4510-9287-684fdbc13cf1
IM00007109,2025-09-07T04:22:17,W011,P00019,TRANSFER_IN,16,346d6bec-dafc-4033-9637-fc92a09cda29
IM00007110,2024-10-22T21:11:06,W008,P00581,ADJUSTMENT,5,128be0d1-6953-4338-9abc-ddd1acaacd4d
IM00007111,2025-02-03T16:12:09,W007,P00303,TRANSFER_OUT,-8,d045e2d3-80cc-4ac0-92ed-5d15f164cc6c
IM00007112,2024-11-10T08:25:24,W007,P00504,TRANSFER_IN,31,3f7cc237-ff1c-4622-a535-0d80d4072eeb
IM00007113,2024-11-26T14:41:14,W010,P00339,TRANSFER_OUT,-13,48b008f9-47a2-41c2-bb0c-dfbae256d188
IM00007114,2025-07-24T09:54:01,W011,P00531,TRANSFER_OUT,-1,c3019df4-924e-413e-8b47-5a88ea4767e6
IM00007115,2024-01-08T06:05:09,W008,P00429,SHIP,-33,857c903a-6985-46dd-9f08-76d81198f292
IM00007116,2024-02-27T02:33:20,W003,P00579,ADJUSTMENT,31,84b9dd18-2542-433b-95e8-d48dc2c9e584
IM00007117,2024-03-23T05:45:06,W010,P00468,TRANSFER_IN,49,77ba86e5-b7ea-4c46-b3f4-c2608061f507
IM00007118,2025-02-15T18:47:44,W011,P00221,SHIP,-19,a225d52a-d1fa-4eb8-811f-bcbb2a699a8f
IM00007119,2026-02-03T02:14:18,W017,P00564,SHIP,-19,7c296656-6c30-4727-9a5b-c9d660ce26e5
IM00007120,2024-10-10T09:21:55,W006,P00466,TRANSFER_OUT,-19,987b84ea-faac-4042-a374-577e39b5d714
IM00007121,2024-01-13T03:07:42,W003,P00565,ADJUSTMENT,43,84779cdd-953f-4d4f-9f9d-3734479f69dd
IM00007122,2024-11-05T15:30:55,W011,P00279,ADJUSTMENT,11,f8ca9bc4-268c-4068-bfc4-e1447bd65ff7
IM00007123,2026-01-08T16:55:04,W016,P00063,ADJUSTMENT,45,1ec29b26-c158-498f-b7c9-78449feb9c1c
IM00007124,2024-03-30T19:43:40,W009,P00235,TRANSFER_OUT,-45,a02f3559-8fbb-4dfa-9bbf-f302596cc6fa
IM00007125,2025-08-23T14:43:58,W015,P00359,RECEIPT,44,d81568e0-9876-44b0-8930-18ded2692a70
IM00007126,2025-07-18T00:57:18,W010,P00560,TRANSFER_OUT,-12,8a40dea5-f762-4696-b5a3-56211e8b7b7a
IM00007127,2025-04-13T16:51:06,W016,P00050,RECEIPT,26,0604be21-9413-49dc-87c4-bb759123d39a
IM00007128,2025-10-18T13:52:03,W011,P00404,TRANSFER_IN,11,0966bb97-2a47-4793-a89c-714d407dc3c1
IM00007129,2025-09-27T14:15:26,W012,P00033,ADJUSTMENT,17,0575f67e-c069-4a02-8eeb-48d70f5a62c7
IM00007130,2024-09-16T07:00:16,W001,P00381,ADJUSTMENT,23,b770d822-752b-4a09-8bc1-75eb8d6060d0
IM00007131,2024-02-01T06:53:27,W017,P00142,RECEIPT,38,2b300c84-41c8-4803-9ed0-7b0a113acdb5
IM00007132,2025-03-30T14:36:18,W001,P00345,ADJUSTMENT,11,fa96d3ac-45cc-412c-9878-22abb6017125
IM00007133,2025-03-21T23:45:36,W011,P00275,ADJUSTMENT,22,7db1cf17-b4e3-4348-bf80-ef8970caa58c
IM00007134,2024-10-01T15:53:52,W016,P00030,ADJUSTMENT,39,320b0fef-3958-4f1b-9fbb-02b4e32b7c92
IM00007135,2025-06-11T15:44:26,W011,P00383,TRANSFER_IN,18,d7b9d593-bcf5-4344-8f0d-c2e4b92e774a
IM00007136,2025-09-21T19:11:28,W011,P00130,SHIP,-12,8bc36082-8ee4-476d-a505-3ec291cb5104
IM00007137,2025-06-04T09:05:35,W001,P00588,TRANSFER_IN,40,f7ee040b-e0a8-4b35-af2d-00ab0da3c9d9
IM00007138,2024-07-28T15:51:23,W001,P00277,RECEIPT,30,193e6838-6ccc-486b-ac15-9518dde54f3a
IM00007139,2024-05-02T21:21:34,W017,P00046,RECEIPT,3,8d09688d-cef9-457d-90c5-481983382623
IM00007140,2025-09-03T08:35:34,W005,P00296,SHIP,-1,28522814-dd19-468a-9f15-5bf77c2d18a6
IM00007141,2024-03-01T04:16:53,W016,P00531,TRANSFER_IN,16,d945b806-c955-4bf2-a0be-a49018dd3a12
IM00007142,2025-09-15T21:37:39,W013,P00508,TRANSFER_IN,40,81909afe-0cee-4e97-a84c-cb6188a8e610
IM00007143,2026-01-27T16:51:41,W014,P00212,TRANSFER_IN,32,30d92e11-11ab-43e5-b6a7-c5e0024ac28d
IM00007144,2025-07-13T13:24:19,W003,P00435,TRANSFER_OUT,-1,56b2a728-78f7-4915-a4af-78cd0fff9823
IM00007145,2025-05-19T19:46:39,W008,P00354,TRANSFER_OUT,-26,9b75fd6d-e325-4a67-9ada-ff67b0766cf5
IM00007146,2025-12-20T00:50:51,W008,P00028,ADJUSTMENT,6,ef11c180-7a27-4be1-b53d-192d544dbc63
IM00007147,2024-05-31T12:30:43,W001,P00222,RECEIPT,28,9ea271ec-40d9-46be-86ae-4c910ad012fc
IM00007148,2024-11-19T18:22:50,W009,P00241,SHIP,-34,53333408-7545-4cec-9b37-4026d7d0561e
IM00007149,2024-04-28T21:14:58,W012,P00113,SHIP,-7,3e4e6564-ced9-44c3-afa5-781aad12c907
IM00007150,2024-08-28T02:53:10,W011,P00248,SHIP,-19,75943998-f012-47e0-8d4a-3a97d4ba2b83
IM00007151,2024-07-23T15:19:50,W007,P00544,ADJUSTMENT,26,be291f89-4351-4e59-9a82-bea2b8b65eb1
IM00007152,2025-03-30T19:23:55,W012,P00121,RECEIPT,23,bf58bbf7-af6f-43f2-8253-3966e78ee28f
IM00007153,2024-12-06T18:41:03,W014,P00416,ADJUSTMENT,35,31a2939a-92f6-41dc-9629-a33638c11786
IM00007154,2024-06-18T23:10:47,W011,P00213,TRANSFER_IN,34,10611a49-66c4-4e5e-abf4-fe0d55e82d03
IM00007155,2024-11-05T18:22:52,W015,P00377,TRANSFER_IN,5,f8b7ee62-49ca-4a57-81eb-1299d5e341fd
IM00007156,2025-03-21T19:34:40,W013,P00468,ADJUSTMENT,27,f53feb4f-9c10-47dc-b01e-ddcabe699874
IM00007157,2024-03-02T06:50:01,W016,P00432,SHIP,-12,8e588142-af10-4ba3-bf1e-0284f6731803
IM00007158,2025-07-19T04:48:49,W004,P00036,ADJUSTMENT,36,008045c7-1833-4c28-b9df-49fa9ce72930
IM00007159,2024-07-20T08:15:36,W005,P00434,TRANSFER_OUT,-27,9e05c1da-2b68-446b-bb37-d9041abad33e
IM00007160,2025-11-27T00:55:32,W011,P00504,SHIP,-21,fefbdae9-d874-4ab7-95e8-bdce564f2352
IM00007161,2025-05-23T22:43:04,W002,P00370,SHIP,-46,e7918edd-d39c-4572-b076-7f092f36f182
IM00007162,2024-03-30T06:23:07,W005,P00318,RECEIPT,40,416536a7-75e5-4b70-a91f-1f7385328d73
IM00007163,2024-11-03T02:58:56,W006,P00529,ADJUSTMENT,36,658ca355-cbf1-4d12-9ef3-8120011dbe87
IM00007164,2025-09-19T05:44:17,W002,P00207,SHIP,-44,ea4e607a-78bf-4ae5-8f55-f5f8b3133c13
IM00007165,2025-11-19T10:11:54,W009,P00548,RECEIPT,31,d77047c9-6de3-4f4d-ab04-63b77ffacf11
IM00007166,2024-10-04T14:47:07,W017,P00362,TRANSFER_IN,28,80293e69-7dfb-4dfc-98ba-bd4896cce123
IM00007167,2025-11-18T15:42:52,W013,P00054,TRANSFER_IN,2,bb157c8a-4077-4a2f-944b-ae1eb7ed1d07
IM00007168,2024-07-06T12:39:32,W002,P00329,TRANSFER_IN,19,3e49eb85-a069-429d-a602-b44a90b9bfaf
IM00007169,2024-08-04T14:20:59,W014,P00045,ADJUSTMENT,39,dde072ef-eb48-40df-b56b-5c8dbfe86e4e
IM00007170,2024-12-21T13:59:37,W007,P00465,ADJUSTMENT,7,49720dc3-1251-4976-8004-b8b41e047c84
IM00007171,2026-02-01T11:50:37,W008,P00260,SHIP,-47,f1806942-2d81-4f01-aeff-d66afe267a63
IM00007172,2024-03-01T05:53:40,W004,P00514,TRANSFER_IN,45,0355f391-cce4-414d-8718-c8f13bcc3c15
IM00007173,2025-02-28T17:33:30,W017,P00270,RECEIPT,26,06ea4903-92e3-4433-9928-fb9a4c5e43e5
IM00007174,2025-08-20T18:00:41,W009,P00356,ADJUSTMENT,23,b509a1fa-5dbe-4545-bd6b-724359c25c2d
IM00007175,2024-09-16T01:29:31,W012,P00565,RECEIPT,6,c3b31d49-5f65-4a5b-b09c-6a400570cf0a
IM00007176,2025-02-08T07:36:28,W015,P00583,TRANSFER_OUT,-38,75f7429b-d48e-402f-9307-0ee7006710ce
IM00007177,2024-07-09T21:09:04,W006,P00539,TRANSFER_IN,16,0e33f920-8ff9-4389-952b-e3ffe914ce2c
IM00007178,2024-03-01T00:47:24,W006,P00020,TRANSFER_IN,27,826dc802-816f-446b-9586-da47d8ffe79f
IM00007179,2024-01-22T08:50:33,W004,P00028,RECEIPT,6,6904b5fe-3d3e-47d0-8aa3-4123ca822ddd
IM00007180,2024-12-31T06:15:07,W012,P00050,TRANSFER_OUT,-23,a070d4ef-f518-40d2-adda-336dbc29291d
IM00007181,2025-12-19T11:29:38,W017,P00370,TRANSFER_IN,7,98138f36-1a87-4b98-a1f4-b4e0dd64169b
IM00007182,2024-05-10T23:07:11,W005,P00411,RECEIPT,10,fed3edc4-8552-4a6a-8843-052fa8ab7471
IM00007183,2024-03-04T15:21:44,W017,P00190,RECEIPT,35,2b43f834-c44a-498b-b417-d28668450457
IM00007184,2025-08-16T09:09:35,W010,P00069,SHIP,-26,113c68fb-c3af-4acf-8b82-27c0c64f7d9d
IM00007185,2024-01-14T18:55:46,W011,P00108,SHIP,-9,cdd95994-a942-450f-9ef5-278a59a841f0
IM00007186,2024-09-08T17:25:25,W008,P00437,TRANSFER_OUT,-13,24132014-01a7-4ac0-824d-b28666f8427f
IM00007187,2025-01-31T23:29:55,W010,P00465,TRANSFER_IN,35,2d6379be-78c2-41d9-8dd6-c78a780a60cd
IM00007188,2025-05-18T10:38:59,W006,P00239,ADJUSTMENT,27,e2aaa523-627f-43c9-9c84-5ae20b0e84e2
IM00007189,2025-02-24T02:11:17,W016,P00432,TRANSFER_OUT,-29,f781f850-0474-49a4-ad09-e204af124c56
IM00007190,2025-05-23T21:00:12,W008,P00370,ADJUSTMENT,12,35e8bc02-bba7-468e-960c-9bca3ecbeefc
IM00007191,2025-07-16T18:25:14,W014,P00461,RECEIPT,35,d39b8d7e-1fd1-4d71-8c47-94b8a67a1c8d
IM00007192,2024-06-15T17:51:02,W006,P00157,SHIP,-3,9c17fe36-ab12-4126-b2d6-51906c3a65ff
IM00007193,2024-04-26T11:25:15,W005,P00382,SHIP,-4,5a98f024-f46f-4206-9e75-2373386da205
IM00007194,2024-01-23T16:11:41,W012,P00343,TRANSFER_IN,49,a7128402-8f97-4303-847e-b0fe90e5821d
IM00007195,2025-10-28T17:33:09,W010,P00225,ADJUSTMENT,30,e2ff0146-0839-4cb0-a5bf-18d9dc6c3fe3
IM00007196,2025-11-29T06:07:06,W017,P00529,SHIP,-45,848f73e6-0ad9-483c-bcc2-901339f199f7
IM00007197,2024-12-14T02:46:58,W003,P00577,TRANSFER_IN,17,42475f6a-4193-4d4e-a13c-98c524ecee27
IM00007198,2025-03-12T03:24:13,W004,P00115,ADJUSTMENT,18,d1b473c7-ca56-4767-9f06-2e1d6e5e7e76
IM00007199,2025-02-10T09:50:19,W005,P00486,TRANSFER_IN,17,d630d1ad-2632-445b-8e7e-f08c49bdf4d8
IM00007200,2024-05-03T03:14:39,W014,P00416,ADJUSTMENT,26,06307e49-4e78-40b7-b220-51d7be5e0306
IM00007201,2024-12-07T09:48:11,W006,P00477,ADJUSTMENT,43,0310f4b1-5b69-4a37-9106-feb8cee4c11b
IM00007202,2024-03-03T10:02:40,W009,P00307,TRANSFER_IN,6,582807de-b396-4e9d-84c0-e67119f4d4e9
IM00007203,2025-09-01T01:16:23,W007,P00229,TRANSFER_IN,22,9eb42222-3c0a-4d80-b0a7-5acce40b7a07
IM00007204,2024-12-29T05:53:40,W002,P00539,TRANSFER_OUT,-29,42344b41-17a6-46fc-9e08-de3c00c372f5
IM00007205,2024-06-04T08:35:36,W016,P00578,SHIP,-39,d7b55673-5654-4569-a004-bf1282fa5dce
IM00007206,2024-03-24T15:42:31,W010,P00535,TRANSFER_IN,37,a427eb0b-cf74-439f-b2b5-2da27eb29587
IM00007207,2025-06-10T13:59:31,W013,P00455,TRANSFER_OUT,-9,e647cce0-cf7b-4b0c-a299-d7b0adb29912
IM00007208,2024-04-30T06:37:04,W015,P00526,SHIP,-35,27ecf8e8-b8ef-4dd9-b743-7c060885f678
IM00007209,2025-05-10T17:42:41,W005,P00270,TRANSFER_OUT,-11,022f503b-03a7-4e4d-b60a-f2ecc6acc92e
IM00007210,2025-11-05T22:13:50,W001,P00204,SHIP,-10,956ef439-8fed-4c09-862b-fc885935c870
IM00007211,2024-12-12T03:53:17,W016,P00062,TRANSFER_IN,15,d68615ae-2bf6-45de-95ee-6cca96313bc6
IM00007212,2024-06-05T14:41:01,W013,P00034,ADJUSTMENT,31,c3d83761-3968-44cc-8b16-42b27fffeea8
IM00007213,2025-10-02T23:57:27,W004,P00321,TRANSFER_OUT,-17,d9381d8c-ac7f-4681-b218-211e287945f3
IM00007214,2024-08-18T08:44:19,W017,P00568,ADJUSTMENT,44,aa291dfa-7e2b-427e-9a84-b0af39de0feb
IM00007215,2024-11-27T22:23:34,W013,P00359,TRANSFER_IN,37,b0cf3530-2ee2-4368-a909-ca5b13964ca1
IM00007216,2025-05-09T22:42:43,W007,P00197,SHIP,-39,11a39479-9e64-4983-a28b-1f57e6ed1c2f
IM00007217,2025-07-11T07:30:58,W014,P00505,TRANSFER_IN,46,1849aea3-62a0-4d0b-b774-1fd8511127f8
IM00007218,2025-11-18T19:42:37,W004,P00277,RECEIPT,10,1e26f987-77b0-441f-9235-4320ea5520f1
IM00007219,2024-06-05T17:37:16,W014,P00254,RECEIPT,31,47c2a62d-93a8-495f-875a-f6c7912c88eb
IM00007220,2024-06-27T11:11:25,W006,P00193,RECEIPT,30,0126a038-2fde-43fc-8795-38c984e0be65
IM00007221,2024-07-12T01:26:34,W011,P00296,SHIP,-40,54eaac11-e889-41d4-a7e6-182e9493bb82
IM00007222,2025-10-06T06:50:57,W003,P00058,SHIP,-42,7cd81573-f598-4d02-8976-d276ee019bdb
IM00007223,2024-10-14T20:20:42,W012,P00090,RECEIPT,24,8820e5e4-19d9-4163-8dac-164dcc2d625b
IM00007224,2026-02-27T16:39:13,W014,P00151,TRANSFER_IN,21,28316ebe-cbae-4160-8aa0-c8f156a2f296
IM00007225,2024-06-18T17:22:48,W003,P00277,ADJUSTMENT,8,efab4002-6ce7-4add-aa75-4c7acdaacbc7
IM00007226,2025-06-19T17:53:53,W004,P00322,TRANSFER_OUT,-20,6916ba52-664c-419f-848f-8103e261399c
IM00007227,2024-05-28T04:02:02,W015,P00447,RECEIPT,45,c466cd5c-f713-40c8-8fd6-2b1a587f1ce9
IM00007228,2025-06-12T22:05:29,W009,P00205,SHIP,-30,f53d345c-55a4-4e33-94de-765a167e5471
IM00007229,2025-07-21T19:15:42,W008,P00224,TRANSFER_IN,5,3366fa0c-91b6-49bf-b797-fbfab3d2f2c8
IM00007230,2024-09-15T14:24:11,W017,P00538,TRANSFER_OUT,-27,6e866a10-7252-40f4-b771-2e8edb5c2fba
IM00007231,2025-10-21T17:17:32,W016,P00126,SHIP,-42,1c0bb5ee-0380-4126-a957-313404098d09
IM00007232,2025-07-03T22:56:07,W014,P00556,TRANSFER_IN,34,d36ca65a-e2cf-47e2-baf4-ea13aac6504e
IM00007233,2024-01-07T22:54:07,W001,P00120,TRANSFER_OUT,-39,f986483d-7c3f-4333-ab15-5505431c5f09
IM00007234,2024-12-23T22:42:45,W017,P00105,ADJUSTMENT,20,bb2a2217-6052-42d0-82e3-29a95f6e9d44
IM00007235,2024-02-23T15:27:35,W014,P00583,ADJUSTMENT,8,177ca114-73e8-4a3a-bdda-d0dfec5eabb0
IM00007236,2024-04-14T02:45:08,W005,P00141,RECEIPT,19,59cc1d61-e5f1-4e55-9820-b48728c1f428
IM00007237,2025-07-15T14:30:19,W014,P00274,RECEIPT,48,491c5fa3-410a-4938-959b-5d9b5dcb3016
IM00007238,2026-02-21T22:19:47,W015,P00329,RECEIPT,18,bad40ad2-c889-4a28-9e46-06a3e0d1f99e
IM00007239,2024-03-15T08:05:03,W006,P00115,ADJUSTMENT,35,8ef75e8e-53d2-4b3f-852f-45095d41ce9d
IM00007240,2025-08-07T18:11:16,W008,P00417,TRANSFER_IN,8,eb1dd581-0fb2-42f9-9132-58e1f87b5395
IM00007241,2024-04-04T22:57:39,W001,P00175,TRANSFER_OUT,-42,0151b2f0-4b52-4b62-9cd0-dc00a102eddb
IM00007242,2024-04-22T03:02:21,W004,P00006,RECEIPT,48,fefaaced-4715-42a9-8be8-6a87e78ca48b
IM00007243,2025-08-29T20:24:03,W009,P00262,ADJUSTMENT,12,dbd8f31b-484e-4c1a-8278-9c37a0d25096
IM00007244,2025-06-23T19:04:24,W001,P00083,TRANSFER_OUT,-45,aa2065dd-3d06-4cc2-b4fc-d6741b6cb4b7
IM00007245,2024-04-12T10:36:13,W004,P00322,TRANSFER_OUT,-11,c610a8a1-74e2-4d80-a31a-73867eca7155
IM00007246,2024-10-18T16:47:42,W004,P00531,ADJUSTMENT,48,2f439d9b-f79f-43f1-855f-1b41a8a1be25
IM00007247,2024-07-22T12:02:29,W011,P00440,RECEIPT,43,055b2bf5-8751-49ea-a487-c2163fe49dc2
IM00007248,2024-10-06T19:58:47,W002,P00187,SHIP,-15,8d5ac5c4-e55d-4a6b-a5d0-a27340ef33a0
IM00007249,2024-02-21T03:03:20,W003,P00195,TRANSFER_OUT,-16,9ff6621e-0a51-4352-8112-87399bb9bfa4
IM00007250,2024-05-27T18:22:01,W009,P00348,TRANSFER_IN,37,69c5f974-1286-40b4-a651-60aab88f4b2d
IM00007251,2024-01-02T17:45:58,W006,P00286,SHIP,-17,b55f3db9-9e58-4565-a85f-25e6626d5a0a
IM00007252,2024-06-24T00:45:41,W013,P00421,RECEIPT,6,e50b531c-6d2f-4784-ba92-6495d933aa98
IM00007253,2025-08-08T12:46:56,W005,P00082,SHIP,-20,7d028b2a-2ac0-4c10-9496-969754344537
IM00007254,2024-10-18T09:29:11,W001,P00523,ADJUSTMENT,20,b6c6ebaa-677a-451b-a4fe-fba2ab7ff869
IM00007255,2025-01-10T15:14:15,W001,P00352,RECEIPT,48,095a43ce-53fb-4408-88e2-632e22e5aea4
IM00007256,2024-10-14T21:24:18,W013,P00235,SHIP,-19,cd6e00b1-970f-4ba6-9949-1afa10f9140d
IM00007257,2024-06-12T01:41:47,W002,P00410,SHIP,-23,568b8172-1150-49be-940e-fbf98c4a273f
IM00007258,2024-01-10T05:16:07,W015,P00051,ADJUSTMENT,38,740ca87c-9612-49af-9ea5-eae68eca35ac
IM00007259,2025-06-07T15:02:02,W004,P00225,TRANSFER_OUT,-9,cc17f138-f773-40c6-b11a-6d8ab59bdaaa
IM00007260,2025-12-19T03:00:16,W012,P00176,TRANSFER_OUT,-7,e3c64367-fd69-42b0-a3e1-05b1bec719b4
IM00007261,2024-09-15T08:12:39,W009,P00198,ADJUSTMENT,19,3777d6dc-a651-4897-a2ba-a22b0cc62d39
IM00007262,2024-07-01T19:54:43,W014,P00511,SHIP,-24,105c9b3d-05de-41d1-96fe-303d614cbd2c
IM00007263,2025-12-06T15:53:55,W006,P00215,TRANSFER_OUT,-24,ebdff880-128d-4f5a-a117-13d3926adbe7
IM00007264,2025-09-22T15:46:55,W001,P00425,TRANSFER_IN,14,c0b2bcf2-3b49-450a-8803-739fca394a6f
IM00007265,2024-06-29T21:09:45,W005,P00546,TRANSFER_IN,30,fe8f589c-d430-4fed-8198-c9c2abb7da74
IM00007266,2024-01-06T13:43:52,W010,P00459,RECEIPT,37,eaa2b1cf-2311-43c4-9d95-4477b4b43735
IM00007267,2024-09-16T05:33:21,W011,P00517,SHIP,-30,05c8ea4d-6204-4202-85c5-373a2ca1ce34
IM00007268,2025-04-06T10:24:13,W004,P00034,TRANSFER_IN,27,5bec232b-4aad-4919-88dc-9def755dffc0
IM00007269,2024-05-05T15:42:44,W015,P00421,RECEIPT,47,8d0a6a9d-8030-4af8-9379-fedd142384ca
IM00007270,2025-02-03T05:05:16,W001,P00437,ADJUSTMENT,11,cf80a14f-af08-4ed3-bb46-9d906aa25215
IM00007271,2024-12-11T19:49:40,W009,P00520,SHIP,-12,68102012-5fae-4169-8be6-1453225ce294
IM00007272,2025-12-05T18:16:56,W012,P00301,SHIP,-8,c7b89b35-517b-4b8f-8e16-cbe94b373aa6
IM00007273,2024-06-22T16:06:19,W010,P00549,TRANSFER_OUT,-4,5218ca70-0e84-4ef5-a204-ab45a4665ce2
IM00007274,2024-11-19T15:02:40,W014,P00227,ADJUSTMENT,24,a252cd52-df9e-4c0e-a521-7541cc64da62
IM00007275,2025-07-27T11:29:38,W014,P00143,TRANSFER_IN,37,f2d000e8-2cba-49c7-99ca-e95416aadda7
IM00007276,2025-12-26T08:11:50,W006,P00384,ADJUSTMENT,38,4466eb90-096a-49fd-8563-0690a29298a4
IM00007277,2024-07-29T15:48:05,W004,P00579,TRANSFER_OUT,-49,32372763-9b18-4d1e-937c-759d7d3f92ca
IM00007278,2024-11-15T03:10:44,W014,P00051,TRANSFER_OUT,-12,bcb0fe4d-ca5a-44c6-ba12-441ee01343c9
IM00007279,2025-12-19T17:07:25,W004,P00487,SHIP,-45,0d14e74c-8cf9-47f9-bd12-7f8c04f72e4d
IM00007280,2025-07-19T18:10:54,W017,P00287,TRANSFER_OUT,-49,8f73a65e-086e-4a97-a314-e09380e2bea8
IM00007281,2024-08-01T07:22:03,W010,P00101,TRANSFER_OUT,-3,004172d1-b69f-4a6e-a79b-d732b946f5c1
IM00007282,2025-07-30T09:29:28,W010,P00102,SHIP,-31,70a3470c-df3b-4a35-a9bd-57aca826a90a
IM00007283,2024-05-12T04:55:28,W013,P00298,TRANSFER_OUT,-38,c204a618-160e-4244-b8f3-8c5cbfe116d3
IM00007284,2025-12-30T16:25:21,W014,P00132,TRANSFER_IN,9,7d571a73-1991-420f-8ee2-38b51255bc06
IM00007285,2025-06-08T12:47:29,W001,P00089,RECEIPT,31,c442aee8-5aef-4cf9-ad9e-1131cdbf69bd
IM00007286,2024-10-27T04:59:12,W004,P00341,TRANSFER_IN,25,c788c5fb-9b9b-474c-ab5c-912ddb3b2f9c
IM00007287,2026-01-26T17:12:17,W001,P00594,TRANSFER_IN,46,20a5f679-3616-4f10-b53f-341eb2e9e17e
IM00007288,2024-07-15T11:21:02,W014,P00544,SHIP,-4,40eb8ed3-98ea-4212-bf1b-93ef37d1d4c6
IM00007289,2024-01-09T07:30:03,W016,P00484,TRANSFER_OUT,-43,ab1dd325-4c47-4024-a330-a4a5ea836b33
IM00007290,2025-08-07T20:05:01,W002,P00471,SHIP,-6,f773fb83-f385-4702-9b82-7b3ae704a82c
IM00007291,2024-03-06T15:51:48,W003,P00379,ADJUSTMENT,24,faf99c6b-394c-4ab9-9981-63916c93462f
IM00007292,2025-11-18T19:14:04,W006,P00384,SHIP,-6,5119d60f-a4d6-450e-b787-7c4b983032a4
IM00007293,2025-03-14T01:17:57,W011,P00383,RECEIPT,19,8fe45d35-f812-40a7-9677-93b2f72bafbc
IM00007294,2024-06-17T19:24:58,W014,P00488,ADJUSTMENT,38,7c6cc487-9744-42ce-b9f7-77e220a6b29a
IM00007295,2026-02-23T06:20:42,W017,P00596,ADJUSTMENT,39,57760686-e8b4-4f24-9d2a-51a8593e8969
IM00007296,2025-08-08T13:03:36,W003,P00267,ADJUSTMENT,28,54991ab6-fcc1-464a-bef0-8cd8c86c1989
IM00007297,2024-10-20T08:11:21,W004,P00039,TRANSFER_OUT,-31,7222b78e-6757-4131-9d4b-cb546035ca76
IM00007298,2024-02-20T19:34:36,W015,P00131,ADJUSTMENT,19,274cd074-1dcf-4c1a-9e09-04abbf1d1583
IM00007299,2025-02-25T06:53:34,W011,P00505,TRANSFER_OUT,-30,f22d298e-7acf-4533-b409-1c692311acdd
IM00007300,2026-02-19T00:52:44,W008,P00063,RECEIPT,5,d9ff9c67-d48f-4dc5-a032-c8d88551a9c7
IM00007301,2024-11-05T16:47:22,W009,P00020,SHIP,-12,26caefed-eb03-4104-ba42-388da007e3e2
IM00007302,2024-10-17T01:56:41,W004,P00454,TRANSFER_IN,25,8c567a75-583c-4641-a551-4b58f2ccc542
IM00007303,2024-05-14T22:27:04,W008,P00115,TRANSFER_IN,13,a76cf295-3a83-42c9-9ecb-22e00741a492
IM00007304,2025-04-17T13:18:59,W009,P00326,ADJUSTMENT,30,3819b935-46e4-4f31-bd79-47b74de44bfb
IM00007305,2025-07-11T04:29:41,W010,P00136,RECEIPT,31,9dd86d63-008a-4e0b-a214-dd4333767ae3
IM00007306,2025-04-07T03:05:44,W009,P00172,TRANSFER_IN,34,56e6b8b0-b111-4699-9bf3-e3c8a214c25a
IM00007307,2026-01-29T10:12:42,W007,P00513,RECEIPT,39,1486a64f-401e-4e8a-ab35-28de126dd46d
IM00007308,2025-02-19T17:45:13,W010,P00278,ADJUSTMENT,7,dcb39fea-bcc3-4d8e-a0ea-6bd416172744
IM00007309,2025-02-24T03:44:43,W003,P00375,RECEIPT,43,d449901d-c604-48a6-8dfc-5d40b60444a7
IM00007310,2024-06-23T21:03:05,W011,P00528,SHIP,-41,a1a89497-52b3-4ee7-9b64-6707b860d3d2
IM00007311,2025-12-12T01:34:12,W002,P00585,RECEIPT,4,da8832c8-6ae3-400d-a4bb-adf0b274a2f8
IM00007312,2024-03-12T13:19:44,W015,P00051,RECEIPT,19,fab22cd9-2275-4205-b450-8cc75a7c562f
IM00007313,2024-12-08T23:06:05,W007,P00282,TRANSFER_OUT,-8,69346c6d-8a5f-4517-a859-98c9a01452cc
IM00007314,2025-02-04T15:46:41,W009,P00110,TRANSFER_OUT,-26,9f84ea7e-7cb2-40cf-ba6d-922a22cfc986
IM00007315,2026-03-01T15:47:55,W014,P00385,ADJUSTMENT,36,e18391c5-d3fd-4324-8e88-ec910fa67d02
IM00007316,2024-03-17T04:09:21,W015,P00379,SHIP,-42,3ab7744f-d78f-40b5-a0ac-b6ad006ed5c4
IM00007317,2025-03-29T06:28:04,W007,P00363,ADJUSTMENT,18,82a0757f-05ad-4868-a9a2-620806d88d3c
IM00007318,2024-06-11T09:13:53,W012,P00279,RECEIPT,43,b5d0676b-17b0-4012-9ea3-3def1fb04af3
IM00007319,2025-08-27T11:55:51,W004,P00287,TRANSFER_IN,24,13066617-1062-4ee0-a8da-e1ae701ac7ca
IM00007320,2024-02-10T21:00:18,W015,P00129,ADJUSTMENT,43,d482e93f-c542-4613-82bd-dcfaee9ce267
IM00007321,2024-07-01T10:48:08,W016,P00444,TRANSFER_OUT,-14,b5dd9ba6-e307-4855-9305-68431341e93d
IM00007322,2024-08-06T21:14:49,W012,P00010,SHIP,-16,af7794bb-35c1-4dbe-ba0d-4da398b92ef0
IM00007323,2025-06-07T12:23:41,W009,P00404,TRANSFER_OUT,-15,eb68a70f-13fe-4236-83d4-926c6d1bccd2
IM00007324,2025-12-29T07:48:53,W010,P00395,RECEIPT,31,5884b96c-d281-4854-b95b-b0560a1e32a9
IM00007325,2025-07-27T07:22:05,W011,P00377,SHIP,-49,6522c448-bdf6-48ef-9dad-75d61e03903a
IM00007326,2024-06-27T17:43:34,W015,P00293,TRANSFER_IN,33,05c6c6f0-4d5c-4087-90d5-a5f937eb63aa
IM00007327,2025-02-04T10:43:07,W013,P00298,SHIP,-23,3ccbc5c2-4310-407a-8b4f-20fb1ea62f42
IM00007328,2025-12-13T06:41:04,W010,P00267,SHIP,-48,f4f401af-b01c-4bfa-8256-ff64550512b0
IM00007329,2024-06-19T14:38:49,W011,P00096,SHIP,-10,389fbefb-927b-4659-bd45-3d4ce18cfae7
IM00007330,2024-07-08T20:00:56,W005,P00285,RECEIPT,22,85abbaba-de8a-4308-b48b-a9e38ea087e9
IM00007331,2024-02-13T03:39:23,W015,P00274,TRANSFER_IN,20,e1eba895-06bf-4eb2-a0e9-a8db5eb9941d
IM00007332,2025-03-11T20:34:46,W002,P00408,RECEIPT,45,b8af0916-8a5f-4df1-b044-cd7ec61dbf7b
IM00007333,2024-01-26T03:32:54,W004,P00520,TRANSFER_OUT,-30,a2c825e7-8ff4-4d22-92e3-bae48963db8a
IM00007334,2025-05-08T00:04:41,W014,P00236,ADJUSTMENT,24,ebc533c2-ea1f-4165-ac8c-e3aa1bd394ec
IM00007335,2025-06-14T11:14:37,W005,P00178,ADJUSTMENT,6,e02964f8-0bea-4ccd-a1ad-62fdb8bbbdb1
IM00007336,2024-01-28T03:52:21,W017,P00423,TRANSFER_OUT,-18,cb20cc39-ca72-442c-8f4a-f4df83b69da1
IM00007337,2025-11-14T16:34:35,W014,P00014,ADJUSTMENT,10,b3dd6c8a-940b-4dd0-b883-6c7098e1bd60
IM00007338,2024-01-01T16:53:40,W013,P00530,TRANSFER_IN,43,c24f2d33-cb03-4070-8cd1-3ce2d66f0510
IM00007339,2025-01-13T01:44:40,W013,P00459,TRANSFER_IN,17,9b1db86b-b583-4636-aba0-df1f2ff31c77
IM00007340,2024-05-25T09:18:55,W001,P00277,TRANSFER_OUT,-2,63723a4b-c4b5-4cee-89e5-9ce59fbaef1e
IM00007341,2026-01-02T12:43:27,W004,P00408,SHIP,-19,43f9378c-b44e-408d-8b70-a99110c582e7
IM00007342,2025-11-18T23:21:49,W007,P00100,RECEIPT,16,9d5ac5ea-c352-4aed-b109-d65d5985f87d
IM00007343,2024-07-03T02:54:47,W010,P00033,ADJUSTMENT,18,8c4950cf-81d8-449c-8d70-dd426df53271
IM00007344,2025-01-27T08:39:03,W003,P00552,ADJUSTMENT,8,7423463a-5fe5-4264-b3ee-8e45a7908bdd
IM00007345,2026-02-25T07:41:57,W006,P00411,TRANSFER_OUT,-11,a8880fdf-e5b0-4c14-85ee-b54fce7bf7dd
IM00007346,2024-01-25T19:21:24,W014,P00257,RECEIPT,26,0aeded1f-3a52-4683-9b4f-08158f04d8cc
IM00007347,2024-05-18T07:03:57,W002,P00337,TRANSFER_OUT,-23,a1a78313-a420-479b-a576-86bc4fbe18e8
IM00007348,2024-05-25T21:40:02,W006,P00098,SHIP,-22,9961e17f-061c-430b-850f-10d8d6fed2d5
IM00007349,2025-12-03T04:47:53,W012,P00204,TRANSFER_IN,7,1aef9b96-c88a-46e3-89f9-f9c232c4f6ec
IM00007350,2025-03-17T16:56:01,W003,P00578,TRANSFER_IN,43,fb396948-e9be-43c0-80af-da32c55f4281
IM00007351,2024-10-04T07:29:21,W008,P00542,ADJUSTMENT,1,1811c76e-68bd-410f-892f-cf8b2442709d
IM00007352,2025-06-25T23:33:55,W013,P00025,TRANSFER_IN,2,48b8da7b-1888-4d5b-9b15-1b40cc2687f3
IM00007353,2024-09-18T16:01:01,W005,P00259,ADJUSTMENT,17,5c357a8f-c84c-46be-964d-8fb5c4a10fc0
IM00007354,2024-01-08T04:14:50,W017,P00445,SHIP,-15,9096e0fa-0607-449b-bfb8-e9730f778635
IM00007355,2026-01-19T05:02:09,W009,P00184,TRANSFER_IN,1,f0988a37-e8e3-4c86-9fbe-4ae41cda0156
IM00007356,2024-02-15T03:32:22,W001,P00010,TRANSFER_OUT,-1,3f6bd698-e891-44ca-a4e3-6b6c7f567dd1
IM00007357,2025-05-06T02:08:07,W005,P00011,ADJUSTMENT,25,39f089d5-f4c5-451a-a120-9f9899b072cd
IM00007358,2025-12-18T00:22:29,W016,P00062,TRANSFER_IN,27,0cdfef4d-4a74-4c61-a454-07ed540a10ff
IM00007359,2025-05-17T20:21:02,W011,P00378,ADJUSTMENT,28,ab0ef2ea-336d-46bc-b46e-31dd38bbce10
IM00007360,2024-08-19T20:28:17,W005,P00265,ADJUSTMENT,17,e907007b-ad55-4cfd-b64a-38781f803bed
IM00007361,2024-03-02T15:38:51,W016,P00339,ADJUSTMENT,4,4ed5085e-c739-47fb-bdcb-0c849098aecf
IM00007362,2024-09-02T20:29:19,W005,P00127,RECEIPT,40,b72883aa-5e3b-4c1a-8ce7-18f8e180c9a8
IM00007363,2024-11-05T08:26:51,W007,P00001,SHIP,-31,7894d5f6-8661-4a69-b1dd-030a0b5f98a1
IM00007364,2025-01-31T02:13:58,W016,P00300,ADJUSTMENT,35,87c5ab7b-a814-4522-b1b9-1b924471ce64
IM00007365,2024-01-11T00:39:25,W012,P00551,ADJUSTMENT,4,cdb99816-229f-4170-a18b-ac8ed58badf2
IM00007366,2024-08-14T11:17:23,W004,P00015,RECEIPT,31,47ada6cd-8b91-4293-870b-5ed5a7842496
IM00007367,2024-05-28T20:36:39,W010,P00152,RECEIPT,32,2a6e0995-bca5-475a-8905-4a12ab25238f
IM00007368,2024-12-16T06:07:51,W014,P00318,RECEIPT,12,367bb398-e19e-4f4f-938f-53d4c66a7df6
IM00007369,2024-11-08T01:31:35,W017,P00405,TRANSFER_OUT,-10,dc4e2814-e15c-4f43-bd32-abd2ff6af4c5
IM00007370,2026-02-02T21:42:03,W013,P00230,RECEIPT,11,0d00221e-582c-4793-98cd-e249c57ae106
IM00007371,2026-02-16T20:35:53,W002,P00289,TRANSFER_OUT,-39,95edac5a-c9a6-46fe-9aea-2c782752bc60
IM00007372,2025-11-06T09:32:30,W014,P00280,TRANSFER_OUT,-1,6d44ef19-d379-447a-8fa9-d7bc856030d1
IM00007373,2025-12-27T09:08:57,W012,P00531,ADJUSTMENT,31,2bf91246-7d95-4d9f-9697-62e2ec0f9dc7
IM00007374,2025-11-01T21:11:00,W006,P00435,SHIP,-34,cf340082-28df-442e-bbac-c2980e81a156
IM00007375,2024-12-19T21:57:21,W010,P00358,ADJUSTMENT,13,b0c2185b-0d23-42b0-93fc-bfd2bfaa1a65
IM00007376,2025-05-03T00:27:19,W001,P00244,ADJUSTMENT,48,350e3250-68be-41c8-b0d0-ef40968cc6e4
IM00007377,2026-01-15T14:20:17,W005,P00066,TRANSFER_OUT,-13,5da2cb21-ba92-43a7-8051-472ca43c5538
IM00007378,2026-02-12T01:40:46,W010,P00110,ADJUSTMENT,29,c5bbc518-aa3d-4d75-97ca-84547d5e1b00
IM00007379,2025-05-30T18:17:45,W005,P00566,RECEIPT,27,3bb7e766-7ef9-4f67-8f10-7dc0179a15d5
IM00007380,2025-01-14T03:34:28,W011,P00299,TRANSFER_IN,31,98cfb642-c983-4425-9ed1-b87832a2e75d
IM00007381,2026-01-03T21:25:19,W017,P00571,SHIP,-5,e1a5bb18-49fb-48c7-915b-c950ab8fd319
IM00007382,2025-06-10T15:45:42,W002,P00256,TRANSFER_OUT,-7,efbc380d-e4c3-44b2-91d3-b6e05e429d3d
IM00007383,2025-06-26T03:13:58,W013,P00301,ADJUSTMENT,17,ef704240-1bc9-4b58-bef9-46a1d8dd9a4c
IM00007384,2025-01-23T11:26:49,W017,P00048,TRANSFER_IN,41,0a5b6779-620b-423b-be33-13568da179b6
IM00007385,2025-06-09T01:46:08,W010,P00162,TRANSFER_IN,46,09ae6050-4645-4660-9609-701691e7d80e
IM00007386,2025-11-29T22:20:57,W007,P00586,SHIP,-46,0ed64131-6060-4c5c-aae0-ee4fc4262b74
IM00007387,2024-06-06T00:20:24,W002,P00074,RECEIPT,21,dc259405-22a0-4647-8f94-eb65a2259cf1
IM00007388,2024-01-03T13:47:24,W017,P00261,ADJUSTMENT,38,0cf0dba7-b3c2-4056-b1d9-c5caabd2c1c2
IM00007389,2024-08-01T05:29:58,W007,P00043,RECEIPT,2,631ba19b-54f1-4c2f-8758-48e78fec1d74
IM00007390,2024-12-26T01:46:16,W014,P00202,TRANSFER_OUT,-48,d0a232ea-1d65-4c6b-98e9-e9ceda9bad7b
IM00007391,2024-04-19T21:27:22,W007,P00112,SHIP,-12,20ed60a8-18ac-48f4-95db-ddf404f3de21
IM00007392,2024-04-30T21:11:26,W005,P00267,TRANSFER_OUT,-33,a3458a66-fc89-42d9-8002-cde3d8f40c2c
IM00007393,2025-02-09T10:43:26,W015,P00486,RECEIPT,3,dfc924ff-c38d-41e0-a896-49e133afaf91
IM00007394,2026-02-25T13:25:56,W004,P00573,RECEIPT,16,06d48c98-39ee-45f5-9c8a-be3c34fbd63e
IM00007395,2026-01-23T06:36:06,W005,P00310,ADJUSTMENT,45,2934ebc3-956d-4feb-8220-551d95968812
IM00007396,2025-10-26T13:39:30,W012,P00075,TRANSFER_IN,19,ecefd5c6-e27f-4559-bc48-2cc7191d21ef
IM00007397,2025-07-01T00:53:42,W009,P00039,ADJUSTMENT,14,f2b67986-ebcb-4837-b65c-4c46a4b2872a
IM00007398,2024-11-20T05:09:43,W010,P00148,TRANSFER_OUT,-21,6e993422-4278-4a85-b3ed-e1d3f61c4afd
IM00007399,2024-10-25T19:38:29,W010,P00393,SHIP,-8,c8fd8e4c-f738-418d-9840-062454379106
IM00007400,2024-02-03T08:35:21,W008,P00173,RECEIPT,34,cd0ebfc9-625e-49a0-a8b3-37c74cfb250c
IM00007401,2024-03-24T23:24:17,W008,P00513,TRANSFER_OUT,-29,6385e2ad-3610-4364-ba18-5f470f6e118c
IM00007402,2024-05-20T02:01:08,W010,P00566,SHIP,-34,06829f70-64d9-472e-a607-d33bb786395e
IM00007403,2024-04-09T08:16:17,W006,P00173,RECEIPT,18,7dba142d-c5aa-435f-abb5-a365d3eb8a67
IM00007404,2025-02-12T02:00:34,W005,P00090,TRANSFER_IN,45,c9df9c71-fbce-4240-8a04-65c59e727177
IM00007405,2025-05-07T08:08:25,W010,P00508,RECEIPT,7,90522d4e-d3f5-4ca2-a765-8a365eaced87
IM00007406,2025-10-08T11:04:33,W003,P00070,TRANSFER_IN,3,dbca3565-c724-4c26-a0fb-defcba8e0c00
IM00007407,2025-01-28T20:16:38,W015,P00454,ADJUSTMENT,16,914ca6b4-ab6f-4caa-9461-bc4798261fa8
IM00007408,2024-08-25T07:52:39,W017,P00596,ADJUSTMENT,35,f068ac7d-84dc-45bb-a74e-601d81e0d4e0
IM00007409,2024-02-17T14:32:17,W003,P00525,TRANSFER_OUT,-32,04dbfb05-3fd1-4514-89f8-da57b61de812
IM00007410,2025-09-22T01:05:44,W012,P00269,RECEIPT,24,843852a8-85b2-4b23-bc52-cc9bca3009ed
IM00007411,2024-03-19T13:47:20,W011,P00214,SHIP,-33,44fab387-259f-4974-b31f-9c26498b6cbd
IM00007412,2024-11-24T22:03:45,W009,P00360,ADJUSTMENT,25,e8ea7368-70d7-4b51-bfe7-e735efb725fb
IM00007413,2025-09-26T09:41:38,W016,P00570,TRANSFER_OUT,-42,73879386-7425-4f6a-b4f4-68efaf223a61
IM00007414,2025-02-22T14:41:50,W011,P00514,SHIP,-45,15d15f26-dd14-42da-af26-7537d3193471
IM00007415,2025-06-25T20:42:16,W017,P00271,SHIP,-15,3c41756c-84ee-4456-9d1b-83b725efa32c
IM00007416,2024-06-06T03:14:54,W006,P00141,SHIP,-25,44613a11-9c95-420e-8f2c-02908913352f
IM00007417,2025-05-07T07:39:48,W011,P00053,TRANSFER_IN,48,96438006-6e89-4911-8405-2ee82803b6a1
IM00007418,2025-02-28T22:57:00,W008,P00473,RECEIPT,29,76853bde-b199-4098-981f-c9e1f9445fe6
IM00007419,2026-02-10T11:18:43,W006,P00577,RECEIPT,40,17eeeef4-4d22-41d3-92e4-e3d84a93e92e
IM00007420,2024-01-08T00:11:21,W004,P00054,SHIP,-47,5d3e343b-821a-48ba-8144-7f055429f778
IM00007421,2025-09-25T13:54:17,W004,P00480,RECEIPT,7,744859c7-3cd0-4ea8-a399-2fb814763f33
IM00007422,2024-03-31T06:52:59,W007,P00415,RECEIPT,34,c2e19a41-1313-43cf-bc92-d63ad81d57e2
IM00007423,2024-04-12T21:21:56,W001,P00376,SHIP,-34,f2491416-55b1-4f5c-906e-a4a4fdb9d39c
IM00007424,2025-07-04T19:13:54,W010,P00025,SHIP,-1,8e340ac9-20ac-45cd-b7bd-dcc572e2a24e
IM00007425,2026-01-15T20:49:21,W010,P00045,ADJUSTMENT,13,b01b1b4e-a296-42c5-ac81-c4724bc6554e
IM00007426,2024-08-10T17:28:12,W001,P00314,TRANSFER_OUT,-14,a4a179f8-eecf-4423-b44b-e9877d299a34
IM00007427,2025-08-05T09:34:15,W007,P00326,SHIP,-29,411b0907-0ad8-4e2a-989c-593759cef1dc
IM00007428,2024-01-04T02:29:05,W012,P00195,SHIP,-19,1b30a431-dce0-4afd-82b5-1f92b8cd8c8e
IM00007429,2024-10-08T01:26:09,W006,P00297,SHIP,-26,15cc7e83-8d07-45f2-8e8b-6de5112515b4
IM00007430,2025-11-08T02:33:11,W005,P00354,RECEIPT,30,d17fdbef-0e11-485f-8557-7b523405cc02
IM00007431,2024-06-04T14:58:26,W010,P00187,ADJUSTMENT,5,a44b449d-6653-41f5-b71a-baebd6b2c7cc
IM00007432,2025-10-07T15:16:26,W014,P00192,TRANSFER_IN,1,a407988d-096b-4b35-be65-fa721afd5676
IM00007433,2025-02-16T16:54:27,W017,P00246,SHIP,-48,0c1146dc-9fe6-449d-8f34-e1c6a2a946b6
IM00007434,2024-12-20T09:53:14,W001,P00433,SHIP,-4,4babdd05-c14d-49a3-bb8c-998135b64398
IM00007435,2025-05-01T19:36:06,W016,P00265,SHIP,-30,a8ea8408-e58e-4a18-929f-5db71e744316
IM00007436,2025-05-25T21:16:15,W013,P00563,RECEIPT,12,60102f70-dcde-4cfd-93d2-d422ba7af478
IM00007437,2024-06-04T07:04:50,W015,P00154,RECEIPT,38,e4f334ce-3440-4108-ac64-1ef842937502
IM00007438,2024-11-20T10:15:28,W002,P00089,TRANSFER_OUT,-14,4777ba6c-52f0-4616-b827-13c4b968e034
IM00007439,2024-02-22T10:53:05,W014,P00363,TRANSFER_IN,35,1db1739e-9ab2-4a42-9605-4220ed9da58a
IM00007440,2024-02-16T10:12:44,W002,P00419,ADJUSTMENT,34,6590da53-d88d-41e5-a2ce-2aa5df84ef71
IM00007441,2025-01-10T09:42:54,W012,P00151,TRANSFER_IN,31,6d23ea5f-b87b-4d44-9396-f3fd3aa4f791
IM00007442,2024-03-29T07:35:19,W008,P00118,SHIP,-27,dcce6fe5-cfd1-4aca-9ad7-f458f2668539
IM00007443,2025-07-09T01:43:48,W006,P00520,RECEIPT,46,5ebb03cf-7425-41ec-b4de-cd799ee13ba7
IM00007444,2024-02-25T03:55:44,W014,P00501,TRANSFER_OUT,-48,be6728a6-b6da-498e-8dea-12c8bca329fc
IM00007445,2025-06-07T01:53:57,W012,P00006,RECEIPT,13,c06f1f22-fb3c-4225-a254-90e9487badd6
IM00007446,2024-05-16T03:57:03,W007,P00193,SHIP,-19,9e10721c-1347-4b63-bbde-279c007f2b43
IM00007447,2025-05-14T08:06:01,W006,P00021,TRANSFER_IN,31,674431d1-174c-4272-8bbb-db29f0153d49
IM00007448,2025-02-20T04:17:27,W011,P00152,TRANSFER_OUT,-27,6b8cf449-a9de-46c9-b1b6-3d267267f907
IM00007449,2025-08-28T23:46:16,W007,P00083,ADJUSTMENT,28,43a53743-8d03-4ad8-a3dd-87d4d3c82bc6
IM00007450,2025-12-07T22:57:52,W015,P00003,RECEIPT,18,4010185e-ac6f-4591-ae62-ecd4e392ba2f
IM00007451,2026-01-16T03:44:17,W005,P00026,TRANSFER_IN,11,234101a7-55bb-452e-9333-d8cfc46046be
IM00007452,2024-03-22T22:02:26,W004,P00507,TRANSFER_OUT,-37,89f40561-f24e-4ed5-9d63-add5ddeeaf15
IM00007453,2024-08-04T21:15:13,W006,P00099,ADJUSTMENT,41,45a0e605-868a-4e15-b5c8-c88f5f1eeb91
IM00007454,2025-08-26T03:23:58,W012,P00180,RECEIPT,29,523f40f0-d743-45e8-b619-a7fee6d764f9
IM00007455,2024-07-29T18:40:52,W013,P00417,ADJUSTMENT,40,55d951f4-0809-430d-af3a-015c5226f49d
IM00007456,2025-04-17T04:56:23,W009,P00063,TRANSFER_OUT,-5,08b55c67-39a4-4316-9d9c-b6d79643bd87
IM00007457,2025-07-12T18:19:06,W014,P00479,SHIP,-18,c216026a-db8e-4c86-ac6c-f6ce24071aa4
IM00007458,2025-04-16T09:45:55,W001,P00520,TRANSFER_IN,21,3ad94d61-8d34-4db1-9867-095edf3e2341
IM00007459,2024-03-16T12:24:40,W012,P00437,TRANSFER_IN,19,1de4606c-3c47-4de6-bf22-1fa42739c014
IM00007460,2024-12-21T15:59:15,W013,P00251,SHIP,-36,7783a8dd-3755-4486-8b6d-bae303330d70
IM00007461,2025-11-22T09:55:45,W009,P00373,SHIP,-14,b6666253-b8a3-452d-ab21-992fe8d0bb5a
IM00007462,2024-08-21T04:52:48,W011,P00279,TRANSFER_IN,28,aaf5dde5-bc0c-45d4-bbd5-33cddebed693
IM00007463,2025-10-13T13:51:18,W001,P00555,TRANSFER_IN,10,82859820-b760-4678-8e37-bd2d6aa2a4ea
IM00007464,2026-02-03T20:08:46,W008,P00351,SHIP,-42,5a2e4a49-aac6-4db5-aae3-5816f1fded57
IM00007465,2025-09-23T06:25:32,W013,P00290,ADJUSTMENT,46,a6f03705-a53d-4a6f-939d-d538d2689ac2
IM00007466,2024-02-23T04:27:12,W004,P00223,TRANSFER_IN,40,f3aeacb1-be97-43e1-806a-471f102f814d
IM00007467,2024-04-17T07:19:00,W003,P00223,ADJUSTMENT,48,b7995f61-a034-411e-a554-db008d45f278
IM00007468,2025-05-05T17:24:11,W015,P00225,RECEIPT,43,0210e6ff-09a1-41e2-8524-b55f31e47df8
IM00007469,2026-02-28T08:37:03,W007,P00592,RECEIPT,14,5de88b09-4168-4a18-8050-2cb09a11e7ae
IM00007470,2024-08-03T19:32:19,W004,P00428,ADJUSTMENT,10,efa7c9a2-258d-4042-9331-2cd783c4bf3b
IM00007471,2026-02-04T15:06:34,W017,P00227,TRANSFER_IN,3,25924955-a004-4a88-aa31-3d775b0c6364
IM00007472,2025-04-14T14:35:48,W002,P00320,ADJUSTMENT,49,32b2a84b-25f0-46f1-96fc-27f9fb16ecf7
IM00007473,2025-02-11T21:05:33,W013,P00326,TRANSFER_OUT,-28,959cda89-ed44-4f73-ba19-97ec1cf0f71e
IM00007474,2024-11-04T04:45:33,W016,P00220,RECEIPT,1,edc24621-f07b-4c0e-bcab-ffaf888fb129
IM00007475,2024-12-09T07:02:24,W005,P00356,ADJUSTMENT,6,d1d7d31f-027c-4742-8989-caa9ac63087b
IM00007476,2024-11-05T15:17:23,W009,P00163,RECEIPT,41,eb927720-a940-4a90-8963-7ba281950c6e
IM00007477,2025-07-08T12:15:18,W007,P00163,ADJUSTMENT,47,c455bad4-3e43-4685-9c9b-b719aaa4fb3c
IM00007478,2026-01-09T17:44:24,W013,P00076,SHIP,-45,f68a07c4-5310-4622-b979-6625cf87ed2f
IM00007479,2025-07-13T21:54:36,W004,P00309,SHIP,-3,3277f1f8-1c52-4647-beeb-3edc69e35323
IM00007480,2024-10-05T21:38:01,W013,P00008,ADJUSTMENT,30,70a8d0c8-bb38-40ac-abce-e3b9996979e5
IM00007481,2025-01-06T03:07:00,W003,P00382,RECEIPT,37,91adc0fc-7180-4eed-998b-5ccddf5e5ae3
IM00007482,2024-02-13T06:39:55,W006,P00471,TRANSFER_IN,9,db076a43-79f7-4ffc-ad0c-44cbe6f25f08
IM00007483,2024-01-21T19:02:21,W007,P00128,TRANSFER_OUT,-5,ce680b8d-9fdd-4b16-ba95-c1a39bfb8e36
IM00007484,2025-10-26T23:28:55,W010,P00166,TRANSFER_IN,1,b1951bd3-4d88-45a3-b8eb-9c18892146e0
IM00007485,2025-06-09T18:25:30,W016,P00115,SHIP,-34,a8da8ce2-eb75-4007-a18b-304d480a8173
IM00007486,2024-03-06T10:47:58,W016,P00389,ADJUSTMENT,45,a915665f-e887-4839-8725-60e6ac4ebf74
IM00007487,2025-12-07T07:44:25,W006,P00082,SHIP,-2,6ea313b6-54d4-4e7b-b0e9-852f6bb44d93
IM00007488,2025-07-23T08:02:36,W005,P00346,ADJUSTMENT,23,551d18ae-e816-4c1d-91bf-fa3d49519c0e
IM00007489,2025-05-18T00:37:19,W016,P00489,RECEIPT,17,00737645-f2e3-4b97-8dfe-68bf45bb26ab
IM00007490,2025-07-18T15:19:37,W001,P00139,TRANSFER_IN,32,1a2ec471-373a-4506-842b-771f4eff78f9
IM00007491,2025-01-06T19:22:18,W006,P00079,TRANSFER_OUT,-45,c293aec0-b6d9-40a0-aff8-e59c053d2ee6
IM00007492,2024-02-24T09:00:59,W002,P00564,ADJUSTMENT,1,8e2c60c1-34f3-457f-8423-1d2b52935f72
IM00007493,2024-04-11T22:19:13,W012,P00409,ADJUSTMENT,11,dbd31e9e-73f3-46f6-9b15-9de6730f413d
IM00007494,2024-05-28T09:58:18,W007,P00131,SHIP,-43,f7eeedd9-9df1-4917-adfa-9777b9e404ba
IM00007495,2024-05-22T18:16:23,W007,P00107,RECEIPT,48,adc6ede4-99e2-4b9f-9f41-c81883a20a1e
IM00007496,2025-04-22T02:25:58,W001,P00140,TRANSFER_IN,46,98bb0855-5872-432c-be3d-20094b7f4279
IM00007497,2025-07-18T19:09:42,W002,P00253,TRANSFER_IN,41,f7c6e38e-8cb7-4a6a-8fda-ca36e9daf9cf
IM00007498,2024-04-25T03:00:34,W005,P00421,SHIP,-3,7d977343-780b-434b-b1f3-2b33fb75090a
IM00007499,2026-01-10T01:41:58,W010,P00168,SHIP,-18,fa8a8aa8-d740-44e1-9855-fddeb2189ce4
IM00007500,2024-05-09T13:58:38,W012,P00523,RECEIPT,40,117ed06a-2deb-4b4b-8f6d-7df923f4846c
IM00007501,2025-12-08T23:50:41,W007,P00440,ADJUSTMENT,40,74d2be3a-9d0e-4fc2-b936-44c9e0278be8
IM00007502,2024-01-07T01:43:54,W014,P00485,RECEIPT,29,c17b7f41-c38d-4441-835d-98bf539fcf31
IM00007503,2024-06-14T10:11:05,W002,P00002,SHIP,-24,c105cf71-91b2-4d80-b6be-9cdd0fef2520
IM00007504,2025-05-23T18:35:57,W002,P00141,TRANSFER_OUT,-33,d0b54c94-099d-4034-b4e4-df9719d83bbc
IM00007505,2025-04-04T17:46:13,W009,P00090,SHIP,-29,c682e2ff-ebd7-46c0-8323-6e56d9d26aa8
IM00007506,2024-09-22T19:04:55,W015,P00023,ADJUSTMENT,26,8f00dc8d-64c7-4191-a0b8-d1e89a2468e6
IM00007507,2024-07-22T09:03:49,W014,P00371,ADJUSTMENT,10,4e30d79e-3760-4db7-80a4-de7a6a7f7333
IM00007508,2025-04-01T14:57:17,W010,P00301,TRANSFER_OUT,-27,6b8425fb-de3a-4f93-bbc9-c74e3805d0c9
IM00007509,2024-03-28T06:06:02,W007,P00416,SHIP,-21,f6357b2f-4b8c-43be-b2ee-b8a2c2266697
IM00007510,2026-02-16T02:04:00,W015,P00105,RECEIPT,46,4ea5809c-c336-400f-ad45-eaeb4d0998b1
IM00007511,2025-09-13T12:37:02,W010,P00396,SHIP,-4,1a8303ff-5ad0-48ca-b4d7-fbd24604ddbc
IM00007512,2025-03-25T16:24:23,W017,P00107,RECEIPT,47,5aa3acaf-2796-4146-ae12-f47c6f414821
IM00007513,2024-01-25T03:18:34,W010,P00103,SHIP,-18,b1a76072-4dda-43e1-a00b-24e18b8f49f2
IM00007514,2026-01-12T23:18:14,W007,P00485,TRANSFER_IN,27,909edd36-8387-48b3-9d04-2213e7ef121b
IM00007515,2026-02-16T18:01:53,W001,P00516,SHIP,-4,e6eacf26-3cf4-48be-b446-e257da34fb60
IM00007516,2024-12-21T00:27:44,W009,P00406,ADJUSTMENT,28,ade2aeb9-1c36-44cc-88f5-2b1e25f75364
IM00007517,2024-04-27T19:43:18,W015,P00172,TRANSFER_OUT,-27,058f5da0-f983-4e68-a663-53d81d755b1e
IM00007518,2024-07-25T11:18:32,W016,P00168,ADJUSTMENT,45,47f6207a-5247-4122-aa29-c14543f87eb9
IM00007519,2024-04-10T22:23:09,W002,P00136,TRANSFER_IN,21,e2a43557-027e-43a7-9e1a-34e926b32b23
IM00007520,2025-08-06T09:21:21,W015,P00472,TRANSFER_OUT,-3,08ae3b4b-faaa-46a7-8f11-0e371949ab45
IM00007521,2024-03-27T10:32:48,W012,P00593,TRANSFER_IN,12,69f5cf5e-a043-4827-a7c1-22969d287bdb
IM00007522,2024-04-23T16:48:15,W012,P00594,RECEIPT,49,9369a1f6-6a4f-4639-862f-7a19a3df1363
IM00007523,2025-03-21T12:59:16,W012,P00566,SHIP,-44,e2e3d6a7-aec7-4ea5-be83-c31d1eaec047
IM00007524,2025-02-17T19:05:33,W002,P00268,RECEIPT,9,5429b18d-f54f-4157-b253-561385c1f837
IM00007525,2026-02-22T22:43:26,W017,P00306,TRANSFER_IN,16,c9875a2e-6273-45ed-a88d-c26a5cf719ad
IM00007526,2025-04-12T19:13:51,W016,P00040,RECEIPT,19,baf886ae-f825-4755-a9f5-b9bab8dd1967
IM00007527,2025-04-22T10:25:16,W013,P00566,ADJUSTMENT,18,c003d86a-6bfc-412d-8c8b-35882b21e27b
IM00007528,2025-02-03T10:09:31,W009,P00381,SHIP,-11,a01fcd1e-6b97-45b9-8fa9-c0319d98e736
IM00007529,2025-09-10T01:30:43,W009,P00368,SHIP,-21,b572e4cc-59e7-478b-b1f1-fb455ae113d4
IM00007530,2024-04-19T21:02:15,W010,P00286,TRANSFER_OUT,-46,aeb3e3a1-2ac0-4870-8c12-5923dba9dd79
IM00007531,2024-01-02T22:28:43,W017,P00442,TRANSFER_IN,13,6ed3edfd-a473-46b8-b7e9-3c5fd2f12da6
IM00007532,2024-07-16T16:59:18,W007,P00104,SHIP,-20,cbcc0d23-a18e-4440-a667-3f3ee1432168
IM00007533,2024-10-28T12:30:02,W009,P00600,RECEIPT,44,09d6e40b-dfe1-4458-9fd3-d97530c8471d
IM00007534,2024-11-18T06:04:00,W010,P00460,ADJUSTMENT,7,7a0131de-7275-40e7-b9ae-054a33afa587
IM00007535,2025-01-26T08:51:53,W011,P00505,ADJUSTMENT,33,6bbaae46-3c1c-442d-81c7-bbf29f7594ed
IM00007536,2024-07-03T11:06:20,W012,P00162,TRANSFER_OUT,-49,ad68f498-e7ac-40f6-98ad-a8536d0f518a
IM00007537,2025-10-13T11:25:11,W003,P00166,TRANSFER_IN,21,72f43d9f-d3d9-40a5-8573-b6222e906ded
IM00007538,2024-03-18T15:00:09,W006,P00170,TRANSFER_IN,32,a77d70df-a594-41ca-8294-e92055ffb39a
IM00007539,2025-09-20T10:22:56,W009,P00504,TRANSFER_IN,26,154c3574-2e0f-4b86-b8ee-fca602a06326
IM00007540,2025-10-16T07:03:50,W013,P00027,SHIP,-28,f9aa4c70-002b-4663-8ee1-030cf57248b7
IM00007541,2024-02-05T17:23:09,W004,P00195,ADJUSTMENT,44,2186ab6e-d111-4b66-b931-927c6f5d9376
IM00007542,2024-11-20T20:10:31,W013,P00023,RECEIPT,35,bf787d85-7e10-4912-ade3-27c9da399453
IM00007543,2025-09-10T09:18:01,W009,P00473,TRANSFER_OUT,-13,d7aa5a8f-6f2e-4757-9503-6ca62eed16d4
IM00007544,2025-04-17T23:25:54,W013,P00229,TRANSFER_IN,47,c7cca12e-788d-4eb0-b059-2dc26095cda7
IM00007545,2025-05-03T17:43:31,W007,P00133,SHIP,-43,68ee6019-c227-448e-8ba7-61f1618a63a1
IM00007546,2025-08-24T06:47:37,W002,P00564,TRANSFER_IN,21,16be316e-8e45-4360-9827-883f48120677
IM00007547,2024-03-28T11:46:10,W001,P00354,SHIP,-34,8bc6e159-562e-47f8-9ebc-c081e99b75fb
IM00007548,2025-10-30T17:28:17,W004,P00306,TRANSFER_OUT,-47,69a0dc83-64e3-4e8e-8a6c-78f9f6b428b7
IM00007549,2025-07-11T16:32:34,W014,P00514,TRANSFER_IN,24,c8c0c24e-90d9-4fba-84d2-7c7fcf56ba5d
IM00007550,2024-12-02T06:40:02,W012,P00333,SHIP,-39,53d8154e-9515-47b0-aa78-019a8520762d
IM00007551,2024-03-04T21:31:10,W012,P00105,SHIP,-1,898b2609-b5aa-4946-a9ee-500108d7d1b6
IM00007552,2025-10-03T13:04:50,W011,P00214,RECEIPT,44,6a52c9f8-4826-4ea2-a089-07efd7d74bde
IM00007553,2025-12-01T09:19:49,W011,P00526,TRANSFER_OUT,-11,e6889d26-e9b7-4b0a-8f99-9bbdeeb085cb
IM00007554,2024-11-08T13:26:39,W009,P00590,ADJUSTMENT,49,2b010a9b-7bb1-4651-814a-059195167a11
IM00007555,2025-10-01T12:31:25,W016,P00303,SHIP,-19,3236fe3f-7300-4756-8ccd-989b1349ebce
IM00007556,2026-02-20T20:03:10,W011,P00246,TRANSFER_IN,6,fb9e8e9d-cbd7-403a-99b2-0a068279d829
IM00007557,2024-11-29T12:58:46,W011,P00208,TRANSFER_OUT,-26,ed018f3e-c918-4f1c-b3c9-3bb3b6513b16
IM00007558,2024-09-01T05:28:18,W014,P00490,RECEIPT,13,30e50de1-ee05-43e7-a95c-a9da69fb9127
IM00007559,2024-01-29T08:07:09,W001,P00465,TRANSFER_OUT,-19,23b1c8cb-1474-4f63-874a-a4636f9d174b
IM00007560,2025-01-15T10:05:11,W007,P00563,SHIP,-13,d722a95d-7b09-4771-b08b-67578aadd17b
IM00007561,2024-03-02T17:52:08,W012,P00041,RECEIPT,2,dd757210-625a-4002-9dbf-d19a3780b230
IM00007562,2026-01-16T17:49:45,W002,P00384,SHIP,-36,9002ebb6-f515-4f58-89b1-2427e99eb718
IM00007563,2025-12-16T04:44:40,W014,P00459,TRANSFER_OUT,-8,f3830b00-b078-4ea9-b6dc-ca6f6860bff8
IM00007564,2025-06-23T16:55:03,W015,P00575,TRANSFER_OUT,-8,c61648c7-e875-4ffc-b91f-d56e5a7758e0
IM00007565,2024-11-10T17:16:43,W002,P00505,SHIP,-21,062c3265-1a90-4d2e-b257-54b1e58079c1
IM00007566,2024-01-21T11:50:43,W006,P00278,RECEIPT,40,15a4f17c-e4d7-4a8d-8d86-c6db89896b35
IM00007567,2025-09-30T14:45:43,W015,P00569,TRANSFER_IN,10,cf8fa01c-59cb-4d12-aa92-8be6454a28d8
IM00007568,2025-10-05T12:26:55,W009,P00248,TRANSFER_IN,31,4978013b-8720-44be-b595-94e04838f4c6
IM00007569,2025-12-21T14:19:36,W006,P00433,RECEIPT,28,b06eca91-099b-4612-b273-d087cf0c9a52
IM00007570,2024-06-06T18:46:23,W014,P00216,SHIP,-3,1b70189e-b219-4934-8f25-ec51b0772201
IM00007571,2025-11-19T08:35:52,W013,P00054,TRANSFER_IN,15,0dfae8af-08a1-4b07-a351-d370a30deba9
IM00007572,2025-09-03T05:50:10,W015,P00537,SHIP,-27,92eb7dfa-4257-4684-bc61-0f87071347a6
IM00007573,2024-07-30T12:49:34,W004,P00055,ADJUSTMENT,9,6635ed9c-cc1e-418d-a50e-a71ba14a338c
IM00007574,2024-06-26T00:18:11,W012,P00551,ADJUSTMENT,47,4c7be01c-000f-4776-b930-edbbcea7f79a
IM00007575,2025-01-16T01:09:46,W010,P00533,TRANSFER_IN,9,5adbd980-5d75-47d4-bd2a-c7744473d123
IM00007576,2026-01-29T19:53:35,W006,P00420,ADJUSTMENT,37,0ab1bb2c-afbe-4aab-b543-8a3f76af446e
IM00007577,2025-07-27T10:35:03,W016,P00509,ADJUSTMENT,44,141fb024-9428-4e09-83df-bd345998e5ba
IM00007578,2025-11-04T06:37:39,W012,P00076,TRANSFER_OUT,-23,1a4df7fe-8883-4e3f-b4ad-531051e0fb58
IM00007579,2024-04-30T01:57:25,W015,P00477,SHIP,-46,9e9757fb-5fe1-42df-a11e-c0bcd44ace56
IM00007580,2025-09-12T19:29:26,W004,P00403,RECEIPT,34,6a407881-7f6d-412f-9ef2-6ddb752549e1
IM00007581,2024-08-03T12:40:13,W007,P00184,RECEIPT,40,090e93ec-69a4-454a-9219-68fbe1f2349b
IM00007582,2024-07-30T18:01:29,W015,P00387,TRANSFER_OUT,-29,d674ed93-6d64-4a37-9d2d-44bbf6a2ffa2
IM00007583,2024-06-02T16:39:23,W016,P00158,ADJUSTMENT,12,43d5f111-33e7-4809-9bd1-69afcf3216ca
IM00007584,2025-04-29T09:46:48,W011,P00166,ADJUSTMENT,48,2b2f1f25-dc9e-4373-aeaf-cfdb228efc56
IM00007585,2025-05-31T01:12:55,W017,P00148,RECEIPT,11,cb1c62a3-2448-48ba-b0d8-3cf3d32f51f3
IM00007586,2025-12-23T05:57:57,W014,P00156,TRANSFER_IN,40,a448a3b1-19dc-4176-981e-cb9129069cf2
IM00007587,2024-04-19T11:55:03,W007,P00163,SHIP,-2,fd204b3f-466d-4e91-b6ec-0e42acb98e96
IM00007588,2025-01-24T02:57:42,W007,P00330,RECEIPT,20,d69f4bd8-f8de-44f1-b69a-4a3c62147e5c
IM00007589,2024-12-04T21:43:58,W002,P00180,TRANSFER_IN,33,1c3ba352-9877-4a68-bd5b-568ecb02b0eb
IM00007590,2024-05-20T06:50:04,W016,P00018,TRANSFER_IN,45,967a7b3e-fe47-4291-ade6-3d682175d5ed
IM00007591,2025-03-04T16:25:45,W003,P00367,RECEIPT,45,a7141b4f-7592-49a3-8ae9-fef45ee01958
IM00007592,2024-06-18T11:20:30,W007,P00110,SHIP,-19,d83072df-39b7-4c7f-930e-cfc5bae3d0d0
IM00007593,2025-07-19T12:43:54,W016,P00045,SHIP,-16,7a5f0669-0878-42ec-b7b2-66fd7b202f49
IM00007594,2024-08-28T20:43:49,W009,P00059,TRANSFER_OUT,-42,c6ad9431-79c9-46c8-b7f9-d878185cbb86
IM00007595,2025-07-23T13:31:01,W003,P00462,SHIP,-23,ad64009f-d556-4fe5-a62e-6ed3e6ae1bbe
IM00007596,2025-01-20T17:53:34,W011,P00103,TRANSFER_IN,42,ed81ab5e-697e-436a-9bbf-f1c0e8db2169
IM00007597,2025-08-12T06:15:51,W004,P00592,SHIP,-40,84634820-4941-4848-9f6d-51d6fb9e11df
IM00007598,2026-02-24T10:05:13,W002,P00540,SHIP,-27,bb89f2b9-ef99-444b-9e8e-719eb054bd5a
IM00007599,2025-08-05T18:46:16,W004,P00117,SHIP,-42,10967a69-a022-4d6a-baa6-fa44e9e2ba27
IM00007600,2024-02-23T03:22:24,W016,P00166,RECEIPT,11,9aa58986-b844-4f2b-8340-2f191d0a22fd
IM00007601,2024-08-13T12:17:37,W017,P00207,TRANSFER_OUT,-16,103abf63-66f2-47f4-8a71-64fa90547cff
IM00007602,2026-02-13T09:06:00,W014,P00278,TRANSFER_OUT,-47,d819f3d3-bc5d-4eb0-89fd-98689d05ed65
IM00007603,2024-04-20T10:31:57,W010,P00484,ADJUSTMENT,19,ea65e24b-b91e-4e86-985c-003f82b6e6f1
IM00007604,2024-09-06T10:10:38,W002,P00593,RECEIPT,4,6a574d15-b34a-40af-a7b1-a509f0206e0a
IM00007605,2026-02-26T16:07:08,W006,P00212,ADJUSTMENT,27,a357f0f8-cc95-4bd2-8ec4-7ccb376f25a1
IM00007606,2025-07-05T22:43:43,W001,P00019,TRANSFER_IN,13,9f7122ea-1c19-429c-afb3-a2ecc8c5b895
IM00007607,2024-04-03T20:56:06,W005,P00103,ADJUSTMENT,34,7dcb9946-81b8-4de4-af70-31093003e9c5
IM00007608,2025-01-29T19:28:58,W011,P00368,RECEIPT,9,1038c4c7-49eb-45d6-a9db-ebb005dc870b
IM00007609,2025-05-13T03:25:16,W011,P00542,ADJUSTMENT,16,f2407d51-8734-451e-8e13-907df3e7d9c3
IM00007610,2025-08-30T12:41:48,W016,P00486,SHIP,-43,63b032b2-69cd-4c41-b515-d577022c9ca5
IM00007611,2024-09-24T12:39:58,W008,P00395,SHIP,-13,3708de5c-d38d-4679-a073-0cafad293740
IM00007612,2024-10-19T13:44:39,W004,P00330,ADJUSTMENT,24,e5db0153-13a9-4cb4-9a9d-064eeb8058d9
IM00007613,2024-12-26T21:51:01,W002,P00456,RECEIPT,46,77a8f5e6-0a74-4250-bebb-911375933aa4
IM00007614,2025-12-15T19:50:06,W002,P00423,TRANSFER_OUT,-8,d6292ebe-7287-49bd-969d-b28357be0984
IM00007615,2025-10-06T01:04:55,W003,P00417,RECEIPT,30,5ebbf0dc-1112-4356-8b7c-d34bb3448e6a
IM00007616,2024-05-14T16:18:59,W011,P00278,ADJUSTMENT,23,ff330062-895a-40e6-9307-2b9ffdd242d9
IM00007617,2025-05-24T22:48:42,W008,P00461,ADJUSTMENT,8,e662bbd6-cb64-4c60-9cd3-e245155afe10
IM00007618,2025-04-20T01:02:04,W011,P00223,ADJUSTMENT,21,e5ba2ef9-16a4-4a01-8294-8dd39553193d
IM00007619,2025-02-03T15:39:38,W014,P00247,TRANSFER_IN,4,cc31e331-f1d5-4a8a-b308-d6461a38f795
IM00007620,2025-05-31T10:26:17,W001,P00521,ADJUSTMENT,24,27650488-527e-4d9e-b61d-d8fb7e44789e
IM00007621,2025-05-26T18:57:26,W014,P00596,ADJUSTMENT,42,027ed31d-d348-4e8c-97e3-4989128c62a5
IM00007622,2024-11-05T00:17:53,W006,P00313,ADJUSTMENT,13,ab0be341-3117-4306-afdf-721672e32e5e
IM00007623,2024-09-17T11:51:33,W007,P00229,TRANSFER_IN,11,d817a246-0611-4d12-8e83-b051b409acd2
IM00007624,2025-05-14T03:27:51,W003,P00338,TRANSFER_OUT,-48,f648734f-657c-4014-86e4-3ed58765c710
IM00007625,2024-01-05T11:21:14,W008,P00556,TRANSFER_OUT,-21,5b2b5577-0065-44cc-a6ce-7164ee195018
IM00007626,2025-01-11T17:25:59,W004,P00346,SHIP,-49,768060af-2fca-41d4-a15f-d8f379bd52b9
IM00007627,2024-03-25T19:59:54,W003,P00331,RECEIPT,48,897284af-63aa-4fb9-b03b-d0b80f513371
IM00007628,2025-06-03T21:40:26,W010,P00322,TRANSFER_IN,28,fb84dd5b-4662-41fa-a042-7fb9c9f12c32
IM00007629,2025-11-04T15:41:24,W011,P00120,TRANSFER_IN,40,45ed83a0-bf6e-40ec-8f32-220579905f87
IM00007630,2026-01-21T08:39:31,W008,P00556,SHIP,-9,6a4637d3-cfcd-4843-8028-7bc1b7ca4aa8
IM00007631,2025-07-10T21:06:36,W016,P00516,SHIP,-43,cde34582-f8f7-4343-89b3-defe6731f3d7
IM00007632,2026-01-12T16:07:10,W008,P00569,TRANSFER_OUT,-44,42e864f5-46b1-4978-8dc5-9398f1e2c172
IM00007633,2026-02-22T16:58:49,W001,P00289,ADJUSTMENT,13,7190315f-0099-4c06-b39f-4120e26c9762
IM00007634,2025-09-21T22:18:59,W011,P00414,ADJUSTMENT,43,7548f756-120e-405a-8d76-55e4c9bada19
IM00007635,2024-02-09T12:27:56,W005,P00344,TRANSFER_OUT,-40,ec892279-d94a-4584-b656-2de3e38652a0
IM00007636,2024-06-17T20:38:54,W009,P00384,ADJUSTMENT,36,74153237-6f89-454d-b1a8-13b5fd0beb9c
IM00007637,2024-09-21T21:36:05,W005,P00532,RECEIPT,42,ce262134-6fc3-4e6a-84bc-37dd0c5b30af
IM00007638,2024-12-04T08:44:18,W015,P00082,TRANSFER_OUT,-40,4752e2f3-a267-47f7-9a58-1c7cabbd1156
IM00007639,2025-07-18T06:06:48,W009,P00379,TRANSFER_OUT,-32,fe15559e-5080-40ac-bcb8-8870288b3298
IM00007640,2025-12-13T14:17:51,W014,P00423,RECEIPT,1,10a0106c-defd-4549-9133-0b9cafd36077
IM00007641,2025-12-31T08:19:27,W007,P00556,TRANSFER_IN,15,5ef10177-bfdf-4c73-9aed-ae4b3cb17e8b
IM00007642,2025-10-30T23:31:15,W010,P00068,TRANSFER_IN,2,e289d82e-f65f-4a37-82bf-a40bbf94133e
IM00007643,2026-02-04T18:04:29,W011,P00281,RECEIPT,37,12777288-ab41-44b5-92cd-87950bc2abe5
IM00007644,2026-02-24T09:50:35,W017,P00208,RECEIPT,15,b4688161-9013-4b8e-a4fa-01381652088d
IM00007645,2024-06-23T18:19:31,W007,P00483,TRANSFER_OUT,-37,4aae74a3-d72a-44d9-b076-548c7058cb25
IM00007646,2024-11-07T20:08:10,W001,P00458,ADJUSTMENT,22,245ede7a-e17f-44b7-8748-01c3b554078e
IM00007647,2025-11-03T15:52:59,W011,P00072,ADJUSTMENT,24,d846e89a-4407-4cda-8274-66967b68477a
IM00007648,2025-12-03T16:16:21,W001,P00415,RECEIPT,11,ee8316b7-1a52-453b-8aae-0fc44d2a49d5
IM00007649,2024-03-23T17:26:30,W007,P00248,ADJUSTMENT,38,63b02ccc-a313-40a2-9cac-20bcbefe51e8
IM00007650,2025-12-29T12:50:46,W008,P00311,ADJUSTMENT,25,cc72a676-bcc7-4217-a845-985fc762e1c4
IM00007651,2025-08-14T16:01:27,W011,P00552,ADJUSTMENT,27,50f8b7f8-b944-4888-8acb-f53bd0ccbb18
IM00007652,2024-02-24T16:26:21,W017,P00457,TRANSFER_IN,36,9535c6c7-a3ef-48c0-bd5c-c6360b43b3cb
IM00007653,2024-05-16T10:27:25,W011,P00234,ADJUSTMENT,7,99de122d-231a-4f4e-91ce-602537471357
IM00007654,2024-04-05T00:47:16,W008,P00059,RECEIPT,14,2b38db30-9ae4-455b-93f6-8801d44d9979
IM00007655,2024-07-21T17:56:25,W016,P00346,ADJUSTMENT,43,fe16fdd2-0f24-4517-a835-2978c7f6d2e5
IM00007656,2024-12-19T04:22:13,W002,P00211,TRANSFER_IN,46,9c998329-dd8c-4e75-a84b-8328b34a4fae
IM00007657,2025-07-20T22:14:06,W006,P00379,TRANSFER_IN,8,135cc456-27b2-438d-8eee-43c85f782c55
IM00007658,2024-08-07T20:21:35,W011,P00064,SHIP,-33,a489b1e2-6adf-46dc-b4cb-dce2dcf5856f
IM00007659,2025-09-28T01:48:24,W011,P00165,TRANSFER_IN,27,d4bf485f-f832-4d08-8e3f-afded94e807d
IM00007660,2024-12-06T15:37:24,W015,P00373,RECEIPT,7,baf9b29b-379e-4060-823b-00efde676166
IM00007661,2024-12-09T10:17:21,W011,P00516,ADJUSTMENT,21,a1361ec0-4a6c-4c3d-aa89-a0cc06c7379b
IM00007662,2025-02-22T16:07:52,W004,P00358,RECEIPT,9,facebc88-16fc-4374-88d3-abda15db5f6f
IM00007663,2025-12-30T02:06:03,W002,P00019,TRANSFER_OUT,-13,e7030361-aa1d-4938-96d8-41dbb787cf08
IM00007664,2026-01-28T09:24:23,W013,P00457,ADJUSTMENT,10,341aa5f5-dbd8-4e86-bc22-3bcc9c0c4941
IM00007665,2025-02-22T13:51:05,W016,P00422,ADJUSTMENT,19,14b2ac66-96dd-4be6-a49f-662c4c18b48c
IM00007666,2024-04-26T21:55:51,W003,P00012,TRANSFER_IN,1,f409ea72-0cb0-437e-85e0-b003c2f50719
IM00007667,2025-10-11T03:12:58,W008,P00120,ADJUSTMENT,15,da2a0a71-ffbb-4796-82da-b43b6238ff46
IM00007668,2025-12-17T02:08:51,W010,P00241,SHIP,-28,92c19741-d1a2-4b35-b20b-2fc095fc3230
IM00007669,2026-01-15T17:50:25,W015,P00050,RECEIPT,22,d8412969-eac6-4059-8b16-2a59a9ed716a
IM00007670,2024-11-13T00:45:06,W001,P00106,SHIP,-41,2b20fc5c-c549-4196-add6-b6589f75ff49
IM00007671,2024-06-23T08:29:39,W016,P00346,TRANSFER_OUT,-9,9eaed915-bad9-4bcc-b30a-1f96284dbb14
IM00007672,2024-06-04T04:04:18,W005,P00534,ADJUSTMENT,21,83b516e8-9a55-460e-aea1-3d1ac7c3c97c
IM00007673,2025-08-31T05:44:07,W012,P00272,RECEIPT,42,097a2ab2-4f99-47a0-a80b-18b66dac8115
IM00007674,2025-07-13T08:31:03,W011,P00236,RECEIPT,11,1bebaa14-94ef-4b3f-af0c-462a9d03b35f
IM00007675,2024-04-15T09:16:03,W012,P00261,ADJUSTMENT,14,957cb246-699f-468f-9980-891d32df2cff
IM00007676,2025-04-02T17:16:01,W003,P00144,TRANSFER_OUT,-8,49798a10-d07b-45da-8e33-a0355d79faaa
IM00007677,2025-06-04T11:37:02,W007,P00095,SHIP,-41,174b4e57-f6ff-42bf-9282-907a7cb61e62
IM00007678,2026-01-23T19:05:58,W005,P00039,TRANSFER_OUT,-44,abaad7b3-007c-4d42-9922-678ad8128b3c
IM00007679,2025-01-27T01:18:22,W008,P00092,RECEIPT,6,e715f03f-2a0a-4487-ab66-5759249e6691
IM00007680,2025-06-15T14:35:46,W014,P00223,TRANSFER_OUT,-11,11379485-ec42-4cd0-a61d-b2136a593de4
IM00007681,2025-11-05T07:15:04,W005,P00032,TRANSFER_OUT,-13,bfec5e84-8748-4ae8-8554-1fafc580fa68
IM00007682,2025-12-06T17:42:35,W017,P00444,TRANSFER_IN,24,1bec67fd-9f79-446b-bbd7-c6c7e7e22c45
IM00007683,2025-08-21T14:27:57,W005,P00283,RECEIPT,18,5da153e5-7ae4-4a4a-8cf5-0d3bac7d8527
IM00007684,2025-05-21T12:14:07,W014,P00404,RECEIPT,29,a11f38f6-5f46-42a7-9d41-8fe474b34cb7
IM00007685,2024-04-24T05:46:31,W002,P00147,TRANSFER_IN,24,07852442-ec2c-4d30-915d-104cbd9ec712
IM00007686,2024-06-01T02:51:03,W012,P00070,SHIP,-38,6ef4b4ea-c61f-461a-b22e-52dc18f02326
IM00007687,2024-06-22T09:45:30,W016,P00432,TRANSFER_OUT,-25,e51e13c0-de87-4187-92c8-4c99036a4fca
IM00007688,2024-01-25T10:35:37,W006,P00100,TRANSFER_IN,30,f75a59c2-74ac-4570-aec2-c01fa5fea237
IM00007689,2026-02-20T20:14:58,W008,P00048,SHIP,-12,e087cf27-3c69-40a3-8d71-5a58d1be4b86
IM00007690,2025-04-15T18:06:55,W007,P00025,TRANSFER_IN,19,83b3884a-1048-4e4f-b8f5-98a021d21063
IM00007691,2025-02-04T10:05:02,W006,P00382,ADJUSTMENT,8,e0243225-6592-447d-81cd-e4f6e75ff26f
IM00007692,2024-05-22T15:14:52,W012,P00396,SHIP,-13,45dc1384-fde8-4c09-8f83-f1f861b93e6d
IM00007693,2024-04-08T14:13:06,W001,P00512,RECEIPT,47,19b22aae-48b8-4044-9619-ddc0ba6b5233
IM00007694,2026-02-26T18:32:00,W008,P00078,TRANSFER_OUT,-22,391bb0f1-7d8a-415f-80e5-6d7d3d7ae167
IM00007695,2024-03-27T14:24:54,W016,P00355,TRANSFER_OUT,-8,dd55b893-96a5-475d-9e5e-24f2ea2d9926
IM00007696,2024-07-10T03:25:32,W006,P00351,SHIP,-21,5c7f908c-1d14-40d3-a79a-635759f52479
IM00007697,2025-05-08T08:16:35,W012,P00273,SHIP,-46,40a0a5a1-d60d-44c9-b190-8ccaf81a0687
IM00007698,2025-11-27T10:46:58,W014,P00172,TRANSFER_IN,40,ed2e25ae-ce01-48a6-a015-f803e7ba2306
IM00007699,2024-11-27T02:01:47,W013,P00060,RECEIPT,23,665fef8a-bcd7-414b-824f-4c7d81d561a2
IM00007700,2024-09-30T13:40:45,W017,P00342,TRANSFER_OUT,-46,39fabb0f-8503-4f32-9e7b-4d7200d45ef9
IM00007701,2024-10-01T01:58:03,W016,P00117,SHIP,-7,a01a1c85-0ec5-4a5b-866e-589b7dbdfae5
IM00007702,2025-02-05T13:11:17,W003,P00126,ADJUSTMENT,24,dbb12bf0-d451-493c-a593-d906ec1d4444
IM00007703,2024-02-14T08:48:50,W015,P00296,RECEIPT,7,647e0eb2-173d-4b76-a53b-e5165267169f
IM00007704,2025-03-28T08:42:47,W013,P00207,TRANSFER_OUT,-37,b18c8771-63c6-4dcf-90a3-dfa8cd1860fc
IM00007705,2025-04-24T23:50:18,W016,P00203,ADJUSTMENT,18,7ef8e652-b309-4123-82ba-328ed49ab365
IM00007706,2025-11-08T03:45:45,W011,P00004,TRANSFER_IN,14,8e4e8fc7-ad68-43a6-a68c-35ff36937eb1
IM00007707,2025-11-06T20:26:52,W009,P00206,TRANSFER_IN,27,cc72feab-7bf0-442a-a59b-b75693649f2a
IM00007708,2024-07-12T01:44:03,W014,P00057,SHIP,-31,f960e9b0-76f7-4b84-bc2a-d20f3c3bc368
IM00007709,2024-12-19T11:14:20,W009,P00166,ADJUSTMENT,16,7fc4ae94-86f7-443c-8852-f615b4ee1cb7
IM00007710,2024-01-20T02:42:01,W013,P00500,ADJUSTMENT,11,35d61391-fd95-4a9b-bc7a-64c1cd14d07b
IM00007711,2024-08-25T15:21:31,W001,P00412,TRANSFER_OUT,-29,9f9d3564-8770-40b2-860b-6a2bcc15df64
IM00007712,2024-04-03T00:00:39,W012,P00392,TRANSFER_IN,37,aa12e239-c33d-4625-8e89-a892f2b1cc25
IM00007713,2024-06-11T02:18:08,W005,P00089,TRANSFER_IN,45,6da44447-ed74-48ed-b3e1-f28a23b76237
IM00007714,2026-01-04T15:01:24,W017,P00370,ADJUSTMENT,7,7e080286-211a-4c2b-b254-760e8ad69709
IM00007715,2025-05-22T22:49:05,W011,P00223,ADJUSTMENT,12,8183ceef-19af-4231-b7aa-913ea37d12de
IM00007716,2025-02-28T08:04:09,W007,P00455,RECEIPT,34,f4b94039-103e-473c-844f-9f47c7fd6d54
IM00007717,2024-03-20T23:12:47,W016,P00030,TRANSFER_OUT,-43,9dff2a2a-fc42-40d3-b19b-45e28979d405
IM00007718,2025-10-14T05:38:59,W008,P00387,RECEIPT,5,87f35115-48f8-4ee8-987c-d9be3b96ca27
IM00007719,2025-02-09T07:28:58,W008,P00146,RECEIPT,29,6da4b6b7-8920-46ca-a822-2d1181b1a66e
IM00007720,2025-09-10T23:33:08,W014,P00380,SHIP,-37,a8fc6c6d-0845-41d8-85b8-15289ff5fe44
IM00007721,2024-05-28T22:30:02,W014,P00444,TRANSFER_IN,7,b19b5a87-bbea-4337-a8e2-6f0da992bbb2
IM00007722,2026-01-25T22:38:47,W001,P00382,TRANSFER_IN,18,b63db327-f9da-4d3f-9032-07811a0f8a9c
IM00007723,2024-12-12T12:43:13,W005,P00035,TRANSFER_OUT,-10,3fb37e09-2f0b-488d-9fd7-d2175241bdca
IM00007724,2024-04-18T21:52:15,W013,P00131,RECEIPT,30,b0ebfeb4-0087-4c28-8a76-6dde9484f967
IM00007725,2025-04-22T20:44:37,W010,P00273,RECEIPT,44,2251d18b-9436-4539-9fe2-a79f3b432a16
IM00007726,2024-05-11T04:38:23,W011,P00069,TRANSFER_OUT,-19,72837d01-cebb-4376-a519-f0be858ab232
IM00007727,2024-09-13T15:06:54,W015,P00230,TRANSFER_OUT,-5,b11c26f1-984b-412e-b55a-38c537eac14c
IM00007728,2025-12-05T01:31:59,W001,P00145,TRANSFER_OUT,-11,4306456b-be49-4d8c-9e5e-9da572c84720
IM00007729,2024-09-18T03:42:28,W004,P00445,RECEIPT,18,218c898d-5714-48c1-9e3d-fb982d1f9390
IM00007730,2025-04-30T01:02:51,W009,P00567,ADJUSTMENT,19,badf7777-3d20-4bec-9694-7a50fece193c
IM00007731,2024-12-13T20:58:54,W005,P00075,ADJUSTMENT,45,1ba40e4a-5171-42a9-9eda-24ff15f9c441
IM00007732,2024-04-11T03:40:30,W002,P00099,SHIP,-12,6c2f2f58-6f36-4014-81d9-3d3c1ed01abe
IM00007733,2025-02-06T03:30:43,W001,P00546,TRANSFER_IN,42,fb7c0000-d219-4bd0-af05-67448d1606dd
IM00007734,2024-02-03T03:12:11,W002,P00142,RECEIPT,44,d38ca579-7c44-4562-b661-395791923363
IM00007735,2025-11-22T02:21:14,W012,P00406,SHIP,-41,24bb3185-3034-4cfb-81e5-3677f4ecc10d
IM00007736,2025-12-08T02:48:34,W003,P00418,ADJUSTMENT,41,914b1c93-5c31-4bbe-bf04-96f7d54b8168
IM00007737,2025-12-03T14:07:23,W013,P00356,RECEIPT,38,af218145-2779-4801-a6da-0127791e0ead
IM00007738,2024-11-13T12:18:48,W001,P00010,TRANSFER_OUT,-5,e8b27c92-97a5-4911-bd2c-780f9a7120d7
IM00007739,2025-06-06T19:51:16,W003,P00356,SHIP,-47,fcaff629-0d0f-4bb7-9d26-9284c0eee62d
IM00007740,2025-08-22T01:05:21,W013,P00377,TRANSFER_IN,41,a3b887e9-8c58-41a5-910e-379aa616c1bb
IM00007741,2025-07-23T13:14:44,W008,P00045,SHIP,-5,fed9905a-9f88-4661-b642-b8329d9b4bb9
IM00007742,2025-06-11T16:40:53,W001,P00583,TRANSFER_IN,15,0f274d46-10e3-4c0a-93f2-01075b9d29b7
IM00007743,2024-11-07T00:04:15,W014,P00131,SHIP,-4,705c742b-bcb6-42c8-9c63-af8013e3da5a
IM00007744,2024-08-16T16:30:19,W008,P00196,TRANSFER_OUT,-12,3d103890-9f96-4f9d-94ac-4aa7f0fede10
IM00007745,2025-11-03T12:05:17,W017,P00301,TRANSFER_OUT,-36,8d9d0b1f-3ce2-4c02-909f-aa4fbc56d91f
IM00007746,2024-05-06T21:59:25,W002,P00545,RECEIPT,26,bf07ddef-c28f-45bc-b3e8-65c3861667c9
IM00007747,2025-11-07T03:59:48,W014,P00149,TRANSFER_OUT,-49,7a9c322b-b4d6-491f-ac70-3ae2f9f25746
IM00007748,2025-03-01T15:52:57,W012,P00022,SHIP,-26,a6015703-4240-4c15-a0b5-98bda62e0444
IM00007749,2026-01-29T20:05:15,W011,P00476,ADJUSTMENT,24,58437031-4f9b-45a3-a990-bdee8dd4b8a5
IM00007750,2025-04-26T04:47:14,W015,P00227,TRANSFER_IN,2,79271173-bc2f-40cd-829d-a759b9ac6d6e
IM00007751,2025-03-02T14:44:38,W017,P00596,ADJUSTMENT,32,5e089909-7145-43cc-a908-186e8d6e31b3
IM00007752,2025-11-06T07:10:53,W015,P00142,SHIP,-37,3523b199-68f8-4067-b62a-13ed7dff4304
IM00007753,2024-02-22T09:28:59,W015,P00290,TRANSFER_OUT,-44,1e490674-f2d0-43bb-a5b2-d7f60a2dda7c
IM00007754,2024-03-04T23:30:36,W010,P00195,TRANSFER_OUT,-3,8cb64c2a-4702-4ea4-b765-e74c76c56608
IM00007755,2026-01-25T22:06:41,W017,P00497,RECEIPT,2,70bd02e7-8c61-4692-bed0-66a3b5df8e47
IM00007756,2025-11-26T11:25:14,W009,P00232,SHIP,-38,ef03a4b0-c07e-4855-ae0e-6ca9c5cd1239
IM00007757,2025-11-08T00:42:23,W014,P00496,RECEIPT,21,1b9bda37-1354-4552-a0d8-a960c18d2d75
IM00007758,2024-08-06T08:20:40,W012,P00171,TRANSFER_IN,32,b3fb2593-a403-4a29-9325-e17944786d9c
IM00007759,2025-03-19T02:20:58,W003,P00117,TRANSFER_IN,22,7827358e-8c5a-43aa-9b76-6ad5c7221ff7
IM00007760,2025-11-05T13:03:14,W005,P00502,TRANSFER_IN,9,c161eb5f-a6fd-45d2-a8b0-52a27977f07e
IM00007761,2025-12-20T08:12:17,W013,P00160,TRANSFER_IN,40,8c749c45-db13-4dc9-bb4c-871fde9fb71a
IM00007762,2024-06-15T06:04:49,W015,P00354,ADJUSTMENT,28,ca03e237-3f9a-4c58-b8ee-88dee45652fc
IM00007763,2025-09-04T06:16:46,W009,P00202,ADJUSTMENT,10,31383cca-9c91-4023-93c6-3a48701b2870
IM00007764,2024-08-15T02:22:05,W015,P00301,ADJUSTMENT,49,17a3a2da-8b76-4f4e-ba94-6ea569b72d3e
IM00007765,2024-10-01T07:12:27,W005,P00088,RECEIPT,30,8c0c8051-82ef-42ba-ae09-4b126eaf4b12
IM00007766,2025-11-02T06:38:50,W014,P00206,TRANSFER_OUT,-21,a55591a7-f2c4-4832-87f2-4eadfe31fe5d
IM00007767,2024-09-20T06:27:02,W009,P00056,ADJUSTMENT,12,da4e12e7-f788-4a00-ba90-5bde30380401
IM00007768,2025-12-25T00:43:43,W010,P00309,TRANSFER_IN,31,025fc6b7-4c7c-4187-ba54-431d3565d6c4
IM00007769,2024-02-10T02:56:54,W001,P00299,ADJUSTMENT,20,87ba7dc1-3162-44aa-be91-152199c49216
IM00007770,2025-02-15T15:37:34,W013,P00349,TRANSFER_IN,20,e5a70401-9928-4cb7-b09a-c0181f8e4b03
IM00007771,2024-06-19T22:00:54,W015,P00497,ADJUSTMENT,31,652754de-e7a9-4bd7-9d4f-5c37a2e767e8
IM00007772,2025-08-02T11:10:01,W011,P00047,TRANSFER_OUT,-2,ecab4ba2-c2e1-4860-9796-cce76779a26c
IM00007773,2024-07-08T01:15:47,W002,P00276,ADJUSTMENT,44,29dd8f11-e4f6-41c4-b6a2-ed878c8a0b8e
IM00007774,2025-10-11T16:59:56,W013,P00391,SHIP,-41,37790018-5dc7-442f-8a2a-1a9d04299efc
IM00007775,2025-05-23T15:46:00,W012,P00485,RECEIPT,39,52d2c0f1-c859-42e8-96d8-229648f381df
IM00007776,2025-06-14T08:07:54,W011,P00537,SHIP,-32,0deae840-be9f-45d8-a01a-0d0d8f19a361
IM00007777,2025-04-13T12:50:40,W010,P00280,SHIP,-19,541a2423-9803-4913-a3be-a389b5504623
IM00007778,2025-10-11T02:30:08,W016,P00062,TRANSFER_IN,1,8688cc1c-395b-49ff-93ab-ee4623bf816a
IM00007779,2024-07-21T08:53:47,W008,P00527,RECEIPT,24,bb74b1ea-2b59-4bd6-b9b5-aeef29f78c48
IM00007780,2025-07-30T16:07:11,W004,P00035,TRANSFER_OUT,-15,8fef2ff2-dca0-44e3-9870-c47f47aeaabf
IM00007781,2025-04-27T20:36:52,W010,P00186,RECEIPT,43,0ffab4d3-7ec3-41a0-bb27-68a387ee7713
IM00007782,2025-06-08T11:09:10,W003,P00287,RECEIPT,22,709ccb2c-a752-4f8c-8c28-97ad5cc46604
IM00007783,2025-11-07T13:49:14,W014,P00427,TRANSFER_OUT,-36,4d594147-c869-494b-bd15-edbdb4c30713
IM00007784,2024-11-09T19:26:14,W008,P00411,SHIP,-14,20702bbf-9e05-4523-970d-5f07805cbb59
IM00007785,2024-02-01T15:00:29,W009,P00065,SHIP,-13,2db921dd-9523-4806-bfa6-8ae52c67c18f
IM00007786,2025-09-30T11:43:45,W011,P00573,TRANSFER_IN,39,5738e28c-a06d-4fd4-b04b-2d8708cc6648
IM00007787,2025-01-29T08:00:50,W009,P00511,RECEIPT,48,47f2eec6-cfca-4dcf-b8b4-f1b6538bb1de
IM00007788,2025-06-11T19:56:43,W007,P00417,ADJUSTMENT,21,4ce0058e-bf91-4ca0-ab3e-f550eea71d9d
IM00007789,2025-10-26T05:23:50,W012,P00472,TRANSFER_IN,20,fa2c52e8-b8b9-4020-9ce7-67b900722f3c
IM00007790,2025-04-14T16:13:31,W005,P00010,TRANSFER_IN,35,f4d32f53-0ae3-4865-9ba2-df924595afb5
IM00007791,2024-01-23T21:01:35,W002,P00499,RECEIPT,17,fb33c85c-cb96-4b12-b434-f3152410fd39
IM00007792,2024-08-30T00:04:33,W008,P00309,TRANSFER_IN,9,c45585fa-0c68-45e1-a50c-126b33c18d98
IM00007793,2025-11-12T21:12:39,W007,P00473,TRANSFER_IN,10,6f790fe1-64f5-45e2-8e0c-517c1ab17d2a
IM00007794,2025-11-14T12:44:42,W008,P00398,SHIP,-17,52caa224-6469-43c4-8b89-450a1f1bffeb
IM00007795,2025-12-16T10:46:22,W009,P00450,ADJUSTMENT,23,e6f50aaa-4cf6-444e-9e43-e567a815636e
IM00007796,2025-02-20T20:43:19,W001,P00130,TRANSFER_IN,30,103f1d22-faf6-4c9d-b93c-3a4044017f25
IM00007797,2024-04-15T15:48:46,W009,P00539,TRANSFER_IN,30,6da8a851-3937-4fa6-aa1e-a0f6ecf915d6
IM00007798,2026-02-06T22:43:11,W008,P00430,TRANSFER_OUT,-20,5b54cd06-7e0b-4461-891f-c814be1bac3f
IM00007799,2025-01-14T07:10:07,W016,P00559,ADJUSTMENT,1,50c37d17-0b99-4223-b2ff-67b69d627ff9
IM00007800,2026-01-23T23:50:20,W014,P00034,SHIP,-13,2cb6ee5b-0689-462a-9e55-9535fbd5bbee
IM00007801,2024-11-21T10:09:15,W004,P00555,RECEIPT,49,a19adfc1-c6d7-4565-b470-7c64d021438c
IM00007802,2025-08-19T20:12:53,W011,P00562,TRANSFER_OUT,-40,b217fb50-351b-47c8-b770-f5dbad2fa96b
IM00007803,2025-11-23T04:37:29,W003,P00435,SHIP,-26,670f8d3f-84fe-4c94-b3e5-0682fa9a645a
IM00007804,2024-06-30T04:23:20,W007,P00074,TRANSFER_OUT,-45,4509e32f-620a-4745-b491-c450a6f44f34
IM00007805,2024-11-28T19:45:27,W008,P00518,RECEIPT,45,954f06c4-dbd1-4a67-b6a5-09d6978ec378
IM00007806,2024-11-19T13:12:35,W001,P00133,ADJUSTMENT,26,da2f8f92-bd0d-4e1e-ab1b-c390bf4cbdb7
IM00007807,2026-02-05T13:55:06,W001,P00496,SHIP,-25,f53b93eb-b70a-429b-9236-b12eaaffdb8c
IM00007808,2026-01-02T19:31:40,W005,P00044,ADJUSTMENT,14,de30107d-c24d-4a14-b24e-ffd3e513f2d1
IM00007809,2024-07-14T07:07:41,W015,P00579,SHIP,-6,b1693a18-9597-4250-b652-e9406387ec64
IM00007810,2026-01-22T06:46:43,W008,P00593,TRANSFER_IN,18,8115bb39-d807-47d1-94da-0348b94146fd
IM00007811,2025-02-17T17:20:29,W005,P00332,ADJUSTMENT,38,f1782699-92c7-4a14-a452-d5d6defddc99
IM00007812,2024-04-06T23:10:13,W011,P00458,TRANSFER_OUT,-8,06137fcb-8b1f-4a81-b277-5555181bc70c
IM00007813,2024-06-11T15:50:51,W006,P00532,TRANSFER_IN,30,000c05f5-cb2a-48f3-8025-75334cb560fe
IM00007814,2025-06-16T04:39:28,W006,P00188,TRANSFER_OUT,-1,0ca9f876-50cd-4482-895e-b86cc8310fb2
IM00007815,2025-12-14T07:46:56,W003,P00508,TRANSFER_OUT,-24,08734fd5-17a5-4b75-b4bb-ae85fe8c307b
IM00007816,2024-09-15T08:39:36,W009,P00074,TRANSFER_IN,16,184baeed-0cff-4aa3-95c1-cf86ce643aa8
IM00007817,2025-05-16T20:49:03,W003,P00089,RECEIPT,45,ac6bf7a2-4f5b-42d7-bf07-4036470870b2
IM00007818,2024-03-04T01:01:06,W004,P00107,SHIP,-45,f90dbc9e-e7e7-4b7c-b2a2-1949ef61ca2a
IM00007819,2025-10-29T19:54:38,W007,P00266,SHIP,-6,56d8d328-5eb7-4743-80e1-1f991c83a2b3
IM00007820,2024-11-02T20:25:48,W004,P00247,TRANSFER_OUT,-49,4a74c3c2-4664-4ced-ae7b-a4a103f9d86c
IM00007821,2025-11-17T00:19:52,W016,P00043,TRANSFER_IN,19,e6e49bd2-0387-46bf-a0b1-9b9efd11a001
IM00007822,2024-10-02T20:11:46,W010,P00445,TRANSFER_OUT,-46,52b203d0-4e34-4767-80f3-4e947d8d638e
IM00007823,2025-05-25T23:03:45,W011,P00004,SHIP,-26,029772cd-e239-4788-b900-27b61b89fffc
IM00007824,2024-03-13T06:17:04,W002,P00056,TRANSFER_IN,48,f90af95e-8bb5-4668-bdc6-aa7d8555850e
IM00007825,2024-05-06T12:21:55,W006,P00450,TRANSFER_IN,34,7ce6b75d-6efe-4b2a-861a-e323ec6847dc
IM00007826,2025-03-04T14:28:39,W003,P00398,TRANSFER_IN,13,b6d9d815-e0b8-4f02-83cf-9163635ef0cd
IM00007827,2025-06-20T03:11:27,W013,P00156,SHIP,-18,a1126f1a-e73f-4678-9587-64e8219ab0f2
IM00007828,2024-03-11T00:28:13,W014,P00544,TRANSFER_OUT,-15,625f26d3-557b-47c2-9a70-d565e2fc114b
IM00007829,2025-07-24T14:58:25,W014,P00414,RECEIPT,27,fd692d70-523a-4c39-b974-ad262db9837f
IM00007830,2025-06-24T20:25:24,W003,P00383,SHIP,-13,b159e6cd-da6c-4943-b80a-70f9be817472
IM00007831,2025-07-07T07:26:58,W003,P00086,TRANSFER_IN,24,afd7e6a5-cff3-41f6-a8aa-c700a2d53a5c
IM00007832,2025-02-02T03:05:50,W017,P00453,ADJUSTMENT,24,230c2c4a-aa05-4363-9ecd-86afec4db1af
IM00007833,2024-08-04T22:51:09,W001,P00013,SHIP,-10,0d68aff8-f1f4-43c5-b34a-012d2810bcab
IM00007834,2025-10-19T19:52:02,W008,P00172,TRANSFER_OUT,-18,df1fe419-b361-4711-9f9d-ae537d50311a
IM00007835,2024-07-31T05:18:21,W005,P00424,TRANSFER_OUT,-37,d008a847-1844-43d2-bffd-5e14c22561ac
IM00007836,2025-04-15T14:20:00,W017,P00510,RECEIPT,32,ebcb716b-d7e8-47e0-a1d0-ea9458ac1e63
IM00007837,2025-05-16T13:46:08,W009,P00105,TRANSFER_OUT,-37,2925ce76-f454-4463-bd7a-75888d332f9b
IM00007838,2024-10-19T23:27:06,W005,P00186,TRANSFER_IN,13,91dc8e5e-93ca-4795-abcd-0530843297ff
IM00007839,2024-03-21T16:19:48,W008,P00115,ADJUSTMENT,46,2b66ccf7-1b75-42d0-bdcb-62da38111420
IM00007840,2025-02-09T08:41:24,W012,P00471,TRANSFER_OUT,-16,883cf03b-cc7a-4517-b8a8-0f09a23dce64
IM00007841,2024-05-13T10:34:29,W005,P00447,ADJUSTMENT,29,65c450a3-5cda-4e84-9ed0-078281f7d474
IM00007842,2024-10-28T03:25:36,W011,P00369,TRANSFER_IN,4,ace72cca-1223-4919-9499-96e65a7e9178
IM00007843,2024-06-13T12:56:04,W001,P00138,TRANSFER_OUT,-17,bede9f2f-c1cb-46fa-90d7-196969f2ea75
IM00007844,2024-05-12T21:53:39,W002,P00155,ADJUSTMENT,20,1f55931c-8a55-4fec-acfa-b5ee110ee7cf
IM00007845,2025-12-31T07:51:06,W001,P00478,RECEIPT,46,bfdbfc54-8352-4c61-97b3-bd34c69d33ba
IM00007846,2025-11-04T12:22:47,W009,P00487,TRANSFER_IN,37,bf2bcd8f-2026-49b9-981d-952edc0f44c4
IM00007847,2024-07-20T01:08:06,W015,P00254,TRANSFER_OUT,-12,60038ab5-b95d-456f-8aac-0abad0cad303
IM00007848,2024-10-06T20:04:18,W013,P00119,TRANSFER_OUT,-31,f4460a6d-6c26-4569-9906-5acf40411b04
IM00007849,2025-08-28T00:45:07,W012,P00567,TRANSFER_OUT,-48,f03dc99c-9d7e-4551-a954-751befec0039
IM00007850,2025-02-17T17:35:23,W006,P00463,RECEIPT,30,120c6438-54a4-46c4-869f-5f26aa6dbfc6
IM00007851,2025-03-11T09:39:24,W005,P00075,SHIP,-3,e5793d7e-eeac-4e17-9ca9-84c7b9371157
IM00007852,2024-02-18T19:01:24,W008,P00458,TRANSFER_OUT,-7,5b39b1a2-1799-44b1-9986-6a1096af230d
IM00007853,2025-08-24T10:31:29,W003,P00237,TRANSFER_OUT,-45,c1962bf9-8b67-4170-a580-63654432899d
IM00007854,2024-03-11T18:36:22,W008,P00596,SHIP,-23,ff1b9c1d-3f03-4f80-83eb-c84bad6d78a9
IM00007855,2024-05-08T03:53:30,W007,P00273,RECEIPT,29,78bc8da1-66de-4c2a-b187-4d3de344b83c
IM00007856,2025-07-08T12:57:19,W005,P00138,TRANSFER_OUT,-42,d1d4f662-3c8a-40fd-a071-de2913f636cb
IM00007857,2025-12-05T03:59:04,W007,P00236,ADJUSTMENT,20,126dbc7e-605b-47e1-922e-a23ff9f8f05e
IM00007858,2025-02-19T23:40:25,W008,P00577,ADJUSTMENT,11,ab4afd38-92d2-4dd4-a2e5-b27df649bc5b
IM00007859,2024-11-02T00:00:43,W014,P00136,ADJUSTMENT,24,47e5db11-981e-460d-8504-3d9a2dccec11
IM00007860,2025-05-20T20:07:27,W017,P00457,SHIP,-37,38dece16-e930-4af0-b36f-4b269436b2b6
IM00007861,2025-09-01T09:14:08,W014,P00354,TRANSFER_OUT,-36,ced5dcad-f2e9-4e68-be13-a3ba9d4cc737
IM00007862,2024-10-05T23:41:27,W006,P00311,TRANSFER_IN,49,50b08771-c2c7-400c-afd5-93511c73cd04
IM00007863,2025-08-09T03:14:13,W014,P00506,TRANSFER_IN,28,d786ee28-09c1-4072-ab25-26362ce7fc3e
IM00007864,2025-12-31T09:53:35,W008,P00453,RECEIPT,33,97dd97a4-348b-4073-8cfd-b33a39888403
IM00007865,2024-11-18T07:39:31,W014,P00032,TRANSFER_IN,6,f970f6c6-90e3-423b-8e11-deca3ccfb633
IM00007866,2025-11-28T21:00:10,W008,P00204,ADJUSTMENT,24,4961b485-d9a6-4310-bbaf-6be87298905d
IM00007867,2024-03-13T11:47:09,W006,P00322,ADJUSTMENT,47,2cbd180d-1bb3-4411-8c71-66b28dfa1ddd
IM00007868,2025-06-11T20:20:00,W009,P00302,ADJUSTMENT,17,0e26436e-9a79-400e-919e-c47e72af9cb8
IM00007869,2026-03-01T07:23:01,W007,P00449,RECEIPT,18,27434ddd-bb05-43d0-8481-44be86f1b3cd
IM00007870,2025-09-16T08:31:05,W001,P00596,TRANSFER_IN,26,bb0a7b75-209c-471a-a6a1-f5ae2e716f2b
IM00007871,2024-05-10T21:48:54,W008,P00092,SHIP,-38,8e088acf-7e2c-4719-90f6-f2216314d194
IM00007872,2025-07-06T21:42:32,W011,P00437,TRANSFER_IN,17,4dbcd5b3-4d68-45d8-9ac9-f03e4633400d
IM00007873,2025-06-27T13:46:16,W017,P00596,TRANSFER_IN,1,699cfcbf-50b4-4a71-8f24-6d740caf141f
IM00007874,2025-05-01T04:03:54,W013,P00175,TRANSFER_OUT,-25,2fd93985-40b5-49e8-96cf-0a10232348af
IM00007875,2025-02-10T22:16:36,W017,P00399,TRANSFER_OUT,-22,e0673d16-fc80-4e92-87b8-5ce3d1b88b0a
IM00007876,2024-12-08T07:46:44,W005,P00111,RECEIPT,3,d17204ec-3565-4927-880a-f6014274049f
IM00007877,2026-02-26T00:25:25,W004,P00549,TRANSFER_IN,34,f1e140f2-1009-466d-b332-ee1eb487d5c4
IM00007878,2025-09-20T22:14:43,W017,P00375,TRANSFER_IN,24,e6c3c570-aee0-4e87-88fa-25847b09c5f6
IM00007879,2024-03-06T16:41:51,W001,P00239,TRANSFER_OUT,-8,f52f6ebf-edda-4db8-98ef-07ff5cd8e3ef
IM00007880,2024-10-08T02:24:09,W008,P00574,SHIP,-29,9c0520b9-4f2b-4965-b3f8-c5bc6266a347
IM00007881,2025-06-15T09:15:55,W012,P00078,RECEIPT,28,4409706c-32da-47ac-9c13-3e9b82c6e44e
IM00007882,2024-05-18T06:51:39,W015,P00370,RECEIPT,8,95f353f4-6f17-4b31-aa88-bb12f0987e7f
IM00007883,2025-07-24T19:41:58,W016,P00452,TRANSFER_IN,24,510730d5-7c28-4272-b3b7-981649113894
IM00007884,2024-02-11T19:38:23,W002,P00020,ADJUSTMENT,39,5023311e-dae6-46fb-97c9-2b8368463201
IM00007885,2025-04-10T09:17:00,W010,P00301,SHIP,-49,e6a07677-305f-4e6d-ae65-b3ce61012872
IM00007886,2025-07-03T13:59:47,W003,P00220,SHIP,-41,1318d24b-623b-430d-b41c-7bab48960ead
IM00007887,2024-05-07T18:00:02,W012,P00306,TRANSFER_IN,9,dbf76a11-d076-475e-8066-e4b240f70f22
IM00007888,2025-01-21T23:55:03,W012,P00340,SHIP,-31,2ae52380-6083-4ed0-b551-abbbd40c260c
IM00007889,2025-02-02T09:02:15,W010,P00274,SHIP,-16,78971780-9ddd-4951-8ee1-5538b3e3efaf
IM00007890,2024-07-08T10:05:49,W010,P00195,SHIP,-25,4b594f03-2c65-4ebf-b92f-8d43738c47f2
IM00007891,2025-11-12T07:20:19,W009,P00022,ADJUSTMENT,46,4bfb400f-a937-484f-9a89-ddd9b7b1db96
IM00007892,2024-10-25T14:03:05,W004,P00083,RECEIPT,21,0444ece5-5d0f-4726-b512-8a5eb88fbb9a
IM00007893,2025-05-17T16:23:46,W013,P00342,SHIP,-15,995b9964-1ac7-4c67-9186-fe1d1513efac
IM00007894,2025-05-23T19:54:18,W015,P00207,TRANSFER_OUT,-3,d9273b78-2206-4728-a4b8-d2241ef517c9
IM00007895,2025-01-21T01:24:51,W010,P00600,ADJUSTMENT,1,0872b4ee-a7e6-4298-97ca-ffef39d73210
IM00007896,2025-05-16T23:31:51,W010,P00534,RECEIPT,41,9690b5a9-91c1-441d-bdb2-a3b1e9e0027c
IM00007897,2025-06-07T09:28:15,W006,P00381,TRANSFER_OUT,-36,34a8e7c2-addc-42fc-bdde-897fcf5100a6
IM00007898,2024-07-05T21:12:36,W014,P00257,TRANSFER_OUT,-34,3cd29a4b-d93b-4c52-9975-6776a2528bd6
IM00007899,2025-03-27T08:46:43,W012,P00332,SHIP,-9,196cae85-5bd6-4818-9654-6affa2a1ae6d
IM00007900,2025-06-11T12:47:05,W006,P00197,TRANSFER_IN,4,bb4a6392-2efc-4084-b131-a7b1b9a255f2
IM00007901,2025-03-23T10:50:56,W006,P00545,TRANSFER_OUT,-43,990f1678-a40a-40be-9357-f1f83d8893cf
IM00007902,2025-08-28T02:28:42,W004,P00192,SHIP,-8,482019d2-7ca1-4c1d-b45f-83a416d630f8
IM00007903,2025-11-23T06:38:02,W006,P00288,SHIP,-25,4ea166f7-1d56-4256-820a-5eee6558df00
IM00007904,2024-06-15T23:54:29,W010,P00370,RECEIPT,7,d02ad3bf-86ee-49c6-975e-d1edf9751f4d
IM00007905,2026-01-02T16:25:10,W016,P00568,SHIP,-1,faa490e0-d6ef-4997-a7f5-40b68009a280
IM00007906,2026-01-20T07:57:41,W006,P00267,SHIP,-15,226aacb3-13f7-4f3a-ad82-5f0d28d81e4e
IM00007907,2025-03-13T22:51:27,W004,P00076,SHIP,-2,74996588-d5d5-4702-8b29-c3a973127a53
IM00007908,2026-01-20T08:10:48,W005,P00305,TRANSFER_IN,46,65713b08-10f1-4f7d-ac41-0a89aa6fa785
IM00007909,2025-09-06T05:47:13,W016,P00469,TRANSFER_IN,31,806e4916-7c64-4106-ba2d-e4d2ad9124d8
IM00007910,2025-09-17T20:13:53,W014,P00154,ADJUSTMENT,28,b2b1378f-7f06-421e-a5e2-b12a0a2d9084
IM00007911,2025-12-17T22:58:03,W016,P00306,ADJUSTMENT,37,4d7d87de-1e77-4b22-807b-d21b455b7de5
IM00007912,2024-09-15T20:59:29,W012,P00025,TRANSFER_OUT,-42,ebe8168e-5a04-43fe-8d33-027438581c5f
IM00007913,2024-07-24T00:57:40,W002,P00428,ADJUSTMENT,16,f8313ba4-ed10-4632-acfe-b8aa98ef186c
IM00007914,2024-02-29T13:55:23,W006,P00567,TRANSFER_IN,28,99079d57-0d9c-433d-ab7d-99b5ea27cfac
IM00007915,2024-07-04T06:11:08,W001,P00523,ADJUSTMENT,2,a10ac5b8-552d-43eb-9542-e96ee2ccb473
IM00007916,2024-05-02T20:00:46,W002,P00595,ADJUSTMENT,9,29f450d8-3aa1-4d4a-bedc-6d825b3707d1
IM00007917,2025-04-30T04:40:29,W004,P00593,TRANSFER_OUT,-27,1cd58ae5-8fca-487f-ae02-e7fa994d9901
IM00007918,2025-04-29T16:55:55,W006,P00285,SHIP,-42,e4bb748d-2d01-41c3-bc7e-c4dbff723499
IM00007919,2024-03-07T05:54:04,W003,P00106,ADJUSTMENT,32,8777ecfa-2e82-44f6-9c69-08ad0b98b15e
IM00007920,2024-06-10T19:19:38,W017,P00576,ADJUSTMENT,42,4a6b3ce7-74b3-49fc-a4b4-b126c17724a2
IM00007921,2025-02-21T06:08:29,W011,P00396,ADJUSTMENT,39,e9c337d8-b0b7-4b57-b87c-2a0e4342e9d4
IM00007922,2025-09-05T09:16:56,W014,P00351,TRANSFER_IN,30,a8d78309-1313-49ee-8a66-f352d0f15fd3
IM00007923,2025-10-26T12:24:00,W003,P00281,RECEIPT,38,22579eb8-cd5c-4ff9-b0b5-276c73bb17d0
IM00007924,2024-07-27T22:18:02,W015,P00307,RECEIPT,25,2b34e92d-56b5-48d6-a3a9-075bfceec118
IM00007925,2025-02-24T06:34:43,W006,P00334,ADJUSTMENT,47,05948d64-1b38-41fe-adb9-504ee362a18a
IM00007926,2024-12-14T05:57:36,W002,P00222,SHIP,-19,2b1368d2-8e8d-4453-8339-00a8f8acf563
IM00007927,2025-01-04T03:41:26,W007,P00157,SHIP,-48,4769bc9b-d1f1-4789-a0e2-8612c29d1813
IM00007928,2025-01-11T10:20:52,W004,P00204,ADJUSTMENT,31,1ccd6be4-8b6a-469a-adf5-becabf503080
IM00007929,2025-11-07T23:01:04,W012,P00283,TRANSFER_IN,32,33eca9b4-deac-4f0d-a88d-cc9d24ee7329
IM00007930,2025-02-16T04:15:59,W001,P00153,ADJUSTMENT,16,550d115c-27c4-4d03-aa15-85bfc1ee670d
IM00007931,2024-07-25T12:23:56,W010,P00096,RECEIPT,16,8275566a-4819-4b17-b7fc-09c5713cb535
IM00007932,2026-02-13T12:06:06,W009,P00162,ADJUSTMENT,47,470c98f3-086c-4e09-ac38-42436cfad93f
IM00007933,2025-06-12T23:25:21,W003,P00320,RECEIPT,13,a94c827d-2b71-4ef7-8aa2-f59fc3a93d93
IM00007934,2025-01-02T01:38:27,W007,P00556,TRANSFER_OUT,-8,be4f1afd-5cea-40ef-9793-49569c64119d
IM00007935,2025-04-29T00:07:38,W006,P00232,SHIP,-26,233721f7-b399-4734-bdf3-278a37e73fcb
IM00007936,2026-01-21T12:34:55,W002,P00486,TRANSFER_OUT,-3,ff319766-dfdd-470e-aafa-bd5552bf4c9a
IM00007937,2025-09-18T16:15:41,W012,P00082,TRANSFER_IN,36,07a190cd-e049-4d7c-a9c4-1bd656b34f5b
IM00007938,2026-02-22T07:29:59,W006,P00155,RECEIPT,49,8fbc092e-36b8-42cc-8048-196d8c46691d
IM00007939,2024-03-09T15:34:33,W011,P00157,TRANSFER_OUT,-45,b05c1ae0-b15b-4796-9292-38f146919821
IM00007940,2024-12-26T09:35:50,W010,P00564,RECEIPT,21,962d1819-d1c0-4cbc-8ef5-d25dd61a051f
IM00007941,2025-05-27T03:30:21,W001,P00057,ADJUSTMENT,32,a7231707-a706-4007-9433-df204eb3265b
IM00007942,2025-04-09T21:29:36,W004,P00478,TRANSFER_IN,11,0efe80a9-fd44-4baf-a0a7-8d3dc6729108
IM00007943,2026-02-11T04:50:48,W017,P00573,ADJUSTMENT,37,7a299f8f-de1f-4217-bbe6-a26df7879509
IM00007944,2024-07-25T11:27:37,W006,P00534,RECEIPT,3,ebbf7670-bffa-45c9-a3b7-eb0cc4b92ac3
IM00007945,2024-12-15T05:41:17,W012,P00544,TRANSFER_OUT,-33,01372872-07b1-4624-901b-f138a28a0e0d
IM00007946,2025-09-16T03:43:30,W003,P00028,ADJUSTMENT,28,c03ee909-1a27-4fdf-821b-8e8e07599222
IM00007947,2026-02-10T12:14:50,W009,P00299,RECEIPT,47,ebee817c-44d3-46e0-97ce-ec27269c2cea
IM00007948,2024-12-30T10:01:32,W003,P00299,TRANSFER_OUT,-36,9ebc6e55-930f-40cc-90f0-74ca519a7fc0
IM00007949,2025-09-02T19:31:40,W014,P00305,TRANSFER_OUT,-44,803d1fb1-e2a5-4282-aa12-814eb669be3f
IM00007950,2025-09-14T17:22:45,W017,P00370,RECEIPT,41,31b5c06c-fae3-4f41-943b-627e83fdd43e
IM00007951,2025-06-09T03:06:26,W008,P00007,TRANSFER_IN,3,40d4b202-9300-45ba-ab99-0236a3d3e20c
IM00007952,2024-01-15T11:05:38,W012,P00082,RECEIPT,24,a5316b75-27fe-4adb-a5b2-765439923af7
IM00007953,2024-07-24T16:30:42,W001,P00263,RECEIPT,18,a7d89718-37a7-4df0-af8a-43ba880bdfa7
IM00007954,2024-01-24T04:23:27,W011,P00107,SHIP,-34,3d598804-e55c-4a96-9d8c-f690c3b76f0c
IM00007955,2025-06-01T03:02:09,W001,P00255,RECEIPT,21,ad3f0bc7-c5ef-4c1e-94e6-f607551754e3
IM00007956,2025-12-13T10:52:01,W014,P00274,RECEIPT,21,050c7552-baca-4957-830d-40a3b666bba3
IM00007957,2024-06-19T05:24:27,W008,P00350,TRANSFER_OUT,-22,aebf7e12-455e-4e04-822b-8dd9d0822628
IM00007958,2025-01-02T17:51:06,W005,P00408,SHIP,-39,e3341dfe-a991-44f5-a67c-5ce4351b40e1
IM00007959,2024-11-09T06:46:57,W007,P00516,RECEIPT,17,908d0438-d9a5-4f84-9d14-22650a64e09e
IM00007960,2025-03-17T15:27:46,W012,P00163,ADJUSTMENT,1,7a6e4806-0193-4004-bb17-10acf5e227e7
IM00007961,2024-08-13T02:57:48,W004,P00190,RECEIPT,1,7e19187f-09ff-4488-b470-77e81cceb1bf
IM00007962,2024-08-19T02:04:40,W008,P00490,ADJUSTMENT,30,104b8433-b805-4884-92cb-f8399b1833ef
IM00007963,2025-07-03T06:26:21,W015,P00308,RECEIPT,48,dc9b2472-3beb-4188-a8ec-a210b75163a8
IM00007964,2025-12-01T03:46:09,W006,P00528,SHIP,-5,d0354211-6fad-4cfd-a6a0-3f5caf210e42
IM00007965,2026-01-09T03:43:36,W006,P00262,SHIP,-28,6f0aa968-5b12-4a78-9920-169a47e54f0a
IM00007966,2024-11-04T20:47:19,W013,P00278,RECEIPT,9,0d202d54-d154-48af-8574-1ee3551a34e9
IM00007967,2024-05-27T09:48:57,W017,P00464,RECEIPT,49,baa6e21f-4766-4659-a8fe-a9f2f49606df
IM00007968,2025-03-13T13:12:09,W016,P00506,TRANSFER_OUT,-16,7f7ee0bf-58b7-4c4b-a5a4-5d3c7275ef35
IM00007969,2024-08-14T18:42:05,W005,P00245,SHIP,-17,8288edaa-2e04-4dc7-b10f-f0601975d978
IM00007970,2024-08-22T23:01:31,W012,P00406,TRANSFER_IN,11,a85facde-b2cd-44fc-b4cd-a914a938154f
IM00007971,2024-10-24T14:02:48,W010,P00481,TRANSFER_IN,39,8b77138c-e58c-44d1-9f71-1dc8a6e02bc7
IM00007972,2024-11-20T16:38:58,W002,P00109,RECEIPT,15,8eaf5e0f-abe0-4ebd-8a7a-d8b9da7aff12
IM00007973,2026-01-30T12:38:10,W003,P00122,RECEIPT,35,18b13d07-d5d0-48c4-bba4-0dcb7f3f6288
IM00007974,2025-04-20T06:08:45,W011,P00270,ADJUSTMENT,32,cff7aeb1-fc5e-46e9-9537-c38bcbf38c36
IM00007975,2025-08-14T01:22:23,W008,P00206,ADJUSTMENT,4,27b5a7d5-1a9a-4dca-a414-2738592c3a1f
IM00007976,2024-02-24T19:56:59,W010,P00252,RECEIPT,43,d4cc9f2e-ca28-42c2-bd97-5b898b3c426e
IM00007977,2025-09-11T07:24:10,W002,P00365,RECEIPT,15,c020bb73-ab69-4d52-a1a5-e2163827f612
IM00007978,2026-01-30T22:57:39,W009,P00580,SHIP,-19,19dd01de-eb17-41d3-b54a-4d94fe305980
IM00007979,2024-03-08T01:00:09,W009,P00254,TRANSFER_OUT,-28,e36dd508-f90c-464b-a7c3-d790a791a154
IM00007980,2025-07-11T08:48:39,W013,P00162,TRANSFER_OUT,-12,612e3cc2-ab6f-4a78-87b7-d6416868e794
IM00007981,2024-09-12T21:26:27,W017,P00100,TRANSFER_IN,48,db33df13-03ec-4e29-86c0-8c88a4354eae
IM00007982,2025-11-17T17:52:06,W014,P00245,SHIP,-11,f7f68fff-da3f-4dd6-985d-63b1e5c2f698
IM00007983,2024-02-06T17:59:23,W009,P00396,TRANSFER_OUT,-39,6f438fd7-8447-4528-a972-62fe2142d8b2
IM00007984,2025-01-31T09:44:28,W010,P00566,TRANSFER_IN,5,e8bac532-62c5-4bd2-b6f9-fa05a45167cb
IM00007985,2024-08-26T22:11:34,W011,P00149,TRANSFER_IN,43,d6c096cb-8bae-4ae0-8b27-4a5b05339986
IM00007986,2024-01-08T10:45:27,W015,P00190,RECEIPT,43,e63b2a85-7b16-4a07-ae13-7d874ae912f0
IM00007987,2025-02-11T20:18:17,W004,P00376,RECEIPT,30,7e9a8bcb-ec58-4da1-a762-b9e63425596f
IM00007988,2025-05-06T22:57:34,W008,P00142,TRANSFER_OUT,-42,21b398fa-8dd3-4787-a761-acb818286af7
IM00007989,2024-05-05T05:08:03,W016,P00067,TRANSFER_IN,15,ad4a208c-7275-4e35-ab37-884a5f7215ae
IM00007990,2025-02-21T17:24:11,W009,P00249,TRANSFER_OUT,-39,32e82ea5-9291-45ac-94e3-7cb77b734031
IM00007991,2025-11-13T03:34:23,W017,P00516,RECEIPT,39,ee24c8d6-9f78-4dd2-9d27-dff4ee827a6e
IM00007992,2024-05-04T08:10:57,W015,P00203,TRANSFER_OUT,-6,31561282-2664-412f-b99e-bd71bb136f42
IM00007993,2025-04-21T12:08:15,W002,P00039,TRANSFER_OUT,-22,02661dd7-4559-436a-89a0-4baa7f374d84
IM00007994,2025-08-12T04:25:02,W001,P00498,RECEIPT,48,ebda21a1-ace2-4200-9375-51c0da40d016
IM00007995,2024-01-01T05:55:22,W013,P00508,ADJUSTMENT,34,17df67c7-2661-4c87-b10b-0866dc9025c6
IM00007996,2025-08-14T22:21:47,W016,P00217,ADJUSTMENT,29,d841dccd-6177-4ab0-92ce-94375009a54f
IM00007997,2025-11-23T16:39:56,W017,P00123,ADJUSTMENT,47,f0dac6bb-203e-40bd-b8fc-43e3a34721e3
IM00007998,2025-04-19T03:19:57,W015,P00333,SHIP,-5,7923e698-2223-4c37-b51e-2b4050f092b9
IM00007999,2025-01-22T02:54:37,W016,P00046,TRANSFER_IN,28,2b1e67a0-5f05-489b-9011-fbbe194378ea
IM00008000,2024-09-15T14:17:39,W012,P00340,RECEIPT,24,59757cb7-c114-4e2d-9ebc-c58a7e923511
