lead_id,email,company,source,status,geo_id,created_at,updated_at
L000001,mcculloughchristopher@example.net,Leonard-Jacobson,Partner,Qualified,GEO0750,2024-01-14T05:19:14,2024-07-30T12:52:07
L000002,randylyons@example.com,Burns-Rollins,Inbound SDR,New,GEO0681,2025-02-16T13:54:47,2025-05-29T01:11:23
L000003,heidicarlson@example.com,Martin Ltd,Outbound,Working,GEO0682,2025-07-19T23:45:24,2026-02-06T17:59:58
L000004,brianwoodard@example.net,Carey-Wilkerson,Web,Nurture,GEO0518,2024-06-02T12:48:56,2025-01-02T23:33:40
L000005,oliverjoshua@example.com,"Dixon, Rowe and Braun",Inbound SDR,Nurture,GEO0265,2024-08-25T13:27:04,2024-12-13T15:18:59
L000006,ramirezbrian@example.org,Bauer-Watson,Referral,Nurture,GEO0744,2025-09-30T16:58:28,2026-01-11T14:36:33
L000007,mmcdaniel@example.org,"Johnson, Schultz and Johnson",Inbound SDR,Qualified,GEO0165,2025-08-31T13:19:18,2025-10-23T07:05:44
L000008,vflores@example.com,Cruz-Miller,Event,Nurture,GEO0533,2024-06-19T15:43:23,2025-07-13T00:35:01
L000009,ian23@example.org,Singleton-Nelson,Partner,Qualified,GEO0069,2024-01-22T07:43:30,2025-03-02T05:11:18
L000010,bensonthomas@example.com,Washington Ltd,Inbound SDR,Nurture,GEO0599,2024-05-05T02:39:34,2024-08-20T23:03:49
L000011,reedjill@example.org,"Mcgrath, Mitchell and Garcia",Web,Nurture,GEO0147,2024-05-30T15:50:34,2025-04-23T06:28:13
L000012,shermanwendy@example.net,"Davis, Hernandez and Scott",Event,Working,GEO0703,2025-12-30T00:51:57,2026-01-10T00:27:30
L000013,samantha61@example.net,Mckenzie-Stafford,Referral,Working,GEO0511,2026-01-10T21:35:50,2026-01-18T14:33:06
L000014,cynthiagarner@example.com,Richardson and Sons,Partner,Qualified,GEO0040,2024-09-17T12:49:31,2025-10-08T15:05:19
L000015,ewoods@example.com,"Burke, Kelly and Howard",Referral,Disqualified,GEO0436,2025-08-04T17:25:19,2025-12-23T17:54:50
L000016,boothjuan@example.net,Rodriguez and Sons,Inbound SDR,Disqualified,GEO0653,2025-04-29T20:32:43,2025-12-31T22:48:49
L000017,kyle94@example.org,Herman LLC,Web,Disqualified,GEO0181,2024-07-19T04:36:17,2025-08-07T11:57:31
L000018,brandonsweeney@example.com,"Sullivan, Jones and Thomas",Inbound SDR,New,GEO0786,2025-03-02T04:17:37,2025-04-19T04:57:19
L000019,orozcocarlos@example.org,Sullivan PLC,Web,Disqualified,GEO0137,2025-02-22T05:23:38,2026-01-26T12:49:34
L000020,christopher90@example.com,Obrien LLC,Outbound,Qualified,GEO0464,2024-03-30T09:00:05,2025-08-10T08:35:37
L000021,douglas52@example.org,Johnson Ltd,Inbound SDR,Disqualified,GEO0389,2024-02-28T01:07:45,2024-10-09T00:43:11
L000022,nicole12@example.net,Gomez-Clark,Inbound SDR,Qualified,GEO0210,2025-07-26T16:57:14,2025-09-14T05:41:03
L000023,william80@example.org,Frey Inc,Inbound SDR,Qualified,GEO0112,2025-03-12T02:19:27,2026-02-28T15:40:54
L000024,lisa47@example.com,"Mueller, Lamb and Anderson",Web,Working,GEO0427,2024-03-04T04:32:26,2025-11-05T02:43:15
L000025,gregory48@example.org,Garcia-Harrington,Web,Working,GEO0259,2026-02-03T08:59:31,2026-02-26T10:54:10
L000026,phillipsstephen@example.com,"White, Cunningham and Moore",Inbound SDR,Working,GEO0408,2024-12-20T16:19:55,2025-04-14T22:34:27
L000027,kathleen07@example.net,Wilson Group,Referral,Working,GEO0704,2024-07-18T05:04:30,2024-09-15T21:22:59
L000028,claudia53@example.org,Adams-Walker,Event,Qualified,GEO0564,2024-02-19T14:46:35,2024-02-27T08:30:52
L000029,daychelsea@example.com,Long Ltd,Event,Disqualified,GEO0354,2025-07-31T02:10:49,2025-11-04T08:08:35
L000030,christine07@example.org,Weber LLC,Partner,Qualified,GEO0027,2025-06-18T14:03:23,2025-10-16T04:26:49
L000031,mcdonaldjohn@example.net,Robinson-Murillo,Outbound,Qualified,GEO0361,2025-06-10T14:38:03,2025-08-05T13:33:59
L000032,chanadrian@example.net,Beck Inc,Inbound SDR,Qualified,GEO0773,2025-12-14T03:34:06,2026-01-17T14:57:24
L000033,pschwartz@example.net,"Mills, Morris and Jones",Referral,Working,GEO0363,2024-05-21T02:16:48,2025-08-28T21:05:06
L000034,hayley93@example.com,Woodward-Klein,Event,Disqualified,GEO0157,2026-01-24T04:26:50,2026-02-18T11:12:12
L000035,brandybyrd@example.net,Williams Inc,Outbound,Qualified,GEO0645,2024-01-27T14:49:14,2025-10-22T23:20:57
L000036,beasleyjimmy@example.org,Stone Ltd,Outbound,Nurture,GEO0752,2024-10-18T23:21:22,2026-02-20T13:33:42
L000037,david19@example.com,"Harris, Roach and Fox",Event,Nurture,GEO0696,2024-05-20T05:29:42,2025-09-28T03:56:35
L000038,hayesnicole@example.com,"Tucker, Roberts and Schroeder",Inbound SDR,Nurture,GEO0552,2026-02-18T10:04:27,2026-02-26T21:29:31
L000039,washingtonjessica@example.com,"Foster, Barrett and Dunn",Web,New,GEO0549,2024-02-11T17:17:34,2024-11-24T11:27:18
L000040,kimberly79@example.org,"Brown, Cochran and Mccoy",Inbound SDR,Disqualified,GEO0793,2025-10-02T01:14:23,2026-01-13T14:47:27
L000041,barbara87@example.org,"Mercado, English and Wright",Event,New,GEO0379,2024-04-28T13:18:56,2024-06-23T10:34:31
L000042,calebcompton@example.org,"Nguyen, Bridges and Price",Referral,Nurture,GEO0705,2024-08-04T05:44:11,2025-08-06T06:34:25
L000043,qrodriguez@example.net,Riley-Bryant,Web,Disqualified,GEO0133,2024-04-27T14:49:15,2024-08-29T08:57:14
L000044,nataliecarpenter@example.com,"Adams, Davis and Estrada",Web,Disqualified,GEO0553,2024-02-22T23:11:03,2025-04-07T16:04:35
L000045,stephanie95@example.net,Welch-Chen,Partner,Qualified,GEO0714,2024-08-09T03:08:16,2026-01-22T19:43:29
L000046,baileykelly@example.org,Parker Inc,Outbound,Working,GEO0496,2024-04-11T06:35:34,2025-08-25T22:09:16
L000047,jennifer31@example.net,Adkins-Bailey,Inbound SDR,New,GEO0175,2025-10-03T01:50:08,2025-12-18T07:09:16
L000048,andrew64@example.org,Lane Inc,Web,Nurture,GEO0557,2024-01-07T22:49:17,2025-08-18T02:06:15
L000049,jhunter@example.net,Lewis Group,Inbound SDR,New,GEO0054,2025-06-29T17:04:41,2025-11-18T02:14:30
L000050,davidjohnson@example.net,"Rogers, Mendez and Alvarez",Inbound SDR,Qualified,GEO0053,2025-08-08T20:54:09,2025-10-18T20:50:56
L000051,hoodnathan@example.com,"Thompson, Chapman and Malone",Event,Qualified,GEO0128,2024-03-11T05:08:42,2025-05-08T10:16:35
L000052,nhale@example.net,Nichols Ltd,Web,Nurture,GEO0313,2025-07-01T01:06:00,2026-02-11T04:04:48
L000053,zthomas@example.org,Jordan-Martinez,Referral,New,GEO0787,2025-10-28T21:12:17,2026-02-27T01:28:32
L000054,vanessaparker@example.org,Long-Watts,Referral,Nurture,GEO0041,2024-03-05T13:43:48,2025-04-15T07:11:59
L000055,yateseric@example.net,"Carroll, Reid and Carter",Partner,Nurture,GEO0695,2025-05-18T06:56:59,2025-09-30T16:30:20
L000056,michele01@example.net,"Montgomery, Boyd and Phelps",Event,Working,GEO0262,2025-01-08T21:21:56,2025-11-20T15:34:49
L000057,xcoleman@example.net,Campos Ltd,Partner,Disqualified,GEO0142,2025-04-03T13:15:10,2025-08-01T16:53:27
L000058,dcole@example.net,"Perry, Ortiz and Quinn",Referral,Nurture,GEO0122,2025-03-12T18:29:42,2025-07-23T20:09:09
L000059,bauermindy@example.org,"Peterson, Padilla and Bender",Web,Nurture,GEO0548,2024-10-14T23:28:22,2025-01-28T23:55:47
L000060,walkerbrittany@example.org,Burgess-Lewis,Outbound,Qualified,GEO0780,2025-09-03T14:23:14,2025-12-17T04:54:07
L000061,alvarezbrian@example.net,"Boyd, Long and Larson",Referral,New,GEO0596,2026-02-08T15:14:47,2026-02-18T17:47:04
L000062,pamelaacosta@example.net,House LLC,Inbound SDR,Qualified,GEO0253,2024-03-02T18:03:09,2024-12-27T15:55:23
L000063,bradleyabbott@example.com,Hale-Sanchez,Inbound SDR,Qualified,GEO0680,2025-02-22T00:58:44,2025-10-20T21:30:02
L000064,travis74@example.org,Farrell-Campos,Event,New,GEO0138,2024-07-08T15:58:52,2025-03-30T11:54:20
L000065,ogolden@example.org,Frazier-Mahoney,Inbound SDR,New,GEO0719,2024-02-05T08:47:35,2025-11-15T04:13:51
L000066,salazarchristopher@example.net,Esparza PLC,Partner,Qualified,GEO0426,2024-10-08T18:14:07,2025-07-08T08:21:42
L000067,torresmaria@example.com,Saunders Group,Event,Qualified,GEO0180,2025-12-12T09:12:05,2026-02-07T01:27:31
L000068,walter15@example.com,"Ellis, Brown and Cruz",Outbound,Working,GEO0453,2025-07-23T15:54:59,2025-11-08T00:43:25
L000069,georgekeith@example.net,Curry Ltd,Partner,Qualified,GEO0260,2025-08-08T23:47:29,2026-01-02T19:46:48
L000070,marshalltiffany@example.net,Duncan Group,Outbound,Disqualified,GEO0096,2024-05-08T07:45:03,2025-11-06T05:20:49
L000071,psmith@example.org,"Rose, Fletcher and Rose",Web,Disqualified,GEO0048,2024-08-14T00:22:17,2025-03-28T02:24:52
L000072,dhart@example.org,Moreno PLC,Inbound SDR,Qualified,GEO0294,2025-10-27T00:17:03,2025-11-29T18:09:10
L000073,nromero@example.net,"Oliver, Miller and Faulkner",Web,Nurture,GEO0637,2024-06-17T21:50:54,2025-09-06T13:45:26
L000074,vhernandez@example.org,"Newton, Rodriguez and Stafford",Event,Qualified,GEO0255,2024-01-21T01:24:16,2025-02-16T05:29:33
L000075,leecaitlin@example.net,Wagner Inc,Outbound,Qualified,GEO0321,2025-07-21T06:33:00,2025-07-22T06:12:06
L000076,johnsonjason@example.net,Foley-Davenport,Event,Qualified,GEO0385,2024-07-16T16:44:29,2025-12-14T01:29:28
L000077,jeffrey34@example.com,"Watson, Russell and Moreno",Outbound,Qualified,GEO0458,2025-01-31T21:22:34,2025-06-03T03:13:43
L000078,gregorybishop@example.net,Shelton-Sharp,Referral,New,GEO0209,2025-11-30T18:31:32,2026-01-15T10:09:36
L000079,woodmarc@example.net,"Gardner, Jones and Jones",Partner,Nurture,GEO0055,2025-03-13T21:39:41,2025-07-02T18:35:32
L000080,gilbertchristopher@example.com,"Hutchinson, Ramsey and Gardner",Web,Qualified,GEO0679,2025-12-05T22:07:13,2026-02-18T11:20:17
L000081,baldwineric@example.org,Brandt-Garcia,Web,Nurture,GEO0344,2024-08-23T10:17:56,2024-11-11T12:52:42
L000082,andreaphillips@example.org,Bowers Inc,Event,Nurture,GEO0587,2024-07-08T22:35:03,2025-12-14T02:48:31
L000083,lisa40@example.net,Gonzalez LLC,Outbound,Disqualified,GEO0614,2025-12-17T19:31:30,2026-01-05T17:34:29
L000084,dfranco@example.org,Williams-Edwards,Outbound,Working,GEO0072,2026-02-24T00:23:06,2026-02-24T00:43:12
L000085,olivernancy@example.net,Griffin-Miller,Event,Working,GEO0689,2024-12-28T17:15:39,2025-11-07T10:08:20
L000086,arichards@example.net,Brown Group,Web,New,GEO0341,2025-05-28T00:58:52,2026-01-04T06:05:33
L000087,zhenderson@example.org,"Chambers, Quinn and Thomas",Partner,New,GEO0448,2024-02-12T17:46:40,2025-03-31T07:12:46
L000088,xgregory@example.org,Greene-Fischer,Outbound,Qualified,GEO0484,2024-03-20T11:39:14,2025-06-26T06:51:57
L000089,awilliamson@example.net,Foster Ltd,Web,New,GEO0234,2024-11-21T01:57:13,2025-08-13T01:00:25
L000090,fletchercassandra@example.net,Parker Group,Event,Disqualified,GEO0280,2024-04-07T16:48:43,2025-08-05T06:00:07
L000091,angela30@example.org,Peterson Inc,Event,Working,GEO0794,2025-09-08T21:17:55,2025-10-09T17:39:10
L000092,scottlong@example.org,Serrano LLC,Partner,Nurture,GEO0458,2024-09-01T05:09:11,2025-07-01T14:05:22
L000093,bruce84@example.net,Strickland-Miller,Inbound SDR,Nurture,GEO0310,2025-11-01T03:20:05,2025-12-14T20:10:32
L000094,nblack@example.com,Waters Group,Partner,Nurture,GEO0367,2025-01-04T18:22:39,2025-09-28T14:46:05
L000095,ryanflowers@example.org,Dominguez Inc,Outbound,Disqualified,GEO0141,2024-04-01T20:38:51,2024-05-02T04:07:14
L000096,josephcindy@example.com,"Marshall, Bates and Wright",Partner,Qualified,GEO0205,2025-06-18T12:51:58,2025-07-23T20:56:41
L000097,martinmegan@example.org,Massey Inc,Referral,Disqualified,GEO0765,2024-04-15T18:19:46,2026-01-13T15:49:20
L000098,sgonzalez@example.net,Miller LLC,Inbound SDR,Qualified,GEO0171,2024-05-28T03:09:37,2024-06-05T08:10:18
L000099,taylorsteven@example.org,Holland-Flynn,Referral,Disqualified,GEO0529,2024-01-18T15:18:24,2024-05-04T19:33:07
L000100,lmaynard@example.com,Gates LLC,Event,Nurture,GEO0460,2025-03-10T07:13:40,2025-11-07T06:01:38
L000101,kimberly61@example.net,Levy and Sons,Partner,New,GEO0553,2024-02-21T01:25:11,2025-11-15T19:46:51
L000102,anna82@example.com,Evans and Sons,Partner,Working,GEO0398,2024-03-26T01:16:06,2024-04-08T20:57:17
L000103,aliciaholloway@example.net,West-Friedman,Referral,Qualified,GEO0081,2024-02-24T06:07:17,2025-06-15T12:31:12
L000104,dorothyclark@example.org,Johnston Group,Inbound SDR,New,GEO0507,2024-01-21T19:06:25,2024-11-13T12:04:55
L000105,caseyzoe@example.com,Thomas PLC,Event,New,GEO0399,2025-09-23T17:44:22,2025-11-16T01:33:39
L000106,sherri52@example.com,Palmer-Griffin,Event,Qualified,GEO0683,2025-03-04T12:15:04,2025-12-23T09:21:49
L000107,foxbilly@example.net,Bell Group,Inbound SDR,Working,GEO0117,2024-06-08T13:08:06,2026-02-20T00:12:26
L000108,lauragordon@example.net,"Dunn, Williams and Reed",Event,Qualified,GEO0313,2024-03-17T08:14:32,2025-01-14T08:07:41
L000109,allensarah@example.net,Chaney and Sons,Referral,Qualified,GEO0338,2024-05-12T05:41:49,2025-07-14T05:14:30
L000110,thompsonchristopher@example.com,Rodriguez Group,Referral,Qualified,GEO0375,2025-10-03T08:20:36,2026-01-10T05:53:59
L000111,sara80@example.org,Boyd-Jones,Event,Working,GEO0559,2025-03-19T20:45:56,2025-07-03T10:50:08
L000112,ballardronald@example.org,"Brown, Gates and Hardin",Outbound,Working,GEO0113,2025-12-20T22:29:16,2026-02-25T01:31:27
L000113,duanerodriguez@example.org,Ryan-Barron,Web,Qualified,GEO0254,2025-02-09T18:48:26,2025-07-22T09:22:45
L000114,kristi72@example.org,"Murray, Collins and Boyer",Referral,Disqualified,GEO0578,2026-01-19T20:56:40,2026-02-08T08:18:36
L000115,william36@example.net,"Smith, Anderson and Rogers",Outbound,New,GEO0612,2024-12-11T13:19:10,2025-05-12T18:15:11
L000116,hartjay@example.net,"Mcdonald, Keller and Chan",Partner,Working,GEO0169,2025-05-06T08:34:57,2026-02-09T15:26:04
L000117,theodoreadams@example.org,Cobb-Stewart,Inbound SDR,New,GEO0397,2024-01-07T10:39:16,2025-07-10T04:56:59
L000118,mjohnson@example.com,Huffman Inc,Outbound,New,GEO0689,2025-04-29T19:02:56,2026-02-06T14:41:07
L000119,richard05@example.net,"Watkins, Martin and Wilson",Inbound SDR,New,GEO0290,2024-08-05T19:29:09,2026-01-09T11:32:59
L000120,nunezmaria@example.net,Manning-Gutierrez,Web,Working,GEO0376,2024-02-25T16:10:03,2026-02-03T21:42:25
L000121,warnerjustin@example.com,Phillips LLC,Web,Qualified,GEO0253,2024-10-26T04:33:57,2025-07-18T21:40:12
L000122,millerlisa@example.com,"Garcia, Morrison and Chase",Event,Disqualified,GEO0560,2025-02-22T15:34:26,2025-03-13T23:05:22
L000123,shawn54@example.net,"Cox, Robinson and Wood",Web,Disqualified,GEO0741,2026-02-11T08:15:39,2026-02-17T19:49:57
L000124,zmartinez@example.com,Smith-Weiss,Inbound SDR,Disqualified,GEO0301,2025-06-29T02:41:32,2025-10-17T18:26:30
L000125,juangarcia@example.net,Day-Miller,Event,New,GEO0758,2024-12-07T09:26:17,2025-10-26T22:13:45
L000126,alex99@example.org,Williamson Ltd,Outbound,Qualified,GEO0282,2024-02-22T05:03:29,2025-12-31T16:03:58
L000127,keithross@example.net,Moore-Ball,Partner,Working,GEO0474,2026-02-19T05:44:29,2026-02-22T18:34:02
L000128,angela54@example.com,"Jacobs, Stewart and Lopez",Partner,Disqualified,GEO0009,2025-08-15T23:32:48,2026-02-02T18:21:14
L000129,kevinmanning@example.com,"Smith, Moore and Sutton",Event,Qualified,GEO0002,2025-05-05T14:45:58,2025-11-20T19:13:01
L000130,franklindenise@example.org,"Hardin, Sutton and Rowe",Web,Nurture,GEO0611,2024-10-22T01:45:23,2025-07-23T22:13:31
L000131,ambergray@example.net,"Taylor, Hunt and Hanson",Partner,Nurture,GEO0662,2025-07-17T16:27:02,2025-08-01T11:55:58
L000132,blake20@example.net,"Torres, Atkins and Yates",Event,Working,GEO0713,2024-11-02T02:33:32,2025-06-12T20:33:39
L000133,smithedward@example.org,"Mahoney, Farley and Rodriguez",Event,Nurture,GEO0265,2024-02-21T00:31:30,2025-07-27T17:16:14
L000134,brentrodriguez@example.org,Taylor and Sons,Event,Disqualified,GEO0745,2025-08-17T20:48:42,2025-08-22T23:48:38
L000135,carlatran@example.net,Vargas-Simmons,Web,Disqualified,GEO0663,2024-04-13T09:39:46,2025-10-06T21:13:21
L000136,rolson@example.net,"Martinez, Kelly and Allen",Outbound,Working,GEO0069,2024-02-15T11:09:56,2025-08-10T15:36:58
L000137,whitepaula@example.org,"Smith, Lee and Gaines",Partner,Nurture,GEO0064,2024-02-06T14:14:00,2025-12-22T22:28:47
L000138,ujohnson@example.com,"Brown, Blake and Gutierrez",Partner,Qualified,GEO0588,2025-03-28T03:03:34,2026-01-03T03:15:02
L000139,holly44@example.net,"Shepherd, Mullins and Green",Event,Qualified,GEO0439,2025-01-15T08:06:01,2025-01-19T06:06:26
L000140,deborahbaldwin@example.org,Ramos-Gilbert,Outbound,Disqualified,GEO0132,2025-08-22T04:04:59,2026-02-24T23:13:36
L000141,beanjason@example.org,Jackson Ltd,Partner,Working,GEO0281,2024-06-29T03:25:23,2024-09-23T08:08:40
L000142,grimesclifford@example.net,Garcia-Scott,Referral,Working,GEO0647,2024-09-14T19:17:58,2025-02-24T20:39:09
L000143,joshua64@example.com,Schmidt PLC,Web,Nurture,GEO0462,2025-06-19T13:18:21,2025-10-02T07:34:19
L000144,donaldparker@example.org,Chandler-Rojas,Event,Working,GEO0570,2025-01-03T14:46:38,2026-01-27T19:58:40
L000145,sduncan@example.net,"Morgan, Snyder and May",Web,Nurture,GEO0331,2026-02-17T19:29:12,2026-02-22T14:06:34
L000146,william54@example.org,Sanchez-Dixon,Partner,Working,GEO0776,2025-07-10T11:13:15,2026-02-04T04:12:48
L000147,rebeccaramos@example.com,Gallagher Group,Event,Disqualified,GEO0350,2024-04-14T03:10:06,2025-03-17T08:51:51
L000148,curtislopez@example.net,Fleming Inc,Outbound,Disqualified,GEO0399,2025-10-12T17:42:38,2026-02-13T01:33:28
L000149,samantha67@example.net,"Vang, Saunders and Howe",Outbound,Qualified,GEO0644,2024-11-14T08:03:54,2025-09-27T00:43:24
L000150,schroederlisa@example.net,"Fletcher, Brown and Rhodes",Referral,Nurture,GEO0263,2024-04-21T10:53:49,2025-05-14T21:40:15
L000151,sarahsuarez@example.net,Olson Ltd,Partner,New,GEO0045,2024-03-06T04:15:11,2025-12-20T02:07:07
L000152,parsonsjacqueline@example.net,Franco Inc,Partner,New,GEO0570,2024-12-07T05:49:57,2025-05-07T21:41:55
L000153,ljohnson@example.net,Campbell-Morris,Inbound SDR,Qualified,GEO0319,2025-06-06T02:40:06,2025-11-05T02:26:13
L000154,ejones@example.org,Wilson-Lopez,Event,Nurture,GEO0388,2025-01-02T15:32:33,2025-05-21T02:18:22
L000155,grahamrachel@example.net,Poole PLC,Event,Qualified,GEO0005,2026-02-25T15:15:22,2026-02-27T17:58:29
L000156,jason10@example.com,Johnson-Krause,Outbound,Nurture,GEO0414,2025-06-25T12:30:49,2025-07-14T12:51:51
L000157,acastillo@example.org,Mann-Howell,Event,Nurture,GEO0661,2024-08-18T15:29:36,2025-11-18T07:12:05
L000158,thomasgarcia@example.com,Mckay and Sons,Partner,New,GEO0109,2026-02-26T14:56:22,2026-03-01T11:15:03
L000159,uryan@example.net,"Snyder, Cannon and Jones",Event,Nurture,GEO0538,2025-10-27T06:29:53,2025-11-02T15:17:58
L000160,jill89@example.com,Ortiz Ltd,Web,Qualified,GEO0353,2025-11-18T06:04:16,2025-12-15T18:26:36
L000161,esalinas@example.net,Watson-Bates,Web,Qualified,GEO0343,2024-06-03T18:42:08,2025-11-23T05:57:43
L000162,tellis@example.com,"Gonzales, Keller and Smith",Inbound SDR,Qualified,GEO0075,2025-11-07T19:56:47,2025-12-06T01:28:42
L000163,sandra11@example.com,"Curry, James and Kemp",Event,New,GEO0637,2025-01-14T14:21:29,2026-01-19T01:49:36
L000164,pruittjared@example.org,"Krause, Stewart and Saunders",Event,Qualified,GEO0749,2025-10-16T21:51:53,2025-11-16T08:54:07
L000165,rogercameron@example.net,"Jenkins, Raymond and Kramer",Event,Nurture,GEO0025,2025-05-22T00:06:43,2025-07-11T21:21:38
L000166,bjenkins@example.net,"Cabrera, Williams and Mcdonald",Referral,Disqualified,GEO0136,2024-12-31T02:55:35,2025-07-09T15:57:48
L000167,wesleypennington@example.com,Green and Sons,Partner,New,GEO0043,2025-12-11T23:28:20,2025-12-22T12:17:16
L000168,tlawrence@example.net,Nelson-Williams,Event,Disqualified,GEO0396,2025-04-02T17:36:19,2025-08-10T06:39:29
L000169,jwilliams@example.org,Davis-Allen,Referral,Qualified,GEO0302,2026-02-13T02:47:49,2026-02-13T16:36:53
L000170,jonesmichael@example.net,Brown-Ryan,Event,Qualified,GEO0230,2025-12-14T17:49:22,2026-01-22T05:02:32
L000171,galvandominique@example.net,Salazar-Smith,Inbound SDR,Nurture,GEO0462,2026-01-11T23:55:35,2026-02-23T03:14:59
L000172,karengay@example.com,Sutton Ltd,Web,Nurture,GEO0300,2025-08-09T19:00:17,2025-12-12T14:07:32
L000173,samantha20@example.org,Whitney and Sons,Referral,Qualified,GEO0758,2025-03-19T00:33:22,2026-02-03T12:11:24
L000174,jamesmack@example.org,"Bailey, Williams and Brooks",Partner,Working,GEO0010,2024-07-02T20:11:17,2024-09-28T11:05:15
L000175,halljames@example.net,Oconnell-King,Web,New,GEO0704,2024-10-17T14:17:38,2025-09-23T21:29:06
L000176,courtneyarnold@example.org,Larson Ltd,Event,Qualified,GEO0466,2024-07-28T02:08:20,2025-04-29T03:33:37
L000177,traci73@example.com,Morris LLC,Partner,New,GEO0721,2024-12-15T03:43:45,2025-07-07T08:35:30
L000178,ywilliams@example.com,West Group,Referral,Qualified,GEO0294,2025-12-09T19:30:40,2026-02-18T12:20:06
L000179,fadams@example.org,Clark-Simon,Referral,Disqualified,GEO0186,2025-04-06T17:41:22,2025-06-16T11:09:43
L000180,jmay@example.org,Rose-Phillips,Inbound SDR,Nurture,GEO0792,2025-04-16T14:00:17,2025-10-27T10:28:05
L000181,rpeterson@example.com,Carlson-Huff,Referral,Qualified,GEO0029,2025-10-13T20:28:29,2025-10-30T11:51:29
L000182,edwardswilliam@example.org,Davidson-Ruiz,Inbound SDR,Disqualified,GEO0789,2026-02-18T14:11:36,2026-02-28T07:00:25
L000183,richardhamilton@example.org,"Santana, Jones and Copeland",Partner,Disqualified,GEO0332,2024-01-05T22:35:49,2024-03-28T19:11:01
L000184,loridavis@example.org,"Rogers, Thompson and Spencer",Partner,Working,GEO0159,2025-09-03T05:37:27,2025-10-26T11:20:48
L000185,paigefitzgerald@example.org,Ferguson PLC,Referral,Working,GEO0486,2025-12-20T10:32:31,2026-02-28T16:59:31
L000186,oholloway@example.com,Wilson-Simmons,Referral,Working,GEO0328,2024-01-16T02:09:56,2025-10-25T08:51:16
L000187,hortontina@example.com,Davis-Valdez,Web,Nurture,GEO0785,2025-02-26T23:27:49,2025-04-23T21:24:24
L000188,zacharycantu@example.org,Perry PLC,Event,Nurture,GEO0655,2025-09-26T18:19:32,2025-11-18T23:01:30
L000189,nicholasmorgan@example.net,Velasquez Ltd,Referral,New,GEO0529,2024-10-08T18:37:53,2024-12-07T22:18:43
L000190,vmathis@example.org,Bowen LLC,Inbound SDR,Nurture,GEO0099,2024-12-28T04:09:32,2025-10-22T15:16:13
L000191,pamelathomas@example.net,Maldonado-Jones,Outbound,Nurture,GEO0748,2026-01-27T12:58:09,2026-02-23T03:04:57
L000192,lauriemason@example.org,Shaw-Ray,Web,Qualified,GEO0494,2026-02-16T23:15:39,2026-02-22T01:58:35
L000193,austinmartha@example.com,Rice and Sons,Partner,Disqualified,GEO0039,2024-07-17T04:04:27,2025-09-28T23:09:45
L000194,reidamanda@example.com,Barnes-Ho,Inbound SDR,Working,GEO0295,2026-01-10T08:04:58,2026-02-03T11:25:58
L000195,michael80@example.net,"Simmons, Sellers and Alexander",Partner,Working,GEO0060,2025-05-01T21:43:27,2026-02-08T22:00:20
L000196,haastina@example.com,Jones-Lopez,Web,New,GEO0004,2025-03-22T12:10:07,2025-11-12T21:57:21
L000197,fishermichael@example.com,"Garcia, Sullivan and Brewer",Outbound,Working,GEO0025,2025-03-04T19:09:13,2025-06-26T17:14:46
L000198,melissapacheco@example.net,"Underwood, Reyes and Nelson",Web,Working,GEO0710,2026-02-21T04:19:54,2026-02-27T23:30:24
L000199,higginsdavid@example.net,"Stewart, Miranda and Cabrera",Inbound SDR,Qualified,GEO0572,2025-05-25T06:52:28,2026-02-24T17:37:01
L000200,greenbenjamin@example.net,"King, Foster and Russo",Event,Disqualified,GEO0183,2024-01-03T22:41:13,2025-06-11T08:35:23
L000201,reginaldhuang@example.com,Gomez Inc,Inbound SDR,Nurture,GEO0009,2024-04-30T19:24:38,2025-11-15T03:13:54
L000202,everettjose@example.org,Weaver LLC,Inbound SDR,Working,GEO0166,2024-05-14T02:10:18,2025-12-17T11:17:12
L000203,jeffrey00@example.org,Lynch-Phillips,Partner,Working,GEO0171,2025-11-19T18:01:12,2025-12-08T10:13:26
L000204,kelly76@example.net,Owens and Sons,Event,Nurture,GEO0792,2024-04-20T07:53:33,2024-04-28T11:04:57
L000205,anne18@example.com,Summers-Benson,Partner,Disqualified,GEO0490,2024-11-25T10:49:42,2025-12-06T05:28:30
L000206,thernandez@example.com,Thomas Inc,Event,Working,GEO0462,2025-06-12T01:53:18,2026-01-07T13:22:03
L000207,tracymccormick@example.org,"Petersen, Warner and Medina",Inbound SDR,Qualified,GEO0569,2024-10-20T23:15:32,2025-01-17T22:33:11
L000208,lisayoung@example.org,Cox-Hanna,Outbound,Working,GEO0783,2024-08-23T13:34:02,2025-09-14T12:12:44
L000209,ewise@example.org,Cooper-Mccarthy,Referral,Nurture,GEO0352,2024-03-25T20:31:06,2025-06-22T14:26:29
L000210,wolfeeric@example.org,Oliver-Garcia,Outbound,Qualified,GEO0094,2024-10-21T05:51:44,2025-11-11T01:56:12
L000211,qbryant@example.org,Miller and Sons,Inbound SDR,Qualified,GEO0324,2024-12-10T12:03:36,2025-04-24T08:56:24
L000212,arnoldkimberly@example.com,"Jones, White and Garza",Partner,Qualified,GEO0403,2025-09-18T18:23:51,2025-12-16T01:03:16
L000213,jeffreydominguez@example.org,"Dixon, Reynolds and Sanchez",Outbound,Disqualified,GEO0276,2025-05-02T04:26:08,2025-11-04T14:33:39
L000214,arthur25@example.net,Hartman-Smith,Web,Qualified,GEO0255,2025-05-13T20:24:41,2026-02-21T04:36:25
L000215,vjohnson@example.com,Winters-Pruitt,Inbound SDR,Disqualified,GEO0766,2025-07-28T23:35:50,2025-08-16T18:57:09
L000216,williamsandrea@example.com,Pratt Inc,Web,New,GEO0406,2025-07-11T16:28:55,2025-08-07T15:40:25
L000217,victor27@example.com,Hubbard Group,Referral,Disqualified,GEO0090,2025-11-04T03:22:25,2026-02-17T10:32:35
L000218,rebeccagutierrez@example.org,"Herrera, Thompson and Tate",Web,Disqualified,GEO0383,2025-01-22T05:10:58,2025-08-27T07:17:30
L000219,alexander38@example.com,Roy-Davis,Inbound SDR,Nurture,GEO0235,2024-04-18T03:46:05,2026-02-21T07:25:15
L000220,lesliebaker@example.net,Moore-Brown,Outbound,Qualified,GEO0302,2024-03-22T13:11:58,2025-04-22T00:06:58
L000221,christopher44@example.com,Joseph-Moore,Event,Working,GEO0038,2025-06-17T15:51:35,2025-11-05T03:49:54
L000222,adamslisa@example.com,Osborn-Porter,Inbound SDR,New,GEO0378,2025-04-14T17:30:03,2025-05-19T08:23:00
L000223,mlopez@example.org,Barrera PLC,Partner,Nurture,GEO0399,2025-02-23T00:18:25,2025-12-09T10:53:57
L000224,margaretmiller@example.net,"Johnson, Carney and Schroeder",Event,Nurture,GEO0251,2025-04-29T10:58:11,2025-11-09T22:27:27
L000225,elizabethwalker@example.net,Ellis and Sons,Inbound SDR,Nurture,GEO0106,2025-02-09T02:20:55,2025-08-11T14:00:50
L000226,katie72@example.net,Hall and Sons,Partner,Disqualified,GEO0349,2026-02-10T02:39:03,2026-02-24T19:35:48
L000227,hopkinsmatthew@example.org,Beard-Simmons,Inbound SDR,Nurture,GEO0553,2024-10-13T02:29:17,2026-01-31T21:13:59
L000228,myoung@example.com,Jones-Gibson,Inbound SDR,Disqualified,GEO0323,2025-06-19T02:48:33,2025-07-04T08:45:02
L000229,laceymcdonald@example.net,"Baxter, Miles and Chandler",Event,Disqualified,GEO0165,2024-01-13T12:49:13,2025-12-01T20:36:19
L000230,sydney97@example.org,Carter Inc,Referral,Nurture,GEO0777,2024-09-25T04:41:10,2024-12-22T15:53:42
L000231,elizabeth05@example.org,Schwartz Inc,Web,Nurture,GEO0102,2025-06-19T10:05:41,2026-01-11T13:55:54
L000232,markcortez@example.com,"Carey, Stanley and Hammond",Event,Qualified,GEO0289,2024-04-06T18:27:57,2024-10-15T02:42:13
L000233,kmarquez@example.com,Ellis Inc,Referral,Nurture,GEO0249,2025-02-23T22:42:37,2025-09-13T23:11:06
L000234,joshuasantos@example.com,"Ramsey, Wood and Roberson",Outbound,Disqualified,GEO0056,2025-10-15T12:16:03,2025-12-03T19:59:54
L000235,nicholasgibson@example.com,Bradley-Gaines,Outbound,Working,GEO0231,2024-08-24T22:08:28,2025-09-11T02:18:46
L000236,suzannebraun@example.org,Todd and Sons,Web,Working,GEO0758,2026-01-08T08:21:18,2026-02-05T16:04:27
L000237,seanjackson@example.org,Smith Ltd,Inbound SDR,Disqualified,GEO0526,2025-06-24T12:43:22,2025-09-21T04:02:34
L000238,iclark@example.org,Turner-Roberts,Web,Working,GEO0310,2025-02-07T14:24:27,2025-11-28T08:08:59
L000239,smithmichael@example.com,Hill-Li,Web,Qualified,GEO0328,2024-03-15T00:42:03,2024-06-19T17:50:33
L000240,loriporter@example.net,"Bridges, Mason and Snyder",Outbound,Nurture,GEO0295,2025-08-02T22:49:51,2025-10-29T14:58:35
L000241,xthompson@example.org,Baker Group,Web,Working,GEO0285,2025-02-10T16:55:53,2026-01-11T00:33:06
L000242,feliciabaker@example.net,"Baker, Allen and Colon",Referral,Qualified,GEO0736,2025-10-17T12:02:10,2025-10-18T18:46:26
L000243,jbrowning@example.net,"Meyers, Rogers and Richardson",Outbound,Disqualified,GEO0336,2024-05-08T17:42:45,2025-07-20T01:59:16
L000244,lauren48@example.org,"Clarke, Crawford and Ray",Inbound SDR,New,GEO0077,2024-10-07T19:42:38,2026-02-01T18:58:53
L000245,micheal87@example.com,"Burgess, Hubbard and Juarez",Outbound,Nurture,GEO0465,2025-05-23T01:27:07,2025-11-30T03:24:32
L000246,stephanie30@example.org,"Mcbride, Becker and Montoya",Referral,Qualified,GEO0486,2025-05-28T01:19:13,2026-01-14T16:32:50
L000247,browndylan@example.com,"Wong, Long and Lewis",Partner,Nurture,GEO0136,2024-04-02T03:18:04,2024-04-21T17:44:35
L000248,wagneremily@example.com,"Farrell, Mckee and Houston",Event,Qualified,GEO0097,2024-07-09T04:47:23,2025-10-08T11:42:58
L000249,lnunez@example.com,Khan-Reyes,Partner,Qualified,GEO0735,2026-01-07T01:28:35,2026-02-19T05:12:36
L000250,richard60@example.org,"Johnson, Simmons and Thomas",Event,Nurture,GEO0360,2026-02-03T22:54:52,2026-02-19T21:03:40
L000251,christopher30@example.net,Rodriguez-Molina,Partner,Nurture,GEO0605,2026-01-04T15:13:17,2026-01-04T10:53:55
L000252,soconnor@example.net,"Huff, Summers and Trujillo",Outbound,New,GEO0798,2025-04-11T19:45:33,2025-10-02T14:21:46
L000253,vicki41@example.net,Barker-Martin,Event,Disqualified,GEO0467,2024-07-27T12:12:18,2025-02-12T02:23:11
L000254,emma95@example.org,Michael-Richardson,Inbound SDR,Disqualified,GEO0296,2024-01-11T05:23:55,2025-06-15T01:41:08
L000255,joseph41@example.com,"Murray, Nelson and Martinez",Referral,Disqualified,GEO0571,2025-08-27T10:05:49,2025-12-12T23:55:10
L000256,thompsoneric@example.net,Jones-Stephens,Outbound,New,GEO0438,2025-07-01T14:46:41,2026-01-31T05:47:42
L000257,eileen89@example.com,Robertson-Jones,Outbound,Disqualified,GEO0162,2025-03-31T12:49:53,2025-08-18T02:52:00
L000258,michael89@example.org,Larson-Singleton,Referral,New,GEO0680,2024-02-20T16:14:45,2024-11-17T08:59:39
L000259,khenderson@example.org,Marshall-Spencer,Inbound SDR,New,GEO0137,2024-06-18T15:40:14,2024-08-25T00:32:13
L000260,brownjessica@example.net,Pineda-Maynard,Web,Qualified,GEO0289,2025-12-11T23:34:39,2025-12-11T10:57:13
L000261,warrenalexander@example.net,Bennett Group,Partner,Qualified,GEO0015,2025-05-22T18:45:34,2025-11-01T02:39:55
L000262,eugeneberry@example.net,"Waters, Young and Anderson",Referral,Nurture,GEO0134,2025-02-08T17:18:19,2025-07-27T09:58:03
L000263,madams@example.com,"Phillips, Morris and Martin",Inbound SDR,Nurture,GEO0260,2025-01-26T19:31:56,2025-09-22T13:34:38
L000264,woodchris@example.com,Conley LLC,Partner,Disqualified,GEO0119,2025-04-26T01:13:09,2025-08-16T22:33:19
L000265,joditaylor@example.net,Pratt-Barber,Partner,New,GEO0397,2025-07-26T10:55:00,2025-07-30T00:06:49
L000266,austinclark@example.org,Brown-Taylor,Inbound SDR,Disqualified,GEO0487,2025-01-10T22:24:38,2026-02-27T06:43:22
L000267,vmathews@example.com,Hanson-Bowman,Partner,New,GEO0606,2024-10-01T16:36:13,2025-03-29T01:56:38
L000268,lvazquez@example.net,"Torres, Burton and Odonnell",Partner,Disqualified,GEO0203,2025-07-24T07:27:48,2025-10-14T18:20:20
L000269,stephen05@example.org,"Mccarty, Clarke and Harrison",Outbound,Working,GEO0054,2024-06-21T13:11:26,2025-03-13T06:28:55
L000270,mward@example.net,"Bird, Montoya and Leonard",Web,Qualified,GEO0356,2025-12-17T10:29:44,2026-02-23T18:36:14
L000271,patelkaylee@example.net,"Rodriguez, King and Cooper",Referral,New,GEO0574,2025-05-23T16:30:08,2025-12-09T04:47:07
L000272,robert52@example.net,Park PLC,Partner,Disqualified,GEO0134,2025-04-22T05:38:13,2025-05-30T08:19:35
L000273,michaelwilliams@example.net,Williams Group,Event,Disqualified,GEO0143,2025-04-05T14:24:38,2025-08-05T04:21:47
L000274,erikasmith@example.com,Huffman-Ross,Outbound,Working,GEO0665,2025-04-26T01:18:57,2025-09-18T19:53:01
L000275,karenhill@example.net,Davis Ltd,Event,Working,GEO0026,2025-10-01T21:09:49,2025-11-02T16:02:14
L000276,karengordon@example.net,Moore-Hayes,Partner,New,GEO0378,2025-08-22T17:35:49,2025-08-22T04:21:41
L000277,jennifervazquez@example.net,"Parker, Cox and Ramos",Referral,Nurture,GEO0242,2024-08-28T07:19:59,2025-06-15T14:59:48
L000278,allenisabella@example.org,Perez Ltd,Referral,New,GEO0795,2025-11-17T08:19:37,2026-01-17T15:34:31
L000279,julie44@example.net,"Johnson, Porter and Erickson",Outbound,Working,GEO0443,2025-10-05T16:22:26,2025-12-24T11:52:47
L000280,hollowaydonna@example.com,Johnson Ltd,Inbound SDR,Nurture,GEO0549,2024-01-15T04:33:17,2024-09-13T00:19:57
L000281,hernandezdaniel@example.org,Scott and Sons,Inbound SDR,Working,GEO0329,2024-10-29T09:09:17,2025-05-31T08:48:23
L000282,william86@example.net,Carter Ltd,Web,Working,GEO0227,2024-06-11T07:39:18,2026-01-06T01:22:58
L000283,psmith@example.org,Williams-Jackson,Web,Working,GEO0291,2024-09-11T20:57:50,2025-09-29T09:15:50
L000284,martinezchristina@example.net,Rogers-Foster,Referral,Disqualified,GEO0185,2025-05-17T20:27:40,2025-08-12T10:50:41
L000285,xtaylor@example.net,Burns and Sons,Event,Nurture,GEO0196,2025-08-01T17:57:52,2026-01-18T06:34:49
L000286,ihahn@example.com,"Martinez, Gonzales and Vasquez",Referral,Nurture,GEO0785,2025-10-03T02:18:38,2025-12-31T14:44:43
L000287,qhickman@example.org,Hayes PLC,Event,Disqualified,GEO0438,2026-02-11T15:54:25,2026-02-26T12:01:11
L000288,kimberlysparks@example.org,Robertson LLC,Event,Nurture,GEO0440,2026-02-27T01:54:04,2026-02-27T09:12:11
L000289,dwayne40@example.org,"Doyle, Diaz and Mcclain",Event,New,GEO0688,2026-02-16T23:17:33,2026-02-24T00:14:57
L000290,wisejessica@example.net,"Deleon, Jensen and Ramirez",Web,Working,GEO0321,2025-05-03T15:51:35,2026-01-24T14:35:19
L000291,trevor49@example.com,Wagner-Garza,Inbound SDR,New,GEO0196,2024-10-31T11:52:46,2024-11-24T11:25:35
L000292,yoliver@example.net,"Chandler, Chen and Miller",Partner,Working,GEO0761,2026-01-26T12:46:03,2026-02-25T08:34:21
L000293,jenkinselizabeth@example.com,Long-Burton,Partner,Disqualified,GEO0054,2024-07-10T12:29:49,2025-07-20T10:18:09
L000294,ryanwalker@example.net,"Miller, Daniels and Carlson",Referral,Disqualified,GEO0700,2024-06-11T18:10:19,2025-10-23T23:11:53
L000295,pgordon@example.com,Daniels-Mckenzie,Inbound SDR,New,GEO0088,2025-10-15T17:05:29,2025-11-24T15:54:23
L000296,mitchell48@example.com,Long and Sons,Referral,Nurture,GEO0451,2025-11-14T11:32:36,2025-12-12T18:19:11
L000297,cwalker@example.com,Schwartz-Blake,Outbound,Disqualified,GEO0572,2024-12-17T05:49:14,2025-08-02T09:06:57
L000298,gerald05@example.com,Gutierrez PLC,Inbound SDR,New,GEO0444,2025-12-05T03:53:57,2025-12-28T03:15:36
L000299,kendrawilson@example.com,Wilson Ltd,Web,New,GEO0147,2024-11-21T12:30:12,2025-07-05T08:58:42
L000300,tanner38@example.org,Moore Inc,Outbound,Qualified,GEO0145,2025-09-10T05:54:40,2026-02-23T05:02:11
L000301,martin40@example.org,Dougherty-Stout,Event,Nurture,GEO0619,2024-04-07T09:08:15,2025-10-03T19:38:14
L000302,bullockkathy@example.com,Moore Inc,Inbound SDR,Nurture,GEO0151,2025-10-19T14:21:34,2025-12-27T06:29:17
L000303,allison20@example.net,"Alvarez, Larsen and Brewer",Inbound SDR,Working,GEO0368,2024-01-04T15:41:49,2025-07-14T00:24:40
L000304,paulshort@example.net,Davis-Yang,Partner,New,GEO0683,2024-05-09T04:10:28,2025-04-18T03:23:35
L000305,abanks@example.org,Garrett-Boyd,Inbound SDR,Nurture,GEO0430,2025-09-30T20:56:22,2025-11-07T06:03:16
L000306,nicolenguyen@example.org,"Zhang, Oneill and Smith",Inbound SDR,New,GEO0309,2024-12-27T08:10:19,2025-07-22T18:27:13
L000307,spearsanthony@example.org,"Pruitt, Newton and Fitzgerald",Web,New,GEO0511,2025-05-06T18:52:37,2025-11-27T08:51:05
L000308,xhunt@example.net,Morris-Moore,Partner,Nurture,GEO0678,2024-06-20T11:24:50,2025-12-23T17:43:51
L000309,alvareztracy@example.net,"Roberson, Smith and Mason",Web,Disqualified,GEO0448,2024-03-16T03:06:49,2024-08-06T18:04:37
L000310,floresanna@example.org,"Smith, Sanchez and Gray",Referral,Nurture,GEO0179,2025-04-05T13:39:17,2025-06-02T02:49:05
L000311,bennettelizabeth@example.org,Burgess LLC,Referral,Working,GEO0596,2025-04-07T08:41:27,2025-10-24T00:14:33
L000312,lindasims@example.net,Hogan PLC,Web,Disqualified,GEO0533,2024-01-07T03:15:54,2024-04-18T15:06:33
L000313,joshuagarcia@example.com,Caldwell-Bell,Partner,New,GEO0221,2025-05-04T01:14:26,2025-08-18T02:14:45
L000314,andersonlisa@example.net,"Frederick, Silva and Brown",Partner,Qualified,GEO0015,2024-09-28T04:06:49,2024-11-11T07:45:09
L000315,gwatts@example.com,Romero and Sons,Inbound SDR,Disqualified,GEO0737,2026-02-04T15:49:40,2026-02-07T15:54:05
L000316,sanchezpaula@example.net,Mcgrath-Davis,Outbound,Nurture,GEO0458,2025-06-08T01:24:59,2026-02-04T03:17:34
L000317,palmersheila@example.com,Mcdonald and Sons,Inbound SDR,Disqualified,GEO0771,2025-10-14T16:04:23,2025-12-12T05:02:44
L000318,jerrymiller@example.com,Briggs-Lopez,Inbound SDR,New,GEO0335,2024-04-14T15:43:14,2025-04-20T11:32:12
L000319,melissawilson@example.net,Holland-Mcbride,Web,New,GEO0152,2026-02-15T13:09:56,2026-02-16T05:32:52
L000320,rachel91@example.net,Pierce-Rush,Inbound SDR,Disqualified,GEO0343,2025-05-28T03:26:48,2025-10-28T01:16:36
L000321,rhonda76@example.org,Martinez-Mccarthy,Inbound SDR,Working,GEO0702,2025-01-19T13:21:50,2026-01-23T00:34:44
L000322,nathanrodriguez@example.com,Johnson-Thompson,Partner,Working,GEO0613,2025-05-27T00:13:06,2025-07-25T17:26:00
L000323,shannonberry@example.org,"Adams, Reeves and Steele",Partner,New,GEO0222,2025-09-10T20:07:25,2025-12-18T12:27:21
L000324,collin29@example.net,Smith-Guerrero,Partner,New,GEO0194,2026-01-12T11:25:56,2026-01-21T08:20:21
L000325,thomashenson@example.org,Green-Flores,Partner,Working,GEO0799,2024-12-10T02:43:03,2025-10-21T01:17:09
L000326,sherryalvarez@example.org,Snyder Group,Event,Disqualified,GEO0473,2025-08-05T12:20:35,2025-11-05T03:57:15
L000327,coreycarey@example.net,"Ellis, Robertson and Pena",Outbound,Disqualified,GEO0744,2025-04-29T05:31:20,2025-09-05T11:33:53
L000328,ibarber@example.com,"Crane, Wang and Peterson",Referral,Nurture,GEO0645,2024-03-23T00:58:09,2024-10-06T23:55:18
L000329,garrisonjames@example.net,Cantu LLC,Partner,Disqualified,GEO0095,2024-12-23T18:56:55,2025-03-12T15:17:49
L000330,william36@example.com,Flores PLC,Referral,Qualified,GEO0671,2025-02-15T21:06:26,2026-02-06T15:34:20
L000331,jhenry@example.org,Osborne PLC,Outbound,Nurture,GEO0724,2024-12-28T13:00:21,2025-09-12T15:35:57
L000332,james21@example.com,Hudson-Lopez,Outbound,New,GEO0482,2025-09-21T12:13:55,2026-02-23T00:09:38
L000333,rebeccatyler@example.net,Hurley LLC,Web,Nurture,GEO0342,2025-02-03T16:08:06,2025-10-21T08:36:23
L000334,haydenmichael@example.org,"Daniel, Rogers and Pena",Inbound SDR,Disqualified,GEO0168,2025-10-30T01:25:17,2026-02-14T10:38:52
L000335,kbuchanan@example.net,Williams PLC,Referral,Qualified,GEO0087,2025-08-21T02:34:33,2025-12-24T20:07:40
L000336,grantwilliam@example.org,"Greene, Cook and Williams",Partner,Qualified,GEO0396,2025-06-27T16:32:41,2025-08-11T06:56:22
L000337,walkeramy@example.net,"Garcia, Garner and Walker",Outbound,Disqualified,GEO0534,2024-04-25T23:01:50,2025-11-28T11:32:24
L000338,hallandrew@example.com,Lee Group,Inbound SDR,Nurture,GEO0419,2024-03-03T00:21:22,2025-08-01T03:19:42
L000339,anna61@example.org,Perkins-Smith,Inbound SDR,Disqualified,GEO0354,2025-04-12T21:06:09,2025-07-15T11:07:21
L000340,kylieshaw@example.com,"Wright, Mitchell and Carter",Referral,Nurture,GEO0524,2025-05-03T16:02:57,2026-02-26T03:23:34
L000341,mjacobs@example.org,"Riley, Williams and Robinson",Event,Disqualified,GEO0327,2025-12-08T18:03:49,2025-12-24T16:37:58
L000342,scottsimon@example.net,"Blair, Wagner and Velasquez",Event,New,GEO0702,2024-04-07T03:46:49,2024-07-27T01:38:29
L000343,joseph60@example.org,Rollins-Snow,Partner,Working,GEO0292,2025-09-15T06:43:25,2025-10-25T10:35:19
L000344,brenda35@example.net,"Robbins, Moore and Thompson",Web,Nurture,GEO0733,2024-02-02T23:49:37,2024-08-27T07:54:28
L000345,stacymoody@example.org,Castaneda-Ray,Outbound,Working,GEO0153,2024-07-29T01:35:52,2024-08-08T16:11:34
L000346,cmoreno@example.com,Mack-Rodriguez,Referral,Working,GEO0652,2025-03-28T17:35:23,2025-10-20T21:44:59
L000347,jeffrey11@example.org,"Rich, Tucker and Mccormick",Outbound,Qualified,GEO0593,2024-12-03T11:18:43,2025-08-31T13:47:08
L000348,taylorcharles@example.com,Sanchez-Morris,Inbound SDR,Working,GEO0292,2024-03-01T21:24:13,2025-03-24T19:21:33
L000349,kathleen42@example.net,Simmons Ltd,Web,New,GEO0731,2024-02-10T20:55:16,2025-08-26T21:38:53
L000350,sarahmendoza@example.com,"Baker, Davis and Reid",Partner,Qualified,GEO0476,2024-04-03T11:35:42,2025-02-13T02:26:22
L000351,patrickbryan@example.org,Bradley-Adams,Web,New,GEO0718,2025-10-29T13:59:55,2026-02-28T21:12:39
L000352,melissa61@example.net,"Phillips, Sullivan and Pena",Referral,Disqualified,GEO0440,2026-02-05T03:36:29,2026-02-12T23:14:03
L000353,jonathan73@example.net,"Pineda, Allen and Smith",Outbound,Disqualified,GEO0275,2025-11-05T16:39:15,2026-01-23T15:31:28
L000354,lwilson@example.com,"Thomas, White and Anderson",Event,New,GEO0560,2025-12-10T05:22:45,2025-12-25T18:37:21
L000355,jonesluke@example.org,Martinez-Schmidt,Web,Disqualified,GEO0112,2024-06-27T07:01:26,2025-07-05T13:39:18
L000356,susanthomas@example.org,Rodriguez-Ramirez,Partner,Nurture,GEO0769,2025-12-15T15:19:52,2025-12-29T09:20:06
L000357,nmadden@example.org,Shah Group,Referral,Qualified,GEO0126,2025-06-26T12:23:06,2026-01-25T11:55:32
L000358,riverashane@example.org,Hill Ltd,Referral,Nurture,GEO0386,2024-12-21T09:21:37,2025-03-21T00:09:57
L000359,thomasscott@example.net,Chavez-Oliver,Referral,New,GEO0625,2026-01-01T09:56:35,2026-01-10T01:11:17
L000360,lambertdavid@example.com,Ramirez and Sons,Referral,Working,GEO0264,2025-03-07T16:56:15,2025-06-07T16:03:11
L000361,davidjackson@example.org,Jacobs LLC,Inbound SDR,Qualified,GEO0727,2025-07-19T06:20:14,2026-01-02T19:16:07
L000362,williamswilliam@example.com,Mueller PLC,Referral,Qualified,GEO0398,2024-04-18T14:53:04,2025-08-03T17:19:23
L000363,ajacobs@example.com,Phillips-Jenkins,Event,Qualified,GEO0056,2025-06-17T17:24:41,2025-09-15T17:20:30
L000364,jenniferarellano@example.org,Kelly and Sons,Referral,Working,GEO0726,2024-10-04T03:50:07,2025-12-02T08:28:34
L000365,gilmorecrystal@example.com,Shannon Ltd,Web,Qualified,GEO0644,2025-08-29T01:21:12,2026-03-01T13:55:01
L000366,alexander55@example.org,Mccall-Mejia,Event,Qualified,GEO0280,2026-01-26T22:12:58,2026-02-10T18:34:37
L000367,ymcdonald@example.org,"Jones, Martinez and Farmer",Partner,Disqualified,GEO0472,2026-01-25T23:02:39,2026-01-25T14:22:03
L000368,rchapman@example.net,Miller-Rich,Inbound SDR,Working,GEO0305,2024-11-02T07:06:23,2025-11-17T18:54:36
L000369,cking@example.net,"Larsen, Lopez and Kennedy",Inbound SDR,Disqualified,GEO0451,2025-09-30T16:50:30,2025-10-01T08:25:08
L000370,jessica20@example.com,Kennedy-Adams,Event,New,GEO0249,2025-06-30T19:15:13,2026-01-12T12:32:32
L000371,rhill@example.org,"Phelps, Miller and Stewart",Web,Working,GEO0489,2026-02-02T03:42:06,2026-02-25T23:26:47
L000372,leerobert@example.net,Tucker LLC,Event,Qualified,GEO0322,2024-01-08T02:24:55,2025-02-07T16:50:05
L000373,maddensuzanne@example.com,Perez-Sparks,Event,Working,GEO0740,2025-11-10T23:46:31,2026-02-04T13:59:15
L000374,davidweaver@example.com,Bailey Group,Partner,New,GEO0565,2024-03-14T14:50:37,2024-09-04T23:59:07
L000375,swalker@example.net,Stewart-Lee,Web,Working,GEO0081,2025-05-30T22:26:02,2026-02-14T17:29:19
L000376,mendozaanna@example.net,Mcpherson Group,Event,Working,GEO0269,2025-01-03T02:33:46,2025-08-21T17:27:13
L000377,steven56@example.org,"House, Rivera and Daniel",Partner,Nurture,GEO0504,2025-06-15T09:48:29,2026-02-06T22:08:48
L000378,joshua15@example.com,"Patterson, Bates and Campos",Outbound,Qualified,GEO0139,2025-11-26T18:22:54,2025-12-01T06:20:59
L000379,jerrytaylor@example.net,Brown Group,Partner,Disqualified,GEO0234,2024-12-19T19:02:41,2025-06-09T06:12:10
L000380,jkaiser@example.org,"Nguyen, Hall and Ramirez",Outbound,Nurture,GEO0634,2024-11-22T11:38:30,2025-10-28T09:48:34
L000381,edwardwalker@example.net,Page Group,Outbound,Disqualified,GEO0044,2025-11-14T12:38:28,2025-11-19T09:11:11
L000382,qsteele@example.com,Martin PLC,Event,Working,GEO0576,2024-02-10T08:50:21,2025-12-19T16:39:03
L000383,kwilliams@example.net,Melton PLC,Inbound SDR,Working,GEO0163,2024-06-24T15:49:02,2024-11-04T08:01:09
L000384,troy85@example.net,"Mccarty, Sanchez and Green",Partner,New,GEO0559,2024-09-22T15:36:34,2026-01-30T16:20:37
L000385,jillianwilliams@example.org,"Scott, Smith and Campbell",Inbound SDR,Disqualified,GEO0302,2024-06-04T23:58:43,2025-07-08T17:56:27
L000386,gonzalesbrittany@example.net,Burns LLC,Event,New,GEO0330,2025-05-20T18:05:56,2025-12-26T18:25:35
L000387,lisa94@example.net,"Flores, Watson and Sutton",Web,New,GEO0367,2025-12-15T11:41:41,2026-02-26T17:35:20
L000388,pmartinez@example.com,"Smith, Cabrera and Peters",Web,New,GEO0064,2024-04-12T20:06:34,2025-01-14T21:09:23
L000389,sperez@example.net,James Ltd,Outbound,Working,GEO0251,2025-10-06T08:01:20,2025-10-24T15:39:21
L000390,ashley46@example.com,Burnett Inc,Referral,Disqualified,GEO0387,2025-06-14T02:39:06,2026-02-11T11:37:22
L000391,michelle24@example.net,"Rivera, Love and Nguyen",Event,New,GEO0413,2024-05-31T12:09:52,2024-07-22T19:31:53
L000392,robert39@example.net,"Richards, Parks and Robinson",Web,Disqualified,GEO0639,2024-12-17T14:53:30,2025-07-14T13:19:58
L000393,abuckley@example.com,Ortiz-Brown,Web,New,GEO0357,2025-12-06T14:08:01,2026-01-01T05:45:48
L000394,erin26@example.net,Decker and Sons,Partner,Nurture,GEO0667,2024-06-05T22:23:51,2025-09-05T04:45:34
L000395,todd30@example.com,Smith LLC,Event,Disqualified,GEO0004,2024-06-09T20:39:31,2024-09-22T04:07:21
L000396,blevinstiffany@example.org,"Lucas, Swanson and Petersen",Event,Disqualified,GEO0377,2025-04-25T11:03:40,2025-09-28T16:25:35
L000397,rossanna@example.com,Ferrell-Lynch,Partner,Nurture,GEO0003,2024-02-23T17:29:52,2026-02-13T10:01:38
L000398,grimeskristin@example.org,Baker Inc,Inbound SDR,Working,GEO0781,2024-10-24T03:24:44,2025-08-16T05:04:29
L000399,edwardslaura@example.org,Burns-Lee,Outbound,Qualified,GEO0576,2025-04-28T19:28:31,2025-06-09T15:21:38
L000400,jessebarker@example.com,Combs LLC,Inbound SDR,New,GEO0706,2024-08-30T00:24:07,2025-12-09T15:34:41
L000401,luisjefferson@example.org,Alvarez Inc,Event,Nurture,GEO0472,2025-09-16T08:23:56,2025-10-08T21:55:53
L000402,richardyates@example.net,Hernandez PLC,Web,Qualified,GEO0053,2025-10-21T07:03:12,2026-01-28T23:45:32
L000403,ipeterson@example.com,Simmons-Pham,Referral,Working,GEO0670,2025-05-12T19:04:06,2025-10-29T17:49:16
L000404,qbailey@example.org,Adams-Kim,Web,New,GEO0714,2024-07-27T07:58:04,2025-04-02T08:35:30
L000405,ymorse@example.net,Gross-Taylor,Referral,Working,GEO0336,2024-10-19T15:17:49,2025-08-13T19:52:13
L000406,david71@example.net,Perry LLC,Event,Working,GEO0119,2024-12-01T22:07:18,2025-03-27T18:33:55
L000407,ashley26@example.org,Schwartz-Carter,Web,New,GEO0577,2024-10-04T00:19:59,2024-10-14T14:19:17
L000408,lisa05@example.net,Delacruz LLC,Web,Disqualified,GEO0625,2025-06-26T03:39:11,2026-02-14T14:27:14
L000409,anna04@example.net,"Rogers, Wilson and Jones",Outbound,Disqualified,GEO0785,2025-04-05T05:56:35,2025-06-24T10:01:40
L000410,daniel01@example.org,"Gilbert, Ferguson and Marshall",Event,Disqualified,GEO0035,2025-09-17T04:17:46,2025-10-04T09:22:11
L000411,nicholasvega@example.com,"Floyd, Cole and Gonzalez",Partner,Disqualified,GEO0115,2025-08-20T21:52:40,2026-01-16T02:16:12
L000412,brittanyberg@example.net,Coleman-Chapman,Event,New,GEO0217,2024-01-08T20:01:26,2024-07-18T16:45:34
L000413,banksjames@example.com,"Smith, Riley and Simpson",Inbound SDR,Disqualified,GEO0675,2025-03-02T22:32:19,2025-10-13T10:36:21
L000414,janicehampton@example.org,"Murphy, Ramirez and Duke",Outbound,Disqualified,GEO0428,2024-03-30T10:51:59,2025-04-21T03:16:01
L000415,simpsoncody@example.net,"Robles, Barnes and Collins",Event,Working,GEO0458,2026-02-14T08:41:16,2026-02-14T12:55:01
L000416,fryamanda@example.com,Simon-Perry,Referral,Nurture,GEO0739,2024-01-22T05:22:35,2025-09-18T15:53:18
L000417,buckleyjohn@example.org,"Mclean, Mills and Williams",Partner,Qualified,GEO0109,2025-07-03T15:04:10,2025-07-21T00:26:39
L000418,peggy78@example.net,Jefferson LLC,Referral,Disqualified,GEO0242,2026-01-19T11:29:28,2026-02-03T18:55:28
L000419,gparks@example.org,"Fuller, Jackson and Daugherty",Inbound SDR,Working,GEO0242,2025-07-22T08:05:11,2026-02-25T20:28:03
L000420,larseneduardo@example.net,Dennis-Fischer,Event,Working,GEO0678,2025-06-16T11:30:54,2025-10-02T00:28:06
L000421,sfowler@example.org,Collins-Patrick,Referral,New,GEO0742,2024-04-16T10:46:44,2024-09-11T21:38:24
L000422,patelsean@example.com,Armstrong-Brewer,Inbound SDR,Qualified,GEO0419,2024-12-17T07:35:28,2025-04-15T21:12:19
L000423,olsonjames@example.org,Mendoza LLC,Inbound SDR,Qualified,GEO0186,2024-03-15T21:09:47,2024-03-24T11:02:16
L000424,mmatthews@example.org,"Smith, Williams and Mccarty",Event,Qualified,GEO0364,2026-01-10T14:34:17,2026-02-03T12:52:47
L000425,elizabeth65@example.net,Garner-Cervantes,Outbound,Working,GEO0773,2025-01-22T03:13:04,2025-04-01T22:18:03
L000426,yrogers@example.com,Klein-Lopez,Inbound SDR,Working,GEO0044,2024-04-20T05:25:22,2024-12-27T14:15:59
L000427,jasonkim@example.com,"Vargas, Lee and Evans",Outbound,Disqualified,GEO0534,2024-08-19T17:23:03,2025-04-30T14:57:23
L000428,brendasimmons@example.net,"Robinson, Conrad and Hancock",Referral,Working,GEO0749,2024-07-03T11:23:51,2025-03-28T19:39:42
L000429,audreylane@example.net,Miller-Owen,Partner,New,GEO0539,2024-07-07T12:29:45,2025-06-07T01:07:38
L000430,mcmahonalexandra@example.com,"Moss, Rodriguez and Dixon",Inbound SDR,Working,GEO0755,2024-09-01T09:19:13,2025-11-15T11:44:36
L000431,zadams@example.net,"Mccoy, Smith and Gregory",Referral,Nurture,GEO0202,2024-04-24T05:31:26,2024-11-18T20:39:20
L000432,christopher25@example.com,Taylor-Coleman,Event,Disqualified,GEO0065,2025-03-23T02:17:41,2025-05-30T06:30:49
L000433,arthurgonzalez@example.com,"Steele, Mitchell and Smith",Inbound SDR,Nurture,GEO0743,2024-02-24T16:21:23,2024-06-06T06:06:53
L000434,james89@example.com,Bowman Group,Partner,Working,GEO0680,2026-01-27T08:14:59,2026-02-22T12:04:55
L000435,sfisher@example.com,"Williams, Collins and Kennedy",Event,Working,GEO0217,2024-03-18T22:32:55,2025-12-23T17:35:17
L000436,wwilson@example.net,"Nunez, Holloway and Kim",Outbound,Qualified,GEO0289,2025-01-01T21:43:20,2025-01-13T05:40:38
L000437,timothy07@example.org,Smith PLC,Inbound SDR,Nurture,GEO0468,2025-04-09T19:39:34,2026-02-11T00:49:59
L000438,suarezdonna@example.net,Schmidt-Moore,Web,New,GEO0203,2024-03-04T02:34:06,2025-10-10T10:54:01
L000439,jennifercollins@example.org,Elliott-Lee,Partner,Working,GEO0540,2025-01-05T10:59:35,2025-11-01T07:46:54
L000440,rebecca17@example.org,Martinez-Martinez,Referral,Disqualified,GEO0579,2024-02-14T03:00:28,2025-09-25T02:43:02
L000441,douglasdonovan@example.org,Thomas-Bennett,Outbound,Qualified,GEO0458,2025-06-02T18:53:35,2025-06-23T17:31:19
L000442,harrispamela@example.net,"Huerta, Johnson and Williams",Referral,Qualified,GEO0262,2024-12-10T08:30:40,2025-11-01T07:28:10
L000443,greenecathy@example.com,Boyd Ltd,Referral,Disqualified,GEO0536,2026-01-26T01:02:36,2026-02-08T01:26:13
L000444,wking@example.org,Harris Group,Outbound,Disqualified,GEO0159,2024-08-23T20:06:27,2024-10-14T04:09:09
L000445,djohnson@example.com,Long LLC,Inbound SDR,Nurture,GEO0615,2025-04-06T04:44:51,2025-05-21T15:35:57
L000446,sheppardbrian@example.org,Hughes LLC,Inbound SDR,Working,GEO0520,2025-11-12T14:28:04,2026-02-27T01:48:22
L000447,lshaffer@example.net,Weber PLC,Inbound SDR,New,GEO0605,2025-12-12T02:45:42,2026-02-21T07:10:22
L000448,janet61@example.net,"Brown, Fox and Hernandez",Web,Nurture,GEO0421,2025-12-24T04:05:13,2026-01-20T01:32:15
L000449,annaryan@example.com,Alvarez and Sons,Referral,Disqualified,GEO0750,2024-08-18T06:59:18,2025-11-03T04:11:26
L000450,jonesjames@example.net,Peters Ltd,Event,Working,GEO0548,2024-09-14T00:52:02,2024-12-30T15:17:51
L000451,pamela75@example.net,Johnson PLC,Partner,Nurture,GEO0399,2024-06-22T03:18:44,2025-03-17T15:15:35
L000452,rmartin@example.org,Mason-Bryan,Referral,Working,GEO0525,2024-07-24T12:30:57,2024-09-03T14:27:10
L000453,kelleybrian@example.com,Martinez PLC,Web,Disqualified,GEO0078,2026-01-21T21:55:48,2026-02-28T21:37:22
L000454,markoconnell@example.net,"Newman, Young and Brown",Event,New,GEO0393,2025-02-21T04:54:52,2025-07-29T20:19:00
L000455,jacqueline45@example.net,"Barnes, Huff and Mccoy",Outbound,Nurture,GEO0099,2025-07-28T14:49:44,2025-08-24T00:02:09
L000456,fwilkerson@example.com,Lynn-York,Inbound SDR,Nurture,GEO0008,2025-03-31T15:35:38,2025-12-30T13:59:34
L000457,hillmonica@example.org,Cox Group,Partner,Qualified,GEO0700,2025-05-08T03:07:27,2025-09-28T19:03:08
L000458,usilva@example.org,"Taylor, Miller and Garcia",Referral,Disqualified,GEO0255,2024-11-08T23:32:58,2025-08-26T13:55:24
L000459,sheltontammy@example.com,Sandoval-Crane,Inbound SDR,Working,GEO0397,2024-12-06T12:57:41,2025-08-04T12:13:03
L000460,coleamanda@example.net,"Hanson, Porter and Bauer",Inbound SDR,Working,GEO0045,2025-04-02T17:28:08,2025-11-26T11:53:29
L000461,kyoung@example.net,Montgomery and Sons,Web,Working,GEO0335,2025-10-12T17:55:11,2025-11-08T06:04:50
L000462,alishamartinez@example.org,Wilson LLC,Partner,Working,GEO0712,2024-08-17T12:48:03,2025-11-19T18:10:52
L000463,jamesparks@example.net,Walter-Ellis,Outbound,Nurture,GEO0172,2025-05-14T23:56:08,2025-08-03T05:08:20
L000464,knightdavid@example.org,West-Davis,Outbound,Nurture,GEO0149,2024-10-03T20:52:15,2025-11-19T21:12:48
L000465,ggreene@example.com,Ross Inc,Inbound SDR,Disqualified,GEO0751,2025-11-17T04:24:26,2026-01-28T03:38:30
L000466,odominguez@example.org,Robinson Inc,Outbound,Disqualified,GEO0170,2025-01-31T06:12:00,2025-05-04T09:05:20
L000467,hwinters@example.com,"Erickson, Mills and Johnson",Partner,Disqualified,GEO0275,2026-02-18T08:52:17,2026-02-27T13:29:44
L000468,shaunbass@example.net,"Baker, Ramirez and Wells",Partner,Nurture,GEO0484,2025-08-24T21:52:50,2025-11-11T14:06:57
L000469,bbeck@example.net,Wilson LLC,Outbound,Qualified,GEO0127,2026-01-12T11:47:24,2026-02-17T21:18:48
L000470,warneremily@example.net,"Bender, Williamson and Mccormick",Inbound SDR,Nurture,GEO0381,2025-06-06T13:19:41,2025-10-11T23:01:38
L000471,gregoryperez@example.com,"Vasquez, Wade and Johnson",Partner,Disqualified,GEO0096,2025-06-02T01:35:05,2025-11-16T10:03:42
L000472,williamsanthony@example.com,Wilson-Guerra,Web,Nurture,GEO0642,2025-01-23T06:13:42,2026-01-27T11:41:24
L000473,iclark@example.net,Jordan-Fox,Outbound,Working,GEO0205,2025-11-29T09:43:41,2025-12-05T17:22:44
L000474,mcguireaustin@example.net,"Charles, George and Rowe",Event,Nurture,GEO0096,2025-08-06T02:19:48,2026-02-15T19:23:29
L000475,amanda29@example.org,Ward-Blackwell,Partner,Working,GEO0553,2024-05-21T03:24:02,2025-04-18T19:53:26
L000476,vclark@example.com,"Sanders, Brown and Perry",Referral,Nurture,GEO0141,2024-02-16T12:28:05,2025-04-17T18:29:29
L000477,kara72@example.org,Woods PLC,Partner,New,GEO0738,2025-07-19T15:24:29,2026-01-21T21:48:14
L000478,sampsonlance@example.net,"Herrera, King and Rogers",Partner,Nurture,GEO0663,2024-05-04T02:09:16,2025-09-16T18:23:56
L000479,clarencecohen@example.com,Roberts Group,Event,New,GEO0270,2025-03-12T21:55:01,2026-02-28T04:53:02
L000480,weberjacob@example.org,Ford-Liu,Web,Nurture,GEO0017,2025-02-09T10:28:57,2025-04-21T00:11:16
L000481,caitlinwagner@example.com,Howe LLC,Inbound SDR,New,GEO0660,2025-10-24T19:49:01,2026-01-21T06:24:09
L000482,laurabush@example.net,Mosley Ltd,Partner,Working,GEO0345,2025-03-18T12:15:35,2025-08-31T23:27:38
L000483,margaretturner@example.net,Morton-Espinoza,Inbound SDR,Nurture,GEO0310,2024-02-14T06:24:09,2025-02-01T13:43:25
L000484,taylormark@example.com,"Perkins, Spencer and Hunt",Partner,Nurture,GEO0246,2025-01-13T03:37:53,2025-02-09T03:50:41
L000485,carriewoods@example.com,Blake PLC,Web,Qualified,GEO0500,2024-04-20T15:34:57,2024-08-26T21:06:06
L000486,fkim@example.com,Payne PLC,Event,Qualified,GEO0736,2025-05-03T07:42:47,2026-02-28T18:27:02
L000487,gina18@example.net,Valdez-Hall,Event,Qualified,GEO0076,2025-02-09T04:16:29,2026-01-29T22:23:01
L000488,michael45@example.org,Mckenzie PLC,Referral,New,GEO0737,2025-05-07T19:28:42,2025-07-31T11:34:47
L000489,gary46@example.org,Hardin Inc,Web,Qualified,GEO0537,2025-07-13T07:08:41,2026-02-03T05:50:32
L000490,comptonmiguel@example.net,"Ford, Carroll and Reeves",Event,Nurture,GEO0573,2025-04-30T04:41:33,2026-02-21T00:01:23
L000491,georgedodson@example.org,Garcia-Thomas,Event,Qualified,GEO0583,2025-02-08T02:54:33,2025-04-22T20:36:19
L000492,robertkent@example.net,"Gross, Morrison and Lewis",Web,Working,GEO0713,2025-11-11T10:02:17,2025-12-15T17:13:36
L000493,danny56@example.com,"Ramirez, Holt and Russell",Referral,Qualified,GEO0772,2024-03-07T23:50:02,2024-03-29T17:25:46
L000494,perezrichard@example.org,"Vasquez, Johnston and Dean",Partner,Qualified,GEO0005,2024-11-27T14:36:31,2026-01-02T01:17:06
L000495,caleb65@example.com,Webb PLC,Outbound,Nurture,GEO0183,2026-02-15T08:08:39,2026-02-24T08:13:09
L000496,bonnie20@example.org,Anderson PLC,Inbound SDR,Nurture,GEO0250,2024-03-18T19:26:26,2026-01-02T17:09:36
L000497,ebennett@example.org,Miller PLC,Referral,Qualified,GEO0067,2024-07-06T01:40:56,2025-11-12T07:47:53
L000498,ejohnson@example.org,"Graham, Lyons and Rodriguez",Outbound,Working,GEO0479,2025-09-25T01:30:13,2025-12-06T17:20:50
L000499,irobinson@example.org,Ruiz Group,Outbound,Qualified,GEO0776,2026-02-20T10:34:19,2026-03-01T19:00:40
L000500,lewisteresa@example.org,"Hester, Jones and Gomez",Outbound,Disqualified,GEO0363,2024-02-27T08:37:37,2024-10-08T14:22:28
L000501,nancykerr@example.org,Willis-Davis,Outbound,Working,GEO0123,2025-08-01T01:45:32,2025-11-04T11:12:47
L000502,mdorsey@example.com,Jimenez and Sons,Outbound,Qualified,GEO0061,2024-03-18T11:03:18,2024-11-07T09:53:17
L000503,ktate@example.org,"Yang, Williams and White",Outbound,Nurture,GEO0765,2025-07-06T13:46:57,2026-02-11T03:40:06
L000504,rangelfelicia@example.org,Schneider-Branch,Web,Qualified,GEO0533,2025-03-31T13:09:15,2025-04-28T05:50:17
L000505,amontgomery@example.net,"Moore, Gardner and Allen",Partner,Working,GEO0672,2025-06-06T16:50:59,2025-07-23T06:44:55
L000506,cynthiawest@example.net,Copeland-Mccarthy,Referral,New,GEO0449,2024-07-06T22:31:09,2025-07-06T15:21:10
L000507,hle@example.com,Shepherd and Sons,Referral,Qualified,GEO0179,2024-07-04T10:20:18,2025-12-29T07:07:20
L000508,archersteven@example.com,"Holmes, Reese and Johnson",Partner,Working,GEO0515,2024-06-26T06:02:55,2024-10-16T03:31:38
L000509,emiller@example.com,Sanchez-Allen,Event,Disqualified,GEO0281,2025-01-27T03:54:19,2025-07-24T01:47:55
L000510,nbowers@example.com,Rodriguez-Aguirre,Event,Nurture,GEO0748,2025-07-14T19:41:04,2025-08-18T09:47:35
L000511,juan98@example.com,Mcdowell-Ford,Partner,Qualified,GEO0287,2025-03-16T01:44:03,2025-05-10T10:58:25
L000512,michael65@example.net,"Pratt, Cohen and Edwards",Event,New,GEO0171,2024-08-30T06:29:29,2024-09-17T21:06:19
L000513,sweeneyvanessa@example.org,Harris PLC,Partner,Disqualified,GEO0701,2024-08-09T05:46:00,2025-06-15T09:25:12
L000514,luisbarnes@example.net,Camacho Ltd,Event,Disqualified,GEO0140,2024-11-22T04:05:50,2026-02-08T02:57:03
L000515,butlertiffany@example.org,Robbins Ltd,Partner,Qualified,GEO0514,2024-05-05T22:37:54,2024-10-24T01:29:30
L000516,brookelozano@example.com,Allen Inc,Outbound,Nurture,GEO0671,2024-02-09T15:57:46,2024-07-09T19:30:23
L000517,pattygilbert@example.com,"Williams, Myers and Miller",Referral,Working,GEO0497,2024-07-15T20:21:26,2025-07-23T14:12:53
L000518,floresmichelle@example.net,"Miranda, Oconnor and White",Event,Disqualified,GEO0049,2024-06-05T12:01:07,2024-11-05T23:32:53
L000519,cdurham@example.org,"Harrison, Wise and Jones",Event,Nurture,GEO0478,2025-07-01T05:48:37,2025-10-08T22:37:55
L000520,cherylyoder@example.org,Collier PLC,Referral,Working,GEO0745,2025-10-11T16:39:16,2026-02-15T23:11:27
L000521,sylviagibbs@example.net,"Love, Brown and Holland",Web,Qualified,GEO0686,2025-08-23T15:52:45,2025-10-08T14:39:00
L000522,travisramirez@example.com,"Bishop, Macdonald and Cruz",Referral,Qualified,GEO0050,2025-07-13T06:41:45,2025-08-30T17:40:05
L000523,emilykelley@example.net,Adams LLC,Partner,Qualified,GEO0175,2026-01-01T15:43:22,2026-01-04T14:35:14
L000524,rebecca03@example.net,Reynolds and Sons,Partner,Disqualified,GEO0108,2025-12-10T13:54:47,2026-01-23T11:35:38
L000525,webbjennifer@example.org,Reed Ltd,Inbound SDR,New,GEO0405,2025-09-28T06:53:20,2025-12-13T12:45:25
L000526,shawn51@example.org,"Moss, Cortez and Bailey",Referral,Nurture,GEO0589,2025-10-21T04:33:36,2026-02-15T10:58:14
L000527,troymay@example.net,Boyd-Vance,Partner,Working,GEO0045,2026-01-05T21:49:25,2026-02-09T17:27:03
L000528,emilytrevino@example.org,"Nelson, Anderson and Hopkins",Referral,New,GEO0435,2024-03-09T10:25:43,2026-01-04T18:33:10
L000529,collierbenjamin@example.net,"Reed, Walker and Carpenter",Inbound SDR,Disqualified,GEO0475,2025-09-27T14:44:27,2026-02-20T19:54:28
L000530,welchthomas@example.net,"Jimenez, James and Ramirez",Outbound,Nurture,GEO0250,2024-04-01T16:56:36,2025-09-30T19:25:54
L000531,elizabeththomas@example.net,Lopez Ltd,Referral,Working,GEO0610,2025-10-10T14:29:21,2025-12-18T00:55:21
L000532,kpetersen@example.org,Dunn and Sons,Web,Nurture,GEO0508,2025-01-12T17:40:12,2026-02-01T08:59:35
L000533,mejiabenjamin@example.net,"Weaver, Barnes and Evans",Referral,New,GEO0422,2024-10-09T12:51:08,2025-07-19T19:39:20
L000534,russelljames@example.com,Jones Ltd,Event,Nurture,GEO0549,2024-11-27T08:30:36,2026-01-26T04:34:46
L000535,ryanfarmer@example.net,"Wilson, Watson and Thompson",Web,Qualified,GEO0449,2025-09-04T18:10:47,2025-12-16T16:36:59
L000536,howardchapman@example.org,"Martin, Cain and Greene",Referral,New,GEO0438,2025-06-25T21:05:06,2025-12-24T17:20:35
L000537,butlercatherine@example.com,Richardson-Carter,Referral,Nurture,GEO0255,2025-07-01T06:38:40,2026-02-21T22:58:50
L000538,sanchezanthony@example.org,Lowe-Jones,Event,Disqualified,GEO0546,2024-06-16T14:43:34,2025-07-16T22:22:52
L000539,anthonymiller@example.net,Arnold-Matthews,Event,Disqualified,GEO0593,2024-01-19T21:41:08,2024-12-10T12:57:13
L000540,rodriguezlauren@example.com,Evans Ltd,Web,Disqualified,GEO0330,2024-03-02T01:58:02,2024-04-08T07:44:35
L000541,johnalvarado@example.org,Doyle-Martinez,Outbound,New,GEO0750,2024-04-22T08:57:07,2024-10-17T13:41:47
L000542,michelle66@example.org,"Smith, Lee and Romero",Partner,New,GEO0587,2024-02-19T02:03:14,2024-05-04T04:33:02
L000543,ryan61@example.net,Larsen and Sons,Partner,Working,GEO0274,2025-04-01T22:51:39,2025-09-03T20:46:18
L000544,deborah90@example.com,"Williams, Thomas and Taylor",Event,Qualified,GEO0570,2026-02-09T12:49:10,2026-02-14T12:50:39
L000545,gina97@example.com,Hernandez PLC,Web,Nurture,GEO0126,2025-01-31T15:24:15,2025-11-06T12:14:40
L000546,jgonzalez@example.org,Green-Torres,Outbound,Disqualified,GEO0169,2024-03-30T07:16:21,2025-04-06T10:49:19
L000547,robert75@example.com,Maddox-Wade,Outbound,New,GEO0080,2025-04-27T01:40:31,2026-01-08T01:23:19
L000548,garylittle@example.net,"Hughes, Barron and Harris",Web,Qualified,GEO0449,2024-01-05T05:37:59,2025-06-23T19:38:49
L000549,uhernandez@example.com,"Fox, Hayes and Boyer",Web,Disqualified,GEO0320,2025-05-13T03:05:31,2025-12-17T04:05:57
L000550,robertscalvin@example.com,Kelly-Rivers,Partner,Disqualified,GEO0471,2024-12-09T15:14:05,2025-04-29T10:43:02
L000551,murphytaylor@example.net,"Gallagher, Thomas and Hall",Inbound SDR,Working,GEO0696,2025-11-06T07:06:23,2025-11-23T06:23:10
L000552,brian14@example.org,Washington Inc,Referral,Nurture,GEO0716,2025-11-27T05:09:02,2026-02-05T20:43:05
L000553,jeffreyhuff@example.org,Scott PLC,Inbound SDR,Qualified,GEO0285,2024-07-08T09:38:38,2025-03-11T19:05:50
L000554,jamescarter@example.net,Howell Inc,Web,New,GEO0075,2025-09-07T23:59:49,2025-10-01T02:08:32
L000555,jmartinez@example.net,Johnson LLC,Web,New,GEO0059,2024-10-02T23:31:08,2025-05-17T08:45:16
L000556,elizabethvilla@example.com,Walker and Sons,Outbound,Qualified,GEO0170,2025-02-06T20:59:44,2025-12-24T18:41:23
L000557,melissa44@example.com,Brown-Morgan,Partner,Qualified,GEO0362,2024-06-16T18:55:58,2024-07-30T17:57:53
L000558,eileenwest@example.com,"Stephens, West and Howard",Partner,Qualified,GEO0493,2024-06-09T02:51:51,2025-04-30T08:09:15
L000559,laura80@example.org,Mcdonald-White,Partner,Working,GEO0666,2025-07-09T02:37:26,2025-12-11T16:35:02
L000560,kathy94@example.com,"Hall, Sampson and Miles",Partner,Nurture,GEO0140,2025-12-16T22:04:38,2026-02-24T20:04:30
L000561,lauragonzalez@example.net,Wu LLC,Web,New,GEO0245,2024-01-04T11:38:07,2025-08-14T23:29:28
L000562,rebeccajackson@example.org,Sanchez Inc,Event,Qualified,GEO0575,2024-01-09T23:17:14,2025-10-14T21:16:30
L000563,wagnerjennifer@example.com,Foster LLC,Referral,Disqualified,GEO0591,2025-10-04T02:52:57,2026-01-31T21:46:13
L000564,virginia09@example.net,Ellis Group,Web,Disqualified,GEO0152,2025-07-23T09:23:23,2025-07-25T11:26:41
L000565,denisemeza@example.org,"Leon, Spencer and Turner",Inbound SDR,Nurture,GEO0285,2025-12-26T21:42:40,2026-01-15T00:08:17
L000566,parkerian@example.org,Green-Harvey,Event,Qualified,GEO0635,2024-10-01T04:33:47,2025-09-16T18:52:23
L000567,suttonterri@example.net,"Perez, Beck and Bauer",Referral,Nurture,GEO0592,2024-05-27T21:36:11,2025-03-16T04:44:03
L000568,nicole36@example.net,Miller Ltd,Web,Disqualified,GEO0322,2025-10-17T09:09:42,2026-01-14T17:45:53
L000569,pmay@example.com,Fry PLC,Referral,Working,GEO0074,2024-10-25T20:38:36,2024-12-10T06:46:58
L000570,shannon26@example.org,Lewis Group,Web,Disqualified,GEO0576,2025-05-04T15:31:08,2025-07-22T08:16:06
L000571,hendersonmichael@example.net,"Watkins, Johnson and Reyes",Referral,Qualified,GEO0542,2024-10-13T06:11:29,2025-07-05T17:54:45
L000572,taylorkara@example.com,Williams-Rose,Event,Nurture,GEO0575,2026-01-26T19:14:01,2026-02-15T00:27:39
L000573,floresmark@example.org,Holder-Lynn,Partner,Disqualified,GEO0717,2025-11-08T15:23:33,2026-02-07T10:09:22
L000574,stacyrussell@example.org,Garcia Inc,Event,Working,GEO0594,2025-05-15T19:09:49,2025-11-21T18:32:30
L000575,redwards@example.com,Lee and Sons,Web,Nurture,GEO0487,2025-03-03T01:48:44,2025-09-21T18:27:16
L000576,christopher12@example.net,Graves Ltd,Web,Disqualified,GEO0279,2025-03-22T03:52:50,2025-10-17T09:17:42
L000577,zblake@example.org,White-Abbott,Inbound SDR,Working,GEO0059,2024-05-20T14:00:05,2025-03-13T02:21:55
L000578,ehogan@example.org,"Stone, Walls and Stone",Inbound SDR,New,GEO0607,2025-01-09T01:48:22,2026-02-12T03:28:31
L000579,yfox@example.com,Marshall-Jones,Partner,Qualified,GEO0357,2024-12-02T12:05:41,2025-02-18T07:52:23
L000580,beckerjohn@example.org,"Adkins, Martin and Potts",Outbound,Disqualified,GEO0737,2025-10-21T12:24:10,2026-01-29T19:03:56
L000581,lburton@example.com,Lewis-Cruz,Web,New,GEO0434,2025-08-21T19:57:27,2025-10-21T05:14:24
L000582,russell28@example.com,"Guerrero, Miller and Sullivan",Event,Working,GEO0687,2026-03-01T06:28:33,2026-03-02T06:02:56
L000583,howarddiana@example.org,"Davis, Leach and Young",Web,New,GEO0130,2025-04-08T20:40:13,2025-06-10T21:48:49
L000584,yreynolds@example.com,"Williams, Daniels and Fitzpatrick",Inbound SDR,Qualified,GEO0710,2026-02-23T17:35:38,2026-02-26T16:03:56
L000585,jeffreygibson@example.net,Osborne-Michael,Inbound SDR,Working,GEO0771,2024-09-07T22:48:08,2025-05-01T03:27:19
L000586,chadreed@example.net,"Le, Sullivan and Kennedy",Partner,Nurture,GEO0571,2025-08-08T12:16:57,2026-02-23T18:04:52
L000587,william85@example.net,Graves-Pena,Event,New,GEO0046,2025-05-20T17:50:00,2025-09-07T01:30:50
L000588,thomas43@example.org,"Mcbride, Terry and Moore",Outbound,Nurture,GEO0587,2024-04-06T01:07:02,2025-12-31T19:22:32
L000589,johnathangarcia@example.com,Watkins PLC,Event,Working,GEO0360,2025-04-29T09:04:49,2025-06-12T20:05:48
L000590,millerjennifer@example.net,"Ponce, Barnes and Humphrey",Outbound,Disqualified,GEO0355,2024-09-05T23:14:00,2025-04-09T02:51:03
L000591,hensleyjohn@example.com,"Patterson, Mason and Hayes",Partner,New,GEO0777,2025-01-13T12:48:34,2025-02-24T09:47:55
L000592,arthurcrawford@example.com,"Jackson, Hoffman and Hernandez",Inbound SDR,Disqualified,GEO0586,2025-03-15T03:00:28,2025-09-27T08:15:51
L000593,palmerrandy@example.net,"Lucas, Chambers and Carpenter",Outbound,Working,GEO0591,2026-01-20T06:06:18,2026-01-31T08:14:57
L000594,brownvalerie@example.org,Velez Inc,Inbound SDR,Working,GEO0180,2025-07-05T04:16:45,2025-09-13T05:36:59
L000595,whitesusan@example.net,Kemp Ltd,Event,New,GEO0755,2024-12-09T07:34:19,2025-01-26T01:49:52
L000596,richard33@example.org,Armstrong and Sons,Web,Nurture,GEO0642,2024-06-29T19:30:20,2025-01-03T23:25:01
L000597,brenda27@example.net,Williams-Harris,Outbound,Qualified,GEO0122,2025-12-07T11:44:17,2026-01-03T03:56:06
L000598,kimberlyhall@example.net,Houston Ltd,Partner,New,GEO0623,2024-08-16T13:59:15,2025-11-10T15:18:03
L000599,ortizjulia@example.net,Cabrera-Good,Partner,New,GEO0691,2026-02-26T08:11:10,2026-02-28T04:11:02
L000600,christopher63@example.net,Diaz and Sons,Referral,Working,GEO0645,2024-11-14T22:00:40,2024-11-16T12:56:11
L000601,hallcarrie@example.net,Navarro Ltd,Event,New,GEO0627,2024-08-25T00:58:17,2025-11-18T17:08:30
L000602,lopezkayla@example.net,Harris LLC,Event,Working,GEO0139,2025-05-16T23:22:29,2025-08-26T23:40:18
L000603,geoffreyberry@example.com,"Herring, Tran and Francis",Referral,Nurture,GEO0542,2025-03-10T23:27:30,2026-02-07T21:19:39
L000604,jeffrey56@example.com,Mckinney LLC,Partner,Disqualified,GEO0754,2025-09-04T07:58:53,2025-11-29T23:47:05
L000605,robert45@example.com,Watkins-Reeves,Web,Disqualified,GEO0589,2025-09-28T14:28:59,2025-11-30T14:53:27
L000606,rachelross@example.com,Stewart-Martinez,Outbound,New,GEO0002,2025-02-19T05:23:38,2025-06-03T14:31:10
L000607,timothy34@example.com,"Castillo, Barnes and Fields",Outbound,Nurture,GEO0146,2024-10-20T09:16:56,2024-12-19T11:13:39
L000608,thomasgonzalez@example.net,"Harper, Gray and Ramirez",Web,Qualified,GEO0411,2025-01-19T16:49:26,2025-02-10T09:32:38
L000609,geraldholland@example.org,Hernandez Group,Web,Nurture,GEO0055,2025-08-12T20:04:35,2025-11-13T02:55:57
L000610,nelsonjason@example.net,Farmer-Johnson,Outbound,Disqualified,GEO0333,2024-10-27T17:29:12,2026-02-27T12:34:53
L000611,james72@example.com,Banks Group,Event,Disqualified,GEO0567,2026-01-24T10:24:05,2026-02-26T19:42:57
L000612,brianna97@example.net,Washington PLC,Event,Working,GEO0373,2024-03-06T19:46:12,2024-06-08T23:24:55
L000613,peckgloria@example.org,"Barnes, Thomas and Pena",Event,Nurture,GEO0700,2025-04-27T22:01:41,2025-08-11T21:06:59
L000614,oking@example.com,Maldonado-Lambert,Referral,Disqualified,GEO0111,2024-01-01T16:49:34,2025-06-10T05:39:23
L000615,thenry@example.org,Wilson-Lyons,Outbound,Working,GEO0665,2025-01-22T19:59:30,2025-05-18T23:48:25
L000616,reynoldsdebra@example.net,Hansen-Jones,Partner,Qualified,GEO0753,2026-02-11T18:42:33,2026-02-28T00:59:06
L000617,erich@example.com,"Vasquez, Werner and Peterson",Referral,Qualified,GEO0195,2025-08-22T05:13:06,2025-10-28T04:06:06
L000618,nicolereyes@example.net,Austin-Williams,Event,Working,GEO0456,2025-11-09T07:17:56,2025-11-10T08:56:16
L000619,nvincent@example.net,"Wood, Miller and Glover",Web,Nurture,GEO0016,2024-10-04T14:56:08,2025-01-02T02:54:52
L000620,wrightsara@example.net,"Hernandez, Graham and Carter",Referral,New,GEO0797,2026-01-22T10:37:24,2026-02-16T14:55:36
L000621,john66@example.com,"Byrd, Smith and Hawkins",Outbound,Nurture,GEO0328,2025-12-23T03:07:13,2026-01-16T22:22:15
L000622,robert45@example.com,Watson-Jones,Partner,New,GEO0261,2024-02-14T06:50:25,2024-09-22T06:37:21
L000623,aguirretommy@example.com,Chan-Richardson,Event,Qualified,GEO0655,2025-08-28T15:30:32,2026-01-28T15:50:43
L000624,vanessawade@example.net,Davis LLC,Web,Qualified,GEO0013,2025-05-19T05:28:53,2025-12-19T11:07:59
L000625,xsmith@example.net,Parker-Mccullough,Inbound SDR,Nurture,GEO0094,2026-03-01T19:10:19,2026-03-01T00:03:51
L000626,tasha72@example.org,Hunter LLC,Partner,Qualified,GEO0616,2025-08-12T01:01:53,2025-10-20T02:32:04
L000627,deborah43@example.net,Ayala-Evans,Outbound,Working,GEO0296,2025-10-09T13:55:09,2025-10-18T13:24:53
L000628,brandy74@example.com,"Smith, Hawkins and Snow",Web,New,GEO0456,2025-03-12T05:48:02,2025-04-22T02:44:28
L000629,xweaver@example.org,"Todd, Lambert and Bowen",Web,Nurture,GEO0051,2024-10-06T21:50:47,2025-06-14T08:28:29
L000630,mary16@example.net,Martinez-Diaz,Web,New,GEO0031,2024-08-14T03:05:46,2024-09-14T12:03:00
L000631,jmcgee@example.net,"Turner, Johnson and Sherman",Inbound SDR,New,GEO0404,2024-08-24T16:21:37,2025-12-21T07:30:02
L000632,matthewmcneil@example.net,Pratt PLC,Referral,New,GEO0118,2025-02-02T08:20:23,2025-08-01T03:37:23
L000633,zthomas@example.com,Trujillo-Cervantes,Inbound SDR,Working,GEO0078,2024-03-06T04:10:41,2024-07-20T13:27:54
L000634,andrewsjamie@example.com,Reyes-Garcia,Partner,New,GEO0057,2024-12-07T17:01:07,2025-08-08T20:53:46
L000635,othompson@example.net,Jackson Ltd,Inbound SDR,New,GEO0251,2026-01-09T22:22:26,2026-02-14T23:18:38
L000636,williamsoncassandra@example.org,Johnson Inc,Event,New,GEO0120,2026-01-11T10:28:51,2026-02-14T17:17:31
L000637,leslie16@example.org,Stark-Abbott,Inbound SDR,Nurture,GEO0352,2024-05-01T06:22:04,2024-10-27T00:02:17
L000638,aaron09@example.org,Mcdonald and Sons,Inbound SDR,Nurture,GEO0469,2025-12-31T03:20:32,2026-01-11T23:35:19
L000639,stephen42@example.com,Brown Group,Event,Qualified,GEO0319,2024-08-14T13:32:46,2025-08-27T23:35:48
L000640,qblackburn@example.org,Brewer-Brown,Outbound,Disqualified,GEO0269,2025-02-01T20:16:16,2025-05-29T00:09:28
L000641,lisamcfarland@example.org,Marshall-Morrison,Web,Disqualified,GEO0599,2025-06-08T02:29:46,2025-11-12T10:55:27
L000642,philip95@example.com,Reyes-Petersen,Event,Disqualified,GEO0142,2024-04-20T02:10:01,2025-05-07T08:02:17
L000643,peterharding@example.net,"Wilson, Russo and Stokes",Event,Working,GEO0036,2025-06-04T11:40:46,2026-01-27T13:59:59
L000644,hpark@example.net,Dodson Inc,Referral,Disqualified,GEO0634,2026-02-13T10:19:04,2026-02-20T22:55:10
L000645,combsregina@example.com,"Oconnor, Evans and Wang",Inbound SDR,Nurture,GEO0117,2024-03-15T13:02:30,2025-07-14T17:54:04
L000646,kellyvicki@example.net,Holmes-Mills,Referral,Nurture,GEO0294,2025-07-28T19:44:14,2026-01-01T11:53:41
L000647,patriciahunter@example.net,Beasley Ltd,Event,Disqualified,GEO0414,2025-03-27T14:26:55,2025-09-21T00:21:19
L000648,fischerdonna@example.org,Martin-Roman,Outbound,Qualified,GEO0242,2025-05-26T08:51:17,2025-11-14T06:05:15
L000649,schneiderjoshua@example.com,"Knight, Johnson and Shea",Outbound,Qualified,GEO0669,2025-05-27T16:08:12,2025-12-31T05:59:43
L000650,paula31@example.org,Medina Inc,Event,Disqualified,GEO0659,2025-05-21T23:59:09,2025-09-01T15:42:18
L000651,nicholas97@example.com,"Anderson, Myers and Alvarez",Inbound SDR,Nurture,GEO0562,2024-02-10T02:30:45,2024-04-23T14:23:30
L000652,newmanmonica@example.org,Proctor Ltd,Referral,Working,GEO0348,2025-10-30T04:35:12,2025-12-24T03:12:33
L000653,jcastro@example.net,Moreno-Casey,Referral,Nurture,GEO0284,2024-04-22T00:43:49,2024-06-15T04:34:30
L000654,ojohnson@example.net,Henry-Knox,Inbound SDR,Working,GEO0686,2025-11-03T09:46:00,2025-11-28T13:11:30
L000655,rebecca29@example.org,"Snyder, Bell and Johnson",Outbound,Nurture,GEO0266,2025-10-04T04:37:22,2025-11-11T04:46:53
L000656,nhall@example.org,Bryant-Sanders,Referral,Nurture,GEO0272,2026-02-01T19:14:09,2026-02-14T14:16:45
L000657,laura31@example.org,Mitchell Inc,Inbound SDR,Working,GEO0215,2024-12-04T01:33:08,2025-07-08T21:51:01
L000658,qpatrick@example.org,"King, Ross and Moreno",Partner,Nurture,GEO0053,2025-05-10T16:47:06,2025-12-24T20:13:04
L000659,tristan41@example.org,"Richardson, Nguyen and Wright",Outbound,New,GEO0747,2026-02-23T00:56:05,2026-02-28T04:18:58
L000660,charlesconley@example.com,Watts Inc,Referral,New,GEO0430,2026-01-09T13:03:12,2026-02-04T00:34:09
L000661,tsanchez@example.com,"Adkins, Sherman and Rhodes",Web,Disqualified,GEO0504,2025-04-26T11:50:45,2025-12-09T22:22:44
L000662,kflores@example.net,Johnson-Medina,Partner,Nurture,GEO0521,2025-06-20T17:30:22,2025-12-20T11:50:51
L000663,idonovan@example.org,Campbell LLC,Partner,Working,GEO0122,2025-10-09T02:51:02,2025-12-01T03:39:38
L000664,rreeves@example.net,Booth PLC,Partner,Working,GEO0717,2025-11-02T18:25:14,2025-12-18T11:11:14
L000665,hannahcampos@example.net,Hicks-Kennedy,Referral,Working,GEO0135,2024-04-05T10:33:46,2025-06-08T05:25:32
L000666,christopher06@example.net,Hancock Ltd,Referral,New,GEO0257,2024-12-20T17:20:40,2026-01-16T00:56:17
L000667,brandon35@example.org,"Vega, Hayes and Johnson",Outbound,Disqualified,GEO0699,2024-10-02T20:03:06,2024-11-19T02:25:42
L000668,ycarter@example.com,Ramirez and Sons,Partner,Working,GEO0429,2024-07-29T01:00:03,2025-06-12T21:49:10
L000669,amber11@example.com,Smith-Morales,Partner,Disqualified,GEO0052,2024-04-16T20:34:40,2025-11-19T06:58:38
L000670,jesus49@example.net,Russell-Kaiser,Outbound,New,GEO0369,2025-01-31T06:12:07,2025-05-04T11:26:44
L000671,alexander38@example.net,Greene-Randolph,Web,Qualified,GEO0617,2026-01-23T08:56:09,2026-01-25T12:08:07
L000672,zblankenship@example.com,Rose-Shannon,Referral,New,GEO0452,2024-09-27T08:36:37,2025-06-09T20:18:43
L000673,milesjill@example.com,"Taylor, Clayton and Stephens",Outbound,New,GEO0432,2024-05-08T03:42:07,2025-04-01T04:09:12
L000674,kevincastillo@example.net,Thomas Group,Partner,Working,GEO0302,2024-05-06T20:52:48,2025-03-02T02:51:23
L000675,sherrihanson@example.net,Edwards PLC,Outbound,Working,GEO0757,2025-10-11T15:24:22,2026-01-10T18:52:11
L000676,deanna11@example.com,"Barry, Johnson and Boyd",Referral,Working,GEO0609,2025-01-03T08:10:20,2026-02-25T08:44:50
L000677,karen00@example.net,Myers PLC,Partner,Nurture,GEO0531,2025-03-31T10:30:24,2025-06-27T09:52:37
L000678,steven19@example.net,Cisneros and Sons,Partner,Disqualified,GEO0572,2024-06-30T19:26:42,2024-10-16T16:58:29
L000679,serranotonya@example.org,York Ltd,Partner,Working,GEO0542,2024-12-01T17:43:56,2026-01-08T05:33:07
L000680,marialopez@example.net,Moss LLC,Referral,New,GEO0318,2025-03-31T13:08:17,2025-09-08T17:22:08
L000681,mcampbell@example.net,"Douglas, Pearson and Mclaughlin",Inbound SDR,Nurture,GEO0004,2024-06-02T07:05:27,2025-09-03T04:03:35
L000682,vsmith@example.net,Mcgee-Stokes,Partner,Disqualified,GEO0770,2024-08-23T16:19:44,2025-11-05T02:42:01
L000683,bernardcheryl@example.org,Smith LLC,Referral,Qualified,GEO0787,2025-06-17T05:26:51,2025-11-28T19:05:38
L000684,kjones@example.org,"Lambert, Hart and Castillo",Inbound SDR,New,GEO0777,2024-10-15T13:57:27,2025-08-30T08:08:20
L000685,rose54@example.com,"Brown, Ferguson and Clark",Event,Nurture,GEO0113,2024-02-02T12:42:09,2025-09-17T14:21:23
L000686,joseph25@example.org,Wolfe Inc,Referral,Working,GEO0177,2025-08-25T17:16:07,2026-01-20T22:27:10
L000687,andrewarcher@example.net,Graves-Flores,Partner,Disqualified,GEO0694,2024-04-26T11:47:43,2026-01-27T03:21:23
L000688,mendozadamon@example.com,Smith Ltd,Partner,Working,GEO0385,2025-10-07T16:18:48,2026-01-25T18:41:28
L000689,sean63@example.com,Wilson-Rodriguez,Partner,Working,GEO0599,2024-12-23T09:29:13,2025-07-08T10:36:52
L000690,stephaniemcbride@example.net,Bowen LLC,Inbound SDR,Qualified,GEO0182,2024-06-24T13:27:04,2024-10-27T22:12:06
L000691,harrissara@example.org,Benjamin Group,Outbound,Qualified,GEO0034,2026-01-06T03:53:21,2026-02-22T20:44:32
L000692,stephenharper@example.org,Simmons-Martin,Event,Qualified,GEO0372,2026-02-06T23:44:00,2026-02-14T22:59:32
L000693,albert63@example.net,Hammond-Dunn,Partner,New,GEO0406,2025-04-25T14:10:58,2026-01-17T20:18:02
L000694,ygarza@example.com,Moore-Willis,Outbound,New,GEO0515,2024-05-04T14:46:45,2025-06-09T08:55:40
L000695,brownrichard@example.net,Coleman Group,Inbound SDR,Nurture,GEO0684,2025-11-14T08:02:22,2026-01-07T01:59:58
L000696,ihuang@example.org,Zhang PLC,Inbound SDR,New,GEO0086,2024-06-17T21:58:04,2025-12-05T14:13:09
L000697,ispencer@example.com,Kelley Ltd,Inbound SDR,Nurture,GEO0703,2025-07-05T12:20:56,2025-11-24T20:03:40
L000698,antonio01@example.com,Collins Group,Web,Disqualified,GEO0689,2026-01-10T11:49:52,2026-02-19T07:32:00
L000699,bobby38@example.org,Williams-Johnson,Event,Working,GEO0547,2024-12-22T13:21:01,2026-01-19T06:09:18
L000700,robertheath@example.com,Lee-Blackburn,Referral,New,GEO0576,2025-12-28T00:30:00,2026-01-25T01:35:32
L000701,megan56@example.net,"Owen, Reynolds and Hunter",Inbound SDR,Nurture,GEO0180,2025-12-01T08:47:40,2025-12-24T07:55:58
L000702,qhensley@example.com,Ramos LLC,Partner,Nurture,GEO0323,2025-10-12T19:33:13,2026-02-09T20:49:26
L000703,vwhite@example.net,"Aguilar, Richards and Cunningham",Partner,Working,GEO0001,2026-02-17T18:21:40,2026-02-23T01:33:39
L000704,danderson@example.com,"Cook, Gray and Taylor",Inbound SDR,Qualified,GEO0673,2026-02-19T22:12:45,2026-03-01T12:21:18
L000705,jerrysmith@example.org,Blanchard-Lee,Event,Qualified,GEO0452,2025-05-15T13:47:03,2025-06-25T21:05:41
L000706,brittneywheeler@example.net,"Downs, Barnes and Barr",Event,Disqualified,GEO0436,2024-02-03T06:39:55,2026-01-27T18:03:54
L000707,xzimmerman@example.net,Taylor Group,Inbound SDR,Qualified,GEO0562,2024-03-27T20:15:22,2025-09-08T15:22:06
L000708,tasha89@example.net,Ryan and Sons,Web,Qualified,GEO0612,2024-09-19T01:08:20,2025-04-14T00:00:39
L000709,kaylamccormick@example.org,"Pham, Solomon and Liu",Inbound SDR,Nurture,GEO0670,2026-02-12T20:32:41,2026-02-21T01:15:41
L000710,taylorbryan@example.net,Baldwin-Hensley,Event,Nurture,GEO0615,2026-01-06T19:36:46,2026-01-10T23:36:23
L000711,michaelwest@example.com,"Bennett, Phillips and Price",Web,Nurture,GEO0535,2026-01-15T03:58:28,2026-02-13T09:39:22
L000712,crystal71@example.net,"Mitchell, Khan and Torres",Event,Working,GEO0427,2024-01-21T08:16:39,2025-12-29T04:20:58
L000713,donnawhitney@example.net,Davis-Horn,Event,New,GEO0742,2024-08-16T16:47:54,2024-11-19T06:20:23
L000714,fwilson@example.org,Wise-Stewart,Inbound SDR,Working,GEO0086,2024-04-23T13:50:42,2025-01-30T00:01:35
L000715,stephen23@example.org,Perez Ltd,Partner,Working,GEO0263,2025-09-03T21:28:22,2025-11-24T19:50:35
L000716,nicholascampbell@example.org,Day-Jordan,Partner,Qualified,GEO0443,2025-10-05T01:25:43,2026-01-16T13:49:17
L000717,amanda67@example.org,"Chung, Peterson and Garza",Outbound,New,GEO0689,2024-07-20T14:12:33,2025-11-29T10:02:09
L000718,sfrye@example.org,Clark Inc,Outbound,Disqualified,GEO0168,2025-05-03T20:53:12,2025-11-18T05:48:53
L000719,xsmith@example.com,Aguilar Ltd,Event,Disqualified,GEO0329,2024-04-07T16:04:28,2025-07-20T08:21:20
L000720,vjohnson@example.org,Gallagher and Sons,Partner,Nurture,GEO0468,2025-06-24T23:56:50,2025-11-21T03:05:26
L000721,pstewart@example.net,Sullivan LLC,Outbound,New,GEO0556,2025-01-22T07:41:17,2026-01-15T15:18:11
L000722,brian57@example.org,Barber and Sons,Partner,New,GEO0795,2024-07-09T19:04:18,2025-01-26T03:22:55
L000723,qwright@example.net,Pruitt Ltd,Outbound,Disqualified,GEO0186,2024-01-02T01:30:06,2025-10-14T23:02:09
L000724,jacqueline57@example.org,Aguilar-Todd,Referral,New,GEO0603,2025-10-15T20:49:13,2025-12-26T19:11:23
L000725,calderonbrenda@example.org,Brown-Russell,Inbound SDR,Disqualified,GEO0510,2024-02-11T12:05:35,2024-10-01T00:14:54
L000726,erodriguez@example.org,Vasquez Inc,Referral,Qualified,GEO0307,2025-06-06T17:37:35,2025-08-05T17:39:46
L000727,laura71@example.org,"Flores, Allen and Luna",Referral,Disqualified,GEO0567,2025-09-16T05:34:58,2025-11-20T01:52:03
L000728,dhart@example.com,"Copeland, Dominguez and Schneider",Referral,Disqualified,GEO0788,2025-04-19T13:54:42,2026-02-23T06:04:43
L000729,colewilson@example.org,"Hawkins, Holmes and Duffy",Event,Working,GEO0203,2024-08-09T03:58:37,2024-11-16T01:40:03
L000730,hwalsh@example.org,Garcia-James,Referral,Working,GEO0467,2025-11-28T11:37:44,2025-12-10T13:14:13
L000731,jessicaallison@example.com,Marquez-Miller,Event,Nurture,GEO0706,2025-12-17T06:47:19,2026-01-09T20:07:01
L000732,philipharris@example.org,Perkins Group,Partner,Nurture,GEO0111,2025-01-17T22:56:38,2025-03-13T02:39:34
L000733,teresa22@example.net,Garrison Inc,Web,New,GEO0330,2024-08-27T07:03:47,2025-08-27T04:49:28
L000734,rayjoseph@example.org,Gaines-Miller,Event,Working,GEO0253,2024-01-21T08:46:04,2025-07-21T20:17:19
L000735,wraymond@example.com,"Banks, Henderson and Wiggins",Inbound SDR,New,GEO0034,2026-02-25T09:13:32,2026-02-25T15:57:56
L000736,wgregory@example.net,"Garza, Miller and Chandler",Event,Nurture,GEO0722,2024-12-29T23:49:02,2025-06-17T20:49:48
L000737,steeleangela@example.net,Brown Inc,Inbound SDR,Nurture,GEO0669,2025-10-17T20:20:35,2026-01-21T09:16:20
L000738,juliasmith@example.net,Jennings and Sons,Event,Qualified,GEO0503,2024-05-27T12:23:01,2025-09-25T05:48:45
L000739,mmontoya@example.net,Morgan-Ruiz,Inbound SDR,New,GEO0563,2024-07-30T07:56:17,2024-11-17T19:06:41
L000740,richard65@example.com,Johnson LLC,Partner,Working,GEO0618,2025-03-21T16:19:17,2025-12-21T07:23:55
L000741,frankpearson@example.com,Yoder LLC,Referral,Nurture,GEO0229,2025-05-15T22:04:19,2026-02-22T00:33:06
L000742,robert56@example.com,Rodriguez Group,Outbound,Working,GEO0287,2024-02-21T04:14:40,2024-10-13T06:09:39
L000743,ellenbruce@example.net,"Gordon, Mcbride and Ingram",Partner,New,GEO0003,2025-02-22T23:15:58,2025-03-04T00:08:02
L000744,christina16@example.com,"Horn, Mcmahon and Vargas",Web,Disqualified,GEO0261,2025-04-01T12:54:18,2025-11-15T06:54:38
L000745,kelly68@example.com,Reed LLC,Inbound SDR,Nurture,GEO0063,2026-01-21T16:02:01,2026-02-24T23:56:43
L000746,rrobinson@example.com,"Cunningham, Dixon and Strickland",Event,Qualified,GEO0121,2024-04-11T09:04:46,2024-07-12T14:02:49
L000747,lewisapril@example.net,"Thomas, Adams and Fletcher",Inbound SDR,Working,GEO0175,2025-04-22T07:57:01,2026-01-24T19:18:25
L000748,smithmarie@example.com,"Scott, Martin and Sheppard",Referral,Qualified,GEO0333,2025-02-19T19:32:04,2025-12-16T19:29:32
L000749,james23@example.net,Ruiz PLC,Event,Working,GEO0137,2025-06-15T16:40:49,2025-11-02T06:17:40
L000750,troberts@example.com,Adams Ltd,Outbound,Qualified,GEO0057,2024-04-05T10:03:15,2025-06-19T00:10:38
L000751,martinezmaria@example.com,"Roberts, Soto and Williams",Referral,Disqualified,GEO0478,2024-03-23T00:22:43,2024-07-24T04:29:04
L000752,rebecca35@example.net,Sims-Fernandez,Web,Disqualified,GEO0607,2025-09-08T01:59:37,2026-01-17T08:50:16
L000753,turnerphillip@example.com,Butler-Phillips,Referral,Nurture,GEO0415,2025-02-20T09:40:53,2025-11-17T17:08:27
L000754,dennisrodriguez@example.com,"Austin, Dixon and Scott",Referral,Working,GEO0416,2024-12-28T08:13:03,2025-06-02T01:24:55
L000755,bbanks@example.org,"Hunt, Marshall and Moore",Event,Working,GEO0054,2024-08-12T23:43:09,2025-08-26T12:37:58
L000756,monicaolsen@example.net,"Rivera, Bryant and English",Referral,New,GEO0666,2024-03-28T11:10:18,2026-02-08T03:23:18
L000757,lutzryan@example.com,Thomas-Black,Partner,Qualified,GEO0728,2024-10-28T22:45:36,2025-04-16T16:04:44
L000758,tiffany03@example.com,Arnold-Patterson,Inbound SDR,Nurture,GEO0071,2025-07-09T00:07:10,2025-07-14T16:13:32
L000759,qclark@example.org,"Smith, Weber and Lewis",Web,Working,GEO0028,2025-08-13T02:26:57,2025-10-01T08:31:00
L000760,mackenzie67@example.org,Lopez-Leon,Event,Qualified,GEO0222,2024-05-01T08:07:33,2024-12-31T21:40:43
L000761,fwagner@example.com,Kidd and Sons,Referral,Nurture,GEO0011,2025-06-11T19:43:43,2025-09-27T20:26:51
L000762,joseph42@example.com,Santos Group,Outbound,New,GEO0486,2024-08-06T21:26:41,2024-11-04T18:30:13
L000763,bartlettrebecca@example.com,"Johnson, Hawkins and Jimenez",Event,New,GEO0274,2024-01-11T20:04:06,2024-04-17T01:52:39
L000764,tasha78@example.com,Mcmillan PLC,Partner,Disqualified,GEO0069,2024-10-28T18:39:00,2025-10-04T10:26:30
L000765,kristen46@example.org,Thompson-Barnett,Event,Disqualified,GEO0757,2025-09-09T16:56:26,2025-11-14T21:38:03
L000766,michaelparker@example.com,Crosby Group,Outbound,Disqualified,GEO0446,2025-05-25T03:34:19,2025-06-20T08:11:41
L000767,fpeterson@example.org,Espinoza-Banks,Outbound,New,GEO0217,2024-04-11T22:13:13,2025-01-16T21:03:07
L000768,michael89@example.net,Hubbard Inc,Referral,Qualified,GEO0052,2025-03-17T06:56:06,2025-07-12T19:13:14
L000769,lzimmerman@example.com,Valencia-Soto,Referral,Qualified,GEO0717,2026-02-28T12:04:31,2026-03-01T08:40:34
L000770,floresemily@example.org,Schultz Group,Partner,Disqualified,GEO0563,2025-08-17T06:23:34,2025-12-20T09:41:17
L000771,ashley57@example.net,Mcdonald-Ellison,Referral,Nurture,GEO0670,2025-06-23T03:54:08,2025-08-30T02:31:55
L000772,dsingleton@example.org,Jackson and Sons,Partner,Nurture,GEO0665,2026-01-18T03:51:56,2026-02-13T09:57:48
L000773,allendevin@example.com,Benitez-Rowland,Outbound,Disqualified,GEO0376,2025-07-28T20:01:18,2025-11-15T22:49:19
L000774,larry57@example.net,"Taylor, Brooks and Anderson",Web,New,GEO0571,2026-01-16T03:49:47,2026-02-02T18:05:12
L000775,stephanie02@example.net,Martinez PLC,Web,Qualified,GEO0134,2024-09-12T18:40:17,2026-01-02T05:25:08
L000776,moralesjason@example.com,"Clarke, Gonzales and Yang",Referral,Qualified,GEO0192,2024-04-22T02:21:29,2025-08-07T13:05:22
L000777,jonathan77@example.com,"Martin, Cobb and Carson",Referral,Nurture,GEO0256,2025-04-18T11:20:41,2025-06-12T07:24:16
L000778,wigginsbenjamin@example.org,"Malone, Olson and Young",Inbound SDR,Working,GEO0751,2025-09-05T00:06:53,2025-12-12T19:43:18
L000779,danielsingh@example.net,Cortez-Mendoza,Referral,Nurture,GEO0743,2026-02-06T18:47:54,2026-02-26T13:28:41
L000780,bmiller@example.net,Foster-Johnston,Inbound SDR,Nurture,GEO0005,2024-06-15T07:18:41,2025-10-30T01:05:19
L000781,shane38@example.net,"Brown, Hawkins and Lawrence",Outbound,Working,GEO0002,2025-09-18T18:06:03,2025-10-29T23:24:39
L000782,iyu@example.org,"Ruiz, Perkins and Kelly",Inbound SDR,Nurture,GEO0368,2025-05-26T04:32:39,2025-06-06T12:25:36
L000783,thomaspalmer@example.net,Little Inc,Outbound,Nurture,GEO0531,2024-02-03T07:53:40,2025-04-22T09:13:03
L000784,collinscole@example.net,Drake-Leonard,Inbound SDR,Nurture,GEO0553,2024-09-20T19:29:48,2025-12-04T20:39:31
L000785,dorseyjo@example.net,Davis-Jones,Event,New,GEO0695,2025-04-12T14:24:02,2025-11-06T15:50:42
L000786,cmayer@example.org,"Gregory, Gates and Martinez",Inbound SDR,New,GEO0630,2024-01-07T02:11:43,2025-07-22T00:01:09
L000787,thorntonjames@example.com,Roy-Cameron,Web,Working,GEO0111,2024-11-02T17:52:05,2026-02-26T01:00:39
L000788,michael12@example.com,"Padilla, Smith and Snow",Inbound SDR,Working,GEO0460,2025-06-02T20:23:44,2025-09-20T06:19:14
L000789,emilywolfe@example.org,Blake-Byrd,Partner,Nurture,GEO0520,2025-02-13T23:18:28,2025-02-19T05:35:07
L000790,dsheppard@example.net,"Trevino, Navarro and Rodriguez",Referral,Qualified,GEO0506,2025-10-20T21:14:24,2026-01-12T18:46:21
L000791,calvarez@example.net,"Cohen, Johnson and Hamilton",Inbound SDR,Qualified,GEO0524,2025-03-11T19:36:54,2025-11-10T02:17:45
L000792,steven25@example.net,"Johnston, Morales and Martin",Partner,Qualified,GEO0364,2025-11-17T23:23:28,2025-12-21T18:19:21
L000793,jameshester@example.net,Schwartz PLC,Partner,Disqualified,GEO0447,2024-06-16T20:10:20,2024-08-03T17:49:57
L000794,mcdowellthomas@example.org,"Newman, Brown and Washington",Inbound SDR,Working,GEO0208,2024-08-14T23:25:29,2026-01-26T01:42:36
L000795,hgreen@example.net,"Cohen, Chavez and Ruiz",Outbound,Working,GEO0392,2024-06-07T06:23:22,2025-12-10T14:37:30
L000796,melliott@example.net,"Powell, King and Tucker",Partner,Working,GEO0483,2025-04-02T16:52:39,2025-12-15T14:09:21
L000797,jwebster@example.org,Myers-Payne,Referral,Disqualified,GEO0642,2025-02-25T21:44:30,2025-07-30T13:34:42
L000798,sotoamanda@example.com,Oneill and Sons,Partner,Working,GEO0580,2025-01-21T22:32:17,2025-12-11T01:23:20
L000799,martincynthia@example.com,Miller and Sons,Referral,Qualified,GEO0271,2024-08-03T16:23:33,2025-03-12T18:15:42
L000800,howardsandy@example.com,Holder Ltd,Event,Working,GEO0624,2024-03-16T00:15:44,2025-04-27T01:30:42
L000801,singhdonald@example.org,"Nguyen, Wilson and Hughes",Outbound,Qualified,GEO0516,2024-07-23T02:21:59,2024-09-09T12:04:15
L000802,matthew28@example.com,"Holmes, Barajas and Lee",Web,Disqualified,GEO0588,2025-10-25T12:59:17,2025-11-05T01:48:58
L000803,shawpatricia@example.net,"Boone, Adkins and Howell",Partner,Disqualified,GEO0634,2024-07-06T20:00:31,2025-01-24T06:34:14
L000804,glovermelissa@example.net,Lawson-Dixon,Event,New,GEO0319,2025-12-26T01:18:31,2026-02-02T23:05:27
L000805,lindseyhayden@example.net,Roberts Inc,Referral,Working,GEO0798,2024-04-23T13:23:10,2025-10-27T19:12:48
L000806,sruiz@example.org,Mayer-Wilson,Referral,Working,GEO0227,2025-09-19T21:20:31,2025-12-09T23:28:58
L000807,brittneydunn@example.org,Mann PLC,Event,Nurture,GEO0796,2024-09-18T17:10:22,2025-12-26T08:10:14
L000808,hsalazar@example.net,Hunt-Obrien,Referral,Qualified,GEO0651,2025-05-22T00:16:59,2025-09-19T18:13:17
L000809,kristingonzalez@example.com,Collins Ltd,Web,Working,GEO0177,2024-12-03T07:39:40,2025-06-10T03:36:17
L000810,ryanowens@example.com,Harris Ltd,Outbound,Disqualified,GEO0075,2025-02-03T16:57:29,2026-01-21T03:15:39
L000811,laura63@example.com,Smith Ltd,Referral,New,GEO0187,2024-12-24T21:56:43,2025-09-17T11:17:13
L000812,vlee@example.net,Dodson-Harrington,Outbound,Qualified,GEO0309,2024-07-19T11:59:54,2025-12-30T20:46:04
L000813,pateldonald@example.com,Johnston and Sons,Referral,Working,GEO0068,2025-09-16T23:58:00,2026-02-17T12:27:29
L000814,tanya07@example.com,Carson Inc,Web,Working,GEO0163,2025-10-24T13:10:20,2026-02-11T17:59:21
L000815,qrodriguez@example.org,Edwards-Li,Partner,Disqualified,GEO0214,2025-04-02T08:13:19,2025-11-22T10:35:22
L000816,gmeyers@example.com,"Hall, Bradley and Padilla",Web,Disqualified,GEO0213,2024-01-08T16:41:27,2024-03-13T01:20:42
L000817,nroberts@example.com,Martinez Ltd,Outbound,Working,GEO0231,2025-04-22T20:44:20,2025-07-05T16:57:43
L000818,jacobbartlett@example.com,"George, Weeks and Cortez",Outbound,Nurture,GEO0149,2026-01-21T22:05:20,2026-02-27T12:20:19
L000819,obaxter@example.com,Hurst and Sons,Web,Disqualified,GEO0577,2024-08-21T23:01:22,2024-11-13T00:27:23
L000820,theresa10@example.org,Ali PLC,Partner,Disqualified,GEO0387,2025-03-02T12:59:40,2025-10-12T07:33:56
L000821,deborahlewis@example.org,Moore Group,Referral,Working,GEO0186,2025-10-10T12:21:22,2025-12-02T06:52:06
L000822,qbrewer@example.com,Washington Ltd,Inbound SDR,Disqualified,GEO0769,2024-05-16T19:54:15,2024-09-16T23:22:11
L000823,aestrada@example.com,"White, Randolph and Hernandez",Inbound SDR,New,GEO0693,2024-09-07T00:21:58,2024-12-01T13:50:26
L000824,jamesgraham@example.org,Dixon-Rodgers,Referral,Nurture,GEO0626,2025-10-10T06:59:18,2025-12-08T02:36:17
L000825,walkerlisa@example.com,Webb-Thomas,Inbound SDR,Nurture,GEO0365,2025-01-21T14:18:57,2025-12-05T19:53:45
L000826,heatherschmidt@example.net,"King, Waller and Walker",Outbound,New,GEO0247,2025-06-13T09:43:32,2025-11-15T12:59:11
L000827,kathleenpatterson@example.net,Davenport-Kelly,Inbound SDR,Working,GEO0008,2024-10-02T03:18:56,2025-04-24T10:27:00
L000828,jacqueline82@example.com,Chen LLC,Web,Nurture,GEO0050,2024-09-02T02:57:17,2025-11-15T05:22:55
L000829,andrea16@example.com,Ramirez PLC,Event,Nurture,GEO0291,2025-08-10T03:09:50,2025-12-16T00:43:38
L000830,gflowers@example.org,"Singh, Chan and Beard",Referral,Disqualified,GEO0548,2024-10-09T00:21:43,2025-10-29T10:13:17
L000831,jessicahamilton@example.net,Harvey LLC,Partner,New,GEO0497,2024-03-03T09:26:29,2024-12-20T16:01:59
L000832,carla94@example.com,Rodriguez LLC,Web,New,GEO0089,2024-10-08T09:20:29,2026-02-25T11:51:13
L000833,nicholas25@example.org,Delacruz-Marquez,Event,Disqualified,GEO0617,2024-08-15T21:04:22,2025-11-23T08:49:27
L000834,deborah82@example.org,Sandoval Inc,Outbound,Qualified,GEO0297,2024-01-17T16:01:54,2025-07-24T06:05:11
L000835,marymason@example.com,Floyd LLC,Inbound SDR,Qualified,GEO0184,2024-09-19T11:12:47,2024-09-22T15:46:50
L000836,carlsonsteven@example.org,Harris Ltd,Partner,Working,GEO0429,2024-06-06T18:56:23,2025-05-15T04:04:20
L000837,ellenrogers@example.com,"Tran, Matthews and Allen",Inbound SDR,Working,GEO0381,2025-04-01T07:06:16,2026-01-11T17:37:28
L000838,wayne36@example.com,"Mckee, Watson and Haynes",Event,Nurture,GEO0300,2025-10-07T11:36:26,2026-02-13T08:07:12
L000839,patricia01@example.net,"Murray, Ruiz and Guerra",Inbound SDR,Disqualified,GEO0229,2025-07-21T04:54:33,2025-12-08T17:29:21
L000840,tonyaandrews@example.net,"Luna, Green and Mueller",Inbound SDR,Disqualified,GEO0622,2025-01-29T19:39:00,2025-11-08T23:48:58
L000841,blewis@example.com,King and Sons,Partner,Qualified,GEO0135,2024-11-17T04:03:09,2025-08-16T20:48:12
L000842,acampbell@example.org,"Preston, Miller and Miller",Partner,Working,GEO0437,2024-12-17T14:24:52,2025-11-23T15:49:21
L000843,brandygilmore@example.org,"Leonard, Sheppard and Johnson",Outbound,Qualified,GEO0311,2025-01-25T06:41:06,2025-08-02T20:51:34
L000844,pdelgado@example.com,Lawson-Joyce,Web,Nurture,GEO0430,2026-01-13T14:06:54,2026-01-30T14:39:51
L000845,cookalexander@example.net,"Gonzalez, Gross and Marsh",Event,Disqualified,GEO0215,2025-01-25T02:38:56,2026-02-03T22:38:00
L000846,thompsonmichael@example.net,Howard-Mcgee,Inbound SDR,Qualified,GEO0125,2025-04-22T11:07:23,2025-07-03T00:54:49
L000847,lowerydavid@example.net,"Jones, Robinson and Stanton",Web,Nurture,GEO0700,2024-08-05T16:14:48,2025-09-12T16:26:01
L000848,johnschmidt@example.net,"Rogers, Leonard and Casey",Partner,Qualified,GEO0294,2025-03-20T08:19:37,2025-10-19T08:05:07
L000849,ahoffman@example.com,"Hughes, Gonzalez and Brown",Inbound SDR,Nurture,GEO0271,2024-08-31T16:40:40,2025-02-18T21:30:43
L000850,marygomez@example.net,"Gregory, Sanders and Brown",Inbound SDR,New,GEO0166,2024-01-07T12:38:35,2024-06-08T02:38:09
L000851,smithelizabeth@example.net,Howard and Sons,Referral,New,GEO0539,2025-09-13T09:20:01,2026-01-03T12:11:18
L000852,mikayla15@example.org,Barnes-Moore,Event,Qualified,GEO0722,2025-06-28T08:36:49,2025-12-19T18:34:06
L000853,joystewart@example.org,"Rodriguez, Garcia and Flores",Inbound SDR,Disqualified,GEO0463,2024-12-21T10:06:40,2026-03-01T14:30:17
L000854,carolsuarez@example.org,Bass-Bailey,Web,Nurture,GEO0781,2024-09-08T04:05:39,2026-01-25T01:56:10
L000855,bellshane@example.org,Rios Ltd,Referral,Qualified,GEO0416,2024-01-19T08:33:13,2024-07-10T07:19:55
L000856,uhill@example.org,Michael Group,Referral,Qualified,GEO0586,2025-06-08T08:59:05,2025-12-12T05:06:13
L000857,achaney@example.com,Adams Ltd,Outbound,Qualified,GEO0500,2025-07-25T20:19:06,2026-01-05T14:54:07
L000858,kevin76@example.com,Silva and Sons,Partner,Nurture,GEO0251,2024-09-16T11:47:39,2024-09-24T14:04:15
L000859,shawn22@example.org,"Lambert, Jennings and Reed",Event,Nurture,GEO0757,2025-07-28T12:33:17,2025-10-28T17:24:05
L000860,abbottrichard@example.net,Willis and Sons,Event,Working,GEO0386,2025-03-16T16:17:49,2025-07-06T17:32:57
L000861,qsmith@example.com,Brewer Group,Inbound SDR,Working,GEO0479,2025-09-28T07:44:02,2025-12-01T09:36:47
L000862,thomasholly@example.org,Robinson Group,Inbound SDR,New,GEO0041,2025-07-13T16:44:39,2026-02-04T10:53:33
L000863,waynecombs@example.com,"Flowers, Williams and Martin",Referral,Working,GEO0742,2024-04-25T23:40:32,2026-01-25T21:25:29
L000864,jenniferrogers@example.net,Baker-Phillips,Outbound,Disqualified,GEO0783,2024-08-12T19:24:01,2024-09-08T16:26:46
L000865,david24@example.org,Sanchez-Green,Partner,Qualified,GEO0369,2024-01-01T01:18:36,2025-08-18T01:13:13
L000866,johnbailey@example.net,"Weiss, Miller and Daniels",Referral,Qualified,GEO0386,2024-06-15T03:11:50,2025-05-21T20:06:49
L000867,thomassmith@example.com,"Humphrey, Harmon and Cox",Outbound,Qualified,GEO0359,2025-11-14T13:38:33,2025-12-10T21:26:55
L000868,anna23@example.com,Fisher-Perez,Referral,New,GEO0561,2025-04-30T18:01:57,2026-02-07T17:23:54
L000869,georgejones@example.net,Olson-Jones,Partner,New,GEO0325,2025-11-13T10:16:09,2025-12-18T01:07:55
L000870,simpsonearl@example.org,"Reyes, Li and Branch",Referral,Disqualified,GEO0291,2024-05-31T15:12:05,2025-06-11T09:09:05
L000871,bullockelizabeth@example.net,"Little, Ellis and Hamilton",Partner,Nurture,GEO0752,2024-05-14T17:29:03,2025-07-03T10:57:29
L000872,traviswagner@example.com,Murray-Jackson,Inbound SDR,Working,GEO0588,2024-02-23T08:17:46,2025-03-04T04:03:37
L000873,jonestyler@example.com,Cowan and Sons,Event,New,GEO0592,2025-06-24T16:07:35,2026-02-05T11:18:34
L000874,webstervalerie@example.com,Young-Singh,Inbound SDR,Nurture,GEO0694,2024-02-20T00:03:57,2026-02-24T19:33:21
L000875,lbullock@example.com,"Dean, Palmer and Ho",Partner,Qualified,GEO0136,2024-04-04T11:00:20,2024-08-23T18:15:21
L000876,aphillips@example.com,Martinez Group,Web,New,GEO0161,2024-09-18T14:57:55,2025-05-04T14:50:09
L000877,anthonylawrence@example.net,"Robinson, Copeland and Martin",Partner,Disqualified,GEO0122,2024-02-24T04:11:22,2025-05-26T08:24:59
L000878,jimbrown@example.com,Hancock-Reynolds,Inbound SDR,Nurture,GEO0079,2024-11-16T08:33:02,2025-06-24T06:55:41
L000879,karen33@example.com,"Robles, Foster and Miller",Inbound SDR,Nurture,GEO0092,2024-09-26T12:32:02,2025-03-11T07:18:01
L000880,marcia57@example.net,Peters-Santos,Referral,New,GEO0770,2025-05-15T13:59:58,2025-12-25T23:08:48
L000881,jameswilliam@example.com,Todd-Wheeler,Web,Qualified,GEO0109,2025-11-03T03:32:55,2026-01-10T00:53:15
L000882,jcurtis@example.net,Mcclure-Johnson,Event,New,GEO0510,2025-06-20T10:39:00,2026-01-29T19:58:31
L000883,paul63@example.net,Hardy-Perez,Inbound SDR,Qualified,GEO0565,2024-01-14T16:09:18,2026-02-16T17:44:05
L000884,charles01@example.com,"Walls, Herrera and Smith",Event,Disqualified,GEO0651,2024-10-30T09:06:04,2024-12-29T12:48:45
L000885,catherine56@example.net,Brown-Stewart,Outbound,Disqualified,GEO0793,2024-09-25T08:40:54,2025-07-09T20:34:37
L000886,pamelafrazier@example.org,Morgan LLC,Inbound SDR,Qualified,GEO0428,2025-11-18T01:38:26,2026-02-17T09:36:24
L000887,timothy81@example.com,"Mitchell, Powell and Hernandez",Event,Nurture,GEO0284,2024-11-26T19:03:03,2026-02-01T00:41:42
L000888,dave46@example.com,Gibson-Brown,Outbound,New,GEO0502,2025-06-02T07:23:02,2025-07-19T10:41:56
L000889,tiffanyowens@example.com,"Nielsen, Harvey and Williams",Partner,Nurture,GEO0188,2024-08-11T09:08:37,2024-10-17T09:35:37
L000890,isaiah46@example.org,"Galloway, Torres and Parrish",Referral,Disqualified,GEO0349,2025-05-23T18:01:39,2025-05-24T18:01:29
L000891,pwiggins@example.com,Johnston-Hill,Web,Qualified,GEO0545,2024-04-26T04:38:01,2024-10-24T23:46:32
L000892,kimberly83@example.net,Williams-Baker,Referral,New,GEO0216,2024-02-08T07:54:08,2025-06-10T16:00:38
L000893,leahstevenson@example.org,"Taylor, Wolf and Jones",Partner,New,GEO0159,2024-04-27T03:54:19,2025-10-02T17:12:29
L000894,paynedavid@example.net,Johnson-Henderson,Event,Working,GEO0603,2025-05-15T13:58:58,2026-01-24T02:39:56
L000895,briley@example.org,Hopkins-Oneill,Inbound SDR,Disqualified,GEO0419,2024-10-28T10:59:21,2025-05-24T17:11:05
L000896,andrew08@example.net,Collins Ltd,Outbound,New,GEO0761,2026-01-15T19:03:34,2026-02-18T09:56:52
L000897,denisemartin@example.com,"Marsh, Barton and Sims",Partner,Working,GEO0569,2024-01-27T15:20:13,2025-12-20T11:53:36
L000898,griffinashley@example.net,Moran and Sons,Referral,Qualified,GEO0782,2025-01-22T06:43:20,2025-06-27T12:28:48
L000899,reesewilliam@example.com,Martin Group,Referral,Nurture,GEO0480,2025-09-19T17:13:28,2026-01-24T19:08:47
L000900,wwells@example.com,"Morton, Herman and Leblanc",Outbound,Nurture,GEO0065,2025-08-03T09:02:48,2025-10-25T14:37:12
L000901,idavis@example.org,"Soto, Larson and Thomas",Web,Qualified,GEO0305,2025-04-13T04:35:34,2025-10-21T11:44:09
L000902,rpatterson@example.com,"Lawrence, Morgan and Escobar",Web,Disqualified,GEO0640,2025-08-26T01:08:56,2025-10-30T12:04:18
L000903,josephlarson@example.com,Velazquez-King,Referral,Working,GEO0018,2024-03-18T10:35:00,2024-12-03T21:32:57
L000904,chase15@example.net,"King, Ward and King",Event,Disqualified,GEO0513,2024-09-26T23:07:07,2024-09-29T11:23:37
L000905,ltaylor@example.org,Hudson-Hill,Inbound SDR,Qualified,GEO0791,2025-02-07T04:44:33,2025-10-09T17:16:04
L000906,garciaapril@example.com,Lee-Cooper,Outbound,Nurture,GEO0303,2025-06-26T14:50:43,2026-01-09T16:32:25
L000907,ejones@example.com,Hurley PLC,Referral,Working,GEO0488,2026-01-10T23:06:24,2026-01-20T06:37:08
L000908,fhammond@example.org,Randall and Sons,Inbound SDR,Nurture,GEO0633,2025-03-06T15:49:11,2025-07-13T08:16:43
L000909,michael54@example.com,"Curry, Jackson and Miller",Web,Disqualified,GEO0523,2024-07-13T14:28:52,2025-04-27T08:11:05
L000910,josephmeyer@example.net,Garcia-Hayes,Event,Disqualified,GEO0123,2024-10-28T01:19:43,2025-06-15T19:16:52
L000911,dmartin@example.net,"Long, Fleming and Ritter",Inbound SDR,Qualified,GEO0680,2025-12-27T13:18:19,2026-01-08T11:53:03
L000912,sstout@example.com,Bailey-Carrillo,Partner,Qualified,GEO0227,2025-12-15T21:21:59,2026-02-19T10:12:09
L000913,marshalljavier@example.org,Mitchell Ltd,Referral,Qualified,GEO0191,2025-03-22T11:49:11,2025-12-31T15:45:05
L000914,wendythomas@example.net,"Moore, Ortiz and Tran",Inbound SDR,Disqualified,GEO0141,2025-03-15T09:16:57,2025-07-24T05:41:40
L000915,tjames@example.org,Mccarthy-Haynes,Partner,Disqualified,GEO0730,2024-09-20T15:36:26,2025-05-20T10:31:33
L000916,alisonhill@example.net,Bowman LLC,Web,Qualified,GEO0072,2024-10-19T03:48:57,2025-01-28T16:16:20
L000917,james35@example.net,"Wilson, Hensley and Brown",Web,Working,GEO0047,2024-03-31T23:08:38,2026-02-15T19:49:36
L000918,wileykayla@example.net,"Rhodes, Schultz and Baxter",Web,Working,GEO0047,2024-01-29T06:47:48,2026-01-12T23:42:30
L000919,ysimmons@example.net,Webb PLC,Partner,New,GEO0649,2024-05-17T11:26:55,2024-10-24T11:51:01
L000920,janderson@example.net,Lee-Contreras,Event,Qualified,GEO0099,2024-12-25T20:09:07,2025-05-07T18:30:16
L000921,hunterhuff@example.com,"Huerta, Perez and Snyder",Web,New,GEO0481,2024-05-19T13:42:51,2025-07-29T08:24:29
L000922,richardmiller@example.org,Colon PLC,Outbound,Working,GEO0508,2025-03-15T12:02:58,2025-11-09T12:49:49
L000923,jeffery68@example.net,"Moore, Brown and Singh",Inbound SDR,Qualified,GEO0058,2024-01-17T19:18:08,2024-03-20T22:08:09
L000924,morrisonsusan@example.net,Archer and Sons,Inbound SDR,Working,GEO0190,2026-01-26T11:50:34,2026-02-28T11:08:40
L000925,julia70@example.org,Soto-Travis,Event,Disqualified,GEO0283,2024-08-24T03:24:45,2025-06-13T18:56:28
L000926,yvonneshields@example.net,Ross LLC,Inbound SDR,Disqualified,GEO0298,2025-08-12T09:30:40,2025-10-16T00:07:35
L000927,angelaberry@example.net,Hobbs Group,Outbound,Qualified,GEO0105,2024-03-03T16:07:14,2024-03-22T22:47:04
L000928,kimberly94@example.com,"Schneider, Rasmussen and Foster",Event,Working,GEO0094,2024-01-05T12:43:05,2024-09-30T19:55:47
L000929,melissamartinez@example.org,Taylor PLC,Inbound SDR,Nurture,GEO0206,2025-10-03T19:10:12,2026-01-13T03:07:57
L000930,djones@example.org,"Hutchinson, Calderon and Brown",Outbound,Qualified,GEO0772,2025-10-29T15:50:16,2025-12-25T14:13:04
L000931,taylorjack@example.org,"Taylor, Nixon and Montgomery",Event,Working,GEO0679,2024-08-15T22:58:06,2024-11-28T15:50:54
L000932,carpenterkevin@example.com,"Henry, Smith and Freeman",Outbound,Working,GEO0033,2024-02-16T04:36:46,2024-10-28T10:46:22
L000933,vangkatherine@example.com,Mckenzie-Mckinney,Referral,Qualified,GEO0764,2025-08-07T04:49:43,2025-12-14T12:35:54
L000934,johnnyrodriguez@example.org,Morales and Sons,Outbound,New,GEO0188,2025-05-10T20:31:20,2025-06-08T05:51:59
L000935,vreeves@example.org,Porter-Reynolds,Referral,Disqualified,GEO0479,2024-10-01T19:37:07,2025-02-22T01:53:25
L000936,whitney11@example.com,James-Chandler,Inbound SDR,New,GEO0651,2025-11-17T10:21:58,2026-02-02T16:37:47
L000937,nsilva@example.org,Johnson PLC,Referral,Disqualified,GEO0311,2024-07-10T14:46:50,2025-10-30T11:11:46
L000938,hannahlynch@example.com,"Lee, Rogers and Ellis",Event,Working,GEO0072,2024-06-02T12:22:57,2025-05-23T02:46:20
L000939,gcastillo@example.org,Klein LLC,Referral,Disqualified,GEO0180,2024-05-05T15:41:21,2025-02-16T03:52:00
L000940,terrellspencer@example.net,Taylor-Wiggins,Event,Qualified,GEO0099,2025-03-07T16:22:33,2025-12-03T07:17:24
L000941,james37@example.org,"Smith, Luna and Smith",Inbound SDR,Nurture,GEO0631,2024-05-31T17:03:18,2024-09-23T18:49:55
L000942,qmartinez@example.org,Benson-Ayala,Web,New,GEO0146,2024-03-14T12:32:57,2025-10-06T00:11:49
L000943,fullersusan@example.org,Garcia-Harris,Referral,New,GEO0768,2025-05-29T10:37:22,2025-10-13T05:23:03
L000944,jordan69@example.net,Ramirez-Michael,Event,Working,GEO0178,2024-10-05T09:08:27,2025-02-10T00:17:31
L000945,kennedydeborah@example.net,"Waters, Velasquez and Dyer",Partner,Nurture,GEO0610,2024-04-02T18:59:02,2025-09-04T01:16:54
L000946,cathy51@example.org,Martin-Page,Inbound SDR,Nurture,GEO0154,2025-08-20T14:37:23,2025-10-10T09:14:54
L000947,shawn02@example.com,"Hansen, White and Guerrero",Outbound,New,GEO0590,2024-08-30T12:27:25,2024-10-10T08:21:49
L000948,suzanneparker@example.com,Moore PLC,Outbound,Working,GEO0044,2024-06-03T23:46:36,2024-10-18T06:58:34
L000949,gwendolynthompson@example.org,Macdonald Ltd,Web,Working,GEO0139,2024-06-14T11:00:11,2025-06-10T17:03:09
L000950,lutzjennifer@example.net,Bauer-Potts,Event,Disqualified,GEO0579,2025-07-25T13:47:48,2025-12-12T06:57:01
L000951,lbailey@example.com,Hudson-Robinson,Outbound,Working,GEO0249,2024-12-08T17:39:19,2026-02-08T00:37:33
L000952,gbowman@example.net,"Barrera, Castro and Barron",Partner,Qualified,GEO0636,2025-03-08T03:38:34,2025-09-22T08:44:33
L000953,amyholmes@example.net,Reyes-Woodard,Event,Qualified,GEO0075,2026-02-24T21:27:27,2026-02-26T18:49:12
L000954,oliviarodriguez@example.com,Ortega PLC,Referral,Working,GEO0713,2025-01-07T16:23:30,2026-01-07T03:55:10
L000955,collinsjohn@example.com,"Brown, Kirk and Cox",Referral,Working,GEO0750,2024-05-05T21:31:56,2024-05-10T03:06:36
L000956,bgarza@example.org,Lucas and Sons,Event,Working,GEO0616,2024-05-21T14:15:31,2024-12-22T19:14:57
L000957,cheryldavis@example.net,Jackson-Fletcher,Inbound SDR,Nurture,GEO0712,2024-07-10T01:04:53,2025-01-03T05:30:42
L000958,wolfekayla@example.org,"Wagner, Dawson and Griffith",Outbound,Disqualified,GEO0348,2024-04-07T23:30:53,2026-01-28T23:58:00
L000959,nrogers@example.org,Reid-Rocha,Web,New,GEO0297,2024-08-18T10:50:12,2026-01-06T03:49:33
L000960,pcurtis@example.com,Morgan-Spencer,Partner,Disqualified,GEO0720,2024-02-05T04:01:55,2024-12-22T07:42:12
L000961,janice23@example.net,"Flowers, Parker and Johnson",Event,Qualified,GEO0599,2025-04-13T07:04:09,2026-01-08T08:53:28
L000962,asullivan@example.org,"Taylor, Richardson and Rodriguez",Event,Disqualified,GEO0675,2026-01-23T07:14:05,2026-02-15T23:40:09
L000963,ismith@example.org,Atkins Ltd,Outbound,Qualified,GEO0142,2024-03-23T08:43:16,2025-01-09T10:47:00
L000964,lperkins@example.com,Schmitt-Dougherty,Inbound SDR,Qualified,GEO0250,2025-10-15T08:11:55,2025-11-03T15:33:31
L000965,rachel95@example.org,"Hernandez, King and Stark",Web,Working,GEO0058,2025-06-15T01:22:58,2026-02-11T11:10:51
L000966,nhanna@example.net,Moore-Smith,Event,Qualified,GEO0505,2024-12-09T21:32:12,2025-06-21T09:38:43
L000967,wanda27@example.com,Wilkerson-Short,Inbound SDR,Disqualified,GEO0696,2024-05-17T19:25:52,2025-07-03T17:04:00
L000968,adamvargas@example.org,"Washington, Hall and Hays",Web,Working,GEO0263,2025-03-19T00:58:30,2025-06-11T03:35:54
L000969,kmcguire@example.net,Joseph LLC,Inbound SDR,Qualified,GEO0260,2024-06-23T11:15:46,2025-06-01T07:34:10
L000970,waterselizabeth@example.com,"Johnson, Martinez and Lara",Web,Disqualified,GEO0182,2024-04-28T00:34:35,2025-06-20T09:08:39
L000971,stephaniemorris@example.org,Santos-Patterson,Referral,Working,GEO0335,2024-10-06T02:52:16,2026-01-25T09:37:14
L000972,owhitney@example.com,Williams-Ballard,Event,Nurture,GEO0716,2026-01-13T18:19:07,2026-01-13T19:31:47
L000973,allendiane@example.com,Cook Ltd,Outbound,Disqualified,GEO0208,2025-01-15T23:59:49,2025-09-21T21:56:51
L000974,martinezwendy@example.org,Roy Ltd,Inbound SDR,Qualified,GEO0011,2026-01-29T18:33:30,2026-02-23T00:35:28
L000975,morganflores@example.com,Martin-Nguyen,Partner,Disqualified,GEO0067,2024-03-01T19:47:13,2025-03-11T08:44:10
L000976,jacobjones@example.net,Rice-Campbell,Referral,Qualified,GEO0168,2025-04-08T19:13:05,2025-12-01T20:30:02
L000977,jnguyen@example.org,Lee and Sons,Referral,Qualified,GEO0350,2025-05-16T07:42:02,2025-12-21T13:37:18
L000978,diazkayla@example.net,Villegas Inc,Referral,Qualified,GEO0179,2024-04-19T01:15:07,2025-04-16T18:07:21
L000979,billy07@example.org,Castillo Group,Web,Working,GEO0258,2025-04-22T09:52:12,2025-05-07T11:38:25
L000980,nbenitez@example.org,Garcia LLC,Web,Qualified,GEO0514,2024-04-27T11:01:23,2024-05-24T07:21:05
L000981,jwilliams@example.net,"Medina, Mckay and Rodriguez",Referral,Disqualified,GEO0162,2026-02-20T16:45:25,2026-02-20T09:42:48
L000982,seanconway@example.com,"Hoover, Rogers and Fischer",Partner,New,GEO0762,2024-01-19T03:36:48,2025-08-10T04:10:41
L000983,gerald32@example.com,Snyder-Harris,Referral,Disqualified,GEO0653,2024-05-25T04:52:58,2025-12-14T20:40:42
L000984,martingregory@example.org,Arnold PLC,Outbound,New,GEO0465,2024-01-16T10:22:24,2024-11-18T05:17:20
L000985,karen11@example.com,Costa Ltd,Web,Disqualified,GEO0682,2026-02-26T19:28:10,2026-02-27T18:25:06
L000986,ibrewer@example.org,Roberts-Hill,Event,Working,GEO0556,2026-02-18T05:42:49,2026-02-20T20:46:11
L000987,andrewharrell@example.com,"Jones, Vaughn and Lopez",Outbound,New,GEO0384,2025-03-23T14:15:15,2025-10-12T13:02:23
L000988,larryherrera@example.com,Waller Group,Partner,Disqualified,GEO0304,2024-07-18T08:16:20,2025-01-04T09:39:41
L000989,ronaldanderson@example.org,Brewer-Mosley,Event,Nurture,GEO0670,2024-01-18T23:49:54,2024-03-27T07:10:13
L000990,robert19@example.org,Jones LLC,Event,New,GEO0655,2025-04-05T07:23:54,2025-11-28T19:21:14
L000991,melissa17@example.org,"Bell, Turner and Jacobson",Inbound SDR,Nurture,GEO0651,2025-09-14T10:41:23,2026-02-15T04:35:40
L000992,melissabennett@example.net,"Johnson, Miles and Lee",Inbound SDR,Nurture,GEO0430,2024-04-21T20:47:52,2024-08-04T10:19:30
L000993,eric49@example.net,Cohen Ltd,Event,Qualified,GEO0133,2024-09-03T06:05:36,2025-05-03T06:25:24
L000994,aball@example.net,"Wood, Kidd and Ray",Inbound SDR,Working,GEO0319,2024-12-13T00:15:20,2026-02-22T08:25:05
L000995,onealjacob@example.org,Mills-Lewis,Web,Disqualified,GEO0530,2024-05-25T11:40:19,2025-01-20T18:45:06
L000996,hbaker@example.com,"Williams, Mills and Sherman",Referral,Working,GEO0166,2024-07-29T11:40:21,2025-10-05T22:50:01
L000997,ssanders@example.org,Douglas Group,Web,New,GEO0760,2024-02-20T03:18:43,2025-02-03T09:30:35
L000998,annaconley@example.org,Cummings-White,Event,Qualified,GEO0057,2024-08-31T07:29:16,2026-02-02T04:43:25
L000999,castrobradley@example.org,Diaz and Sons,Referral,Working,GEO0256,2024-05-16T18:42:35,2025-07-09T22:06:35
L001000,kreid@example.org,Rivera Group,Partner,Disqualified,GEO0731,2026-01-27T02:32:53,2026-02-21T06:22:49
L001001,jasonpalmer@example.org,Cruz-Martinez,Referral,New,GEO0557,2025-09-06T08:28:00,2025-11-16T23:12:06
L001002,bstevenson@example.com,"Davenport, Lynn and Phillips",Event,Working,GEO0091,2025-10-17T01:08:40,2025-11-04T09:03:39
L001003,john65@example.org,Sherman Group,Inbound SDR,New,GEO0732,2025-08-19T09:50:37,2026-02-15T04:05:16
L001004,floresjulie@example.net,Rogers-Floyd,Web,Qualified,GEO0467,2024-04-04T00:45:05,2025-12-11T02:50:50
L001005,adam49@example.net,Castillo Inc,Web,Nurture,GEO0714,2024-11-22T05:56:09,2025-12-22T08:50:34
L001006,kellerkristin@example.com,"Brown, Chavez and Andrews",Outbound,New,GEO0687,2026-01-17T08:11:00,2026-02-05T22:35:35
L001007,bakercarl@example.net,Diaz-Ellis,Referral,Qualified,GEO0628,2026-01-07T06:42:10,2026-01-08T21:03:45
L001008,megan48@example.net,Luna Inc,Partner,Qualified,GEO0741,2024-07-10T06:37:29,2024-09-05T00:29:12
L001009,markallen@example.org,Rich-Robinson,Event,Disqualified,GEO0504,2024-10-02T06:34:42,2025-01-26T00:07:15
L001010,ibarrajennifer@example.net,Gonzalez-Perry,Web,New,GEO0747,2025-03-10T21:22:57,2025-03-30T23:54:25
L001011,aaron24@example.com,"Morrow, Shea and Olson",Event,Qualified,GEO0608,2024-11-13T12:47:43,2025-06-03T03:12:39
L001012,vargaskenneth@example.com,Anderson-Gilmore,Web,New,GEO0392,2025-03-02T01:30:25,2026-01-19T08:29:14
L001013,murphynicole@example.net,"Jenkins, Garcia and Caldwell",Inbound SDR,New,GEO0196,2024-10-25T07:27:06,2025-12-08T21:33:16
L001014,glenn22@example.com,"Morris, Hill and Knight",Web,Qualified,GEO0477,2024-02-06T08:46:49,2026-02-03T22:34:41
L001015,madison75@example.com,Camacho-Espinoza,Event,Nurture,GEO0246,2026-02-03T13:49:54,2026-02-04T01:32:06
L001016,danielle63@example.org,Drake Ltd,Event,Disqualified,GEO0437,2024-03-11T12:53:20,2024-03-18T06:59:08
L001017,walkerhannah@example.com,Chavez-Hunt,Outbound,Qualified,GEO0353,2024-01-25T23:11:25,2026-02-19T02:21:27
L001018,porterdiana@example.net,Mann and Sons,Partner,Nurture,GEO0668,2025-07-13T07:43:15,2025-08-10T20:18:58
L001019,frichardson@example.org,Miller-Webb,Partner,Qualified,GEO0427,2025-03-29T22:17:48,2025-10-21T07:50:34
L001020,kaitlyn77@example.com,"Parker, James and Carpenter",Event,Working,GEO0041,2025-07-10T17:57:59,2025-10-25T20:55:13
L001021,jeremy20@example.org,Orozco-Davis,Web,New,GEO0024,2025-12-01T16:59:35,2026-01-07T09:21:54
L001022,jonesjonathan@example.org,Paul PLC,Inbound SDR,New,GEO0222,2025-12-07T05:23:50,2025-12-26T17:17:14
L001023,hawkinsjennifer@example.net,Thomas-Clay,Partner,Working,GEO0426,2024-04-25T11:17:14,2024-08-26T07:52:54
L001024,pbrown@example.org,"Turner, Leon and Giles",Referral,New,GEO0011,2026-01-21T11:11:49,2026-02-27T09:28:11
L001025,chavezchristina@example.org,Powell Group,Partner,Working,GEO0215,2025-10-15T00:00:48,2026-01-19T14:11:32
L001026,cynthiapoole@example.com,Graham PLC,Event,Working,GEO0102,2025-11-19T05:53:18,2026-02-27T08:11:56
L001027,ufranklin@example.com,"Cole, Johnson and Garcia",Inbound SDR,Working,GEO0106,2024-07-30T02:41:05,2025-02-27T05:28:57
L001028,vsimon@example.org,"Espinoza, Sanchez and Hernandez",Event,Working,GEO0210,2025-05-09T04:07:28,2025-12-17T23:59:37
L001029,howellmichaela@example.org,Hicks and Sons,Outbound,Disqualified,GEO0755,2025-04-11T01:55:48,2026-02-13T19:42:35
L001030,chasedavid@example.org,Walker Ltd,Event,Nurture,GEO0337,2025-10-21T05:52:59,2025-11-25T00:21:36
L001031,millercharles@example.org,Moore Inc,Partner,Qualified,GEO0085,2025-12-29T16:43:34,2026-02-28T08:42:47
L001032,baileywendy@example.com,Peters and Sons,Event,Nurture,GEO0115,2025-01-10T05:44:30,2026-01-15T07:00:22
L001033,anthonyjustin@example.net,"Kim, Hahn and Gomez",Outbound,New,GEO0181,2025-06-13T07:46:40,2025-06-17T16:04:40
L001034,christine66@example.com,Blackwell-Morris,Referral,Working,GEO0605,2025-06-17T16:07:22,2025-11-30T14:11:27
L001035,kimberlymonroe@example.net,Payne LLC,Inbound SDR,Qualified,GEO0669,2025-04-02T16:30:49,2026-01-18T17:51:29
L001036,kenneth48@example.com,Evans Group,Event,New,GEO0570,2025-02-16T19:05:45,2025-04-26T20:28:36
L001037,hunthenry@example.com,Long Inc,Partner,Working,GEO0361,2025-05-21T17:09:16,2025-12-26T06:22:35
L001038,hensontiffany@example.net,"Mason, Cardenas and Lin",Inbound SDR,Nurture,GEO0271,2025-11-11T19:13:09,2025-11-20T01:39:35
L001039,patriciagarrison@example.com,Miller-Yang,Outbound,Nurture,GEO0771,2024-12-05T10:52:30,2025-06-21T17:00:07
L001040,thompsonmiranda@example.org,Adams-Hill,Referral,Disqualified,GEO0064,2025-05-24T19:40:10,2025-12-26T16:34:45
L001041,david43@example.com,"Smith, Scott and Rodriguez",Event,Disqualified,GEO0298,2025-09-22T02:22:22,2025-10-17T18:25:21
L001042,amy39@example.net,Khan-Gonzalez,Web,Disqualified,GEO0156,2025-03-25T13:41:39,2025-05-21T14:57:09
L001043,brittany49@example.net,Ramirez and Sons,Web,Working,GEO0656,2026-02-20T08:44:01,2026-02-24T03:21:15
L001044,xanderson@example.com,Gonzalez-Kim,Partner,Nurture,GEO0057,2024-12-24T03:12:30,2025-01-15T05:27:58
L001045,michael61@example.net,"Hensley, Fernandez and Hughes",Partner,Disqualified,GEO0171,2026-02-25T23:41:11,2026-02-25T00:55:21
L001046,eugene58@example.com,"Harrison, Martin and White",Web,Working,GEO0513,2025-07-17T19:15:55,2025-10-13T14:18:56
L001047,iperry@example.net,Mason-Donovan,Partner,New,GEO0497,2024-10-18T03:18:59,2025-05-17T18:42:49
L001048,piercepatricia@example.com,Perez-Clayton,Outbound,New,GEO0238,2024-12-17T23:04:45,2025-05-19T02:50:23
L001049,xjackson@example.org,Duffy PLC,Web,Disqualified,GEO0393,2026-02-13T22:16:26,2026-02-24T14:08:04
L001050,susanmarquez@example.net,Chen-Barrett,Outbound,Disqualified,GEO0451,2024-04-09T04:32:45,2025-10-08T08:13:52
L001051,eric07@example.org,Acosta-Skinner,Outbound,Disqualified,GEO0508,2024-12-05T19:49:56,2026-02-05T21:55:03
L001052,meyerchristopher@example.net,Daniels-Barker,Outbound,Nurture,GEO0384,2024-07-17T11:07:04,2025-09-19T19:38:32
L001053,dylanstevens@example.net,Ward and Sons,Outbound,New,GEO0585,2025-03-08T15:41:33,2025-08-08T00:14:07
L001054,michael16@example.com,Lee-Salazar,Event,New,GEO0608,2025-11-22T22:38:43,2026-01-03T23:15:11
L001055,dford@example.net,"Henry, Hunter and Harris",Partner,New,GEO0570,2025-01-05T21:23:33,2025-01-18T08:42:08
L001056,barnettkathryn@example.org,"Davis, Smith and Castro",Referral,Qualified,GEO0168,2025-01-21T13:37:26,2025-08-07T17:08:47
L001057,burnettjesus@example.net,"May, Williams and May",Event,Disqualified,GEO0461,2024-11-01T14:17:24,2025-09-16T05:20:39
L001058,perrymatthew@example.org,"Livingston, Wright and Adams",Partner,Qualified,GEO0260,2025-03-24T04:16:26,2026-02-19T10:33:58
L001059,melissa89@example.org,Barry Group,Referral,New,GEO0558,2024-10-07T10:09:26,2024-12-17T02:57:10
L001060,dthompson@example.com,Olson-Chase,Web,Nurture,GEO0475,2024-02-28T15:35:19,2024-11-27T07:30:07
L001061,thomasrios@example.org,"Jones, Kennedy and Martin",Referral,New,GEO0012,2024-02-18T02:50:51,2025-01-10T07:39:05
L001062,katiesummers@example.com,Riley PLC,Event,New,GEO0470,2024-06-03T01:46:35,2024-07-17T12:12:50
L001063,margaretmarsh@example.net,"Dixon, Cole and Barton",Referral,Qualified,GEO0674,2025-04-04T02:21:32,2025-11-02T19:57:01
L001064,allison95@example.net,Rose Group,Web,Nurture,GEO0274,2024-11-09T07:10:39,2025-02-25T03:56:05
L001065,yhernandez@example.com,Franklin Group,Web,Qualified,GEO0128,2024-09-07T17:43:15,2025-06-25T17:42:15
L001066,efigueroa@example.net,Rice-Griffin,Outbound,Disqualified,GEO0483,2024-02-06T23:15:30,2024-04-08T03:09:56
L001067,qmcdowell@example.net,Miller LLC,Inbound SDR,Qualified,GEO0478,2025-03-16T20:31:01,2025-10-27T19:17:04
L001068,lsanders@example.com,"Green, Monroe and Weber",Partner,Working,GEO0376,2024-10-10T05:16:34,2025-07-10T07:05:19
L001069,sullivandaryl@example.org,White Group,Partner,Qualified,GEO0343,2024-10-07T05:43:58,2025-09-21T23:51:58
L001070,pdonaldson@example.org,Lawrence Inc,Web,Nurture,GEO0707,2024-03-01T02:56:52,2025-09-10T00:42:31
L001071,farmermelanie@example.com,Perez-Smith,Partner,Nurture,GEO0010,2025-09-19T16:00:43,2025-09-22T20:26:22
L001072,earl19@example.org,Scott and Sons,Referral,Nurture,GEO0320,2025-09-26T08:49:30,2026-02-18T11:44:30
L001073,eedwards@example.com,Bradford-Greer,Web,Nurture,GEO0300,2025-01-30T06:38:27,2025-02-25T03:13:06
L001074,zflores@example.com,Brown PLC,Web,Working,GEO0438,2024-08-18T00:31:40,2024-08-30T23:54:14
L001075,zgray@example.com,Haley-Brown,Outbound,Nurture,GEO0256,2024-06-23T04:56:29,2024-10-20T04:40:08
L001076,simpsondaniel@example.net,Parker Ltd,Referral,Qualified,GEO0111,2024-11-03T18:48:19,2025-07-31T08:05:35
L001077,charlesmoore@example.org,"Navarro, Dudley and Mccoy",Partner,Disqualified,GEO0307,2024-10-27T13:59:39,2026-01-06T07:20:00
L001078,tkennedy@example.org,Lyons-Montgomery,Inbound SDR,Disqualified,GEO0368,2024-05-29T11:00:06,2025-02-20T13:33:39
L001079,james58@example.org,Smith-Meyer,Referral,Qualified,GEO0566,2025-04-12T11:13:43,2025-11-11T22:51:32
L001080,heatherschmitt@example.net,Maldonado LLC,Outbound,Qualified,GEO0083,2025-03-10T23:38:26,2025-04-11T14:40:02
L001081,lisaking@example.org,"Nelson, Cooke and Williams",Outbound,Qualified,GEO0561,2024-07-05T11:47:36,2024-09-22T02:01:28
L001082,lowelori@example.com,Anderson and Sons,Event,Working,GEO0144,2025-12-05T16:13:20,2025-12-18T22:54:47
L001083,erinunderwood@example.net,"Jimenez, Hayes and Garcia",Web,Qualified,GEO0740,2025-03-01T03:01:15,2026-02-11T15:29:21
L001084,harpersarah@example.net,Rosales Inc,Partner,Nurture,GEO0487,2025-03-04T13:42:39,2025-08-14T18:59:54
L001085,garmstrong@example.net,Camacho LLC,Outbound,Nurture,GEO0521,2026-01-13T15:44:52,2026-01-26T17:52:57
L001086,ruizjuan@example.org,Wood-Rollins,Referral,Nurture,GEO0113,2025-10-22T23:11:06,2026-02-14T13:25:51
L001087,michaelmclaughlin@example.com,Cook Ltd,Partner,Nurture,GEO0605,2024-10-08T01:29:05,2025-08-11T01:26:17
L001088,davisbrittany@example.org,Cummings Inc,Inbound SDR,Qualified,GEO0184,2024-12-08T01:02:58,2025-02-25T08:25:09
L001089,travisgonzales@example.org,White-Bell,Inbound SDR,Nurture,GEO0022,2025-08-20T22:24:24,2025-12-27T00:23:04
L001090,hernandezmichael@example.org,"Gray, Cooper and Benitez",Event,Disqualified,GEO0722,2024-03-11T14:09:20,2026-01-14T18:47:18
L001091,zcohen@example.org,Wilson LLC,Outbound,Qualified,GEO0777,2025-06-11T23:24:07,2025-09-04T13:42:59
L001092,latasha93@example.net,"Thomas, Jennings and Wang",Referral,Nurture,GEO0153,2025-06-09T02:18:44,2025-06-10T22:49:00
L001093,hmendoza@example.org,"Diaz, Douglas and Smith",Referral,Working,GEO0063,2024-02-02T15:52:52,2025-04-15T15:13:27
L001094,marcusbrooks@example.net,"Moon, Burgess and Fields",Web,Nurture,GEO0654,2024-01-30T14:04:14,2025-03-02T09:17:21
L001095,victoria48@example.org,Singh PLC,Referral,Working,GEO0015,2025-09-15T13:16:51,2026-02-06T19:31:46
L001096,bbrown@example.com,"Brooks, Thomas and Wilson",Event,Disqualified,GEO0176,2025-08-26T02:08:19,2025-12-07T02:45:59
L001097,blevinsallison@example.org,Price-Simpson,Event,Nurture,GEO0002,2024-06-17T19:20:44,2025-08-16T19:11:58
L001098,carterruth@example.com,"Mcclain, Thompson and Robinson",Partner,New,GEO0615,2024-09-09T07:53:07,2025-06-10T05:54:23
L001099,hponce@example.com,Fitzgerald Ltd,Referral,New,GEO0420,2025-01-27T11:06:46,2025-11-10T06:30:50
L001100,bryanmeza@example.com,"Li, Hendricks and Hancock",Partner,Working,GEO0435,2024-07-27T03:32:16,2026-01-17T13:01:57
L001101,jgibbs@example.net,Brown-Hahn,Inbound SDR,New,GEO0096,2025-03-17T10:41:01,2025-08-05T16:23:19
L001102,joannamccoy@example.com,"Hamilton, Coleman and Rodriguez",Event,Qualified,GEO0131,2025-06-09T06:37:02,2025-06-24T23:10:47
L001103,sandra53@example.net,Powell-Hudson,Inbound SDR,Disqualified,GEO0228,2024-03-01T19:06:16,2024-04-28T23:37:26
L001104,tmccoy@example.com,Hall Ltd,Outbound,Qualified,GEO0195,2024-10-12T08:11:19,2025-07-27T09:04:34
L001105,lawrenceburns@example.com,Smith-Johnson,Event,Qualified,GEO0385,2024-06-22T09:44:59,2025-01-30T01:29:45
L001106,rwilliamson@example.com,Jackson-Campbell,Inbound SDR,Nurture,GEO0186,2024-04-23T02:28:19,2025-09-16T20:06:48
L001107,rita19@example.net,"Garcia, Brown and Orr",Event,Qualified,GEO0505,2025-01-09T18:37:49,2026-02-18T23:25:47
L001108,andre85@example.org,Lewis-Riggs,Referral,Qualified,GEO0607,2024-09-28T06:55:27,2025-11-03T02:46:04
L001109,markblanchard@example.org,Reynolds Ltd,Web,Qualified,GEO0304,2025-04-15T08:31:00,2025-07-09T14:39:43
L001110,marthasantiago@example.org,Rice-Scott,Inbound SDR,Nurture,GEO0516,2025-11-20T01:16:37,2026-01-26T21:50:24
L001111,yayala@example.com,Evans PLC,Web,New,GEO0621,2024-03-14T14:10:17,2025-06-17T21:45:50
L001112,andreaparker@example.net,"Charles, Kennedy and Norris",Partner,Disqualified,GEO0071,2026-01-16T03:16:42,2026-02-11T11:15:47
L001113,xmccarthy@example.org,"Brown, Moore and Adams",Web,Qualified,GEO0156,2024-10-07T19:53:41,2025-01-03T08:54:02
L001114,victoria76@example.net,Brewer and Sons,Inbound SDR,New,GEO0124,2024-01-03T04:03:09,2025-08-17T16:37:40
L001115,brittany24@example.com,"Brandt, Martin and Burke",Inbound SDR,Nurture,GEO0441,2024-12-24T09:51:33,2025-02-24T14:11:25
L001116,fwang@example.com,Turner-Smith,Web,Working,GEO0190,2025-05-03T21:09:56,2026-02-19T06:18:02
L001117,ladams@example.org,"Lyons, Wilson and Robinson",Referral,Qualified,GEO0406,2024-09-16T02:04:30,2025-06-01T11:40:41
L001118,sharonwashington@example.net,Morse and Sons,Referral,New,GEO0512,2025-03-10T23:26:50,2025-11-06T02:19:02
L001119,lloydlynn@example.net,"Gonzales, Sexton and Parker",Web,Working,GEO0629,2025-02-14T23:54:39,2025-08-30T20:12:04
L001120,dsims@example.org,Anderson Group,Outbound,Disqualified,GEO0019,2025-03-28T08:35:38,2025-11-13T03:56:54
L001121,mcdanieljulie@example.org,Reilly-Quinn,Partner,Working,GEO0079,2024-09-15T13:26:49,2024-10-24T23:49:00
L001122,wendywhite@example.net,Melton-Moran,Outbound,Disqualified,GEO0496,2025-08-13T14:34:00,2026-02-01T00:01:04
L001123,llee@example.org,Rubio Group,Web,Working,GEO0579,2024-09-05T06:18:49,2024-09-19T05:22:30
L001124,caldwellsusan@example.org,Vaughan-Murray,Web,New,GEO0677,2024-12-10T22:35:41,2025-12-13T02:37:51
L001125,adamsmackenzie@example.net,"Nelson, Moore and Bennett",Partner,Working,GEO0746,2025-11-01T01:07:42,2025-12-15T09:49:01
L001126,angelaboyd@example.net,Williams-Rodgers,Referral,Qualified,GEO0195,2024-11-20T13:36:42,2025-05-06T18:23:06
L001127,douglasrowe@example.com,Marshall-Brown,Event,Qualified,GEO0195,2025-08-06T06:38:59,2025-12-22T18:22:18
L001128,sblack@example.com,"Rodriguez, Garcia and Adams",Partner,Qualified,GEO0482,2025-04-05T20:00:36,2025-08-19T02:21:33
L001129,ikirby@example.org,Green Group,Web,Working,GEO0675,2025-01-28T18:23:53,2025-11-16T01:15:21
L001130,garciapatricia@example.com,Ortiz Group,Web,Disqualified,GEO0207,2025-05-23T13:11:42,2025-08-11T08:35:48
L001131,jacob06@example.com,Wise-Harvey,Partner,Working,GEO0763,2024-03-20T21:08:37,2026-02-01T08:57:11
L001132,rebecca47@example.net,Kelly-Henderson,Outbound,Disqualified,GEO0321,2026-01-29T04:56:31,2026-02-24T10:04:44
L001133,nicoleyork@example.com,Mcdonald Group,Web,Nurture,GEO0310,2024-05-01T05:53:02,2024-05-19T23:31:41
L001134,beardanna@example.com,"Edwards, Jordan and Lambert",Web,Working,GEO0142,2026-02-14T20:01:24,2026-02-25T05:24:30
L001135,ewilliams@example.net,Gardner-Howard,Outbound,Qualified,GEO0542,2025-05-15T13:15:36,2025-07-13T14:49:04
L001136,sheila80@example.org,Powell-Rojas,Inbound SDR,Nurture,GEO0010,2024-01-30T07:16:45,2024-04-05T01:45:25
L001137,jonesrobert@example.org,Medina-Lewis,Outbound,Disqualified,GEO0512,2024-05-14T22:16:31,2026-02-16T19:11:12
L001138,franciswhite@example.org,"Myers, Meadows and Rowland",Inbound SDR,Qualified,GEO0066,2024-03-28T23:45:24,2024-06-18T23:56:43
L001139,brandtkayla@example.org,Mckee-Williams,Outbound,Nurture,GEO0133,2024-04-10T23:53:40,2025-09-22T16:08:19
L001140,chandlerbrendan@example.com,"Jones, Robinson and Morrison",Web,Disqualified,GEO0763,2024-09-20T10:51:27,2025-07-02T04:25:18
L001141,johnhanson@example.com,Caldwell Group,Inbound SDR,Disqualified,GEO0537,2024-07-21T13:39:17,2025-07-18T19:06:22
L001142,annamcgee@example.net,Wright Inc,Outbound,New,GEO0526,2024-04-26T02:15:06,2025-02-17T22:32:49
L001143,kramerkenneth@example.org,Scott LLC,Inbound SDR,Qualified,GEO0369,2025-09-26T02:58:47,2026-02-19T10:21:58
L001144,barkerjoseph@example.org,Wright PLC,Outbound,Nurture,GEO0626,2024-04-24T05:15:59,2024-05-12T23:54:07
L001145,bradyamy@example.org,"Peters, Hall and Kennedy",Outbound,Working,GEO0055,2026-01-15T03:53:35,2026-02-22T06:09:54
L001146,pmaldonado@example.org,Estes-Burton,Outbound,Qualified,GEO0101,2025-04-23T11:58:08,2025-11-19T16:23:15
L001147,nolanjonathan@example.org,"Shields, Friedman and Koch",Event,Qualified,GEO0227,2024-01-15T23:47:19,2024-03-02T03:44:17
L001148,anita51@example.org,Smith and Sons,Outbound,Working,GEO0114,2025-12-27T13:42:16,2026-01-28T23:58:27
L001149,waltonkaren@example.org,"Harris, Sosa and Cole",Referral,New,GEO0645,2025-08-06T08:40:27,2025-11-16T13:48:47
L001150,bakerharry@example.net,Wright-Mclean,Web,Nurture,GEO0573,2024-10-12T04:36:36,2025-06-03T02:47:32
L001151,ashley48@example.com,Diaz-Allen,Referral,Working,GEO0652,2025-08-10T03:38:16,2025-11-30T20:49:08
L001152,elizabeth97@example.net,Welch-Blair,Referral,Nurture,GEO0201,2024-09-03T23:16:33,2026-02-26T22:02:30
L001153,psanchez@example.net,Simmons-Turner,Partner,New,GEO0059,2025-10-21T21:42:53,2026-02-01T07:05:19
L001154,qbates@example.net,Duffy LLC,Web,Disqualified,GEO0633,2024-05-26T16:21:04,2025-06-28T16:24:09
L001155,christopher75@example.org,"Mckay, Manning and Horton",Event,Working,GEO0444,2024-04-24T07:36:03,2026-02-02T16:07:22
L001156,dcastaneda@example.com,Gutierrez and Sons,Inbound SDR,Qualified,GEO0140,2025-09-12T06:09:17,2026-02-02T21:44:41
L001157,waltondonald@example.com,Burgess PLC,Partner,New,GEO0273,2024-07-11T02:20:37,2025-04-02T05:36:58
L001158,brownlinda@example.net,Hernandez Group,Partner,Disqualified,GEO0028,2025-02-05T09:22:31,2025-04-11T18:39:32
L001159,robert07@example.net,Johnson-Strickland,Referral,Qualified,GEO0314,2026-02-19T23:49:25,2026-02-19T15:06:33
L001160,timothy45@example.com,Bullock Ltd,Partner,New,GEO0539,2025-05-19T14:54:21,2025-07-27T17:59:20
L001161,judith23@example.com,"Griffin, Lawson and Walker",Referral,Working,GEO0522,2024-03-07T19:01:36,2025-06-25T03:15:28
L001162,tara75@example.com,Miller Inc,Partner,Working,GEO0661,2026-02-05T17:17:38,2026-02-15T16:12:43
L001163,jsimpson@example.org,Washington-Frederick,Event,Working,GEO0085,2024-09-20T17:18:38,2026-02-06T21:44:11
L001164,beckerashley@example.net,"Francis, Andrews and Cortez",Outbound,Qualified,GEO0472,2026-01-21T18:05:13,2026-02-09T11:54:03
L001165,kimberlyreyes@example.net,Ferguson LLC,Partner,Nurture,GEO0457,2025-08-14T07:09:24,2025-09-02T12:30:24
L001166,deborahmcguire@example.org,Bell and Sons,Outbound,Nurture,GEO0507,2024-09-28T17:55:30,2025-08-06T12:35:23
L001167,graylynn@example.com,"Knapp, Adams and Baker",Outbound,Qualified,GEO0522,2025-03-28T22:32:45,2025-10-16T23:46:15
L001168,gabrielmartin@example.org,"Flynn, Ibarra and Kirk",Event,New,GEO0464,2024-09-29T17:09:48,2024-11-04T19:41:51
L001169,breeves@example.com,Williams-Bennett,Inbound SDR,New,GEO0401,2025-04-24T09:40:27,2026-01-15T06:11:09
L001170,hmartin@example.net,"Coleman, Harris and Smith",Inbound SDR,Working,GEO0264,2025-04-18T11:37:48,2025-09-10T15:05:19
L001171,jameslee@example.com,Schmidt-Bryant,Inbound SDR,Nurture,GEO0726,2025-11-09T10:56:15,2026-01-29T09:42:02
L001172,murraypaul@example.com,"Bell, Allen and Rodriguez",Partner,New,GEO0646,2024-04-22T18:35:43,2025-05-30T22:26:41
L001173,thomastracy@example.com,Hernandez-Patterson,Outbound,Nurture,GEO0213,2026-01-07T18:38:42,2026-02-18T00:52:29
L001174,alicia93@example.net,"Wagner, Watts and Garrett",Outbound,Working,GEO0707,2025-12-29T00:44:49,2026-01-26T23:43:17
L001175,tmayo@example.org,Chapman LLC,Partner,Nurture,GEO0266,2024-07-23T14:22:43,2024-09-01T00:47:11
L001176,jerry05@example.com,"Nunez, Morales and Haney",Web,Disqualified,GEO0432,2025-08-01T19:26:20,2025-10-26T18:02:18
L001177,markandersen@example.com,"Tran, French and Hunt",Inbound SDR,New,GEO0077,2024-06-29T12:52:32,2025-05-29T02:56:50
L001178,beniteztyler@example.net,"Morales, Washington and Kerr",Event,Working,GEO0045,2025-03-19T15:31:09,2025-03-22T16:37:29
L001179,karinaferguson@example.com,Reynolds LLC,Inbound SDR,New,GEO0098,2025-09-26T16:34:15,2026-01-08T02:27:19
L001180,ingramaaron@example.org,Haas-Kelly,Partner,Qualified,GEO0180,2025-01-18T21:14:56,2025-11-23T17:50:46
L001181,sophiaaustin@example.net,Anderson-Shaw,Outbound,New,GEO0256,2024-05-15T02:07:58,2026-01-17T18:21:33
L001182,johnsonmackenzie@example.net,Lee-Fox,Referral,Disqualified,GEO0721,2026-01-01T08:08:44,2026-02-12T14:41:51
L001183,armstrongjennifer@example.com,Gonzalez Inc,Inbound SDR,New,GEO0622,2025-06-29T01:34:15,2025-07-13T01:48:01
L001184,wprice@example.net,Proctor and Sons,Referral,Nurture,GEO0738,2025-05-04T15:55:05,2025-09-26T05:10:30
L001185,brent03@example.net,Smith Inc,Web,Disqualified,GEO0447,2025-02-14T23:15:27,2025-05-10T12:56:51
L001186,vincent73@example.org,Morrison LLC,Referral,Nurture,GEO0134,2024-10-07T07:52:58,2024-12-12T14:34:50
L001187,monica89@example.org,Ramirez and Sons,Event,Nurture,GEO0605,2025-06-18T15:16:43,2025-08-22T12:49:09
L001188,geraldphillips@example.org,Pena-Nguyen,Inbound SDR,Qualified,GEO0648,2025-05-12T14:13:01,2025-07-19T06:58:27
L001189,floresmatthew@example.net,Davila LLC,Web,Working,GEO0585,2024-02-16T13:23:02,2025-07-26T14:56:23
L001190,angela95@example.net,"Alexander, Davis and Dean",Outbound,New,GEO0678,2024-12-19T07:52:36,2025-10-24T22:08:41
L001191,mschultz@example.org,Wilson and Sons,Web,Nurture,GEO0487,2024-02-06T21:31:41,2025-05-29T02:32:35
L001192,zdaniels@example.org,"Stephenson, Garcia and Mora",Event,Qualified,GEO0555,2025-07-17T19:16:16,2026-03-01T22:11:13
L001193,annettesharp@example.com,Thomas-Henry,Web,Disqualified,GEO0380,2024-05-03T02:17:03,2026-03-01T21:30:15
L001194,thomasemma@example.org,Moore-Smith,Web,Disqualified,GEO0631,2024-04-09T22:44:43,2025-12-03T23:58:28
L001195,tylerreyes@example.net,"Martinez, Short and Evans",Inbound SDR,Qualified,GEO0390,2024-12-24T16:14:11,2025-07-17T15:01:17
L001196,danielleharris@example.net,Johnson Inc,Partner,Qualified,GEO0449,2024-12-18T17:28:55,2025-07-21T06:55:18
L001197,mthompson@example.net,Callahan and Sons,Event,Qualified,GEO0005,2025-06-13T08:29:51,2025-08-19T04:13:57
L001198,greenalexander@example.com,Myers and Sons,Web,Working,GEO0038,2024-02-24T16:21:39,2024-10-10T17:57:35
L001199,campbelllisa@example.com,Smith Ltd,Event,New,GEO0103,2025-05-25T13:31:27,2026-02-12T01:10:51
L001200,sullivansharon@example.org,"Ball, Hines and Edwards",Event,Working,GEO0403,2024-01-20T14:58:43,2024-07-17T07:15:05
L001201,jason08@example.net,Brennan-Briggs,Outbound,Working,GEO0555,2024-05-18T17:03:32,2024-08-09T00:35:35
L001202,peter19@example.com,Wise-Roth,Inbound SDR,Qualified,GEO0730,2025-06-01T01:12:19,2025-10-20T09:33:40
L001203,jessicaanderson@example.org,"Smith, Dunlap and Jones",Outbound,Qualified,GEO0002,2024-02-10T06:48:32,2026-01-28T07:53:18
L001204,rpeck@example.org,"Phillips, Martinez and Holland",Outbound,Working,GEO0243,2024-12-23T10:14:20,2025-10-22T12:35:46
L001205,pperez@example.net,White-Mendoza,Inbound SDR,Qualified,GEO0079,2024-11-20T16:43:12,2025-08-25T18:00:22
L001206,rhinton@example.com,"Price, Martin and Arias",Referral,Nurture,GEO0032,2024-02-14T12:48:32,2025-04-10T13:50:31
L001207,patriciayork@example.net,"Clark, Leon and Warner",Outbound,Nurture,GEO0679,2025-01-25T08:01:25,2025-01-28T00:56:36
L001208,stephenellis@example.net,Washington Group,Referral,New,GEO0788,2024-08-03T14:19:56,2024-09-16T23:01:40
L001209,yknox@example.org,"Goodwin, Riddle and Walter",Inbound SDR,Qualified,GEO0585,2026-01-18T07:39:08,2026-02-04T19:17:57
L001210,jennifer92@example.net,"Flores, Mitchell and Morgan",Web,Nurture,GEO0356,2025-07-17T07:06:14,2025-12-28T07:33:12
L001211,chavezryan@example.org,Walton-Allen,Event,Qualified,GEO0757,2025-04-30T05:35:57,2025-09-14T05:50:33
L001212,qallen@example.net,"Shaffer, Barnes and Smith",Outbound,New,GEO0636,2024-11-28T20:31:56,2025-06-01T13:21:25
L001213,sandovalleslie@example.com,"Whitaker, Clements and Cantu",Partner,Disqualified,GEO0130,2024-12-05T22:16:26,2025-10-01T22:07:34
L001214,gallaghercarla@example.org,"Stevens, Rodriguez and Lewis",Event,Qualified,GEO0404,2024-03-25T08:52:51,2025-06-12T07:24:32
L001215,gmoore@example.com,"House, Hernandez and Pham",Event,New,GEO0132,2026-01-15T05:16:20,2026-02-12T19:56:21
L001216,brandonwise@example.net,"Powell, Hughes and Johnson",Web,Qualified,GEO0376,2024-04-03T12:41:18,2025-11-14T11:09:49
L001217,alisonstone@example.net,Ortiz LLC,Outbound,Qualified,GEO0018,2025-10-28T02:24:22,2025-12-11T07:08:47
L001218,cferguson@example.net,Reed PLC,Outbound,Qualified,GEO0238,2024-07-04T08:11:27,2025-06-08T02:59:37
L001219,scottchristine@example.net,"Ellison, Frazier and Miller",Outbound,Qualified,GEO0607,2025-11-27T04:06:54,2026-02-25T23:08:25
L001220,ahouse@example.com,Wilkins-Evans,Event,Working,GEO0335,2025-03-01T00:20:50,2025-10-31T00:21:36
L001221,omooney@example.net,Fletcher Group,Inbound SDR,New,GEO0510,2026-02-15T23:49:30,2026-02-23T20:31:26
L001222,dwhite@example.com,"Hunt, Herman and Lopez",Event,Working,GEO0343,2025-02-21T05:35:51,2025-06-16T06:08:13
L001223,heatherrojas@example.net,"Williams, Osborne and Berger",Referral,Disqualified,GEO0521,2026-01-22T11:27:10,2026-02-22T23:45:13
L001224,jeremiah74@example.com,"Moon, Hanson and Johnson",Web,New,GEO0335,2025-04-25T18:05:52,2026-01-10T21:09:55
L001225,lori05@example.net,"Robinson, Pierce and Collins",Web,Qualified,GEO0690,2024-01-06T09:22:19,2024-02-05T19:27:49
L001226,xwilliams@example.com,Ward PLC,Referral,Disqualified,GEO0037,2025-10-05T06:41:45,2025-10-20T02:49:05
L001227,nwong@example.org,"Bell, Smith and Ruiz",Partner,Nurture,GEO0032,2024-07-31T05:26:23,2025-07-06T02:08:34
L001228,jeremy95@example.net,"Johnson, Fitzgerald and Best",Partner,Qualified,GEO0262,2025-10-21T06:55:17,2026-02-28T23:04:41
L001229,patelkeith@example.net,"Ingram, Rice and Hopkins",Outbound,Nurture,GEO0145,2025-08-11T03:19:51,2026-02-10T12:14:38
L001230,tara26@example.com,Khan Group,Partner,New,GEO0518,2025-05-02T00:12:21,2025-10-27T23:10:40
L001231,mcdowelltina@example.com,Smith Ltd,Web,Qualified,GEO0460,2025-08-05T19:25:21,2025-08-12T02:29:30
L001232,fcurry@example.net,Williams Ltd,Referral,Qualified,GEO0126,2024-06-03T06:33:45,2024-12-29T05:37:45
L001233,sancheznathan@example.com,Garcia-Smith,Partner,Qualified,GEO0489,2025-05-01T03:07:56,2025-09-02T03:33:49
L001234,gutierrezbrenda@example.com,Jones Ltd,Referral,Working,GEO0270,2025-07-05T12:22:45,2025-11-23T19:58:17
L001235,ashleygonzalez@example.org,Ward-Green,Outbound,Working,GEO0295,2026-03-01T16:15:35,2026-03-01T13:55:57
L001236,crystallewis@example.net,Horne-Mcmahon,Referral,Nurture,GEO0411,2024-11-05T15:25:27,2024-12-31T08:06:35
L001237,alexandrarowe@example.org,Carter-Harris,Web,New,GEO0529,2025-12-29T07:31:19,2026-01-09T11:59:34
L001238,veronica24@example.com,"Rivers, Juarez and Sexton",Web,New,GEO0048,2025-05-26T13:56:31,2025-07-13T09:45:08
L001239,daniel73@example.com,Rodriguez-Stephens,Event,Qualified,GEO0048,2024-06-22T09:06:03,2026-02-11T10:52:39
L001240,reneewatson@example.org,Harris Inc,Outbound,Nurture,GEO0445,2025-04-07T16:21:45,2025-09-06T04:01:26
L001241,david15@example.com,"Schmidt, Alexander and Douglas",Web,Qualified,GEO0127,2025-01-20T05:17:39,2025-06-07T08:14:19
L001242,cwilliams@example.com,Freeman-Baker,Event,Nurture,GEO0364,2025-06-04T04:01:45,2026-01-07T00:51:36
L001243,byrddaniel@example.com,Stewart Group,Event,Disqualified,GEO0718,2025-05-15T22:43:32,2025-08-21T16:36:12
L001244,marymcneil@example.org,"Hernandez, White and Sawyer",Inbound SDR,Working,GEO0163,2025-08-11T09:10:42,2026-01-25T16:04:05
L001245,martinezmatthew@example.net,Hammond LLC,Inbound SDR,Working,GEO0680,2024-05-18T13:10:37,2024-12-25T17:52:57
L001246,olucas@example.org,Miller-Robinson,Partner,Disqualified,GEO0489,2024-06-04T14:28:31,2025-12-09T23:52:52
L001247,lauren57@example.net,"Nelson, Miller and Reed",Web,Working,GEO0108,2025-05-23T07:20:56,2025-05-29T07:22:30
L001248,pmitchell@example.com,Castro-Bryant,Referral,Working,GEO0238,2024-09-21T18:44:21,2024-10-18T20:12:55
L001249,victor71@example.com,Turner LLC,Partner,Qualified,GEO0795,2025-08-23T16:25:14,2025-08-23T08:56:01
L001250,jstevens@example.com,Gonzalez Inc,Web,Nurture,GEO0264,2025-04-18T19:32:32,2026-01-01T16:56:25
L001251,candrade@example.com,Brown Ltd,Web,Working,GEO0274,2025-02-18T23:33:13,2025-09-06T15:18:26
L001252,maria37@example.org,Nelson-Villarreal,Referral,Working,GEO0179,2025-11-19T21:51:43,2025-11-25T07:18:55
L001253,nrusso@example.org,Bird-Gates,Outbound,Nurture,GEO0415,2025-08-30T14:49:51,2025-09-09T04:51:55
L001254,abradley@example.org,"Guerrero, Fox and Carrillo",Outbound,Qualified,GEO0307,2025-11-05T17:00:40,2025-12-28T15:02:16
L001255,vwalters@example.org,Ramos LLC,Referral,New,GEO0608,2025-07-26T17:13:18,2026-02-22T22:12:49
L001256,greenmatthew@example.net,Norman Ltd,Outbound,New,GEO0722,2026-02-03T19:57:01,2026-02-28T07:20:47
L001257,ztorres@example.org,Christian-Simpson,Event,Qualified,GEO0023,2024-12-29T23:04:24,2025-08-16T05:03:39
L001258,anthony15@example.net,Hodges-Castaneda,Partner,Qualified,GEO0536,2024-01-09T03:09:10,2024-04-23T17:39:33
L001259,callahannathan@example.net,Larson Group,Inbound SDR,Working,GEO0030,2024-01-20T04:27:13,2024-03-25T00:05:54
L001260,lisa64@example.com,Schmidt-Wiggins,Partner,Disqualified,GEO0067,2024-09-12T01:35:43,2025-11-04T05:38:41
L001261,jessica39@example.com,Moore-Miller,Inbound SDR,Qualified,GEO0593,2026-02-03T13:10:38,2026-02-07T06:07:36
L001262,robertsonmegan@example.net,Mcclain-Tran,Referral,Working,GEO0447,2024-04-17T12:26:28,2025-04-13T11:22:14
L001263,victoria42@example.org,"Ramsey, Larsen and Krause",Outbound,Working,GEO0144,2025-07-08T20:13:47,2026-02-22T10:30:38
L001264,younglaurie@example.net,"Webster, Cook and Barrera",Partner,Disqualified,GEO0441,2026-02-15T15:43:55,2026-02-26T07:19:56
L001265,campbellsean@example.net,Hale-Perez,Inbound SDR,Disqualified,GEO0478,2025-02-11T19:56:54,2025-06-13T19:06:35
L001266,julie62@example.com,Perez Ltd,Web,Working,GEO0190,2024-12-15T22:16:55,2025-08-04T18:50:20
L001267,josephharding@example.org,Lamb Ltd,Referral,Disqualified,GEO0003,2025-09-13T17:26:37,2025-11-06T17:13:53
L001268,millerjoshua@example.net,"Murray, Harris and Haynes",Referral,New,GEO0614,2025-11-23T17:23:47,2025-12-26T14:46:09
L001269,chris54@example.org,"Lawrence, Peterson and Mills",Event,Disqualified,GEO0505,2025-06-13T19:42:16,2025-08-22T03:07:51
L001270,frazierraymond@example.net,Holt-Wells,Partner,Nurture,GEO0389,2024-10-03T11:24:07,2026-02-11T16:01:52
L001271,ywalsh@example.com,Garcia-Andrews,Inbound SDR,Disqualified,GEO0096,2024-10-27T03:50:32,2025-08-24T20:47:52
L001272,sarah25@example.org,"Stevens, Carter and Chavez",Referral,New,GEO0152,2026-02-17T18:02:06,2026-02-25T02:34:05
L001273,kathleen57@example.org,"Ellis, Hancock and Gates",Outbound,New,GEO0140,2024-09-17T20:08:36,2025-06-18T17:59:34
L001274,oherring@example.net,Ward Group,Partner,New,GEO0339,2024-07-28T02:00:02,2025-12-10T21:01:56
L001275,rthompson@example.org,Myers PLC,Referral,Qualified,GEO0407,2025-01-03T15:30:15,2026-02-28T06:36:48
L001276,austinandre@example.org,"Jackson, Henderson and Velasquez",Outbound,Disqualified,GEO0328,2025-11-01T03:17:55,2025-11-06T18:41:25
L001277,katherine32@example.com,"Washington, Kelley and Boyd",Partner,Disqualified,GEO0008,2024-03-14T09:15:48,2024-09-14T05:54:01
L001278,vsmith@example.org,Jones Ltd,Event,Working,GEO0582,2024-07-22T09:18:02,2026-01-28T03:15:31
L001279,lauren64@example.org,"Coleman, Rodriguez and James",Inbound SDR,Qualified,GEO0103,2024-06-18T15:27:47,2025-02-25T03:53:06
L001280,matthew48@example.org,"Johnson, Hill and Lewis",Web,Nurture,GEO0634,2025-11-30T07:26:51,2026-01-19T11:06:50
L001281,vaughngloria@example.com,"Juarez, Thomas and Hicks",Web,Working,GEO0231,2025-12-08T13:30:38,2025-12-18T06:14:35
L001282,vbaker@example.com,Morales-Moore,Inbound SDR,Working,GEO0609,2024-09-20T09:46:25,2025-05-09T21:04:33
L001283,wdavis@example.net,Wilson-Simon,Outbound,Nurture,GEO0601,2026-01-31T12:07:59,2026-02-05T09:02:24
L001284,jwilliams@example.org,"Garza, Jones and Patterson",Partner,Working,GEO0436,2025-12-01T21:13:28,2026-02-03T18:21:43
L001285,jeanettecummings@example.org,"Morrow, Sellers and Lowery",Event,New,GEO0184,2024-10-28T15:42:55,2025-07-06T15:37:15
L001286,charles65@example.com,Gonzalez-Romero,Partner,New,GEO0468,2024-06-23T04:34:44,2025-04-30T03:33:40
L001287,atran@example.com,Jones-Finley,Event,Disqualified,GEO0435,2025-07-25T13:37:20,2025-12-12T21:17:31
L001288,davidjennings@example.com,Lopez-Greene,Outbound,Working,GEO0212,2024-05-05T20:33:26,2025-01-23T20:12:26
L001289,jamiefrank@example.org,"Duran, Jones and Torres",Referral,New,GEO0198,2025-07-27T16:04:47,2025-08-16T15:13:42
L001290,ychandler@example.com,Dennis-Lee,Event,New,GEO0011,2024-03-18T05:43:47,2024-06-07T10:26:11
L001291,ijohnston@example.net,"Smith, Smith and Khan",Inbound SDR,Disqualified,GEO0791,2025-05-25T06:04:50,2025-07-28T07:51:17
L001292,jenna38@example.com,"Brooks, Richardson and Lynch",Inbound SDR,Disqualified,GEO0026,2024-05-29T20:38:10,2025-06-26T08:55:30
L001293,clarkdavid@example.net,Jackson PLC,Outbound,Disqualified,GEO0749,2025-01-28T10:52:03,2025-06-02T00:04:50
L001294,joshua29@example.net,Lopez LLC,Web,Nurture,GEO0745,2025-06-22T14:40:31,2025-08-09T00:39:23
L001295,robertcollins@example.org,"Caldwell, Cooper and Conway",Inbound SDR,Disqualified,GEO0698,2024-12-15T15:28:40,2025-02-11T08:13:40
L001296,kayla27@example.com,"Patton, Andrade and Hodges",Partner,Qualified,GEO0724,2025-10-22T23:06:59,2026-02-12T02:20:38
L001297,kirbymelissa@example.com,Bell-Mitchell,Referral,New,GEO0724,2025-11-18T01:18:24,2025-12-27T09:18:25
L001298,psummers@example.net,Palmer Ltd,Event,Qualified,GEO0485,2024-05-11T02:13:59,2026-01-21T15:56:19
L001299,jeromegutierrez@example.net,Kelley Group,Partner,Qualified,GEO0049,2025-03-04T18:50:14,2025-08-06T22:27:49
L001300,heatherhoward@example.net,Garcia-Ramos,Web,Disqualified,GEO0281,2024-11-03T11:44:29,2025-04-12T05:00:29
L001301,bgibson@example.com,Lamb Inc,Partner,Nurture,GEO0774,2024-06-25T20:26:12,2024-10-12T21:58:04
L001302,matthewvaughn@example.org,"Baker, Koch and Salazar",Referral,Nurture,GEO0642,2024-09-01T07:53:40,2024-12-05T06:09:00
L001303,lauren00@example.com,Dean-Camacho,Outbound,New,GEO0489,2025-10-26T00:30:24,2025-11-13T12:21:01
L001304,canderson@example.net,"Tucker, Martinez and Bennett",Inbound SDR,Nurture,GEO0152,2025-03-12T00:13:57,2025-10-06T17:19:00
L001305,ashleycastro@example.net,"Grant, Jones and Elliott",Partner,Qualified,GEO0729,2026-01-17T14:10:10,2026-02-08T21:29:11
L001306,amysmith@example.com,Freeman Group,Referral,New,GEO0093,2024-09-08T03:02:28,2025-03-15T12:49:51
L001307,ninarivers@example.com,Hunt-Gray,Outbound,Working,GEO0231,2024-11-09T05:20:04,2025-06-01T01:49:43
L001308,mooresabrina@example.org,Kennedy-Rodriguez,Event,Qualified,GEO0605,2025-09-01T14:31:05,2025-12-13T10:13:22
L001309,dominique13@example.com,Miller Group,Event,Working,GEO0395,2024-10-10T13:38:38,2025-09-19T09:45:33
L001310,yreynolds@example.org,Dorsey and Sons,Outbound,Nurture,GEO0392,2024-01-16T02:56:32,2024-04-13T17:31:33
L001311,laura84@example.org,Smith-Marks,Outbound,Qualified,GEO0554,2024-03-24T01:38:30,2025-04-30T06:11:39
L001312,qbrown@example.com,Boyer LLC,Referral,Working,GEO0014,2026-01-09T14:12:08,2026-03-01T06:22:07
L001313,mitchellmaria@example.com,Fry-Hinton,Inbound SDR,Working,GEO0147,2024-10-21T07:47:45,2025-10-23T10:50:49
L001314,rose66@example.com,Scott-Jones,Inbound SDR,Nurture,GEO0770,2024-11-02T07:11:18,2024-11-07T16:44:25
L001315,stephen99@example.org,"Williams, Proctor and Bryan",Partner,Working,GEO0047,2024-09-06T06:06:27,2025-02-12T21:24:35
L001316,michael17@example.com,"Davila, Livingston and Tran",Outbound,Working,GEO0290,2025-06-27T00:51:32,2025-10-09T21:52:41
L001317,toddheather@example.com,"Williams, Smith and Rivera",Inbound SDR,New,GEO0596,2025-01-09T05:04:46,2026-01-13T07:27:03
L001318,emilydalton@example.net,Drake-Dawson,Outbound,New,GEO0154,2025-05-28T01:35:56,2025-09-19T20:05:46
L001319,edwardmoore@example.org,Hood-Mills,Event,Qualified,GEO0305,2025-12-22T20:43:08,2026-02-22T08:18:33
L001320,petersondenise@example.com,Savage-Davis,Partner,Disqualified,GEO0655,2025-08-30T17:07:24,2026-02-26T17:44:35
L001321,xcopeland@example.net,Stein-Bautista,Partner,Nurture,GEO0754,2024-08-29T22:18:10,2025-10-29T05:47:23
L001322,kellerrobert@example.com,Neal PLC,Event,New,GEO0120,2026-01-06T02:07:35,2026-01-26T11:25:22
L001323,gcortez@example.net,"Reilly, Gray and Williams",Web,Qualified,GEO0725,2025-05-04T00:35:57,2025-07-26T16:52:33
L001324,dustinschwartz@example.com,"Reid, Mueller and Campbell",Outbound,Nurture,GEO0013,2024-08-29T18:03:38,2024-08-29T12:56:38
L001325,codyking@example.com,Boyd-Simmons,Event,Nurture,GEO0480,2024-12-19T11:42:24,2026-01-05T06:52:12
L001326,wmaldonado@example.org,Medina and Sons,Event,Working,GEO0693,2024-11-23T05:26:04,2025-05-04T18:35:47
L001327,coleryan@example.com,Villa Group,Partner,Qualified,GEO0497,2024-07-09T03:44:03,2025-05-29T20:56:58
L001328,smithbrett@example.net,"Hodge, Kerr and Murray",Event,Working,GEO0056,2025-03-12T01:27:24,2025-12-17T01:12:40
L001329,shannon86@example.org,Hunter Ltd,Referral,New,GEO0367,2025-01-30T13:20:07,2026-02-15T12:14:20
L001330,ricemargaret@example.com,Sherman Inc,Outbound,Working,GEO0568,2025-10-21T06:42:58,2025-11-23T06:51:18
L001331,adamball@example.org,"Henderson, Santiago and Patterson",Web,Disqualified,GEO0324,2024-07-05T00:00:44,2025-03-22T15:26:48
L001332,madison09@example.net,"Dunlap, Benjamin and Cameron",Inbound SDR,Disqualified,GEO0176,2025-02-13T08:20:38,2025-05-04T13:32:01
L001333,mary70@example.com,Hinton PLC,Referral,Qualified,GEO0513,2025-07-10T01:59:46,2025-12-03T01:36:40
L001334,colin88@example.net,Thompson-Parker,Referral,Working,GEO0685,2024-11-30T07:24:12,2026-01-09T03:16:21
L001335,ypalmer@example.org,"Solis, Moreno and Phillips",Web,Qualified,GEO0292,2024-10-04T11:11:11,2025-09-23T11:54:20
L001336,ryanamy@example.com,Thomas-Hendrix,Inbound SDR,Disqualified,GEO0290,2024-04-14T12:31:20,2025-08-28T15:27:05
L001337,uhoward@example.com,"Johnson, Pierce and Jackson",Inbound SDR,Nurture,GEO0708,2025-03-23T16:03:49,2025-08-10T05:49:57
L001338,kevin80@example.net,"Scott, Mendoza and Nelson",Web,New,GEO0559,2025-10-15T00:40:49,2025-10-17T13:55:08
L001339,mckenzie71@example.com,"Erickson, Carson and Gibson",Referral,Disqualified,GEO0002,2024-05-06T06:49:23,2025-10-27T13:13:25
L001340,melissaliu@example.com,Mitchell Inc,Outbound,Disqualified,GEO0125,2024-09-01T17:36:13,2024-11-28T20:17:45
L001341,harry82@example.com,"Williams, Ayers and Bonilla",Web,Disqualified,GEO0456,2025-06-17T09:17:36,2025-12-07T05:26:24
L001342,markhampton@example.net,Nichols Group,Event,Nurture,GEO0456,2025-02-03T14:03:42,2025-04-21T22:50:26
L001343,lsimon@example.net,"Wallace, Acevedo and Buchanan",Web,Disqualified,GEO0065,2025-11-05T09:57:32,2026-01-31T00:16:02
L001344,chad00@example.org,Hunter Ltd,Web,Nurture,GEO0353,2025-01-15T04:31:14,2025-05-01T09:23:03
L001345,joseph92@example.org,"Tucker, Hall and Jones",Outbound,Nurture,GEO0656,2025-12-31T22:12:23,2026-01-13T20:33:18
L001346,hicksheather@example.org,"Patel, Roy and Morgan",Referral,Qualified,GEO0544,2025-05-03T06:25:09,2025-07-20T16:32:09
L001347,tylerhanson@example.net,"Ferguson, Richmond and Bishop",Outbound,Disqualified,GEO0171,2025-12-02T20:03:29,2025-12-17T07:20:52
L001348,jhays@example.net,Collins-Roberts,Inbound SDR,Disqualified,GEO0136,2025-04-28T12:26:38,2025-09-26T07:20:25
L001349,reyeshelen@example.net,Rich-Graham,Inbound SDR,Nurture,GEO0664,2025-09-11T21:06:50,2025-11-08T18:19:29
L001350,kwhitney@example.org,Hernandez and Sons,Event,Disqualified,GEO0692,2024-11-25T07:17:39,2025-06-10T14:29:50
L001351,angie95@example.org,Smith LLC,Inbound SDR,Qualified,GEO0195,2025-07-29T07:29:04,2026-01-15T11:11:45
L001352,ncarlson@example.net,Adams-Willis,Referral,Working,GEO0285,2025-05-26T01:41:47,2025-06-21T13:08:55
L001353,gregorywilliams@example.net,"Blankenship, Larson and Simmons",Referral,Qualified,GEO0090,2025-05-04T20:29:05,2025-06-05T20:15:20
L001354,brittany52@example.org,Fisher-Russell,Partner,Qualified,GEO0159,2025-10-13T08:53:31,2025-10-30T05:27:31
L001355,stacey77@example.org,Lynn-Bryant,Event,Qualified,GEO0309,2024-08-17T01:30:47,2025-03-17T07:07:43
L001356,tylerwilliams@example.net,Taylor-Myers,Outbound,New,GEO0281,2024-09-15T08:38:49,2024-09-23T00:27:32
L001357,owensabigail@example.org,"Case, Nunez and Newton",Outbound,Working,GEO0207,2024-09-12T04:02:58,2025-03-12T21:06:46
L001358,kyle79@example.com,Stuart-Greene,Web,Working,GEO0371,2024-06-20T18:00:56,2025-12-13T13:07:10
L001359,meganrivera@example.com,Gray LLC,Partner,Disqualified,GEO0321,2024-01-17T10:35:13,2024-03-20T12:48:55
L001360,kimberly09@example.org,Craig-Norman,Inbound SDR,Qualified,GEO0234,2024-12-03T07:14:44,2026-02-10T11:12:58
L001361,allisonperez@example.net,Bradley PLC,Event,Disqualified,GEO0569,2025-01-25T22:12:02,2025-12-21T04:42:16
L001362,mooredebbie@example.com,Wright LLC,Outbound,Disqualified,GEO0369,2024-03-19T10:31:08,2024-10-29T13:18:53
L001363,scott12@example.com,Perkins-Webb,Web,Working,GEO0744,2024-01-04T23:24:31,2024-11-27T01:39:47
L001364,lburton@example.com,"Howard, Stewart and Vincent",Partner,New,GEO0165,2025-09-05T22:28:21,2025-11-25T10:41:19
L001365,doughertyhaley@example.net,Young-Smith,Web,Disqualified,GEO0272,2025-12-10T09:31:24,2026-03-01T13:14:37
L001366,john42@example.com,Baker-Ward,Inbound SDR,Nurture,GEO0338,2024-02-14T13:22:08,2025-09-30T10:57:11
L001367,benjaminsalazar@example.net,Mullen and Sons,Event,Working,GEO0177,2025-02-06T19:03:17,2025-05-19T08:08:01
L001368,curtissnow@example.net,Phillips-Sanchez,Outbound,Nurture,GEO0382,2025-04-20T15:56:25,2025-11-05T02:15:00
L001369,lherrera@example.net,Bowman-Flores,Outbound,New,GEO0369,2024-08-18T20:00:06,2025-07-09T12:28:31
L001370,kristen83@example.net,"Brewer, Cook and Lopez",Partner,New,GEO0630,2024-07-17T17:17:09,2024-12-10T08:31:34
L001371,cassandra79@example.com,Wyatt-Snyder,Web,Working,GEO0313,2025-09-05T12:36:43,2025-10-12T19:01:45
L001372,gouldkayla@example.com,Williams-Osborn,Event,Nurture,GEO0468,2024-12-17T21:12:33,2025-01-22T05:35:46
L001373,bergerkeith@example.org,Stewart LLC,Referral,Disqualified,GEO0483,2024-12-31T18:17:13,2025-10-03T01:56:00
L001374,blackburnpatricia@example.org,Vasquez PLC,Web,Nurture,GEO0394,2024-07-07T22:10:25,2024-08-09T06:21:57
L001375,thansen@example.org,"Bell, Le and Diaz",Event,Working,GEO0046,2024-11-11T20:40:58,2026-01-04T22:35:22
L001376,angelaellison@example.net,Esparza Group,Event,Disqualified,GEO0470,2025-12-02T16:50:02,2025-12-11T06:08:24
L001377,amanda29@example.net,Stevens-Richardson,Outbound,Nurture,GEO0648,2024-10-06T06:51:37,2025-06-25T15:01:39
L001378,donald83@example.net,Parker Ltd,Partner,Nurture,GEO0173,2025-04-26T22:58:26,2025-10-27T06:57:06
L001379,sherilittle@example.net,Norris Inc,Inbound SDR,Disqualified,GEO0430,2024-06-27T11:23:58,2024-12-19T14:38:59
L001380,xmoore@example.net,Gallagher-Brooks,Outbound,Working,GEO0273,2025-09-08T12:11:22,2025-11-24T16:41:42
L001381,brittanycollins@example.com,"Hughes, Hammond and Meza",Web,New,GEO0012,2025-10-22T20:44:03,2025-12-19T23:05:29
L001382,curtis11@example.org,Wright LLC,Inbound SDR,Nurture,GEO0750,2025-12-02T16:58:31,2025-12-05T09:05:50
L001383,rodriguezthomas@example.com,Bartlett-Hoover,Inbound SDR,Qualified,GEO0284,2025-06-23T14:34:54,2025-09-28T07:50:01
L001384,ljordan@example.net,"Jackson, Thompson and Rivera",Web,Disqualified,GEO0620,2025-04-11T16:01:24,2025-10-03T18:29:14
L001385,david89@example.net,Carney LLC,Web,Disqualified,GEO0791,2024-08-11T09:42:51,2025-04-12T10:57:42
L001386,rrivera@example.org,Ramirez-Martinez,Outbound,Disqualified,GEO0766,2026-01-13T06:44:45,2026-01-26T11:59:46
L001387,ipena@example.org,Fields-Paul,Event,New,GEO0193,2024-03-24T11:51:09,2024-12-09T02:22:46
L001388,burkedonald@example.com,Garcia-Hawkins,Partner,Qualified,GEO0783,2025-05-08T05:40:21,2026-02-09T20:45:20
L001389,jessica52@example.org,Green Ltd,Partner,New,GEO0138,2024-08-09T04:10:27,2025-09-01T11:41:33
L001390,dominguezevan@example.com,"Graham, Castillo and Johnson",Inbound SDR,Working,GEO0744,2024-05-13T16:07:56,2025-02-11T09:49:38
L001391,fnelson@example.org,Willis-Diaz,Partner,Working,GEO0561,2024-07-14T19:49:22,2025-06-26T14:38:07
L001392,carlsonbryan@example.org,Carpenter PLC,Event,New,GEO0435,2025-06-12T06:47:13,2026-02-08T23:50:48
L001393,rmorrow@example.org,Jensen-Wilson,Inbound SDR,Nurture,GEO0432,2025-07-28T03:54:52,2025-09-08T04:11:46
L001394,schroederchristopher@example.net,Clark LLC,Inbound SDR,Nurture,GEO0111,2025-08-08T19:13:50,2025-11-01T20:27:17
L001395,omyers@example.net,Bradley Inc,Web,New,GEO0074,2025-02-26T11:27:54,2025-04-25T09:05:50
L001396,melindasimpson@example.net,Davis-Brown,Event,New,GEO0535,2026-02-12T17:32:24,2026-02-28T18:25:21
L001397,zlamb@example.org,Page Group,Inbound SDR,New,GEO0290,2025-03-24T08:26:57,2025-12-06T08:46:42
L001398,danielphelps@example.org,Thornton Ltd,Partner,Working,GEO0580,2025-05-18T18:25:14,2025-05-18T17:07:08
L001399,hchan@example.com,Hunt Group,Partner,New,GEO0131,2026-02-02T13:28:40,2026-02-09T20:38:30
L001400,jamesjennifer@example.org,Patel-Walsh,Inbound SDR,Working,GEO0451,2024-05-05T12:13:30,2025-07-28T05:30:12
L001401,diazshelley@example.org,Johnson Inc,Event,New,GEO0372,2024-01-12T00:33:23,2024-02-10T20:31:02
L001402,lyonserin@example.net,Hutchinson-Palmer,Web,Nurture,GEO0212,2025-06-09T14:25:28,2025-11-30T22:05:42
L001403,hurstandrew@example.org,Martin PLC,Web,Qualified,GEO0559,2025-11-14T00:08:31,2026-02-03T14:37:57
L001404,gutierrezbrittany@example.org,Duncan-Bennett,Event,Disqualified,GEO0554,2025-07-27T07:14:40,2025-12-25T13:05:39
L001405,ucook@example.org,"Warner, Crane and Morrow",Web,Disqualified,GEO0598,2024-07-24T01:30:35,2024-12-17T16:15:26
L001406,clarktheresa@example.net,Smith-Pratt,Outbound,Disqualified,GEO0023,2025-04-10T22:44:07,2025-06-20T23:00:51
L001407,carpenterdaniel@example.com,Hamilton-English,Partner,Qualified,GEO0578,2025-11-11T11:36:31,2025-11-13T19:56:12
L001408,wilkinsonmichael@example.org,Murphy-Rogers,Event,New,GEO0204,2024-06-11T03:35:50,2024-09-05T21:34:18
L001409,zacharylara@example.org,"Williams, Johnson and Hernandez",Outbound,Disqualified,GEO0433,2024-08-22T22:39:03,2024-11-26T15:45:18
L001410,randy85@example.org,Wilkerson PLC,Partner,Working,GEO0750,2024-01-23T14:11:47,2024-07-31T07:17:11
L001411,fpacheco@example.com,Lang-Warren,Event,New,GEO0650,2025-11-11T09:13:34,2025-11-15T00:52:29
L001412,campbelladam@example.org,Wang Ltd,Referral,Disqualified,GEO0618,2024-05-12T06:26:22,2025-08-10T19:33:37
L001413,michael99@example.org,Nelson-Lloyd,Outbound,Nurture,GEO0282,2024-04-16T17:21:27,2025-01-03T19:11:09
L001414,gjackson@example.com,"Alvarez, Stewart and Gomez",Event,New,GEO0255,2025-03-13T05:06:30,2025-05-30T11:46:17
L001415,acameron@example.com,"Kennedy, Mosley and Wilson",Web,New,GEO0652,2026-01-24T08:35:53,2026-02-20T03:09:28
L001416,mlewis@example.org,Munoz LLC,Inbound SDR,Working,GEO0211,2024-04-06T22:50:38,2024-05-01T10:12:26
L001417,sellersdavid@example.net,Mcneil-Wood,Web,Qualified,GEO0326,2024-05-12T14:31:50,2024-08-04T21:14:20
L001418,powellmary@example.com,"Colon, Colon and Richards",Inbound SDR,Disqualified,GEO0594,2024-07-29T18:38:03,2025-08-31T20:37:22
L001419,christopherferguson@example.net,Fowler-Garrett,Inbound SDR,Nurture,GEO0698,2025-08-10T12:38:24,2025-09-17T18:09:55
L001420,hcarlson@example.net,"Thompson, Oneal and Rodriguez",Event,New,GEO0445,2024-11-04T17:42:56,2024-11-30T23:28:15
L001421,bsanford@example.net,Hunter-Bullock,Outbound,Nurture,GEO0349,2025-03-08T02:05:32,2026-01-31T14:47:48
L001422,monica05@example.com,"Davis, Bates and Lane",Inbound SDR,New,GEO0299,2024-09-21T15:44:16,2024-12-04T03:54:23
L001423,mooremike@example.com,Peterson-Hunt,Partner,Working,GEO0796,2025-01-02T00:07:22,2025-10-24T19:55:55
L001424,forbesmichael@example.net,"Adams, Brown and Anderson",Outbound,Working,GEO0409,2025-03-25T09:57:14,2025-09-08T23:01:41
L001425,adkinsjonathan@example.net,Sanford Inc,Inbound SDR,New,GEO0730,2025-04-25T03:40:51,2025-07-14T18:23:00
L001426,ylynch@example.net,Matthews Ltd,Web,Nurture,GEO0153,2025-10-17T16:26:59,2026-01-24T02:00:56
L001427,umichael@example.net,Jacobson-Mccarty,Inbound SDR,New,GEO0507,2025-09-14T22:27:23,2025-09-23T09:40:40
L001428,andres93@example.org,Harris-Phelps,Partner,Working,GEO0396,2025-09-27T21:44:33,2025-10-10T11:00:19
L001429,patrickpeters@example.net,Romero PLC,Web,Working,GEO0550,2024-11-10T16:20:07,2025-01-13T01:15:41
L001430,xpeck@example.org,"Hawkins, Powell and Becker",Outbound,Working,GEO0042,2025-01-30T10:48:58,2025-05-22T06:24:21
L001431,richard54@example.net,"Coleman, Taylor and Anderson",Referral,Nurture,GEO0694,2025-03-09T13:36:16,2026-02-01T05:00:28
L001432,xrobinson@example.com,"Rogers, Williams and Smith",Referral,Nurture,GEO0145,2025-01-13T10:22:10,2025-05-18T09:46:44
L001433,andrea91@example.com,"Allison, Arnold and Graves",Inbound SDR,Working,GEO0701,2025-08-03T23:08:49,2025-10-13T02:20:43
L001434,casemichael@example.net,Miller Ltd,Partner,Disqualified,GEO0754,2025-02-04T01:48:55,2026-01-07T23:29:09
L001435,christineoliver@example.org,"Marshall, Mahoney and Perez",Outbound,Nurture,GEO0536,2025-07-19T00:01:31,2025-09-13T17:34:39
L001436,phicks@example.net,Snyder-Schwartz,Inbound SDR,New,GEO0551,2024-11-27T20:07:56,2025-09-03T00:58:42
L001437,lori51@example.net,"Peterson, Silva and Young",Web,New,GEO0192,2024-12-05T11:07:44,2026-01-28T23:05:36
L001438,xcallahan@example.com,"Phillips, Wood and Snyder",Inbound SDR,New,GEO0118,2024-07-27T09:20:00,2025-06-10T03:05:40
L001439,edwardstina@example.net,Robinson-Cox,Inbound SDR,Disqualified,GEO0781,2025-01-09T04:08:33,2025-03-25T10:32:22
L001440,michelle85@example.com,Carter PLC,Web,Qualified,GEO0735,2025-04-22T05:36:35,2025-05-11T14:45:52
L001441,alexanderbarrera@example.org,Carter PLC,Inbound SDR,Disqualified,GEO0698,2024-04-29T11:26:01,2025-04-16T04:32:53
L001442,brianramirez@example.org,Mason and Sons,Referral,Qualified,GEO0261,2025-01-04T10:20:41,2025-09-26T02:44:48
L001443,williamwhite@example.net,Fleming-Morris,Outbound,Qualified,GEO0415,2024-09-05T13:59:05,2024-10-08T01:39:41
L001444,david73@example.com,Murray LLC,Referral,Qualified,GEO0418,2025-12-04T08:58:23,2026-02-19T11:57:20
L001445,adriana58@example.com,"Thompson, Harding and Murphy",Referral,New,GEO0441,2024-05-28T04:06:54,2025-04-29T11:25:43
L001446,james11@example.com,West-Watkins,Inbound SDR,New,GEO0081,2024-07-15T08:42:16,2024-08-12T08:20:43
L001447,brownjacob@example.com,Rivas Group,Event,Disqualified,GEO0072,2025-03-22T15:56:56,2025-11-10T10:53:27
L001448,jasmine39@example.net,"Rojas, Salas and Figueroa",Partner,Qualified,GEO0664,2024-06-14T03:18:11,2024-11-26T20:37:09
L001449,mcdonaldbrandon@example.org,"Walker, Diaz and Bradley",Web,New,GEO0110,2025-04-12T12:51:37,2025-12-14T12:51:28
L001450,zsmith@example.org,"Jones, Morrison and Rubio",Inbound SDR,Nurture,GEO0178,2024-11-19T16:15:52,2025-01-07T02:03:34
L001451,vwagner@example.net,"Robinson, Wilson and Madden",Referral,Working,GEO0677,2024-04-17T08:58:34,2025-12-24T07:52:11
L001452,aharmon@example.com,Cruz Group,Event,Qualified,GEO0741,2024-08-07T20:21:05,2024-12-04T17:27:20
L001453,alvaradojohn@example.net,"Maynard, Burns and Patterson",Inbound SDR,Disqualified,GEO0574,2025-09-19T02:29:47,2026-01-07T00:35:46
L001454,lindachung@example.net,Hartman-Jackson,Outbound,New,GEO0670,2025-11-11T19:18:53,2026-02-25T12:26:45
L001455,gordontara@example.org,"Russell, Romero and Owens",Web,Working,GEO0661,2024-04-22T06:01:46,2024-12-20T11:24:09
L001456,lisa51@example.net,"Cole, Huber and Lewis",Web,Working,GEO0109,2025-10-06T06:57:21,2025-10-09T12:16:30
L001457,shelley47@example.com,"Taylor, Blackwell and Morales",Inbound SDR,New,GEO0138,2024-05-16T20:37:23,2025-11-12T15:25:00
L001458,melissa35@example.com,"Castro, Sanford and Schneider",Inbound SDR,New,GEO0694,2025-11-24T20:58:10,2026-02-27T23:05:15
L001459,jamesflores@example.com,Lynch-Castillo,Web,Working,GEO0351,2025-12-05T23:21:29,2026-02-28T02:51:59
L001460,kathleen87@example.com,"Wallace, Williams and White",Partner,New,GEO0241,2025-01-03T11:39:14,2025-04-15T15:57:08
L001461,martinjuan@example.com,"Mills, Brown and Moran",Referral,New,GEO0658,2025-01-11T07:34:27,2026-02-02T06:36:39
L001462,tayala@example.org,Johnson-Moyer,Event,Nurture,GEO0249,2025-04-06T13:34:09,2025-07-13T16:21:30
L001463,garrisontimothy@example.net,Wagner-Lawrence,Referral,New,GEO0393,2024-07-21T11:28:13,2025-03-06T08:02:57
L001464,rebeccawarren@example.net,"Blankenship, Price and Barron",Referral,Working,GEO0435,2024-11-17T18:51:37,2026-02-27T20:00:49
L001465,hwise@example.com,"Miller, Reynolds and Foster",Outbound,Working,GEO0559,2025-11-09T10:38:09,2026-01-03T12:21:01
L001466,davisdiana@example.net,"Hansen, Garcia and Rasmussen",Outbound,Working,GEO0643,2025-08-02T06:51:02,2025-08-16T03:26:12
L001467,fergusonkaren@example.net,Ward and Sons,Web,Disqualified,GEO0170,2025-07-19T15:31:08,2026-01-06T04:00:51
L001468,uramirez@example.org,Mendez-Holmes,Inbound SDR,New,GEO0582,2024-03-30T23:59:55,2024-10-09T05:32:57
L001469,chadgarcia@example.com,Riley-Hernandez,Web,New,GEO0273,2024-08-13T02:00:55,2025-02-21T19:54:29
L001470,campbellpeter@example.org,"Jimenez, Cooper and Welch",Referral,Qualified,GEO0158,2024-10-26T22:50:48,2025-08-28T11:27:44
L001471,kempstephanie@example.com,Conley-Fisher,Outbound,Nurture,GEO0287,2026-02-11T20:36:40,2026-02-20T15:44:56
L001472,williamsdavid@example.org,Bush and Sons,Inbound SDR,Working,GEO0342,2024-03-16T01:51:29,2024-08-09T00:26:06
L001473,kristen85@example.com,Reeves and Sons,Partner,Working,GEO0648,2024-01-07T07:17:36,2025-03-21T20:00:50
L001474,desiree71@example.org,Rogers PLC,Outbound,New,GEO0190,2025-02-17T23:17:44,2025-11-27T06:07:11
L001475,nathan48@example.com,"Williams, Hodges and Gardner",Outbound,New,GEO0057,2024-07-25T16:04:11,2025-06-16T23:32:57
L001476,andrew42@example.net,Cruz PLC,Web,Disqualified,GEO0532,2025-04-30T20:40:57,2025-06-12T21:03:50
L001477,charleskennedy@example.com,Underwood-Alexander,Referral,Nurture,GEO0612,2024-05-13T15:02:56,2025-07-23T20:06:08
L001478,calhounmark@example.org,Kirby Inc,Web,Qualified,GEO0266,2024-05-23T21:26:44,2024-08-28T09:46:11
L001479,dwilson@example.com,"Lucas, Hood and Torres",Partner,Nurture,GEO0661,2024-09-13T13:17:05,2025-07-13T10:47:54
L001480,nancy17@example.org,Brown Group,Referral,Working,GEO0588,2025-06-07T02:12:56,2025-11-08T05:35:29
L001481,pwalker@example.net,Rodriguez PLC,Referral,Working,GEO0092,2024-07-22T00:28:28,2025-02-15T14:54:23
L001482,james01@example.org,Sanchez PLC,Outbound,Nurture,GEO0467,2024-08-06T08:29:17,2025-08-29T09:00:09
L001483,lhobbs@example.org,Nelson-Silva,Event,New,GEO0490,2024-07-16T11:41:19,2024-10-06T04:07:10
L001484,markturner@example.org,Perez-Mills,Partner,Working,GEO0722,2024-11-11T06:21:48,2025-10-03T19:40:16
L001485,andrew04@example.net,"Meyer, Hayes and Adams",Web,New,GEO0468,2025-02-07T21:26:00,2025-12-24T03:57:17
L001486,rodriguezharry@example.com,Hall-Waller,Referral,Working,GEO0293,2024-02-20T12:31:27,2025-10-18T22:07:08
L001487,jthompson@example.net,Chang Inc,Inbound SDR,Nurture,GEO0040,2024-08-15T14:36:06,2024-09-13T00:40:12
L001488,derrick14@example.com,Rivers PLC,Outbound,New,GEO0082,2024-07-19T14:45:49,2025-08-03T22:48:47
L001489,scotttammy@example.org,Adams Inc,Outbound,New,GEO0267,2025-09-16T05:02:31,2025-09-18T18:47:33
L001490,hlopez@example.net,"Butler, Oconnor and Garza",Inbound SDR,Qualified,GEO0314,2025-02-03T18:21:05,2025-07-04T06:45:04
L001491,scott95@example.org,"Long, Solis and Gray",Inbound SDR,Nurture,GEO0759,2025-02-15T16:23:20,2026-02-27T15:52:43
L001492,andrew35@example.com,"Baker, Cochran and Mullen",Event,Nurture,GEO0419,2025-03-29T08:35:07,2026-02-15T23:24:02
L001493,smithvictoria@example.org,Grant-Arias,Web,Qualified,GEO0355,2025-11-17T15:10:47,2025-11-27T11:26:26
L001494,imassey@example.com,"Snyder, Martin and Smith",Outbound,Disqualified,GEO0349,2024-07-16T05:29:38,2025-07-20T08:41:39
L001495,miguelchavez@example.net,Merritt-Mullen,Event,New,GEO0312,2024-07-23T01:42:27,2025-05-11T17:50:28
L001496,courtneymiller@example.net,Williams-Soto,Referral,New,GEO0705,2024-03-19T15:47:00,2024-12-19T19:13:42
L001497,michael30@example.com,Garcia and Sons,Outbound,Disqualified,GEO0582,2026-02-05T21:58:17,2026-02-08T03:30:30
L001498,jessica29@example.com,Cole-Robinson,Event,Nurture,GEO0294,2025-10-28T19:17:02,2025-11-12T07:24:05
L001499,rhall@example.org,Jones-Cole,Outbound,New,GEO0028,2025-02-24T10:36:39,2025-04-24T03:51:01
L001500,juliajoseph@example.com,Scott Group,Web,New,GEO0149,2024-02-27T04:47:57,2025-08-31T06:41:28
L001501,scott46@example.com,"Howe, Thomas and Alexander",Event,Working,GEO0234,2024-02-09T23:26:11,2024-03-12T04:59:44
L001502,brycemiles@example.org,Perez Ltd,Event,Working,GEO0625,2025-07-02T12:08:40,2025-07-15T09:14:45
L001503,randysanchez@example.org,Kline Group,Inbound SDR,Disqualified,GEO0315,2025-06-01T11:03:03,2025-11-19T08:04:14
L001504,brent75@example.org,Sanchez LLC,Event,Qualified,GEO0204,2024-03-10T16:45:29,2024-07-09T04:02:22
L001505,colleen20@example.net,Ford-Murphy,Referral,New,GEO0118,2024-02-24T04:42:13,2024-07-11T15:05:46
L001506,lawsonjames@example.com,Lewis-Jordan,Web,Working,GEO0191,2024-08-20T19:03:48,2025-07-03T12:24:44
L001507,fischerjeffrey@example.com,Villanueva-Sparks,Partner,Working,GEO0599,2024-05-01T12:53:15,2024-07-16T02:59:23
L001508,samuel85@example.org,Curtis-Buckley,Outbound,Disqualified,GEO0044,2025-02-07T03:45:59,2025-10-06T22:04:26
L001509,rdeleon@example.net,"Morgan, Garcia and Garcia",Outbound,Qualified,GEO0742,2024-05-12T17:08:58,2024-07-31T08:22:41
L001510,natalienixon@example.org,"Livingston, James and Shields",Inbound SDR,Qualified,GEO0554,2025-01-29T09:45:28,2025-07-15T01:10:58
L001511,leehayley@example.net,"Stephens, Hill and Snyder",Inbound SDR,New,GEO0745,2025-02-19T11:33:26,2025-04-15T17:40:24
L001512,uhopkins@example.org,Soto Group,Event,Working,GEO0629,2024-03-14T14:04:31,2025-04-29T20:05:42
L001513,elizabeth99@example.net,"Smith, Ho and Jones",Partner,Qualified,GEO0392,2024-07-18T17:52:34,2025-09-15T14:53:18
L001514,herreraashley@example.org,Jackson-Rogers,Event,Disqualified,GEO0042,2024-09-14T19:30:13,2025-12-10T17:27:42
L001515,jenniferwilliams@example.org,Smith PLC,Event,Qualified,GEO0426,2024-06-21T22:37:07,2024-10-24T15:38:39
L001516,cohenwilliam@example.com,Matthews-Tran,Partner,Working,GEO0183,2025-02-03T02:04:31,2025-12-05T05:41:58
L001517,castrovincent@example.com,Sanchez-Harrison,Partner,Disqualified,GEO0431,2024-08-11T16:14:17,2024-08-29T21:11:42
L001518,seanrodgers@example.net,Brown PLC,Partner,Nurture,GEO0226,2025-10-03T12:10:26,2025-11-26T17:01:33
L001519,karenbarnes@example.org,"Brooks, Fuller and Patterson",Referral,Disqualified,GEO0408,2025-01-24T14:15:57,2025-03-30T03:00:43
L001520,erichayes@example.com,"Moore, Pham and Kennedy",Outbound,Disqualified,GEO0714,2026-02-09T07:30:28,2026-02-18T05:41:18
L001521,heatheralexander@example.org,Wolf Ltd,Event,Working,GEO0483,2024-11-12T13:19:32,2024-11-13T15:32:36
L001522,francochristopher@example.net,"Rowe, Jackson and Mann",Outbound,New,GEO0118,2024-09-17T04:28:36,2025-04-29T01:53:21
L001523,hernandezjamie@example.net,"Lewis, Williams and Wright",Outbound,Disqualified,GEO0629,2025-04-21T09:14:35,2026-01-28T14:49:12
L001524,jasonmitchell@example.org,Ortiz LLC,Inbound SDR,Nurture,GEO0151,2024-07-31T12:10:10,2025-05-18T22:25:17
L001525,johnnyli@example.net,Nicholson LLC,Partner,Working,GEO0363,2024-10-04T14:49:49,2025-03-21T05:52:14
L001526,michaelgarcia@example.net,Stanton-Allen,Web,Working,GEO0334,2024-04-12T08:58:59,2024-04-13T00:40:21
L001527,katiemcclure@example.org,Alvarez-Williams,Inbound SDR,Working,GEO0509,2024-03-07T19:16:33,2025-05-06T19:12:21
L001528,umartin@example.net,Fleming PLC,Partner,Nurture,GEO0073,2024-01-21T11:12:27,2025-11-15T09:03:15
L001529,laura05@example.org,Oconnell-Collins,Referral,Nurture,GEO0454,2026-02-13T14:02:13,2026-02-18T00:12:26
L001530,tyler71@example.org,Thomas LLC,Referral,New,GEO0400,2025-10-07T12:53:08,2026-01-17T07:36:34
L001531,igrant@example.com,"Olson, Crawford and Wilson",Event,Disqualified,GEO0571,2024-08-28T22:11:18,2024-11-20T04:03:00
L001532,hamiltonchristine@example.org,Hogan-Weaver,Event,Disqualified,GEO0268,2025-07-29T08:05:14,2025-11-01T04:26:08
L001533,vwiggins@example.org,"Foster, Valdez and Lozano",Partner,Disqualified,GEO0595,2024-06-14T22:32:05,2024-07-01T17:22:02
L001534,clewis@example.org,"Daniels, Anderson and Sherman",Inbound SDR,New,GEO0249,2024-02-05T19:06:46,2025-10-11T15:25:21
L001535,mary31@example.net,Leonard PLC,Event,Disqualified,GEO0782,2025-04-24T03:03:50,2025-10-27T01:12:06
L001536,daltonjames@example.org,Hansen Inc,Inbound SDR,Qualified,GEO0605,2025-08-24T02:49:05,2025-09-22T23:29:41
L001537,fcarroll@example.com,Zhang-Walter,Outbound,Disqualified,GEO0624,2024-01-07T17:47:09,2024-06-11T07:32:21
L001538,erikmata@example.org,Nelson-Bennett,Outbound,Nurture,GEO0619,2024-12-07T13:41:32,2025-04-19T14:24:30
L001539,christinebrennan@example.org,"Gillespie, Dominguez and Gray",Inbound SDR,New,GEO0765,2024-11-16T20:56:24,2025-02-25T08:16:29
L001540,burkepaul@example.net,Gonzalez-Gonzalez,Event,Disqualified,GEO0585,2024-01-09T09:19:11,2025-05-29T08:03:30
L001541,lindazhang@example.com,"Oliver, Green and Nelson",Event,Qualified,GEO0658,2025-02-19T09:18:07,2025-03-16T12:07:36
L001542,lellis@example.com,"Stanley, French and Chavez",Partner,New,GEO0501,2024-06-19T20:19:48,2024-08-28T22:08:09
L001543,vcrawford@example.com,"Beck, Gallagher and Cox",Inbound SDR,New,GEO0424,2024-05-31T07:46:34,2025-10-18T21:27:28
L001544,jtorres@example.org,"Smith, Moody and Gordon",Inbound SDR,Disqualified,GEO0355,2024-07-31T09:08:37,2024-10-06T16:19:55
L001545,piercemark@example.org,"Gray, Carter and Ochoa",Referral,New,GEO0606,2025-01-24T04:15:37,2025-03-20T16:08:19
L001546,donnamassey@example.net,Maldonado-Patterson,Inbound SDR,Nurture,GEO0072,2026-01-30T23:56:06,2026-02-22T09:47:02
L001547,erika08@example.com,"Yoder, Morgan and Frey",Event,Qualified,GEO0207,2026-01-28T07:18:02,2026-02-07T19:54:11
L001548,evanskaren@example.com,Taylor-Bowman,Outbound,Qualified,GEO0387,2025-02-06T21:13:06,2025-09-10T14:34:52
L001549,annagray@example.org,"Hays, Oliver and Barnes",Web,Nurture,GEO0222,2025-10-14T09:12:31,2025-12-20T09:15:04
L001550,donald71@example.com,"Murray, Arnold and Lindsey",Outbound,Disqualified,GEO0244,2026-02-02T22:23:16,2026-02-06T07:37:29
L001551,carlsonpeter@example.net,"Campos, Martinez and Dunn",Web,Disqualified,GEO0522,2024-06-08T03:45:47,2026-01-01T15:01:52
L001552,josephburns@example.net,Eaton-Simmons,Partner,Working,GEO0172,2024-12-13T08:22:14,2025-11-15T02:07:22
L001553,emily02@example.org,Mcintosh-Brown,Outbound,Disqualified,GEO0624,2026-02-24T01:29:38,2026-02-24T21:43:16
L001554,zprince@example.org,King Ltd,Inbound SDR,New,GEO0618,2025-07-19T21:50:12,2025-12-20T16:53:10
L001555,nashkara@example.org,Lewis-Hernandez,Web,Disqualified,GEO0059,2025-08-17T20:00:46,2025-12-26T12:02:19
L001556,brittanyprice@example.net,Simon-Burke,Event,New,GEO0090,2024-10-02T18:14:33,2025-09-03T01:54:37
L001557,deanna62@example.com,Fleming-Wood,Partner,New,GEO0033,2025-07-04T02:17:37,2025-10-08T22:36:26
L001558,matthewssandra@example.org,Cobb Inc,Referral,Nurture,GEO0587,2024-10-04T07:46:29,2025-01-09T23:20:37
L001559,ewilliams@example.net,Nunez Inc,Referral,Nurture,GEO0733,2025-04-26T07:12:19,2025-08-10T08:04:07
L001560,pfisher@example.net,"Clayton, Chapman and Hamilton",Referral,Disqualified,GEO0204,2026-02-28T20:47:57,2026-03-01T20:06:59
L001561,imcdonald@example.com,Holt-Ward,Outbound,Disqualified,GEO0447,2024-10-13T23:44:16,2024-10-27T04:10:37
L001562,emccormick@example.org,"Griffin, Guerra and Gomez",Referral,Disqualified,GEO0274,2024-09-25T01:44:48,2025-02-25T20:09:00
L001563,irodriguez@example.net,Baird PLC,Partner,Nurture,GEO0543,2026-01-24T14:10:33,2026-02-21T09:42:14
L001564,jgomez@example.net,"Walter, Johnson and Wood",Event,Disqualified,GEO0295,2025-10-30T06:44:22,2026-01-09T12:54:08
L001565,hturner@example.org,"Hart, Beck and Williams",Inbound SDR,Working,GEO0345,2024-04-30T03:58:34,2026-02-14T08:05:57
L001566,ramirezamber@example.net,Ruiz and Sons,Web,Disqualified,GEO0071,2026-01-05T23:30:07,2026-02-14T14:35:03
L001567,johnsonphillip@example.com,"Dyer, Payne and Ray",Partner,Disqualified,GEO0565,2025-07-31T12:53:23,2025-12-25T16:22:19
L001568,ramirezkatherine@example.com,Shah-Hanson,Referral,Qualified,GEO0136,2024-03-13T05:12:18,2026-01-04T05:21:07
L001569,teresa21@example.com,"Flowers, Fisher and Berger",Outbound,Disqualified,GEO0674,2024-07-21T03:28:20,2025-06-10T13:20:04
L001570,ashleybrady@example.org,Mccoy Group,Inbound SDR,Working,GEO0281,2025-04-16T21:39:16,2025-07-11T12:09:47
L001571,jillmontgomery@example.org,Pace-Andersen,Web,Qualified,GEO0670,2024-02-02T18:57:55,2024-11-28T23:14:16
L001572,julianmorris@example.com,Rivera-Parker,Referral,Nurture,GEO0260,2025-06-14T00:49:22,2025-10-27T14:46:44
L001573,fowlerjennifer@example.net,Scott-Garza,Partner,New,GEO0582,2025-10-16T10:18:52,2025-11-03T21:08:18
L001574,yreed@example.net,Vasquez Inc,Outbound,Nurture,GEO0704,2026-01-01T16:35:58,2026-01-19T06:03:01
L001575,micheal16@example.com,Brown-Orr,Inbound SDR,Nurture,GEO0385,2025-12-04T00:29:40,2025-12-28T10:12:20
L001576,meagan84@example.com,Barber-Roy,Event,Working,GEO0281,2024-07-14T09:16:39,2024-12-15T18:43:46
L001577,schultztina@example.com,Russell and Sons,Partner,Qualified,GEO0319,2024-12-14T14:35:24,2025-11-05T03:08:35
L001578,whitejuan@example.org,"Bruce, Flynn and Kirk",Web,Qualified,GEO0460,2026-02-17T01:13:16,2026-02-19T23:10:55
L001579,lewismiranda@example.org,Moran and Sons,Event,Working,GEO0094,2025-10-31T12:08:52,2025-12-05T12:45:46
L001580,timothy22@example.com,Edwards LLC,Event,Qualified,GEO0527,2025-05-21T02:25:25,2025-12-15T07:00:15
L001581,davidblackwell@example.org,"Taylor, Lewis and Wiggins",Inbound SDR,Qualified,GEO0479,2024-03-19T04:07:52,2024-06-30T13:10:44
L001582,daviscarol@example.net,Davis-Evans,Referral,Nurture,GEO0215,2024-11-06T02:26:47,2025-10-17T18:24:04
L001583,fitzgeraldamy@example.com,"Santos, Taylor and Cabrera",Outbound,Qualified,GEO0240,2025-11-24T01:00:58,2025-11-24T20:19:03
L001584,dhamilton@example.net,Rodriguez Group,Inbound SDR,Disqualified,GEO0478,2025-12-18T06:49:59,2026-02-28T06:27:43
L001585,dariuslewis@example.com,Santiago LLC,Outbound,Qualified,GEO0420,2025-02-08T12:48:08,2025-08-27T01:32:58
L001586,williamwatkins@example.net,Higgins LLC,Inbound SDR,Nurture,GEO0131,2025-09-20T10:35:32,2025-11-09T20:30:55
L001587,iharris@example.com,Davis Inc,Referral,New,GEO0262,2024-05-01T10:40:21,2025-11-25T08:22:13
L001588,martinezmelissa@example.net,"Willis, Jackson and Stevens",Inbound SDR,Qualified,GEO0463,2025-05-26T18:30:15,2025-10-19T03:29:19
L001589,belltracy@example.net,Cuevas Group,Outbound,Nurture,GEO0770,2024-01-11T02:59:22,2025-09-11T04:36:07
L001590,james35@example.com,Hayes-Combs,Referral,New,GEO0551,2024-05-22T22:22:51,2025-10-19T17:31:56
L001591,peter12@example.net,"Clayton, Nichols and Morton",Referral,Nurture,GEO0398,2024-01-29T04:53:55,2024-03-05T17:01:45
L001592,jack96@example.net,"Atkins, Walters and Perez",Partner,Qualified,GEO0174,2024-09-28T23:36:39,2024-11-30T01:51:37
L001593,victor26@example.net,"Mendoza, Wells and Petersen",Inbound SDR,Disqualified,GEO0100,2025-05-28T13:20:27,2026-01-28T06:12:47
L001594,kimberlyellis@example.org,"Washington, Harris and Arroyo",Partner,Nurture,GEO0153,2024-10-04T16:43:16,2024-11-16T23:44:30
L001595,amandamiller@example.com,"Woods, Howard and West",Event,Qualified,GEO0673,2024-04-20T22:10:18,2025-07-21T23:55:27
L001596,heatherrose@example.net,Gentry-Castro,Partner,Working,GEO0108,2025-09-03T19:21:01,2025-10-11T00:00:52
L001597,fullermegan@example.com,Mccarthy-Schneider,Partner,Working,GEO0360,2024-11-27T10:25:51,2025-04-17T05:25:41
L001598,donbradley@example.com,Higgins PLC,Inbound SDR,Nurture,GEO0306,2024-06-13T10:34:27,2024-10-10T06:17:29
L001599,bhoffman@example.org,Williams and Sons,Event,New,GEO0600,2025-01-24T09:00:00,2025-03-20T05:32:49
L001600,raymond98@example.org,"Chapman, Gonzales and Henderson",Web,New,GEO0115,2025-06-09T09:15:19,2025-08-10T17:43:11
L001601,sschroeder@example.com,"Small, Nichols and Foster",Referral,Nurture,GEO0414,2024-10-16T17:33:00,2025-05-10T14:53:30
L001602,tiffanylucero@example.com,Estes-Pace,Event,Working,GEO0627,2024-06-05T06:14:36,2024-06-17T12:36:20
L001603,miguel08@example.net,Molina PLC,Inbound SDR,Nurture,GEO0348,2026-01-21T05:10:14,2026-01-27T00:51:05
L001604,aaron62@example.net,"Harvey, Morris and Collins",Web,Nurture,GEO0587,2024-06-27T04:35:14,2025-02-07T15:51:01
L001605,timothy28@example.net,"Olson, Ray and Archer",Partner,Qualified,GEO0565,2025-12-21T01:02:13,2025-12-28T05:11:17
L001606,hboyd@example.org,Stanley Inc,Outbound,Working,GEO0325,2025-10-08T18:45:13,2025-11-01T12:25:15
L001607,ann85@example.org,Guzman Ltd,Event,Working,GEO0297,2026-01-13T02:32:01,2026-02-14T02:49:57
L001608,meganwood@example.net,"Arroyo, Hughes and Erickson",Inbound SDR,Qualified,GEO0453,2024-10-08T23:35:54,2025-11-22T23:19:57
L001609,nicholsoncaroline@example.net,"Anderson, Lam and Huang",Event,New,GEO0582,2026-01-23T04:15:22,2026-02-24T17:09:46
L001610,phelpsadam@example.org,Young PLC,Inbound SDR,New,GEO0644,2025-05-28T22:53:53,2025-09-06T02:08:47
L001611,johnsonpatricia@example.com,Thompson Ltd,Partner,Working,GEO0179,2024-09-20T15:50:03,2024-12-10T14:25:38
L001612,smithchristine@example.org,Jones PLC,Event,New,GEO0072,2024-07-29T00:09:29,2026-01-29T08:38:50
L001613,griffincourtney@example.net,"Pham, Jennings and Torres",Partner,New,GEO0508,2026-01-07T04:37:12,2026-01-20T15:10:49
L001614,karen46@example.org,Sullivan PLC,Event,Qualified,GEO0038,2025-08-19T11:43:38,2025-10-16T11:22:01
L001615,fmitchell@example.com,Ellison Group,Referral,Qualified,GEO0123,2025-12-24T18:19:08,2025-12-28T08:40:51
L001616,crystaldixon@example.org,Rogers-Diaz,Referral,Qualified,GEO0091,2025-05-17T07:00:52,2025-07-01T02:10:01
L001617,kimberly06@example.org,"Snyder, Brown and Collins",Event,New,GEO0525,2024-11-20T08:58:45,2025-10-29T20:44:36
L001618,krodriguez@example.net,"Montgomery, Saunders and Tucker",Referral,Nurture,GEO0130,2025-06-16T14:56:31,2025-12-24T14:04:01
L001619,rodrigueztravis@example.com,Miller LLC,Outbound,Working,GEO0160,2024-04-30T06:36:30,2025-10-28T13:16:21
L001620,rhall@example.com,"Williams, Ibarra and Harmon",Outbound,Qualified,GEO0179,2024-05-03T17:33:23,2024-05-22T11:51:43
L001621,woodjason@example.com,Becker LLC,Web,Disqualified,GEO0366,2024-04-28T19:56:28,2024-06-16T02:14:40
L001622,katherinehernandez@example.net,"Craig, Lopez and Jimenez",Web,Nurture,GEO0390,2024-03-22T21:34:57,2024-04-26T13:10:47
L001623,catherine39@example.org,"Williams, Smith and Fitzpatrick",Partner,Working,GEO0341,2025-04-05T15:19:04,2025-06-26T15:49:44
L001624,duffydavid@example.com,Maxwell Ltd,Referral,Working,GEO0265,2025-06-21T05:12:18,2026-02-15T05:14:10
L001625,otaylor@example.com,"Green, Ramsey and Tucker",Web,Working,GEO0789,2024-05-26T18:40:29,2024-07-22T22:05:45
L001626,frank68@example.net,Patel and Sons,Partner,Qualified,GEO0274,2024-07-05T04:48:06,2025-03-02T06:17:08
L001627,gcarey@example.org,Baker-Young,Event,Qualified,GEO0647,2024-07-16T22:14:49,2025-09-14T23:52:09
L001628,brandivargas@example.net,"Kelley, Lyons and Lane",Referral,Working,GEO0263,2026-02-13T18:33:56,2026-02-18T15:03:01
L001629,larsondebra@example.org,Vang-Smith,Referral,Qualified,GEO0499,2025-01-30T19:17:12,2025-11-18T15:40:10
L001630,wilsonsarah@example.net,Huynh Ltd,Referral,Working,GEO0608,2024-09-28T14:36:12,2025-07-27T23:27:10
L001631,xwest@example.com,Curry-Walker,Web,Disqualified,GEO0344,2025-11-05T15:21:51,2026-03-01T04:10:28
L001632,tiffany82@example.org,Leonard-Robinson,Partner,Nurture,GEO0662,2025-05-06T16:54:33,2025-12-23T03:18:14
L001633,campbellmichael@example.com,Davidson-Collins,Event,Qualified,GEO0336,2025-12-05T07:43:37,2025-12-30T08:29:38
L001634,allenramirez@example.com,Hull-Moore,Referral,New,GEO0168,2025-04-25T04:33:34,2025-09-22T23:03:17
L001635,beverly52@example.net,Martin-Bentley,Outbound,Nurture,GEO0584,2026-02-20T11:27:21,2026-03-01T22:19:34
L001636,stephaniemitchell@example.org,"Williams, Bowman and Knight",Outbound,Working,GEO0010,2025-10-12T23:30:37,2025-11-14T01:34:39
L001637,eric58@example.net,Hall-Walsh,Event,Nurture,GEO0652,2026-01-10T12:06:44,2026-01-19T22:07:58
L001638,lopezrebecca@example.com,"Johnson, Snyder and Moore",Event,Qualified,GEO0389,2024-01-23T15:51:36,2024-03-28T20:35:34
L001639,daniel46@example.org,White Group,Outbound,Qualified,GEO0665,2024-06-07T21:07:30,2024-08-09T02:40:14
L001640,manuel93@example.org,Smith-Carr,Event,Working,GEO0465,2025-03-06T07:01:00,2025-07-16T20:54:27
L001641,tbrooks@example.com,Meza Group,Referral,Working,GEO0089,2024-12-30T19:28:33,2025-03-28T17:01:29
L001642,josephlarson@example.com,"Meza, Harrison and Baker",Event,Working,GEO0376,2024-11-18T21:38:17,2025-08-06T05:31:04
L001643,wolfbradley@example.net,Berry-Scott,Partner,Qualified,GEO0794,2026-02-17T04:04:14,2026-02-20T17:22:06
L001644,wilsonkristy@example.com,Ortega-Ball,Referral,Qualified,GEO0248,2025-01-25T03:32:16,2025-11-16T17:14:18
L001645,xsmith@example.net,Jones-Melton,Event,Working,GEO0495,2024-05-04T11:52:57,2025-09-08T01:35:06
L001646,cameron05@example.org,Freeman-Murphy,Event,Qualified,GEO0141,2025-05-21T21:44:13,2025-10-17T06:14:30
L001647,jmiller@example.org,Guerra-Newman,Partner,Qualified,GEO0052,2024-10-17T21:41:46,2025-08-09T23:17:48
L001648,kgray@example.com,"Williams, Richards and Miller",Referral,Nurture,GEO0706,2024-11-22T00:37:23,2025-02-03T20:30:26
L001649,kallen@example.org,Ingram-Moore,Partner,Working,GEO0180,2024-04-14T00:52:03,2025-05-01T13:15:16
L001650,samuelhamilton@example.org,Brown-Fuller,Inbound SDR,Nurture,GEO0678,2025-04-08T22:15:34,2025-06-25T17:46:32
L001651,kimberlyjohns@example.org,"Webster, Miranda and Goodman",Partner,Nurture,GEO0314,2024-05-20T19:30:34,2025-05-29T09:22:50
L001652,prose@example.org,"Robbins, Anderson and Garcia",Web,Nurture,GEO0695,2024-12-20T09:53:59,2025-02-13T10:35:48
L001653,ashley58@example.com,Yoder-Andrews,Web,Disqualified,GEO0225,2025-05-12T08:32:51,2025-06-07T12:02:49
L001654,jjohnson@example.org,Macias Inc,Inbound SDR,Qualified,GEO0053,2025-02-13T19:46:11,2025-07-06T22:16:38
L001655,usparks@example.com,Williams-Johnson,Partner,Working,GEO0419,2025-12-10T04:12:05,2026-02-19T04:00:21
L001656,willie24@example.com,Hammond Ltd,Event,New,GEO0524,2025-09-07T12:34:56,2025-11-21T01:50:32
L001657,hinesstacey@example.com,"Hall, Barr and Eaton",Event,Disqualified,GEO0773,2025-12-08T00:39:16,2026-01-02T08:31:52
L001658,lisajones@example.org,Nash-Hartman,Partner,Qualified,GEO0581,2024-09-30T23:31:36,2026-02-08T16:09:26
L001659,fchang@example.com,"Savage, Todd and Maddox",Referral,Qualified,GEO0695,2025-06-06T09:20:58,2026-02-26T06:04:43
L001660,smithsamantha@example.com,Young-Meza,Partner,New,GEO0442,2024-10-30T03:43:40,2025-06-13T03:17:30
L001661,richardclark@example.com,Green PLC,Web,Qualified,GEO0262,2024-06-28T07:49:57,2025-01-16T18:23:17
L001662,cynthiascott@example.com,Andrews LLC,Inbound SDR,Disqualified,GEO0389,2025-10-04T17:41:15,2025-12-25T06:14:26
L001663,montesnicholas@example.net,Davis-Chan,Partner,Working,GEO0787,2024-05-23T13:31:29,2025-04-20T01:27:12
L001664,larryburke@example.com,Riddle Group,Inbound SDR,Qualified,GEO0119,2026-01-20T22:39:13,2026-01-31T22:58:41
L001665,norrisrobert@example.com,"Adams, Stein and Martinez",Event,Nurture,GEO0223,2024-12-17T18:02:16,2025-02-11T22:51:47
L001666,walkerjanice@example.org,"Ortiz, Allen and Mendoza",Event,Nurture,GEO0421,2025-07-11T16:47:46,2025-10-21T05:12:36
L001667,hammondcourtney@example.org,"Hodges, Thompson and Martin",Partner,Working,GEO0012,2024-03-19T12:31:28,2025-01-27T07:16:43
L001668,david04@example.org,Zimmerman Ltd,Inbound SDR,New,GEO0442,2025-10-02T08:24:56,2026-01-22T02:31:41
L001669,hughesglenn@example.org,Johnson-Adams,Outbound,New,GEO0435,2024-01-11T09:20:10,2026-02-10T15:13:22
L001670,edaniels@example.com,Parker LLC,Web,Disqualified,GEO0580,2024-05-25T02:14:13,2025-03-21T22:47:14
L001671,mpark@example.net,"Campbell, Powers and Thomas",Partner,Qualified,GEO0618,2026-01-12T09:56:24,2026-01-30T11:36:18
L001672,pcastillo@example.net,Montgomery-Tran,Web,Nurture,GEO0196,2024-09-20T00:19:01,2025-01-08T14:28:52
L001673,robinmorgan@example.net,Howell Inc,Outbound,Qualified,GEO0561,2025-12-09T11:08:56,2025-12-13T00:14:19
L001674,pramos@example.com,Sullivan-Patterson,Inbound SDR,Disqualified,GEO0049,2025-08-14T08:43:56,2025-08-30T03:20:08
L001675,candice77@example.org,Flores-Briggs,Referral,Disqualified,GEO0348,2025-09-14T12:18:19,2025-09-26T17:40:16
L001676,natalie53@example.net,Mcintyre-Orr,Inbound SDR,New,GEO0035,2024-04-07T17:24:52,2025-08-03T04:18:01
L001677,twilliams@example.net,"Johnston, Smith and Jones",Web,Working,GEO0487,2025-11-14T10:44:42,2026-02-05T08:27:23
L001678,christopher49@example.com,"Stevens, Mckay and Daniels",Partner,Qualified,GEO0069,2025-07-15T14:50:18,2025-12-26T23:53:28
L001679,leslie18@example.net,"Rowland, Brown and Monroe",Event,Disqualified,GEO0264,2025-03-18T02:36:15,2025-06-01T18:35:55
L001680,christine31@example.net,Sawyer-Wood,Referral,Working,GEO0368,2025-03-21T14:13:04,2025-05-17T20:10:38
L001681,davidsonpatricia@example.net,Pennington PLC,Inbound SDR,Working,GEO0730,2025-07-25T18:48:35,2025-12-04T07:32:00
L001682,alyssagardner@example.org,"Cox, Lee and Williamson",Web,Nurture,GEO0597,2026-02-22T13:38:39,2026-02-25T14:26:47
L001683,wperez@example.com,Moreno-Contreras,Web,Qualified,GEO0034,2025-09-21T16:27:14,2025-11-02T18:22:25
L001684,cantubrenda@example.com,Jackson Inc,Event,Qualified,GEO0798,2026-01-28T17:17:37,2026-02-11T03:52:37
L001685,david11@example.net,Stout and Sons,Referral,Nurture,GEO0721,2025-05-18T12:09:31,2025-07-07T08:58:51
L001686,nicole44@example.com,"Carter, Anthony and Mercado",Referral,Qualified,GEO0621,2024-05-03T04:58:09,2025-11-15T07:01:19
L001687,kirkmelissa@example.net,Choi LLC,Outbound,Qualified,GEO0713,2025-06-10T16:09:56,2026-02-22T10:13:30
L001688,zstafford@example.com,"Strickland, Gomez and Garcia",Referral,Disqualified,GEO0083,2025-10-04T16:40:48,2025-10-31T09:37:58
L001689,cherylespinoza@example.org,Jones and Sons,Referral,Qualified,GEO0283,2025-12-11T07:40:18,2025-12-12T20:47:48
L001690,nrangel@example.org,"Cook, Freeman and Potter",Outbound,New,GEO0753,2024-06-10T08:45:26,2025-08-18T20:28:06
L001691,mwells@example.com,"Vasquez, Sawyer and Garcia",Event,Working,GEO0792,2025-09-18T21:58:09,2026-02-19T17:26:08
L001692,xdecker@example.com,Rodriguez-Barton,Referral,Disqualified,GEO0569,2024-11-05T19:43:11,2025-02-07T18:53:53
L001693,larryhess@example.org,Brown PLC,Referral,Working,GEO0694,2024-09-19T05:44:55,2026-01-04T03:57:04
L001694,bmunoz@example.com,Hunt Inc,Referral,Working,GEO0628,2024-11-22T23:22:46,2025-07-31T16:04:18
L001695,robertharrell@example.org,Cruz-Simmons,Partner,New,GEO0268,2025-07-19T01:11:50,2025-07-28T11:44:57
L001696,mathiskatherine@example.org,Haynes LLC,Event,New,GEO0478,2024-10-15T16:08:31,2025-09-24T19:39:04
L001697,daniel88@example.net,Baker Group,Event,New,GEO0743,2024-10-14T03:46:35,2025-09-30T13:44:37
L001698,chadrodriguez@example.net,Sullivan Inc,Outbound,Nurture,GEO0426,2024-02-29T07:32:01,2024-12-28T00:01:19
L001699,adammcneil@example.com,"Wells, Olson and Price",Referral,Nurture,GEO0656,2025-01-07T11:58:09,2025-08-04T10:17:24
L001700,marymurphy@example.com,Riley Inc,Outbound,Qualified,GEO0713,2024-02-27T19:11:26,2025-07-26T17:32:57
L001701,tinaknapp@example.org,Brewer Group,Event,Working,GEO0046,2024-08-25T22:23:33,2024-09-03T18:27:45
L001702,vhays@example.org,"Stafford, Johnson and Mendoza",Referral,Qualified,GEO0523,2025-09-23T00:36:20,2026-01-03T15:23:20
L001703,briggshannah@example.com,"Leblanc, Phillips and Ramsey",Outbound,Working,GEO0155,2024-02-23T12:42:51,2024-12-29T23:31:32
L001704,campbellscott@example.net,"Hill, Wilson and Mccoy",Referral,New,GEO0396,2025-08-17T07:39:00,2025-08-18T15:19:27
L001705,charles00@example.com,"Cooper, Hoover and Stewart",Outbound,Disqualified,GEO0738,2024-06-15T18:06:07,2024-08-10T10:55:00
L001706,juliaparker@example.com,Hamilton-Hunter,Referral,Disqualified,GEO0708,2025-03-02T11:32:44,2025-11-01T15:24:25
L001707,jennifer69@example.com,"Scott, Rowe and Johnson",Outbound,New,GEO0672,2024-07-17T02:42:38,2026-02-02T22:27:56
L001708,ghunt@example.org,Barber-Parker,Event,New,GEO0298,2024-09-14T07:31:26,2025-12-10T01:44:16
L001709,hrodriguez@example.com,Martin LLC,Web,Nurture,GEO0519,2024-03-25T00:25:05,2024-09-22T20:43:21
L001710,benjamin83@example.com,Bowman-Ford,Outbound,New,GEO0181,2024-05-26T01:20:28,2026-01-26T19:14:17
L001711,pamelacooper@example.org,Barton Ltd,Inbound SDR,New,GEO0684,2025-12-24T05:04:44,2026-01-30T16:58:47
L001712,charlesfleming@example.org,Alvarez-Mathis,Web,Nurture,GEO0105,2025-07-07T08:21:52,2025-11-09T22:36:56
L001713,kochmary@example.com,Best Ltd,Web,Qualified,GEO0053,2024-11-28T11:26:49,2024-12-14T15:15:29
L001714,christinarichardson@example.net,Navarro-Huffman,Web,New,GEO0533,2025-03-25T16:34:57,2025-06-25T20:16:56
L001715,scott50@example.com,Porter-Simpson,Event,New,GEO0580,2024-06-15T03:11:23,2025-02-11T05:08:00
L001716,denise31@example.org,"Casey, Castillo and Martinez",Partner,New,GEO0230,2025-02-14T08:43:47,2025-04-09T14:58:55
L001717,rthompson@example.com,"Brewer, Nelson and Sanford",Inbound SDR,Qualified,GEO0545,2024-08-25T03:58:58,2025-06-14T20:16:44
L001718,cynthianicholson@example.net,Williams-Mccoy,Event,New,GEO0511,2024-07-08T00:10:02,2024-12-28T02:44:03
L001719,ethornton@example.com,Olson-Delgado,Inbound SDR,Working,GEO0381,2026-01-17T23:32:15,2026-02-02T16:26:12
L001720,ericspencer@example.com,Gonzalez Inc,Event,Nurture,GEO0261,2025-12-04T14:52:43,2026-02-24T15:47:20
L001721,ian02@example.net,Sandoval-Sanchez,Inbound SDR,Working,GEO0099,2024-09-23T14:55:55,2025-03-25T19:45:20
L001722,jennifer36@example.org,Burton-Price,Inbound SDR,New,GEO0502,2024-10-23T21:10:59,2025-12-01T10:46:11
L001723,edward42@example.net,Thomas Group,Inbound SDR,New,GEO0645,2024-04-09T03:51:47,2025-05-19T18:52:28
L001724,janet20@example.net,Henderson Inc,Outbound,Working,GEO0789,2026-01-02T12:23:17,2026-01-02T23:47:59
L001725,gbailey@example.net,Griffin Ltd,Web,Disqualified,GEO0589,2025-10-19T01:58:17,2025-12-08T16:25:49
L001726,charlesgarcia@example.org,Dawson and Sons,Outbound,Working,GEO0704,2024-12-04T16:18:05,2025-09-12T23:47:27
L001727,sandra03@example.com,Gonzalez Inc,Event,New,GEO0752,2026-01-09T06:39:02,2026-01-11T19:00:52
L001728,thomasrodriguez@example.net,Klein-Wolfe,Event,Disqualified,GEO0236,2025-01-04T16:49:05,2025-05-09T13:43:48
L001729,brandy75@example.net,Tyler-Cochran,Event,Disqualified,GEO0225,2025-10-21T13:49:20,2026-02-03T10:26:25
L001730,alexajones@example.org,"Walter, Silva and Rodriguez",Referral,Working,GEO0317,2025-02-09T01:44:35,2025-02-13T05:59:21
L001731,williammorales@example.com,Lopez-Davis,Outbound,Working,GEO0605,2024-09-18T06:06:55,2025-10-23T14:26:39
L001732,michellerivera@example.net,Thompson-Hunter,Event,Qualified,GEO0508,2025-05-28T03:47:43,2025-11-02T23:25:16
L001733,andrew85@example.net,Small LLC,Inbound SDR,New,GEO0477,2025-02-09T12:11:58,2025-07-20T22:42:04
L001734,gdelgado@example.org,Sullivan and Sons,Partner,Nurture,GEO0272,2024-02-02T05:48:32,2024-03-27T02:42:29
L001735,cindysmith@example.com,"Cannon, Garcia and Willis",Event,Nurture,GEO0369,2026-02-05T09:27:38,2026-02-17T12:11:27
L001736,rebekahhughes@example.net,Henry and Sons,Partner,Disqualified,GEO0107,2024-10-27T20:30:12,2026-02-19T20:00:06
L001737,whiterobert@example.net,Jones-Baker,Web,Working,GEO0175,2024-07-08T22:39:43,2026-02-08T11:40:55
L001738,bradleymartinez@example.com,Moore PLC,Referral,Qualified,GEO0471,2025-02-08T12:36:30,2025-12-09T10:54:22
L001739,melindapearson@example.net,Rodriguez Group,Web,Qualified,GEO0730,2024-07-30T13:17:36,2025-09-05T20:08:57
L001740,sandovalluke@example.org,Martinez PLC,Outbound,Disqualified,GEO0478,2024-05-02T13:22:46,2025-09-30T16:25:42
L001741,christopher52@example.com,Esparza-Kelly,Web,Disqualified,GEO0477,2024-01-28T23:54:53,2024-07-18T11:56:07
L001742,lisa25@example.org,Wilkins LLC,Referral,New,GEO0164,2025-10-17T07:39:33,2026-02-21T15:11:48
L001743,loganmeyers@example.net,Howard-Morris,Partner,New,GEO0260,2025-05-22T08:04:24,2026-03-01T09:03:56
L001744,lthompson@example.org,"Tate, Stephens and Fisher",Event,New,GEO0630,2025-02-11T15:43:12,2025-09-16T07:22:26
L001745,boydstephen@example.org,"Hoffman, Beard and White",Inbound SDR,Disqualified,GEO0482,2024-03-21T01:27:09,2026-01-06T17:12:49
L001746,wallacefrancisco@example.com,Adams PLC,Web,New,GEO0034,2025-01-30T12:51:20,2025-03-28T03:27:32
L001747,david43@example.org,Russo-Anderson,Web,Working,GEO0132,2024-01-12T08:05:56,2024-09-09T20:55:29
L001748,jenniferblack@example.net,Norris-Booker,Referral,Disqualified,GEO0669,2025-01-11T13:07:41,2026-01-21T04:27:16
L001749,ortegaabigail@example.org,Russell Ltd,Web,Nurture,GEO0374,2024-03-02T14:37:35,2024-08-20T21:53:59
L001750,chelsea94@example.org,"Perry, Kim and Monroe",Referral,Qualified,GEO0403,2024-01-26T07:06:21,2025-12-05T01:26:40
L001751,markjohnson@example.com,James-Hernandez,Referral,Disqualified,GEO0065,2025-05-09T13:17:57,2025-08-03T00:43:28
L001752,xsanford@example.net,Maynard PLC,Web,Working,GEO0481,2024-03-24T03:12:52,2025-12-25T16:29:56
L001753,darrell62@example.org,"Dixon, Doyle and Rodgers",Outbound,Working,GEO0789,2024-05-01T00:33:14,2025-12-18T14:46:07
L001754,morgancrystal@example.net,"Bernard, Peters and Palmer",Referral,Nurture,GEO0543,2026-01-05T23:54:19,2026-02-06T14:06:12
L001755,carmstrong@example.com,"Allen, Carter and Fritz",Inbound SDR,New,GEO0362,2024-11-11T17:49:12,2025-08-28T14:58:22
L001756,kmccann@example.org,Moss-Jordan,Inbound SDR,Qualified,GEO0131,2025-11-02T02:13:45,2025-12-08T19:48:23
L001757,martinezhayley@example.org,"Mendoza, Wolf and Martinez",Referral,Working,GEO0688,2024-12-20T11:51:31,2025-07-30T22:53:46
L001758,judy86@example.com,"Terry, Preston and Zimmerman",Web,New,GEO0124,2024-11-30T23:29:17,2025-04-21T19:06:18
L001759,jbrown@example.com,Knox Ltd,Referral,Working,GEO0719,2024-06-09T20:17:29,2024-09-03T18:44:55
L001760,brad10@example.com,Blair-Myers,Outbound,Nurture,GEO0138,2024-02-26T08:07:49,2025-05-27T19:52:13
L001761,donna05@example.com,Fitzpatrick and Sons,Web,Working,GEO0204,2025-11-07T20:22:18,2026-02-26T09:02:37
L001762,donovanelizabeth@example.org,"Ramos, Hernandez and Ryan",Event,Qualified,GEO0541,2025-07-22T03:32:08,2025-11-03T03:38:38
L001763,julie58@example.net,Bowman Ltd,Web,Disqualified,GEO0452,2025-06-05T10:09:26,2025-07-24T09:35:33
L001764,belllisa@example.org,"Smith, Chambers and Adams",Web,New,GEO0375,2025-04-16T13:37:21,2025-11-01T05:20:53
L001765,anthony32@example.com,"Johnson, Nash and Clark",Outbound,Nurture,GEO0378,2024-03-19T11:48:33,2025-11-06T22:11:43
L001766,sriddle@example.org,Spencer Ltd,Outbound,Disqualified,GEO0216,2025-02-06T07:04:28,2025-10-08T14:44:07
L001767,dawn23@example.net,Juarez-Greene,Referral,New,GEO0152,2025-06-18T00:47:24,2025-08-20T05:05:11
L001768,katherinezuniga@example.com,Mason LLC,Referral,Disqualified,GEO0549,2025-02-24T08:10:13,2026-02-15T03:56:36
L001769,nwilliams@example.com,"Baldwin, Espinoza and Hubbard",Outbound,Qualified,GEO0124,2026-02-20T21:02:02,2026-02-25T21:32:31
L001770,kelly77@example.com,Francis-Miller,Inbound SDR,Nurture,GEO0327,2026-02-10T18:40:38,2026-02-19T11:58:15
L001771,davidsonanita@example.org,"Harrell, Conrad and Brown",Web,New,GEO0756,2024-04-10T04:57:50,2025-11-30T00:13:25
L001772,hendersonlisa@example.net,Kelly Group,Event,Disqualified,GEO0565,2025-02-07T00:51:52,2025-10-11T09:07:39
L001773,damon60@example.org,Edwards Inc,Referral,Disqualified,GEO0003,2026-01-28T16:58:52,2026-02-25T14:49:15
L001774,howellstacy@example.net,"Robertson, Campbell and Allen",Outbound,Disqualified,GEO0398,2024-05-06T18:34:28,2025-11-07T02:04:06
L001775,kevin99@example.net,Swanson LLC,Outbound,Working,GEO0150,2024-08-09T17:53:57,2025-08-04T20:35:43
L001776,aaron77@example.com,"Howard, Lee and Stewart",Web,New,GEO0657,2024-07-09T13:10:26,2024-09-30T04:24:09
L001777,cheryl25@example.org,"Brown, Hartman and Fitzgerald",Partner,New,GEO0594,2024-10-16T21:39:53,2025-01-10T21:24:52
L001778,leemicheal@example.org,"Perry, Bates and Smith",Inbound SDR,Working,GEO0291,2024-01-31T12:43:47,2024-07-15T09:59:39
L001779,angelairwin@example.com,Hanson-Mcguire,Outbound,Disqualified,GEO0734,2025-10-20T04:19:37,2026-01-09T16:03:27
L001780,dzuniga@example.com,"Sullivan, Carrillo and Gonzalez",Referral,Nurture,GEO0286,2025-09-14T00:09:03,2026-02-24T06:13:04
L001781,hcole@example.com,Williams-Woods,Event,Nurture,GEO0560,2025-11-23T03:14:36,2025-12-18T16:22:01
L001782,mdavidson@example.com,Hines Inc,Partner,Qualified,GEO0297,2024-08-07T15:48:00,2025-02-18T10:19:54
L001783,william77@example.com,Stewart-Rose,Event,New,GEO0533,2025-08-21T22:31:20,2025-09-18T08:45:00
L001784,millernicholas@example.com,Santos Ltd,Event,Nurture,GEO0554,2024-10-06T10:40:13,2026-02-21T12:03:50
L001785,lcarter@example.org,"Guzman, Roberts and Garcia",Outbound,New,GEO0345,2025-11-09T15:29:58,2026-02-23T07:13:00
L001786,craigscott@example.com,Fields Inc,Event,Qualified,GEO0667,2025-02-01T11:26:58,2025-05-05T02:09:24
L001787,danielleduran@example.net,Mitchell and Sons,Outbound,Working,GEO0117,2024-04-08T02:25:19,2024-04-26T07:09:56
L001788,billy61@example.net,Greer and Sons,Outbound,Disqualified,GEO0054,2024-10-01T20:47:44,2025-04-21T11:29:01
L001789,lthompson@example.net,Rosales PLC,Outbound,New,GEO0409,2024-02-12T02:06:56,2025-04-27T23:36:55
L001790,erikmelendez@example.org,Meyers PLC,Event,Qualified,GEO0327,2024-03-26T03:35:28,2025-08-29T13:49:05
L001791,robertortega@example.net,Levy Ltd,Partner,Nurture,GEO0386,2025-10-19T14:46:13,2025-11-11T09:42:52
L001792,georgesingleton@example.com,Velez Inc,Web,New,GEO0263,2025-03-12T01:16:28,2025-09-14T15:52:23
L001793,littleerin@example.org,Dickerson PLC,Event,New,GEO0195,2024-07-17T20:15:00,2024-10-05T15:48:04
L001794,butlerjason@example.net,Rogers-Adkins,Outbound,New,GEO0033,2024-04-21T10:32:12,2025-10-14T11:56:08
L001795,isaac10@example.com,Weaver-Wilkerson,Inbound SDR,Qualified,GEO0537,2025-04-04T04:34:11,2025-12-23T18:31:50
L001796,jonesamanda@example.org,Lester and Sons,Partner,Nurture,GEO0669,2026-02-22T20:56:23,2026-02-27T03:46:08
L001797,adkinsmichael@example.com,Harris LLC,Inbound SDR,Working,GEO0358,2026-01-13T08:18:38,2026-01-30T16:44:32
L001798,nicholsjoshua@example.org,"Turner, Dixon and Smith",Inbound SDR,New,GEO0680,2025-05-17T22:37:13,2025-10-07T12:28:18
L001799,michael40@example.com,"Maxwell, Farley and Cox",Partner,Nurture,GEO0741,2025-10-17T09:44:45,2026-02-05T19:00:38
L001800,angela44@example.com,Morales Group,Inbound SDR,Qualified,GEO0729,2024-07-22T07:24:59,2025-09-06T05:03:23
L001801,andrew23@example.org,"Wright, Nelson and Salazar",Event,New,GEO0070,2025-04-06T05:28:34,2025-11-23T14:48:07
L001802,jhernandez@example.net,Hill-Robinson,Referral,New,GEO0171,2026-01-11T14:56:32,2026-01-15T12:07:12
L001803,ocampos@example.net,Forbes PLC,Partner,Qualified,GEO0214,2024-04-15T17:40:35,2024-07-30T06:38:56
L001804,foxbrent@example.org,Anderson-Mays,Web,New,GEO0133,2025-07-31T21:28:32,2025-11-03T10:27:24
L001805,jaredmontgomery@example.com,Watkins and Sons,Referral,Qualified,GEO0407,2024-12-04T01:01:28,2025-11-30T02:40:52
L001806,smithbrad@example.net,Hughes LLC,Partner,New,GEO0566,2024-06-11T02:14:15,2024-12-06T09:07:52
L001807,mclark@example.net,Reeves-Johnson,Event,Nurture,GEO0551,2024-06-03T18:27:00,2024-09-08T23:13:15
L001808,figueroarachel@example.com,Jones-Davis,Event,Disqualified,GEO0028,2024-11-11T21:12:25,2025-08-06T03:36:48
L001809,saunderseric@example.org,Chaney Ltd,Partner,Disqualified,GEO0380,2024-02-28T15:51:29,2025-05-09T15:18:36
L001810,richard62@example.net,"Jones, Whitaker and Murray",Web,Qualified,GEO0737,2025-02-26T18:45:44,2025-07-09T15:53:05
L001811,michaelbowman@example.com,Hill Inc,Web,Nurture,GEO0194,2024-05-28T22:36:15,2025-09-23T01:51:02
L001812,vhamilton@example.org,Jordan and Sons,Web,New,GEO0231,2025-09-10T03:26:46,2025-11-29T06:50:56
L001813,munozandrew@example.net,Moore Inc,Event,Qualified,GEO0726,2025-05-02T09:26:56,2025-07-29T17:19:02
L001814,brownbrenda@example.net,Floyd-Robles,Outbound,New,GEO0415,2025-02-08T21:13:46,2025-05-13T22:50:47
L001815,istewart@example.com,"Clayton, Hansen and Simmons",Partner,Working,GEO0786,2025-05-30T13:31:28,2025-12-04T21:52:51
L001816,jameslewis@example.com,Cruz and Sons,Partner,Working,GEO0225,2025-05-23T17:58:22,2025-09-30T00:29:42
L001817,michaellowe@example.net,Cruz-Mcintyre,Partner,Nurture,GEO0562,2024-04-23T22:37:47,2024-07-13T17:38:43
L001818,gonzalezernest@example.net,"Kirby, Richardson and Phillips",Referral,Qualified,GEO0095,2024-04-12T02:23:57,2024-09-16T19:50:15
L001819,lisa18@example.com,"Hurst, Wilson and Gamble",Referral,Working,GEO0638,2025-06-21T21:54:59,2025-07-16T09:59:04
L001820,xaviereverett@example.org,Jenkins and Sons,Event,New,GEO0189,2026-01-19T20:24:34,2026-02-16T03:57:22
L001821,troy16@example.com,Martinez-Allen,Web,Qualified,GEO0744,2026-02-23T04:11:00,2026-03-01T13:27:45
L001822,david36@example.org,Wells Group,Event,New,GEO0039,2025-04-04T11:43:23,2025-10-24T10:00:16
L001823,bradleyjeff@example.org,Davidson-Davis,Outbound,Qualified,GEO0146,2025-11-11T12:23:52,2025-12-24T01:22:53
L001824,ochoasusan@example.net,"Shaw, Jensen and Estrada",Event,New,GEO0693,2025-03-23T22:29:08,2025-07-12T12:40:18
L001825,vkennedy@example.net,Gordon-Jenkins,Partner,Nurture,GEO0705,2025-05-04T07:00:39,2025-07-07T18:00:30
L001826,jimenezpeter@example.net,Cannon-Williams,Web,Qualified,GEO0193,2025-03-08T22:19:44,2025-10-17T05:12:20
L001827,deborahcabrera@example.com,"Clark, Hill and Brown",Inbound SDR,New,GEO0581,2024-04-18T22:48:32,2024-09-26T20:44:10
L001828,nross@example.org,George and Sons,Partner,Nurture,GEO0428,2024-06-23T17:19:50,2025-06-08T17:07:38
L001829,elee@example.com,"Payne, Green and Patel",Inbound SDR,Nurture,GEO0791,2026-02-25T05:56:28,2026-02-28T03:54:04
L001830,nathanconway@example.com,"Adams, Morgan and Martinez",Event,New,GEO0122,2024-08-28T03:46:28,2025-11-15T15:32:35
L001831,josephbrown@example.net,Harvey-Lloyd,Event,Working,GEO0551,2024-06-01T11:04:14,2025-05-31T06:11:29
L001832,wcarter@example.net,"Frazier, Pittman and Fischer",Referral,Disqualified,GEO0688,2024-12-26T07:22:05,2025-12-01T19:37:18
L001833,campbellholly@example.com,"Smith, Hess and Wilson",Partner,Working,GEO0403,2024-02-15T01:39:49,2026-02-17T23:30:51
L001834,rachel91@example.org,Freeman PLC,Partner,Qualified,GEO0667,2025-07-24T10:04:42,2025-10-08T21:23:15
L001835,steven26@example.org,Camacho and Sons,Partner,Disqualified,GEO0175,2025-11-18T10:11:32,2025-12-15T16:24:51
L001836,morgansteven@example.com,Bell LLC,Inbound SDR,Nurture,GEO0031,2025-01-23T14:01:40,2025-11-18T16:52:26
L001837,michaelmay@example.org,Scott-George,Outbound,Qualified,GEO0054,2024-09-03T18:16:13,2025-03-14T18:20:41
L001838,dodsontanya@example.com,"Maldonado, Brady and Mcclure",Inbound SDR,Nurture,GEO0058,2025-08-03T12:17:09,2025-09-08T07:04:19
L001839,kgonzales@example.com,"Young, Rios and Camacho",Web,Disqualified,GEO0581,2024-10-26T17:59:04,2025-06-20T05:08:51
L001840,millercheryl@example.com,"Garcia, Williams and Beard",Web,Disqualified,GEO0013,2025-01-05T06:46:37,2026-01-05T15:08:30
L001841,fjensen@example.com,"Allison, Hunter and Decker",Partner,New,GEO0622,2025-05-28T13:57:11,2025-09-14T21:26:52
L001842,ksanders@example.org,Jenkins-Collier,Event,Disqualified,GEO0637,2024-10-29T12:38:55,2025-11-04T02:29:20
L001843,dcampbell@example.com,Daniel-Bentley,Event,Disqualified,GEO0100,2025-05-10T22:02:05,2025-08-22T23:24:27
L001844,ncantu@example.com,Lucas-Maddox,Web,Working,GEO0604,2024-05-16T13:52:45,2024-12-18T06:25:51
L001845,scott06@example.com,"Smith, Goodwin and Randolph",Outbound,Qualified,GEO0799,2024-01-30T01:11:58,2025-05-29T10:38:59
L001846,tammypierce@example.org,Evans Inc,Event,Nurture,GEO0300,2024-10-14T04:22:14,2025-10-23T07:40:52
L001847,bentleyalexis@example.net,Chandler LLC,Partner,Qualified,GEO0409,2026-01-12T17:01:48,2026-02-01T07:02:59
L001848,jasonrobinson@example.com,"Navarro, West and White",Inbound SDR,Disqualified,GEO0401,2025-10-09T21:05:27,2025-12-28T15:58:40
L001849,dayjack@example.org,Rivera-Carroll,Referral,Qualified,GEO0240,2025-07-14T06:01:29,2025-09-25T09:21:42
L001850,ronald99@example.com,Ramirez Ltd,Partner,Disqualified,GEO0219,2025-11-13T06:03:44,2025-12-27T03:56:43
L001851,uhunt@example.com,Adams-Ray,Web,Working,GEO0118,2024-05-19T12:12:58,2025-11-16T14:03:28
L001852,matthew88@example.net,Flores Inc,Web,Disqualified,GEO0602,2025-11-07T11:55:38,2025-11-30T02:33:07
L001853,michellehayden@example.net,"Sanders, Holmes and Guerrero",Outbound,Disqualified,GEO0137,2025-01-20T15:21:08,2026-02-14T20:50:23
L001854,frederickowens@example.org,Cooper-Gibson,Event,Qualified,GEO0693,2025-10-08T12:54:58,2025-12-14T02:58:22
L001855,ngriffin@example.net,"Gordon, Hernandez and Jenkins",Partner,Nurture,GEO0030,2025-04-23T00:32:24,2025-11-05T06:05:27
L001856,lindsaypark@example.com,Ryan-Gray,Partner,Nurture,GEO0383,2026-01-04T20:48:38,2026-02-15T11:39:54
L001857,cynthia55@example.org,White-Watson,Referral,Nurture,GEO0141,2024-08-20T13:07:51,2024-10-18T07:34:28
L001858,ashleyestrada@example.org,Stokes-Sanchez,Outbound,Disqualified,GEO0705,2024-11-05T03:24:16,2025-04-06T11:25:43
L001859,qwilliams@example.org,"Tucker, Miller and Bradshaw",Referral,New,GEO0614,2025-09-20T01:02:50,2025-12-13T06:15:07
L001860,pjones@example.net,Waters LLC,Web,Nurture,GEO0594,2025-03-08T22:03:52,2025-11-02T18:57:45
L001861,williamsrebecca@example.net,"Fuller, Vasquez and Lee",Partner,Nurture,GEO0787,2025-01-30T18:04:18,2025-11-14T14:25:23
L001862,rachelbooth@example.org,Williams-Vasquez,Partner,New,GEO0232,2025-12-03T00:45:06,2026-02-02T08:36:38
L001863,joanna16@example.org,Perez LLC,Partner,Working,GEO0369,2025-10-15T06:29:37,2026-02-06T16:22:30
L001864,ambergonzalez@example.net,Perez Ltd,Partner,New,GEO0463,2025-11-30T08:30:03,2026-01-25T18:28:28
L001865,travis74@example.com,Decker-Martin,Web,New,GEO0761,2026-01-04T09:55:09,2026-02-24T11:42:09
L001866,khenson@example.org,Moody-White,Partner,Qualified,GEO0258,2025-04-20T11:37:44,2025-10-02T07:46:52
L001867,sarah93@example.com,Clark-Walker,Web,New,GEO0511,2024-10-25T14:49:18,2025-03-30T07:03:12
L001868,cristian46@example.net,Mills-Ford,Web,Working,GEO0551,2025-10-16T17:07:46,2025-12-21T00:55:57
L001869,ewingchristina@example.org,Gregory Ltd,Event,Disqualified,GEO0173,2024-03-27T03:35:25,2025-01-30T05:09:12
L001870,joseph36@example.com,Nielsen-Black,Outbound,Disqualified,GEO0542,2025-01-12T00:22:13,2026-01-02T21:55:44
L001871,bishopjohn@example.net,Munoz Group,Inbound SDR,Qualified,GEO0090,2025-07-30T05:19:51,2025-12-08T19:31:20
L001872,lpreston@example.org,Jackson-Shelton,Referral,Disqualified,GEO0792,2024-10-20T19:18:33,2025-12-17T14:07:09
L001873,sergio84@example.org,Ellis-Castro,Event,Working,GEO0229,2025-03-01T05:48:26,2025-10-21T04:17:13
L001874,kelleybrandon@example.net,Brown-Edwards,Inbound SDR,New,GEO0342,2025-05-03T09:01:32,2025-08-06T17:45:26
L001875,phernandez@example.net,Carson-Yoder,Inbound SDR,Working,GEO0129,2025-02-13T02:35:54,2025-12-13T05:37:00
L001876,randall15@example.net,Flores-Perez,Event,Nurture,GEO0312,2024-04-17T09:52:51,2024-05-17T02:47:19
L001877,stevensonmichael@example.org,Diaz-Cline,Event,New,GEO0724,2024-01-14T04:44:46,2024-12-14T22:03:13
L001878,cweeks@example.org,"Hutchinson, Parsons and Schultz",Inbound SDR,New,GEO0591,2024-02-13T12:40:16,2025-03-17T08:44:06
L001879,paulkelly@example.net,"Wheeler, Mcbride and Espinoza",Web,Working,GEO0314,2025-05-24T21:12:21,2026-02-24T01:38:39
L001880,jasongarcia@example.org,"Holland, Jefferson and Martinez",Inbound SDR,Nurture,GEO0185,2024-10-20T12:30:40,2025-01-11T23:24:33
L001881,gregory00@example.com,Coleman Group,Inbound SDR,New,GEO0306,2024-03-25T03:57:01,2025-01-15T02:16:21
L001882,douglas34@example.org,Hudson Group,Outbound,New,GEO0500,2025-12-17T09:37:03,2026-02-07T08:49:42
L001883,julia74@example.net,"Greer, Holmes and Barnes",Event,Working,GEO0138,2025-03-21T23:53:46,2025-05-03T02:18:46
L001884,gina46@example.org,Garner-Robinson,Web,New,GEO0417,2025-12-10T19:03:33,2026-01-17T17:58:22
L001885,phillipsjames@example.com,Allen Inc,Referral,Disqualified,GEO0358,2024-08-07T02:13:41,2025-06-26T11:59:28
L001886,santanarussell@example.com,"Pratt, Rivas and Walton",Inbound SDR,Qualified,GEO0592,2024-03-22T19:44:19,2024-11-19T13:21:20
L001887,hernandezwalter@example.net,"Hill, Carr and Smith",Referral,Working,GEO0089,2024-08-14T04:28:14,2025-03-01T14:38:07
L001888,jason00@example.net,Jenkins-Mitchell,Referral,New,GEO0280,2025-06-27T10:52:02,2025-12-05T04:46:42
L001889,ariasdaniel@example.com,Bryant-Richardson,Outbound,Qualified,GEO0723,2024-06-06T11:09:34,2024-11-27T12:18:55
L001890,jeffreyrivera@example.org,Davidson-Nelson,Referral,New,GEO0485,2025-07-13T21:07:09,2026-02-11T04:16:13
L001891,dsmith@example.net,York and Sons,Partner,Nurture,GEO0723,2024-01-16T22:40:24,2025-06-17T10:27:43
L001892,lopezryan@example.net,Gonzalez-Smith,Inbound SDR,Nurture,GEO0645,2024-10-31T22:05:45,2025-02-04T04:52:11
L001893,joycethompson@example.net,Rogers-Thomas,Outbound,New,GEO0486,2026-01-13T02:02:34,2026-01-29T04:22:24
L001894,sean23@example.org,Grant-Carpenter,Partner,Disqualified,GEO0338,2025-01-01T04:34:18,2026-02-03T16:55:33
L001895,xmccoy@example.com,"Perry, Green and Wilson",Event,New,GEO0646,2025-12-22T19:03:53,2026-02-15T23:04:37
L001896,stefanierose@example.net,Rogers-Valenzuela,Inbound SDR,Disqualified,GEO0220,2024-05-13T04:48:11,2024-07-27T08:10:25
L001897,steinjoan@example.com,"Long, Flowers and Stephenson",Event,Disqualified,GEO0119,2024-11-10T22:29:44,2025-12-05T13:16:04
L001898,finleyamanda@example.net,Cooper PLC,Web,Working,GEO0696,2025-04-21T08:06:53,2025-05-21T16:40:33
L001899,qbennett@example.com,James-Reynolds,Partner,Qualified,GEO0269,2025-10-25T07:59:19,2026-02-05T03:35:32
L001900,deborahwood@example.net,"Adams, Owens and Bruce",Referral,Nurture,GEO0696,2024-11-14T08:15:18,2025-10-29T21:20:50
L001901,ymendez@example.net,Miller-Mcclure,Referral,Nurture,GEO0663,2024-05-27T12:32:00,2024-08-17T15:57:03
L001902,owensjennifer@example.org,David-Thomas,Partner,Working,GEO0310,2025-07-18T14:56:58,2025-12-13T15:48:00
L001903,markcowan@example.org,Fox-Johnson,Inbound SDR,Nurture,GEO0397,2024-02-09T00:34:21,2024-08-26T05:07:47
L001904,hpugh@example.com,Matthews-Butler,Outbound,Nurture,GEO0152,2025-05-02T11:04:18,2025-11-24T19:23:17
L001905,martinezjohn@example.net,"Soto, Mcbride and Jackson",Outbound,New,GEO0637,2025-01-25T12:41:47,2025-10-24T04:12:06
L001906,bparks@example.net,Carlson-Harrington,Event,Nurture,GEO0574,2025-10-14T14:27:07,2025-11-11T01:09:11
L001907,greenecatherine@example.org,Stewart-Gonzales,Event,New,GEO0204,2024-12-29T09:25:17,2025-10-02T09:54:58
L001908,kellypowell@example.com,"Miranda, Vargas and Fernandez",Inbound SDR,Working,GEO0127,2024-03-29T05:27:38,2025-07-05T20:04:30
L001909,brenda51@example.net,Olson-Sanchez,Referral,Disqualified,GEO0412,2025-11-04T05:58:34,2026-02-10T11:32:25
L001910,thomaschristie@example.org,Smith and Sons,Outbound,Working,GEO0057,2024-10-06T02:41:20,2026-01-07T01:07:24
L001911,zachary32@example.org,Boyer-Hunt,Partner,Working,GEO0306,2025-10-29T09:14:52,2025-12-18T12:58:20
L001912,josephmiller@example.org,Clark Ltd,Referral,New,GEO0510,2024-04-14T21:08:30,2025-02-20T14:13:04
L001913,tcastillo@example.org,"Alexander, Wilson and Turner",Outbound,Disqualified,GEO0479,2025-09-10T09:01:25,2025-10-15T03:22:08
L001914,julie07@example.org,Osborn LLC,Referral,Qualified,GEO0256,2025-11-29T22:56:34,2025-12-10T17:54:23
L001915,lauren84@example.com,"Gray, Jordan and Boyer",Partner,Qualified,GEO0332,2024-12-10T10:48:19,2025-06-17T14:46:06
L001916,melinda43@example.net,"Macdonald, Barton and Chandler",Event,Qualified,GEO0739,2026-02-27T05:25:05,2026-02-28T05:11:02
L001917,pearsonmelissa@example.com,Cunningham-Payne,Partner,Disqualified,GEO0617,2025-03-26T05:56:59,2025-12-02T07:02:29
L001918,mary12@example.org,"Walsh, Gregory and Velasquez",Inbound SDR,Working,GEO0311,2024-06-04T01:29:01,2025-06-04T06:16:50
L001919,lgibson@example.com,"Cruz, Johnson and Butler",Inbound SDR,New,GEO0495,2024-06-27T04:27:50,2025-02-15T09:40:39
L001920,riosalexandria@example.com,"Perkins, Johnson and Clark",Outbound,New,GEO0060,2025-01-22T00:53:43,2025-10-14T20:21:06
L001921,lgonzalez@example.net,Crane-Cooke,Inbound SDR,Nurture,GEO0717,2025-08-25T02:10:05,2025-09-03T07:07:20
L001922,mkim@example.net,Santiago Group,Partner,Working,GEO0661,2024-11-25T06:07:24,2025-01-24T11:15:49
L001923,hojohn@example.org,"Peters, Foley and Brown",Partner,New,GEO0314,2025-08-04T06:03:58,2025-09-14T05:13:28
L001924,jonathan40@example.org,Hampton and Sons,Partner,Qualified,GEO0643,2025-12-05T13:19:17,2025-12-30T19:43:40
L001925,xlee@example.com,Miller and Sons,Web,Working,GEO0379,2024-04-04T23:37:46,2026-01-24T04:14:43
L001926,zachary70@example.com,Mcclain-French,Outbound,New,GEO0645,2025-04-05T01:14:23,2025-08-27T16:00:30
L001927,emilynoble@example.com,"Richardson, Brown and Aguilar",Partner,Disqualified,GEO0615,2024-03-13T18:15:07,2025-12-08T12:51:16
L001928,phillipsdave@example.com,Herrera-Curtis,Outbound,Qualified,GEO0436,2024-03-01T00:04:20,2026-01-24T01:01:19
L001929,williamsjennifer@example.net,Davis-Reynolds,Partner,Working,GEO0124,2026-02-15T11:45:11,2026-02-23T13:37:05
L001930,alexis29@example.org,Kaiser-Martinez,Referral,New,GEO0751,2024-09-28T04:44:43,2026-02-05T00:19:15
L001931,oshannon@example.com,Brown PLC,Web,Disqualified,GEO0380,2026-02-18T14:37:35,2026-02-21T01:57:12
L001932,hunterwest@example.com,Davidson-Ramirez,Web,Working,GEO0024,2024-05-12T03:03:39,2024-12-08T16:53:30
L001933,alicia63@example.net,Combs-Newton,Web,Disqualified,GEO0348,2025-06-30T05:45:36,2026-02-24T11:24:59
L001934,martinkelly@example.com,White Ltd,Referral,Qualified,GEO0007,2024-11-18T11:37:31,2025-02-03T18:13:43
L001935,ibrandt@example.net,Williams-Shaw,Inbound SDR,Working,GEO0599,2024-03-13T06:57:27,2025-08-14T18:54:11
L001936,greeralexandra@example.org,Stewart-Smith,Inbound SDR,Qualified,GEO0020,2025-09-29T10:27:37,2026-02-08T17:25:18
L001937,osmith@example.net,Carter PLC,Inbound SDR,New,GEO0133,2025-05-13T09:41:38,2025-09-20T19:28:17
L001938,phillipskelly@example.org,Wilson Ltd,Partner,Qualified,GEO0431,2026-02-12T23:10:15,2026-02-26T12:49:01
L001939,annette64@example.net,"Oneill, Valdez and Lane",Partner,Qualified,GEO0654,2024-04-03T09:15:16,2024-11-19T06:31:34
L001940,cclements@example.net,Higgins-Johnston,Event,New,GEO0251,2026-01-03T17:37:00,2026-01-31T21:50:09
L001941,jordan90@example.org,Curtis PLC,Web,Working,GEO0260,2025-09-01T23:09:58,2025-10-10T16:48:24
L001942,burnsmicheal@example.org,Rios-Robinson,Event,Working,GEO0282,2025-07-25T02:50:09,2026-02-18T00:41:16
L001943,donald81@example.com,"Aguilar, Fox and Bryan",Event,Working,GEO0089,2026-01-27T13:15:19,2026-02-15T06:49:04
L001944,austinbonnie@example.com,Hayes and Sons,Inbound SDR,New,GEO0559,2024-07-07T13:58:45,2026-02-26T00:37:03
L001945,thompsonjessica@example.org,"Wilson, Montoya and Kirk",Referral,Disqualified,GEO0540,2025-04-17T18:42:50,2025-11-02T18:59:56
L001946,mmeyer@example.org,Macdonald Inc,Outbound,New,GEO0649,2025-10-25T22:40:34,2025-12-03T17:29:53
L001947,william37@example.com,Cochran LLC,Inbound SDR,New,GEO0284,2024-01-21T15:25:11,2024-12-26T18:39:58
L001948,ssexton@example.com,Weber LLC,Referral,Qualified,GEO0092,2026-02-27T03:17:38,2026-02-27T12:59:05
L001949,sarah68@example.org,Luna Inc,Referral,Nurture,GEO0188,2025-12-10T11:04:38,2026-01-15T20:32:26
L001950,ilynch@example.net,Blackwell-Johnson,Event,Qualified,GEO0151,2025-12-05T12:46:43,2026-02-12T06:25:13
L001951,nmayo@example.net,Pittman-Gray,Web,Working,GEO0510,2024-07-26T19:44:43,2025-04-07T06:15:50
L001952,jamesstewart@example.com,Griffin-Wilkinson,Inbound SDR,Working,GEO0781,2025-07-08T09:24:24,2025-07-15T19:46:12
L001953,leah83@example.com,Wheeler-Mclaughlin,Referral,Working,GEO0158,2025-05-12T17:10:54,2025-06-11T21:57:56
L001954,thomas05@example.com,"Lee, Ellis and Cardenas",Event,Nurture,GEO0466,2024-04-27T22:03:27,2025-09-19T11:41:10
L001955,lindseyanita@example.com,Horton-Lawrence,Inbound SDR,New,GEO0075,2024-01-20T16:26:02,2024-09-20T20:09:07
L001956,williamspamela@example.com,Brown-Jones,Inbound SDR,Nurture,GEO0516,2024-11-08T12:20:16,2025-04-01T19:38:33
L001957,mariaclements@example.org,Bond-Romero,Partner,Qualified,GEO0098,2025-12-27T01:44:25,2026-02-08T05:10:30
L001958,mary51@example.org,Cox PLC,Event,New,GEO0798,2024-06-13T07:33:42,2024-08-30T09:05:09
L001959,vdrake@example.org,"Stone, Nichols and Jones",Event,Nurture,GEO0504,2024-03-08T10:26:26,2024-12-30T08:53:46
L001960,paul88@example.com,"Lewis, Sharp and Hughes",Inbound SDR,Qualified,GEO0519,2025-01-06T14:09:03,2025-01-07T17:01:53
L001961,brendafisher@example.net,Osborne-Juarez,Inbound SDR,New,GEO0404,2025-01-17T16:02:16,2025-07-18T17:39:22
L001962,susan44@example.net,Romero Group,Partner,Working,GEO0601,2024-10-10T10:11:13,2024-11-26T10:34:37
L001963,qmckenzie@example.org,Phillips LLC,Referral,Disqualified,GEO0441,2025-09-14T21:08:09,2025-11-29T05:35:16
L001964,goodemily@example.net,Nicholson-Fletcher,Referral,Qualified,GEO0158,2025-08-30T17:24:26,2025-12-09T02:26:49
L001965,asantiago@example.com,Santos-Reed,Web,New,GEO0068,2024-02-01T14:39:19,2025-12-25T23:22:00
L001966,terrytodd@example.net,Spears-Meyer,Event,Disqualified,GEO0771,2025-09-22T08:58:39,2026-02-19T02:23:57
L001967,drewdonaldson@example.com,Bailey and Sons,Inbound SDR,Disqualified,GEO0488,2025-04-27T11:25:51,2025-05-29T18:55:20
L001968,blove@example.net,"Roberts, Berger and Martin",Web,Working,GEO0088,2025-04-26T22:56:49,2025-12-28T16:48:38
L001969,carly79@example.com,Rivera PLC,Referral,New,GEO0403,2024-09-30T22:24:44,2025-11-13T21:49:56
L001970,patrick13@example.net,Edwards-Davis,Event,Qualified,GEO0027,2025-05-16T08:14:33,2026-01-29T10:12:54
L001971,pamelabernard@example.org,"Anderson, Santiago and Deleon",Event,New,GEO0352,2025-06-03T06:54:12,2025-10-15T06:09:24
L001972,youngjames@example.net,"Contreras, Anderson and Bean",Partner,Disqualified,GEO0460,2024-12-11T05:30:26,2025-08-27T17:07:59
L001973,robert25@example.org,Jimenez-Diaz,Inbound SDR,New,GEO0480,2024-12-25T17:32:22,2025-01-19T01:10:51
L001974,dariuscarroll@example.com,Boyle Inc,Partner,Disqualified,GEO0682,2025-09-06T01:56:31,2025-12-29T13:22:58
L001975,hendersonlauren@example.com,Mcdonald-Young,Partner,Working,GEO0228,2025-07-07T01:41:29,2026-01-14T04:31:15
L001976,djohnson@example.com,Hamilton PLC,Outbound,Disqualified,GEO0567,2025-01-16T14:19:09,2025-10-07T01:46:58
L001977,dennis22@example.net,Curtis LLC,Partner,Disqualified,GEO0091,2024-12-13T13:36:06,2025-06-01T01:54:51
L001978,tamara38@example.com,Bennett LLC,Partner,New,GEO0724,2024-07-16T02:40:15,2025-11-09T02:46:54
L001979,pjohnston@example.com,Walters-Johnson,Referral,Disqualified,GEO0143,2024-06-20T15:38:02,2024-08-04T00:09:31
L001980,webbabigail@example.org,Smith Ltd,Referral,Qualified,GEO0665,2024-07-12T14:40:37,2025-02-24T10:44:34
L001981,choirachael@example.org,Nguyen Ltd,Event,Disqualified,GEO0654,2026-02-21T08:43:05,2026-02-25T07:29:09
L001982,bakermisty@example.net,"Fields, Everett and Daniel",Partner,Disqualified,GEO0110,2024-12-10T08:37:17,2026-01-11T22:06:37
L001983,jamesross@example.org,"Coleman, Washington and Green",Partner,Working,GEO0060,2024-05-23T18:09:49,2025-12-02T21:57:21
L001984,oclark@example.net,Adams Inc,Referral,New,GEO0319,2026-01-25T15:59:17,2026-02-10T01:26:45
L001985,olsonmelissa@example.org,Taylor-Bowen,Outbound,New,GEO0163,2026-01-28T14:53:49,2026-02-12T14:52:55
L001986,marvinbell@example.com,Moore Ltd,Partner,Working,GEO0219,2024-02-15T06:50:38,2025-03-15T22:35:31
L001987,edunn@example.org,Valdez-Edwards,Outbound,Qualified,GEO0677,2026-01-11T03:11:09,2026-01-23T14:14:36
L001988,whitesharon@example.net,Greene Inc,Web,Working,GEO0354,2024-05-22T06:40:03,2025-09-11T11:01:46
L001989,benjaminross@example.org,"Morgan, Gaines and Black",Inbound SDR,Nurture,GEO0795,2025-10-19T15:03:08,2026-02-04T13:02:30
L001990,sarahfox@example.com,"Clarke, Valencia and Archer",Referral,New,GEO0689,2025-08-01T19:33:02,2025-11-26T17:56:05
L001991,selenashields@example.com,Howard-Small,Outbound,New,GEO0633,2024-06-13T00:54:19,2026-01-31T01:07:50
L001992,christopher51@example.net,Simpson LLC,Referral,Disqualified,GEO0132,2025-07-29T13:54:21,2025-08-11T01:14:39
L001993,cody06@example.com,Palmer-Holmes,Event,New,GEO0306,2025-07-30T12:34:56,2025-09-18T09:13:17
L001994,joshuahernandez@example.com,"Patel, Carter and Silva",Inbound SDR,New,GEO0132,2025-04-06T03:13:20,2025-05-31T06:37:22
L001995,joneskathy@example.net,"Smith, Ingram and Wilson",Referral,Disqualified,GEO0705,2025-12-21T15:47:50,2026-01-23T12:35:06
L001996,brenda42@example.com,Nelson and Sons,Web,Working,GEO0032,2025-03-08T04:27:33,2025-11-20T22:13:28
L001997,kelly62@example.org,Snyder-Ball,Outbound,Nurture,GEO0177,2024-04-05T02:52:17,2024-04-26T12:38:10
L001998,michele90@example.net,Scott PLC,Outbound,Nurture,GEO0305,2026-02-18T03:07:09,2026-02-21T10:06:29
L001999,julie95@example.org,Young-Young,Partner,Nurture,GEO0074,2024-08-22T10:31:51,2025-01-27T09:48:59
L002000,zlong@example.org,Morgan-Melton,Referral,Disqualified,GEO0526,2024-10-21T14:24:41,2026-01-20T06:59:04
L002001,robertmcknight@example.net,Robinson PLC,Web,Working,GEO0053,2026-01-09T01:34:23,2026-02-18T11:27:02
L002002,kathyjohnson@example.com,White PLC,Partner,Disqualified,GEO0047,2024-11-14T02:31:25,2025-05-10T09:42:41
L002003,hernandezangela@example.net,Patterson-Hodges,Web,Nurture,GEO0262,2025-09-28T14:30:28,2025-12-31T17:08:14
L002004,priscillabauer@example.com,Wells PLC,Event,Qualified,GEO0118,2024-04-13T17:26:17,2025-07-27T01:52:11
L002005,mary98@example.com,Wagner-Jacobs,Web,New,GEO0188,2025-03-14T13:35:02,2025-07-20T15:51:17
L002006,hramirez@example.com,Alvarado-Hamilton,Partner,Qualified,GEO0363,2024-07-22T20:57:18,2025-08-17T17:03:23
L002007,michaelconrad@example.net,Olson-Garcia,Referral,Qualified,GEO0358,2024-10-21T10:45:17,2025-11-25T02:20:15
L002008,davidmoore@example.org,"Washington, Smith and Blevins",Referral,Nurture,GEO0798,2024-02-16T21:33:27,2024-10-20T15:29:10
L002009,debbieperez@example.com,Young-Sandoval,Inbound SDR,Working,GEO0258,2025-01-18T19:41:53,2025-04-10T22:52:36
L002010,candiceberger@example.com,"Williams, Rivas and Lynch",Outbound,Nurture,GEO0194,2024-03-07T19:27:33,2025-02-25T02:09:53
L002011,thomasdodson@example.net,Huang-Ruiz,Referral,Qualified,GEO0346,2025-02-16T18:01:46,2025-11-12T20:27:37
L002012,walkeralexander@example.org,"Snyder, Hammond and Johnson",Inbound SDR,Nurture,GEO0124,2025-10-29T07:41:33,2025-11-22T15:16:02
L002013,andrewedwards@example.org,"Lee, Ellis and Lowe",Event,Working,GEO0730,2025-12-31T22:20:11,2026-02-21T17:54:17
L002014,erogers@example.org,"Hill, Griffin and Wheeler",Inbound SDR,New,GEO0109,2025-12-22T01:52:14,2026-02-06T06:09:17
L002015,jeffreydiaz@example.net,Miller Group,Outbound,Nurture,GEO0615,2024-10-18T13:32:34,2026-02-04T23:52:54
L002016,gloria45@example.net,Little Ltd,Event,Working,GEO0459,2024-09-10T02:25:25,2024-10-19T15:30:12
L002017,jacob17@example.net,Stone-Perez,Outbound,Qualified,GEO0248,2025-06-18T14:12:50,2026-02-10T16:34:58
L002018,cooperthomas@example.org,Crawford-Pennington,Inbound SDR,Disqualified,GEO0559,2025-02-23T12:28:06,2025-12-28T22:29:06
L002019,normancampbell@example.net,Peters PLC,Referral,Working,GEO0160,2026-01-09T00:38:41,2026-01-18T07:49:49
L002020,wfuentes@example.net,Smith Group,Outbound,Qualified,GEO0602,2024-07-08T15:58:11,2024-12-20T15:43:25
L002021,alandorsey@example.net,Davis and Sons,Referral,Working,GEO0535,2025-05-24T05:13:54,2025-08-17T18:54:40
L002022,pnorris@example.net,Castaneda-Perez,Event,Qualified,GEO0712,2024-01-07T21:46:27,2025-07-01T03:35:52
L002023,darrellholmes@example.org,"Shah, Hart and Blake",Partner,New,GEO0151,2025-07-29T11:20:55,2025-11-26T14:18:55
L002024,tina94@example.net,Thompson LLC,Outbound,Qualified,GEO0326,2024-09-28T22:38:26,2025-01-09T23:39:02
L002025,ocarter@example.net,King-Torres,Partner,Qualified,GEO0337,2024-04-15T05:55:04,2024-05-10T19:41:34
L002026,carrjulia@example.net,Blair-Townsend,Partner,New,GEO0531,2024-09-03T04:18:54,2025-09-03T01:59:00
L002027,hrios@example.com,"Foster, Smith and Griffin",Outbound,Disqualified,GEO0587,2024-11-11T17:31:55,2026-02-06T20:47:03
L002028,bishopchristine@example.org,Adams-Martin,Referral,Disqualified,GEO0416,2025-06-18T13:44:06,2026-01-05T04:10:10
L002029,mwoodard@example.org,Marshall Ltd,Web,New,GEO0595,2025-04-04T23:11:25,2025-05-21T13:27:36
L002030,cjohnson@example.org,Guerrero Ltd,Event,Working,GEO0228,2024-12-25T07:11:39,2025-06-16T01:45:24
L002031,sjordan@example.org,Yu-Johnson,Outbound,Nurture,GEO0184,2025-11-04T00:01:51,2025-11-15T11:51:22
L002032,gomezbeverly@example.com,Gonzalez-Collins,Outbound,Qualified,GEO0252,2024-04-30T00:30:11,2025-11-02T18:42:34
L002033,anthonylawson@example.org,Smith-Cox,Event,Qualified,GEO0297,2025-10-23T16:52:14,2025-11-04T18:32:56
L002034,evelyn35@example.org,"Mckenzie, Harris and Dixon",Outbound,Qualified,GEO0297,2024-08-17T20:19:56,2024-11-20T13:23:01
L002035,qwilliams@example.org,Castro PLC,Event,Qualified,GEO0306,2025-04-29T12:30:55,2025-08-29T17:49:22
L002036,frankthomas@example.org,Holloway PLC,Web,Nurture,GEO0440,2025-04-14T14:05:18,2025-10-14T05:10:19
L002037,smithleslie@example.com,Jackson-Flores,Inbound SDR,Nurture,GEO0343,2024-03-12T21:37:07,2026-01-01T23:03:58
L002038,carlsonethan@example.org,"Ross, Hodges and Roberts",Inbound SDR,New,GEO0475,2025-08-07T10:55:13,2025-12-31T00:18:02
L002039,debbiethompson@example.org,Kim-Sanchez,Inbound SDR,Nurture,GEO0718,2024-02-27T09:16:06,2025-09-16T03:50:59
L002040,mwilliams@example.net,"Ramirez, Stewart and Dudley",Partner,Qualified,GEO0276,2025-04-17T07:21:03,2026-01-25T06:45:30
L002041,christina05@example.com,"Hampton, Jones and Martin",Web,New,GEO0348,2025-10-11T12:20:32,2026-01-27T22:32:43
L002042,pdavis@example.com,Larson-Hall,Referral,Disqualified,GEO0059,2025-10-22T06:56:46,2025-12-18T15:38:09
L002043,jessica55@example.net,Payne Inc,Referral,Qualified,GEO0363,2024-01-18T17:01:30,2025-02-24T18:26:39
L002044,heather15@example.com,Cain-Allen,Partner,Working,GEO0759,2025-05-24T01:56:03,2025-12-02T08:15:43
L002045,james93@example.org,Gray-Thomas,Inbound SDR,Disqualified,GEO0381,2025-10-16T09:09:33,2025-11-23T07:37:51
L002046,allenmelissa@example.com,Thomas Inc,Partner,Working,GEO0531,2025-03-12T03:25:55,2025-07-11T17:32:54
L002047,crystal39@example.net,Bentley and Sons,Inbound SDR,Disqualified,GEO0472,2026-02-05T16:28:01,2026-02-15T04:30:25
L002048,ericfuller@example.com,"Gibbs, Johnson and Williams",Outbound,Working,GEO0146,2025-05-29T20:15:56,2025-11-14T08:52:33
L002049,rodriguezfelicia@example.com,Grant-Young,Outbound,Qualified,GEO0231,2025-10-25T18:06:18,2025-11-28T10:50:58
L002050,michelle74@example.net,Chambers and Sons,Referral,Nurture,GEO0521,2024-12-02T10:41:50,2025-05-15T11:43:38
L002051,dustincarroll@example.net,Mclean-Herring,Inbound SDR,Working,GEO0533,2025-08-22T16:59:51,2025-11-17T21:15:12
L002052,wagnerjessica@example.com,Bell PLC,Outbound,Disqualified,GEO0319,2025-11-22T12:20:40,2026-01-22T11:35:09
L002053,thomasjoseph@example.org,Cross-Davis,Partner,New,GEO0219,2024-09-20T07:16:06,2025-09-18T16:44:21
L002054,jonathancoffey@example.org,"Jones, Brown and Aguilar",Partner,Working,GEO0640,2025-07-29T06:24:25,2025-08-10T10:23:42
L002055,laura21@example.com,Villarreal Inc,Outbound,Working,GEO0635,2025-10-10T23:32:10,2025-11-05T10:36:22
L002056,ericksoncarolyn@example.com,Brown-Preston,Inbound SDR,Qualified,GEO0755,2024-01-17T03:27:08,2025-04-27T16:49:53
L002057,kristina06@example.com,Smith Ltd,Outbound,Nurture,GEO0721,2025-01-16T08:09:36,2025-02-06T11:30:53
L002058,qlee@example.org,Byrd Ltd,Event,Disqualified,GEO0531,2025-06-21T20:33:58,2025-12-04T23:52:16
L002059,ryanrobinson@example.com,Johnson and Sons,Event,Disqualified,GEO0598,2024-06-06T05:18:39,2025-08-02T14:10:24
L002060,ariana38@example.net,Smith and Sons,Web,Qualified,GEO0352,2025-08-22T19:40:06,2025-10-06T06:51:49
L002061,fmiller@example.net,Shannon-Hensley,Event,New,GEO0132,2025-07-12T01:33:49,2025-12-31T22:15:14
L002062,wcollins@example.com,"Leonard, Davis and Bishop",Event,New,GEO0731,2024-11-17T05:22:33,2025-12-13T21:50:22
L002063,djones@example.com,Farmer-Chen,Inbound SDR,Working,GEO0150,2025-12-15T21:35:46,2026-02-03T16:12:21
L002064,shawn40@example.net,Patterson Ltd,Partner,New,GEO0220,2024-05-04T01:46:13,2025-05-01T18:12:28
L002065,austin14@example.net,"Horton, Schneider and Stewart",Outbound,Nurture,GEO0259,2025-12-21T07:32:35,2026-02-03T12:34:22
L002066,ryan00@example.net,Waller Inc,Inbound SDR,New,GEO0531,2024-09-03T19:44:15,2025-08-24T11:41:27
L002067,richard50@example.org,Sampson Inc,Inbound SDR,Nurture,GEO0583,2025-11-01T05:39:08,2025-12-31T21:29:34
L002068,lfreeman@example.com,"Davis, Reynolds and Payne",Outbound,Working,GEO0444,2024-07-02T17:04:57,2025-03-03T02:17:15
L002069,erikarodriguez@example.com,Sullivan-Moran,Web,Working,GEO0277,2024-11-15T08:10:51,2025-04-23T19:48:57
L002070,yperez@example.net,"Perez, Payne and Pennington",Outbound,Disqualified,GEO0432,2024-08-18T13:33:16,2026-01-28T08:39:01
L002071,gabriellejones@example.net,Collins-Kirk,Outbound,New,GEO0511,2024-02-13T21:56:02,2025-11-20T06:09:46
L002072,bensonmichael@example.org,"Adams, Rodriguez and Parsons",Outbound,Disqualified,GEO0091,2024-07-08T18:35:39,2025-02-07T03:44:53
L002073,joseph13@example.net,Bentley LLC,Event,Nurture,GEO0235,2026-02-26T12:44:27,2026-02-27T10:11:53
L002074,kimraymond@example.com,Jackson-Decker,Inbound SDR,Working,GEO0580,2025-06-27T11:06:40,2025-10-02T09:47:24
L002075,smithmichelle@example.com,Hunt Ltd,Referral,Nurture,GEO0038,2026-01-12T20:00:05,2026-02-20T06:34:19
L002076,tracijackson@example.com,White-Lester,Web,Nurture,GEO0317,2025-11-21T09:28:45,2026-02-21T14:45:22
L002077,elizabethcannon@example.net,Clark Group,Referral,Nurture,GEO0462,2024-04-01T22:20:26,2025-04-29T05:35:33
L002078,iclark@example.org,Hamilton-Livingston,Event,Working,GEO0264,2024-11-18T07:49:02,2025-02-16T02:26:30
L002079,edillon@example.org,"Jensen, Peters and Adams",Web,Disqualified,GEO0680,2024-07-18T09:56:28,2025-09-11T14:53:47
L002080,mariataylor@example.com,"Dawson, Tate and Rose",Inbound SDR,Disqualified,GEO0106,2025-04-29T07:38:03,2025-06-11T16:13:44
L002081,elizabeth55@example.com,Park Ltd,Inbound SDR,Nurture,GEO0707,2025-06-24T08:03:14,2025-12-17T19:03:06
L002082,adamholmes@example.com,Cortez Inc,Inbound SDR,Working,GEO0024,2024-02-22T09:39:03,2024-08-31T05:50:21
L002083,walshlindsay@example.org,"Wilson, Armstrong and Ellis",Web,Disqualified,GEO0618,2024-12-07T23:25:04,2026-02-13T16:35:45
L002084,bgriffin@example.net,"Castillo, Cabrera and Dunn",Referral,Working,GEO0265,2025-04-29T06:40:40,2025-10-27T20:14:47
L002085,cpowell@example.com,"Davis, Taylor and Hayes",Referral,Working,GEO0549,2024-02-19T13:30:37,2025-09-01T07:10:32
L002086,ghuffman@example.net,King Group,Web,Disqualified,GEO0456,2025-11-19T12:26:48,2025-11-29T04:24:52
L002087,michaelponce@example.com,"Hampton, Robinson and Jones",Web,Disqualified,GEO0014,2025-10-25T03:40:47,2025-12-10T20:19:36
L002088,stephanie65@example.com,Gardner-Wilson,Inbound SDR,Working,GEO0645,2025-12-14T04:35:47,2026-01-10T05:21:20
L002089,shellyharper@example.org,Hunter-Hayden,Event,Nurture,GEO0743,2025-04-11T09:21:40,2025-11-11T18:15:23
L002090,christopher51@example.net,Rivera-Gonzales,Event,Working,GEO0533,2025-07-02T08:04:03,2025-12-30T06:10:46
L002091,ortizchelsea@example.com,Camacho and Sons,Partner,Qualified,GEO0151,2025-03-22T17:53:29,2026-01-23T13:54:45
L002092,wrightanthony@example.org,Wright-Torres,Web,New,GEO0209,2025-03-06T07:00:06,2025-07-12T09:19:18
L002093,lopezbradley@example.com,"Mccann, Perkins and Douglas",Event,New,GEO0749,2024-04-27T17:56:47,2025-06-27T16:39:59
L002094,mullenandre@example.com,"Jackson, Salazar and Glenn",Referral,Qualified,GEO0413,2024-01-22T14:54:25,2025-03-02T02:46:16
L002095,scarter@example.org,"Garcia, Arias and Mcdowell",Partner,Disqualified,GEO0595,2024-09-17T01:24:20,2025-05-09T14:58:39
L002096,erin07@example.net,Page Inc,Web,New,GEO0251,2024-08-19T06:56:57,2024-11-30T01:21:45
L002097,katelyn04@example.com,Gibson-Jones,Outbound,New,GEO0698,2025-04-15T18:46:38,2025-09-17T07:36:56
L002098,jballard@example.net,"Christensen, Green and Colon",Inbound SDR,Disqualified,GEO0027,2024-03-29T10:56:49,2025-05-01T17:27:48
L002099,qharvey@example.org,Brooks LLC,Inbound SDR,Nurture,GEO0396,2025-04-28T17:41:18,2025-12-13T10:33:25
L002100,jonesmelinda@example.net,"Henderson, Snyder and Simpson",Web,Working,GEO0407,2026-01-18T16:31:21,2026-02-05T21:50:01
L002101,karen03@example.org,"Frederick, Johnson and Klein",Event,Qualified,GEO0573,2025-10-17T15:00:45,2025-11-24T04:18:21
L002102,paula32@example.com,"Smith, Nunez and Boyd",Referral,Nurture,GEO0784,2025-07-22T14:31:49,2025-08-22T07:00:41
L002103,elizabeth67@example.org,Willis-Hughes,Outbound,Disqualified,GEO0112,2024-12-25T13:06:53,2025-09-28T20:47:02
L002104,jillmullins@example.com,Adams-Weber,Inbound SDR,Nurture,GEO0071,2024-04-27T11:07:58,2024-11-27T06:18:57
L002105,christina69@example.org,Gutierrez-Nguyen,Referral,Working,GEO0390,2024-04-10T23:44:04,2025-04-12T01:43:53
L002106,brian52@example.com,Jones and Sons,Outbound,Working,GEO0797,2024-07-31T20:31:30,2025-04-18T23:50:30
L002107,robertsthomas@example.com,Allen-Rodriguez,Outbound,Qualified,GEO0747,2024-10-31T07:47:33,2025-09-06T13:46:01
L002108,kirkclayton@example.com,Salazar and Sons,Referral,New,GEO0258,2024-01-09T04:02:24,2025-02-17T07:04:51
L002109,francorachel@example.org,"Kelley, Sullivan and Bowers",Inbound SDR,Qualified,GEO0725,2025-10-06T14:58:07,2025-11-08T04:55:50
L002110,vwalker@example.net,Mccann-Harper,Event,New,GEO0179,2025-07-19T22:18:08,2025-09-28T03:24:26
L002111,lutznichole@example.org,Martin and Sons,Referral,Qualified,GEO0692,2024-02-14T19:53:45,2025-11-10T16:50:37
L002112,richjohn@example.com,Grant and Sons,Referral,Nurture,GEO0170,2024-12-27T09:21:31,2025-06-22T12:33:52
L002113,andrea30@example.net,Newton-Woods,Partner,Nurture,GEO0349,2024-08-19T05:41:09,2025-11-19T15:55:33
L002114,hernandezrussell@example.net,"Tucker, Alexander and Adams",Event,Working,GEO0639,2025-09-05T16:16:40,2025-11-02T06:56:13
L002115,kendra82@example.com,"Nichols, Miller and Hill",Referral,Qualified,GEO0335,2024-07-18T08:49:32,2026-02-24T01:50:00
L002116,rpatel@example.net,"Hester, Knox and Adams",Partner,New,GEO0329,2024-01-21T00:36:59,2024-08-18T17:30:51
L002117,millerlynn@example.org,"Henry, Ramirez and Larson",Inbound SDR,Qualified,GEO0035,2025-10-27T21:41:05,2026-01-15T21:48:19
L002118,rhodesalexis@example.com,Harvey-Walker,Referral,Working,GEO0792,2025-04-20T05:55:44,2025-06-23T01:42:25
L002119,katie95@example.net,Cruz-Murphy,Inbound SDR,Working,GEO0172,2026-01-30T07:59:36,2026-02-18T11:42:14
L002120,chelseawilliams@example.org,Perez Inc,Web,New,GEO0640,2024-10-14T07:50:53,2025-11-16T23:47:16
L002121,tuckeralexander@example.org,Campbell and Sons,Event,Nurture,GEO0550,2026-01-06T22:46:59,2026-01-28T01:06:16
L002122,yholt@example.org,"Anderson, Stuart and Morales",Web,Working,GEO0649,2024-12-11T21:51:31,2025-11-15T20:40:13
L002123,lynngarza@example.com,"Baker, Castro and Cunningham",Web,New,GEO0379,2026-02-10T05:08:53,2026-02-28T00:03:42
L002124,ovelazquez@example.com,Thomas Ltd,Referral,Qualified,GEO0274,2025-03-27T15:42:42,2025-11-03T10:23:23
L002125,adam46@example.net,"Bryant, Dillon and Bell",Event,Nurture,GEO0418,2024-02-06T23:54:51,2025-03-14T05:11:57
L002126,woneill@example.net,"Coleman, James and Aguirre",Outbound,Working,GEO0528,2024-01-13T19:38:37,2024-12-20T15:45:22
L002127,obrown@example.org,Bentley Group,Web,Disqualified,GEO0339,2024-09-08T20:11:38,2024-12-23T23:50:55
L002128,julia11@example.org,Watts-Waters,Inbound SDR,Working,GEO0283,2025-12-26T00:08:33,2026-01-01T05:04:14
L002129,kristy35@example.org,"Trevino, Perry and Mullins",Event,Qualified,GEO0586,2024-06-25T22:00:05,2024-10-12T12:59:26
L002130,johnsonerin@example.com,Pennington-Richardson,Partner,Disqualified,GEO0705,2024-05-22T04:28:36,2025-01-24T22:03:34
L002131,tcontreras@example.com,"Leblanc, Barber and Morales",Event,Nurture,GEO0437,2024-04-05T11:02:29,2025-10-25T13:06:50
L002132,sandycarey@example.net,"Powers, Lopez and Thompson",Inbound SDR,Working,GEO0230,2026-01-04T01:33:20,2026-02-05T22:47:47
L002133,zcoleman@example.com,Weiss-Phelps,Inbound SDR,New,GEO0171,2025-01-04T01:07:43,2025-08-20T13:59:46
L002134,wmiller@example.org,Ramirez-Ford,Web,Working,GEO0488,2025-08-12T22:55:37,2026-01-17T23:02:29
L002135,williamseric@example.com,Everett LLC,Partner,Qualified,GEO0350,2024-06-10T00:57:39,2024-06-23T20:32:51
L002136,bgray@example.com,Jones Ltd,Event,Working,GEO0081,2025-01-06T18:18:26,2025-04-17T01:46:33
L002137,stephen59@example.net,Rush-Ramos,Event,Qualified,GEO0670,2025-08-10T13:36:24,2025-09-26T09:54:12
L002138,hhardy@example.org,Lambert-Palmer,Web,Nurture,GEO0349,2026-02-22T07:16:39,2026-02-24T10:22:18
L002139,charlesvaughn@example.net,Stephenson Inc,Partner,Nurture,GEO0528,2025-08-23T11:55:11,2026-01-13T19:50:09
L002140,whitelinda@example.com,Lewis-Johnson,Inbound SDR,Qualified,GEO0341,2024-04-03T15:08:08,2024-12-10T09:01:11
L002141,wallacejim@example.com,Hill-Lynch,Partner,Qualified,GEO0025,2025-07-14T21:23:29,2025-08-31T13:57:15
L002142,johnscott@example.net,"Freeman, Chapman and Ward",Event,Qualified,GEO0130,2025-10-16T19:36:20,2025-12-11T04:17:48
L002143,kennethjones@example.org,"Shannon, Reed and Stewart",Outbound,Qualified,GEO0197,2026-01-28T17:37:50,2026-02-22T15:24:44
L002144,lrollins@example.org,Meyer and Sons,Referral,New,GEO0176,2026-02-16T13:05:29,2026-02-19T13:49:52
L002145,mcclurekaitlyn@example.com,Christian Group,Event,Qualified,GEO0390,2025-08-02T08:03:40,2025-09-22T10:27:48
L002146,leecolton@example.net,Kennedy and Sons,Event,Qualified,GEO0350,2025-06-10T22:08:39,2025-07-19T04:37:45
L002147,christineshaw@example.com,"Johns, Rose and Johnson",Web,Working,GEO0785,2026-02-23T09:12:05,2026-02-23T21:44:14
L002148,vjones@example.net,Hill LLC,Referral,New,GEO0540,2024-02-03T02:50:56,2025-02-01T11:59:02
L002149,william43@example.net,Waller Inc,Outbound,New,GEO0671,2024-02-06T20:49:36,2024-07-22T04:20:52
L002150,joannbrown@example.net,"Rodriguez, Brown and Vargas",Outbound,Qualified,GEO0443,2026-01-23T20:17:04,2026-02-25T15:57:50
L002151,richard42@example.com,"Campbell, Jones and Jackson",Partner,Working,GEO0281,2024-09-28T08:45:51,2024-10-30T12:17:40
L002152,smorris@example.net,Middleton Group,Outbound,New,GEO0365,2026-02-20T16:48:20,2026-02-28T00:56:42
L002153,turnerchristopher@example.com,Walters-Blake,Inbound SDR,Qualified,GEO0579,2025-10-07T19:55:35,2025-12-14T07:58:19
L002154,lhill@example.net,Yang-Stevens,Event,Disqualified,GEO0784,2025-10-15T19:54:30,2026-01-13T16:49:10
L002155,tiffanyhamilton@example.com,Griffith Group,Referral,Working,GEO0439,2025-11-21T09:30:04,2025-12-02T08:27:08
L002156,fjones@example.org,Singleton PLC,Outbound,Qualified,GEO0447,2025-10-08T04:53:00,2026-02-24T21:03:29
L002157,dawn04@example.net,"Alvarado, Hughes and Garcia",Event,Disqualified,GEO0569,2025-10-25T17:51:12,2026-01-14T11:12:34
L002158,yjackson@example.com,"Baldwin, Tyler and Combs",Outbound,New,GEO0496,2024-03-21T13:57:25,2024-06-17T05:35:50
L002159,scottrobert@example.org,"Hill, Gray and Cameron",Event,Qualified,GEO0605,2024-04-17T03:14:11,2024-05-14T18:44:43
L002160,johnjohnson@example.org,Ramsey Inc,Inbound SDR,Working,GEO0047,2025-02-10T10:34:52,2026-01-28T14:49:36
L002161,bethrichards@example.com,Klein-Shepherd,Referral,New,GEO0716,2024-06-05T19:21:39,2024-09-02T13:00:53
L002162,roblesgregory@example.com,"Perez, Wade and Liu",Partner,Disqualified,GEO0417,2024-08-27T17:52:38,2024-09-23T11:41:10
L002163,justinking@example.org,Jones LLC,Referral,Nurture,GEO0101,2024-04-13T11:46:56,2025-08-12T09:07:39
L002164,cynthia60@example.org,"Perry, Kennedy and Jones",Partner,Working,GEO0187,2024-07-06T02:20:12,2025-04-05T20:27:05
L002165,moralesandrew@example.net,Fuller-Brown,Partner,New,GEO0013,2025-09-20T17:53:28,2026-02-01T14:57:57
L002166,jleonard@example.com,Arnold-Boyer,Referral,Disqualified,GEO0501,2024-12-02T14:12:21,2025-11-18T13:11:13
L002167,andradekristie@example.org,"Graham, Mack and Soto",Web,Qualified,GEO0233,2024-06-26T01:00:11,2025-10-19T01:12:07
L002168,figueroaaaron@example.net,"Myers, Herrera and Nunez",Event,Nurture,GEO0156,2025-12-08T23:10:22,2025-12-22T01:47:07
L002169,bairdkrista@example.org,Williams LLC,Web,New,GEO0591,2025-11-21T19:48:00,2026-02-27T00:55:23
L002170,thompsontimothy@example.org,Dawson Ltd,Web,Qualified,GEO0293,2024-07-30T21:47:36,2026-01-02T21:24:43
L002171,richardsdiamond@example.net,Bentley Ltd,Outbound,New,GEO0462,2025-11-04T04:45:38,2025-11-26T17:33:13
L002172,kirk05@example.com,Ortiz Ltd,Inbound SDR,Working,GEO0740,2024-05-21T18:33:15,2025-10-03T09:26:04
L002173,brittany19@example.com,Harris-Livingston,Web,Working,GEO0325,2024-06-25T14:03:28,2025-01-20T02:59:39
L002174,teresa76@example.net,"Shah, Ray and Davis",Outbound,New,GEO0785,2025-05-15T10:45:29,2025-12-04T05:32:13
L002175,gbraun@example.net,Houston-Williams,Outbound,Disqualified,GEO0096,2025-03-25T15:23:59,2025-10-06T12:14:44
L002176,tyler90@example.com,Bates LLC,Referral,Qualified,GEO0486,2025-04-10T23:54:28,2025-07-21T06:55:51
L002177,allenbarbara@example.net,Willis Ltd,Outbound,Nurture,GEO0533,2024-12-08T04:48:47,2025-04-29T00:04:33
L002178,patricia87@example.org,Butler-Jones,Event,New,GEO0543,2025-09-05T19:45:39,2025-09-30T00:35:43
L002179,stevensonaustin@example.org,Navarro Ltd,Inbound SDR,Qualified,GEO0238,2024-12-11T23:58:40,2025-09-10T16:24:58
L002180,davidjohnson@example.net,Martin-Castillo,Event,Nurture,GEO0507,2024-04-25T11:50:12,2025-03-14T02:47:15
L002181,pellis@example.net,Ford Inc,Referral,Disqualified,GEO0420,2024-11-27T01:29:25,2025-06-27T15:38:33
L002182,robertsjohn@example.net,Johnson Group,Partner,Disqualified,GEO0473,2025-12-11T18:56:26,2026-02-14T08:08:51
L002183,williamterry@example.com,"Munoz, Gonzalez and Mendoza",Inbound SDR,Nurture,GEO0217,2025-05-21T17:50:18,2025-12-05T12:40:08
L002184,rmiller@example.org,Alexander-Skinner,Event,Nurture,GEO0773,2024-07-20T19:25:51,2025-01-22T04:29:34
L002185,kevinscott@example.org,Lloyd-Hamilton,Web,Qualified,GEO0227,2025-04-27T16:44:30,2025-04-30T11:30:01
L002186,raymondbridges@example.net,"Simmons, Nelson and Gomez",Web,New,GEO0358,2025-06-21T18:04:13,2025-09-06T06:51:19
L002187,baileyelizabeth@example.com,Sanchez LLC,Outbound,Disqualified,GEO0464,2024-05-26T13:19:13,2024-08-30T04:07:32
L002188,vneal@example.net,Cook-Rodriguez,Event,Disqualified,GEO0180,2025-10-17T03:33:09,2025-11-08T23:42:25
L002189,bwhite@example.net,Schroeder Ltd,Web,Working,GEO0226,2024-09-27T00:03:38,2024-09-28T18:34:28
L002190,trevorlozano@example.org,"Wyatt, Bentley and Lang",Outbound,Disqualified,GEO0055,2025-11-19T19:28:10,2026-01-26T00:39:38
L002191,melissasanders@example.com,Ball PLC,Partner,Qualified,GEO0208,2025-01-12T21:07:49,2026-01-23T00:06:55
L002192,john74@example.net,"Parker, Davis and Hill",Event,Working,GEO0213,2024-01-02T07:57:03,2024-09-26T16:16:30
L002193,richardwade@example.com,"Blankenship, Hudson and Martin",Outbound,Disqualified,GEO0007,2025-02-23T22:12:38,2025-10-27T03:54:25
L002194,wross@example.net,Burton-Williams,Partner,Qualified,GEO0285,2024-10-25T23:39:00,2025-09-08T15:18:09
L002195,gjones@example.net,Wright PLC,Referral,Working,GEO0502,2025-12-20T11:02:10,2026-01-04T06:40:39
L002196,scott23@example.com,Stark LLC,Referral,New,GEO0636,2024-08-18T06:37:10,2024-10-27T09:36:27
L002197,woodscody@example.net,"Rivas, Perez and Torres",Referral,Working,GEO0071,2025-04-19T02:02:25,2025-04-30T00:52:37
L002198,morenocharles@example.net,Moore-Stark,Web,Working,GEO0119,2025-02-10T11:37:41,2026-01-03T08:48:34
L002199,kevincarroll@example.net,"Wilson, Obrien and Mcdonald",Partner,Nurture,GEO0157,2024-02-04T13:50:45,2026-01-06T18:06:41
L002200,edwarddorsey@example.net,"Haney, Blanchard and Jennings",Outbound,Nurture,GEO0344,2025-09-22T07:36:48,2025-11-12T20:52:32
L002201,morrismichelle@example.com,Armstrong Group,Event,Qualified,GEO0326,2025-11-02T03:25:02,2025-12-04T17:40:25
L002202,michael29@example.net,"Farmer, Jackson and Wang",Referral,New,GEO0740,2025-08-14T19:03:27,2025-11-06T22:34:11
L002203,burnsapril@example.net,Morton Group,Web,Working,GEO0046,2025-07-08T03:59:14,2025-10-06T19:07:40
L002204,derek85@example.org,"Potter, Benjamin and Zavala",Referral,New,GEO0084,2025-02-11T12:53:49,2025-08-07T15:00:59
L002205,hartjennifer@example.com,Allen Ltd,Event,Disqualified,GEO0513,2024-11-26T22:35:10,2025-11-13T19:10:39
L002206,andrearamirez@example.com,"Lee, Stokes and Pratt",Outbound,Nurture,GEO0526,2025-06-19T17:12:21,2025-06-23T03:26:59
L002207,manuelknapp@example.com,"Snyder, Lyons and Navarro",Partner,Working,GEO0376,2025-08-23T21:54:15,2025-10-13T20:27:06
L002208,fowens@example.org,Kelly-Williams,Web,Disqualified,GEO0498,2024-11-25T14:11:27,2025-06-29T20:41:45
L002209,margaret32@example.com,Foster Group,Web,Qualified,GEO0389,2025-11-14T13:08:42,2026-03-01T10:24:09
L002210,matthew87@example.net,Lutz-Sanders,Inbound SDR,Qualified,GEO0339,2025-01-21T11:30:58,2025-10-21T03:24:23
L002211,scott78@example.net,Paul-Sanchez,Event,Nurture,GEO0269,2025-04-16T16:01:09,2025-12-29T20:08:53
L002212,gomezamanda@example.net,"Morse, Bishop and Lloyd",Inbound SDR,New,GEO0481,2024-10-10T20:08:43,2025-10-19T03:02:05
L002213,twilliams@example.net,Norton-Clark,Referral,Working,GEO0650,2025-08-29T23:29:03,2025-10-06T13:25:36
L002214,stevenbecker@example.com,"Walton, Simpson and Parker",Partner,New,GEO0444,2025-11-21T03:23:31,2025-12-12T12:21:10
L002215,julie34@example.net,Rodriguez PLC,Inbound SDR,New,GEO0468,2025-11-10T06:27:22,2026-02-05T22:54:10
L002216,pespinoza@example.net,"Mcmillan, Wallace and Lawson",Referral,Nurture,GEO0468,2026-01-23T18:56:19,2026-02-05T10:27:41
L002217,hannashawn@example.org,Smith-Wang,Inbound SDR,Nurture,GEO0491,2025-07-08T00:02:25,2026-01-19T22:50:49
L002218,maria48@example.com,Mcdaniel-Williams,Outbound,Disqualified,GEO0574,2024-12-18T02:21:53,2025-09-03T08:49:14
L002219,nataliemccullough@example.org,"Jenkins, Kemp and Carroll",Inbound SDR,Disqualified,GEO0660,2024-12-15T21:07:19,2025-10-27T02:43:32
L002220,gregory16@example.net,Miller-Mcguire,Event,Working,GEO0208,2025-06-26T06:58:27,2026-01-15T23:54:45
L002221,michaelcrawford@example.org,"Carpenter, Pitts and Garcia",Inbound SDR,Nurture,GEO0574,2025-05-11T21:35:02,2025-06-02T12:26:10
L002222,robertreynolds@example.com,"Myers, Lambert and Preston",Outbound,Qualified,GEO0044,2024-06-19T02:44:09,2024-10-06T00:10:58
L002223,charlesmiller@example.net,"Morgan, Klein and Hodges",Event,Qualified,GEO0118,2024-02-19T07:45:08,2024-05-20T01:21:27
L002224,joshuaterry@example.com,"Salinas, Mccormick and Singh",Web,New,GEO0591,2025-09-20T14:06:25,2025-11-27T11:17:18
L002225,herrerabrian@example.org,Whitaker-Allen,Inbound SDR,New,GEO0620,2024-05-01T05:48:21,2024-07-12T14:13:50
L002226,sboyer@example.org,Kennedy PLC,Inbound SDR,Disqualified,GEO0090,2026-02-07T08:05:41,2026-02-22T11:01:42
L002227,simonsamuel@example.com,Hill-Hall,Outbound,Working,GEO0087,2024-07-10T17:14:42,2024-10-24T03:24:36
L002228,veronicabryant@example.net,Kelly-Scott,Referral,Working,GEO0542,2024-12-15T11:46:45,2025-10-19T23:45:12
L002229,madisoncarney@example.org,Mcmillan-Gross,Inbound SDR,Working,GEO0184,2025-07-30T05:03:37,2025-08-13T07:10:54
L002230,andrewanderson@example.com,Allen Group,Inbound SDR,New,GEO0099,2024-10-10T00:28:10,2025-09-25T21:06:08
L002231,benjamin75@example.com,Crawford PLC,Outbound,Disqualified,GEO0108,2024-04-14T17:47:45,2025-03-09T09:41:11
L002232,dawnmolina@example.com,Chambers Ltd,Referral,New,GEO0497,2025-05-04T00:37:57,2025-10-04T10:21:29
L002233,jmiller@example.net,King-Scott,Referral,Qualified,GEO0340,2024-09-16T19:36:55,2024-10-07T09:48:15
L002234,javiermahoney@example.org,Ramirez Ltd,Web,Working,GEO0360,2026-01-07T21:27:35,2026-01-16T00:29:28
L002235,gdudley@example.net,Padilla Ltd,Referral,Nurture,GEO0115,2025-06-18T14:21:15,2025-08-25T23:02:25
L002236,abell@example.net,"Robinson, Morales and Cochran",Referral,New,GEO0601,2025-10-19T09:53:07,2025-11-30T22:29:06
L002237,adamsmelvin@example.com,"Kent, Waller and Wiggins",Partner,Working,GEO0586,2024-07-14T14:42:16,2025-06-25T01:10:07
L002238,michelleholmes@example.com,King-Lloyd,Referral,Nurture,GEO0587,2024-10-23T03:05:23,2025-08-09T15:19:39
L002239,davidvillanueva@example.org,Webster LLC,Inbound SDR,Disqualified,GEO0295,2025-04-27T13:50:44,2025-11-25T09:12:39
L002240,anamcmillan@example.com,Howard Group,Referral,Working,GEO0154,2024-04-17T12:04:18,2025-04-27T10:03:38
L002241,djordan@example.org,Harris Group,Event,Nurture,GEO0251,2024-06-24T00:33:59,2025-02-16T09:57:22
L002242,leahsanchez@example.org,Martin PLC,Partner,Working,GEO0780,2024-03-18T03:41:39,2025-02-09T17:40:30
L002243,huntchristopher@example.net,"Wagner, French and Herman",Event,Disqualified,GEO0761,2024-02-17T05:27:13,2025-03-10T20:11:28
L002244,gonzalezjoshua@example.net,"Randolph, Stafford and Marshall",Referral,Working,GEO0144,2024-10-06T10:35:20,2025-05-14T18:26:15
L002245,glee@example.net,Decker LLC,Referral,New,GEO0290,2024-12-15T18:36:33,2025-04-04T21:57:42
L002246,peterdunlap@example.com,"Sullivan, Chandler and Mann",Outbound,Nurture,GEO0042,2024-12-12T00:40:33,2025-11-20T14:58:51
L002247,amyandrews@example.com,Flores Group,Outbound,Qualified,GEO0090,2024-09-26T10:08:33,2025-11-08T17:13:43
L002248,fortiz@example.com,Ortiz-Johnson,Referral,Nurture,GEO0012,2025-07-12T05:17:30,2026-02-03T20:50:27
L002249,smithstephanie@example.net,Johnson Group,Event,New,GEO0048,2024-04-02T07:16:14,2025-09-07T07:15:23
L002250,nicole00@example.net,"Mullins, Hamilton and Rasmussen",Partner,Qualified,GEO0562,2024-01-27T18:30:43,2025-11-28T08:18:43
L002251,josephhill@example.net,"Adams, Hall and Garcia",Partner,Qualified,GEO0150,2024-09-15T21:49:29,2025-01-19T14:17:38
L002252,abigailwells@example.com,Jackson-Rubio,Inbound SDR,Disqualified,GEO0691,2024-01-08T10:54:20,2024-06-18T19:49:34
L002253,george85@example.org,Burton-Johns,Web,Qualified,GEO0604,2024-01-07T15:57:59,2025-10-03T13:45:23
L002254,vmurphy@example.net,"Graves, Ortiz and Holt",Web,Working,GEO0422,2024-07-28T14:40:00,2024-11-22T03:31:50
L002255,pricesarah@example.com,Bennett Ltd,Outbound,Disqualified,GEO0010,2025-04-29T23:54:42,2025-09-23T19:53:44
L002256,kellyjonathan@example.com,"Hobbs, Davis and Williams",Event,Qualified,GEO0186,2026-01-05T23:24:47,2026-01-25T16:42:32
L002257,barbara27@example.com,Cruz LLC,Partner,Nurture,GEO0383,2025-09-20T04:04:43,2025-12-08T15:23:34
L002258,donaldritter@example.org,"Barrett, Kim and Thompson",Web,Qualified,GEO0777,2024-11-24T23:16:01,2025-09-14T19:42:47
L002259,chad97@example.com,Davis Ltd,Outbound,Working,GEO0361,2026-01-14T08:40:13,2026-02-08T19:41:02
L002260,sheilaperry@example.org,Smith-Buchanan,Partner,Nurture,GEO0224,2024-05-11T10:49:21,2024-11-12T11:04:26
L002261,ksmith@example.org,"Brady, Alvarez and Schultz",Partner,Working,GEO0273,2024-04-30T10:56:18,2024-05-28T02:28:38
L002262,nrussell@example.com,Kelley and Sons,Event,Nurture,GEO0109,2025-12-22T18:33:52,2026-01-21T08:12:30
L002263,donaldmoss@example.net,"Dixon, Kelly and Martin",Event,Working,GEO0181,2024-02-15T02:02:22,2024-08-05T16:58:15
L002264,terrancemiller@example.org,"Frazier, Dalton and Horn",Outbound,Disqualified,GEO0099,2025-01-08T23:15:12,2025-02-07T01:58:50
L002265,wsmith@example.com,Munoz Ltd,Event,Qualified,GEO0002,2024-08-23T03:31:11,2025-12-26T02:16:54
L002266,stacypearson@example.org,Barton and Sons,Outbound,Qualified,GEO0156,2026-02-16T17:01:39,2026-02-22T00:11:44
L002267,amy26@example.com,"Cook, Taylor and Hickman",Event,New,GEO0286,2024-02-20T17:06:49,2024-08-28T20:33:51
L002268,mspencer@example.com,"Mcgee, May and Solomon",Event,New,GEO0088,2025-04-27T14:36:45,2025-08-02T04:01:44
L002269,zgarcia@example.net,Young-Alvarez,Inbound SDR,Working,GEO0228,2024-01-17T08:09:27,2025-10-28T22:13:58
L002270,gonzalezmargaret@example.net,Marsh-Jackson,Referral,Working,GEO0215,2025-02-08T12:04:58,2025-10-30T08:29:27
L002271,mmorse@example.com,Johnson-Marshall,Outbound,New,GEO0710,2026-02-05T19:51:42,2026-02-12T15:06:44
L002272,toddlewis@example.net,Jackson Ltd,Web,Working,GEO0542,2026-01-07T17:14:54,2026-01-27T23:49:46
L002273,nwong@example.org,Mullen and Sons,Event,Disqualified,GEO0301,2024-07-27T03:11:28,2025-03-09T03:01:26
L002274,warrenamber@example.org,Bell-Spencer,Partner,Working,GEO0709,2026-02-01T03:49:21,2026-02-04T16:49:00
L002275,samantha27@example.net,Grant Inc,Partner,Nurture,GEO0310,2025-12-26T21:52:27,2026-01-22T15:30:02
L002276,tatkins@example.com,Harrison Group,Outbound,Working,GEO0768,2025-11-13T01:01:40,2025-12-05T03:49:52
L002277,scottangela@example.net,Davis and Sons,Inbound SDR,New,GEO0797,2024-01-06T10:35:01,2025-08-25T19:52:33
L002278,lturner@example.com,"Porter, Garcia and Humphrey",Outbound,Working,GEO0220,2026-01-14T23:10:27,2026-02-09T10:26:53
L002279,torresdavid@example.net,Richardson-Davis,Event,New,GEO0173,2025-07-22T04:34:22,2025-07-25T06:34:34
L002280,lisa75@example.com,"Cook, Klein and Thomas",Referral,Nurture,GEO0286,2026-01-21T13:30:57,2026-01-25T14:24:20
L002281,gbennett@example.org,Mendez-Adams,Outbound,Nurture,GEO0454,2024-08-03T07:33:15,2025-08-11T05:41:06
L002282,william54@example.org,Baldwin Ltd,Inbound SDR,Nurture,GEO0374,2026-02-12T02:54:33,2026-02-13T20:52:16
L002283,zbeasley@example.net,Gordon-Hale,Web,Qualified,GEO0651,2025-12-09T16:34:14,2025-12-12T07:45:44
L002284,alicialee@example.org,"Torres, Keller and Hartman",Web,New,GEO0171,2024-04-15T02:49:49,2024-10-03T14:16:31
L002285,millerdiamond@example.net,Moore-Jacobson,Event,Nurture,GEO0335,2024-02-05T01:42:38,2025-07-28T10:40:46
L002286,amymacdonald@example.org,"Schmidt, Griffin and Fernandez",Web,Qualified,GEO0417,2025-02-07T12:47:11,2025-03-22T11:16:16
L002287,oharris@example.com,Hall Group,Outbound,Nurture,GEO0408,2025-02-05T19:48:29,2025-08-28T03:34:20
L002288,john95@example.org,"Shepard, Lee and Willis",Referral,Nurture,GEO0310,2025-05-05T16:57:27,2025-11-30T04:22:03
L002289,qperez@example.org,Roberts-Wheeler,Event,Disqualified,GEO0596,2024-06-24T10:05:34,2024-09-16T16:21:52
L002290,gpowell@example.net,"Harris, Alvarez and Ortiz",Web,Disqualified,GEO0314,2024-09-02T20:11:16,2025-05-10T17:43:59
L002291,johnsalinas@example.org,Carter PLC,Web,New,GEO0555,2024-07-24T08:06:00,2024-09-05T19:44:22
L002292,paul02@example.net,Gray-Smith,Referral,Disqualified,GEO0338,2025-04-21T23:37:54,2025-09-04T23:43:05
L002293,qharrison@example.net,Gonzalez and Sons,Partner,Disqualified,GEO0074,2025-12-09T15:25:20,2026-01-08T01:42:16
L002294,marcia30@example.com,"English, Johnson and Wright",Outbound,Working,GEO0224,2025-06-20T22:08:05,2025-09-14T11:02:48
L002295,nicholas16@example.com,Williams Inc,Inbound SDR,Disqualified,GEO0259,2024-07-13T13:44:32,2024-08-09T03:04:26
L002296,jelliott@example.org,Castro PLC,Web,Working,GEO0380,2025-07-22T17:58:58,2025-11-15T08:02:55
L002297,lewisdouglas@example.org,Smith and Sons,Partner,Nurture,GEO0558,2025-02-02T04:46:10,2025-02-22T14:15:50
L002298,castroricky@example.net,"Burgess, Bennett and Ortiz",Outbound,Nurture,GEO0512,2025-01-17T04:02:08,2026-01-03T20:08:37
L002299,jamesduncan@example.net,White Group,Event,Disqualified,GEO0582,2024-09-14T11:06:12,2024-11-25T19:59:34
L002300,wgomez@example.org,"Lee, Pena and Newton",Inbound SDR,Nurture,GEO0375,2025-08-16T20:42:33,2026-02-24T09:48:56
L002301,thomas98@example.com,"Baxter, Bowen and Evans",Inbound SDR,New,GEO0750,2025-05-07T15:04:45,2026-01-15T07:51:01
L002302,nferguson@example.org,"Davis, Rowe and Peterson",Web,Working,GEO0488,2025-11-13T11:25:46,2025-11-16T03:13:47
L002303,danielenglish@example.net,Brennan-Knight,Event,Disqualified,GEO0133,2025-08-24T23:30:25,2025-11-18T19:32:17
L002304,catherine38@example.com,"Lewis, Harris and Lowe",Outbound,Qualified,GEO0341,2024-12-24T05:04:44,2025-11-09T01:41:20
L002305,patriciapratt@example.com,"Montoya, Gibson and Moore",Outbound,New,GEO0355,2024-06-11T17:07:54,2024-06-24T22:26:37
L002306,christina42@example.org,Roman Ltd,Referral,New,GEO0159,2025-03-07T17:52:28,2025-07-09T21:57:46
L002307,karen85@example.com,Elliott PLC,Referral,Nurture,GEO0655,2025-10-30T10:50:30,2026-02-16T02:44:05
L002308,fuenteskelly@example.net,"Garcia, Shaw and Davidson",Inbound SDR,Working,GEO0770,2024-01-22T07:19:28,2025-05-04T22:03:17
L002309,moorebenjamin@example.net,Patel LLC,Inbound SDR,Working,GEO0599,2025-04-26T18:03:51,2025-07-18T06:50:33
L002310,ellisstephanie@example.org,"Adams, Leblanc and Wilkerson",Inbound SDR,New,GEO0164,2025-07-09T06:36:45,2025-09-02T14:08:36
L002311,carlbrown@example.org,Powers-Hobbs,Web,Disqualified,GEO0087,2025-09-06T17:31:25,2025-11-08T05:55:09
L002312,gail73@example.com,Wright-Harris,Web,New,GEO0367,2025-10-30T16:59:47,2025-11-10T23:17:16
L002313,cgarcia@example.net,"Foster, Lawrence and Mitchell",Referral,Disqualified,GEO0150,2024-02-15T00:26:58,2025-09-19T21:17:34
L002314,gregoryjohnson@example.org,Hurley-Campbell,Referral,Qualified,GEO0754,2024-06-26T21:05:16,2025-11-26T09:24:15
L002315,wrightlisa@example.net,Zimmerman-Kim,Referral,Qualified,GEO0773,2024-10-26T14:50:30,2024-12-11T08:49:10
L002316,corydavis@example.com,Monroe and Sons,Outbound,Nurture,GEO0291,2024-12-25T21:54:54,2025-04-28T07:03:31
L002317,xshaffer@example.org,"Mclaughlin, Johnson and Kennedy",Inbound SDR,Qualified,GEO0686,2024-05-09T06:58:04,2024-09-23T23:50:21
L002318,cainjeremy@example.com,Erickson Ltd,Outbound,Disqualified,GEO0604,2025-03-19T12:06:45,2025-08-12T12:57:56
L002319,eperez@example.net,"Mitchell, Price and Leblanc",Outbound,Nurture,GEO0017,2025-09-12T03:16:10,2025-12-21T13:41:46
L002320,antonio29@example.net,Griffin PLC,Event,New,GEO0693,2025-10-10T07:12:47,2025-11-22T23:00:13
L002321,gina40@example.com,Barrett-Henry,Web,New,GEO0078,2024-08-13T19:34:38,2026-02-13T19:13:37
L002322,kwillis@example.org,"Holloway, Daniels and Torres",Event,New,GEO0419,2025-02-18T15:19:18,2025-06-12T23:16:08
L002323,natalie95@example.net,"Adams, Martinez and Hardin",Web,Disqualified,GEO0498,2025-07-18T20:53:49,2025-08-18T16:19:56
L002324,avaldez@example.com,"Lee, Castro and Thomas",Partner,Working,GEO0415,2025-02-12T16:44:46,2026-01-12T05:00:07
L002325,yangtimothy@example.net,English LLC,Referral,Qualified,GEO0481,2024-02-21T05:42:34,2025-06-11T03:47:49
L002326,erinwalton@example.com,White-Mccall,Event,Qualified,GEO0572,2024-03-22T16:33:41,2025-08-02T17:43:38
L002327,chadmartinez@example.com,Mendez Ltd,Referral,Working,GEO0583,2025-06-28T20:31:14,2026-01-11T05:01:51
L002328,patrickpitts@example.com,"Lawson, Flores and Williams",Referral,Nurture,GEO0160,2024-07-04T10:14:39,2025-09-01T10:48:42
L002329,alexanderflynn@example.com,Hayes Group,Referral,New,GEO0455,2024-10-15T22:29:57,2025-07-14T13:52:54
L002330,anthonybrooks@example.net,"Simon, Cole and Wilson",Web,Qualified,GEO0402,2024-12-03T15:17:04,2025-07-05T17:55:33
L002331,courtneyduke@example.net,"Hamilton, Harmon and Weeks",Referral,New,GEO0400,2024-03-27T09:26:36,2025-09-08T08:05:39
L002332,morrisemily@example.org,Campbell Group,Event,Disqualified,GEO0684,2026-02-17T11:58:12,2026-02-25T18:14:51
L002333,kenneth62@example.com,Jones-Conrad,Event,Qualified,GEO0162,2024-04-10T20:03:40,2024-04-23T23:37:21
L002334,awiley@example.com,"Bradley, Hall and Klein",Event,New,GEO0229,2025-02-22T17:51:34,2025-03-05T21:04:37
L002335,caitlin57@example.com,Smith and Sons,Event,Disqualified,GEO0504,2024-08-05T06:18:38,2025-04-06T16:47:47
L002336,angela63@example.org,"Odonnell, Allen and Harris",Referral,New,GEO0720,2025-05-04T08:19:15,2026-02-17T03:21:42
L002337,lopezalex@example.org,Johnson-Reyes,Inbound SDR,Working,GEO0396,2025-09-01T13:31:22,2025-10-30T11:39:16
L002338,bmorgan@example.com,"Johnson, Vance and Fernandez",Event,Nurture,GEO0355,2025-03-23T15:22:11,2025-10-28T23:10:56
L002339,blairlaura@example.com,Moore Ltd,Referral,Working,GEO0115,2024-05-03T17:42:53,2025-09-08T19:25:00
L002340,plopez@example.org,Rodriguez Group,Event,New,GEO0770,2024-05-27T03:20:21,2025-11-14T07:48:03
L002341,karenhammond@example.com,Raymond Group,Web,Disqualified,GEO0078,2024-04-24T22:50:52,2025-06-20T09:51:48
L002342,marcusross@example.net,"Cervantes, Green and Freeman",Web,Working,GEO0714,2025-03-23T05:04:47,2025-06-07T17:15:41
L002343,powellmark@example.com,Allen-King,Web,New,GEO0215,2024-08-16T22:39:53,2024-10-05T20:25:51
L002344,jennifer05@example.com,Wilkerson Inc,Partner,Working,GEO0484,2025-08-25T10:07:08,2026-02-04T08:43:41
L002345,fboyd@example.com,Clements-Jacobs,Partner,New,GEO0629,2025-09-16T05:40:43,2025-10-03T16:57:38
L002346,nlee@example.net,Clark and Sons,Inbound SDR,New,GEO0663,2024-02-13T00:37:04,2024-10-20T04:23:12
L002347,laurenharris@example.org,Osborne-Rojas,Referral,New,GEO0430,2024-03-16T18:46:03,2026-02-23T08:29:57
L002348,kristy44@example.net,White Inc,Outbound,Working,GEO0138,2025-12-06T23:00:00,2026-01-05T22:41:59
L002349,hsanchez@example.org,Hamilton and Sons,Event,Disqualified,GEO0230,2024-04-15T02:12:55,2024-10-07T11:42:56
L002350,vkelley@example.org,Ingram-Hendrix,Referral,Nurture,GEO0529,2024-01-27T00:14:16,2025-03-15T10:32:20
L002351,pblankenship@example.com,Blair Inc,Inbound SDR,Nurture,GEO0655,2025-01-08T00:48:53,2025-04-09T09:14:46
L002352,robertshaw@example.com,Hoffman and Sons,Event,New,GEO0453,2025-03-21T03:06:52,2025-04-07T07:28:52
L002353,oconnorthomas@example.net,"Taylor, Washington and Mitchell",Web,Nurture,GEO0570,2025-11-16T17:27:49,2026-02-24T01:51:49
L002354,jamesjanice@example.net,"Young, Torres and Dickerson",Inbound SDR,Nurture,GEO0059,2024-02-19T10:07:08,2025-03-21T22:27:17
L002355,gary62@example.net,Higgins-Carter,Partner,Qualified,GEO0010,2025-09-01T22:17:19,2026-02-21T07:30:46
L002356,castromario@example.com,Bailey-Patterson,Web,New,GEO0037,2025-01-28T18:49:09,2025-08-02T18:17:18
L002357,tranfrancisco@example.net,Green PLC,Partner,Working,GEO0154,2025-01-16T14:53:37,2025-12-27T20:52:06
L002358,jacobsnicholas@example.net,Nguyen-Kelly,Partner,Disqualified,GEO0583,2024-10-02T02:42:45,2025-05-03T09:50:06
L002359,madkins@example.org,Hernandez-Sloan,Inbound SDR,Qualified,GEO0680,2025-01-17T18:06:39,2025-03-29T18:05:11
L002360,kjones@example.net,"Lopez, Palmer and Davis",Event,Disqualified,GEO0049,2025-03-09T15:44:07,2025-09-23T20:31:06
L002361,peckdawn@example.com,Peterson Group,Web,New,GEO0050,2024-03-16T14:39:35,2025-03-14T02:57:36
L002362,mkelley@example.net,Kent-Jackson,Partner,New,GEO0530,2024-07-01T01:17:54,2025-03-02T18:50:37
L002363,david63@example.com,"Clark, Lee and Bartlett",Referral,Disqualified,GEO0526,2025-03-22T20:31:51,2025-05-21T14:27:37
L002364,lindseywhite@example.net,Dunlap Inc,Referral,Nurture,GEO0269,2024-07-20T03:56:30,2025-08-01T04:14:02
L002365,trevor69@example.net,Moses-Guzman,Inbound SDR,Nurture,GEO0773,2024-07-24T04:26:44,2024-08-01T05:58:50
L002366,patriciagordon@example.net,Pittman-Shaffer,Outbound,Disqualified,GEO0182,2024-10-07T19:24:26,2026-01-17T07:42:22
L002367,michaelashley@example.net,"Nguyen, Lewis and Robinson",Event,Working,GEO0419,2025-05-23T23:26:09,2025-09-19T05:50:56
L002368,laurascott@example.com,"Gutierrez, Shepard and Cox",Outbound,New,GEO0053,2025-11-20T16:50:10,2025-12-26T03:37:28
L002369,jasminebrooks@example.com,Bradford Ltd,Referral,Working,GEO0713,2024-12-03T04:35:50,2026-01-27T08:02:37
L002370,fcrawford@example.com,Miller-Adams,Inbound SDR,Disqualified,GEO0410,2024-08-14T08:09:50,2025-04-20T11:52:01
L002371,rowefrank@example.net,Deleon Inc,Referral,Working,GEO0443,2024-08-03T13:20:56,2025-09-24T08:05:34
L002372,bullockmichelle@example.org,"Santana, Jackson and Hampton",Referral,Qualified,GEO0244,2024-05-07T06:00:59,2026-01-05T05:28:02
L002373,pharris@example.net,"Wallace, Berry and Miller",Inbound SDR,Disqualified,GEO0177,2025-05-25T21:41:24,2026-02-21T19:05:02
L002374,janet90@example.com,Knight-Morgan,Partner,New,GEO0217,2025-11-30T14:10:38,2025-12-23T08:50:08
L002375,robertchung@example.com,Mcdonald-Stanley,Partner,Disqualified,GEO0683,2025-08-15T22:03:56,2025-11-20T06:46:51
L002376,pamelaconner@example.net,"Wilson, Collins and Huber",Outbound,Qualified,GEO0036,2025-08-08T14:14:38,2025-09-22T20:14:41
L002377,scottnathan@example.org,Washington and Sons,Web,Nurture,GEO0348,2024-07-06T03:10:26,2025-12-04T21:13:15
L002378,tamara05@example.com,"Lopez, Robinson and Schroeder",Inbound SDR,Qualified,GEO0128,2024-04-04T09:14:02,2024-07-01T15:04:51
L002379,megan62@example.org,Thomas-Meyer,Inbound SDR,Disqualified,GEO0020,2025-08-05T02:53:02,2025-11-17T10:04:47
L002380,rebekahwilliamson@example.net,Marshall and Sons,Inbound SDR,Qualified,GEO0134,2025-12-15T09:21:53,2026-02-23T01:39:50
L002381,margaret96@example.com,"Costa, Carr and Sanchez",Event,Qualified,GEO0121,2025-09-15T02:56:27,2025-11-26T23:39:11
L002382,wjacobs@example.net,"Garcia, Perez and Evans",Web,Working,GEO0432,2025-04-04T10:59:22,2026-01-28T06:07:39
L002383,brooke34@example.net,Forbes-Stevens,Outbound,Working,GEO0434,2024-10-20T01:40:09,2024-12-12T17:06:46
L002384,dday@example.org,"Cox, Barajas and Porter",Partner,Disqualified,GEO0775,2024-07-02T11:41:29,2025-12-10T11:35:39
L002385,traceypearson@example.org,Taylor-Bass,Inbound SDR,New,GEO0712,2024-01-06T02:26:28,2025-08-02T00:52:28
L002386,othomas@example.com,Brown and Sons,Event,Disqualified,GEO0629,2024-07-28T12:40:48,2024-12-24T07:48:53
L002387,dana94@example.com,"Blair, Jackson and Washington",Web,Disqualified,GEO0520,2026-03-01T05:30:48,2026-03-02T17:17:50
L002388,ecook@example.net,Keith Inc,Outbound,New,GEO0470,2024-02-21T23:35:32,2026-02-02T19:54:30
L002389,nicole74@example.net,Smith PLC,Event,Qualified,GEO0521,2024-05-27T17:22:24,2024-08-17T07:24:24
L002390,emilygraham@example.org,Alvarado Ltd,Referral,Qualified,GEO0015,2024-06-13T17:28:12,2025-04-11T09:34:29
L002391,jeffreyaguilar@example.net,Rodriguez-Smith,Web,Working,GEO0682,2025-02-05T18:58:43,2025-10-30T04:49:04
L002392,ann06@example.com,Lambert-Young,Web,Working,GEO0147,2024-03-26T15:53:32,2025-03-05T18:45:00
L002393,james68@example.com,"Gonzalez, Brewer and Taylor",Referral,New,GEO0071,2025-11-13T12:42:00,2025-12-01T10:13:10
L002394,chase86@example.com,Taylor-Robinson,Event,Disqualified,GEO0178,2024-10-02T00:22:37,2025-02-01T08:31:56
L002395,marissa30@example.net,Vasquez-Brown,Referral,Disqualified,GEO0059,2024-01-29T23:25:59,2025-02-15T01:24:17
L002396,mooneyregina@example.net,Rivera-Mckenzie,Referral,Disqualified,GEO0131,2026-02-27T06:43:31,2026-03-01T12:06:55
L002397,desiree90@example.com,Reyes-Reid,Event,Working,GEO0243,2025-12-08T15:33:11,2026-01-29T23:05:44
L002398,brittanyferrell@example.net,Bailey-Carpenter,Referral,Working,GEO0739,2025-07-26T18:18:05,2025-08-14T02:45:49
L002399,phillipwood@example.org,Gonzalez-Hill,Partner,Qualified,GEO0079,2026-01-28T13:24:59,2026-01-29T18:19:55
L002400,marshallsean@example.com,Jones-Smith,Inbound SDR,Nurture,GEO0441,2025-09-05T02:27:32,2025-09-18T09:01:22
L002401,gatesdenise@example.org,"Flores, Gonzales and Lee",Referral,Disqualified,GEO0514,2024-02-10T22:10:31,2025-05-17T05:34:25
L002402,douglas24@example.com,"Greene, Brown and Hart",Event,Working,GEO0696,2025-03-22T11:57:40,2025-07-17T01:00:52
L002403,susangilbert@example.net,Huang-Brooks,Web,Qualified,GEO0388,2024-10-08T07:50:07,2025-10-08T18:18:44
L002404,zacharymoore@example.net,Dominguez-Lopez,Event,Qualified,GEO0059,2024-04-18T23:46:17,2025-01-09T06:14:53
L002405,jason80@example.org,Cline Inc,Event,Disqualified,GEO0204,2024-11-30T05:19:27,2025-07-13T23:03:51
L002406,richardpaul@example.org,Cook LLC,Inbound SDR,Nurture,GEO0165,2025-07-17T10:00:17,2025-09-15T15:51:12
L002407,marcbraun@example.net,"Howard, Cohen and Weber",Inbound SDR,New,GEO0265,2025-05-09T04:20:25,2026-02-27T23:57:34
L002408,bryanchad@example.org,Nelson-Washington,Web,New,GEO0243,2024-03-27T22:16:30,2026-01-11T09:51:34
L002409,timothy97@example.net,Rice-Haynes,Web,Working,GEO0115,2024-12-12T16:57:08,2025-05-15T22:26:50
L002410,xsoto@example.org,Thompson Ltd,Web,Qualified,GEO0089,2025-12-16T03:29:32,2026-02-25T03:14:58
L002411,nathaniel27@example.net,"Hines, Reyes and White",Referral,Nurture,GEO0254,2025-01-01T04:05:34,2026-01-30T02:52:08
L002412,william01@example.net,"Brown, Paul and Cooley",Web,Nurture,GEO0667,2025-03-06T11:02:57,2025-10-25T19:21:26
L002413,suzanne87@example.org,Davis-Rose,Inbound SDR,Nurture,GEO0458,2025-05-16T20:29:27,2025-06-20T22:11:02
L002414,urocha@example.com,"Dickerson, Stanton and Mccormick",Event,Working,GEO0276,2024-04-17T16:13:18,2024-09-28T04:56:36
L002415,hporter@example.org,Cooper-Richmond,Outbound,Working,GEO0300,2025-06-04T21:38:26,2025-07-23T18:41:20
L002416,ohall@example.net,Turner and Sons,Event,Working,GEO0390,2025-10-03T08:23:59,2026-02-14T14:08:32
L002417,rebecca97@example.org,"Marquez, Reed and Gross",Outbound,Working,GEO0505,2024-04-12T04:09:28,2025-06-20T14:36:10
L002418,petersonmichael@example.org,Davis-Daniel,Web,Disqualified,GEO0377,2025-04-02T21:21:16,2025-05-09T06:56:12
L002419,oharper@example.com,"Fuller, Stewart and Hebert",Partner,Qualified,GEO0657,2024-04-29T23:18:47,2025-07-12T04:15:51
L002420,gainesmackenzie@example.org,Graham Group,Inbound SDR,Working,GEO0198,2025-06-25T13:40:13,2025-10-07T18:54:00
L002421,stephanie82@example.net,"Santos, Hurst and Stout",Outbound,New,GEO0603,2024-12-16T07:04:19,2025-05-04T23:06:09
L002422,dyerjoseph@example.net,Lopez PLC,Outbound,Nurture,GEO0295,2024-01-26T09:25:15,2025-09-26T10:11:16
L002423,matthew91@example.net,"Brown, Lopez and Harris",Referral,Qualified,GEO0365,2025-02-17T23:09:05,2025-09-04T00:13:58
L002424,deborah22@example.org,"Armstrong, Reid and Robinson",Partner,New,GEO0658,2025-05-29T00:28:13,2025-12-16T20:42:56
L002425,deborah46@example.org,Collier Group,Web,New,GEO0763,2024-11-25T06:12:10,2025-07-18T08:16:38
L002426,pettychristopher@example.org,Monroe-Everett,Web,Nurture,GEO0401,2025-04-26T03:58:19,2026-01-19T05:48:05
L002427,zhunter@example.com,Brown-Baker,Partner,Disqualified,GEO0051,2026-02-05T01:44:56,2026-02-23T14:39:02
L002428,jennifer72@example.net,"Sanders, Smith and Martinez",Event,New,GEO0308,2025-10-12T07:55:59,2026-02-15T07:46:49
L002429,chapmanshannon@example.org,"Lawson, Martinez and Marsh",Event,Qualified,GEO0260,2025-01-06T00:00:58,2025-11-27T03:58:08
L002430,rlewis@example.com,Castillo Inc,Referral,Qualified,GEO0666,2024-06-08T07:50:42,2024-07-27T00:48:04
L002431,carterabigail@example.org,"Crawford, Palmer and Conner",Partner,Working,GEO0652,2025-09-08T23:57:45,2026-01-29T16:02:39
L002432,cpowell@example.com,"Miller, Contreras and Ross",Partner,Disqualified,GEO0043,2024-05-26T22:55:53,2024-10-05T01:02:22
L002433,dunlapdavid@example.net,Riley-Castro,Partner,New,GEO0141,2024-12-02T11:25:39,2025-01-17T16:28:52
L002434,john96@example.org,"Gonzalez, Lindsey and Miller",Partner,Nurture,GEO0024,2025-12-20T20:53:16,2026-02-06T05:26:04
L002435,castillojessica@example.net,Gutierrez PLC,Referral,Working,GEO0088,2024-08-08T03:27:50,2026-01-30T05:34:00
L002436,hgraves@example.org,"Smith, Cameron and Henry",Web,Disqualified,GEO0416,2025-11-22T12:11:06,2026-01-21T07:46:01
L002437,ashley09@example.org,Garcia Inc,Outbound,Working,GEO0732,2024-01-04T02:52:15,2024-10-23T13:08:46
L002438,leonardkenneth@example.net,Norris-Williams,Partner,Working,GEO0710,2024-12-08T08:18:14,2025-07-17T13:21:54
L002439,bespinoza@example.org,"Grimes, Dunlap and Haas",Event,New,GEO0708,2024-05-30T03:00:48,2024-11-26T12:56:33
L002440,johnthompson@example.net,Bradshaw LLC,Referral,Working,GEO0551,2024-01-19T01:40:57,2025-04-29T12:46:39
L002441,jay00@example.com,Moody Ltd,Web,New,GEO0192,2024-12-28T17:29:10,2025-12-29T07:13:58
L002442,jasonbailey@example.com,"Fox, Garcia and Reynolds",Event,Disqualified,GEO0482,2025-12-12T03:30:34,2026-02-21T00:47:04
L002443,ryan49@example.org,Simmons Inc,Web,Working,GEO0624,2024-09-24T05:50:44,2025-02-25T04:52:55
L002444,grant72@example.com,"Hill, Pacheco and Davis",Web,Disqualified,GEO0577,2025-07-03T19:35:08,2026-01-18T12:18:45
L002445,jgarcia@example.com,Hardin Ltd,Partner,Nurture,GEO0093,2024-05-09T04:27:09,2025-02-20T08:42:49
L002446,riverarobert@example.com,Kim Group,Referral,Qualified,GEO0380,2025-06-22T19:40:32,2025-12-20T22:28:30
L002447,leonardshelley@example.org,"Douglas, Obrien and Bradley",Event,New,GEO0572,2025-12-29T12:21:07,2026-01-01T01:56:57
L002448,ashley69@example.com,Bradley LLC,Web,Disqualified,GEO0735,2024-05-01T23:59:14,2025-03-17T13:30:44
L002449,nguyeneileen@example.org,"Ramos, Koch and Hardin",Web,Working,GEO0611,2026-01-10T10:11:17,2026-01-11T18:57:14
L002450,philip18@example.net,Rodgers-Green,Referral,Disqualified,GEO0231,2025-12-24T11:08:31,2026-02-02T12:05:28
L002451,nholt@example.net,"Jones, Phelps and Sweeney",Partner,Working,GEO0489,2024-03-24T14:58:56,2026-02-20T19:44:24
L002452,james01@example.com,"Weber, Lin and Lee",Outbound,Working,GEO0589,2025-05-15T14:00:59,2025-09-29T02:57:11
L002453,paula50@example.net,Williams-Wilson,Referral,Qualified,GEO0320,2024-11-25T08:54:51,2025-08-13T14:50:33
L002454,karenperkins@example.org,"Gomez, Williams and Stone",Partner,Disqualified,GEO0202,2024-03-13T06:22:49,2025-07-11T05:51:22
L002455,mmiller@example.org,"Norris, Ward and Mitchell",Outbound,Working,GEO0538,2025-02-26T00:02:32,2025-05-14T10:07:58
L002456,ashleygraves@example.org,Smith-Mcguire,Partner,Working,GEO0445,2024-06-11T02:47:37,2025-07-17T05:50:27
L002457,christopherwarren@example.org,Brown Ltd,Inbound SDR,Working,GEO0423,2026-01-14T07:27:22,2026-03-01T06:43:33
L002458,bpoole@example.com,Clark LLC,Outbound,Qualified,GEO0756,2024-10-09T14:15:15,2025-09-09T12:10:13
L002459,bcarter@example.net,Day-Smith,Inbound SDR,Working,GEO0377,2024-10-17T11:56:42,2025-11-15T04:34:38
L002460,swood@example.org,Reed-Sanchez,Inbound SDR,Qualified,GEO0522,2025-03-14T00:25:16,2025-10-30T23:21:59
L002461,jennaanderson@example.com,Nguyen Group,Event,Working,GEO0240,2024-08-11T21:22:53,2025-11-25T06:35:08
L002462,todddonna@example.com,Arnold Group,Outbound,New,GEO0565,2024-10-21T18:44:12,2025-12-03T12:21:11
L002463,johnsonjeffery@example.net,"Patrick, Smith and Holland",Partner,Disqualified,GEO0601,2026-02-21T18:32:58,2026-03-01T22:23:58
L002464,morselaura@example.org,Blake LLC,Web,Nurture,GEO0102,2025-10-17T11:48:37,2025-11-27T21:02:25
L002465,dominguezjennifer@example.net,Miller Ltd,Referral,Working,GEO0698,2026-01-05T15:03:24,2026-02-15T14:39:52
L002466,leslie41@example.org,"Diaz, Padilla and Taylor",Event,New,GEO0628,2024-04-28T04:35:50,2025-03-27T10:51:31
L002467,lawrencehoward@example.net,Anthony-Jackson,Outbound,Disqualified,GEO0276,2025-09-23T06:45:57,2025-10-31T03:45:54
L002468,dudleyjasmine@example.org,"Wang, Richardson and Johnson",Partner,Working,GEO0377,2025-02-14T05:13:01,2025-11-15T17:42:02
L002469,williamward@example.net,"Poole, Haley and Thomas",Event,Working,GEO0615,2025-12-27T11:39:35,2026-02-22T02:16:49
L002470,darlene13@example.net,Mcintosh-Ortiz,Partner,New,GEO0151,2024-06-24T05:14:46,2025-09-03T08:24:25
L002471,schroedersharon@example.org,Jensen Ltd,Event,New,GEO0228,2025-02-12T22:23:35,2025-12-14T08:21:15
L002472,xmoore@example.net,Mosley-Thomas,Event,Disqualified,GEO0437,2024-06-04T23:56:46,2025-01-21T11:28:51
L002473,melanietaylor@example.com,Sullivan-Lee,Event,Disqualified,GEO0731,2025-06-06T14:49:47,2025-08-02T11:44:48
L002474,donna04@example.com,"Graham, Lara and Baker",Event,New,GEO0191,2024-10-12T19:31:00,2025-09-09T11:55:55
L002475,dmacias@example.com,Martin-Oliver,Referral,New,GEO0524,2024-09-18T09:22:14,2024-10-27T09:46:22
L002476,gregory29@example.org,Rodriguez-Cruz,Referral,Working,GEO0747,2025-10-24T22:54:20,2026-02-12T13:45:23
L002477,csullivan@example.com,"Fuentes, Burton and Wright",Outbound,Working,GEO0597,2025-04-12T21:11:54,2025-10-10T13:10:25
L002478,milleramanda@example.org,Lee PLC,Event,Disqualified,GEO0618,2025-01-02T18:54:24,2026-02-19T04:42:51
L002479,lorilewis@example.com,"Cook, Chambers and Wilson",Inbound SDR,Qualified,GEO0512,2024-12-03T01:32:05,2024-12-05T17:20:28
L002480,hnguyen@example.net,Owens Group,Web,Disqualified,GEO0161,2025-07-21T00:19:22,2025-12-18T16:47:32
L002481,tranelizabeth@example.com,"Campbell, Decker and Jenkins",Event,Working,GEO0156,2025-08-21T02:38:38,2025-11-30T02:28:42
L002482,perezjames@example.net,Burnett Group,Event,Nurture,GEO0790,2025-02-24T07:08:38,2025-02-26T15:26:20
L002483,tiffanythompson@example.org,Smith-Ross,Event,Working,GEO0715,2025-07-27T22:18:47,2025-12-10T18:57:32
L002484,rfry@example.org,"Welch, Vargas and Patel",Inbound SDR,Qualified,GEO0475,2025-05-12T08:36:57,2026-02-23T10:16:47
L002485,esmith@example.net,"Durham, Paul and Singh",Web,Nurture,GEO0226,2025-07-04T12:29:42,2025-11-12T02:16:18
L002486,haleywilliams@example.com,Beck-Madden,Inbound SDR,Nurture,GEO0784,2025-03-21T18:59:58,2025-08-18T20:22:51
L002487,daniel59@example.org,Mendoza and Sons,Referral,Disqualified,GEO0594,2025-08-27T08:35:41,2025-11-23T19:48:45
L002488,christopher38@example.com,Johnston Group,Web,New,GEO0373,2025-11-18T13:05:22,2026-02-10T07:51:17
L002489,keith82@example.net,Hunter Group,Outbound,Working,GEO0206,2024-08-13T12:30:54,2024-11-27T21:11:35
L002490,davidwood@example.org,Golden Inc,Web,Disqualified,GEO0287,2026-01-20T01:43:28,2026-02-25T02:01:51
L002491,james99@example.net,Schroeder and Sons,Partner,Nurture,GEO0144,2025-06-18T04:19:06,2026-02-27T18:18:24
L002492,jmorgan@example.com,Rivera-Collier,Referral,Nurture,GEO0195,2025-11-29T05:22:24,2026-01-18T05:39:23
L002493,mariagonzalez@example.org,Garcia and Sons,Web,Working,GEO0732,2024-06-25T22:23:57,2025-02-05T00:22:05
L002494,wellsdavid@example.org,Roman Inc,Outbound,Working,GEO0037,2024-08-27T00:32:31,2025-03-03T10:43:43
L002495,sotosandra@example.org,Robertson and Sons,Outbound,Qualified,GEO0394,2024-11-05T04:10:14,2024-11-25T17:32:24
L002496,millerstephanie@example.org,"Bond, Carter and Hernandez",Partner,Nurture,GEO0019,2024-04-28T18:10:21,2024-06-15T15:05:12
L002497,ryan46@example.net,"Rosario, Phillips and Haynes",Partner,Working,GEO0337,2024-07-11T10:38:43,2025-10-27T10:08:55
L002498,wrightbrad@example.com,Hardin Group,Outbound,Nurture,GEO0216,2024-08-09T18:24:23,2025-03-10T02:19:38
L002499,smithwilliam@example.org,Armstrong-Fowler,Web,Qualified,GEO0529,2024-03-29T14:30:22,2026-01-21T14:46:17
L002500,qgarrett@example.org,Curry-Faulkner,Referral,Disqualified,GEO0122,2024-02-08T12:56:45,2024-02-11T05:19:09
L002501,darinharris@example.com,"Jones, Potts and Oconnor",Web,New,GEO0616,2024-02-03T18:28:43,2024-03-06T04:20:48
L002502,hrose@example.net,"Prince, Nunez and Robles",Referral,Working,GEO0117,2025-02-03T12:19:02,2025-08-31T23:52:13
L002503,gregory06@example.net,Taylor Group,Referral,Qualified,GEO0232,2025-06-09T13:00:58,2025-12-16T15:19:30
L002504,sheltonheather@example.com,"Thompson, Edwards and Hamilton",Outbound,Qualified,GEO0156,2024-02-11T15:03:15,2024-05-08T01:02:44
L002505,phillipsjulia@example.net,Perez and Sons,Web,New,GEO0687,2024-12-02T02:56:42,2025-02-27T15:46:29
L002506,frederick73@example.org,Smith Group,Referral,New,GEO0013,2025-03-21T16:25:49,2025-11-08T04:37:14
L002507,stevenwood@example.com,Nelson-Ramirez,Inbound SDR,Disqualified,GEO0156,2025-10-13T23:51:55,2025-12-03T21:42:22
L002508,jphillips@example.org,Gomez LLC,Event,Qualified,GEO0058,2025-07-20T11:34:45,2025-08-05T04:57:32
L002509,heather21@example.org,Mooney-Meyer,Inbound SDR,Disqualified,GEO0017,2024-09-29T10:45:21,2024-11-01T10:27:15
L002510,masonlittle@example.net,Long-Jones,Web,Working,GEO0532,2025-01-16T22:26:28,2025-10-10T14:14:35
L002511,zsmith@example.net,Shannon Inc,Web,New,GEO0555,2024-10-28T00:56:40,2025-06-09T06:42:19
L002512,jerrysimpson@example.net,"Rodriguez, Walker and Lowe",Event,Disqualified,GEO0603,2024-05-30T12:49:18,2024-08-17T23:05:52
L002513,zberry@example.org,Reid and Sons,Referral,New,GEO0226,2025-05-15T18:12:34,2025-12-01T06:56:03
L002514,sandersshaun@example.com,"Hodges, Bishop and Foster",Inbound SDR,Disqualified,GEO0066,2026-03-01T11:32:08,2026-03-02T18:09:39
L002515,henrynicole@example.net,"Warren, Cole and Maldonado",Partner,Working,GEO0777,2025-06-18T03:10:09,2025-07-21T13:47:07
L002516,christopher31@example.com,Wolfe-Ward,Referral,Disqualified,GEO0319,2025-11-24T21:13:13,2025-12-15T18:16:42
L002517,cunderwood@example.com,Lozano-Hill,Event,Disqualified,GEO0352,2024-04-26T12:53:00,2024-04-30T15:35:41
L002518,blackburnjulia@example.org,"Kim, Proctor and Martin",Partner,New,GEO0316,2024-12-04T03:20:45,2025-07-24T23:31:23
L002519,gomezrobert@example.net,White-Larson,Web,Nurture,GEO0007,2024-02-05T03:39:00,2025-01-04T00:31:33
L002520,joseph93@example.org,Brown-Patterson,Referral,New,GEO0695,2024-08-11T12:38:10,2024-12-29T23:12:36
L002521,anita71@example.org,Kennedy Inc,Partner,Qualified,GEO0721,2025-03-10T15:42:08,2026-01-01T06:26:15
L002522,cheyenne96@example.net,Garcia-Ruiz,Inbound SDR,New,GEO0298,2026-02-10T15:32:27,2026-02-27T01:35:42
L002523,kelly40@example.org,James Group,Partner,Disqualified,GEO0555,2025-06-03T04:41:13,2025-07-01T23:03:58
L002524,stevensanne@example.org,Yates Inc,Referral,Working,GEO0065,2024-12-28T07:32:36,2025-03-19T09:04:57
L002525,baldwinandrew@example.org,"Bullock, Mathews and Sosa",Inbound SDR,Working,GEO0242,2026-01-29T11:51:48,2026-02-24T06:29:16
L002526,debrawilliams@example.com,"Russell, Thompson and Thomas",Referral,Qualified,GEO0529,2025-05-09T13:26:04,2026-01-25T09:46:02
L002527,lisasullivan@example.net,Evans Ltd,Inbound SDR,Qualified,GEO0619,2026-02-04T01:52:34,2026-02-27T15:42:12
L002528,brian54@example.org,Hahn Group,Web,New,GEO0763,2025-04-16T12:04:31,2025-08-25T03:15:23
L002529,alicia71@example.org,Gomez Inc,Outbound,Working,GEO0190,2025-12-09T00:53:01,2026-02-14T15:32:00
L002530,dylanharris@example.org,Miller-Perez,Event,Working,GEO0034,2024-08-06T00:43:49,2025-12-14T03:26:11
L002531,greenekathryn@example.com,Cruz-Riggs,Event,Working,GEO0784,2025-06-26T15:21:19,2025-11-09T00:00:54
L002532,taylorrichard@example.org,Horn LLC,Web,Disqualified,GEO0584,2024-05-31T08:51:27,2025-10-21T05:26:00
L002533,ejohnston@example.org,"Ho, Terry and Levy",Outbound,Disqualified,GEO0201,2025-07-06T01:04:53,2025-10-13T00:30:08
L002534,robertmerritt@example.org,Nelson Ltd,Partner,Working,GEO0711,2024-07-03T19:28:02,2026-01-11T19:46:50
L002535,sowens@example.net,Harrell-Johnson,Inbound SDR,Working,GEO0526,2024-12-12T01:40:57,2025-11-23T19:45:32
L002536,qmartinez@example.com,"Butler, Tran and Bennett",Inbound SDR,New,GEO0484,2024-04-18T09:39:03,2026-02-06T01:58:51
L002537,kevincole@example.com,Burton-Keller,Outbound,Disqualified,GEO0469,2024-04-04T02:03:51,2025-12-13T03:11:40
L002538,jbarrera@example.net,"Perry, Bauer and Bass",Outbound,Qualified,GEO0148,2025-03-04T02:56:56,2025-12-07T03:35:10
L002539,tina95@example.net,Robinson-Peters,Inbound SDR,Working,GEO0529,2025-06-20T02:00:44,2025-08-11T03:36:13
L002540,richardvaughn@example.org,Mendoza PLC,Inbound SDR,Disqualified,GEO0204,2025-09-03T20:04:00,2026-02-25T07:20:30
L002541,flee@example.org,Harper-May,Referral,New,GEO0138,2024-11-15T06:04:21,2026-02-26T21:31:28
L002542,jasminemason@example.org,Smith-White,Referral,Qualified,GEO0201,2024-01-01T07:59:00,2024-03-17T20:39:11
L002543,william26@example.org,"Johnson, Morton and Lynch",Inbound SDR,Qualified,GEO0398,2025-07-18T20:08:39,2025-08-05T07:07:46
L002544,iyoung@example.org,Byrd PLC,Web,Working,GEO0664,2024-02-11T12:12:57,2024-03-06T20:38:34
L002545,callen@example.com,Fritz LLC,Partner,New,GEO0571,2024-10-17T13:13:02,2025-10-28T22:43:38
L002546,kimberly56@example.com,"Smith, Shaw and Scott",Outbound,Working,GEO0460,2025-10-04T09:42:20,2026-02-24T17:21:27
L002547,kanderson@example.org,Gallegos Group,Event,Working,GEO0052,2025-08-28T08:52:02,2025-12-18T16:34:20
L002548,jparker@example.net,Cannon-Clark,Inbound SDR,Qualified,GEO0007,2025-07-02T03:44:45,2025-11-15T19:15:50
L002549,smartin@example.net,Ramirez-Martinez,Referral,Disqualified,GEO0092,2024-05-02T18:12:05,2025-12-16T22:32:08
L002550,kmack@example.org,Garcia Ltd,Web,Working,GEO0196,2025-03-13T06:21:38,2025-12-29T08:43:00
L002551,patriciayork@example.org,Little Inc,Referral,New,GEO0226,2025-12-04T07:27:06,2026-01-27T12:02:13
L002552,jillscott@example.net,Stuart-Lopez,Partner,Working,GEO0741,2024-08-13T14:43:37,2024-08-27T22:20:43
L002553,evansmichael@example.com,"Mitchell, Young and Bell",Outbound,Disqualified,GEO0204,2025-06-24T02:51:58,2026-01-20T10:26:45
L002554,rjohnson@example.net,Smith Group,Referral,Nurture,GEO0667,2025-12-27T20:06:08,2026-01-22T09:04:21
L002555,walkermary@example.com,Johnston and Sons,Event,Qualified,GEO0256,2025-05-12T23:55:00,2025-07-08T08:43:54
L002556,samantha24@example.net,Hernandez Inc,Web,Nurture,GEO0145,2025-12-05T13:36:54,2026-02-15T07:02:53
L002557,joseph13@example.com,Gutierrez and Sons,Inbound SDR,Qualified,GEO0166,2025-04-05T02:10:12,2025-07-02T03:10:28
L002558,smithmichael@example.org,Oconnor PLC,Partner,New,GEO0712,2025-01-04T22:50:52,2025-03-16T08:53:18
L002559,lunasarah@example.com,Mcdonald-Phillips,Inbound SDR,Qualified,GEO0585,2025-06-01T21:55:42,2025-09-13T15:11:09
L002560,hartmanbenjamin@example.org,"Snyder, Miller and Miller",Inbound SDR,Qualified,GEO0375,2025-04-13T01:41:05,2025-09-26T11:39:02
L002561,irios@example.com,"Burgess, Hernandez and Young",Referral,Nurture,GEO0501,2024-02-24T15:27:41,2024-06-04T07:02:47
L002562,matthew76@example.net,"Green, Werner and Castillo",Web,Disqualified,GEO0062,2025-12-16T13:28:31,2026-01-01T22:44:59
L002563,vaughnnancy@example.org,King-Smith,Web,Disqualified,GEO0548,2024-01-26T19:24:17,2025-09-08T05:43:58
L002564,valerie42@example.com,Williams-Sullivan,Outbound,New,GEO0468,2025-05-08T14:09:45,2025-12-08T18:07:14
L002565,kenneth10@example.com,Berry Inc,Web,Qualified,GEO0239,2026-02-17T18:20:40,2026-02-20T19:13:17
L002566,karen22@example.org,Mercado and Sons,Referral,Working,GEO0675,2025-09-10T00:25:30,2026-02-10T09:26:28
L002567,bcohen@example.com,Becker Ltd,Web,Working,GEO0454,2024-08-06T12:30:55,2024-10-21T20:36:59
L002568,derrick18@example.com,Hines-Thomas,Event,Disqualified,GEO0487,2025-07-05T12:26:07,2026-01-30T07:15:47
L002569,bethayers@example.org,Newton-Lambert,Outbound,Working,GEO0196,2025-08-11T04:33:38,2025-09-11T22:43:33
L002570,harmonjustin@example.org,"Fuentes, Jenkins and Carson",Partner,Qualified,GEO0430,2024-07-19T23:39:45,2025-06-28T05:24:17
L002571,jimmy02@example.net,Long Group,Inbound SDR,Working,GEO0624,2025-09-20T22:53:46,2025-12-23T21:16:23
L002572,natkinson@example.org,Chavez-Fuentes,Inbound SDR,Working,GEO0005,2026-01-27T11:08:16,2026-01-31T12:04:24
L002573,anthony37@example.com,Allen-Mcgee,Partner,Working,GEO0543,2025-01-31T15:11:50,2025-05-31T18:22:50
L002574,qschwartz@example.org,Carpenter and Sons,Inbound SDR,Qualified,GEO0733,2024-03-28T08:20:40,2024-06-06T17:17:33
L002575,oconnelljennifer@example.net,Johnson-Morgan,Referral,Working,GEO0485,2024-03-20T23:43:27,2025-07-07T20:57:12
L002576,williamgomez@example.net,Wilson PLC,Event,Nurture,GEO0565,2024-08-02T03:26:34,2025-03-02T14:35:53
L002577,mwilliams@example.org,"Odom, Baker and Haynes",Referral,Disqualified,GEO0747,2025-10-17T12:23:18,2026-01-18T05:31:50
L002578,virginiamorrison@example.org,"Palmer, Velez and Fuller",Web,Qualified,GEO0242,2025-08-20T21:40:46,2025-10-10T05:01:43
L002579,rwilliams@example.net,Reed PLC,Referral,New,GEO0368,2024-07-26T07:07:00,2025-04-03T06:28:15
L002580,whitneymurphy@example.net,"Jones, Jones and Richards",Outbound,Working,GEO0325,2026-01-10T02:37:04,2026-01-23T09:43:14
L002581,parcher@example.com,Allen Group,Partner,Qualified,GEO0562,2024-05-01T03:45:30,2024-12-09T06:37:56
L002582,blairterri@example.com,"Baker, Rasmussen and Perez",Referral,Disqualified,GEO0485,2025-07-01T05:22:20,2025-07-14T03:04:35
L002583,jared41@example.org,"Wagner, Esparza and Yang",Referral,Nurture,GEO0299,2025-11-11T17:29:51,2026-01-12T12:43:15
L002584,maria14@example.net,Rodgers-Wright,Event,Working,GEO0500,2025-05-28T06:52:49,2025-06-14T15:49:29
L002585,garywillis@example.net,"Allen, Holt and Hernandez",Web,Qualified,GEO0658,2025-11-29T03:14:10,2026-01-21T23:34:17
L002586,alanturner@example.com,Fox LLC,Web,New,GEO0387,2024-08-26T20:17:38,2024-09-09T13:50:02
L002587,deniseglass@example.org,"Bell, Maynard and Abbott",Outbound,Qualified,GEO0272,2024-10-02T19:15:11,2025-04-19T13:30:01
L002588,davidmccoy@example.net,"Nelson, Snow and Castro",Outbound,Working,GEO0195,2025-01-14T22:40:06,2026-01-03T00:21:07
L002589,hardydave@example.com,"Williams, Peters and Long",Web,Nurture,GEO0758,2025-10-20T23:58:12,2025-12-25T19:03:58
L002590,barbara54@example.org,Parsons-Thompson,Partner,Working,GEO0755,2025-04-14T05:22:21,2025-05-25T09:24:40
L002591,kennethmoore@example.org,Wagner Group,Inbound SDR,New,GEO0525,2025-08-05T13:05:58,2025-10-29T21:49:58
L002592,gonzalesdawn@example.com,Brown-Harris,Inbound SDR,Working,GEO0651,2024-08-31T19:51:39,2025-10-07T03:12:14
L002593,sarah62@example.net,Newman Ltd,Referral,Qualified,GEO0533,2024-04-10T10:12:13,2025-12-27T15:40:07
L002594,gmiddleton@example.net,Lamb-Robinson,Referral,New,GEO0055,2025-07-30T22:57:08,2026-02-19T20:13:12
L002595,frank58@example.com,Blair-Fowler,Partner,Nurture,GEO0444,2024-07-13T08:41:27,2024-08-01T01:59:27
L002596,fernandezjustin@example.net,Parks and Sons,Web,Working,GEO0778,2024-02-10T00:34:24,2024-09-26T16:26:16
L002597,jennifer78@example.net,Clark-Smith,Partner,Disqualified,GEO0409,2025-08-24T05:31:39,2025-09-29T08:08:41
L002598,heather73@example.com,Murphy and Sons,Inbound SDR,Disqualified,GEO0231,2025-06-22T22:35:06,2025-10-28T11:49:43
L002599,kyle49@example.org,"Frazier, Bartlett and Guerrero",Partner,New,GEO0737,2025-02-03T03:55:43,2025-11-08T19:17:16
L002600,okelley@example.org,Hansen Group,Outbound,New,GEO0581,2024-07-02T18:08:40,2025-07-07T12:23:08
L002601,brownjonathan@example.net,Dalton and Sons,Partner,New,GEO0504,2025-09-08T06:00:23,2025-12-13T15:43:21
L002602,paul46@example.net,"Simpson, Morris and Foster",Inbound SDR,Nurture,GEO0358,2024-04-18T14:11:48,2025-06-27T21:31:34
L002603,pperez@example.org,Guerrero-Wilson,Web,Disqualified,GEO0765,2026-01-02T08:16:10,2026-01-11T00:39:28
L002604,colemangrace@example.net,"Woodard, Ramirez and Jones",Partner,Qualified,GEO0348,2026-02-24T17:16:32,2026-02-24T18:44:54
L002605,cjones@example.com,Smith Inc,Referral,Working,GEO0135,2024-01-23T02:29:44,2024-05-13T16:46:02
L002606,brian83@example.net,Hamilton Group,Inbound SDR,Nurture,GEO0536,2024-07-14T03:58:27,2025-04-07T11:16:25
L002607,wcruz@example.org,Barry-Romero,Referral,Working,GEO0160,2024-12-01T19:43:41,2025-11-01T18:04:54
L002608,heather88@example.net,Burton Group,Referral,New,GEO0414,2025-02-10T14:41:44,2025-05-26T22:06:00
L002609,baxterjared@example.net,Castro-Howard,Inbound SDR,Nurture,GEO0777,2024-06-29T03:05:44,2025-09-30T06:57:20
L002610,kcrawford@example.com,Mitchell Group,Outbound,Qualified,GEO0440,2024-07-20T15:51:57,2024-10-11T05:19:48
L002611,alejandro71@example.com,"Taylor, Rodriguez and Dominguez",Web,Working,GEO0365,2025-09-17T22:54:32,2025-12-09T10:21:19
L002612,mariawarner@example.net,"Fritz, Booker and Johnson",Event,Disqualified,GEO0695,2024-12-26T00:18:05,2025-10-09T02:02:42
L002613,jamie08@example.org,"Baker, Roth and Salas",Event,Qualified,GEO0544,2025-11-17T08:50:15,2026-01-24T20:29:44
L002614,williamsbethany@example.net,"Farley, Mckenzie and Nguyen",Partner,Disqualified,GEO0455,2024-01-13T21:12:31,2025-07-27T06:09:05
L002615,mduran@example.org,"Nelson, Santos and Watson",Web,Disqualified,GEO0416,2025-08-13T00:38:14,2025-12-03T07:32:42
L002616,brad71@example.net,Murphy-Jackson,Referral,New,GEO0523,2025-10-06T07:49:35,2025-12-04T15:07:55
L002617,ble@example.net,Montoya PLC,Outbound,Working,GEO0243,2024-07-23T18:02:59,2025-02-21T22:43:14
L002618,allen00@example.com,Garza Group,Event,Working,GEO0480,2024-06-20T21:13:40,2024-08-05T09:38:04
L002619,eric24@example.net,Payne-Wilson,Partner,New,GEO0364,2024-02-05T19:52:07,2024-11-26T21:54:49
L002620,stephen15@example.com,Smith and Sons,Inbound SDR,Disqualified,GEO0489,2025-01-07T05:12:01,2025-12-16T21:35:24
L002621,davisjohn@example.org,"Frazier, Campbell and Lopez",Outbound,New,GEO0163,2026-02-08T09:57:47,2026-02-12T14:30:09
L002622,powellmaria@example.org,Evans and Sons,Event,Disqualified,GEO0094,2025-01-17T15:11:04,2025-06-14T03:11:48
L002623,fosterleslie@example.com,"Moore, Walker and Smith",Referral,New,GEO0759,2025-05-18T20:09:36,2025-11-10T21:42:50
L002624,thompsonpaula@example.com,Martinez and Sons,Partner,Working,GEO0046,2025-04-20T12:21:21,2026-02-27T00:10:28
L002625,thomassmith@example.com,"Morton, Johnson and Brown",Outbound,Qualified,GEO0133,2025-12-23T03:57:55,2026-02-13T16:20:33
L002626,joshuamartin@example.com,"Zimmerman, Davis and Long",Event,Disqualified,GEO0084,2024-03-04T22:51:56,2025-08-20T19:07:30
L002627,nicolemiller@example.net,Harding Inc,Outbound,Disqualified,GEO0498,2024-05-24T08:54:23,2025-05-14T02:32:33
L002628,sharon84@example.net,Spence and Sons,Inbound SDR,Nurture,GEO0008,2024-03-06T06:44:04,2024-09-23T07:10:49
L002629,michaelkelley@example.net,"Smith, Wolfe and Massey",Partner,Working,GEO0254,2025-07-15T02:44:46,2025-12-22T02:40:30
L002630,charlesstevenson@example.org,"Ruiz, Brown and Griffin",Outbound,New,GEO0471,2024-03-13T06:03:48,2025-01-27T10:42:23
L002631,danieljohnson@example.com,"King, Gibbs and Allison",Inbound SDR,New,GEO0519,2024-11-04T07:37:35,2024-12-17T15:06:17
L002632,brittanylewis@example.org,"Griffin, Kelly and Larson",Referral,Nurture,GEO0347,2025-03-11T02:45:12,2026-01-16T14:49:19
L002633,michael62@example.net,Anderson-Yang,Event,Nurture,GEO0520,2024-05-23T16:57:34,2025-11-08T04:08:54
L002634,courtney76@example.org,Smith Inc,Inbound SDR,New,GEO0154,2025-03-27T21:31:14,2025-08-06T06:52:14
L002635,jacksonangel@example.org,Baker-Thornton,Inbound SDR,Qualified,GEO0277,2024-06-29T04:08:08,2024-08-03T07:39:03
L002636,david78@example.net,Wallace-Johnson,Inbound SDR,Disqualified,GEO0704,2025-11-09T14:24:42,2026-01-05T05:20:18
L002637,shannonlewis@example.com,"Chan, Baker and Huff",Partner,Nurture,GEO0633,2025-11-22T03:52:28,2026-02-05T05:08:34
L002638,jwashington@example.net,Mcgee-Wood,Event,Working,GEO0591,2024-03-02T23:06:17,2025-03-01T17:25:08
L002639,millsnichole@example.net,Williams-Robinson,Event,Qualified,GEO0634,2024-10-15T23:29:16,2024-10-28T19:53:27
L002640,watsonanthony@example.net,"Pugh, Johnson and Coleman",Partner,Qualified,GEO0331,2024-04-25T12:11:45,2025-07-17T20:29:23
L002641,kjackson@example.com,Jones-Olson,Event,Qualified,GEO0309,2025-10-03T07:17:24,2026-02-23T04:01:28
L002642,pamelajackson@example.com,Schmitt and Sons,Event,Working,GEO0549,2026-02-05T02:00:16,2026-02-11T08:50:54
L002643,heatherjohnson@example.net,Sloan-Brown,Partner,Qualified,GEO0052,2025-10-20T08:22:26,2026-01-29T00:51:42
L002644,ericksonpaul@example.org,Young LLC,Event,New,GEO0401,2025-11-14T04:28:16,2026-02-01T18:35:26
L002645,mariahayes@example.net,Frank Group,Inbound SDR,Working,GEO0696,2024-04-02T07:48:29,2024-04-29T16:35:44
L002646,margarettaylor@example.net,"Wilkerson, Webb and Smith",Inbound SDR,Nurture,GEO0554,2024-02-01T01:17:49,2025-02-07T01:25:43
L002647,rthomas@example.org,"Olson, Jackson and Baker",Outbound,Working,GEO0372,2025-05-07T06:10:54,2025-10-10T22:55:11
L002648,samuellopez@example.com,"Simmons, Hopkins and Williams",Outbound,Working,GEO0566,2024-01-15T12:28:07,2024-10-11T16:09:02
L002649,laurie22@example.com,Peterson-Moreno,Inbound SDR,Qualified,GEO0219,2024-03-11T10:30:27,2024-09-10T16:44:20
L002650,omartinez@example.net,Rogers-Craig,Outbound,Qualified,GEO0482,2025-05-16T22:12:35,2025-06-21T21:14:50
L002651,joseguzman@example.org,Martinez PLC,Outbound,New,GEO0132,2024-10-17T09:11:31,2024-12-18T13:49:22
L002652,jessica44@example.com,Reynolds-Hudson,Web,Qualified,GEO0288,2025-10-23T19:12:40,2025-12-03T17:42:52
L002653,amber36@example.net,Richards-Escobar,Event,Nurture,GEO0122,2025-12-16T06:34:08,2026-02-11T17:23:42
L002654,stephensjennifer@example.com,Rodriguez-Hernandez,Partner,Qualified,GEO0078,2025-09-17T07:04:58,2026-01-15T08:34:10
L002655,meadowsthomas@example.com,Aguirre-Brown,Inbound SDR,Qualified,GEO0564,2025-05-22T17:49:07,2025-06-20T02:18:39
L002656,rogermaldonado@example.com,Davis and Sons,Web,Working,GEO0119,2025-07-10T04:11:21,2025-12-17T00:28:33
L002657,wyoung@example.org,Smith LLC,Event,Disqualified,GEO0713,2025-12-06T13:22:06,2026-02-12T11:04:26
L002658,kkelly@example.org,"Griffin, Jackson and Johnson",Event,Working,GEO0050,2025-01-23T21:09:23,2025-07-09T08:12:37
L002659,jerry94@example.net,Terrell Inc,Web,Nurture,GEO0151,2025-11-26T15:48:00,2026-01-08T05:58:33
L002660,ipeters@example.org,Perez LLC,Web,Working,GEO0107,2025-05-21T02:59:51,2025-10-06T23:24:35
L002661,bonillaryan@example.org,"Baker, Peters and Mitchell",Referral,New,GEO0316,2024-06-15T09:40:41,2025-01-11T21:47:09
L002662,kennethwilkins@example.com,Hart Inc,Referral,Disqualified,GEO0415,2024-01-19T02:44:42,2025-05-10T06:34:45
L002663,rkennedy@example.net,Carter and Sons,Referral,New,GEO0642,2025-07-17T21:08:09,2026-02-04T15:32:25
L002664,ecampbell@example.net,"Douglas, Lane and Burgess",Referral,Working,GEO0617,2025-08-01T19:10:14,2026-01-18T01:02:15
L002665,michael30@example.net,Thomas-Wells,Partner,New,GEO0368,2025-12-02T02:00:51,2025-12-22T13:41:57
L002666,cohenandrea@example.org,"Brooks, Young and Chavez",Referral,Nurture,GEO0200,2025-01-08T02:19:24,2025-09-18T13:06:24
L002667,amandarangel@example.net,"Mason, Cook and Lawson",Outbound,Nurture,GEO0225,2025-11-02T04:50:39,2025-12-15T07:39:15
L002668,kevin55@example.org,Dodson-Buckley,Referral,Nurture,GEO0632,2025-07-25T12:57:58,2025-10-06T01:02:32
L002669,amy79@example.org,Wagner-Williams,Inbound SDR,Qualified,GEO0204,2025-06-17T19:05:28,2025-11-17T05:58:00
L002670,zwilliams@example.com,"Rush, Ewing and White",Referral,Nurture,GEO0254,2025-04-25T10:24:46,2025-08-30T12:12:45
L002671,jeanette93@example.net,Lee PLC,Referral,New,GEO0015,2025-06-26T02:01:26,2025-08-12T02:14:44
L002672,adrianmacias@example.net,Evans Group,Partner,New,GEO0719,2025-12-09T19:53:52,2026-02-28T13:25:10
L002673,madison89@example.com,Montgomery and Sons,Web,Disqualified,GEO0408,2024-06-17T13:14:42,2025-04-20T15:44:00
L002674,troy47@example.net,"Washington, Washington and Hernandez",Outbound,Working,GEO0612,2024-05-01T07:49:22,2024-10-08T15:42:55
L002675,umoore@example.net,Jones LLC,Event,Qualified,GEO0057,2025-05-02T05:51:27,2025-09-19T19:12:36
L002676,lanegina@example.com,Nelson and Sons,Web,Qualified,GEO0005,2024-02-29T07:08:38,2026-01-20T15:21:45
L002677,pjohnson@example.net,Lawrence LLC,Event,Working,GEO0340,2024-09-02T15:13:43,2025-09-26T03:03:23
L002678,manuelhall@example.org,Howell Group,Partner,New,GEO0208,2026-02-18T09:44:16,2026-02-18T12:33:19
L002679,bnguyen@example.org,"Quinn, Mendoza and Vaughn",Event,Working,GEO0102,2024-11-08T02:02:35,2025-06-09T21:35:15
L002680,karenthompson@example.net,Richardson-Andrews,Event,Disqualified,GEO0212,2025-11-14T17:50:23,2025-11-26T05:41:38
L002681,scottdaniel@example.net,"Parker, Hunter and Lucero",Outbound,New,GEO0546,2025-09-19T11:02:02,2025-10-11T10:52:40
L002682,kmoore@example.org,Oliver Group,Partner,Nurture,GEO0630,2025-09-12T19:10:40,2026-01-31T16:27:27
L002683,qparker@example.net,"Garcia, Moyer and Adams",Partner,New,GEO0378,2025-12-09T10:59:24,2025-12-31T11:36:59
L002684,pjones@example.org,Reilly LLC,Inbound SDR,Working,GEO0661,2025-06-12T09:47:36,2025-12-15T12:26:56
L002685,gene73@example.com,Chen PLC,Outbound,Working,GEO0190,2025-02-27T05:18:14,2025-11-30T01:46:20
L002686,jonesjamie@example.net,"Perez, Cruz and Evans",Web,Disqualified,GEO0043,2025-11-04T20:57:12,2025-12-31T13:27:23
L002687,kroberts@example.com,Diaz-Smith,Outbound,New,GEO0423,2025-10-15T16:14:43,2026-01-01T07:16:35
L002688,rodriguezshannon@example.net,Sawyer-Hess,Inbound SDR,Disqualified,GEO0723,2024-07-22T06:17:47,2026-01-11T06:00:14
L002689,nicolesmith@example.com,"Morrison, Baker and Jennings",Referral,New,GEO0203,2025-03-29T10:50:44,2026-01-09T23:18:44
L002690,stricklandleonard@example.net,"Martin, Carter and Williams",Inbound SDR,Nurture,GEO0203,2024-12-30T07:04:49,2025-12-24T06:31:49
L002691,cody86@example.com,Mitchell Ltd,Web,Working,GEO0433,2024-10-12T04:42:54,2025-11-08T20:49:34
L002692,andresvazquez@example.net,Simmons-Gilmore,Web,Disqualified,GEO0704,2024-05-15T20:58:46,2024-06-23T16:43:35
L002693,ckoch@example.com,"Meyers, Cameron and Reynolds",Referral,Nurture,GEO0244,2025-10-11T17:15:11,2025-11-03T22:12:09
L002694,rebecca93@example.net,Watkins Group,Inbound SDR,Working,GEO0108,2024-03-22T02:36:59,2024-05-31T00:40:48
L002695,jacobrobinson@example.org,Weber PLC,Referral,Nurture,GEO0764,2025-04-23T22:58:30,2026-02-03T19:48:25
L002696,dawntodd@example.net,Hicks Ltd,Partner,Disqualified,GEO0622,2024-05-31T09:30:32,2024-10-03T22:54:58
L002697,daniel99@example.org,Clements-Curry,Partner,Disqualified,GEO0370,2024-12-12T12:35:22,2025-10-18T08:09:56
L002698,bsmith@example.org,Ray Group,Inbound SDR,Qualified,GEO0704,2024-04-05T20:10:26,2026-01-06T01:32:10
L002699,rrivera@example.net,Martinez PLC,Inbound SDR,Working,GEO0294,2024-04-11T10:38:05,2024-10-03T18:51:53
L002700,pbush@example.com,Jimenez Inc,Inbound SDR,Working,GEO0426,2026-01-20T07:07:54,2026-01-20T14:54:32
L002701,robin17@example.org,Velez PLC,Outbound,Qualified,GEO0623,2024-10-21T22:38:40,2025-04-13T12:45:06
L002702,andrewrobertson@example.com,Ingram-Thomas,Partner,New,GEO0291,2025-03-28T05:13:10,2025-12-06T06:35:35
L002703,jason83@example.net,"Potter, Rowe and Evans",Inbound SDR,Qualified,GEO0404,2024-05-13T18:30:58,2025-02-17T02:15:36
L002704,othompson@example.com,"Smith, Adkins and Moore",Referral,Qualified,GEO0027,2025-10-29T02:40:53,2026-02-27T15:58:31
L002705,ascott@example.com,"Hayes, Carr and Hill",Outbound,Qualified,GEO0637,2024-01-08T10:27:06,2024-11-15T18:43:02
L002706,cassandrapatel@example.org,Patel-Anderson,Event,Disqualified,GEO0446,2024-10-17T17:18:23,2025-09-21T04:07:04
L002707,isaiahwhitaker@example.com,Anderson Ltd,Event,Disqualified,GEO0529,2024-06-10T08:13:22,2025-03-10T00:03:27
L002708,egill@example.com,Clark Ltd,Inbound SDR,New,GEO0482,2024-06-12T22:31:17,2025-12-10T16:05:38
L002709,jessica81@example.com,"Wilson, Kelley and White",Outbound,Disqualified,GEO0252,2024-01-22T00:31:57,2025-03-03T23:03:46
L002710,richardsonpaula@example.org,Robertson-Simpson,Outbound,Nurture,GEO0700,2024-10-23T11:03:07,2025-05-09T07:35:58
L002711,campbelljose@example.org,"Spencer, Gutierrez and Willis",Inbound SDR,Nurture,GEO0586,2026-01-29T15:15:04,2026-02-24T17:48:18
L002712,richard38@example.org,Johnson-Torres,Partner,New,GEO0624,2025-04-15T03:17:43,2025-10-15T01:32:56
L002713,howard52@example.com,Ramirez-Villa,Outbound,Working,GEO0074,2024-05-18T22:34:15,2025-10-15T11:49:10
L002714,lburns@example.com,"Kelley, Merritt and Wright",Inbound SDR,Working,GEO0558,2025-01-21T11:44:12,2025-04-13T11:27:53
L002715,alisha09@example.com,"Jensen, Allen and Andrews",Partner,Disqualified,GEO0656,2024-12-16T18:13:50,2026-01-17T21:07:28
L002716,xanthony@example.com,Rios Group,Partner,New,GEO0786,2024-08-03T00:04:45,2024-10-17T07:53:19
L002717,tkeller@example.net,Palmer-Bender,Inbound SDR,Disqualified,GEO0679,2025-03-21T00:03:43,2025-07-16T13:39:05
L002718,whitneyaustin@example.org,Evans-Martin,Event,Nurture,GEO0793,2025-01-07T04:49:27,2025-02-04T05:27:31
L002719,hduncan@example.org,Lin-Butler,Event,New,GEO0030,2025-02-09T02:35:42,2025-03-13T18:15:15
L002720,sharonmason@example.com,Cruz-Lee,Event,New,GEO0009,2024-04-01T07:51:54,2024-12-13T14:17:24
L002721,blackwellcharles@example.net,"Watts, Clay and Lucas",Web,Disqualified,GEO0233,2024-12-01T06:05:26,2026-01-17T06:32:54
L002722,melissa37@example.com,Krause-Holt,Partner,Working,GEO0480,2024-04-04T21:59:34,2025-05-25T02:49:17
L002723,floresalejandro@example.org,Atkins Ltd,Web,Disqualified,GEO0768,2025-08-23T18:09:19,2026-01-11T19:33:21
L002724,douglas06@example.org,Cole-Greene,Outbound,Nurture,GEO0783,2024-09-24T09:49:36,2025-06-24T14:47:15
L002725,lisa12@example.org,"Morrow, Carter and Browning",Web,Disqualified,GEO0224,2025-07-16T21:49:11,2025-10-15T09:16:17
L002726,christopher57@example.net,"Ibarra, Morales and Cooper",Outbound,Disqualified,GEO0381,2024-01-20T19:38:05,2025-09-28T15:50:51
L002727,mendozasteven@example.org,Hunter and Sons,Event,Nurture,GEO0129,2025-03-25T21:57:20,2025-10-04T15:48:30
L002728,natalie05@example.org,Brooks and Sons,Referral,Nurture,GEO0762,2025-09-12T00:56:17,2026-02-04T00:37:00
L002729,devinmorales@example.org,"King, Rojas and Griffin",Partner,Nurture,GEO0023,2025-09-25T09:41:18,2025-11-28T09:52:59
L002730,thomaslove@example.com,"Scott, Lopez and Wilson",Outbound,Nurture,GEO0610,2024-03-04T11:23:43,2025-02-23T02:39:31
L002731,moorebrooke@example.org,"Brown, Anderson and Mcneil",Web,Qualified,GEO0683,2024-04-24T17:57:48,2024-09-11T07:47:07
L002732,jenniferrasmussen@example.com,Mcdaniel Ltd,Web,New,GEO0089,2024-07-17T15:34:55,2024-11-21T23:57:23
L002733,louis77@example.net,Green-Shea,Outbound,Working,GEO0762,2025-12-17T14:42:34,2026-02-17T01:10:08
L002734,lparrish@example.net,"Flores, Roberts and Espinoza",Inbound SDR,Disqualified,GEO0713,2025-01-23T11:17:03,2025-03-30T15:30:58
L002735,sherigibbs@example.net,Davis Inc,Event,Working,GEO0578,2024-05-13T16:44:39,2024-07-15T22:09:24
L002736,lloydrebecca@example.net,Aguilar-Alexander,Web,Working,GEO0596,2025-11-11T17:04:59,2026-01-26T17:37:10
L002737,michellefoster@example.com,Smith-Burgess,Inbound SDR,New,GEO0016,2024-11-02T15:31:34,2025-06-06T10:43:13
L002738,williamsrebecca@example.org,"Foster, Rivera and Russell",Inbound SDR,Qualified,GEO0459,2025-07-21T07:55:26,2025-10-08T10:34:42
L002739,christopher60@example.com,Jensen Inc,Event,Nurture,GEO0415,2025-09-29T19:50:46,2026-01-16T15:07:25
L002740,ayerstonya@example.net,Noble-Miranda,Partner,Disqualified,GEO0775,2024-01-20T00:25:50,2024-10-28T15:52:48
L002741,robertmolina@example.net,Barnes-Stewart,Inbound SDR,Nurture,GEO0657,2024-06-01T04:08:44,2024-08-22T07:48:07
L002742,acooper@example.com,Allen-Williams,Event,Nurture,GEO0677,2025-12-18T00:53:44,2026-02-28T01:10:12
L002743,martinmartin@example.org,Clark-Dalton,Outbound,New,GEO0567,2026-02-13T23:22:58,2026-02-13T08:44:38
L002744,gbarnes@example.com,Holder-Stevenson,Partner,Qualified,GEO0289,2024-04-25T09:09:27,2024-06-16T08:00:34
L002745,jessica46@example.org,"Rosales, Lopez and Stewart",Inbound SDR,Disqualified,GEO0355,2025-11-07T19:40:54,2026-01-05T11:15:15
L002746,johnsonamy@example.org,"Brown, Caldwell and Goodman",Partner,Nurture,GEO0497,2025-02-24T17:58:39,2025-09-18T09:44:15
L002747,kevin96@example.com,Coleman PLC,Event,Working,GEO0244,2024-06-15T18:03:57,2024-08-24T14:52:37
L002748,pgonzalez@example.org,Lopez Inc,Referral,Qualified,GEO0688,2024-08-02T10:49:49,2025-06-04T14:02:18
L002749,connie66@example.org,Armstrong-Larson,Web,Disqualified,GEO0262,2024-03-02T13:15:37,2024-07-21T21:32:10
L002750,jamie60@example.com,Armstrong-Wong,Referral,Disqualified,GEO0425,2024-09-04T12:27:49,2025-06-15T12:10:05
L002751,franktimothy@example.com,"Christian, Fox and Sandoval",Partner,Disqualified,GEO0724,2024-07-07T20:36:58,2025-05-17T08:20:03
L002752,lemarissa@example.com,Bowman Inc,Event,Disqualified,GEO0241,2025-05-01T21:52:51,2026-03-01T00:08:47
L002753,jeremymeyer@example.com,Thompson-Simpson,Event,Qualified,GEO0557,2025-09-27T19:05:30,2026-01-12T02:48:08
L002754,ewingnicole@example.com,James PLC,Referral,Nurture,GEO0366,2024-04-09T01:00:50,2024-09-18T16:47:54
L002755,bryan61@example.com,Fleming-Meyers,Outbound,New,GEO0054,2024-08-05T20:24:40,2026-01-18T13:44:10
L002756,michaelmiller@example.net,"Williams, Thomas and Davidson",Partner,Working,GEO0493,2025-12-08T03:08:28,2026-02-05T11:34:19
L002757,kimberlysmith@example.com,Rodriguez-Patterson,Inbound SDR,New,GEO0526,2024-08-09T16:33:11,2025-05-14T03:17:58
L002758,bookerjeffrey@example.com,Petty and Sons,Referral,New,GEO0019,2026-02-13T13:52:38,2026-03-01T14:37:01
L002759,prichardson@example.net,Patterson Ltd,Event,Nurture,GEO0789,2025-11-05T22:19:27,2025-12-12T06:31:47
L002760,ronaldshea@example.com,Gonzales PLC,Inbound SDR,Disqualified,GEO0386,2024-09-08T22:55:44,2024-12-07T12:31:18
L002761,dianefrederick@example.net,Lee-Sanchez,Referral,Nurture,GEO0520,2025-05-20T15:24:34,2025-11-25T22:21:05
L002762,elizabeth67@example.net,Butler and Sons,Inbound SDR,Qualified,GEO0206,2024-10-31T03:09:42,2025-11-11T09:55:18
L002763,beckerchristopher@example.org,Frey Ltd,Partner,Nurture,GEO0747,2025-02-08T00:32:51,2025-09-16T17:09:07
L002764,xmcclure@example.org,Johnson-Hall,Referral,New,GEO0579,2025-02-04T10:59:10,2026-01-15T12:53:19
L002765,hsosa@example.net,"Cook, Gonzalez and Doyle",Partner,Nurture,GEO0048,2024-06-01T03:21:58,2025-03-24T06:12:37
L002766,warren71@example.org,Pineda-Welch,Partner,Nurture,GEO0424,2025-05-01T23:44:01,2026-01-31T22:45:46
L002767,ashleykent@example.net,Welch-Clark,Web,Qualified,GEO0182,2025-05-26T22:02:25,2025-07-02T21:32:17
L002768,colleen55@example.org,Walton LLC,Event,Working,GEO0374,2026-02-27T10:51:05,2026-02-28T18:42:48
L002769,shamilton@example.net,Smith-Cannon,Outbound,Disqualified,GEO0510,2024-06-30T17:31:28,2024-11-13T18:04:35
L002770,mramirez@example.org,Moore-Lopez,Event,Disqualified,GEO0759,2026-01-20T08:12:53,2026-02-17T12:24:48
L002771,steven19@example.net,Peterson LLC,Outbound,Qualified,GEO0381,2024-06-02T04:52:32,2025-07-06T09:57:46
L002772,rowechristine@example.org,"Thompson, Miller and Reed",Referral,Disqualified,GEO0633,2024-01-22T04:10:15,2024-12-02T19:48:09
L002773,bobby87@example.com,Robertson Group,Web,Disqualified,GEO0011,2025-03-08T06:09:10,2025-07-17T02:06:35
L002774,lawsonwilliam@example.org,Thomas-Russell,Inbound SDR,Disqualified,GEO0160,2025-11-30T07:09:18,2026-01-12T04:40:24
L002775,mitchellzachary@example.org,Sosa PLC,Referral,Qualified,GEO0750,2024-12-11T16:19:02,2025-09-08T17:29:27
L002776,jenna62@example.com,Evans LLC,Outbound,Nurture,GEO0613,2025-11-18T09:38:18,2026-01-11T10:38:50
L002777,erinkane@example.net,Young-Kim,Inbound SDR,Disqualified,GEO0688,2024-12-29T06:03:03,2025-08-09T19:33:53
L002778,hhorton@example.org,Johnson Group,Partner,Nurture,GEO0340,2026-01-20T23:35:46,2026-02-17T03:54:56
L002779,martingregory@example.net,Ibarra and Sons,Web,Disqualified,GEO0190,2024-08-06T03:06:33,2025-06-01T08:58:38
L002780,heathercarrillo@example.net,Coleman-Shelton,Referral,Working,GEO0787,2025-12-09T07:27:20,2026-01-18T23:02:32
L002781,cooperemily@example.com,"Turner, Mclaughlin and Fuller",Referral,Nurture,GEO0762,2024-04-22T08:07:13,2024-05-24T23:06:25
L002782,michelle31@example.org,Blanchard PLC,Event,Working,GEO0249,2025-03-29T01:58:29,2025-07-22T20:36:12
L002783,clarkphillip@example.com,Pratt Group,Referral,Disqualified,GEO0358,2024-03-15T13:20:57,2024-06-20T23:54:22
L002784,david83@example.net,Booth-Osborn,Referral,Qualified,GEO0120,2026-01-15T06:55:53,2026-02-17T15:03:44
L002785,davidschmidt@example.net,"Gonzales, Huff and Jones",Referral,New,GEO0744,2025-05-07T06:27:36,2025-07-26T05:43:49
L002786,jacobgonzales@example.net,"Gomez, Arnold and Lopez",Inbound SDR,Disqualified,GEO0645,2024-09-29T09:28:44,2025-03-02T17:56:48
L002787,houseerik@example.org,Cruz LLC,Event,Qualified,GEO0442,2025-11-14T00:07:41,2026-01-19T17:21:02
L002788,masoncolleen@example.org,"Gray, Carson and Hernandez",Event,Working,GEO0396,2025-01-13T08:23:10,2025-07-17T11:13:25
L002789,kpowers@example.com,"Valencia, Schneider and Pope",Partner,Working,GEO0066,2024-06-29T00:37:13,2025-10-07T11:05:16
L002790,iwilkins@example.com,"Stewart, Gordon and Jordan",Event,New,GEO0653,2024-04-09T23:33:40,2026-01-22T21:31:10
L002791,jason20@example.net,Clark Ltd,Referral,Nurture,GEO0163,2025-01-09T18:02:49,2025-09-05T08:15:14
L002792,kevin39@example.org,"Kelly, Atkins and Stevens",Inbound SDR,Disqualified,GEO0031,2026-01-24T20:51:38,2026-02-01T12:20:41
L002793,msherman@example.com,Allison-Stark,Referral,Working,GEO0786,2025-01-26T03:37:12,2025-11-20T19:09:47
L002794,nicole75@example.org,Reeves-Smith,Event,New,GEO0199,2024-01-01T23:46:03,2025-10-13T22:16:05
L002795,jonathan53@example.com,Brown-Bates,Event,New,GEO0086,2024-05-19T00:26:55,2025-11-27T09:47:36
L002796,englishthomas@example.org,Smith Group,Inbound SDR,Working,GEO0195,2025-07-28T22:50:41,2026-02-15T21:06:19
L002797,vicki62@example.org,James and Sons,Web,Nurture,GEO0487,2025-08-18T05:37:16,2026-02-16T23:40:11
L002798,tmiller@example.org,Moore LLC,Outbound,Qualified,GEO0078,2024-06-08T18:43:41,2024-09-29T18:53:32
L002799,sgarrett@example.org,Murray-Williams,Outbound,Working,GEO0005,2025-02-16T08:00:21,2026-01-16T21:38:08
L002800,buchananchad@example.com,"Lane, Miller and Hurst",Outbound,Working,GEO0606,2025-06-10T10:20:47,2025-07-02T21:59:36
L002801,craig78@example.com,Best Ltd,Partner,Nurture,GEO0274,2024-08-30T16:09:30,2024-12-24T16:19:25
L002802,andrea31@example.com,"Colon, Briggs and Burnett",Web,Qualified,GEO0331,2025-10-05T15:55:42,2025-11-11T14:09:52
L002803,williamssean@example.com,Lee-Yates,Event,Qualified,GEO0720,2025-09-10T20:18:03,2025-09-29T05:42:04
L002804,taraguerrero@example.org,Malone-Rodriguez,Web,New,GEO0126,2025-03-20T12:01:43,2025-10-27T10:21:34
L002805,mcook@example.net,Suarez-West,Partner,Disqualified,GEO0392,2025-08-26T23:45:17,2025-08-27T23:48:24
L002806,icontreras@example.org,"Bradley, Kramer and Peterson",Referral,Nurture,GEO0717,2025-08-09T23:10:04,2025-12-23T02:14:16
L002807,lindsay12@example.net,"Martin, Adams and Franklin",Event,New,GEO0634,2024-03-06T19:31:01,2025-08-31T16:04:10
L002808,sbrown@example.net,Campbell Group,Referral,Qualified,GEO0486,2024-08-11T21:18:23,2024-12-21T14:54:47
L002809,danielle48@example.com,"Higgins, Larson and Larson",Web,Qualified,GEO0619,2026-02-16T00:25:41,2026-02-21T00:54:43
L002810,yortega@example.com,Brown Group,Referral,Qualified,GEO0529,2025-06-14T16:03:56,2025-06-15T17:33:44
L002811,ochoagarrett@example.net,Hurst-Juarez,Inbound SDR,Disqualified,GEO0429,2024-08-03T19:12:58,2025-05-30T22:58:42
L002812,lopezsteven@example.net,James and Sons,Inbound SDR,Qualified,GEO0175,2024-10-27T05:38:44,2025-08-18T19:09:12
L002813,cruzamanda@example.net,Hoover and Sons,Referral,Nurture,GEO0351,2024-07-24T12:56:16,2025-03-22T16:53:26
L002814,marshgina@example.net,Nguyen-Reyes,Inbound SDR,New,GEO0631,2024-03-30T07:10:53,2024-09-30T10:26:48
L002815,bmoore@example.com,"Miller, Carey and Floyd",Inbound SDR,Disqualified,GEO0400,2024-10-29T06:25:33,2025-03-19T06:30:59
L002816,gordonchad@example.org,"Thompson, Wilson and Hernandez",Event,Qualified,GEO0757,2024-03-15T01:25:41,2024-05-29T04:36:16
L002817,ashlee01@example.net,Allen LLC,Web,New,GEO0187,2024-12-23T11:21:06,2025-08-19T23:30:51
L002818,kelsey36@example.net,Bradley Inc,Outbound,Nurture,GEO0671,2025-10-24T10:09:51,2026-01-22T03:21:27
L002819,bshepherd@example.com,Bradley-Hayes,Web,Qualified,GEO0750,2025-01-15T16:09:09,2025-04-10T21:34:06
L002820,kathleen71@example.org,Rosales-Williams,Referral,Qualified,GEO0166,2024-01-09T06:27:31,2024-07-19T23:14:12
L002821,samanthabrown@example.org,"Rodriguez, Wilson and Blair",Referral,New,GEO0437,2025-09-05T05:47:51,2025-10-19T09:24:48
L002822,lauraalvarez@example.com,Barnes-Thompson,Web,Qualified,GEO0347,2024-06-09T17:07:52,2024-09-23T00:03:55
L002823,yolanda61@example.com,"Harris, White and Bowers",Web,Qualified,GEO0685,2025-10-17T22:31:37,2025-11-08T14:01:30
L002824,baileygutierrez@example.com,Jennings-Stokes,Inbound SDR,Nurture,GEO0746,2025-09-21T20:47:44,2025-11-18T22:27:35
L002825,ruthryan@example.com,Smith-Guerrero,Referral,New,GEO0247,2025-03-29T23:33:46,2025-12-26T18:31:29
L002826,ashley91@example.net,"Rhodes, Hamilton and Davis",Outbound,Disqualified,GEO0431,2025-05-10T20:25:30,2025-11-11T01:45:21
L002827,sandramueller@example.net,"Hernandez, Moody and Barnett",Event,Qualified,GEO0100,2025-03-13T22:14:40,2026-01-17T11:56:08
L002828,collinscaleb@example.org,Brewer-Weaver,Event,Nurture,GEO0680,2025-05-16T00:12:24,2025-09-02T22:21:12
L002829,huangkatie@example.com,Thomas Inc,Referral,Nurture,GEO0192,2024-07-05T17:16:20,2025-10-16T03:06:52
L002830,cpatterson@example.org,Richardson-Watson,Outbound,Working,GEO0133,2025-01-28T20:59:03,2025-12-25T07:36:22
L002831,alexis67@example.com,Fuentes-Johnson,Referral,Disqualified,GEO0768,2024-09-14T05:58:40,2025-07-29T18:09:13
L002832,swilliams@example.com,Robinson Ltd,Partner,Qualified,GEO0156,2025-03-11T00:34:10,2025-05-01T02:11:28
L002833,stephanie48@example.org,Salazar PLC,Referral,Disqualified,GEO0309,2024-06-01T18:16:07,2025-04-03T12:48:09
L002834,castillorobert@example.org,"Evans, Snow and Kim",Web,Qualified,GEO0642,2025-04-04T05:35:57,2025-04-04T21:19:12
L002835,mariowilson@example.net,"Moore, Terry and Jackson",Outbound,New,GEO0203,2026-02-06T23:25:49,2026-02-13T16:57:04
L002836,kristy81@example.net,Nunez-Barry,Partner,Qualified,GEO0629,2025-05-20T02:30:57,2025-05-30T06:43:55
L002837,estevens@example.org,Reed Ltd,Event,Nurture,GEO0702,2024-04-05T02:32:40,2025-11-23T02:27:34
L002838,ghamilton@example.net,Young LLC,Inbound SDR,Qualified,GEO0796,2025-03-07T19:24:31,2025-04-20T23:14:08
L002839,chris53@example.org,Bell-Taylor,Outbound,Nurture,GEO0235,2025-12-18T05:50:39,2026-01-05T22:33:37
L002840,christopher99@example.com,Walker Inc,Inbound SDR,Working,GEO0052,2024-05-16T15:04:41,2024-06-25T12:00:14
L002841,dballard@example.net,Brown-Evans,Partner,Nurture,GEO0588,2025-09-09T05:55:50,2025-11-28T17:13:50
L002842,john88@example.com,Palmer PLC,Partner,New,GEO0571,2025-08-13T00:31:14,2025-09-16T01:59:38
L002843,qpratt@example.net,Smith-Richards,Web,Disqualified,GEO0237,2025-09-09T20:42:29,2025-09-29T08:33:34
L002844,dallen@example.net,Robinson-Elliott,Inbound SDR,Nurture,GEO0029,2025-11-04T21:26:27,2025-11-06T13:05:51
L002845,jessica42@example.org,Jones LLC,Inbound SDR,Nurture,GEO0454,2024-06-14T00:21:25,2025-11-10T14:24:01
L002846,patelcalvin@example.org,Cochran LLC,Outbound,Nurture,GEO0300,2025-09-20T09:10:13,2025-09-21T12:58:22
L002847,nashjessica@example.net,Anderson-Shaw,Referral,Qualified,GEO0751,2024-09-20T23:36:24,2024-10-03T21:39:57
L002848,lvance@example.org,"Ortiz, Phillips and Rogers",Event,Disqualified,GEO0797,2025-05-01T04:49:41,2025-11-02T11:11:04
L002849,owenstimothy@example.net,Hale-Miller,Inbound SDR,Working,GEO0611,2024-11-15T14:32:23,2025-01-16T04:20:38
L002850,imeza@example.org,Casey Ltd,Inbound SDR,New,GEO0340,2024-01-04T15:59:07,2024-02-19T19:40:31
L002851,jamesyates@example.com,Johnson-Durham,Event,Disqualified,GEO0750,2024-06-13T02:31:14,2025-07-10T04:55:32
L002852,carolyn45@example.com,Bell Ltd,Referral,Nurture,GEO0309,2024-02-24T21:57:44,2024-07-18T09:12:32
L002853,danielleunderwood@example.com,"Gates, Johnson and Flores",Event,New,GEO0310,2024-02-12T12:40:00,2025-06-15T11:40:31
L002854,barrystephenson@example.net,"Sandoval, Powers and Graham",Outbound,Disqualified,GEO0042,2024-04-12T22:34:26,2024-08-02T14:56:26
L002855,thomas87@example.org,Johnson LLC,Web,Qualified,GEO0037,2025-12-25T08:14:39,2026-01-06T06:58:08
L002856,matthew98@example.org,Watts LLC,Outbound,Qualified,GEO0432,2024-10-25T12:53:20,2025-07-11T02:50:51
L002857,hutchinsonerin@example.org,Morales PLC,Partner,Disqualified,GEO0403,2025-04-21T09:32:37,2025-09-30T08:22:40
L002858,qbrown@example.net,Reed PLC,Outbound,Disqualified,GEO0473,2024-10-20T22:39:49,2025-01-05T23:21:14
L002859,christianwilson@example.net,Marsh-Cook,Web,Nurture,GEO0244,2024-04-02T21:53:04,2024-08-21T08:28:35
L002860,crystal46@example.com,Hull Group,Event,Qualified,GEO0167,2025-07-25T18:23:33,2025-11-01T14:08:40
L002861,shelby80@example.net,Reyes-Miller,Partner,Qualified,GEO0632,2024-07-27T02:06:18,2024-10-02T21:48:06
L002862,allison95@example.net,Peterson Group,Web,Nurture,GEO0507,2024-04-03T16:54:17,2024-05-27T12:59:59
L002863,dukemegan@example.org,Patel LLC,Inbound SDR,Nurture,GEO0285,2024-07-31T01:40:32,2025-11-29T17:57:46
L002864,qgarcia@example.com,Sanford-Byrd,Outbound,Disqualified,GEO0478,2025-03-07T16:46:50,2025-10-15T16:54:39
L002865,guerramichelle@example.org,Sparks and Sons,Inbound SDR,Working,GEO0420,2024-12-23T11:20:21,2025-08-29T00:41:20
L002866,davehenderson@example.org,"Williams, Bauer and Wilkins",Referral,Working,GEO0322,2025-09-05T19:12:00,2026-02-02T06:26:29
L002867,kwood@example.org,Elliott-Chung,Outbound,New,GEO0163,2025-03-03T17:54:48,2025-07-02T13:35:48
L002868,gina90@example.net,Mendoza PLC,Event,Disqualified,GEO0235,2024-06-30T00:59:12,2025-08-16T21:45:51
L002869,michellelopez@example.net,Gordon-Kennedy,Event,Working,GEO0295,2025-07-18T12:42:55,2025-12-23T03:26:08
L002870,arellanovincent@example.com,Roach PLC,Inbound SDR,Working,GEO0731,2025-04-02T01:35:12,2025-05-17T05:41:01
L002871,dcole@example.org,Hancock-Trujillo,Outbound,Disqualified,GEO0114,2026-02-24T15:04:58,2026-02-26T11:08:28
L002872,stevenreyes@example.com,"Horton, Wise and Hall",Inbound SDR,Working,GEO0286,2024-08-21T13:54:51,2024-12-06T19:57:17
L002873,denise10@example.com,Torres-Brown,Inbound SDR,New,GEO0714,2024-03-21T04:15:27,2024-10-11T08:32:44
L002874,yvonnepierce@example.net,Johnson-Mosley,Event,Nurture,GEO0493,2024-08-03T04:30:03,2025-10-08T04:47:16
L002875,daniel86@example.net,Lopez-Gonzalez,Inbound SDR,Working,GEO0645,2025-12-03T07:25:44,2026-01-16T07:59:13
L002876,brenda60@example.com,Benson Ltd,Web,Disqualified,GEO0648,2024-09-05T21:46:57,2025-02-13T19:49:25
L002877,kmejia@example.com,"Hanson, Forbes and Mitchell",Event,New,GEO0573,2025-01-11T13:11:07,2025-05-06T19:14:24
L002878,tarawilliamson@example.net,Wilson-Perry,Outbound,New,GEO0586,2024-06-13T18:22:33,2025-06-26T10:41:25
L002879,victoriapotts@example.org,Pennington-Hernandez,Web,Disqualified,GEO0075,2024-08-21T23:14:40,2025-03-20T23:18:32
L002880,thomasbates@example.org,"Lopez, Peters and Russell",Event,Qualified,GEO0297,2024-06-06T10:51:53,2024-12-03T08:56:00
L002881,fsanchez@example.net,"Huynh, Aguilar and Garcia",Outbound,Nurture,GEO0179,2024-01-27T06:44:22,2025-06-11T06:46:42
L002882,kenneth01@example.net,Smith-Rivera,Event,Disqualified,GEO0525,2025-05-06T04:29:01,2025-12-29T19:21:04
L002883,teresa03@example.org,"Huber, Barber and Soto",Inbound SDR,Working,GEO0194,2024-11-24T14:03:43,2026-01-25T18:32:10
L002884,michelle41@example.com,Mcguire Ltd,Partner,Working,GEO0203,2025-10-06T00:29:59,2026-02-06T06:23:35
L002885,matthewjohnson@example.net,Mccarty-Vaughn,Inbound SDR,Qualified,GEO0198,2024-10-01T15:30:52,2025-10-04T14:25:55
L002886,kruiz@example.net,Rice-Jones,Partner,New,GEO0727,2024-02-06T17:26:42,2025-06-24T17:11:43
L002887,orrkeith@example.com,Lyons-Hayes,Event,Qualified,GEO0209,2025-10-10T02:23:00,2026-01-09T16:38:48
L002888,brenda64@example.net,Gonzalez-Vaughan,Web,Nurture,GEO0362,2024-09-10T18:50:40,2025-04-22T19:29:52
L002889,millerjenny@example.org,Greene PLC,Web,New,GEO0277,2026-02-13T08:28:57,2026-02-27T13:40:27
L002890,nancy53@example.net,Brown Ltd,Event,Nurture,GEO0257,2025-06-12T08:51:42,2025-09-09T15:29:56
L002891,nathan71@example.net,Pearson-Dominguez,Web,Working,GEO0031,2024-05-18T08:17:19,2024-12-13T17:30:55
L002892,robertmurphy@example.org,Hernandez and Sons,Event,Qualified,GEO0267,2024-11-08T21:40:05,2025-05-26T05:22:19
L002893,stephenmartinez@example.org,Cooper Inc,Referral,New,GEO0264,2025-04-18T18:48:39,2025-08-02T04:34:39
L002894,jessicanixon@example.com,Diaz-Fernandez,Partner,Disqualified,GEO0419,2025-07-31T20:06:19,2025-12-28T11:44:11
L002895,lindamitchell@example.net,Wright Inc,Event,Working,GEO0362,2025-09-11T15:06:37,2025-12-21T00:46:18
L002896,maryscott@example.org,"Baker, Graves and Reyes",Outbound,Qualified,GEO0007,2024-05-07T16:47:18,2024-08-24T10:04:28
L002897,ryan44@example.net,"Miller, Lopez and Velasquez",Web,New,GEO0205,2024-02-11T13:39:48,2025-03-15T22:10:27
L002898,mercadonancy@example.org,Daniels LLC,Event,Nurture,GEO0613,2025-06-09T00:32:48,2025-11-13T09:04:51
L002899,michaelhoward@example.net,Hester LLC,Inbound SDR,New,GEO0339,2024-01-10T22:27:31,2024-06-29T05:51:54
L002900,richardmichael@example.org,Ball-Lane,Outbound,New,GEO0307,2024-05-14T13:21:18,2025-11-01T14:32:25
L002901,karenjones@example.com,Sanders PLC,Inbound SDR,Nurture,GEO0245,2025-11-27T12:21:58,2026-02-04T02:41:49
L002902,heather64@example.org,Dalton-Miller,Outbound,Disqualified,GEO0713,2024-12-27T12:53:35,2025-05-21T19:10:29
L002903,connor08@example.net,"Richmond, Washington and Walker",Outbound,Nurture,GEO0745,2024-01-22T05:10:20,2024-11-22T14:02:28
L002904,richard18@example.net,Bell-King,Partner,Nurture,GEO0581,2026-02-16T22:48:44,2026-02-24T07:20:08
L002905,felicia52@example.com,Travis Group,Partner,Qualified,GEO0117,2024-11-23T18:00:25,2025-06-26T21:51:10
L002906,millerrachel@example.org,"Harris, Ford and Hull",Inbound SDR,Disqualified,GEO0609,2024-12-06T10:33:09,2026-02-05T20:05:59
L002907,cmullins@example.com,"Smith, Proctor and Lee",Referral,Nurture,GEO0003,2026-02-20T01:32:47,2026-02-26T12:36:14
L002908,singhmichael@example.com,Mitchell Ltd,Outbound,New,GEO0315,2024-11-07T08:51:48,2025-11-02T04:29:36
L002909,rgilbert@example.com,Crawford Ltd,Inbound SDR,Disqualified,GEO0278,2025-05-17T05:22:55,2025-07-08T19:35:58
L002910,jameswalsh@example.com,Griffin-Wilson,Inbound SDR,Qualified,GEO0685,2025-12-04T05:29:35,2026-01-26T05:37:05
L002911,browntiffany@example.org,Miller-Phillips,Web,Disqualified,GEO0390,2024-12-03T09:31:59,2025-05-07T10:52:29
L002912,amber13@example.net,Coleman Group,Event,Qualified,GEO0219,2024-09-09T09:10:53,2025-12-13T11:04:13
L002913,webbdiane@example.net,Thompson PLC,Web,New,GEO0514,2024-04-20T00:54:47,2024-08-12T01:00:30
L002914,william42@example.com,Wong Group,Referral,Qualified,GEO0176,2024-04-26T02:14:04,2024-08-22T06:22:48
L002915,rodriguezdenise@example.net,Robinson-Long,Outbound,Qualified,GEO0063,2025-03-02T15:04:04,2025-06-27T07:42:08
L002916,curtis22@example.com,West-Jones,Referral,Nurture,GEO0348,2024-02-29T17:28:00,2024-10-21T18:24:56
L002917,zroberts@example.org,Bailey Ltd,Referral,Qualified,GEO0717,2025-11-02T07:09:25,2025-12-24T04:01:23
L002918,prosario@example.net,"Miller, Mathews and Rogers",Outbound,Nurture,GEO0315,2024-05-28T04:08:47,2026-01-09T12:21:05
L002919,katherine57@example.net,Carrillo LLC,Inbound SDR,Working,GEO0271,2024-12-12T19:31:09,2025-08-31T01:26:41
L002920,raymondfoley@example.org,Williams PLC,Partner,Nurture,GEO0145,2024-04-03T23:49:06,2025-05-02T17:27:26
L002921,nataliehenry@example.org,Murray and Sons,Partner,Working,GEO0643,2024-04-26T11:42:23,2024-06-24T05:36:18
L002922,jenniferbryant@example.com,King and Sons,Referral,Qualified,GEO0187,2024-02-08T20:32:38,2026-01-11T16:08:49
L002923,glovereric@example.com,Campbell PLC,Event,New,GEO0151,2024-09-28T04:23:45,2025-01-15T09:38:31
L002924,fmontoya@example.org,"Stone, Lucas and Garcia",Referral,Qualified,GEO0520,2024-09-28T08:36:29,2025-08-14T07:21:15
L002925,danielle21@example.org,Martinez LLC,Partner,Nurture,GEO0492,2025-04-13T10:56:08,2025-10-20T05:54:56
L002926,angelarodriguez@example.org,Allen-Kaiser,Outbound,Nurture,GEO0048,2025-10-29T00:32:32,2025-12-05T15:43:42
L002927,stonebrandon@example.org,Clark Ltd,Inbound SDR,Qualified,GEO0363,2024-01-03T02:07:29,2025-02-09T06:50:13
L002928,tmunoz@example.com,Dean Ltd,Web,Qualified,GEO0516,2025-03-19T17:42:41,2025-04-21T11:04:21
L002929,thompsonjennifer@example.net,"Waller, Martinez and Chambers",Outbound,Nurture,GEO0116,2025-08-24T04:35:16,2025-09-15T05:36:58
L002930,tuckerbrandon@example.com,Robertson-Olson,Event,Disqualified,GEO0281,2024-11-23T10:51:48,2025-11-04T06:01:01
L002931,davidsanders@example.com,Mendoza Inc,Partner,Disqualified,GEO0459,2024-03-14T06:25:12,2025-06-05T12:52:01
L002932,floresbill@example.com,"Pena, Robinson and Cox",Partner,Nurture,GEO0480,2024-02-03T19:19:23,2025-01-27T02:26:01
L002933,aprilwillis@example.com,Cooley and Sons,Web,New,GEO0743,2025-08-10T14:45:51,2026-01-14T08:39:47
L002934,pjohnson@example.net,Gonzales PLC,Referral,Disqualified,GEO0689,2024-08-02T06:10:45,2026-02-20T14:57:06
L002935,benjaminlopez@example.org,Martinez PLC,Inbound SDR,Disqualified,GEO0374,2024-12-24T23:22:22,2025-05-04T15:07:31
L002936,williamruiz@example.net,Calhoun and Sons,Event,Disqualified,GEO0218,2024-12-17T21:28:03,2025-01-24T18:48:31
L002937,perry56@example.org,Aguilar-Hernandez,Web,Disqualified,GEO0583,2025-06-23T02:02:37,2025-06-29T22:38:00
L002938,gabrielleserrano@example.net,Lam PLC,Referral,Nurture,GEO0511,2026-02-21T07:31:03,2026-02-27T02:52:39
L002939,cindybanks@example.com,Silva-Brady,Outbound,Disqualified,GEO0424,2025-04-04T05:35:44,2025-07-01T20:06:29
L002940,vmitchell@example.org,"Campbell, Harper and Jacobs",Outbound,Qualified,GEO0320,2024-10-21T19:54:52,2025-02-19T22:14:25
L002941,karla92@example.org,Mejia-Sanders,Web,Qualified,GEO0293,2025-03-29T03:43:31,2026-01-23T22:26:07
L002942,davischristina@example.com,Baker and Sons,Outbound,Qualified,GEO0415,2025-02-21T12:30:44,2025-04-15T11:56:50
L002943,troystafford@example.org,Nichols-Smith,Partner,New,GEO0567,2025-04-27T14:07:35,2025-07-08T01:07:28
L002944,brookevelasquez@example.org,Blair and Sons,Referral,Disqualified,GEO0557,2025-06-30T15:21:35,2025-11-02T10:19:20
L002945,ugrant@example.org,Cervantes Ltd,Web,Qualified,GEO0611,2025-08-27T21:36:03,2025-10-06T05:31:59
L002946,morgan25@example.com,Turner and Sons,Event,Working,GEO0059,2025-09-05T22:27:30,2025-11-21T16:44:33
L002947,whitejane@example.com,"Richards, Matthews and Murray",Partner,New,GEO0221,2024-11-30T16:22:05,2025-03-06T12:14:26
L002948,biancamoody@example.net,"Johnson, Foster and Schultz",Referral,New,GEO0395,2024-06-14T15:39:25,2026-03-01T06:56:06
L002949,amywall@example.org,"Castillo, Thompson and Ray",Outbound,Qualified,GEO0067,2024-04-09T06:52:20,2025-03-25T11:50:26
L002950,gwhite@example.com,"White, Leblanc and Valencia",Partner,Qualified,GEO0263,2024-08-25T06:16:30,2025-05-24T08:03:44
L002951,frank19@example.com,"Hunt, Barker and Morgan",Referral,Working,GEO0355,2024-07-17T13:56:29,2024-08-27T05:24:06
L002952,rdavies@example.net,Sanders and Sons,Outbound,Working,GEO0687,2025-12-17T12:04:03,2026-01-14T10:11:12
L002953,veronicalarson@example.net,Harris PLC,Web,Working,GEO0683,2025-10-03T19:00:31,2025-11-16T18:29:00
L002954,kristencontreras@example.com,Cruz-Mcclure,Referral,New,GEO0201,2024-04-29T21:15:55,2025-10-07T18:19:35
L002955,toddsanchez@example.org,"Estes, Bonilla and Brown",Outbound,Working,GEO0788,2024-01-24T06:25:04,2024-01-29T02:34:03
L002956,stewartmichael@example.org,Porter-Santos,Inbound SDR,Disqualified,GEO0424,2024-04-28T13:09:09,2025-06-20T00:43:53
L002957,andrewwilson@example.net,Williams-Rios,Web,Disqualified,GEO0673,2026-02-06T22:37:21,2026-02-28T22:56:37
L002958,torressusan@example.com,Scott-Obrien,Event,Disqualified,GEO0367,2026-01-28T03:33:27,2026-02-25T12:25:56
L002959,swatkins@example.com,Martin-Kennedy,Partner,Nurture,GEO0246,2025-05-14T20:21:07,2025-09-01T08:47:38
L002960,torrestina@example.net,Rosario Inc,Partner,Nurture,GEO0780,2025-07-27T17:54:08,2025-11-21T20:14:08
L002961,carlnielsen@example.com,Fisher-Roberts,Outbound,Qualified,GEO0623,2024-07-31T13:43:44,2026-02-13T07:56:10
L002962,thomas72@example.org,Peters Inc,Partner,Qualified,GEO0281,2025-12-05T17:48:25,2025-12-27T03:45:36
L002963,andrew80@example.com,Herrera-Howard,Outbound,Nurture,GEO0678,2026-01-18T03:47:04,2026-01-19T12:46:50
L002964,walterwhite@example.org,Ryan-Franklin,Inbound SDR,New,GEO0067,2024-12-15T22:34:56,2025-03-16T11:45:29
L002965,emilythomas@example.org,"Scott, Alexander and Herrera",Partner,Qualified,GEO0535,2024-06-21T13:29:57,2025-10-17T09:21:26
L002966,asanders@example.org,Vincent Group,Partner,Disqualified,GEO0450,2024-11-24T18:26:48,2024-11-25T07:50:57
L002967,erica50@example.net,"Gardner, Gomez and Hull",Event,Working,GEO0774,2026-01-25T13:12:48,2026-02-10T17:13:28
L002968,wardthomas@example.net,Sullivan-Baxter,Inbound SDR,Disqualified,GEO0152,2026-02-21T11:10:14,2026-02-24T13:37:45
L002969,pamela72@example.org,"Hobbs, Salinas and Mathis",Inbound SDR,Qualified,GEO0328,2025-09-13T02:28:53,2025-11-24T11:00:56
L002970,tara02@example.net,Schwartz-Alvarado,Event,Working,GEO0126,2024-08-23T15:44:05,2026-01-09T14:09:26
L002971,ucohen@example.com,Warren LLC,Web,Disqualified,GEO0380,2025-01-21T12:55:18,2025-08-04T05:11:56
L002972,melissajohnson@example.org,Baker and Sons,Inbound SDR,Nurture,GEO0551,2024-03-04T13:53:52,2024-06-26T11:38:37
L002973,grogers@example.net,Wells PLC,Inbound SDR,New,GEO0057,2025-05-29T07:31:23,2025-08-12T07:47:53
L002974,penningtonlisa@example.org,"Patel, Cuevas and Williams",Inbound SDR,Working,GEO0681,2024-02-28T21:39:13,2024-05-16T03:01:09
L002975,jacksoncarol@example.net,Zamora Group,Referral,Nurture,GEO0553,2025-01-27T03:30:38,2025-12-29T11:43:34
L002976,igomez@example.org,"Williams, Stevens and Thomas",Referral,Nurture,GEO0140,2024-05-27T05:10:49,2026-02-05T18:04:47
L002977,nathanreynolds@example.com,Black Inc,Inbound SDR,Disqualified,GEO0413,2024-04-26T08:50:03,2024-04-30T04:52:23
L002978,mary86@example.net,Cook and Sons,Outbound,New,GEO0668,2024-05-30T08:52:12,2025-03-18T13:17:52
L002979,carrollchristopher@example.org,Miller-Atkinson,Partner,New,GEO0442,2025-07-02T12:46:33,2026-02-25T08:08:54
L002980,trevorjohnson@example.org,Burns and Sons,Referral,Qualified,GEO0526,2025-01-01T14:45:37,2025-10-29T14:48:48
L002981,ygallegos@example.com,"Watkins, Walker and Watts",Partner,Disqualified,GEO0352,2024-08-29T00:54:54,2025-08-27T05:35:21
L002982,rachel14@example.org,Moore-Carlson,Inbound SDR,Disqualified,GEO0726,2024-01-06T13:22:25,2025-07-11T12:20:07
L002983,bonnie19@example.org,Summers PLC,Web,Disqualified,GEO0705,2025-07-10T04:49:43,2026-01-03T09:28:10
L002984,katiecontreras@example.com,"Castaneda, Potts and Thompson",Referral,Working,GEO0356,2024-08-12T16:34:53,2025-11-15T14:27:36
L002985,uleblanc@example.net,"Burnett, Williams and Padilla",Partner,Disqualified,GEO0097,2024-08-27T16:03:25,2026-02-09T04:04:13
L002986,longmaureen@example.net,Ford Inc,Event,Nurture,GEO0271,2024-05-31T02:55:53,2025-09-09T00:36:07
L002987,christinemccormick@example.com,"Peters, Ramsey and Pineda",Inbound SDR,Disqualified,GEO0161,2025-01-05T06:04:24,2025-06-02T19:40:12
L002988,lmata@example.org,Bryant PLC,Partner,Qualified,GEO0417,2026-01-11T01:33:22,2026-01-12T15:38:59
L002989,robynjohnson@example.net,Owens LLC,Partner,New,GEO0077,2024-02-23T20:37:45,2024-11-12T23:04:20
L002990,barbermichael@example.net,Brown-Stafford,Referral,Working,GEO0283,2025-05-21T03:39:26,2025-08-28T17:58:06
L002991,kwilliams@example.org,Gilbert Inc,Referral,New,GEO0092,2025-11-18T03:01:10,2026-01-01T02:33:20
L002992,fspencer@example.org,"Russo, Miller and Johnson",Inbound SDR,Working,GEO0783,2025-06-14T07:30:38,2025-08-04T17:51:23
L002993,krystal90@example.org,"Wong, Willis and Martin",Outbound,Nurture,GEO0146,2025-07-27T14:33:17,2025-09-11T15:59:10
L002994,dkirk@example.org,Ponce PLC,Inbound SDR,Qualified,GEO0514,2024-03-23T19:32:53,2024-08-29T10:54:02
L002995,coxamy@example.org,Harris-Arias,Referral,Nurture,GEO0272,2025-04-18T05:00:42,2026-01-16T02:20:52
L002996,cochrandavid@example.com,"Rodriguez, Lawrence and Delacruz",Inbound SDR,Working,GEO0649,2025-09-08T15:13:17,2025-09-20T03:42:54
L002997,mariacooke@example.com,Kelley-Henderson,Event,Working,GEO0506,2024-07-21T14:18:41,2025-09-16T10:13:51
L002998,mooreapril@example.net,Wallace Inc,Referral,Nurture,GEO0043,2025-03-04T22:03:45,2025-08-26T23:15:36
L002999,timothy14@example.org,Jacobs-Osborn,Web,Nurture,GEO0597,2024-02-08T08:42:21,2025-07-10T00:18:29
L003000,mary11@example.org,Morgan Group,Referral,Disqualified,GEO0706,2024-01-30T17:34:56,2025-09-15T06:03:20
