shipment_id,order_id,carrier,ship_date,estimated_delivery,delivered_date,shipping_cost,created_at,updated_at
SHP00000001,ORD00000001,OnTrac,2024-03-21,2024-03-23,2024-03-28,27.58,2024-03-21T06:40:08,2025-08-24T10:12:09
SHP00000002,ORD00000002,OnTrac,2024-11-08,2024-11-11,2024-11-09,37.05,2024-11-08T16:46:05,2025-10-10T07:25:27
SHP00000004,ORD00000004,OnTrac,2024-07-22,2024-07-25,2024-07-27,16.51,2024-07-22T13:23:28,2025-10-29T01:17:20
SHP00000005,ORD00000005,FedEx,2025-01-21,2025-01-26,,14.95,2025-01-21T20:01:24,2026-02-16T22:27:45
SHP00000008,ORD00000008,UPS,2025-03-26,2025-04-01,,15.08,2025-03-26T07:37:11,2025-09-05T07:49:41
SHP00000009,ORD00000009,OnTrac,2025-12-18,2025-12-22,2025-12-21,37.42,2025-12-18T07:11:10,2025-12-26T13:19:30
SHP00000010,ORD00000010,USPS,2025-05-07,2025-05-09,2025-05-12,13.53,2025-05-07T17:47:35,2026-02-28T18:05:15
SHP00000013,ORD00000013,FedEx,2024-07-08,2024-07-12,2024-07-15,26.62,2024-07-08T00:16:24,2025-08-05T04:04:37
SHP00000014,ORD00000014,XPO,2025-09-30,2025-10-02,,38.58,2025-09-30T20:15:30,2025-10-31T02:37:52
SHP00000016,ORD00000016,XPO,2025-03-13,2025-03-17,2025-03-19,5.1,2025-03-13T08:27:30,2025-06-15T09:49:44
SHP00000017,ORD00000017,UPS,2024-05-23,2024-05-29,2024-05-29,25.42,2024-05-23T01:27:12,2025-04-15T02:42:31
SHP00000018,ORD00000018,UPS,2025-10-23,2025-10-28,,30.42,2025-10-23T13:03:36,2025-11-15T10:29:06
SHP00000019,ORD00000019,XPO,2026-03-02,2026-03-05,,24.4,2026-03-02T22:57:09,2026-03-03T19:35:28
SHP00000020,ORD00000020,OnTrac,2024-07-30,2024-08-05,2024-08-01,15.11,2024-07-30T09:40:41,2024-12-14T02:15:04
SHP00000021,ORD00000021,OnTrac,2025-11-21,2025-11-23,,9.73,2025-11-21T02:39:51,2025-12-21T17:50:06
SHP00000024,ORD00000024,DHL,2025-09-28,2025-10-04,2025-10-01,12.68,2025-09-28T10:42:12,2026-01-12T07:53:45
SHP00000026,ORD00000026,USPS,2026-02-15,2026-02-17,2026-02-20,33.93,2026-02-15T07:51:22,2026-02-20T13:16:05
SHP00000029,ORD00000029,UPS,2024-06-06,2024-06-12,2024-06-08,6.8,2024-06-06T15:50:13,2025-10-03T08:04:49
SHP00000030,ORD00000030,OnTrac,2025-03-06,2025-03-11,,22.76,2025-03-06T00:44:37,2025-06-03T14:00:13
SHP00000031,ORD00000031,USPS,2025-12-03,2025-12-07,2025-12-06,28.01,2025-12-03T13:06:08,2026-02-19T16:36:43
SHP00000032,ORD00000032,FedEx,2024-09-25,2024-09-29,,13.04,2024-09-25T12:20:27,2026-01-21T16:48:38
SHP00000033,ORD00000033,XPO,2025-06-16,2025-06-22,,5.74,2025-06-16T21:27:39,2025-07-28T16:22:45
SHP00000036,ORD00000036,USPS,2025-04-28,2025-05-04,2025-05-01,10.61,2025-04-28T00:25:10,2025-12-19T20:15:30
SHP00000039,ORD00000039,XPO,2024-01-18,2024-01-23,2024-01-25,13.01,2024-01-18T19:39:16,2025-11-01T07:04:48
SHP00000041,ORD00000041,OnTrac,2025-09-28,2025-10-04,2025-10-04,22.6,2025-09-28T12:24:10,2026-01-05T00:28:47
SHP00000042,ORD00000042,UPS,2025-06-12,2025-06-16,2025-06-16,19.35,2025-06-12T22:22:31,2025-10-28T14:06:58
SHP00000044,ORD00000044,FedEx,2024-01-27,2024-02-02,,19.27,2024-01-27T22:34:47,2025-10-26T21:14:00
SHP00000048,ORD00000048,UPS,2024-09-23,2024-09-25,2024-09-25,7.0,2024-09-23T17:07:51,2024-11-26T00:36:01
SHP00000051,ORD00000051,UPS,2025-11-06,2025-11-11,2025-11-08,22.12,2025-11-06T19:50:46,2025-12-16T16:56:29
SHP00000052,ORD00000052,USPS,2024-03-10,2024-03-12,2024-03-12,37.72,2024-03-10T13:16:08,2025-07-12T21:00:35
SHP00000053,ORD00000053,XPO,2025-10-23,2025-10-27,2025-10-30,26.59,2025-10-23T01:12:37,2026-01-13T17:27:16
SHP00000054,ORD00000054,UPS,2024-07-30,2024-08-02,,34.14,2024-07-30T18:38:06,2026-01-18T16:04:34
SHP00000056,ORD00000056,FedEx,2025-08-02,2025-08-06,2025-08-03,24.29,2025-08-02T08:24:12,2025-11-14T17:58:21
SHP00000059,ORD00000059,DHL,2025-08-29,2025-09-01,2025-09-02,34.59,2025-08-29T18:29:05,2025-10-07T07:47:16
SHP00000060,ORD00000060,DHL,2024-09-09,2024-09-14,2024-09-12,34.58,2024-09-09T18:15:17,2024-10-30T00:04:00
SHP00000063,ORD00000063,OnTrac,2025-05-10,2025-05-15,,13.95,2025-05-10T10:34:41,2026-01-12T03:41:42
SHP00000065,ORD00000065,XPO,2025-03-24,2025-03-30,,17.06,2025-03-24T08:47:19,2025-09-02T08:04:47
SHP00000069,ORD00000069,USPS,2024-10-15,2024-10-19,,13.52,2024-10-15T13:00:41,2025-04-22T12:07:50
SHP00000071,ORD00000071,OnTrac,2024-12-01,2024-12-04,,17.05,2024-12-01T09:18:28,2025-02-08T20:17:36
SHP00000072,ORD00000072,USPS,2024-03-15,2024-03-17,,11.57,2024-03-15T17:13:03,2024-03-20T13:59:15
SHP00000073,ORD00000073,FedEx,2024-09-05,2024-09-11,2024-09-09,13.95,2024-09-05T05:23:38,2025-12-28T09:24:34
SHP00000074,ORD00000074,FedEx,2024-05-29,2024-06-04,,16.79,2024-05-29T08:53:19,2024-06-19T03:46:52
SHP00000076,ORD00000076,USPS,2026-02-27,2026-03-04,2026-03-05,34.45,2026-02-27T12:45:02,2026-03-01T05:43:25
SHP00000077,ORD00000077,OnTrac,2024-07-09,2024-07-15,,8.06,2024-07-09T07:20:04,2025-02-28T04:29:42
SHP00000079,ORD00000079,UPS,2024-04-26,2024-05-02,,39.65,2024-04-26T23:24:16,2025-01-03T22:50:12
SHP00000080,ORD00000080,DHL,2026-02-13,2026-02-16,2026-02-16,20.48,2026-02-13T16:46:37,2026-02-21T11:07:43
SHP00000082,ORD00000082,OnTrac,2024-11-24,2024-11-29,2024-11-26,12.59,2024-11-24T14:08:47,2025-02-26T02:12:23
SHP00000085,ORD00000085,XPO,2025-12-20,2025-12-23,,18.85,2025-12-20T05:59:14,2026-02-19T03:23:59
SHP00000089,ORD00000089,UPS,2025-05-28,2025-05-30,2025-06-04,34.78,2025-05-28T04:50:28,2025-09-11T20:27:02
SHP00000090,ORD00000090,FedEx,2024-07-20,2024-07-23,2024-07-26,25.34,2024-07-20T02:44:27,2025-12-20T22:51:59
SHP00000092,ORD00000092,DHL,2025-02-14,2025-02-18,2025-02-15,17.82,2025-02-14T16:34:26,2025-06-21T18:22:34
SHP00000093,ORD00000093,FedEx,2025-10-24,2025-10-29,2025-10-28,34.76,2025-10-24T11:15:17,2025-10-29T01:41:06
SHP00000094,ORD00000094,USPS,2025-10-16,2025-10-21,2025-10-20,5.72,2025-10-16T21:41:07,2025-10-16T14:26:12
SHP00000096,ORD00000096,FedEx,2025-01-24,2025-01-30,2025-01-29,8.78,2025-01-24T14:21:32,2025-02-07T21:38:53
SHP00000100,ORD00000100,USPS,2024-05-20,2024-05-23,,4.49,2024-05-20T00:05:20,2025-03-19T11:40:20
SHP00000102,ORD00000102,OnTrac,2025-10-29,2025-11-02,,15.8,2025-10-29T18:41:01,2025-11-23T06:47:14
SHP00000103,ORD00000103,OnTrac,2024-12-29,2025-01-03,2024-12-30,16.49,2024-12-29T04:57:31,2025-02-11T07:12:11
SHP00000104,ORD00000104,USPS,2024-03-30,2024-04-03,2024-04-01,10.75,2024-03-30T05:57:08,2024-06-24T07:52:50
SHP00000108,ORD00000108,FedEx,2025-08-10,2025-08-14,,7.87,2025-08-10T14:11:21,2025-09-06T05:38:39
SHP00000109,ORD00000109,UPS,2025-01-14,2025-01-17,2025-01-19,4.88,2025-01-14T16:17:30,2025-10-12T11:05:42
SHP00000111,ORD00000111,OnTrac,2025-08-17,2025-08-22,,28.6,2025-08-17T18:54:18,2025-10-03T07:10:50
SHP00000112,ORD00000112,XPO,2025-05-11,2025-05-14,2025-05-13,28.49,2025-05-11T22:53:46,2025-09-06T13:50:37
SHP00000114,ORD00000114,FedEx,2024-05-01,2024-05-04,2024-05-07,17.2,2024-05-01T20:12:15,2025-12-30T18:50:23
SHP00000116,ORD00000116,DHL,2025-01-26,2025-01-29,2025-01-27,26.76,2025-01-26T04:39:39,2025-05-02T05:01:37
SHP00000117,ORD00000117,OnTrac,2025-04-07,2025-04-09,,21.69,2025-04-07T18:10:41,2025-06-28T21:59:59
SHP00000118,ORD00000118,OnTrac,2024-11-20,2024-11-23,2024-11-25,17.64,2024-11-20T11:09:47,2025-05-27T15:05:31
SHP00000120,ORD00000120,FedEx,2025-03-10,2025-03-15,,32.57,2025-03-10T13:20:00,2025-09-30T14:24:51
SHP00000121,ORD00000121,XPO,2025-02-09,2025-02-13,,7.84,2025-02-09T05:56:16,2025-08-21T03:29:10
SHP00000122,ORD00000122,DHL,2024-06-19,2024-06-21,,18.11,2024-06-19T23:55:21,2025-09-03T13:34:55
SHP00000124,ORD00000124,FedEx,2024-02-28,2024-03-02,,18.68,2024-02-28T02:13:42,2025-04-18T01:37:23
SHP00000125,ORD00000125,XPO,2024-07-15,2024-07-21,2024-07-20,29.63,2024-07-15T12:13:41,2025-08-10T23:57:54
SHP00000128,ORD00000128,USPS,2025-10-30,2025-11-05,2025-11-03,35.75,2025-10-30T12:26:55,2025-11-04T22:09:33
SHP00000129,ORD00000129,XPO,2025-08-30,2025-09-04,2025-09-02,33.89,2025-08-30T15:04:53,2025-12-16T23:06:55
SHP00000130,ORD00000130,XPO,2025-08-08,2025-08-13,,32.43,2025-08-08T23:11:29,2025-08-28T16:53:54
SHP00000132,ORD00000132,UPS,2026-02-22,2026-02-25,2026-02-28,23.14,2026-02-22T22:53:27,2026-02-23T18:46:38
SHP00000133,ORD00000133,XPO,2025-07-27,2025-08-01,2025-07-31,9.63,2025-07-27T11:48:29,2026-01-23T23:45:22
SHP00000134,ORD00000134,XPO,2024-10-03,2024-10-05,,17.1,2024-10-03T19:34:46,2025-08-09T01:06:36
SHP00000137,ORD00000137,OnTrac,2025-04-22,2025-04-27,2025-04-23,23.67,2025-04-22T09:26:56,2025-07-19T08:23:10
SHP00000138,ORD00000138,FedEx,2026-01-14,2026-01-16,2026-01-18,6.79,2026-01-14T00:36:14,2026-01-31T03:08:21
SHP00000142,ORD00000142,OnTrac,2025-12-05,2025-12-11,2025-12-08,9.09,2025-12-05T00:21:24,2025-12-20T17:36:59
SHP00000143,ORD00000143,XPO,2025-08-17,2025-08-22,2025-08-22,9.72,2025-08-17T06:41:29,2026-01-25T12:20:14
SHP00000144,ORD00000144,XPO,2024-03-12,2024-03-15,2024-03-15,9.37,2024-03-12T09:41:58,2024-08-21T15:02:22
SHP00000146,ORD00000146,OnTrac,2024-07-02,2024-07-08,,17.31,2024-07-02T23:23:22,2024-10-09T03:54:22
SHP00000149,ORD00000149,XPO,2024-01-10,2024-01-13,,30.73,2024-01-10T19:25:20,2024-12-01T05:26:40
SHP00000151,ORD00000151,XPO,2025-07-12,2025-07-15,2025-07-14,7.44,2025-07-12T04:00:28,2025-11-08T17:08:24
SHP00000152,ORD00000152,UPS,2025-11-14,2025-11-20,2025-11-20,10.35,2025-11-14T03:53:22,2025-11-30T10:16:48
SHP00000154,ORD00000154,FedEx,2024-04-02,2024-04-07,2024-04-08,36.82,2024-04-02T05:38:13,2025-07-06T03:22:45
SHP00000155,ORD00000155,XPO,2026-02-14,2026-02-16,2026-02-17,17.44,2026-02-14T06:14:01,2026-02-22T19:39:08
SHP00000156,ORD00000156,OnTrac,2025-06-14,2025-06-19,2025-06-18,21.1,2025-06-14T03:55:06,2025-08-07T17:15:38
SHP00000158,ORD00000158,OnTrac,2024-04-20,2024-04-22,2024-04-24,26.79,2024-04-20T02:01:14,2024-11-21T02:18:46
SHP00000159,ORD00000159,USPS,2025-03-10,2025-03-12,,29.98,2025-03-10T21:19:45,2025-07-18T13:44:21
SHP00000160,ORD00000160,OnTrac,2024-05-30,2024-06-04,,25.58,2024-05-30T06:10:55,2025-12-01T09:18:18
SHP00000162,ORD00000162,UPS,2025-02-06,2025-02-09,,12.73,2025-02-06T16:19:08,2025-04-21T16:15:38
SHP00000166,ORD00000166,UPS,2025-03-20,2025-03-25,2025-03-22,33.33,2025-03-20T12:44:00,2025-04-22T16:56:22
SHP00000167,ORD00000167,OnTrac,2025-03-21,2025-03-26,2025-03-24,17.35,2025-03-21T20:12:29,2025-11-11T17:07:17
SHP00000170,ORD00000170,UPS,2024-06-22,2024-06-26,2024-06-23,33.05,2024-06-22T15:14:26,2024-12-10T11:47:12
SHP00000171,ORD00000171,UPS,2025-06-08,2025-06-14,,12.3,2025-06-08T22:37:42,2025-07-26T13:48:17
SHP00000172,ORD00000172,FedEx,2024-05-26,2024-06-01,2024-05-31,29.68,2024-05-26T14:01:37,2024-09-16T22:34:26
SHP00000173,ORD00000173,FedEx,2025-08-11,2025-08-17,2025-08-13,25.24,2025-08-11T22:48:46,2025-09-01T17:35:57
SHP00000176,ORD00000176,UPS,2025-11-08,2025-11-10,,21.88,2025-11-08T17:38:15,2025-12-20T11:33:30
SHP00000177,ORD00000177,USPS,2025-11-07,2025-11-13,2025-11-09,38.91,2025-11-07T18:31:19,2025-11-28T15:01:36
SHP00000182,ORD00000182,DHL,2025-02-22,2025-02-27,2025-02-25,31.0,2025-02-22T12:34:46,2025-07-27T13:47:02
SHP00000183,ORD00000183,UPS,2025-02-06,2025-02-09,2025-02-09,26.86,2025-02-06T04:32:31,2025-07-04T22:21:13
SHP00000184,ORD00000184,DHL,2025-12-04,2025-12-10,2025-12-09,33.18,2025-12-04T04:36:03,2026-02-13T06:42:46
SHP00000185,ORD00000185,FedEx,2025-06-28,2025-07-02,,27.05,2025-06-28T08:29:04,2025-10-24T03:37:47
SHP00000187,ORD00000187,UPS,2025-04-11,2025-04-16,,34.04,2025-04-11T08:38:10,2026-02-11T04:54:32
SHP00000194,ORD00000194,UPS,2025-04-27,2025-04-30,2025-05-02,5.97,2025-04-27T18:01:41,2026-02-10T11:57:42
SHP00000195,ORD00000195,OnTrac,2024-02-19,2024-02-23,2024-02-24,22.07,2024-02-19T12:18:14,2025-07-30T21:06:59
SHP00000197,ORD00000197,XPO,2025-07-31,2025-08-03,2025-08-05,26.42,2025-07-31T08:26:14,2025-08-23T04:36:45
SHP00000198,ORD00000198,USPS,2025-08-30,2025-09-04,,25.7,2025-08-30T06:02:45,2026-01-20T10:19:54
SHP00000199,ORD00000199,UPS,2024-09-06,2024-09-12,2024-09-09,39.47,2024-09-06T23:24:33,2025-04-28T14:04:49
SHP00000201,ORD00000201,FedEx,2024-05-16,2024-05-20,,33.79,2024-05-16T04:11:49,2026-01-22T22:01:57
SHP00000202,ORD00000202,UPS,2025-07-24,2025-07-30,,12.92,2025-07-24T15:53:49,2026-02-03T01:16:53
SHP00000206,ORD00000206,OnTrac,2025-05-19,2025-05-22,2025-05-26,20.68,2025-05-19T14:55:04,2026-01-07T06:29:05
SHP00000207,ORD00000207,UPS,2025-03-13,2025-03-16,,16.62,2025-03-13T07:01:19,2025-09-27T10:47:51
SHP00000209,ORD00000209,OnTrac,2025-05-09,2025-05-11,2025-05-13,28.34,2025-05-09T02:34:16,2025-07-17T06:31:18
SHP00000210,ORD00000210,OnTrac,2025-10-19,2025-10-24,,33.82,2025-10-19T17:46:24,2025-11-12T22:59:28
SHP00000212,ORD00000212,OnTrac,2025-02-13,2025-02-15,2025-02-19,29.83,2025-02-13T05:25:51,2025-08-04T22:12:10
SHP00000213,ORD00000213,UPS,2025-03-12,2025-03-16,2025-03-18,28.79,2025-03-12T19:45:24,2025-09-18T02:58:24
SHP00000215,ORD00000215,UPS,2024-08-20,2024-08-26,,25.13,2024-08-20T06:21:10,2025-01-16T06:40:00
SHP00000217,ORD00000217,DHL,2024-02-01,2024-02-05,,13.59,2024-02-01T09:44:44,2025-01-14T16:37:44
SHP00000218,ORD00000218,DHL,2025-06-11,2025-06-17,2025-06-18,37.7,2025-06-11T15:35:00,2025-10-22T08:21:04
SHP00000219,ORD00000219,DHL,2024-09-16,2024-09-19,,35.23,2024-09-16T23:46:59,2024-09-21T09:12:04
SHP00000220,ORD00000220,XPO,2024-09-10,2024-09-13,2024-09-14,13.22,2024-09-10T16:42:49,2026-01-06T13:36:15
SHP00000221,ORD00000221,DHL,2024-09-10,2024-09-15,,8.1,2024-09-10T20:50:10,2024-09-18T20:58:46
SHP00000222,ORD00000222,OnTrac,2025-06-25,2025-06-27,2025-06-28,24.09,2025-06-25T23:10:22,2025-10-21T18:47:20
SHP00000223,ORD00000223,OnTrac,2025-07-14,2025-07-17,,26.9,2025-07-14T20:20:52,2025-08-09T05:32:42
SHP00000224,ORD00000224,USPS,2024-06-21,2024-06-27,2024-06-24,32.01,2024-06-21T12:22:29,2025-07-24T22:03:52
SHP00000227,ORD00000227,UPS,2024-03-26,2024-04-01,2024-03-31,30.23,2024-03-26T13:30:10,2025-02-27T16:17:23
SHP00000229,ORD00000229,UPS,2025-07-02,2025-07-04,2025-07-03,24.82,2025-07-02T13:23:01,2025-11-14T02:29:25
SHP00000230,ORD00000230,OnTrac,2025-07-19,2025-07-24,,26.68,2025-07-19T17:27:06,2025-12-27T12:05:11
SHP00000231,ORD00000231,OnTrac,2024-02-04,2024-02-06,,31.18,2024-02-04T05:46:31,2025-08-03T20:16:50
SHP00000234,ORD00000234,UPS,2025-09-30,2025-10-02,,26.52,2025-09-30T04:59:59,2025-12-05T07:41:31
SHP00000237,ORD00000237,USPS,2024-06-01,2024-06-07,,32.36,2024-06-01T19:39:58,2026-01-13T11:37:30
SHP00000239,ORD00000239,FedEx,2026-01-23,2026-01-26,2026-01-29,24.7,2026-01-23T20:01:24,2026-02-23T15:46:04
SHP00000240,ORD00000240,UPS,2025-04-09,2025-04-11,,25.7,2025-04-09T07:16:30,2025-06-03T13:04:56
SHP00000241,ORD00000241,XPO,2025-07-06,2025-07-10,,4.77,2025-07-06T22:04:15,2025-11-15T09:13:25
SHP00000244,ORD00000244,UPS,2025-04-11,2025-04-15,2025-04-17,32.77,2025-04-11T07:54:59,2025-09-05T03:04:09
SHP00000245,ORD00000245,XPO,2026-02-08,2026-02-11,2026-02-12,17.59,2026-02-08T15:12:13,2026-02-26T14:56:34
SHP00000247,ORD00000247,USPS,2025-06-07,2025-06-13,2025-06-09,5.68,2025-06-07T13:09:27,2026-02-28T05:03:18
SHP00000248,ORD00000248,FedEx,2024-12-09,2024-12-12,,21.22,2024-12-09T20:51:54,2025-11-14T07:23:53
SHP00000249,ORD00000249,FedEx,2024-12-24,2024-12-26,,25.72,2024-12-24T00:25:19,2025-07-29T21:12:47
SHP00000250,ORD00000250,USPS,2025-02-13,2025-02-17,2025-02-19,31.4,2025-02-13T22:21:32,2026-02-08T00:24:40
SHP00000256,ORD00000256,USPS,2024-03-02,2024-03-05,2024-03-09,13.14,2024-03-02T01:28:31,2025-03-03T22:58:08
SHP00000261,ORD00000261,UPS,2025-11-25,2025-11-30,2025-11-26,25.16,2025-11-25T23:30:02,2026-02-24T12:57:38
SHP00000264,ORD00000264,UPS,2025-05-13,2025-05-19,2025-05-19,33.42,2025-05-13T11:52:53,2026-01-12T01:17:50
SHP00000265,ORD00000265,OnTrac,2024-03-31,2024-04-06,,26.61,2024-03-31T17:09:09,2025-08-22T09:24:55
SHP00000266,ORD00000266,USPS,2024-12-07,2024-12-13,2024-12-08,12.04,2024-12-07T08:58:34,2025-04-21T19:51:21
SHP00000268,ORD00000268,UPS,2025-02-06,2025-02-10,2025-02-12,11.79,2025-02-06T01:52:49,2025-12-30T07:07:41
SHP00000274,ORD00000274,XPO,2025-04-26,2025-05-02,,17.82,2025-04-26T11:30:40,2025-10-09T16:02:49
SHP00000276,ORD00000276,FedEx,2025-10-21,2025-10-25,,29.24,2025-10-21T19:57:00,2025-12-29T23:28:16
SHP00000278,ORD00000278,USPS,2025-08-02,2025-08-06,,12.77,2025-08-02T07:03:31,2025-12-28T12:29:41
SHP00000279,ORD00000279,XPO,2024-05-13,2024-05-17,,31.72,2024-05-13T13:37:30,2024-07-23T08:27:03
SHP00000280,ORD00000280,DHL,2026-01-28,2026-02-01,2026-01-29,26.01,2026-01-28T11:45:35,2026-02-22T03:42:05
SHP00000282,ORD00000282,USPS,2025-11-10,2025-11-14,2025-11-16,4.01,2025-11-10T02:13:42,2026-01-10T08:39:30
SHP00000284,ORD00000284,FedEx,2024-12-27,2024-12-30,,39.81,2024-12-27T17:33:21,2025-08-15T10:33:23
SHP00000285,ORD00000285,XPO,2024-11-13,2024-11-17,,16.6,2024-11-13T03:14:10,2025-08-27T06:57:34
SHP00000286,ORD00000286,DHL,2025-09-25,2025-09-30,,26.34,2025-09-25T13:12:07,2026-02-19T03:57:45
SHP00000287,ORD00000287,DHL,2026-01-06,2026-01-10,,39.68,2026-01-06T11:58:47,2026-01-09T23:15:37
SHP00000288,ORD00000288,XPO,2025-06-12,2025-06-18,2025-06-16,19.81,2025-06-12T04:30:10,2025-08-06T00:07:04
SHP00000291,ORD00000291,FedEx,2025-06-27,2025-06-30,2025-07-02,18.32,2025-06-27T21:10:39,2025-10-16T20:02:10
SHP00000293,ORD00000293,DHL,2025-01-29,2025-02-02,2025-02-04,11.07,2025-01-29T23:08:14,2025-05-10T20:35:14
SHP00000294,ORD00000294,XPO,2025-04-26,2025-04-29,,16.11,2025-04-26T13:38:41,2025-07-03T17:25:51
SHP00000298,ORD00000298,USPS,2025-10-31,2025-11-03,,31.31,2025-10-31T03:51:17,2025-11-01T22:06:40
SHP00000302,ORD00000302,USPS,2024-07-19,2024-07-22,,11.91,2024-07-19T23:59:36,2025-03-01T01:12:43
SHP00000303,ORD00000303,USPS,2025-02-21,2025-02-25,2025-02-23,23.41,2025-02-21T03:16:08,2026-02-10T14:24:55
SHP00000304,ORD00000304,USPS,2024-07-14,2024-07-17,2024-07-19,17.13,2024-07-14T18:17:38,2025-11-10T17:17:37
SHP00000305,ORD00000305,OnTrac,2024-03-20,2024-03-22,2024-03-21,20.36,2024-03-20T13:41:26,2024-05-16T05:13:10
SHP00000306,ORD00000306,UPS,2025-02-19,2025-02-23,2025-02-25,25.73,2025-02-19T21:51:37,2026-02-10T18:19:05
SHP00000314,ORD00000314,FedEx,2024-10-25,2024-10-30,,6.76,2024-10-25T12:07:24,2025-06-05T08:30:16
SHP00000315,ORD00000315,XPO,2024-11-13,2024-11-15,,25.16,2024-11-13T02:00:41,2025-11-09T18:31:51
SHP00000316,ORD00000316,USPS,2024-10-25,2024-10-28,2024-11-01,27.02,2024-10-25T17:46:42,2025-05-03T09:22:10
SHP00000317,ORD00000317,DHL,2025-04-27,2025-04-29,,6.35,2025-04-27T13:10:00,2025-06-11T16:31:36
SHP00000318,ORD00000318,DHL,2024-05-12,2024-05-14,2024-05-18,11.18,2024-05-12T00:24:55,2024-06-30T14:01:36
SHP00000320,ORD00000320,USPS,2024-03-23,2024-03-29,,35.42,2024-03-23T05:25:34,2026-02-11T23:57:41
SHP00000323,ORD00000323,UPS,2025-02-12,2025-02-14,2025-02-17,6.85,2025-02-12T05:53:55,2025-08-11T21:53:16
SHP00000324,ORD00000324,OnTrac,2025-08-05,2025-08-10,2025-08-11,24.29,2025-08-05T07:37:34,2026-01-15T02:22:25
SHP00000327,ORD00000327,DHL,2026-01-20,2026-01-25,,34.51,2026-01-20T05:11:53,2026-02-25T13:45:17
SHP00000330,ORD00000330,FedEx,2025-10-20,2025-10-22,,5.32,2025-10-20T21:54:38,2026-02-21T04:55:24
SHP00000332,ORD00000332,XPO,2026-03-02,2026-03-08,,29.67,2026-03-02T16:08:50,2026-03-03T20:52:53
SHP00000333,ORD00000333,FedEx,2025-04-06,2025-04-10,,38.77,2025-04-06T16:51:11,2025-08-21T13:39:01
SHP00000335,ORD00000335,DHL,2024-12-12,2024-12-18,2024-12-18,32.27,2024-12-12T22:40:54,2025-12-08T17:27:43
SHP00000337,ORD00000337,XPO,2024-01-22,2024-01-24,,39.11,2024-01-22T17:10:52,2024-06-22T05:18:23
SHP00000338,ORD00000338,XPO,2024-09-15,2024-09-20,,32.52,2024-09-15T13:04:03,2026-01-28T12:46:56
SHP00000344,ORD00000344,DHL,2025-11-06,2025-11-11,2025-11-11,28.45,2025-11-06T09:03:21,2026-01-25T11:11:33
SHP00000345,ORD00000345,DHL,2025-01-14,2025-01-18,2025-01-17,34.54,2025-01-14T13:33:01,2025-11-24T17:04:28
SHP00000346,ORD00000346,DHL,2024-06-20,2024-06-26,2024-06-25,17.52,2024-06-20T10:26:36,2024-08-07T02:47:39
SHP00000347,ORD00000347,XPO,2024-04-01,2024-04-07,,22.75,2024-04-01T13:27:36,2025-09-08T03:57:44
SHP00000348,ORD00000348,USPS,2025-10-07,2025-10-12,,39.83,2025-10-07T01:55:50,2026-01-07T10:43:32
SHP00000350,ORD00000350,UPS,2024-07-26,2024-07-30,2024-07-30,4.34,2024-07-26T12:07:19,2025-10-11T14:04:22
SHP00000354,ORD00000354,OnTrac,2024-01-05,2024-01-10,2024-01-11,5.33,2024-01-05T11:44:44,2024-12-02T08:26:32
SHP00000355,ORD00000355,DHL,2025-02-02,2025-02-06,2025-02-08,31.26,2025-02-02T10:58:57,2025-10-03T10:51:53
SHP00000357,ORD00000357,USPS,2025-12-26,2025-12-30,2025-12-28,18.06,2025-12-26T15:54:06,2026-02-05T09:34:07
SHP00000358,ORD00000358,XPO,2025-05-16,2025-05-22,,26.26,2025-05-16T22:27:43,2025-06-07T11:44:27
SHP00000359,ORD00000359,OnTrac,2024-03-20,2024-03-22,,26.71,2024-03-20T01:56:37,2026-02-27T21:57:41
SHP00000360,ORD00000360,UPS,2024-07-02,2024-07-05,,20.51,2024-07-02T19:00:42,2025-03-23T03:53:15
SHP00000361,ORD00000361,FedEx,2024-05-11,2024-05-14,,19.23,2024-05-11T21:06:16,2026-01-24T14:59:15
SHP00000362,ORD00000362,UPS,2025-08-24,2025-08-30,2025-08-26,9.93,2025-08-24T13:41:26,2025-12-24T21:37:05
SHP00000363,ORD00000363,OnTrac,2025-06-26,2025-06-30,2025-06-28,34.31,2025-06-26T01:45:08,2025-08-17T12:24:29
SHP00000366,ORD00000366,FedEx,2025-10-09,2025-10-11,2025-10-13,5.26,2025-10-09T09:48:16,2025-12-29T15:35:00
SHP00000367,ORD00000367,UPS,2024-06-11,2024-06-16,,32.14,2024-06-11T13:50:46,2024-08-02T05:53:34
SHP00000371,ORD00000371,DHL,2025-01-26,2025-02-01,2025-01-31,24.61,2025-01-26T03:40:26,2025-04-21T08:03:57
SHP00000374,ORD00000374,DHL,2025-02-11,2025-02-13,2025-02-18,30.62,2025-02-11T11:41:51,2025-05-06T15:51:43
SHP00000375,ORD00000375,DHL,2024-02-23,2024-02-27,2024-02-25,15.42,2024-02-23T00:59:31,2025-05-26T06:10:39
SHP00000377,ORD00000377,XPO,2025-06-02,2025-06-06,2025-06-06,14.95,2025-06-02T07:25:47,2026-02-28T08:33:49
SHP00000379,ORD00000379,USPS,2025-08-15,2025-08-18,2025-08-21,34.45,2025-08-15T21:08:54,2026-02-17T02:33:00
SHP00000380,ORD00000380,XPO,2025-05-12,2025-05-17,2025-05-15,21.71,2025-05-12T06:38:01,2025-05-29T14:26:50
SHP00000381,ORD00000381,UPS,2024-11-30,2024-12-05,2024-12-03,29.41,2024-11-30T22:43:09,2025-06-20T11:53:53
SHP00000383,ORD00000383,DHL,2025-10-09,2025-10-15,2025-10-12,20.26,2025-10-09T01:24:49,2025-11-13T18:41:53
SHP00000384,ORD00000384,USPS,2024-03-22,2024-03-27,,10.98,2024-03-22T15:15:33,2025-12-26T21:13:54
SHP00000386,ORD00000386,DHL,2025-12-18,2025-12-23,2025-12-25,27.78,2025-12-18T18:25:40,2025-12-25T23:39:45
SHP00000387,ORD00000387,FedEx,2025-06-30,2025-07-06,2025-07-04,15.55,2025-06-30T03:55:24,2025-10-31T02:12:19
SHP00000388,ORD00000388,XPO,2025-05-16,2025-05-21,2025-05-23,6.03,2025-05-16T03:33:58,2025-09-14T12:36:11
SHP00000389,ORD00000389,OnTrac,2025-02-24,2025-02-28,2025-02-28,25.33,2025-02-24T02:37:40,2026-01-28T07:32:28
SHP00000390,ORD00000390,DHL,2025-06-20,2025-06-26,2025-06-26,34.98,2025-06-20T17:13:27,2026-01-11T06:18:26
SHP00000392,ORD00000392,FedEx,2024-07-08,2024-07-11,,30.34,2024-07-08T06:44:05,2025-07-13T10:25:14
SHP00000395,ORD00000395,UPS,2026-01-30,2026-02-04,2026-01-31,16.42,2026-01-30T14:12:50,2026-02-02T00:13:10
SHP00000396,ORD00000396,USPS,2025-08-15,2025-08-20,,16.2,2025-08-15T04:02:17,2025-12-12T01:05:26
SHP00000397,ORD00000397,USPS,2024-01-20,2024-01-25,,29.62,2024-01-20T02:05:49,2025-01-14T00:47:30
SHP00000398,ORD00000398,DHL,2025-11-20,2025-11-25,2025-11-25,13.19,2025-11-20T03:00:41,2026-01-22T14:25:27
SHP00000400,ORD00000400,DHL,2024-08-17,2024-08-21,,32.24,2024-08-17T10:04:55,2025-07-27T03:43:27
SHP00000401,ORD00000401,USPS,2025-11-28,2025-12-04,2025-12-04,15.32,2025-11-28T06:16:57,2026-01-15T02:20:29
SHP00000403,ORD00000403,OnTrac,2024-10-10,2024-10-15,2024-10-16,25.68,2024-10-10T15:09:25,2025-02-21T04:17:35
SHP00000404,ORD00000404,XPO,2024-09-26,2024-10-02,,37.81,2024-09-26T06:06:11,2025-06-14T16:08:07
SHP00000405,ORD00000405,XPO,2025-10-13,2025-10-18,2025-10-17,27.06,2025-10-13T12:34:15,2025-11-29T22:38:56
SHP00000406,ORD00000406,USPS,2024-10-04,2024-10-07,2024-10-11,7.14,2024-10-04T03:18:50,2024-12-14T15:50:14
SHP00000407,ORD00000407,OnTrac,2024-10-21,2024-10-23,,23.85,2024-10-21T09:53:16,2025-05-22T16:26:54
SHP00000408,ORD00000408,UPS,2025-08-05,2025-08-08,,6.08,2025-08-05T09:49:52,2025-08-10T09:46:10
SHP00000410,ORD00000410,UPS,2025-01-02,2025-01-06,2025-01-03,18.27,2025-01-02T16:16:43,2025-05-08T03:56:49
SHP00000411,ORD00000411,XPO,2025-09-14,2025-09-16,2025-09-18,12.08,2025-09-14T21:47:18,2025-11-21T18:33:30
SHP00000413,ORD00000413,UPS,2024-05-18,2024-05-21,2024-05-20,20.01,2024-05-18T16:28:59,2025-07-14T09:30:53
SHP00000414,ORD00000414,OnTrac,2025-06-07,2025-06-13,,33.53,2025-06-07T00:00:15,2025-11-01T20:40:34
SHP00000416,ORD00000416,OnTrac,2024-07-19,2024-07-25,2024-07-21,29.29,2024-07-19T11:24:48,2025-12-05T22:02:53
SHP00000418,ORD00000418,FedEx,2026-02-27,2026-03-02,2026-02-28,16.63,2026-02-27T08:29:24,2026-02-28T03:00:59
SHP00000419,ORD00000419,OnTrac,2025-10-08,2025-10-13,2025-10-14,38.6,2025-10-08T01:53:53,2026-02-24T06:39:57
SHP00000420,ORD00000420,UPS,2025-04-27,2025-04-30,,8.98,2025-04-27T22:20:50,2025-11-15T15:14:20
SHP00000423,ORD00000423,OnTrac,2025-06-07,2025-06-12,2025-06-10,20.21,2025-06-07T02:19:11,2026-01-27T20:42:11
SHP00000424,ORD00000424,OnTrac,2024-05-04,2024-05-07,2024-05-09,20.71,2024-05-04T03:41:04,2024-11-21T09:47:26
SHP00000425,ORD00000425,OnTrac,2024-09-30,2024-10-02,,7.62,2024-09-30T10:50:51,2025-06-03T13:05:45
SHP00000426,ORD00000426,FedEx,2025-12-26,2025-12-30,,35.0,2025-12-26T00:11:43,2026-01-21T11:07:17
SHP00000428,ORD00000428,FedEx,2024-05-14,2024-05-16,,29.12,2024-05-14T16:50:13,2024-08-02T03:36:06
SHP00000429,ORD00000429,XPO,2025-05-06,2025-05-10,2025-05-11,30.06,2025-05-06T11:28:53,2025-08-06T10:37:06
SHP00000430,ORD00000430,UPS,2025-10-16,2025-10-22,2025-10-19,39.61,2025-10-16T01:05:23,2026-01-09T19:15:50
SHP00000431,ORD00000431,XPO,2024-03-29,2024-04-03,2024-03-31,32.65,2024-03-29T10:21:51,2024-12-06T16:52:27
SHP00000434,ORD00000434,FedEx,2025-02-16,2025-02-19,,20.73,2025-02-16T03:21:12,2026-02-12T05:37:19
SHP00000436,ORD00000436,OnTrac,2024-05-02,2024-05-08,2024-05-04,18.43,2024-05-02T06:31:02,2024-08-22T10:54:12
SHP00000439,ORD00000439,OnTrac,2024-03-24,2024-03-29,,30.84,2024-03-24T03:42:18,2026-02-18T16:44:28
SHP00000440,ORD00000440,OnTrac,2026-01-28,2026-02-03,2026-01-30,10.46,2026-01-28T16:15:58,2026-02-04T23:41:27
SHP00000441,ORD00000441,FedEx,2025-12-22,2025-12-26,2025-12-25,23.0,2025-12-22T22:57:52,2026-02-18T09:50:57
SHP00000443,ORD00000443,OnTrac,2025-04-21,2025-04-27,,18.95,2025-04-21T07:53:09,2025-11-17T00:21:18
SHP00000447,ORD00000447,DHL,2024-09-06,2024-09-11,2024-09-09,36.12,2024-09-06T18:31:57,2024-12-14T00:58:20
SHP00000448,ORD00000448,USPS,2024-12-03,2024-12-07,,14.53,2024-12-03T13:09:37,2025-01-20T08:09:23
SHP00000449,ORD00000449,OnTrac,2025-06-12,2025-06-15,2025-06-13,19.28,2025-06-12T22:15:11,2025-08-04T09:13:27
SHP00000451,ORD00000451,USPS,2025-09-26,2025-10-02,2025-09-28,13.02,2025-09-26T03:18:57,2025-12-16T07:55:27
SHP00000456,ORD00000456,FedEx,2024-10-12,2024-10-18,2024-10-14,38.78,2024-10-12T07:53:35,2026-02-28T20:39:34
SHP00000458,ORD00000458,UPS,2025-03-10,2025-03-12,,35.53,2025-03-10T07:12:11,2025-12-10T20:03:29
SHP00000459,ORD00000459,DHL,2024-09-17,2024-09-21,2024-09-21,7.69,2024-09-17T06:14:32,2025-02-02T04:17:05
SHP00000463,ORD00000463,XPO,2024-05-27,2024-06-01,2024-06-01,16.86,2024-05-27T00:07:55,2024-12-28T00:15:14
SHP00000464,ORD00000464,USPS,2025-04-15,2025-04-18,2025-04-17,6.86,2025-04-15T10:31:02,2025-06-19T14:33:47
SHP00000466,ORD00000466,UPS,2025-10-23,2025-10-25,,25.15,2025-10-23T05:12:42,2025-12-03T02:44:03
SHP00000467,ORD00000467,UPS,2025-06-21,2025-06-23,2025-06-26,24.53,2025-06-21T21:22:28,2026-02-20T21:32:47
SHP00000469,ORD00000469,UPS,2025-06-06,2025-06-08,,35.82,2025-06-06T03:54:22,2025-11-23T05:44:29
SHP00000470,ORD00000470,USPS,2025-02-10,2025-02-13,,10.33,2025-02-10T07:59:39,2025-12-15T00:26:26
SHP00000472,ORD00000472,USPS,2024-11-18,2024-11-21,2024-11-21,16.97,2024-11-18T23:45:41,2026-01-10T05:30:31
SHP00000473,ORD00000473,DHL,2024-09-22,2024-09-24,2024-09-28,14.16,2024-09-22T10:45:38,2025-08-08T16:34:42
SHP00000474,ORD00000474,XPO,2024-08-01,2024-08-03,,37.62,2024-08-01T12:12:03,2025-04-06T11:07:11
SHP00000478,ORD00000478,DHL,2025-06-26,2025-07-01,2025-06-27,23.79,2025-06-26T00:12:11,2026-02-28T03:07:20
SHP00000479,ORD00000479,USPS,2025-10-15,2025-10-21,2025-10-22,12.23,2025-10-15T12:49:32,2026-01-27T02:45:44
SHP00000480,ORD00000480,FedEx,2026-01-15,2026-01-21,,36.61,2026-01-15T06:09:12,2026-02-28T01:03:06
SHP00000481,ORD00000481,OnTrac,2025-06-25,2025-06-29,,7.08,2025-06-25T12:21:22,2025-07-02T18:43:14
SHP00000482,ORD00000482,FedEx,2025-03-06,2025-03-08,,11.93,2025-03-06T12:40:15,2025-09-28T17:56:02
SHP00000483,ORD00000483,USPS,2025-01-22,2025-01-27,2025-01-26,10.99,2025-01-22T07:40:57,2025-07-31T17:28:55
SHP00000485,ORD00000485,DHL,2024-10-18,2024-10-23,,27.61,2024-10-18T22:44:28,2025-01-16T19:29:15
SHP00000487,ORD00000487,UPS,2025-01-27,2025-02-02,2025-02-01,23.09,2025-01-27T22:01:05,2026-01-01T12:07:40
SHP00000488,ORD00000488,USPS,2024-08-28,2024-09-02,2024-09-01,26.13,2024-08-28T10:22:12,2025-04-16T03:18:54
SHP00000489,ORD00000489,OnTrac,2024-11-21,2024-11-24,2024-11-24,15.86,2024-11-21T06:57:18,2026-01-08T23:12:02
SHP00000490,ORD00000490,UPS,2024-02-22,2024-02-24,2024-02-25,37.78,2024-02-22T04:06:14,2025-05-13T22:50:24
SHP00000491,ORD00000491,UPS,2025-10-05,2025-10-07,,12.8,2025-10-05T02:11:02,2025-12-15T12:15:51
SHP00000492,ORD00000492,FedEx,2025-02-10,2025-02-13,2025-02-17,35.07,2025-02-10T11:55:56,2025-08-31T12:59:38
SHP00000493,ORD00000493,UPS,2025-05-20,2025-05-22,,16.58,2025-05-20T05:21:36,2025-11-09T02:24:09
SHP00000495,ORD00000495,USPS,2025-01-16,2025-01-22,,24.31,2025-01-16T00:38:31,2025-01-18T20:04:19
SHP00000497,ORD00000497,DHL,2026-02-15,2026-02-19,2026-02-19,6.27,2026-02-15T04:12:34,2026-03-01T10:32:39
SHP00000498,ORD00000498,XPO,2024-06-01,2024-06-03,,15.22,2024-06-01T18:11:05,2025-10-27T18:30:37
SHP00000499,ORD00000499,DHL,2024-10-09,2024-10-12,,4.36,2024-10-09T13:30:25,2025-01-10T08:43:06
SHP00000501,ORD00000501,DHL,2025-09-23,2025-09-26,2025-09-24,38.52,2025-09-23T11:58:25,2025-12-28T06:33:37
SHP00000502,ORD00000502,OnTrac,2025-04-04,2025-04-07,2025-04-09,37.7,2025-04-04T04:10:58,2025-09-04T15:30:28
SHP00000505,ORD00000505,DHL,2024-07-28,2024-07-30,2024-07-31,26.19,2024-07-28T05:06:43,2025-08-24T00:33:15
SHP00000506,ORD00000506,USPS,2024-11-13,2024-11-18,,12.49,2024-11-13T09:25:43,2024-12-26T22:48:37
SHP00000507,ORD00000507,USPS,2024-03-20,2024-03-24,2024-03-26,35.08,2024-03-20T13:09:34,2024-09-19T04:34:14
SHP00000508,ORD00000508,OnTrac,2025-01-26,2025-01-31,,36.13,2025-01-26T19:11:09,2026-01-16T00:26:35
SHP00000510,ORD00000510,XPO,2025-10-10,2025-10-15,,35.13,2025-10-10T16:33:54,2026-02-12T20:41:11
SHP00000512,ORD00000512,XPO,2025-07-02,2025-07-07,,35.83,2025-07-02T05:49:55,2025-11-16T18:26:49
SHP00000514,ORD00000514,DHL,2025-08-25,2025-08-27,,9.36,2025-08-25T16:19:53,2025-10-31T00:48:05
SHP00000515,ORD00000515,UPS,2024-04-22,2024-04-28,2024-04-28,34.25,2024-04-22T05:40:07,2024-05-05T07:54:24
SHP00000517,ORD00000517,XPO,2024-10-10,2024-10-12,2024-10-15,14.02,2024-10-10T16:14:50,2025-11-26T12:08:39
SHP00000518,ORD00000518,USPS,2024-07-22,2024-07-24,2024-07-27,39.22,2024-07-22T05:53:39,2024-12-25T01:31:03
SHP00000520,ORD00000520,XPO,2026-01-27,2026-01-30,,17.76,2026-01-27T18:14:32,2026-02-04T11:57:50
SHP00000523,ORD00000523,XPO,2024-02-04,2024-02-10,2024-02-11,37.12,2024-02-04T19:32:37,2026-02-15T12:32:42
SHP00000524,ORD00000524,OnTrac,2025-05-03,2025-05-06,2025-05-09,38.39,2025-05-03T15:56:29,2025-12-19T00:43:47
SHP00000525,ORD00000525,XPO,2024-11-12,2024-11-15,,33.72,2024-11-12T23:53:38,2025-05-27T11:01:37
SHP00000526,ORD00000526,USPS,2024-11-18,2024-11-20,,6.11,2024-11-18T23:35:23,2025-05-05T03:48:00
SHP00000528,ORD00000528,UPS,2024-11-08,2024-11-11,,9.06,2024-11-08T03:46:34,2025-12-08T04:44:41
SHP00000530,ORD00000530,XPO,2025-04-01,2025-04-04,,21.21,2025-04-01T15:49:41,2025-10-18T20:38:03
SHP00000532,ORD00000532,USPS,2025-03-25,2025-03-27,2025-03-29,34.61,2025-03-25T22:43:20,2025-10-22T01:53:16
SHP00000533,ORD00000533,FedEx,2025-06-29,2025-07-05,,10.07,2025-06-29T05:41:56,2025-10-19T00:22:26
SHP00000534,ORD00000534,UPS,2025-11-15,2025-11-20,,21.88,2025-11-15T03:38:27,2025-11-18T00:39:35
SHP00000535,ORD00000535,FedEx,2025-05-01,2025-05-04,2025-05-06,38.32,2025-05-01T22:10:14,2025-08-27T03:21:45
SHP00000536,ORD00000536,UPS,2025-01-04,2025-01-10,,28.99,2025-01-04T06:12:14,2025-08-23T00:55:39
SHP00000538,ORD00000538,OnTrac,2025-11-16,2025-11-18,2025-11-21,18.05,2025-11-16T01:16:36,2025-12-09T12:45:14
SHP00000541,ORD00000541,OnTrac,2025-01-07,2025-01-12,,10.27,2025-01-07T13:34:18,2025-01-12T09:52:05
SHP00000542,ORD00000542,UPS,2024-11-28,2024-11-30,,12.58,2024-11-28T05:55:40,2025-01-17T00:59:29
SHP00000543,ORD00000543,USPS,2024-01-27,2024-02-02,,32.19,2024-01-27T00:12:05,2025-07-02T02:27:49
SHP00000544,ORD00000544,DHL,2025-03-19,2025-03-23,,20.02,2025-03-19T15:48:53,2025-10-24T11:08:00
SHP00000545,ORD00000545,UPS,2024-01-22,2024-01-25,2024-01-27,25.56,2024-01-22T21:57:33,2025-01-02T16:19:17
SHP00000546,ORD00000546,XPO,2024-05-14,2024-05-18,,16.01,2024-05-14T05:36:49,2024-09-17T06:15:34
SHP00000547,ORD00000547,OnTrac,2024-09-29,2024-10-03,2024-10-05,26.82,2024-09-29T11:20:41,2024-11-11T02:15:39
SHP00000548,ORD00000548,USPS,2025-02-19,2025-02-22,,21.75,2025-02-19T15:42:36,2026-02-06T16:44:13
SHP00000549,ORD00000549,DHL,2024-10-30,2024-11-05,,7.49,2024-10-30T07:38:27,2025-09-10T13:20:58
SHP00000550,ORD00000550,DHL,2025-11-01,2025-11-05,2025-11-03,36.12,2025-11-01T13:33:12,2025-12-07T05:46:49
SHP00000551,ORD00000551,FedEx,2025-11-24,2025-11-27,2025-11-29,6.95,2025-11-24T12:11:25,2025-11-24T17:34:53
SHP00000552,ORD00000552,XPO,2024-08-07,2024-08-09,2024-08-12,30.89,2024-08-07T08:12:42,2025-05-05T18:59:40
SHP00000553,ORD00000553,FedEx,2025-02-02,2025-02-05,,31.65,2025-02-02T06:05:31,2025-09-06T01:58:22
SHP00000554,ORD00000554,USPS,2024-01-05,2024-01-08,,7.1,2024-01-05T01:23:28,2024-12-28T19:25:38
SHP00000555,ORD00000555,OnTrac,2024-11-25,2024-12-01,2024-12-02,27.81,2024-11-25T14:01:12,2025-04-12T23:32:32
SHP00000557,ORD00000557,FedEx,2024-03-15,2024-03-17,2024-03-20,26.77,2024-03-15T11:30:10,2026-01-14T20:32:33
SHP00000558,ORD00000558,DHL,2024-02-28,2024-03-02,,15.02,2024-02-28T10:15:42,2025-03-22T05:22:01
SHP00000559,ORD00000559,XPO,2025-05-03,2025-05-05,,23.92,2025-05-03T20:26:11,2026-02-07T13:31:25
SHP00000560,ORD00000560,FedEx,2025-02-22,2025-02-27,2025-02-27,5.5,2025-02-22T01:21:01,2025-07-04T02:15:10
SHP00000561,ORD00000561,UPS,2024-10-16,2024-10-21,2024-10-21,9.59,2024-10-16T03:36:50,2024-11-28T23:10:56
SHP00000563,ORD00000563,XPO,2025-07-09,2025-07-12,,7.56,2025-07-09T20:11:44,2025-09-25T08:21:41
SHP00000569,ORD00000569,DHL,2025-03-29,2025-04-02,2025-03-31,10.96,2025-03-29T07:11:57,2025-11-25T05:50:06
SHP00000570,ORD00000570,UPS,2025-11-26,2025-11-29,,22.49,2025-11-26T18:47:52,2025-12-13T18:58:54
SHP00000571,ORD00000571,FedEx,2024-01-17,2024-01-23,,19.47,2024-01-17T09:33:08,2024-07-07T17:09:33
SHP00000572,ORD00000572,OnTrac,2025-03-04,2025-03-07,2025-03-08,21.84,2025-03-04T20:05:56,2025-08-27T21:37:10
SHP00000574,ORD00000574,DHL,2024-10-22,2024-10-28,,31.83,2024-10-22T10:16:09,2025-03-23T15:08:46
SHP00000575,ORD00000575,FedEx,2025-02-04,2025-02-09,2025-02-08,12.13,2025-02-04T16:09:28,2026-01-14T12:58:18
SHP00000576,ORD00000576,FedEx,2024-09-25,2024-09-30,2024-10-01,17.08,2024-09-25T11:38:15,2024-11-27T10:17:00
SHP00000579,ORD00000579,OnTrac,2025-11-07,2025-11-12,2025-11-14,5.98,2025-11-07T15:14:54,2025-12-20T12:07:23
SHP00000581,ORD00000581,XPO,2024-07-08,2024-07-11,,29.31,2024-07-08T02:36:16,2024-11-19T17:51:36
SHP00000582,ORD00000582,FedEx,2025-08-27,2025-08-29,,5.5,2025-08-27T20:19:46,2025-12-19T04:16:14
SHP00000583,ORD00000583,USPS,2024-08-10,2024-08-14,,16.27,2024-08-10T22:05:18,2025-04-16T05:03:52
SHP00000585,ORD00000585,OnTrac,2025-03-11,2025-03-14,,38.55,2025-03-11T12:05:03,2026-02-14T08:34:28
SHP00000586,ORD00000586,DHL,2024-07-09,2024-07-11,2024-07-14,8.87,2024-07-09T17:07:18,2025-12-25T02:33:12
SHP00000592,ORD00000592,USPS,2025-02-22,2025-02-24,2025-02-25,15.75,2025-02-22T17:45:03,2025-05-03T01:45:02
SHP00000593,ORD00000593,UPS,2024-10-06,2024-10-12,2024-10-08,25.7,2024-10-06T20:27:59,2025-12-25T12:05:44
SHP00000594,ORD00000594,USPS,2025-07-12,2025-07-15,2025-07-18,9.92,2025-07-12T08:54:18,2026-02-25T06:32:34
SHP00000599,ORD00000599,XPO,2026-01-16,2026-01-19,,21.75,2026-01-16T17:12:51,2026-02-01T17:31:19
SHP00000603,ORD00000603,OnTrac,2025-02-17,2025-02-20,2025-02-22,31.24,2025-02-17T23:11:01,2025-11-06T11:12:33
SHP00000605,ORD00000605,FedEx,2024-05-08,2024-05-12,2024-05-10,12.38,2024-05-08T02:06:27,2025-06-10T01:53:36
SHP00000608,ORD00000608,DHL,2024-02-09,2024-02-14,,37.22,2024-02-09T10:38:54,2025-09-18T10:56:10
SHP00000609,ORD00000609,OnTrac,2025-07-26,2025-07-29,2025-07-29,32.46,2025-07-26T05:15:58,2025-12-31T15:25:55
SHP00000611,ORD00000611,DHL,2025-11-08,2025-11-11,2025-11-11,32.51,2025-11-08T14:28:19,2026-02-05T10:16:21
SHP00000613,ORD00000613,USPS,2025-07-30,2025-08-05,2025-08-06,24.05,2025-07-30T03:50:00,2026-02-24T16:11:54
SHP00000616,ORD00000616,USPS,2024-03-24,2024-03-26,,26.78,2024-03-24T12:37:13,2025-10-08T02:28:45
SHP00000617,ORD00000617,USPS,2025-05-02,2025-05-05,2025-05-06,27.15,2025-05-02T10:01:04,2026-01-20T21:33:42
SHP00000618,ORD00000618,FedEx,2024-07-10,2024-07-15,2024-07-14,22.23,2024-07-10T18:07:32,2025-06-10T03:17:11
SHP00000619,ORD00000619,UPS,2024-04-18,2024-04-24,2024-04-25,10.63,2024-04-18T08:49:36,2025-10-09T20:10:21
SHP00000620,ORD00000620,FedEx,2025-08-27,2025-09-02,,30.74,2025-08-27T12:54:47,2025-09-04T08:01:09
SHP00000621,ORD00000621,XPO,2024-03-29,2024-03-31,2024-04-03,4.15,2024-03-29T11:59:59,2025-01-26T09:34:14
SHP00000623,ORD00000623,OnTrac,2025-11-03,2025-11-06,2025-11-10,5.79,2025-11-03T08:27:49,2026-01-25T03:17:23
SHP00000624,ORD00000624,OnTrac,2024-09-30,2024-10-02,2024-10-05,37.97,2024-09-30T06:20:45,2024-11-27T15:51:28
SHP00000625,ORD00000625,UPS,2024-10-03,2024-10-07,,26.39,2024-10-03T06:57:36,2026-02-13T15:42:00
SHP00000627,ORD00000627,XPO,2025-06-03,2025-06-06,,7.63,2025-06-03T09:44:17,2025-06-15T11:46:06
SHP00000629,ORD00000629,XPO,2024-06-01,2024-06-06,,30.44,2024-06-01T21:16:59,2025-09-23T05:53:08
SHP00000630,ORD00000630,UPS,2026-01-05,2026-01-08,2026-01-11,14.94,2026-01-05T16:47:41,2026-01-30T10:25:23
SHP00000631,ORD00000631,USPS,2025-05-14,2025-05-16,,26.74,2025-05-14T03:07:03,2025-08-29T16:04:37
SHP00000635,ORD00000635,FedEx,2025-06-09,2025-06-15,2025-06-11,28.43,2025-06-09T02:28:22,2025-09-16T03:08:44
SHP00000636,ORD00000636,UPS,2024-04-27,2024-05-03,,11.16,2024-04-27T18:24:00,2025-02-03T17:51:50
SHP00000637,ORD00000637,OnTrac,2025-12-16,2025-12-20,,4.1,2025-12-16T03:27:57,2026-01-14T02:55:45
SHP00000638,ORD00000638,DHL,2024-11-18,2024-11-24,2024-11-22,21.44,2024-11-18T16:46:32,2025-08-27T03:18:23
SHP00000640,ORD00000640,DHL,2024-10-23,2024-10-25,2024-10-25,4.47,2024-10-23T01:03:50,2025-08-12T04:31:44
SHP00000642,ORD00000642,FedEx,2025-10-19,2025-10-23,2025-10-26,14.43,2025-10-19T22:32:06,2026-01-12T05:38:22
SHP00000643,ORD00000643,USPS,2025-08-26,2025-08-29,2025-08-28,30.9,2025-08-26T11:05:37,2025-08-29T11:33:12
SHP00000644,ORD00000644,FedEx,2025-06-12,2025-06-18,2025-06-13,6.0,2025-06-12T04:57:06,2025-08-03T14:35:01
SHP00000646,ORD00000646,USPS,2026-01-04,2026-01-09,,21.82,2026-01-04T11:45:29,2026-01-31T16:16:26
SHP00000647,ORD00000647,DHL,2024-01-17,2024-01-20,,10.1,2024-01-17T21:58:05,2024-08-11T23:59:11
SHP00000648,ORD00000648,OnTrac,2024-09-20,2024-09-22,2024-09-26,4.61,2024-09-20T03:41:43,2026-01-18T07:34:37
SHP00000652,ORD00000652,XPO,2025-01-18,2025-01-22,,17.97,2025-01-18T10:16:30,2025-06-12T12:16:48
SHP00000653,ORD00000653,XPO,2025-03-03,2025-03-07,2025-03-06,22.93,2025-03-03T21:07:52,2025-10-04T03:30:07
SHP00000655,ORD00000655,FedEx,2025-08-26,2025-08-30,,21.81,2025-08-26T13:04:59,2025-09-25T05:40:18
SHP00000657,ORD00000657,UPS,2025-03-28,2025-03-30,,12.62,2025-03-28T18:00:26,2025-04-14T01:54:58
SHP00000659,ORD00000659,UPS,2024-07-01,2024-07-04,,14.5,2024-07-01T16:03:44,2025-12-15T20:55:47
SHP00000661,ORD00000661,UPS,2025-07-22,2025-07-28,,11.12,2025-07-22T06:47:43,2025-11-23T12:25:06
SHP00000662,ORD00000662,UPS,2025-04-03,2025-04-07,,33.44,2025-04-03T23:11:43,2026-01-25T15:59:11
SHP00000664,ORD00000664,OnTrac,2024-05-27,2024-05-31,2024-05-30,7.06,2024-05-27T09:14:53,2025-10-18T15:02:47
SHP00000666,ORD00000666,DHL,2025-05-10,2025-05-12,,12.57,2025-05-10T01:06:19,2025-12-25T01:37:52
SHP00000668,ORD00000668,DHL,2025-04-24,2025-04-28,2025-04-29,4.15,2025-04-24T16:00:17,2025-10-01T14:30:05
SHP00000670,ORD00000670,UPS,2024-05-26,2024-05-30,,23.46,2024-05-26T02:19:12,2025-01-25T11:28:06
SHP00000671,ORD00000671,DHL,2025-03-01,2025-03-04,2025-03-02,29.13,2025-03-01T23:38:09,2025-11-29T18:11:52
SHP00000672,ORD00000672,XPO,2025-11-16,2025-11-21,,8.76,2025-11-16T18:37:40,2025-11-26T07:04:02
SHP00000674,ORD00000674,UPS,2024-11-11,2024-11-16,,24.22,2024-11-11T19:30:54,2025-06-13T19:30:27
SHP00000675,ORD00000675,USPS,2025-03-10,2025-03-16,2025-03-13,6.26,2025-03-10T22:53:41,2025-09-02T08:11:06
SHP00000681,ORD00000681,FedEx,2025-10-31,2025-11-06,2025-11-05,23.53,2025-10-31T15:29:59,2025-12-16T00:53:49
SHP00000682,ORD00000682,FedEx,2024-02-03,2024-02-09,2024-02-09,25.6,2024-02-03T20:23:29,2024-03-29T04:50:11
SHP00000683,ORD00000683,UPS,2025-07-01,2025-07-05,2025-07-02,38.56,2025-07-01T09:44:24,2025-11-03T16:18:02
SHP00000684,ORD00000684,OnTrac,2024-09-06,2024-09-09,2024-09-12,19.9,2024-09-06T10:08:29,2024-10-03T14:05:03
SHP00000686,ORD00000686,USPS,2026-02-09,2026-02-11,2026-02-12,34.53,2026-02-09T06:09:15,2026-02-10T18:29:51
SHP00000687,ORD00000687,XPO,2024-08-03,2024-08-06,,33.72,2024-08-03T12:34:27,2025-10-09T17:23:11
SHP00000688,ORD00000688,DHL,2026-02-17,2026-02-20,2026-02-22,9.83,2026-02-17T18:24:26,2026-02-18T05:25:58
SHP00000692,ORD00000692,OnTrac,2025-01-30,2025-02-05,2025-02-02,21.14,2025-01-30T02:13:29,2025-10-02T11:10:27
SHP00000701,ORD00000701,UPS,2024-04-04,2024-04-06,,10.92,2024-04-04T05:01:26,2025-10-02T03:16:09
SHP00000702,ORD00000702,XPO,2024-05-06,2024-05-09,,6.84,2024-05-06T04:30:04,2024-11-03T19:17:05
SHP00000704,ORD00000704,USPS,2025-08-19,2025-08-21,2025-08-23,29.57,2025-08-19T04:39:29,2025-12-30T04:04:12
SHP00000705,ORD00000705,OnTrac,2024-05-21,2024-05-25,,7.52,2024-05-21T21:24:35,2025-04-20T12:36:49
SHP00000710,ORD00000710,FedEx,2025-12-17,2025-12-20,2025-12-23,30.72,2025-12-17T00:53:43,2026-01-03T21:59:40
SHP00000713,ORD00000713,FedEx,2024-08-27,2024-08-31,2024-08-29,19.88,2024-08-27T10:52:54,2025-08-23T01:40:35
SHP00000714,ORD00000714,USPS,2025-10-05,2025-10-09,2025-10-12,14.19,2025-10-05T06:21:26,2026-01-01T15:37:25
SHP00000717,ORD00000717,FedEx,2024-12-04,2024-12-07,,11.9,2024-12-04T16:49:15,2025-02-16T05:28:34
SHP00000719,ORD00000719,XPO,2024-09-27,2024-09-29,2024-09-29,19.31,2024-09-27T23:09:31,2025-12-21T23:59:39
SHP00000721,ORD00000721,OnTrac,2024-03-12,2024-03-15,,23.65,2024-03-12T01:33:45,2025-05-14T18:22:07
SHP00000723,ORD00000723,OnTrac,2024-08-25,2024-08-28,,28.87,2024-08-25T02:13:52,2025-02-28T00:02:58
SHP00000724,ORD00000724,FedEx,2024-09-12,2024-09-17,2024-09-19,7.18,2024-09-12T04:38:35,2025-05-19T19:49:24
SHP00000727,ORD00000727,XPO,2025-11-29,2025-12-02,,38.18,2025-11-29T02:55:47,2025-12-07T13:54:50
SHP00000728,ORD00000728,FedEx,2025-02-01,2025-02-05,,11.28,2025-02-01T17:53:51,2025-02-05T11:29:03
SHP00000729,ORD00000729,USPS,2024-04-24,2024-04-26,2024-04-25,33.9,2024-04-24T09:37:52,2024-09-21T22:38:05
SHP00000730,ORD00000730,DHL,2024-01-18,2024-01-20,,29.64,2024-01-18T00:15:04,2025-04-23T05:18:30
SHP00000732,ORD00000732,OnTrac,2024-08-04,2024-08-07,2024-08-10,12.81,2024-08-04T08:47:19,2025-05-20T03:21:31
SHP00000735,ORD00000735,USPS,2025-11-27,2025-12-03,,34.53,2025-11-27T19:15:06,2026-02-04T20:18:53
SHP00000739,ORD00000739,FedEx,2025-11-20,2025-11-22,2025-11-21,31.14,2025-11-20T00:30:31,2026-02-18T17:54:11
SHP00000741,ORD00000741,UPS,2024-08-01,2024-08-03,,39.64,2024-08-01T00:33:23,2025-03-15T11:35:05
SHP00000743,ORD00000743,USPS,2024-01-22,2024-01-28,2024-01-27,11.59,2024-01-22T04:40:07,2025-06-15T09:39:33
SHP00000745,ORD00000745,UPS,2025-11-16,2025-11-21,,14.25,2025-11-16T05:03:48,2026-01-06T21:04:10
SHP00000746,ORD00000746,DHL,2025-11-30,2025-12-06,2025-12-03,27.94,2025-11-30T17:51:29,2025-12-03T07:13:45
SHP00000747,ORD00000747,USPS,2025-09-30,2025-10-02,,14.19,2025-09-30T22:44:55,2025-10-19T01:29:36
SHP00000748,ORD00000748,FedEx,2024-05-26,2024-05-30,2024-05-29,6.46,2024-05-26T01:14:19,2024-09-16T22:50:19
SHP00000750,ORD00000750,DHL,2024-06-25,2024-06-29,,10.72,2024-06-25T23:26:46,2026-02-12T18:12:10
SHP00000751,ORD00000751,USPS,2024-03-13,2024-03-19,,31.03,2024-03-13T22:49:44,2024-06-22T04:47:52
SHP00000752,ORD00000752,XPO,2025-06-16,2025-06-20,,17.87,2025-06-16T13:58:14,2025-09-28T11:10:45
SHP00000753,ORD00000753,UPS,2025-09-09,2025-09-14,,29.73,2025-09-09T09:53:24,2025-11-24T10:47:52
SHP00000754,ORD00000754,UPS,2025-06-26,2025-06-30,2025-06-28,38.65,2025-06-26T18:36:53,2025-08-03T23:33:40
SHP00000755,ORD00000755,XPO,2025-06-15,2025-06-21,,31.01,2025-06-15T23:48:04,2025-12-23T16:12:12
SHP00000760,ORD00000760,XPO,2026-02-15,2026-02-18,,25.52,2026-02-15T12:03:40,2026-02-25T14:28:26
SHP00000761,ORD00000761,FedEx,2025-06-23,2025-06-26,2025-06-30,12.67,2025-06-23T23:36:27,2026-02-27T17:14:56
SHP00000762,ORD00000762,XPO,2025-03-26,2025-04-01,,8.06,2025-03-26T01:57:23,2026-02-11T15:49:10
SHP00000763,ORD00000763,USPS,2024-06-27,2024-06-30,2024-07-04,4.81,2024-06-27T06:55:31,2025-03-23T17:35:24
SHP00000769,ORD00000769,DHL,2024-10-03,2024-10-07,2024-10-08,32.03,2024-10-03T04:32:41,2025-10-28T03:47:19
SHP00000770,ORD00000770,OnTrac,2025-05-23,2025-05-28,2025-05-26,33.95,2025-05-23T23:19:15,2026-02-14T23:07:07
SHP00000774,ORD00000774,UPS,2024-05-10,2024-05-13,,10.01,2024-05-10T23:05:24,2024-08-29T16:04:03
SHP00000775,ORD00000775,FedEx,2024-07-30,2024-08-01,,7.49,2024-07-30T04:46:28,2024-12-12T15:48:29
SHP00000776,ORD00000776,USPS,2025-12-28,2025-12-31,2025-12-29,26.19,2025-12-28T20:26:34,2026-02-04T11:15:11
SHP00000777,ORD00000777,DHL,2024-02-02,2024-02-08,,39.24,2024-02-02T06:07:59,2025-08-27T21:36:09
SHP00000779,ORD00000779,UPS,2025-03-15,2025-03-21,2025-03-19,9.31,2025-03-15T07:27:22,2025-06-26T02:36:25
SHP00000781,ORD00000781,USPS,2025-02-26,2025-03-03,2025-03-04,34.72,2025-02-26T01:35:32,2025-11-14T23:54:17
SHP00000782,ORD00000782,FedEx,2024-08-23,2024-08-27,2024-08-28,36.17,2024-08-23T13:06:21,2026-02-09T16:47:35
SHP00000784,ORD00000784,OnTrac,2024-02-11,2024-02-17,2024-02-12,23.87,2024-02-11T07:29:02,2024-02-21T07:46:07
SHP00000785,ORD00000785,OnTrac,2025-01-07,2025-01-13,2025-01-12,9.72,2025-01-07T02:33:31,2025-11-02T11:55:42
SHP00000786,ORD00000786,FedEx,2024-02-20,2024-02-23,2024-02-25,29.14,2024-02-20T18:25:28,2024-06-27T03:45:23
SHP00000787,ORD00000787,UPS,2025-11-16,2025-11-22,,5.74,2025-11-16T06:03:14,2026-02-14T01:44:08
SHP00000789,ORD00000789,XPO,2024-04-23,2024-04-25,2024-04-27,30.83,2024-04-23T09:44:41,2026-02-19T17:53:32
SHP00000790,ORD00000790,OnTrac,2024-01-23,2024-01-26,2024-01-26,36.64,2024-01-23T16:43:08,2025-03-30T11:58:58
SHP00000792,ORD00000792,OnTrac,2024-02-19,2024-02-22,,25.97,2024-02-19T01:19:30,2025-04-11T15:40:14
SHP00000794,ORD00000794,UPS,2024-05-04,2024-05-08,2024-05-06,35.79,2024-05-04T06:18:31,2024-07-31T07:36:40
SHP00000795,ORD00000795,DHL,2024-05-16,2024-05-19,2024-05-20,12.58,2024-05-16T17:55:25,2024-12-17T03:54:39
SHP00000800,ORD00000800,XPO,2025-05-29,2025-06-04,,19.52,2025-05-29T18:45:01,2026-01-17T08:53:55
SHP00000803,ORD00000803,USPS,2024-09-15,2024-09-19,2024-09-20,18.25,2024-09-15T09:49:42,2025-01-19T03:26:45
SHP00000808,ORD00000808,FedEx,2026-01-30,2026-02-04,2026-02-02,21.98,2026-01-30T13:30:05,2026-02-14T00:38:48
SHP00000809,ORD00000809,DHL,2024-06-05,2024-06-09,,25.33,2024-06-05T15:58:17,2025-05-15T22:10:27
SHP00000811,ORD00000811,UPS,2024-05-25,2024-05-29,2024-05-29,18.8,2024-05-25T10:39:24,2025-03-02T08:41:28
SHP00000812,ORD00000812,XPO,2025-11-21,2025-11-26,2025-11-28,30.17,2025-11-21T23:09:14,2026-02-21T11:31:03
SHP00000813,ORD00000813,XPO,2024-07-16,2024-07-18,2024-07-21,29.05,2024-07-16T21:03:36,2025-09-20T02:42:38
SHP00000815,ORD00000815,OnTrac,2024-12-11,2024-12-13,2024-12-12,4.16,2024-12-11T12:55:54,2025-01-26T03:58:08
SHP00000816,ORD00000816,XPO,2024-03-31,2024-04-04,,17.47,2024-03-31T14:29:09,2024-09-14T11:59:38
SHP00000817,ORD00000817,OnTrac,2025-09-12,2025-09-17,2025-09-19,28.79,2025-09-12T12:23:01,2025-12-08T16:16:59
SHP00000818,ORD00000818,DHL,2024-01-28,2024-02-03,,33.23,2024-01-28T16:53:52,2024-07-08T18:08:15
SHP00000821,ORD00000821,UPS,2025-09-24,2025-09-30,2025-09-29,33.69,2025-09-24T19:08:47,2026-02-05T07:05:02
SHP00000823,ORD00000823,USPS,2025-02-25,2025-03-02,2025-03-04,11.38,2025-02-25T19:28:29,2025-03-15T00:09:51
SHP00000824,ORD00000824,FedEx,2025-06-13,2025-06-19,2025-06-18,4.89,2025-06-13T00:51:39,2026-01-02T04:53:32
SHP00000826,ORD00000826,FedEx,2026-02-02,2026-02-05,,36.63,2026-02-02T10:09:58,2026-03-01T14:14:30
SHP00000827,ORD00000827,FedEx,2025-11-04,2025-11-06,2025-11-05,37.02,2025-11-04T13:15:32,2026-02-24T13:46:24
SHP00000829,ORD00000829,DHL,2025-02-12,2025-02-15,,24.95,2025-02-12T22:48:03,2026-02-06T09:26:45
SHP00000830,ORD00000830,XPO,2025-03-31,2025-04-02,2025-04-05,36.36,2025-03-31T08:10:08,2025-09-25T18:29:56
SHP00000831,ORD00000831,FedEx,2024-06-29,2024-07-04,,38.25,2024-06-29T05:43:55,2024-08-30T16:09:10
SHP00000832,ORD00000832,FedEx,2024-11-15,2024-11-21,,31.81,2024-11-15T19:40:45,2025-06-17T22:54:58
SHP00000833,ORD00000833,FedEx,2024-10-07,2024-10-13,2024-10-08,9.13,2024-10-07T03:09:53,2025-09-22T00:04:07
SHP00000835,ORD00000835,USPS,2025-07-14,2025-07-19,2025-07-15,14.38,2025-07-14T03:48:29,2025-11-24T05:00:08
SHP00000836,ORD00000836,USPS,2025-12-06,2025-12-09,2025-12-13,7.01,2025-12-06T00:12:18,2026-01-08T22:07:35
SHP00000839,ORD00000839,UPS,2024-02-05,2024-02-09,2024-02-11,27.9,2024-02-05T21:17:55,2025-11-17T14:14:42
SHP00000841,ORD00000841,FedEx,2024-02-06,2024-02-09,2024-02-08,9.08,2024-02-06T11:25:56,2024-06-15T04:29:12
SHP00000842,ORD00000842,DHL,2025-06-04,2025-06-09,2025-06-09,37.74,2025-06-04T22:56:32,2025-07-15T14:16:29
SHP00000843,ORD00000843,DHL,2024-12-17,2024-12-22,2024-12-19,38.8,2024-12-17T19:26:20,2025-02-27T06:29:19
SHP00000844,ORD00000844,UPS,2025-05-04,2025-05-07,2025-05-10,6.13,2025-05-04T03:36:24,2025-09-02T14:54:44
SHP00000847,ORD00000847,UPS,2024-10-30,2024-11-01,2024-11-01,19.16,2024-10-30T17:24:51,2024-12-11T07:15:43
SHP00000854,ORD00000854,XPO,2025-05-15,2025-05-17,,32.74,2025-05-15T08:49:02,2025-11-01T22:26:00
SHP00000856,ORD00000856,UPS,2024-02-21,2024-02-25,2024-02-28,5.96,2024-02-21T22:38:15,2025-09-28T05:16:22
SHP00000863,ORD00000863,FedEx,2024-01-29,2024-02-03,2024-01-30,24.65,2024-01-29T00:43:35,2024-10-10T20:48:12
SHP00000864,ORD00000864,DHL,2025-11-26,2025-11-29,,29.82,2025-11-26T08:18:39,2025-12-19T07:53:02
SHP00000866,ORD00000866,UPS,2024-06-23,2024-06-26,,21.91,2024-06-23T01:06:24,2024-11-14T14:19:54
SHP00000867,ORD00000867,OnTrac,2026-01-28,2026-02-02,2026-01-30,20.66,2026-01-28T06:49:13,2026-02-20T20:46:10
SHP00000868,ORD00000868,UPS,2025-09-10,2025-09-14,2025-09-16,18.72,2025-09-10T16:01:41,2025-09-21T02:00:18
SHP00000869,ORD00000869,USPS,2024-08-30,2024-09-02,2024-08-31,20.49,2024-08-30T14:46:38,2025-12-18T15:43:43
SHP00000870,ORD00000870,DHL,2026-02-27,2026-03-02,2026-03-01,35.05,2026-02-27T09:51:14,2026-02-27T12:29:42
SHP00000871,ORD00000871,UPS,2025-10-25,2025-10-27,2025-10-31,34.78,2025-10-25T07:43:13,2025-12-26T01:04:49
SHP00000874,ORD00000874,XPO,2025-01-03,2025-01-08,,26.72,2025-01-03T22:51:25,2025-08-17T19:36:14
SHP00000876,ORD00000876,DHL,2024-07-31,2024-08-06,,23.78,2024-07-31T08:43:22,2025-05-31T15:32:23
SHP00000879,ORD00000879,XPO,2024-04-25,2024-04-29,2024-05-01,30.16,2024-04-25T22:52:35,2025-05-09T19:16:44
SHP00000881,ORD00000881,DHL,2025-06-25,2025-06-28,,25.58,2025-06-25T14:53:25,2025-10-29T23:12:28
SHP00000883,ORD00000883,DHL,2025-01-08,2025-01-14,2025-01-15,7.6,2025-01-08T07:24:38,2026-02-03T11:12:14
SHP00000884,ORD00000884,OnTrac,2024-10-11,2024-10-14,2024-10-16,19.5,2024-10-11T22:38:25,2025-05-11T05:05:25
SHP00000885,ORD00000885,FedEx,2024-01-22,2024-01-26,,13.06,2024-01-22T18:18:53,2025-08-08T06:07:06
SHP00000888,ORD00000888,OnTrac,2025-12-23,2025-12-29,,25.75,2025-12-23T21:52:06,2026-03-01T18:55:36
SHP00000889,ORD00000889,UPS,2025-03-22,2025-03-28,,5.15,2025-03-22T12:26:28,2025-12-29T14:19:41
SHP00000891,ORD00000891,USPS,2024-03-19,2024-03-21,,37.89,2024-03-19T08:55:10,2024-06-18T04:28:01
SHP00000892,ORD00000892,DHL,2025-12-28,2026-01-01,2025-12-30,20.08,2025-12-28T15:56:17,2026-01-01T22:20:44
SHP00000893,ORD00000893,DHL,2025-01-11,2025-01-14,2025-01-15,20.16,2025-01-11T22:11:34,2026-01-21T16:01:49
SHP00000894,ORD00000894,FedEx,2025-11-01,2025-11-06,2025-11-05,12.48,2025-11-01T17:16:01,2025-12-17T23:08:28
SHP00000895,ORD00000895,OnTrac,2024-11-19,2024-11-23,2024-11-22,15.25,2024-11-19T07:12:37,2025-02-01T04:44:52
SHP00000896,ORD00000896,DHL,2024-06-18,2024-06-20,,19.58,2024-06-18T14:34:58,2025-04-22T19:17:53
SHP00000897,ORD00000897,UPS,2024-01-23,2024-01-27,2024-01-27,17.54,2024-01-23T01:57:56,2026-01-14T17:22:18
SHP00000898,ORD00000898,XPO,2025-01-24,2025-01-28,2025-01-26,32.15,2025-01-24T18:44:10,2025-12-22T16:29:02
SHP00000899,ORD00000899,USPS,2025-06-05,2025-06-10,2025-06-06,16.69,2025-06-05T23:19:26,2026-01-16T13:18:44
SHP00000901,ORD00000901,USPS,2024-01-06,2024-01-12,2024-01-10,4.25,2024-01-06T21:52:39,2024-11-16T02:06:42
SHP00000902,ORD00000902,DHL,2025-04-13,2025-04-16,2025-04-17,22.07,2025-04-13T02:46:29,2026-01-29T19:59:57
SHP00000903,ORD00000903,DHL,2025-08-13,2025-08-18,,14.23,2025-08-13T11:36:39,2025-11-02T05:53:08
SHP00000904,ORD00000904,UPS,2024-10-18,2024-10-22,,27.74,2024-10-18T04:59:25,2024-12-01T14:17:27
SHP00000905,ORD00000905,UPS,2024-03-28,2024-04-01,,22.6,2024-03-28T02:55:25,2026-02-26T01:58:31
SHP00000906,ORD00000906,OnTrac,2024-04-22,2024-04-28,2024-04-27,18.73,2024-04-22T02:20:23,2026-02-20T04:48:45
SHP00000907,ORD00000907,USPS,2024-07-03,2024-07-09,2024-07-09,4.86,2024-07-03T05:13:26,2025-12-04T18:09:34
SHP00000908,ORD00000908,OnTrac,2025-05-15,2025-05-18,,39.64,2025-05-15T18:59:10,2025-12-12T09:29:00
SHP00000909,ORD00000909,USPS,2025-03-18,2025-03-23,2025-03-20,17.84,2025-03-18T09:10:56,2025-10-16T13:26:17
SHP00000911,ORD00000911,FedEx,2024-03-21,2024-03-23,2024-03-22,22.53,2024-03-21T05:09:07,2024-06-28T15:34:34
SHP00000914,ORD00000914,OnTrac,2025-05-15,2025-05-21,2025-05-17,32.78,2025-05-15T09:52:52,2025-07-22T08:17:20
SHP00000915,ORD00000915,UPS,2025-01-16,2025-01-20,2025-01-20,21.68,2025-01-16T14:57:27,2026-01-23T15:47:50
SHP00000916,ORD00000916,OnTrac,2024-07-10,2024-07-14,2024-07-11,4.45,2024-07-10T03:22:42,2025-11-09T02:35:30
SHP00000917,ORD00000917,FedEx,2025-05-19,2025-05-25,2025-05-24,8.27,2025-05-19T12:44:01,2025-11-25T12:32:05
SHP00000919,ORD00000919,XPO,2025-11-09,2025-11-11,,11.29,2025-11-09T22:20:35,2026-01-16T07:48:41
SHP00000920,ORD00000920,UPS,2024-08-18,2024-08-23,2024-08-23,19.87,2024-08-18T09:18:07,2025-12-25T04:11:38
SHP00000922,ORD00000922,USPS,2026-03-01,2026-03-04,2026-03-06,34.18,2026-03-01T06:40:37,2026-03-01T14:34:15
SHP00000923,ORD00000923,UPS,2025-11-29,2025-12-05,2025-12-01,34.06,2025-11-29T04:35:08,2025-12-02T00:04:51
SHP00000925,ORD00000925,USPS,2025-05-24,2025-05-30,2025-05-28,8.98,2025-05-24T04:22:26,2025-12-27T05:04:55
SHP00000929,ORD00000929,XPO,2025-11-13,2025-11-16,,13.54,2025-11-13T12:04:18,2026-03-01T09:29:59
SHP00000930,ORD00000930,XPO,2025-11-26,2025-11-29,2025-12-02,6.62,2025-11-26T07:07:39,2026-02-12T15:54:06
SHP00000937,ORD00000937,DHL,2025-12-29,2025-12-31,2026-01-03,16.12,2025-12-29T11:32:15,2026-01-07T21:08:44
SHP00000939,ORD00000939,OnTrac,2024-09-07,2024-09-13,,18.97,2024-09-07T05:36:53,2025-12-15T14:13:08
SHP00000941,ORD00000941,XPO,2025-04-13,2025-04-19,,33.07,2025-04-13T11:23:07,2025-04-30T20:05:48
SHP00000943,ORD00000943,OnTrac,2024-01-27,2024-01-31,,25.09,2024-01-27T11:47:53,2025-10-23T11:02:33
SHP00000945,ORD00000945,USPS,2025-08-04,2025-08-09,,20.67,2025-08-04T05:05:07,2025-10-11T08:11:38
SHP00000948,ORD00000948,OnTrac,2025-12-30,2026-01-03,,13.71,2025-12-30T02:33:26,2026-01-12T04:32:10
SHP00000949,ORD00000949,XPO,2025-01-03,2025-01-09,,25.59,2025-01-03T18:14:51,2025-09-18T21:34:13
SHP00000950,ORD00000950,OnTrac,2025-10-02,2025-10-06,,10.7,2025-10-02T23:15:06,2025-10-22T06:14:08
SHP00000951,ORD00000951,OnTrac,2024-12-31,2025-01-02,2025-01-02,9.18,2024-12-31T00:27:50,2025-07-09T00:01:53
SHP00000952,ORD00000952,USPS,2024-11-28,2024-12-04,,32.43,2024-11-28T15:52:18,2025-04-08T05:07:36
SHP00000953,ORD00000953,UPS,2025-09-27,2025-10-02,2025-10-02,37.45,2025-09-27T23:22:42,2025-12-22T21:40:06
SHP00000954,ORD00000954,XPO,2024-04-06,2024-04-08,2024-04-13,8.77,2024-04-06T17:07:02,2025-08-08T08:04:50
SHP00000955,ORD00000955,DHL,2025-07-20,2025-07-25,2025-07-26,15.94,2025-07-20T06:09:00,2026-01-04T05:33:31
SHP00000956,ORD00000956,XPO,2024-08-14,2024-08-17,2024-08-19,16.94,2024-08-14T17:35:13,2025-10-06T09:46:10
SHP00000957,ORD00000957,UPS,2024-01-29,2024-02-01,2024-01-30,20.12,2024-01-29T05:28:48,2024-02-26T08:23:09
SHP00000958,ORD00000958,OnTrac,2025-04-29,2025-05-03,2025-05-06,23.94,2025-04-29T00:05:27,2026-01-05T22:16:27
SHP00000959,ORD00000959,DHL,2024-06-10,2024-06-16,2024-06-17,11.0,2024-06-10T06:04:50,2025-11-10T12:23:36
SHP00000960,ORD00000960,XPO,2025-07-28,2025-07-30,,11.16,2025-07-28T06:49:41,2025-10-16T01:47:13
SHP00000961,ORD00000961,XPO,2025-06-16,2025-06-18,2025-06-20,29.95,2025-06-16T00:50:37,2025-12-26T08:45:24
SHP00000962,ORD00000962,OnTrac,2025-10-24,2025-10-27,2025-10-25,19.61,2025-10-24T02:46:30,2025-12-08T22:26:16
SHP00000964,ORD00000964,FedEx,2024-06-17,2024-06-21,2024-06-22,9.67,2024-06-17T20:53:00,2024-10-19T01:51:32
SHP00000965,ORD00000965,USPS,2025-01-02,2025-01-06,2025-01-08,22.43,2025-01-02T22:03:55,2025-04-19T16:42:51
SHP00000967,ORD00000967,UPS,2024-04-13,2024-04-17,2024-04-16,19.37,2024-04-13T12:01:05,2025-04-08T23:27:53
SHP00000968,ORD00000968,DHL,2025-07-11,2025-07-17,,4.13,2025-07-11T13:50:26,2025-09-09T19:05:53
SHP00000970,ORD00000970,UPS,2024-12-01,2024-12-04,,34.96,2024-12-01T17:23:40,2025-01-09T21:22:52
SHP00000972,ORD00000972,DHL,2025-07-09,2025-07-14,2025-07-10,22.47,2025-07-09T22:55:22,2025-07-28T17:23:52
SHP00000974,ORD00000974,XPO,2025-07-13,2025-07-16,,29.89,2025-07-13T04:00:35,2025-11-21T10:36:12
SHP00000975,ORD00000975,FedEx,2024-04-12,2024-04-18,2024-04-16,6.31,2024-04-12T18:27:50,2025-07-17T15:36:32
SHP00000977,ORD00000977,UPS,2024-08-02,2024-08-04,,13.69,2024-08-02T22:44:51,2025-07-17T01:21:59
SHP00000978,ORD00000978,USPS,2024-06-25,2024-06-28,,33.37,2024-06-25T03:48:45,2024-08-19T04:29:49
SHP00000980,ORD00000980,OnTrac,2024-05-14,2024-05-18,,34.36,2024-05-14T01:19:07,2025-03-08T07:26:46
SHP00000982,ORD00000982,UPS,2025-05-05,2025-05-07,2025-05-06,14.25,2025-05-05T22:45:07,2025-06-19T08:19:30
SHP00000983,ORD00000983,DHL,2026-01-03,2026-01-08,,37.11,2026-01-03T00:01:17,2026-02-24T02:39:39
SHP00000985,ORD00000985,USPS,2026-02-24,2026-03-02,2026-02-26,30.97,2026-02-24T23:28:14,2026-02-24T01:32:21
SHP00000990,ORD00000990,XPO,2026-02-11,2026-02-14,2026-02-12,32.93,2026-02-11T04:13:04,2026-02-14T21:52:42
SHP00000991,ORD00000991,OnTrac,2025-06-01,2025-06-05,2025-06-03,7.41,2025-06-01T10:21:21,2026-02-26T01:30:31
SHP00000994,ORD00000994,OnTrac,2025-05-10,2025-05-16,2025-05-11,7.4,2025-05-10T03:22:45,2025-08-16T06:55:43
SHP00000996,ORD00000996,USPS,2025-06-21,2025-06-26,,10.63,2025-06-21T19:37:44,2025-08-13T08:50:23
SHP00000997,ORD00000997,XPO,2025-03-17,2025-03-19,,21.54,2025-03-17T05:30:31,2025-05-05T18:11:31
SHP00000998,ORD00000998,FedEx,2024-05-10,2024-05-15,2024-05-12,32.93,2024-05-10T22:22:24,2025-04-22T11:17:23
SHP00000999,ORD00000999,XPO,2025-10-25,2025-10-30,,5.45,2025-10-25T13:02:55,2025-11-26T11:16:34
SHP00001000,ORD00001000,XPO,2024-10-09,2024-10-11,,19.34,2024-10-09T17:28:50,2026-02-18T22:02:22
SHP00001003,ORD00001003,UPS,2024-03-20,2024-03-26,2024-03-22,4.26,2024-03-20T22:05:54,2026-01-29T08:41:02
SHP00001005,ORD00001005,XPO,2026-02-14,2026-02-18,2026-02-20,24.72,2026-02-14T02:13:55,2026-02-15T10:28:11
SHP00001006,ORD00001006,FedEx,2026-01-23,2026-01-26,,14.25,2026-01-23T15:21:47,2026-02-23T04:32:24
SHP00001009,ORD00001009,XPO,2025-10-16,2025-10-21,2025-10-21,13.93,2025-10-16T15:20:23,2026-01-04T06:04:05
SHP00001011,ORD00001011,DHL,2024-11-18,2024-11-22,,34.56,2024-11-18T15:45:49,2025-05-16T20:27:20
SHP00001012,ORD00001012,DHL,2024-07-09,2024-07-12,,29.06,2024-07-09T16:27:07,2025-12-15T20:04:41
SHP00001013,ORD00001013,DHL,2024-07-13,2024-07-19,2024-07-16,12.05,2024-07-13T00:35:54,2024-10-17T15:46:20
SHP00001014,ORD00001014,UPS,2025-10-07,2025-10-13,2025-10-12,28.62,2025-10-07T18:28:49,2025-12-17T21:18:47
SHP00001015,ORD00001015,DHL,2024-07-12,2024-07-16,,35.09,2024-07-12T14:49:15,2025-01-15T09:30:22
SHP00001017,ORD00001017,XPO,2025-11-21,2025-11-25,,30.84,2025-11-21T21:44:05,2025-12-02T21:14:28
SHP00001018,ORD00001018,OnTrac,2025-11-17,2025-11-21,2025-11-22,4.45,2025-11-17T03:21:56,2025-12-14T05:13:37
SHP00001021,ORD00001021,XPO,2025-01-16,2025-01-19,2025-01-19,19.11,2025-01-16T19:35:28,2025-01-18T20:27:35
SHP00001022,ORD00001022,FedEx,2025-04-14,2025-04-16,,21.99,2025-04-14T12:23:07,2025-07-29T08:16:10
SHP00001023,ORD00001023,FedEx,2024-12-29,2025-01-03,2025-01-04,18.9,2024-12-29T13:58:17,2026-02-04T08:14:35
SHP00001025,ORD00001025,FedEx,2025-12-31,2026-01-04,2026-01-07,31.7,2025-12-31T05:42:51,2026-02-26T07:44:01
SHP00001026,ORD00001026,OnTrac,2024-09-05,2024-09-09,,11.59,2024-09-05T16:28:13,2026-01-16T21:05:36
SHP00001029,ORD00001029,USPS,2026-02-07,2026-02-11,2026-02-13,19.51,2026-02-07T14:09:25,2026-02-14T15:34:46
SHP00001031,ORD00001031,OnTrac,2025-01-21,2025-01-24,,13.69,2025-01-21T22:26:31,2025-02-13T07:55:36
SHP00001035,ORD00001035,UPS,2024-04-14,2024-04-20,2024-04-20,38.48,2024-04-14T11:00:33,2025-10-20T01:11:34
SHP00001040,ORD00001040,USPS,2025-11-10,2025-11-16,2025-11-14,35.84,2025-11-10T22:09:10,2026-01-31T01:13:53
SHP00001041,ORD00001041,FedEx,2025-07-17,2025-07-20,,19.28,2025-07-17T03:11:22,2025-11-07T07:53:35
SHP00001043,ORD00001043,XPO,2024-03-21,2024-03-25,2024-03-25,8.19,2024-03-21T04:30:29,2024-07-21T20:08:25
SHP00001044,ORD00001044,FedEx,2024-02-05,2024-02-11,2024-02-08,16.2,2024-02-05T03:10:45,2025-08-05T13:50:58
SHP00001047,ORD00001047,USPS,2024-02-24,2024-03-01,2024-02-28,19.0,2024-02-24T06:03:58,2024-04-26T23:08:35
SHP00001049,ORD00001049,DHL,2024-11-24,2024-11-28,2024-12-01,12.44,2024-11-24T22:09:32,2024-11-25T01:20:27
SHP00001050,ORD00001050,OnTrac,2025-10-23,2025-10-26,2025-10-30,16.86,2025-10-23T12:57:20,2026-01-02T09:11:19
SHP00001051,ORD00001051,DHL,2025-01-11,2025-01-16,2025-01-15,4.06,2025-01-11T17:20:22,2025-06-18T09:06:41
SHP00001053,ORD00001053,UPS,2024-08-13,2024-08-18,,25.5,2024-08-13T12:15:52,2025-09-09T08:12:42
SHP00001055,ORD00001055,XPO,2026-02-24,2026-02-28,2026-02-28,24.51,2026-02-24T21:58:13,2026-02-28T00:25:43
SHP00001056,ORD00001056,USPS,2024-05-05,2024-05-07,2024-05-12,21.91,2024-05-05T22:19:24,2025-02-17T23:29:36
SHP00001057,ORD00001057,XPO,2025-10-10,2025-10-12,2025-10-16,20.51,2025-10-10T10:43:43,2025-11-06T18:37:21
SHP00001061,ORD00001061,XPO,2024-12-04,2024-12-09,,23.39,2024-12-04T09:41:45,2025-11-21T02:42:45
SHP00001063,ORD00001063,OnTrac,2024-02-12,2024-02-17,2024-02-13,37.35,2024-02-12T09:34:47,2024-03-24T02:35:58
SHP00001064,ORD00001064,USPS,2025-07-27,2025-07-31,2025-07-29,19.36,2025-07-27T22:32:58,2025-09-06T16:12:18
SHP00001065,ORD00001065,XPO,2025-09-30,2025-10-04,2025-10-05,5.39,2025-09-30T04:34:51,2026-02-19T11:21:42
SHP00001066,ORD00001066,DHL,2025-05-27,2025-06-02,,20.61,2025-05-27T05:47:14,2025-08-21T17:20:46
SHP00001067,ORD00001067,UPS,2024-10-13,2024-10-16,2024-10-14,33.53,2024-10-13T02:48:16,2026-02-25T10:41:19
SHP00001069,ORD00001069,XPO,2024-09-22,2024-09-26,2024-09-25,27.87,2024-09-22T12:29:50,2026-01-28T18:43:26
SHP00001070,ORD00001070,XPO,2024-10-26,2024-10-30,2024-10-29,36.73,2024-10-26T02:00:17,2025-01-17T12:03:20
SHP00001071,ORD00001071,XPO,2025-09-17,2025-09-23,2025-09-24,13.32,2025-09-17T15:02:18,2026-02-10T17:11:49
SHP00001072,ORD00001072,USPS,2025-01-26,2025-02-01,2025-01-30,6.5,2025-01-26T21:51:38,2026-02-10T17:51:57
SHP00001074,ORD00001074,XPO,2025-08-30,2025-09-01,2025-09-01,20.31,2025-08-30T12:02:20,2026-01-18T07:26:53
SHP00001077,ORD00001077,XPO,2024-10-31,2024-11-06,2024-11-05,33.86,2024-10-31T23:25:13,2025-11-20T05:58:33
SHP00001080,ORD00001080,XPO,2025-10-25,2025-10-30,2025-10-28,10.92,2025-10-25T07:33:36,2025-12-05T20:41:48
SHP00001081,ORD00001081,USPS,2025-08-16,2025-08-20,,31.76,2025-08-16T09:28:15,2025-10-28T12:59:57
SHP00001082,ORD00001082,OnTrac,2026-01-27,2026-02-02,,12.22,2026-01-27T14:26:04,2026-02-21T12:45:02
SHP00001085,ORD00001085,XPO,2024-09-18,2024-09-24,2024-09-21,11.33,2024-09-18T11:29:12,2025-06-21T16:48:52
SHP00001086,ORD00001086,XPO,2025-11-18,2025-11-22,,34.89,2025-11-18T16:08:18,2026-02-20T22:58:04
SHP00001087,ORD00001087,DHL,2024-09-14,2024-09-19,2024-09-19,18.82,2024-09-14T00:23:23,2025-05-06T12:53:03
SHP00001088,ORD00001088,FedEx,2024-08-22,2024-08-24,2024-08-23,12.36,2024-08-22T21:21:33,2024-12-25T13:49:39
SHP00001089,ORD00001089,USPS,2024-02-22,2024-02-26,2024-02-25,22.76,2024-02-22T01:00:27,2026-02-22T17:41:05
SHP00001093,ORD00001093,UPS,2025-02-19,2025-02-21,2025-02-21,35.72,2025-02-19T16:15:22,2025-03-22T17:51:32
SHP00001095,ORD00001095,USPS,2024-09-06,2024-09-08,2024-09-09,28.23,2024-09-06T10:32:13,2024-11-05T15:10:06
SHP00001097,ORD00001097,DHL,2024-04-17,2024-04-20,2024-04-20,30.83,2024-04-17T22:35:16,2025-01-08T07:51:47
SHP00001100,ORD00001100,XPO,2026-01-08,2026-01-13,2026-01-09,19.24,2026-01-08T11:56:22,2026-01-12T02:23:50
SHP00001101,ORD00001101,DHL,2025-12-27,2026-01-01,,39.46,2025-12-27T10:03:49,2026-02-12T03:24:30
SHP00001102,ORD00001102,USPS,2025-08-27,2025-08-31,2025-08-31,27.72,2025-08-27T00:15:34,2025-10-12T17:08:29
SHP00001104,ORD00001104,XPO,2024-04-20,2024-04-25,2024-04-25,25.24,2024-04-20T14:38:59,2025-03-17T16:31:30
SHP00001106,ORD00001106,DHL,2025-10-11,2025-10-16,2025-10-14,13.99,2025-10-11T09:06:23,2025-12-06T09:19:19
SHP00001107,ORD00001107,USPS,2025-04-03,2025-04-05,,39.28,2025-04-03T20:20:06,2025-12-16T17:16:58
SHP00001108,ORD00001108,UPS,2024-05-10,2024-05-14,2024-05-16,38.3,2024-05-10T15:23:51,2025-11-02T11:02:56
SHP00001109,ORD00001109,DHL,2025-10-14,2025-10-18,,36.88,2025-10-14T16:12:28,2025-12-31T07:39:16
SHP00001114,ORD00001114,FedEx,2025-08-29,2025-09-04,2025-09-03,23.64,2025-08-29T03:22:55,2026-01-14T01:19:21
SHP00001117,ORD00001117,DHL,2025-08-15,2025-08-18,2025-08-21,6.01,2025-08-15T02:37:17,2025-12-07T23:00:23
SHP00001119,ORD00001119,UPS,2024-02-02,2024-02-04,,7.45,2024-02-02T12:22:52,2026-02-10T17:21:04
SHP00001120,ORD00001120,FedEx,2025-08-16,2025-08-18,,38.09,2025-08-16T15:34:06,2026-01-27T21:09:34
SHP00001124,ORD00001124,OnTrac,2025-03-15,2025-03-17,,33.34,2025-03-15T08:40:56,2025-10-20T06:42:00
SHP00001125,ORD00001125,USPS,2025-04-03,2025-04-05,,14.4,2025-04-03T19:24:24,2025-05-21T05:38:01
SHP00001127,ORD00001127,USPS,2026-02-27,2026-03-02,2026-03-05,37.49,2026-02-27T12:07:17,2026-03-01T18:34:26
SHP00001128,ORD00001128,DHL,2024-03-30,2024-04-05,,21.45,2024-03-30T04:06:36,2024-06-06T22:48:19
SHP00001130,ORD00001130,FedEx,2025-07-18,2025-07-23,2025-07-19,30.75,2025-07-18T20:29:16,2026-01-16T05:20:19
SHP00001131,ORD00001131,OnTrac,2024-06-26,2024-06-28,2024-07-03,33.08,2024-06-26T14:46:47,2025-04-21T05:09:20
SHP00001134,ORD00001134,UPS,2024-06-22,2024-06-28,2024-06-23,14.9,2024-06-22T23:18:37,2025-01-18T05:41:35
SHP00001136,ORD00001136,FedEx,2024-02-23,2024-02-25,2024-02-24,27.97,2024-02-23T12:24:20,2024-10-07T21:22:13
SHP00001139,ORD00001139,UPS,2026-01-10,2026-01-16,,26.97,2026-01-10T09:26:01,2026-02-05T22:24:59
SHP00001140,ORD00001140,FedEx,2024-03-22,2024-03-27,,35.09,2024-03-22T20:13:18,2024-06-08T04:05:33
SHP00001142,ORD00001142,FedEx,2026-01-30,2026-02-03,2026-02-06,4.36,2026-01-30T00:40:52,2026-02-02T17:12:49
SHP00001143,ORD00001143,OnTrac,2024-06-28,2024-07-01,2024-07-03,5.32,2024-06-28T20:23:29,2024-08-31T04:24:51
SHP00001146,ORD00001146,USPS,2024-02-17,2024-02-20,,22.08,2024-02-17T22:48:47,2024-08-16T01:43:35
SHP00001147,ORD00001147,USPS,2024-06-29,2024-07-05,,34.87,2024-06-29T09:29:42,2024-11-07T20:31:20
SHP00001149,ORD00001149,USPS,2025-07-20,2025-07-23,2025-07-27,37.88,2025-07-20T12:31:47,2025-11-06T09:34:37
SHP00001150,ORD00001150,FedEx,2024-12-03,2024-12-08,2024-12-06,12.89,2024-12-03T02:19:20,2025-04-20T21:33:43
SHP00001151,ORD00001151,OnTrac,2025-11-16,2025-11-19,2025-11-20,38.59,2025-11-16T03:43:16,2025-12-04T04:19:33
SHP00001155,ORD00001155,OnTrac,2024-01-09,2024-01-14,2024-01-16,21.5,2024-01-09T13:03:24,2025-09-09T15:47:10
SHP00001156,ORD00001156,OnTrac,2025-11-15,2025-11-18,2025-11-18,6.45,2025-11-15T19:33:09,2026-01-19T08:00:04
SHP00001158,ORD00001158,UPS,2025-08-06,2025-08-12,2025-08-10,31.48,2025-08-06T14:15:46,2025-08-25T14:06:57
SHP00001160,ORD00001160,UPS,2025-11-22,2025-11-25,2025-11-25,22.11,2025-11-22T05:45:29,2026-02-18T11:28:30
SHP00001162,ORD00001162,OnTrac,2025-06-03,2025-06-08,2025-06-09,18.49,2025-06-03T20:34:02,2025-06-30T02:19:41
SHP00001163,ORD00001163,OnTrac,2024-01-15,2024-01-21,,13.69,2024-01-15T20:05:51,2025-01-26T02:10:45
SHP00001164,ORD00001164,FedEx,2025-03-06,2025-03-12,2025-03-08,35.17,2025-03-06T05:34:27,2026-02-25T09:30:09
SHP00001168,ORD00001168,UPS,2025-03-19,2025-03-25,,20.78,2025-03-19T04:12:50,2026-01-23T21:04:00
SHP00001169,ORD00001169,DHL,2024-04-19,2024-04-22,2024-04-21,29.66,2024-04-19T15:10:22,2024-04-28T11:06:21
SHP00001170,ORD00001170,FedEx,2024-07-19,2024-07-24,2024-07-23,7.48,2024-07-19T22:05:11,2025-12-06T17:10:35
SHP00001179,ORD00001179,XPO,2025-11-22,2025-11-25,2025-11-29,8.17,2025-11-22T22:47:27,2026-02-14T00:38:35
SHP00001181,ORD00001181,OnTrac,2025-03-04,2025-03-08,,29.52,2025-03-04T01:39:34,2025-06-30T14:24:07
SHP00001182,ORD00001182,USPS,2025-06-01,2025-06-05,,23.42,2025-06-01T16:05:42,2025-06-05T07:18:56
SHP00001183,ORD00001183,OnTrac,2026-01-20,2026-01-23,2026-01-22,32.38,2026-01-20T23:04:28,2026-02-11T08:26:53
SHP00001185,ORD00001185,DHL,2025-01-15,2025-01-18,2025-01-21,15.7,2025-01-15T22:56:42,2026-01-13T03:51:08
SHP00001188,ORD00001188,XPO,2024-01-07,2024-01-13,2024-01-09,32.88,2024-01-07T20:17:08,2025-05-02T03:24:41
SHP00001190,ORD00001190,FedEx,2024-05-19,2024-05-25,2024-05-24,25.33,2024-05-19T08:21:01,2025-12-03T21:38:49
SHP00001193,ORD00001193,XPO,2026-01-28,2026-01-30,2026-02-02,17.04,2026-01-28T03:10:30,2026-03-01T04:29:58
SHP00001197,ORD00001197,FedEx,2024-04-04,2024-04-07,2024-04-06,34.02,2024-04-04T19:19:16,2024-06-21T17:21:54
SHP00001198,ORD00001198,FedEx,2025-03-04,2025-03-08,2025-03-09,27.27,2025-03-04T06:17:54,2026-02-12T03:27:05
SHP00001199,ORD00001199,OnTrac,2024-07-20,2024-07-24,,10.13,2024-07-20T22:02:29,2024-11-09T13:06:34
SHP00001200,ORD00001200,XPO,2024-09-22,2024-09-26,,27.08,2024-09-22T08:26:07,2025-10-24T02:37:37
SHP00001201,ORD00001201,USPS,2025-10-01,2025-10-06,,23.91,2025-10-01T13:26:05,2025-12-20T02:13:44
SHP00001202,ORD00001202,XPO,2024-05-02,2024-05-08,2024-05-08,26.89,2024-05-02T14:42:44,2025-04-01T10:58:52
SHP00001206,ORD00001206,OnTrac,2025-11-29,2025-12-02,2025-12-03,20.61,2025-11-29T15:28:40,2026-01-07T13:32:41
SHP00001208,ORD00001208,OnTrac,2025-06-05,2025-06-11,2025-06-12,20.01,2025-06-05T06:51:00,2025-07-14T21:06:24
SHP00001210,ORD00001210,OnTrac,2025-12-28,2026-01-01,2025-12-30,19.07,2025-12-28T23:51:14,2026-01-10T20:19:42
SHP00001212,ORD00001212,UPS,2025-01-13,2025-01-18,,19.35,2025-01-13T22:25:01,2025-02-05T22:44:18
SHP00001215,ORD00001215,OnTrac,2025-10-27,2025-10-31,2025-11-03,17.17,2025-10-27T13:53:36,2026-02-18T00:04:55
SHP00001216,ORD00001216,USPS,2025-05-07,2025-05-13,2025-05-10,8.58,2025-05-07T11:00:55,2026-02-03T15:17:38
SHP00001218,ORD00001218,FedEx,2026-01-17,2026-01-21,,27.08,2026-01-17T17:11:33,2026-01-24T04:23:23
SHP00001219,ORD00001219,UPS,2024-11-11,2024-11-13,2024-11-12,9.78,2024-11-11T14:27:02,2025-03-27T21:04:18
SHP00001220,ORD00001220,FedEx,2025-08-24,2025-08-26,2025-08-31,35.54,2025-08-24T09:18:35,2026-01-27T09:57:18
SHP00001223,ORD00001223,FedEx,2024-10-10,2024-10-12,,17.8,2024-10-10T14:20:28,2024-11-16T01:32:21
SHP00001224,ORD00001224,DHL,2025-11-26,2025-11-29,2025-11-29,14.88,2025-11-26T23:00:13,2026-02-01T14:59:02
SHP00001225,ORD00001225,OnTrac,2024-03-22,2024-03-28,2024-03-25,25.31,2024-03-22T13:57:04,2025-04-05T02:40:35
SHP00001227,ORD00001227,DHL,2024-11-22,2024-11-28,,37.66,2024-11-22T14:58:47,2025-01-17T08:30:22
SHP00001231,ORD00001231,OnTrac,2025-10-15,2025-10-20,2025-10-19,27.52,2025-10-15T16:11:15,2025-10-23T17:43:41
SHP00001232,ORD00001232,USPS,2025-08-06,2025-08-11,2025-08-09,25.6,2025-08-06T19:55:32,2026-02-16T06:50:08
SHP00001234,ORD00001234,USPS,2024-01-25,2024-01-27,,25.01,2024-01-25T05:21:25,2025-02-28T02:54:40
SHP00001235,ORD00001235,UPS,2024-08-02,2024-08-08,,32.74,2024-08-02T21:32:18,2025-06-16T15:13:31
SHP00001238,ORD00001238,USPS,2024-09-29,2024-10-04,2024-10-02,31.81,2024-09-29T21:21:25,2025-01-19T00:39:09
SHP00001240,ORD00001240,USPS,2024-05-14,2024-05-19,,15.81,2024-05-14T18:10:29,2025-09-10T06:14:39
SHP00001241,ORD00001241,XPO,2024-01-11,2024-01-17,,38.68,2024-01-11T23:04:00,2025-01-11T02:31:19
SHP00001243,ORD00001243,OnTrac,2025-01-14,2025-01-18,,9.94,2025-01-14T15:32:02,2025-04-28T09:13:49
SHP00001244,ORD00001244,XPO,2024-06-25,2024-06-29,,7.69,2024-06-25T12:36:28,2026-01-11T22:23:03
SHP00001245,ORD00001245,DHL,2026-01-04,2026-01-09,,26.46,2026-01-04T18:02:29,2026-02-07T14:11:50
SHP00001247,ORD00001247,DHL,2025-12-02,2025-12-04,2025-12-09,34.05,2025-12-02T07:56:38,2026-02-23T22:16:29
SHP00001248,ORD00001248,UPS,2025-12-12,2025-12-15,2025-12-18,28.59,2025-12-12T12:59:10,2026-01-24T17:50:17
SHP00001249,ORD00001249,DHL,2024-12-15,2024-12-17,2024-12-22,38.23,2024-12-15T08:18:56,2025-04-01T17:37:21
SHP00001251,ORD00001251,FedEx,2025-10-05,2025-10-11,,15.58,2025-10-05T20:21:19,2025-10-27T20:58:14
SHP00001252,ORD00001252,USPS,2024-01-27,2024-01-31,2024-01-29,27.01,2024-01-27T04:42:32,2024-07-02T09:27:31
SHP00001253,ORD00001253,XPO,2025-09-08,2025-09-13,2025-09-15,34.85,2025-09-08T04:38:09,2025-09-24T10:28:04
SHP00001254,ORD00001254,FedEx,2024-11-25,2024-11-30,2024-12-01,14.45,2024-11-25T14:04:26,2025-11-18T10:26:05
SHP00001255,ORD00001255,XPO,2024-10-19,2024-10-22,2024-10-23,10.78,2024-10-19T21:37:52,2024-11-05T17:28:18
SHP00001257,ORD00001257,FedEx,2025-11-09,2025-11-13,2025-11-13,36.04,2025-11-09T11:19:12,2025-11-21T23:42:15
SHP00001258,ORD00001258,DHL,2024-08-17,2024-08-19,,12.68,2024-08-17T22:03:19,2025-07-02T23:29:20
SHP00001259,ORD00001259,XPO,2025-09-27,2025-10-02,2025-09-29,14.55,2025-09-27T00:59:20,2026-02-19T16:59:32
SHP00001260,ORD00001260,XPO,2024-12-06,2024-12-10,2024-12-12,33.06,2024-12-06T22:28:25,2025-09-20T11:00:49
SHP00001261,ORD00001261,DHL,2025-10-15,2025-10-17,,39.24,2025-10-15T03:38:14,2025-11-13T02:33:21
SHP00001265,ORD00001265,XPO,2025-09-17,2025-09-20,2025-09-20,15.56,2025-09-17T04:28:56,2025-10-30T00:31:36
SHP00001266,ORD00001266,FedEx,2025-07-19,2025-07-24,2025-07-23,15.45,2025-07-19T19:59:48,2025-11-28T23:32:49
SHP00001267,ORD00001267,XPO,2024-02-04,2024-02-06,2024-02-09,32.7,2024-02-04T19:22:54,2024-08-28T10:50:08
SHP00001269,ORD00001269,XPO,2024-07-05,2024-07-10,,21.54,2024-07-05T04:22:01,2024-08-31T06:05:14
SHP00001271,ORD00001271,USPS,2025-04-20,2025-04-24,2025-04-22,29.3,2025-04-20T21:52:22,2025-05-26T23:23:26
SHP00001272,ORD00001272,DHL,2025-02-27,2025-03-01,2025-03-04,11.27,2025-02-27T02:57:42,2025-06-08T01:02:35
SHP00001274,ORD00001274,USPS,2024-10-27,2024-10-29,2024-10-31,22.16,2024-10-27T19:45:32,2024-11-13T15:52:22
SHP00001275,ORD00001275,FedEx,2025-06-25,2025-06-28,2025-07-01,16.9,2025-06-25T15:58:13,2025-07-24T18:48:59
SHP00001278,ORD00001278,XPO,2024-04-28,2024-04-30,,39.71,2024-04-28T00:42:20,2025-12-21T10:18:04
SHP00001279,ORD00001279,FedEx,2026-02-04,2026-02-10,,22.16,2026-02-04T01:41:36,2026-02-13T15:33:42
SHP00001280,ORD00001280,OnTrac,2024-04-09,2024-04-15,2024-04-11,30.68,2024-04-09T06:49:36,2025-06-14T11:17:40
SHP00001281,ORD00001281,DHL,2025-07-30,2025-08-05,2025-07-31,23.11,2025-07-30T05:54:41,2026-01-10T17:17:31
SHP00001282,ORD00001282,FedEx,2025-07-10,2025-07-12,2025-07-16,29.32,2025-07-10T20:23:26,2025-09-27T09:40:35
SHP00001284,ORD00001284,UPS,2025-08-03,2025-08-05,,31.39,2025-08-03T22:26:31,2026-02-17T21:03:26
SHP00001287,ORD00001287,XPO,2024-06-05,2024-06-08,2024-06-11,12.07,2024-06-05T02:48:29,2024-10-18T02:54:17
SHP00001292,ORD00001292,DHL,2026-01-25,2026-01-31,,38.89,2026-01-25T12:02:08,2026-01-30T04:03:14
SHP00001295,ORD00001295,DHL,2024-09-07,2024-09-10,,20.92,2024-09-07T04:45:57,2025-11-21T14:11:22
SHP00001296,ORD00001296,USPS,2024-02-08,2024-02-14,2024-02-15,20.97,2024-02-08T04:59:07,2025-04-11T04:53:20
SHP00001299,ORD00001299,OnTrac,2024-11-18,2024-11-23,,32.76,2024-11-18T21:02:42,2025-08-01T09:09:27
SHP00001302,ORD00001302,DHL,2024-05-12,2024-05-15,,25.81,2024-05-12T20:27:02,2025-10-21T23:34:17
SHP00001303,ORD00001303,OnTrac,2024-08-05,2024-08-07,2024-08-09,12.09,2024-08-05T19:50:14,2024-09-18T03:57:02
SHP00001304,ORD00001304,XPO,2024-10-15,2024-10-18,2024-10-18,10.95,2024-10-15T14:43:01,2025-02-18T06:21:42
SHP00001307,ORD00001307,USPS,2024-01-21,2024-01-24,2024-01-23,13.54,2024-01-21T14:06:53,2025-09-07T12:22:09
SHP00001308,ORD00001308,UPS,2024-08-02,2024-08-06,,20.01,2024-08-02T18:46:50,2024-11-13T05:59:39
SHP00001310,ORD00001310,UPS,2025-06-06,2025-06-11,2025-06-13,38.92,2025-06-06T06:49:50,2026-03-01T17:54:36
SHP00001313,ORD00001313,DHL,2026-02-24,2026-02-28,2026-02-28,9.03,2026-02-24T20:39:58,2026-02-27T17:59:53
SHP00001314,ORD00001314,DHL,2024-04-13,2024-04-18,,12.87,2024-04-13T20:47:24,2024-10-22T14:24:47
SHP00001317,ORD00001317,XPO,2025-04-16,2025-04-22,,7.28,2025-04-16T02:35:53,2025-10-21T01:00:05
SHP00001318,ORD00001318,FedEx,2025-08-25,2025-08-30,,21.06,2025-08-25T16:10:27,2026-02-06T04:21:38
SHP00001322,ORD00001322,USPS,2026-01-07,2026-01-13,,25.52,2026-01-07T23:35:05,2026-02-25T11:10:07
SHP00001323,ORD00001323,FedEx,2024-07-11,2024-07-14,,27.68,2024-07-11T04:32:15,2025-07-31T06:47:53
SHP00001324,ORD00001324,DHL,2025-07-06,2025-07-09,,14.44,2025-07-06T10:46:58,2025-11-03T22:50:47
SHP00001326,ORD00001326,DHL,2024-07-20,2024-07-26,2024-07-27,39.88,2024-07-20T18:07:45,2024-11-27T01:32:11
SHP00001327,ORD00001327,UPS,2024-08-14,2024-08-19,2024-08-21,25.21,2024-08-14T02:48:58,2026-01-17T13:15:51
SHP00001329,ORD00001329,DHL,2026-01-14,2026-01-18,2026-01-21,18.37,2026-01-14T14:12:40,2026-01-14T00:19:26
SHP00001330,ORD00001330,DHL,2024-02-16,2024-02-22,,7.55,2024-02-16T12:22:09,2024-12-02T05:44:34
SHP00001334,ORD00001334,DHL,2025-10-28,2025-11-02,,28.11,2025-10-28T20:25:55,2025-12-06T02:41:35
SHP00001335,ORD00001335,FedEx,2025-01-21,2025-01-25,2025-01-22,8.89,2025-01-21T05:51:25,2025-08-29T00:57:22
SHP00001337,ORD00001337,UPS,2024-02-26,2024-03-02,,10.08,2024-02-26T19:39:51,2025-06-09T20:00:42
SHP00001338,ORD00001338,OnTrac,2025-10-02,2025-10-08,,29.07,2025-10-02T03:59:37,2025-12-06T10:06:43
SHP00001340,ORD00001340,FedEx,2024-11-14,2024-11-17,,37.46,2024-11-14T11:58:01,2025-10-08T14:57:28
SHP00001345,ORD00001345,USPS,2026-02-07,2026-02-12,,20.82,2026-02-07T15:40:05,2026-02-10T13:45:17
SHP00001347,ORD00001347,UPS,2025-01-03,2025-01-05,,23.76,2025-01-03T13:31:23,2025-07-17T15:18:42
SHP00001348,ORD00001348,DHL,2024-03-09,2024-03-14,2024-03-16,12.71,2024-03-09T02:07:51,2026-01-21T09:23:45
SHP00001349,ORD00001349,OnTrac,2025-04-23,2025-04-25,2025-04-30,39.48,2025-04-23T16:41:24,2025-11-14T12:32:18
SHP00001352,ORD00001352,USPS,2025-11-21,2025-11-25,,6.31,2025-11-21T01:05:02,2025-12-08T14:32:51
SHP00001353,ORD00001353,OnTrac,2024-03-06,2024-03-10,2024-03-09,11.63,2024-03-06T09:48:48,2024-06-13T10:55:07
SHP00001354,ORD00001354,DHL,2024-10-11,2024-10-17,,24.48,2024-10-11T18:23:33,2025-11-13T14:21:05
SHP00001357,ORD00001357,USPS,2025-09-24,2025-09-30,2025-09-25,30.32,2025-09-24T10:11:11,2025-10-13T12:33:13
SHP00001359,ORD00001359,XPO,2025-02-11,2025-02-14,2025-02-16,22.91,2025-02-11T09:06:07,2025-05-01T12:08:55
SHP00001361,ORD00001361,FedEx,2024-07-17,2024-07-19,2024-07-19,17.38,2024-07-17T11:48:58,2024-07-19T06:32:25
SHP00001363,ORD00001363,OnTrac,2026-01-24,2026-01-30,,28.43,2026-01-24T19:39:33,2026-02-07T15:43:16
SHP00001364,ORD00001364,DHL,2025-03-17,2025-03-20,2025-03-23,11.84,2025-03-17T13:49:20,2025-07-30T23:55:45
SHP00001365,ORD00001365,UPS,2025-08-21,2025-08-23,,22.98,2025-08-21T06:04:45,2026-02-24T21:21:02
SHP00001366,ORD00001366,OnTrac,2025-08-15,2025-08-19,2025-08-19,37.74,2025-08-15T21:47:56,2025-09-10T12:08:17
SHP00001369,ORD00001369,XPO,2024-05-31,2024-06-06,2024-06-07,12.7,2024-05-31T21:22:55,2024-06-03T22:42:30
SHP00001370,ORD00001370,XPO,2024-06-17,2024-06-20,2024-06-20,6.68,2024-06-17T01:17:49,2025-02-05T23:29:50
SHP00001371,ORD00001371,FedEx,2025-01-30,2025-02-03,2025-01-31,4.2,2025-01-30T20:51:21,2025-09-29T06:04:22
SHP00001372,ORD00001372,OnTrac,2026-01-26,2026-01-30,2026-01-29,25.83,2026-01-26T15:08:15,2026-02-17T22:05:29
SHP00001373,ORD00001373,FedEx,2025-08-03,2025-08-05,,6.18,2025-08-03T23:41:38,2025-11-20T08:12:10
SHP00001378,ORD00001378,DHL,2025-01-16,2025-01-22,2025-01-19,29.23,2025-01-16T00:48:54,2026-02-28T12:48:17
SHP00001380,ORD00001380,OnTrac,2026-01-26,2026-01-31,2026-01-27,8.33,2026-01-26T16:15:04,2026-02-11T02:54:50
SHP00001381,ORD00001381,USPS,2025-09-01,2025-09-04,2025-09-03,10.23,2025-09-01T12:45:58,2026-01-18T17:44:37
SHP00001382,ORD00001382,DHL,2025-02-08,2025-02-14,2025-02-15,35.46,2025-02-08T13:21:40,2026-01-12T22:35:20
SHP00001383,ORD00001383,OnTrac,2026-02-04,2026-02-07,2026-02-06,9.91,2026-02-04T13:41:31,2026-02-11T06:59:00
SHP00001386,ORD00001386,XPO,2025-03-29,2025-04-04,2025-04-02,9.43,2025-03-29T17:08:57,2025-07-27T06:20:35
SHP00001387,ORD00001387,DHL,2025-06-18,2025-06-20,,11.15,2025-06-18T14:35:53,2026-01-07T04:57:25
SHP00001388,ORD00001388,XPO,2024-11-02,2024-11-04,2024-11-06,35.27,2024-11-02T01:44:27,2025-07-08T02:09:49
SHP00001389,ORD00001389,USPS,2025-09-02,2025-09-06,2025-09-08,32.56,2025-09-02T20:01:47,2025-12-10T10:55:10
SHP00001391,ORD00001391,XPO,2025-12-15,2025-12-18,2025-12-19,6.03,2025-12-15T22:26:32,2026-01-30T04:02:49
SHP00001392,ORD00001392,OnTrac,2025-06-20,2025-06-25,2025-06-24,28.76,2025-06-20T11:47:56,2025-07-16T01:07:42
SHP00001393,ORD00001393,FedEx,2024-10-01,2024-10-03,2024-10-04,38.04,2024-10-01T03:49:17,2025-11-19T14:26:42
SHP00001394,ORD00001394,USPS,2024-11-07,2024-11-10,2024-11-09,36.31,2024-11-07T09:41:15,2024-11-10T16:16:20
SHP00001395,ORD00001395,USPS,2024-09-17,2024-09-21,2024-09-24,26.07,2024-09-17T22:08:04,2025-07-30T12:23:52
SHP00001400,ORD00001400,OnTrac,2025-12-14,2025-12-18,2025-12-16,16.43,2025-12-14T02:47:07,2026-01-05T03:08:30
SHP00001401,ORD00001401,XPO,2025-09-04,2025-09-06,2025-09-07,25.82,2025-09-04T00:40:43,2026-01-09T20:41:55
SHP00001403,ORD00001403,OnTrac,2024-04-03,2024-04-09,,35.91,2024-04-03T02:04:58,2026-01-11T13:54:23
SHP00001404,ORD00001404,OnTrac,2025-08-26,2025-09-01,,28.7,2025-08-26T03:44:19,2026-01-23T03:36:09
SHP00001405,ORD00001405,UPS,2025-07-12,2025-07-18,2025-07-19,5.1,2025-07-12T22:41:08,2025-10-16T07:57:33
SHP00001406,ORD00001406,DHL,2024-06-23,2024-06-29,,26.47,2024-06-23T04:34:00,2025-05-30T23:07:41
SHP00001408,ORD00001408,XPO,2026-01-06,2026-01-08,,8.91,2026-01-06T17:18:32,2026-02-17T07:51:44
SHP00001409,ORD00001409,XPO,2024-01-11,2024-01-13,,22.29,2024-01-11T03:42:38,2025-10-09T02:17:16
SHP00001410,ORD00001410,UPS,2024-04-03,2024-04-06,2024-04-05,16.75,2024-04-03T09:19:20,2025-10-03T23:06:24
SHP00001412,ORD00001412,FedEx,2024-02-25,2024-03-02,2024-02-28,7.6,2024-02-25T04:42:29,2025-08-15T08:58:13
SHP00001413,ORD00001413,DHL,2025-03-31,2025-04-04,,16.0,2025-03-31T23:30:04,2025-06-28T01:23:07
SHP00001414,ORD00001414,UPS,2026-02-15,2026-02-17,2026-02-22,27.39,2026-02-15T07:01:27,2026-02-25T20:10:35
SHP00001415,ORD00001415,XPO,2024-07-14,2024-07-17,,22.34,2024-07-14T04:21:14,2025-08-27T10:56:19
SHP00001416,ORD00001416,USPS,2025-03-14,2025-03-16,2025-03-16,39.11,2025-03-14T08:27:37,2026-02-18T18:01:52
SHP00001417,ORD00001417,OnTrac,2025-02-23,2025-02-28,2025-02-25,15.93,2025-02-23T08:04:56,2025-06-11T19:47:59
SHP00001418,ORD00001418,USPS,2024-06-19,2024-06-23,2024-06-24,6.51,2024-06-19T00:19:15,2024-12-29T19:28:48
SHP00001419,ORD00001419,OnTrac,2025-08-30,2025-09-02,2025-08-31,28.73,2025-08-30T02:37:53,2025-11-01T06:45:15
SHP00001420,ORD00001420,UPS,2025-02-10,2025-02-14,2025-02-17,32.67,2025-02-10T08:19:48,2025-07-27T18:05:18
SHP00001421,ORD00001421,USPS,2024-10-18,2024-10-23,2024-10-25,32.67,2024-10-18T15:39:01,2025-12-18T00:11:13
SHP00001423,ORD00001423,OnTrac,2026-02-03,2026-02-08,2026-02-08,30.2,2026-02-03T03:22:58,2026-02-28T08:25:47
SHP00001424,ORD00001424,XPO,2024-05-21,2024-05-23,,8.49,2024-05-21T15:44:38,2025-03-30T12:36:03
SHP00001428,ORD00001428,OnTrac,2025-10-09,2025-10-13,,22.87,2025-10-09T04:07:34,2026-02-20T02:20:54
SHP00001429,ORD00001429,USPS,2025-06-01,2025-06-03,2025-06-08,21.86,2025-06-01T16:50:07,2026-01-17T05:54:11
SHP00001432,ORD00001432,DHL,2024-12-16,2024-12-18,2024-12-23,8.93,2024-12-16T07:41:04,2025-12-29T15:32:57
SHP00001434,ORD00001434,XPO,2026-02-12,2026-02-18,2026-02-18,18.82,2026-02-12T20:13:33,2026-02-17T00:59:10
SHP00001435,ORD00001435,UPS,2024-11-28,2024-12-02,,10.73,2024-11-28T18:44:52,2025-04-09T21:41:18
SHP00001436,ORD00001436,DHL,2024-11-01,2024-11-04,2024-11-04,5.25,2024-11-01T02:57:32,2025-01-07T04:51:42
SHP00001437,ORD00001437,USPS,2024-04-22,2024-04-26,2024-04-25,15.7,2024-04-22T22:21:24,2025-09-07T20:06:58
SHP00001439,ORD00001439,FedEx,2024-04-02,2024-04-07,,22.92,2024-04-02T09:19:44,2025-12-16T22:19:40
SHP00001440,ORD00001440,FedEx,2024-07-30,2024-08-02,2024-08-02,5.11,2024-07-30T20:45:05,2026-01-24T14:34:21
SHP00001441,ORD00001441,UPS,2024-05-30,2024-06-01,2024-06-05,11.98,2024-05-30T14:30:00,2025-06-27T13:20:09
SHP00001442,ORD00001442,FedEx,2025-12-09,2025-12-13,,4.81,2025-12-09T19:59:07,2026-02-08T18:57:25
SHP00001443,ORD00001443,OnTrac,2024-01-10,2024-01-15,,34.06,2024-01-10T08:31:29,2025-09-15T10:15:21
SHP00001444,ORD00001444,XPO,2025-12-19,2025-12-23,2025-12-24,21.45,2025-12-19T23:44:32,2026-02-13T06:30:15
SHP00001445,ORD00001445,XPO,2024-06-06,2024-06-12,2024-06-11,11.52,2024-06-06T03:57:14,2024-06-20T17:21:22
SHP00001446,ORD00001446,DHL,2025-05-29,2025-06-04,2025-05-30,22.46,2025-05-29T03:03:20,2025-10-27T15:50:16
SHP00001448,ORD00001448,DHL,2025-01-25,2025-01-29,2025-02-01,6.56,2025-01-25T17:03:28,2025-05-19T01:03:06
SHP00001450,ORD00001450,DHL,2024-10-16,2024-10-20,2024-10-23,13.95,2024-10-16T19:27:00,2025-03-16T12:22:25
SHP00001453,ORD00001453,USPS,2025-10-23,2025-10-29,2025-10-24,14.04,2025-10-23T07:11:11,2026-01-07T17:20:09
SHP00001454,ORD00001454,OnTrac,2024-12-26,2024-12-29,2024-12-29,30.05,2024-12-26T09:10:11,2025-10-03T09:01:56
SHP00001455,ORD00001455,FedEx,2025-03-12,2025-03-14,2025-03-19,5.62,2025-03-12T10:34:23,2025-08-20T06:33:41
SHP00001458,ORD00001458,USPS,2026-01-22,2026-01-25,2026-01-24,36.53,2026-01-22T10:10:46,2026-01-30T18:47:16
SHP00001459,ORD00001459,FedEx,2025-07-16,2025-07-18,,22.2,2025-07-16T00:51:15,2025-09-04T08:23:32
SHP00001463,ORD00001463,FedEx,2025-12-09,2025-12-11,,36.77,2025-12-09T05:46:45,2025-12-12T19:16:45
SHP00001465,ORD00001465,DHL,2025-02-13,2025-02-16,2025-02-19,15.22,2025-02-13T19:41:10,2026-02-15T12:25:11
SHP00001466,ORD00001466,UPS,2024-02-27,2024-02-29,,22.1,2024-02-27T02:15:04,2025-04-13T01:48:36
SHP00001468,ORD00001468,FedEx,2024-03-14,2024-03-18,2024-03-16,8.1,2024-03-14T07:28:39,2026-02-04T22:53:24
SHP00001473,ORD00001473,DHL,2025-01-20,2025-01-24,,18.32,2025-01-20T06:30:49,2026-02-25T17:35:07
SHP00001476,ORD00001476,XPO,2024-06-07,2024-06-11,2024-06-09,25.34,2024-06-07T08:43:31,2025-12-21T23:08:46
SHP00001477,ORD00001477,UPS,2025-06-28,2025-06-30,2025-07-03,30.89,2025-06-28T17:40:37,2025-10-04T03:02:54
SHP00001478,ORD00001478,XPO,2024-08-11,2024-08-13,,14.94,2024-08-11T07:41:21,2026-02-12T17:11:57
SHP00001479,ORD00001479,OnTrac,2024-04-30,2024-05-02,,9.49,2024-04-30T21:07:08,2024-06-07T00:38:08
SHP00001480,ORD00001480,OnTrac,2024-04-19,2024-04-22,2024-04-20,39.65,2024-04-19T10:31:54,2024-06-17T03:29:58
SHP00001481,ORD00001481,FedEx,2025-04-11,2025-04-16,2025-04-17,34.77,2025-04-11T01:15:57,2025-04-16T14:42:39
SHP00001483,ORD00001483,OnTrac,2024-09-17,2024-09-22,,34.89,2024-09-17T22:07:47,2025-04-23T16:15:59
SHP00001485,ORD00001485,DHL,2024-09-17,2024-09-22,2024-09-20,26.36,2024-09-17T22:14:05,2026-02-22T19:30:52
SHP00001487,ORD00001487,XPO,2025-02-28,2025-03-03,,6.45,2025-02-28T16:55:10,2025-03-16T16:30:39
SHP00001488,ORD00001488,OnTrac,2026-01-08,2026-01-13,2026-01-14,36.1,2026-01-08T03:27:15,2026-02-08T12:25:07
SHP00001489,ORD00001489,USPS,2025-03-09,2025-03-12,,25.86,2025-03-09T20:02:15,2025-09-21T17:05:40
SHP00001491,ORD00001491,OnTrac,2025-08-03,2025-08-07,2025-08-09,13.85,2025-08-03T19:43:43,2025-08-10T00:27:37
SHP00001492,ORD00001492,DHL,2024-11-29,2024-12-03,2024-12-01,16.48,2024-11-29T06:42:43,2025-10-11T07:29:04
SHP00001497,ORD00001497,USPS,2025-03-05,2025-03-09,,19.28,2025-03-05T04:09:55,2025-11-27T22:54:18
SHP00001498,ORD00001498,XPO,2025-10-13,2025-10-15,,30.95,2025-10-13T18:13:06,2025-11-20T07:54:15
SHP00001499,ORD00001499,USPS,2025-03-01,2025-03-03,2025-03-08,38.03,2025-03-01T07:55:18,2025-05-09T23:04:12
SHP00001501,ORD00001501,FedEx,2026-02-11,2026-02-16,2026-02-15,8.2,2026-02-11T22:02:48,2026-02-26T08:01:55
SHP00001503,ORD00001503,XPO,2025-08-26,2025-09-01,2025-09-01,39.91,2025-08-26T09:43:25,2025-11-06T11:44:09
SHP00001504,ORD00001504,OnTrac,2024-09-26,2024-09-30,,13.93,2024-09-26T08:23:58,2025-08-07T11:40:33
SHP00001505,ORD00001505,UPS,2025-07-20,2025-07-25,,34.14,2025-07-20T19:40:13,2025-11-18T02:25:12
SHP00001506,ORD00001506,USPS,2024-07-14,2024-07-16,2024-07-17,30.39,2024-07-14T09:35:45,2025-09-30T16:14:01
SHP00001508,ORD00001508,DHL,2024-11-21,2024-11-23,2024-11-25,6.25,2024-11-21T18:06:52,2025-02-27T18:26:48
SHP00001511,ORD00001511,XPO,2024-06-30,2024-07-05,2024-07-01,36.77,2024-06-30T11:23:44,2024-11-13T08:18:20
SHP00001513,ORD00001513,XPO,2025-09-24,2025-09-28,2025-09-27,5.5,2025-09-24T12:50:52,2025-11-26T21:24:15
SHP00001515,ORD00001515,FedEx,2024-02-28,2024-03-04,2024-03-05,32.03,2024-02-28T07:28:31,2024-04-06T05:27:24
SHP00001517,ORD00001517,XPO,2024-02-21,2024-02-26,,12.62,2024-02-21T09:14:27,2024-08-24T06:19:40
SHP00001519,ORD00001519,FedEx,2025-08-18,2025-08-23,2025-08-22,18.1,2025-08-18T07:04:34,2026-02-01T21:06:27
SHP00001520,ORD00001520,UPS,2024-05-09,2024-05-15,2024-05-15,7.58,2024-05-09T21:44:55,2025-04-24T09:22:03
SHP00001521,ORD00001521,USPS,2026-01-13,2026-01-18,,24.25,2026-01-13T06:46:25,2026-01-24T11:58:25
SHP00001522,ORD00001522,UPS,2025-04-03,2025-04-08,2025-04-07,16.87,2025-04-03T21:42:51,2025-10-05T16:05:41
SHP00001523,ORD00001523,DHL,2024-09-10,2024-09-14,,32.69,2024-09-10T21:21:53,2024-12-14T08:37:52
SHP00001524,ORD00001524,XPO,2025-10-19,2025-10-21,2025-10-25,16.12,2025-10-19T16:47:26,2026-01-27T03:34:59
SHP00001526,ORD00001526,UPS,2024-05-10,2024-05-14,2024-05-16,16.44,2024-05-10T06:25:21,2025-11-25T10:54:07
SHP00001531,ORD00001531,DHL,2025-10-29,2025-11-01,2025-11-03,14.48,2025-10-29T10:04:52,2025-11-28T07:00:26
SHP00001532,ORD00001532,FedEx,2024-03-24,2024-03-29,,27.22,2024-03-24T19:23:46,2025-08-04T23:05:35
SHP00001533,ORD00001533,DHL,2025-12-29,2025-12-31,2026-01-01,14.2,2025-12-29T20:03:10,2026-02-03T13:31:44
SHP00001534,ORD00001534,XPO,2025-06-19,2025-06-22,,27.17,2025-06-19T08:52:32,2025-11-18T00:38:41
SHP00001536,ORD00001536,DHL,2024-02-12,2024-02-15,,11.11,2024-02-12T09:31:54,2026-01-23T15:44:47
SHP00001539,ORD00001539,DHL,2024-11-20,2024-11-22,,14.65,2024-11-20T10:55:33,2025-09-18T17:44:04
SHP00001540,ORD00001540,UPS,2024-08-29,2024-09-04,,25.96,2024-08-29T05:10:41,2025-10-07T06:21:31
SHP00001542,ORD00001542,USPS,2024-02-02,2024-02-05,2024-02-03,13.57,2024-02-02T01:53:14,2025-06-06T14:16:10
SHP00001544,ORD00001544,USPS,2024-06-21,2024-06-26,2024-06-26,21.97,2024-06-21T14:12:06,2025-02-26T19:06:14
SHP00001545,ORD00001545,XPO,2024-02-29,2024-03-06,2024-03-05,20.86,2024-02-29T13:48:16,2025-09-18T16:57:48
SHP00001546,ORD00001546,USPS,2024-06-24,2024-06-26,2024-06-25,32.59,2024-06-24T22:14:15,2025-01-19T10:33:29
SHP00001548,ORD00001548,XPO,2025-05-10,2025-05-12,2025-05-14,6.9,2025-05-10T22:25:35,2025-11-20T19:58:53
SHP00001549,ORD00001549,OnTrac,2024-03-10,2024-03-14,,26.56,2024-03-10T21:34:13,2025-03-13T19:49:44
SHP00001550,ORD00001550,USPS,2024-03-30,2024-04-05,2024-04-03,5.63,2024-03-30T22:31:58,2025-12-27T17:52:52
SHP00001552,ORD00001552,USPS,2025-03-25,2025-03-30,2025-03-31,21.44,2025-03-25T21:31:57,2026-01-08T04:14:02
SHP00001554,ORD00001554,XPO,2025-04-28,2025-05-02,2025-05-01,4.74,2025-04-28T11:03:29,2025-12-11T18:57:07
SHP00001556,ORD00001556,DHL,2024-12-12,2024-12-14,2024-12-17,23.76,2024-12-12T21:29:59,2025-10-12T21:36:12
SHP00001557,ORD00001557,FedEx,2024-10-08,2024-10-11,2024-10-15,20.08,2024-10-08T22:48:06,2026-02-06T08:43:32
SHP00001559,ORD00001559,FedEx,2026-02-10,2026-02-15,2026-02-15,25.1,2026-02-10T06:30:12,2026-02-12T09:44:23
SHP00001561,ORD00001561,XPO,2024-02-24,2024-02-28,,15.71,2024-02-24T16:24:53,2025-11-01T07:18:23
SHP00001562,ORD00001562,DHL,2024-10-13,2024-10-15,2024-10-20,29.9,2024-10-13T23:05:14,2025-11-07T13:09:59
SHP00001563,ORD00001563,XPO,2025-06-03,2025-06-09,2025-06-07,30.41,2025-06-03T19:20:03,2025-06-04T02:29:10
SHP00001566,ORD00001566,UPS,2024-11-21,2024-11-27,,19.03,2024-11-21T20:44:23,2025-01-16T22:29:23
SHP00001568,ORD00001568,DHL,2025-07-23,2025-07-29,2025-07-26,10.85,2025-07-23T22:38:48,2025-08-17T09:29:01
SHP00001573,ORD00001573,DHL,2024-09-28,2024-10-01,2024-10-03,5.54,2024-09-28T17:52:31,2025-09-26T14:59:05
SHP00001575,ORD00001575,USPS,2025-10-11,2025-10-17,2025-10-18,34.47,2025-10-11T10:20:50,2025-12-30T18:12:01
SHP00001577,ORD00001577,XPO,2024-08-23,2024-08-25,2024-08-27,14.97,2024-08-23T22:19:26,2025-05-30T20:12:17
SHP00001579,ORD00001579,UPS,2024-09-29,2024-10-04,,26.14,2024-09-29T20:58:23,2024-12-04T05:15:44
SHP00001580,ORD00001580,XPO,2024-03-15,2024-03-18,,7.87,2024-03-15T07:32:25,2024-03-30T19:46:44
SHP00001582,ORD00001582,USPS,2024-11-22,2024-11-26,2024-11-24,22.83,2024-11-22T09:24:53,2025-09-23T00:15:08
SHP00001584,ORD00001584,USPS,2024-05-11,2024-05-14,,31.14,2024-05-11T07:56:58,2024-08-27T14:46:43
SHP00001585,ORD00001585,OnTrac,2025-06-22,2025-06-24,,6.29,2025-06-22T10:51:18,2026-02-04T04:30:56
SHP00001586,ORD00001586,USPS,2025-10-21,2025-10-24,,34.14,2025-10-21T19:38:56,2025-12-03T00:01:42
SHP00001587,ORD00001587,OnTrac,2025-10-23,2025-10-27,2025-10-26,15.55,2025-10-23T03:14:34,2026-01-15T00:53:58
SHP00001588,ORD00001588,OnTrac,2024-10-06,2024-10-12,2024-10-13,12.98,2024-10-06T06:06:14,2025-02-24T22:54:33
SHP00001589,ORD00001589,OnTrac,2025-01-30,2025-02-03,2025-02-01,37.38,2025-01-30T13:11:33,2025-12-08T08:08:41
SHP00001590,ORD00001590,XPO,2024-06-20,2024-06-26,2024-06-21,14.13,2024-06-20T22:35:12,2024-11-04T08:05:12
SHP00001593,ORD00001593,UPS,2025-10-15,2025-10-18,,17.16,2025-10-15T10:21:07,2025-12-22T03:55:57
SHP00001594,ORD00001594,USPS,2026-02-08,2026-02-13,2026-02-15,9.59,2026-02-08T12:20:42,2026-02-23T23:44:27
SHP00001595,ORD00001595,DHL,2025-03-25,2025-03-29,2025-03-28,29.37,2025-03-25T23:51:56,2026-01-17T11:16:05
SHP00001597,ORD00001597,FedEx,2025-07-13,2025-07-19,,27.0,2025-07-13T03:57:28,2026-02-25T12:53:25
SHP00001598,ORD00001598,XPO,2024-05-04,2024-05-06,2024-05-10,19.46,2024-05-04T21:07:16,2025-08-01T17:29:45
SHP00001602,ORD00001602,UPS,2025-06-01,2025-06-06,,14.17,2025-06-01T13:10:53,2025-06-09T01:20:36
SHP00001604,ORD00001604,USPS,2024-04-04,2024-04-10,,30.5,2024-04-04T02:36:43,2025-08-14T05:59:14
SHP00001605,ORD00001605,DHL,2025-04-03,2025-04-07,2025-04-07,21.08,2025-04-03T02:07:02,2025-12-17T09:30:29
SHP00001606,ORD00001606,DHL,2026-02-03,2026-02-08,2026-02-07,30.9,2026-02-03T12:11:32,2026-02-19T00:47:34
SHP00001609,ORD00001609,UPS,2024-04-29,2024-05-04,2024-05-04,17.27,2024-04-29T00:42:46,2025-09-19T06:55:18
SHP00001611,ORD00001611,UPS,2026-01-01,2026-01-05,,29.01,2026-01-01T10:21:10,2026-01-08T18:37:20
SHP00001613,ORD00001613,XPO,2025-01-29,2025-02-02,,11.53,2025-01-29T00:26:14,2025-02-12T09:39:33
SHP00001614,ORD00001614,UPS,2025-06-24,2025-06-28,,22.51,2025-06-24T00:28:55,2025-06-25T01:43:18
SHP00001619,ORD00001619,DHL,2024-05-12,2024-05-18,,16.48,2024-05-12T11:46:48,2024-12-28T07:21:01
SHP00001620,ORD00001620,DHL,2024-01-20,2024-01-24,2024-01-21,12.39,2024-01-20T00:42:02,2025-12-22T16:14:32
SHP00001622,ORD00001622,OnTrac,2024-01-04,2024-01-06,2024-01-06,12.65,2024-01-04T11:46:16,2024-03-14T11:03:20
SHP00001626,ORD00001626,USPS,2024-08-16,2024-08-20,,38.74,2024-08-16T02:00:06,2025-10-28T01:07:05
SHP00001628,ORD00001628,DHL,2024-08-22,2024-08-24,2024-08-24,6.52,2024-08-22T17:36:27,2025-06-01T22:09:04
SHP00001629,ORD00001629,XPO,2024-08-06,2024-08-09,2024-08-09,36.93,2024-08-06T01:18:58,2025-12-07T22:01:51
SHP00001631,ORD00001631,UPS,2024-12-16,2024-12-20,2024-12-18,20.72,2024-12-16T15:34:31,2026-02-22T00:31:31
SHP00001632,ORD00001632,DHL,2024-08-19,2024-08-23,2024-08-24,26.19,2024-08-19T22:33:11,2025-07-26T01:10:44
SHP00001633,ORD00001633,XPO,2025-06-22,2025-06-27,2025-06-28,11.88,2025-06-22T04:11:30,2025-08-26T15:53:52
SHP00001634,ORD00001634,DHL,2024-01-09,2024-01-13,,29.79,2024-01-09T18:31:30,2025-10-18T19:40:57
SHP00001635,ORD00001635,FedEx,2024-03-16,2024-03-19,,22.33,2024-03-16T13:15:49,2024-12-08T05:46:38
SHP00001638,ORD00001638,UPS,2024-09-14,2024-09-20,,21.54,2024-09-14T03:26:20,2025-09-10T11:44:08
SHP00001640,ORD00001640,USPS,2025-04-16,2025-04-20,2025-04-21,12.36,2025-04-16T21:02:53,2025-08-15T21:55:25
SHP00001641,ORD00001641,OnTrac,2024-08-21,2024-08-26,,20.84,2024-08-21T09:55:48,2024-11-24T00:17:42
SHP00001644,ORD00001644,FedEx,2024-01-22,2024-01-25,2024-01-27,39.36,2024-01-22T03:57:47,2025-09-22T16:14:46
SHP00001646,ORD00001646,OnTrac,2025-12-10,2025-12-12,2025-12-15,5.41,2025-12-10T17:39:35,2026-02-08T07:01:19
SHP00001647,ORD00001647,UPS,2025-02-26,2025-02-28,2025-03-05,18.01,2025-02-26T07:41:47,2025-10-21T22:47:19
SHP00001648,ORD00001648,UPS,2024-04-22,2024-04-25,2024-04-28,12.79,2024-04-22T18:13:38,2024-12-15T03:08:04
SHP00001649,ORD00001649,DHL,2025-02-09,2025-02-13,,16.2,2025-02-09T05:34:48,2025-03-01T09:14:02
SHP00001650,ORD00001650,DHL,2026-01-18,2026-01-20,2026-01-23,11.94,2026-01-18T17:55:52,2026-02-16T15:03:47
SHP00001651,ORD00001651,XPO,2025-10-03,2025-10-09,2025-10-08,16.45,2025-10-03T20:58:17,2026-01-16T01:52:51
SHP00001653,ORD00001653,XPO,2024-07-13,2024-07-15,,37.66,2024-07-13T23:44:53,2024-09-08T10:15:07
SHP00001655,ORD00001655,FedEx,2026-02-11,2026-02-13,2026-02-12,6.97,2026-02-11T20:22:33,2026-02-23T22:02:39
SHP00001656,ORD00001656,OnTrac,2024-02-16,2024-02-18,,16.2,2024-02-16T15:00:35,2025-09-26T08:01:28
SHP00001657,ORD00001657,UPS,2024-12-10,2024-12-16,,4.56,2024-12-10T03:17:39,2026-01-31T16:22:54
SHP00001659,ORD00001659,OnTrac,2024-09-02,2024-09-04,,9.69,2024-09-02T03:08:04,2025-10-05T20:36:33
SHP00001660,ORD00001660,UPS,2025-11-16,2025-11-19,2025-11-20,32.61,2025-11-16T19:58:56,2025-12-07T23:06:13
SHP00001662,ORD00001662,OnTrac,2025-09-22,2025-09-28,,6.33,2025-09-22T16:21:13,2026-01-20T22:12:49
SHP00001663,ORD00001663,FedEx,2025-10-25,2025-10-28,2025-10-26,23.14,2025-10-25T07:41:05,2026-01-25T23:26:12
SHP00001664,ORD00001664,USPS,2025-03-09,2025-03-13,,7.04,2025-03-09T12:44:50,2025-11-17T08:19:36
SHP00001665,ORD00001665,UPS,2025-07-18,2025-07-20,2025-07-24,30.31,2025-07-18T23:43:53,2025-10-02T21:45:43
SHP00001666,ORD00001666,FedEx,2025-04-19,2025-04-24,,38.62,2025-04-19T07:01:32,2025-08-23T05:40:31
SHP00001668,ORD00001668,FedEx,2024-12-20,2024-12-24,2024-12-21,31.53,2024-12-20T16:38:08,2025-05-02T15:28:30
SHP00001669,ORD00001669,XPO,2024-03-12,2024-03-18,2024-03-13,18.52,2024-03-12T20:43:46,2024-06-18T23:39:23
SHP00001670,ORD00001670,USPS,2024-07-03,2024-07-08,,26.01,2024-07-03T13:50:38,2024-10-31T15:05:04
SHP00001671,ORD00001671,XPO,2025-09-14,2025-09-16,2025-09-21,39.81,2025-09-14T18:01:05,2026-01-23T23:42:58
SHP00001672,ORD00001672,FedEx,2024-06-30,2024-07-04,2024-07-05,31.86,2024-06-30T18:00:26,2025-02-02T08:02:30
SHP00001673,ORD00001673,OnTrac,2025-11-09,2025-11-13,2025-11-12,33.37,2025-11-09T05:21:17,2026-02-23T12:51:55
SHP00001674,ORD00001674,USPS,2024-04-25,2024-04-28,2024-04-29,34.95,2024-04-25T22:56:56,2024-12-03T17:36:14
SHP00001675,ORD00001675,USPS,2025-01-20,2025-01-24,2025-01-22,36.36,2025-01-20T18:03:56,2025-05-08T15:24:01
SHP00001676,ORD00001676,OnTrac,2024-08-11,2024-08-13,2024-08-14,22.04,2024-08-11T20:09:55,2024-09-15T17:23:48
SHP00001677,ORD00001677,XPO,2024-01-17,2024-01-22,2024-01-22,38.65,2024-01-17T02:17:42,2025-01-05T08:24:07
SHP00001679,ORD00001679,FedEx,2025-08-14,2025-08-17,2025-08-16,25.67,2025-08-14T17:24:14,2025-09-22T15:02:34
SHP00001680,ORD00001680,USPS,2024-07-11,2024-07-14,2024-07-18,15.96,2024-07-11T20:37:11,2024-09-05T01:04:19
SHP00001681,ORD00001681,FedEx,2025-03-15,2025-03-21,2025-03-17,5.98,2025-03-15T00:43:32,2026-02-01T22:52:04
SHP00001682,ORD00001682,OnTrac,2024-07-23,2024-07-28,2024-07-30,25.66,2024-07-23T06:17:58,2024-11-08T02:18:33
SHP00001683,ORD00001683,UPS,2026-01-13,2026-01-17,,27.67,2026-01-13T01:08:51,2026-02-02T22:41:15
SHP00001686,ORD00001686,XPO,2025-06-18,2025-06-21,,18.28,2025-06-18T03:28:47,2025-10-03T05:23:54
SHP00001687,ORD00001687,DHL,2024-05-29,2024-05-31,2024-06-05,4.45,2024-05-29T16:54:47,2025-11-13T00:30:10
SHP00001689,ORD00001689,OnTrac,2025-04-05,2025-04-09,,35.99,2025-04-05T16:13:46,2025-09-12T07:42:03
SHP00001690,ORD00001690,DHL,2024-01-28,2024-01-30,,27.39,2024-01-28T07:11:04,2024-10-21T12:52:39
SHP00001691,ORD00001691,OnTrac,2024-10-23,2024-10-25,,18.04,2024-10-23T19:12:35,2025-04-20T13:20:37
SHP00001693,ORD00001693,DHL,2025-01-14,2025-01-19,,13.75,2025-01-14T11:38:22,2025-02-03T17:42:25
SHP00001694,ORD00001694,DHL,2024-01-21,2024-01-23,2024-01-25,34.83,2024-01-21T07:06:02,2024-09-30T12:15:34
SHP00001696,ORD00001696,DHL,2024-10-10,2024-10-16,2024-10-11,26.95,2024-10-10T18:41:55,2025-05-10T17:34:51
SHP00001698,ORD00001698,FedEx,2025-06-08,2025-06-10,2025-06-11,10.09,2025-06-08T20:50:10,2025-11-14T04:39:22
SHP00001700,ORD00001700,FedEx,2024-04-11,2024-04-13,,6.95,2024-04-11T22:08:00,2025-03-09T11:51:35
SHP00001703,ORD00001703,OnTrac,2024-06-20,2024-06-26,,8.9,2024-06-20T09:47:09,2025-08-10T18:41:11
SHP00001707,ORD00001707,XPO,2025-07-27,2025-07-29,,24.46,2025-07-27T11:10:40,2026-02-12T10:22:50
SHP00001708,ORD00001708,XPO,2024-01-08,2024-01-10,,10.91,2024-01-08T08:39:22,2024-06-07T11:52:35
SHP00001709,ORD00001709,UPS,2025-07-04,2025-07-07,2025-07-05,36.05,2025-07-04T15:18:56,2026-01-04T17:47:18
SHP00001710,ORD00001710,USPS,2025-10-01,2025-10-07,,14.34,2025-10-01T01:25:55,2025-10-05T21:56:07
SHP00001713,ORD00001713,DHL,2024-05-28,2024-06-01,2024-05-30,33.27,2024-05-28T05:01:23,2025-09-02T21:12:22
SHP00001714,ORD00001714,DHL,2025-01-02,2025-01-08,,5.5,2025-01-02T10:41:23,2025-09-30T06:48:45
SHP00001716,ORD00001716,FedEx,2026-01-10,2026-01-12,,10.33,2026-01-10T18:52:39,2026-01-25T04:04:15
SHP00001717,ORD00001717,USPS,2024-06-09,2024-06-15,,38.07,2024-06-09T06:45:25,2025-11-01T11:44:44
SHP00001718,ORD00001718,UPS,2026-02-02,2026-02-05,,30.44,2026-02-02T00:10:57,2026-02-27T07:46:41
SHP00001720,ORD00001720,FedEx,2025-10-12,2025-10-15,,34.83,2025-10-12T16:35:49,2025-10-29T16:40:55
SHP00001721,ORD00001721,DHL,2025-08-03,2025-08-08,,33.51,2025-08-03T17:32:14,2025-08-13T03:17:19
SHP00001722,ORD00001722,USPS,2025-04-16,2025-04-21,2025-04-23,15.29,2025-04-16T20:31:55,2025-12-01T22:18:08
SHP00001723,ORD00001723,OnTrac,2024-11-04,2024-11-06,2024-11-07,13.47,2024-11-04T20:15:51,2025-10-09T13:28:57
SHP00001724,ORD00001724,DHL,2024-02-01,2024-02-03,2024-02-02,25.4,2024-02-01T12:57:37,2026-01-29T01:09:17
SHP00001728,ORD00001728,UPS,2025-01-25,2025-01-29,,9.73,2025-01-25T18:49:44,2025-05-29T16:03:48
SHP00001729,ORD00001729,USPS,2024-03-25,2024-03-28,,28.14,2024-03-25T01:40:20,2024-10-13T09:17:54
SHP00001730,ORD00001730,XPO,2024-10-02,2024-10-04,,14.87,2024-10-02T16:25:38,2025-04-29T07:35:09
SHP00001731,ORD00001731,FedEx,2025-02-26,2025-03-04,2025-03-02,29.09,2025-02-26T16:32:23,2025-09-26T08:26:44
SHP00001733,ORD00001733,DHL,2025-10-04,2025-10-07,2025-10-08,22.02,2025-10-04T10:19:28,2025-10-22T22:45:17
SHP00001734,ORD00001734,XPO,2026-01-26,2026-01-31,2026-02-02,4.91,2026-01-26T10:51:16,2026-02-27T16:18:40
SHP00001735,ORD00001735,XPO,2026-01-02,2026-01-06,,29.42,2026-01-02T14:28:58,2026-01-22T10:40:52
SHP00001740,ORD00001740,OnTrac,2025-07-15,2025-07-17,2025-07-16,16.87,2025-07-15T23:17:28,2026-01-05T19:10:37
SHP00001742,ORD00001742,DHL,2025-07-02,2025-07-08,2025-07-06,27.76,2025-07-02T14:37:01,2025-07-24T20:45:16
SHP00001743,ORD00001743,DHL,2026-01-26,2026-01-29,,33.54,2026-01-26T01:58:03,2026-02-24T16:22:07
SHP00001744,ORD00001744,OnTrac,2024-05-30,2024-06-02,2024-06-02,34.91,2024-05-30T16:56:56,2024-07-09T13:09:47
SHP00001746,ORD00001746,FedEx,2026-02-12,2026-02-15,2026-02-16,28.31,2026-02-12T22:16:47,2026-02-23T23:53:08
SHP00001748,ORD00001748,UPS,2025-09-15,2025-09-20,2025-09-18,10.7,2025-09-15T07:56:10,2025-09-20T22:13:00
SHP00001750,ORD00001750,UPS,2025-08-08,2025-08-12,2025-08-13,35.01,2025-08-08T23:52:32,2026-01-28T21:20:50
SHP00001754,ORD00001754,FedEx,2025-10-20,2025-10-24,,8.45,2025-10-20T22:12:23,2025-12-01T09:00:36
SHP00001755,ORD00001755,DHL,2025-01-12,2025-01-18,,4.29,2025-01-12T05:15:45,2025-08-28T09:49:20
SHP00001757,ORD00001757,UPS,2025-04-04,2025-04-08,,7.2,2025-04-04T04:12:01,2025-04-23T09:45:06
SHP00001758,ORD00001758,USPS,2025-12-07,2025-12-12,2025-12-13,9.02,2025-12-07T01:15:20,2026-01-30T03:57:31
SHP00001759,ORD00001759,UPS,2026-02-18,2026-02-20,2026-02-24,35.19,2026-02-18T19:55:23,2026-02-23T11:27:19
SHP00001760,ORD00001760,OnTrac,2025-06-02,2025-06-06,2025-06-03,36.69,2025-06-02T02:30:20,2025-09-11T09:37:24
SHP00001761,ORD00001761,OnTrac,2024-10-19,2024-10-23,2024-10-22,17.01,2024-10-19T23:20:33,2025-09-11T04:15:54
SHP00001762,ORD00001762,USPS,2024-08-26,2024-08-29,2024-08-28,9.83,2024-08-26T03:14:14,2025-09-06T20:40:54
SHP00001763,ORD00001763,UPS,2025-12-14,2025-12-16,,33.61,2025-12-14T12:20:50,2026-02-22T00:39:48
SHP00001766,ORD00001766,OnTrac,2024-06-16,2024-06-21,2024-06-17,22.82,2024-06-16T12:41:15,2025-02-15T10:39:20
SHP00001769,ORD00001769,FedEx,2024-12-07,2024-12-09,2024-12-10,13.26,2024-12-07T06:29:07,2025-10-08T23:33:16
SHP00001770,ORD00001770,USPS,2024-06-07,2024-06-10,2024-06-09,31.6,2024-06-07T06:12:41,2024-06-08T05:29:38
SHP00001772,ORD00001772,OnTrac,2024-08-01,2024-08-06,2024-08-08,4.24,2024-08-01T01:48:39,2024-12-24T01:53:13
SHP00001774,ORD00001774,UPS,2026-02-11,2026-02-16,2026-02-12,18.61,2026-02-11T22:11:51,2026-02-17T18:52:18
SHP00001775,ORD00001775,FedEx,2025-10-05,2025-10-11,2025-10-07,20.75,2025-10-05T10:33:55,2026-01-23T07:56:25
SHP00001778,ORD00001778,FedEx,2025-08-20,2025-08-22,2025-08-23,13.08,2025-08-20T04:23:05,2025-10-13T01:50:59
SHP00001781,ORD00001781,USPS,2024-01-25,2024-01-28,2024-01-31,10.13,2024-01-25T19:12:57,2024-03-10T11:36:00
SHP00001783,ORD00001783,FedEx,2026-01-28,2026-02-03,2026-01-30,7.14,2026-01-28T04:15:47,2026-02-22T22:05:50
SHP00001784,ORD00001784,XPO,2025-12-24,2025-12-26,2025-12-29,11.06,2025-12-24T10:51:40,2025-12-29T13:28:14
SHP00001786,ORD00001786,OnTrac,2026-02-07,2026-02-12,2026-02-10,36.68,2026-02-07T17:54:04,2026-02-08T21:20:50
SHP00001788,ORD00001788,USPS,2025-11-27,2025-11-29,2025-11-30,28.54,2025-11-27T03:18:44,2025-11-30T02:47:53
SHP00001791,ORD00001791,UPS,2026-01-08,2026-01-10,2026-01-15,30.87,2026-01-08T06:51:18,2026-02-22T20:12:20
SHP00001792,ORD00001792,UPS,2026-02-11,2026-02-16,2026-02-16,37.86,2026-02-11T19:16:30,2026-02-19T01:47:40
SHP00001793,ORD00001793,FedEx,2024-11-24,2024-11-26,2024-11-25,5.88,2024-11-24T20:42:52,2025-11-30T20:46:39
SHP00001799,ORD00001799,XPO,2026-02-14,2026-02-20,,5.18,2026-02-14T14:26:53,2026-02-16T11:16:06
SHP00001801,ORD00001801,DHL,2025-02-01,2025-02-07,2025-02-03,19.63,2025-02-01T03:02:29,2025-10-27T05:09:31
SHP00001802,ORD00001802,XPO,2025-01-31,2025-02-04,2025-02-05,26.4,2025-01-31T17:43:48,2025-07-25T11:12:52
SHP00001803,ORD00001803,DHL,2024-11-07,2024-11-12,,14.07,2024-11-07T14:29:08,2026-01-26T21:28:35
SHP00001804,ORD00001804,OnTrac,2024-10-25,2024-10-31,,31.21,2024-10-25T13:35:15,2025-12-15T15:48:04
SHP00001805,ORD00001805,DHL,2024-10-07,2024-10-13,,14.69,2024-10-07T16:43:24,2025-01-07T05:24:55
SHP00001806,ORD00001806,DHL,2025-05-10,2025-05-15,2025-05-17,38.72,2025-05-10T21:45:07,2025-08-20T21:21:49
SHP00001807,ORD00001807,DHL,2024-11-07,2024-11-12,2024-11-11,14.79,2024-11-07T23:21:01,2025-04-20T14:44:48
SHP00001809,ORD00001809,XPO,2024-10-21,2024-10-23,2024-10-26,38.25,2024-10-21T07:05:39,2026-02-27T01:22:05
SHP00001810,ORD00001810,OnTrac,2025-03-16,2025-03-19,2025-03-20,15.36,2025-03-16T03:10:02,2025-12-26T17:01:31
SHP00001811,ORD00001811,XPO,2024-12-31,2025-01-06,2025-01-01,13.2,2024-12-31T00:17:22,2025-05-04T13:07:38
SHP00001813,ORD00001813,FedEx,2024-12-12,2024-12-15,,26.36,2024-12-12T04:13:16,2025-07-08T19:28:25
SHP00001814,ORD00001814,XPO,2025-08-18,2025-08-23,,33.0,2025-08-18T08:03:00,2025-08-24T03:42:36
SHP00001815,ORD00001815,OnTrac,2025-04-16,2025-04-21,2025-04-20,30.78,2025-04-16T06:22:33,2026-01-16T17:03:39
SHP00001818,ORD00001818,UPS,2024-12-31,2025-01-04,2025-01-05,39.0,2024-12-31T12:47:32,2026-01-02T09:44:35
SHP00001819,ORD00001819,FedEx,2024-10-18,2024-10-22,2024-10-25,8.57,2024-10-18T02:49:52,2025-01-25T07:29:53
SHP00001820,ORD00001820,UPS,2025-08-11,2025-08-16,2025-08-14,16.27,2025-08-11T01:12:04,2025-09-11T20:23:25
SHP00001821,ORD00001821,UPS,2025-08-19,2025-08-23,,14.55,2025-08-19T21:04:55,2026-01-26T08:13:28
SHP00001823,ORD00001823,USPS,2024-07-10,2024-07-12,2024-07-15,38.18,2024-07-10T21:13:28,2024-07-12T04:39:35
SHP00001824,ORD00001824,FedEx,2024-11-17,2024-11-21,2024-11-23,17.57,2024-11-17T19:17:36,2025-03-09T20:15:52
SHP00001825,ORD00001825,FedEx,2024-10-19,2024-10-25,2024-10-22,17.81,2024-10-19T21:56:27,2026-02-22T01:18:46
SHP00001826,ORD00001826,XPO,2025-01-21,2025-01-25,2025-01-25,37.12,2025-01-21T10:33:53,2026-02-01T11:05:32
SHP00001827,ORD00001827,FedEx,2024-02-28,2024-03-03,2024-03-01,32.58,2024-02-28T16:50:45,2024-12-02T07:36:46
SHP00001828,ORD00001828,USPS,2024-01-23,2024-01-28,2024-01-29,12.24,2024-01-23T16:07:46,2025-05-27T15:42:56
SHP00001830,ORD00001830,UPS,2025-05-11,2025-05-13,2025-05-12,39.32,2025-05-11T19:27:51,2025-06-14T01:02:24
SHP00001831,ORD00001831,FedEx,2026-01-29,2026-01-31,2026-02-04,33.9,2026-01-29T04:45:01,2026-01-30T22:24:18
SHP00001832,ORD00001832,UPS,2025-02-16,2025-02-18,,16.1,2025-02-16T21:48:19,2025-05-23T17:30:24
SHP00001833,ORD00001833,XPO,2025-08-08,2025-08-11,2025-08-09,14.81,2025-08-08T21:36:04,2026-01-02T12:29:48
SHP00001834,ORD00001834,XPO,2024-07-14,2024-07-18,2024-07-20,11.37,2024-07-14T20:33:07,2025-01-26T01:29:24
SHP00001840,ORD00001840,OnTrac,2025-09-13,2025-09-16,2025-09-14,4.74,2025-09-13T04:21:55,2026-02-01T08:39:33
SHP00001841,ORD00001841,USPS,2025-05-14,2025-05-18,,26.42,2025-05-14T15:51:56,2025-07-04T05:58:37
SHP00001842,ORD00001842,OnTrac,2024-01-14,2024-01-19,2024-01-17,19.04,2024-01-14T04:49:35,2024-03-11T12:52:56
SHP00001843,ORD00001843,OnTrac,2024-07-11,2024-07-16,,23.9,2024-07-11T02:48:03,2025-08-14T10:02:31
SHP00001844,ORD00001844,XPO,2025-03-24,2025-03-30,2025-03-26,13.13,2025-03-24T07:50:02,2026-01-11T17:12:24
SHP00001848,ORD00001848,OnTrac,2024-03-04,2024-03-08,2024-03-07,20.19,2024-03-04T14:39:03,2024-04-06T22:33:27
SHP00001850,ORD00001850,OnTrac,2025-07-13,2025-07-17,,13.86,2025-07-13T20:49:36,2025-12-25T19:18:14
SHP00001851,ORD00001851,USPS,2025-12-30,2026-01-01,,15.33,2025-12-30T06:31:12,2026-02-14T04:49:53
SHP00001852,ORD00001852,UPS,2025-05-05,2025-05-08,,11.13,2025-05-05T13:05:19,2025-10-29T10:47:53
SHP00001853,ORD00001853,USPS,2025-01-21,2025-01-25,2025-01-28,20.31,2025-01-21T19:35:50,2025-11-13T08:16:29
SHP00001858,ORD00001858,OnTrac,2025-09-05,2025-09-08,2025-09-10,27.43,2025-09-05T08:13:02,2026-01-26T12:58:11
SHP00001860,ORD00001860,DHL,2025-07-03,2025-07-05,,35.68,2025-07-03T07:15:15,2025-08-31T19:11:14
SHP00001861,ORD00001861,USPS,2024-11-25,2024-11-30,2024-11-26,4.68,2024-11-25T03:58:44,2026-02-26T22:17:16
SHP00001862,ORD00001862,FedEx,2026-01-09,2026-01-14,2026-01-15,27.98,2026-01-09T01:26:27,2026-01-19T03:21:37
SHP00001863,ORD00001863,OnTrac,2024-08-29,2024-08-31,,35.93,2024-08-29T11:38:35,2025-07-19T05:09:56
SHP00001864,ORD00001864,DHL,2025-06-21,2025-06-27,2025-06-28,7.2,2025-06-21T02:31:06,2025-09-19T16:03:11
SHP00001865,ORD00001865,USPS,2025-08-25,2025-08-27,,29.71,2025-08-25T06:30:59,2026-02-28T09:24:40
SHP00001867,ORD00001867,DHL,2024-09-06,2024-09-10,2024-09-07,33.1,2024-09-06T19:06:18,2024-11-12T08:38:24
SHP00001868,ORD00001868,UPS,2024-11-24,2024-11-30,2024-12-01,8.75,2024-11-24T19:39:05,2025-08-10T09:33:18
SHP00001869,ORD00001869,DHL,2025-06-14,2025-06-16,2025-06-20,26.02,2025-06-14T02:41:16,2026-01-05T20:17:52
SHP00001872,ORD00001872,FedEx,2025-02-14,2025-02-19,2025-02-20,6.57,2025-02-14T11:52:08,2025-05-19T19:20:43
SHP00001875,ORD00001875,UPS,2025-11-04,2025-11-09,2025-11-05,13.86,2025-11-04T23:30:11,2026-02-16T06:31:39
SHP00001876,ORD00001876,UPS,2025-08-01,2025-08-03,2025-08-06,16.82,2025-08-01T14:56:02,2025-10-25T03:26:51
SHP00001880,ORD00001880,USPS,2024-02-16,2024-02-20,,25.39,2024-02-16T04:45:51,2025-04-11T23:00:02
SHP00001886,ORD00001886,XPO,2025-05-12,2025-05-14,2025-05-19,22.85,2025-05-12T09:33:28,2026-02-27T18:18:40
SHP00001887,ORD00001887,FedEx,2025-09-15,2025-09-20,2025-09-17,33.35,2025-09-15T12:53:27,2025-12-16T08:36:47
SHP00001888,ORD00001888,OnTrac,2024-05-11,2024-05-17,,10.93,2024-05-11T15:15:09,2025-07-25T05:50:29
SHP00001889,ORD00001889,USPS,2026-02-01,2026-02-06,2026-02-02,25.13,2026-02-01T01:13:52,2026-02-13T11:53:24
SHP00001893,ORD00001893,XPO,2024-08-20,2024-08-25,,5.27,2024-08-20T10:40:05,2025-01-19T06:59:14
SHP00001894,ORD00001894,UPS,2025-08-28,2025-08-30,2025-09-04,36.06,2025-08-28T11:41:17,2025-09-26T12:02:20
SHP00001895,ORD00001895,USPS,2024-10-06,2024-10-11,2024-10-07,28.7,2024-10-06T23:38:05,2025-05-15T23:00:30
SHP00001897,ORD00001897,FedEx,2024-08-31,2024-09-03,2024-09-02,21.48,2024-08-31T03:32:19,2025-08-07T06:19:08
SHP00001898,ORD00001898,OnTrac,2024-04-18,2024-04-21,2024-04-22,5.86,2024-04-18T10:18:59,2025-12-12T23:03:28
SHP00001899,ORD00001899,UPS,2025-03-11,2025-03-16,2025-03-13,32.44,2025-03-11T07:13:17,2025-09-28T17:17:51
SHP00001901,ORD00001901,OnTrac,2025-01-25,2025-01-27,2025-01-30,26.69,2025-01-25T09:26:45,2025-05-08T08:20:31
SHP00001902,ORD00001902,DHL,2024-06-20,2024-06-26,2024-06-27,13.35,2024-06-20T12:07:57,2025-05-13T11:34:02
SHP00001903,ORD00001903,OnTrac,2024-06-21,2024-06-27,2024-06-28,30.33,2024-06-21T17:45:34,2025-06-09T23:40:02
SHP00001904,ORD00001904,UPS,2025-12-24,2025-12-30,,25.48,2025-12-24T11:27:26,2026-01-03T23:33:51
SHP00001905,ORD00001905,UPS,2026-02-06,2026-02-10,2026-02-07,27.62,2026-02-06T18:51:39,2026-02-28T08:50:16
SHP00001908,ORD00001908,USPS,2025-06-28,2025-07-04,2025-07-01,32.41,2025-06-28T11:29:18,2025-12-28T19:43:03
SHP00001911,ORD00001911,DHL,2024-09-12,2024-09-18,2024-09-13,37.13,2024-09-12T01:30:08,2025-08-04T09:56:50
SHP00001912,ORD00001912,DHL,2025-09-17,2025-09-23,2025-09-22,28.18,2025-09-17T21:17:49,2025-10-30T21:36:39
SHP00001913,ORD00001913,OnTrac,2025-07-17,2025-07-23,2025-07-24,14.53,2025-07-17T01:31:17,2026-01-04T04:59:22
SHP00001921,ORD00001921,UPS,2024-08-12,2024-08-17,2024-08-13,37.85,2024-08-12T18:45:02,2025-05-19T09:00:33
SHP00001923,ORD00001923,XPO,2025-10-14,2025-10-17,,37.36,2025-10-14T12:17:43,2025-11-11T21:55:08
SHP00001924,ORD00001924,XPO,2025-02-08,2025-02-14,2025-02-12,21.41,2025-02-08T21:51:46,2025-10-28T07:17:33
SHP00001925,ORD00001925,FedEx,2024-11-15,2024-11-19,2024-11-18,23.01,2024-11-15T17:14:28,2025-02-21T04:03:40
SHP00001926,ORD00001926,DHL,2025-10-28,2025-11-01,,38.8,2025-10-28T11:36:20,2026-01-01T02:21:10
SHP00001930,ORD00001930,USPS,2026-02-03,2026-02-05,2026-02-08,17.18,2026-02-03T22:15:07,2026-02-03T11:20:18
SHP00001932,ORD00001932,USPS,2024-11-13,2024-11-16,,35.49,2024-11-13T05:04:23,2024-11-16T14:41:04
SHP00001933,ORD00001933,USPS,2024-08-05,2024-08-08,,13.73,2024-08-05T19:33:03,2025-02-27T10:04:17
SHP00001934,ORD00001934,XPO,2024-03-17,2024-03-19,2024-03-20,39.2,2024-03-17T18:41:19,2024-11-06T18:03:39
SHP00001935,ORD00001935,XPO,2024-10-13,2024-10-19,,31.29,2024-10-13T08:39:44,2024-11-12T02:52:52
SHP00001936,ORD00001936,OnTrac,2024-05-24,2024-05-29,2024-05-30,30.63,2024-05-24T10:43:48,2025-07-23T06:56:24
SHP00001938,ORD00001938,XPO,2025-03-30,2025-04-02,,5.4,2025-03-30T18:00:02,2025-06-05T08:27:22
SHP00001939,ORD00001939,USPS,2024-01-26,2024-01-31,,20.04,2024-01-26T23:09:16,2024-04-17T01:50:59
SHP00001943,ORD00001943,DHL,2024-02-07,2024-02-13,2024-02-13,33.95,2024-02-07T05:49:19,2024-07-22T13:30:14
SHP00001944,ORD00001944,OnTrac,2024-08-31,2024-09-02,,6.88,2024-08-31T14:52:34,2025-07-27T00:15:49
SHP00001946,ORD00001946,USPS,2024-04-08,2024-04-11,2024-04-14,16.11,2024-04-08T08:26:07,2026-01-30T00:42:05
SHP00001947,ORD00001947,DHL,2024-12-19,2024-12-23,2024-12-25,20.27,2024-12-19T14:08:39,2025-09-20T14:50:02
SHP00001948,ORD00001948,USPS,2025-09-22,2025-09-28,2025-09-27,20.44,2025-09-22T11:36:41,2025-10-14T21:41:01
SHP00001949,ORD00001949,UPS,2025-03-06,2025-03-12,,32.22,2025-03-06T09:45:00,2025-04-16T02:43:46
SHP00001950,ORD00001950,DHL,2024-10-16,2024-10-22,2024-10-18,4.76,2024-10-16T08:23:26,2026-02-09T09:56:34
SHP00001952,ORD00001952,UPS,2025-12-21,2025-12-24,2025-12-27,29.51,2025-12-21T22:59:48,2026-01-02T05:09:28
SHP00001953,ORD00001953,DHL,2024-11-11,2024-11-16,2024-11-13,12.96,2024-11-11T11:22:31,2025-06-05T07:27:43
SHP00001954,ORD00001954,XPO,2026-01-28,2026-02-01,2026-01-31,23.7,2026-01-28T08:46:56,2026-02-10T00:19:49
SHP00001959,ORD00001959,XPO,2024-10-25,2024-10-31,,23.92,2024-10-25T17:54:31,2026-02-23T19:56:21
SHP00001960,ORD00001960,FedEx,2024-05-01,2024-05-05,2024-05-03,30.98,2024-05-01T09:43:50,2024-06-04T23:07:40
SHP00001962,ORD00001962,OnTrac,2024-03-11,2024-03-17,,7.44,2024-03-11T08:12:51,2024-09-25T03:33:00
SHP00001964,ORD00001964,FedEx,2025-02-03,2025-02-09,2025-02-08,36.3,2025-02-03T07:03:46,2025-05-14T17:33:34
SHP00001966,ORD00001966,USPS,2024-12-29,2025-01-01,2025-01-04,20.13,2024-12-29T11:59:46,2025-01-13T10:53:28
SHP00001967,ORD00001967,FedEx,2024-05-22,2024-05-24,,4.51,2024-05-22T15:55:35,2025-12-07T05:49:49
SHP00001968,ORD00001968,UPS,2024-08-31,2024-09-03,,18.91,2024-08-31T17:30:14,2025-09-18T02:01:35
SHP00001970,ORD00001970,XPO,2024-09-04,2024-09-10,2024-09-09,16.87,2024-09-04T10:35:18,2026-01-01T04:18:00
SHP00001971,ORD00001971,OnTrac,2025-06-20,2025-06-26,2025-06-22,27.11,2025-06-20T20:25:35,2025-12-23T02:28:59
SHP00001973,ORD00001973,XPO,2024-05-23,2024-05-29,2024-05-24,12.11,2024-05-23T15:03:04,2026-01-13T01:15:18
SHP00001974,ORD00001974,XPO,2024-06-11,2024-06-13,,12.66,2024-06-11T22:30:20,2026-01-09T06:54:28
SHP00001975,ORD00001975,USPS,2024-03-22,2024-03-26,2024-03-25,30.47,2024-03-22T08:50:24,2025-10-25T09:05:06
SHP00001976,ORD00001976,FedEx,2024-12-13,2024-12-19,,7.27,2024-12-13T10:24:51,2025-08-30T18:20:17
SHP00001977,ORD00001977,XPO,2025-05-12,2025-05-17,2025-05-13,4.66,2025-05-12T09:56:28,2025-09-10T15:45:21
SHP00001980,ORD00001980,OnTrac,2025-03-13,2025-03-17,,18.69,2025-03-13T15:39:58,2025-06-23T14:18:18
SHP00001981,ORD00001981,XPO,2025-11-10,2025-11-14,2025-11-16,11.64,2025-11-10T19:17:58,2025-12-06T20:14:23
SHP00001982,ORD00001982,OnTrac,2024-10-02,2024-10-06,2024-10-03,8.35,2024-10-02T00:13:47,2025-01-30T14:55:31
SHP00001983,ORD00001983,XPO,2025-08-14,2025-08-19,2025-08-21,36.68,2025-08-14T00:28:01,2025-10-23T04:19:43
SHP00001984,ORD00001984,UPS,2025-11-06,2025-11-08,,32.4,2025-11-06T03:00:11,2026-02-18T23:52:37
SHP00001985,ORD00001985,UPS,2025-08-29,2025-08-31,2025-09-03,29.89,2025-08-29T20:15:01,2025-12-25T19:59:01
SHP00001990,ORD00001990,OnTrac,2025-01-22,2025-01-24,2025-01-24,27.76,2025-01-22T10:30:46,2026-01-15T20:14:04
SHP00001993,ORD00001993,XPO,2025-01-16,2025-01-21,2025-01-21,22.59,2025-01-16T15:21:09,2026-02-22T12:40:50
SHP00001994,ORD00001994,XPO,2024-08-10,2024-08-15,,14.09,2024-08-10T20:21:32,2025-09-04T17:42:45
SHP00001995,ORD00001995,DHL,2025-08-10,2025-08-15,,16.18,2025-08-10T01:53:36,2025-09-17T13:46:08
SHP00001999,ORD00001999,UPS,2025-01-25,2025-01-27,2025-01-28,14.68,2025-01-25T06:43:57,2025-07-30T09:43:13
SHP00002000,ORD00002000,XPO,2024-08-03,2024-08-09,,28.4,2024-08-03T17:12:12,2025-05-08T23:38:34
SHP00002001,ORD00002001,XPO,2025-03-16,2025-03-21,2025-03-21,36.72,2025-03-16T14:56:04,2025-10-23T23:03:21
SHP00002002,ORD00002002,UPS,2024-01-04,2024-01-08,2024-01-05,5.77,2024-01-04T22:53:41,2025-05-19T22:23:48
SHP00002003,ORD00002003,XPO,2026-01-31,2026-02-02,2026-02-05,9.76,2026-01-31T08:50:44,2026-02-23T12:50:34
SHP00002004,ORD00002004,XPO,2025-03-30,2025-04-02,,16.54,2025-03-30T07:11:30,2025-04-02T11:43:57
SHP00002005,ORD00002005,DHL,2026-01-21,2026-01-23,,27.3,2026-01-21T17:18:18,2026-02-19T04:49:52
SHP00002007,ORD00002007,OnTrac,2025-11-19,2025-11-25,2025-11-24,15.73,2025-11-19T22:51:24,2025-11-19T00:50:22
SHP00002010,ORD00002010,XPO,2024-07-13,2024-07-19,2024-07-17,25.9,2024-07-13T07:42:25,2025-10-27T17:33:02
SHP00002011,ORD00002011,XPO,2024-09-15,2024-09-21,,24.6,2024-09-15T20:33:09,2025-12-11T10:47:57
SHP00002012,ORD00002012,OnTrac,2026-01-02,2026-01-05,,31.06,2026-01-02T05:52:46,2026-02-12T12:57:36
SHP00002014,ORD00002014,FedEx,2025-03-15,2025-03-21,2025-03-22,6.51,2025-03-15T22:41:54,2025-12-29T07:07:21
SHP00002016,ORD00002016,USPS,2025-10-23,2025-10-28,2025-10-25,10.31,2025-10-23T18:44:30,2026-02-26T18:24:30
SHP00002017,ORD00002017,USPS,2024-04-08,2024-04-13,,5.69,2024-04-08T05:48:21,2024-10-06T13:59:22
SHP00002020,ORD00002020,UPS,2024-04-13,2024-04-19,2024-04-15,34.13,2024-04-13T16:54:52,2025-12-27T23:00:35
SHP00002021,ORD00002021,OnTrac,2024-12-14,2024-12-19,2024-12-20,29.22,2024-12-14T12:40:55,2025-11-10T03:24:37
SHP00002022,ORD00002022,DHL,2024-01-25,2024-01-30,,17.29,2024-01-25T17:48:30,2025-07-11T02:13:46
SHP00002025,ORD00002025,USPS,2025-09-28,2025-09-30,2025-10-04,34.14,2025-09-28T23:09:30,2026-02-27T14:04:37
SHP00002027,ORD00002027,USPS,2025-10-10,2025-10-12,,10.52,2025-10-10T18:11:52,2026-01-14T02:10:21
SHP00002029,ORD00002029,USPS,2024-09-28,2024-10-03,2024-09-30,38.64,2024-09-28T00:59:56,2024-11-18T17:20:33
SHP00002033,ORD00002033,DHL,2024-03-15,2024-03-18,2024-03-21,29.44,2024-03-15T15:39:28,2024-07-15T22:48:08
SHP00002034,ORD00002034,DHL,2025-01-14,2025-01-17,2025-01-18,29.99,2025-01-14T23:03:37,2025-09-17T12:36:38
SHP00002036,ORD00002036,FedEx,2024-05-07,2024-05-11,,8.97,2024-05-07T05:54:09,2025-04-08T11:03:17
SHP00002040,ORD00002040,FedEx,2025-10-27,2025-11-02,,32.77,2025-10-27T09:06:00,2026-02-26T01:59:30
SHP00002042,ORD00002042,OnTrac,2025-02-13,2025-02-15,2025-02-19,28.66,2025-02-13T08:18:24,2025-02-17T08:09:23
SHP00002043,ORD00002043,USPS,2025-10-28,2025-10-30,2025-10-29,35.61,2025-10-28T05:53:24,2025-12-04T17:58:21
SHP00002044,ORD00002044,UPS,2024-05-20,2024-05-24,2024-05-27,11.22,2024-05-20T10:17:44,2025-02-22T03:40:16
SHP00002045,ORD00002045,FedEx,2024-03-12,2024-03-15,2024-03-16,8.84,2024-03-12T03:44:09,2024-11-07T22:37:41
SHP00002047,ORD00002047,FedEx,2024-10-16,2024-10-19,2024-10-18,38.86,2024-10-16T14:44:10,2026-02-02T05:50:44
SHP00002048,ORD00002048,UPS,2024-12-10,2024-12-14,2024-12-17,29.22,2024-12-10T17:48:18,2025-12-13T06:55:39
SHP00002049,ORD00002049,DHL,2024-04-15,2024-04-19,2024-04-21,21.19,2024-04-15T11:35:04,2024-11-20T04:15:49
SHP00002050,ORD00002050,XPO,2025-02-28,2025-03-05,2025-03-01,9.93,2025-02-28T19:54:38,2025-05-18T00:08:26
SHP00002054,ORD00002054,UPS,2026-02-10,2026-02-12,2026-02-12,39.55,2026-02-10T14:23:54,2026-03-01T00:49:26
SHP00002057,ORD00002057,DHL,2026-01-27,2026-01-31,2026-01-30,5.36,2026-01-27T02:27:25,2026-02-28T08:40:50
SHP00002058,ORD00002058,USPS,2024-08-08,2024-08-12,2024-08-11,8.03,2024-08-08T06:45:22,2024-12-12T21:22:25
SHP00002059,ORD00002059,FedEx,2026-01-09,2026-01-14,2026-01-10,7.47,2026-01-09T00:17:12,2026-01-12T19:37:26
SHP00002060,ORD00002060,XPO,2025-01-11,2025-01-13,,21.94,2025-01-11T07:58:33,2025-11-24T09:14:09
SHP00002061,ORD00002061,OnTrac,2025-12-04,2025-12-06,2025-12-10,23.07,2025-12-04T08:09:29,2026-03-01T08:39:18
SHP00002062,ORD00002062,DHL,2024-08-30,2024-09-05,,37.49,2024-08-30T18:35:39,2025-01-29T16:44:35
SHP00002063,ORD00002063,DHL,2025-03-22,2025-03-28,2025-03-28,28.79,2025-03-22T13:50:01,2025-04-01T07:48:52
SHP00002066,ORD00002066,DHL,2025-01-19,2025-01-22,,35.27,2025-01-19T04:50:31,2025-05-10T02:53:29
SHP00002075,ORD00002075,FedEx,2025-06-01,2025-06-03,,26.94,2025-06-01T05:40:19,2026-01-08T23:47:34
SHP00002077,ORD00002077,UPS,2025-07-04,2025-07-10,2025-07-05,7.8,2025-07-04T22:37:56,2025-07-10T05:02:28
SHP00002078,ORD00002078,USPS,2024-04-21,2024-04-27,2024-04-26,16.84,2024-04-21T01:07:26,2025-04-01T20:47:26
SHP00002079,ORD00002079,FedEx,2024-08-18,2024-08-22,2024-08-19,33.43,2024-08-18T09:37:55,2024-12-04T15:33:25
SHP00002081,ORD00002081,OnTrac,2025-07-01,2025-07-06,,30.03,2025-07-01T23:41:04,2025-07-19T11:55:14
SHP00002082,ORD00002082,OnTrac,2025-03-25,2025-03-28,2025-04-01,35.92,2025-03-25T00:59:22,2025-09-02T08:35:37
SHP00002085,ORD00002085,DHL,2024-11-02,2024-11-05,2024-11-06,5.34,2024-11-02T02:35:13,2024-11-08T03:55:02
SHP00002089,ORD00002089,USPS,2025-12-29,2025-12-31,,26.31,2025-12-29T06:24:48,2026-01-04T00:14:45
SHP00002090,ORD00002090,USPS,2025-05-18,2025-05-23,,15.77,2025-05-18T05:04:21,2025-06-29T21:33:59
SHP00002093,ORD00002093,OnTrac,2024-12-27,2024-12-30,2024-12-28,7.31,2024-12-27T03:27:46,2025-11-18T00:44:48
SHP00002095,ORD00002095,FedEx,2026-01-12,2026-01-14,2026-01-19,34.73,2026-01-12T06:24:14,2026-01-16T08:53:28
SHP00002096,ORD00002096,DHL,2024-07-23,2024-07-28,2024-07-29,21.92,2024-07-23T09:46:58,2025-12-03T10:11:46
SHP00002097,ORD00002097,OnTrac,2025-11-30,2025-12-05,2025-12-05,18.81,2025-11-30T06:38:07,2025-12-19T09:57:45
SHP00002098,ORD00002098,XPO,2024-06-27,2024-07-02,,21.15,2024-06-27T06:05:19,2025-06-28T15:15:49
SHP00002099,ORD00002099,OnTrac,2025-10-04,2025-10-09,,8.84,2025-10-04T04:38:14,2025-10-17T03:35:01
SHP00002100,ORD00002100,FedEx,2025-05-04,2025-05-09,2025-05-08,17.48,2025-05-04T13:06:29,2025-08-09T18:45:10
SHP00002102,ORD00002102,UPS,2025-04-02,2025-04-06,2025-04-07,24.72,2025-04-02T10:17:17,2025-06-13T20:39:57
SHP00002103,ORD00002103,UPS,2026-03-02,2026-03-06,2026-03-03,20.03,2026-03-02T10:14:56,2026-03-02T08:44:42
SHP00002104,ORD00002104,DHL,2025-03-20,2025-03-26,,12.62,2025-03-20T10:57:54,2025-11-18T12:54:15
SHP00002105,ORD00002105,XPO,2024-07-23,2024-07-28,,38.57,2024-07-23T04:46:14,2025-03-27T00:12:58
SHP00002107,ORD00002107,OnTrac,2024-10-20,2024-10-24,2024-10-22,8.96,2024-10-20T20:53:30,2025-04-12T17:06:09
SHP00002108,ORD00002108,XPO,2024-06-29,2024-07-05,2024-07-04,24.55,2024-06-29T13:46:49,2025-10-12T11:57:22
SHP00002110,ORD00002110,OnTrac,2024-11-08,2024-11-14,,8.54,2024-11-08T02:49:17,2025-08-12T00:51:27
SHP00002112,ORD00002112,FedEx,2024-05-21,2024-05-26,,13.67,2024-05-21T01:36:35,2024-07-14T07:51:51
SHP00002114,ORD00002114,USPS,2024-03-23,2024-03-28,2024-03-28,26.24,2024-03-23T19:22:58,2025-05-17T22:59:57
SHP00002115,ORD00002115,UPS,2024-06-14,2024-06-19,,37.34,2024-06-14T15:04:56,2025-09-18T11:56:14
SHP00002118,ORD00002118,XPO,2025-12-06,2025-12-08,2025-12-09,8.63,2025-12-06T14:48:18,2026-01-04T02:16:51
SHP00002119,ORD00002119,DHL,2025-01-15,2025-01-17,2025-01-18,21.99,2025-01-15T22:32:26,2025-03-09T23:19:42
SHP00002121,ORD00002121,DHL,2024-12-30,2025-01-01,2025-01-04,21.26,2024-12-30T18:10:25,2025-09-11T07:28:36
SHP00002123,ORD00002123,FedEx,2026-01-31,2026-02-05,2026-02-07,26.6,2026-01-31T09:38:55,2026-02-13T21:36:55
SHP00002125,ORD00002125,UPS,2024-02-24,2024-02-27,,21.21,2024-02-24T23:14:14,2025-12-11T09:55:13
SHP00002126,ORD00002126,XPO,2025-04-11,2025-04-16,2025-04-16,29.76,2025-04-11T20:02:15,2025-07-17T07:03:34
SHP00002127,ORD00002127,OnTrac,2024-01-31,2024-02-04,2024-02-06,30.09,2024-01-31T20:57:59,2024-07-01T04:05:02
SHP00002129,ORD00002129,USPS,2025-07-14,2025-07-16,2025-07-18,32.13,2025-07-14T00:35:47,2025-10-06T15:57:02
SHP00002131,ORD00002131,USPS,2025-01-10,2025-01-12,2025-01-11,25.1,2025-01-10T20:44:35,2025-01-14T14:35:48
SHP00002132,ORD00002132,OnTrac,2025-04-19,2025-04-24,,9.73,2025-04-19T12:43:13,2025-05-12T12:30:40
SHP00002133,ORD00002133,OnTrac,2025-10-06,2025-10-09,,14.77,2025-10-06T03:36:02,2026-01-20T16:12:06
SHP00002134,ORD00002134,XPO,2025-04-09,2025-04-12,,13.84,2025-04-09T18:19:36,2025-11-11T07:37:30
SHP00002135,ORD00002135,XPO,2024-03-15,2024-03-17,,25.71,2024-03-15T22:59:06,2025-09-27T13:02:12
SHP00002136,ORD00002136,DHL,2025-02-04,2025-02-07,,5.03,2025-02-04T06:37:12,2025-02-07T06:19:15
SHP00002137,ORD00002137,USPS,2026-01-18,2026-01-20,2026-01-19,25.22,2026-01-18T23:54:31,2026-02-20T00:35:46
SHP00002138,ORD00002138,XPO,2025-04-29,2025-05-05,,12.78,2025-04-29T14:59:32,2026-01-07T04:13:32
SHP00002139,ORD00002139,FedEx,2024-02-01,2024-02-04,2024-02-08,21.14,2024-02-01T06:54:39,2025-03-31T18:41:22
SHP00002142,ORD00002142,OnTrac,2025-11-06,2025-11-09,2025-11-07,29.22,2025-11-06T07:12:12,2025-12-22T20:32:06
SHP00002145,ORD00002145,UPS,2025-05-15,2025-05-19,2025-05-22,34.23,2025-05-15T08:06:54,2026-03-01T00:16:21
SHP00002146,ORD00002146,DHL,2024-11-06,2024-11-08,,22.78,2024-11-06T05:56:08,2025-12-11T16:11:57
SHP00002147,ORD00002147,FedEx,2025-04-22,2025-04-25,,30.71,2025-04-22T10:19:55,2025-09-27T11:05:02
SHP00002148,ORD00002148,XPO,2024-06-09,2024-06-15,,8.55,2024-06-09T09:15:11,2025-09-13T17:44:28
SHP00002152,ORD00002152,USPS,2025-05-28,2025-06-03,2025-05-30,17.66,2025-05-28T15:46:06,2025-07-02T15:17:52
SHP00002153,ORD00002153,USPS,2025-12-06,2025-12-11,2025-12-11,34.91,2025-12-06T10:34:03,2026-01-29T00:59:38
SHP00002157,ORD00002157,OnTrac,2024-04-02,2024-04-04,2024-04-06,11.37,2024-04-02T15:03:28,2024-12-01T05:58:03
SHP00002158,ORD00002158,XPO,2024-03-30,2024-04-04,2024-04-06,10.03,2024-03-30T07:48:13,2025-12-30T12:06:28
SHP00002159,ORD00002159,FedEx,2024-08-14,2024-08-18,2024-08-16,15.53,2024-08-14T09:35:26,2024-10-02T03:18:30
SHP00002160,ORD00002160,XPO,2024-04-03,2024-04-07,2024-04-10,39.49,2024-04-03T11:42:19,2024-09-16T19:32:36
SHP00002161,ORD00002161,FedEx,2024-08-08,2024-08-12,2024-08-10,32.25,2024-08-08T18:13:38,2025-02-27T06:25:41
SHP00002163,ORD00002163,UPS,2024-07-11,2024-07-15,,32.4,2024-07-11T07:15:35,2025-02-04T11:20:10
SHP00002164,ORD00002164,OnTrac,2024-02-13,2024-02-19,,10.92,2024-02-13T22:17:49,2025-03-13T16:19:03
SHP00002165,ORD00002165,OnTrac,2024-10-04,2024-10-07,,39.84,2024-10-04T09:00:00,2025-02-04T02:46:35
SHP00002167,ORD00002167,FedEx,2025-05-14,2025-05-20,2025-05-19,33.38,2025-05-14T20:14:21,2025-08-24T20:07:23
SHP00002171,ORD00002171,FedEx,2024-11-01,2024-11-03,2024-11-03,9.82,2024-11-01T06:52:12,2025-03-22T23:59:37
SHP00002174,ORD00002174,XPO,2024-12-08,2024-12-11,,13.94,2024-12-08T12:37:12,2026-02-21T23:26:54
SHP00002176,ORD00002176,FedEx,2025-02-12,2025-02-18,,35.43,2025-02-12T12:06:25,2025-06-23T04:17:24
SHP00002178,ORD00002178,DHL,2025-08-08,2025-08-14,,39.58,2025-08-08T19:32:13,2026-02-17T08:23:40
SHP00002182,ORD00002182,DHL,2025-01-09,2025-01-14,,24.74,2025-01-09T16:58:20,2026-01-01T13:27:23
SHP00002184,ORD00002184,OnTrac,2025-04-02,2025-04-05,2025-04-03,8.57,2025-04-02T08:56:56,2025-10-06T02:48:07
SHP00002186,ORD00002186,DHL,2026-02-21,2026-02-24,,27.4,2026-02-21T11:57:49,2026-02-24T12:27:19
SHP00002187,ORD00002187,USPS,2024-09-29,2024-10-01,,20.06,2024-09-29T01:31:50,2025-09-06T15:56:39
SHP00002189,ORD00002189,XPO,2024-05-28,2024-05-31,2024-06-03,34.91,2024-05-28T10:19:02,2025-07-20T04:45:44
SHP00002191,ORD00002191,XPO,2025-03-11,2025-03-16,2025-03-15,28.47,2025-03-11T18:15:45,2026-01-18T00:15:19
SHP00002194,ORD00002194,USPS,2026-02-13,2026-02-19,2026-02-20,14.91,2026-02-13T19:36:17,2026-03-01T22:49:48
SHP00002196,ORD00002196,FedEx,2024-01-25,2024-01-31,,36.36,2024-01-25T07:31:04,2025-11-02T19:36:33
SHP00002198,ORD00002198,OnTrac,2024-10-15,2024-10-17,2024-10-20,15.14,2024-10-15T02:40:44,2025-03-04T08:38:01
SHP00002203,ORD00002203,FedEx,2024-12-22,2024-12-27,2024-12-29,37.1,2024-12-22T01:58:13,2025-12-21T10:50:29
SHP00002204,ORD00002204,DHL,2024-03-26,2024-03-29,,9.22,2024-03-26T18:15:50,2024-07-28T02:17:20
SHP00002205,ORD00002205,OnTrac,2025-02-14,2025-02-18,2025-02-19,29.35,2025-02-14T12:57:00,2026-02-09T08:57:31
SHP00002208,ORD00002208,FedEx,2024-12-04,2024-12-06,2024-12-09,21.02,2024-12-04T20:23:51,2025-12-10T08:08:52
SHP00002209,ORD00002209,UPS,2025-05-25,2025-05-29,2025-05-26,23.38,2025-05-25T12:15:24,2025-10-18T19:44:12
SHP00002211,ORD00002211,OnTrac,2024-11-17,2024-11-21,,19.18,2024-11-17T21:40:47,2025-03-31T11:27:25
SHP00002212,ORD00002212,OnTrac,2024-01-21,2024-01-26,,36.22,2024-01-21T06:55:44,2025-07-30T16:19:29
SHP00002213,ORD00002213,DHL,2026-02-28,2026-03-03,,13.61,2026-02-28T21:37:56,2026-02-28T17:46:09
SHP00002214,ORD00002214,FedEx,2024-07-27,2024-07-29,2024-07-31,15.8,2024-07-27T10:44:56,2025-04-07T19:32:55
SHP00002218,ORD00002218,DHL,2025-04-21,2025-04-23,2025-04-25,23.83,2025-04-21T02:20:51,2026-02-23T12:21:13
SHP00002220,ORD00002220,FedEx,2025-11-10,2025-11-14,,9.93,2025-11-10T07:12:58,2026-01-18T14:18:22
SHP00002222,ORD00002222,XPO,2025-03-31,2025-04-05,2025-04-05,22.52,2025-03-31T07:09:37,2025-09-23T11:07:07
SHP00002223,ORD00002223,USPS,2024-03-01,2024-03-06,,35.78,2024-03-01T05:02:08,2024-08-25T02:39:33
SHP00002224,ORD00002224,UPS,2025-05-20,2025-05-24,,5.51,2025-05-20T14:29:28,2025-06-04T21:31:21
SHP00002226,ORD00002226,UPS,2024-04-04,2024-04-10,,11.44,2024-04-04T18:34:14,2025-04-26T08:54:57
SHP00002229,ORD00002229,FedEx,2026-02-19,2026-02-23,2026-02-23,16.41,2026-02-19T13:30:30,2026-02-22T18:24:00
SHP00002230,ORD00002230,OnTrac,2025-02-20,2025-02-25,2025-02-24,15.34,2025-02-20T12:21:15,2025-09-26T10:29:13
SHP00002231,ORD00002231,XPO,2024-06-21,2024-06-27,2024-06-23,20.6,2024-06-21T12:43:17,2025-12-09T01:21:51
SHP00002232,ORD00002232,XPO,2026-02-09,2026-02-13,2026-02-10,24.68,2026-02-09T07:25:17,2026-02-28T10:50:08
SHP00002233,ORD00002233,OnTrac,2024-02-07,2024-02-09,2024-02-08,5.76,2024-02-07T18:46:33,2025-01-15T12:23:11
SHP00002234,ORD00002234,DHL,2025-12-02,2025-12-05,2025-12-07,10.18,2025-12-02T07:33:32,2026-01-19T07:58:27
SHP00002239,ORD00002239,UPS,2026-01-08,2026-01-12,2026-01-15,5.83,2026-01-08T12:46:22,2026-01-08T07:13:19
SHP00002240,ORD00002240,XPO,2025-05-01,2025-05-04,2025-05-04,22.53,2025-05-01T14:43:18,2025-06-15T19:14:38
SHP00002241,ORD00002241,DHL,2025-10-28,2025-10-30,,5.55,2025-10-28T05:17:55,2025-12-20T05:28:53
SHP00002242,ORD00002242,XPO,2024-04-25,2024-04-27,,23.47,2024-04-25T23:49:01,2025-05-08T14:46:11
SHP00002245,ORD00002245,FedEx,2024-05-05,2024-05-08,2024-05-12,37.6,2024-05-05T13:35:08,2024-09-21T05:34:54
SHP00002246,ORD00002246,XPO,2026-01-16,2026-01-22,2026-01-22,38.24,2026-01-16T08:51:41,2026-02-13T03:23:22
SHP00002247,ORD00002247,USPS,2024-09-12,2024-09-16,2024-09-19,38.73,2024-09-12T19:49:13,2024-11-20T23:16:22
SHP00002249,ORD00002249,UPS,2024-04-08,2024-04-12,2024-04-15,32.76,2024-04-08T19:50:07,2025-04-25T08:36:21
SHP00002251,ORD00002251,DHL,2024-05-24,2024-05-26,,38.84,2024-05-24T10:20:09,2026-03-01T03:51:03
SHP00002252,ORD00002252,OnTrac,2025-10-05,2025-10-07,2025-10-10,16.09,2025-10-05T21:31:48,2026-01-21T20:42:02
SHP00002253,ORD00002253,FedEx,2024-05-13,2024-05-15,2024-05-15,9.68,2024-05-13T01:38:01,2025-01-17T07:58:56
SHP00002254,ORD00002254,DHL,2024-01-10,2024-01-14,,18.51,2024-01-10T23:22:58,2026-02-09T14:31:21
SHP00002255,ORD00002255,UPS,2025-06-02,2025-06-04,2025-06-05,31.7,2025-06-02T19:38:58,2025-09-07T16:36:20
SHP00002257,ORD00002257,USPS,2024-11-17,2024-11-20,,7.14,2024-11-17T20:50:27,2025-08-16T04:13:02
SHP00002258,ORD00002258,OnTrac,2024-12-30,2025-01-05,2025-01-04,16.38,2024-12-30T06:10:14,2025-01-29T13:26:01
SHP00002259,ORD00002259,FedEx,2024-04-26,2024-04-28,2024-04-29,36.48,2024-04-26T04:49:58,2024-05-16T08:09:51
SHP00002262,ORD00002262,XPO,2025-05-18,2025-05-21,2025-05-22,15.23,2025-05-18T09:22:56,2025-09-07T11:46:36
SHP00002264,ORD00002264,XPO,2024-01-10,2024-01-14,,18.89,2024-01-10T18:37:46,2025-02-18T23:19:47
SHP00002266,ORD00002266,UPS,2024-06-25,2024-06-27,,16.72,2024-06-25T13:32:16,2026-02-04T13:30:52
SHP00002267,ORD00002267,FedEx,2024-08-25,2024-08-28,2024-09-01,26.74,2024-08-25T20:42:44,2025-07-26T06:24:12
SHP00002268,ORD00002268,UPS,2025-04-28,2025-05-03,2025-05-04,32.33,2025-04-28T23:50:31,2026-01-14T04:16:17
SHP00002270,ORD00002270,UPS,2024-01-09,2024-01-13,,33.94,2024-01-09T08:12:04,2025-01-14T07:11:47
SHP00002271,ORD00002271,USPS,2024-07-05,2024-07-09,,36.54,2024-07-05T12:37:04,2024-11-01T19:15:43
SHP00002273,ORD00002273,USPS,2024-10-01,2024-10-06,2024-10-06,37.39,2024-10-01T14:12:55,2025-08-20T21:37:06
SHP00002276,ORD00002276,OnTrac,2025-12-06,2025-12-10,,14.61,2025-12-06T10:33:37,2026-02-09T13:07:44
SHP00002278,ORD00002278,DHL,2025-10-03,2025-10-06,2025-10-04,18.37,2025-10-03T12:26:32,2025-10-23T13:13:49
SHP00002279,ORD00002279,UPS,2024-01-04,2024-01-08,2024-01-10,26.72,2024-01-04T12:20:05,2024-05-28T22:29:28
SHP00002280,ORD00002280,OnTrac,2025-10-28,2025-11-02,,30.5,2025-10-28T11:33:04,2025-11-04T23:37:10
SHP00002281,ORD00002281,XPO,2025-03-09,2025-03-11,,7.81,2025-03-09T23:55:57,2025-06-06T05:35:16
SHP00002285,ORD00002285,FedEx,2025-03-26,2025-04-01,2025-04-01,23.52,2025-03-26T08:15:44,2025-09-24T23:14:11
SHP00002286,ORD00002286,FedEx,2025-10-12,2025-10-17,2025-10-19,20.09,2025-10-12T05:27:29,2025-10-18T07:38:29
SHP00002287,ORD00002287,USPS,2025-04-10,2025-04-15,2025-04-12,34.87,2025-04-10T12:11:15,2025-04-16T08:26:59
SHP00002288,ORD00002288,USPS,2024-11-02,2024-11-05,,11.88,2024-11-02T10:43:19,2025-11-28T16:36:58
SHP00002289,ORD00002289,USPS,2024-10-31,2024-11-05,2024-11-04,35.55,2024-10-31T07:22:06,2025-10-08T18:26:46
SHP00002290,ORD00002290,DHL,2025-05-12,2025-05-17,,17.51,2025-05-12T14:11:28,2026-01-20T18:51:15
SHP00002291,ORD00002291,FedEx,2024-09-29,2024-10-03,2024-10-04,35.54,2024-09-29T06:53:23,2025-04-22T00:42:18
SHP00002293,ORD00002293,UPS,2024-09-12,2024-09-16,,16.21,2024-09-12T15:11:54,2025-03-22T12:11:30
SHP00002294,ORD00002294,DHL,2025-11-09,2025-11-11,,20.17,2025-11-09T15:37:55,2026-01-10T03:18:25
SHP00002295,ORD00002295,USPS,2024-05-07,2024-05-11,2024-05-12,31.63,2024-05-07T21:58:39,2026-02-04T23:38:14
SHP00002297,ORD00002297,UPS,2024-05-19,2024-05-23,2024-05-24,21.91,2024-05-19T21:02:06,2025-03-25T16:53:23
SHP00002300,ORD00002300,UPS,2026-01-03,2026-01-07,,5.89,2026-01-03T10:11:28,2026-01-20T11:55:09
SHP00002301,ORD00002301,FedEx,2024-09-20,2024-09-22,2024-09-25,9.44,2024-09-20T10:19:16,2025-06-24T19:19:11
SHP00002303,ORD00002303,FedEx,2024-07-06,2024-07-12,,22.63,2024-07-06T00:12:31,2025-01-04T22:12:45
SHP00002304,ORD00002304,OnTrac,2024-08-10,2024-08-15,,32.78,2024-08-10T21:24:44,2025-11-30T11:18:16
SHP00002307,ORD00002307,OnTrac,2024-05-01,2024-05-05,,17.3,2024-05-01T06:06:59,2025-07-14T02:10:25
SHP00002309,ORD00002309,USPS,2026-01-07,2026-01-12,2026-01-14,30.35,2026-01-07T21:35:52,2026-01-20T09:58:39
SHP00002310,ORD00002310,FedEx,2024-05-03,2024-05-06,2024-05-08,35.54,2024-05-03T14:09:41,2024-11-01T14:26:50
SHP00002311,ORD00002311,XPO,2024-11-07,2024-11-11,,16.59,2024-11-07T05:20:19,2025-07-28T16:46:55
SHP00002312,ORD00002312,DHL,2026-02-03,2026-02-09,,36.19,2026-02-03T06:47:18,2026-02-03T14:03:25
SHP00002314,ORD00002314,DHL,2025-03-24,2025-03-26,,35.2,2025-03-24T15:36:13,2025-07-14T12:45:57
SHP00002315,ORD00002315,DHL,2025-02-15,2025-02-18,2025-02-22,35.22,2025-02-15T06:46:13,2025-05-02T11:54:34
SHP00002316,ORD00002316,DHL,2025-10-21,2025-10-26,2025-10-27,28.16,2025-10-21T13:41:27,2026-01-09T03:52:38
SHP00002318,ORD00002318,FedEx,2024-11-06,2024-11-12,2024-11-10,31.58,2024-11-06T01:52:42,2025-12-11T17:27:41
SHP00002321,ORD00002321,DHL,2024-04-20,2024-04-22,2024-04-23,14.32,2024-04-20T18:26:19,2025-09-04T23:06:51
SHP00002322,ORD00002322,FedEx,2024-04-25,2024-04-27,2024-04-30,8.42,2024-04-25T06:06:28,2025-12-26T09:49:15
SHP00002323,ORD00002323,UPS,2025-05-27,2025-05-29,2025-06-01,20.14,2025-05-27T16:35:59,2025-10-15T08:33:19
SHP00002324,ORD00002324,XPO,2025-12-08,2025-12-10,,34.52,2025-12-08T04:22:43,2026-01-09T20:04:45
SHP00002326,ORD00002326,FedEx,2026-02-23,2026-03-01,,10.68,2026-02-23T19:59:09,2026-02-28T09:32:54
SHP00002327,ORD00002327,UPS,2024-10-24,2024-10-29,,10.54,2024-10-24T06:16:28,2025-04-11T15:29:11
SHP00002331,ORD00002331,USPS,2026-02-24,2026-02-28,,39.86,2026-02-24T18:55:49,2026-02-24T13:51:53
SHP00002332,ORD00002332,UPS,2024-07-19,2024-07-21,2024-07-21,18.97,2024-07-19T00:35:32,2024-11-09T10:21:15
SHP00002335,ORD00002335,XPO,2026-02-22,2026-02-28,,14.16,2026-02-22T23:13:12,2026-02-26T21:50:26
SHP00002337,ORD00002337,OnTrac,2024-02-01,2024-02-05,2024-02-03,26.19,2024-02-01T17:55:40,2024-05-07T17:41:22
SHP00002338,ORD00002338,XPO,2024-06-21,2024-06-26,,37.99,2024-06-21T17:08:17,2024-08-27T12:12:13
SHP00002339,ORD00002339,FedEx,2025-11-24,2025-11-28,2025-11-25,16.42,2025-11-24T10:33:44,2026-02-03T20:42:56
SHP00002341,ORD00002341,FedEx,2025-08-02,2025-08-05,2025-08-04,37.05,2025-08-02T18:40:48,2025-10-11T10:36:48
SHP00002342,ORD00002342,OnTrac,2024-04-10,2024-04-12,2024-04-14,24.81,2024-04-10T14:26:44,2025-04-01T11:18:10
SHP00002343,ORD00002343,OnTrac,2025-05-24,2025-05-30,2025-05-25,27.69,2025-05-24T06:15:10,2025-10-22T19:14:48
SHP00002344,ORD00002344,UPS,2024-12-20,2024-12-26,2024-12-25,13.48,2024-12-20T13:59:55,2025-09-27T21:41:21
SHP00002346,ORD00002346,OnTrac,2025-10-18,2025-10-20,2025-10-21,9.83,2025-10-18T16:25:28,2025-12-02T07:34:38
SHP00002348,ORD00002348,UPS,2025-02-17,2025-02-23,2025-02-21,28.41,2025-02-17T11:37:53,2025-10-23T20:06:13
SHP00002351,ORD00002351,USPS,2024-10-18,2024-10-22,2024-10-21,39.59,2024-10-18T07:54:20,2026-01-03T19:04:37
SHP00002353,ORD00002353,USPS,2025-09-11,2025-09-16,2025-09-18,6.12,2025-09-11T14:03:42,2025-10-06T11:03:26
SHP00002354,ORD00002354,OnTrac,2024-08-05,2024-08-09,,8.6,2024-08-05T23:42:33,2025-04-13T06:52:11
SHP00002359,ORD00002359,DHL,2024-03-04,2024-03-07,2024-03-06,22.52,2024-03-04T06:19:01,2025-10-04T15:09:54
SHP00002360,ORD00002360,XPO,2024-08-18,2024-08-23,,11.25,2024-08-18T17:38:43,2025-08-01T21:28:17
SHP00002362,ORD00002362,UPS,2024-10-04,2024-10-06,,16.09,2024-10-04T14:10:44,2025-03-26T22:57:33
SHP00002365,ORD00002365,USPS,2026-01-05,2026-01-07,,37.18,2026-01-05T06:06:27,2026-02-16T06:01:12
SHP00002368,ORD00002368,OnTrac,2025-09-07,2025-09-10,2025-09-11,29.51,2025-09-07T15:59:19,2025-11-01T22:08:53
SHP00002369,ORD00002369,USPS,2024-01-31,2024-02-06,,4.45,2024-01-31T16:16:43,2025-09-09T09:01:24
SHP00002372,ORD00002372,FedEx,2024-07-01,2024-07-03,,19.1,2024-07-01T20:45:13,2026-01-06T03:45:31
SHP00002375,ORD00002375,XPO,2024-11-15,2024-11-21,,35.22,2024-11-15T21:57:13,2025-10-28T08:41:43
SHP00002376,ORD00002376,UPS,2025-05-28,2025-06-02,2025-06-01,15.68,2025-05-28T19:13:04,2025-10-12T11:49:43
SHP00002379,ORD00002379,USPS,2025-01-01,2025-01-06,,6.49,2025-01-01T01:03:49,2025-06-25T12:08:00
SHP00002381,ORD00002381,OnTrac,2024-04-23,2024-04-27,,4.32,2024-04-23T14:25:40,2025-08-19T13:39:50
SHP00002383,ORD00002383,FedEx,2025-11-16,2025-11-20,2025-11-19,24.98,2025-11-16T04:38:46,2026-01-26T07:17:22
SHP00002384,ORD00002384,USPS,2025-03-01,2025-03-06,,4.04,2025-03-01T08:02:12,2025-07-02T19:38:18
SHP00002386,ORD00002386,FedEx,2024-01-14,2024-01-19,,25.21,2024-01-14T15:06:47,2025-11-16T20:25:23
SHP00002389,ORD00002389,XPO,2025-03-13,2025-03-18,2025-03-15,14.58,2025-03-13T09:16:40,2026-01-17T11:58:29
SHP00002390,ORD00002390,FedEx,2024-06-03,2024-06-06,,23.96,2024-06-03T03:14:22,2024-10-18T15:33:17
SHP00002391,ORD00002391,USPS,2025-11-08,2025-11-10,2025-11-12,37.29,2025-11-08T16:13:53,2026-01-10T23:26:29
SHP00002396,ORD00002396,FedEx,2025-02-27,2025-03-05,,29.39,2025-02-27T20:09:05,2025-09-03T19:41:59
SHP00002397,ORD00002397,USPS,2025-01-25,2025-01-29,,20.19,2025-01-25T22:33:13,2025-03-03T22:35:40
SHP00002399,ORD00002399,OnTrac,2025-01-19,2025-01-25,2025-01-20,29.51,2025-01-19T09:22:59,2025-08-07T00:43:34
SHP00002400,ORD00002400,USPS,2024-09-02,2024-09-06,2024-09-03,39.47,2024-09-02T08:57:29,2025-10-09T19:57:32
SHP00002402,ORD00002402,FedEx,2025-09-25,2025-10-01,,4.63,2025-09-25T08:40:26,2025-10-31T22:51:23
SHP00002405,ORD00002405,DHL,2025-11-17,2025-11-19,,4.39,2025-11-17T13:10:46,2025-12-13T22:56:23
SHP00002409,ORD00002409,OnTrac,2024-08-18,2024-08-21,,16.47,2024-08-18T19:24:12,2026-02-24T17:00:55
SHP00002411,ORD00002411,FedEx,2024-03-21,2024-03-24,2024-03-26,4.28,2024-03-21T22:19:22,2025-08-05T18:05:11
SHP00002416,ORD00002416,UPS,2026-02-07,2026-02-13,2026-02-10,35.42,2026-02-07T16:43:54,2026-02-17T04:58:46
SHP00002417,ORD00002417,FedEx,2025-11-13,2025-11-19,2025-11-19,6.15,2025-11-13T01:06:42,2025-11-17T17:57:09
SHP00002419,ORD00002419,OnTrac,2025-10-03,2025-10-05,,20.4,2025-10-03T08:24:21,2025-10-28T20:32:30
SHP00002421,ORD00002421,UPS,2025-12-18,2025-12-21,2025-12-25,37.63,2025-12-18T16:16:59,2026-01-16T05:54:28
SHP00002426,ORD00002426,XPO,2025-07-25,2025-07-29,,16.63,2025-07-25T01:43:21,2025-10-09T15:38:00
SHP00002428,ORD00002428,USPS,2025-03-02,2025-03-08,2025-03-06,24.24,2025-03-02T23:36:40,2025-07-30T04:01:23
SHP00002429,ORD00002429,OnTrac,2025-12-05,2025-12-11,,4.48,2025-12-05T19:03:06,2026-01-06T06:47:33
SHP00002430,ORD00002430,FedEx,2024-11-05,2024-11-10,,23.3,2024-11-05T19:55:58,2026-02-12T10:14:12
SHP00002431,ORD00002431,XPO,2025-07-28,2025-07-30,,25.88,2025-07-28T17:24:30,2025-09-15T01:52:53
SHP00002432,ORD00002432,OnTrac,2025-12-26,2026-01-01,,20.8,2025-12-26T23:59:06,2026-02-03T17:19:56
SHP00002434,ORD00002434,DHL,2024-01-21,2024-01-26,,24.6,2024-01-21T02:59:32,2024-11-09T05:19:25
SHP00002435,ORD00002435,OnTrac,2024-05-09,2024-05-14,2024-05-16,14.81,2024-05-09T16:33:21,2024-05-22T05:02:45
SHP00002436,ORD00002436,OnTrac,2024-11-27,2024-11-30,2024-11-29,17.32,2024-11-27T13:15:47,2025-07-31T17:06:59
SHP00002439,ORD00002439,OnTrac,2024-12-19,2024-12-22,,34.73,2024-12-19T09:38:22,2025-06-01T22:29:48
SHP00002440,ORD00002440,UPS,2024-10-11,2024-10-14,,6.62,2024-10-11T10:57:05,2025-06-29T14:38:48
SHP00002442,ORD00002442,USPS,2024-10-24,2024-10-26,,7.0,2024-10-24T13:29:37,2025-08-15T11:41:25
SHP00002445,ORD00002445,OnTrac,2025-01-15,2025-01-19,,25.58,2025-01-15T22:15:32,2025-05-03T20:53:00
SHP00002446,ORD00002446,UPS,2025-04-27,2025-04-30,2025-04-30,20.47,2025-04-27T16:20:39,2026-01-16T19:53:09
SHP00002447,ORD00002447,FedEx,2025-11-01,2025-11-06,,11.09,2025-11-01T10:07:24,2026-02-17T12:12:08
SHP00002452,ORD00002452,OnTrac,2024-08-28,2024-09-02,2024-08-31,10.51,2024-08-28T23:37:23,2025-12-29T01:47:54
SHP00002456,ORD00002456,OnTrac,2025-05-23,2025-05-26,,31.7,2025-05-23T01:37:46,2025-06-28T07:47:54
SHP00002459,ORD00002459,DHL,2024-07-26,2024-07-30,,8.56,2024-07-26T13:51:48,2026-01-23T12:23:42
SHP00002460,ORD00002460,UPS,2025-11-22,2025-11-27,,34.15,2025-11-22T02:16:57,2025-11-27T15:21:20
SHP00002464,ORD00002464,UPS,2024-07-24,2024-07-26,2024-07-29,4.27,2024-07-24T06:28:36,2024-07-31T04:40:43
SHP00002465,ORD00002465,DHL,2025-01-05,2025-01-11,,6.23,2025-01-05T12:05:33,2025-03-22T17:50:53
SHP00002466,ORD00002466,OnTrac,2025-12-07,2025-12-10,2025-12-14,36.1,2025-12-07T18:13:31,2026-02-23T13:02:02
SHP00002467,ORD00002467,FedEx,2025-08-10,2025-08-13,,23.46,2025-08-10T06:07:37,2026-02-09T01:32:07
SHP00002468,ORD00002468,UPS,2025-04-28,2025-05-04,,32.84,2025-04-28T15:08:12,2025-04-28T21:02:33
SHP00002469,ORD00002469,DHL,2025-04-03,2025-04-05,,26.25,2025-04-03T05:32:55,2025-07-07T19:30:13
SHP00002471,ORD00002471,FedEx,2025-11-08,2025-11-10,2025-11-14,12.18,2025-11-08T17:05:21,2026-01-09T23:55:37
SHP00002472,ORD00002472,OnTrac,2024-03-01,2024-03-04,2024-03-08,33.62,2024-03-01T19:02:56,2026-02-16T13:44:09
SHP00002473,ORD00002473,UPS,2025-07-20,2025-07-24,2025-07-26,10.88,2025-07-20T18:42:47,2025-07-23T09:53:52
SHP00002474,ORD00002474,FedEx,2024-01-15,2024-01-19,2024-01-20,17.57,2024-01-15T17:39:00,2026-02-03T01:11:34
SHP00002475,ORD00002475,DHL,2024-06-08,2024-06-10,,4.65,2024-06-08T21:04:58,2025-03-27T18:19:36
SHP00002477,ORD00002477,UPS,2024-10-03,2024-10-06,2024-10-10,13.79,2024-10-03T12:21:45,2025-03-21T02:37:41
SHP00002478,ORD00002478,UPS,2024-03-11,2024-03-17,2024-03-16,17.41,2024-03-11T10:46:31,2024-11-04T14:48:06
SHP00002480,ORD00002480,OnTrac,2025-04-01,2025-04-03,,28.65,2025-04-01T14:17:23,2025-10-06T10:39:57
SHP00002481,ORD00002481,UPS,2025-03-27,2025-03-31,,13.85,2025-03-27T01:55:05,2025-04-09T12:36:22
SHP00002482,ORD00002482,XPO,2024-05-31,2024-06-02,,37.57,2024-05-31T19:11:29,2025-10-31T06:28:32
SHP00002484,ORD00002484,USPS,2024-06-07,2024-06-10,,7.81,2024-06-07T12:13:01,2026-01-14T21:22:34
SHP00002485,ORD00002485,FedEx,2025-05-28,2025-06-02,2025-05-30,20.29,2025-05-28T15:49:42,2025-07-29T23:40:45
SHP00002486,ORD00002486,UPS,2025-02-15,2025-02-18,,29.27,2025-02-15T00:18:12,2026-01-14T12:48:57
SHP00002488,ORD00002488,FedEx,2025-05-19,2025-05-22,,15.16,2025-05-19T17:09:54,2025-05-29T01:09:57
SHP00002489,ORD00002489,OnTrac,2024-08-30,2024-09-01,2024-09-04,19.23,2024-08-30T02:24:31,2025-02-21T02:50:14
SHP00002492,ORD00002492,OnTrac,2024-10-16,2024-10-22,,19.85,2024-10-16T11:18:26,2025-06-05T13:47:58
SHP00002493,ORD00002493,DHL,2025-05-10,2025-05-15,2025-05-13,15.07,2025-05-10T13:24:21,2026-02-23T11:19:12
SHP00002494,ORD00002494,UPS,2024-02-08,2024-02-12,2024-02-14,36.23,2024-02-08T10:32:07,2025-01-14T13:55:18
SHP00002497,ORD00002497,DHL,2025-09-01,2025-09-06,,21.67,2025-09-01T17:20:08,2026-02-17T02:22:13
SHP00002498,ORD00002498,FedEx,2025-12-07,2025-12-12,,33.27,2025-12-07T14:51:14,2026-02-12T06:01:14
SHP00002499,ORD00002499,FedEx,2026-02-09,2026-02-15,2026-02-11,13.59,2026-02-09T18:17:30,2026-03-01T02:59:45
SHP00002500,ORD00002500,OnTrac,2024-06-02,2024-06-08,2024-06-05,16.84,2024-06-02T03:33:08,2024-06-18T00:05:25
SHP00002502,ORD00002502,FedEx,2025-05-30,2025-06-01,2025-06-01,9.99,2025-05-30T12:03:26,2025-10-22T14:31:42
SHP00002504,ORD00002504,XPO,2026-02-13,2026-02-17,2026-02-14,39.95,2026-02-13T23:41:48,2026-02-20T23:53:01
SHP00002506,ORD00002506,OnTrac,2025-11-06,2025-11-10,2025-11-08,4.07,2025-11-06T19:03:09,2025-12-29T20:36:21
SHP00002512,ORD00002512,USPS,2025-08-16,2025-08-19,,35.51,2025-08-16T05:46:38,2025-09-02T12:36:23
SHP00002513,ORD00002513,UPS,2024-06-03,2024-06-05,2024-06-06,22.52,2024-06-03T11:51:28,2026-02-23T20:47:39
SHP00002514,ORD00002514,XPO,2025-10-09,2025-10-14,2025-10-10,4.16,2025-10-09T14:33:27,2025-11-26T14:46:25
SHP00002515,ORD00002515,USPS,2025-04-29,2025-05-03,,14.06,2025-04-29T08:58:45,2026-02-09T12:01:55
SHP00002516,ORD00002516,OnTrac,2025-03-25,2025-03-30,,32.18,2025-03-25T18:37:49,2025-12-13T09:34:32
SHP00002517,ORD00002517,OnTrac,2025-09-04,2025-09-07,2025-09-08,29.5,2025-09-04T18:50:47,2026-01-03T14:32:31
SHP00002522,ORD00002522,UPS,2024-09-18,2024-09-24,2024-09-24,39.45,2024-09-18T00:48:39,2025-02-04T16:09:27
SHP00002523,ORD00002523,DHL,2024-11-15,2024-11-17,2024-11-22,30.3,2024-11-15T04:39:52,2025-07-01T00:36:22
SHP00002525,ORD00002525,FedEx,2024-05-30,2024-06-04,,16.69,2024-05-30T23:39:31,2025-12-13T08:08:32
SHP00002526,ORD00002526,OnTrac,2024-10-06,2024-10-08,2024-10-12,8.37,2024-10-06T09:57:16,2025-10-19T16:56:24
SHP00002527,ORD00002527,FedEx,2024-05-12,2024-05-14,2024-05-18,26.75,2024-05-12T16:52:21,2024-07-02T20:06:13
SHP00002529,ORD00002529,UPS,2024-03-15,2024-03-21,2024-03-22,28.36,2024-03-15T03:49:08,2024-06-23T01:57:34
SHP00002530,ORD00002530,XPO,2026-01-13,2026-01-19,2026-01-15,24.77,2026-01-13T03:29:26,2026-02-03T18:24:19
SHP00002532,ORD00002532,OnTrac,2026-02-27,2026-03-02,2026-03-06,37.62,2026-02-27T01:42:39,2026-02-27T11:58:23
SHP00002534,ORD00002534,DHL,2024-04-10,2024-04-13,,17.9,2024-04-10T16:18:49,2025-05-27T11:34:43
SHP00002535,ORD00002535,XPO,2026-03-03,2026-03-06,2026-03-07,26.71,2026-03-03T15:16:59,2026-03-03T01:28:59
SHP00002536,ORD00002536,USPS,2025-01-14,2025-01-16,,21.61,2025-01-14T00:55:18,2026-02-17T00:27:57
SHP00002537,ORD00002537,UPS,2025-10-20,2025-10-22,,26.4,2025-10-20T17:06:09,2026-02-25T12:02:16
SHP00002539,ORD00002539,UPS,2025-10-09,2025-10-15,,26.36,2025-10-09T05:03:44,2025-11-24T14:51:28
SHP00002540,ORD00002540,DHL,2025-01-13,2025-01-18,,13.15,2025-01-13T17:13:05,2025-09-12T11:43:11
SHP00002542,ORD00002542,XPO,2025-10-09,2025-10-15,2025-10-13,13.59,2025-10-09T13:14:42,2025-10-21T19:29:03
SHP00002545,ORD00002545,DHL,2024-09-30,2024-10-02,,4.18,2024-09-30T10:52:42,2025-12-30T14:59:40
SHP00002548,ORD00002548,DHL,2025-01-02,2025-01-04,2025-01-08,4.27,2025-01-02T19:27:13,2025-08-29T16:22:00
SHP00002549,ORD00002549,FedEx,2025-05-23,2025-05-29,2025-05-25,6.76,2025-05-23T08:49:39,2025-12-28T13:22:32
SHP00002550,ORD00002550,DHL,2025-09-22,2025-09-24,,34.66,2025-09-22T13:46:21,2026-02-27T13:39:22
SHP00002551,ORD00002551,FedEx,2024-11-22,2024-11-24,2024-11-27,21.7,2024-11-22T04:30:15,2025-12-05T11:38:59
SHP00002554,ORD00002554,UPS,2025-01-17,2025-01-23,2025-01-21,10.32,2025-01-17T15:23:24,2025-08-28T10:22:10
SHP00002556,ORD00002556,OnTrac,2024-02-20,2024-02-25,2024-02-27,30.47,2024-02-20T09:25:20,2025-06-24T17:50:00
SHP00002557,ORD00002557,USPS,2024-09-13,2024-09-18,2024-09-19,13.79,2024-09-13T21:03:58,2025-02-10T18:38:33
SHP00002559,ORD00002559,FedEx,2024-03-09,2024-03-12,2024-03-15,32.29,2024-03-09T11:55:56,2024-07-26T01:19:08
SHP00002561,ORD00002561,DHL,2024-05-17,2024-05-23,2024-05-24,30.13,2024-05-17T13:37:07,2025-09-10T23:56:55
SHP00002562,ORD00002562,XPO,2025-10-08,2025-10-14,,15.39,2025-10-08T01:45:31,2026-02-22T20:34:41
SHP00002563,ORD00002563,USPS,2026-01-11,2026-01-15,2026-01-12,13.96,2026-01-11T01:19:33,2026-01-18T23:44:42
SHP00002565,ORD00002565,FedEx,2024-12-13,2024-12-17,2024-12-18,11.29,2024-12-13T15:36:05,2025-09-23T18:07:10
SHP00002568,ORD00002568,XPO,2024-11-10,2024-11-16,,9.17,2024-11-10T04:02:33,2026-02-09T13:59:25
SHP00002571,ORD00002571,FedEx,2024-08-16,2024-08-21,2024-08-21,21.59,2024-08-16T16:19:53,2024-11-28T09:36:07
SHP00002572,ORD00002572,FedEx,2025-01-02,2025-01-07,,25.06,2025-01-02T22:10:10,2025-07-02T13:33:32
SHP00002574,ORD00002574,USPS,2026-02-20,2026-02-25,2026-02-22,23.83,2026-02-20T02:39:08,2026-02-20T11:13:08
SHP00002576,ORD00002576,OnTrac,2025-02-22,2025-02-27,2025-02-27,19.8,2025-02-22T00:41:04,2026-02-14T13:44:34
SHP00002578,ORD00002578,OnTrac,2025-06-13,2025-06-15,,8.68,2025-06-13T17:39:04,2025-12-23T15:33:19
SHP00002580,ORD00002580,OnTrac,2024-05-10,2024-05-16,,18.48,2024-05-10T04:21:50,2024-08-13T13:22:53
SHP00002582,ORD00002582,UPS,2024-05-17,2024-05-22,,5.9,2024-05-17T12:16:37,2024-09-10T04:42:39
SHP00002583,ORD00002583,DHL,2025-06-03,2025-06-07,2025-06-04,16.98,2025-06-03T21:10:21,2026-02-23T03:09:57
SHP00002584,ORD00002584,UPS,2024-07-10,2024-07-13,2024-07-17,16.89,2024-07-10T20:39:52,2024-11-25T01:20:27
SHP00002585,ORD00002585,OnTrac,2025-04-14,2025-04-16,2025-04-16,4.87,2025-04-14T10:02:50,2025-05-18T19:00:17
SHP00002586,ORD00002586,XPO,2024-12-12,2024-12-17,,21.4,2024-12-12T22:18:10,2025-05-11T07:37:36
SHP00002587,ORD00002587,DHL,2025-01-27,2025-01-31,2025-01-28,18.76,2025-01-27T01:07:19,2025-06-04T20:42:19
SHP00002590,ORD00002590,USPS,2024-01-14,2024-01-19,2024-01-17,12.91,2024-01-14T00:08:28,2025-04-01T16:18:50
SHP00002591,ORD00002591,DHL,2024-06-16,2024-06-19,2024-06-19,32.8,2024-06-16T05:02:06,2024-07-01T04:34:18
SHP00002593,ORD00002593,OnTrac,2024-09-15,2024-09-19,2024-09-22,21.79,2024-09-15T22:47:56,2025-09-06T15:50:13
SHP00002594,ORD00002594,OnTrac,2025-03-10,2025-03-15,2025-03-12,5.06,2025-03-10T07:44:58,2025-12-20T21:17:56
SHP00002595,ORD00002595,UPS,2024-08-05,2024-08-08,2024-08-10,31.38,2024-08-05T11:53:19,2025-06-06T02:04:14
SHP00002596,ORD00002596,FedEx,2025-04-18,2025-04-22,2025-04-23,28.39,2025-04-18T12:57:38,2026-02-27T14:19:19
SHP00002598,ORD00002598,XPO,2024-03-05,2024-03-10,2024-03-12,27.86,2024-03-05T12:31:07,2024-07-17T18:27:56
SHP00002599,ORD00002599,FedEx,2025-02-07,2025-02-13,2025-02-08,8.45,2025-02-07T23:13:56,2026-02-24T11:32:06
SHP00002601,ORD00002601,DHL,2025-12-08,2025-12-11,,30.22,2025-12-08T12:55:15,2026-01-19T02:09:41
SHP00002602,ORD00002602,XPO,2024-10-04,2024-10-08,,4.88,2024-10-04T16:36:00,2024-12-24T01:42:45
SHP00002605,ORD00002605,DHL,2025-12-04,2025-12-10,2025-12-08,10.19,2025-12-04T07:14:15,2026-01-30T23:04:50
SHP00002608,ORD00002608,DHL,2024-08-02,2024-08-05,2024-08-09,10.43,2024-08-02T12:48:13,2025-07-08T14:58:48
SHP00002610,ORD00002610,OnTrac,2025-08-22,2025-08-24,,32.0,2025-08-22T12:29:13,2026-01-12T07:14:56
SHP00002612,ORD00002612,USPS,2024-12-08,2024-12-11,2024-12-14,38.62,2024-12-08T05:49:53,2025-12-02T10:54:59
SHP00002613,ORD00002613,DHL,2025-05-01,2025-05-05,2025-05-02,19.1,2025-05-01T12:12:02,2025-07-27T19:04:01
SHP00002614,ORD00002614,FedEx,2024-10-28,2024-10-30,,32.28,2024-10-28T18:15:22,2025-01-24T23:06:53
SHP00002615,ORD00002615,XPO,2025-11-15,2025-11-17,2025-11-18,36.65,2025-11-15T03:31:45,2025-12-29T06:52:47
SHP00002619,ORD00002619,OnTrac,2025-11-03,2025-11-09,,27.09,2025-11-03T21:42:40,2025-11-16T10:57:36
SHP00002620,ORD00002620,DHL,2025-10-25,2025-10-29,,37.25,2025-10-25T04:39:59,2025-12-04T07:10:49
SHP00002621,ORD00002621,OnTrac,2024-01-26,2024-02-01,2024-01-30,35.45,2024-01-26T16:57:10,2024-07-14T07:18:49
SHP00002622,ORD00002622,OnTrac,2026-01-27,2026-01-31,,8.29,2026-01-27T12:26:03,2026-01-29T09:49:23
SHP00002623,ORD00002623,OnTrac,2025-05-26,2025-05-31,,11.3,2025-05-26T22:51:48,2026-01-30T08:06:39
SHP00002625,ORD00002625,FedEx,2025-02-11,2025-02-17,2025-02-13,32.59,2025-02-11T00:33:35,2025-04-08T11:52:32
SHP00002626,ORD00002626,USPS,2024-08-15,2024-08-17,,30.8,2024-08-15T19:37:57,2025-01-28T23:55:52
SHP00002629,ORD00002629,FedEx,2025-11-19,2025-11-23,2025-11-22,34.35,2025-11-19T23:32:31,2026-02-25T13:08:37
SHP00002630,ORD00002630,DHL,2024-04-01,2024-04-03,,9.33,2024-04-01T18:32:27,2024-12-19T21:58:06
SHP00002632,ORD00002632,OnTrac,2025-10-23,2025-10-27,2025-10-26,25.04,2025-10-23T12:29:56,2025-12-25T07:01:14
SHP00002634,ORD00002634,USPS,2025-04-24,2025-04-28,,6.75,2025-04-24T19:16:09,2026-02-10T22:08:26
SHP00002635,ORD00002635,OnTrac,2026-01-25,2026-01-27,2026-01-31,33.94,2026-01-25T21:07:47,2026-02-03T12:35:00
SHP00002637,ORD00002637,DHL,2024-05-31,2024-06-03,,12.97,2024-05-31T21:26:18,2025-07-13T00:59:15
SHP00002639,ORD00002639,USPS,2026-02-20,2026-02-24,,38.31,2026-02-20T22:31:57,2026-02-21T16:48:03
SHP00002640,ORD00002640,FedEx,2026-01-14,2026-01-19,,11.66,2026-01-14T19:50:39,2026-01-17T00:28:55
SHP00002642,ORD00002642,OnTrac,2024-07-25,2024-07-31,,30.86,2024-07-25T05:12:14,2025-10-24T10:45:54
SHP00002643,ORD00002643,FedEx,2024-05-03,2024-05-07,2024-05-06,34.64,2024-05-03T17:34:16,2025-03-26T00:09:02
SHP00002645,ORD00002645,XPO,2024-07-04,2024-07-08,2024-07-05,27.99,2024-07-04T14:07:19,2025-06-02T13:42:59
SHP00002647,ORD00002647,OnTrac,2025-07-02,2025-07-07,,31.13,2025-07-02T23:13:09,2025-08-06T10:11:30
SHP00002648,ORD00002648,DHL,2025-05-12,2025-05-18,2025-05-14,36.38,2025-05-12T05:28:42,2025-08-28T00:59:02
SHP00002650,ORD00002650,UPS,2024-12-20,2024-12-24,2024-12-21,13.66,2024-12-20T17:19:53,2024-12-25T14:36:13
SHP00002652,ORD00002652,OnTrac,2025-03-26,2025-03-29,,39.96,2025-03-26T17:14:02,2025-09-04T16:23:42
SHP00002653,ORD00002653,OnTrac,2024-12-20,2024-12-23,,27.99,2024-12-20T06:34:35,2025-01-19T14:48:20
SHP00002655,ORD00002655,DHL,2025-03-08,2025-03-13,2025-03-11,37.61,2025-03-08T21:00:07,2025-08-21T00:40:55
SHP00002656,ORD00002656,USPS,2024-11-16,2024-11-20,2024-11-17,25.29,2024-11-16T23:09:33,2025-12-16T05:09:53
SHP00002657,ORD00002657,USPS,2026-02-13,2026-02-18,2026-02-19,27.79,2026-02-13T06:38:42,2026-02-22T04:13:20
SHP00002658,ORD00002658,USPS,2024-10-23,2024-10-29,2024-10-25,31.68,2024-10-23T03:58:48,2026-02-13T03:04:13
SHP00002660,ORD00002660,XPO,2024-08-10,2024-08-14,,25.03,2024-08-10T03:20:18,2025-01-18T11:35:10
SHP00002661,ORD00002661,XPO,2024-08-08,2024-08-12,2024-08-14,23.82,2024-08-08T08:01:47,2024-09-02T02:46:17
SHP00002662,ORD00002662,UPS,2026-01-07,2026-01-13,2026-01-10,4.3,2026-01-07T15:19:03,2026-02-26T03:22:46
SHP00002663,ORD00002663,OnTrac,2025-02-10,2025-02-16,2025-02-14,37.08,2025-02-10T20:05:11,2025-09-20T00:55:03
SHP00002668,ORD00002668,UPS,2025-05-26,2025-06-01,,12.18,2025-05-26T01:48:44,2025-06-16T05:42:06
SHP00002669,ORD00002669,FedEx,2024-06-22,2024-06-28,2024-06-26,17.91,2024-06-22T22:47:49,2025-04-18T12:23:42
SHP00002670,ORD00002670,FedEx,2024-03-31,2024-04-02,2024-04-05,29.35,2024-03-31T22:23:42,2025-06-10T07:08:38
SHP00002671,ORD00002671,DHL,2025-01-05,2025-01-09,,31.94,2025-01-05T15:40:10,2025-04-23T03:00:44
SHP00002672,ORD00002672,USPS,2024-06-07,2024-06-11,,37.61,2024-06-07T03:46:52,2025-02-07T09:21:52
SHP00002673,ORD00002673,UPS,2025-07-03,2025-07-07,,4.86,2025-07-03T15:35:15,2026-02-10T20:15:45
SHP00002677,ORD00002677,FedEx,2024-05-11,2024-05-16,,18.06,2024-05-11T23:14:20,2024-08-27T17:06:59
SHP00002678,ORD00002678,DHL,2024-01-07,2024-01-09,2024-01-14,18.36,2024-01-07T09:22:48,2025-09-27T03:45:49
SHP00002680,ORD00002680,OnTrac,2026-01-24,2026-01-26,2026-01-26,37.63,2026-01-24T23:59:45,2026-02-03T06:57:41
SHP00002683,ORD00002683,OnTrac,2024-07-30,2024-08-01,2024-08-03,39.41,2024-07-30T03:04:15,2025-01-12T22:25:21
SHP00002686,ORD00002686,USPS,2025-06-19,2025-06-22,2025-06-24,29.95,2025-06-19T18:50:21,2025-12-06T07:16:35
SHP00002688,ORD00002688,OnTrac,2026-01-01,2026-01-07,,25.73,2026-01-01T22:11:29,2026-01-26T11:32:24
SHP00002689,ORD00002689,OnTrac,2024-09-10,2024-09-14,,33.79,2024-09-10T06:37:21,2025-11-13T16:42:43
SHP00002692,ORD00002692,DHL,2025-04-10,2025-04-12,,7.71,2025-04-10T00:55:09,2025-06-27T12:16:35
SHP00002696,ORD00002696,DHL,2025-06-30,2025-07-02,,36.78,2025-06-30T13:21:01,2025-12-13T18:33:49
SHP00002698,ORD00002698,OnTrac,2025-04-17,2025-04-21,,37.13,2025-04-17T07:18:29,2025-06-29T16:44:24
SHP00002699,ORD00002699,UPS,2024-11-30,2024-12-04,2024-12-01,23.78,2024-11-30T00:21:03,2025-07-10T07:59:06
SHP00002700,ORD00002700,DHL,2024-12-08,2024-12-11,2024-12-12,16.95,2024-12-08T12:33:00,2025-04-24T03:51:07
SHP00002701,ORD00002701,USPS,2025-05-06,2025-05-11,2025-05-08,6.07,2025-05-06T13:26:14,2025-11-25T01:17:30
SHP00002702,ORD00002702,DHL,2025-07-18,2025-07-20,,14.5,2025-07-18T04:35:37,2025-12-21T02:08:54
SHP00002703,ORD00002703,DHL,2024-10-30,2024-11-01,2024-11-04,39.41,2024-10-30T00:21:54,2025-01-09T14:55:47
SHP00002704,ORD00002704,XPO,2025-10-16,2025-10-20,2025-10-17,34.84,2025-10-16T12:04:40,2025-11-18T07:38:49
SHP00002706,ORD00002706,XPO,2025-07-21,2025-07-23,,34.9,2025-07-21T21:15:07,2025-08-20T03:09:56
SHP00002707,ORD00002707,DHL,2025-07-26,2025-07-28,2025-07-28,24.66,2025-07-26T12:46:01,2025-08-28T18:12:48
SHP00002708,ORD00002708,USPS,2026-01-02,2026-01-08,,23.1,2026-01-02T13:33:57,2026-02-21T19:18:30
SHP00002709,ORD00002709,OnTrac,2024-10-31,2024-11-02,2024-11-06,23.48,2024-10-31T12:24:53,2025-06-23T02:25:20
SHP00002712,ORD00002712,FedEx,2024-11-04,2024-11-08,2024-11-11,31.04,2024-11-04T04:50:41,2025-12-16T20:12:33
SHP00002715,ORD00002715,OnTrac,2024-02-12,2024-02-15,2024-02-19,39.74,2024-02-12T17:56:42,2025-05-07T06:58:38
SHP00002717,ORD00002717,UPS,2026-02-15,2026-02-18,2026-02-21,29.47,2026-02-15T23:44:55,2026-02-15T08:50:12
SHP00002718,ORD00002718,OnTrac,2025-10-11,2025-10-17,2025-10-14,12.3,2025-10-11T21:17:15,2025-10-11T04:40:58
SHP00002719,ORD00002719,OnTrac,2024-01-10,2024-01-15,,37.78,2024-01-10T11:59:36,2025-12-03T12:12:51
SHP00002720,ORD00002720,USPS,2025-02-07,2025-02-12,2025-02-08,26.53,2025-02-07T08:27:44,2026-01-11T10:52:34
SHP00002721,ORD00002721,DHL,2025-07-15,2025-07-18,2025-07-17,22.62,2025-07-15T16:43:56,2025-08-21T09:58:55
SHP00002722,ORD00002722,DHL,2024-10-20,2024-10-22,2024-10-21,5.73,2024-10-20T20:35:50,2025-03-02T04:36:44
SHP00002723,ORD00002723,OnTrac,2025-08-04,2025-08-06,2025-08-10,19.0,2025-08-04T14:54:47,2025-09-21T03:25:13
SHP00002724,ORD00002724,OnTrac,2024-05-21,2024-05-26,2024-05-27,32.96,2024-05-21T15:53:44,2025-11-01T23:41:44
SHP00002725,ORD00002725,UPS,2025-01-20,2025-01-24,,5.08,2025-01-20T13:44:55,2025-07-29T03:24:56
SHP00002726,ORD00002726,XPO,2025-09-18,2025-09-20,2025-09-21,8.66,2025-09-18T22:46:53,2026-01-10T18:49:41
SHP00002728,ORD00002728,OnTrac,2025-01-23,2025-01-27,2025-01-29,35.97,2025-01-23T11:03:11,2025-03-20T15:29:05
SHP00002729,ORD00002729,USPS,2024-07-16,2024-07-22,,35.58,2024-07-16T22:11:33,2025-01-16T02:59:04
SHP00002730,ORD00002730,USPS,2026-01-10,2026-01-15,,12.9,2026-01-10T07:02:59,2026-01-23T22:03:30
SHP00002731,ORD00002731,FedEx,2025-10-12,2025-10-18,2025-10-15,24.75,2025-10-12T03:11:41,2026-01-13T10:09:45
SHP00002732,ORD00002732,FedEx,2025-10-10,2025-10-13,,11.29,2025-10-10T18:15:49,2025-11-24T11:21:01
SHP00002733,ORD00002733,UPS,2025-02-15,2025-02-18,2025-02-22,28.19,2025-02-15T00:00:26,2025-04-10T11:22:37
SHP00002734,ORD00002734,UPS,2025-12-20,2025-12-25,,21.06,2025-12-20T08:55:42,2026-02-08T10:26:56
SHP00002735,ORD00002735,DHL,2024-11-06,2024-11-08,,11.59,2024-11-06T12:29:56,2025-12-28T18:39:06
SHP00002736,ORD00002736,XPO,2024-11-05,2024-11-09,2024-11-10,36.45,2024-11-05T00:49:22,2025-07-29T16:15:33
SHP00002737,ORD00002737,USPS,2024-09-16,2024-09-22,2024-09-23,33.81,2024-09-16T20:19:24,2025-04-11T01:30:27
SHP00002738,ORD00002738,OnTrac,2025-01-08,2025-01-14,2025-01-15,16.19,2025-01-08T16:23:29,2026-02-22T06:09:57
SHP00002739,ORD00002739,FedEx,2025-01-11,2025-01-17,2025-01-18,28.49,2025-01-11T16:50:26,2025-08-07T11:53:34
SHP00002740,ORD00002740,XPO,2025-12-02,2025-12-08,,38.12,2025-12-02T11:19:02,2025-12-09T08:10:04
SHP00002742,ORD00002742,DHL,2024-04-28,2024-05-02,2024-04-30,37.88,2024-04-28T19:27:49,2025-09-12T21:08:14
SHP00002744,ORD00002744,FedEx,2024-12-03,2024-12-09,2024-12-06,13.72,2024-12-03T15:28:13,2026-02-02T05:04:08
SHP00002745,ORD00002745,XPO,2024-02-08,2024-02-12,2024-02-11,16.23,2024-02-08T20:00:15,2024-06-17T03:24:09
SHP00002749,ORD00002749,USPS,2025-06-07,2025-06-09,,23.91,2025-06-07T05:56:45,2025-08-15T12:06:01
SHP00002750,ORD00002750,DHL,2024-09-19,2024-09-25,2024-09-23,28.06,2024-09-19T16:18:08,2025-08-23T05:21:58
SHP00002753,ORD00002753,DHL,2025-11-28,2025-12-02,,10.28,2025-11-28T15:39:05,2026-01-01T08:59:56
SHP00002765,ORD00002765,UPS,2024-11-13,2024-11-16,2024-11-17,14.64,2024-11-13T06:29:50,2025-03-11T11:19:14
SHP00002766,ORD00002766,DHL,2024-06-22,2024-06-27,,19.0,2024-06-22T02:34:10,2025-10-03T20:20:14
SHP00002767,ORD00002767,OnTrac,2024-12-28,2025-01-01,2024-12-29,28.97,2024-12-28T18:49:48,2025-12-19T18:26:57
SHP00002769,ORD00002769,USPS,2024-03-03,2024-03-09,2024-03-07,13.61,2024-03-03T04:14:21,2024-04-12T01:11:21
SHP00002773,ORD00002773,DHL,2025-07-08,2025-07-14,,5.91,2025-07-08T19:07:33,2025-09-19T21:38:17
SHP00002774,ORD00002774,XPO,2025-01-21,2025-01-27,,32.04,2025-01-21T15:30:13,2025-01-22T05:22:38
SHP00002777,ORD00002777,DHL,2025-04-19,2025-04-22,,15.02,2025-04-19T20:44:44,2025-05-26T15:30:00
SHP00002778,ORD00002778,OnTrac,2024-07-30,2024-08-02,2024-08-03,38.89,2024-07-30T18:05:06,2024-09-25T06:10:35
SHP00002781,ORD00002781,UPS,2024-02-12,2024-02-16,,27.41,2024-02-12T13:29:14,2026-02-12T04:15:05
SHP00002782,ORD00002782,DHL,2024-04-06,2024-04-08,2024-04-08,31.51,2024-04-06T23:07:42,2024-10-27T20:56:43
SHP00002783,ORD00002783,UPS,2024-11-10,2024-11-15,2024-11-14,13.7,2024-11-10T02:05:33,2025-12-06T10:52:14
SHP00002785,ORD00002785,USPS,2025-11-05,2025-11-10,,35.44,2025-11-05T21:20:27,2025-12-06T01:29:05
SHP00002786,ORD00002786,USPS,2025-12-21,2025-12-27,2025-12-23,18.19,2025-12-21T09:32:54,2026-02-26T03:15:39
SHP00002789,ORD00002789,DHL,2024-08-26,2024-08-28,2024-08-29,11.86,2024-08-26T12:53:16,2024-10-06T19:16:59
SHP00002790,ORD00002790,USPS,2024-06-23,2024-06-27,,33.76,2024-06-23T19:18:54,2025-12-19T16:54:02
SHP00002791,ORD00002791,UPS,2024-03-12,2024-03-14,2024-03-16,22.94,2024-03-12T00:05:29,2024-04-22T20:57:40
SHP00002793,ORD00002793,XPO,2025-07-21,2025-07-27,,38.37,2025-07-21T13:42:54,2026-01-05T21:07:29
SHP00002794,ORD00002794,UPS,2025-07-21,2025-07-27,,22.61,2025-07-21T11:31:52,2025-10-16T17:25:43
SHP00002795,ORD00002795,USPS,2024-05-07,2024-05-11,2024-05-08,8.67,2024-05-07T22:59:16,2025-08-27T08:50:37
SHP00002798,ORD00002798,USPS,2024-09-12,2024-09-18,,7.35,2024-09-12T22:51:40,2024-10-24T09:15:17
SHP00002799,ORD00002799,USPS,2025-09-12,2025-09-18,,31.58,2025-09-12T04:38:02,2025-12-05T08:44:18
SHP00002801,ORD00002801,XPO,2024-08-23,2024-08-28,,36.82,2024-08-23T01:30:29,2024-12-12T08:26:12
SHP00002802,ORD00002802,FedEx,2025-12-04,2025-12-06,,35.74,2025-12-04T17:55:25,2026-01-01T14:30:15
SHP00002803,ORD00002803,FedEx,2024-08-06,2024-08-08,,13.94,2024-08-06T20:57:27,2025-04-30T16:04:37
SHP00002804,ORD00002804,XPO,2025-12-17,2025-12-21,2025-12-21,6.61,2025-12-17T10:39:04,2026-01-10T18:53:11
SHP00002806,ORD00002806,USPS,2025-06-20,2025-06-25,2025-06-24,19.86,2025-06-20T04:52:22,2025-10-03T10:05:16
SHP00002807,ORD00002807,XPO,2024-12-01,2024-12-04,2024-12-06,35.4,2024-12-01T07:17:47,2025-07-13T21:28:37
SHP00002809,ORD00002809,USPS,2025-05-03,2025-05-09,2025-05-05,16.36,2025-05-03T03:16:20,2026-01-15T16:24:00
SHP00002813,ORD00002813,UPS,2024-08-30,2024-09-03,,20.02,2024-08-30T02:20:02,2025-03-18T15:53:46
SHP00002816,ORD00002816,DHL,2024-06-08,2024-06-11,,6.78,2024-06-08T01:59:57,2025-12-05T10:57:27
SHP00002817,ORD00002817,DHL,2024-04-25,2024-05-01,2024-04-26,31.48,2024-04-25T01:51:46,2025-09-07T19:04:56
SHP00002818,ORD00002818,DHL,2024-06-21,2024-06-27,2024-06-28,31.89,2024-06-21T22:25:08,2025-09-04T19:42:51
SHP00002819,ORD00002819,UPS,2024-12-01,2024-12-04,2024-12-04,25.92,2024-12-01T20:43:06,2025-12-10T14:20:12
SHP00002822,ORD00002822,OnTrac,2025-11-12,2025-11-14,2025-11-15,9.14,2025-11-12T19:24:08,2025-12-13T11:18:37
SHP00002823,ORD00002823,DHL,2024-10-03,2024-10-08,2024-10-07,30.51,2024-10-03T06:03:47,2025-09-01T04:37:49
SHP00002824,ORD00002824,UPS,2024-03-25,2024-03-30,,14.17,2024-03-25T11:35:02,2025-01-06T07:40:33
SHP00002826,ORD00002826,XPO,2025-05-18,2025-05-20,,10.46,2025-05-18T17:41:15,2025-08-03T17:10:24
SHP00002828,ORD00002828,USPS,2024-02-10,2024-02-16,,19.09,2024-02-10T04:03:51,2024-04-04T15:57:04
SHP00002829,ORD00002829,XPO,2024-04-04,2024-04-07,2024-04-05,38.36,2024-04-04T04:34:53,2025-11-01T04:16:43
SHP00002830,ORD00002830,XPO,2024-11-26,2024-11-29,2024-12-01,39.45,2024-11-26T05:07:18,2025-12-21T01:24:20
SHP00002831,ORD00002831,OnTrac,2024-02-20,2024-02-23,2024-02-25,6.37,2024-02-20T01:05:00,2024-06-01T01:50:49
SHP00002832,ORD00002832,USPS,2025-10-10,2025-10-12,2025-10-13,22.57,2025-10-10T10:39:40,2025-12-10T23:39:48
SHP00002836,ORD00002836,UPS,2025-05-15,2025-05-20,2025-05-16,33.76,2025-05-15T17:17:14,2025-05-30T07:48:56
SHP00002838,ORD00002838,UPS,2025-10-28,2025-10-31,2025-11-03,33.93,2025-10-28T09:44:41,2025-12-02T02:13:53
SHP00002839,ORD00002839,OnTrac,2024-11-25,2024-11-30,2024-11-26,8.97,2024-11-25T22:40:11,2025-11-10T03:25:36
SHP00002840,ORD00002840,USPS,2025-11-05,2025-11-11,,28.96,2025-11-05T23:49:29,2025-11-10T01:21:06
SHP00002842,ORD00002842,FedEx,2024-02-02,2024-02-05,2024-02-05,33.07,2024-02-02T05:34:27,2026-01-29T20:09:31
SHP00002843,ORD00002843,DHL,2024-09-09,2024-09-14,2024-09-13,39.87,2024-09-09T10:22:50,2025-08-05T22:54:46
SHP00002844,ORD00002844,FedEx,2024-10-23,2024-10-25,2024-10-30,22.17,2024-10-23T19:00:02,2025-09-17T14:38:33
SHP00002846,ORD00002846,OnTrac,2024-03-28,2024-03-31,,13.05,2024-03-28T17:45:58,2025-06-26T06:03:21
SHP00002847,ORD00002847,FedEx,2024-06-23,2024-06-28,,12.53,2024-06-23T23:27:13,2025-09-15T17:31:14
SHP00002848,ORD00002848,FedEx,2024-10-22,2024-10-24,2024-10-28,38.89,2024-10-22T02:15:46,2025-05-28T09:02:29
SHP00002850,ORD00002850,FedEx,2025-05-09,2025-05-14,,4.39,2025-05-09T20:43:40,2025-09-03T09:40:12
SHP00002851,ORD00002851,UPS,2025-02-04,2025-02-07,2025-02-07,9.34,2025-02-04T18:19:19,2025-08-31T14:19:15
SHP00002852,ORD00002852,DHL,2024-01-11,2024-01-15,2024-01-13,17.57,2024-01-11T00:26:50,2024-04-27T07:43:42
SHP00002854,ORD00002854,USPS,2024-09-21,2024-09-23,,14.71,2024-09-21T15:21:09,2025-04-25T03:56:29
SHP00002855,ORD00002855,OnTrac,2026-01-06,2026-01-08,2026-01-12,24.04,2026-01-06T18:40:12,2026-01-17T19:25:48
SHP00002856,ORD00002856,FedEx,2024-08-25,2024-08-29,,17.11,2024-08-25T06:22:00,2025-08-22T12:36:50
SHP00002858,ORD00002858,FedEx,2024-07-07,2024-07-12,,36.09,2024-07-07T12:00:20,2024-09-19T16:14:56
SHP00002859,ORD00002859,USPS,2025-02-18,2025-02-24,2025-02-19,16.83,2025-02-18T20:27:07,2025-07-09T00:46:10
SHP00002860,ORD00002860,UPS,2025-09-22,2025-09-26,,14.26,2025-09-22T12:12:42,2026-01-15T10:52:27
SHP00002862,ORD00002862,UPS,2024-01-31,2024-02-06,2024-02-04,28.35,2024-01-31T23:21:25,2024-07-07T10:06:49
SHP00002863,ORD00002863,FedEx,2024-04-09,2024-04-11,,7.27,2024-04-09T12:21:01,2024-12-25T20:53:58
SHP00002864,ORD00002864,USPS,2025-03-18,2025-03-22,2025-03-21,39.58,2025-03-18T09:55:30,2025-07-14T04:35:55
SHP00002866,ORD00002866,USPS,2025-05-21,2025-05-26,,34.52,2025-05-21T18:46:29,2025-11-23T13:15:16
SHP00002867,ORD00002867,DHL,2024-10-31,2024-11-05,2024-11-06,10.67,2024-10-31T12:05:09,2025-12-28T09:23:43
SHP00002868,ORD00002868,DHL,2025-10-10,2025-10-14,2025-10-17,35.06,2025-10-10T00:31:00,2025-12-31T20:53:50
SHP00002869,ORD00002869,DHL,2024-06-17,2024-06-21,2024-06-19,24.14,2024-06-17T13:38:23,2025-03-03T03:29:37
SHP00002870,ORD00002870,XPO,2025-11-11,2025-11-17,,22.25,2025-11-11T03:40:05,2025-12-29T11:16:38
SHP00002871,ORD00002871,XPO,2024-09-24,2024-09-30,2024-09-27,31.09,2024-09-24T23:32:36,2025-09-28T00:51:13
SHP00002873,ORD00002873,OnTrac,2025-03-21,2025-03-27,,36.37,2025-03-21T21:43:29,2025-12-13T21:24:58
SHP00002875,ORD00002875,UPS,2024-12-10,2024-12-15,2024-12-11,29.86,2024-12-10T02:32:52,2025-12-31T18:57:19
SHP00002876,ORD00002876,XPO,2025-06-03,2025-06-06,,22.22,2025-06-03T08:10:33,2025-11-07T10:00:25
SHP00002878,ORD00002878,OnTrac,2024-07-11,2024-07-17,2024-07-17,26.02,2024-07-11T19:16:28,2025-09-07T12:55:36
SHP00002881,ORD00002881,DHL,2024-11-22,2024-11-25,2024-11-24,24.53,2024-11-22T04:37:06,2024-12-08T12:37:41
SHP00002882,ORD00002882,FedEx,2025-11-08,2025-11-14,2025-11-12,17.28,2025-11-08T04:51:39,2026-02-14T01:18:24
SHP00002886,ORD00002886,UPS,2025-01-10,2025-01-12,,20.34,2025-01-10T18:30:32,2025-12-11T04:39:51
SHP00002887,ORD00002887,USPS,2025-09-10,2025-09-16,2025-09-15,4.19,2025-09-10T03:27:17,2026-02-20T21:35:55
SHP00002889,ORD00002889,DHL,2024-12-16,2024-12-19,2024-12-21,32.03,2024-12-16T18:43:06,2025-10-03T03:47:41
SHP00002891,ORD00002891,DHL,2024-08-16,2024-08-22,2024-08-22,26.85,2024-08-16T12:35:07,2024-08-19T21:22:33
SHP00002894,ORD00002894,XPO,2025-09-18,2025-09-22,,17.46,2025-09-18T18:26:45,2025-10-31T02:30:17
SHP00002895,ORD00002895,USPS,2026-01-24,2026-01-27,,36.23,2026-01-24T03:20:27,2026-02-23T03:01:20
SHP00002897,ORD00002897,XPO,2024-05-12,2024-05-16,,8.84,2024-05-12T12:29:17,2026-02-01T14:11:43
SHP00002898,ORD00002898,XPO,2024-08-03,2024-08-06,,7.21,2024-08-03T00:27:38,2026-02-10T19:52:43
SHP00002901,ORD00002901,OnTrac,2024-04-11,2024-04-16,,39.49,2024-04-11T12:02:49,2025-09-17T22:49:40
SHP00002904,ORD00002904,XPO,2024-02-13,2024-02-18,,38.21,2024-02-13T10:46:08,2024-09-11T20:49:10
SHP00002907,ORD00002907,DHL,2024-06-17,2024-06-23,2024-06-23,13.06,2024-06-17T21:50:14,2025-11-22T03:13:14
SHP00002909,ORD00002909,OnTrac,2024-02-29,2024-03-06,2024-03-03,30.21,2024-02-29T21:52:34,2024-07-05T09:25:33
SHP00002910,ORD00002910,FedEx,2024-06-05,2024-06-08,,12.06,2024-06-05T08:59:39,2025-03-13T03:03:35
SHP00002916,ORD00002916,OnTrac,2024-11-16,2024-11-21,,17.21,2024-11-16T02:36:56,2025-02-09T20:32:37
SHP00002917,ORD00002917,OnTrac,2024-01-14,2024-01-20,2024-01-21,39.41,2024-01-14T20:46:50,2024-07-01T08:49:06
SHP00002918,ORD00002918,OnTrac,2024-03-01,2024-03-03,,18.82,2024-03-01T15:02:58,2024-08-28T12:06:43
SHP00002919,ORD00002919,USPS,2024-04-18,2024-04-20,2024-04-20,16.32,2024-04-18T15:54:21,2025-09-15T16:49:04
SHP00002923,ORD00002923,DHL,2025-10-06,2025-10-08,,36.5,2025-10-06T06:53:55,2025-12-31T14:36:29
SHP00002924,ORD00002924,DHL,2024-11-24,2024-11-26,,32.84,2024-11-24T17:52:28,2025-07-11T20:23:04
SHP00002928,ORD00002928,USPS,2025-05-28,2025-05-30,2025-05-30,6.16,2025-05-28T15:21:20,2026-02-16T00:03:28
SHP00002929,ORD00002929,USPS,2024-10-10,2024-10-15,2024-10-15,18.81,2024-10-10T03:54:43,2024-10-31T01:33:19
SHP00002930,ORD00002930,DHL,2025-05-30,2025-06-04,2025-06-04,18.76,2025-05-30T12:10:41,2026-01-02T13:54:49
SHP00002931,ORD00002931,XPO,2024-05-28,2024-06-03,2024-05-29,39.84,2024-05-28T19:56:37,2024-05-30T22:41:24
SHP00002933,ORD00002933,XPO,2024-09-11,2024-09-13,2024-09-16,7.48,2024-09-11T07:12:50,2025-07-02T23:43:17
SHP00002934,ORD00002934,DHL,2025-06-24,2025-06-27,2025-07-01,15.9,2025-06-24T02:43:59,2025-12-01T08:30:34
SHP00002935,ORD00002935,UPS,2025-07-18,2025-07-20,2025-07-21,36.63,2025-07-18T20:15:20,2025-12-31T11:11:44
SHP00002937,ORD00002937,USPS,2025-08-23,2025-08-29,,32.32,2025-08-23T22:57:33,2026-02-08T17:40:52
SHP00002938,ORD00002938,DHL,2024-02-23,2024-02-26,2024-02-28,24.46,2024-02-23T15:49:37,2025-11-25T01:09:15
SHP00002940,ORD00002940,UPS,2024-07-05,2024-07-08,2024-07-07,39.58,2024-07-05T18:10:45,2024-12-22T02:40:23
SHP00002942,ORD00002942,UPS,2025-09-21,2025-09-25,2025-09-28,27.83,2025-09-21T12:13:20,2025-10-25T02:52:40
SHP00002943,ORD00002943,OnTrac,2024-11-02,2024-11-04,2024-11-07,14.63,2024-11-02T21:05:25,2025-05-17T05:00:53
SHP00002944,ORD00002944,UPS,2024-11-14,2024-11-18,2024-11-17,33.71,2024-11-14T15:00:29,2024-11-17T23:59:53
SHP00002945,ORD00002945,XPO,2025-05-01,2025-05-04,2025-05-05,39.16,2025-05-01T17:50:53,2025-09-13T22:06:09
SHP00002946,ORD00002946,FedEx,2024-06-07,2024-06-12,,37.01,2024-06-07T16:42:00,2025-05-08T19:48:41
SHP00002947,ORD00002947,UPS,2025-08-23,2025-08-28,2025-08-28,18.32,2025-08-23T09:29:23,2025-11-11T12:08:02
SHP00002948,ORD00002948,UPS,2025-05-27,2025-06-01,,17.14,2025-05-27T07:55:23,2025-07-13T12:39:53
SHP00002949,ORD00002949,FedEx,2024-04-25,2024-04-29,2024-04-28,7.95,2024-04-25T01:19:56,2024-05-19T11:52:17
SHP00002950,ORD00002950,DHL,2026-02-01,2026-02-06,2026-02-05,36.86,2026-02-01T15:55:18,2026-02-18T14:01:24
SHP00002951,ORD00002951,OnTrac,2024-02-28,2024-03-04,2024-03-01,11.92,2024-02-28T15:55:45,2025-08-31T00:52:37
SHP00002956,ORD00002956,UPS,2025-02-27,2025-03-04,,21.51,2025-02-27T15:52:33,2025-07-30T06:57:42
SHP00002960,ORD00002960,XPO,2025-10-10,2025-10-15,,38.18,2025-10-10T20:22:17,2025-12-14T22:33:50
SHP00002968,ORD00002968,OnTrac,2025-11-12,2025-11-16,2025-11-17,21.05,2025-11-12T12:43:33,2025-12-29T22:03:44
SHP00002970,ORD00002970,XPO,2024-09-29,2024-10-05,2024-10-04,33.59,2024-09-29T14:37:22,2025-03-11T06:20:26
SHP00002971,ORD00002971,USPS,2024-02-06,2024-02-09,2024-02-08,20.49,2024-02-06T04:09:45,2024-08-05T06:41:08
SHP00002973,ORD00002973,UPS,2024-03-29,2024-04-01,,10.81,2024-03-29T13:39:48,2025-04-30T19:09:08
SHP00002976,ORD00002976,DHL,2025-05-10,2025-05-15,2025-05-11,14.64,2025-05-10T23:06:07,2025-08-18T18:17:20
SHP00002977,ORD00002977,OnTrac,2025-11-06,2025-11-12,,8.74,2025-11-06T15:12:56,2026-02-28T01:55:04
SHP00002978,ORD00002978,XPO,2025-01-21,2025-01-25,2025-01-25,32.55,2025-01-21T02:26:47,2026-02-14T06:52:42
SHP00002981,ORD00002981,FedEx,2024-02-21,2024-02-27,,23.61,2024-02-21T16:52:50,2025-06-05T21:22:17
SHP00002982,ORD00002982,UPS,2024-11-16,2024-11-22,2024-11-20,38.79,2024-11-16T17:58:56,2025-12-22T05:00:51
SHP00002985,ORD00002985,DHL,2024-03-03,2024-03-07,,8.92,2024-03-03T12:29:22,2025-11-10T10:01:47
SHP00002986,ORD00002986,UPS,2024-04-01,2024-04-07,2024-04-05,10.98,2024-04-01T15:09:33,2024-10-05T01:55:51
SHP00002987,ORD00002987,DHL,2024-08-04,2024-08-10,,37.78,2024-08-04T12:23:51,2026-02-06T09:26:40
SHP00002988,ORD00002988,FedEx,2025-09-15,2025-09-20,2025-09-22,38.31,2025-09-15T04:13:28,2025-09-20T20:13:55
SHP00002990,ORD00002990,USPS,2025-01-19,2025-01-25,,23.58,2025-01-19T01:36:16,2025-08-17T00:51:58
SHP00002991,ORD00002991,DHL,2024-12-19,2024-12-21,2024-12-23,33.63,2024-12-19T03:57:22,2025-12-27T07:05:42
SHP00002992,ORD00002992,XPO,2025-12-23,2025-12-27,2025-12-29,13.6,2025-12-23T15:25:23,2026-02-27T21:04:06
SHP00002993,ORD00002993,XPO,2024-07-10,2024-07-12,2024-07-13,12.03,2024-07-10T09:52:50,2024-11-07T02:42:04
SHP00002994,ORD00002994,UPS,2024-11-13,2024-11-15,,39.16,2024-11-13T01:21:30,2025-05-13T15:09:46
SHP00002995,ORD00002995,UPS,2026-01-15,2026-01-21,2026-01-19,11.7,2026-01-15T21:30:46,2026-02-11T04:03:55
SHP00002996,ORD00002996,USPS,2024-06-19,2024-06-24,,4.96,2024-06-19T20:21:33,2025-10-17T23:08:06
SHP00002999,ORD00002999,UPS,2025-01-05,2025-01-09,2025-01-11,18.53,2025-01-05T15:18:05,2025-08-09T04:19:51
SHP00003000,ORD00003000,XPO,2025-02-19,2025-02-24,,35.5,2025-02-19T15:16:33,2025-10-22T22:24:41
SHP00003001,ORD00003001,OnTrac,2024-10-02,2024-10-06,2024-10-07,5.7,2024-10-02T05:35:15,2026-02-06T02:49:06
SHP00003003,ORD00003003,USPS,2025-06-11,2025-06-17,2025-06-16,5.57,2025-06-11T18:52:15,2025-10-25T17:44:19
SHP00003005,ORD00003005,UPS,2025-01-10,2025-01-15,,8.1,2025-01-10T22:02:37,2025-06-13T23:58:47
SHP00003007,ORD00003007,USPS,2025-03-03,2025-03-09,2025-03-06,22.67,2025-03-03T07:54:14,2025-04-03T16:31:47
SHP00003009,ORD00003009,FedEx,2024-01-31,2024-02-03,2024-02-03,11.68,2024-01-31T19:11:30,2024-08-22T12:24:51
SHP00003010,ORD00003010,UPS,2025-11-02,2025-11-04,2025-11-09,14.59,2025-11-02T17:01:55,2025-12-06T14:05:46
SHP00003016,ORD00003016,XPO,2024-09-14,2024-09-19,,24.9,2024-09-14T00:10:48,2025-12-17T11:53:17
SHP00003017,ORD00003017,FedEx,2025-05-06,2025-05-11,2025-05-10,38.78,2025-05-06T09:11:36,2025-10-17T07:04:33
SHP00003022,ORD00003022,DHL,2025-02-08,2025-02-14,2025-02-13,17.95,2025-02-08T21:53:57,2025-08-08T07:55:10
SHP00003024,ORD00003024,XPO,2026-02-13,2026-02-18,,30.73,2026-02-13T10:35:33,2026-02-17T13:42:55
SHP00003025,ORD00003025,DHL,2024-01-25,2024-01-27,2024-01-30,9.28,2024-01-25T05:23:38,2025-05-09T16:14:43
SHP00003026,ORD00003026,OnTrac,2024-05-28,2024-06-02,,35.67,2024-05-28T03:06:04,2024-05-28T19:41:56
SHP00003028,ORD00003028,XPO,2025-08-19,2025-08-25,,39.46,2025-08-19T23:59:48,2025-12-23T05:21:14
SHP00003029,ORD00003029,XPO,2025-03-16,2025-03-19,2025-03-18,19.09,2025-03-16T23:58:18,2025-07-28T07:02:18
SHP00003030,ORD00003030,USPS,2024-12-25,2024-12-31,,7.7,2024-12-25T01:59:32,2025-12-16T13:32:23
SHP00003031,ORD00003031,FedEx,2024-11-26,2024-12-02,2024-11-28,30.06,2024-11-26T02:00:57,2025-11-21T13:13:02
SHP00003032,ORD00003032,FedEx,2026-02-17,2026-02-20,,8.48,2026-02-17T00:16:28,2026-02-26T19:59:39
SHP00003033,ORD00003033,USPS,2024-01-10,2024-01-14,,31.66,2024-01-10T22:13:28,2026-02-25T02:14:53
SHP00003034,ORD00003034,OnTrac,2025-05-22,2025-05-27,,34.44,2025-05-22T00:34:23,2026-01-15T04:36:02
SHP00003035,ORD00003035,FedEx,2026-02-10,2026-02-12,2026-02-13,9.83,2026-02-10T06:15:37,2026-02-11T11:04:32
SHP00003036,ORD00003036,FedEx,2025-12-16,2025-12-21,,27.81,2025-12-16T22:01:59,2026-02-14T06:42:56
SHP00003037,ORD00003037,OnTrac,2024-07-10,2024-07-16,2024-07-13,29.86,2024-07-10T01:09:49,2024-08-21T14:13:39
SHP00003038,ORD00003038,USPS,2025-11-13,2025-11-18,2025-11-15,8.57,2025-11-13T23:09:19,2026-01-19T19:42:20
SHP00003040,ORD00003040,FedEx,2024-01-04,2024-01-09,2024-01-10,31.85,2024-01-04T07:42:35,2025-03-03T10:18:09
SHP00003041,ORD00003041,USPS,2025-06-19,2025-06-22,,29.11,2025-06-19T06:51:41,2025-12-28T17:43:48
SHP00003043,ORD00003043,USPS,2024-08-09,2024-08-15,,6.02,2024-08-09T01:46:02,2025-09-13T00:26:47
SHP00003045,ORD00003045,OnTrac,2025-02-20,2025-02-26,2025-02-23,39.04,2025-02-20T23:34:55,2025-03-04T20:38:32
SHP00003046,ORD00003046,USPS,2024-06-10,2024-06-16,2024-06-17,37.24,2024-06-10T15:11:33,2025-12-25T07:14:40
SHP00003047,ORD00003047,FedEx,2024-10-01,2024-10-05,,26.72,2024-10-01T18:40:20,2025-10-26T09:46:29
SHP00003048,ORD00003048,OnTrac,2024-04-25,2024-05-01,,27.77,2024-04-25T09:55:50,2025-08-08T21:47:15
SHP00003049,ORD00003049,UPS,2024-10-02,2024-10-04,2024-10-06,25.31,2024-10-02T23:52:40,2025-11-21T21:32:34
SHP00003050,ORD00003050,XPO,2025-03-19,2025-03-23,,25.65,2025-03-19T16:42:42,2026-02-22T00:23:44
SHP00003055,ORD00003055,UPS,2025-01-18,2025-01-22,2025-01-22,7.88,2025-01-18T02:42:12,2025-06-22T21:58:56
SHP00003056,ORD00003056,USPS,2025-04-24,2025-04-26,,25.72,2025-04-24T20:54:02,2025-11-16T03:43:33
SHP00003058,ORD00003058,UPS,2025-04-09,2025-04-13,2025-04-13,27.32,2025-04-09T09:48:51,2025-09-02T21:23:10
SHP00003059,ORD00003059,OnTrac,2025-02-06,2025-02-09,2025-02-07,22.85,2025-02-06T08:35:47,2025-08-09T13:18:53
SHP00003062,ORD00003062,USPS,2024-11-03,2024-11-05,,33.85,2024-11-03T00:23:41,2024-11-14T18:51:24
SHP00003068,ORD00003068,UPS,2024-03-22,2024-03-26,2024-03-23,14.75,2024-03-22T21:13:54,2024-07-21T02:26:32
SHP00003071,ORD00003071,USPS,2026-01-25,2026-01-31,,9.68,2026-01-25T11:02:36,2026-02-06T08:28:41
SHP00003073,ORD00003073,OnTrac,2025-10-06,2025-10-10,2025-10-07,36.02,2025-10-06T10:46:41,2025-12-01T09:24:04
SHP00003078,ORD00003078,UPS,2025-06-06,2025-06-12,2025-06-08,16.34,2025-06-06T20:28:28,2025-12-03T18:10:22
SHP00003079,ORD00003079,FedEx,2024-08-29,2024-09-03,2024-09-04,35.76,2024-08-29T03:56:15,2025-03-19T06:54:12
SHP00003080,ORD00003080,OnTrac,2025-09-04,2025-09-07,,36.33,2025-09-04T01:38:48,2025-12-21T09:01:22
SHP00003082,ORD00003082,DHL,2025-09-29,2025-10-03,,7.29,2025-09-29T09:28:21,2025-12-01T10:29:57
SHP00003084,ORD00003084,DHL,2025-04-10,2025-04-13,2025-04-14,18.15,2025-04-10T08:03:04,2025-08-14T00:21:18
SHP00003085,ORD00003085,FedEx,2025-04-06,2025-04-08,,7.18,2025-04-06T20:57:31,2025-09-10T21:32:31
SHP00003088,ORD00003088,DHL,2026-01-28,2026-01-31,2026-02-04,25.88,2026-01-28T04:27:27,2026-02-24T10:19:22
SHP00003089,ORD00003089,DHL,2025-07-02,2025-07-08,2025-07-06,12.69,2025-07-02T03:37:06,2025-09-11T10:52:40
SHP00003091,ORD00003091,DHL,2024-02-03,2024-02-05,2024-02-07,10.23,2024-02-03T12:08:54,2025-10-16T12:13:10
SHP00003092,ORD00003092,UPS,2024-10-19,2024-10-24,2024-10-23,30.59,2024-10-19T22:49:58,2024-12-01T20:01:24
SHP00003093,ORD00003093,DHL,2024-08-31,2024-09-02,2024-09-02,6.09,2024-08-31T07:11:25,2025-07-27T21:29:24
SHP00003094,ORD00003094,XPO,2025-07-09,2025-07-13,2025-07-11,22.04,2025-07-09T03:29:03,2026-02-18T14:14:54
SHP00003097,ORD00003097,DHL,2024-12-19,2024-12-23,2024-12-22,20.65,2024-12-19T05:13:55,2025-05-01T13:29:07
SHP00003100,ORD00003100,DHL,2026-02-23,2026-02-28,2026-02-26,18.21,2026-02-23T19:18:54,2026-02-25T04:08:53
SHP00003101,ORD00003101,UPS,2024-10-19,2024-10-21,2024-10-26,38.78,2024-10-19T01:14:31,2025-06-03T00:09:21
SHP00003104,ORD00003104,USPS,2024-02-01,2024-02-06,2024-02-08,11.06,2024-02-01T09:02:14,2024-07-29T13:12:17
SHP00003105,ORD00003105,XPO,2025-01-30,2025-02-01,2025-02-03,20.53,2025-01-30T04:21:19,2025-08-18T14:34:19
SHP00003106,ORD00003106,USPS,2025-11-22,2025-11-26,2025-11-29,6.52,2025-11-22T16:52:11,2026-02-01T15:30:05
SHP00003107,ORD00003107,DHL,2026-02-04,2026-02-06,2026-02-11,14.89,2026-02-04T16:54:58,2026-02-17T01:16:35
SHP00003108,ORD00003108,FedEx,2025-01-01,2025-01-04,,24.56,2025-01-01T00:26:14,2026-02-14T22:12:55
SHP00003110,ORD00003110,XPO,2025-02-27,2025-03-03,2025-03-03,16.24,2025-02-27T09:13:27,2025-06-03T21:48:20
SHP00003111,ORD00003111,UPS,2026-02-01,2026-02-03,,16.12,2026-02-01T04:40:51,2026-02-03T02:25:28
SHP00003112,ORD00003112,OnTrac,2024-10-11,2024-10-13,2024-10-13,13.73,2024-10-11T18:20:00,2025-10-31T20:39:49
SHP00003114,ORD00003114,XPO,2025-07-31,2025-08-05,2025-08-02,24.64,2025-07-31T04:32:41,2025-11-20T22:43:07
SHP00003115,ORD00003115,OnTrac,2025-06-23,2025-06-25,2025-06-30,6.18,2025-06-23T05:35:41,2025-09-05T08:12:43
SHP00003116,ORD00003116,USPS,2025-11-19,2025-11-23,2025-11-25,22.94,2025-11-19T12:26:21,2026-01-03T17:55:54
SHP00003118,ORD00003118,UPS,2024-07-20,2024-07-26,,39.87,2024-07-20T12:15:00,2025-05-05T20:26:14
SHP00003119,ORD00003119,USPS,2024-08-31,2024-09-06,,29.11,2024-08-31T00:34:09,2025-01-27T07:31:03
SHP00003120,ORD00003120,XPO,2025-02-26,2025-03-03,,28.53,2025-02-26T06:09:33,2025-03-10T02:59:16
SHP00003122,ORD00003122,DHL,2025-03-18,2025-03-24,2025-03-19,9.88,2025-03-18T17:27:03,2025-05-26T19:37:12
SHP00003123,ORD00003123,OnTrac,2025-03-30,2025-04-04,2025-04-02,11.12,2025-03-30T19:51:42,2026-01-21T15:02:49
SHP00003125,ORD00003125,FedEx,2025-03-27,2025-04-01,2025-03-28,16.3,2025-03-27T18:04:01,2025-07-26T12:16:34
SHP00003126,ORD00003126,OnTrac,2025-04-25,2025-04-29,2025-04-29,7.53,2025-04-25T14:34:56,2026-02-18T22:03:22
SHP00003127,ORD00003127,XPO,2024-10-01,2024-10-06,2024-10-06,22.39,2024-10-01T00:33:27,2025-08-11T08:25:39
SHP00003129,ORD00003129,DHL,2025-10-08,2025-10-10,2025-10-14,13.93,2025-10-08T18:29:16,2026-01-26T22:55:52
SHP00003133,ORD00003133,DHL,2024-02-09,2024-02-12,,5.56,2024-02-09T10:06:38,2025-02-01T02:41:41
SHP00003134,ORD00003134,UPS,2024-01-18,2024-01-22,2024-01-25,18.16,2024-01-18T11:23:54,2025-01-15T23:40:10
SHP00003135,ORD00003135,USPS,2025-04-18,2025-04-23,2025-04-20,11.2,2025-04-18T13:08:57,2025-06-21T14:43:02
SHP00003136,ORD00003136,USPS,2025-07-03,2025-07-07,,14.7,2025-07-03T21:34:26,2026-02-18T17:34:42
SHP00003137,ORD00003137,XPO,2025-02-03,2025-02-07,,24.5,2025-02-03T00:41:56,2025-04-14T20:05:22
SHP00003138,ORD00003138,OnTrac,2024-05-11,2024-05-14,2024-05-15,33.63,2024-05-11T00:20:47,2024-09-15T19:15:24
SHP00003141,ORD00003141,OnTrac,2024-12-14,2024-12-19,2024-12-18,31.5,2024-12-14T02:02:37,2025-11-25T23:08:40
SHP00003142,ORD00003142,FedEx,2025-12-30,2026-01-03,,39.99,2025-12-30T10:19:42,2026-01-02T16:42:17
SHP00003146,ORD00003146,FedEx,2024-01-29,2024-02-03,2024-01-31,17.8,2024-01-29T22:37:32,2025-07-13T17:11:27
SHP00003147,ORD00003147,XPO,2024-04-28,2024-05-04,,27.59,2024-04-28T22:28:07,2025-04-13T06:15:16
SHP00003148,ORD00003148,UPS,2025-08-29,2025-09-03,2025-08-30,36.8,2025-08-29T22:19:21,2025-12-21T13:45:14
SHP00003149,ORD00003149,OnTrac,2024-12-15,2024-12-18,,5.32,2024-12-15T08:39:55,2025-01-15T19:40:33
SHP00003150,ORD00003150,FedEx,2026-02-20,2026-02-24,,31.99,2026-02-20T08:18:04,2026-02-24T22:26:49
SHP00003151,ORD00003151,USPS,2024-01-14,2024-01-16,2024-01-18,5.36,2024-01-14T14:07:35,2025-08-30T11:40:58
SHP00003154,ORD00003154,FedEx,2024-09-12,2024-09-17,2024-09-14,7.08,2024-09-12T09:56:57,2025-10-11T21:08:51
SHP00003155,ORD00003155,DHL,2024-05-02,2024-05-07,2024-05-09,28.77,2024-05-02T09:53:21,2024-06-22T17:38:47
SHP00003157,ORD00003157,DHL,2025-08-29,2025-09-01,2025-08-30,11.31,2025-08-29T18:46:04,2025-11-11T10:18:09
SHP00003158,ORD00003158,USPS,2024-05-27,2024-06-02,,22.41,2024-05-27T11:46:14,2025-02-20T17:18:16
SHP00003159,ORD00003159,OnTrac,2024-11-03,2024-11-07,,12.97,2024-11-03T12:44:08,2025-12-01T17:01:25
SHP00003160,ORD00003160,OnTrac,2025-02-11,2025-02-13,2025-02-13,26.83,2025-02-11T15:51:33,2025-05-20T16:55:28
SHP00003161,ORD00003161,UPS,2025-01-16,2025-01-18,2025-01-20,25.77,2025-01-16T16:18:08,2025-06-16T21:18:34
SHP00003162,ORD00003162,OnTrac,2024-02-05,2024-02-08,2024-02-10,6.71,2024-02-05T04:44:42,2024-08-10T08:48:33
SHP00003163,ORD00003163,USPS,2025-12-15,2025-12-20,2025-12-19,23.84,2025-12-15T23:03:14,2026-02-15T02:18:45
SHP00003166,ORD00003166,USPS,2025-02-08,2025-02-11,2025-02-11,13.31,2025-02-08T13:14:37,2025-08-08T19:15:16
SHP00003167,ORD00003167,OnTrac,2025-07-02,2025-07-07,2025-07-08,39.33,2025-07-02T10:29:43,2026-02-23T10:37:46
SHP00003169,ORD00003169,UPS,2025-05-11,2025-05-16,,9.18,2025-05-11T03:01:22,2025-06-27T07:02:42
SHP00003171,ORD00003171,XPO,2024-08-19,2024-08-21,,21.68,2024-08-19T15:33:53,2025-06-07T06:30:25
SHP00003173,ORD00003173,UPS,2025-01-19,2025-01-24,,35.11,2025-01-19T02:49:02,2025-06-12T03:50:54
SHP00003174,ORD00003174,OnTrac,2025-03-17,2025-03-21,2025-03-18,6.04,2025-03-17T12:11:18,2026-02-14T12:18:36
SHP00003178,ORD00003178,OnTrac,2024-04-23,2024-04-27,2024-04-27,8.23,2024-04-23T08:03:18,2025-01-13T00:07:11
SHP00003180,ORD00003180,UPS,2025-04-27,2025-05-02,2025-05-03,12.26,2025-04-27T06:15:09,2025-07-16T12:58:33
SHP00003182,ORD00003182,FedEx,2025-01-21,2025-01-26,2025-01-26,12.7,2025-01-21T16:31:46,2025-04-12T08:59:47
SHP00003183,ORD00003183,DHL,2025-09-10,2025-09-16,,20.97,2025-09-10T20:12:48,2025-11-28T05:09:50
SHP00003188,ORD00003188,DHL,2024-02-18,2024-02-21,,9.87,2024-02-18T09:01:51,2024-08-23T12:23:29
SHP00003190,ORD00003190,OnTrac,2025-10-21,2025-10-25,,25.98,2025-10-21T23:12:20,2026-02-03T02:18:25
SHP00003191,ORD00003191,XPO,2025-11-30,2025-12-05,2025-12-05,32.04,2025-11-30T00:50:43,2026-02-25T20:01:00
SHP00003195,ORD00003195,UPS,2024-02-20,2024-02-24,2024-02-23,26.88,2024-02-20T03:40:26,2026-01-11T18:45:42
SHP00003197,ORD00003197,USPS,2024-06-16,2024-06-22,2024-06-21,15.0,2024-06-16T23:57:11,2025-04-25T17:17:52
SHP00003198,ORD00003198,UPS,2024-11-10,2024-11-16,,12.44,2024-11-10T21:58:52,2025-12-20T09:03:56
SHP00003201,ORD00003201,XPO,2024-09-30,2024-10-05,2024-10-02,9.64,2024-09-30T07:13:58,2025-03-04T01:29:26
SHP00003202,ORD00003202,XPO,2024-09-08,2024-09-11,,23.65,2024-09-08T08:17:28,2025-06-30T17:16:20
SHP00003203,ORD00003203,UPS,2025-08-02,2025-08-06,2025-08-03,29.07,2025-08-02T04:49:49,2026-01-29T04:38:27
SHP00003204,ORD00003204,FedEx,2024-10-12,2024-10-18,,24.7,2024-10-12T00:13:05,2025-02-16T17:09:49
SHP00003205,ORD00003205,DHL,2024-02-28,2024-03-01,2024-03-02,30.46,2024-02-28T23:53:59,2024-04-12T18:40:52
SHP00003206,ORD00003206,UPS,2026-02-14,2026-02-16,2026-02-17,9.33,2026-02-14T00:16:21,2026-02-19T13:24:47
SHP00003210,ORD00003210,USPS,2025-07-12,2025-07-18,,34.34,2025-07-12T19:32:34,2025-11-01T21:17:33
SHP00003211,ORD00003211,USPS,2024-01-30,2024-02-02,,39.95,2024-01-30T00:42:13,2025-11-17T15:13:21
SHP00003212,ORD00003212,UPS,2025-02-05,2025-02-10,2025-02-09,20.33,2025-02-05T15:36:12,2025-03-18T17:38:08
SHP00003213,ORD00003213,FedEx,2025-06-23,2025-06-26,2025-06-24,16.87,2025-06-23T13:53:05,2025-09-14T12:50:41
SHP00003214,ORD00003214,USPS,2025-11-26,2025-11-30,2025-12-02,14.06,2025-11-26T09:07:55,2026-02-19T00:33:47
SHP00003215,ORD00003215,DHL,2025-12-23,2025-12-27,2025-12-26,5.24,2025-12-23T18:38:13,2026-02-15T12:35:56
SHP00003220,ORD00003220,XPO,2025-06-05,2025-06-11,2025-06-11,32.79,2025-06-05T09:19:05,2025-07-02T04:10:41
SHP00003221,ORD00003221,FedEx,2024-04-22,2024-04-24,2024-04-25,29.45,2024-04-22T04:07:38,2025-08-05T21:45:38
SHP00003222,ORD00003222,DHL,2024-08-10,2024-08-12,2024-08-13,36.97,2024-08-10T17:21:37,2025-04-03T18:49:06
SHP00003223,ORD00003223,XPO,2026-01-30,2026-02-02,2026-02-03,26.42,2026-01-30T10:24:55,2026-02-23T12:07:00
SHP00003224,ORD00003224,OnTrac,2024-09-05,2024-09-10,2024-09-07,16.96,2024-09-05T04:17:15,2025-12-16T02:00:29
SHP00003225,ORD00003225,USPS,2024-04-05,2024-04-11,2024-04-09,34.94,2024-04-05T00:18:52,2024-08-23T23:54:03
SHP00003226,ORD00003226,XPO,2025-05-05,2025-05-07,2025-05-06,19.83,2025-05-05T16:32:16,2025-12-20T04:31:37
SHP00003227,ORD00003227,UPS,2024-01-06,2024-01-10,2024-01-09,5.9,2024-01-06T19:23:50,2024-07-24T05:57:42
SHP00003229,ORD00003229,OnTrac,2024-05-08,2024-05-13,2024-05-09,13.22,2024-05-08T09:26:51,2025-04-04T02:06:24
SHP00003231,ORD00003231,DHL,2024-10-19,2024-10-21,,26.63,2024-10-19T03:06:46,2025-04-14T05:57:52
SHP00003232,ORD00003232,USPS,2025-08-02,2025-08-07,2025-08-07,35.93,2025-08-02T02:16:41,2026-02-05T10:50:01
SHP00003234,ORD00003234,XPO,2024-03-02,2024-03-05,2024-03-09,4.66,2024-03-02T20:30:45,2024-05-05T10:10:23
SHP00003235,ORD00003235,OnTrac,2024-04-08,2024-04-13,2024-04-09,26.23,2024-04-08T14:03:29,2025-06-13T18:40:19
SHP00003236,ORD00003236,DHL,2025-11-06,2025-11-11,,9.79,2025-11-06T14:18:19,2026-02-22T03:05:52
SHP00003237,ORD00003237,UPS,2024-02-09,2024-02-12,2024-02-14,27.64,2024-02-09T00:28:07,2025-06-26T17:07:38
SHP00003239,ORD00003239,DHL,2024-07-06,2024-07-10,2024-07-11,34.36,2024-07-06T09:14:16,2025-09-12T02:30:22
SHP00003240,ORD00003240,USPS,2025-11-15,2025-11-17,2025-11-20,29.33,2025-11-15T22:02:17,2026-02-24T19:12:26
SHP00003242,ORD00003242,UPS,2025-06-26,2025-07-02,,38.07,2025-06-26T04:13:07,2025-11-30T03:42:56
SHP00003243,ORD00003243,DHL,2024-06-08,2024-06-13,2024-06-10,28.19,2024-06-08T10:12:08,2024-11-15T03:15:13
SHP00003244,ORD00003244,DHL,2025-12-23,2025-12-28,2025-12-30,12.27,2025-12-23T05:30:12,2026-02-10T09:29:18
SHP00003245,ORD00003245,OnTrac,2026-01-23,2026-01-26,2026-01-26,6.13,2026-01-23T13:26:57,2026-01-29T09:42:31
SHP00003247,ORD00003247,UPS,2025-06-14,2025-06-17,,14.46,2025-06-14T20:26:47,2025-11-02T19:22:16
SHP00003249,ORD00003249,FedEx,2024-10-04,2024-10-08,2024-10-07,6.74,2024-10-04T13:00:29,2025-07-19T08:35:09
SHP00003250,ORD00003250,XPO,2024-03-01,2024-03-04,2024-03-06,37.22,2024-03-01T22:20:06,2026-02-10T19:38:27
SHP00003255,ORD00003255,OnTrac,2025-03-03,2025-03-06,,39.42,2025-03-03T07:08:53,2025-08-29T07:11:31
SHP00003258,ORD00003258,FedEx,2026-01-27,2026-01-31,,35.85,2026-01-27T00:22:42,2026-02-26T00:28:26
SHP00003260,ORD00003260,UPS,2024-02-20,2024-02-23,2024-02-24,9.67,2024-02-20T12:08:01,2025-08-26T03:42:12
SHP00003266,ORD00003266,FedEx,2025-08-07,2025-08-13,2025-08-12,27.73,2025-08-07T04:12:46,2025-11-10T16:53:10
SHP00003267,ORD00003267,UPS,2024-11-02,2024-11-06,2024-11-05,13.35,2024-11-02T05:54:29,2025-08-18T14:19:12
SHP00003268,ORD00003268,FedEx,2025-11-02,2025-11-04,,31.35,2025-11-02T08:35:03,2026-01-06T00:09:50
SHP00003271,ORD00003271,XPO,2025-01-07,2025-01-10,2025-01-12,34.49,2025-01-07T21:20:49,2025-09-08T05:59:45
SHP00003272,ORD00003272,DHL,2024-10-21,2024-10-25,2024-10-27,38.22,2024-10-21T10:31:01,2024-10-22T12:55:34
SHP00003273,ORD00003273,XPO,2024-07-11,2024-07-14,2024-07-17,37.05,2024-07-11T03:55:41,2024-11-24T08:03:08
SHP00003274,ORD00003274,UPS,2024-06-26,2024-06-29,,21.68,2024-06-26T18:47:24,2024-09-12T02:48:18
SHP00003275,ORD00003275,UPS,2026-02-17,2026-02-23,,32.52,2026-02-17T19:56:24,2026-02-19T22:14:08
SHP00003278,ORD00003278,USPS,2025-04-03,2025-04-09,,17.6,2025-04-03T04:17:01,2025-05-09T20:39:28
SHP00003279,ORD00003279,DHL,2025-10-01,2025-10-05,2025-10-07,33.37,2025-10-01T09:20:07,2025-12-16T17:32:38
SHP00003280,ORD00003280,OnTrac,2025-11-04,2025-11-07,2025-11-11,6.24,2025-11-04T06:18:37,2025-12-31T16:12:54
SHP00003281,ORD00003281,USPS,2024-05-06,2024-05-12,2024-05-09,37.12,2024-05-06T06:02:13,2024-12-13T21:44:47
SHP00003282,ORD00003282,FedEx,2025-08-18,2025-08-24,2025-08-25,31.68,2025-08-18T18:05:21,2025-11-08T09:50:47
SHP00003283,ORD00003283,DHL,2024-06-23,2024-06-26,2024-06-27,9.16,2024-06-23T11:34:50,2025-05-06T00:43:33
SHP00003286,ORD00003286,XPO,2025-12-29,2026-01-02,2025-12-31,8.27,2025-12-29T01:35:21,2026-02-26T12:07:49
SHP00003287,ORD00003287,FedEx,2025-03-14,2025-03-19,,9.36,2025-03-14T03:26:05,2025-03-15T11:18:45
SHP00003288,ORD00003288,USPS,2024-11-07,2024-11-10,2024-11-13,13.27,2024-11-07T14:51:25,2025-11-15T01:44:50
SHP00003290,ORD00003290,DHL,2025-04-16,2025-04-18,,10.2,2025-04-16T18:56:21,2025-09-27T15:25:28
SHP00003291,ORD00003291,OnTrac,2025-05-04,2025-05-10,,28.3,2025-05-04T17:45:30,2026-01-19T17:18:37
SHP00003292,ORD00003292,USPS,2024-04-10,2024-04-14,2024-04-12,31.12,2024-04-10T08:54:35,2025-03-09T14:06:28
SHP00003293,ORD00003293,FedEx,2025-01-05,2025-01-07,2025-01-06,17.57,2025-01-05T14:56:39,2025-08-23T01:49:56
SHP00003294,ORD00003294,UPS,2024-03-16,2024-03-20,2024-03-22,16.78,2024-03-16T11:28:04,2024-08-30T14:24:42
SHP00003296,ORD00003296,XPO,2025-12-26,2026-01-01,,31.93,2025-12-26T05:43:54,2026-02-25T19:11:05
SHP00003298,ORD00003298,USPS,2025-03-16,2025-03-18,2025-03-21,13.33,2025-03-16T15:45:05,2026-02-18T13:15:08
SHP00003299,ORD00003299,USPS,2025-04-04,2025-04-10,2025-04-05,37.59,2025-04-04T10:10:42,2026-01-03T07:24:55
SHP00003300,ORD00003300,XPO,2024-10-24,2024-10-27,,17.32,2024-10-24T03:50:27,2024-11-18T13:12:31
SHP00003302,ORD00003302,FedEx,2025-02-20,2025-02-23,,35.46,2025-02-20T11:16:45,2025-05-10T20:36:31
SHP00003303,ORD00003303,FedEx,2024-06-01,2024-06-03,,13.7,2024-06-01T06:57:25,2024-07-06T08:18:44
SHP00003304,ORD00003304,OnTrac,2024-11-27,2024-12-01,,13.54,2024-11-27T09:42:10,2026-01-01T18:31:52
SHP00003305,ORD00003305,UPS,2024-09-25,2024-09-30,2024-09-27,23.24,2024-09-25T18:03:27,2025-08-05T03:11:35
SHP00003307,ORD00003307,DHL,2024-12-02,2024-12-07,2024-12-09,17.86,2024-12-02T18:06:38,2025-04-03T09:48:23
SHP00003308,ORD00003308,USPS,2024-05-29,2024-06-02,2024-06-04,7.31,2024-05-29T03:46:16,2024-12-17T02:24:58
SHP00003310,ORD00003310,UPS,2024-02-29,2024-03-02,,8.51,2024-02-29T23:43:06,2024-12-18T13:35:46
SHP00003311,ORD00003311,OnTrac,2024-05-16,2024-05-22,2024-05-20,34.99,2024-05-16T11:33:51,2024-10-21T10:32:25
SHP00003312,ORD00003312,OnTrac,2025-02-06,2025-02-11,2025-02-09,38.0,2025-02-06T20:46:46,2025-02-26T00:24:21
SHP00003315,ORD00003315,DHL,2025-02-12,2025-02-18,2025-02-16,22.71,2025-02-12T17:14:47,2026-02-08T04:59:18
SHP00003316,ORD00003316,OnTrac,2024-04-25,2024-05-01,,22.33,2024-04-25T16:21:47,2025-05-10T00:22:22
SHP00003317,ORD00003317,DHL,2025-10-23,2025-10-28,,39.3,2025-10-23T15:16:42,2026-01-18T00:56:25
SHP00003318,ORD00003318,UPS,2024-03-10,2024-03-13,,6.64,2024-03-10T22:43:31,2024-09-25T05:28:07
SHP00003319,ORD00003319,USPS,2025-03-06,2025-03-11,,38.34,2025-03-06T12:51:48,2026-01-03T01:23:58
SHP00003320,ORD00003320,DHL,2024-12-23,2024-12-25,2024-12-25,12.17,2024-12-23T00:51:48,2025-03-11T05:40:36
SHP00003321,ORD00003321,FedEx,2025-09-12,2025-09-14,,27.55,2025-09-12T14:18:58,2025-11-25T04:58:48
SHP00003323,ORD00003323,OnTrac,2025-01-19,2025-01-24,,9.34,2025-01-19T09:15:12,2026-01-17T23:53:33
SHP00003324,ORD00003324,USPS,2024-01-07,2024-01-11,,4.98,2024-01-07T05:02:24,2024-11-10T04:41:29
SHP00003325,ORD00003325,OnTrac,2025-11-10,2025-11-12,2025-11-16,21.9,2025-11-10T19:51:41,2026-02-13T01:32:49
SHP00003326,ORD00003326,XPO,2024-12-03,2024-12-08,2024-12-05,25.62,2024-12-03T17:04:31,2025-03-19T04:10:55
SHP00003328,ORD00003328,XPO,2024-12-29,2025-01-01,2025-01-04,24.94,2024-12-29T09:10:36,2025-07-08T05:59:14
SHP00003331,ORD00003331,FedEx,2025-10-16,2025-10-18,2025-10-18,23.45,2025-10-16T13:51:02,2025-12-16T19:23:50
SHP00003333,ORD00003333,FedEx,2025-05-27,2025-06-02,,15.62,2025-05-27T23:16:27,2025-09-21T18:34:41
SHP00003334,ORD00003334,USPS,2025-05-15,2025-05-20,2025-05-17,19.55,2025-05-15T14:57:18,2025-09-13T08:33:13
SHP00003335,ORD00003335,FedEx,2025-03-10,2025-03-14,2025-03-15,37.81,2025-03-10T11:13:03,2025-10-31T11:36:16
SHP00003337,ORD00003337,DHL,2025-06-04,2025-06-07,2025-06-11,12.72,2025-06-04T21:14:40,2026-02-27T23:16:18
SHP00003342,ORD00003342,USPS,2026-01-19,2026-01-23,,24.66,2026-01-19T03:09:57,2026-02-16T22:10:27
SHP00003343,ORD00003343,XPO,2024-07-29,2024-08-02,,38.18,2024-07-29T13:54:20,2025-10-19T06:21:36
SHP00003345,ORD00003345,FedEx,2025-12-23,2025-12-26,,12.94,2025-12-23T01:26:31,2026-01-06T15:53:25
SHP00003346,ORD00003346,FedEx,2025-03-28,2025-04-02,2025-03-31,25.75,2025-03-28T11:01:47,2025-06-12T03:45:13
SHP00003348,ORD00003348,OnTrac,2026-03-03,2026-03-07,,27.85,2026-03-03T17:42:33,2026-03-03T06:35:59
SHP00003349,ORD00003349,FedEx,2025-05-12,2025-05-18,2025-05-16,9.58,2025-05-12T02:11:49,2025-09-16T06:49:27
SHP00003350,ORD00003350,DHL,2024-08-18,2024-08-21,2024-08-25,17.33,2024-08-18T03:17:56,2025-08-04T10:36:23
SHP00003351,ORD00003351,USPS,2025-05-24,2025-05-26,2025-05-27,14.14,2025-05-24T01:19:34,2026-02-23T12:18:35
SHP00003352,ORD00003352,XPO,2025-11-16,2025-11-20,,9.16,2025-11-16T05:11:46,2026-01-02T20:34:52
SHP00003353,ORD00003353,OnTrac,2025-09-13,2025-09-17,2025-09-20,31.48,2025-09-13T05:39:57,2025-10-05T05:37:20
SHP00003356,ORD00003356,USPS,2024-04-15,2024-04-21,,23.64,2024-04-15T13:36:12,2024-12-04T13:50:18
SHP00003357,ORD00003357,USPS,2025-07-30,2025-08-04,2025-08-03,25.58,2025-07-30T04:31:32,2025-11-04T23:03:52
SHP00003358,ORD00003358,DHL,2025-10-13,2025-10-16,2025-10-15,5.26,2025-10-13T00:53:11,2025-12-05T01:56:40
SHP00003360,ORD00003360,XPO,2025-02-22,2025-02-26,,29.81,2025-02-22T21:59:59,2025-11-01T23:41:29
SHP00003364,ORD00003364,USPS,2026-01-23,2026-01-28,2026-01-28,8.3,2026-01-23T15:59:53,2026-02-09T22:11:24
SHP00003366,ORD00003366,FedEx,2025-10-16,2025-10-18,2025-10-17,24.02,2025-10-16T15:50:41,2026-02-02T08:46:11
SHP00003369,ORD00003369,XPO,2025-11-10,2025-11-12,2025-11-17,10.76,2025-11-10T20:40:04,2026-02-15T07:02:20
SHP00003370,ORD00003370,OnTrac,2026-01-28,2026-02-01,,35.18,2026-01-28T20:03:36,2026-02-06T04:44:33
SHP00003372,ORD00003372,XPO,2024-10-14,2024-10-19,2024-10-19,21.22,2024-10-14T19:33:27,2025-05-09T10:51:13
SHP00003374,ORD00003374,DHL,2025-03-30,2025-04-04,2025-04-02,26.89,2025-03-30T10:56:53,2025-06-16T22:15:40
SHP00003376,ORD00003376,XPO,2024-06-16,2024-06-18,2024-06-22,22.62,2024-06-16T03:14:35,2024-12-07T09:52:17
SHP00003379,ORD00003379,UPS,2024-04-03,2024-04-05,2024-04-09,30.38,2024-04-03T18:03:54,2024-08-12T10:17:18
SHP00003380,ORD00003380,FedEx,2024-12-27,2024-12-31,,5.0,2024-12-27T08:50:57,2025-10-05T04:23:42
SHP00003381,ORD00003381,XPO,2025-01-06,2025-01-12,2025-01-08,12.85,2025-01-06T18:50:13,2025-12-03T13:28:57
SHP00003382,ORD00003382,USPS,2025-07-28,2025-07-30,2025-07-31,14.75,2025-07-28T14:43:49,2025-11-21T10:34:22
SHP00003385,ORD00003385,UPS,2024-07-02,2024-07-08,,25.64,2024-07-02T00:52:38,2024-08-15T02:36:05
SHP00003386,ORD00003386,UPS,2024-10-18,2024-10-23,2024-10-23,16.56,2024-10-18T09:08:18,2025-05-01T16:03:50
SHP00003388,ORD00003388,XPO,2024-03-10,2024-03-15,2024-03-15,8.01,2024-03-10T07:51:37,2026-02-19T15:50:17
SHP00003390,ORD00003390,XPO,2025-08-08,2025-08-11,,30.55,2025-08-08T05:13:07,2025-12-23T23:38:15
SHP00003391,ORD00003391,USPS,2026-02-26,2026-03-03,,8.45,2026-02-26T07:36:35,2026-02-26T05:12:57
SHP00003394,ORD00003394,XPO,2025-09-29,2025-10-03,2025-10-02,32.77,2025-09-29T09:09:32,2026-01-13T03:21:45
SHP00003395,ORD00003395,UPS,2026-01-31,2026-02-05,,14.06,2026-01-31T22:00:13,2026-02-09T17:29:15
SHP00003400,ORD00003400,DHL,2024-07-11,2024-07-16,,36.8,2024-07-11T16:03:24,2024-08-16T04:07:27
SHP00003401,ORD00003401,XPO,2025-10-03,2025-10-09,,33.96,2025-10-03T03:14:51,2026-01-04T04:53:32
SHP00003402,ORD00003402,FedEx,2025-01-11,2025-01-13,2025-01-13,31.12,2025-01-11T05:27:55,2025-05-29T16:36:11
SHP00003403,ORD00003403,OnTrac,2024-08-09,2024-08-15,2024-08-15,37.92,2024-08-09T15:52:44,2025-01-26T06:42:32
SHP00003405,ORD00003405,DHL,2024-06-01,2024-06-03,2024-06-02,38.64,2024-06-01T11:30:21,2024-10-23T02:16:07
SHP00003407,ORD00003407,OnTrac,2024-12-20,2024-12-23,,37.99,2024-12-20T18:22:31,2025-12-30T19:53:53
SHP00003408,ORD00003408,USPS,2025-05-02,2025-05-05,,8.19,2025-05-02T01:12:59,2025-11-28T07:43:27
SHP00003409,ORD00003409,OnTrac,2026-02-09,2026-02-12,2026-02-12,23.21,2026-02-09T03:24:29,2026-02-11T16:17:16
SHP00003410,ORD00003410,OnTrac,2024-06-23,2024-06-27,2024-06-28,12.97,2024-06-23T13:07:17,2025-07-29T09:41:49
SHP00003411,ORD00003411,OnTrac,2024-09-04,2024-09-08,2024-09-06,25.86,2024-09-04T18:44:22,2024-12-12T11:07:29
SHP00003412,ORD00003412,FedEx,2024-09-28,2024-10-03,,9.41,2024-09-28T06:28:47,2025-02-23T11:51:56
SHP00003414,ORD00003414,DHL,2024-08-31,2024-09-02,2024-09-07,35.67,2024-08-31T01:22:13,2025-07-19T16:08:04
SHP00003415,ORD00003415,UPS,2025-11-05,2025-11-11,2025-11-11,23.2,2025-11-05T09:25:44,2026-01-13T14:25:20
SHP00003416,ORD00003416,OnTrac,2024-12-17,2024-12-20,2024-12-18,33.55,2024-12-17T15:37:16,2025-05-23T13:25:08
SHP00003417,ORD00003417,UPS,2025-09-05,2025-09-11,,17.05,2025-09-05T22:49:25,2025-10-03T17:45:56
SHP00003420,ORD00003420,FedEx,2024-03-06,2024-03-09,2024-03-12,7.61,2024-03-06T11:34:30,2024-11-25T01:06:51
SHP00003422,ORD00003422,XPO,2024-03-14,2024-03-18,2024-03-16,7.95,2024-03-14T01:55:59,2025-05-28T10:22:25
SHP00003423,ORD00003423,USPS,2024-05-04,2024-05-10,,24.82,2024-05-04T05:24:52,2025-05-14T17:26:09
SHP00003425,ORD00003425,XPO,2024-11-14,2024-11-20,,31.35,2024-11-14T16:35:05,2025-11-10T06:56:47
SHP00003426,ORD00003426,DHL,2024-06-05,2024-06-11,2024-06-06,6.59,2024-06-05T05:40:13,2025-05-08T23:15:57
SHP00003431,ORD00003431,USPS,2025-07-14,2025-07-20,2025-07-18,30.96,2025-07-14T19:09:03,2025-10-25T21:24:22
SHP00003433,ORD00003433,UPS,2025-08-14,2025-08-17,2025-08-15,37.86,2025-08-14T20:51:01,2026-02-18T08:12:46
SHP00003435,ORD00003435,USPS,2024-02-12,2024-02-14,2024-02-13,25.97,2024-02-12T18:06:01,2024-05-29T00:27:09
SHP00003436,ORD00003436,FedEx,2024-09-25,2024-09-29,,27.61,2024-09-25T06:39:50,2025-12-23T00:25:27
SHP00003437,ORD00003437,OnTrac,2025-04-25,2025-05-01,,9.69,2025-04-25T01:54:45,2025-09-29T22:29:21
SHP00003438,ORD00003438,USPS,2024-07-11,2024-07-14,,31.65,2024-07-11T10:46:07,2026-02-08T12:07:07
SHP00003439,ORD00003439,UPS,2025-04-09,2025-04-12,,31.63,2025-04-09T03:11:10,2025-07-01T18:57:27
SHP00003440,ORD00003440,FedEx,2024-01-22,2024-01-26,2024-01-29,13.28,2024-01-22T18:46:49,2025-05-19T22:35:49
SHP00003441,ORD00003441,FedEx,2025-02-12,2025-02-14,2025-02-18,36.31,2025-02-12T20:00:23,2026-01-19T17:56:07
SHP00003442,ORD00003442,FedEx,2026-02-27,2026-03-02,2026-03-03,31.06,2026-02-27T04:22:08,2026-02-27T12:21:54
SHP00003443,ORD00003443,UPS,2025-02-04,2025-02-10,,22.85,2025-02-04T06:13:14,2025-08-31T18:05:41
SHP00003445,ORD00003445,USPS,2025-01-06,2025-01-11,,29.09,2025-01-06T19:22:17,2026-01-21T08:45:05
SHP00003446,ORD00003446,FedEx,2025-05-13,2025-05-16,,31.42,2025-05-13T23:14:52,2025-10-12T04:02:18
SHP00003448,ORD00003448,FedEx,2024-03-28,2024-04-03,2024-03-31,25.4,2024-03-28T03:34:59,2024-10-22T12:10:58
SHP00003453,ORD00003453,FedEx,2025-08-13,2025-08-18,2025-08-18,27.37,2025-08-13T10:06:18,2026-01-31T21:52:24
SHP00003454,ORD00003454,DHL,2024-03-30,2024-04-05,,39.82,2024-03-30T00:29:13,2025-05-19T10:22:02
SHP00003456,ORD00003456,FedEx,2025-01-15,2025-01-17,2025-01-16,36.19,2025-01-15T10:23:06,2025-08-08T06:55:42
SHP00003457,ORD00003457,USPS,2024-10-01,2024-10-04,,17.81,2024-10-01T17:21:37,2025-08-31T16:04:26
SHP00003458,ORD00003458,USPS,2025-03-09,2025-03-14,2025-03-11,28.94,2025-03-09T17:48:07,2025-12-31T03:59:46
SHP00003459,ORD00003459,UPS,2025-01-23,2025-01-26,2025-01-25,25.45,2025-01-23T04:23:02,2026-01-29T13:59:40
SHP00003460,ORD00003460,XPO,2025-01-28,2025-01-30,2025-01-29,36.02,2025-01-28T07:50:03,2025-03-28T11:18:18
SHP00003463,ORD00003463,UPS,2024-03-20,2024-03-24,2024-03-22,15.09,2024-03-20T03:09:37,2025-01-16T05:07:26
SHP00003464,ORD00003464,USPS,2025-09-11,2025-09-13,,12.52,2025-09-11T05:59:17,2026-02-06T23:57:49
SHP00003467,ORD00003467,XPO,2025-06-12,2025-06-14,,37.77,2025-06-12T07:37:44,2025-11-22T08:22:57
SHP00003468,ORD00003468,DHL,2025-08-20,2025-08-24,,33.27,2025-08-20T04:16:17,2025-11-04T06:00:07
SHP00003470,ORD00003470,DHL,2025-11-03,2025-11-06,2025-11-10,36.27,2025-11-03T13:52:29,2026-02-11T13:08:48
SHP00003472,ORD00003472,DHL,2024-10-28,2024-11-02,2024-11-03,31.55,2024-10-28T05:01:21,2025-06-18T09:58:20
SHP00003474,ORD00003474,USPS,2025-12-16,2025-12-20,2025-12-18,6.93,2025-12-16T10:16:55,2025-12-26T07:25:23
SHP00003476,ORD00003476,UPS,2026-01-08,2026-01-14,,12.54,2026-01-08T02:47:06,2026-01-20T20:56:41
SHP00003477,ORD00003477,DHL,2024-08-23,2024-08-27,,5.64,2024-08-23T10:14:12,2026-02-18T18:54:10
SHP00003478,ORD00003478,UPS,2025-02-22,2025-02-27,2025-02-25,28.95,2025-02-22T18:13:44,2025-07-28T23:45:39
SHP00003479,ORD00003479,OnTrac,2024-01-17,2024-01-21,2024-01-20,15.14,2024-01-17T23:29:29,2025-02-17T07:43:53
SHP00003480,ORD00003480,XPO,2025-09-23,2025-09-27,2025-09-30,14.37,2025-09-23T00:58:43,2025-10-17T12:06:35
SHP00003482,ORD00003482,DHL,2025-01-16,2025-01-18,2025-01-18,30.26,2025-01-16T07:15:56,2025-08-11T01:29:01
SHP00003483,ORD00003483,UPS,2025-06-09,2025-06-11,,14.6,2025-06-09T05:00:05,2025-09-12T00:56:55
SHP00003484,ORD00003484,OnTrac,2024-08-19,2024-08-21,,10.69,2024-08-19T23:23:09,2025-04-14T02:19:52
SHP00003485,ORD00003485,OnTrac,2024-05-11,2024-05-17,,9.98,2024-05-11T08:47:48,2025-01-15T15:54:48
SHP00003486,ORD00003486,DHL,2024-03-17,2024-03-22,,19.02,2024-03-17T12:22:37,2025-09-14T08:35:21
SHP00003488,ORD00003488,DHL,2024-03-29,2024-04-02,,16.81,2024-03-29T12:19:18,2026-01-09T02:29:34
SHP00003489,ORD00003489,USPS,2025-05-15,2025-05-21,,16.6,2025-05-15T12:38:33,2025-06-23T07:52:16
SHP00003491,ORD00003491,UPS,2024-07-18,2024-07-21,,24.7,2024-07-18T09:30:50,2024-08-08T09:20:53
SHP00003492,ORD00003492,USPS,2025-10-28,2025-11-03,,12.01,2025-10-28T17:27:55,2026-01-04T13:13:43
SHP00003493,ORD00003493,XPO,2025-01-15,2025-01-19,2025-01-20,12.23,2025-01-15T23:31:33,2025-04-21T15:42:58
SHP00003495,ORD00003495,XPO,2024-11-07,2024-11-13,2024-11-13,20.6,2024-11-07T17:31:26,2025-10-18T10:55:38
SHP00003498,ORD00003498,UPS,2024-08-11,2024-08-13,2024-08-16,26.81,2024-08-11T21:58:00,2024-08-31T18:54:37
SHP00003499,ORD00003499,FedEx,2024-08-21,2024-08-24,,15.73,2024-08-21T18:31:24,2026-01-03T04:25:02
SHP00003506,ORD00003506,USPS,2025-09-19,2025-09-24,,35.14,2025-09-19T00:52:29,2026-01-09T01:57:16
SHP00003508,ORD00003508,FedEx,2024-05-14,2024-05-20,2024-05-19,16.11,2024-05-14T11:19:17,2024-11-17T08:41:20
SHP00003509,ORD00003509,DHL,2024-08-15,2024-08-18,,10.82,2024-08-15T18:43:16,2025-11-02T23:59:46
SHP00003512,ORD00003512,FedEx,2025-12-25,2025-12-28,,27.0,2025-12-25T12:38:34,2026-01-03T11:18:43
SHP00003513,ORD00003513,OnTrac,2025-02-05,2025-02-08,,24.25,2025-02-05T12:54:00,2026-01-14T11:53:29
SHP00003514,ORD00003514,USPS,2026-01-28,2026-01-30,2026-01-31,37.79,2026-01-28T05:22:50,2026-02-26T00:19:28
SHP00003516,ORD00003516,OnTrac,2025-06-15,2025-06-17,2025-06-19,11.83,2025-06-15T19:35:51,2025-12-01T00:33:49
SHP00003517,ORD00003517,FedEx,2024-04-04,2024-04-06,2024-04-09,4.13,2024-04-04T03:14:33,2026-01-11T14:50:47
SHP00003520,ORD00003520,USPS,2025-06-16,2025-06-22,,24.93,2025-06-16T16:14:32,2026-01-05T20:41:16
SHP00003522,ORD00003522,XPO,2025-07-04,2025-07-06,2025-07-08,34.47,2025-07-04T08:16:13,2025-11-23T22:37:12
SHP00003523,ORD00003523,FedEx,2025-06-12,2025-06-17,,31.37,2025-06-12T22:26:09,2025-09-06T05:54:00
SHP00003525,ORD00003525,OnTrac,2025-02-23,2025-03-01,2025-02-24,23.81,2025-02-23T17:40:51,2025-07-06T12:25:45
SHP00003527,ORD00003527,FedEx,2025-12-19,2025-12-23,,25.38,2025-12-19T02:08:19,2026-01-02T04:47:20
SHP00003528,ORD00003528,DHL,2024-02-04,2024-02-08,2024-02-05,33.16,2024-02-04T12:13:49,2026-01-19T04:18:44
SHP00003530,ORD00003530,OnTrac,2024-04-20,2024-04-23,,4.27,2024-04-20T08:02:37,2025-09-01T04:25:34
SHP00003532,ORD00003532,XPO,2024-11-18,2024-11-22,,18.35,2024-11-18T09:41:35,2025-11-07T08:42:17
SHP00003533,ORD00003533,FedEx,2024-07-27,2024-08-01,2024-08-03,36.67,2024-07-27T12:14:56,2024-11-28T13:32:19
SHP00003543,ORD00003543,UPS,2025-04-09,2025-04-12,2025-04-14,5.13,2025-04-09T21:26:47,2026-01-21T08:31:20
SHP00003544,ORD00003544,USPS,2024-05-24,2024-05-28,,26.19,2024-05-24T10:45:14,2024-10-07T22:33:01
SHP00003547,ORD00003547,OnTrac,2025-07-22,2025-07-26,,36.23,2025-07-22T18:11:05,2026-01-23T10:35:02
SHP00003548,ORD00003548,USPS,2026-02-17,2026-02-21,2026-02-19,11.92,2026-02-17T17:33:46,2026-02-24T04:47:00
SHP00003549,ORD00003549,OnTrac,2024-02-02,2024-02-07,2024-02-08,15.59,2024-02-02T02:06:19,2024-02-06T11:31:24
SHP00003550,ORD00003550,DHL,2026-03-03,2026-03-09,2026-03-08,18.37,2026-03-03T10:20:31,2026-03-03T22:41:42
SHP00003552,ORD00003552,FedEx,2024-10-01,2024-10-04,,12.25,2024-10-01T15:49:48,2024-10-14T11:39:31
SHP00003558,ORD00003558,FedEx,2025-04-18,2025-04-22,2025-04-23,37.21,2025-04-18T23:48:19,2026-02-04T06:13:18
SHP00003559,ORD00003559,FedEx,2025-07-30,2025-08-01,2025-08-03,19.18,2025-07-30T10:24:41,2025-10-01T12:25:35
SHP00003560,ORD00003560,FedEx,2024-06-21,2024-06-27,2024-06-23,10.54,2024-06-21T13:38:01,2024-12-29T14:37:04
SHP00003561,ORD00003561,XPO,2024-09-13,2024-09-17,,26.02,2024-09-13T02:51:14,2024-12-11T13:57:40
SHP00003565,ORD00003565,DHL,2024-10-24,2024-10-30,,14.86,2024-10-24T17:32:05,2025-09-12T03:38:31
SHP00003567,ORD00003567,DHL,2026-02-06,2026-02-11,2026-02-12,38.88,2026-02-06T05:02:43,2026-02-13T13:52:09
SHP00003569,ORD00003569,DHL,2025-05-09,2025-05-13,2025-05-15,19.5,2025-05-09T06:07:06,2025-09-13T03:51:00
SHP00003570,ORD00003570,USPS,2024-03-28,2024-04-03,2024-03-30,10.06,2024-03-28T08:11:58,2025-02-13T16:58:29
SHP00003573,ORD00003573,UPS,2024-09-19,2024-09-21,2024-09-25,6.81,2024-09-19T11:38:32,2025-10-26T06:38:51
SHP00003574,ORD00003574,UPS,2024-02-14,2024-02-17,2024-02-17,15.06,2024-02-14T01:16:50,2024-11-07T21:06:58
SHP00003576,ORD00003576,UPS,2024-12-05,2024-12-11,2024-12-07,18.22,2024-12-05T11:28:31,2025-05-03T11:24:02
SHP00003577,ORD00003577,USPS,2025-04-21,2025-04-23,2025-04-28,19.22,2025-04-21T18:23:51,2025-09-26T14:21:41
SHP00003578,ORD00003578,OnTrac,2024-02-05,2024-02-08,2024-02-08,14.89,2024-02-05T19:35:05,2025-10-02T08:00:25
SHP00003581,ORD00003581,UPS,2024-05-11,2024-05-17,2024-05-18,23.15,2024-05-11T06:28:26,2025-12-01T17:25:48
SHP00003582,ORD00003582,UPS,2024-10-15,2024-10-20,2024-10-17,33.14,2024-10-15T13:06:52,2025-08-06T19:40:13
SHP00003584,ORD00003584,OnTrac,2025-06-21,2025-06-26,2025-06-28,31.59,2025-06-21T21:39:26,2025-09-24T11:25:21
SHP00003585,ORD00003585,UPS,2025-08-11,2025-08-14,2025-08-17,39.63,2025-08-11T19:15:14,2025-12-24T11:44:15
SHP00003586,ORD00003586,UPS,2024-09-01,2024-09-03,2024-09-07,9.95,2024-09-01T15:03:41,2025-03-04T20:16:34
SHP00003587,ORD00003587,XPO,2025-08-29,2025-09-03,,37.86,2025-08-29T04:22:05,2025-12-20T12:50:32
SHP00003589,ORD00003589,XPO,2024-08-26,2024-08-30,,16.58,2024-08-26T21:15:43,2024-11-12T15:01:25
SHP00003590,ORD00003590,DHL,2024-04-30,2024-05-02,,12.99,2024-04-30T17:56:47,2024-12-09T15:44:55
SHP00003592,ORD00003592,OnTrac,2025-10-10,2025-10-12,,10.45,2025-10-10T19:30:06,2026-01-07T22:47:52
SHP00003593,ORD00003593,FedEx,2025-09-12,2025-09-15,2025-09-18,34.11,2025-09-12T03:05:13,2025-11-24T14:39:03
SHP00003594,ORD00003594,FedEx,2025-07-30,2025-08-01,2025-08-03,10.86,2025-07-30T08:00:21,2025-11-22T06:58:40
SHP00003595,ORD00003595,UPS,2025-06-08,2025-06-13,2025-06-09,12.44,2025-06-08T23:14:49,2026-02-26T06:59:51
SHP00003596,ORD00003596,OnTrac,2026-02-26,2026-03-04,2026-03-04,23.4,2026-02-26T19:19:25,2026-02-28T22:26:16
SHP00003599,ORD00003599,XPO,2024-07-27,2024-07-31,,6.63,2024-07-27T20:36:54,2025-09-05T07:34:01
SHP00003602,ORD00003602,FedEx,2025-04-20,2025-04-25,2025-04-21,38.84,2025-04-20T14:49:26,2025-10-17T11:10:09
SHP00003603,ORD00003603,DHL,2024-11-04,2024-11-10,2024-11-06,33.97,2024-11-04T10:03:04,2025-10-22T03:02:25
SHP00003605,ORD00003605,FedEx,2024-09-09,2024-09-15,,22.41,2024-09-09T05:26:18,2025-04-21T19:35:16
SHP00003607,ORD00003607,XPO,2024-08-24,2024-08-26,2024-08-28,21.29,2024-08-24T02:36:08,2025-11-10T12:24:19
SHP00003608,ORD00003608,DHL,2024-05-26,2024-06-01,,27.49,2024-05-26T08:58:44,2024-10-19T10:18:00
SHP00003609,ORD00003609,FedEx,2024-04-02,2024-04-05,2024-04-06,29.95,2024-04-02T00:02:21,2024-06-20T19:13:40
SHP00003610,ORD00003610,FedEx,2024-04-28,2024-05-02,,36.96,2024-04-28T08:00:42,2025-09-22T07:37:44
SHP00003611,ORD00003611,DHL,2024-12-12,2024-12-14,2024-12-18,32.9,2024-12-12T15:01:00,2025-07-28T15:51:22
SHP00003612,ORD00003612,OnTrac,2024-01-09,2024-01-15,2024-01-15,8.96,2024-01-09T01:24:40,2024-03-23T00:57:18
SHP00003615,ORD00003615,UPS,2024-03-13,2024-03-15,2024-03-15,23.11,2024-03-13T12:19:39,2026-02-14T23:19:05
SHP00003616,ORD00003616,OnTrac,2025-03-04,2025-03-08,,21.28,2025-03-04T17:59:13,2026-02-08T12:29:41
SHP00003623,ORD00003623,FedEx,2024-09-23,2024-09-26,,11.32,2024-09-23T22:35:04,2025-02-15T17:47:37
SHP00003624,ORD00003624,FedEx,2025-10-23,2025-10-26,2025-10-26,24.92,2025-10-23T04:09:27,2026-02-21T16:50:39
SHP00003625,ORD00003625,DHL,2025-03-03,2025-03-08,2025-03-05,29.88,2025-03-03T15:47:40,2025-07-29T08:32:26
SHP00003626,ORD00003626,DHL,2025-05-24,2025-05-29,,8.49,2025-05-24T03:51:39,2025-09-22T16:27:44
SHP00003627,ORD00003627,XPO,2026-02-16,2026-02-18,,30.95,2026-02-16T13:18:21,2026-02-25T14:37:32
SHP00003628,ORD00003628,OnTrac,2024-12-05,2024-12-09,2024-12-10,9.97,2024-12-05T18:13:31,2025-08-29T16:08:37
SHP00003634,ORD00003634,DHL,2025-08-27,2025-08-31,2025-09-02,30.71,2025-08-27T00:21:29,2025-10-07T04:05:10
SHP00003635,ORD00003635,USPS,2025-08-19,2025-08-21,,38.26,2025-08-19T13:38:45,2025-08-23T22:58:39
SHP00003636,ORD00003636,XPO,2025-12-30,2026-01-04,2026-01-03,8.59,2025-12-30T10:54:25,2026-01-09T14:08:13
SHP00003637,ORD00003637,XPO,2024-11-18,2024-11-23,2024-11-22,4.52,2024-11-18T19:31:26,2025-04-13T20:33:43
SHP00003638,ORD00003638,DHL,2025-09-22,2025-09-24,,39.74,2025-09-22T22:04:42,2026-01-04T06:02:00
SHP00003639,ORD00003639,UPS,2025-12-06,2025-12-09,2025-12-09,36.3,2025-12-06T23:51:00,2026-02-02T13:42:37
SHP00003641,ORD00003641,OnTrac,2024-11-16,2024-11-18,2024-11-18,33.11,2024-11-16T10:23:19,2026-01-25T01:47:12
SHP00003642,ORD00003642,UPS,2024-09-21,2024-09-25,,12.64,2024-09-21T01:46:25,2025-10-31T06:23:02
SHP00003648,ORD00003648,USPS,2025-11-18,2025-11-20,2025-11-22,26.65,2025-11-18T16:47:54,2025-12-30T22:47:32
SHP00003652,ORD00003652,OnTrac,2024-01-21,2024-01-23,2024-01-23,12.53,2024-01-21T02:07:39,2024-01-28T23:21:49
SHP00003654,ORD00003654,UPS,2024-12-13,2024-12-19,2024-12-17,27.48,2024-12-13T01:34:36,2025-07-16T06:50:43
SHP00003657,ORD00003657,FedEx,2025-02-27,2025-03-05,,29.6,2025-02-27T13:19:27,2026-01-24T18:05:24
SHP00003658,ORD00003658,UPS,2024-04-27,2024-04-29,2024-05-03,35.66,2024-04-27T10:45:45,2025-10-02T21:40:39
SHP00003659,ORD00003659,USPS,2025-04-03,2025-04-05,,34.51,2025-04-03T00:38:20,2025-05-19T04:09:49
SHP00003660,ORD00003660,DHL,2025-11-12,2025-11-16,,27.79,2025-11-12T04:33:54,2025-12-30T02:47:22
SHP00003661,ORD00003661,OnTrac,2024-06-23,2024-06-28,,4.11,2024-06-23T11:37:01,2024-10-25T01:26:46
SHP00003663,ORD00003663,OnTrac,2025-10-12,2025-10-15,,35.35,2025-10-12T10:15:20,2025-10-20T16:53:23
SHP00003664,ORD00003664,DHL,2025-02-19,2025-02-24,2025-02-22,4.56,2025-02-19T22:05:41,2025-03-22T07:33:50
SHP00003665,ORD00003665,OnTrac,2025-01-31,2025-02-03,2025-02-04,10.84,2025-01-31T08:07:54,2025-02-02T05:44:21
SHP00003666,ORD00003666,XPO,2026-01-23,2026-01-25,2026-01-27,10.53,2026-01-23T08:02:03,2026-02-17T01:43:18
SHP00003668,ORD00003668,UPS,2025-03-27,2025-03-30,2025-04-03,14.54,2025-03-27T21:06:53,2025-10-11T23:59:10
SHP00003669,ORD00003669,OnTrac,2025-02-06,2025-02-08,2025-02-09,22.52,2025-02-06T08:21:43,2026-02-08T16:48:11
SHP00003670,ORD00003670,UPS,2025-03-21,2025-03-25,,27.24,2025-03-21T06:32:59,2025-08-24T22:56:07
SHP00003672,ORD00003672,OnTrac,2024-01-28,2024-02-03,2024-01-29,25.47,2024-01-28T16:11:33,2024-11-02T18:17:58
SHP00003673,ORD00003673,FedEx,2026-02-04,2026-02-08,,4.79,2026-02-04T09:55:49,2026-03-01T07:52:02
SHP00003675,ORD00003675,UPS,2024-04-03,2024-04-09,,31.81,2024-04-03T22:57:45,2025-09-25T21:29:10
SHP00003677,ORD00003677,USPS,2024-02-21,2024-02-23,2024-02-26,32.63,2024-02-21T05:58:17,2025-07-18T16:22:00
SHP00003678,ORD00003678,DHL,2025-12-08,2025-12-11,2025-12-15,30.9,2025-12-08T01:34:37,2026-01-06T10:40:19
SHP00003679,ORD00003679,FedEx,2026-02-01,2026-02-03,2026-02-07,21.45,2026-02-01T11:30:14,2026-02-02T21:21:37
SHP00003680,ORD00003680,DHL,2024-10-24,2024-10-29,2024-10-30,27.55,2024-10-24T13:38:59,2024-10-31T21:50:30
SHP00003682,ORD00003682,OnTrac,2025-05-19,2025-05-23,,7.85,2025-05-19T23:15:34,2025-10-19T15:59:06
SHP00003683,ORD00003683,XPO,2025-01-03,2025-01-06,,29.78,2025-01-03T15:49:18,2025-08-25T17:55:48
SHP00003684,ORD00003684,USPS,2024-11-23,2024-11-25,2024-11-26,36.18,2024-11-23T11:23:58,2025-09-08T10:37:59
SHP00003685,ORD00003685,FedEx,2024-05-09,2024-05-15,2024-05-11,33.04,2024-05-09T19:50:54,2024-09-23T09:54:19
SHP00003688,ORD00003688,USPS,2025-03-01,2025-03-06,2025-03-07,11.36,2025-03-01T20:00:19,2025-09-06T06:03:27
SHP00003689,ORD00003689,FedEx,2025-07-29,2025-08-03,2025-07-31,13.89,2025-07-29T05:08:57,2026-02-21T00:56:32
SHP00003693,ORD00003693,FedEx,2025-03-09,2025-03-11,2025-03-10,6.86,2025-03-09T08:01:36,2025-05-16T08:46:14
SHP00003694,ORD00003694,XPO,2025-03-05,2025-03-10,2025-03-12,6.35,2025-03-05T18:26:18,2025-12-14T01:30:23
SHP00003695,ORD00003695,DHL,2025-07-06,2025-07-10,2025-07-08,17.56,2025-07-06T23:57:26,2026-01-14T10:41:32
SHP00003698,ORD00003698,XPO,2025-04-01,2025-04-07,2025-04-04,29.54,2025-04-01T17:11:59,2025-04-21T22:30:28
SHP00003700,ORD00003700,OnTrac,2024-12-26,2024-12-28,2025-01-02,8.7,2024-12-26T14:10:37,2025-04-26T21:31:46
SHP00003701,ORD00003701,UPS,2024-05-15,2024-05-17,2024-05-16,35.69,2024-05-15T22:24:35,2024-06-03T02:45:52
SHP00003703,ORD00003703,OnTrac,2024-09-13,2024-09-15,2024-09-17,12.13,2024-09-13T21:02:58,2025-02-19T06:10:33
SHP00003704,ORD00003704,USPS,2024-09-20,2024-09-23,2024-09-24,20.38,2024-09-20T19:07:22,2025-02-10T19:29:00
SHP00003705,ORD00003705,FedEx,2024-01-10,2024-01-15,2024-01-12,37.19,2024-01-10T03:32:22,2025-06-29T03:41:01
SHP00003709,ORD00003709,XPO,2024-09-20,2024-09-25,2024-09-22,29.33,2024-09-20T09:46:49,2026-01-10T01:18:39
SHP00003710,ORD00003710,FedEx,2024-04-20,2024-04-25,,19.05,2024-04-20T14:47:26,2024-08-25T22:44:06
SHP00003713,ORD00003713,FedEx,2024-06-16,2024-06-22,,13.84,2024-06-16T10:18:11,2024-10-07T04:02:35
SHP00003714,ORD00003714,XPO,2025-02-05,2025-02-08,,20.86,2025-02-05T22:13:40,2025-11-30T23:18:11
SHP00003715,ORD00003715,OnTrac,2025-10-08,2025-10-10,2025-10-13,7.52,2025-10-08T06:33:18,2025-11-03T14:21:47
SHP00003716,ORD00003716,USPS,2024-12-15,2024-12-19,2024-12-16,14.88,2024-12-15T12:32:05,2025-05-03T01:44:10
SHP00003717,ORD00003717,FedEx,2025-09-09,2025-09-11,,12.27,2025-09-09T16:17:04,2025-09-12T05:43:40
SHP00003719,ORD00003719,OnTrac,2025-11-11,2025-11-14,2025-11-13,15.05,2025-11-11T18:52:11,2025-11-12T01:08:40
SHP00003720,ORD00003720,UPS,2024-09-23,2024-09-28,2024-09-30,38.9,2024-09-23T02:01:52,2025-07-29T23:37:21
SHP00003723,ORD00003723,FedEx,2024-07-14,2024-07-17,,20.41,2024-07-14T09:16:28,2024-09-02T16:14:25
SHP00003724,ORD00003724,DHL,2024-12-20,2024-12-24,,9.89,2024-12-20T09:38:33,2025-09-10T22:14:33
SHP00003725,ORD00003725,UPS,2025-11-24,2025-11-27,2025-11-27,32.96,2025-11-24T20:58:40,2026-03-01T19:47:20
SHP00003728,ORD00003728,USPS,2025-04-05,2025-04-11,2025-04-12,39.97,2025-04-05T14:27:08,2025-12-16T05:33:22
SHP00003730,ORD00003730,XPO,2024-06-11,2024-06-15,2024-06-15,30.0,2024-06-11T10:23:19,2026-01-04T12:45:08
SHP00003731,ORD00003731,OnTrac,2025-05-04,2025-05-10,,7.98,2025-05-04T13:05:13,2025-11-21T18:04:54
SHP00003732,ORD00003732,OnTrac,2024-10-10,2024-10-13,2024-10-14,11.81,2024-10-10T16:05:31,2025-02-18T02:57:22
SHP00003737,ORD00003737,DHL,2025-08-08,2025-08-14,2025-08-13,39.91,2025-08-08T15:15:18,2026-02-25T13:20:50
SHP00003739,ORD00003739,OnTrac,2024-07-23,2024-07-27,2024-07-27,18.48,2024-07-23T09:55:11,2024-10-26T16:13:58
SHP00003740,ORD00003740,USPS,2024-04-18,2024-04-23,2024-04-20,25.71,2024-04-18T18:32:55,2024-07-26T12:36:59
SHP00003741,ORD00003741,OnTrac,2024-05-24,2024-05-29,,37.54,2024-05-24T22:25:21,2025-09-05T06:02:55
SHP00003742,ORD00003742,FedEx,2025-06-30,2025-07-02,,31.09,2025-06-30T20:49:55,2026-02-25T07:48:13
SHP00003743,ORD00003743,USPS,2025-07-13,2025-07-17,,22.9,2025-07-13T03:10:46,2025-09-30T08:49:53
SHP00003745,ORD00003745,USPS,2024-12-02,2024-12-08,,13.3,2024-12-02T01:28:44,2025-12-10T17:15:53
SHP00003746,ORD00003746,UPS,2026-01-08,2026-01-12,2026-01-11,38.04,2026-01-08T23:47:55,2026-01-28T20:00:43
SHP00003748,ORD00003748,USPS,2024-03-27,2024-03-30,2024-04-02,27.63,2024-03-27T15:39:57,2024-06-25T18:37:43
SHP00003749,ORD00003749,DHL,2026-01-31,2026-02-03,2026-02-02,18.11,2026-01-31T13:34:53,2026-02-11T06:22:44
SHP00003750,ORD00003750,DHL,2024-06-21,2024-06-23,2024-06-22,24.5,2024-06-21T09:54:56,2026-01-30T19:33:54
SHP00003751,ORD00003751,USPS,2025-02-26,2025-03-02,2025-02-28,10.63,2025-02-26T18:54:24,2025-04-10T09:57:43
SHP00003756,ORD00003756,USPS,2025-03-05,2025-03-11,,39.67,2025-03-05T19:34:57,2025-09-22T02:02:20
SHP00003757,ORD00003757,DHL,2025-01-18,2025-01-22,,36.05,2025-01-18T00:00:16,2025-11-23T20:34:20
SHP00003758,ORD00003758,XPO,2025-02-27,2025-03-05,2025-03-02,4.86,2025-02-27T11:02:43,2025-04-03T19:09:46
SHP00003762,ORD00003762,DHL,2024-05-25,2024-05-30,2024-05-29,29.92,2024-05-25T06:04:57,2024-08-21T17:25:47
SHP00003764,ORD00003764,USPS,2024-02-11,2024-02-13,2024-02-12,31.16,2024-02-11T02:00:07,2025-04-15T23:12:07
SHP00003766,ORD00003766,UPS,2024-04-02,2024-04-08,,4.13,2024-04-02T11:03:48,2025-03-01T08:41:04
SHP00003767,ORD00003767,OnTrac,2024-11-19,2024-11-22,2024-11-21,30.93,2024-11-19T13:50:33,2025-09-29T03:52:15
SHP00003768,ORD00003768,OnTrac,2025-04-19,2025-04-25,2025-04-26,30.2,2025-04-19T09:25:46,2026-01-17T05:27:23
SHP00003772,ORD00003772,FedEx,2025-09-28,2025-10-01,,14.48,2025-09-28T12:40:41,2025-12-30T07:27:14
SHP00003774,ORD00003774,USPS,2024-08-04,2024-08-06,,23.81,2024-08-04T10:04:41,2025-10-20T16:16:11
SHP00003775,ORD00003775,UPS,2024-09-15,2024-09-17,2024-09-19,22.54,2024-09-15T17:03:36,2025-10-27T09:17:21
SHP00003776,ORD00003776,XPO,2024-01-29,2024-02-04,2024-01-31,6.08,2024-01-29T11:57:18,2025-08-29T11:26:31
SHP00003777,ORD00003777,DHL,2025-07-22,2025-07-28,2025-07-24,39.17,2025-07-22T09:27:02,2025-08-03T00:45:10
SHP00003778,ORD00003778,DHL,2025-12-01,2025-12-07,2025-12-08,14.41,2025-12-01T00:38:15,2026-02-27T11:31:35
SHP00003779,ORD00003779,OnTrac,2024-12-03,2024-12-06,2024-12-05,32.58,2024-12-03T15:48:54,2025-03-23T07:55:00
SHP00003780,ORD00003780,FedEx,2024-08-16,2024-08-20,2024-08-21,6.08,2024-08-16T03:17:47,2024-09-30T13:20:20
SHP00003783,ORD00003783,FedEx,2025-11-04,2025-11-09,2025-11-09,13.63,2025-11-04T23:02:03,2026-02-23T13:18:18
SHP00003784,ORD00003784,UPS,2024-04-14,2024-04-20,,4.44,2024-04-14T23:37:44,2024-05-19T22:59:30
SHP00003788,ORD00003788,FedEx,2024-07-29,2024-08-03,2024-08-02,28.58,2024-07-29T14:14:59,2024-08-11T17:15:56
SHP00003789,ORD00003789,XPO,2025-10-03,2025-10-07,2025-10-10,24.33,2025-10-03T13:46:38,2026-01-10T04:09:04
SHP00003791,ORD00003791,XPO,2025-03-11,2025-03-17,,15.33,2025-03-11T13:03:18,2025-07-29T11:29:29
SHP00003792,ORD00003792,USPS,2024-07-28,2024-08-02,2024-08-02,37.68,2024-07-28T23:46:55,2024-12-27T03:24:54
SHP00003794,ORD00003794,DHL,2025-11-23,2025-11-25,2025-11-29,5.78,2025-11-23T11:53:40,2026-01-15T14:22:48
SHP00003795,ORD00003795,OnTrac,2024-04-25,2024-04-28,2024-04-28,21.54,2024-04-25T08:56:30,2024-09-17T12:39:04
SHP00003796,ORD00003796,OnTrac,2025-05-30,2025-06-01,2025-05-31,12.76,2025-05-30T13:49:47,2025-12-11T18:35:53
SHP00003797,ORD00003797,FedEx,2025-12-21,2025-12-24,2025-12-24,29.3,2025-12-21T01:22:41,2026-01-19T07:15:17
SHP00003798,ORD00003798,XPO,2024-12-12,2024-12-14,2024-12-16,25.17,2024-12-12T04:04:19,2025-06-16T14:00:27
SHP00003800,ORD00003800,USPS,2025-11-18,2025-11-21,2025-11-22,5.33,2025-11-18T05:20:49,2026-01-11T05:36:22
SHP00003802,ORD00003802,XPO,2025-11-05,2025-11-11,2025-11-12,21.26,2025-11-05T09:39:06,2026-02-25T06:50:03
SHP00003803,ORD00003803,UPS,2024-12-02,2024-12-08,2024-12-04,15.96,2024-12-02T17:18:02,2025-10-24T14:29:21
SHP00003804,ORD00003804,XPO,2025-04-21,2025-04-27,2025-04-23,34.07,2025-04-21T08:28:43,2026-03-01T00:53:02
SHP00003805,ORD00003805,DHL,2024-06-25,2024-07-01,2024-07-02,27.89,2024-06-25T00:52:36,2024-08-06T10:44:58
SHP00003808,ORD00003808,USPS,2025-03-22,2025-03-26,2025-03-29,18.92,2025-03-22T23:40:09,2025-10-15T04:27:47
SHP00003810,ORD00003810,OnTrac,2026-02-22,2026-02-26,,16.38,2026-02-22T23:19:29,2026-02-22T02:10:33
SHP00003812,ORD00003812,XPO,2024-06-12,2024-06-18,,11.73,2024-06-12T23:39:29,2024-11-16T19:40:45
SHP00003816,ORD00003816,UPS,2024-08-24,2024-08-30,2024-08-27,21.32,2024-08-24T11:02:50,2024-11-26T20:55:50
SHP00003817,ORD00003817,OnTrac,2025-12-08,2025-12-11,,11.22,2025-12-08T09:50:19,2026-01-03T23:22:13
SHP00003821,ORD00003821,USPS,2025-01-25,2025-01-30,,26.82,2025-01-25T21:23:56,2025-04-02T15:06:10
SHP00003822,ORD00003822,UPS,2025-09-08,2025-09-10,2025-09-09,7.55,2025-09-08T18:41:10,2025-09-22T17:17:35
SHP00003825,ORD00003825,DHL,2025-01-13,2025-01-17,2025-01-17,11.08,2025-01-13T01:54:44,2025-11-05T03:02:03
SHP00003826,ORD00003826,USPS,2024-08-31,2024-09-04,2024-09-07,14.83,2024-08-31T09:12:14,2025-06-14T22:09:00
SHP00003827,ORD00003827,XPO,2024-08-10,2024-08-14,2024-08-14,5.38,2024-08-10T06:38:23,2026-02-14T13:17:38
SHP00003831,ORD00003831,FedEx,2025-01-24,2025-01-30,,9.6,2025-01-24T19:58:44,2025-02-20T07:33:00
SHP00003832,ORD00003832,DHL,2024-03-29,2024-04-04,,36.43,2024-03-29T20:50:05,2026-01-02T07:12:37
SHP00003834,ORD00003834,USPS,2025-06-24,2025-06-29,2025-06-25,23.57,2025-06-24T23:24:14,2025-11-12T14:52:30
SHP00003835,ORD00003835,FedEx,2025-05-30,2025-06-05,2025-06-06,31.37,2025-05-30T07:01:37,2026-02-13T02:43:43
SHP00003836,ORD00003836,UPS,2026-01-06,2026-01-12,,24.41,2026-01-06T13:42:46,2026-03-01T13:12:58
SHP00003837,ORD00003837,OnTrac,2025-01-17,2025-01-20,2025-01-22,17.71,2025-01-17T12:25:05,2026-02-27T01:17:13
SHP00003838,ORD00003838,USPS,2024-09-01,2024-09-03,2024-09-02,29.57,2024-09-01T03:37:41,2026-02-17T19:44:03
SHP00003839,ORD00003839,USPS,2024-01-03,2024-01-05,2024-01-06,26.44,2024-01-03T18:33:20,2026-01-25T00:11:11
SHP00003842,ORD00003842,DHL,2024-05-08,2024-05-14,2024-05-10,37.28,2024-05-08T17:10:14,2025-02-13T04:43:22
SHP00003843,ORD00003843,USPS,2024-03-07,2024-03-11,,7.1,2024-03-07T17:26:05,2024-07-07T07:31:57
SHP00003844,ORD00003844,OnTrac,2025-05-22,2025-05-28,,20.82,2025-05-22T08:20:36,2025-08-24T10:20:56
SHP00003847,ORD00003847,DHL,2025-04-11,2025-04-15,2025-04-17,16.44,2025-04-11T08:45:32,2025-11-12T15:16:17
SHP00003848,ORD00003848,DHL,2024-09-25,2024-09-30,2024-10-01,29.14,2024-09-25T23:06:13,2025-09-12T11:05:18
SHP00003850,ORD00003850,UPS,2024-01-08,2024-01-14,2024-01-14,33.3,2024-01-08T10:27:23,2025-01-07T03:38:28
SHP00003851,ORD00003851,XPO,2024-10-11,2024-10-16,,32.86,2024-10-11T02:52:01,2024-11-22T19:33:25
SHP00003853,ORD00003853,USPS,2025-04-24,2025-04-30,2025-05-01,37.32,2025-04-24T20:37:10,2025-12-16T23:00:26
SHP00003854,ORD00003854,USPS,2024-11-11,2024-11-16,2024-11-16,10.74,2024-11-11T12:13:49,2025-10-29T04:33:07
SHP00003855,ORD00003855,OnTrac,2025-06-04,2025-06-07,2025-06-08,33.94,2025-06-04T08:40:05,2025-11-27T15:56:36
SHP00003856,ORD00003856,UPS,2025-04-29,2025-05-04,,19.98,2025-04-29T06:00:07,2025-09-08T01:17:01
SHP00003857,ORD00003857,UPS,2025-09-04,2025-09-06,,7.19,2025-09-04T08:04:32,2025-12-18T04:37:18
SHP00003858,ORD00003858,UPS,2024-02-14,2024-02-17,2024-02-15,14.82,2024-02-14T02:20:52,2025-04-07T22:48:47
SHP00003859,ORD00003859,DHL,2024-12-29,2025-01-04,,26.81,2024-12-29T16:05:39,2025-01-28T09:43:08
SHP00003863,ORD00003863,USPS,2024-06-20,2024-06-22,,26.85,2024-06-20T05:43:37,2025-05-12T01:22:39
SHP00003864,ORD00003864,UPS,2026-03-01,2026-03-06,,14.39,2026-03-01T08:01:17,2026-03-01T00:35:29
SHP00003867,ORD00003867,DHL,2024-11-30,2024-12-02,,9.49,2024-11-30T05:25:35,2025-09-21T04:29:42
SHP00003868,ORD00003868,DHL,2025-11-01,2025-11-05,,4.57,2025-11-01T02:52:44,2025-12-16T09:05:56
SHP00003869,ORD00003869,FedEx,2025-06-25,2025-06-28,2025-07-01,30.86,2025-06-25T06:43:01,2025-07-17T21:13:18
SHP00003871,ORD00003871,USPS,2026-01-26,2026-01-31,,11.75,2026-01-26T03:11:53,2026-02-24T20:43:54
SHP00003872,ORD00003872,XPO,2026-02-27,2026-03-02,2026-03-05,13.41,2026-02-27T11:06:22,2026-02-28T15:24:57
SHP00003873,ORD00003873,XPO,2024-12-06,2024-12-11,2024-12-10,28.83,2024-12-06T09:28:48,2025-11-27T07:52:10
SHP00003874,ORD00003874,DHL,2025-09-24,2025-09-27,2025-09-28,19.22,2025-09-24T03:00:56,2026-02-13T18:56:55
SHP00003875,ORD00003875,DHL,2025-10-21,2025-10-26,,16.41,2025-10-21T09:58:49,2026-02-20T16:06:34
SHP00003876,ORD00003876,USPS,2024-09-28,2024-10-01,2024-10-05,31.17,2024-09-28T10:18:37,2025-10-05T08:22:20
SHP00003877,ORD00003877,OnTrac,2024-02-21,2024-02-26,2024-02-27,39.28,2024-02-21T09:28:41,2024-10-29T01:24:35
SHP00003879,ORD00003879,UPS,2026-01-09,2026-01-13,2026-01-12,38.46,2026-01-09T07:50:01,2026-01-29T05:19:00
SHP00003880,ORD00003880,XPO,2024-07-12,2024-07-14,2024-07-14,32.09,2024-07-12T13:45:56,2025-09-04T01:50:09
SHP00003883,ORD00003883,UPS,2024-01-27,2024-01-31,,37.91,2024-01-27T03:09:42,2024-12-13T04:12:38
SHP00003885,ORD00003885,UPS,2025-07-26,2025-07-28,,27.74,2025-07-26T21:42:17,2026-01-01T16:39:16
SHP00003890,ORD00003890,XPO,2025-02-04,2025-02-08,2025-02-08,38.64,2025-02-04T02:14:55,2025-12-17T08:05:47
SHP00003892,ORD00003892,XPO,2024-06-07,2024-06-12,,24.88,2024-06-07T00:39:48,2025-12-04T22:52:55
SHP00003893,ORD00003893,UPS,2024-09-10,2024-09-15,2024-09-14,9.68,2024-09-10T06:16:31,2025-04-14T21:54:21
SHP00003895,ORD00003895,OnTrac,2025-03-28,2025-04-01,,17.96,2025-03-28T09:59:05,2025-06-19T19:53:57
SHP00003899,ORD00003899,USPS,2024-03-31,2024-04-05,,35.6,2024-03-31T22:37:53,2025-05-19T11:26:12
SHP00003900,ORD00003900,FedEx,2025-03-06,2025-03-09,,20.26,2025-03-06T03:51:29,2025-10-10T19:41:09
SHP00003903,ORD00003903,UPS,2024-12-03,2024-12-06,,9.15,2024-12-03T23:02:48,2025-10-18T21:44:05
SHP00003904,ORD00003904,USPS,2025-04-22,2025-04-24,2025-04-25,8.82,2025-04-22T08:43:50,2025-09-04T14:42:03
SHP00003906,ORD00003906,OnTrac,2025-06-25,2025-06-29,2025-07-02,36.61,2025-06-25T14:40:07,2025-08-15T20:19:52
SHP00003907,ORD00003907,USPS,2025-09-30,2025-10-06,2025-10-02,16.54,2025-09-30T18:07:49,2025-10-15T04:36:46
SHP00003909,ORD00003909,UPS,2025-01-24,2025-01-29,2025-01-26,14.51,2025-01-24T08:42:13,2025-07-29T06:31:50
SHP00003910,ORD00003910,UPS,2025-06-06,2025-06-12,2025-06-09,25.65,2025-06-06T00:55:29,2026-01-15T09:56:57
SHP00003913,ORD00003913,UPS,2024-11-11,2024-11-13,,37.15,2024-11-11T22:08:25,2026-01-21T09:21:07
SHP00003914,ORD00003914,FedEx,2025-04-14,2025-04-20,,20.85,2025-04-14T16:34:11,2025-05-22T03:12:03
SHP00003915,ORD00003915,DHL,2024-08-05,2024-08-09,2024-08-12,30.64,2024-08-05T20:58:40,2025-05-18T00:01:50
SHP00003916,ORD00003916,DHL,2024-06-21,2024-06-26,2024-06-24,39.73,2024-06-21T23:07:58,2025-11-11T14:41:11
SHP00003919,ORD00003919,XPO,2024-10-03,2024-10-08,2024-10-05,21.26,2024-10-03T18:01:21,2025-07-06T05:51:32
SHP00003920,ORD00003920,OnTrac,2024-03-27,2024-03-29,2024-03-30,25.79,2024-03-27T01:06:09,2024-04-14T09:22:29
SHP00003923,ORD00003923,FedEx,2024-05-29,2024-06-03,2024-06-01,28.4,2024-05-29T01:13:22,2024-07-17T09:00:13
SHP00003924,ORD00003924,OnTrac,2024-03-01,2024-03-06,,26.95,2024-03-01T21:10:56,2024-09-18T05:59:18
SHP00003925,ORD00003925,FedEx,2024-05-24,2024-05-27,2024-05-28,30.45,2024-05-24T14:35:59,2024-09-09T17:10:16
SHP00003929,ORD00003929,OnTrac,2025-10-15,2025-10-17,2025-10-18,6.36,2025-10-15T11:19:37,2025-12-24T10:03:39
SHP00003930,ORD00003930,XPO,2025-07-12,2025-07-18,,33.91,2025-07-12T04:33:17,2025-09-26T01:21:42
SHP00003933,ORD00003933,DHL,2025-03-16,2025-03-21,2025-03-19,27.76,2025-03-16T09:30:44,2025-03-17T13:46:23
SHP00003934,ORD00003934,OnTrac,2024-11-14,2024-11-20,2024-11-17,19.84,2024-11-14T12:50:21,2026-02-28T21:51:49
SHP00003935,ORD00003935,FedEx,2025-01-04,2025-01-06,2025-01-05,29.56,2025-01-04T06:09:32,2025-01-20T10:56:42
SHP00003937,ORD00003937,OnTrac,2025-07-13,2025-07-18,2025-07-16,33.43,2025-07-13T05:09:46,2025-10-10T20:27:24
SHP00003938,ORD00003938,USPS,2024-03-07,2024-03-11,,28.24,2024-03-07T02:06:23,2024-11-06T17:33:53
SHP00003939,ORD00003939,FedEx,2025-03-16,2025-03-21,,25.9,2025-03-16T11:45:32,2025-07-03T10:48:45
SHP00003941,ORD00003941,XPO,2024-12-17,2024-12-23,,6.23,2024-12-17T15:58:25,2025-10-30T04:45:11
SHP00003942,ORD00003942,USPS,2025-07-10,2025-07-15,2025-07-14,17.13,2025-07-10T23:37:58,2025-08-19T23:35:27
SHP00003943,ORD00003943,FedEx,2025-07-22,2025-07-28,,35.94,2025-07-22T12:08:39,2026-02-27T13:08:12
SHP00003945,ORD00003945,USPS,2025-07-05,2025-07-11,2025-07-11,7.38,2025-07-05T00:51:10,2025-11-19T11:28:42
SHP00003946,ORD00003946,UPS,2025-05-05,2025-05-09,2025-05-10,28.12,2025-05-05T17:19:31,2025-07-05T20:12:17
SHP00003947,ORD00003947,USPS,2024-06-30,2024-07-02,,14.89,2024-06-30T20:29:44,2025-12-15T19:06:41
SHP00003948,ORD00003948,USPS,2024-02-04,2024-02-06,,27.07,2024-02-04T03:38:48,2025-12-13T07:15:23
SHP00003949,ORD00003949,USPS,2024-03-19,2024-03-21,2024-03-22,28.37,2024-03-19T15:24:56,2025-01-08T11:38:56
SHP00003952,ORD00003952,FedEx,2026-02-04,2026-02-07,2026-02-07,21.07,2026-02-04T14:30:21,2026-02-18T03:03:27
SHP00003953,ORD00003953,XPO,2025-12-09,2025-12-12,,15.65,2025-12-09T06:06:28,2026-01-09T11:48:08
SHP00003955,ORD00003955,FedEx,2025-04-19,2025-04-21,2025-04-21,28.38,2025-04-19T22:57:45,2025-08-29T10:32:43
SHP00003959,ORD00003959,USPS,2024-12-05,2024-12-10,2024-12-08,5.44,2024-12-05T12:05:44,2025-07-12T11:21:56
SHP00003960,ORD00003960,UPS,2025-04-20,2025-04-26,2025-04-23,8.73,2025-04-20T00:14:32,2026-02-05T10:33:59
SHP00003961,ORD00003961,USPS,2024-06-28,2024-07-04,2024-06-29,27.98,2024-06-28T07:56:43,2025-05-15T03:59:09
SHP00003962,ORD00003962,DHL,2025-09-15,2025-09-21,2025-09-18,33.81,2025-09-15T22:01:53,2025-10-08T22:24:41
SHP00003963,ORD00003963,UPS,2025-03-08,2025-03-13,,10.88,2025-03-08T16:36:32,2026-01-21T15:19:01
SHP00003964,ORD00003964,OnTrac,2024-09-11,2024-09-16,2024-09-14,8.11,2024-09-11T16:23:22,2025-06-10T14:10:29
SHP00003965,ORD00003965,FedEx,2025-08-04,2025-08-09,2025-08-11,22.06,2025-08-04T04:27:47,2026-01-07T01:46:48
SHP00003966,ORD00003966,USPS,2024-05-09,2024-05-14,2024-05-12,17.08,2024-05-09T12:39:05,2025-01-26T13:02:08
SHP00003968,ORD00003968,USPS,2025-07-15,2025-07-19,2025-07-22,25.17,2025-07-15T05:13:03,2025-10-23T23:55:45
SHP00003969,ORD00003969,OnTrac,2025-01-29,2025-02-01,2025-02-05,33.33,2025-01-29T02:55:52,2026-01-08T17:13:42
SHP00003970,ORD00003970,USPS,2024-06-18,2024-06-20,2024-06-24,33.21,2024-06-18T06:45:28,2025-10-30T11:39:40
SHP00003971,ORD00003971,UPS,2025-04-30,2025-05-03,2025-05-04,16.04,2025-04-30T00:55:24,2025-09-15T22:08:24
SHP00003973,ORD00003973,XPO,2025-05-23,2025-05-29,2025-05-26,20.12,2025-05-23T01:44:36,2025-08-12T15:41:30
SHP00003974,ORD00003974,XPO,2024-10-05,2024-10-09,2024-10-07,26.92,2024-10-05T16:29:07,2024-12-18T00:31:50
SHP00003976,ORD00003976,USPS,2024-10-19,2024-10-21,2024-10-22,23.59,2024-10-19T14:55:26,2026-01-08T22:48:12
SHP00003977,ORD00003977,OnTrac,2026-01-27,2026-01-30,,15.1,2026-01-27T22:59:27,2026-02-07T08:15:13
SHP00003979,ORD00003979,UPS,2025-08-03,2025-08-07,2025-08-06,14.12,2025-08-03T12:35:50,2025-08-07T00:19:16
SHP00003983,ORD00003983,OnTrac,2024-03-31,2024-04-04,2024-04-02,22.49,2024-03-31T00:53:28,2025-09-20T02:17:40
SHP00003985,ORD00003985,UPS,2025-05-29,2025-06-02,,7.67,2025-05-29T23:19:58,2025-07-01T02:30:36
SHP00003986,ORD00003986,FedEx,2024-11-26,2024-12-01,2024-11-27,14.44,2024-11-26T03:44:57,2025-03-29T18:18:42
SHP00003987,ORD00003987,XPO,2024-06-11,2024-06-17,,20.99,2024-06-11T03:02:27,2024-12-20T12:17:18
SHP00003989,ORD00003989,UPS,2024-08-01,2024-08-04,2024-08-06,16.44,2024-08-01T05:12:09,2025-10-29T05:39:33
SHP00003990,ORD00003990,DHL,2025-03-09,2025-03-12,2025-03-14,7.22,2025-03-09T13:20:28,2025-12-17T02:26:01
SHP00003992,ORD00003992,OnTrac,2024-09-08,2024-09-11,2024-09-10,39.72,2024-09-08T21:30:58,2025-11-04T21:18:41
SHP00003993,ORD00003993,DHL,2024-08-06,2024-08-12,2024-08-13,35.65,2024-08-06T18:20:44,2025-12-05T10:15:07
SHP00003995,ORD00003995,USPS,2024-07-07,2024-07-11,2024-07-12,9.57,2024-07-07T18:00:36,2025-06-14T06:56:52
SHP00003996,ORD00003996,XPO,2026-02-15,2026-02-20,2026-02-16,24.14,2026-02-15T01:46:26,2026-02-16T15:09:59
SHP00003997,ORD00003997,XPO,2024-01-25,2024-01-27,2024-01-26,27.0,2024-01-25T03:30:33,2024-09-22T17:48:58
SHP00003998,ORD00003998,USPS,2025-06-27,2025-07-03,2025-06-29,21.26,2025-06-27T11:42:21,2026-01-14T10:32:50
SHP00004004,ORD00004004,FedEx,2024-08-02,2024-08-04,,25.51,2024-08-02T04:56:09,2025-12-12T16:12:45
SHP00004008,ORD00004008,OnTrac,2024-09-06,2024-09-12,,22.26,2024-09-06T06:27:25,2024-09-11T22:17:10
SHP00004009,ORD00004009,USPS,2024-09-24,2024-09-30,2024-09-28,36.79,2024-09-24T16:05:41,2025-11-24T05:01:40
SHP00004010,ORD00004010,OnTrac,2024-06-26,2024-06-29,2024-06-29,17.69,2024-06-26T14:53:37,2025-12-24T11:34:42
SHP00004011,ORD00004011,OnTrac,2024-03-11,2024-03-16,,17.22,2024-03-11T15:59:49,2025-08-04T21:53:58
SHP00004013,ORD00004013,DHL,2024-02-20,2024-02-24,2024-02-21,11.69,2024-02-20T01:39:30,2025-08-09T01:04:40
SHP00004014,ORD00004014,XPO,2025-08-22,2025-08-25,2025-08-29,12.02,2025-08-22T19:16:13,2025-11-06T20:51:20
SHP00004016,ORD00004016,USPS,2026-01-18,2026-01-24,2026-01-25,20.25,2026-01-18T15:20:12,2026-01-28T06:03:45
SHP00004018,ORD00004018,USPS,2025-05-08,2025-05-14,,19.43,2025-05-08T14:07:08,2025-07-17T16:59:56
SHP00004020,ORD00004020,FedEx,2025-12-16,2025-12-20,,16.96,2025-12-16T00:04:17,2026-02-20T15:37:11
SHP00004024,ORD00004024,UPS,2025-09-24,2025-09-27,,31.99,2025-09-24T11:20:04,2026-01-31T10:46:48
SHP00004025,ORD00004025,DHL,2024-08-20,2024-08-23,,29.2,2024-08-20T01:48:52,2024-10-28T07:35:17
SHP00004027,ORD00004027,USPS,2025-10-19,2025-10-23,,27.53,2025-10-19T06:10:47,2025-10-29T21:09:10
SHP00004029,ORD00004029,XPO,2025-05-16,2025-05-22,,25.6,2025-05-16T07:00:00,2025-09-05T19:33:39
SHP00004030,ORD00004030,OnTrac,2025-04-27,2025-04-29,,24.79,2025-04-27T00:41:50,2025-07-26T10:55:53
SHP00004032,ORD00004032,UPS,2025-04-21,2025-04-26,,39.99,2025-04-21T04:11:21,2026-02-22T22:16:05
SHP00004033,ORD00004033,UPS,2025-01-22,2025-01-28,2025-01-28,33.19,2025-01-22T02:03:53,2026-01-10T08:45:41
SHP00004034,ORD00004034,OnTrac,2025-02-15,2025-02-18,,39.97,2025-02-15T09:45:29,2026-02-01T01:17:46
SHP00004036,ORD00004036,DHL,2025-01-03,2025-01-09,,29.48,2025-01-03T20:02:17,2026-02-23T13:32:33
SHP00004039,ORD00004039,OnTrac,2024-06-21,2024-06-26,,31.83,2024-06-21T22:31:34,2025-07-24T13:58:57
SHP00004040,ORD00004040,XPO,2025-05-02,2025-05-04,2025-05-09,21.1,2025-05-02T03:24:47,2025-11-27T05:20:41
SHP00004041,ORD00004041,OnTrac,2024-10-15,2024-10-19,,21.44,2024-10-15T07:25:39,2025-01-22T02:46:16
SHP00004044,ORD00004044,UPS,2024-10-29,2024-10-31,2024-11-04,13.76,2024-10-29T16:20:06,2025-06-21T00:13:13
SHP00004045,ORD00004045,FedEx,2025-09-22,2025-09-26,,38.23,2025-09-22T17:04:14,2025-12-22T18:45:37
SHP00004046,ORD00004046,USPS,2025-01-07,2025-01-12,2025-01-11,4.73,2025-01-07T06:44:28,2025-02-11T00:52:55
SHP00004048,ORD00004048,UPS,2025-04-01,2025-04-05,,13.56,2025-04-01T09:36:23,2026-02-10T13:32:26
SHP00004050,ORD00004050,USPS,2025-03-12,2025-03-16,,35.08,2025-03-12T04:36:36,2025-05-06T18:04:56
SHP00004051,ORD00004051,XPO,2025-06-26,2025-07-01,2025-07-02,15.79,2025-06-26T16:04:30,2025-11-25T02:15:24
SHP00004052,ORD00004052,OnTrac,2025-02-26,2025-03-01,2025-02-28,36.72,2025-02-26T18:58:07,2026-02-22T05:14:11
SHP00004053,ORD00004053,FedEx,2026-02-05,2026-02-08,,14.14,2026-02-05T03:10:51,2026-02-06T15:40:39
SHP00004059,ORD00004059,XPO,2024-11-25,2024-12-01,2024-11-30,21.18,2024-11-25T08:21:43,2025-08-09T10:09:23
SHP00004062,ORD00004062,UPS,2025-05-28,2025-06-03,2025-06-03,28.8,2025-05-28T03:55:42,2025-07-24T08:15:04
SHP00004063,ORD00004063,DHL,2024-07-07,2024-07-12,2024-07-14,36.55,2024-07-07T06:10:42,2024-07-22T03:32:41
SHP00004064,ORD00004064,DHL,2024-09-11,2024-09-15,2024-09-18,25.25,2024-09-11T20:21:36,2025-07-21T06:24:13
SHP00004065,ORD00004065,UPS,2025-08-29,2025-09-04,2025-09-04,34.47,2025-08-29T11:52:05,2025-10-02T17:34:14
SHP00004066,ORD00004066,DHL,2024-12-22,2024-12-24,2024-12-27,24.34,2024-12-22T13:45:48,2025-12-03T10:49:48
SHP00004069,ORD00004069,XPO,2024-07-19,2024-07-25,2024-07-25,23.03,2024-07-19T15:07:16,2024-12-07T06:44:48
SHP00004070,ORD00004070,UPS,2025-10-01,2025-10-03,,20.42,2025-10-01T23:02:30,2026-01-21T01:23:03
SHP00004072,ORD00004072,OnTrac,2024-05-03,2024-05-08,2024-05-04,11.52,2024-05-03T07:35:19,2025-02-28T07:09:02
SHP00004073,ORD00004073,XPO,2024-02-08,2024-02-12,,25.57,2024-02-08T12:46:01,2025-03-06T01:34:24
SHP00004074,ORD00004074,XPO,2024-08-27,2024-09-02,2024-09-03,31.47,2024-08-27T03:32:16,2024-10-19T11:33:59
SHP00004077,ORD00004077,OnTrac,2024-10-30,2024-11-04,2024-11-06,8.32,2024-10-30T00:31:41,2025-07-08T08:21:39
SHP00004080,ORD00004080,FedEx,2025-08-06,2025-08-09,2025-08-13,7.33,2025-08-06T12:47:42,2026-02-04T08:41:58
SHP00004081,ORD00004081,USPS,2024-09-20,2024-09-26,2024-09-24,6.56,2024-09-20T03:26:44,2025-07-31T12:23:14
SHP00004083,ORD00004083,FedEx,2025-03-14,2025-03-19,,5.24,2025-03-14T05:11:37,2025-07-28T23:28:27
SHP00004086,ORD00004086,DHL,2025-01-18,2025-01-23,2025-01-20,26.87,2025-01-18T08:47:45,2026-01-05T15:49:55
SHP00004087,ORD00004087,OnTrac,2026-01-13,2026-01-16,2026-01-18,39.65,2026-01-13T10:12:43,2026-01-20T22:53:22
SHP00004088,ORD00004088,FedEx,2024-07-29,2024-08-02,2024-08-03,20.81,2024-07-29T20:02:07,2024-10-30T18:52:18
SHP00004090,ORD00004090,XPO,2024-08-11,2024-08-17,2024-08-17,39.1,2024-08-11T04:47:31,2024-12-08T19:29:32
SHP00004093,ORD00004093,OnTrac,2025-08-29,2025-09-02,2025-08-30,33.85,2025-08-29T16:35:21,2025-09-09T21:11:59
SHP00004097,ORD00004097,OnTrac,2024-10-02,2024-10-08,,21.12,2024-10-02T18:54:02,2025-07-17T03:02:29
SHP00004101,ORD00004101,XPO,2024-03-13,2024-03-18,2024-03-14,20.54,2024-03-13T11:28:44,2024-06-15T21:43:21
SHP00004102,ORD00004102,FedEx,2025-08-05,2025-08-11,2025-08-12,7.66,2025-08-05T02:51:25,2026-01-02T01:59:47
SHP00004105,ORD00004105,USPS,2025-02-23,2025-02-28,2025-02-26,23.92,2025-02-23T23:24:52,2025-02-24T15:08:14
SHP00004106,ORD00004106,UPS,2024-07-21,2024-07-26,2024-07-25,7.97,2024-07-21T12:50:29,2025-08-29T19:53:14
SHP00004108,ORD00004108,USPS,2024-05-01,2024-05-03,,10.69,2024-05-01T17:59:17,2025-07-16T04:09:39
SHP00004109,ORD00004109,USPS,2025-07-16,2025-07-21,2025-07-19,30.85,2025-07-16T18:14:45,2025-12-07T19:44:02
SHP00004111,ORD00004111,DHL,2024-04-11,2024-04-16,,7.5,2024-04-11T22:53:18,2025-05-22T08:04:36
SHP00004112,ORD00004112,FedEx,2025-09-07,2025-09-11,2025-09-11,19.85,2025-09-07T07:25:29,2026-01-02T12:21:05
SHP00004113,ORD00004113,XPO,2024-06-20,2024-06-26,2024-06-24,23.37,2024-06-20T03:26:31,2026-01-21T14:58:44
SHP00004114,ORD00004114,FedEx,2025-10-26,2025-11-01,2025-10-28,18.18,2025-10-26T14:11:24,2026-02-02T14:09:17
SHP00004115,ORD00004115,OnTrac,2024-12-06,2024-12-10,,5.63,2024-12-06T01:03:23,2025-06-14T07:28:33
SHP00004120,ORD00004120,XPO,2026-02-07,2026-02-11,,10.92,2026-02-07T15:40:20,2026-02-18T20:17:46
SHP00004121,ORD00004121,DHL,2024-12-14,2024-12-19,,21.38,2024-12-14T21:18:24,2025-05-23T00:51:46
SHP00004126,ORD00004126,USPS,2025-01-04,2025-01-10,2025-01-11,15.1,2025-01-04T13:49:57,2025-05-10T05:36:01
SHP00004128,ORD00004128,UPS,2024-10-31,2024-11-05,2024-11-05,39.05,2024-10-31T12:31:52,2025-06-16T20:00:00
SHP00004129,ORD00004129,USPS,2025-04-23,2025-04-28,2025-04-25,5.12,2025-04-23T14:16:32,2025-06-08T00:47:21
SHP00004130,ORD00004130,USPS,2025-07-06,2025-07-12,2025-07-10,25.29,2025-07-06T14:44:13,2025-11-24T03:01:22
SHP00004131,ORD00004131,OnTrac,2024-10-14,2024-10-18,2024-10-20,22.7,2024-10-14T08:45:08,2024-12-29T08:38:06
SHP00004134,ORD00004134,UPS,2024-04-21,2024-04-24,2024-04-26,32.02,2024-04-21T20:56:04,2026-01-25T00:37:57
SHP00004136,ORD00004136,FedEx,2024-02-12,2024-02-16,2024-02-17,26.75,2024-02-12T11:50:13,2025-06-10T07:18:26
SHP00004139,ORD00004139,OnTrac,2024-10-18,2024-10-24,,10.55,2024-10-18T18:19:52,2024-11-18T07:46:17
SHP00004140,ORD00004140,FedEx,2025-09-27,2025-10-02,2025-10-02,39.91,2025-09-27T20:40:04,2026-03-01T13:05:44
SHP00004143,ORD00004143,OnTrac,2024-03-01,2024-03-07,2024-03-07,6.52,2024-03-01T20:15:39,2025-02-25T08:37:00
SHP00004144,ORD00004144,FedEx,2026-01-07,2026-01-12,,13.38,2026-01-07T00:17:32,2026-02-17T06:50:09
SHP00004146,ORD00004146,USPS,2025-06-15,2025-06-17,2025-06-20,22.51,2025-06-15T15:40:09,2025-09-15T20:46:34
SHP00004148,ORD00004148,UPS,2024-06-11,2024-06-15,2024-06-17,10.15,2024-06-11T02:06:24,2024-08-01T23:44:39
SHP00004150,ORD00004150,FedEx,2025-04-04,2025-04-10,2025-04-09,8.65,2025-04-04T05:20:32,2026-01-15T20:53:08
SHP00004152,ORD00004152,XPO,2026-01-08,2026-01-14,,15.79,2026-01-08T04:04:55,2026-02-05T01:53:23
SHP00004154,ORD00004154,OnTrac,2025-12-13,2025-12-18,2025-12-19,39.94,2025-12-13T21:53:49,2026-01-24T20:17:25
SHP00004157,ORD00004157,XPO,2024-05-13,2024-05-17,,32.52,2024-05-13T03:58:55,2025-05-21T06:51:13
SHP00004159,ORD00004159,USPS,2025-12-26,2025-12-31,2026-01-02,35.55,2025-12-26T09:32:15,2026-02-25T00:01:24
SHP00004161,ORD00004161,OnTrac,2025-09-21,2025-09-24,,19.09,2025-09-21T00:03:18,2025-11-23T15:05:24
SHP00004162,ORD00004162,USPS,2025-05-16,2025-05-22,2025-05-20,35.76,2025-05-16T00:04:54,2025-05-17T21:12:42
SHP00004163,ORD00004163,UPS,2024-05-24,2024-05-26,2024-05-29,38.34,2024-05-24T00:51:21,2024-12-17T22:54:41
SHP00004166,ORD00004166,USPS,2026-02-20,2026-02-22,,21.73,2026-02-20T11:31:12,2026-02-25T08:01:31
SHP00004167,ORD00004167,DHL,2024-05-05,2024-05-11,2024-05-11,14.47,2024-05-05T21:35:15,2025-12-14T05:05:26
SHP00004168,ORD00004168,OnTrac,2025-10-17,2025-10-19,2025-10-24,33.19,2025-10-17T14:33:49,2025-11-09T12:20:15
SHP00004169,ORD00004169,XPO,2025-09-18,2025-09-24,,11.31,2025-09-18T05:41:12,2025-09-22T01:29:46
SHP00004170,ORD00004170,FedEx,2024-08-18,2024-08-24,,20.52,2024-08-18T23:14:19,2024-12-25T10:19:23
SHP00004172,ORD00004172,XPO,2024-03-29,2024-04-01,,20.1,2024-03-29T18:09:15,2025-07-06T16:47:35
SHP00004174,ORD00004174,FedEx,2025-12-15,2025-12-17,,4.9,2025-12-15T01:44:56,2026-01-16T23:37:29
SHP00004175,ORD00004175,UPS,2025-05-07,2025-05-13,2025-05-14,27.65,2025-05-07T15:33:02,2025-07-26T06:55:39
SHP00004176,ORD00004176,FedEx,2025-05-02,2025-05-07,2025-05-04,15.36,2025-05-02T21:22:54,2025-09-02T12:38:33
SHP00004177,ORD00004177,XPO,2025-05-08,2025-05-10,,7.26,2025-05-08T21:58:33,2026-02-09T09:16:33
SHP00004178,ORD00004178,FedEx,2024-11-24,2024-11-30,2024-11-29,20.08,2024-11-24T18:32:53,2025-03-11T12:45:34
SHP00004179,ORD00004179,UPS,2026-02-04,2026-02-07,,35.36,2026-02-04T19:36:57,2026-02-21T05:43:25
SHP00004182,ORD00004182,XPO,2025-12-28,2026-01-02,,13.02,2025-12-28T01:53:51,2026-02-01T15:32:05
SHP00004183,ORD00004183,OnTrac,2026-02-11,2026-02-17,,15.58,2026-02-11T13:49:11,2026-02-17T22:52:36
SHP00004184,ORD00004184,USPS,2025-11-14,2025-11-17,2025-11-20,6.78,2025-11-14T13:16:30,2025-12-26T00:39:27
SHP00004185,ORD00004185,XPO,2026-01-08,2026-01-10,2026-01-10,27.47,2026-01-08T03:47:59,2026-02-26T22:23:20
SHP00004186,ORD00004186,FedEx,2025-04-16,2025-04-21,,9.79,2025-04-16T04:03:03,2025-11-22T08:30:24
SHP00004187,ORD00004187,FedEx,2024-07-17,2024-07-20,,7.3,2024-07-17T15:56:16,2026-02-01T06:16:02
SHP00004189,ORD00004189,USPS,2024-04-12,2024-04-14,2024-04-15,20.89,2024-04-12T10:17:22,2025-06-02T17:57:16
SHP00004191,ORD00004191,DHL,2024-03-25,2024-03-27,2024-03-26,10.26,2024-03-25T10:11:16,2025-03-24T18:53:17
SHP00004192,ORD00004192,UPS,2025-01-11,2025-01-16,2025-01-18,33.99,2025-01-11T18:12:49,2025-10-03T05:49:01
SHP00004194,ORD00004194,OnTrac,2025-09-14,2025-09-18,2025-09-21,11.48,2025-09-14T21:37:36,2025-11-13T17:22:42
SHP00004195,ORD00004195,USPS,2025-01-19,2025-01-21,,38.35,2025-01-19T14:01:35,2025-05-13T08:24:47
SHP00004200,ORD00004200,OnTrac,2024-10-19,2024-10-24,2024-10-23,32.03,2024-10-19T03:54:00,2025-06-14T06:40:39
SHP00004202,ORD00004202,UPS,2026-01-12,2026-01-16,2026-01-19,35.21,2026-01-12T03:46:05,2026-01-14T23:47:57
SHP00004205,ORD00004205,XPO,2025-08-19,2025-08-25,2025-08-22,19.23,2025-08-19T10:34:06,2025-11-20T09:05:13
SHP00004206,ORD00004206,OnTrac,2024-12-09,2024-12-12,2024-12-10,30.71,2024-12-09T06:01:05,2026-02-18T12:10:01
SHP00004208,ORD00004208,XPO,2024-11-12,2024-11-16,2024-11-18,23.98,2024-11-12T02:29:53,2025-10-09T02:00:09
SHP00004209,ORD00004209,OnTrac,2025-11-01,2025-11-05,2025-11-05,23.14,2025-11-01T21:48:22,2025-11-07T11:00:40
SHP00004210,ORD00004210,DHL,2024-08-31,2024-09-03,2024-09-06,10.41,2024-08-31T10:10:47,2025-04-13T19:26:40
SHP00004211,ORD00004211,DHL,2025-06-20,2025-06-26,,19.8,2025-06-20T10:29:11,2025-12-18T02:34:09
SHP00004213,ORD00004213,DHL,2025-03-30,2025-04-01,2025-03-31,11.66,2025-03-30T10:53:24,2025-08-22T19:54:44
SHP00004219,ORD00004219,USPS,2025-01-29,2025-02-01,2025-02-04,5.84,2025-01-29T03:10:18,2025-05-05T09:22:41
SHP00004221,ORD00004221,OnTrac,2024-05-08,2024-05-10,,25.71,2024-05-08T12:13:10,2025-09-30T00:09:08
SHP00004222,ORD00004222,FedEx,2025-05-06,2025-05-10,2025-05-07,32.12,2025-05-06T11:11:18,2025-07-12T20:30:11
SHP00004223,ORD00004223,OnTrac,2025-10-19,2025-10-22,2025-10-20,11.42,2025-10-19T09:17:11,2025-12-03T15:44:41
SHP00004224,ORD00004224,USPS,2025-12-13,2025-12-19,,4.41,2025-12-13T09:22:46,2025-12-28T04:41:34
SHP00004226,ORD00004226,FedEx,2025-01-18,2025-01-24,2025-01-21,38.71,2025-01-18T09:21:12,2026-02-03T00:16:23
SHP00004227,ORD00004227,USPS,2024-04-19,2024-04-24,,17.62,2024-04-19T21:01:18,2024-09-04T01:17:04
SHP00004228,ORD00004228,FedEx,2025-03-09,2025-03-13,2025-03-14,39.1,2025-03-09T23:20:51,2025-03-28T01:12:39
SHP00004230,ORD00004230,OnTrac,2025-08-25,2025-08-30,2025-09-01,25.71,2025-08-25T13:04:48,2026-01-31T10:31:01
SHP00004231,ORD00004231,UPS,2024-01-05,2024-01-10,2024-01-11,5.11,2024-01-05T04:11:58,2024-04-16T10:46:04
SHP00004233,ORD00004233,DHL,2025-09-16,2025-09-18,,10.18,2025-09-16T10:07:23,2025-12-17T00:19:42
SHP00004237,ORD00004237,FedEx,2024-06-10,2024-06-12,2024-06-15,36.51,2024-06-10T03:04:36,2024-07-28T18:26:10
SHP00004238,ORD00004238,FedEx,2024-11-08,2024-11-13,,17.45,2024-11-08T18:31:22,2025-05-11T23:30:31
SHP00004240,ORD00004240,DHL,2024-08-13,2024-08-15,2024-08-20,10.73,2024-08-13T17:27:29,2025-07-05T17:48:11
SHP00004244,ORD00004244,XPO,2024-01-30,2024-02-02,,6.01,2024-01-30T13:24:21,2025-12-21T19:26:48
SHP00004254,ORD00004254,FedEx,2024-12-13,2024-12-18,,26.81,2024-12-13T11:33:36,2025-04-05T00:08:50
SHP00004255,ORD00004255,UPS,2024-04-10,2024-04-14,2024-04-17,38.85,2024-04-10T20:08:39,2024-12-19T10:16:49
SHP00004256,ORD00004256,DHL,2025-03-03,2025-03-06,2025-03-04,15.82,2025-03-03T07:39:41,2025-07-27T19:37:28
SHP00004257,ORD00004257,XPO,2024-08-29,2024-09-03,2024-09-05,34.52,2024-08-29T23:31:44,2025-11-24T13:13:13
SHP00004259,ORD00004259,UPS,2025-03-29,2025-04-04,2025-04-05,24.69,2025-03-29T11:02:41,2025-04-12T15:10:35
SHP00004260,ORD00004260,DHL,2025-08-04,2025-08-07,,26.16,2025-08-04T04:56:36,2025-09-21T16:28:00
SHP00004262,ORD00004262,XPO,2025-12-19,2025-12-21,,31.79,2025-12-19T15:06:54,2026-01-26T03:10:06
SHP00004263,ORD00004263,UPS,2024-06-30,2024-07-05,,28.17,2024-06-30T00:54:47,2026-01-20T15:53:13
SHP00004264,ORD00004264,FedEx,2025-03-22,2025-03-28,2025-03-26,24.1,2025-03-22T21:19:01,2025-06-20T20:18:58
SHP00004265,ORD00004265,DHL,2026-01-16,2026-01-20,2026-01-20,4.1,2026-01-16T01:55:26,2026-01-19T21:17:54
SHP00004267,ORD00004267,FedEx,2024-07-06,2024-07-12,2024-07-13,6.84,2024-07-06T12:35:13,2025-03-16T22:51:27
SHP00004272,ORD00004272,DHL,2025-06-07,2025-06-13,,11.23,2025-06-07T02:28:51,2025-11-15T00:37:55
SHP00004274,ORD00004274,FedEx,2025-03-03,2025-03-06,2025-03-08,21.97,2025-03-03T15:44:18,2025-09-14T21:22:43
SHP00004275,ORD00004275,FedEx,2024-04-12,2024-04-15,2024-04-13,11.76,2024-04-12T15:25:21,2024-09-14T09:17:01
SHP00004277,ORD00004277,USPS,2024-02-20,2024-02-24,2024-02-27,18.09,2024-02-20T09:06:14,2024-09-21T08:45:32
SHP00004278,ORD00004278,DHL,2025-11-05,2025-11-11,2025-11-07,37.44,2025-11-05T00:35:43,2026-02-14T02:03:52
SHP00004279,ORD00004279,UPS,2025-03-01,2025-03-04,2025-03-06,14.7,2025-03-01T20:28:44,2025-03-19T21:01:26
SHP00004280,ORD00004280,DHL,2024-06-21,2024-06-25,,34.09,2024-06-21T13:37:49,2025-04-13T02:30:17
SHP00004282,ORD00004282,FedEx,2024-07-02,2024-07-06,2024-07-08,20.38,2024-07-02T13:16:17,2024-09-30T17:18:52
SHP00004283,ORD00004283,USPS,2024-07-08,2024-07-12,2024-07-15,7.02,2024-07-08T05:26:15,2025-12-16T18:22:54
SHP00004285,ORD00004285,UPS,2026-02-06,2026-02-11,,33.84,2026-02-06T16:04:54,2026-02-24T10:58:46
SHP00004286,ORD00004286,DHL,2025-02-23,2025-02-25,2025-02-24,38.21,2025-02-23T17:26:38,2025-11-26T00:35:12
SHP00004289,ORD00004289,FedEx,2024-08-22,2024-08-27,2024-08-26,5.54,2024-08-22T02:07:49,2026-02-16T17:29:35
SHP00004290,ORD00004290,DHL,2024-02-22,2024-02-26,2024-02-26,11.79,2024-02-22T04:45:44,2024-08-04T11:43:21
SHP00004291,ORD00004291,XPO,2024-09-02,2024-09-06,2024-09-07,38.98,2024-09-02T13:07:36,2025-07-01T06:33:55
SHP00004292,ORD00004292,UPS,2025-11-17,2025-11-20,2025-11-20,4.05,2025-11-17T01:41:42,2025-12-09T05:21:28
SHP00004297,ORD00004297,USPS,2025-10-20,2025-10-24,2025-10-26,19.86,2025-10-20T03:55:20,2026-02-03T17:47:29
SHP00004299,ORD00004299,DHL,2025-01-20,2025-01-22,2025-01-23,18.11,2025-01-20T07:03:33,2025-10-10T15:52:13
SHP00004300,ORD00004300,DHL,2025-07-09,2025-07-15,2025-07-12,19.67,2025-07-09T08:43:27,2025-12-17T09:45:32
SHP00004301,ORD00004301,UPS,2024-08-04,2024-08-08,,12.0,2024-08-04T08:53:03,2025-08-21T17:50:45
SHP00004302,ORD00004302,DHL,2024-04-04,2024-04-10,2024-04-10,6.28,2024-04-04T14:42:59,2026-02-03T03:48:13
SHP00004306,ORD00004306,DHL,2026-02-23,2026-03-01,2026-02-26,9.25,2026-02-23T16:28:19,2026-02-23T17:43:37
SHP00004308,ORD00004308,FedEx,2024-03-24,2024-03-29,,13.38,2024-03-24T17:27:38,2024-07-07T02:39:53
SHP00004309,ORD00004309,FedEx,2025-11-28,2025-12-04,2025-12-05,6.34,2025-11-28T19:16:36,2026-01-12T13:52:39
SHP00004310,ORD00004310,DHL,2024-02-07,2024-02-11,,25.62,2024-02-07T18:52:28,2024-06-05T16:01:45
SHP00004311,ORD00004311,OnTrac,2024-12-02,2024-12-05,2024-12-04,19.57,2024-12-02T19:36:12,2025-05-04T22:14:35
SHP00004312,ORD00004312,USPS,2024-09-14,2024-09-17,2024-09-18,18.12,2024-09-14T05:52:13,2025-06-17T03:38:12
SHP00004313,ORD00004313,FedEx,2024-07-20,2024-07-25,,31.42,2024-07-20T16:16:48,2025-01-19T08:44:48
SHP00004314,ORD00004314,UPS,2024-12-08,2024-12-14,2024-12-09,22.5,2024-12-08T00:51:38,2026-01-20T10:39:11
SHP00004316,ORD00004316,FedEx,2025-12-23,2025-12-27,2025-12-24,5.67,2025-12-23T00:53:42,2026-02-14T08:46:31
SHP00004317,ORD00004317,XPO,2024-10-06,2024-10-12,2024-10-09,35.57,2024-10-06T16:50:10,2025-02-21T16:58:40
SHP00004320,ORD00004320,USPS,2024-07-25,2024-07-31,2024-07-31,18.63,2024-07-25T01:01:14,2026-02-09T08:58:45
SHP00004321,ORD00004321,OnTrac,2025-01-27,2025-01-29,2025-01-28,33.74,2025-01-27T07:51:49,2025-11-10T06:56:51
SHP00004322,ORD00004322,DHL,2025-02-28,2025-03-02,,9.14,2025-02-28T06:16:43,2025-07-03T11:15:13
SHP00004324,ORD00004324,XPO,2025-01-01,2025-01-04,,24.89,2025-01-01T01:19:23,2025-10-13T16:33:45
SHP00004325,ORD00004325,FedEx,2024-07-31,2024-08-02,2024-08-05,4.11,2024-07-31T07:59:55,2024-10-19T12:16:40
SHP00004326,ORD00004326,USPS,2024-04-16,2024-04-20,2024-04-18,28.53,2024-04-16T08:00:50,2024-11-22T20:49:13
SHP00004327,ORD00004327,FedEx,2025-10-26,2025-10-28,2025-10-27,21.91,2025-10-26T16:12:16,2025-10-26T04:20:17
SHP00004328,ORD00004328,XPO,2024-11-10,2024-11-14,2024-11-11,36.61,2024-11-10T15:58:43,2025-01-03T04:43:58
SHP00004329,ORD00004329,XPO,2025-03-23,2025-03-29,,5.13,2025-03-23T23:36:02,2025-06-20T04:01:09
SHP00004331,ORD00004331,UPS,2025-03-18,2025-03-21,,21.93,2025-03-18T15:17:08,2025-09-12T20:06:24
SHP00004332,ORD00004332,DHL,2025-01-15,2025-01-21,2025-01-17,7.46,2025-01-15T15:40:04,2025-09-28T09:50:53
SHP00004333,ORD00004333,UPS,2024-12-13,2024-12-17,2024-12-15,12.49,2024-12-13T02:56:02,2026-01-27T00:58:43
SHP00004334,ORD00004334,DHL,2026-02-20,2026-02-22,2026-02-23,27.63,2026-02-20T03:26:18,2026-02-20T01:38:11
SHP00004335,ORD00004335,DHL,2024-06-04,2024-06-10,,23.32,2024-06-04T08:37:20,2025-10-19T14:52:11
SHP00004338,ORD00004338,XPO,2025-07-24,2025-07-28,,18.53,2025-07-24T09:14:21,2025-10-18T15:30:39
SHP00004339,ORD00004339,DHL,2025-05-14,2025-05-18,,35.91,2025-05-14T07:10:14,2025-08-01T09:16:07
SHP00004341,ORD00004341,FedEx,2024-01-25,2024-01-28,,28.54,2024-01-25T01:14:22,2024-10-28T07:32:32
SHP00004343,ORD00004343,OnTrac,2026-02-13,2026-02-16,2026-02-14,21.18,2026-02-13T20:03:52,2026-02-15T10:53:40
SHP00004344,ORD00004344,FedEx,2024-08-16,2024-08-19,2024-08-17,16.21,2024-08-16T19:16:08,2025-12-16T09:06:43
SHP00004346,ORD00004346,OnTrac,2024-09-30,2024-10-03,,28.65,2024-09-30T20:11:42,2025-04-22T20:52:13
SHP00004347,ORD00004347,XPO,2024-03-16,2024-03-20,2024-03-23,37.66,2024-03-16T14:57:01,2025-06-23T09:18:29
SHP00004353,ORD00004353,DHL,2025-10-15,2025-10-19,2025-10-21,10.57,2025-10-15T03:56:57,2025-11-19T03:29:57
SHP00004354,ORD00004354,UPS,2024-06-11,2024-06-15,2024-06-15,30.07,2024-06-11T09:46:27,2026-02-09T23:30:32
SHP00004355,ORD00004355,OnTrac,2024-08-16,2024-08-20,2024-08-21,36.45,2024-08-16T10:39:26,2025-08-28T21:55:34
SHP00004356,ORD00004356,UPS,2026-01-11,2026-01-16,2026-01-15,23.83,2026-01-11T19:06:00,2026-01-25T18:34:50
SHP00004357,ORD00004357,USPS,2024-03-03,2024-03-06,2024-03-04,4.7,2024-03-03T06:31:44,2025-06-25T21:40:01
SHP00004358,ORD00004358,USPS,2025-05-01,2025-05-04,2025-05-07,9.94,2025-05-01T11:58:07,2025-11-21T12:10:13
SHP00004359,ORD00004359,OnTrac,2025-11-21,2025-11-26,2025-11-24,8.21,2025-11-21T14:08:33,2025-12-11T21:28:53
SHP00004361,ORD00004361,XPO,2024-06-07,2024-06-13,,19.81,2024-06-07T20:51:23,2024-09-02T02:43:22
SHP00004363,ORD00004363,USPS,2025-09-24,2025-09-29,,38.63,2025-09-24T04:36:18,2025-10-15T20:07:19
SHP00004365,ORD00004365,OnTrac,2024-04-20,2024-04-26,2024-04-25,24.67,2024-04-20T12:46:24,2024-05-05T18:26:16
SHP00004367,ORD00004367,FedEx,2025-06-13,2025-06-17,,29.03,2025-06-13T03:08:35,2025-10-18T01:08:30
SHP00004371,ORD00004371,DHL,2025-07-26,2025-07-31,,17.29,2025-07-26T05:41:53,2025-08-12T12:46:02
SHP00004372,ORD00004372,OnTrac,2024-02-11,2024-02-13,2024-02-17,39.26,2024-02-11T03:32:54,2024-07-15T08:56:45
SHP00004378,ORD00004378,USPS,2025-02-27,2025-03-02,2025-03-06,6.8,2025-02-27T17:13:19,2026-01-27T02:16:55
SHP00004379,ORD00004379,DHL,2026-01-10,2026-01-14,2026-01-13,39.07,2026-01-10T01:15:01,2026-01-23T04:27:42
SHP00004381,ORD00004381,USPS,2025-09-22,2025-09-25,2025-09-23,26.43,2025-09-22T04:41:34,2025-10-06T20:10:52
SHP00004382,ORD00004382,UPS,2024-10-26,2024-10-29,,16.27,2024-10-26T05:33:23,2025-02-12T07:35:32
SHP00004384,ORD00004384,OnTrac,2025-08-06,2025-08-09,,24.78,2025-08-06T18:27:02,2025-11-07T09:11:46
SHP00004385,ORD00004385,USPS,2025-08-02,2025-08-08,2025-08-06,15.76,2025-08-02T11:56:02,2025-10-07T06:19:01
SHP00004387,ORD00004387,UPS,2024-05-30,2024-06-03,2024-06-05,15.03,2024-05-30T20:25:33,2025-05-10T13:23:55
SHP00004389,ORD00004389,FedEx,2024-10-27,2024-11-02,2024-11-03,38.79,2024-10-27T00:38:26,2025-05-09T01:42:31
SHP00004390,ORD00004390,UPS,2024-02-17,2024-02-22,,8.46,2024-02-17T11:12:43,2026-02-05T22:24:46
SHP00004391,ORD00004391,UPS,2025-04-20,2025-04-26,2025-04-26,13.97,2025-04-20T00:42:25,2025-12-24T16:42:49
SHP00004392,ORD00004392,UPS,2025-02-01,2025-02-03,2025-02-06,39.44,2025-02-01T04:47:46,2025-12-17T17:26:18
SHP00004393,ORD00004393,OnTrac,2025-02-12,2025-02-16,,13.26,2025-02-12T15:17:48,2025-10-11T11:45:39
SHP00004397,ORD00004397,OnTrac,2025-03-13,2025-03-18,,20.58,2025-03-13T18:52:34,2026-01-25T22:08:00
SHP00004399,ORD00004399,DHL,2024-03-26,2024-03-31,2024-03-29,38.3,2024-03-26T09:41:02,2024-11-12T09:56:30
SHP00004400,ORD00004400,XPO,2024-09-01,2024-09-05,2024-09-04,24.0,2024-09-01T01:32:30,2025-11-09T15:27:08
SHP00004401,ORD00004401,XPO,2024-09-23,2024-09-26,2024-09-26,34.68,2024-09-23T02:02:21,2026-01-07T12:19:50
SHP00004403,ORD00004403,OnTrac,2025-05-29,2025-06-03,2025-06-02,27.37,2025-05-29T10:51:39,2025-07-22T08:10:53
SHP00004406,ORD00004406,USPS,2024-01-06,2024-01-08,2024-01-13,27.21,2024-01-06T08:27:55,2026-01-03T01:54:18
SHP00004407,ORD00004407,UPS,2026-01-13,2026-01-15,2026-01-19,16.05,2026-01-13T22:33:06,2026-02-06T19:22:02
SHP00004408,ORD00004408,UPS,2024-01-14,2024-01-17,,36.49,2024-01-14T13:59:11,2024-12-01T04:22:07
SHP00004411,ORD00004411,OnTrac,2025-04-15,2025-04-18,2025-04-16,24.83,2025-04-15T09:16:07,2025-10-27T21:39:40
SHP00004412,ORD00004412,USPS,2025-10-27,2025-11-01,2025-10-31,20.79,2025-10-27T00:08:48,2026-02-14T04:49:00
SHP00004414,ORD00004414,UPS,2024-03-22,2024-03-28,,39.68,2024-03-22T04:18:09,2025-12-25T18:26:15
SHP00004416,ORD00004416,OnTrac,2026-01-31,2026-02-03,2026-02-05,12.1,2026-01-31T17:56:39,2026-02-06T01:58:50
SHP00004417,ORD00004417,USPS,2025-06-21,2025-06-25,2025-06-22,11.29,2025-06-21T20:05:20,2025-07-04T18:46:35
SHP00004418,ORD00004418,DHL,2026-01-11,2026-01-16,2026-01-14,36.03,2026-01-11T00:34:35,2026-01-30T20:51:06
SHP00004419,ORD00004419,XPO,2025-12-28,2026-01-02,2026-01-04,18.29,2025-12-28T22:06:13,2025-12-28T08:12:08
SHP00004420,ORD00004420,DHL,2025-09-12,2025-09-17,2025-09-16,15.08,2025-09-12T09:24:16,2026-02-02T05:07:40
SHP00004421,ORD00004421,FedEx,2025-10-07,2025-10-12,2025-10-08,13.22,2025-10-07T18:04:12,2026-02-14T12:52:11
SHP00004422,ORD00004422,XPO,2025-05-06,2025-05-10,,23.75,2025-05-06T09:06:40,2026-02-02T23:00:17
SHP00004423,ORD00004423,OnTrac,2024-10-29,2024-11-04,2024-10-30,21.03,2024-10-29T21:54:28,2025-09-29T16:34:28
SHP00004424,ORD00004424,OnTrac,2025-04-16,2025-04-22,2025-04-21,19.51,2025-04-16T19:01:19,2026-01-16T02:51:20
SHP00004425,ORD00004425,UPS,2025-04-05,2025-04-10,2025-04-08,21.99,2025-04-05T08:04:05,2025-05-05T07:20:20
SHP00004429,ORD00004429,USPS,2024-03-16,2024-03-21,,5.66,2024-03-16T15:19:41,2024-10-04T20:00:55
SHP00004430,ORD00004430,FedEx,2025-03-14,2025-03-17,,36.5,2025-03-14T10:04:51,2025-05-30T10:16:23
SHP00004431,ORD00004431,OnTrac,2025-10-16,2025-10-22,2025-10-21,31.39,2025-10-16T03:27:26,2026-02-28T11:06:04
SHP00004432,ORD00004432,USPS,2025-10-10,2025-10-14,,34.25,2025-10-10T21:34:59,2025-11-04T04:49:46
SHP00004434,ORD00004434,FedEx,2025-11-04,2025-11-06,2025-11-09,15.23,2025-11-04T17:46:54,2026-01-04T16:00:55
SHP00004435,ORD00004435,UPS,2024-04-12,2024-04-16,2024-04-18,32.88,2024-04-12T02:13:32,2024-11-10T17:01:11
SHP00004440,ORD00004440,DHL,2024-10-26,2024-10-30,2024-11-02,9.31,2024-10-26T08:00:50,2025-10-16T10:55:58
SHP00004441,ORD00004441,DHL,2024-11-05,2024-11-10,2024-11-10,30.63,2024-11-05T01:58:09,2025-02-18T07:19:24
SHP00004442,ORD00004442,USPS,2024-03-14,2024-03-16,2024-03-20,26.55,2024-03-14T06:07:00,2025-01-27T15:04:31
SHP00004443,ORD00004443,OnTrac,2024-06-04,2024-06-08,2024-06-10,4.13,2024-06-04T19:06:49,2024-12-24T02:37:48
SHP00004444,ORD00004444,XPO,2024-04-09,2024-04-13,,17.12,2024-04-09T14:39:54,2025-04-04T17:26:35
SHP00004445,ORD00004445,DHL,2024-09-09,2024-09-15,2024-09-13,13.53,2024-09-09T09:57:04,2025-07-24T00:51:26
SHP00004446,ORD00004446,USPS,2024-12-07,2024-12-11,,16.28,2024-12-07T00:17:27,2025-11-10T17:53:20
SHP00004447,ORD00004447,DHL,2024-09-08,2024-09-14,2024-09-11,5.64,2024-09-08T23:17:28,2024-09-28T22:01:00
SHP00004448,ORD00004448,FedEx,2025-03-27,2025-03-30,2025-03-31,17.61,2025-03-27T01:57:05,2025-05-17T01:50:19
SHP00004449,ORD00004449,DHL,2024-05-29,2024-06-04,,10.49,2024-05-29T23:53:19,2025-03-19T23:40:12
SHP00004450,ORD00004450,OnTrac,2025-04-23,2025-04-26,,6.68,2025-04-23T15:02:52,2025-12-11T00:37:45
SHP00004455,ORD00004455,OnTrac,2024-04-02,2024-04-06,2024-04-09,7.01,2024-04-02T10:58:37,2024-09-17T02:29:35
SHP00004456,ORD00004456,OnTrac,2025-02-22,2025-02-26,,24.68,2025-02-22T15:19:13,2025-02-25T17:12:59
SHP00004459,ORD00004459,FedEx,2025-05-29,2025-06-01,2025-06-04,20.92,2025-05-29T02:40:50,2026-01-17T00:20:15
SHP00004460,ORD00004460,USPS,2024-05-12,2024-05-15,,9.97,2024-05-12T13:21:22,2025-10-18T15:00:58
SHP00004461,ORD00004461,DHL,2025-01-02,2025-01-07,,4.66,2025-01-02T14:56:41,2025-03-07T00:51:50
SHP00004462,ORD00004462,DHL,2025-02-23,2025-02-26,2025-02-26,17.37,2025-02-23T08:10:21,2025-12-23T21:11:45
SHP00004463,ORD00004463,FedEx,2025-11-24,2025-11-26,2025-11-28,16.87,2025-11-24T20:11:43,2026-01-27T21:46:27
SHP00004469,ORD00004469,FedEx,2025-09-06,2025-09-09,2025-09-11,30.67,2025-09-06T09:57:04,2025-12-19T04:16:07
SHP00004470,ORD00004470,DHL,2025-06-26,2025-07-01,,10.08,2025-06-26T23:27:57,2025-11-12T22:26:12
SHP00004472,ORD00004472,DHL,2025-02-11,2025-02-13,2025-02-12,25.45,2025-02-11T10:01:11,2026-01-02T09:54:50
SHP00004475,ORD00004475,USPS,2025-03-03,2025-03-05,2025-03-08,27.09,2025-03-03T11:38:57,2025-04-01T05:24:01
SHP00004476,ORD00004476,USPS,2024-12-09,2024-12-15,2024-12-15,7.73,2024-12-09T20:14:45,2025-06-29T04:45:21
SHP00004478,ORD00004478,XPO,2025-07-05,2025-07-07,,17.68,2025-07-05T22:14:32,2025-09-15T03:00:10
SHP00004481,ORD00004481,USPS,2025-12-27,2026-01-02,2026-01-03,36.26,2025-12-27T17:47:54,2026-02-04T04:16:29
SHP00004483,ORD00004483,UPS,2024-06-16,2024-06-22,,24.54,2024-06-16T18:53:45,2024-07-24T00:57:20
SHP00004484,ORD00004484,UPS,2024-01-07,2024-01-13,2024-01-11,4.46,2024-01-07T15:32:40,2026-02-21T09:59:44
SHP00004485,ORD00004485,FedEx,2024-07-31,2024-08-02,,38.73,2024-07-31T14:59:32,2024-11-28T22:34:23
SHP00004486,ORD00004486,OnTrac,2024-12-28,2024-12-31,2024-12-31,34.3,2024-12-28T20:51:37,2025-09-08T10:41:56
SHP00004487,ORD00004487,USPS,2025-01-14,2025-01-17,,17.65,2025-01-14T15:30:24,2025-02-04T20:37:18
SHP00004489,ORD00004489,DHL,2026-01-12,2026-01-16,,11.92,2026-01-12T10:28:21,2026-01-12T01:38:01
SHP00004491,ORD00004491,DHL,2025-01-05,2025-01-10,2025-01-11,9.23,2025-01-05T10:59:17,2025-09-19T09:16:52
SHP00004492,ORD00004492,UPS,2024-10-17,2024-10-19,2024-10-21,31.4,2024-10-17T09:07:54,2025-03-08T06:53:58
SHP00004493,ORD00004493,XPO,2026-01-29,2026-02-03,2026-01-31,25.07,2026-01-29T04:46:15,2026-02-05T21:00:33
SHP00004494,ORD00004494,UPS,2025-12-25,2025-12-27,2025-12-29,34.22,2025-12-25T18:47:59,2026-02-03T15:45:55
SHP00004501,ORD00004501,DHL,2025-02-20,2025-02-26,,10.49,2025-02-20T15:31:54,2025-10-25T05:40:38
SHP00004502,ORD00004502,USPS,2026-01-31,2026-02-03,2026-02-06,8.48,2026-01-31T16:45:35,2026-02-13T19:36:58
SHP00004503,ORD00004503,DHL,2025-09-26,2025-10-01,2025-09-30,11.34,2025-09-26T21:38:32,2026-01-09T06:03:25
SHP00004505,ORD00004505,XPO,2024-10-20,2024-10-26,,7.24,2024-10-20T16:17:35,2025-05-24T19:49:36
SHP00004508,ORD00004508,USPS,2025-03-10,2025-03-14,,26.03,2025-03-10T02:00:20,2025-09-07T22:25:45
SHP00004510,ORD00004510,XPO,2024-12-29,2024-12-31,,33.05,2024-12-29T15:18:18,2025-09-27T11:38:42
SHP00004511,ORD00004511,DHL,2025-10-13,2025-10-17,2025-10-18,37.71,2025-10-13T05:55:30,2026-02-14T02:49:09
SHP00004513,ORD00004513,FedEx,2025-11-23,2025-11-29,2025-11-26,23.66,2025-11-23T14:17:36,2025-12-02T22:31:35
SHP00004514,ORD00004514,USPS,2025-01-13,2025-01-19,2025-01-14,38.67,2025-01-13T22:28:52,2025-02-16T13:03:12
SHP00004515,ORD00004515,FedEx,2025-02-15,2025-02-21,2025-02-22,11.5,2025-02-15T21:37:08,2025-04-30T20:55:09
SHP00004516,ORD00004516,FedEx,2025-05-18,2025-05-22,2025-05-23,4.08,2025-05-18T18:54:50,2025-11-07T05:22:54
SHP00004517,ORD00004517,XPO,2024-05-16,2024-05-20,2024-05-17,31.71,2024-05-16T05:58:17,2025-07-11T20:28:14
SHP00004519,ORD00004519,FedEx,2025-01-30,2025-02-04,,31.58,2025-01-30T09:23:11,2025-11-24T16:43:18
SHP00004520,ORD00004520,OnTrac,2025-02-07,2025-02-09,2025-02-09,36.68,2025-02-07T15:14:46,2025-10-24T21:41:51
SHP00004522,ORD00004522,OnTrac,2025-03-02,2025-03-05,2025-03-04,7.43,2025-03-02T21:56:52,2025-05-22T11:45:04
SHP00004524,ORD00004524,FedEx,2026-01-13,2026-01-17,2026-01-18,26.33,2026-01-13T07:30:32,2026-02-01T21:07:14
SHP00004525,ORD00004525,DHL,2024-08-18,2024-08-20,,31.57,2024-08-18T23:02:25,2025-12-15T19:25:40
SHP00004526,ORD00004526,OnTrac,2025-12-26,2026-01-01,2025-12-31,19.18,2025-12-26T22:46:51,2026-02-25T14:37:06
SHP00004527,ORD00004527,USPS,2024-11-14,2024-11-16,,25.97,2024-11-14T07:45:05,2025-02-09T19:10:21
SHP00004528,ORD00004528,OnTrac,2025-12-01,2025-12-05,2025-12-08,34.71,2025-12-01T00:01:45,2025-12-16T20:56:30
SHP00004529,ORD00004529,XPO,2026-01-04,2026-01-09,2026-01-09,24.86,2026-01-04T20:01:51,2026-02-07T21:30:31
SHP00004531,ORD00004531,FedEx,2025-02-14,2025-02-16,,30.02,2025-02-14T01:47:28,2025-03-21T00:44:05
SHP00004534,ORD00004534,XPO,2024-02-23,2024-02-26,2024-02-26,33.05,2024-02-23T13:57:08,2025-03-21T20:25:12
SHP00004535,ORD00004535,XPO,2025-07-29,2025-08-03,2025-08-05,37.92,2025-07-29T12:06:30,2025-10-21T21:19:46
SHP00004536,ORD00004536,XPO,2024-07-29,2024-07-31,,23.45,2024-07-29T18:51:41,2025-07-10T03:46:38
SHP00004537,ORD00004537,DHL,2024-06-03,2024-06-08,2024-06-07,26.27,2024-06-03T08:37:18,2025-11-07T22:06:53
SHP00004539,ORD00004539,USPS,2026-01-10,2026-01-16,2026-01-15,19.59,2026-01-10T05:22:22,2026-02-19T17:39:04
SHP00004541,ORD00004541,UPS,2026-02-01,2026-02-06,2026-02-07,4.84,2026-02-01T09:08:03,2026-02-09T17:37:34
SHP00004542,ORD00004542,XPO,2024-01-08,2024-01-11,,25.26,2024-01-08T06:00:28,2026-02-08T02:50:42
SHP00004545,ORD00004545,FedEx,2026-02-21,2026-02-23,2026-02-24,22.78,2026-02-21T20:38:02,2026-02-26T17:12:39
SHP00004546,ORD00004546,DHL,2024-09-14,2024-09-17,,8.65,2024-09-14T14:44:39,2025-04-16T02:08:11
SHP00004548,ORD00004548,DHL,2024-06-28,2024-06-30,2024-07-03,25.86,2024-06-28T23:57:13,2025-11-11T19:04:04
SHP00004549,ORD00004549,XPO,2026-01-26,2026-02-01,2026-01-28,19.38,2026-01-26T22:28:49,2026-02-03T14:57:33
SHP00004550,ORD00004550,FedEx,2025-04-08,2025-04-14,2025-04-15,23.42,2025-04-08T20:11:06,2026-01-13T02:07:39
SHP00004551,ORD00004551,FedEx,2025-08-27,2025-08-30,2025-08-30,33.51,2025-08-27T15:35:28,2025-12-06T11:18:45
SHP00004554,ORD00004554,DHL,2025-02-24,2025-03-02,,27.35,2025-02-24T12:34:04,2025-10-31T17:22:07
SHP00004555,ORD00004555,OnTrac,2024-04-11,2024-04-13,2024-04-18,15.58,2024-04-11T22:16:05,2026-02-20T01:57:34
SHP00004556,ORD00004556,XPO,2024-02-20,2024-02-24,2024-02-22,27.94,2024-02-20T15:12:23,2024-08-16T12:43:09
SHP00004557,ORD00004557,DHL,2025-10-24,2025-10-26,2025-10-29,10.31,2025-10-24T04:00:17,2025-12-26T22:07:37
SHP00004559,ORD00004559,OnTrac,2025-08-02,2025-08-05,2025-08-08,5.5,2025-08-02T22:33:02,2025-09-11T14:34:55
SHP00004560,ORD00004560,UPS,2025-11-13,2025-11-16,2025-11-17,7.38,2025-11-13T16:18:53,2026-02-17T14:05:50
SHP00004562,ORD00004562,UPS,2024-04-01,2024-04-06,2024-04-04,39.55,2024-04-01T07:36:32,2024-12-21T03:57:04
SHP00004563,ORD00004563,FedEx,2025-02-11,2025-02-17,2025-02-14,18.8,2025-02-11T21:03:59,2025-02-15T01:01:46
SHP00004566,ORD00004566,OnTrac,2025-03-31,2025-04-06,2025-04-01,20.96,2025-03-31T22:19:42,2026-01-26T16:05:11
SHP00004567,ORD00004567,XPO,2024-08-14,2024-08-20,,21.03,2024-08-14T17:26:37,2025-12-09T18:57:38
SHP00004568,ORD00004568,DHL,2025-11-01,2025-11-06,,25.84,2025-11-01T15:16:35,2026-02-19T21:12:19
SHP00004572,ORD00004572,OnTrac,2024-07-19,2024-07-22,2024-07-26,25.14,2024-07-19T08:59:41,2025-08-11T08:42:26
SHP00004573,ORD00004573,UPS,2025-10-04,2025-10-09,,27.96,2025-10-04T06:05:40,2026-01-14T15:02:57
SHP00004575,ORD00004575,XPO,2024-11-12,2024-11-16,2024-11-17,36.25,2024-11-12T22:16:20,2025-09-16T10:52:51
SHP00004578,ORD00004578,FedEx,2025-08-24,2025-08-30,2025-08-31,24.18,2025-08-24T13:41:28,2025-11-05T15:51:15
SHP00004579,ORD00004579,DHL,2024-12-21,2024-12-25,,16.89,2024-12-21T07:49:27,2025-01-16T05:27:07
SHP00004582,ORD00004582,XPO,2024-03-01,2024-03-05,,5.53,2024-03-01T15:39:42,2024-05-02T23:47:18
SHP00004584,ORD00004584,OnTrac,2025-10-15,2025-10-20,2025-10-20,9.38,2025-10-15T02:25:06,2025-10-15T10:08:38
SHP00004587,ORD00004587,XPO,2024-03-05,2024-03-10,,8.5,2024-03-05T13:43:49,2024-10-03T20:18:08
SHP00004589,ORD00004589,FedEx,2024-02-03,2024-02-05,2024-02-09,9.34,2024-02-03T15:49:40,2024-05-05T00:07:23
SHP00004590,ORD00004590,UPS,2024-08-24,2024-08-27,2024-08-26,17.56,2024-08-24T04:00:17,2025-11-19T01:23:12
SHP00004591,ORD00004591,FedEx,2025-06-24,2025-06-30,,14.98,2025-06-24T23:10:10,2025-10-14T08:22:45
SHP00004592,ORD00004592,UPS,2024-04-25,2024-04-27,2024-04-28,22.09,2024-04-25T14:03:11,2025-10-01T01:54:42
SHP00004593,ORD00004593,DHL,2024-10-13,2024-10-16,,5.11,2024-10-13T14:19:48,2025-10-30T11:14:35
SHP00004594,ORD00004594,DHL,2024-02-10,2024-02-13,2024-02-13,17.32,2024-02-10T06:19:01,2025-06-10T07:48:47
SHP00004595,ORD00004595,DHL,2024-11-16,2024-11-21,,9.75,2024-11-16T21:33:12,2024-12-28T16:34:10
SHP00004597,ORD00004597,XPO,2024-07-05,2024-07-08,,38.29,2024-07-05T07:09:15,2026-02-06T13:13:55
SHP00004598,ORD00004598,OnTrac,2024-06-11,2024-06-16,,4.65,2024-06-11T11:53:59,2026-01-16T13:29:19
SHP00004600,ORD00004600,UPS,2024-04-09,2024-04-14,,38.72,2024-04-09T00:25:45,2025-10-09T11:43:23
SHP00004601,ORD00004601,USPS,2024-10-09,2024-10-11,2024-10-12,31.22,2024-10-09T10:22:33,2024-11-28T11:08:40
SHP00004604,ORD00004604,DHL,2024-03-10,2024-03-13,2024-03-12,24.82,2024-03-10T14:18:49,2024-10-07T16:29:59
SHP00004606,ORD00004606,UPS,2025-05-05,2025-05-07,2025-05-11,21.35,2025-05-05T02:19:06,2025-10-13T21:22:56
SHP00004610,ORD00004610,FedEx,2025-06-28,2025-07-02,2025-06-30,14.81,2025-06-28T03:30:30,2025-10-09T08:06:44
SHP00004611,ORD00004611,XPO,2025-07-04,2025-07-07,2025-07-07,29.27,2025-07-04T14:20:00,2026-02-01T08:51:38
SHP00004612,ORD00004612,USPS,2024-09-28,2024-10-04,2024-10-03,9.95,2024-09-28T01:59:35,2025-09-05T18:37:40
SHP00004614,ORD00004614,USPS,2025-02-01,2025-02-04,,17.08,2025-02-01T21:28:27,2025-07-23T20:55:43
SHP00004616,ORD00004616,OnTrac,2025-08-23,2025-08-25,,18.03,2025-08-23T15:32:55,2025-12-30T02:38:01
SHP00004618,ORD00004618,DHL,2024-04-03,2024-04-06,,13.68,2024-04-03T02:36:52,2024-05-02T14:56:43
SHP00004619,ORD00004619,UPS,2025-07-06,2025-07-08,2025-07-08,16.66,2025-07-06T01:50:14,2025-12-21T07:28:44
SHP00004620,ORD00004620,DHL,2024-03-08,2024-03-12,2024-03-10,7.02,2024-03-08T22:34:35,2024-08-29T09:30:10
SHP00004621,ORD00004621,DHL,2025-09-19,2025-09-24,2025-09-26,37.54,2025-09-19T10:48:59,2025-09-25T20:27:03
SHP00004624,ORD00004624,DHL,2025-10-04,2025-10-06,2025-10-08,35.67,2025-10-04T06:07:22,2025-12-09T20:37:31
SHP00004625,ORD00004625,OnTrac,2025-09-20,2025-09-25,2025-09-22,35.64,2025-09-20T13:00:48,2025-10-30T12:19:13
SHP00004626,ORD00004626,OnTrac,2024-12-15,2024-12-17,,30.42,2024-12-15T04:16:14,2025-12-11T11:20:17
SHP00004627,ORD00004627,USPS,2024-08-02,2024-08-05,2024-08-06,18.66,2024-08-02T10:39:22,2024-10-14T04:27:18
SHP00004628,ORD00004628,UPS,2024-06-22,2024-06-28,2024-06-26,30.23,2024-06-22T01:02:23,2026-01-15T13:29:30
SHP00004629,ORD00004629,USPS,2025-10-15,2025-10-19,,35.35,2025-10-15T06:00:54,2026-01-18T16:33:59
SHP00004631,ORD00004631,OnTrac,2024-06-24,2024-06-28,2024-06-25,5.45,2024-06-24T01:35:18,2024-08-12T16:03:35
SHP00004632,ORD00004632,DHL,2024-11-25,2024-11-29,2024-11-28,25.52,2024-11-25T18:53:27,2025-06-30T21:15:54
SHP00004633,ORD00004633,DHL,2025-06-30,2025-07-02,2025-07-04,21.8,2025-06-30T04:08:45,2025-11-27T13:21:48
SHP00004635,ORD00004635,FedEx,2025-12-18,2025-12-22,,32.1,2025-12-18T01:32:44,2026-02-09T06:35:32
SHP00004638,ORD00004638,UPS,2024-07-28,2024-08-02,2024-08-02,7.79,2024-07-28T10:36:05,2025-05-04T19:36:17
SHP00004639,ORD00004639,UPS,2024-04-03,2024-04-06,,6.0,2024-04-03T20:28:22,2024-09-17T02:54:00
SHP00004640,ORD00004640,DHL,2024-09-16,2024-09-21,2024-09-21,16.6,2024-09-16T16:53:07,2025-11-27T16:43:58
SHP00004641,ORD00004641,USPS,2024-04-12,2024-04-14,2024-04-16,39.98,2024-04-12T11:36:27,2025-09-14T06:10:35
SHP00004642,ORD00004642,UPS,2025-06-26,2025-06-29,,38.47,2025-06-26T16:34:29,2025-07-29T04:36:57
SHP00004645,ORD00004645,XPO,2025-09-21,2025-09-24,,4.12,2025-09-21T07:47:35,2025-12-09T12:55:50
SHP00004646,ORD00004646,UPS,2025-12-31,2026-01-06,,26.69,2025-12-31T02:01:03,2026-02-23T23:23:58
SHP00004648,ORD00004648,OnTrac,2024-03-15,2024-03-21,,26.78,2024-03-15T09:58:40,2024-10-19T15:27:00
SHP00004649,ORD00004649,UPS,2025-05-16,2025-05-19,2025-05-20,13.49,2025-05-16T04:00:23,2025-08-03T21:04:24
SHP00004651,ORD00004651,FedEx,2026-02-11,2026-02-15,,34.82,2026-02-11T19:49:38,2026-02-21T12:22:27
SHP00004658,ORD00004658,OnTrac,2025-02-04,2025-02-06,2025-02-07,17.95,2025-02-04T12:02:07,2025-08-05T18:55:19
SHP00004659,ORD00004659,USPS,2025-06-24,2025-06-27,2025-06-27,12.9,2025-06-24T05:11:23,2026-01-21T04:12:47
SHP00004662,ORD00004662,OnTrac,2026-02-11,2026-02-16,2026-02-13,34.44,2026-02-11T01:16:03,2026-02-28T03:43:23
SHP00004664,ORD00004664,FedEx,2024-09-24,2024-09-28,,14.49,2024-09-24T07:40:55,2024-10-12T02:46:08
SHP00004665,ORD00004665,DHL,2024-07-27,2024-07-30,2024-07-28,20.51,2024-07-27T11:08:18,2025-06-08T00:38:43
SHP00004667,ORD00004667,XPO,2024-07-21,2024-07-24,2024-07-27,15.84,2024-07-21T22:32:57,2026-01-03T00:08:03
SHP00004669,ORD00004669,FedEx,2025-04-03,2025-04-08,,14.57,2025-04-03T03:14:18,2025-11-10T18:26:05
SHP00004671,ORD00004671,DHL,2025-11-08,2025-11-11,2025-11-13,15.65,2025-11-08T11:20:26,2026-02-01T18:00:44
SHP00004672,ORD00004672,UPS,2024-12-16,2024-12-19,2024-12-20,23.61,2024-12-16T20:05:08,2025-02-28T22:41:23
SHP00004673,ORD00004673,FedEx,2024-08-18,2024-08-23,2024-08-19,22.82,2024-08-18T03:06:17,2026-01-01T09:48:25
SHP00004676,ORD00004676,USPS,2024-10-19,2024-10-24,2024-10-23,17.02,2024-10-19T00:50:06,2025-01-18T14:18:49
SHP00004680,ORD00004680,DHL,2025-04-05,2025-04-10,2025-04-09,8.29,2025-04-05T13:26:13,2025-12-29T07:01:25
SHP00004682,ORD00004682,DHL,2024-04-27,2024-04-29,,36.94,2024-04-27T14:39:37,2024-09-16T12:58:51
SHP00004685,ORD00004685,DHL,2025-09-17,2025-09-20,,23.08,2025-09-17T08:55:00,2025-09-26T23:08:18
SHP00004686,ORD00004686,USPS,2026-02-16,2026-02-22,2026-02-22,37.56,2026-02-16T18:15:49,2026-02-21T08:57:36
SHP00004687,ORD00004687,XPO,2025-02-20,2025-02-22,,7.17,2025-02-20T20:37:16,2025-10-10T16:44:19
SHP00004688,ORD00004688,UPS,2024-11-14,2024-11-19,2024-11-17,18.47,2024-11-14T11:25:53,2025-04-09T05:26:09
SHP00004689,ORD00004689,XPO,2025-03-08,2025-03-11,2025-03-09,35.85,2025-03-08T05:11:37,2025-06-12T09:48:21
SHP00004690,ORD00004690,USPS,2024-08-26,2024-09-01,,33.38,2024-08-26T00:01:07,2025-07-28T17:01:02
SHP00004692,ORD00004692,OnTrac,2026-01-08,2026-01-10,,16.88,2026-01-08T16:42:48,2026-02-09T14:16:04
SHP00004695,ORD00004695,FedEx,2025-01-07,2025-01-12,2025-01-11,6.92,2025-01-07T05:01:54,2025-04-29T08:13:13
SHP00004696,ORD00004696,OnTrac,2024-10-22,2024-10-26,,13.42,2024-10-22T07:23:35,2025-05-11T08:49:31
SHP00004697,ORD00004697,FedEx,2025-09-23,2025-09-27,,32.93,2025-09-23T10:25:34,2025-09-27T00:53:21
SHP00004698,ORD00004698,USPS,2025-08-27,2025-08-29,,4.65,2025-08-27T04:11:13,2025-10-03T15:54:13
SHP00004699,ORD00004699,OnTrac,2024-10-11,2024-10-13,2024-10-14,14.4,2024-10-11T11:04:03,2025-10-16T04:23:01
SHP00004700,ORD00004700,USPS,2024-07-08,2024-07-14,2024-07-15,14.4,2024-07-08T06:04:01,2024-10-05T06:26:46
SHP00004701,ORD00004701,OnTrac,2024-11-22,2024-11-25,,9.51,2024-11-22T15:39:51,2025-08-10T01:42:10
SHP00004704,ORD00004704,FedEx,2025-06-18,2025-06-21,2025-06-25,21.64,2025-06-18T00:15:02,2025-09-10T18:20:36
SHP00004706,ORD00004706,XPO,2024-10-23,2024-10-25,2024-10-29,11.47,2024-10-23T06:04:02,2025-09-07T22:05:22
SHP00004708,ORD00004708,UPS,2024-01-22,2024-01-28,2024-01-29,20.8,2024-01-22T17:59:47,2025-12-19T12:46:40
SHP00004709,ORD00004709,USPS,2024-06-20,2024-06-24,2024-06-26,5.06,2024-06-20T06:27:33,2024-11-09T18:00:15
SHP00004711,ORD00004711,USPS,2025-05-08,2025-05-11,2025-05-09,28.61,2025-05-08T19:29:41,2025-06-03T18:38:05
SHP00004713,ORD00004713,DHL,2025-08-04,2025-08-08,2025-08-06,17.72,2025-08-04T14:49:44,2025-11-15T04:21:53
SHP00004714,ORD00004714,DHL,2025-04-02,2025-04-08,2025-04-07,27.04,2025-04-02T04:16:10,2025-04-17T05:31:33
SHP00004715,ORD00004715,DHL,2025-08-25,2025-08-28,2025-08-30,32.13,2025-08-25T06:00:41,2026-02-28T03:16:06
SHP00004717,ORD00004717,USPS,2025-08-05,2025-08-09,2025-08-09,33.82,2025-08-05T03:06:15,2025-12-27T18:05:02
SHP00004720,ORD00004720,OnTrac,2025-03-24,2025-03-30,2025-03-29,35.65,2025-03-24T23:30:06,2025-05-30T03:33:52
SHP00004721,ORD00004721,OnTrac,2024-07-16,2024-07-21,,10.63,2024-07-16T05:18:45,2025-09-03T15:54:14
SHP00004722,ORD00004722,DHL,2024-04-17,2024-04-23,2024-04-22,33.57,2024-04-17T19:38:34,2025-02-15T19:28:19
SHP00004723,ORD00004723,XPO,2024-05-05,2024-05-11,,30.08,2024-05-05T21:31:08,2025-12-25T02:59:49
SHP00004724,ORD00004724,OnTrac,2024-06-22,2024-06-26,2024-06-23,31.69,2024-06-22T06:14:08,2025-09-20T01:34:15
SHP00004726,ORD00004726,USPS,2025-09-24,2025-09-29,2025-09-25,21.73,2025-09-24T21:22:25,2026-01-27T16:08:38
SHP00004729,ORD00004729,XPO,2024-08-21,2024-08-26,,6.94,2024-08-21T14:45:57,2025-12-17T23:17:52
SHP00004732,ORD00004732,DHL,2024-12-16,2024-12-21,2024-12-23,25.36,2024-12-16T17:53:23,2026-02-20T03:20:07
SHP00004734,ORD00004734,DHL,2024-06-26,2024-07-01,2024-06-29,35.19,2024-06-26T19:21:38,2025-07-17T08:59:32
SHP00004735,ORD00004735,USPS,2024-06-04,2024-06-06,,9.95,2024-06-04T15:08:39,2025-07-26T01:22:30
SHP00004736,ORD00004736,UPS,2025-03-02,2025-03-08,2025-03-06,19.34,2025-03-02T04:24:29,2025-05-05T05:26:18
SHP00004737,ORD00004737,XPO,2025-11-01,2025-11-03,,35.63,2025-11-01T09:25:14,2025-11-14T12:13:09
SHP00004738,ORD00004738,OnTrac,2026-03-01,2026-03-06,2026-03-02,39.14,2026-03-01T10:59:45,2026-03-02T11:54:07
SHP00004739,ORD00004739,OnTrac,2024-08-07,2024-08-11,2024-08-09,11.59,2024-08-07T07:42:51,2024-11-15T23:55:44
SHP00004743,ORD00004743,XPO,2024-04-18,2024-04-22,,12.35,2024-04-18T20:53:22,2024-09-16T11:23:35
SHP00004744,ORD00004744,OnTrac,2024-01-30,2024-02-05,2024-02-05,9.66,2024-01-30T13:12:41,2025-09-28T22:26:40
SHP00004747,ORD00004747,DHL,2025-07-05,2025-07-10,,14.23,2025-07-05T22:04:03,2025-11-01T12:50:36
SHP00004752,ORD00004752,UPS,2025-06-22,2025-06-26,2025-06-24,21.51,2025-06-22T02:03:57,2025-10-10T07:20:37
SHP00004754,ORD00004754,USPS,2025-12-20,2025-12-24,,22.25,2025-12-20T02:09:33,2025-12-27T15:59:16
SHP00004756,ORD00004756,USPS,2024-12-27,2024-12-30,2025-01-01,17.79,2024-12-27T21:36:39,2026-02-06T18:10:30
SHP00004757,ORD00004757,USPS,2025-10-15,2025-10-19,,17.29,2025-10-15T21:01:54,2026-01-27T19:10:16
SHP00004758,ORD00004758,DHL,2024-01-22,2024-01-25,2024-01-28,6.06,2024-01-22T17:38:17,2025-03-24T17:33:20
SHP00004759,ORD00004759,DHL,2025-06-24,2025-06-30,2025-07-01,23.93,2025-06-24T02:06:55,2025-12-13T05:48:09
SHP00004760,ORD00004760,FedEx,2024-01-08,2024-01-13,,4.63,2024-01-08T15:48:32,2024-12-07T00:52:38
SHP00004761,ORD00004761,OnTrac,2025-07-12,2025-07-17,2025-07-17,12.6,2025-07-12T17:50:10,2025-11-20T06:56:17
SHP00004763,ORD00004763,FedEx,2025-04-22,2025-04-24,2025-04-29,20.11,2025-04-22T16:35:06,2026-01-25T19:08:15
SHP00004764,ORD00004764,DHL,2024-08-14,2024-08-17,,33.84,2024-08-14T02:05:46,2025-03-07T12:54:21
SHP00004765,ORD00004765,XPO,2026-03-03,2026-03-06,,19.61,2026-03-03T17:53:28,2026-03-03T09:55:44
SHP00004766,ORD00004766,USPS,2025-04-26,2025-04-29,,16.06,2025-04-26T10:35:49,2025-11-15T02:27:31
SHP00004770,ORD00004770,DHL,2025-03-04,2025-03-06,,27.87,2025-03-04T08:59:39,2025-04-29T19:38:44
SHP00004771,ORD00004771,XPO,2024-07-08,2024-07-11,,5.93,2024-07-08T23:50:31,2025-08-16T20:43:02
SHP00004772,ORD00004772,XPO,2025-10-17,2025-10-20,,37.5,2025-10-17T07:06:25,2025-11-28T05:00:16
SHP00004773,ORD00004773,FedEx,2025-04-12,2025-04-17,2025-04-14,20.77,2025-04-12T23:54:28,2025-07-17T18:48:10
SHP00004774,ORD00004774,OnTrac,2025-12-26,2025-12-29,,24.81,2025-12-26T11:01:16,2026-01-26T04:49:52
SHP00004776,ORD00004776,OnTrac,2024-05-20,2024-05-22,,13.58,2024-05-20T05:17:27,2025-09-17T03:34:51
SHP00004777,ORD00004777,FedEx,2024-05-02,2024-05-08,,10.16,2024-05-02T14:20:06,2025-02-27T20:53:07
SHP00004779,ORD00004779,DHL,2024-06-09,2024-06-11,,26.53,2024-06-09T14:11:25,2025-10-04T22:46:51
SHP00004780,ORD00004780,DHL,2025-04-19,2025-04-22,2025-04-26,13.48,2025-04-19T08:45:39,2025-06-26T14:04:12
SHP00004781,ORD00004781,XPO,2025-01-15,2025-01-21,2025-01-19,25.93,2025-01-15T21:27:09,2025-08-15T07:02:34
SHP00004782,ORD00004782,XPO,2025-06-14,2025-06-18,2025-06-20,18.92,2025-06-14T17:26:10,2025-09-30T18:36:54
SHP00004783,ORD00004783,OnTrac,2024-01-26,2024-02-01,,17.01,2024-01-26T10:30:56,2025-03-13T07:34:28
SHP00004786,ORD00004786,OnTrac,2025-08-07,2025-08-12,,24.34,2025-08-07T22:35:52,2026-01-18T02:18:55
SHP00004787,ORD00004787,DHL,2025-07-10,2025-07-15,,24.63,2025-07-10T14:44:13,2026-02-24T23:09:00
SHP00004788,ORD00004788,XPO,2025-12-06,2025-12-09,,25.4,2025-12-06T02:47:40,2026-02-09T04:26:38
SHP00004789,ORD00004789,USPS,2024-05-13,2024-05-15,,32.05,2024-05-13T05:57:56,2025-09-22T10:04:04
SHP00004793,ORD00004793,XPO,2024-02-27,2024-03-04,2024-03-05,6.84,2024-02-27T02:41:52,2024-07-23T17:32:06
SHP00004794,ORD00004794,UPS,2026-03-02,2026-03-08,2026-03-05,9.24,2026-03-02T09:06:49,2026-03-02T09:48:33
SHP00004795,ORD00004795,USPS,2024-02-06,2024-02-11,2024-02-11,32.8,2024-02-06T19:43:43,2024-08-15T07:38:21
SHP00004798,ORD00004798,USPS,2024-04-26,2024-04-29,,18.66,2024-04-26T17:25:15,2025-06-26T06:24:17
SHP00004800,ORD00004800,DHL,2025-01-16,2025-01-21,2025-01-18,10.5,2025-01-16T08:13:01,2026-01-27T04:00:39
SHP00004801,ORD00004801,XPO,2024-03-26,2024-03-30,,26.53,2024-03-26T16:57:16,2024-12-03T07:39:47
SHP00004804,ORD00004804,XPO,2026-01-07,2026-01-10,2026-01-14,35.58,2026-01-07T22:18:33,2026-01-25T13:36:29
SHP00004805,ORD00004805,XPO,2024-06-17,2024-06-23,,37.88,2024-06-17T08:02:44,2025-03-28T19:20:42
SHP00004806,ORD00004806,OnTrac,2025-01-03,2025-01-05,2025-01-07,18.66,2025-01-03T02:24:29,2025-12-13T01:49:06
SHP00004809,ORD00004809,XPO,2025-12-10,2025-12-13,2025-12-14,17.16,2025-12-10T02:23:11,2026-01-06T03:01:09
SHP00004812,ORD00004812,UPS,2024-09-05,2024-09-09,2024-09-12,29.88,2024-09-05T21:30:30,2025-02-24T08:02:23
SHP00004814,ORD00004814,USPS,2025-12-31,2026-01-04,2026-01-07,26.54,2025-12-31T04:33:16,2026-02-18T14:18:09
SHP00004815,ORD00004815,XPO,2024-03-04,2024-03-08,,5.96,2024-03-04T16:21:26,2025-04-11T16:38:50
SHP00004816,ORD00004816,USPS,2024-02-26,2024-02-28,,8.62,2024-02-26T09:54:34,2025-11-10T07:27:55
SHP00004819,ORD00004819,XPO,2025-02-11,2025-02-15,2025-02-12,31.78,2025-02-11T01:02:33,2025-03-01T23:35:23
SHP00004820,ORD00004820,OnTrac,2025-10-21,2025-10-24,2025-10-24,39.26,2025-10-21T02:59:39,2026-01-04T06:42:18
SHP00004822,ORD00004822,XPO,2025-02-24,2025-03-02,2025-02-25,7.17,2025-02-24T18:40:10,2025-09-26T17:54:42
SHP00004823,ORD00004823,UPS,2025-04-27,2025-04-29,2025-04-29,35.91,2025-04-27T03:55:03,2025-12-18T07:02:50
SHP00004827,ORD00004827,OnTrac,2024-03-04,2024-03-07,2024-03-07,17.86,2024-03-04T14:00:16,2024-08-14T02:56:04
SHP00004828,ORD00004828,XPO,2024-09-03,2024-09-07,,29.11,2024-09-03T04:43:51,2025-04-12T00:13:05
SHP00004832,ORD00004832,USPS,2025-11-06,2025-11-09,2025-11-12,38.58,2025-11-06T13:25:23,2025-11-23T18:50:43
SHP00004833,ORD00004833,XPO,2024-10-08,2024-10-13,2024-10-12,19.54,2024-10-08T04:29:11,2026-01-15T16:48:34
SHP00004834,ORD00004834,USPS,2025-07-05,2025-07-08,2025-07-09,19.57,2025-07-05T06:49:28,2026-01-04T10:09:12
SHP00004838,ORD00004838,OnTrac,2024-02-16,2024-02-19,,35.05,2024-02-16T01:38:32,2024-08-29T04:24:48
SHP00004839,ORD00004839,DHL,2024-02-15,2024-02-20,2024-02-18,5.06,2024-02-15T00:12:20,2024-09-06T23:54:03
SHP00004841,ORD00004841,OnTrac,2024-02-03,2024-02-08,,37.69,2024-02-03T13:42:15,2024-10-24T18:47:10
SHP00004843,ORD00004843,XPO,2025-05-16,2025-05-22,,26.19,2025-05-16T10:37:33,2025-08-05T09:11:49
SHP00004846,ORD00004846,XPO,2026-03-01,2026-03-03,2026-03-04,18.62,2026-03-01T05:18:56,2026-03-01T13:23:46
SHP00004849,ORD00004849,FedEx,2024-04-21,2024-04-25,2024-04-22,25.39,2024-04-21T06:06:25,2024-07-20T10:49:07
SHP00004850,ORD00004850,XPO,2025-12-23,2025-12-25,2025-12-30,34.54,2025-12-23T11:08:38,2025-12-30T00:51:58
SHP00004851,ORD00004851,DHL,2024-08-22,2024-08-26,2024-08-28,7.46,2024-08-22T07:07:49,2026-02-27T05:16:26
SHP00004854,ORD00004854,FedEx,2025-05-16,2025-05-18,2025-05-20,8.31,2025-05-16T06:30:48,2025-12-15T18:12:17
SHP00004855,ORD00004855,UPS,2024-01-04,2024-01-10,,21.44,2024-01-04T11:09:41,2025-06-07T09:21:53
SHP00004856,ORD00004856,FedEx,2024-12-01,2024-12-04,,27.57,2024-12-01T05:26:14,2025-07-26T05:28:10
SHP00004858,ORD00004858,USPS,2025-03-28,2025-04-03,2025-03-30,27.89,2025-03-28T01:29:35,2025-10-07T23:13:55
SHP00004860,ORD00004860,USPS,2024-03-06,2024-03-12,2024-03-09,23.34,2024-03-06T06:27:02,2025-03-21T10:58:38
SHP00004861,ORD00004861,DHL,2024-10-02,2024-10-05,,32.25,2024-10-02T16:33:37,2024-11-08T08:47:38
SHP00004862,ORD00004862,OnTrac,2024-07-31,2024-08-04,2024-08-01,17.46,2024-07-31T16:53:21,2024-12-26T23:05:02
SHP00004863,ORD00004863,UPS,2025-07-25,2025-07-28,,35.71,2025-07-25T08:00:23,2025-08-24T18:13:57
SHP00004864,ORD00004864,XPO,2024-07-23,2024-07-27,2024-07-29,29.63,2024-07-23T09:02:31,2025-04-15T01:25:09
SHP00004865,ORD00004865,FedEx,2024-12-24,2024-12-30,,36.9,2024-12-24T16:03:42,2025-09-06T08:06:30
SHP00004867,ORD00004867,UPS,2025-08-23,2025-08-29,2025-08-29,34.1,2025-08-23T05:47:18,2025-11-07T18:38:49
SHP00004868,ORD00004868,DHL,2024-01-19,2024-01-25,,21.69,2024-01-19T22:27:51,2025-04-22T23:26:28
SHP00004870,ORD00004870,XPO,2024-05-16,2024-05-20,2024-05-22,37.83,2024-05-16T10:27:28,2025-05-14T22:26:43
SHP00004872,ORD00004872,DHL,2025-03-19,2025-03-24,2025-03-20,39.29,2025-03-19T23:34:34,2025-11-03T23:32:02
SHP00004873,ORD00004873,USPS,2025-03-08,2025-03-14,2025-03-10,13.81,2025-03-08T06:33:13,2025-03-10T14:19:47
SHP00004875,ORD00004875,FedEx,2024-12-06,2024-12-11,2024-12-07,29.58,2024-12-06T01:04:25,2025-08-08T03:32:07
SHP00004876,ORD00004876,FedEx,2025-10-30,2025-11-05,2025-11-05,26.36,2025-10-30T21:06:14,2026-01-15T05:00:21
SHP00004877,ORD00004877,FedEx,2025-10-22,2025-10-27,2025-10-24,30.25,2025-10-22T10:19:45,2025-10-22T15:19:35
SHP00004878,ORD00004878,USPS,2024-08-03,2024-08-07,2024-08-09,9.84,2024-08-03T14:13:44,2024-12-16T09:01:13
SHP00004879,ORD00004879,USPS,2024-09-30,2024-10-05,2024-10-05,33.53,2024-09-30T08:05:17,2025-06-18T11:04:24
SHP00004880,ORD00004880,FedEx,2025-08-15,2025-08-19,2025-08-22,26.91,2025-08-15T17:29:51,2025-12-29T14:15:19
SHP00004882,ORD00004882,UPS,2024-05-06,2024-05-08,,14.67,2024-05-06T15:27:37,2024-11-26T12:38:56
SHP00004885,ORD00004885,USPS,2025-12-01,2025-12-05,2025-12-06,17.91,2025-12-01T23:34:42,2026-02-16T10:02:12
SHP00004886,ORD00004886,UPS,2024-11-06,2024-11-08,2024-11-07,17.97,2024-11-06T23:41:35,2025-01-25T00:10:59
SHP00004888,ORD00004888,XPO,2025-08-16,2025-08-18,2025-08-22,9.38,2025-08-16T12:05:04,2025-09-15T23:36:07
SHP00004891,ORD00004891,FedEx,2025-05-28,2025-06-03,2025-06-03,10.18,2025-05-28T08:30:34,2025-10-13T06:54:30
SHP00004893,ORD00004893,FedEx,2024-08-26,2024-08-29,2024-09-01,16.53,2024-08-26T23:04:01,2025-07-19T09:30:32
SHP00004894,ORD00004894,FedEx,2025-02-22,2025-02-25,,27.84,2025-02-22T04:12:42,2025-08-08T03:19:12
SHP00004898,ORD00004898,OnTrac,2024-03-03,2024-03-05,,14.05,2024-03-03T08:41:11,2025-05-09T12:56:13
SHP00004899,ORD00004899,OnTrac,2025-07-22,2025-07-26,2025-07-26,21.99,2025-07-22T08:56:26,2025-12-28T14:35:25
SHP00004900,ORD00004900,XPO,2024-02-13,2024-02-16,,22.95,2024-02-13T17:39:24,2024-04-27T11:11:07
SHP00004901,ORD00004901,XPO,2025-04-16,2025-04-22,2025-04-21,12.87,2025-04-16T08:30:32,2025-08-10T12:11:28
SHP00004903,ORD00004903,FedEx,2025-01-12,2025-01-18,,32.59,2025-01-12T03:22:10,2025-02-24T21:38:34
SHP00004904,ORD00004904,XPO,2025-10-05,2025-10-07,2025-10-06,25.41,2025-10-05T00:35:02,2025-12-25T11:38:57
SHP00004905,ORD00004905,FedEx,2024-12-13,2024-12-18,2024-12-15,37.05,2024-12-13T10:11:10,2025-01-27T04:15:36
SHP00004906,ORD00004906,FedEx,2024-08-25,2024-08-29,2024-08-26,15.97,2024-08-25T17:47:26,2024-12-13T18:38:05
SHP00004907,ORD00004907,USPS,2024-07-28,2024-08-01,2024-08-04,10.09,2024-07-28T19:44:21,2025-06-30T00:02:45
SHP00004908,ORD00004908,UPS,2025-10-10,2025-10-14,2025-10-12,14.65,2025-10-10T20:48:08,2025-12-01T01:02:17
SHP00004909,ORD00004909,XPO,2025-10-01,2025-10-06,2025-10-08,27.59,2025-10-01T11:19:59,2025-12-06T06:14:40
SHP00004912,ORD00004912,OnTrac,2024-11-22,2024-11-26,2024-11-26,25.67,2024-11-22T12:08:28,2025-07-17T11:37:27
SHP00004913,ORD00004913,USPS,2024-10-19,2024-10-24,2024-10-25,39.71,2024-10-19T10:46:28,2025-04-24T03:55:25
SHP00004916,ORD00004916,OnTrac,2025-08-05,2025-08-08,2025-08-12,5.46,2025-08-05T13:22:10,2026-01-16T20:11:33
SHP00004917,ORD00004917,UPS,2024-10-21,2024-10-23,2024-10-27,19.0,2024-10-21T06:44:55,2025-04-03T07:09:17
SHP00004918,ORD00004918,USPS,2026-02-05,2026-02-09,2026-02-12,35.67,2026-02-05T23:37:33,2026-02-11T01:36:25
SHP00004919,ORD00004919,XPO,2025-03-14,2025-03-19,2025-03-20,16.96,2025-03-14T15:02:15,2025-07-08T04:55:16
SHP00004920,ORD00004920,FedEx,2025-05-18,2025-05-20,,21.74,2025-05-18T21:36:51,2025-11-08T03:02:42
SHP00004921,ORD00004921,DHL,2025-07-27,2025-07-30,2025-07-28,23.84,2025-07-27T12:57:21,2025-08-15T20:10:12
SHP00004922,ORD00004922,OnTrac,2024-11-13,2024-11-17,2024-11-19,17.4,2024-11-13T00:18:11,2025-08-04T08:09:45
SHP00004923,ORD00004923,OnTrac,2025-07-01,2025-07-07,2025-07-05,35.61,2025-07-01T21:05:33,2025-09-29T18:17:30
SHP00004925,ORD00004925,OnTrac,2025-07-24,2025-07-26,2025-07-27,31.44,2025-07-24T09:06:48,2026-01-10T19:49:28
SHP00004927,ORD00004927,USPS,2024-02-03,2024-02-05,,24.05,2024-02-03T22:46:37,2024-05-10T01:04:52
SHP00004928,ORD00004928,FedEx,2025-02-16,2025-02-18,2025-02-17,6.31,2025-02-16T02:50:17,2025-06-07T12:41:12
SHP00004930,ORD00004930,XPO,2024-03-21,2024-03-23,2024-03-24,15.75,2024-03-21T16:03:31,2024-08-14T16:49:22
SHP00004932,ORD00004932,FedEx,2024-04-11,2024-04-15,,33.86,2024-04-11T23:07:27,2025-08-02T03:49:05
SHP00004933,ORD00004933,USPS,2024-02-15,2024-02-19,,36.88,2024-02-15T07:45:38,2024-07-04T01:08:57
SHP00004935,ORD00004935,FedEx,2025-12-28,2026-01-02,,20.12,2025-12-28T14:24:22,2026-02-06T00:50:22
SHP00004937,ORD00004937,UPS,2024-12-15,2024-12-20,,17.99,2024-12-15T18:06:38,2025-09-15T09:31:22
SHP00004939,ORD00004939,UPS,2025-10-01,2025-10-03,,37.94,2025-10-01T08:24:47,2026-02-22T12:34:34
SHP00004940,ORD00004940,DHL,2024-07-01,2024-07-07,,25.49,2024-07-01T10:05:23,2024-12-24T00:14:43
SHP00004941,ORD00004941,DHL,2025-12-08,2025-12-12,2025-12-12,8.76,2025-12-08T22:19:58,2025-12-30T17:59:07
SHP00004942,ORD00004942,FedEx,2025-07-30,2025-08-03,2025-08-02,5.49,2025-07-30T23:54:33,2025-11-23T20:27:15
SHP00004944,ORD00004944,USPS,2024-07-03,2024-07-05,2024-07-05,38.71,2024-07-03T17:40:00,2024-12-21T00:44:23
SHP00004946,ORD00004946,UPS,2026-02-17,2026-02-21,,36.44,2026-02-17T05:36:25,2026-02-19T05:29:21
SHP00004947,ORD00004947,DHL,2024-11-02,2024-11-04,,6.26,2024-11-02T08:17:37,2025-05-14T23:17:08
SHP00004948,ORD00004948,FedEx,2025-01-07,2025-01-09,,35.03,2025-01-07T00:36:22,2025-01-15T14:30:42
SHP00004950,ORD00004950,DHL,2024-12-26,2024-12-31,,4.32,2024-12-26T08:07:12,2026-01-06T07:34:14
SHP00004951,ORD00004951,XPO,2024-10-15,2024-10-18,,30.41,2024-10-15T01:10:27,2025-06-14T21:41:51
SHP00004953,ORD00004953,XPO,2025-01-04,2025-01-06,2025-01-09,18.7,2025-01-04T11:41:09,2025-04-23T03:41:17
SHP00004958,ORD00004958,OnTrac,2024-10-24,2024-10-29,,19.4,2024-10-24T15:12:13,2025-12-21T06:25:57
SHP00004959,ORD00004959,USPS,2025-04-30,2025-05-05,2025-05-02,39.29,2025-04-30T07:20:03,2025-06-09T00:20:56
SHP00004960,ORD00004960,XPO,2024-05-28,2024-05-31,,5.77,2024-05-28T14:15:26,2025-08-18T15:42:21
SHP00004961,ORD00004961,USPS,2024-10-01,2024-10-04,2024-10-03,11.57,2024-10-01T23:53:38,2026-02-25T07:33:09
SHP00004963,ORD00004963,USPS,2024-05-04,2024-05-10,2024-05-07,14.11,2024-05-04T05:09:55,2025-04-09T23:47:12
SHP00004964,ORD00004964,OnTrac,2024-05-06,2024-05-12,,30.69,2024-05-06T03:14:30,2025-10-22T06:49:33
SHP00004969,ORD00004969,DHL,2025-12-17,2025-12-22,,37.84,2025-12-17T03:47:10,2026-02-22T20:49:44
SHP00004970,ORD00004970,DHL,2024-08-29,2024-09-02,,7.02,2024-08-29T10:28:27,2026-02-26T13:10:18
SHP00004972,ORD00004972,OnTrac,2024-11-20,2024-11-23,2024-11-21,24.53,2024-11-20T14:57:14,2026-02-26T04:36:44
SHP00004973,ORD00004973,DHL,2025-11-15,2025-11-18,2025-11-22,29.93,2025-11-15T22:20:30,2026-02-20T23:57:53
SHP00004978,ORD00004978,XPO,2025-09-19,2025-09-25,,22.68,2025-09-19T11:37:16,2026-02-19T00:59:03
SHP00004979,ORD00004979,FedEx,2025-10-02,2025-10-04,,27.62,2025-10-02T04:22:46,2026-02-11T19:33:54
SHP00004980,ORD00004980,DHL,2025-07-05,2025-07-08,2025-07-09,38.76,2025-07-05T04:03:11,2025-07-08T13:41:08
SHP00004981,ORD00004981,UPS,2025-07-21,2025-07-26,,27.6,2025-07-21T18:14:17,2026-01-08T23:28:56
SHP00004983,ORD00004983,OnTrac,2025-11-14,2025-11-17,,21.19,2025-11-14T05:12:04,2025-12-04T00:37:17
SHP00004986,ORD00004986,DHL,2025-10-05,2025-10-08,2025-10-11,5.14,2025-10-05T04:16:10,2026-02-07T14:59:42
SHP00004988,ORD00004988,OnTrac,2025-02-13,2025-02-15,2025-02-18,13.37,2025-02-13T06:21:54,2025-04-24T13:53:56
SHP00004989,ORD00004989,UPS,2026-02-08,2026-02-12,2026-02-15,18.76,2026-02-08T15:44:15,2026-02-25T08:07:23
SHP00004990,ORD00004990,XPO,2025-04-21,2025-04-27,2025-04-24,7.5,2025-04-21T21:53:43,2025-05-17T14:37:42
SHP00004991,ORD00004991,UPS,2026-01-27,2026-01-31,2026-02-02,25.54,2026-01-27T21:58:06,2026-01-28T17:09:36
SHP00004993,ORD00004993,UPS,2024-02-05,2024-02-11,2024-02-08,20.2,2024-02-05T05:37:18,2024-05-30T04:59:10
SHP00004999,ORD00004999,XPO,2025-05-29,2025-06-03,2025-06-01,26.97,2025-05-29T16:00:53,2025-11-03T18:38:55
SHP00005002,ORD00005002,FedEx,2025-07-20,2025-07-22,2025-07-25,26.08,2025-07-20T04:52:42,2025-12-06T16:30:18
SHP00005003,ORD00005003,UPS,2025-01-14,2025-01-16,,37.94,2025-01-14T19:31:25,2025-04-29T20:42:22
SHP00005004,ORD00005004,XPO,2025-10-10,2025-10-15,2025-10-11,12.67,2025-10-10T12:05:34,2026-01-21T06:06:43
SHP00005005,ORD00005005,XPO,2024-04-22,2024-04-25,2024-04-23,6.6,2024-04-22T21:18:48,2024-10-14T06:15:42
SHP00005007,ORD00005007,FedEx,2025-04-24,2025-04-27,2025-04-26,22.92,2025-04-24T14:59:28,2026-01-30T02:53:19
SHP00005008,ORD00005008,FedEx,2025-04-02,2025-04-05,2025-04-05,20.31,2025-04-02T04:57:14,2026-02-13T00:49:53
SHP00005009,ORD00005009,UPS,2024-10-09,2024-10-14,2024-10-12,15.11,2024-10-09T20:19:01,2025-12-28T14:48:51
SHP00005011,ORD00005011,UPS,2025-02-26,2025-03-02,2025-03-03,11.64,2025-02-26T23:05:24,2026-02-19T02:32:54
SHP00005013,ORD00005013,FedEx,2025-02-04,2025-02-07,,19.06,2025-02-04T01:31:04,2025-09-25T07:02:53
SHP00005014,ORD00005014,OnTrac,2024-11-28,2024-12-02,,13.91,2024-11-28T12:02:19,2025-12-09T10:16:03
SHP00005015,ORD00005015,USPS,2024-12-12,2024-12-17,2024-12-19,22.52,2024-12-12T12:17:41,2025-05-31T09:26:44
SHP00005016,ORD00005016,XPO,2024-11-16,2024-11-20,,26.6,2024-11-16T08:13:44,2026-02-20T23:53:38
SHP00005017,ORD00005017,XPO,2024-03-24,2024-03-30,2024-03-28,35.2,2024-03-24T18:46:29,2025-06-17T01:08:13
SHP00005019,ORD00005019,DHL,2025-02-26,2025-03-02,,11.89,2025-02-26T08:05:26,2025-12-07T10:54:45
SHP00005020,ORD00005020,USPS,2025-07-29,2025-08-02,,5.1,2025-07-29T03:02:39,2025-11-27T07:53:17
SHP00005022,ORD00005022,UPS,2024-02-01,2024-02-07,,33.43,2024-02-01T15:10:43,2026-01-31T11:44:55
SHP00005023,ORD00005023,USPS,2024-10-06,2024-10-10,,21.76,2024-10-06T20:31:51,2024-10-30T22:19:51
SHP00005024,ORD00005024,FedEx,2026-02-21,2026-02-27,2026-02-23,9.52,2026-02-21T20:49:25,2026-02-22T17:11:24
SHP00005025,ORD00005025,USPS,2024-04-30,2024-05-04,,28.04,2024-04-30T22:33:08,2025-01-16T05:54:53
SHP00005026,ORD00005026,UPS,2024-02-12,2024-02-18,,30.4,2024-02-12T06:44:09,2024-12-22T17:38:39
SHP00005028,ORD00005028,USPS,2024-04-11,2024-04-15,2024-04-14,15.08,2024-04-11T11:07:34,2025-01-14T21:50:58
SHP00005031,ORD00005031,OnTrac,2024-09-16,2024-09-19,,34.02,2024-09-16T21:43:46,2024-11-26T21:41:50
SHP00005032,ORD00005032,XPO,2025-09-04,2025-09-09,2025-09-07,5.98,2025-09-04T01:14:02,2026-01-01T19:43:35
SHP00005033,ORD00005033,FedEx,2025-02-16,2025-02-19,2025-02-22,34.77,2025-02-16T09:05:49,2025-03-29T07:00:46
SHP00005034,ORD00005034,OnTrac,2026-03-02,2026-03-07,,39.92,2026-03-02T14:56:26,2026-03-03T11:48:16
SHP00005035,ORD00005035,XPO,2025-03-10,2025-03-15,2025-03-14,8.6,2025-03-10T17:52:53,2025-12-21T09:15:30
SHP00005036,ORD00005036,XPO,2025-05-06,2025-05-11,2025-05-09,9.36,2025-05-06T23:14:28,2025-05-16T11:28:58
SHP00005037,ORD00005037,DHL,2024-06-28,2024-07-02,2024-07-04,19.07,2024-06-28T20:40:24,2026-01-03T03:03:52
SHP00005038,ORD00005038,FedEx,2025-01-09,2025-01-15,,5.51,2025-01-09T19:35:45,2025-07-30T22:02:29
SHP00005039,ORD00005039,OnTrac,2024-02-20,2024-02-22,2024-02-27,16.41,2024-02-20T04:45:42,2025-03-19T22:32:12
SHP00005040,ORD00005040,XPO,2024-10-28,2024-11-02,2024-10-30,37.84,2024-10-28T09:38:31,2024-12-02T00:43:48
SHP00005042,ORD00005042,USPS,2024-06-06,2024-06-09,,30.09,2024-06-06T10:57:52,2024-06-12T10:30:20
SHP00005043,ORD00005043,DHL,2025-04-01,2025-04-03,2025-04-02,17.03,2025-04-01T02:58:33,2025-09-30T16:06:00
SHP00005044,ORD00005044,XPO,2024-12-29,2024-12-31,2025-01-03,36.93,2024-12-29T00:41:34,2026-02-24T17:35:05
SHP00005046,ORD00005046,OnTrac,2024-01-25,2024-01-27,2024-01-29,39.11,2024-01-25T11:03:31,2025-11-03T07:09:26
SHP00005047,ORD00005047,DHL,2024-06-28,2024-07-02,2024-07-01,15.72,2024-06-28T01:30:34,2026-02-18T12:33:59
SHP00005051,ORD00005051,UPS,2024-03-24,2024-03-30,,10.06,2024-03-24T23:16:04,2025-08-14T01:21:07
SHP00005052,ORD00005052,OnTrac,2024-04-29,2024-05-02,2024-05-03,22.57,2024-04-29T14:02:42,2025-10-30T19:53:46
SHP00005053,ORD00005053,OnTrac,2025-05-13,2025-05-19,2025-05-20,26.35,2025-05-13T19:34:46,2025-06-03T21:51:10
SHP00005057,ORD00005057,UPS,2025-10-11,2025-10-15,2025-10-17,30.03,2025-10-11T00:22:00,2025-12-05T10:55:41
SHP00005058,ORD00005058,USPS,2024-10-12,2024-10-15,,14.28,2024-10-12T04:17:49,2024-11-08T05:38:09
SHP00005059,ORD00005059,OnTrac,2025-06-14,2025-06-19,,6.24,2025-06-14T02:51:11,2025-07-28T15:40:38
SHP00005061,ORD00005061,FedEx,2025-04-05,2025-04-09,,9.78,2025-04-05T09:16:15,2025-05-29T03:59:08
SHP00005062,ORD00005062,DHL,2024-04-11,2024-04-16,2024-04-14,25.68,2024-04-11T14:21:16,2026-01-09T15:11:23
SHP00005063,ORD00005063,FedEx,2025-07-02,2025-07-04,,30.78,2025-07-02T11:24:11,2025-12-14T12:01:59
SHP00005064,ORD00005064,DHL,2024-09-05,2024-09-11,2024-09-11,24.98,2024-09-05T20:16:43,2025-08-12T13:58:05
SHP00005065,ORD00005065,DHL,2024-05-25,2024-05-31,,29.93,2024-05-25T22:41:29,2024-09-29T20:44:44
SHP00005067,ORD00005067,USPS,2025-05-10,2025-05-15,,9.64,2025-05-10T09:06:53,2025-08-04T00:35:23
SHP00005068,ORD00005068,XPO,2025-12-05,2025-12-10,2025-12-07,25.2,2025-12-05T15:49:49,2025-12-30T09:38:15
SHP00005069,ORD00005069,UPS,2024-02-07,2024-02-12,2024-02-11,24.21,2024-02-07T05:09:16,2024-10-16T09:26:49
SHP00005070,ORD00005070,FedEx,2024-08-30,2024-09-05,,12.25,2024-08-30T11:33:01,2025-09-16T06:48:27
SHP00005073,ORD00005073,FedEx,2024-08-29,2024-09-04,2024-09-05,28.24,2024-08-29T04:22:51,2025-02-15T23:27:42
SHP00005074,ORD00005074,UPS,2025-10-22,2025-10-26,2025-10-27,39.54,2025-10-22T19:54:54,2025-11-02T18:51:19
SHP00005076,ORD00005076,XPO,2024-02-25,2024-02-28,,6.64,2024-02-25T20:30:53,2024-04-12T05:02:55
SHP00005077,ORD00005077,FedEx,2024-02-05,2024-02-11,2024-02-09,21.38,2024-02-05T21:56:57,2025-10-02T02:49:43
SHP00005078,ORD00005078,FedEx,2024-05-20,2024-05-26,2024-05-23,33.06,2024-05-20T08:30:11,2026-01-28T01:31:09
SHP00005079,ORD00005079,XPO,2025-09-16,2025-09-20,2025-09-22,13.6,2025-09-16T23:44:48,2026-02-16T07:54:11
SHP00005080,ORD00005080,FedEx,2026-01-24,2026-01-27,2026-01-25,28.4,2026-01-24T01:11:29,2026-01-27T03:52:00
SHP00005081,ORD00005081,OnTrac,2025-10-09,2025-10-14,,26.28,2025-10-09T18:51:55,2025-12-06T04:48:41
SHP00005082,ORD00005082,OnTrac,2025-12-05,2025-12-09,2025-12-09,19.6,2025-12-05T02:49:55,2025-12-23T07:58:53
SHP00005083,ORD00005083,OnTrac,2024-03-10,2024-03-15,,7.52,2024-03-10T21:22:25,2025-07-24T23:52:07
SHP00005084,ORD00005084,XPO,2024-11-02,2024-11-07,,18.49,2024-11-02T05:04:47,2025-02-09T09:08:46
SHP00005087,ORD00005087,DHL,2025-08-18,2025-08-23,2025-08-21,29.84,2025-08-18T02:08:37,2026-01-29T18:53:25
SHP00005088,ORD00005088,UPS,2025-09-25,2025-09-27,,39.21,2025-09-25T11:07:18,2025-10-24T19:28:12
SHP00005089,ORD00005089,DHL,2024-12-30,2025-01-01,2025-01-02,18.63,2024-12-30T13:42:00,2025-07-11T07:31:10
SHP00005091,ORD00005091,UPS,2025-07-29,2025-07-31,2025-08-02,32.04,2025-07-29T18:40:28,2026-02-21T13:07:59
SHP00005093,ORD00005093,DHL,2024-03-22,2024-03-25,2024-03-25,18.31,2024-03-22T20:05:40,2026-01-05T20:46:03
SHP00005095,ORD00005095,XPO,2025-08-01,2025-08-04,2025-08-04,27.97,2025-08-01T11:32:42,2025-10-17T09:11:08
SHP00005098,ORD00005098,UPS,2025-05-12,2025-05-14,2025-05-14,5.17,2025-05-12T01:17:28,2025-12-13T20:08:50
SHP00005099,ORD00005099,UPS,2026-02-13,2026-02-18,,11.41,2026-02-13T17:15:42,2026-02-22T07:34:11
SHP00005104,ORD00005104,UPS,2025-03-30,2025-04-03,,26.82,2025-03-30T16:34:39,2026-02-14T13:38:25
SHP00005105,ORD00005105,OnTrac,2025-04-19,2025-04-21,,33.07,2025-04-19T04:01:20,2025-04-21T02:28:47
SHP00005106,ORD00005106,OnTrac,2025-07-17,2025-07-22,2025-07-18,27.55,2025-07-17T19:25:22,2025-09-21T07:49:26
SHP00005109,ORD00005109,DHL,2024-03-28,2024-04-01,2024-04-01,21.54,2024-03-28T08:50:28,2025-04-20T16:21:34
SHP00005110,ORD00005110,XPO,2025-06-19,2025-06-24,2025-06-20,37.99,2025-06-19T21:46:23,2025-12-24T14:17:14
SHP00005111,ORD00005111,DHL,2024-12-13,2024-12-17,,11.37,2024-12-13T18:16:03,2025-09-22T22:53:53
SHP00005112,ORD00005112,USPS,2025-02-06,2025-02-09,2025-02-09,17.8,2025-02-06T04:29:23,2026-01-01T23:33:42
SHP00005113,ORD00005113,OnTrac,2024-01-18,2024-01-23,2024-01-22,5.81,2024-01-18T19:42:56,2024-05-24T04:19:45
SHP00005114,ORD00005114,UPS,2025-08-24,2025-08-29,2025-08-28,22.09,2025-08-24T19:22:45,2025-12-20T22:12:13
SHP00005115,ORD00005115,FedEx,2024-12-28,2024-12-31,2025-01-04,14.55,2024-12-28T17:11:30,2025-01-16T07:23:53
SHP00005118,ORD00005118,XPO,2025-11-12,2025-11-16,2025-11-13,22.47,2025-11-12T08:07:31,2025-12-22T09:31:40
SHP00005119,ORD00005119,USPS,2024-10-09,2024-10-11,2024-10-10,28.94,2024-10-09T22:43:47,2025-03-12T19:23:24
SHP00005120,ORD00005120,UPS,2024-06-14,2024-06-16,,36.94,2024-06-14T04:33:58,2025-10-07T08:57:19
SHP00005121,ORD00005121,UPS,2024-04-29,2024-05-05,2024-05-02,6.92,2024-04-29T21:33:21,2025-08-06T15:00:23
SHP00005126,ORD00005126,XPO,2026-02-23,2026-02-26,,30.16,2026-02-23T23:21:44,2026-02-28T17:00:50
SHP00005127,ORD00005127,UPS,2024-04-10,2024-04-14,,33.55,2024-04-10T19:37:16,2025-03-01T10:16:58
SHP00005128,ORD00005128,OnTrac,2025-08-14,2025-08-17,,15.54,2025-08-14T12:42:43,2026-01-29T00:59:48
SHP00005129,ORD00005129,OnTrac,2024-10-27,2024-11-02,2024-11-02,34.12,2024-10-27T15:52:46,2025-06-20T07:22:36
SHP00005131,ORD00005131,FedEx,2025-08-06,2025-08-12,2025-08-13,29.01,2025-08-06T00:01:29,2025-11-07T14:19:23
SHP00005138,ORD00005138,OnTrac,2024-10-12,2024-10-14,2024-10-13,30.71,2024-10-12T00:03:34,2026-01-23T21:17:17
SHP00005139,ORD00005139,DHL,2024-05-21,2024-05-27,2024-05-27,25.48,2024-05-21T15:02:09,2026-02-10T09:21:59
SHP00005140,ORD00005140,USPS,2024-10-25,2024-10-28,2024-11-01,39.28,2024-10-25T11:10:49,2024-12-01T12:43:51
SHP00005141,ORD00005141,OnTrac,2025-12-20,2025-12-23,2025-12-22,20.91,2025-12-20T02:44:22,2026-01-04T06:50:34
SHP00005142,ORD00005142,FedEx,2024-11-05,2024-11-08,,11.88,2024-11-05T20:11:51,2024-12-31T13:59:18
SHP00005147,ORD00005147,XPO,2025-06-05,2025-06-08,2025-06-12,15.93,2025-06-05T00:29:07,2025-06-10T23:25:14
SHP00005148,ORD00005148,FedEx,2025-01-12,2025-01-18,,32.68,2025-01-12T10:45:42,2025-01-26T13:32:07
SHP00005149,ORD00005149,OnTrac,2025-11-22,2025-11-26,,5.44,2025-11-22T13:10:24,2026-01-27T12:27:20
SHP00005151,ORD00005151,DHL,2025-03-06,2025-03-08,2025-03-12,22.74,2025-03-06T02:47:19,2026-02-23T21:18:02
SHP00005152,ORD00005152,FedEx,2025-12-06,2025-12-11,2025-12-10,28.08,2025-12-06T07:18:34,2026-01-04T05:43:35
SHP00005153,ORD00005153,OnTrac,2024-07-16,2024-07-22,,6.32,2024-07-16T00:31:50,2024-08-10T21:19:32
SHP00005155,ORD00005155,XPO,2024-05-02,2024-05-08,2024-05-05,39.59,2024-05-02T01:33:03,2025-08-02T21:35:20
SHP00005158,ORD00005158,UPS,2024-04-15,2024-04-20,2024-04-22,27.18,2024-04-15T19:34:27,2025-11-13T00:25:24
SHP00005159,ORD00005159,DHL,2025-09-29,2025-10-05,,36.25,2025-09-29T16:52:02,2026-01-07T05:32:56
SHP00005160,ORD00005160,DHL,2024-11-10,2024-11-15,2024-11-15,5.39,2024-11-10T21:03:03,2025-04-23T22:24:28
SHP00005161,ORD00005161,OnTrac,2025-01-15,2025-01-17,2025-01-22,32.45,2025-01-15T03:00:04,2025-08-30T23:09:05
SHP00005165,ORD00005165,FedEx,2024-10-19,2024-10-24,,10.11,2024-10-19T21:03:03,2025-04-25T11:10:42
SHP00005166,ORD00005166,DHL,2025-06-15,2025-06-20,2025-06-22,31.98,2025-06-15T20:58:30,2026-02-10T01:49:05
SHP00005168,ORD00005168,USPS,2024-07-10,2024-07-13,,27.38,2024-07-10T17:20:22,2025-06-13T18:37:07
SHP00005170,ORD00005170,XPO,2026-01-23,2026-01-26,,17.6,2026-01-23T23:39:08,2026-02-24T22:36:07
SHP00005171,ORD00005171,DHL,2024-07-03,2024-07-09,,34.59,2024-07-03T03:35:43,2024-08-29T18:21:45
SHP00005172,ORD00005172,OnTrac,2024-12-29,2024-12-31,2024-12-30,23.51,2024-12-29T05:01:18,2025-10-07T23:20:33
SHP00005175,ORD00005175,OnTrac,2025-06-19,2025-06-21,,35.08,2025-06-19T01:42:46,2026-01-19T19:11:12
SHP00005179,ORD00005179,FedEx,2024-11-13,2024-11-19,,30.38,2024-11-13T14:10:32,2025-10-26T13:50:20
SHP00005180,ORD00005180,UPS,2025-02-02,2025-02-05,2025-02-03,22.11,2025-02-02T18:19:01,2025-10-24T02:07:55
SHP00005183,ORD00005183,OnTrac,2026-01-29,2026-02-03,,22.72,2026-01-29T11:17:43,2026-02-02T05:03:46
SHP00005184,ORD00005184,XPO,2025-01-02,2025-01-05,2025-01-05,26.42,2025-01-02T21:13:37,2025-10-20T20:42:05
SHP00005185,ORD00005185,XPO,2025-04-09,2025-04-14,,7.52,2025-04-09T04:30:56,2025-10-27T19:13:22
SHP00005186,ORD00005186,DHL,2025-07-27,2025-07-29,2025-07-30,21.15,2025-07-27T03:21:43,2025-12-09T06:14:40
SHP00005187,ORD00005187,XPO,2024-02-12,2024-02-14,,37.68,2024-02-12T02:49:58,2025-03-03T10:06:03
SHP00005193,ORD00005193,UPS,2024-07-24,2024-07-29,,20.72,2024-07-24T14:05:11,2025-01-21T18:41:11
SHP00005194,ORD00005194,USPS,2024-04-07,2024-04-09,2024-04-14,14.37,2024-04-07T20:29:01,2026-01-12T22:12:24
SHP00005197,ORD00005197,FedEx,2025-06-30,2025-07-05,2025-07-04,7.35,2025-06-30T16:19:03,2025-10-11T18:14:40
SHP00005198,ORD00005198,UPS,2024-07-26,2024-07-29,,5.86,2024-07-26T17:31:07,2024-08-16T12:46:00
SHP00005199,ORD00005199,XPO,2024-04-10,2024-04-16,2024-04-12,26.15,2024-04-10T22:14:03,2026-02-04T11:56:44
SHP00005200,ORD00005200,XPO,2026-02-17,2026-02-23,,19.3,2026-02-17T19:44:31,2026-02-25T03:01:05
SHP00005201,ORD00005201,DHL,2025-07-02,2025-07-06,2025-07-04,30.48,2025-07-02T19:51:31,2026-02-03T15:08:16
SHP00005202,ORD00005202,DHL,2025-01-18,2025-01-24,,35.36,2025-01-18T23:03:43,2025-08-03T05:37:16
SHP00005203,ORD00005203,XPO,2024-02-23,2024-02-27,2024-02-26,14.29,2024-02-23T06:28:03,2024-12-09T15:35:37
SHP00005205,ORD00005205,XPO,2024-01-11,2024-01-16,2024-01-18,25.47,2024-01-11T04:29:36,2024-06-24T17:03:50
SHP00005206,ORD00005206,OnTrac,2025-12-09,2025-12-11,2025-12-11,16.03,2025-12-09T09:11:37,2026-01-15T08:14:01
SHP00005207,ORD00005207,UPS,2024-04-05,2024-04-10,2024-04-11,14.87,2024-04-05T02:11:16,2024-04-06T21:53:09
SHP00005210,ORD00005210,DHL,2024-02-25,2024-02-29,2024-02-28,4.53,2024-02-25T16:40:43,2024-10-04T16:29:46
SHP00005211,ORD00005211,UPS,2024-01-16,2024-01-20,,8.79,2024-01-16T09:22:05,2025-07-25T09:32:43
SHP00005212,ORD00005212,FedEx,2025-05-06,2025-05-09,2025-05-10,6.22,2025-05-06T09:57:20,2025-08-29T10:06:34
SHP00005214,ORD00005214,USPS,2025-01-20,2025-01-22,,12.61,2025-01-20T08:34:22,2025-10-26T08:54:12
SHP00005217,ORD00005217,DHL,2025-09-29,2025-10-01,,18.36,2025-09-29T12:54:18,2026-02-06T21:51:19
SHP00005218,ORD00005218,XPO,2024-08-15,2024-08-19,2024-08-16,22.96,2024-08-15T21:05:47,2025-12-11T12:47:18
SHP00005219,ORD00005219,UPS,2025-06-06,2025-06-09,2025-06-12,28.6,2025-06-06T07:13:11,2025-08-22T10:57:19
SHP00005220,ORD00005220,XPO,2025-07-06,2025-07-10,,32.16,2025-07-06T16:13:47,2025-07-26T02:08:01
SHP00005222,ORD00005222,FedEx,2024-06-05,2024-06-07,2024-06-09,37.39,2024-06-05T01:43:22,2025-09-12T12:54:29
SHP00005223,ORD00005223,FedEx,2024-05-17,2024-05-20,2024-05-22,7.95,2024-05-17T14:35:04,2025-08-08T15:01:01
SHP00005224,ORD00005224,UPS,2024-01-30,2024-02-05,,28.0,2024-01-30T20:30:57,2025-01-10T21:31:05
SHP00005227,ORD00005227,XPO,2024-11-08,2024-11-10,2024-11-11,21.44,2024-11-08T13:47:12,2025-06-17T20:40:45
SHP00005228,ORD00005228,UPS,2024-09-30,2024-10-04,,30.61,2024-09-30T23:34:29,2025-01-31T15:26:51
SHP00005229,ORD00005229,FedEx,2025-01-14,2025-01-17,2025-01-16,24.71,2025-01-14T21:17:08,2025-12-19T22:25:58
SHP00005232,ORD00005232,UPS,2026-01-10,2026-01-13,2026-01-15,30.45,2026-01-10T22:29:44,2026-02-19T08:34:54
SHP00005233,ORD00005233,XPO,2025-06-05,2025-06-09,,21.72,2025-06-05T07:24:48,2025-12-09T22:33:15
SHP00005234,ORD00005234,UPS,2025-10-26,2025-10-31,,27.35,2025-10-26T11:00:16,2025-12-12T09:13:03
SHP00005236,ORD00005236,FedEx,2025-03-01,2025-03-04,2025-03-03,20.8,2025-03-01T02:34:39,2025-06-12T21:47:15
SHP00005238,ORD00005238,XPO,2024-10-12,2024-10-16,2024-10-15,20.39,2024-10-12T12:42:34,2025-04-07T00:01:30
SHP00005239,ORD00005239,USPS,2024-06-06,2024-06-08,2024-06-12,11.2,2024-06-06T12:35:58,2025-06-03T23:22:06
SHP00005241,ORD00005241,USPS,2024-02-22,2024-02-26,,32.92,2024-02-22T06:21:14,2024-11-21T06:07:37
SHP00005244,ORD00005244,FedEx,2024-06-13,2024-06-16,2024-06-19,18.28,2024-06-13T23:37:11,2024-10-01T06:38:27
SHP00005246,ORD00005246,USPS,2024-04-22,2024-04-24,2024-04-25,19.35,2024-04-22T06:02:56,2024-08-11T07:20:21
SHP00005250,ORD00005250,USPS,2025-10-28,2025-11-01,2025-10-29,13.73,2025-10-28T10:23:32,2025-11-18T05:31:41
SHP00005251,ORD00005251,USPS,2025-04-15,2025-04-20,2025-04-16,39.95,2025-04-15T18:02:10,2025-07-12T12:27:53
SHP00005252,ORD00005252,XPO,2025-06-26,2025-07-02,,35.17,2025-06-26T09:38:20,2025-09-02T21:34:47
SHP00005253,ORD00005253,DHL,2024-12-07,2024-12-12,,5.61,2024-12-07T23:52:35,2025-01-20T08:16:51
SHP00005254,ORD00005254,UPS,2024-02-09,2024-02-13,2024-02-12,23.82,2024-02-09T03:54:48,2026-01-08T22:07:52
SHP00005255,ORD00005255,OnTrac,2026-01-27,2026-01-31,,33.8,2026-01-27T17:59:30,2026-02-09T00:25:08
SHP00005259,ORD00005259,FedEx,2025-01-27,2025-02-01,2025-02-01,28.74,2025-01-27T14:29:35,2025-07-03T06:37:14
SHP00005262,ORD00005262,UPS,2024-01-27,2024-02-01,2024-01-31,20.55,2024-01-27T06:41:04,2024-11-18T07:17:12
SHP00005263,ORD00005263,UPS,2025-04-07,2025-04-11,,25.7,2025-04-07T23:44:35,2025-09-14T17:11:27
SHP00005264,ORD00005264,OnTrac,2024-05-29,2024-06-04,2024-06-04,28.94,2024-05-29T01:54:15,2025-02-11T19:07:41
SHP00005265,ORD00005265,OnTrac,2024-10-09,2024-10-14,2024-10-11,29.59,2024-10-09T07:20:23,2025-11-22T15:22:04
SHP00005267,ORD00005267,OnTrac,2025-07-30,2025-08-05,,12.32,2025-07-30T03:09:54,2025-11-14T22:05:47
SHP00005268,ORD00005268,FedEx,2024-08-30,2024-09-04,2024-09-05,25.32,2024-08-30T10:49:16,2025-09-24T16:47:12
SHP00005271,ORD00005271,UPS,2026-01-08,2026-01-13,,6.36,2026-01-08T21:14:20,2026-02-14T12:50:54
SHP00005273,ORD00005273,USPS,2025-08-28,2025-09-01,2025-09-04,24.22,2025-08-28T07:49:25,2025-12-16T17:21:08
SHP00005274,ORD00005274,USPS,2025-10-18,2025-10-20,2025-10-24,8.9,2025-10-18T22:12:44,2025-10-27T20:56:57
SHP00005276,ORD00005276,USPS,2024-01-22,2024-01-26,2024-01-25,23.05,2024-01-22T11:55:41,2026-02-13T22:25:19
SHP00005277,ORD00005277,FedEx,2024-05-04,2024-05-08,2024-05-09,19.64,2024-05-04T09:43:09,2025-08-08T19:40:16
SHP00005281,ORD00005281,FedEx,2024-07-10,2024-07-13,2024-07-15,31.51,2024-07-10T17:57:18,2025-02-27T18:32:42
SHP00005283,ORD00005283,OnTrac,2025-07-24,2025-07-26,2025-07-28,17.59,2025-07-24T06:17:20,2025-12-06T16:21:47
SHP00005284,ORD00005284,USPS,2024-09-24,2024-09-26,2024-09-28,28.74,2024-09-24T10:06:56,2025-12-23T16:28:21
SHP00005288,ORD00005288,OnTrac,2024-06-11,2024-06-13,2024-06-13,19.11,2024-06-11T13:29:27,2025-01-05T05:40:33
SHP00005290,ORD00005290,FedEx,2024-07-22,2024-07-26,2024-07-23,20.48,2024-07-22T15:45:32,2025-08-28T11:10:37
SHP00005294,ORD00005294,USPS,2024-08-07,2024-08-09,,34.5,2024-08-07T17:51:18,2025-03-16T02:38:04
SHP00005295,ORD00005295,USPS,2025-11-26,2025-12-02,,20.23,2025-11-26T15:35:21,2026-01-06T20:38:46
SHP00005297,ORD00005297,UPS,2025-03-29,2025-04-04,,8.78,2025-03-29T02:42:28,2025-10-08T14:31:14
SHP00005298,ORD00005298,UPS,2025-09-29,2025-10-05,,13.66,2025-09-29T11:58:02,2026-01-01T09:43:50
SHP00005304,ORD00005304,USPS,2024-01-29,2024-01-31,2024-02-03,13.85,2024-01-29T17:40:19,2025-11-14T14:56:36
SHP00005306,ORD00005306,DHL,2024-10-18,2024-10-24,2024-10-22,7.1,2024-10-18T10:25:59,2025-04-07T08:06:20
SHP00005310,ORD00005310,FedEx,2025-12-25,2025-12-30,,23.68,2025-12-25T16:46:15,2026-01-28T21:22:41
SHP00005311,ORD00005311,UPS,2025-10-11,2025-10-17,2025-10-17,16.97,2025-10-11T18:16:14,2026-02-21T02:01:54
SHP00005312,ORD00005312,DHL,2024-07-13,2024-07-17,,21.03,2024-07-13T00:47:28,2025-01-11T01:21:29
SHP00005313,ORD00005313,UPS,2025-07-21,2025-07-23,2025-07-27,15.76,2025-07-21T08:08:21,2025-08-05T03:58:10
SHP00005314,ORD00005314,OnTrac,2024-08-27,2024-09-02,2024-08-30,25.94,2024-08-27T11:24:41,2025-11-27T10:25:45
SHP00005315,ORD00005315,UPS,2025-03-16,2025-03-20,2025-03-20,30.2,2025-03-16T20:11:14,2025-07-02T12:46:06
SHP00005316,ORD00005316,FedEx,2025-07-15,2025-07-20,2025-07-18,14.98,2025-07-15T04:47:18,2026-01-18T10:18:08
SHP00005317,ORD00005317,DHL,2025-06-19,2025-06-23,2025-06-21,28.49,2025-06-19T23:14:40,2026-02-14T02:25:03
SHP00005318,ORD00005318,FedEx,2025-06-22,2025-06-28,,18.42,2025-06-22T12:16:45,2025-12-04T11:38:25
SHP00005319,ORD00005319,DHL,2024-05-12,2024-05-14,2024-05-17,15.03,2024-05-12T23:07:27,2024-06-06T02:32:51
SHP00005321,ORD00005321,USPS,2026-02-17,2026-02-21,2026-02-23,33.0,2026-02-17T12:44:06,2026-02-18T22:20:18
SHP00005322,ORD00005322,XPO,2024-04-13,2024-04-17,2024-04-16,32.11,2024-04-13T08:09:54,2025-09-22T13:29:58
SHP00005323,ORD00005323,OnTrac,2024-08-01,2024-08-05,2024-08-07,26.22,2024-08-01T05:04:18,2024-12-20T15:26:13
SHP00005324,ORD00005324,DHL,2025-07-02,2025-07-05,,37.82,2025-07-02T03:15:14,2025-08-12T13:05:00
SHP00005326,ORD00005326,UPS,2025-10-26,2025-11-01,2025-10-29,4.99,2025-10-26T06:26:38,2026-02-11T20:46:12
SHP00005327,ORD00005327,USPS,2024-08-29,2024-09-02,2024-09-02,15.61,2024-08-29T09:48:50,2026-01-12T10:26:28
SHP00005328,ORD00005328,XPO,2025-04-03,2025-04-05,2025-04-10,33.53,2025-04-03T09:54:16,2025-04-09T03:16:18
SHP00005330,ORD00005330,FedEx,2025-10-02,2025-10-04,,16.19,2025-10-02T15:46:19,2025-10-11T06:06:49
SHP00005331,ORD00005331,FedEx,2024-01-06,2024-01-12,,23.91,2024-01-06T16:09:35,2025-09-14T03:20:48
SHP00005333,ORD00005333,USPS,2024-03-29,2024-03-31,,30.76,2024-03-29T06:02:54,2024-12-06T03:37:25
SHP00005335,ORD00005335,OnTrac,2024-04-16,2024-04-22,2024-04-23,5.84,2024-04-16T06:28:43,2024-05-09T01:45:25
SHP00005336,ORD00005336,FedEx,2025-10-24,2025-10-27,,23.75,2025-10-24T03:46:21,2025-12-05T01:39:56
SHP00005337,ORD00005337,XPO,2025-03-07,2025-03-11,2025-03-13,26.05,2025-03-07T02:07:41,2025-11-25T04:28:24
SHP00005338,ORD00005338,FedEx,2024-11-22,2024-11-27,,38.74,2024-11-22T13:41:13,2024-12-31T04:33:52
SHP00005340,ORD00005340,USPS,2024-01-11,2024-01-16,,8.48,2024-01-11T04:31:39,2025-08-25T03:35:30
SHP00005341,ORD00005341,DHL,2024-03-19,2024-03-25,2024-03-24,27.49,2024-03-19T22:49:57,2024-12-15T06:45:09
SHP00005346,ORD00005346,XPO,2025-08-04,2025-08-06,,18.5,2025-08-04T05:11:00,2025-11-16T06:22:22
SHP00005349,ORD00005349,USPS,2024-05-23,2024-05-27,2024-05-26,32.43,2024-05-23T16:58:24,2025-07-20T15:58:01
SHP00005351,ORD00005351,XPO,2025-04-01,2025-04-06,,15.55,2025-04-01T01:13:31,2025-12-28T03:00:05
SHP00005353,ORD00005353,USPS,2025-09-05,2025-09-08,2025-09-11,11.37,2025-09-05T09:11:36,2025-12-07T13:43:24
SHP00005354,ORD00005354,DHL,2025-01-05,2025-01-09,,24.23,2025-01-05T11:10:05,2025-02-24T20:13:15
SHP00005356,ORD00005356,OnTrac,2024-01-17,2024-01-19,2024-01-19,10.52,2024-01-17T15:32:39,2026-01-14T21:07:26
SHP00005358,ORD00005358,FedEx,2025-02-02,2025-02-08,,35.95,2025-02-02T22:29:38,2025-10-03T19:08:46
SHP00005359,ORD00005359,OnTrac,2024-11-01,2024-11-06,2024-11-06,29.03,2024-11-01T15:54:45,2025-11-28T19:07:18
SHP00005360,ORD00005360,XPO,2025-11-05,2025-11-10,2025-11-12,5.63,2025-11-05T01:57:02,2025-11-25T02:10:10
SHP00005361,ORD00005361,FedEx,2024-11-05,2024-11-11,,24.76,2024-11-05T04:57:56,2026-01-18T19:34:16
SHP00005362,ORD00005362,FedEx,2025-12-30,2026-01-04,2026-01-04,28.62,2025-12-30T20:20:29,2025-12-30T22:39:14
SHP00005365,ORD00005365,OnTrac,2024-05-29,2024-06-01,2024-06-05,39.02,2024-05-29T10:38:49,2026-01-24T13:52:27
SHP00005368,ORD00005368,OnTrac,2025-12-02,2025-12-06,,11.37,2025-12-02T10:55:20,2026-02-16T04:46:23
SHP00005369,ORD00005369,DHL,2025-09-15,2025-09-18,2025-09-20,7.76,2025-09-15T22:41:29,2025-10-10T02:35:22
SHP00005370,ORD00005370,FedEx,2024-08-03,2024-08-05,,10.47,2024-08-03T20:38:27,2024-09-17T07:55:40
SHP00005371,ORD00005371,UPS,2024-01-12,2024-01-16,2024-01-14,30.05,2024-01-12T13:11:30,2025-03-24T11:35:00
SHP00005372,ORD00005372,UPS,2024-11-03,2024-11-05,,29.29,2024-11-03T08:27:38,2025-01-22T14:55:07
SHP00005374,ORD00005374,DHL,2024-04-25,2024-04-27,,19.08,2024-04-25T21:39:51,2025-06-19T15:20:38
SHP00005375,ORD00005375,USPS,2024-09-24,2024-09-29,2024-09-28,36.02,2024-09-24T09:43:32,2025-06-13T00:25:45
SHP00005378,ORD00005378,XPO,2025-06-19,2025-06-22,,8.27,2025-06-19T21:52:31,2025-07-28T18:16:29
SHP00005379,ORD00005379,FedEx,2024-04-25,2024-04-27,2024-05-01,34.53,2024-04-25T07:15:26,2024-12-03T12:32:16
SHP00005381,ORD00005381,FedEx,2025-06-20,2025-06-23,,28.51,2025-06-20T07:16:04,2026-02-22T17:14:26
SHP00005383,ORD00005383,UPS,2024-10-29,2024-11-03,2024-11-05,4.69,2024-10-29T18:47:11,2025-09-19T09:26:28
SHP00005384,ORD00005384,USPS,2025-05-14,2025-05-16,,28.53,2025-05-14T12:44:01,2025-10-08T00:43:32
SHP00005386,ORD00005386,DHL,2024-07-14,2024-07-17,,22.38,2024-07-14T15:06:29,2025-09-11T01:46:06
SHP00005387,ORD00005387,UPS,2025-06-03,2025-06-07,,27.05,2025-06-03T12:03:10,2025-06-13T11:03:47
SHP00005390,ORD00005390,OnTrac,2025-05-07,2025-05-12,,19.0,2025-05-07T09:50:35,2025-08-10T17:34:35
SHP00005391,ORD00005391,USPS,2024-01-13,2024-01-19,2024-01-18,20.76,2024-01-13T13:14:02,2024-03-24T17:30:33
SHP00005393,ORD00005393,UPS,2025-11-04,2025-11-07,2025-11-06,9.06,2025-11-04T04:29:55,2026-02-21T06:33:13
SHP00005394,ORD00005394,DHL,2024-11-14,2024-11-18,2024-11-18,20.9,2024-11-14T11:58:31,2025-08-02T16:07:12
SHP00005396,ORD00005396,USPS,2024-03-07,2024-03-10,2024-03-09,23.75,2024-03-07T03:56:50,2025-07-23T17:26:57
SHP00005404,ORD00005404,USPS,2025-02-04,2025-02-07,2025-02-08,9.72,2025-02-04T12:13:56,2025-10-05T20:44:36
SHP00005407,ORD00005407,UPS,2024-06-19,2024-06-23,,8.46,2024-06-19T17:48:18,2025-11-22T15:35:07
SHP00005408,ORD00005408,XPO,2026-01-13,2026-01-16,,20.71,2026-01-13T04:22:33,2026-01-25T11:09:57
SHP00005410,ORD00005410,FedEx,2024-06-20,2024-06-22,2024-06-22,13.63,2024-06-20T21:40:52,2024-11-29T10:39:47
SHP00005411,ORD00005411,UPS,2024-02-04,2024-02-08,2024-02-10,27.55,2024-02-04T04:44:41,2024-04-28T17:43:25
SHP00005412,ORD00005412,UPS,2026-02-03,2026-02-09,2026-02-06,26.01,2026-02-03T13:43:23,2026-02-12T19:28:15
SHP00005415,ORD00005415,XPO,2024-06-04,2024-06-09,2024-06-09,30.39,2024-06-04T08:17:55,2024-06-07T05:52:51
SHP00005416,ORD00005416,UPS,2025-11-05,2025-11-10,2025-11-09,26.82,2025-11-05T17:12:51,2025-12-24T20:19:29
SHP00005418,ORD00005418,XPO,2025-07-30,2025-08-05,2025-08-03,29.73,2025-07-30T04:53:23,2025-12-03T14:01:25
SHP00005420,ORD00005420,XPO,2025-07-01,2025-07-05,2025-07-06,19.48,2025-07-01T20:43:56,2025-10-06T11:03:46
SHP00005425,ORD00005425,DHL,2025-05-29,2025-05-31,,26.16,2025-05-29T05:45:59,2026-02-21T13:27:43
SHP00005426,ORD00005426,DHL,2024-03-28,2024-04-02,2024-03-31,9.32,2024-03-28T14:50:02,2025-08-11T21:53:59
SHP00005428,ORD00005428,OnTrac,2025-10-07,2025-10-12,2025-10-10,26.45,2025-10-07T10:39:48,2026-01-27T02:45:53
SHP00005432,ORD00005432,FedEx,2024-11-12,2024-11-18,2024-11-18,5.86,2024-11-12T22:35:51,2024-11-17T14:19:54
SHP00005434,ORD00005434,FedEx,2025-03-15,2025-03-18,,34.11,2025-03-15T16:22:03,2025-12-02T05:01:42
SHP00005435,ORD00005435,FedEx,2024-03-23,2024-03-26,,21.44,2024-03-23T16:02:09,2024-09-29T06:49:34
SHP00005436,ORD00005436,FedEx,2025-10-20,2025-10-26,2025-10-23,24.2,2025-10-20T03:58:16,2025-11-15T08:53:37
SHP00005438,ORD00005438,USPS,2024-06-05,2024-06-10,2024-06-06,32.58,2024-06-05T10:00:42,2026-01-30T09:16:45
SHP00005439,ORD00005439,USPS,2025-04-18,2025-04-20,2025-04-25,13.03,2025-04-18T13:20:51,2025-12-08T01:16:22
SHP00005441,ORD00005441,DHL,2024-05-19,2024-05-21,2024-05-20,11.57,2024-05-19T19:24:07,2025-12-26T11:28:08
SHP00005444,ORD00005444,FedEx,2025-11-08,2025-11-13,2025-11-10,15.2,2025-11-08T15:48:34,2026-02-09T06:02:39
SHP00005445,ORD00005445,DHL,2025-12-05,2025-12-08,2025-12-09,27.43,2025-12-05T15:00:55,2025-12-16T21:42:45
SHP00005447,ORD00005447,FedEx,2025-06-15,2025-06-21,2025-06-18,38.31,2025-06-15T19:30:50,2025-06-17T18:51:22
SHP00005450,ORD00005450,XPO,2025-06-05,2025-06-10,2025-06-12,22.71,2025-06-05T10:14:32,2025-08-21T23:49:26
SHP00005451,ORD00005451,DHL,2024-09-19,2024-09-24,,35.55,2024-09-19T06:41:02,2025-06-05T09:04:03
SHP00005452,ORD00005452,FedEx,2025-02-24,2025-02-26,2025-02-28,21.86,2025-02-24T16:50:54,2025-06-22T04:53:22
SHP00005453,ORD00005453,USPS,2026-01-31,2026-02-04,,19.49,2026-01-31T03:58:32,2026-02-19T01:01:01
SHP00005455,ORD00005455,DHL,2025-03-16,2025-03-20,2025-03-22,28.3,2025-03-16T01:14:40,2025-05-09T22:25:06
SHP00005456,ORD00005456,XPO,2024-10-31,2024-11-04,,9.06,2024-10-31T01:57:44,2025-02-24T02:58:54
SHP00005458,ORD00005458,DHL,2024-12-27,2024-12-29,2025-01-01,34.08,2024-12-27T18:02:32,2025-08-11T17:49:40
SHP00005459,ORD00005459,DHL,2024-11-11,2024-11-14,,36.31,2024-11-11T14:15:46,2025-05-31T14:34:42
SHP00005460,ORD00005460,UPS,2025-07-04,2025-07-09,2025-07-09,11.39,2025-07-04T12:22:12,2025-12-11T06:13:18
SHP00005463,ORD00005463,XPO,2026-01-18,2026-01-21,,15.66,2026-01-18T08:35:30,2026-02-14T21:34:44
SHP00005466,ORD00005466,UPS,2024-06-10,2024-06-15,,21.87,2024-06-10T08:53:13,2025-07-24T04:02:49
SHP00005471,ORD00005471,UPS,2025-01-07,2025-01-09,,32.4,2025-01-07T01:42:10,2025-06-25T20:07:08
SHP00005475,ORD00005475,OnTrac,2025-06-24,2025-06-29,,25.04,2025-06-24T15:16:25,2026-02-24T06:00:26
SHP00005476,ORD00005476,USPS,2025-12-02,2025-12-05,2025-12-09,19.51,2025-12-02T16:22:00,2026-02-12T04:47:18
SHP00005477,ORD00005477,DHL,2024-04-22,2024-04-26,2024-04-25,15.2,2024-04-22T04:18:47,2025-11-20T07:21:19
SHP00005479,ORD00005479,UPS,2024-05-26,2024-06-01,,5.57,2024-05-26T22:00:32,2025-03-16T07:42:21
SHP00005480,ORD00005480,FedEx,2024-11-29,2024-12-03,,15.2,2024-11-29T02:08:26,2025-11-14T13:23:14
SHP00005481,ORD00005481,OnTrac,2025-05-18,2025-05-23,2025-05-25,8.98,2025-05-18T03:21:54,2025-10-26T23:59:45
SHP00005482,ORD00005482,USPS,2024-12-23,2024-12-26,2024-12-30,30.33,2024-12-23T23:31:04,2025-12-30T17:56:39
SHP00005484,ORD00005484,XPO,2025-09-27,2025-10-03,2025-09-28,38.86,2025-09-27T19:37:16,2025-10-31T09:57:00
SHP00005485,ORD00005485,FedEx,2026-01-19,2026-01-24,2026-01-22,7.55,2026-01-19T18:45:39,2026-02-14T07:12:47
SHP00005488,ORD00005488,OnTrac,2026-01-11,2026-01-13,,14.37,2026-01-11T10:35:11,2026-02-16T09:32:30
SHP00005489,ORD00005489,USPS,2024-03-01,2024-03-06,2024-03-06,32.76,2024-03-01T07:58:54,2024-07-07T16:06:30
SHP00005491,ORD00005491,FedEx,2024-11-30,2024-12-06,2024-12-02,37.7,2024-11-30T04:23:16,2025-01-16T12:25:11
SHP00005492,ORD00005492,OnTrac,2024-03-01,2024-03-04,2024-03-06,23.81,2024-03-01T01:25:03,2025-12-25T23:44:03
SHP00005495,ORD00005495,FedEx,2024-09-19,2024-09-23,,32.81,2024-09-19T20:18:53,2026-01-23T01:23:17
SHP00005497,ORD00005497,USPS,2026-02-28,2026-03-03,2026-03-04,20.53,2026-02-28T07:25:15,2026-03-01T06:10:22
SHP00005500,ORD00005500,DHL,2024-11-15,2024-11-18,2024-11-18,33.07,2024-11-15T10:35:09,2025-03-04T18:11:35
SHP00005501,ORD00005501,FedEx,2024-12-08,2024-12-12,2024-12-09,38.7,2024-12-08T13:18:51,2026-01-04T23:34:24
SHP00005502,ORD00005502,UPS,2025-11-05,2025-11-11,2025-11-12,11.57,2025-11-05T17:05:08,2026-01-27T12:51:42
SHP00005504,ORD00005504,DHL,2025-04-09,2025-04-15,2025-04-13,25.6,2025-04-09T13:07:45,2025-05-30T08:54:35
SHP00005506,ORD00005506,UPS,2024-06-01,2024-06-07,,12.39,2024-06-01T17:47:43,2025-01-03T14:54:09
SHP00005508,ORD00005508,XPO,2024-09-07,2024-09-09,,19.32,2024-09-07T04:13:55,2024-11-29T03:31:30
SHP00005509,ORD00005509,DHL,2024-07-08,2024-07-14,2024-07-10,16.13,2024-07-08T09:01:09,2025-10-03T01:28:49
SHP00005512,ORD00005512,UPS,2025-01-28,2025-02-01,2025-01-30,26.1,2025-01-28T00:06:17,2026-01-04T23:13:14
SHP00005515,ORD00005515,UPS,2025-08-20,2025-08-24,2025-08-21,17.69,2025-08-20T16:39:21,2025-12-18T14:32:24
SHP00005516,ORD00005516,USPS,2024-12-12,2024-12-16,2024-12-18,34.72,2024-12-12T13:45:15,2025-10-03T10:35:36
SHP00005518,ORD00005518,FedEx,2025-10-16,2025-10-20,,26.25,2025-10-16T13:39:39,2025-12-22T21:32:06
SHP00005519,ORD00005519,XPO,2025-01-26,2025-01-31,,14.79,2025-01-26T04:24:46,2025-04-01T03:52:40
SHP00005520,ORD00005520,OnTrac,2025-09-03,2025-09-05,2025-09-08,22.5,2025-09-03T19:09:08,2025-09-24T05:00:49
SHP00005521,ORD00005521,FedEx,2024-05-23,2024-05-26,2024-05-25,39.97,2024-05-23T13:52:30,2025-10-03T21:31:20
SHP00005523,ORD00005523,DHL,2025-12-30,2026-01-02,2026-01-04,34.13,2025-12-30T18:16:35,2026-01-07T06:48:10
SHP00005524,ORD00005524,OnTrac,2026-02-27,2026-03-02,2026-02-28,31.52,2026-02-27T03:07:04,2026-02-27T14:38:30
SHP00005526,ORD00005526,UPS,2024-11-11,2024-11-14,2024-11-14,32.92,2024-11-11T17:43:53,2025-02-21T22:10:03
SHP00005529,ORD00005529,DHL,2025-03-08,2025-03-12,,22.64,2025-03-08T20:19:56,2026-01-30T03:22:41
SHP00005531,ORD00005531,USPS,2024-09-19,2024-09-25,2024-09-21,13.06,2024-09-19T03:18:43,2025-01-24T00:35:30
SHP00005532,ORD00005532,OnTrac,2024-01-19,2024-01-22,,33.82,2024-01-19T05:00:49,2024-07-22T23:39:49
SHP00005533,ORD00005533,DHL,2025-05-21,2025-05-26,2025-05-22,15.59,2025-05-21T08:11:29,2025-10-25T20:56:40
SHP00005534,ORD00005534,DHL,2026-02-28,2026-03-06,2026-03-02,25.49,2026-02-28T03:22:59,2026-03-01T19:01:27
SHP00005536,ORD00005536,UPS,2025-11-28,2025-12-02,,17.01,2025-11-28T21:12:33,2026-02-15T07:32:00
SHP00005537,ORD00005537,FedEx,2025-02-27,2025-03-01,,31.72,2025-02-27T01:05:57,2025-12-05T21:46:48
SHP00005541,ORD00005541,UPS,2024-09-02,2024-09-04,,27.02,2024-09-02T05:22:42,2026-01-07T00:28:24
SHP00005542,ORD00005542,OnTrac,2025-05-28,2025-05-30,2025-05-31,11.26,2025-05-28T02:34:44,2025-10-30T23:09:11
SHP00005543,ORD00005543,OnTrac,2024-07-03,2024-07-06,2024-07-04,23.44,2024-07-03T09:43:16,2025-03-13T12:04:10
SHP00005544,ORD00005544,DHL,2025-02-10,2025-02-16,2025-02-11,38.15,2025-02-10T06:50:11,2025-05-01T07:00:48
SHP00005546,ORD00005546,OnTrac,2026-01-21,2026-01-27,2026-01-24,22.94,2026-01-21T05:48:03,2026-02-08T11:50:14
SHP00005548,ORD00005548,UPS,2024-10-10,2024-10-13,2024-10-11,38.55,2024-10-10T03:36:10,2025-07-02T15:11:45
SHP00005550,ORD00005550,USPS,2024-01-05,2024-01-08,,11.93,2024-01-05T01:56:00,2025-02-22T14:38:49
SHP00005553,ORD00005553,UPS,2024-08-01,2024-08-04,,6.16,2024-08-01T09:47:26,2025-11-28T18:12:05
SHP00005556,ORD00005556,USPS,2024-05-15,2024-05-19,2024-05-19,38.12,2024-05-15T02:06:19,2026-02-03T09:25:43
SHP00005557,ORD00005557,XPO,2025-11-26,2025-11-30,2025-11-30,23.21,2025-11-26T20:43:06,2025-12-20T05:16:35
SHP00005558,ORD00005558,DHL,2026-01-31,2026-02-05,2026-02-06,22.59,2026-01-31T13:50:50,2026-02-09T16:18:15
SHP00005562,ORD00005562,XPO,2025-04-04,2025-04-07,2025-04-07,37.31,2025-04-04T03:05:43,2025-08-08T19:20:55
SHP00005563,ORD00005563,XPO,2025-04-03,2025-04-09,2025-04-06,36.81,2025-04-03T14:19:27,2025-09-04T10:40:25
SHP00005564,ORD00005564,DHL,2024-10-22,2024-10-26,2024-10-24,5.24,2024-10-22T13:39:17,2024-12-29T11:45:54
SHP00005568,ORD00005568,FedEx,2025-07-28,2025-08-01,2025-08-01,32.55,2025-07-28T15:42:21,2025-09-14T23:47:59
SHP00005569,ORD00005569,FedEx,2025-02-12,2025-02-18,,32.22,2025-02-12T15:17:10,2025-09-05T08:32:08
SHP00005570,ORD00005570,DHL,2025-04-23,2025-04-27,2025-04-27,36.87,2025-04-23T08:15:27,2025-08-09T01:43:15
SHP00005572,ORD00005572,USPS,2024-05-03,2024-05-07,2024-05-08,9.01,2024-05-03T17:34:29,2025-11-22T15:03:20
SHP00005574,ORD00005574,OnTrac,2025-05-14,2025-05-17,2025-05-16,24.59,2025-05-14T06:47:05,2026-02-04T07:47:46
SHP00005575,ORD00005575,XPO,2024-09-14,2024-09-20,2024-09-18,24.11,2024-09-14T16:29:10,2024-10-19T17:39:46
SHP00005577,ORD00005577,OnTrac,2024-11-22,2024-11-28,2024-11-25,15.55,2024-11-22T14:12:39,2026-01-23T23:39:56
SHP00005579,ORD00005579,UPS,2024-10-25,2024-10-29,,14.03,2024-10-25T04:25:08,2025-06-02T00:40:44
SHP00005581,ORD00005581,DHL,2025-06-24,2025-06-26,,34.95,2025-06-24T21:53:18,2025-07-06T06:47:38
SHP00005585,ORD00005585,XPO,2026-01-01,2026-01-05,2026-01-04,15.53,2026-01-01T05:01:52,2026-01-23T10:08:19
SHP00005586,ORD00005586,FedEx,2024-03-09,2024-03-15,,25.73,2024-03-09T15:15:56,2025-08-12T20:37:40
SHP00005587,ORD00005587,USPS,2024-12-14,2024-12-19,2024-12-15,4.37,2024-12-14T02:33:19,2026-01-16T12:54:14
SHP00005588,ORD00005588,USPS,2025-07-10,2025-07-16,,32.75,2025-07-10T06:28:13,2025-10-09T22:56:29
SHP00005592,ORD00005592,XPO,2025-08-31,2025-09-03,2025-09-03,35.03,2025-08-31T12:32:34,2025-09-06T17:26:23
SHP00005595,ORD00005595,DHL,2025-11-29,2025-12-01,2025-12-01,25.29,2025-11-29T21:15:24,2026-01-19T20:12:41
SHP00005596,ORD00005596,UPS,2024-01-25,2024-01-27,2024-01-28,5.47,2024-01-25T21:58:00,2025-02-25T09:15:19
SHP00005597,ORD00005597,UPS,2025-11-20,2025-11-26,2025-11-21,30.07,2025-11-20T10:41:25,2025-12-16T03:25:02
SHP00005598,ORD00005598,UPS,2025-02-13,2025-02-18,,7.94,2025-02-13T11:21:53,2025-11-30T12:16:28
SHP00005600,ORD00005600,FedEx,2025-08-25,2025-08-31,,10.98,2025-08-25T17:31:54,2025-08-31T08:13:00
SHP00005602,ORD00005602,USPS,2024-09-20,2024-09-26,,23.46,2024-09-20T09:54:50,2025-01-07T00:13:19
SHP00005603,ORD00005603,OnTrac,2025-04-18,2025-04-24,2025-04-20,5.25,2025-04-18T22:06:18,2026-01-29T07:32:41
SHP00005605,ORD00005605,UPS,2024-05-30,2024-06-03,,10.24,2024-05-30T10:30:23,2025-03-03T01:46:43
SHP00005606,ORD00005606,XPO,2024-10-06,2024-10-10,2024-10-13,15.05,2024-10-06T22:32:56,2025-06-09T22:59:30
SHP00005607,ORD00005607,XPO,2025-10-22,2025-10-28,2025-10-27,26.09,2025-10-22T06:07:05,2025-12-21T02:50:35
SHP00005608,ORD00005608,OnTrac,2025-09-07,2025-09-09,,18.25,2025-09-07T11:32:18,2025-12-10T14:30:46
SHP00005609,ORD00005609,XPO,2024-05-25,2024-05-27,,21.49,2024-05-25T23:55:00,2024-07-17T21:34:06
SHP00005610,ORD00005610,OnTrac,2025-12-29,2026-01-04,,32.09,2025-12-29T15:56:44,2026-01-16T22:26:02
SHP00005616,ORD00005616,DHL,2026-02-14,2026-02-20,,22.97,2026-02-14T16:53:50,2026-02-25T09:39:40
SHP00005617,ORD00005617,UPS,2024-03-03,2024-03-06,2024-03-08,35.85,2024-03-03T20:39:19,2024-09-05T00:59:07
SHP00005618,ORD00005618,USPS,2025-04-01,2025-04-04,,9.11,2025-04-01T04:13:31,2026-01-06T03:07:01
SHP00005620,ORD00005620,UPS,2024-03-10,2024-03-14,2024-03-13,26.0,2024-03-10T03:44:08,2024-07-05T06:41:06
SHP00005627,ORD00005627,UPS,2024-05-12,2024-05-14,,34.55,2024-05-12T06:00:00,2024-08-22T23:52:16
SHP00005628,ORD00005628,UPS,2025-04-21,2025-04-25,2025-04-28,29.06,2025-04-21T00:12:35,2025-11-28T21:43:59
SHP00005629,ORD00005629,DHL,2024-01-24,2024-01-30,2024-01-29,22.65,2024-01-24T20:32:03,2025-04-30T14:16:48
SHP00005631,ORD00005631,UPS,2025-10-21,2025-10-25,2025-10-28,12.57,2025-10-21T21:58:46,2026-02-16T00:19:08
SHP00005633,ORD00005633,XPO,2026-01-30,2026-02-05,2026-02-03,20.15,2026-01-30T08:59:24,2026-02-03T12:17:53
SHP00005635,ORD00005635,UPS,2024-05-30,2024-06-05,,29.12,2024-05-30T21:43:25,2024-11-19T12:06:26
SHP00005638,ORD00005638,USPS,2026-01-26,2026-01-28,2026-01-30,27.29,2026-01-26T00:26:03,2026-02-09T01:10:15
SHP00005640,ORD00005640,USPS,2025-09-18,2025-09-22,2025-09-20,17.22,2025-09-18T09:01:33,2025-12-21T19:14:14
SHP00005642,ORD00005642,FedEx,2025-08-24,2025-08-26,2025-08-26,17.14,2025-08-24T05:59:56,2026-01-24T17:40:51
SHP00005643,ORD00005643,OnTrac,2025-12-09,2025-12-15,2025-12-10,20.65,2025-12-09T13:15:23,2026-02-04T09:56:50
SHP00005645,ORD00005645,DHL,2025-07-09,2025-07-15,,35.08,2025-07-09T23:52:50,2025-11-28T21:36:36
SHP00005646,ORD00005646,USPS,2026-02-02,2026-02-07,2026-02-05,8.61,2026-02-02T09:40:15,2026-02-24T22:59:00
SHP00005647,ORD00005647,FedEx,2024-10-14,2024-10-19,,24.86,2024-10-14T04:56:15,2025-02-18T07:26:51
SHP00005648,ORD00005648,DHL,2025-03-05,2025-03-09,2025-03-12,35.82,2025-03-05T15:20:18,2025-03-07T10:57:27
SHP00005649,ORD00005649,USPS,2024-11-27,2024-12-01,2024-11-30,19.92,2024-11-27T11:59:45,2025-05-13T23:39:20
SHP00005654,ORD00005654,DHL,2025-07-12,2025-07-15,2025-07-13,14.58,2025-07-12T03:22:57,2025-12-31T13:22:25
SHP00005655,ORD00005655,USPS,2024-02-08,2024-02-14,,4.3,2024-02-08T07:52:31,2025-05-08T00:19:48
SHP00005657,ORD00005657,UPS,2025-08-12,2025-08-16,2025-08-19,34.45,2025-08-12T10:02:46,2025-08-30T01:02:06
SHP00005659,ORD00005659,OnTrac,2024-09-06,2024-09-08,,25.56,2024-09-06T13:08:53,2025-12-03T20:52:50
SHP00005660,ORD00005660,OnTrac,2024-03-27,2024-03-29,,18.09,2024-03-27T09:13:26,2025-08-06T07:54:33
SHP00005661,ORD00005661,FedEx,2025-07-08,2025-07-11,,33.65,2025-07-08T16:53:11,2025-07-14T06:12:55
SHP00005662,ORD00005662,XPO,2024-05-13,2024-05-16,2024-05-17,24.0,2024-05-13T04:49:44,2025-11-02T19:47:15
SHP00005663,ORD00005663,UPS,2026-01-13,2026-01-18,,37.31,2026-01-13T09:31:13,2026-02-17T02:54:16
SHP00005664,ORD00005664,DHL,2025-02-06,2025-02-08,,16.17,2025-02-06T06:41:13,2025-12-17T03:01:29
SHP00005665,ORD00005665,USPS,2024-01-19,2024-01-24,2024-01-20,33.53,2024-01-19T20:31:42,2025-05-29T23:21:29
SHP00005666,ORD00005666,XPO,2025-04-03,2025-04-05,2025-04-05,32.14,2025-04-03T21:33:13,2026-02-27T15:46:48
SHP00005670,ORD00005670,USPS,2024-12-24,2024-12-30,,34.42,2024-12-24T14:18:58,2025-04-26T07:11:35
SHP00005672,ORD00005672,XPO,2026-02-20,2026-02-24,,6.26,2026-02-20T10:16:25,2026-02-26T03:21:03
SHP00005674,ORD00005674,FedEx,2024-09-26,2024-09-30,,17.37,2024-09-26T06:23:53,2024-11-27T23:43:02
SHP00005675,ORD00005675,UPS,2026-02-01,2026-02-05,2026-02-06,18.25,2026-02-01T17:00:35,2026-02-21T22:13:55
SHP00005680,ORD00005680,DHL,2025-05-26,2025-05-30,2025-06-02,10.85,2025-05-26T03:40:19,2025-09-21T12:31:15
SHP00005683,ORD00005683,USPS,2025-05-10,2025-05-14,2025-05-15,26.22,2025-05-10T21:15:06,2025-09-19T09:52:08
SHP00005684,ORD00005684,USPS,2024-05-07,2024-05-09,,16.94,2024-05-07T00:59:37,2025-06-14T00:45:26
SHP00005685,ORD00005685,XPO,2025-02-04,2025-02-09,2025-02-11,11.22,2025-02-04T00:42:33,2026-01-20T06:57:34
SHP00005686,ORD00005686,XPO,2025-02-27,2025-03-01,2025-03-03,15.25,2025-02-27T01:25:35,2025-12-07T17:47:06
SHP00005689,ORD00005689,FedEx,2026-02-05,2026-02-07,2026-02-06,38.92,2026-02-05T08:37:02,2026-02-26T04:08:26
SHP00005692,ORD00005692,XPO,2025-07-28,2025-07-30,2025-08-04,20.66,2025-07-28T15:33:07,2025-09-09T08:57:16
SHP00005693,ORD00005693,FedEx,2024-07-19,2024-07-22,,26.51,2024-07-19T01:05:24,2025-12-17T05:06:12
SHP00005695,ORD00005695,USPS,2024-12-02,2024-12-04,2024-12-08,8.49,2024-12-02T23:56:11,2025-07-30T18:53:06
SHP00005696,ORD00005696,DHL,2024-01-09,2024-01-15,,26.61,2024-01-09T07:41:51,2024-09-18T14:14:40
SHP00005699,ORD00005699,OnTrac,2024-11-14,2024-11-18,,17.94,2024-11-14T04:14:57,2025-03-05T16:13:09
SHP00005703,ORD00005703,FedEx,2025-03-14,2025-03-19,,6.49,2025-03-14T03:28:48,2025-08-11T22:48:47
SHP00005705,ORD00005705,USPS,2025-10-16,2025-10-20,,4.96,2025-10-16T04:26:03,2026-01-24T21:25:43
SHP00005706,ORD00005706,OnTrac,2026-02-28,2026-03-06,2026-03-01,14.26,2026-02-28T07:13:58,2026-03-01T11:26:27
SHP00005707,ORD00005707,UPS,2024-02-05,2024-02-07,2024-02-06,35.23,2024-02-05T07:18:37,2024-10-20T08:20:23
SHP00005708,ORD00005708,OnTrac,2025-05-07,2025-05-11,,7.93,2025-05-07T15:13:30,2025-06-01T19:38:40
SHP00005709,ORD00005709,DHL,2025-11-28,2025-12-03,,5.76,2025-11-28T03:11:41,2026-02-13T11:00:29
SHP00005711,ORD00005711,DHL,2025-11-10,2025-11-14,,21.65,2025-11-10T22:20:00,2025-11-15T21:51:25
SHP00005712,ORD00005712,XPO,2024-05-29,2024-05-31,2024-06-03,21.52,2024-05-29T06:01:50,2025-04-13T09:29:54
SHP00005713,ORD00005713,UPS,2025-09-08,2025-09-13,,14.82,2025-09-08T08:35:45,2026-02-05T01:37:47
SHP00005714,ORD00005714,FedEx,2024-10-30,2024-11-01,,7.36,2024-10-30T10:01:08,2025-09-13T03:30:10
SHP00005715,ORD00005715,OnTrac,2024-06-15,2024-06-20,2024-06-16,33.96,2024-06-15T00:23:44,2025-04-25T02:43:30
SHP00005716,ORD00005716,OnTrac,2024-08-20,2024-08-24,2024-08-21,38.86,2024-08-20T17:26:41,2024-11-02T09:24:42
SHP00005719,ORD00005719,OnTrac,2025-03-03,2025-03-06,2025-03-06,16.48,2025-03-03T22:38:55,2025-03-12T22:55:08
SHP00005720,ORD00005720,OnTrac,2025-09-03,2025-09-09,2025-09-08,32.96,2025-09-03T03:22:17,2026-01-03T17:18:56
SHP00005721,ORD00005721,UPS,2025-03-30,2025-04-02,2025-04-02,39.71,2025-03-30T09:30:31,2025-12-20T07:46:48
SHP00005722,ORD00005722,UPS,2024-07-19,2024-07-21,2024-07-26,17.68,2024-07-19T05:17:53,2025-11-19T13:33:42
SHP00005723,ORD00005723,UPS,2024-03-15,2024-03-19,,16.26,2024-03-15T11:19:18,2024-10-18T05:56:17
SHP00005724,ORD00005724,DHL,2025-07-03,2025-07-08,2025-07-10,19.24,2025-07-03T14:29:15,2026-02-09T18:05:19
SHP00005730,ORD00005730,XPO,2025-07-26,2025-07-31,,19.55,2025-07-26T04:42:26,2025-09-08T09:14:19
SHP00005733,ORD00005733,XPO,2024-02-03,2024-02-07,2024-02-05,26.59,2024-02-03T10:28:36,2025-01-16T13:04:26
SHP00005734,ORD00005734,OnTrac,2026-02-23,2026-02-27,2026-02-27,39.07,2026-02-23T05:11:29,2026-02-26T23:43:26
SHP00005735,ORD00005735,UPS,2026-03-03,2026-03-09,,26.2,2026-03-03T16:11:07,2026-03-04T06:23:03
SHP00005736,ORD00005736,XPO,2025-12-19,2025-12-23,2025-12-20,38.11,2025-12-19T16:53:07,2025-12-24T22:28:49
SHP00005737,ORD00005737,USPS,2025-06-22,2025-06-24,2025-06-27,12.95,2025-06-22T23:40:49,2026-02-25T13:54:40
SHP00005738,ORD00005738,FedEx,2025-03-07,2025-03-12,2025-03-14,34.96,2025-03-07T15:58:27,2025-10-18T12:57:08
SHP00005739,ORD00005739,XPO,2026-02-03,2026-02-08,2026-02-05,33.37,2026-02-03T11:22:43,2026-02-15T14:38:27
SHP00005741,ORD00005741,USPS,2024-06-05,2024-06-09,2024-06-07,13.01,2024-06-05T20:38:17,2025-12-31T08:42:46
SHP00005744,ORD00005744,DHL,2026-02-20,2026-02-26,2026-02-25,30.79,2026-02-20T02:28:45,2026-02-28T17:34:59
SHP00005745,ORD00005745,UPS,2025-12-17,2025-12-22,,5.77,2025-12-17T10:26:42,2026-02-20T04:33:14
SHP00005746,ORD00005746,FedEx,2024-12-17,2024-12-19,,17.52,2024-12-17T08:29:46,2025-08-21T04:25:05
SHP00005747,ORD00005747,DHL,2025-09-01,2025-09-03,,34.56,2025-09-01T12:26:34,2026-01-29T21:45:33
SHP00005749,ORD00005749,OnTrac,2025-07-26,2025-07-31,2025-07-29,24.9,2025-07-26T02:13:45,2025-11-06T14:13:38
SHP00005751,ORD00005751,UPS,2025-06-23,2025-06-29,2025-06-25,26.28,2025-06-23T00:49:59,2025-07-11T02:13:48
SHP00005752,ORD00005752,UPS,2024-06-21,2024-06-27,2024-06-26,9.41,2024-06-21T21:17:30,2025-12-15T01:07:40
SHP00005753,ORD00005753,OnTrac,2024-02-08,2024-02-12,,24.33,2024-02-08T22:35:45,2024-04-14T18:53:38
SHP00005754,ORD00005754,UPS,2025-10-01,2025-10-06,2025-10-05,19.05,2025-10-01T06:11:47,2026-02-22T21:07:09
SHP00005755,ORD00005755,USPS,2025-06-06,2025-06-08,2025-06-11,4.17,2025-06-06T06:32:38,2026-02-25T21:20:20
SHP00005757,ORD00005757,XPO,2025-11-28,2025-11-30,2025-12-05,33.41,2025-11-28T19:39:50,2025-12-08T13:17:08
SHP00005758,ORD00005758,USPS,2026-02-25,2026-02-27,,35.75,2026-02-25T05:12:47,2026-02-28T09:27:51
SHP00005762,ORD00005762,DHL,2025-03-20,2025-03-25,2025-03-25,33.81,2025-03-20T16:54:56,2026-01-03T04:24:08
SHP00005764,ORD00005764,DHL,2024-01-24,2024-01-30,2024-01-27,4.15,2024-01-24T02:12:39,2026-01-02T18:20:01
SHP00005766,ORD00005766,OnTrac,2024-04-24,2024-04-26,,24.89,2024-04-24T04:57:49,2024-08-14T15:13:12
SHP00005767,ORD00005767,USPS,2025-11-11,2025-11-13,,26.05,2025-11-11T04:21:22,2025-11-17T10:52:02
SHP00005768,ORD00005768,DHL,2024-12-11,2024-12-14,2024-12-18,34.18,2024-12-11T11:38:21,2025-05-29T20:53:12
SHP00005769,ORD00005769,XPO,2025-06-26,2025-07-01,2025-07-01,17.25,2025-06-26T06:47:26,2025-10-19T18:33:00
SHP00005770,ORD00005770,USPS,2025-12-05,2025-12-08,2025-12-11,7.73,2025-12-05T15:10:10,2025-12-11T02:24:40
SHP00005772,ORD00005772,OnTrac,2025-03-16,2025-03-22,,38.7,2025-03-16T08:34:17,2025-05-18T11:44:00
SHP00005774,ORD00005774,OnTrac,2025-02-27,2025-03-01,2025-03-03,34.36,2025-02-27T16:33:39,2025-09-02T21:53:43
SHP00005776,ORD00005776,DHL,2024-02-04,2024-02-10,2024-02-10,7.22,2024-02-04T02:23:17,2024-06-20T08:24:13
SHP00005777,ORD00005777,XPO,2025-01-12,2025-01-16,2025-01-15,8.73,2025-01-12T11:54:02,2025-03-04T02:18:28
SHP00005782,ORD00005782,USPS,2025-11-17,2025-11-19,2025-11-22,17.16,2025-11-17T05:33:41,2026-01-10T06:37:51
SHP00005783,ORD00005783,FedEx,2024-03-22,2024-03-25,2024-03-25,14.01,2024-03-22T06:21:19,2024-10-03T20:02:38
SHP00005785,ORD00005785,DHL,2025-11-02,2025-11-07,2025-11-05,13.03,2025-11-02T19:42:23,2025-12-12T23:16:25
SHP00005786,ORD00005786,FedEx,2024-12-17,2024-12-19,,8.77,2024-12-17T01:23:20,2025-11-11T22:24:08
SHP00005788,ORD00005788,OnTrac,2025-02-08,2025-02-13,2025-02-12,27.45,2025-02-08T07:13:46,2026-01-24T04:13:45
SHP00005790,ORD00005790,OnTrac,2025-12-20,2025-12-24,2025-12-27,10.84,2025-12-20T08:04:40,2026-02-17T01:58:17
SHP00005791,ORD00005791,USPS,2025-03-22,2025-03-26,,20.99,2025-03-22T16:44:57,2025-09-05T10:34:22
SHP00005794,ORD00005794,OnTrac,2026-02-16,2026-02-20,2026-02-18,35.14,2026-02-16T06:31:56,2026-02-19T22:27:46
SHP00005795,ORD00005795,DHL,2025-05-10,2025-05-13,2025-05-14,9.85,2025-05-10T21:38:19,2025-06-13T15:24:02
SHP00005796,ORD00005796,OnTrac,2025-02-17,2025-02-21,2025-02-20,18.96,2025-02-17T18:14:56,2025-06-27T20:22:59
SHP00005797,ORD00005797,OnTrac,2025-01-29,2025-02-04,2025-01-31,22.14,2025-01-29T17:13:29,2025-04-10T08:07:43
SHP00005799,ORD00005799,FedEx,2025-04-02,2025-04-06,,10.43,2025-04-02T19:19:18,2026-01-08T18:00:02
SHP00005800,ORD00005800,FedEx,2025-02-20,2025-02-22,2025-02-27,28.6,2025-02-20T21:55:03,2025-03-24T00:42:24
SHP00005801,ORD00005801,XPO,2025-10-19,2025-10-23,2025-10-25,19.99,2025-10-19T07:26:42,2025-12-03T16:12:11
SHP00005803,ORD00005803,FedEx,2024-09-04,2024-09-06,2024-09-08,14.23,2024-09-04T04:32:49,2025-05-30T18:24:46
SHP00005804,ORD00005804,XPO,2024-09-14,2024-09-18,2024-09-16,30.15,2024-09-14T16:12:54,2025-12-30T22:04:23
SHP00005807,ORD00005807,UPS,2024-05-09,2024-05-14,,39.8,2024-05-09T10:39:59,2025-01-28T09:51:47
SHP00005808,ORD00005808,DHL,2025-10-01,2025-10-05,,11.37,2025-10-01T14:43:36,2025-10-31T02:00:05
SHP00005810,ORD00005810,USPS,2025-09-22,2025-09-27,2025-09-27,29.81,2025-09-22T05:25:24,2026-02-25T12:15:06
SHP00005811,ORD00005811,UPS,2024-11-13,2024-11-18,,32.4,2024-11-13T09:13:07,2025-07-25T22:57:23
SHP00005814,ORD00005814,FedEx,2025-10-23,2025-10-25,,25.26,2025-10-23T20:08:11,2025-12-31T14:10:45
SHP00005815,ORD00005815,UPS,2024-07-12,2024-07-16,2024-07-17,14.06,2024-07-12T05:13:53,2025-02-27T21:13:28
SHP00005816,ORD00005816,USPS,2024-02-01,2024-02-03,2024-02-06,32.86,2024-02-01T03:01:42,2025-09-13T19:42:56
SHP00005817,ORD00005817,OnTrac,2025-10-12,2025-10-18,2025-10-18,33.56,2025-10-12T10:52:18,2025-12-11T19:22:48
SHP00005820,ORD00005820,USPS,2024-11-26,2024-12-01,2024-12-02,11.73,2024-11-26T13:43:56,2024-12-11T23:04:24
SHP00005822,ORD00005822,USPS,2024-06-18,2024-06-20,,31.13,2024-06-18T12:50:50,2025-01-27T20:50:21
SHP00005824,ORD00005824,UPS,2024-05-11,2024-05-14,2024-05-17,20.37,2024-05-11T22:15:26,2026-02-16T11:33:56
SHP00005825,ORD00005825,USPS,2025-05-25,2025-05-31,,14.79,2025-05-25T19:44:50,2025-10-25T17:42:04
SHP00005826,ORD00005826,OnTrac,2025-08-03,2025-08-09,2025-08-05,35.97,2025-08-03T19:37:24,2025-09-13T20:06:09
SHP00005829,ORD00005829,USPS,2025-12-22,2025-12-25,2025-12-27,10.48,2025-12-22T19:53:48,2025-12-23T03:37:55
SHP00005830,ORD00005830,XPO,2024-08-21,2024-08-23,,36.93,2024-08-21T16:09:31,2024-11-30T20:15:02
SHP00005831,ORD00005831,USPS,2024-01-28,2024-01-31,2024-01-31,5.67,2024-01-28T14:07:09,2024-07-08T12:24:00
SHP00005832,ORD00005832,OnTrac,2024-05-23,2024-05-27,2024-05-27,15.9,2024-05-23T07:24:03,2024-07-22T14:52:33
SHP00005833,ORD00005833,UPS,2025-04-13,2025-04-19,2025-04-17,6.89,2025-04-13T14:01:54,2025-09-22T16:11:01
SHP00005834,ORD00005834,UPS,2025-05-03,2025-05-08,,34.27,2025-05-03T12:41:47,2025-07-13T00:03:20
SHP00005837,ORD00005837,UPS,2025-07-06,2025-07-11,2025-07-08,24.35,2025-07-06T09:10:37,2025-12-07T01:43:14
SHP00005839,ORD00005839,USPS,2025-01-25,2025-01-27,,21.65,2025-01-25T07:05:04,2025-05-29T17:45:19
SHP00005840,ORD00005840,FedEx,2025-05-24,2025-05-30,2025-05-31,36.46,2025-05-24T11:30:58,2025-09-14T18:06:54
SHP00005843,ORD00005843,USPS,2026-01-07,2026-01-13,2026-01-10,14.02,2026-01-07T13:02:39,2026-01-11T17:26:30
SHP00005845,ORD00005845,UPS,2024-09-08,2024-09-13,2024-09-10,36.93,2024-09-08T22:55:36,2024-11-02T22:00:09
SHP00005846,ORD00005846,UPS,2025-04-04,2025-04-09,2025-04-06,22.17,2025-04-04T09:40:56,2026-02-08T08:06:21
SHP00005848,ORD00005848,DHL,2025-09-09,2025-09-15,2025-09-16,34.46,2025-09-09T09:39:15,2026-02-25T10:57:53
SHP00005849,ORD00005849,FedEx,2024-10-13,2024-10-16,2024-10-20,30.18,2024-10-13T21:18:30,2025-08-03T15:58:42
SHP00005851,ORD00005851,UPS,2025-09-28,2025-09-30,2025-10-02,39.12,2025-09-28T09:34:57,2025-10-23T11:50:26
SHP00005852,ORD00005852,XPO,2024-12-29,2025-01-02,2024-12-30,24.32,2024-12-29T06:17:05,2025-07-08T15:02:43
SHP00005853,ORD00005853,FedEx,2026-02-26,2026-03-02,2026-03-05,22.06,2026-02-26T20:33:39,2026-03-01T14:17:13
SHP00005854,ORD00005854,UPS,2025-11-23,2025-11-26,,8.45,2025-11-23T10:40:36,2025-12-10T14:28:29
SHP00005855,ORD00005855,FedEx,2026-02-17,2026-02-19,,21.47,2026-02-17T06:47:50,2026-02-23T01:11:56
SHP00005857,ORD00005857,OnTrac,2026-01-19,2026-01-25,2026-01-23,26.48,2026-01-19T03:18:46,2026-02-28T00:05:49
SHP00005859,ORD00005859,FedEx,2025-09-07,2025-09-11,,8.55,2025-09-07T03:48:56,2026-02-11T06:04:54
SHP00005861,ORD00005861,OnTrac,2026-02-28,2026-03-05,2026-03-04,15.5,2026-02-28T10:08:27,2026-03-01T09:37:14
SHP00005862,ORD00005862,USPS,2024-08-04,2024-08-09,2024-08-05,23.52,2024-08-04T06:27:54,2025-09-01T22:21:29
SHP00005863,ORD00005863,DHL,2024-07-14,2024-07-20,2024-07-18,28.43,2024-07-14T02:58:03,2025-07-26T18:07:28
SHP00005866,ORD00005866,DHL,2024-07-10,2024-07-15,,6.71,2024-07-10T16:17:19,2025-04-15T17:06:17
SHP00005867,ORD00005867,DHL,2025-06-17,2025-06-23,2025-06-23,15.74,2025-06-17T20:37:37,2026-02-07T19:30:21
SHP00005870,ORD00005870,XPO,2025-07-30,2025-08-05,2025-08-03,39.67,2025-07-30T05:27:22,2025-10-17T15:17:39
SHP00005872,ORD00005872,FedEx,2025-05-24,2025-05-26,2025-05-25,18.19,2025-05-24T17:05:22,2025-12-01T21:04:10
SHP00005873,ORD00005873,DHL,2025-12-07,2025-12-13,,27.1,2025-12-07T00:07:56,2025-12-17T20:13:45
SHP00005874,ORD00005874,FedEx,2024-07-19,2024-07-23,,27.81,2024-07-19T11:35:21,2026-02-11T18:50:12
SHP00005875,ORD00005875,USPS,2024-02-04,2024-02-07,2024-02-07,18.1,2024-02-04T02:46:17,2024-03-21T07:41:19
SHP00005876,ORD00005876,DHL,2024-04-16,2024-04-18,,11.13,2024-04-16T08:02:11,2024-05-21T10:32:25
SHP00005877,ORD00005877,DHL,2024-02-09,2024-02-13,2024-02-13,5.29,2024-02-09T01:35:16,2025-10-24T18:47:33
SHP00005880,ORD00005880,DHL,2025-06-01,2025-06-04,,8.97,2025-06-01T21:15:46,2025-09-16T14:30:20
SHP00005883,ORD00005883,XPO,2024-11-26,2024-12-01,,5.08,2024-11-26T10:09:05,2025-08-27T12:16:10
SHP00005886,ORD00005886,DHL,2025-10-24,2025-10-28,2025-10-28,35.61,2025-10-24T23:14:39,2025-11-07T21:26:06
SHP00005889,ORD00005889,DHL,2024-02-25,2024-03-02,,12.06,2024-02-25T01:11:37,2025-01-09T13:03:18
SHP00005890,ORD00005890,USPS,2025-04-14,2025-04-16,2025-04-17,30.77,2025-04-14T10:15:25,2025-06-21T18:29:56
SHP00005893,ORD00005893,FedEx,2024-07-29,2024-08-04,,17.02,2024-07-29T21:43:23,2025-03-13T03:52:33
SHP00005896,ORD00005896,FedEx,2026-02-25,2026-02-27,,19.85,2026-02-25T19:36:50,2026-03-01T09:49:47
SHP00005897,ORD00005897,UPS,2025-05-14,2025-05-16,,6.63,2025-05-14T08:12:15,2025-06-27T22:39:35
SHP00005899,ORD00005899,FedEx,2025-03-30,2025-04-03,2025-04-06,29.38,2025-03-30T12:26:21,2026-01-13T23:58:48
SHP00005902,ORD00005902,OnTrac,2024-01-09,2024-01-13,2024-01-15,29.33,2024-01-09T21:24:50,2024-11-01T19:23:58
SHP00005904,ORD00005904,USPS,2025-06-25,2025-06-27,2025-06-28,15.45,2025-06-25T14:33:02,2026-01-27T04:44:44
SHP00005905,ORD00005905,USPS,2025-07-24,2025-07-28,,33.32,2025-07-24T04:44:12,2025-10-31T20:50:47
SHP00005907,ORD00005907,FedEx,2025-03-27,2025-04-02,,34.05,2025-03-27T08:14:23,2025-04-24T13:55:58
SHP00005908,ORD00005908,FedEx,2024-02-25,2024-02-27,2024-02-28,28.0,2024-02-25T16:47:56,2024-04-18T06:31:18
SHP00005909,ORD00005909,OnTrac,2025-01-21,2025-01-26,,31.56,2025-01-21T07:04:11,2025-10-24T11:46:21
SHP00005910,ORD00005910,DHL,2025-09-07,2025-09-10,,12.0,2025-09-07T18:46:45,2025-10-07T21:36:12
SHP00005915,ORD00005915,OnTrac,2024-04-24,2024-04-29,2024-05-01,9.75,2024-04-24T08:30:59,2025-04-04T00:30:40
SHP00005916,ORD00005916,UPS,2025-04-30,2025-05-05,2025-05-07,15.88,2025-04-30T22:58:02,2025-05-28T19:39:41
SHP00005917,ORD00005917,DHL,2025-01-08,2025-01-14,,20.8,2025-01-08T07:10:10,2025-04-12T03:18:13
SHP00005918,ORD00005918,XPO,2024-05-10,2024-05-15,,24.4,2024-05-10T01:13:25,2024-08-11T02:02:06
SHP00005919,ORD00005919,USPS,2026-01-15,2026-01-18,2026-01-16,39.38,2026-01-15T15:10:13,2026-02-19T16:35:19
SHP00005920,ORD00005920,FedEx,2026-01-01,2026-01-04,,23.5,2026-01-01T06:17:52,2026-01-20T21:15:17
SHP00005923,ORD00005923,DHL,2025-02-04,2025-02-06,2025-02-09,18.09,2025-02-04T00:59:25,2025-03-14T23:21:07
SHP00005925,ORD00005925,DHL,2024-12-25,2024-12-27,,15.26,2024-12-25T15:15:48,2025-05-10T07:02:56
SHP00005926,ORD00005926,XPO,2025-07-12,2025-07-18,,32.06,2025-07-12T17:37:22,2026-01-05T13:33:30
SHP00005927,ORD00005927,USPS,2026-02-04,2026-02-07,,23.25,2026-02-04T05:01:35,2026-02-12T09:23:25
SHP00005929,ORD00005929,DHL,2025-11-05,2025-11-09,,11.52,2025-11-05T19:44:39,2025-12-02T03:11:34
SHP00005931,ORD00005931,FedEx,2024-12-17,2024-12-19,,21.63,2024-12-17T11:57:01,2025-04-15T04:43:59
SHP00005933,ORD00005933,XPO,2025-02-10,2025-02-13,,39.16,2025-02-10T10:23:07,2025-12-24T12:56:13
SHP00005937,ORD00005937,DHL,2025-06-10,2025-06-16,,13.33,2025-06-10T08:35:33,2026-01-20T07:53:47
SHP00005938,ORD00005938,OnTrac,2025-01-18,2025-01-22,,39.06,2025-01-18T02:15:00,2025-09-02T10:58:01
SHP00005939,ORD00005939,DHL,2025-10-03,2025-10-07,2025-10-09,21.22,2025-10-03T03:00:23,2025-11-19T11:28:17
SHP00005940,ORD00005940,FedEx,2025-11-14,2025-11-17,2025-11-20,36.6,2025-11-14T10:01:27,2026-01-24T20:39:15
SHP00005941,ORD00005941,XPO,2024-09-28,2024-09-30,2024-10-03,16.23,2024-09-28T04:06:49,2025-10-03T21:40:38
SHP00005944,ORD00005944,FedEx,2024-07-05,2024-07-11,2024-07-09,33.36,2024-07-05T21:04:39,2026-01-30T09:39:24
SHP00005945,ORD00005945,XPO,2024-11-02,2024-11-04,2024-11-08,9.03,2024-11-02T13:52:47,2025-01-22T13:43:59
SHP00005946,ORD00005946,USPS,2025-12-14,2025-12-19,2025-12-17,14.68,2025-12-14T06:49:45,2026-01-11T05:40:36
SHP00005947,ORD00005947,DHL,2025-12-23,2025-12-29,,15.13,2025-12-23T20:15:26,2026-02-17T16:03:02
SHP00005948,ORD00005948,DHL,2024-05-31,2024-06-05,,21.2,2024-05-31T15:22:40,2024-10-19T14:03:24
SHP00005949,ORD00005949,XPO,2024-08-17,2024-08-19,2024-08-18,4.8,2024-08-17T00:46:48,2025-06-19T04:01:47
SHP00005951,ORD00005951,USPS,2024-10-03,2024-10-09,,21.28,2024-10-03T10:26:36,2025-07-21T02:49:55
SHP00005952,ORD00005952,DHL,2024-01-30,2024-02-05,,38.74,2024-01-30T15:04:02,2025-04-28T01:58:33
SHP00005954,ORD00005954,FedEx,2024-09-18,2024-09-21,2024-09-21,27.01,2024-09-18T14:28:47,2025-03-31T06:47:57
SHP00005955,ORD00005955,XPO,2025-07-25,2025-07-28,2025-07-27,7.01,2025-07-25T14:11:20,2026-01-15T09:00:09
SHP00005956,ORD00005956,XPO,2024-09-10,2024-09-12,,20.13,2024-09-10T04:54:41,2025-01-28T07:30:56
SHP00005957,ORD00005957,OnTrac,2024-11-29,2024-12-04,2024-12-02,8.44,2024-11-29T07:52:27,2025-04-14T19:34:45
SHP00005962,ORD00005962,OnTrac,2024-11-04,2024-11-07,2024-11-06,20.31,2024-11-04T13:14:40,2024-11-18T04:07:49
SHP00005963,ORD00005963,OnTrac,2026-03-02,2026-03-08,,19.39,2026-03-02T04:41:35,2026-03-03T14:23:09
SHP00005964,ORD00005964,OnTrac,2024-09-18,2024-09-24,,24.62,2024-09-18T02:15:35,2025-05-30T16:06:41
SHP00005966,ORD00005966,FedEx,2024-11-08,2024-11-14,,8.8,2024-11-08T08:31:08,2026-01-22T10:19:01
SHP00005967,ORD00005967,DHL,2025-08-03,2025-08-09,2025-08-04,31.11,2025-08-03T17:17:47,2026-02-17T18:48:42
SHP00005968,ORD00005968,USPS,2024-12-26,2025-01-01,,39.4,2024-12-26T11:01:04,2025-08-16T20:38:06
SHP00005975,ORD00005975,FedEx,2025-02-24,2025-02-27,,16.79,2025-02-24T20:44:37,2025-12-02T23:06:30
SHP00005976,ORD00005976,DHL,2025-03-06,2025-03-08,2025-03-07,15.84,2025-03-06T10:56:36,2025-12-01T13:52:50
SHP00005977,ORD00005977,UPS,2024-12-07,2024-12-11,2024-12-13,34.28,2024-12-07T21:54:05,2026-01-02T03:01:19
SHP00005979,ORD00005979,USPS,2025-08-27,2025-08-29,2025-09-02,24.52,2025-08-27T14:55:44,2025-09-09T06:44:07
SHP00005982,ORD00005982,UPS,2024-05-22,2024-05-24,2024-05-29,39.27,2024-05-22T20:58:16,2025-12-19T16:29:45
SHP00005983,ORD00005983,XPO,2025-04-21,2025-04-27,2025-04-28,18.34,2025-04-21T02:14:05,2025-09-18T18:45:14
SHP00005984,ORD00005984,DHL,2024-05-11,2024-05-17,,35.17,2024-05-11T09:06:43,2024-08-19T04:30:59
SHP00005985,ORD00005985,FedEx,2025-06-14,2025-06-17,2025-06-17,34.97,2025-06-14T12:55:11,2025-12-09T15:35:30
SHP00005987,ORD00005987,XPO,2025-08-12,2025-08-15,,12.34,2025-08-12T20:19:30,2026-01-01T14:44:33
SHP00005990,ORD00005990,OnTrac,2024-02-22,2024-02-26,,19.18,2024-02-22T10:59:24,2025-08-14T07:21:40
SHP00005992,ORD00005992,UPS,2024-04-18,2024-04-23,,34.17,2024-04-18T00:59:33,2025-05-03T23:29:43
SHP00005994,ORD00005994,DHL,2024-08-29,2024-09-01,2024-08-31,25.26,2024-08-29T08:23:24,2025-11-04T04:27:15
SHP00005997,ORD00005997,FedEx,2025-06-28,2025-07-03,2025-07-04,5.05,2025-06-28T17:06:31,2025-11-06T20:30:02
SHP00005998,ORD00005998,USPS,2025-12-27,2026-01-01,2025-12-31,15.54,2025-12-27T11:22:12,2026-01-06T00:00:50
SHP00006000,ORD00006000,USPS,2024-07-08,2024-07-14,2024-07-11,34.87,2024-07-08T02:58:04,2025-06-21T14:10:06
SHP00006001,ORD00006001,FedEx,2024-06-14,2024-06-18,2024-06-19,12.71,2024-06-14T15:23:11,2025-08-12T06:30:18
SHP00006007,ORD00006007,XPO,2025-05-24,2025-05-29,2025-05-27,35.94,2025-05-24T17:12:16,2026-01-07T07:37:47
SHP00006008,ORD00006008,USPS,2024-10-01,2024-10-05,2024-10-06,18.67,2024-10-01T03:37:47,2024-11-29T09:14:40
SHP00006009,ORD00006009,USPS,2026-02-22,2026-02-26,2026-02-28,15.09,2026-02-22T00:24:06,2026-02-25T23:46:31
SHP00006012,ORD00006012,DHL,2026-01-17,2026-01-19,2026-01-23,30.16,2026-01-17T11:48:09,2026-01-27T22:17:44
SHP00006013,ORD00006013,USPS,2024-01-03,2024-01-09,2024-01-06,15.21,2024-01-03T04:26:11,2024-09-21T13:00:19
SHP00006014,ORD00006014,UPS,2025-04-08,2025-04-11,2025-04-11,22.84,2025-04-08T16:35:34,2025-09-01T02:35:15
SHP00006015,ORD00006015,DHL,2024-02-04,2024-02-07,,33.79,2024-02-04T21:54:55,2026-01-07T12:50:30
SHP00006016,ORD00006016,XPO,2026-01-27,2026-01-31,,19.81,2026-01-27T12:11:09,2026-01-29T02:05:25
SHP00006021,ORD00006021,UPS,2025-01-22,2025-01-25,2025-01-29,16.61,2025-01-22T15:29:40,2025-05-15T01:24:28
SHP00006025,ORD00006025,UPS,2024-12-27,2024-12-31,,29.59,2024-12-27T08:54:10,2025-03-06T11:27:02
SHP00006026,ORD00006026,XPO,2025-10-28,2025-10-30,,21.88,2025-10-28T14:44:51,2026-02-01T00:14:04
SHP00006029,ORD00006029,OnTrac,2024-04-13,2024-04-19,2024-04-18,4.62,2024-04-13T18:19:55,2024-05-22T16:36:38
SHP00006030,ORD00006030,FedEx,2025-12-17,2025-12-22,2025-12-20,21.32,2025-12-17T01:47:28,2026-01-27T06:35:37
SHP00006031,ORD00006031,XPO,2025-04-20,2025-04-24,2025-04-22,34.67,2025-04-20T05:26:34,2025-04-28T21:42:02
SHP00006034,ORD00006034,OnTrac,2024-01-23,2024-01-26,2024-01-27,24.05,2024-01-23T20:02:14,2024-12-06T00:01:30
SHP00006035,ORD00006035,XPO,2024-07-04,2024-07-08,2024-07-10,38.02,2024-07-04T03:38:42,2025-07-12T13:11:38
SHP00006037,ORD00006037,FedEx,2026-02-08,2026-02-10,2026-02-12,36.15,2026-02-08T15:02:12,2026-02-10T04:34:32
SHP00006038,ORD00006038,USPS,2025-07-27,2025-08-02,2025-07-31,31.83,2025-07-27T18:44:32,2025-12-29T09:03:28
SHP00006039,ORD00006039,XPO,2026-03-03,2026-03-05,,13.35,2026-03-03T00:49:35,2026-03-03T04:42:07
SHP00006040,ORD00006040,XPO,2024-01-28,2024-02-02,2024-01-31,10.22,2024-01-28T12:35:36,2025-07-18T16:28:54
SHP00006041,ORD00006041,FedEx,2025-03-07,2025-03-11,2025-03-13,12.59,2025-03-07T20:25:30,2025-05-03T03:59:44
SHP00006042,ORD00006042,USPS,2026-01-08,2026-01-13,2026-01-14,12.85,2026-01-08T12:42:04,2026-02-10T05:04:57
SHP00006043,ORD00006043,FedEx,2026-02-05,2026-02-07,2026-02-08,12.86,2026-02-05T08:06:12,2026-02-19T18:28:29
SHP00006044,ORD00006044,USPS,2024-05-13,2024-05-17,,11.89,2024-05-13T04:02:40,2025-06-06T20:40:02
SHP00006048,ORD00006048,DHL,2024-08-30,2024-09-01,,21.86,2024-08-30T17:29:26,2024-10-02T07:09:50
SHP00006053,ORD00006053,USPS,2025-10-19,2025-10-23,2025-10-23,12.89,2025-10-19T22:33:26,2025-10-22T10:53:40
SHP00006054,ORD00006054,OnTrac,2024-11-30,2024-12-04,2024-12-07,39.49,2024-11-30T09:29:48,2025-12-10T09:54:37
SHP00006059,ORD00006059,FedEx,2025-10-25,2025-10-29,2025-10-29,26.4,2025-10-25T15:34:53,2025-12-10T04:58:37
SHP00006061,ORD00006061,UPS,2026-02-21,2026-02-26,,33.58,2026-02-21T06:39:30,2026-03-01T07:06:11
SHP00006062,ORD00006062,DHL,2024-07-18,2024-07-20,,34.33,2024-07-18T23:50:59,2024-09-27T13:38:57
SHP00006064,ORD00006064,OnTrac,2024-09-07,2024-09-10,2024-09-14,17.07,2024-09-07T10:23:30,2026-03-01T05:25:19
SHP00006065,ORD00006065,XPO,2024-10-19,2024-10-23,2024-10-21,39.17,2024-10-19T11:48:14,2025-04-09T02:42:22
SHP00006069,ORD00006069,XPO,2025-10-02,2025-10-05,2025-10-07,23.31,2025-10-02T12:37:31,2025-11-08T06:48:54
SHP00006072,ORD00006072,UPS,2026-02-20,2026-02-25,,18.26,2026-02-20T16:15:35,2026-02-27T21:19:27
SHP00006073,ORD00006073,FedEx,2025-12-20,2025-12-25,,4.58,2025-12-20T06:33:04,2026-02-11T20:44:43
SHP00006075,ORD00006075,XPO,2024-03-06,2024-03-12,,29.7,2024-03-06T00:35:43,2026-02-13T09:58:42
SHP00006076,ORD00006076,USPS,2024-12-30,2025-01-01,2025-01-02,22.01,2024-12-30T18:55:21,2025-06-28T13:38:36
SHP00006077,ORD00006077,OnTrac,2024-01-22,2024-01-27,2024-01-26,10.28,2024-01-22T00:11:36,2024-08-08T17:25:20
SHP00006078,ORD00006078,DHL,2026-01-02,2026-01-05,2026-01-03,39.92,2026-01-02T04:20:23,2026-01-19T20:00:52
SHP00006080,ORD00006080,OnTrac,2025-02-17,2025-02-21,2025-02-19,24.71,2025-02-17T12:02:52,2026-01-18T04:00:50
SHP00006081,ORD00006081,USPS,2025-10-23,2025-10-25,2025-10-30,37.9,2025-10-23T05:25:24,2026-02-05T22:54:53
SHP00006085,ORD00006085,USPS,2024-05-23,2024-05-27,,20.4,2024-05-23T23:06:50,2025-02-02T09:37:38
SHP00006088,ORD00006088,XPO,2025-03-08,2025-03-13,2025-03-11,38.23,2025-03-08T06:43:43,2025-03-31T07:58:32
SHP00006090,ORD00006090,FedEx,2025-11-18,2025-11-20,2025-11-22,13.66,2025-11-18T21:41:46,2026-02-13T04:58:59
SHP00006091,ORD00006091,OnTrac,2026-02-25,2026-03-02,2026-03-03,34.39,2026-02-25T21:44:09,2026-02-25T03:32:18
SHP00006092,ORD00006092,USPS,2024-12-22,2024-12-28,2024-12-28,7.04,2024-12-22T20:25:59,2025-10-08T07:58:26
SHP00006093,ORD00006093,USPS,2024-02-19,2024-02-21,2024-02-22,14.84,2024-02-19T22:56:11,2026-01-18T06:51:10
SHP00006095,ORD00006095,DHL,2024-01-21,2024-01-26,,32.12,2024-01-21T04:16:59,2025-08-26T14:48:56
SHP00006099,ORD00006099,OnTrac,2024-04-18,2024-04-23,2024-04-19,9.72,2024-04-18T21:29:16,2026-02-20T13:54:40
SHP00006102,ORD00006102,FedEx,2024-11-02,2024-11-04,,30.02,2024-11-02T14:02:35,2026-01-03T13:37:15
SHP00006103,ORD00006103,FedEx,2025-08-19,2025-08-25,2025-08-25,23.35,2025-08-19T23:14:19,2025-10-09T18:53:44
SHP00006105,ORD00006105,USPS,2025-11-15,2025-11-17,2025-11-16,16.08,2025-11-15T01:19:47,2025-12-27T08:51:26
SHP00006106,ORD00006106,USPS,2024-04-24,2024-04-29,2024-04-29,28.54,2024-04-24T20:40:00,2025-12-13T11:27:19
SHP00006107,ORD00006107,USPS,2026-01-10,2026-01-16,2026-01-13,16.44,2026-01-10T10:17:56,2026-01-27T04:01:12
SHP00006108,ORD00006108,XPO,2024-10-28,2024-11-02,2024-10-30,8.75,2024-10-28T16:54:31,2024-12-29T22:01:36
SHP00006109,ORD00006109,USPS,2024-01-16,2024-01-21,,5.35,2024-01-16T09:57:17,2025-12-11T22:15:13
SHP00006110,ORD00006110,DHL,2025-12-15,2025-12-18,,11.54,2025-12-15T04:00:01,2026-02-23T19:57:40
SHP00006111,ORD00006111,XPO,2025-05-24,2025-05-28,2025-05-31,30.81,2025-05-24T16:48:33,2025-09-28T07:39:37
SHP00006112,ORD00006112,FedEx,2024-09-03,2024-09-06,,26.21,2024-09-03T08:30:36,2024-11-23T06:35:52
SHP00006113,ORD00006113,DHL,2024-04-23,2024-04-27,2024-04-29,34.76,2024-04-23T16:24:48,2025-06-28T20:35:28
SHP00006115,ORD00006115,DHL,2025-01-01,2025-01-06,2025-01-06,17.54,2025-01-01T23:25:18,2025-09-02T09:10:13
SHP00006116,ORD00006116,FedEx,2024-12-20,2024-12-22,2024-12-27,36.9,2024-12-20T10:28:19,2025-04-26T13:50:24
SHP00006117,ORD00006117,FedEx,2025-08-12,2025-08-14,2025-08-18,8.85,2025-08-12T07:36:11,2025-12-18T21:02:01
SHP00006120,ORD00006120,OnTrac,2025-12-07,2025-12-11,2025-12-14,24.53,2025-12-07T05:41:28,2025-12-23T08:27:23
SHP00006121,ORD00006121,FedEx,2025-09-23,2025-09-29,2025-09-28,12.23,2025-09-23T18:11:10,2025-12-24T20:21:28
SHP00006122,ORD00006122,USPS,2026-02-09,2026-02-11,2026-02-11,22.96,2026-02-09T12:49:56,2026-02-20T15:10:00
SHP00006123,ORD00006123,FedEx,2026-01-16,2026-01-20,2026-01-18,16.68,2026-01-16T01:34:38,2026-01-22T17:41:07
SHP00006124,ORD00006124,XPO,2025-04-09,2025-04-12,2025-04-10,39.04,2025-04-09T13:39:08,2025-07-22T10:36:53
SHP00006126,ORD00006126,UPS,2024-03-27,2024-03-29,,11.32,2024-03-27T18:57:05,2024-07-16T11:46:23
SHP00006128,ORD00006128,XPO,2025-10-05,2025-10-09,,37.48,2025-10-05T07:36:35,2026-01-04T19:57:48
SHP00006129,ORD00006129,OnTrac,2025-06-01,2025-06-06,,19.27,2025-06-01T18:21:00,2025-09-25T03:05:38
SHP00006130,ORD00006130,UPS,2025-07-10,2025-07-12,,22.11,2025-07-10T06:20:14,2025-12-18T19:36:25
SHP00006131,ORD00006131,XPO,2024-09-23,2024-09-26,2024-09-26,26.49,2024-09-23T20:49:32,2025-11-05T10:51:04
SHP00006137,ORD00006137,USPS,2026-02-20,2026-02-23,2026-02-23,25.52,2026-02-20T08:33:36,2026-02-23T06:34:32
SHP00006140,ORD00006140,USPS,2025-06-25,2025-06-27,2025-07-01,22.99,2025-06-25T12:56:22,2025-07-01T06:16:03
SHP00006141,ORD00006141,XPO,2025-12-04,2025-12-08,2025-12-09,9.86,2025-12-04T03:29:17,2026-01-17T19:08:41
SHP00006142,ORD00006142,USPS,2024-07-14,2024-07-18,,27.65,2024-07-14T14:27:49,2024-09-29T11:00:31
SHP00006143,ORD00006143,XPO,2025-03-22,2025-03-24,2025-03-26,22.31,2025-03-22T19:51:28,2025-06-23T07:14:23
SHP00006144,ORD00006144,OnTrac,2025-09-20,2025-09-22,,32.4,2025-09-20T09:14:09,2026-01-14T09:15:25
SHP00006147,ORD00006147,FedEx,2025-06-06,2025-06-11,,35.92,2025-06-06T11:35:53,2025-11-26T23:14:19
SHP00006149,ORD00006149,OnTrac,2024-07-12,2024-07-14,2024-07-15,37.62,2024-07-12T08:20:03,2024-09-11T07:16:24
SHP00006152,ORD00006152,XPO,2025-05-01,2025-05-03,,39.37,2025-05-01T00:56:47,2025-11-06T03:38:35
SHP00006155,ORD00006155,FedEx,2025-07-09,2025-07-13,,39.43,2025-07-09T16:25:49,2025-10-03T01:47:47
SHP00006159,ORD00006159,FedEx,2025-07-05,2025-07-10,2025-07-12,33.77,2025-07-05T07:54:17,2026-01-03T08:45:36
SHP00006162,ORD00006162,OnTrac,2025-01-24,2025-01-28,,27.14,2025-01-24T12:20:14,2026-02-26T10:30:32
SHP00006164,ORD00006164,XPO,2025-07-12,2025-07-17,2025-07-14,22.32,2025-07-12T06:32:27,2026-01-08T19:07:52
SHP00006165,ORD00006165,FedEx,2025-04-10,2025-04-16,,14.66,2025-04-10T02:20:31,2025-11-22T17:32:55
SHP00006169,ORD00006169,DHL,2025-04-29,2025-05-03,2025-05-05,38.13,2025-04-29T23:57:03,2025-10-09T07:52:41
SHP00006173,ORD00006173,XPO,2024-01-29,2024-02-02,,25.43,2024-01-29T13:56:11,2026-02-10T04:57:25
SHP00006178,ORD00006178,FedEx,2025-05-16,2025-05-21,,36.81,2025-05-16T21:12:16,2025-11-16T12:41:19
SHP00006179,ORD00006179,XPO,2025-01-01,2025-01-03,2025-01-07,23.06,2025-01-01T17:17:56,2025-01-16T01:07:06
SHP00006180,ORD00006180,FedEx,2025-11-13,2025-11-19,2025-11-16,15.54,2025-11-13T10:02:03,2025-12-10T21:04:45
SHP00006182,ORD00006182,DHL,2024-05-16,2024-05-18,,10.42,2024-05-16T11:20:13,2025-02-28T05:37:11
SHP00006183,ORD00006183,OnTrac,2024-04-25,2024-04-27,,21.45,2024-04-25T07:17:40,2025-02-05T01:26:53
SHP00006186,ORD00006186,OnTrac,2026-02-17,2026-02-21,2026-02-23,35.73,2026-02-17T20:39:29,2026-02-18T22:49:51
SHP00006187,ORD00006187,OnTrac,2025-03-24,2025-03-27,,6.27,2025-03-24T17:32:13,2025-10-10T22:09:45
SHP00006188,ORD00006188,XPO,2024-08-29,2024-09-03,,37.17,2024-08-29T15:35:11,2025-07-10T07:57:28
SHP00006189,ORD00006189,USPS,2026-01-05,2026-01-09,2026-01-06,34.43,2026-01-05T23:39:09,2026-02-03T12:46:30
SHP00006190,ORD00006190,DHL,2024-10-30,2024-11-03,,32.56,2024-10-30T07:56:54,2025-04-22T17:20:41
SHP00006193,ORD00006193,DHL,2025-07-14,2025-07-17,2025-07-18,37.67,2025-07-14T09:07:42,2026-01-04T21:11:59
SHP00006196,ORD00006196,UPS,2024-03-08,2024-03-13,,12.78,2024-03-08T08:46:30,2024-03-23T04:14:01
SHP00006198,ORD00006198,FedEx,2024-08-26,2024-08-30,2024-08-31,26.45,2024-08-26T05:28:32,2025-02-23T15:02:36
SHP00006199,ORD00006199,USPS,2024-02-18,2024-02-23,,37.56,2024-02-18T09:12:34,2025-09-01T01:59:24
SHP00006201,ORD00006201,XPO,2025-07-30,2025-08-04,,16.54,2025-07-30T03:40:44,2025-09-07T16:48:30
SHP00006203,ORD00006203,DHL,2025-02-03,2025-02-06,,30.58,2025-02-03T04:53:56,2026-01-22T06:21:36
SHP00006205,ORD00006205,FedEx,2025-01-02,2025-01-05,,12.73,2025-01-02T00:15:36,2025-07-27T03:31:24
SHP00006206,ORD00006206,OnTrac,2025-04-13,2025-04-17,,37.1,2025-04-13T16:22:43,2025-08-10T04:30:30
SHP00006207,ORD00006207,USPS,2025-04-07,2025-04-09,2025-04-11,8.41,2025-04-07T07:19:44,2025-09-11T15:23:49
SHP00006208,ORD00006208,USPS,2025-08-23,2025-08-29,2025-08-28,30.7,2025-08-23T12:25:36,2025-10-08T18:19:20
SHP00006216,ORD00006216,DHL,2025-10-22,2025-10-27,2025-10-27,11.53,2025-10-22T19:39:16,2026-02-02T22:50:29
SHP00006217,ORD00006217,FedEx,2024-01-07,2024-01-11,,28.01,2024-01-07T05:06:56,2025-06-15T04:05:37
SHP00006219,ORD00006219,DHL,2025-04-30,2025-05-06,2025-05-05,4.24,2025-04-30T12:17:49,2025-08-18T17:57:52
SHP00006220,ORD00006220,OnTrac,2024-05-24,2024-05-29,2024-05-31,4.43,2024-05-24T10:28:41,2024-08-19T08:19:58
SHP00006221,ORD00006221,FedEx,2024-06-22,2024-06-27,,12.52,2024-06-22T14:35:18,2025-12-02T03:48:30
SHP00006226,ORD00006226,USPS,2024-02-16,2024-02-19,,33.31,2024-02-16T04:02:20,2024-03-22T21:06:23
SHP00006227,ORD00006227,UPS,2024-06-25,2024-06-28,,23.24,2024-06-25T05:17:36,2025-08-16T11:20:45
SHP00006228,ORD00006228,XPO,2025-07-04,2025-07-09,2025-07-05,28.6,2025-07-04T11:04:28,2026-01-15T23:05:02
SHP00006229,ORD00006229,DHL,2024-11-12,2024-11-15,,25.33,2024-11-12T08:16:48,2025-08-03T03:13:10
SHP00006231,ORD00006231,FedEx,2025-07-19,2025-07-22,2025-07-22,28.7,2025-07-19T17:57:12,2025-12-05T10:10:46
SHP00006232,ORD00006232,XPO,2025-02-07,2025-02-11,,5.91,2025-02-07T00:37:30,2025-12-19T06:28:19
SHP00006235,ORD00006235,USPS,2025-06-07,2025-06-10,2025-06-13,9.96,2025-06-07T22:36:14,2025-07-01T18:08:41
SHP00006237,ORD00006237,DHL,2025-02-01,2025-02-05,,13.19,2025-02-01T10:51:46,2025-10-04T13:54:58
SHP00006238,ORD00006238,FedEx,2025-09-18,2025-09-22,,15.52,2025-09-18T12:56:55,2025-12-05T21:29:28
SHP00006239,ORD00006239,FedEx,2025-12-11,2025-12-15,2025-12-12,34.59,2025-12-11T03:42:19,2026-02-19T07:45:20
SHP00006240,ORD00006240,FedEx,2024-08-19,2024-08-22,,29.98,2024-08-19T22:21:20,2024-09-13T19:32:20
SHP00006241,ORD00006241,UPS,2024-09-02,2024-09-08,2024-09-05,36.94,2024-09-02T10:35:54,2024-12-08T02:25:27
SHP00006243,ORD00006243,USPS,2024-08-25,2024-08-27,,10.07,2024-08-25T09:59:05,2024-11-04T14:31:39
SHP00006244,ORD00006244,DHL,2025-06-09,2025-06-13,2025-06-14,32.25,2025-06-09T23:40:46,2026-02-04T21:13:57
SHP00006246,ORD00006246,FedEx,2024-09-23,2024-09-25,2024-09-30,27.37,2024-09-23T04:57:20,2025-01-27T09:22:57
SHP00006248,ORD00006248,DHL,2024-12-01,2024-12-06,2024-12-04,14.82,2024-12-01T20:17:23,2026-02-19T18:35:33
SHP00006249,ORD00006249,XPO,2025-07-04,2025-07-09,2025-07-09,12.22,2025-07-04T11:52:40,2025-09-30T09:30:20
SHP00006251,ORD00006251,DHL,2025-07-20,2025-07-26,2025-07-26,6.46,2025-07-20T11:44:00,2025-12-12T11:09:34
SHP00006254,ORD00006254,USPS,2025-02-21,2025-02-24,2025-02-26,4.41,2025-02-21T10:14:03,2025-11-23T14:01:22
SHP00006255,ORD00006255,USPS,2024-07-15,2024-07-17,,34.71,2024-07-15T07:38:31,2024-10-18T14:59:52
SHP00006256,ORD00006256,FedEx,2025-04-07,2025-04-10,,12.09,2025-04-07T12:40:24,2025-12-06T01:22:01
SHP00006257,ORD00006257,UPS,2026-01-26,2026-02-01,2026-02-01,7.36,2026-01-26T08:50:28,2026-02-02T00:04:16
SHP00006259,ORD00006259,OnTrac,2024-07-10,2024-07-13,,25.84,2024-07-10T02:25:25,2025-06-10T08:26:43
SHP00006260,ORD00006260,XPO,2025-02-05,2025-02-10,2025-02-12,35.51,2025-02-05T04:29:07,2025-08-24T03:55:39
SHP00006261,ORD00006261,USPS,2025-06-08,2025-06-13,,36.42,2025-06-08T17:02:42,2025-08-11T15:16:30
SHP00006265,ORD00006265,XPO,2024-12-08,2024-12-13,,17.07,2024-12-08T09:43:41,2025-09-29T08:50:53
SHP00006266,ORD00006266,DHL,2025-11-14,2025-11-18,,16.49,2025-11-14T12:34:39,2025-12-10T01:02:21
SHP00006267,ORD00006267,OnTrac,2024-06-16,2024-06-19,2024-06-18,5.01,2024-06-16T02:19:46,2025-01-16T09:39:10
SHP00006269,ORD00006269,USPS,2024-01-29,2024-02-02,2024-01-30,34.95,2024-01-29T21:07:51,2024-05-23T23:44:26
SHP00006270,ORD00006270,OnTrac,2024-06-05,2024-06-11,2024-06-12,32.46,2024-06-05T09:47:43,2024-10-09T09:45:41
SHP00006272,ORD00006272,USPS,2025-07-07,2025-07-13,2025-07-08,13.87,2025-07-07T07:22:12,2026-01-13T22:44:36
SHP00006273,ORD00006273,XPO,2025-03-19,2025-03-24,2025-03-22,38.13,2025-03-19T15:01:32,2025-04-26T01:49:21
SHP00006276,ORD00006276,FedEx,2025-11-18,2025-11-24,2025-11-20,30.08,2025-11-18T03:51:41,2025-12-09T01:31:54
SHP00006278,ORD00006278,OnTrac,2024-05-29,2024-06-04,2024-06-02,7.08,2024-05-29T20:23:59,2025-11-28T00:24:18
SHP00006279,ORD00006279,FedEx,2025-12-28,2026-01-03,2026-01-02,36.99,2025-12-28T02:20:04,2026-02-03T13:05:13
SHP00006281,ORD00006281,OnTrac,2025-08-17,2025-08-20,2025-08-23,18.13,2025-08-17T02:04:43,2026-01-01T03:54:15
SHP00006282,ORD00006282,FedEx,2024-05-16,2024-05-20,2024-05-21,30.08,2024-05-16T05:03:09,2026-02-16T06:30:18
SHP00006284,ORD00006284,FedEx,2025-08-12,2025-08-16,2025-08-13,31.76,2025-08-12T15:48:31,2026-02-12T03:54:08
SHP00006286,ORD00006286,OnTrac,2025-05-12,2025-05-18,,36.15,2025-05-12T21:58:49,2025-06-22T16:52:11
SHP00006287,ORD00006287,XPO,2024-03-19,2024-03-25,2024-03-26,28.99,2024-03-19T17:07:43,2025-11-09T09:48:04
SHP00006288,ORD00006288,DHL,2025-09-11,2025-09-13,,10.7,2025-09-11T03:59:23,2025-09-13T03:22:31
SHP00006290,ORD00006290,USPS,2024-07-01,2024-07-04,,27.87,2024-07-01T22:19:39,2024-12-30T02:52:32
SHP00006292,ORD00006292,UPS,2025-07-31,2025-08-03,2025-08-03,8.78,2025-07-31T13:37:59,2025-11-15T00:22:13
SHP00006294,ORD00006294,OnTrac,2024-07-30,2024-08-03,2024-08-02,31.16,2024-07-30T03:13:26,2025-05-17T22:13:36
SHP00006295,ORD00006295,OnTrac,2024-07-26,2024-08-01,2024-07-27,34.36,2024-07-26T23:57:03,2024-08-05T01:23:06
SHP00006299,ORD00006299,OnTrac,2024-03-22,2024-03-27,2024-03-25,7.5,2024-03-22T03:17:45,2025-07-10T01:31:37
SHP00006300,ORD00006300,UPS,2024-11-22,2024-11-27,,35.1,2024-11-22T22:22:26,2025-09-23T09:41:17
SHP00006302,ORD00006302,OnTrac,2024-01-21,2024-01-26,2024-01-22,33.7,2024-01-21T09:15:18,2024-07-19T20:47:24
SHP00006303,ORD00006303,OnTrac,2024-11-23,2024-11-26,2024-11-26,12.15,2024-11-23T02:36:58,2025-11-18T21:58:20
SHP00006306,ORD00006306,USPS,2024-04-11,2024-04-15,2024-04-14,22.8,2024-04-11T17:59:58,2025-08-22T17:58:24
SHP00006307,ORD00006307,UPS,2025-11-06,2025-11-12,2025-11-09,27.94,2025-11-06T06:14:56,2026-01-01T06:46:00
SHP00006308,ORD00006308,OnTrac,2024-05-27,2024-05-29,,10.95,2024-05-27T19:15:16,2024-10-11T14:37:12
SHP00006309,ORD00006309,UPS,2024-06-28,2024-07-02,,29.12,2024-06-28T10:00:14,2025-04-14T10:28:48
SHP00006312,ORD00006312,OnTrac,2024-06-19,2024-06-21,,23.48,2024-06-19T23:32:44,2025-12-13T00:46:08
SHP00006313,ORD00006313,FedEx,2026-01-16,2026-01-19,2026-01-23,32.58,2026-01-16T15:55:59,2026-02-24T12:16:05
SHP00006315,ORD00006315,XPO,2026-02-12,2026-02-16,,16.03,2026-02-12T21:27:26,2026-02-20T04:20:03
SHP00006316,ORD00006316,FedEx,2026-01-16,2026-01-22,2026-01-19,25.87,2026-01-16T02:47:02,2026-02-14T06:19:45
SHP00006319,ORD00006319,DHL,2024-08-26,2024-08-28,2024-08-30,27.51,2024-08-26T17:12:03,2025-10-04T23:45:24
SHP00006321,ORD00006321,USPS,2026-01-17,2026-01-22,,16.63,2026-01-17T01:46:16,2026-02-28T15:31:29
SHP00006323,ORD00006323,FedEx,2024-03-09,2024-03-14,2024-03-10,8.81,2024-03-09T03:25:27,2026-02-08T13:50:39
SHP00006324,ORD00006324,FedEx,2025-04-11,2025-04-14,2025-04-13,11.98,2025-04-11T18:14:48,2026-02-12T06:32:26
SHP00006325,ORD00006325,UPS,2024-02-03,2024-02-08,,35.78,2024-02-03T02:36:48,2025-05-05T02:17:51
SHP00006326,ORD00006326,OnTrac,2026-01-03,2026-01-09,2026-01-08,10.67,2026-01-03T00:22:06,2026-01-14T16:36:18
SHP00006328,ORD00006328,DHL,2026-01-23,2026-01-25,2026-01-26,24.7,2026-01-23T16:49:03,2026-02-28T03:14:13
SHP00006329,ORD00006329,FedEx,2025-06-20,2025-06-23,,24.62,2025-06-20T08:00:20,2026-01-30T01:05:47
SHP00006330,ORD00006330,XPO,2025-10-04,2025-10-06,2025-10-06,38.92,2025-10-04T20:14:54,2026-01-19T13:16:20
SHP00006334,ORD00006334,OnTrac,2025-03-30,2025-04-03,2025-04-01,38.54,2025-03-30T00:07:18,2025-07-17T20:12:30
SHP00006340,ORD00006340,USPS,2025-06-10,2025-06-14,,16.46,2025-06-10T09:34:55,2025-08-29T08:46:48
SHP00006341,ORD00006341,FedEx,2024-05-21,2024-05-27,2024-05-26,34.55,2024-05-21T04:35:59,2025-11-17T15:08:40
SHP00006343,ORD00006343,DHL,2026-01-04,2026-01-09,2026-01-11,10.51,2026-01-04T20:19:58,2026-01-23T20:27:28
SHP00006344,ORD00006344,XPO,2025-12-30,2026-01-05,2025-12-31,31.05,2025-12-30T14:40:47,2026-01-03T06:41:34
SHP00006346,ORD00006346,OnTrac,2024-12-16,2024-12-18,2024-12-17,31.77,2024-12-16T10:51:40,2025-11-06T07:07:25
SHP00006347,ORD00006347,USPS,2024-01-08,2024-01-13,2024-01-10,20.37,2024-01-08T08:07:27,2025-05-01T19:35:55
SHP00006348,ORD00006348,USPS,2026-02-19,2026-02-21,2026-02-26,20.08,2026-02-19T12:50:05,2026-02-23T11:04:11
SHP00006351,ORD00006351,UPS,2025-02-02,2025-02-04,2025-02-09,19.84,2025-02-02T10:32:01,2025-04-21T05:08:51
SHP00006354,ORD00006354,DHL,2025-06-28,2025-07-04,,37.81,2025-06-28T08:17:53,2026-02-12T00:53:24
SHP00006356,ORD00006356,FedEx,2024-04-24,2024-04-29,,18.17,2024-04-24T05:46:03,2025-02-08T18:56:36
SHP00006358,ORD00006358,DHL,2024-02-04,2024-02-06,2024-02-07,7.18,2024-02-04T07:01:10,2025-07-20T17:10:17
SHP00006361,ORD00006361,UPS,2025-03-13,2025-03-17,,21.5,2025-03-13T07:50:29,2026-02-23T11:27:59
SHP00006364,ORD00006364,FedEx,2025-03-24,2025-03-30,2025-03-27,25.34,2025-03-24T04:39:12,2025-06-20T09:07:33
SHP00006366,ORD00006366,USPS,2025-07-28,2025-08-01,2025-07-29,25.97,2025-07-28T18:02:48,2025-11-23T07:37:43
SHP00006368,ORD00006368,UPS,2024-12-27,2024-12-31,,35.51,2024-12-27T12:11:50,2025-08-27T12:08:16
SHP00006371,ORD00006371,FedEx,2024-04-23,2024-04-26,2024-04-29,24.77,2024-04-23T04:29:01,2025-08-26T12:21:27
SHP00006373,ORD00006373,OnTrac,2024-05-28,2024-06-03,,24.98,2024-05-28T02:07:17,2025-06-15T16:45:22
SHP00006375,ORD00006375,XPO,2024-01-28,2024-02-03,2024-01-29,20.57,2024-01-28T12:36:49,2026-02-04T00:08:37
SHP00006377,ORD00006377,DHL,2025-03-23,2025-03-29,2025-03-25,6.43,2025-03-23T02:22:53,2025-07-31T14:28:05
SHP00006379,ORD00006379,OnTrac,2025-12-14,2025-12-17,2025-12-17,8.58,2025-12-14T09:00:59,2026-02-08T01:23:24
SHP00006380,ORD00006380,USPS,2025-04-02,2025-04-04,2025-04-06,14.98,2025-04-02T21:16:20,2025-07-24T02:57:40
SHP00006381,ORD00006381,FedEx,2024-08-04,2024-08-09,2024-08-07,27.07,2024-08-04T21:25:22,2025-05-14T20:26:21
SHP00006383,ORD00006383,XPO,2024-11-04,2024-11-07,,19.8,2024-11-04T19:44:00,2026-02-17T13:09:09
SHP00006384,ORD00006384,DHL,2026-02-03,2026-02-06,2026-02-04,20.01,2026-02-03T15:04:06,2026-03-01T18:02:38
SHP00006385,ORD00006385,DHL,2025-09-13,2025-09-18,2025-09-14,30.84,2025-09-13T17:51:23,2025-11-15T11:04:00
SHP00006386,ORD00006386,XPO,2024-03-05,2024-03-11,,21.39,2024-03-05T16:40:08,2024-07-17T18:14:18
SHP00006387,ORD00006387,OnTrac,2025-09-23,2025-09-26,2025-09-24,15.61,2025-09-23T22:06:56,2026-01-17T12:34:10
SHP00006393,ORD00006393,UPS,2024-08-19,2024-08-23,2024-08-23,8.36,2024-08-19T01:00:10,2024-12-04T08:14:39
SHP00006395,ORD00006395,USPS,2025-05-01,2025-05-07,,7.04,2025-05-01T08:32:31,2026-02-26T10:55:53
SHP00006396,ORD00006396,XPO,2025-03-26,2025-04-01,2025-04-01,25.98,2025-03-26T03:40:45,2025-07-22T01:08:48
SHP00006398,ORD00006398,FedEx,2024-06-21,2024-06-27,,34.41,2024-06-21T13:31:53,2024-12-26T12:42:20
SHP00006400,ORD00006400,DHL,2024-05-05,2024-05-08,2024-05-06,20.14,2024-05-05T17:06:10,2025-06-14T16:20:32
SHP00006401,ORD00006401,UPS,2024-01-07,2024-01-11,2024-01-14,34.52,2024-01-07T16:58:04,2024-07-27T10:37:53
SHP00006402,ORD00006402,DHL,2024-03-12,2024-03-16,,14.6,2024-03-12T15:41:06,2024-10-02T12:54:42
SHP00006406,ORD00006406,UPS,2024-03-07,2024-03-10,,22.87,2024-03-07T22:16:53,2024-10-04T11:21:16
SHP00006407,ORD00006407,DHL,2025-08-04,2025-08-08,2025-08-09,17.72,2025-08-04T12:28:24,2025-09-06T01:02:20
SHP00006408,ORD00006408,OnTrac,2025-01-07,2025-01-11,,39.47,2025-01-07T15:41:20,2025-07-27T14:54:16
SHP00006411,ORD00006411,XPO,2026-01-17,2026-01-22,2026-01-21,22.6,2026-01-17T21:33:51,2026-02-25T19:38:22
SHP00006412,ORD00006412,DHL,2025-11-20,2025-11-22,,10.74,2025-11-20T04:02:45,2025-12-18T09:58:30
SHP00006413,ORD00006413,XPO,2025-07-17,2025-07-19,2025-07-19,37.93,2025-07-17T11:03:52,2025-08-14T18:48:11
SHP00006414,ORD00006414,XPO,2026-02-05,2026-02-09,2026-02-11,38.04,2026-02-05T03:07:20,2026-02-21T01:38:58
SHP00006415,ORD00006415,XPO,2024-11-16,2024-11-18,2024-11-23,13.02,2024-11-16T02:35:22,2025-01-03T20:56:21
SHP00006418,ORD00006418,FedEx,2026-01-13,2026-01-17,2026-01-17,29.61,2026-01-13T18:09:55,2026-01-13T16:33:48
SHP00006419,ORD00006419,FedEx,2025-04-13,2025-04-16,,24.81,2025-04-13T08:50:07,2025-04-16T06:36:32
SHP00006420,ORD00006420,USPS,2025-10-16,2025-10-19,2025-10-23,10.88,2025-10-16T14:06:31,2026-01-29T04:39:55
SHP00006421,ORD00006421,USPS,2025-04-19,2025-04-22,2025-04-20,30.26,2025-04-19T11:14:14,2026-02-19T04:38:42
SHP00006423,ORD00006423,DHL,2025-09-11,2025-09-17,2025-09-15,4.13,2025-09-11T21:49:57,2025-09-17T05:43:52
SHP00006426,ORD00006426,XPO,2025-12-11,2025-12-15,2025-12-15,26.09,2025-12-11T02:51:01,2026-02-11T06:39:05
SHP00006428,ORD00006428,FedEx,2025-05-31,2025-06-05,2025-06-05,39.43,2025-05-31T22:34:52,2025-10-01T15:31:23
SHP00006429,ORD00006429,FedEx,2024-08-08,2024-08-14,2024-08-12,4.34,2024-08-08T22:26:57,2025-03-05T05:48:06
SHP00006430,ORD00006430,USPS,2025-04-24,2025-04-26,2025-04-27,28.46,2025-04-24T20:21:20,2025-10-16T06:06:25
SHP00006431,ORD00006431,OnTrac,2025-03-07,2025-03-11,2025-03-09,4.28,2025-03-07T09:26:40,2025-10-24T01:49:29
SHP00006432,ORD00006432,UPS,2024-09-29,2024-10-05,2024-10-06,26.21,2024-09-29T20:45:11,2025-10-25T03:43:12
SHP00006433,ORD00006433,OnTrac,2026-01-27,2026-02-01,,38.82,2026-01-27T04:38:42,2026-02-13T11:43:09
SHP00006434,ORD00006434,UPS,2025-06-15,2025-06-17,2025-06-18,18.14,2025-06-15T17:36:49,2025-06-20T12:02:48
SHP00006435,ORD00006435,FedEx,2024-11-21,2024-11-25,2024-11-23,28.26,2024-11-21T08:25:28,2025-12-02T00:25:46
SHP00006436,ORD00006436,OnTrac,2025-04-02,2025-04-04,,6.8,2025-04-02T02:54:32,2025-04-08T09:42:59
SHP00006438,ORD00006438,OnTrac,2024-12-16,2024-12-18,2024-12-20,25.63,2024-12-16T17:46:16,2024-12-22T15:09:18
SHP00006439,ORD00006439,XPO,2024-08-13,2024-08-19,,38.98,2024-08-13T07:47:26,2025-09-14T11:17:09
SHP00006440,ORD00006440,OnTrac,2025-11-09,2025-11-11,,31.29,2025-11-09T07:04:50,2025-12-16T04:17:16
SHP00006444,ORD00006444,DHL,2025-12-17,2025-12-22,2025-12-18,38.84,2025-12-17T02:49:08,2026-02-02T10:13:36
SHP00006445,ORD00006445,DHL,2026-03-04,2026-03-10,2026-03-08,21.07,2026-03-04T03:09:08,2026-03-05T00:01:50
SHP00006448,ORD00006448,OnTrac,2024-07-02,2024-07-07,2024-07-04,12.1,2024-07-02T13:14:57,2025-04-06T11:43:13
SHP00006450,ORD00006450,UPS,2024-09-02,2024-09-06,,22.87,2024-09-02T21:47:24,2025-04-17T09:03:30
SHP00006451,ORD00006451,FedEx,2024-02-03,2024-02-07,2024-02-10,37.72,2024-02-03T10:22:59,2026-03-01T12:26:27
SHP00006455,ORD00006455,DHL,2026-01-12,2026-01-18,2026-01-15,30.37,2026-01-12T16:08:45,2026-01-21T04:49:01
SHP00006457,ORD00006457,USPS,2025-01-22,2025-01-26,2025-01-29,12.02,2025-01-22T09:40:50,2025-09-12T19:45:15
SHP00006461,ORD00006461,OnTrac,2026-02-27,2026-03-03,2026-03-01,16.86,2026-02-27T09:08:24,2026-02-28T22:42:56
SHP00006463,ORD00006463,FedEx,2025-11-14,2025-11-17,2025-11-15,11.58,2025-11-14T22:45:29,2025-11-25T15:31:32
SHP00006466,ORD00006466,UPS,2025-12-16,2025-12-18,2025-12-17,21.54,2025-12-16T03:42:42,2026-02-25T00:49:27
SHP00006468,ORD00006468,XPO,2026-01-12,2026-01-17,2026-01-14,20.17,2026-01-12T19:56:15,2026-01-16T02:40:09
SHP00006469,ORD00006469,FedEx,2026-02-13,2026-02-18,,39.7,2026-02-13T17:07:07,2026-02-21T18:55:27
SHP00006471,ORD00006471,FedEx,2024-02-04,2024-02-07,,28.96,2024-02-04T14:07:54,2025-01-11T21:02:19
SHP00006472,ORD00006472,UPS,2025-06-28,2025-06-30,2025-07-02,5.7,2025-06-28T03:26:52,2025-08-14T04:00:48
SHP00006473,ORD00006473,XPO,2025-03-14,2025-03-16,2025-03-21,22.15,2025-03-14T11:05:23,2025-10-10T06:16:01
SHP00006478,ORD00006478,DHL,2024-10-30,2024-11-04,2024-11-06,33.44,2024-10-30T06:16:09,2026-02-03T05:28:10
SHP00006479,ORD00006479,USPS,2025-12-22,2025-12-28,,32.1,2025-12-22T01:08:30,2026-01-25T22:36:16
SHP00006480,ORD00006480,USPS,2026-01-08,2026-01-14,,34.67,2026-01-08T09:12:26,2026-02-04T01:09:23
SHP00006481,ORD00006481,OnTrac,2024-05-18,2024-05-23,2024-05-23,17.84,2024-05-18T09:59:02,2025-09-11T17:27:15
SHP00006482,ORD00006482,FedEx,2025-05-22,2025-05-24,2025-05-23,34.44,2025-05-22T23:30:17,2025-11-21T08:43:46
SHP00006486,ORD00006486,UPS,2025-04-25,2025-04-27,2025-04-26,10.18,2025-04-25T19:48:19,2025-11-08T08:16:47
SHP00006489,ORD00006489,OnTrac,2024-11-18,2024-11-22,,8.49,2024-11-18T12:37:10,2025-09-18T07:15:59
SHP00006492,ORD00006492,XPO,2026-01-23,2026-01-26,,6.9,2026-01-23T10:02:16,2026-02-14T02:55:18
SHP00006493,ORD00006493,UPS,2024-05-26,2024-05-31,2024-05-27,13.27,2024-05-26T06:05:42,2025-03-16T08:05:55
SHP00006494,ORD00006494,UPS,2024-01-14,2024-01-19,2024-01-17,14.67,2024-01-14T13:24:18,2024-04-01T10:07:11
SHP00006496,ORD00006496,XPO,2026-01-23,2026-01-25,2026-01-27,22.88,2026-01-23T17:36:50,2026-02-13T13:04:27
SHP00006497,ORD00006497,DHL,2025-12-21,2025-12-23,,4.52,2025-12-21T03:29:57,2026-02-28T02:24:11
SHP00006501,ORD00006501,XPO,2026-01-28,2026-02-01,,35.58,2026-01-28T18:20:52,2026-02-06T03:34:20
SHP00006502,ORD00006502,UPS,2024-11-25,2024-11-27,2024-11-30,27.32,2024-11-25T04:01:01,2026-01-16T11:36:43
SHP00006505,ORD00006505,XPO,2024-09-09,2024-09-13,2024-09-16,15.99,2024-09-09T16:49:11,2025-11-07T22:37:58
SHP00006506,ORD00006506,FedEx,2024-03-08,2024-03-12,2024-03-10,25.0,2024-03-08T04:49:22,2025-04-11T12:48:10
SHP00006508,ORD00006508,XPO,2024-06-12,2024-06-15,2024-06-17,15.62,2024-06-12T21:21:46,2025-06-25T12:22:26
SHP00006510,ORD00006510,FedEx,2024-01-25,2024-01-27,2024-01-27,31.7,2024-01-25T01:27:28,2025-12-11T09:04:10
SHP00006512,ORD00006512,UPS,2025-08-29,2025-09-01,,14.4,2025-08-29T16:19:33,2025-12-05T02:45:14
SHP00006513,ORD00006513,FedEx,2026-02-09,2026-02-15,2026-02-15,22.03,2026-02-09T18:25:48,2026-02-10T18:17:53
SHP00006514,ORD00006514,UPS,2026-02-24,2026-03-01,2026-02-27,28.04,2026-02-24T17:35:06,2026-02-27T15:10:58
SHP00006515,ORD00006515,USPS,2025-08-22,2025-08-24,,13.28,2025-08-22T16:05:46,2025-11-01T10:01:05
SHP00006516,ORD00006516,OnTrac,2025-07-17,2025-07-19,,27.37,2025-07-17T23:43:32,2026-02-11T08:52:16
SHP00006518,ORD00006518,XPO,2025-09-29,2025-10-03,,37.27,2025-09-29T12:28:59,2025-10-11T22:23:00
SHP00006522,ORD00006522,OnTrac,2024-08-09,2024-08-13,2024-08-13,5.52,2024-08-09T05:28:55,2025-12-28T00:16:13
SHP00006523,ORD00006523,FedEx,2025-06-13,2025-06-15,,34.46,2025-06-13T03:45:01,2025-08-07T03:55:07
SHP00006524,ORD00006524,FedEx,2026-01-27,2026-01-29,2026-01-30,36.83,2026-01-27T00:00:17,2026-02-21T13:44:26
SHP00006525,ORD00006525,USPS,2025-07-16,2025-07-18,2025-07-22,9.87,2025-07-16T18:07:16,2025-12-20T15:20:08
SHP00006527,ORD00006527,FedEx,2026-01-29,2026-02-02,2026-02-03,22.46,2026-01-29T21:52:35,2026-02-24T09:46:58
SHP00006529,ORD00006529,XPO,2024-10-30,2024-11-05,2024-10-31,24.31,2024-10-30T14:23:46,2025-01-19T10:54:46
SHP00006530,ORD00006530,UPS,2024-11-20,2024-11-22,2024-11-23,11.56,2024-11-20T05:19:18,2025-02-17T15:12:36
SHP00006532,ORD00006532,FedEx,2024-04-30,2024-05-05,2024-05-02,22.04,2024-04-30T14:29:53,2024-10-06T11:59:29
SHP00006534,ORD00006534,UPS,2025-07-13,2025-07-18,2025-07-15,31.9,2025-07-13T06:41:55,2025-09-24T06:17:38
SHP00006537,ORD00006537,FedEx,2024-08-17,2024-08-21,2024-08-18,29.42,2024-08-17T17:39:25,2024-11-25T19:05:52
SHP00006540,ORD00006540,OnTrac,2024-05-30,2024-06-04,2024-06-03,19.35,2024-05-30T11:55:08,2025-07-17T16:11:41
SHP00006541,ORD00006541,UPS,2025-02-14,2025-02-17,,34.35,2025-02-14T11:24:40,2025-12-25T15:52:01
SHP00006542,ORD00006542,XPO,2024-04-25,2024-04-28,2024-04-26,11.35,2024-04-25T09:42:26,2025-08-25T01:07:06
SHP00006543,ORD00006543,DHL,2025-09-24,2025-09-27,2025-10-01,37.8,2025-09-24T11:27:58,2025-12-22T01:40:24
SHP00006546,ORD00006546,XPO,2025-12-21,2025-12-25,2025-12-22,16.71,2025-12-21T09:52:40,2026-02-16T17:01:45
SHP00006547,ORD00006547,USPS,2024-10-03,2024-10-09,2024-10-10,31.59,2024-10-03T17:29:08,2025-09-05T02:00:29
SHP00006548,ORD00006548,XPO,2025-07-06,2025-07-09,2025-07-10,18.16,2025-07-06T02:53:52,2025-10-28T13:53:04
SHP00006550,ORD00006550,XPO,2025-02-12,2025-02-14,,37.66,2025-02-12T20:52:58,2025-03-31T04:02:51
SHP00006551,ORD00006551,FedEx,2025-05-04,2025-05-06,2025-05-09,7.29,2025-05-04T04:35:40,2025-06-04T00:41:12
SHP00006554,ORD00006554,UPS,2024-10-06,2024-10-09,2024-10-09,16.05,2024-10-06T08:44:37,2025-01-03T06:16:16
SHP00006555,ORD00006555,DHL,2025-07-28,2025-08-03,,11.21,2025-07-28T05:34:34,2026-02-22T01:51:32
SHP00006556,ORD00006556,FedEx,2025-02-07,2025-02-13,2025-02-08,27.61,2025-02-07T11:35:59,2026-01-15T09:06:29
SHP00006558,ORD00006558,XPO,2025-08-20,2025-08-24,2025-08-23,12.24,2025-08-20T01:25:49,2025-09-04T17:28:31
SHP00006560,ORD00006560,UPS,2025-05-12,2025-05-17,2025-05-13,38.01,2025-05-12T08:27:25,2026-02-26T08:10:28
SHP00006561,ORD00006561,DHL,2025-01-24,2025-01-26,2025-01-29,4.73,2025-01-24T06:59:38,2025-02-24T03:05:27
SHP00006563,ORD00006563,FedEx,2024-01-31,2024-02-04,,25.72,2024-01-31T07:29:48,2025-01-10T22:54:37
SHP00006564,ORD00006564,OnTrac,2025-05-27,2025-06-02,2025-06-01,13.34,2025-05-27T09:02:45,2026-01-13T08:24:33
SHP00006566,ORD00006566,FedEx,2025-03-12,2025-03-15,2025-03-19,23.15,2025-03-12T08:09:44,2025-09-13T08:25:42
SHP00006567,ORD00006567,XPO,2025-04-13,2025-04-15,2025-04-17,11.46,2025-04-13T13:38:29,2025-07-06T14:57:05
SHP00006568,ORD00006568,XPO,2025-07-13,2025-07-15,,29.08,2025-07-13T12:19:31,2025-09-24T20:12:44
SHP00006570,ORD00006570,XPO,2025-10-11,2025-10-16,2025-10-17,21.97,2025-10-11T13:41:00,2026-02-25T05:28:34
SHP00006571,ORD00006571,FedEx,2025-04-03,2025-04-05,,7.25,2025-04-03T15:07:27,2025-07-03T06:51:20
SHP00006573,ORD00006573,UPS,2024-02-12,2024-02-15,,29.67,2024-02-12T02:46:23,2024-04-01T17:16:15
SHP00006574,ORD00006574,DHL,2025-03-20,2025-03-24,2025-03-24,4.63,2025-03-20T11:51:18,2026-02-07T05:38:40
SHP00006575,ORD00006575,FedEx,2024-11-09,2024-11-13,,32.6,2024-11-09T15:44:42,2024-11-20T22:49:08
SHP00006577,ORD00006577,DHL,2024-05-18,2024-05-21,2024-05-19,5.97,2024-05-18T18:05:53,2025-02-17T13:13:23
SHP00006578,ORD00006578,XPO,2025-08-11,2025-08-17,2025-08-14,24.68,2025-08-11T07:36:29,2025-09-12T19:31:53
SHP00006579,ORD00006579,XPO,2025-01-11,2025-01-15,2025-01-15,21.72,2025-01-11T00:26:33,2025-07-03T02:41:22
SHP00006580,ORD00006580,USPS,2025-12-08,2025-12-12,,15.2,2025-12-08T09:27:16,2026-01-13T08:37:01
SHP00006581,ORD00006581,DHL,2024-07-29,2024-08-01,2024-08-04,19.09,2024-07-29T15:02:36,2026-02-14T20:22:45
SHP00006583,ORD00006583,UPS,2025-08-24,2025-08-26,2025-08-29,26.46,2025-08-24T22:26:17,2026-01-29T12:39:43
SHP00006584,ORD00006584,XPO,2024-11-28,2024-12-03,2024-12-02,17.04,2024-11-28T07:59:48,2025-08-05T07:34:42
SHP00006586,ORD00006586,OnTrac,2024-01-22,2024-01-25,,12.39,2024-01-22T15:41:05,2024-02-12T17:29:43
SHP00006588,ORD00006588,XPO,2024-07-23,2024-07-26,,15.38,2024-07-23T19:13:01,2025-10-28T01:50:30
SHP00006591,ORD00006591,FedEx,2024-10-17,2024-10-19,,37.02,2024-10-17T06:02:34,2025-06-11T08:30:28
SHP00006593,ORD00006593,XPO,2025-06-14,2025-06-19,2025-06-21,19.01,2025-06-14T04:25:13,2025-12-22T20:56:19
SHP00006595,ORD00006595,UPS,2024-03-10,2024-03-12,2024-03-12,15.94,2024-03-10T04:52:57,2024-07-11T16:18:55
SHP00006599,ORD00006599,UPS,2024-05-03,2024-05-09,2024-05-05,20.83,2024-05-03T01:43:16,2024-05-03T15:41:22
SHP00006600,ORD00006600,UPS,2024-09-05,2024-09-10,2024-09-09,15.09,2024-09-05T17:28:13,2025-01-25T22:09:20
SHP00006601,ORD00006601,UPS,2024-02-28,2024-03-01,,22.03,2024-02-28T11:04:54,2024-10-06T21:42:23
SHP00006602,ORD00006602,UPS,2024-11-11,2024-11-17,2024-11-14,9.07,2024-11-11T04:40:39,2025-10-10T09:41:50
SHP00006603,ORD00006603,DHL,2024-03-10,2024-03-12,,23.27,2024-03-10T00:12:47,2024-04-03T10:26:43
SHP00006604,ORD00006604,FedEx,2024-08-11,2024-08-14,,36.53,2024-08-11T22:32:17,2025-06-23T04:48:02
SHP00006605,ORD00006605,UPS,2024-06-05,2024-06-10,2024-06-12,11.57,2024-06-05T21:38:07,2025-01-28T21:22:03
SHP00006606,ORD00006606,DHL,2024-04-01,2024-04-05,,32.42,2024-04-01T01:54:13,2024-07-04T11:40:09
SHP00006607,ORD00006607,FedEx,2025-09-16,2025-09-21,2025-09-21,21.31,2025-09-16T15:36:11,2026-01-02T14:47:55
SHP00006610,ORD00006610,FedEx,2024-04-16,2024-04-18,2024-04-21,39.42,2024-04-16T00:22:27,2024-09-05T07:20:49
SHP00006611,ORD00006611,UPS,2025-08-12,2025-08-18,2025-08-13,29.41,2025-08-12T12:33:50,2026-01-04T01:39:23
SHP00006612,ORD00006612,FedEx,2025-02-24,2025-02-27,,16.73,2025-02-24T05:15:11,2025-08-05T02:40:42
SHP00006614,ORD00006614,OnTrac,2025-11-02,2025-11-08,2025-11-04,37.89,2025-11-02T00:06:19,2025-11-14T22:43:52
SHP00006615,ORD00006615,DHL,2025-12-17,2025-12-19,2025-12-22,25.65,2025-12-17T11:44:54,2026-02-08T13:06:31
SHP00006616,ORD00006616,XPO,2025-11-30,2025-12-03,2025-12-01,39.2,2025-11-30T23:24:47,2025-12-30T02:54:08
SHP00006617,ORD00006617,OnTrac,2025-11-27,2025-11-30,2025-12-03,15.62,2025-11-27T12:11:14,2026-01-20T17:34:49
SHP00006619,ORD00006619,OnTrac,2025-09-05,2025-09-11,,21.56,2025-09-05T09:01:36,2025-11-18T01:20:08
SHP00006621,ORD00006621,FedEx,2024-01-10,2024-01-14,2024-01-13,29.65,2024-01-10T12:14:27,2026-02-11T13:13:26
SHP00006622,ORD00006622,OnTrac,2025-02-04,2025-02-08,2025-02-10,37.07,2025-02-04T14:24:17,2025-12-07T19:14:18
SHP00006624,ORD00006624,USPS,2025-02-23,2025-02-28,2025-02-26,24.74,2025-02-23T00:15:21,2025-10-12T03:24:14
SHP00006626,ORD00006626,DHL,2025-12-23,2025-12-28,,14.69,2025-12-23T13:11:40,2026-01-02T05:53:27
SHP00006627,ORD00006627,DHL,2025-01-28,2025-01-31,,12.75,2025-01-28T21:59:07,2025-08-25T20:32:50
SHP00006628,ORD00006628,USPS,2024-10-27,2024-10-31,,17.91,2024-10-27T18:45:54,2025-05-25T00:04:59
SHP00006629,ORD00006629,UPS,2024-09-20,2024-09-24,2024-09-23,29.89,2024-09-20T12:23:11,2025-10-23T08:04:54
SHP00006631,ORD00006631,FedEx,2024-11-27,2024-11-30,,4.6,2024-11-27T21:15:38,2024-12-02T12:44:58
SHP00006632,ORD00006632,XPO,2025-06-21,2025-06-25,2025-06-22,24.25,2025-06-21T01:18:09,2025-10-14T22:49:12
SHP00006635,ORD00006635,OnTrac,2024-02-23,2024-02-28,2024-02-28,18.24,2024-02-23T01:48:20,2024-08-27T00:26:08
SHP00006637,ORD00006637,OnTrac,2024-07-07,2024-07-10,2024-07-13,4.9,2024-07-07T23:55:15,2024-12-28T15:24:30
SHP00006640,ORD00006640,FedEx,2024-08-24,2024-08-28,,13.36,2024-08-24T11:37:56,2025-06-26T11:52:32
SHP00006642,ORD00006642,DHL,2025-03-05,2025-03-07,2025-03-08,6.57,2025-03-05T19:46:23,2025-06-07T20:05:29
SHP00006643,ORD00006643,USPS,2024-08-05,2024-08-09,2024-08-09,30.24,2024-08-05T06:07:30,2026-01-04T13:03:44
SHP00006644,ORD00006644,XPO,2024-12-03,2024-12-05,2024-12-06,36.85,2024-12-03T03:10:36,2025-03-12T06:59:49
SHP00006645,ORD00006645,UPS,2025-10-11,2025-10-14,2025-10-16,6.15,2025-10-11T15:11:41,2025-11-17T12:14:00
SHP00006646,ORD00006646,FedEx,2025-08-10,2025-08-16,2025-08-15,12.8,2025-08-10T10:22:35,2025-09-15T04:01:54
SHP00006648,ORD00006648,XPO,2025-06-22,2025-06-25,,22.34,2025-06-22T16:01:51,2026-01-05T06:47:53
SHP00006649,ORD00006649,UPS,2024-07-09,2024-07-13,,5.7,2024-07-09T01:39:00,2024-07-14T16:21:55
SHP00006651,ORD00006651,UPS,2025-02-12,2025-02-18,,35.7,2025-02-12T20:22:10,2025-12-09T17:19:31
SHP00006652,ORD00006652,USPS,2024-08-27,2024-08-29,2024-08-30,31.72,2024-08-27T19:23:06,2024-09-19T09:33:06
SHP00006655,ORD00006655,DHL,2026-02-01,2026-02-07,,8.91,2026-02-01T12:04:28,2026-02-25T10:59:17
SHP00006658,ORD00006658,FedEx,2024-03-20,2024-03-24,2024-03-24,39.6,2024-03-20T10:18:43,2025-07-29T04:15:03
SHP00006659,ORD00006659,UPS,2025-08-20,2025-08-24,,34.91,2025-08-20T21:08:26,2026-01-19T10:04:53
SHP00006662,ORD00006662,FedEx,2024-08-12,2024-08-16,2024-08-13,37.72,2024-08-12T08:58:19,2025-03-21T22:57:19
SHP00006663,ORD00006663,XPO,2026-01-03,2026-01-09,2026-01-05,8.43,2026-01-03T12:10:05,2026-01-09T21:44:06
SHP00006664,ORD00006664,FedEx,2025-07-31,2025-08-04,2025-08-04,19.43,2025-07-31T01:01:59,2025-10-28T09:29:34
SHP00006666,ORD00006666,DHL,2025-02-23,2025-02-26,2025-02-26,30.78,2025-02-23T10:01:59,2025-05-08T20:33:57
SHP00006667,ORD00006667,OnTrac,2024-07-25,2024-07-31,2024-07-30,10.07,2024-07-25T19:19:35,2025-04-20T23:53:43
SHP00006669,ORD00006669,OnTrac,2025-08-18,2025-08-23,,19.36,2025-08-18T08:50:11,2025-12-22T02:52:21
SHP00006671,ORD00006671,DHL,2024-02-25,2024-02-29,,33.7,2024-02-25T20:41:44,2025-06-12T17:44:38
SHP00006674,ORD00006674,UPS,2025-03-24,2025-03-29,,36.73,2025-03-24T21:07:03,2025-10-30T10:36:18
SHP00006676,ORD00006676,FedEx,2025-08-01,2025-08-06,2025-08-07,37.62,2025-08-01T15:42:23,2025-11-25T19:11:05
SHP00006678,ORD00006678,DHL,2025-02-21,2025-02-26,2025-02-22,15.72,2025-02-21T00:25:29,2025-10-04T00:41:30
SHP00006682,ORD00006682,UPS,2024-07-10,2024-07-16,,20.28,2024-07-10T18:58:02,2025-04-07T13:34:20
SHP00006683,ORD00006683,OnTrac,2024-11-03,2024-11-08,2024-11-09,35.54,2024-11-03T14:27:18,2025-02-19T16:14:28
SHP00006684,ORD00006684,XPO,2024-11-30,2024-12-06,2024-12-02,37.66,2024-11-30T19:07:08,2025-01-30T08:30:22
SHP00006685,ORD00006685,UPS,2024-11-17,2024-11-23,2024-11-19,12.56,2024-11-17T13:19:06,2026-01-02T17:09:20
SHP00006688,ORD00006688,OnTrac,2024-09-25,2024-09-28,2024-09-28,6.68,2024-09-25T07:29:36,2025-05-16T04:44:28
SHP00006694,ORD00006694,XPO,2024-09-29,2024-10-03,2024-10-01,17.26,2024-09-29T05:13:16,2026-02-14T22:56:11
SHP00006695,ORD00006695,UPS,2024-03-11,2024-03-14,2024-03-17,16.59,2024-03-11T02:19:48,2025-05-25T23:39:32
SHP00006696,ORD00006696,DHL,2024-09-25,2024-09-30,2024-09-30,34.43,2024-09-25T02:24:55,2025-05-27T01:22:48
SHP00006697,ORD00006697,USPS,2025-07-20,2025-07-22,,15.6,2025-07-20T15:47:44,2026-02-08T16:58:25
SHP00006698,ORD00006698,UPS,2025-08-23,2025-08-26,2025-08-30,7.34,2025-08-23T13:26:44,2025-10-20T03:24:21
SHP00006699,ORD00006699,OnTrac,2025-09-26,2025-10-01,2025-09-28,11.13,2025-09-26T00:16:23,2026-01-16T17:33:35
SHP00006700,ORD00006700,OnTrac,2025-03-01,2025-03-06,2025-03-04,19.73,2025-03-01T01:01:36,2025-06-30T03:56:04
SHP00006701,ORD00006701,OnTrac,2025-09-12,2025-09-17,2025-09-18,22.14,2025-09-12T22:16:57,2025-11-12T14:56:01
SHP00006702,ORD00006702,DHL,2024-08-07,2024-08-12,2024-08-14,28.8,2024-08-07T19:55:29,2024-09-23T16:58:38
SHP00006703,ORD00006703,FedEx,2024-12-28,2025-01-01,,12.04,2024-12-28T14:16:14,2025-10-17T01:47:17
SHP00006704,ORD00006704,UPS,2024-01-26,2024-02-01,,30.08,2024-01-26T08:32:13,2024-05-09T09:56:04
SHP00006705,ORD00006705,DHL,2025-02-10,2025-02-12,2025-02-11,22.41,2025-02-10T10:53:19,2025-10-07T12:45:20
SHP00006706,ORD00006706,OnTrac,2026-02-01,2026-02-06,2026-02-02,14.9,2026-02-01T01:25:28,2026-02-09T06:20:04
SHP00006708,ORD00006708,DHL,2024-09-20,2024-09-25,2024-09-26,13.75,2024-09-20T10:27:39,2025-08-24T08:12:09
SHP00006710,ORD00006710,UPS,2025-09-09,2025-09-12,2025-09-13,6.14,2025-09-09T05:26:56,2025-11-19T06:07:49
SHP00006712,ORD00006712,UPS,2024-01-06,2024-01-11,,10.73,2024-01-06T21:51:10,2025-09-23T10:43:29
SHP00006713,ORD00006713,OnTrac,2024-02-14,2024-02-17,2024-02-15,15.7,2024-02-14T02:11:05,2025-09-30T00:53:34
SHP00006714,ORD00006714,USPS,2025-09-03,2025-09-07,2025-09-04,27.96,2025-09-03T12:12:13,2025-10-20T09:35:03
SHP00006715,ORD00006715,USPS,2025-03-20,2025-03-25,2025-03-22,18.94,2025-03-20T03:09:35,2025-07-18T22:56:59
SHP00006716,ORD00006716,FedEx,2024-04-06,2024-04-08,,30.15,2024-04-06T05:01:19,2024-05-25T22:35:31
SHP00006717,ORD00006717,XPO,2024-01-23,2024-01-28,,10.99,2024-01-23T06:28:24,2024-08-10T11:52:31
SHP00006719,ORD00006719,USPS,2024-07-21,2024-07-23,2024-07-22,25.96,2024-07-21T13:30:37,2025-11-21T18:24:11
SHP00006720,ORD00006720,OnTrac,2025-11-09,2025-11-12,2025-11-15,24.52,2025-11-09T23:23:08,2026-01-31T17:44:25
SHP00006721,ORD00006721,DHL,2025-12-19,2025-12-25,2025-12-21,35.57,2025-12-19T16:29:04,2026-02-24T19:35:04
SHP00006722,ORD00006722,OnTrac,2024-06-23,2024-06-27,,28.74,2024-06-23T05:40:36,2025-08-01T09:16:46
SHP00006723,ORD00006723,OnTrac,2026-01-20,2026-01-26,2026-01-27,7.97,2026-01-20T02:18:43,2026-02-20T07:45:24
SHP00006724,ORD00006724,USPS,2025-01-31,2025-02-05,,31.2,2025-01-31T11:41:12,2026-02-23T11:47:28
SHP00006729,ORD00006729,UPS,2024-06-29,2024-07-03,,19.78,2024-06-29T10:39:21,2025-08-11T20:16:21
SHP00006732,ORD00006732,FedEx,2024-05-15,2024-05-19,2024-05-17,26.16,2024-05-15T05:58:32,2025-02-07T16:33:42
SHP00006733,ORD00006733,USPS,2024-12-31,2025-01-05,,26.63,2024-12-31T19:23:00,2025-09-28T22:59:28
SHP00006736,ORD00006736,XPO,2025-09-06,2025-09-09,2025-09-07,8.47,2025-09-06T19:23:07,2025-10-31T00:14:55
SHP00006737,ORD00006737,XPO,2026-01-14,2026-01-17,2026-01-19,35.47,2026-01-14T13:22:39,2026-01-14T03:08:07
SHP00006738,ORD00006738,DHL,2025-04-15,2025-04-19,2025-04-17,7.28,2025-04-15T09:46:40,2025-11-07T19:24:10
SHP00006739,ORD00006739,OnTrac,2024-03-10,2024-03-13,,31.03,2024-03-10T10:35:03,2024-10-18T15:07:57
SHP00006740,ORD00006740,USPS,2024-07-02,2024-07-04,,38.56,2024-07-02T01:02:21,2024-07-27T22:46:32
SHP00006744,ORD00006744,UPS,2024-11-10,2024-11-15,2024-11-17,33.25,2024-11-10T06:14:12,2025-12-17T05:38:50
SHP00006747,ORD00006747,DHL,2026-03-02,2026-03-06,2026-03-05,27.9,2026-03-02T09:09:22,2026-03-03T16:41:03
SHP00006748,ORD00006748,XPO,2024-01-23,2024-01-25,2024-01-25,7.12,2024-01-23T17:59:28,2024-09-10T14:59:40
SHP00006750,ORD00006750,XPO,2024-07-16,2024-07-21,,6.47,2024-07-16T13:17:56,2025-07-13T08:30:54
SHP00006751,ORD00006751,FedEx,2025-11-08,2025-11-10,2025-11-14,22.35,2025-11-08T09:58:33,2025-11-17T07:08:53
SHP00006753,ORD00006753,FedEx,2025-02-11,2025-02-16,,21.83,2025-02-11T03:04:48,2025-09-28T03:25:34
SHP00006754,ORD00006754,UPS,2025-05-11,2025-05-16,2025-05-12,28.78,2025-05-11T16:56:29,2025-08-30T06:55:20
SHP00006755,ORD00006755,XPO,2024-11-24,2024-11-29,2024-11-28,31.83,2024-11-24T16:44:34,2024-12-29T04:27:43
SHP00006756,ORD00006756,OnTrac,2024-02-16,2024-02-22,2024-02-19,15.05,2024-02-16T12:32:48,2026-02-09T12:48:14
SHP00006758,ORD00006758,OnTrac,2024-06-22,2024-06-25,2024-06-24,39.23,2024-06-22T23:29:12,2025-06-05T01:11:06
SHP00006759,ORD00006759,FedEx,2024-07-20,2024-07-24,2024-07-24,27.26,2024-07-20T18:53:10,2025-01-31T07:33:22
SHP00006761,ORD00006761,FedEx,2024-04-15,2024-04-20,,34.49,2024-04-15T04:20:02,2024-05-06T15:15:08
SHP00006763,ORD00006763,XPO,2024-05-20,2024-05-22,2024-05-24,5.55,2024-05-20T11:33:05,2024-10-26T07:47:37
SHP00006764,ORD00006764,DHL,2024-11-03,2024-11-05,,8.89,2024-11-03T19:48:47,2025-10-31T07:04:28
SHP00006765,ORD00006765,DHL,2024-06-19,2024-06-24,,27.87,2024-06-19T13:21:22,2025-01-26T10:39:08
SHP00006768,ORD00006768,UPS,2024-12-22,2024-12-27,2024-12-23,4.89,2024-12-22T11:01:22,2025-01-25T11:05:11
SHP00006769,ORD00006769,FedEx,2024-11-03,2024-11-09,2024-11-05,7.53,2024-11-03T22:43:12,2026-01-08T01:28:16
SHP00006770,ORD00006770,XPO,2024-08-26,2024-09-01,2024-09-01,16.15,2024-08-26T19:47:30,2025-09-11T07:38:41
SHP00006771,ORD00006771,UPS,2025-11-07,2025-11-10,2025-11-13,38.9,2025-11-07T03:03:39,2025-11-18T20:48:25
SHP00006773,ORD00006773,DHL,2024-01-09,2024-01-13,2024-01-12,10.49,2024-01-09T05:27:30,2024-12-05T05:11:40
SHP00006774,ORD00006774,OnTrac,2025-08-07,2025-08-12,2025-08-13,24.3,2025-08-07T23:58:38,2025-09-22T04:39:08
SHP00006775,ORD00006775,DHL,2025-11-04,2025-11-10,2025-11-08,18.24,2025-11-04T18:32:59,2025-11-04T23:35:13
SHP00006777,ORD00006777,UPS,2026-02-21,2026-02-24,2026-02-26,27.3,2026-02-21T21:43:54,2026-02-23T19:21:49
SHP00006780,ORD00006780,FedEx,2025-12-03,2025-12-06,,10.99,2025-12-03T07:41:18,2025-12-07T09:26:37
SHP00006781,ORD00006781,XPO,2025-10-09,2025-10-15,2025-10-14,23.11,2025-10-09T10:50:44,2025-10-10T01:54:10
SHP00006783,ORD00006783,USPS,2025-02-13,2025-02-16,2025-02-17,21.55,2025-02-13T18:27:35,2025-04-15T01:29:08
SHP00006785,ORD00006785,XPO,2025-10-21,2025-10-25,,27.84,2025-10-21T18:21:16,2025-12-28T08:22:42
SHP00006787,ORD00006787,USPS,2024-12-26,2025-01-01,,34.58,2024-12-26T20:44:22,2025-11-03T02:57:43
SHP00006788,ORD00006788,OnTrac,2024-02-21,2024-02-26,2024-02-25,19.97,2024-02-21T04:32:48,2024-03-14T23:44:48
SHP00006789,ORD00006789,OnTrac,2026-01-20,2026-01-26,2026-01-27,17.84,2026-01-20T09:48:15,2026-02-03T17:41:28
SHP00006792,ORD00006792,XPO,2024-10-18,2024-10-20,2024-10-25,25.44,2024-10-18T04:05:10,2025-04-03T04:58:10
SHP00006794,ORD00006794,XPO,2025-04-15,2025-04-18,2025-04-20,11.72,2025-04-15T05:46:44,2025-10-28T11:18:55
SHP00006797,ORD00006797,UPS,2024-12-11,2024-12-16,,35.48,2024-12-11T06:41:58,2025-01-21T13:40:19
SHP00006798,ORD00006798,USPS,2025-09-11,2025-09-14,,39.39,2025-09-11T23:32:23,2026-01-26T07:51:20
SHP00006803,ORD00006803,DHL,2025-06-25,2025-06-28,2025-06-27,4.1,2025-06-25T11:05:12,2026-01-29T20:21:29
SHP00006809,ORD00006809,UPS,2024-02-22,2024-02-27,,16.79,2024-02-22T12:37:15,2024-07-16T22:15:20
SHP00006814,ORD00006814,XPO,2025-06-03,2025-06-05,,11.16,2025-06-03T13:30:55,2025-11-03T20:35:56
SHP00006815,ORD00006815,FedEx,2025-01-05,2025-01-08,,30.22,2025-01-05T20:20:30,2025-08-08T01:36:56
SHP00006817,ORD00006817,OnTrac,2024-12-18,2024-12-21,2024-12-21,8.69,2024-12-18T23:01:59,2025-08-13T22:36:21
SHP00006819,ORD00006819,XPO,2025-03-10,2025-03-13,2025-03-15,21.58,2025-03-10T17:39:05,2025-11-21T14:48:42
SHP00006820,ORD00006820,OnTrac,2025-08-26,2025-08-30,2025-08-28,31.31,2025-08-26T14:45:56,2025-09-28T01:03:43
SHP00006824,ORD00006824,UPS,2024-08-05,2024-08-10,2024-08-11,10.21,2024-08-05T03:29:08,2026-02-15T20:02:19
SHP00006827,ORD00006827,DHL,2024-06-12,2024-06-15,2024-06-14,21.3,2024-06-12T21:09:43,2025-05-25T04:06:01
SHP00006828,ORD00006828,FedEx,2026-02-05,2026-02-07,2026-02-10,25.81,2026-02-05T16:49:45,2026-02-26T07:25:48
SHP00006829,ORD00006829,FedEx,2025-01-13,2025-01-18,2025-01-19,27.19,2025-01-13T16:35:08,2025-09-06T03:29:17
SHP00006830,ORD00006830,UPS,2024-01-14,2024-01-16,,33.11,2024-01-14T21:17:05,2025-01-09T22:41:10
SHP00006834,ORD00006834,OnTrac,2025-05-18,2025-05-20,2025-05-20,10.79,2025-05-18T22:32:27,2025-12-26T07:47:16
SHP00006837,ORD00006837,XPO,2026-01-20,2026-01-22,,7.09,2026-01-20T23:19:27,2026-02-21T19:45:34
SHP00006838,ORD00006838,OnTrac,2024-01-29,2024-02-02,,25.5,2024-01-29T03:00:03,2024-11-25T22:15:27
SHP00006840,ORD00006840,FedEx,2025-11-02,2025-11-05,,39.63,2025-11-02T09:11:07,2025-11-27T15:19:01
SHP00006841,ORD00006841,XPO,2025-02-06,2025-02-08,,25.42,2025-02-06T18:28:15,2025-09-14T23:08:37
SHP00006843,ORD00006843,USPS,2025-11-08,2025-11-11,2025-11-13,22.3,2025-11-08T23:24:49,2026-01-03T10:36:05
SHP00006844,ORD00006844,USPS,2024-12-11,2024-12-15,2024-12-16,20.29,2024-12-11T04:36:01,2025-01-10T11:30:53
SHP00006847,ORD00006847,FedEx,2025-03-19,2025-03-24,2025-03-21,21.43,2025-03-19T15:40:32,2026-01-02T18:37:32
SHP00006848,ORD00006848,UPS,2024-08-11,2024-08-13,2024-08-18,28.05,2024-08-11T05:51:39,2025-10-25T17:46:45
SHP00006849,ORD00006849,OnTrac,2026-02-20,2026-02-24,2026-02-25,17.96,2026-02-20T03:38:57,2026-02-21T05:58:01
SHP00006850,ORD00006850,UPS,2025-10-25,2025-10-31,2025-10-26,38.69,2025-10-25T00:45:55,2025-12-10T22:57:58
SHP00006853,ORD00006853,USPS,2024-11-16,2024-11-19,2024-11-21,22.93,2024-11-16T02:22:38,2025-05-14T23:54:50
SHP00006854,ORD00006854,USPS,2024-05-28,2024-05-30,,31.15,2024-05-28T16:50:05,2025-01-22T00:20:54
SHP00006855,ORD00006855,FedEx,2025-06-17,2025-06-20,2025-06-22,13.13,2025-06-17T22:10:18,2025-09-23T16:18:50
SHP00006858,ORD00006858,DHL,2026-01-14,2026-01-17,2026-01-17,32.72,2026-01-14T10:45:19,2026-02-03T06:10:07
SHP00006859,ORD00006859,OnTrac,2025-12-02,2025-12-06,,22.54,2025-12-02T14:37:40,2025-12-26T06:50:14
SHP00006860,ORD00006860,OnTrac,2025-01-23,2025-01-26,2025-01-29,8.02,2025-01-23T16:07:28,2025-03-29T05:12:10
SHP00006864,ORD00006864,OnTrac,2025-05-21,2025-05-24,2025-05-27,7.65,2025-05-21T17:20:27,2025-08-21T18:16:54
SHP00006866,ORD00006866,OnTrac,2025-06-10,2025-06-13,2025-06-17,38.06,2025-06-10T08:40:59,2025-07-27T11:58:36
SHP00006867,ORD00006867,OnTrac,2025-04-19,2025-04-24,2025-04-26,16.66,2025-04-19T13:40:47,2025-05-26T15:51:45
SHP00006868,ORD00006868,FedEx,2024-01-22,2024-01-24,,27.71,2024-01-22T10:49:13,2025-06-21T10:14:10
SHP00006875,ORD00006875,DHL,2025-10-22,2025-10-25,2025-10-25,23.17,2025-10-22T03:23:02,2025-11-15T15:53:07
SHP00006876,ORD00006876,UPS,2025-10-14,2025-10-19,2025-10-21,27.66,2025-10-14T05:17:31,2025-11-28T18:49:58
SHP00006878,ORD00006878,XPO,2025-12-30,2026-01-05,,37.0,2025-12-30T04:38:14,2026-01-26T15:54:14
SHP00006879,ORD00006879,DHL,2024-02-21,2024-02-23,2024-02-24,32.87,2024-02-21T02:24:19,2025-04-21T13:44:09
SHP00006880,ORD00006880,FedEx,2024-05-21,2024-05-27,2024-05-24,20.24,2024-05-21T00:28:37,2024-06-23T02:11:04
SHP00006881,ORD00006881,XPO,2025-07-31,2025-08-06,,27.5,2025-07-31T19:40:36,2026-02-22T20:16:31
SHP00006882,ORD00006882,USPS,2024-12-30,2025-01-01,2025-01-05,27.88,2024-12-30T15:27:40,2025-04-10T18:14:54
SHP00006885,ORD00006885,OnTrac,2024-10-24,2024-10-28,2024-10-27,9.0,2024-10-24T19:50:25,2025-08-10T02:11:00
SHP00006887,ORD00006887,DHL,2024-01-21,2024-01-27,,37.33,2024-01-21T20:43:43,2024-11-28T17:47:43
SHP00006889,ORD00006889,UPS,2024-09-24,2024-09-30,2024-10-01,31.86,2024-09-24T10:53:46,2025-03-02T14:35:12
SHP00006891,ORD00006891,UPS,2024-01-17,2024-01-19,,21.96,2024-01-17T12:17:02,2026-01-07T15:54:22
SHP00006893,ORD00006893,XPO,2024-07-29,2024-08-03,2024-07-30,10.68,2024-07-29T01:15:30,2025-05-15T09:54:22
SHP00006895,ORD00006895,XPO,2024-12-01,2024-12-04,,18.06,2024-12-01T15:02:23,2025-03-05T01:51:15
SHP00006896,ORD00006896,USPS,2024-11-02,2024-11-05,2024-11-08,17.23,2024-11-02T02:45:52,2024-12-30T10:33:32
SHP00006898,ORD00006898,XPO,2025-06-21,2025-06-27,,22.12,2025-06-21T22:48:05,2025-11-01T07:41:30
SHP00006901,ORD00006901,FedEx,2024-01-22,2024-01-26,,7.01,2024-01-22T11:26:34,2026-01-31T19:14:24
SHP00006904,ORD00006904,UPS,2025-05-03,2025-05-05,,34.82,2025-05-03T23:44:13,2025-07-24T08:36:50
SHP00006905,ORD00006905,USPS,2025-09-02,2025-09-04,2025-09-09,22.34,2025-09-02T14:49:55,2025-09-16T14:23:57
SHP00006907,ORD00006907,DHL,2024-09-02,2024-09-07,2024-09-07,39.82,2024-09-02T16:25:27,2025-03-20T18:07:29
SHP00006908,ORD00006908,UPS,2025-01-25,2025-01-27,2025-01-30,28.63,2025-01-25T20:02:50,2026-02-22T04:01:09
SHP00006909,ORD00006909,DHL,2025-12-20,2025-12-24,,19.42,2025-12-20T23:34:12,2026-02-14T17:12:10
SHP00006911,ORD00006911,OnTrac,2024-09-13,2024-09-18,2024-09-19,35.12,2024-09-13T00:38:41,2025-11-03T21:46:05
SHP00006912,ORD00006912,USPS,2024-03-14,2024-03-20,,15.87,2024-03-14T04:47:40,2025-02-15T15:52:53
SHP00006914,ORD00006914,UPS,2025-11-02,2025-11-06,,37.92,2025-11-02T03:13:58,2025-11-04T18:51:50
SHP00006916,ORD00006916,FedEx,2024-05-08,2024-05-13,2024-05-11,20.58,2024-05-08T12:18:46,2025-09-15T05:24:20
SHP00006917,ORD00006917,FedEx,2024-01-17,2024-01-23,2024-01-21,24.45,2024-01-17T06:38:14,2024-10-11T21:12:13
SHP00006919,ORD00006919,OnTrac,2025-10-30,2025-11-02,2025-11-03,11.62,2025-10-30T07:45:11,2025-12-20T21:11:48
SHP00006922,ORD00006922,USPS,2024-08-03,2024-08-05,,14.76,2024-08-03T04:08:07,2025-07-07T12:52:59
SHP00006923,ORD00006923,XPO,2025-08-19,2025-08-22,2025-08-25,30.83,2025-08-19T19:55:08,2025-08-26T16:59:18
SHP00006924,ORD00006924,OnTrac,2024-02-23,2024-02-28,2024-02-29,9.03,2024-02-23T02:19:30,2025-08-08T19:58:04
SHP00006926,ORD00006926,DHL,2025-09-02,2025-09-04,2025-09-09,20.31,2025-09-02T17:22:46,2025-11-02T00:04:28
SHP00006927,ORD00006927,FedEx,2024-07-30,2024-08-01,,26.59,2024-07-30T07:07:36,2025-03-10T22:09:11
SHP00006932,ORD00006932,FedEx,2024-03-17,2024-03-20,2024-03-21,34.78,2024-03-17T02:45:27,2025-04-01T13:58:45
SHP00006935,ORD00006935,DHL,2025-01-22,2025-01-28,2025-01-29,8.64,2025-01-22T20:03:10,2025-02-27T14:27:11
SHP00006936,ORD00006936,USPS,2024-12-29,2025-01-02,2024-12-30,18.69,2024-12-29T03:36:03,2025-12-04T23:11:36
SHP00006937,ORD00006937,FedEx,2025-08-08,2025-08-11,,37.79,2025-08-08T08:34:19,2026-01-06T22:36:23
SHP00006939,ORD00006939,FedEx,2025-12-21,2025-12-24,2025-12-24,25.77,2025-12-21T21:38:01,2025-12-21T15:41:27
SHP00006940,ORD00006940,OnTrac,2025-01-02,2025-01-05,2025-01-03,16.17,2025-01-02T12:28:14,2025-04-24T17:28:13
SHP00006941,ORD00006941,DHL,2025-12-15,2025-12-19,,21.26,2025-12-15T09:38:22,2026-02-17T22:22:48
SHP00006942,ORD00006942,FedEx,2024-08-10,2024-08-14,,7.03,2024-08-10T00:16:30,2024-10-13T04:14:04
SHP00006943,ORD00006943,XPO,2025-05-16,2025-05-19,2025-05-20,16.02,2025-05-16T16:52:43,2025-10-20T14:17:28
SHP00006944,ORD00006944,OnTrac,2024-04-21,2024-04-26,,9.37,2024-04-21T09:59:00,2025-04-21T06:52:10
SHP00006946,ORD00006946,OnTrac,2024-05-14,2024-05-16,2024-05-20,9.8,2024-05-14T21:01:43,2026-01-12T02:48:20
SHP00006947,ORD00006947,FedEx,2026-01-11,2026-01-15,,38.41,2026-01-11T19:17:14,2026-02-28T06:33:29
SHP00006951,ORD00006951,FedEx,2024-01-25,2024-01-30,,6.98,2024-01-25T19:33:42,2026-02-19T00:47:41
SHP00006952,ORD00006952,OnTrac,2024-11-22,2024-11-27,,33.87,2024-11-22T01:07:58,2025-08-25T01:32:37
SHP00006957,ORD00006957,DHL,2024-03-15,2024-03-21,,21.33,2024-03-15T01:32:51,2024-12-03T06:04:35
SHP00006959,ORD00006959,FedEx,2026-01-13,2026-01-15,2026-01-15,14.75,2026-01-13T12:37:50,2026-02-13T03:17:31
SHP00006962,ORD00006962,USPS,2024-11-07,2024-11-12,,38.01,2024-11-07T20:52:10,2025-02-24T04:46:28
SHP00006964,ORD00006964,OnTrac,2024-12-21,2024-12-27,,12.92,2024-12-21T16:37:02,2025-01-06T15:59:40
SHP00006965,ORD00006965,USPS,2024-10-12,2024-10-17,,18.06,2024-10-12T02:31:14,2025-04-06T07:30:20
SHP00006967,ORD00006967,OnTrac,2025-12-14,2025-12-16,,25.82,2025-12-14T05:32:08,2026-02-02T21:33:31
SHP00006968,ORD00006968,UPS,2024-07-08,2024-07-14,,7.78,2024-07-08T22:13:07,2025-10-20T08:13:29
SHP00006969,ORD00006969,UPS,2024-01-25,2024-01-27,,12.4,2024-01-25T01:28:44,2026-01-18T06:04:01
SHP00006970,ORD00006970,FedEx,2024-02-21,2024-02-27,,19.24,2024-02-21T01:34:28,2024-11-10T02:57:51
SHP00006974,ORD00006974,USPS,2025-01-03,2025-01-09,,4.8,2025-01-03T22:45:59,2025-05-17T23:33:06
SHP00006975,ORD00006975,OnTrac,2024-08-04,2024-08-09,2024-08-05,18.81,2024-08-04T04:19:11,2025-09-13T09:06:02
SHP00006977,ORD00006977,OnTrac,2026-02-20,2026-02-25,2026-02-25,25.61,2026-02-20T20:13:08,2026-02-25T23:34:07
SHP00006978,ORD00006978,FedEx,2025-09-28,2025-10-02,,33.87,2025-09-28T12:19:06,2026-01-29T02:17:05
SHP00006979,ORD00006979,UPS,2025-07-14,2025-07-20,2025-07-20,21.63,2025-07-14T20:23:52,2025-08-21T18:51:39
SHP00006980,ORD00006980,FedEx,2025-08-31,2025-09-05,2025-09-05,26.63,2025-08-31T20:21:50,2026-01-11T20:00:54
SHP00006981,ORD00006981,FedEx,2024-03-02,2024-03-05,,23.98,2024-03-02T06:45:15,2025-01-20T14:17:40
SHP00006986,ORD00006986,OnTrac,2024-07-02,2024-07-05,2024-07-09,8.45,2024-07-02T09:04:48,2025-02-07T01:42:09
SHP00006987,ORD00006987,OnTrac,2025-06-19,2025-06-22,,19.03,2025-06-19T22:34:15,2025-10-29T17:59:36
SHP00006989,ORD00006989,OnTrac,2024-09-21,2024-09-24,2024-09-28,6.71,2024-09-21T15:13:57,2025-05-25T22:30:54
SHP00006991,ORD00006991,FedEx,2024-10-16,2024-10-22,,38.89,2024-10-16T20:44:32,2025-07-21T08:26:56
SHP00006992,ORD00006992,XPO,2024-06-15,2024-06-18,,36.92,2024-06-15T20:52:07,2024-07-16T11:04:32
SHP00006993,ORD00006993,XPO,2024-06-11,2024-06-16,,8.09,2024-06-11T17:24:44,2025-07-26T00:08:42
SHP00006994,ORD00006994,DHL,2025-10-31,2025-11-03,,34.08,2025-10-31T19:18:08,2026-01-07T23:29:24
SHP00006997,ORD00006997,USPS,2025-08-14,2025-08-16,2025-08-16,13.47,2025-08-14T20:59:50,2025-12-10T19:54:55
SHP00006998,ORD00006998,FedEx,2025-08-01,2025-08-03,,12.52,2025-08-01T02:31:04,2025-09-04T11:03:06
SHP00006999,ORD00006999,DHL,2024-08-09,2024-08-14,2024-08-13,24.18,2024-08-09T08:11:27,2025-04-04T23:01:50
SHP00007000,ORD00007000,UPS,2025-12-05,2025-12-08,,26.91,2025-12-05T06:14:17,2025-12-26T17:05:21
SHP00007001,ORD00007001,UPS,2024-01-30,2024-02-02,2024-02-02,5.67,2024-01-30T13:09:14,2025-02-25T10:05:15
SHP00007002,ORD00007002,DHL,2025-02-19,2025-02-23,2025-02-26,25.72,2025-02-19T03:31:55,2025-10-26T08:24:42
SHP00007003,ORD00007003,OnTrac,2024-08-30,2024-09-03,,32.94,2024-08-30T21:14:03,2025-05-27T14:25:07
SHP00007004,ORD00007004,USPS,2025-06-22,2025-06-24,2025-06-28,18.32,2025-06-22T00:16:19,2025-11-10T06:17:39
SHP00007005,ORD00007005,USPS,2024-12-08,2024-12-13,2024-12-09,9.83,2024-12-08T13:59:31,2025-09-17T04:04:32
SHP00007006,ORD00007006,UPS,2024-01-18,2024-01-23,2024-01-20,33.22,2024-01-18T17:58:32,2024-10-29T07:24:51
SHP00007008,ORD00007008,DHL,2025-10-20,2025-10-24,,21.92,2025-10-20T18:19:59,2026-02-24T11:26:39
SHP00007009,ORD00007009,XPO,2025-09-26,2025-09-30,2025-10-02,6.04,2025-09-26T13:30:44,2025-10-07T07:07:27
SHP00007010,ORD00007010,UPS,2025-09-30,2025-10-03,,12.54,2025-09-30T06:31:55,2025-12-10T03:39:35
SHP00007011,ORD00007011,USPS,2026-01-27,2026-01-31,,34.72,2026-01-27T08:22:16,2026-02-20T02:57:25
SHP00007012,ORD00007012,UPS,2024-01-17,2024-01-20,,31.31,2024-01-17T17:18:58,2024-10-07T03:58:10
SHP00007013,ORD00007013,FedEx,2024-03-26,2024-03-28,2024-03-28,34.88,2024-03-26T00:58:03,2024-10-16T08:49:49
SHP00007014,ORD00007014,OnTrac,2025-06-27,2025-06-30,2025-07-02,14.46,2025-06-27T03:26:39,2025-08-17T23:32:23
SHP00007015,ORD00007015,UPS,2024-12-09,2024-12-11,2024-12-14,35.86,2024-12-09T16:12:51,2025-08-25T15:47:34
SHP00007016,ORD00007016,OnTrac,2026-02-09,2026-02-13,2026-02-12,37.85,2026-02-09T17:40:42,2026-02-10T10:03:09
SHP00007017,ORD00007017,DHL,2024-05-16,2024-05-19,2024-05-17,12.37,2024-05-16T05:56:06,2025-07-03T07:13:17
SHP00007020,ORD00007020,FedEx,2026-01-19,2026-01-22,2026-01-20,30.38,2026-01-19T00:21:25,2026-02-19T22:26:56
SHP00007021,ORD00007021,DHL,2025-05-18,2025-05-20,,38.96,2025-05-18T15:44:14,2025-11-16T03:16:11
SHP00007024,ORD00007024,OnTrac,2025-07-04,2025-07-07,2025-07-05,21.6,2025-07-04T05:33:09,2025-09-28T09:25:06
SHP00007025,ORD00007025,USPS,2025-07-19,2025-07-25,2025-07-21,6.24,2025-07-19T08:24:56,2026-02-22T21:17:26
SHP00007029,ORD00007029,USPS,2025-03-22,2025-03-28,,22.74,2025-03-22T03:36:40,2026-01-28T20:00:15
SHP00007030,ORD00007030,XPO,2026-02-23,2026-02-27,2026-02-25,24.87,2026-02-23T22:49:37,2026-02-24T04:34:42
SHP00007032,ORD00007032,USPS,2025-07-17,2025-07-21,2025-07-20,30.01,2025-07-17T14:25:37,2025-10-22T09:32:06
SHP00007034,ORD00007034,UPS,2025-01-15,2025-01-21,2025-01-16,31.51,2025-01-15T16:05:43,2025-01-28T08:50:47
SHP00007036,ORD00007036,FedEx,2025-06-15,2025-06-17,2025-06-17,30.78,2025-06-15T13:39:50,2025-07-30T12:24:39
SHP00007037,ORD00007037,FedEx,2024-04-29,2024-05-04,2024-05-06,35.48,2024-04-29T02:53:54,2024-06-26T07:07:35
SHP00007040,ORD00007040,XPO,2024-03-07,2024-03-13,2024-03-09,25.19,2024-03-07T00:23:06,2025-02-22T18:40:01
SHP00007041,ORD00007041,USPS,2024-05-15,2024-05-17,2024-05-18,34.92,2024-05-15T08:52:41,2025-11-16T04:58:22
SHP00007042,ORD00007042,FedEx,2026-02-11,2026-02-14,2026-02-16,35.55,2026-02-11T05:02:12,2026-02-19T19:14:12
SHP00007045,ORD00007045,USPS,2024-10-06,2024-10-11,,34.78,2024-10-06T10:24:28,2025-10-24T22:25:55
SHP00007046,ORD00007046,USPS,2024-12-10,2024-12-14,,30.61,2024-12-10T00:34:42,2025-07-26T05:20:27
SHP00007048,ORD00007048,DHL,2024-04-23,2024-04-28,2024-04-27,28.91,2024-04-23T13:36:58,2025-07-20T20:48:16
SHP00007049,ORD00007049,DHL,2024-09-15,2024-09-18,,33.37,2024-09-15T16:12:49,2025-10-03T17:55:52
SHP00007050,ORD00007050,FedEx,2025-03-11,2025-03-15,2025-03-13,25.59,2025-03-11T08:25:17,2026-01-28T04:22:44
SHP00007057,ORD00007057,XPO,2025-02-12,2025-02-15,2025-02-19,9.9,2025-02-12T16:56:03,2026-01-09T13:18:35
SHP00007061,ORD00007061,USPS,2026-02-22,2026-02-26,2026-02-25,22.83,2026-02-22T17:43:13,2026-02-25T08:46:16
SHP00007062,ORD00007062,UPS,2026-01-13,2026-01-15,,23.66,2026-01-13T14:15:57,2026-02-08T15:18:59
SHP00007064,ORD00007064,OnTrac,2025-08-05,2025-08-08,2025-08-07,34.87,2025-08-05T09:20:15,2025-10-09T06:22:20
SHP00007066,ORD00007066,XPO,2025-11-26,2025-11-30,2025-11-29,10.13,2025-11-26T06:01:44,2025-12-24T11:47:03
SHP00007068,ORD00007068,DHL,2025-01-10,2025-01-16,2025-01-14,39.9,2025-01-10T04:24:25,2025-10-13T19:18:22
SHP00007070,ORD00007070,FedEx,2025-11-11,2025-11-15,2025-11-15,21.36,2025-11-11T14:08:57,2026-02-13T03:14:09
SHP00007071,ORD00007071,XPO,2024-03-07,2024-03-11,2024-03-08,11.62,2024-03-07T22:59:41,2025-09-06T05:17:32
SHP00007072,ORD00007072,XPO,2024-12-07,2024-12-13,,13.62,2024-12-07T23:11:26,2025-06-07T20:23:25
SHP00007073,ORD00007073,UPS,2026-02-02,2026-02-08,,22.03,2026-02-02T16:27:13,2026-02-07T17:44:35
SHP00007074,ORD00007074,FedEx,2026-02-09,2026-02-12,2026-02-12,26.61,2026-02-09T01:20:38,2026-02-13T20:25:25
SHP00007076,ORD00007076,DHL,2025-10-31,2025-11-06,,11.18,2025-10-31T16:31:01,2026-02-04T17:58:12
SHP00007077,ORD00007077,FedEx,2024-09-15,2024-09-20,,15.51,2024-09-15T14:40:55,2025-09-13T12:36:17
SHP00007079,ORD00007079,UPS,2026-01-03,2026-01-07,,22.2,2026-01-03T07:14:11,2026-02-01T18:11:09
SHP00007080,ORD00007080,OnTrac,2025-12-15,2025-12-21,2025-12-16,24.57,2025-12-15T10:24:26,2026-02-23T14:57:10
SHP00007083,ORD00007083,UPS,2025-09-28,2025-10-04,,25.15,2025-09-28T03:35:55,2026-01-10T23:58:30
SHP00007084,ORD00007084,USPS,2024-03-31,2024-04-03,2024-04-01,28.64,2024-03-31T14:39:29,2024-11-26T13:10:47
SHP00007085,ORD00007085,USPS,2024-11-21,2024-11-26,2024-11-27,27.79,2024-11-21T18:14:30,2026-02-25T20:03:45
SHP00007087,ORD00007087,DHL,2024-04-13,2024-04-19,,17.95,2024-04-13T03:05:57,2025-04-18T15:38:12
SHP00007090,ORD00007090,FedEx,2024-11-21,2024-11-27,2024-11-23,23.61,2024-11-21T04:11:32,2026-02-09T01:12:51
SHP00007092,ORD00007092,DHL,2026-01-13,2026-01-19,,23.56,2026-01-13T14:40:21,2026-01-22T21:58:03
SHP00007094,ORD00007094,XPO,2024-12-15,2024-12-18,2024-12-22,10.01,2024-12-15T01:21:40,2025-02-12T19:52:42
SHP00007095,ORD00007095,FedEx,2024-07-07,2024-07-13,2024-07-09,23.45,2024-07-07T09:58:39,2024-09-27T04:39:53
SHP00007096,ORD00007096,USPS,2024-02-12,2024-02-16,,5.82,2024-02-12T21:18:04,2024-12-16T13:00:30
SHP00007097,ORD00007097,FedEx,2024-03-14,2024-03-20,2024-03-19,12.93,2024-03-14T02:30:36,2025-05-28T15:56:39
SHP00007098,ORD00007098,DHL,2024-11-05,2024-11-07,,10.34,2024-11-05T16:06:43,2025-05-28T00:42:51
SHP00007100,ORD00007100,OnTrac,2024-04-24,2024-04-29,,11.76,2024-04-24T07:29:45,2024-07-02T17:20:08
SHP00007102,ORD00007102,XPO,2025-12-03,2025-12-05,2025-12-08,12.2,2025-12-03T00:40:33,2026-01-16T19:22:45
SHP00007103,ORD00007103,UPS,2024-12-15,2024-12-17,,30.16,2024-12-15T06:41:45,2024-12-29T03:52:29
SHP00007104,ORD00007104,UPS,2025-09-22,2025-09-27,,26.72,2025-09-22T18:35:01,2026-02-16T22:48:27
SHP00007105,ORD00007105,XPO,2024-01-15,2024-01-17,2024-01-19,36.36,2024-01-15T09:16:49,2024-11-17T17:01:19
SHP00007106,ORD00007106,OnTrac,2024-06-15,2024-06-18,,24.71,2024-06-15T08:46:08,2024-10-16T11:02:20
SHP00007107,ORD00007107,XPO,2025-05-17,2025-05-20,2025-05-22,28.83,2025-05-17T07:10:56,2025-07-09T03:47:46
SHP00007108,ORD00007108,OnTrac,2024-06-10,2024-06-16,,9.2,2024-06-10T15:03:46,2025-12-10T04:50:02
SHP00007110,ORD00007110,XPO,2025-12-20,2025-12-26,2025-12-22,14.68,2025-12-20T04:05:04,2026-02-21T17:03:38
SHP00007111,ORD00007111,FedEx,2024-12-08,2024-12-14,2024-12-09,35.37,2024-12-08T12:50:14,2025-04-15T02:21:38
SHP00007114,ORD00007114,XPO,2025-03-09,2025-03-12,2025-03-16,34.69,2025-03-09T18:19:28,2025-03-27T03:22:34
SHP00007115,ORD00007115,OnTrac,2024-12-13,2024-12-15,,39.17,2024-12-13T08:14:52,2025-06-26T20:05:19
SHP00007120,ORD00007120,OnTrac,2025-06-11,2025-06-17,2025-06-18,31.62,2025-06-11T04:00:49,2026-02-06T01:43:36
SHP00007121,ORD00007121,UPS,2024-05-08,2024-05-12,,29.75,2024-05-08T00:52:23,2025-05-02T02:13:20
SHP00007124,ORD00007124,USPS,2024-04-13,2024-04-16,2024-04-20,23.07,2024-04-13T07:59:23,2025-01-06T23:01:43
SHP00007127,ORD00007127,XPO,2026-01-10,2026-01-12,2026-01-15,38.24,2026-01-10T22:01:31,2026-02-16T20:53:52
SHP00007129,ORD00007129,USPS,2025-03-14,2025-03-16,2025-03-18,28.37,2025-03-14T04:14:30,2026-01-06T09:42:02
SHP00007130,ORD00007130,OnTrac,2024-06-12,2024-06-16,,19.05,2024-06-12T04:19:02,2024-06-25T18:47:57
SHP00007131,ORD00007131,XPO,2025-09-21,2025-09-24,2025-09-23,24.84,2025-09-21T16:00:10,2025-10-08T11:47:59
SHP00007134,ORD00007134,FedEx,2025-08-24,2025-08-29,2025-08-26,28.46,2025-08-24T14:18:54,2025-12-24T12:18:08
SHP00007135,ORD00007135,FedEx,2025-09-23,2025-09-29,2025-09-28,37.35,2025-09-23T04:34:03,2026-01-01T18:29:20
SHP00007136,ORD00007136,UPS,2026-02-26,2026-03-01,2026-02-28,29.66,2026-02-26T07:06:55,2026-02-27T09:43:33
SHP00007137,ORD00007137,OnTrac,2025-08-10,2025-08-14,2025-08-14,13.24,2025-08-10T23:25:37,2025-09-07T09:55:34
SHP00007139,ORD00007139,FedEx,2025-02-11,2025-02-16,2025-02-16,21.76,2025-02-11T18:49:51,2025-11-01T23:38:21
SHP00007140,ORD00007140,FedEx,2024-07-10,2024-07-12,,37.23,2024-07-10T20:34:41,2024-08-04T00:05:55
SHP00007141,ORD00007141,XPO,2025-08-30,2025-09-01,2025-09-03,16.49,2025-08-30T11:00:53,2025-12-28T00:04:13
SHP00007144,ORD00007144,FedEx,2026-01-23,2026-01-27,,22.68,2026-01-23T03:54:37,2026-02-21T02:28:06
SHP00007145,ORD00007145,DHL,2025-01-14,2025-01-19,2025-01-21,17.73,2025-01-14T16:50:25,2025-01-30T23:00:17
SHP00007146,ORD00007146,DHL,2026-02-24,2026-02-27,,34.71,2026-02-24T12:13:57,2026-02-25T08:36:05
SHP00007147,ORD00007147,FedEx,2024-04-30,2024-05-05,2024-05-06,11.8,2024-04-30T02:46:12,2024-07-07T03:16:25
SHP00007152,ORD00007152,XPO,2025-12-06,2025-12-10,2025-12-12,37.48,2025-12-06T23:58:03,2026-02-01T19:51:13
SHP00007153,ORD00007153,OnTrac,2024-07-11,2024-07-17,2024-07-12,19.41,2024-07-11T07:52:02,2025-11-08T03:50:44
SHP00007157,ORD00007157,DHL,2025-02-21,2025-02-27,,17.42,2025-02-21T15:21:21,2026-01-25T13:15:16
SHP00007159,ORD00007159,USPS,2024-07-12,2024-07-14,2024-07-19,17.37,2024-07-12T16:37:59,2024-08-14T11:30:27
SHP00007162,ORD00007162,OnTrac,2025-11-14,2025-11-16,,15.48,2025-11-14T05:24:47,2025-12-07T09:33:07
SHP00007165,ORD00007165,DHL,2024-02-16,2024-02-22,2024-02-21,6.63,2024-02-16T10:59:54,2024-02-22T16:40:11
SHP00007166,ORD00007166,USPS,2025-11-06,2025-11-09,2025-11-09,5.27,2025-11-06T17:24:39,2026-02-23T07:19:50
SHP00007169,ORD00007169,XPO,2024-12-29,2025-01-04,,17.38,2024-12-29T14:29:45,2025-04-18T11:31:06
SHP00007171,ORD00007171,USPS,2024-08-05,2024-08-10,2024-08-10,39.3,2024-08-05T11:53:14,2025-06-23T17:29:07
SHP00007173,ORD00007173,UPS,2024-05-18,2024-05-21,2024-05-20,9.95,2024-05-18T05:50:31,2024-10-15T22:27:14
SHP00007174,ORD00007174,XPO,2024-06-21,2024-06-27,2024-06-27,20.82,2024-06-21T05:33:21,2025-09-26T19:28:03
SHP00007176,ORD00007176,USPS,2024-08-10,2024-08-14,2024-08-12,11.7,2024-08-10T12:14:46,2024-09-11T14:06:10
SHP00007178,ORD00007178,OnTrac,2024-12-14,2024-12-17,2024-12-16,7.17,2024-12-14T14:25:27,2025-11-12T08:26:18
SHP00007179,ORD00007179,XPO,2025-11-21,2025-11-24,2025-11-27,27.97,2025-11-21T06:18:53,2026-02-16T03:46:41
SHP00007180,ORD00007180,UPS,2024-04-09,2024-04-11,2024-04-11,33.9,2024-04-09T23:47:31,2024-05-16T18:18:34
SHP00007183,ORD00007183,XPO,2025-05-08,2025-05-12,2025-05-09,26.53,2025-05-08T20:25:57,2025-07-08T07:22:32
SHP00007184,ORD00007184,FedEx,2025-10-22,2025-10-28,2025-10-26,4.57,2025-10-22T03:14:11,2025-12-28T19:42:16
SHP00007185,ORD00007185,XPO,2025-08-26,2025-08-30,,6.47,2025-08-26T09:50:25,2025-11-14T08:07:36
SHP00007186,ORD00007186,USPS,2025-07-14,2025-07-18,,24.08,2025-07-14T12:33:22,2025-08-02T19:19:27
SHP00007188,ORD00007188,USPS,2026-03-02,2026-03-07,2026-03-06,9.83,2026-03-02T15:40:30,2026-03-02T12:15:16
SHP00007189,ORD00007189,OnTrac,2026-01-05,2026-01-08,2026-01-12,30.91,2026-01-05T02:19:30,2026-02-15T10:49:26
SHP00007190,ORD00007190,XPO,2026-01-23,2026-01-27,2026-01-25,4.27,2026-01-23T20:01:31,2026-01-30T23:27:13
SHP00007191,ORD00007191,UPS,2025-08-10,2025-08-13,2025-08-13,31.11,2025-08-10T16:52:10,2025-10-01T01:12:23
SHP00007192,ORD00007192,XPO,2024-07-27,2024-08-02,2024-07-28,13.82,2024-07-27T05:39:23,2025-07-21T16:33:50
SHP00007194,ORD00007194,DHL,2025-03-05,2025-03-11,2025-03-11,20.32,2025-03-05T10:24:29,2025-08-30T15:39:17
SHP00007195,ORD00007195,FedEx,2024-01-10,2024-01-13,,8.19,2024-01-10T22:13:06,2025-02-11T19:07:54
SHP00007196,ORD00007196,OnTrac,2024-07-22,2024-07-27,2024-07-27,16.43,2024-07-22T04:07:03,2024-08-11T06:00:59
SHP00007197,ORD00007197,FedEx,2024-10-26,2024-10-30,,4.7,2024-10-26T05:36:58,2025-02-24T03:13:33
SHP00007198,ORD00007198,USPS,2024-01-14,2024-01-16,2024-01-17,12.75,2024-01-14T19:46:03,2025-05-01T08:24:56
SHP00007200,ORD00007200,DHL,2024-12-12,2024-12-15,,4.21,2024-12-12T11:12:11,2026-01-22T09:30:54
SHP00007201,ORD00007201,UPS,2025-07-02,2025-07-06,2025-07-03,17.15,2025-07-02T20:38:23,2025-08-20T04:39:08
SHP00007203,ORD00007203,OnTrac,2025-10-13,2025-10-17,,27.6,2025-10-13T23:59:56,2026-01-12T19:54:34
SHP00007204,ORD00007204,USPS,2025-12-24,2025-12-27,,32.52,2025-12-24T00:02:39,2025-12-30T16:06:14
SHP00007205,ORD00007205,UPS,2024-11-14,2024-11-16,2024-11-18,5.97,2024-11-14T18:52:09,2024-11-28T06:03:54
SHP00007209,ORD00007209,XPO,2024-04-19,2024-04-24,,9.26,2024-04-19T04:51:23,2025-10-21T07:12:02
SHP00007210,ORD00007210,OnTrac,2024-05-01,2024-05-04,2024-05-06,12.44,2024-05-01T18:07:06,2026-01-11T12:33:48
SHP00007211,ORD00007211,OnTrac,2025-10-18,2025-10-24,2025-10-21,37.65,2025-10-18T14:58:58,2025-10-21T04:36:03
SHP00007212,ORD00007212,OnTrac,2025-01-02,2025-01-05,2025-01-04,19.04,2025-01-02T03:35:09,2025-07-20T23:41:03
SHP00007214,ORD00007214,DHL,2024-05-17,2024-05-22,2024-05-19,19.71,2024-05-17T11:50:13,2024-10-13T02:55:10
SHP00007215,ORD00007215,XPO,2024-07-21,2024-07-25,2024-07-26,22.26,2024-07-21T12:35:47,2024-08-05T04:31:49
SHP00007216,ORD00007216,UPS,2024-12-08,2024-12-12,2024-12-10,6.16,2024-12-08T12:21:53,2025-05-18T08:55:40
SHP00007217,ORD00007217,UPS,2025-12-21,2025-12-24,2025-12-27,19.72,2025-12-21T12:50:41,2026-01-29T21:50:25
SHP00007218,ORD00007218,OnTrac,2026-01-28,2026-02-01,2026-02-03,12.06,2026-01-28T11:22:15,2026-02-06T03:59:35
SHP00007219,ORD00007219,XPO,2024-01-31,2024-02-04,,37.94,2024-01-31T21:21:49,2024-10-17T08:19:40
SHP00007222,ORD00007222,DHL,2024-08-23,2024-08-29,2024-08-24,34.88,2024-08-23T21:18:30,2024-12-27T23:54:45
SHP00007225,ORD00007225,USPS,2025-10-24,2025-10-26,,25.65,2025-10-24T09:37:11,2025-12-23T04:27:31
SHP00007228,ORD00007228,FedEx,2024-06-17,2024-06-23,2024-06-20,29.55,2024-06-17T20:29:18,2024-09-08T22:05:49
SHP00007229,ORD00007229,OnTrac,2025-05-28,2025-06-03,,13.09,2025-05-28T06:20:45,2025-11-09T00:26:47
SHP00007230,ORD00007230,DHL,2025-04-11,2025-04-13,2025-04-12,17.37,2025-04-11T17:53:00,2025-10-14T00:51:20
SHP00007232,ORD00007232,USPS,2025-05-16,2025-05-20,,39.41,2025-05-16T22:14:19,2026-02-11T02:08:34
SHP00007234,ORD00007234,DHL,2024-01-06,2024-01-12,2024-01-09,37.3,2024-01-06T16:31:54,2026-02-05T22:28:39
SHP00007236,ORD00007236,OnTrac,2024-12-31,2025-01-02,2025-01-06,16.49,2024-12-31T04:13:56,2025-12-04T16:58:00
SHP00007237,ORD00007237,XPO,2024-10-07,2024-10-13,2024-10-12,27.41,2024-10-07T13:37:13,2025-05-02T01:06:31
SHP00007238,ORD00007238,USPS,2024-12-16,2024-12-18,2024-12-23,14.72,2024-12-16T21:02:11,2025-06-16T23:49:51
SHP00007240,ORD00007240,FedEx,2025-05-31,2025-06-06,2025-06-01,27.81,2025-05-31T14:31:18,2025-06-10T13:23:34
SHP00007242,ORD00007242,XPO,2024-12-30,2025-01-03,2025-01-05,8.33,2024-12-30T14:00:41,2025-02-09T12:20:55
SHP00007245,ORD00007245,UPS,2024-10-31,2024-11-06,,38.53,2024-10-31T02:13:47,2025-04-05T21:46:06
SHP00007246,ORD00007246,USPS,2025-12-19,2025-12-23,2025-12-26,7.51,2025-12-19T06:56:01,2026-01-03T03:17:21
SHP00007252,ORD00007252,OnTrac,2026-01-24,2026-01-26,2026-01-29,31.45,2026-01-24T18:12:55,2026-01-28T06:57:46
SHP00007253,ORD00007253,FedEx,2024-07-31,2024-08-02,2024-08-01,27.77,2024-07-31T13:56:39,2025-01-15T14:40:20
SHP00007254,ORD00007254,USPS,2025-03-05,2025-03-07,2025-03-12,29.99,2025-03-05T04:29:55,2025-11-18T01:24:09
SHP00007255,ORD00007255,OnTrac,2024-04-12,2024-04-17,,26.7,2024-04-12T13:16:18,2025-12-23T13:04:43
SHP00007259,ORD00007259,USPS,2024-06-18,2024-06-21,2024-06-19,23.46,2024-06-18T22:44:00,2024-12-29T21:09:06
SHP00007260,ORD00007260,USPS,2025-01-29,2025-02-04,,32.22,2025-01-29T02:10:39,2025-02-22T10:54:04
SHP00007261,ORD00007261,UPS,2024-04-21,2024-04-23,2024-04-27,27.01,2024-04-21T19:15:18,2026-01-07T06:50:22
SHP00007262,ORD00007262,FedEx,2025-03-27,2025-04-02,2025-03-31,24.06,2025-03-27T21:14:18,2025-09-22T21:30:04
SHP00007264,ORD00007264,FedEx,2024-01-12,2024-01-15,,10.28,2024-01-12T15:14:38,2024-09-18T19:39:52
SHP00007266,ORD00007266,DHL,2024-11-27,2024-11-30,2024-12-03,32.29,2024-11-27T22:26:38,2025-10-27T05:42:58
SHP00007267,ORD00007267,USPS,2025-12-13,2025-12-19,,37.68,2025-12-13T07:47:01,2025-12-16T03:26:11
SHP00007268,ORD00007268,UPS,2025-05-01,2025-05-07,,23.45,2025-05-01T14:31:11,2025-06-30T11:19:44
SHP00007269,ORD00007269,FedEx,2024-03-21,2024-03-25,2024-03-27,21.22,2024-03-21T13:03:30,2024-12-03T14:04:40
SHP00007270,ORD00007270,OnTrac,2024-01-13,2024-01-15,,28.19,2024-01-13T01:59:31,2025-08-12T03:01:31
SHP00007272,ORD00007272,XPO,2025-11-03,2025-11-08,,25.91,2025-11-03T12:30:33,2026-02-21T02:09:25
SHP00007273,ORD00007273,UPS,2024-07-26,2024-07-31,,6.34,2024-07-26T09:38:05,2025-05-08T05:43:43
SHP00007274,ORD00007274,FedEx,2024-03-27,2024-04-01,2024-03-28,12.76,2024-03-27T00:04:10,2025-10-03T08:24:28
SHP00007275,ORD00007275,DHL,2024-04-16,2024-04-21,,32.22,2024-04-16T05:42:19,2025-06-21T12:27:17
SHP00007277,ORD00007277,XPO,2026-01-12,2026-01-18,,20.4,2026-01-12T01:10:13,2026-02-16T13:53:13
SHP00007278,ORD00007278,XPO,2025-02-24,2025-02-27,,11.67,2025-02-24T07:57:49,2025-07-10T20:25:30
SHP00007279,ORD00007279,USPS,2025-08-24,2025-08-27,2025-08-30,36.08,2025-08-24T23:14:49,2026-02-12T03:49:56
SHP00007280,ORD00007280,XPO,2025-08-28,2025-08-31,2025-09-01,22.4,2025-08-28T09:17:42,2025-11-21T00:21:48
SHP00007281,ORD00007281,XPO,2024-04-19,2024-04-24,2024-04-22,18.66,2024-04-19T13:00:45,2025-02-26T22:33:57
SHP00007282,ORD00007282,UPS,2026-01-08,2026-01-10,,17.71,2026-01-08T23:34:58,2026-01-26T19:46:00
SHP00007283,ORD00007283,XPO,2025-09-07,2025-09-11,2025-09-12,22.73,2025-09-07T05:22:04,2026-01-05T21:01:06
SHP00007284,ORD00007284,USPS,2024-06-19,2024-06-24,,28.13,2024-06-19T01:55:27,2025-02-09T23:13:47
SHP00007287,ORD00007287,UPS,2024-07-12,2024-07-17,,39.6,2024-07-12T03:13:13,2024-07-25T01:57:04
SHP00007288,ORD00007288,XPO,2025-12-17,2025-12-23,2025-12-23,17.78,2025-12-17T15:54:45,2026-01-18T09:32:46
SHP00007290,ORD00007290,DHL,2024-08-23,2024-08-25,2024-08-30,34.69,2024-08-23T22:38:26,2025-06-27T10:19:29
SHP00007291,ORD00007291,DHL,2024-04-10,2024-04-15,,17.99,2024-04-10T03:37:39,2024-08-04T15:23:38
SHP00007293,ORD00007293,DHL,2025-12-31,2026-01-02,,13.46,2025-12-31T23:19:12,2026-01-01T14:03:55
SHP00007295,ORD00007295,DHL,2025-05-08,2025-05-13,2025-05-11,14.94,2025-05-08T16:32:13,2025-10-19T07:13:24
SHP00007297,ORD00007297,OnTrac,2026-02-21,2026-02-25,,21.99,2026-02-21T20:29:07,2026-02-28T04:21:40
SHP00007300,ORD00007300,XPO,2024-05-23,2024-05-28,2024-05-29,5.46,2024-05-23T00:54:43,2024-08-28T10:40:36
SHP00007301,ORD00007301,XPO,2024-04-01,2024-04-04,,20.92,2024-04-01T15:35:28,2024-11-07T15:31:20
SHP00007306,ORD00007306,UPS,2025-06-26,2025-06-30,2025-07-03,5.72,2025-06-26T06:36:34,2025-09-07T22:07:54
SHP00007311,ORD00007311,XPO,2024-11-11,2024-11-16,2024-11-15,23.55,2024-11-11T12:16:09,2025-01-13T19:08:27
SHP00007314,ORD00007314,FedEx,2024-01-06,2024-01-12,2024-01-10,10.3,2024-01-06T09:08:37,2026-01-08T13:16:26
SHP00007315,ORD00007315,USPS,2025-05-04,2025-05-10,2025-05-11,7.95,2025-05-04T06:35:29,2025-06-27T06:12:23
SHP00007318,ORD00007318,DHL,2025-06-23,2025-06-26,2025-06-26,16.05,2025-06-23T15:52:21,2026-02-22T03:09:53
SHP00007320,ORD00007320,USPS,2024-03-25,2024-03-31,2024-03-30,18.41,2024-03-25T04:08:05,2025-08-20T22:46:35
SHP00007322,ORD00007322,DHL,2025-09-05,2025-09-08,2025-09-07,29.94,2025-09-05T21:06:54,2025-10-15T09:56:38
SHP00007327,ORD00007327,FedEx,2024-02-06,2024-02-12,,18.53,2024-02-06T12:09:39,2025-12-25T00:20:52
SHP00007329,ORD00007329,OnTrac,2024-08-28,2024-08-31,2024-09-01,32.78,2024-08-28T11:55:48,2025-10-03T23:48:44
SHP00007330,ORD00007330,FedEx,2024-02-27,2024-03-01,,33.11,2024-02-27T13:10:33,2024-12-21T06:45:42
SHP00007331,ORD00007331,OnTrac,2025-02-25,2025-02-28,2025-02-26,38.49,2025-02-25T04:38:42,2026-01-21T01:31:34
SHP00007333,ORD00007333,USPS,2025-10-02,2025-10-08,,21.67,2025-10-02T00:59:35,2025-11-06T16:07:08
SHP00007334,ORD00007334,DHL,2024-12-21,2024-12-25,,8.9,2024-12-21T07:18:35,2025-06-13T06:19:50
SHP00007338,ORD00007338,USPS,2024-11-06,2024-11-12,2024-11-07,21.37,2024-11-06T18:04:44,2025-07-07T03:16:06
SHP00007341,ORD00007341,FedEx,2024-02-03,2024-02-05,,27.4,2024-02-03T14:22:33,2024-04-22T19:17:42
SHP00007344,ORD00007344,USPS,2024-05-28,2024-05-30,2024-05-30,22.98,2024-05-28T23:47:09,2025-09-06T03:40:42
SHP00007349,ORD00007349,OnTrac,2025-01-22,2025-01-24,2025-01-24,28.79,2025-01-22T03:32:37,2025-02-21T19:41:18
SHP00007351,ORD00007351,DHL,2025-07-13,2025-07-17,,14.58,2025-07-13T05:05:36,2025-12-21T21:59:35
SHP00007352,ORD00007352,FedEx,2025-02-14,2025-02-19,2025-02-17,22.15,2025-02-14T20:38:39,2026-02-25T00:15:40
SHP00007353,ORD00007353,XPO,2024-10-20,2024-10-22,2024-10-27,29.37,2024-10-20T16:58:26,2025-11-03T12:04:52
SHP00007354,ORD00007354,UPS,2025-08-22,2025-08-24,2025-08-29,23.64,2025-08-22T20:54:52,2025-10-06T00:56:18
SHP00007356,ORD00007356,USPS,2025-08-18,2025-08-23,,29.37,2025-08-18T23:52:02,2025-12-09T20:35:20
SHP00007357,ORD00007357,UPS,2025-09-13,2025-09-15,2025-09-16,36.56,2025-09-13T08:25:26,2025-10-29T20:57:12
SHP00007358,ORD00007358,UPS,2025-12-09,2025-12-13,2025-12-10,11.67,2025-12-09T12:04:18,2026-01-17T00:53:49
SHP00007360,ORD00007360,OnTrac,2025-02-03,2025-02-05,2025-02-10,39.23,2025-02-03T03:15:10,2025-03-25T16:24:01
SHP00007362,ORD00007362,FedEx,2024-03-22,2024-03-27,,26.94,2024-03-22T02:42:19,2025-07-04T06:19:43
SHP00007364,ORD00007364,USPS,2025-03-31,2025-04-03,2025-04-02,33.42,2025-03-31T05:05:15,2025-08-04T03:35:44
SHP00007367,ORD00007367,USPS,2024-04-22,2024-04-24,,31.93,2024-04-22T01:43:32,2024-06-18T03:50:17
SHP00007369,ORD00007369,USPS,2025-09-04,2025-09-08,2025-09-08,27.52,2025-09-04T05:45:59,2026-01-10T15:04:00
SHP00007370,ORD00007370,OnTrac,2024-10-07,2024-10-10,2024-10-13,24.0,2024-10-07T08:49:45,2024-12-07T04:03:45
SHP00007373,ORD00007373,OnTrac,2024-06-23,2024-06-25,2024-06-30,32.54,2024-06-23T12:13:01,2026-02-20T05:54:31
SHP00007375,ORD00007375,FedEx,2024-05-13,2024-05-17,2024-05-14,17.94,2024-05-13T19:46:57,2025-04-13T13:19:22
SHP00007377,ORD00007377,UPS,2025-11-25,2025-11-28,,13.04,2025-11-25T21:13:29,2025-12-03T14:38:35
SHP00007378,ORD00007378,OnTrac,2025-11-04,2025-11-08,2025-11-06,20.76,2025-11-04T20:11:30,2025-11-10T20:07:47
SHP00007379,ORD00007379,DHL,2026-01-13,2026-01-19,2026-01-17,36.24,2026-01-13T00:27:05,2026-02-09T00:15:03
SHP00007384,ORD00007384,USPS,2025-08-20,2025-08-23,2025-08-27,34.18,2025-08-20T18:54:52,2025-09-13T11:05:25
SHP00007386,ORD00007386,UPS,2025-05-02,2025-05-07,2025-05-09,5.72,2025-05-02T18:16:22,2026-02-23T07:46:13
SHP00007390,ORD00007390,DHL,2024-09-02,2024-09-05,2024-09-03,15.17,2024-09-02T09:39:59,2025-06-27T23:11:53
SHP00007391,ORD00007391,DHL,2024-05-19,2024-05-23,2024-05-20,29.42,2024-05-19T11:34:48,2026-01-24T09:49:20
SHP00007392,ORD00007392,DHL,2024-07-30,2024-08-03,2024-07-31,30.85,2024-07-30T23:52:20,2025-06-08T06:31:14
SHP00007394,ORD00007394,XPO,2024-09-26,2024-09-30,2024-10-03,18.63,2024-09-26T03:16:16,2026-02-09T20:55:22
SHP00007395,ORD00007395,XPO,2025-08-15,2025-08-19,,6.77,2025-08-15T16:45:44,2025-11-20T18:38:48
SHP00007396,ORD00007396,FedEx,2025-12-24,2025-12-29,,16.91,2025-12-24T12:25:00,2026-01-23T16:29:42
SHP00007402,ORD00007402,UPS,2025-01-01,2025-01-05,2025-01-07,35.2,2025-01-01T18:30:44,2025-11-04T02:29:07
SHP00007403,ORD00007403,FedEx,2025-07-26,2025-07-31,2025-07-31,30.0,2025-07-26T23:42:27,2026-01-30T04:54:51
SHP00007408,ORD00007408,DHL,2025-04-16,2025-04-20,2025-04-20,30.13,2025-04-16T05:53:02,2025-06-07T14:01:04
SHP00007409,ORD00007409,USPS,2025-03-25,2025-03-27,,4.4,2025-03-25T05:30:34,2025-10-20T20:50:15
SHP00007410,ORD00007410,DHL,2024-09-08,2024-09-13,,22.85,2024-09-08T00:27:50,2025-04-21T23:13:17
SHP00007411,ORD00007411,FedEx,2025-07-25,2025-07-31,,10.91,2025-07-25T00:54:25,2025-11-01T02:21:10
SHP00007412,ORD00007412,FedEx,2025-03-10,2025-03-12,2025-03-14,8.94,2025-03-10T18:43:17,2025-03-16T13:40:56
SHP00007414,ORD00007414,UPS,2024-11-01,2024-11-07,2024-11-03,14.69,2024-11-01T16:49:14,2025-11-27T12:12:40
SHP00007416,ORD00007416,OnTrac,2025-10-22,2025-10-28,2025-10-28,8.05,2025-10-22T18:49:01,2025-12-15T22:05:10
SHP00007418,ORD00007418,DHL,2025-01-02,2025-01-08,,35.05,2025-01-02T10:29:06,2025-11-14T10:46:08
SHP00007420,ORD00007420,DHL,2025-09-23,2025-09-29,2025-09-29,24.2,2025-09-23T02:39:10,2025-12-03T16:15:58
SHP00007421,ORD00007421,OnTrac,2025-09-25,2025-09-27,2025-09-30,8.61,2025-09-25T20:55:39,2026-02-14T17:56:29
SHP00007422,ORD00007422,OnTrac,2025-06-24,2025-06-30,2025-07-01,39.98,2025-06-24T18:25:31,2025-08-09T03:11:52
SHP00007423,ORD00007423,XPO,2025-02-20,2025-02-26,2025-02-27,7.5,2025-02-20T16:07:13,2025-05-22T04:10:41
SHP00007426,ORD00007426,USPS,2025-04-18,2025-04-22,,18.02,2025-04-18T06:00:09,2026-02-16T20:22:32
SHP00007428,ORD00007428,FedEx,2024-04-16,2024-04-21,,6.29,2024-04-16T04:13:31,2025-03-02T12:39:28
SHP00007429,ORD00007429,UPS,2025-10-03,2025-10-07,2025-10-04,33.66,2025-10-03T11:12:33,2026-01-31T00:34:48
SHP00007430,ORD00007430,DHL,2024-09-03,2024-09-05,2024-09-09,12.84,2024-09-03T03:02:18,2025-09-22T21:03:52
SHP00007432,ORD00007432,OnTrac,2024-07-20,2024-07-22,2024-07-25,17.77,2024-07-20T13:14:35,2025-05-14T00:48:30
SHP00007433,ORD00007433,USPS,2025-12-01,2025-12-07,,34.43,2025-12-01T21:04:26,2026-02-20T21:18:58
SHP00007434,ORD00007434,USPS,2024-12-14,2024-12-19,,10.33,2024-12-14T14:50:16,2025-06-29T03:51:36
SHP00007435,ORD00007435,UPS,2024-07-04,2024-07-06,2024-07-09,7.29,2024-07-04T15:31:06,2025-09-18T03:06:01
SHP00007436,ORD00007436,FedEx,2024-08-13,2024-08-18,,26.1,2024-08-13T16:33:49,2024-12-04T15:19:49
SHP00007437,ORD00007437,FedEx,2024-12-25,2024-12-27,2024-12-31,10.85,2024-12-25T21:08:06,2025-07-08T19:44:28
SHP00007438,ORD00007438,XPO,2024-11-15,2024-11-20,2024-11-20,22.26,2024-11-15T01:39:29,2026-01-23T15:34:30
SHP00007440,ORD00007440,DHL,2025-05-18,2025-05-21,2025-05-25,26.91,2025-05-18T22:33:34,2025-11-09T01:32:54
SHP00007442,ORD00007442,OnTrac,2025-10-26,2025-10-31,2025-10-27,20.38,2025-10-26T14:53:02,2025-12-01T21:00:46
SHP00007445,ORD00007445,DHL,2026-01-29,2026-02-04,2026-02-02,17.45,2026-01-29T01:19:23,2026-02-02T11:04:42
SHP00007448,ORD00007448,DHL,2024-08-30,2024-09-04,,28.87,2024-08-30T22:21:40,2025-01-23T16:54:24
SHP00007450,ORD00007450,OnTrac,2024-02-13,2024-02-19,2024-02-17,12.23,2024-02-13T04:09:17,2025-08-15T00:18:42
SHP00007451,ORD00007451,OnTrac,2024-10-24,2024-10-28,2024-10-30,12.8,2024-10-24T22:23:29,2024-10-25T12:56:38
SHP00007452,ORD00007452,USPS,2025-05-25,2025-05-31,2025-05-31,17.28,2025-05-25T14:20:43,2025-11-28T13:00:49
SHP00007453,ORD00007453,OnTrac,2025-06-07,2025-06-10,,22.77,2025-06-07T02:46:10,2025-07-27T15:14:49
SHP00007454,ORD00007454,OnTrac,2026-01-18,2026-01-24,2026-01-23,33.76,2026-01-18T00:53:30,2026-02-24T13:45:28
SHP00007456,ORD00007456,DHL,2025-12-25,2025-12-27,,6.81,2025-12-25T11:38:07,2026-01-18T09:25:20
SHP00007458,ORD00007458,DHL,2025-07-26,2025-07-30,2025-07-31,21.97,2025-07-26T01:38:13,2026-01-11T15:54:58
SHP00007459,ORD00007459,DHL,2024-11-19,2024-11-22,2024-11-23,21.37,2024-11-19T21:58:41,2024-12-02T22:34:35
SHP00007460,ORD00007460,UPS,2024-09-06,2024-09-10,,35.56,2024-09-06T12:06:53,2024-11-09T07:05:55
SHP00007462,ORD00007462,FedEx,2025-06-06,2025-06-10,2025-06-13,9.58,2025-06-06T16:37:12,2025-10-08T13:07:30
SHP00007464,ORD00007464,XPO,2025-08-03,2025-08-09,,9.09,2025-08-03T05:42:19,2025-11-15T11:42:39
SHP00007465,ORD00007465,DHL,2024-08-13,2024-08-19,,25.04,2024-08-13T18:27:33,2025-09-13T16:45:06
SHP00007466,ORD00007466,UPS,2025-04-04,2025-04-07,,13.27,2025-04-04T20:37:04,2025-11-05T09:43:30
SHP00007467,ORD00007467,DHL,2026-02-23,2026-03-01,,23.4,2026-02-23T06:10:42,2026-02-24T17:15:31
SHP00007468,ORD00007468,UPS,2025-01-06,2025-01-08,,15.22,2025-01-06T19:50:36,2025-04-01T15:47:34
SHP00007469,ORD00007469,XPO,2024-06-27,2024-07-03,,16.68,2024-06-27T11:18:21,2025-09-27T08:10:10
SHP00007470,ORD00007470,FedEx,2024-01-17,2024-01-21,,4.75,2024-01-17T02:02:26,2026-01-22T18:25:26
SHP00007471,ORD00007471,FedEx,2026-01-28,2026-01-31,,29.15,2026-01-28T14:59:21,2026-02-27T19:23:31
SHP00007472,ORD00007472,DHL,2025-01-22,2025-01-28,2025-01-23,36.33,2025-01-22T20:39:19,2025-01-26T12:06:12
SHP00007473,ORD00007473,OnTrac,2025-06-17,2025-06-19,2025-06-22,23.96,2025-06-17T07:43:46,2025-11-11T06:47:44
SHP00007474,ORD00007474,USPS,2025-09-15,2025-09-21,2025-09-19,27.61,2025-09-15T05:44:53,2025-09-16T23:44:24
SHP00007475,ORD00007475,DHL,2025-03-20,2025-03-22,,20.53,2025-03-20T14:49:49,2025-12-13T10:00:19
SHP00007476,ORD00007476,UPS,2024-07-30,2024-08-03,2024-08-05,7.57,2024-07-30T11:40:31,2025-07-12T07:07:36
SHP00007486,ORD00007486,USPS,2025-06-06,2025-06-12,,11.23,2025-06-06T04:06:26,2025-11-07T21:39:44
SHP00007487,ORD00007487,DHL,2025-02-10,2025-02-12,2025-02-17,28.77,2025-02-10T03:18:34,2025-06-30T09:41:19
SHP00007488,ORD00007488,FedEx,2024-07-15,2024-07-21,,9.88,2024-07-15T00:26:45,2024-11-13T09:39:18
SHP00007489,ORD00007489,FedEx,2025-10-23,2025-10-28,2025-10-29,22.69,2025-10-23T02:16:05,2026-01-06T09:03:34
SHP00007491,ORD00007491,DHL,2024-02-01,2024-02-05,2024-02-02,29.48,2024-02-01T04:07:41,2024-07-29T12:07:54
SHP00007494,ORD00007494,DHL,2025-12-08,2025-12-11,2025-12-14,11.79,2025-12-08T05:28:56,2026-01-05T16:52:08
SHP00007495,ORD00007495,OnTrac,2024-01-30,2024-02-04,,15.27,2024-01-30T04:07:02,2024-03-02T01:38:30
SHP00007498,ORD00007498,DHL,2025-11-08,2025-11-14,2025-11-10,16.36,2025-11-08T17:23:50,2025-11-12T23:03:16
SHP00007499,ORD00007499,FedEx,2025-01-12,2025-01-17,2025-01-17,23.31,2025-01-12T15:09:56,2025-07-02T08:59:40
SHP00007501,ORD00007501,XPO,2024-04-19,2024-04-23,2024-04-21,29.99,2024-04-19T23:53:36,2025-04-21T14:19:55
SHP00007503,ORD00007503,USPS,2024-11-12,2024-11-16,,12.36,2024-11-12T15:22:15,2025-11-19T17:12:28
SHP00007504,ORD00007504,DHL,2025-10-13,2025-10-15,,30.91,2025-10-13T14:35:30,2026-02-02T17:52:45
SHP00007505,ORD00007505,OnTrac,2024-01-17,2024-01-21,2024-01-20,22.58,2024-01-17T18:35:00,2024-05-22T09:35:36
SHP00007506,ORD00007506,XPO,2024-05-31,2024-06-05,,7.13,2024-05-31T22:08:25,2024-12-17T22:05:22
SHP00007507,ORD00007507,DHL,2024-12-26,2024-12-31,2025-01-01,31.56,2024-12-26T14:31:03,2025-05-14T19:28:48
SHP00007508,ORD00007508,DHL,2026-01-11,2026-01-15,,19.73,2026-01-11T15:50:34,2026-01-30T22:32:03
SHP00007511,ORD00007511,UPS,2025-11-11,2025-11-16,2025-11-13,11.74,2025-11-11T01:26:11,2025-11-11T21:07:48
SHP00007512,ORD00007512,FedEx,2024-02-27,2024-03-01,,14.56,2024-02-27T08:32:26,2025-11-14T04:17:28
SHP00007515,ORD00007515,DHL,2025-02-02,2025-02-06,2025-02-08,38.08,2025-02-02T15:05:16,2026-01-08T02:37:58
SHP00007516,ORD00007516,UPS,2025-02-28,2025-03-05,2025-03-04,27.68,2025-02-28T00:18:02,2025-03-22T08:38:10
SHP00007518,ORD00007518,OnTrac,2025-07-23,2025-07-28,2025-07-26,27.04,2025-07-23T05:50:35,2025-12-19T23:11:31
SHP00007521,ORD00007521,USPS,2024-11-21,2024-11-27,,28.57,2024-11-21T01:54:42,2025-04-02T03:28:03
SHP00007525,ORD00007525,USPS,2024-10-12,2024-10-14,2024-10-13,35.86,2024-10-12T11:06:41,2024-10-14T09:26:48
SHP00007526,ORD00007526,OnTrac,2025-12-27,2025-12-29,2025-12-30,13.1,2025-12-27T09:30:47,2026-01-20T04:56:28
SHP00007529,ORD00007529,DHL,2026-02-12,2026-02-15,2026-02-13,11.74,2026-02-12T11:17:47,2026-02-27T17:09:48
SHP00007531,ORD00007531,XPO,2025-06-10,2025-06-13,2025-06-14,15.54,2025-06-10T15:03:35,2025-09-21T03:20:22
SHP00007532,ORD00007532,XPO,2024-01-10,2024-01-13,2024-01-15,39.83,2024-01-10T07:19:35,2025-12-21T13:37:11
SHP00007533,ORD00007533,XPO,2024-11-16,2024-11-20,,25.16,2024-11-16T18:26:54,2025-11-17T09:54:30
SHP00007535,ORD00007535,FedEx,2025-10-21,2025-10-26,,37.53,2025-10-21T22:09:28,2026-02-08T13:27:53
SHP00007537,ORD00007537,USPS,2025-05-29,2025-06-03,2025-06-02,26.82,2025-05-29T00:38:14,2025-07-18T01:31:55
SHP00007538,ORD00007538,USPS,2025-11-29,2025-12-04,,12.98,2025-11-29T01:32:03,2026-01-28T17:13:28
SHP00007542,ORD00007542,USPS,2024-01-26,2024-01-28,,18.37,2024-01-26T05:48:47,2025-07-10T09:07:32
SHP00007543,ORD00007543,USPS,2025-07-24,2025-07-29,2025-07-29,38.78,2025-07-24T16:10:46,2025-10-23T23:28:34
SHP00007545,ORD00007545,UPS,2025-05-27,2025-05-31,,14.89,2025-05-27T04:24:12,2025-12-26T03:05:57
SHP00007547,ORD00007547,OnTrac,2025-11-27,2025-12-03,2025-12-03,22.93,2025-11-27T22:15:10,2026-01-28T10:53:37
SHP00007550,ORD00007550,UPS,2025-09-09,2025-09-11,2025-09-10,36.41,2025-09-09T18:09:14,2026-01-28T00:00:30
SHP00007554,ORD00007554,DHL,2024-03-19,2024-03-24,2024-03-25,8.31,2024-03-19T23:31:57,2025-08-16T05:38:11
SHP00007555,ORD00007555,FedEx,2024-06-07,2024-06-12,,37.93,2024-06-07T02:44:42,2025-01-13T03:02:32
SHP00007556,ORD00007556,DHL,2024-03-14,2024-03-16,2024-03-20,13.6,2024-03-14T02:47:04,2024-08-05T06:28:11
SHP00007558,ORD00007558,FedEx,2024-02-18,2024-02-21,2024-02-21,5.01,2024-02-18T05:11:02,2026-01-02T14:46:49
SHP00007559,ORD00007559,XPO,2025-03-05,2025-03-07,2025-03-07,26.84,2025-03-05T22:36:09,2026-02-23T05:09:19
SHP00007560,ORD00007560,OnTrac,2024-05-05,2024-05-08,2024-05-11,15.87,2024-05-05T16:48:50,2025-02-06T01:33:14
SHP00007561,ORD00007561,UPS,2024-11-14,2024-11-18,,21.1,2024-11-14T04:22:54,2025-09-27T18:29:44
SHP00007563,ORD00007563,FedEx,2025-11-22,2025-11-26,2025-11-23,22.45,2025-11-22T19:51:20,2025-12-10T19:01:39
SHP00007564,ORD00007564,XPO,2025-01-25,2025-01-28,2025-01-29,13.88,2025-01-25T19:36:43,2025-05-31T04:14:05
SHP00007567,ORD00007567,DHL,2025-12-06,2025-12-12,,22.83,2025-12-06T01:26:14,2026-02-07T23:58:32
SHP00007568,ORD00007568,UPS,2025-12-11,2025-12-14,,34.9,2025-12-11T19:23:36,2026-01-22T22:52:42
SHP00007571,ORD00007571,UPS,2025-06-18,2025-06-23,2025-06-19,26.72,2025-06-18T03:21:38,2026-01-26T03:49:03
SHP00007572,ORD00007572,DHL,2024-07-15,2024-07-21,2024-07-16,38.58,2024-07-15T15:32:45,2024-10-09T08:34:52
SHP00007573,ORD00007573,USPS,2024-02-24,2024-03-01,2024-02-28,17.04,2024-02-24T13:50:57,2025-08-18T12:54:52
SHP00007574,ORD00007574,DHL,2025-04-26,2025-05-01,2025-05-01,19.24,2025-04-26T02:00:53,2026-01-17T16:04:27
SHP00007579,ORD00007579,OnTrac,2025-09-01,2025-09-04,,29.67,2025-09-01T19:03:37,2025-09-27T14:02:34
SHP00007580,ORD00007580,XPO,2024-07-01,2024-07-05,,31.15,2024-07-01T21:33:21,2026-02-19T18:30:38
SHP00007581,ORD00007581,UPS,2024-04-28,2024-05-01,2024-05-04,36.44,2024-04-28T18:29:46,2024-07-20T14:42:29
SHP00007585,ORD00007585,UPS,2025-08-01,2025-08-04,,32.57,2025-08-01T03:50:17,2026-02-15T07:11:56
SHP00007586,ORD00007586,FedEx,2024-03-17,2024-03-19,,25.31,2024-03-17T20:26:45,2025-06-03T17:22:51
SHP00007587,ORD00007587,USPS,2024-02-09,2024-02-14,,36.97,2024-02-09T07:37:58,2026-02-19T15:23:06
SHP00007594,ORD00007594,USPS,2025-08-11,2025-08-16,,23.75,2025-08-11T11:49:11,2025-08-30T11:04:32
SHP00007596,ORD00007596,XPO,2025-06-28,2025-06-30,2025-07-03,31.93,2025-06-28T03:29:21,2025-09-15T19:22:36
SHP00007597,ORD00007597,FedEx,2025-06-21,2025-06-27,2025-06-25,30.14,2025-06-21T21:03:04,2025-09-17T18:40:38
SHP00007598,ORD00007598,USPS,2024-08-19,2024-08-24,2024-08-25,29.9,2024-08-19T22:45:28,2024-10-24T14:52:43
SHP00007599,ORD00007599,XPO,2024-08-19,2024-08-24,,12.4,2024-08-19T02:47:19,2025-05-13T13:40:52
SHP00007601,ORD00007601,OnTrac,2025-11-30,2025-12-05,2025-12-06,10.7,2025-11-30T16:57:39,2026-02-05T01:33:59
SHP00007605,ORD00007605,USPS,2024-05-16,2024-05-20,2024-05-21,22.51,2024-05-16T19:38:41,2025-08-22T15:07:51
SHP00007607,ORD00007607,UPS,2025-05-08,2025-05-12,2025-05-12,27.3,2025-05-08T08:12:17,2025-06-14T19:08:58
SHP00007610,ORD00007610,DHL,2025-05-19,2025-05-24,,13.54,2025-05-19T14:36:23,2026-01-10T21:54:40
SHP00007611,ORD00007611,OnTrac,2024-10-18,2024-10-23,,14.81,2024-10-18T11:09:15,2025-12-17T01:45:55
SHP00007613,ORD00007613,XPO,2025-08-13,2025-08-18,2025-08-16,31.94,2025-08-13T13:02:19,2026-02-03T00:33:13
SHP00007614,ORD00007614,OnTrac,2026-01-10,2026-01-16,2026-01-11,6.71,2026-01-10T07:08:20,2026-01-12T18:49:10
SHP00007617,ORD00007617,XPO,2025-09-06,2025-09-09,,11.01,2025-09-06T02:34:48,2025-12-30T04:02:02
SHP00007619,ORD00007619,USPS,2024-03-18,2024-03-20,2024-03-24,24.95,2024-03-18T02:12:35,2025-04-12T02:28:28
SHP00007620,ORD00007620,DHL,2025-11-13,2025-11-19,2025-11-17,22.39,2025-11-13T17:50:03,2026-01-01T20:45:08
SHP00007624,ORD00007624,UPS,2025-10-28,2025-10-30,2025-11-04,7.1,2025-10-28T22:18:55,2025-12-18T14:47:17
SHP00007627,ORD00007627,FedEx,2024-05-07,2024-05-09,2024-05-08,21.14,2024-05-07T04:22:22,2025-03-01T02:37:42
SHP00007631,ORD00007631,XPO,2025-11-29,2025-12-03,2025-12-02,6.78,2025-11-29T23:03:19,2026-02-15T12:01:26
SHP00007632,ORD00007632,FedEx,2025-07-26,2025-08-01,2025-07-27,9.41,2025-07-26T09:38:52,2025-08-07T00:10:56
SHP00007635,ORD00007635,FedEx,2025-03-11,2025-03-13,2025-03-13,11.55,2025-03-11T06:25:07,2025-10-12T12:11:53
SHP00007638,ORD00007638,FedEx,2025-01-29,2025-02-04,2025-02-01,24.36,2025-01-29T10:11:54,2025-07-04T18:28:34
SHP00007641,ORD00007641,OnTrac,2024-04-20,2024-04-24,,37.41,2024-04-20T06:53:13,2025-08-30T14:52:14
SHP00007642,ORD00007642,DHL,2024-08-30,2024-09-03,,20.16,2024-08-30T00:31:49,2026-02-28T04:20:44
SHP00007643,ORD00007643,OnTrac,2025-04-21,2025-04-25,2025-04-23,6.81,2025-04-21T06:40:36,2026-02-09T10:53:50
SHP00007647,ORD00007647,DHL,2024-11-20,2024-11-25,2024-11-21,31.55,2024-11-20T10:55:52,2025-08-08T01:41:33
SHP00007648,ORD00007648,FedEx,2025-07-22,2025-07-28,,38.54,2025-07-22T01:44:29,2026-02-24T13:14:20
SHP00007649,ORD00007649,USPS,2025-02-14,2025-02-20,,38.77,2025-02-14T23:19:05,2025-06-20T03:36:15
SHP00007656,ORD00007656,DHL,2025-01-27,2025-01-31,2025-01-30,26.24,2025-01-27T00:29:12,2025-02-25T08:39:29
SHP00007657,ORD00007657,DHL,2024-03-22,2024-03-24,2024-03-23,20.5,2024-03-22T10:54:37,2025-11-30T19:44:04
SHP00007658,ORD00007658,XPO,2025-03-14,2025-03-18,2025-03-17,18.8,2025-03-14T16:18:27,2025-03-15T14:43:50
SHP00007659,ORD00007659,USPS,2025-11-06,2025-11-10,,5.56,2025-11-06T04:26:56,2026-01-19T12:44:32
SHP00007660,ORD00007660,FedEx,2024-01-23,2024-01-29,2024-01-25,10.06,2024-01-23T14:24:38,2025-05-04T16:21:21
SHP00007662,ORD00007662,UPS,2024-09-24,2024-09-29,,33.8,2024-09-24T11:30:36,2026-01-01T20:36:36
SHP00007664,ORD00007664,FedEx,2025-07-12,2025-07-15,2025-07-18,37.12,2025-07-12T06:20:32,2025-10-02T03:23:54
SHP00007665,ORD00007665,OnTrac,2024-05-17,2024-05-22,,5.24,2024-05-17T00:54:42,2024-06-14T23:06:04
SHP00007666,ORD00007666,FedEx,2025-10-29,2025-11-04,2025-11-03,13.07,2025-10-29T02:35:11,2026-01-19T11:16:57
SHP00007667,ORD00007667,FedEx,2024-10-22,2024-10-26,2024-10-24,25.68,2024-10-22T20:39:47,2026-02-05T13:02:29
SHP00007669,ORD00007669,USPS,2024-07-13,2024-07-16,2024-07-15,20.95,2024-07-13T23:33:14,2025-12-30T09:02:16
SHP00007672,ORD00007672,OnTrac,2024-04-18,2024-04-23,2024-04-24,12.86,2024-04-18T05:46:14,2025-01-18T00:46:57
SHP00007674,ORD00007674,XPO,2025-04-30,2025-05-03,2025-05-03,20.11,2025-04-30T22:05:04,2025-05-25T05:42:08
SHP00007675,ORD00007675,XPO,2024-01-24,2024-01-26,,8.15,2024-01-24T21:29:15,2025-11-28T16:11:17
SHP00007677,ORD00007677,DHL,2025-09-05,2025-09-08,,38.72,2025-09-05T15:50:45,2026-01-29T16:33:07
SHP00007679,ORD00007679,FedEx,2024-12-26,2024-12-29,2024-12-27,9.39,2024-12-26T23:19:14,2025-01-06T11:46:49
SHP00007680,ORD00007680,XPO,2024-07-10,2024-07-12,2024-07-16,18.4,2024-07-10T10:22:11,2025-10-01T22:55:31
SHP00007681,ORD00007681,OnTrac,2024-06-16,2024-06-22,,33.7,2024-06-16T01:58:25,2025-06-19T05:21:41
SHP00007682,ORD00007682,FedEx,2025-05-14,2025-05-17,2025-05-18,24.55,2025-05-14T14:23:16,2025-10-05T10:42:01
SHP00007683,ORD00007683,USPS,2025-01-15,2025-01-20,2025-01-22,9.21,2025-01-15T13:04:14,2025-06-07T04:44:47
SHP00007685,ORD00007685,OnTrac,2025-09-19,2025-09-25,,20.28,2025-09-19T11:08:47,2025-11-09T06:50:13
SHP00007688,ORD00007688,DHL,2024-09-22,2024-09-26,,15.92,2024-09-22T01:33:05,2026-02-23T15:10:52
SHP00007689,ORD00007689,USPS,2025-06-06,2025-06-09,2025-06-08,21.28,2025-06-06T04:54:27,2025-11-23T03:23:43
SHP00007690,ORD00007690,USPS,2024-07-20,2024-07-22,2024-07-26,31.45,2024-07-20T17:15:34,2025-04-16T10:29:21
SHP00007692,ORD00007692,XPO,2024-07-25,2024-07-29,,35.34,2024-07-25T17:44:49,2025-07-27T04:11:16
SHP00007694,ORD00007694,OnTrac,2025-01-06,2025-01-10,2025-01-07,36.32,2025-01-06T14:06:13,2025-03-18T02:23:49
SHP00007698,ORD00007698,DHL,2025-09-20,2025-09-22,2025-09-21,17.23,2025-09-20T03:19:52,2025-10-12T18:30:06
SHP00007699,ORD00007699,FedEx,2025-08-03,2025-08-06,,33.39,2025-08-03T05:05:01,2025-09-13T07:03:31
SHP00007701,ORD00007701,DHL,2024-12-14,2024-12-20,2024-12-17,12.7,2024-12-14T19:32:02,2025-09-06T16:24:10
SHP00007704,ORD00007704,UPS,2024-07-26,2024-07-28,,36.49,2024-07-26T13:42:49,2025-09-01T21:23:52
SHP00007710,ORD00007710,OnTrac,2025-08-07,2025-08-10,2025-08-13,12.34,2025-08-07T09:25:33,2026-02-27T10:41:52
SHP00007712,ORD00007712,FedEx,2024-10-16,2024-10-19,,26.16,2024-10-16T09:50:31,2025-01-05T22:33:18
SHP00007713,ORD00007713,OnTrac,2025-01-24,2025-01-29,,30.8,2025-01-24T21:06:11,2025-10-20T05:07:43
SHP00007714,ORD00007714,OnTrac,2026-01-13,2026-01-15,2026-01-14,4.98,2026-01-13T04:44:13,2026-01-25T15:46:56
SHP00007715,ORD00007715,XPO,2025-03-06,2025-03-10,2025-03-08,9.42,2025-03-06T16:37:14,2025-07-19T07:43:25
SHP00007716,ORD00007716,USPS,2024-03-11,2024-03-17,,24.33,2024-03-11T21:47:29,2025-02-04T18:33:12
SHP00007717,ORD00007717,FedEx,2026-01-17,2026-01-22,,14.63,2026-01-17T17:06:30,2026-02-08T06:44:09
SHP00007718,ORD00007718,FedEx,2026-02-18,2026-02-20,2026-02-23,15.34,2026-02-18T02:04:50,2026-02-23T08:39:32
SHP00007723,ORD00007723,USPS,2025-07-27,2025-07-30,,11.38,2025-07-27T10:20:50,2025-12-24T04:11:03
SHP00007724,ORD00007724,FedEx,2026-02-19,2026-02-21,2026-02-21,12.6,2026-02-19T16:55:22,2026-02-21T17:28:54
SHP00007725,ORD00007725,UPS,2024-03-28,2024-04-02,2024-04-03,19.07,2024-03-28T06:47:42,2024-09-03T18:24:34
SHP00007726,ORD00007726,XPO,2026-02-20,2026-02-25,2026-02-26,21.85,2026-02-20T15:31:58,2026-02-24T20:11:43
SHP00007728,ORD00007728,XPO,2024-07-03,2024-07-08,2024-07-06,35.8,2024-07-03T03:52:55,2025-03-16T18:53:07
SHP00007729,ORD00007729,OnTrac,2024-10-27,2024-10-31,2024-10-29,21.64,2024-10-27T17:45:32,2025-09-08T17:30:00
SHP00007731,ORD00007731,FedEx,2025-12-15,2025-12-17,2025-12-22,14.94,2025-12-15T11:47:08,2026-01-08T03:00:30
SHP00007732,ORD00007732,USPS,2025-11-17,2025-11-22,,14.46,2025-11-17T12:05:25,2026-02-05T15:47:22
SHP00007733,ORD00007733,DHL,2025-05-01,2025-05-04,,34.63,2025-05-01T18:33:56,2025-10-18T16:39:33
SHP00007734,ORD00007734,OnTrac,2025-12-03,2025-12-05,2025-12-06,24.83,2025-12-03T15:52:14,2026-02-18T02:03:55
SHP00007735,ORD00007735,FedEx,2024-01-09,2024-01-15,2024-01-10,17.9,2024-01-09T00:28:34,2024-04-01T04:37:06
SHP00007736,ORD00007736,UPS,2025-06-20,2025-06-25,2025-06-23,36.23,2025-06-20T06:18:42,2025-11-23T16:13:54
SHP00007739,ORD00007739,XPO,2025-08-10,2025-08-15,2025-08-17,11.26,2025-08-10T07:12:42,2025-09-16T15:49:44
SHP00007740,ORD00007740,OnTrac,2024-01-17,2024-01-23,,4.8,2024-01-17T15:17:06,2025-08-12T05:35:22
SHP00007742,ORD00007742,OnTrac,2025-12-26,2025-12-31,2025-12-28,12.7,2025-12-26T00:22:53,2026-01-12T23:29:20
SHP00007744,ORD00007744,UPS,2024-03-17,2024-03-19,,26.14,2024-03-17T01:22:26,2026-02-12T23:59:59
SHP00007746,ORD00007746,DHL,2024-10-05,2024-10-10,2024-10-11,22.69,2024-10-05T17:05:04,2024-12-30T01:45:47
SHP00007747,ORD00007747,DHL,2026-01-05,2026-01-08,2026-01-08,29.4,2026-01-05T14:46:33,2026-01-19T01:21:07
SHP00007751,ORD00007751,DHL,2024-10-12,2024-10-15,2024-10-15,25.58,2024-10-12T12:23:56,2024-12-26T01:15:54
SHP00007753,ORD00007753,DHL,2024-12-23,2024-12-25,,35.14,2024-12-23T13:57:26,2025-06-21T09:18:26
SHP00007755,ORD00007755,DHL,2025-11-10,2025-11-15,,20.11,2025-11-10T15:36:50,2026-02-28T13:25:14
SHP00007756,ORD00007756,USPS,2024-05-15,2024-05-20,2024-05-20,15.31,2024-05-15T06:55:22,2025-10-05T23:29:01
SHP00007757,ORD00007757,UPS,2025-08-13,2025-08-16,2025-08-16,31.65,2025-08-13T19:18:44,2025-11-02T23:59:38
SHP00007758,ORD00007758,XPO,2026-02-23,2026-02-26,2026-03-01,18.38,2026-02-23T02:25:31,2026-02-26T13:14:34
SHP00007760,ORD00007760,DHL,2025-04-01,2025-04-07,2025-04-06,19.49,2025-04-01T02:20:14,2025-06-26T06:22:57
SHP00007761,ORD00007761,FedEx,2025-02-16,2025-02-20,2025-02-17,14.74,2025-02-16T06:15:09,2025-04-29T10:43:01
SHP00007762,ORD00007762,XPO,2024-04-18,2024-04-20,2024-04-25,33.75,2024-04-18T02:33:13,2025-05-01T22:38:02
SHP00007763,ORD00007763,OnTrac,2025-02-28,2025-03-06,,9.34,2025-02-28T04:36:20,2025-04-27T16:56:53
SHP00007764,ORD00007764,OnTrac,2024-04-25,2024-04-30,,14.48,2024-04-25T17:26:12,2025-08-15T17:30:03
SHP00007765,ORD00007765,FedEx,2024-08-14,2024-08-17,2024-08-18,28.86,2024-08-14T06:02:11,2025-11-08T10:44:22
SHP00007771,ORD00007771,FedEx,2025-08-29,2025-09-01,,31.92,2025-08-29T19:29:43,2025-10-07T09:41:52
SHP00007774,ORD00007774,OnTrac,2026-01-21,2026-01-23,2026-01-27,5.8,2026-01-21T03:56:14,2026-02-09T07:02:56
SHP00007779,ORD00007779,UPS,2024-02-22,2024-02-26,2024-02-26,10.01,2024-02-22T15:09:56,2026-01-30T12:07:34
SHP00007780,ORD00007780,USPS,2024-06-23,2024-06-28,,21.14,2024-06-23T01:49:10,2025-11-23T09:41:49
SHP00007781,ORD00007781,DHL,2025-08-24,2025-08-28,2025-08-30,36.21,2025-08-24T16:08:09,2025-12-23T02:17:18
SHP00007786,ORD00007786,OnTrac,2024-07-23,2024-07-28,2024-07-27,22.84,2024-07-23T08:20:45,2025-03-13T08:15:07
SHP00007787,ORD00007787,DHL,2025-07-31,2025-08-03,2025-08-07,4.26,2025-07-31T08:42:10,2026-01-28T19:04:43
SHP00007788,ORD00007788,USPS,2024-10-16,2024-10-18,,16.05,2024-10-16T22:08:43,2025-05-06T03:13:40
SHP00007789,ORD00007789,UPS,2025-04-20,2025-04-23,,35.46,2025-04-20T04:39:19,2025-10-26T07:17:50
SHP00007792,ORD00007792,DHL,2025-07-13,2025-07-17,,38.94,2025-07-13T12:53:59,2026-02-23T17:17:25
SHP00007793,ORD00007793,UPS,2025-09-05,2025-09-11,2025-09-06,17.02,2025-09-05T21:49:01,2025-12-10T07:51:22
SHP00007796,ORD00007796,FedEx,2024-03-24,2024-03-29,,33.87,2024-03-24T05:30:19,2024-07-17T11:42:27
SHP00007797,ORD00007797,DHL,2024-03-03,2024-03-09,2024-03-05,31.07,2024-03-03T20:39:10,2024-05-03T15:23:09
SHP00007799,ORD00007799,USPS,2025-01-04,2025-01-08,,21.85,2025-01-04T04:34:05,2025-01-17T01:11:24
SHP00007800,ORD00007800,UPS,2024-06-10,2024-06-13,2024-06-11,23.08,2024-06-10T15:42:23,2024-06-11T18:32:18
SHP00007802,ORD00007802,FedEx,2025-08-14,2025-08-19,2025-08-19,34.02,2025-08-14T19:03:48,2026-01-16T08:55:22
SHP00007803,ORD00007803,DHL,2025-02-17,2025-02-22,2025-02-24,27.14,2025-02-17T18:43:21,2025-11-13T16:32:19
SHP00007804,ORD00007804,UPS,2025-03-01,2025-03-05,,15.17,2025-03-01T23:32:21,2025-11-13T01:05:11
SHP00007805,ORD00007805,OnTrac,2025-11-29,2025-12-03,,23.17,2025-11-29T09:09:10,2026-02-07T15:38:52
SHP00007809,ORD00007809,XPO,2024-08-29,2024-09-03,2024-09-01,25.77,2024-08-29T13:59:36,2025-10-02T23:54:44
SHP00007810,ORD00007810,DHL,2024-06-07,2024-06-12,2024-06-12,27.28,2024-06-07T11:42:20,2025-08-17T03:16:55
SHP00007814,ORD00007814,OnTrac,2026-02-26,2026-03-03,2026-02-27,15.36,2026-02-26T16:10:07,2026-02-26T23:43:14
SHP00007815,ORD00007815,USPS,2025-01-03,2025-01-07,2025-01-06,20.24,2025-01-03T14:34:06,2025-04-05T15:50:00
SHP00007816,ORD00007816,OnTrac,2025-11-10,2025-11-14,,8.67,2025-11-10T06:24:31,2026-01-24T16:48:35
SHP00007817,ORD00007817,DHL,2024-01-18,2024-01-20,2024-01-24,31.45,2024-01-18T05:04:04,2024-11-12T05:58:10
SHP00007818,ORD00007818,OnTrac,2025-09-10,2025-09-12,2025-09-17,36.94,2025-09-10T23:39:00,2025-12-17T14:12:01
SHP00007819,ORD00007819,DHL,2025-11-24,2025-11-26,2025-11-26,31.1,2025-11-24T23:19:21,2025-12-14T21:44:28
SHP00007821,ORD00007821,FedEx,2024-05-26,2024-05-29,2024-06-01,26.12,2024-05-26T17:59:26,2025-04-15T13:36:41
SHP00007825,ORD00007825,FedEx,2024-04-19,2024-04-25,,37.88,2024-04-19T20:18:17,2024-06-09T03:35:30
SHP00007827,ORD00007827,DHL,2025-10-20,2025-10-24,,34.18,2025-10-20T10:46:22,2026-02-22T02:38:51
SHP00007829,ORD00007829,FedEx,2025-05-17,2025-05-23,2025-05-19,8.4,2025-05-17T10:42:23,2025-07-01T07:12:23
SHP00007832,ORD00007832,OnTrac,2024-11-11,2024-11-17,,12.01,2024-11-11T07:34:42,2024-11-27T13:33:27
SHP00007834,ORD00007834,OnTrac,2024-05-27,2024-06-01,,30.48,2024-05-27T22:23:45,2025-11-07T06:34:17
SHP00007835,ORD00007835,OnTrac,2025-09-11,2025-09-13,2025-09-16,29.54,2025-09-11T02:15:19,2026-01-23T19:32:01
SHP00007836,ORD00007836,UPS,2025-04-17,2025-04-19,,37.36,2025-04-17T05:06:05,2025-07-07T17:49:47
SHP00007838,ORD00007838,OnTrac,2024-10-15,2024-10-17,,27.71,2024-10-15T19:26:24,2024-12-29T08:42:55
SHP00007840,ORD00007840,OnTrac,2024-11-12,2024-11-15,2024-11-19,14.31,2024-11-12T15:26:31,2025-01-02T07:49:59
SHP00007841,ORD00007841,USPS,2025-11-23,2025-11-26,,39.36,2025-11-23T08:25:52,2026-01-28T10:39:35
SHP00007845,ORD00007845,XPO,2024-03-04,2024-03-07,,36.81,2024-03-04T04:47:26,2024-03-10T13:11:33
SHP00007846,ORD00007846,FedEx,2026-02-09,2026-02-14,2026-02-13,34.93,2026-02-09T09:01:17,2026-02-26T18:57:02
SHP00007848,ORD00007848,OnTrac,2024-08-05,2024-08-10,2024-08-09,11.07,2024-08-05T02:10:18,2025-11-16T04:25:39
SHP00007851,ORD00007851,USPS,2025-08-11,2025-08-14,,15.82,2025-08-11T06:52:12,2025-11-03T13:39:06
SHP00007852,ORD00007852,UPS,2024-10-21,2024-10-26,2024-10-26,38.4,2024-10-21T04:20:31,2025-07-21T10:29:03
SHP00007853,ORD00007853,OnTrac,2024-03-24,2024-03-28,2024-03-29,38.67,2024-03-24T05:08:42,2025-08-19T08:38:29
SHP00007854,ORD00007854,OnTrac,2025-06-29,2025-07-02,2025-07-01,5.11,2025-06-29T21:56:56,2025-10-27T10:33:05
SHP00007855,ORD00007855,DHL,2024-02-21,2024-02-24,,29.6,2024-02-21T05:42:41,2024-04-06T07:20:21
SHP00007857,ORD00007857,USPS,2025-05-14,2025-05-16,,22.69,2025-05-14T13:18:04,2026-01-12T03:49:20
SHP00007858,ORD00007858,DHL,2025-03-24,2025-03-28,2025-03-25,27.09,2025-03-24T18:11:33,2025-11-28T09:25:28
SHP00007860,ORD00007860,UPS,2025-01-16,2025-01-18,2025-01-17,35.73,2025-01-16T22:10:05,2025-07-07T07:39:49
SHP00007861,ORD00007861,USPS,2024-04-12,2024-04-18,2024-04-16,34.79,2024-04-12T18:55:37,2025-10-08T23:41:20
SHP00007862,ORD00007862,USPS,2025-03-04,2025-03-08,2025-03-10,36.56,2025-03-04T13:44:18,2025-08-03T16:03:27
SHP00007863,ORD00007863,UPS,2026-02-11,2026-02-13,2026-02-14,11.99,2026-02-11T13:55:00,2026-02-19T17:49:55
SHP00007864,ORD00007864,OnTrac,2024-06-17,2024-06-20,,17.72,2024-06-17T07:11:54,2025-08-03T06:12:38
SHP00007865,ORD00007865,USPS,2024-10-09,2024-10-11,,20.62,2024-10-09T05:32:22,2024-10-21T00:29:09
SHP00007870,ORD00007870,XPO,2025-11-04,2025-11-08,,22.61,2025-11-04T06:45:48,2025-12-18T11:50:39
SHP00007871,ORD00007871,DHL,2024-07-15,2024-07-20,,18.61,2024-07-15T08:42:50,2025-10-12T21:06:19
SHP00007872,ORD00007872,XPO,2026-01-13,2026-01-17,2026-01-14,6.93,2026-01-13T18:15:31,2026-02-24T02:49:47
SHP00007873,ORD00007873,OnTrac,2025-10-11,2025-10-15,2025-10-15,15.2,2025-10-11T02:10:30,2026-01-05T08:57:58
SHP00007874,ORD00007874,DHL,2025-04-28,2025-05-03,,16.2,2025-04-28T03:30:35,2025-12-30T22:43:24
SHP00007877,ORD00007877,USPS,2024-09-03,2024-09-09,,15.76,2024-09-03T20:42:47,2025-02-27T18:21:48
SHP00007878,ORD00007878,DHL,2024-11-21,2024-11-26,,35.06,2024-11-21T07:50:40,2025-09-11T21:57:47
SHP00007879,ORD00007879,FedEx,2026-02-13,2026-02-17,,29.53,2026-02-13T20:47:15,2026-02-14T18:56:30
SHP00007880,ORD00007880,FedEx,2024-11-19,2024-11-24,,30.99,2024-11-19T05:01:29,2026-01-10T10:49:38
SHP00007881,ORD00007881,OnTrac,2024-04-25,2024-05-01,2024-05-02,31.39,2024-04-25T15:22:17,2025-07-31T19:53:59
SHP00007882,ORD00007882,USPS,2025-07-30,2025-08-01,,21.88,2025-07-30T19:39:04,2025-12-30T06:52:14
SHP00007887,ORD00007887,XPO,2024-06-01,2024-06-04,,37.83,2024-06-01T14:04:22,2025-04-18T20:36:14
SHP00007888,ORD00007888,FedEx,2024-09-17,2024-09-23,,15.86,2024-09-17T03:03:14,2025-11-25T17:45:56
SHP00007889,ORD00007889,DHL,2026-01-11,2026-01-16,2026-01-18,15.71,2026-01-11T18:23:41,2026-02-12T01:35:36
SHP00007890,ORD00007890,XPO,2024-12-16,2024-12-18,2024-12-22,39.41,2024-12-16T23:46:29,2025-06-02T18:20:37
SHP00007891,ORD00007891,UPS,2024-08-29,2024-09-01,2024-08-31,34.63,2024-08-29T18:23:22,2025-03-27T12:55:46
SHP00007893,ORD00007893,UPS,2025-06-17,2025-06-20,2025-06-22,37.97,2025-06-17T07:47:04,2025-10-30T23:55:29
SHP00007895,ORD00007895,OnTrac,2025-08-14,2025-08-18,,27.82,2025-08-14T10:15:50,2025-08-26T03:25:07
SHP00007898,ORD00007898,DHL,2025-03-16,2025-03-18,2025-03-20,15.41,2025-03-16T22:54:52,2025-12-05T21:10:18
SHP00007899,ORD00007899,UPS,2024-02-01,2024-02-04,2024-02-04,15.68,2024-02-01T03:21:43,2025-12-27T16:47:27
SHP00007900,ORD00007900,DHL,2024-08-10,2024-08-12,2024-08-14,6.24,2024-08-10T14:21:05,2025-01-06T00:45:15
SHP00007901,ORD00007901,DHL,2024-03-10,2024-03-12,,26.64,2024-03-10T18:55:17,2024-09-23T04:30:59
SHP00007904,ORD00007904,FedEx,2025-11-17,2025-11-19,,7.72,2025-11-17T20:45:29,2025-11-24T17:31:21
SHP00007905,ORD00007905,OnTrac,2024-09-02,2024-09-04,,24.76,2024-09-02T14:47:39,2025-10-20T17:38:15
SHP00007906,ORD00007906,USPS,2024-08-03,2024-08-08,,33.42,2024-08-03T01:13:18,2025-06-08T04:15:44
SHP00007908,ORD00007908,FedEx,2024-10-06,2024-10-08,2024-10-10,5.77,2024-10-06T09:55:27,2024-12-19T07:33:35
SHP00007911,ORD00007911,DHL,2026-01-14,2026-01-19,2026-01-16,16.14,2026-01-14T18:00:55,2026-02-08T13:45:37
SHP00007913,ORD00007913,FedEx,2025-03-05,2025-03-07,2025-03-07,19.6,2025-03-05T10:24:10,2026-02-04T01:29:09
SHP00007914,ORD00007914,XPO,2024-01-11,2024-01-15,,11.34,2024-01-11T15:20:18,2024-01-11T05:45:41
SHP00007916,ORD00007916,DHL,2026-02-05,2026-02-09,2026-02-11,5.51,2026-02-05T23:14:28,2026-02-14T12:07:45
SHP00007917,ORD00007917,USPS,2025-06-09,2025-06-12,2025-06-10,10.87,2025-06-09T16:02:39,2026-02-23T06:03:32
SHP00007918,ORD00007918,UPS,2024-12-04,2024-12-10,2024-12-06,13.18,2024-12-04T15:29:21,2025-05-09T13:36:51
SHP00007920,ORD00007920,USPS,2024-08-13,2024-08-16,2024-08-16,14.94,2024-08-13T20:22:50,2024-10-03T03:51:53
SHP00007921,ORD00007921,USPS,2025-07-22,2025-07-24,2025-07-26,39.53,2025-07-22T10:40:25,2025-08-16T23:07:21
SHP00007922,ORD00007922,UPS,2024-10-25,2024-10-31,2024-10-29,39.42,2024-10-25T11:12:07,2025-12-24T09:54:20
SHP00007923,ORD00007923,USPS,2024-02-26,2024-02-29,2024-02-28,33.23,2024-02-26T20:06:39,2025-11-02T10:08:52
SHP00007924,ORD00007924,USPS,2024-06-10,2024-06-15,,26.12,2024-06-10T17:05:29,2024-06-27T03:57:11
SHP00007925,ORD00007925,FedEx,2025-03-11,2025-03-15,,7.92,2025-03-11T13:50:24,2025-08-15T21:41:36
SHP00007927,ORD00007927,FedEx,2024-11-15,2024-11-20,,29.61,2024-11-15T20:50:45,2025-01-26T21:29:37
SHP00007928,ORD00007928,OnTrac,2024-01-23,2024-01-27,2024-01-27,27.12,2024-01-23T13:09:58,2026-02-19T14:27:51
SHP00007930,ORD00007930,FedEx,2024-09-22,2024-09-25,2024-09-28,39.45,2024-09-22T01:14:35,2024-12-25T19:40:55
SHP00007931,ORD00007931,XPO,2025-06-17,2025-06-20,,7.61,2025-06-17T16:41:37,2025-07-31T22:40:26
SHP00007934,ORD00007934,XPO,2025-08-10,2025-08-15,2025-08-15,22.0,2025-08-10T00:06:32,2025-10-12T05:37:56
SHP00007935,ORD00007935,USPS,2024-11-26,2024-12-01,2024-11-30,28.74,2024-11-26T05:20:56,2025-04-24T07:14:10
SHP00007936,ORD00007936,USPS,2025-12-25,2025-12-30,2026-01-01,11.09,2025-12-25T00:24:48,2026-01-31T08:03:41
SHP00007940,ORD00007940,OnTrac,2024-10-16,2024-10-21,2024-10-22,36.54,2024-10-16T05:05:25,2025-11-22T17:11:05
SHP00007947,ORD00007947,DHL,2026-02-15,2026-02-18,2026-02-17,12.22,2026-02-15T20:04:18,2026-02-15T12:39:08
SHP00007948,ORD00007948,XPO,2026-03-03,2026-03-07,2026-03-10,26.02,2026-03-03T00:32:37,2026-03-03T17:37:17
SHP00007950,ORD00007950,UPS,2026-02-08,2026-02-10,2026-02-10,37.99,2026-02-08T03:25:12,2026-02-27T19:52:04
SHP00007951,ORD00007951,UPS,2024-12-25,2024-12-29,,29.88,2024-12-25T19:01:00,2025-10-31T14:12:40
SHP00007952,ORD00007952,USPS,2024-02-01,2024-02-06,2024-02-06,24.06,2024-02-01T12:53:02,2024-11-28T14:34:01
SHP00007954,ORD00007954,OnTrac,2024-01-06,2024-01-11,2024-01-07,13.02,2024-01-06T09:09:12,2026-02-15T01:44:17
SHP00007955,ORD00007955,DHL,2024-01-23,2024-01-29,,13.12,2024-01-23T14:54:40,2024-05-19T05:53:22
SHP00007958,ORD00007958,OnTrac,2024-08-11,2024-08-16,,12.12,2024-08-11T01:35:49,2025-03-05T20:53:03
SHP00007959,ORD00007959,OnTrac,2024-04-29,2024-05-03,,6.05,2024-04-29T18:22:36,2025-09-03T12:38:58
SHP00007960,ORD00007960,XPO,2025-07-12,2025-07-16,2025-07-17,4.65,2025-07-12T11:26:08,2025-12-08T09:21:45
SHP00007962,ORD00007962,XPO,2025-01-21,2025-01-23,2025-01-24,4.76,2025-01-21T20:40:12,2025-03-01T00:56:41
SHP00007963,ORD00007963,FedEx,2024-08-05,2024-08-08,,32.1,2024-08-05T06:07:44,2025-06-18T21:05:23
SHP00007966,ORD00007966,UPS,2024-03-28,2024-04-01,2024-03-29,28.65,2024-03-28T00:53:01,2025-01-22T01:22:20
SHP00007970,ORD00007970,USPS,2025-01-02,2025-01-07,2025-01-03,7.39,2025-01-02T09:25:11,2025-06-08T12:53:22
SHP00007971,ORD00007971,OnTrac,2025-12-31,2026-01-06,,4.64,2025-12-31T11:49:44,2026-02-08T06:19:37
SHP00007972,ORD00007972,XPO,2025-03-24,2025-03-27,2025-03-27,23.04,2025-03-24T15:36:26,2025-08-20T17:33:09
SHP00007974,ORD00007974,USPS,2025-02-23,2025-02-25,,34.06,2025-02-23T09:04:51,2025-12-19T22:49:24
SHP00007976,ORD00007976,UPS,2024-04-18,2024-04-24,,5.79,2024-04-18T18:57:00,2025-04-16T04:21:07
SHP00007978,ORD00007978,USPS,2025-03-04,2025-03-09,2025-03-11,30.84,2025-03-04T12:12:54,2026-01-25T09:32:15
SHP00007981,ORD00007981,UPS,2024-10-18,2024-10-22,,25.82,2024-10-18T09:24:46,2026-01-05T06:32:48
SHP00007984,ORD00007984,USPS,2024-01-28,2024-02-03,,25.9,2024-01-28T09:02:15,2025-12-14T14:24:30
SHP00007986,ORD00007986,UPS,2025-03-13,2025-03-19,2025-03-14,28.75,2025-03-13T06:47:14,2025-06-19T21:48:12
SHP00007987,ORD00007987,USPS,2025-09-13,2025-09-18,,26.43,2025-09-13T01:03:53,2026-01-07T11:51:44
SHP00007988,ORD00007988,DHL,2025-10-11,2025-10-13,,16.41,2025-10-11T03:54:46,2025-11-30T19:30:03
SHP00007989,ORD00007989,DHL,2024-10-28,2024-10-31,,33.28,2024-10-28T05:11:04,2024-12-31T16:48:38
SHP00007990,ORD00007990,UPS,2025-11-30,2025-12-06,,8.12,2025-11-30T19:34:06,2025-12-14T06:56:54
SHP00007991,ORD00007991,UPS,2025-12-18,2025-12-23,2025-12-20,10.38,2025-12-18T11:56:14,2026-01-18T04:35:57
SHP00007993,ORD00007993,XPO,2024-01-29,2024-02-01,2024-02-03,6.45,2024-01-29T13:03:53,2024-10-19T08:00:26
SHP00007994,ORD00007994,UPS,2024-08-14,2024-08-17,2024-08-19,22.16,2024-08-14T07:07:37,2025-02-20T01:28:55
SHP00007995,ORD00007995,OnTrac,2024-10-27,2024-11-02,,29.65,2024-10-27T17:34:07,2025-03-09T07:52:53
SHP00007996,ORD00007996,FedEx,2025-03-27,2025-04-02,2025-03-28,9.79,2025-03-27T11:10:09,2025-12-15T15:39:36
SHP00007998,ORD00007998,XPO,2024-03-19,2024-03-21,2024-03-20,36.27,2024-03-19T19:03:25,2025-12-04T12:38:28
SHP00007999,ORD00007999,DHL,2024-10-26,2024-10-31,,13.06,2024-10-26T01:11:49,2025-02-11T17:45:15
SHP00008003,ORD00008003,XPO,2026-02-21,2026-02-26,2026-02-27,18.73,2026-02-21T11:12:46,2026-02-24T00:20:55
SHP00008006,ORD00008006,FedEx,2025-05-06,2025-05-11,,35.47,2025-05-06T14:01:43,2026-01-09T11:13:43
SHP00008007,ORD00008007,XPO,2025-02-18,2025-02-22,,12.59,2025-02-18T14:26:41,2026-02-13T23:23:17
SHP00008008,ORD00008008,DHL,2026-01-25,2026-01-28,2026-01-29,28.57,2026-01-25T05:34:07,2026-02-06T06:14:49
SHP00008009,ORD00008009,FedEx,2024-02-12,2024-02-18,,23.69,2024-02-12T16:33:18,2024-08-31T02:41:51
SHP00008014,ORD00008014,XPO,2024-04-21,2024-04-24,2024-04-23,33.01,2024-04-21T10:33:56,2025-01-29T16:27:27
SHP00008016,ORD00008016,FedEx,2024-01-19,2024-01-25,,25.59,2024-01-19T03:15:57,2025-08-21T21:29:18
SHP00008021,ORD00008021,XPO,2024-08-22,2024-08-25,2024-08-24,36.87,2024-08-22T14:39:03,2025-09-16T22:19:47
SHP00008023,ORD00008023,FedEx,2025-03-08,2025-03-14,,26.86,2025-03-08T23:23:55,2025-10-03T20:48:47
SHP00008026,ORD00008026,UPS,2025-07-02,2025-07-04,2025-07-07,11.25,2025-07-02T04:28:56,2026-02-26T10:38:53
SHP00008028,ORD00008028,UPS,2025-12-21,2025-12-26,,7.69,2025-12-21T17:55:51,2026-02-03T21:33:44
SHP00008030,ORD00008030,USPS,2025-10-12,2025-10-15,2025-10-16,38.48,2025-10-12T23:39:56,2025-10-12T18:57:54
SHP00008032,ORD00008032,FedEx,2024-07-26,2024-07-28,2024-08-02,14.79,2024-07-26T10:06:58,2025-04-23T10:13:26
SHP00008033,ORD00008033,FedEx,2025-07-05,2025-07-10,2025-07-09,18.91,2025-07-05T02:15:12,2025-10-31T16:12:12
SHP00008035,ORD00008035,DHL,2024-11-13,2024-11-16,2024-11-19,31.82,2024-11-13T23:05:13,2025-07-03T15:19:46
SHP00008036,ORD00008036,USPS,2025-09-25,2025-09-27,2025-09-26,5.87,2025-09-25T09:39:08,2025-12-13T00:18:19
SHP00008037,ORD00008037,USPS,2024-12-21,2024-12-24,,28.49,2024-12-21T13:13:29,2025-10-25T18:44:23
SHP00008040,ORD00008040,USPS,2025-11-08,2025-11-13,2025-11-15,39.33,2025-11-08T19:44:45,2026-01-18T20:32:53
SHP00008041,ORD00008041,DHL,2026-03-01,2026-03-04,2026-03-02,12.99,2026-03-01T02:57:10,2026-03-02T01:30:08
SHP00008042,ORD00008042,USPS,2025-04-20,2025-04-23,2025-04-24,38.15,2025-04-20T23:59:46,2025-09-25T15:20:12
SHP00008043,ORD00008043,FedEx,2024-10-02,2024-10-04,,19.56,2024-10-02T18:38:24,2024-10-24T14:14:05
SHP00008045,ORD00008045,DHL,2025-01-23,2025-01-28,2025-01-26,18.21,2025-01-23T08:41:11,2025-08-23T06:21:10
SHP00008046,ORD00008046,DHL,2024-08-19,2024-08-23,2024-08-21,4.1,2024-08-19T09:48:18,2025-03-01T22:30:54
SHP00008047,ORD00008047,USPS,2024-12-09,2024-12-13,,27.88,2024-12-09T13:11:53,2026-01-17T14:21:00
SHP00008048,ORD00008048,FedEx,2024-10-28,2024-10-31,,27.34,2024-10-28T08:02:46,2025-10-20T09:14:47
SHP00008049,ORD00008049,USPS,2026-01-06,2026-01-09,,32.33,2026-01-06T10:35:24,2026-01-29T09:10:32
SHP00008051,ORD00008051,FedEx,2024-09-07,2024-09-12,,39.75,2024-09-07T14:30:05,2025-01-30T04:49:39
SHP00008052,ORD00008052,FedEx,2024-11-07,2024-11-10,2024-11-14,31.3,2024-11-07T15:49:02,2025-03-02T07:10:38
SHP00008054,ORD00008054,FedEx,2024-03-04,2024-03-08,2024-03-11,19.92,2024-03-04T18:58:35,2025-09-11T08:55:30
SHP00008056,ORD00008056,XPO,2024-05-23,2024-05-28,,13.56,2024-05-23T19:45:25,2024-11-17T11:20:16
SHP00008057,ORD00008057,FedEx,2025-12-15,2025-12-20,,36.68,2025-12-15T01:48:02,2026-01-23T20:32:11
SHP00008060,ORD00008060,DHL,2025-03-27,2025-03-29,,13.22,2025-03-27T09:13:22,2025-05-01T17:27:41
SHP00008064,ORD00008064,XPO,2024-04-07,2024-04-12,2024-04-10,18.82,2024-04-07T06:17:12,2024-05-19T03:53:28
SHP00008065,ORD00008065,OnTrac,2025-10-09,2025-10-14,,19.66,2025-10-09T23:47:59,2025-10-21T05:02:06
SHP00008066,ORD00008066,DHL,2024-10-05,2024-10-08,2024-10-11,11.31,2024-10-05T06:24:15,2025-09-18T01:53:09
SHP00008068,ORD00008068,FedEx,2024-03-02,2024-03-05,2024-03-07,4.19,2024-03-02T10:50:40,2025-12-22T10:56:53
SHP00008070,ORD00008070,DHL,2025-01-12,2025-01-18,2025-01-18,37.46,2025-01-12T19:43:46,2025-08-14T13:06:20
SHP00008071,ORD00008071,XPO,2025-12-21,2025-12-26,,29.0,2025-12-21T19:53:53,2026-01-06T11:34:26
SHP00008072,ORD00008072,FedEx,2025-07-17,2025-07-19,,23.88,2025-07-17T04:18:11,2025-10-19T22:49:31
SHP00008074,ORD00008074,OnTrac,2025-08-07,2025-08-10,2025-08-13,29.62,2025-08-07T19:55:06,2026-02-11T20:04:25
SHP00008075,ORD00008075,USPS,2025-02-07,2025-02-12,,8.99,2025-02-07T02:56:37,2025-08-13T19:32:46
SHP00008076,ORD00008076,FedEx,2024-08-17,2024-08-23,2024-08-23,12.06,2024-08-17T18:17:05,2025-12-30T22:25:40
SHP00008078,ORD00008078,FedEx,2025-09-17,2025-09-21,2025-09-21,36.26,2025-09-17T11:30:32,2026-01-18T19:10:32
SHP00008079,ORD00008079,OnTrac,2024-05-03,2024-05-05,2024-05-07,14.71,2024-05-03T22:22:34,2025-01-24T16:11:42
SHP00008080,ORD00008080,XPO,2025-11-02,2025-11-04,2025-11-03,32.53,2025-11-02T14:47:05,2026-01-25T08:16:33
SHP00008081,ORD00008081,OnTrac,2025-02-20,2025-02-26,2025-02-24,14.89,2025-02-20T13:26:44,2025-12-24T19:10:50
SHP00008082,ORD00008082,XPO,2024-10-26,2024-11-01,,29.85,2024-10-26T04:21:38,2025-05-17T21:55:38
SHP00008083,ORD00008083,UPS,2024-06-26,2024-06-28,,27.39,2024-06-26T11:26:48,2025-03-24T13:12:38
SHP00008086,ORD00008086,USPS,2025-09-10,2025-09-14,,12.07,2025-09-10T02:36:12,2025-12-22T00:30:14
SHP00008087,ORD00008087,USPS,2025-10-05,2025-10-08,2025-10-10,7.62,2025-10-05T05:39:24,2025-11-26T00:43:20
SHP00008090,ORD00008090,DHL,2024-07-15,2024-07-19,2024-07-20,29.63,2024-07-15T18:46:16,2026-02-05T12:54:08
SHP00008092,ORD00008092,OnTrac,2025-08-19,2025-08-25,2025-08-21,28.15,2025-08-19T22:05:26,2025-09-14T22:12:59
SHP00008097,ORD00008097,OnTrac,2024-09-08,2024-09-14,2024-09-12,31.42,2024-09-08T07:43:47,2025-04-01T04:54:05
SHP00008102,ORD00008102,FedEx,2025-01-18,2025-01-24,2025-01-22,38.17,2025-01-18T03:09:40,2025-05-02T04:57:21
SHP00008104,ORD00008104,FedEx,2025-04-01,2025-04-07,,13.15,2025-04-01T01:15:04,2025-06-27T18:36:28
SHP00008107,ORD00008107,FedEx,2024-07-07,2024-07-09,,34.42,2024-07-07T06:01:33,2025-12-01T19:51:39
SHP00008108,ORD00008108,FedEx,2024-10-13,2024-10-17,2024-10-14,24.71,2024-10-13T08:56:24,2025-02-18T18:25:09
SHP00008109,ORD00008109,OnTrac,2025-05-30,2025-06-01,2025-06-01,12.7,2025-05-30T14:42:06,2026-02-03T16:01:00
SHP00008111,ORD00008111,UPS,2025-07-13,2025-07-18,2025-07-16,39.37,2025-07-13T20:55:12,2025-09-12T08:12:06
SHP00008112,ORD00008112,XPO,2024-10-08,2024-10-14,2024-10-10,35.19,2024-10-08T03:51:42,2025-10-21T12:54:03
SHP00008114,ORD00008114,UPS,2024-05-10,2024-05-14,,29.89,2024-05-10T23:20:04,2024-06-28T09:46:24
SHP00008115,ORD00008115,UPS,2025-09-11,2025-09-17,2025-09-13,16.11,2025-09-11T11:00:02,2026-01-20T18:09:05
SHP00008116,ORD00008116,UPS,2025-06-25,2025-07-01,,33.26,2025-06-25T12:57:54,2025-11-18T00:05:56
SHP00008119,ORD00008119,DHL,2025-10-19,2025-10-24,,31.79,2025-10-19T00:28:14,2025-11-05T13:26:03
SHP00008120,ORD00008120,OnTrac,2025-11-16,2025-11-19,2025-11-23,36.41,2025-11-16T17:10:58,2025-12-07T07:31:29
SHP00008121,ORD00008121,FedEx,2024-03-09,2024-03-12,,31.92,2024-03-09T06:15:24,2025-07-18T22:52:01
SHP00008122,ORD00008122,XPO,2025-09-05,2025-09-10,,22.73,2025-09-05T15:23:38,2026-01-10T23:54:08
SHP00008123,ORD00008123,FedEx,2024-06-08,2024-06-12,2024-06-14,20.59,2024-06-08T19:19:21,2025-03-17T20:56:54
SHP00008124,ORD00008124,USPS,2025-07-28,2025-07-30,2025-08-01,32.36,2025-07-28T02:54:10,2025-12-30T04:36:09
SHP00008125,ORD00008125,XPO,2025-05-25,2025-05-29,,22.44,2025-05-25T10:04:54,2025-07-16T16:26:13
SHP00008126,ORD00008126,DHL,2025-01-14,2025-01-16,,11.23,2025-01-14T18:38:48,2025-03-13T10:43:39
SHP00008129,ORD00008129,FedEx,2024-11-20,2024-11-23,,27.61,2024-11-20T02:21:12,2025-11-03T15:37:39
SHP00008131,ORD00008131,FedEx,2024-03-16,2024-03-19,,17.59,2024-03-16T11:35:57,2025-05-20T04:11:13
SHP00008132,ORD00008132,UPS,2024-02-08,2024-02-12,2024-02-10,31.22,2024-02-08T13:40:00,2025-10-24T00:39:31
SHP00008133,ORD00008133,USPS,2025-04-01,2025-04-06,2025-04-04,26.75,2025-04-01T05:06:42,2025-05-08T13:35:57
SHP00008134,ORD00008134,DHL,2025-05-30,2025-06-05,2025-06-03,14.68,2025-05-30T16:49:25,2026-02-28T08:22:37
SHP00008136,ORD00008136,OnTrac,2024-10-16,2024-10-20,,4.55,2024-10-16T22:25:39,2026-02-22T04:19:04
SHP00008138,ORD00008138,OnTrac,2025-05-04,2025-05-10,2025-05-10,37.02,2025-05-04T00:15:26,2025-05-15T17:00:12
SHP00008139,ORD00008139,DHL,2024-12-13,2024-12-18,,10.25,2024-12-13T13:12:58,2025-11-16T18:52:40
SHP00008141,ORD00008141,USPS,2026-02-24,2026-02-26,,9.58,2026-02-24T08:16:59,2026-02-25T23:01:50
SHP00008142,ORD00008142,DHL,2025-11-21,2025-11-25,2025-11-25,7.14,2025-11-21T21:51:06,2026-01-29T17:43:11
SHP00008145,ORD00008145,FedEx,2025-03-10,2025-03-16,2025-03-17,17.85,2025-03-10T20:56:48,2025-12-27T12:44:13
SHP00008147,ORD00008147,USPS,2024-12-13,2024-12-15,2024-12-18,21.54,2024-12-13T09:32:26,2025-04-05T08:20:28
SHP00008150,ORD00008150,OnTrac,2025-08-14,2025-08-18,,33.96,2025-08-14T02:02:43,2025-09-11T08:58:07
SHP00008152,ORD00008152,FedEx,2025-09-07,2025-09-11,2025-09-10,19.86,2025-09-07T15:32:32,2025-10-28T07:02:05
SHP00008153,ORD00008153,XPO,2025-08-04,2025-08-09,2025-08-10,9.55,2025-08-04T00:51:29,2026-01-02T20:57:47
SHP00008154,ORD00008154,DHL,2025-05-21,2025-05-24,2025-05-24,8.27,2025-05-21T08:04:49,2025-06-25T03:38:10
SHP00008155,ORD00008155,USPS,2024-05-01,2024-05-04,2024-05-02,23.73,2024-05-01T14:56:54,2025-09-06T18:33:12
SHP00008156,ORD00008156,USPS,2024-12-08,2024-12-11,,18.3,2024-12-08T20:59:28,2025-07-24T00:00:37
SHP00008158,ORD00008158,OnTrac,2024-04-29,2024-05-01,2024-05-04,10.37,2024-04-29T07:29:27,2024-12-11T17:20:15
SHP00008159,ORD00008159,XPO,2024-02-26,2024-03-03,,4.63,2024-02-26T07:19:23,2025-06-15T19:53:10
SHP00008160,ORD00008160,XPO,2025-12-22,2025-12-24,,6.4,2025-12-22T18:40:29,2026-01-13T05:30:13
SHP00008162,ORD00008162,FedEx,2025-06-27,2025-06-29,2025-07-01,11.96,2025-06-27T07:23:27,2025-10-06T11:07:21
SHP00008166,ORD00008166,UPS,2025-06-29,2025-07-03,2025-07-06,15.63,2025-06-29T10:25:43,2026-02-14T16:32:23
SHP00008167,ORD00008167,USPS,2024-11-03,2024-11-05,2024-11-08,35.06,2024-11-03T20:55:50,2026-03-01T11:06:48
SHP00008168,ORD00008168,UPS,2025-01-23,2025-01-25,2025-01-28,21.16,2025-01-23T16:25:49,2025-09-02T19:29:16
SHP00008169,ORD00008169,DHL,2025-10-19,2025-10-24,,32.42,2025-10-19T20:44:46,2025-11-22T11:06:35
SHP00008171,ORD00008171,FedEx,2025-09-28,2025-10-04,2025-10-05,30.57,2025-09-28T00:16:54,2025-12-15T10:38:57
SHP00008174,ORD00008174,XPO,2024-11-18,2024-11-23,,26.03,2024-11-18T00:39:40,2025-05-25T19:46:03
SHP00008175,ORD00008175,XPO,2024-08-24,2024-08-26,,33.6,2024-08-24T21:41:17,2025-08-06T06:26:08
SHP00008176,ORD00008176,USPS,2024-11-25,2024-11-27,2024-11-30,8.26,2024-11-25T16:40:56,2025-09-15T00:22:25
SHP00008177,ORD00008177,OnTrac,2024-07-09,2024-07-14,2024-07-15,18.48,2024-07-09T03:57:14,2026-02-07T07:25:48
SHP00008178,ORD00008178,OnTrac,2025-09-06,2025-09-08,2025-09-11,13.01,2025-09-06T09:37:24,2026-01-21T15:43:51
SHP00008179,ORD00008179,OnTrac,2024-02-08,2024-02-13,,24.51,2024-02-08T13:21:01,2025-11-04T16:44:33
SHP00008183,ORD00008183,UPS,2024-01-23,2024-01-29,2024-01-24,8.49,2024-01-23T12:26:19,2026-01-01T20:14:41
SHP00008184,ORD00008184,DHL,2024-01-14,2024-01-17,2024-01-19,11.42,2024-01-14T04:18:57,2024-09-22T06:08:21
SHP00008185,ORD00008185,FedEx,2025-01-02,2025-01-04,2025-01-08,14.75,2025-01-02T13:30:40,2025-11-24T22:19:02
SHP00008186,ORD00008186,OnTrac,2025-11-21,2025-11-23,2025-11-25,18.86,2025-11-21T12:06:17,2025-12-29T08:07:39
SHP00008189,ORD00008189,FedEx,2024-10-26,2024-11-01,,31.54,2024-10-26T23:38:07,2025-08-02T20:06:37
SHP00008190,ORD00008190,USPS,2025-06-17,2025-06-20,2025-06-19,6.03,2025-06-17T05:19:04,2026-02-12T08:06:32
SHP00008192,ORD00008192,FedEx,2024-03-12,2024-03-16,2024-03-19,12.33,2024-03-12T10:57:56,2025-09-16T21:26:32
SHP00008194,ORD00008194,UPS,2024-04-20,2024-04-22,,38.9,2024-04-20T21:46:48,2025-01-30T04:47:10
SHP00008196,ORD00008196,OnTrac,2024-04-26,2024-05-01,,22.31,2024-04-26T03:42:44,2025-06-13T23:16:25
SHP00008197,ORD00008197,XPO,2026-01-27,2026-01-29,,28.54,2026-01-27T22:10:42,2026-02-03T00:24:35
SHP00008198,ORD00008198,USPS,2025-08-17,2025-08-21,2025-08-22,6.13,2025-08-17T22:26:37,2026-01-18T21:39:25
SHP00008199,ORD00008199,DHL,2025-01-23,2025-01-26,2025-01-24,34.6,2025-01-23T22:01:18,2026-01-31T10:02:06
SHP00008200,ORD00008200,UPS,2026-02-09,2026-02-14,,7.66,2026-02-09T17:14:37,2026-03-01T04:48:18
SHP00008201,ORD00008201,USPS,2025-09-02,2025-09-08,2025-09-07,4.94,2025-09-02T15:48:39,2026-01-23T18:45:20
SHP00008202,ORD00008202,OnTrac,2024-03-23,2024-03-27,2024-03-27,8.28,2024-03-23T23:59:52,2025-10-02T04:34:32
SHP00008207,ORD00008207,UPS,2024-06-14,2024-06-18,,13.52,2024-06-14T18:57:22,2025-04-28T20:23:02
SHP00008208,ORD00008208,XPO,2024-05-27,2024-05-31,2024-05-29,37.52,2024-05-27T00:19:41,2025-07-20T20:52:56
SHP00008210,ORD00008210,DHL,2025-03-25,2025-03-28,,17.77,2025-03-25T16:29:28,2025-09-23T16:10:37
SHP00008212,ORD00008212,USPS,2025-07-21,2025-07-25,2025-07-28,26.94,2025-07-21T15:47:36,2026-02-15T15:55:06
SHP00008214,ORD00008214,OnTrac,2024-06-24,2024-06-30,2024-06-27,39.67,2024-06-24T14:01:22,2025-03-20T03:08:24
SHP00008216,ORD00008216,XPO,2024-04-22,2024-04-24,,30.96,2024-04-22T09:31:49,2025-05-31T04:03:21
SHP00008218,ORD00008218,XPO,2025-04-14,2025-04-17,2025-04-19,12.09,2025-04-14T12:42:57,2026-02-27T18:58:58
SHP00008219,ORD00008219,DHL,2025-12-04,2025-12-08,2025-12-06,14.82,2025-12-04T13:11:14,2026-01-24T15:45:24
SHP00008222,ORD00008222,USPS,2025-10-07,2025-10-09,,6.44,2025-10-07T05:39:31,2026-02-06T08:12:34
SHP00008224,ORD00008224,USPS,2024-04-15,2024-04-17,,14.47,2024-04-15T19:46:46,2024-05-15T17:02:22
SHP00008226,ORD00008226,XPO,2025-04-29,2025-05-03,2025-05-06,16.12,2025-04-29T05:07:15,2026-02-09T22:08:58
SHP00008227,ORD00008227,FedEx,2025-04-17,2025-04-22,2025-04-21,7.21,2025-04-17T15:52:53,2025-05-16T23:49:34
SHP00008229,ORD00008229,UPS,2026-02-17,2026-02-19,,5.25,2026-02-17T07:50:49,2026-03-01T14:44:48
SHP00008230,ORD00008230,FedEx,2025-06-02,2025-06-07,2025-06-09,5.73,2025-06-02T04:24:11,2026-01-18T16:41:28
SHP00008232,ORD00008232,XPO,2024-08-02,2024-08-04,2024-08-06,13.67,2024-08-02T13:57:29,2024-08-27T07:57:48
SHP00008234,ORD00008234,DHL,2024-07-20,2024-07-25,2024-07-27,37.94,2024-07-20T00:00:53,2025-11-15T11:50:45
SHP00008235,ORD00008235,OnTrac,2025-07-13,2025-07-16,2025-07-20,18.74,2025-07-13T23:10:35,2026-03-01T23:23:18
SHP00008239,ORD00008239,OnTrac,2025-11-29,2025-12-05,2025-12-05,14.85,2025-11-29T08:38:00,2025-12-16T14:20:15
SHP00008240,ORD00008240,XPO,2026-02-04,2026-02-08,2026-02-10,36.55,2026-02-04T11:19:57,2026-02-24T16:28:14
SHP00008241,ORD00008241,DHL,2025-06-23,2025-06-29,2025-06-26,22.89,2025-06-23T20:39:52,2025-07-16T06:23:35
SHP00008242,ORD00008242,USPS,2025-01-16,2025-01-19,2025-01-20,32.55,2025-01-16T05:08:54,2025-02-13T05:32:12
SHP00008243,ORD00008243,FedEx,2024-02-21,2024-02-23,2024-02-25,7.15,2024-02-21T20:40:28,2024-06-27T14:06:50
SHP00008244,ORD00008244,UPS,2024-10-02,2024-10-05,,22.82,2024-10-02T12:06:39,2024-11-28T10:24:50
SHP00008245,ORD00008245,DHL,2024-09-22,2024-09-27,,22.98,2024-09-22T17:58:15,2025-12-01T19:47:58
SHP00008248,ORD00008248,UPS,2024-03-19,2024-03-25,2024-03-21,37.53,2024-03-19T11:03:30,2024-06-05T05:08:15
SHP00008250,ORD00008250,USPS,2025-04-07,2025-04-13,2025-04-11,8.38,2025-04-07T05:52:37,2025-11-22T04:16:25
SHP00008253,ORD00008253,USPS,2025-09-15,2025-09-17,2025-09-21,16.36,2025-09-15T05:18:40,2025-10-07T06:31:14
SHP00008255,ORD00008255,FedEx,2025-11-03,2025-11-05,2025-11-06,4.2,2025-11-03T16:57:33,2026-02-21T09:18:09
SHP00008257,ORD00008257,FedEx,2024-01-20,2024-01-26,2024-01-23,13.9,2024-01-20T18:05:18,2025-12-29T03:48:43
SHP00008258,ORD00008258,DHL,2024-02-19,2024-02-25,2024-02-26,17.56,2024-02-19T07:18:53,2025-03-25T23:31:36
SHP00008260,ORD00008260,FedEx,2024-01-27,2024-01-29,,33.83,2024-01-27T04:45:10,2025-03-18T20:50:01
SHP00008261,ORD00008261,OnTrac,2025-11-20,2025-11-23,2025-11-24,28.97,2025-11-20T10:43:54,2025-12-02T00:41:53
SHP00008262,ORD00008262,XPO,2025-05-26,2025-05-28,2025-05-31,22.16,2025-05-26T16:22:27,2025-12-13T04:32:16
SHP00008263,ORD00008263,FedEx,2025-11-07,2025-11-09,2025-11-14,37.14,2025-11-07T02:35:42,2025-11-18T10:23:03
SHP00008264,ORD00008264,UPS,2024-09-07,2024-09-13,2024-09-13,25.36,2024-09-07T22:09:18,2025-08-09T00:35:22
SHP00008266,ORD00008266,USPS,2024-03-05,2024-03-11,,37.59,2024-03-05T12:56:58,2024-05-01T16:01:14
SHP00008268,ORD00008268,USPS,2024-08-28,2024-09-02,2024-09-01,5.09,2024-08-28T01:47:14,2024-12-05T23:00:47
SHP00008269,ORD00008269,XPO,2024-02-27,2024-03-03,,17.53,2024-02-27T11:59:08,2024-05-13T15:29:36
SHP00008270,ORD00008270,USPS,2024-05-10,2024-05-13,2024-05-12,20.9,2024-05-10T19:54:03,2025-10-29T08:47:58
SHP00008271,ORD00008271,FedEx,2024-11-24,2024-11-28,2024-11-25,15.5,2024-11-24T00:11:46,2025-11-07T01:07:57
SHP00008276,ORD00008276,FedEx,2024-07-31,2024-08-03,2024-08-07,35.62,2024-07-31T11:39:58,2025-09-20T05:47:33
SHP00008277,ORD00008277,USPS,2024-05-02,2024-05-05,2024-05-08,27.73,2024-05-02T04:40:16,2024-11-04T09:19:33
SHP00008278,ORD00008278,UPS,2025-08-12,2025-08-18,,18.43,2025-08-12T15:38:53,2025-09-03T17:09:22
SHP00008279,ORD00008279,FedEx,2024-12-22,2024-12-27,2024-12-28,26.26,2024-12-22T03:04:03,2025-11-23T23:22:40
SHP00008280,ORD00008280,UPS,2025-04-28,2025-04-30,2025-05-01,22.71,2025-04-28T19:50:43,2025-07-11T12:24:32
SHP00008281,ORD00008281,OnTrac,2024-06-18,2024-06-21,2024-06-21,20.49,2024-06-18T23:40:33,2025-04-16T05:37:05
SHP00008283,ORD00008283,FedEx,2025-01-04,2025-01-10,2025-01-07,32.32,2025-01-04T01:24:15,2025-07-12T00:42:50
SHP00008284,ORD00008284,UPS,2026-01-26,2026-02-01,2026-02-02,7.87,2026-01-26T05:47:45,2026-01-28T01:47:10
SHP00008285,ORD00008285,FedEx,2025-05-02,2025-05-04,2025-05-08,28.17,2025-05-02T16:40:36,2025-07-20T06:37:48
SHP00008286,ORD00008286,UPS,2025-03-06,2025-03-08,2025-03-12,37.27,2025-03-06T11:13:29,2026-01-06T11:14:11
SHP00008287,ORD00008287,OnTrac,2026-02-27,2026-03-04,,9.06,2026-02-27T05:23:33,2026-02-27T16:03:12
SHP00008288,ORD00008288,XPO,2025-10-10,2025-10-15,2025-10-11,28.51,2025-10-10T06:49:52,2025-10-12T14:04:22
SHP00008289,ORD00008289,USPS,2025-03-05,2025-03-08,2025-03-08,22.42,2025-03-05T22:25:12,2025-10-27T23:21:22
SHP00008290,ORD00008290,XPO,2025-04-14,2025-04-17,,35.93,2025-04-14T21:07:11,2025-07-09T07:27:44
SHP00008292,ORD00008292,USPS,2025-10-23,2025-10-29,2025-10-25,4.57,2025-10-23T18:51:42,2025-11-10T16:43:58
SHP00008293,ORD00008293,OnTrac,2026-02-26,2026-02-28,2026-03-01,13.68,2026-02-26T02:05:03,2026-02-26T14:02:49
SHP00008295,ORD00008295,OnTrac,2024-06-28,2024-07-01,2024-07-04,35.78,2024-06-28T11:14:28,2024-09-07T16:00:01
SHP00008297,ORD00008297,UPS,2024-10-30,2024-11-01,,15.05,2024-10-30T07:27:42,2025-05-18T23:24:36
SHP00008298,ORD00008298,FedEx,2024-04-18,2024-04-23,2024-04-24,5.21,2024-04-18T15:50:33,2024-12-30T17:55:37
SHP00008299,ORD00008299,OnTrac,2025-06-15,2025-06-20,2025-06-19,22.81,2025-06-15T08:53:18,2025-11-05T22:33:46
SHP00008301,ORD00008301,UPS,2024-08-13,2024-08-18,,16.24,2024-08-13T13:41:12,2024-11-27T12:06:48
SHP00008302,ORD00008302,OnTrac,2025-01-20,2025-01-23,2025-01-24,28.17,2025-01-20T16:31:06,2025-10-07T07:43:32
SHP00008303,ORD00008303,XPO,2026-01-06,2026-01-09,,37.76,2026-01-06T07:08:34,2026-01-20T15:30:27
SHP00008306,ORD00008306,UPS,2024-09-18,2024-09-20,2024-09-24,38.97,2024-09-18T14:59:06,2026-01-06T16:00:57
SHP00008307,ORD00008307,UPS,2024-11-09,2024-11-13,,36.69,2024-11-09T16:32:23,2025-05-04T01:57:20
SHP00008308,ORD00008308,DHL,2024-08-26,2024-08-30,2024-08-31,28.02,2024-08-26T01:58:46,2025-03-13T15:27:00
SHP00008309,ORD00008309,USPS,2026-01-26,2026-01-28,2026-02-02,31.5,2026-01-26T02:08:14,2026-02-20T06:23:46
SHP00008311,ORD00008311,UPS,2025-10-01,2025-10-03,,12.47,2025-10-01T22:36:45,2026-02-10T19:52:16
SHP00008313,ORD00008313,XPO,2025-10-14,2025-10-19,2025-10-17,17.2,2025-10-14T08:39:39,2026-02-17T09:14:43
SHP00008323,ORD00008323,OnTrac,2024-04-29,2024-05-03,2024-05-05,15.64,2024-04-29T15:58:03,2025-05-21T00:45:49
SHP00008324,ORD00008324,OnTrac,2024-12-30,2025-01-04,2025-01-05,5.95,2024-12-30T16:11:40,2025-10-12T14:24:29
SHP00008325,ORD00008325,DHL,2024-12-04,2024-12-08,2024-12-09,34.98,2024-12-04T18:27:57,2025-11-22T15:54:48
SHP00008328,ORD00008328,FedEx,2025-08-03,2025-08-06,2025-08-09,25.28,2025-08-03T15:27:01,2025-12-04T14:03:40
SHP00008329,ORD00008329,FedEx,2025-09-14,2025-09-19,2025-09-15,38.58,2025-09-14T05:15:49,2025-11-13T08:48:46
SHP00008330,ORD00008330,XPO,2024-04-07,2024-04-11,,20.66,2024-04-07T00:33:50,2024-05-05T20:19:25
SHP00008331,ORD00008331,UPS,2025-09-01,2025-09-05,2025-09-04,39.73,2025-09-01T07:25:11,2026-01-07T04:22:22
SHP00008333,ORD00008333,FedEx,2024-03-25,2024-03-29,2024-03-27,9.85,2024-03-25T23:23:53,2025-02-02T16:06:31
SHP00008334,ORD00008334,XPO,2026-02-26,2026-03-03,,12.94,2026-02-26T02:45:05,2026-02-28T18:57:51
SHP00008335,ORD00008335,OnTrac,2026-02-20,2026-02-23,2026-02-27,32.75,2026-02-20T20:58:45,2026-02-20T13:42:50
SHP00008337,ORD00008337,XPO,2024-02-19,2024-02-24,,12.56,2024-02-19T11:14:49,2025-01-22T08:39:14
SHP00008338,ORD00008338,OnTrac,2024-01-17,2024-01-22,2024-01-20,32.48,2024-01-17T15:23:50,2025-11-25T11:29:51
SHP00008339,ORD00008339,FedEx,2024-04-30,2024-05-06,,22.65,2024-04-30T07:50:56,2025-11-05T18:56:56
SHP00008341,ORD00008341,DHL,2024-10-29,2024-11-02,,12.68,2024-10-29T08:37:33,2025-05-13T05:55:01
SHP00008342,ORD00008342,UPS,2025-04-13,2025-04-16,2025-04-16,39.83,2025-04-13T08:23:12,2026-01-10T17:10:22
SHP00008343,ORD00008343,USPS,2025-03-04,2025-03-07,2025-03-06,25.62,2025-03-04T11:20:21,2025-07-15T02:01:13
SHP00008345,ORD00008345,UPS,2024-08-08,2024-08-11,2024-08-10,39.7,2024-08-08T06:50:03,2024-11-27T01:30:05
SHP00008346,ORD00008346,FedEx,2025-10-11,2025-10-17,2025-10-14,37.8,2025-10-11T22:44:20,2025-12-13T17:10:47
SHP00008348,ORD00008348,XPO,2024-01-10,2024-01-16,,39.05,2024-01-10T11:36:14,2024-09-19T07:45:05
SHP00008349,ORD00008349,USPS,2025-02-17,2025-02-21,2025-02-20,32.91,2025-02-17T23:05:43,2025-10-31T22:20:59
SHP00008352,ORD00008352,UPS,2025-09-14,2025-09-17,,14.34,2025-09-14T09:03:11,2025-11-14T14:56:40
SHP00008353,ORD00008353,OnTrac,2024-07-26,2024-07-31,,35.98,2024-07-26T01:20:06,2024-09-27T22:11:20
SHP00008354,ORD00008354,UPS,2025-03-05,2025-03-09,2025-03-07,37.97,2025-03-05T16:42:33,2025-11-27T18:53:01
SHP00008355,ORD00008355,USPS,2025-04-26,2025-04-29,2025-04-27,15.54,2025-04-26T00:43:03,2026-02-06T19:50:49
SHP00008356,ORD00008356,FedEx,2025-04-03,2025-04-09,2025-04-07,32.51,2025-04-03T15:15:06,2025-07-21T00:21:35
SHP00008358,ORD00008358,UPS,2024-12-17,2024-12-22,2024-12-22,27.32,2024-12-17T03:37:56,2025-09-28T03:04:17
SHP00008359,ORD00008359,DHL,2025-03-15,2025-03-19,,26.89,2025-03-15T04:03:51,2025-09-23T08:30:20
SHP00008365,ORD00008365,OnTrac,2024-02-21,2024-02-26,2024-02-26,11.3,2024-02-21T18:37:49,2024-12-11T12:56:14
SHP00008368,ORD00008368,OnTrac,2024-07-26,2024-07-28,2024-08-01,12.6,2024-07-26T06:51:26,2025-09-10T00:08:35
SHP00008370,ORD00008370,XPO,2025-10-08,2025-10-12,2025-10-14,18.22,2025-10-08T22:49:32,2026-01-23T12:39:48
SHP00008371,ORD00008371,XPO,2024-06-20,2024-06-25,2024-06-21,7.76,2024-06-20T12:18:13,2025-10-24T19:35:33
SHP00008374,ORD00008374,OnTrac,2025-11-19,2025-11-22,2025-11-25,30.05,2025-11-19T23:57:00,2025-12-07T16:09:09
SHP00008375,ORD00008375,UPS,2025-10-23,2025-10-29,2025-10-24,24.44,2025-10-23T20:31:18,2025-12-18T04:47:20
SHP00008381,ORD00008381,FedEx,2025-12-10,2025-12-15,,8.74,2025-12-10T19:16:34,2026-01-06T05:27:00
SHP00008382,ORD00008382,OnTrac,2024-08-21,2024-08-25,2024-08-25,21.5,2024-08-21T09:02:01,2025-07-27T05:18:40
SHP00008383,ORD00008383,OnTrac,2025-06-26,2025-07-01,2025-07-02,5.67,2025-06-26T01:57:58,2026-01-24T10:12:05
SHP00008385,ORD00008385,OnTrac,2024-10-06,2024-10-12,2024-10-13,32.26,2024-10-06T04:51:58,2025-02-10T12:16:23
SHP00008386,ORD00008386,USPS,2025-01-10,2025-01-12,,38.82,2025-01-10T00:00:36,2025-01-10T14:41:11
SHP00008387,ORD00008387,OnTrac,2025-05-15,2025-05-18,2025-05-20,8.94,2025-05-15T17:20:53,2025-05-25T22:30:56
SHP00008388,ORD00008388,OnTrac,2024-02-24,2024-02-28,2024-02-29,19.9,2024-02-24T15:47:22,2025-06-07T13:01:35
SHP00008389,ORD00008389,USPS,2024-08-15,2024-08-20,,16.04,2024-08-15T03:02:55,2025-04-27T19:27:45
SHP00008392,ORD00008392,XPO,2025-06-17,2025-06-23,2025-06-20,37.95,2025-06-17T15:09:04,2025-07-26T06:41:15
SHP00008393,ORD00008393,UPS,2026-01-03,2026-01-08,2026-01-10,20.46,2026-01-03T04:25:29,2026-01-22T04:13:52
SHP00008396,ORD00008396,DHL,2024-08-28,2024-09-02,2024-08-30,12.36,2024-08-28T21:16:19,2024-12-20T17:13:30
SHP00008397,ORD00008397,UPS,2025-03-21,2025-03-24,,7.67,2025-03-21T05:55:47,2025-12-27T21:17:48
SHP00008398,ORD00008398,OnTrac,2025-09-12,2025-09-17,,26.81,2025-09-12T15:01:20,2025-12-20T10:23:32
SHP00008399,ORD00008399,UPS,2025-06-20,2025-06-26,,27.45,2025-06-20T01:25:52,2025-07-14T18:08:18
SHP00008404,ORD00008404,DHL,2024-06-07,2024-06-10,,23.3,2024-06-07T05:03:35,2025-05-10T00:56:56
SHP00008406,ORD00008406,DHL,2026-02-10,2026-02-13,2026-02-12,5.17,2026-02-10T02:38:03,2026-03-01T20:52:30
SHP00008408,ORD00008408,DHL,2024-05-10,2024-05-12,,28.73,2024-05-10T05:14:14,2025-10-28T17:26:41
SHP00008409,ORD00008409,FedEx,2025-06-16,2025-06-18,2025-06-18,17.76,2025-06-16T04:02:59,2025-06-30T12:43:49
SHP00008412,ORD00008412,OnTrac,2025-01-14,2025-01-20,2025-01-17,29.85,2025-01-14T17:41:44,2025-06-02T11:35:25
SHP00008417,ORD00008417,UPS,2025-10-18,2025-10-22,2025-10-19,5.78,2025-10-18T04:31:46,2025-11-02T23:52:08
SHP00008418,ORD00008418,DHL,2024-03-17,2024-03-21,2024-03-24,5.39,2024-03-17T22:45:34,2025-12-27T21:42:26
SHP00008419,ORD00008419,XPO,2024-03-19,2024-03-22,2024-03-23,34.1,2024-03-19T16:13:43,2025-01-15T22:42:39
SHP00008420,ORD00008420,UPS,2025-02-26,2025-03-04,2025-03-03,22.09,2025-02-26T18:38:00,2026-01-01T09:17:09
SHP00008422,ORD00008422,FedEx,2025-06-04,2025-06-09,2025-06-10,13.2,2025-06-04T15:08:31,2025-08-03T16:28:00
SHP00008423,ORD00008423,XPO,2025-11-25,2025-11-30,2025-11-30,37.57,2025-11-25T17:25:13,2026-02-24T14:06:27
SHP00008425,ORD00008425,FedEx,2025-11-26,2025-12-02,2025-11-28,36.52,2025-11-26T20:44:34,2026-02-02T05:07:20
SHP00008426,ORD00008426,DHL,2024-08-07,2024-08-09,2024-08-11,30.23,2024-08-07T04:36:25,2025-09-25T08:11:25
SHP00008429,ORD00008429,USPS,2025-07-27,2025-08-02,2025-08-01,39.44,2025-07-27T22:50:25,2025-12-01T06:10:50
SHP00008432,ORD00008432,USPS,2024-01-21,2024-01-23,2024-01-25,14.59,2024-01-21T15:09:08,2025-01-28T09:40:15
SHP00008433,ORD00008433,DHL,2025-12-13,2025-12-16,2025-12-16,10.99,2025-12-13T18:12:43,2026-01-26T22:57:08
SHP00008436,ORD00008436,OnTrac,2025-04-27,2025-04-30,,22.83,2025-04-27T12:50:53,2025-08-02T05:36:40
SHP00008437,ORD00008437,UPS,2024-04-16,2024-04-20,2024-04-20,39.5,2024-04-16T02:00:16,2024-09-16T13:12:17
SHP00008438,ORD00008438,USPS,2025-01-01,2025-01-04,,32.52,2025-01-01T23:03:54,2026-02-11T22:38:12
SHP00008439,ORD00008439,UPS,2025-05-26,2025-05-29,2025-06-02,7.54,2025-05-26T20:13:59,2025-10-03T18:27:24
SHP00008440,ORD00008440,UPS,2025-06-04,2025-06-07,2025-06-05,22.05,2025-06-04T04:53:10,2025-11-08T13:06:37
SHP00008442,ORD00008442,USPS,2026-01-25,2026-01-31,,8.97,2026-01-25T17:35:38,2026-02-10T11:35:25
SHP00008446,ORD00008446,USPS,2024-04-01,2024-04-05,2024-04-03,17.78,2024-04-01T13:19:23,2025-12-31T11:58:05
SHP00008447,ORD00008447,DHL,2025-02-11,2025-02-14,2025-02-12,13.03,2025-02-11T06:27:02,2025-02-23T08:10:55
SHP00008448,ORD00008448,FedEx,2025-03-06,2025-03-08,2025-03-08,22.75,2025-03-06T14:33:33,2026-02-08T11:47:46
SHP00008449,ORD00008449,OnTrac,2025-01-10,2025-01-12,,36.89,2025-01-10T18:41:41,2025-07-25T09:30:31
SHP00008450,ORD00008450,DHL,2025-02-06,2025-02-12,,19.87,2025-02-06T19:20:22,2025-10-05T18:56:05
SHP00008451,ORD00008451,DHL,2024-07-19,2024-07-21,,6.82,2024-07-19T02:42:33,2026-01-12T23:39:22
SHP00008452,ORD00008452,FedEx,2025-12-17,2025-12-20,,11.53,2025-12-17T08:37:10,2026-02-05T10:23:53
SHP00008454,ORD00008454,OnTrac,2024-08-02,2024-08-04,2024-08-05,26.52,2024-08-02T05:00:40,2024-09-23T01:40:09
SHP00008457,ORD00008457,FedEx,2025-11-19,2025-11-22,,6.2,2025-11-19T15:03:45,2025-11-20T21:23:53
SHP00008458,ORD00008458,FedEx,2024-06-27,2024-07-03,2024-07-01,8.93,2024-06-27T15:05:04,2025-10-03T14:34:53
SHP00008460,ORD00008460,XPO,2024-08-30,2024-09-01,,5.84,2024-08-30T10:39:30,2025-11-02T02:08:06
SHP00008462,ORD00008462,USPS,2024-03-18,2024-03-23,,12.78,2024-03-18T19:15:54,2025-11-01T03:42:10
SHP00008466,ORD00008466,DHL,2024-09-30,2024-10-06,,26.28,2024-09-30T21:33:26,2025-12-28T09:26:22
SHP00008469,ORD00008469,OnTrac,2024-03-25,2024-03-29,2024-03-28,24.39,2024-03-25T20:13:23,2025-09-30T15:00:55
SHP00008470,ORD00008470,USPS,2024-09-03,2024-09-07,,11.34,2024-09-03T02:51:14,2024-12-21T00:57:49
SHP00008475,ORD00008475,USPS,2024-04-07,2024-04-09,2024-04-13,22.73,2024-04-07T07:40:02,2024-11-24T15:36:42
SHP00008476,ORD00008476,DHL,2025-09-17,2025-09-19,,31.1,2025-09-17T09:04:52,2025-12-29T01:57:44
SHP00008477,ORD00008477,FedEx,2025-02-24,2025-02-26,2025-02-26,26.46,2025-02-24T02:07:55,2025-08-23T19:54:31
SHP00008478,ORD00008478,OnTrac,2024-05-11,2024-05-17,,23.39,2024-05-11T07:09:27,2024-10-26T23:38:33
SHP00008479,ORD00008479,DHL,2025-02-17,2025-02-20,2025-02-19,14.43,2025-02-17T15:16:49,2025-12-09T17:37:06
SHP00008481,ORD00008481,USPS,2025-09-26,2025-09-29,2025-10-03,35.67,2025-09-26T07:17:33,2026-01-21T23:59:21
SHP00008482,ORD00008482,USPS,2024-08-15,2024-08-18,2024-08-22,9.99,2024-08-15T13:22:18,2025-05-24T12:47:30
SHP00008483,ORD00008483,OnTrac,2024-05-06,2024-05-11,2024-05-10,20.06,2024-05-06T14:00:19,2026-01-14T02:53:33
SHP00008484,ORD00008484,FedEx,2025-11-18,2025-11-22,,29.38,2025-11-18T09:51:07,2025-12-19T20:03:45
SHP00008486,ORD00008486,OnTrac,2024-10-19,2024-10-23,,10.11,2024-10-19T13:42:15,2025-12-20T09:01:40
SHP00008487,ORD00008487,USPS,2025-06-16,2025-06-22,2025-06-17,27.29,2025-06-16T14:41:18,2025-12-05T20:09:36
SHP00008489,ORD00008489,FedEx,2025-06-24,2025-06-28,2025-06-27,28.73,2025-06-24T12:33:37,2025-09-16T08:04:08
SHP00008492,ORD00008492,UPS,2025-09-03,2025-09-09,2025-09-10,8.57,2025-09-03T22:00:55,2026-01-10T00:11:18
SHP00008494,ORD00008494,XPO,2025-03-17,2025-03-22,2025-03-21,10.4,2025-03-17T22:16:37,2025-09-11T14:37:30
SHP00008495,ORD00008495,XPO,2024-10-01,2024-10-07,2024-10-02,28.81,2024-10-01T07:54:04,2025-11-25T15:48:47
SHP00008496,ORD00008496,XPO,2024-11-16,2024-11-19,2024-11-20,37.54,2024-11-16T03:03:22,2025-06-04T09:13:18
SHP00008498,ORD00008498,OnTrac,2024-08-20,2024-08-26,2024-08-24,31.98,2024-08-20T09:52:16,2025-09-23T00:57:49
SHP00008500,ORD00008500,FedEx,2024-05-28,2024-06-02,2024-06-02,22.28,2024-05-28T19:02:16,2024-06-27T15:21:34
SHP00008501,ORD00008501,USPS,2024-05-07,2024-05-12,,25.02,2024-05-07T16:25:33,2025-12-30T12:48:51
SHP00008502,ORD00008502,XPO,2025-03-22,2025-03-24,2025-03-24,13.15,2025-03-22T17:19:19,2025-05-31T20:18:20
SHP00008503,ORD00008503,XPO,2024-11-20,2024-11-25,2024-11-21,34.25,2024-11-20T08:10:36,2026-01-27T16:27:07
SHP00008506,ORD00008506,FedEx,2026-01-19,2026-01-22,,39.09,2026-01-19T19:58:16,2026-02-25T11:16:00
SHP00008507,ORD00008507,USPS,2025-02-12,2025-02-17,2025-02-17,38.94,2025-02-12T07:04:10,2025-12-24T14:12:46
SHP00008508,ORD00008508,UPS,2025-02-06,2025-02-10,2025-02-10,33.54,2025-02-06T21:43:26,2025-10-15T03:53:05
SHP00008509,ORD00008509,UPS,2024-11-06,2024-11-12,2024-11-12,37.39,2024-11-06T22:39:11,2025-05-24T10:14:50
SHP00008511,ORD00008511,DHL,2025-03-12,2025-03-18,,16.44,2025-03-12T21:34:43,2025-08-06T04:09:51
SHP00008516,ORD00008516,FedEx,2024-05-24,2024-05-30,,14.18,2024-05-24T04:48:56,2025-02-20T11:06:01
SHP00008517,ORD00008517,USPS,2025-03-14,2025-03-20,,20.7,2025-03-14T20:22:35,2025-08-03T20:44:13
SHP00008518,ORD00008518,FedEx,2025-11-15,2025-11-19,,9.08,2025-11-15T19:57:24,2026-01-07T06:34:34
SHP00008520,ORD00008520,DHL,2024-12-27,2024-12-31,,6.64,2024-12-27T22:59:37,2025-11-23T19:48:59
SHP00008521,ORD00008521,DHL,2024-07-25,2024-07-30,2024-07-31,23.54,2024-07-25T01:48:23,2025-08-08T19:42:22
SHP00008523,ORD00008523,UPS,2025-02-18,2025-02-24,,12.39,2025-02-18T12:17:34,2025-05-06T13:49:29
SHP00008530,ORD00008530,DHL,2025-09-21,2025-09-24,,21.82,2025-09-21T10:50:51,2025-12-22T18:11:43
SHP00008531,ORD00008531,USPS,2024-08-04,2024-08-10,2024-08-11,21.69,2024-08-04T18:51:13,2025-06-12T06:16:01
SHP00008532,ORD00008532,USPS,2024-07-24,2024-07-29,2024-07-29,36.07,2024-07-24T16:29:23,2025-11-21T18:26:02
SHP00008533,ORD00008533,OnTrac,2024-08-03,2024-08-09,2024-08-07,33.73,2024-08-03T03:17:44,2026-02-13T09:15:30
SHP00008534,ORD00008534,USPS,2024-10-26,2024-10-29,2024-10-28,19.94,2024-10-26T19:06:14,2024-11-03T13:33:38
SHP00008535,ORD00008535,DHL,2024-03-17,2024-03-20,2024-03-20,12.98,2024-03-17T08:05:46,2025-10-12T02:23:44
SHP00008537,ORD00008537,DHL,2025-02-14,2025-02-17,,24.76,2025-02-14T07:28:13,2025-02-21T10:26:30
SHP00008538,ORD00008538,OnTrac,2026-01-05,2026-01-11,2026-01-09,20.6,2026-01-05T23:53:48,2026-02-24T18:09:49
SHP00008539,ORD00008539,OnTrac,2025-05-13,2025-05-17,,37.06,2025-05-13T21:00:10,2025-05-29T16:19:53
SHP00008542,ORD00008542,FedEx,2024-01-04,2024-01-06,,28.2,2024-01-04T07:52:52,2024-01-26T04:03:29
SHP00008543,ORD00008543,UPS,2025-08-09,2025-08-11,2025-08-12,24.27,2025-08-09T04:41:18,2026-01-04T00:40:28
SHP00008544,ORD00008544,XPO,2024-06-14,2024-06-16,2024-06-18,28.99,2024-06-14T19:49:21,2025-05-29T18:22:56
SHP00008545,ORD00008545,FedEx,2025-08-18,2025-08-24,,37.66,2025-08-18T20:33:28,2025-10-28T12:55:29
SHP00008547,ORD00008547,XPO,2026-01-10,2026-01-13,,30.58,2026-01-10T23:39:14,2026-02-24T05:48:03
SHP00008548,ORD00008548,FedEx,2026-02-01,2026-02-05,2026-02-07,39.93,2026-02-01T07:29:18,2026-02-01T06:56:22
SHP00008550,ORD00008550,OnTrac,2026-02-07,2026-02-13,,36.41,2026-02-07T03:12:39,2026-02-08T06:20:17
SHP00008552,ORD00008552,USPS,2025-11-23,2025-11-29,2025-11-30,26.43,2025-11-23T06:14:17,2026-01-07T11:29:01
SHP00008553,ORD00008553,OnTrac,2025-07-19,2025-07-21,2025-07-24,38.6,2025-07-19T03:01:32,2026-02-23T02:55:53
SHP00008554,ORD00008554,DHL,2024-06-04,2024-06-08,2024-06-11,9.97,2024-06-04T12:55:30,2025-11-22T02:09:16
SHP00008558,ORD00008558,FedEx,2024-05-27,2024-06-01,2024-05-30,24.81,2024-05-27T19:57:41,2025-01-06T19:39:16
SHP00008559,ORD00008559,DHL,2024-09-23,2024-09-26,,31.62,2024-09-23T01:41:19,2025-05-05T17:20:43
SHP00008560,ORD00008560,USPS,2024-06-22,2024-06-25,2024-06-29,16.3,2024-06-22T21:23:01,2026-01-10T03:22:37
SHP00008561,ORD00008561,DHL,2024-03-31,2024-04-02,2024-04-01,5.22,2024-03-31T00:14:28,2026-02-11T06:38:35
SHP00008566,ORD00008566,UPS,2025-02-25,2025-03-03,2025-02-28,13.55,2025-02-25T12:23:16,2025-07-26T06:09:56
SHP00008568,ORD00008568,USPS,2026-01-13,2026-01-19,,21.65,2026-01-13T00:56:20,2026-02-05T10:53:23
SHP00008572,ORD00008572,DHL,2024-04-15,2024-04-20,2024-04-22,20.12,2024-04-15T04:10:12,2025-04-28T13:01:41
SHP00008574,ORD00008574,USPS,2025-02-14,2025-02-19,,26.28,2025-02-14T15:49:24,2025-06-28T22:25:44
SHP00008578,ORD00008578,DHL,2025-04-03,2025-04-05,,28.38,2025-04-03T11:04:36,2026-01-16T09:35:30
SHP00008579,ORD00008579,DHL,2024-06-01,2024-06-06,2024-06-02,7.65,2024-06-01T09:15:08,2024-08-13T00:06:37
SHP00008580,ORD00008580,FedEx,2024-05-05,2024-05-10,,9.66,2024-05-05T09:19:15,2025-02-05T20:04:21
SHP00008581,ORD00008581,USPS,2026-03-01,2026-03-07,2026-03-04,18.41,2026-03-01T11:09:21,2026-03-02T06:32:55
SHP00008582,ORD00008582,USPS,2024-01-24,2024-01-30,2024-01-31,30.77,2024-01-24T21:22:41,2025-10-21T23:17:05
SHP00008587,ORD00008587,XPO,2025-03-01,2025-03-04,2025-03-06,14.39,2025-03-01T12:27:24,2025-10-03T13:26:20
SHP00008597,ORD00008597,FedEx,2025-03-28,2025-04-02,2025-03-29,21.29,2025-03-28T21:57:55,2025-07-27T05:09:00
SHP00008598,ORD00008598,UPS,2025-05-20,2025-05-25,,26.02,2025-05-20T04:13:22,2025-10-06T01:23:14
SHP00008604,ORD00008604,FedEx,2025-08-03,2025-08-09,,4.88,2025-08-03T13:06:48,2025-10-01T04:38:20
SHP00008605,ORD00008605,FedEx,2025-12-25,2025-12-30,,26.85,2025-12-25T12:40:25,2026-02-24T02:50:27
SHP00008606,ORD00008606,OnTrac,2025-10-08,2025-10-14,,10.58,2025-10-08T06:52:22,2025-10-26T05:56:16
SHP00008610,ORD00008610,FedEx,2024-07-19,2024-07-24,,39.58,2024-07-19T03:03:50,2026-01-02T00:27:26
SHP00008613,ORD00008613,XPO,2024-08-29,2024-09-01,2024-09-05,30.68,2024-08-29T01:17:54,2024-12-18T00:30:56
SHP00008614,ORD00008614,USPS,2025-06-03,2025-06-06,2025-06-10,7.07,2025-06-03T06:17:24,2025-06-15T08:36:51
SHP00008617,ORD00008617,XPO,2024-01-12,2024-01-17,,18.66,2024-01-12T10:59:32,2026-02-23T18:14:53
SHP00008618,ORD00008618,USPS,2025-09-02,2025-09-07,2025-09-05,30.42,2025-09-02T03:33:46,2026-01-25T22:18:51
SHP00008619,ORD00008619,DHL,2025-01-08,2025-01-14,2025-01-09,26.09,2025-01-08T07:56:07,2026-01-21T03:36:08
SHP00008621,ORD00008621,USPS,2025-11-28,2025-12-04,2025-12-03,10.99,2025-11-28T11:22:02,2025-11-30T18:15:53
SHP00008623,ORD00008623,FedEx,2024-09-04,2024-09-08,2024-09-11,14.49,2024-09-04T13:18:10,2025-02-04T08:14:34
SHP00008625,ORD00008625,USPS,2025-03-18,2025-03-24,2025-03-20,19.06,2025-03-18T02:19:32,2025-04-22T14:16:22
SHP00008626,ORD00008626,FedEx,2025-06-02,2025-06-05,2025-06-06,10.1,2025-06-02T22:17:55,2026-01-22T11:40:50
SHP00008627,ORD00008627,FedEx,2024-07-24,2024-07-30,2024-07-29,22.5,2024-07-24T22:48:53,2025-04-09T05:27:40
SHP00008630,ORD00008630,DHL,2025-09-27,2025-09-30,,5.69,2025-09-27T11:24:01,2025-12-30T22:10:09
SHP00008631,ORD00008631,UPS,2025-07-02,2025-07-08,,13.21,2025-07-02T21:51:21,2025-07-16T12:29:53
SHP00008632,ORD00008632,USPS,2025-06-01,2025-06-04,,29.08,2025-06-01T08:55:30,2025-07-10T10:17:23
SHP00008635,ORD00008635,USPS,2024-09-27,2024-09-29,,24.08,2024-09-27T21:44:04,2026-02-28T20:13:31
SHP00008636,ORD00008636,XPO,2024-05-08,2024-05-14,2024-05-15,4.64,2024-05-08T18:44:47,2024-09-19T04:44:05
SHP00008637,ORD00008637,DHL,2025-05-05,2025-05-07,2025-05-07,20.96,2025-05-05T10:38:32,2025-10-15T20:27:02
SHP00008638,ORD00008638,UPS,2024-02-21,2024-02-23,2024-02-24,20.82,2024-02-21T06:09:24,2024-08-25T19:34:17
SHP00008640,ORD00008640,USPS,2024-12-17,2024-12-21,2024-12-19,29.53,2024-12-17T10:21:08,2025-09-25T00:11:21
SHP00008641,ORD00008641,DHL,2024-06-04,2024-06-06,2024-06-06,22.37,2024-06-04T16:52:39,2025-11-06T00:42:18
SHP00008642,ORD00008642,DHL,2025-07-11,2025-07-14,,7.08,2025-07-11T16:41:47,2025-09-13T01:45:08
SHP00008645,ORD00008645,OnTrac,2024-09-25,2024-09-29,2024-09-27,31.14,2024-09-25T05:48:02,2025-12-04T18:49:49
SHP00008647,ORD00008647,USPS,2026-01-06,2026-01-08,,21.47,2026-01-06T13:49:22,2026-01-12T20:46:16
SHP00008648,ORD00008648,XPO,2025-06-03,2025-06-07,2025-06-05,5.12,2025-06-03T02:43:36,2025-11-22T04:43:23
SHP00008651,ORD00008651,USPS,2025-09-25,2025-09-27,,21.27,2025-09-25T20:29:14,2025-11-12T11:17:30
SHP00008652,ORD00008652,UPS,2025-12-31,2026-01-04,,8.02,2025-12-31T19:05:37,2026-02-14T13:09:47
SHP00008653,ORD00008653,FedEx,2024-09-08,2024-09-12,2024-09-12,16.5,2024-09-08T19:40:50,2025-10-13T23:07:38
SHP00008654,ORD00008654,UPS,2025-04-09,2025-04-11,2025-04-10,18.94,2025-04-09T14:31:52,2025-06-20T00:27:45
SHP00008656,ORD00008656,OnTrac,2025-09-15,2025-09-21,2025-09-21,24.14,2025-09-15T22:20:52,2026-02-05T22:15:10
SHP00008658,ORD00008658,XPO,2025-09-07,2025-09-12,2025-09-12,29.71,2025-09-07T19:34:14,2025-12-08T15:05:18
SHP00008660,ORD00008660,USPS,2025-05-30,2025-06-02,,16.96,2025-05-30T06:37:33,2025-10-30T22:40:39
SHP00008664,ORD00008664,XPO,2026-02-08,2026-02-12,,14.3,2026-02-08T18:33:55,2026-02-13T06:35:58
SHP00008665,ORD00008665,UPS,2025-04-24,2025-04-29,2025-04-29,34.5,2025-04-24T15:36:40,2025-08-30T18:14:36
SHP00008669,ORD00008669,OnTrac,2025-06-19,2025-06-25,,8.03,2025-06-19T02:13:29,2025-12-29T04:19:50
SHP00008670,ORD00008670,USPS,2025-06-24,2025-06-26,2025-06-29,23.22,2025-06-24T07:08:24,2025-07-28T13:08:26
SHP00008671,ORD00008671,OnTrac,2024-06-05,2024-06-07,,27.12,2024-06-05T12:35:16,2024-12-17T00:43:59
SHP00008672,ORD00008672,XPO,2025-07-17,2025-07-22,2025-07-24,14.82,2025-07-17T19:19:05,2025-12-24T00:22:20
SHP00008673,ORD00008673,OnTrac,2024-05-17,2024-05-20,2024-05-18,15.89,2024-05-17T04:18:12,2025-12-30T20:20:33
SHP00008674,ORD00008674,FedEx,2025-03-22,2025-03-28,,36.54,2025-03-22T04:09:37,2025-09-23T02:35:54
SHP00008677,ORD00008677,XPO,2025-11-26,2025-12-02,,37.62,2025-11-26T15:00:03,2026-01-23T15:32:38
SHP00008679,ORD00008679,XPO,2025-08-19,2025-08-25,2025-08-23,7.09,2025-08-19T21:57:02,2025-09-03T18:21:19
SHP00008681,ORD00008681,USPS,2026-01-04,2026-01-06,2026-01-07,33.83,2026-01-04T20:20:33,2026-01-14T07:53:28
SHP00008682,ORD00008682,OnTrac,2025-02-13,2025-02-19,,28.7,2025-02-13T07:36:59,2025-08-29T12:05:11
SHP00008683,ORD00008683,UPS,2025-12-11,2025-12-15,2025-12-13,16.27,2025-12-11T14:31:12,2025-12-17T19:03:13
SHP00008686,ORD00008686,FedEx,2026-01-26,2026-02-01,2026-02-02,23.46,2026-01-26T22:40:05,2026-02-15T01:07:17
SHP00008687,ORD00008687,USPS,2024-12-14,2024-12-16,,12.16,2024-12-14T05:05:16,2025-11-12T08:57:14
SHP00008688,ORD00008688,FedEx,2024-02-22,2024-02-28,2024-02-28,24.19,2024-02-22T23:10:51,2024-07-18T16:21:35
SHP00008690,ORD00008690,OnTrac,2024-04-06,2024-04-08,,28.34,2024-04-06T18:30:24,2025-04-15T18:45:54
SHP00008691,ORD00008691,UPS,2024-01-29,2024-02-04,2024-02-01,11.27,2024-01-29T11:45:37,2024-04-15T14:42:34
SHP00008692,ORD00008692,OnTrac,2024-04-13,2024-04-15,,29.61,2024-04-13T12:47:24,2025-01-21T22:29:00
SHP00008693,ORD00008693,OnTrac,2024-03-22,2024-03-25,,9.71,2024-03-22T01:04:52,2024-09-25T16:00:39
SHP00008694,ORD00008694,USPS,2024-09-03,2024-09-09,2024-09-08,27.62,2024-09-03T07:17:51,2024-10-11T18:49:13
SHP00008696,ORD00008696,UPS,2024-01-05,2024-01-07,,39.41,2024-01-05T00:43:08,2025-09-27T19:04:20
SHP00008698,ORD00008698,UPS,2024-08-18,2024-08-20,2024-08-25,32.09,2024-08-18T18:08:00,2024-09-10T16:55:44
SHP00008699,ORD00008699,FedEx,2024-09-03,2024-09-09,,11.02,2024-09-03T20:54:29,2025-04-01T22:18:46
SHP00008702,ORD00008702,XPO,2025-03-03,2025-03-09,2025-03-09,9.0,2025-03-03T14:31:24,2026-01-19T12:17:44
SHP00008707,ORD00008707,DHL,2025-08-23,2025-08-26,,35.72,2025-08-23T00:33:37,2025-12-21T09:40:39
SHP00008708,ORD00008708,UPS,2024-08-15,2024-08-20,2024-08-16,14.22,2024-08-15T08:11:04,2025-06-07T20:08:20
SHP00008710,ORD00008710,UPS,2025-05-23,2025-05-26,2025-05-28,7.44,2025-05-23T00:19:06,2026-02-26T14:24:10
SHP00008711,ORD00008711,OnTrac,2024-12-12,2024-12-16,,9.36,2024-12-12T16:17:19,2025-01-05T11:02:08
SHP00008712,ORD00008712,XPO,2025-12-29,2026-01-02,2026-01-01,10.33,2025-12-29T18:15:41,2026-02-26T04:21:42
SHP00008718,ORD00008718,XPO,2026-02-21,2026-02-26,2026-02-23,31.78,2026-02-21T01:05:35,2026-02-21T05:31:08
SHP00008719,ORD00008719,UPS,2025-08-25,2025-08-28,2025-08-31,16.41,2025-08-25T12:02:01,2026-02-09T05:58:51
SHP00008720,ORD00008720,USPS,2024-08-01,2024-08-06,,39.66,2024-08-01T17:28:53,2024-11-20T12:59:01
SHP00008721,ORD00008721,OnTrac,2024-10-16,2024-10-21,2024-10-19,14.72,2024-10-16T02:46:04,2026-02-18T13:25:18
SHP00008722,ORD00008722,OnTrac,2024-06-23,2024-06-26,,9.53,2024-06-23T07:56:24,2025-06-10T06:47:23
SHP00008723,ORD00008723,USPS,2025-03-30,2025-04-03,2025-03-31,30.3,2025-03-30T14:59:29,2025-07-07T17:27:12
SHP00008725,ORD00008725,USPS,2025-05-03,2025-05-06,2025-05-05,25.46,2025-05-03T20:38:45,2025-11-03T05:57:26
SHP00008726,ORD00008726,XPO,2025-05-19,2025-05-21,2025-05-25,7.18,2025-05-19T12:50:31,2025-06-02T03:59:10
SHP00008729,ORD00008729,XPO,2024-08-01,2024-08-03,,11.07,2024-08-01T16:22:04,2026-01-14T19:58:27
SHP00008730,ORD00008730,USPS,2025-01-23,2025-01-26,,17.97,2025-01-23T02:25:44,2026-03-01T10:14:36
SHP00008731,ORD00008731,FedEx,2025-03-09,2025-03-11,,38.35,2025-03-09T08:22:13,2025-12-01T10:49:23
SHP00008733,ORD00008733,UPS,2026-02-07,2026-02-12,,28.0,2026-02-07T14:52:02,2026-02-25T10:12:37
SHP00008737,ORD00008737,DHL,2025-01-29,2025-01-31,,21.83,2025-01-29T14:48:51,2025-11-22T01:01:24
SHP00008739,ORD00008739,USPS,2025-01-14,2025-01-18,2025-01-20,20.66,2025-01-14T18:28:18,2025-02-10T12:21:49
SHP00008741,ORD00008741,XPO,2025-04-07,2025-04-11,2025-04-10,13.08,2025-04-07T08:01:50,2025-08-28T08:57:06
SHP00008742,ORD00008742,FedEx,2025-04-17,2025-04-22,2025-04-20,24.51,2025-04-17T04:11:37,2026-02-13T21:50:21
SHP00008743,ORD00008743,UPS,2024-05-27,2024-06-02,2024-05-31,27.88,2024-05-27T06:03:33,2025-03-03T22:52:59
SHP00008744,ORD00008744,USPS,2024-09-02,2024-09-06,2024-09-08,17.09,2024-09-02T23:00:51,2025-04-23T17:44:40
SHP00008745,ORD00008745,XPO,2024-04-07,2024-04-11,,17.77,2024-04-07T19:03:23,2026-02-21T19:27:00
SHP00008746,ORD00008746,OnTrac,2025-07-29,2025-08-04,2025-08-02,26.13,2025-07-29T20:58:07,2026-02-27T03:49:02
SHP00008747,ORD00008747,FedEx,2024-10-20,2024-10-26,2024-10-22,15.03,2024-10-20T14:42:12,2025-04-26T08:46:09
SHP00008748,ORD00008748,OnTrac,2025-03-09,2025-03-14,2025-03-14,25.24,2025-03-09T18:27:53,2025-09-23T11:56:16
SHP00008750,ORD00008750,DHL,2024-10-24,2024-10-28,,27.81,2024-10-24T16:31:43,2025-02-16T09:51:52
SHP00008753,ORD00008753,FedEx,2024-08-13,2024-08-16,,29.46,2024-08-13T09:20:21,2025-11-08T17:42:20
SHP00008754,ORD00008754,OnTrac,2025-11-29,2025-12-03,2025-12-06,31.32,2025-11-29T08:20:43,2025-12-17T03:49:02
SHP00008755,ORD00008755,OnTrac,2024-01-31,2024-02-06,2024-02-01,21.61,2024-01-31T13:42:56,2024-07-30T16:02:18
SHP00008758,ORD00008758,UPS,2025-04-01,2025-04-06,2025-04-05,17.01,2025-04-01T09:27:20,2025-05-08T12:52:22
SHP00008759,ORD00008759,FedEx,2025-10-16,2025-10-22,2025-10-22,15.76,2025-10-16T23:19:51,2025-11-11T06:04:00
SHP00008760,ORD00008760,FedEx,2025-02-20,2025-02-26,2025-02-27,24.15,2025-02-20T20:55:05,2025-09-07T22:57:50
SHP00008762,ORD00008762,UPS,2025-08-18,2025-08-23,,36.3,2025-08-18T02:34:57,2025-10-10T14:22:02
SHP00008763,ORD00008763,OnTrac,2024-03-10,2024-03-13,2024-03-13,29.47,2024-03-10T20:12:21,2024-08-04T20:04:48
SHP00008764,ORD00008764,OnTrac,2024-10-13,2024-10-15,2024-10-20,5.38,2024-10-13T18:19:12,2025-05-22T02:36:10
SHP00008765,ORD00008765,USPS,2024-05-30,2024-06-04,,13.89,2024-05-30T00:30:29,2024-09-09T19:50:58
SHP00008767,ORD00008767,USPS,2025-12-14,2025-12-17,2025-12-21,4.41,2025-12-14T19:33:17,2026-02-17T13:19:15
SHP00008769,ORD00008769,DHL,2025-02-06,2025-02-11,2025-02-08,32.26,2025-02-06T12:54:10,2025-03-06T03:06:29
SHP00008771,ORD00008771,DHL,2024-08-04,2024-08-08,,33.61,2024-08-04T04:53:47,2025-11-01T09:49:17
SHP00008772,ORD00008772,USPS,2026-02-21,2026-02-26,,7.2,2026-02-21T03:10:32,2026-02-28T04:23:03
SHP00008773,ORD00008773,DHL,2024-05-22,2024-05-24,,20.9,2024-05-22T10:06:24,2024-09-09T10:51:10
SHP00008774,ORD00008774,UPS,2025-11-19,2025-11-25,,37.32,2025-11-19T23:36:55,2026-01-30T07:52:11
SHP00008775,ORD00008775,FedEx,2025-08-28,2025-09-02,2025-09-02,39.01,2025-08-28T04:57:19,2025-09-30T08:18:49
SHP00008776,ORD00008776,DHL,2025-05-18,2025-05-22,,12.18,2025-05-18T21:10:29,2025-07-08T14:44:01
SHP00008777,ORD00008777,USPS,2025-04-08,2025-04-11,2025-04-15,7.21,2025-04-08T23:36:03,2025-11-02T12:15:33
SHP00008779,ORD00008779,USPS,2025-09-09,2025-09-15,,37.28,2025-09-09T20:52:23,2025-10-23T20:07:36
SHP00008780,ORD00008780,XPO,2025-05-19,2025-05-24,2025-05-22,37.58,2025-05-19T03:55:45,2025-07-14T19:00:14
SHP00008782,ORD00008782,UPS,2025-03-02,2025-03-05,2025-03-07,35.82,2025-03-02T07:27:40,2025-10-19T10:07:55
SHP00008783,ORD00008783,DHL,2024-05-05,2024-05-10,2024-05-10,31.15,2024-05-05T04:41:39,2025-05-25T19:28:20
SHP00008784,ORD00008784,OnTrac,2024-11-06,2024-11-09,2024-11-07,37.83,2024-11-06T16:28:23,2025-07-06T12:27:41
SHP00008785,ORD00008785,DHL,2025-07-18,2025-07-22,,28.67,2025-07-18T11:13:44,2026-02-27T15:37:09
SHP00008786,ORD00008786,UPS,2024-02-23,2024-02-29,2024-02-26,24.29,2024-02-23T06:55:52,2024-03-22T00:20:47
SHP00008788,ORD00008788,UPS,2024-07-07,2024-07-09,2024-07-09,24.87,2024-07-07T16:13:47,2025-09-30T13:09:56
SHP00008789,ORD00008789,UPS,2026-02-26,2026-03-03,,25.65,2026-02-26T11:40:10,2026-02-26T09:27:26
SHP00008790,ORD00008790,OnTrac,2024-01-30,2024-02-05,2024-02-03,21.54,2024-01-30T01:45:22,2025-07-04T08:52:59
SHP00008791,ORD00008791,USPS,2024-06-08,2024-06-13,2024-06-11,22.85,2024-06-08T16:29:13,2024-09-01T09:47:40
SHP00008792,ORD00008792,XPO,2024-01-15,2024-01-19,,36.05,2024-01-15T03:18:12,2025-01-09T19:13:23
SHP00008794,ORD00008794,OnTrac,2025-08-05,2025-08-07,,30.8,2025-08-05T19:43:37,2025-11-12T07:10:46
SHP00008795,ORD00008795,XPO,2025-02-01,2025-02-03,2025-02-06,27.08,2025-02-01T15:28:04,2026-02-12T04:49:47
SHP00008797,ORD00008797,XPO,2025-02-18,2025-02-21,,31.81,2025-02-18T12:57:28,2025-07-15T18:41:53
SHP00008801,ORD00008801,DHL,2024-01-14,2024-01-17,2024-01-21,23.86,2024-01-14T05:48:16,2024-06-29T13:34:04
SHP00008802,ORD00008802,OnTrac,2025-01-04,2025-01-08,,10.44,2025-01-04T10:52:56,2025-05-05T15:37:19
SHP00008804,ORD00008804,DHL,2026-01-18,2026-01-23,,24.8,2026-01-18T13:28:51,2026-02-06T20:53:54
SHP00008805,ORD00008805,XPO,2025-01-17,2025-01-23,2025-01-23,28.76,2025-01-17T07:43:18,2025-11-12T16:20:15
SHP00008807,ORD00008807,USPS,2024-04-04,2024-04-07,2024-04-09,18.81,2024-04-04T21:51:20,2025-07-13T16:10:09
SHP00008809,ORD00008809,XPO,2025-12-20,2025-12-25,,39.08,2025-12-20T04:01:45,2025-12-26T02:51:49
SHP00008810,ORD00008810,UPS,2025-07-04,2025-07-08,2025-07-05,11.98,2025-07-04T05:00:30,2025-10-24T09:21:32
SHP00008814,ORD00008814,FedEx,2025-03-25,2025-03-27,2025-03-28,29.65,2025-03-25T00:24:45,2025-12-19T15:41:46
SHP00008815,ORD00008815,DHL,2025-01-19,2025-01-21,2025-01-22,5.26,2025-01-19T03:26:31,2025-04-16T06:04:07
SHP00008816,ORD00008816,USPS,2024-11-10,2024-11-13,2024-11-12,19.21,2024-11-10T10:39:46,2025-10-23T04:59:49
SHP00008817,ORD00008817,XPO,2025-11-20,2025-11-26,2025-11-22,10.49,2025-11-20T12:12:10,2026-01-03T08:07:50
SHP00008818,ORD00008818,DHL,2025-02-09,2025-02-14,2025-02-12,23.52,2025-02-09T21:45:08,2025-11-02T07:19:37
SHP00008819,ORD00008819,XPO,2025-08-09,2025-08-14,2025-08-13,19.84,2025-08-09T16:49:10,2025-08-20T01:47:04
SHP00008820,ORD00008820,USPS,2025-02-13,2025-02-15,2025-02-16,10.8,2025-02-13T17:33:45,2025-05-25T14:17:34
SHP00008821,ORD00008821,UPS,2024-12-19,2024-12-23,2024-12-20,14.12,2024-12-19T09:25:56,2026-01-14T05:44:23
SHP00008824,ORD00008824,DHL,2025-05-21,2025-05-26,,4.67,2025-05-21T10:14:17,2026-01-22T04:47:24
SHP00008826,ORD00008826,UPS,2025-10-09,2025-10-15,2025-10-16,24.04,2025-10-09T23:37:07,2025-11-21T22:25:07
SHP00008828,ORD00008828,UPS,2024-08-29,2024-08-31,2024-09-04,23.62,2024-08-29T04:07:08,2026-01-31T09:34:09
SHP00008830,ORD00008830,UPS,2025-05-08,2025-05-10,2025-05-15,31.29,2025-05-08T12:55:24,2026-01-02T09:33:25
SHP00008831,ORD00008831,DHL,2024-09-20,2024-09-25,2024-09-21,31.44,2024-09-20T11:16:22,2026-02-14T14:29:30
SHP00008835,ORD00008835,USPS,2024-08-05,2024-08-07,,11.89,2024-08-05T05:41:15,2025-11-23T16:40:00
SHP00008837,ORD00008837,FedEx,2026-02-01,2026-02-07,2026-02-05,10.16,2026-02-01T11:56:41,2026-02-03T15:13:20
SHP00008839,ORD00008839,FedEx,2024-12-12,2024-12-17,2024-12-16,23.52,2024-12-12T19:04:10,2025-05-18T19:45:58
SHP00008843,ORD00008843,USPS,2025-05-12,2025-05-16,,5.13,2025-05-12T20:50:32,2025-09-28T04:57:40
SHP00008844,ORD00008844,DHL,2024-09-14,2024-09-20,2024-09-17,9.55,2024-09-14T18:04:30,2024-12-17T11:38:28
SHP00008847,ORD00008847,USPS,2024-01-18,2024-01-20,,36.75,2024-01-18T07:42:58,2025-11-08T12:38:20
SHP00008848,ORD00008848,DHL,2025-05-25,2025-05-28,,25.41,2025-05-25T05:28:12,2025-07-29T21:56:46
SHP00008850,ORD00008850,FedEx,2025-11-08,2025-11-10,,14.24,2025-11-08T21:01:42,2026-01-10T07:06:08
SHP00008851,ORD00008851,UPS,2025-07-21,2025-07-24,2025-07-25,12.35,2025-07-21T22:51:07,2026-02-04T02:47:24
SHP00008853,ORD00008853,USPS,2025-10-01,2025-10-07,2025-10-04,23.14,2025-10-01T07:29:32,2025-12-06T14:54:33
SHP00008857,ORD00008857,OnTrac,2025-12-26,2025-12-28,2026-01-01,22.29,2025-12-26T04:55:00,2026-02-14T16:58:58
SHP00008858,ORD00008858,DHL,2024-02-04,2024-02-08,,33.03,2024-02-04T08:53:55,2024-02-22T00:08:21
SHP00008859,ORD00008859,XPO,2025-06-04,2025-06-09,,38.18,2025-06-04T01:07:40,2025-12-23T21:39:45
SHP00008860,ORD00008860,OnTrac,2024-12-09,2024-12-11,2024-12-12,15.5,2024-12-09T06:35:45,2024-12-19T15:23:46
SHP00008861,ORD00008861,XPO,2024-02-28,2024-03-02,,32.09,2024-02-28T03:37:33,2025-10-18T04:54:08
SHP00008862,ORD00008862,XPO,2025-06-07,2025-06-10,,6.65,2025-06-07T08:45:48,2025-07-17T21:24:12
SHP00008864,ORD00008864,DHL,2025-06-29,2025-07-04,2025-07-06,16.32,2025-06-29T22:32:46,2026-02-05T07:14:12
SHP00008865,ORD00008865,FedEx,2025-05-18,2025-05-23,,5.43,2025-05-18T15:46:39,2025-06-02T21:09:24
SHP00008866,ORD00008866,UPS,2024-07-02,2024-07-07,2024-07-03,4.57,2024-07-02T21:18:18,2025-04-22T17:47:06
SHP00008869,ORD00008869,DHL,2024-03-09,2024-03-12,,6.52,2024-03-09T19:48:52,2024-11-10T17:37:03
SHP00008870,ORD00008870,USPS,2024-04-14,2024-04-18,,18.43,2024-04-14T21:52:52,2025-04-09T17:00:16
SHP00008871,ORD00008871,USPS,2025-06-26,2025-07-01,2025-06-30,30.62,2025-06-26T20:40:14,2026-01-04T07:08:09
SHP00008872,ORD00008872,OnTrac,2024-05-29,2024-05-31,2024-06-04,11.2,2024-05-29T06:01:22,2025-10-23T20:57:20
SHP00008873,ORD00008873,DHL,2024-04-25,2024-04-29,2024-04-28,14.07,2024-04-25T14:39:20,2025-11-08T22:13:33
SHP00008874,ORD00008874,XPO,2024-07-09,2024-07-12,2024-07-16,26.83,2024-07-09T04:08:50,2025-05-04T01:14:59
SHP00008875,ORD00008875,DHL,2025-09-20,2025-09-25,2025-09-27,15.95,2025-09-20T07:30:01,2025-10-21T05:36:55
SHP00008877,ORD00008877,DHL,2024-05-10,2024-05-13,,24.15,2024-05-10T01:18:31,2025-07-15T14:53:57
SHP00008880,ORD00008880,DHL,2025-02-05,2025-02-08,2025-02-07,23.05,2025-02-05T12:11:07,2025-12-16T06:28:58
SHP00008882,ORD00008882,UPS,2025-06-22,2025-06-25,2025-06-25,30.89,2025-06-22T01:01:03,2025-11-22T21:28:32
SHP00008883,ORD00008883,FedEx,2024-06-08,2024-06-14,2024-06-10,36.52,2024-06-08T21:01:27,2025-01-03T07:49:55
SHP00008884,ORD00008884,USPS,2024-01-18,2024-01-22,2024-01-19,16.68,2024-01-18T22:25:41,2024-02-14T16:38:11
SHP00008887,ORD00008887,DHL,2025-12-24,2025-12-26,2025-12-30,20.74,2025-12-24T19:05:30,2026-02-24T19:18:34
SHP00008889,ORD00008889,UPS,2025-12-28,2025-12-30,,4.51,2025-12-28T11:11:53,2025-12-31T05:54:52
SHP00008890,ORD00008890,FedEx,2025-02-20,2025-02-22,,29.67,2025-02-20T02:10:00,2026-02-03T14:23:39
SHP00008893,ORD00008893,XPO,2026-03-02,2026-03-06,,32.78,2026-03-02T14:28:38,2026-03-02T00:19:03
SHP00008897,ORD00008897,XPO,2025-08-24,2025-08-29,2025-08-28,36.94,2025-08-24T11:59:38,2025-09-27T18:14:44
SHP00008899,ORD00008899,UPS,2024-08-20,2024-08-22,2024-08-25,16.26,2024-08-20T19:10:54,2025-01-14T22:01:21
SHP00008901,ORD00008901,OnTrac,2025-06-20,2025-06-23,2025-06-22,39.1,2025-06-20T23:35:08,2025-09-15T15:10:46
SHP00008902,ORD00008902,OnTrac,2024-12-18,2024-12-22,,26.76,2024-12-18T20:59:04,2025-09-10T00:02:48
SHP00008904,ORD00008904,XPO,2024-01-09,2024-01-12,,37.95,2024-01-09T03:51:21,2025-03-17T12:27:30
SHP00008905,ORD00008905,UPS,2025-07-28,2025-08-03,2025-08-03,29.12,2025-07-28T03:17:55,2025-12-03T01:16:16
SHP00008907,ORD00008907,XPO,2025-03-04,2025-03-10,2025-03-06,14.51,2025-03-04T09:19:11,2026-02-14T09:09:28
SHP00008908,ORD00008908,XPO,2025-06-27,2025-07-02,2025-06-30,19.43,2025-06-27T20:33:22,2025-10-14T19:22:54
SHP00008909,ORD00008909,XPO,2024-06-26,2024-06-28,2024-07-02,20.17,2024-06-26T02:58:29,2025-12-29T22:06:45
SHP00008910,ORD00008910,XPO,2026-01-01,2026-01-03,,5.8,2026-01-01T03:37:50,2026-01-11T09:58:46
SHP00008912,ORD00008912,FedEx,2025-03-08,2025-03-11,,6.1,2025-03-08T13:24:22,2025-12-30T07:35:45
SHP00008915,ORD00008915,UPS,2026-02-02,2026-02-06,2026-02-08,28.59,2026-02-02T06:52:00,2026-02-03T18:14:01
SHP00008917,ORD00008917,OnTrac,2025-04-13,2025-04-16,2025-04-20,19.95,2025-04-13T13:40:51,2025-09-09T17:13:58
SHP00008920,ORD00008920,OnTrac,2024-01-20,2024-01-25,2024-01-26,25.41,2024-01-20T14:59:12,2025-12-09T03:42:58
SHP00008922,ORD00008922,FedEx,2025-02-14,2025-02-16,,21.38,2025-02-14T04:42:58,2025-11-01T19:50:04
SHP00008923,ORD00008923,USPS,2024-02-02,2024-02-04,2024-02-09,8.22,2024-02-02T13:16:59,2024-10-31T02:34:55
SHP00008926,ORD00008926,DHL,2025-07-02,2025-07-05,2025-07-06,20.31,2025-07-02T16:03:52,2025-10-09T08:23:40
SHP00008927,ORD00008927,USPS,2024-11-01,2024-11-04,2024-11-07,19.27,2024-11-01T22:20:43,2025-04-17T12:59:58
SHP00008929,ORD00008929,DHL,2025-05-26,2025-05-30,,37.71,2025-05-26T14:43:10,2026-02-08T06:20:56
SHP00008930,ORD00008930,FedEx,2025-11-09,2025-11-14,2025-11-10,6.87,2025-11-09T13:22:51,2025-12-27T18:07:20
SHP00008931,ORD00008931,USPS,2025-03-04,2025-03-09,,31.13,2025-03-04T23:16:20,2025-03-04T05:01:12
SHP00008933,ORD00008933,FedEx,2024-02-02,2024-02-08,,6.26,2024-02-02T13:50:04,2025-02-12T04:36:11
SHP00008934,ORD00008934,DHL,2025-05-26,2025-05-31,2025-05-31,26.18,2025-05-26T21:22:53,2025-09-02T04:59:32
SHP00008936,ORD00008936,FedEx,2024-01-05,2024-01-10,,27.62,2024-01-05T23:11:53,2026-02-13T17:22:10
SHP00008938,ORD00008938,XPO,2024-10-10,2024-10-15,,22.14,2024-10-10T12:30:51,2025-10-23T04:24:29
SHP00008941,ORD00008941,USPS,2025-04-23,2025-04-27,2025-04-30,32.98,2025-04-23T08:56:34,2025-05-13T12:04:25
SHP00008942,ORD00008942,FedEx,2025-03-03,2025-03-08,2025-03-07,17.44,2025-03-03T07:34:42,2025-04-08T21:26:01
SHP00008943,ORD00008943,XPO,2025-08-02,2025-08-07,2025-08-05,17.45,2025-08-02T00:03:31,2025-09-02T17:38:54
SHP00008945,ORD00008945,USPS,2025-02-15,2025-02-17,2025-02-22,12.76,2025-02-15T16:20:24,2025-09-23T17:32:42
SHP00008946,ORD00008946,USPS,2025-07-23,2025-07-25,2025-07-30,7.95,2025-07-23T00:47:03,2025-08-10T00:19:00
SHP00008949,ORD00008949,UPS,2024-04-25,2024-04-28,2024-04-30,36.59,2024-04-25T02:34:11,2026-02-01T10:05:56
SHP00008950,ORD00008950,USPS,2026-02-10,2026-02-13,,6.92,2026-02-10T19:38:00,2026-02-25T17:26:35
SHP00008951,ORD00008951,OnTrac,2024-04-23,2024-04-28,2024-04-27,20.42,2024-04-23T20:55:48,2025-07-22T04:52:28
SHP00008952,ORD00008952,DHL,2024-12-19,2024-12-25,2024-12-24,25.06,2024-12-19T09:54:52,2025-06-18T07:51:26
SHP00008954,ORD00008954,OnTrac,2024-06-28,2024-07-02,,28.97,2024-06-28T15:40:02,2025-06-18T20:36:42
SHP00008955,ORD00008955,XPO,2024-10-07,2024-10-12,2024-10-10,34.84,2024-10-07T03:49:55,2025-05-12T20:55:30
SHP00008956,ORD00008956,USPS,2024-04-18,2024-04-23,2024-04-20,7.38,2024-04-18T07:55:06,2024-10-20T19:32:01
SHP00008957,ORD00008957,USPS,2025-02-25,2025-03-02,2025-02-28,34.87,2025-02-25T09:41:47,2025-08-25T10:14:14
SHP00008958,ORD00008958,USPS,2025-07-26,2025-07-28,,12.29,2025-07-26T11:29:17,2025-10-05T23:19:33
SHP00008959,ORD00008959,FedEx,2025-10-08,2025-10-13,2025-10-15,11.69,2025-10-08T03:29:55,2026-02-21T19:56:38
SHP00008962,ORD00008962,XPO,2024-01-26,2024-02-01,2024-01-28,23.51,2024-01-26T11:17:53,2024-06-01T17:18:44
SHP00008963,ORD00008963,OnTrac,2024-11-14,2024-11-16,2024-11-16,38.57,2024-11-14T09:00:52,2024-12-16T13:06:19
SHP00008966,ORD00008966,UPS,2025-09-05,2025-09-08,2025-09-08,20.56,2025-09-05T21:51:56,2025-09-23T01:30:21
SHP00008967,ORD00008967,DHL,2024-07-03,2024-07-07,2024-07-06,26.54,2024-07-03T07:44:03,2025-10-17T19:12:26
SHP00008968,ORD00008968,DHL,2024-08-29,2024-09-01,2024-09-02,24.28,2024-08-29T22:14:59,2025-05-28T04:35:31
SHP00008969,ORD00008969,USPS,2025-02-19,2025-02-22,,23.72,2025-02-19T01:23:01,2025-10-12T20:53:53
SHP00008970,ORD00008970,USPS,2025-10-11,2025-10-16,2025-10-12,26.77,2025-10-11T18:51:55,2025-12-23T19:32:06
SHP00008971,ORD00008971,XPO,2026-02-12,2026-02-18,2026-02-19,8.09,2026-02-12T06:51:00,2026-02-15T22:45:01
SHP00008972,ORD00008972,FedEx,2024-01-06,2024-01-09,,39.56,2024-01-06T13:45:45,2025-04-26T04:48:40
SHP00008974,ORD00008974,OnTrac,2024-04-16,2024-04-21,2024-04-22,13.67,2024-04-16T01:53:22,2024-08-27T15:50:47
SHP00008976,ORD00008976,XPO,2025-03-13,2025-03-15,2025-03-18,33.21,2025-03-13T19:10:35,2025-11-19T07:11:52
SHP00008977,ORD00008977,DHL,2026-02-03,2026-02-06,,14.65,2026-02-03T07:02:43,2026-02-08T07:48:31
SHP00008978,ORD00008978,DHL,2025-09-07,2025-09-10,2025-09-10,8.44,2025-09-07T22:14:33,2025-10-11T13:42:48
SHP00008980,ORD00008980,OnTrac,2024-10-15,2024-10-17,,33.59,2024-10-15T22:04:42,2026-02-16T07:35:58
SHP00008981,ORD00008981,DHL,2025-04-28,2025-05-01,2025-05-04,36.36,2025-04-28T06:49:25,2025-06-26T16:40:34
SHP00008982,ORD00008982,XPO,2024-11-29,2024-12-04,,14.41,2024-11-29T08:36:49,2025-09-13T02:08:34
SHP00008983,ORD00008983,OnTrac,2025-01-31,2025-02-04,,23.75,2025-01-31T01:28:03,2025-05-09T05:13:37
SHP00008985,ORD00008985,DHL,2024-12-12,2024-12-14,2024-12-13,36.77,2024-12-12T22:18:06,2025-09-04T14:41:51
SHP00008987,ORD00008987,FedEx,2024-09-10,2024-09-15,2024-09-15,38.52,2024-09-10T04:21:37,2025-12-04T01:18:01
SHP00008988,ORD00008988,XPO,2025-08-20,2025-08-24,2025-08-22,16.39,2025-08-20T04:52:03,2026-02-02T13:15:33
SHP00008989,ORD00008989,FedEx,2025-03-16,2025-03-22,,33.62,2025-03-16T00:39:53,2025-04-19T15:16:07
SHP00008991,ORD00008991,UPS,2025-06-21,2025-06-25,2025-06-23,36.17,2025-06-21T12:05:39,2025-08-13T02:34:10
SHP00008992,ORD00008992,USPS,2024-01-06,2024-01-11,,27.96,2024-01-06T01:32:09,2025-03-25T01:53:37
SHP00008993,ORD00008993,DHL,2025-05-05,2025-05-08,2025-05-08,23.69,2025-05-05T22:00:18,2026-01-23T09:17:21
SHP00009000,ORD00009000,UPS,2025-12-02,2025-12-06,,28.41,2025-12-02T17:27:18,2026-01-31T23:30:17
SHP00009001,ORD00009001,XPO,2025-05-22,2025-05-25,2025-05-29,39.59,2025-05-22T08:34:50,2025-05-23T02:49:55
SHP00009002,ORD00009002,OnTrac,2025-05-04,2025-05-06,,25.1,2025-05-04T21:43:16,2025-08-03T20:41:33
SHP00009003,ORD00009003,USPS,2024-02-19,2024-02-25,2024-02-22,6.77,2024-02-19T17:05:58,2025-10-03T21:52:57
SHP00009004,ORD00009004,DHL,2025-10-06,2025-10-09,2025-10-08,27.84,2025-10-06T23:37:53,2025-10-11T15:57:19
SHP00009007,ORD00009007,XPO,2025-05-01,2025-05-06,2025-05-07,14.85,2025-05-01T02:00:34,2025-07-06T09:27:35
SHP00009009,ORD00009009,FedEx,2025-01-29,2025-02-01,2025-02-02,37.47,2025-01-29T21:44:58,2026-01-10T02:53:20
SHP00009010,ORD00009010,FedEx,2024-05-06,2024-05-12,,27.16,2024-05-06T01:13:48,2025-02-22T18:42:03
SHP00009011,ORD00009011,DHL,2024-06-07,2024-06-12,2024-06-14,25.16,2024-06-07T09:39:28,2025-08-27T21:50:38
SHP00009013,ORD00009013,UPS,2024-12-05,2024-12-11,,12.54,2024-12-05T05:29:49,2025-09-25T01:07:59
SHP00009014,ORD00009014,XPO,2024-11-23,2024-11-25,2024-11-24,38.93,2024-11-23T01:01:07,2025-04-04T18:47:07
SHP00009018,ORD00009018,USPS,2025-01-18,2025-01-20,,20.28,2025-01-18T09:03:56,2025-03-29T15:46:07
SHP00009019,ORD00009019,OnTrac,2024-08-03,2024-08-07,2024-08-06,39.76,2024-08-03T23:36:50,2026-02-14T21:00:40
SHP00009022,ORD00009022,OnTrac,2024-02-08,2024-02-10,2024-02-14,26.62,2024-02-08T11:27:09,2024-12-12T05:50:31
SHP00009023,ORD00009023,UPS,2025-04-10,2025-04-15,2025-04-11,38.77,2025-04-10T18:08:26,2026-01-08T15:07:51
SHP00009024,ORD00009024,FedEx,2024-11-07,2024-11-13,,30.03,2024-11-07T20:30:42,2025-06-04T12:10:47
SHP00009025,ORD00009025,USPS,2025-01-22,2025-01-28,,14.89,2025-01-22T16:57:48,2026-01-02T07:33:42
SHP00009026,ORD00009026,UPS,2025-04-30,2025-05-04,,6.47,2025-04-30T06:37:33,2025-06-23T21:50:47
SHP00009028,ORD00009028,UPS,2025-12-07,2025-12-09,2025-12-13,23.13,2025-12-07T11:14:41,2026-02-02T19:27:42
SHP00009030,ORD00009030,XPO,2024-07-29,2024-08-02,2024-08-04,25.16,2024-07-29T03:18:56,2024-09-20T10:30:33
SHP00009031,ORD00009031,XPO,2025-02-10,2025-02-13,2025-02-14,19.28,2025-02-10T23:10:38,2025-07-24T06:01:30
SHP00009033,ORD00009033,DHL,2025-01-15,2025-01-17,,38.37,2025-01-15T18:46:34,2025-09-19T23:56:33
SHP00009035,ORD00009035,XPO,2024-03-07,2024-03-10,,29.86,2024-03-07T21:17:48,2025-03-04T17:36:53
SHP00009037,ORD00009037,FedEx,2024-01-22,2024-01-28,2024-01-25,25.43,2024-01-22T14:55:45,2025-05-05T00:59:27
SHP00009038,ORD00009038,XPO,2025-12-08,2025-12-13,2025-12-09,21.4,2025-12-08T04:54:31,2026-01-08T20:01:22
SHP00009039,ORD00009039,XPO,2024-12-12,2024-12-16,,5.79,2024-12-12T02:55:02,2025-12-05T16:25:40
SHP00009040,ORD00009040,DHL,2024-07-26,2024-07-30,2024-08-01,7.37,2024-07-26T19:59:15,2024-08-22T01:00:54
SHP00009042,ORD00009042,DHL,2025-09-06,2025-09-11,2025-09-12,19.4,2025-09-06T03:34:20,2025-12-30T15:10:13
SHP00009044,ORD00009044,UPS,2024-09-25,2024-10-01,2024-09-26,11.89,2024-09-25T00:55:26,2025-11-09T20:10:46
SHP00009046,ORD00009046,DHL,2024-10-20,2024-10-23,,37.12,2024-10-20T16:08:36,2026-02-03T16:53:48
SHP00009048,ORD00009048,UPS,2025-09-17,2025-09-20,2025-09-23,30.96,2025-09-17T16:32:06,2026-02-01T19:35:24
SHP00009049,ORD00009049,FedEx,2025-09-20,2025-09-25,2025-09-27,9.88,2025-09-20T01:23:09,2025-12-09T16:52:16
SHP00009051,ORD00009051,USPS,2025-10-20,2025-10-26,2025-10-25,17.88,2025-10-20T13:06:49,2025-11-15T19:55:19
SHP00009052,ORD00009052,OnTrac,2024-11-24,2024-11-30,,38.47,2024-11-24T23:23:55,2024-12-09T19:54:03
SHP00009053,ORD00009053,OnTrac,2024-08-07,2024-08-11,2024-08-08,26.19,2024-08-07T01:48:21,2025-03-27T06:19:57
SHP00009056,ORD00009056,UPS,2025-09-25,2025-09-30,,39.46,2025-09-25T08:53:14,2026-01-25T08:52:04
SHP00009057,ORD00009057,XPO,2025-12-22,2025-12-25,,27.36,2025-12-22T12:45:58,2026-01-07T06:37:24
SHP00009059,ORD00009059,DHL,2024-08-30,2024-09-04,2024-09-02,4.8,2024-08-30T18:55:01,2025-11-07T10:17:30
SHP00009060,ORD00009060,USPS,2025-08-18,2025-08-23,,17.01,2025-08-18T05:20:42,2025-09-20T04:54:26
SHP00009062,ORD00009062,DHL,2024-05-24,2024-05-29,2024-05-29,17.21,2024-05-24T19:47:07,2024-06-10T07:31:39
SHP00009063,ORD00009063,XPO,2025-11-06,2025-11-12,2025-11-12,28.42,2025-11-06T17:40:11,2026-02-09T13:09:29
SHP00009064,ORD00009064,DHL,2024-05-30,2024-06-04,,21.08,2024-05-30T00:16:16,2024-10-31T20:23:52
SHP00009066,ORD00009066,UPS,2024-08-01,2024-08-06,2024-08-06,12.57,2024-08-01T19:08:41,2026-01-03T00:41:29
SHP00009067,ORD00009067,OnTrac,2025-01-04,2025-01-09,2025-01-10,18.52,2025-01-04T03:49:35,2026-01-04T23:31:56
SHP00009069,ORD00009069,DHL,2025-02-16,2025-02-20,2025-02-22,4.03,2025-02-16T14:32:19,2025-04-05T06:48:53
SHP00009070,ORD00009070,OnTrac,2025-08-17,2025-08-19,2025-08-20,6.55,2025-08-17T04:01:17,2026-01-29T04:20:01
SHP00009071,ORD00009071,USPS,2024-09-29,2024-10-04,2024-10-05,33.84,2024-09-29T21:57:38,2024-10-09T05:03:48
SHP00009073,ORD00009073,DHL,2024-05-23,2024-05-25,2024-05-26,19.51,2024-05-23T05:27:16,2025-06-11T13:38:28
SHP00009074,ORD00009074,XPO,2024-06-12,2024-06-17,2024-06-15,26.78,2024-06-12T00:15:18,2025-08-06T22:08:28
SHP00009076,ORD00009076,XPO,2024-07-10,2024-07-16,2024-07-14,24.06,2024-07-10T13:58:41,2024-12-18T17:24:15
SHP00009078,ORD00009078,UPS,2024-08-24,2024-08-26,2024-08-31,7.92,2024-08-24T07:38:32,2025-07-15T20:28:03
SHP00009081,ORD00009081,OnTrac,2024-08-07,2024-08-11,2024-08-11,7.62,2024-08-07T09:57:42,2025-09-25T18:52:09
SHP00009082,ORD00009082,USPS,2025-05-23,2025-05-27,,7.01,2025-05-23T07:14:50,2026-01-11T21:20:55
SHP00009083,ORD00009083,DHL,2025-01-23,2025-01-26,2025-01-24,10.07,2025-01-23T02:38:41,2025-08-12T09:54:31
SHP00009084,ORD00009084,OnTrac,2024-09-24,2024-09-29,2024-09-28,27.94,2024-09-24T02:35:24,2024-12-06T07:43:41
SHP00009085,ORD00009085,XPO,2025-01-03,2025-01-06,2025-01-05,23.93,2025-01-03T08:57:15,2025-04-19T05:49:38
SHP00009088,ORD00009088,XPO,2024-11-16,2024-11-20,2024-11-19,26.03,2024-11-16T09:56:37,2025-04-02T05:05:02
SHP00009090,ORD00009090,XPO,2025-02-04,2025-02-09,,36.84,2025-02-04T07:58:19,2026-01-19T00:19:56
SHP00009092,ORD00009092,USPS,2025-07-06,2025-07-08,2025-07-10,20.55,2025-07-06T03:26:18,2026-02-15T05:26:00
SHP00009094,ORD00009094,DHL,2024-05-09,2024-05-15,2024-05-10,29.8,2024-05-09T02:43:24,2025-02-27T02:46:05
SHP00009095,ORD00009095,FedEx,2025-08-19,2025-08-22,2025-08-26,21.85,2025-08-19T09:23:52,2025-12-22T13:19:45
SHP00009098,ORD00009098,UPS,2025-09-13,2025-09-16,,25.22,2025-09-13T05:21:35,2025-11-07T13:07:32
SHP00009103,ORD00009103,FedEx,2025-05-15,2025-05-20,2025-05-21,20.84,2025-05-15T00:36:41,2025-07-01T16:47:03
SHP00009104,ORD00009104,XPO,2024-05-03,2024-05-07,2024-05-07,15.82,2024-05-03T19:25:09,2025-01-07T03:45:36
SHP00009108,ORD00009108,UPS,2024-11-23,2024-11-25,,32.42,2024-11-23T01:24:42,2025-06-03T13:36:32
SHP00009109,ORD00009109,FedEx,2024-01-05,2024-01-07,2024-01-07,9.64,2024-01-05T17:06:14,2025-06-15T13:34:36
SHP00009110,ORD00009110,XPO,2025-09-23,2025-09-29,,18.76,2025-09-23T06:32:21,2025-10-12T09:56:32
SHP00009113,ORD00009113,XPO,2025-07-11,2025-07-15,,34.9,2025-07-11T07:26:49,2025-10-09T22:07:36
SHP00009115,ORD00009115,USPS,2024-02-04,2024-02-09,,13.02,2024-02-04T11:30:25,2024-04-19T15:58:40
SHP00009116,ORD00009116,DHL,2025-12-02,2025-12-08,2025-12-07,5.85,2025-12-02T16:02:15,2026-01-22T12:11:53
SHP00009117,ORD00009117,OnTrac,2025-09-26,2025-09-30,2025-10-02,23.37,2025-09-26T23:14:55,2025-09-26T08:47:44
SHP00009118,ORD00009118,XPO,2025-07-26,2025-07-31,,27.24,2025-07-26T20:44:59,2025-10-30T23:53:44
SHP00009121,ORD00009121,UPS,2024-06-27,2024-07-02,,28.8,2024-06-27T10:01:49,2024-07-16T07:25:33
SHP00009123,ORD00009123,UPS,2024-05-02,2024-05-08,2024-05-07,39.13,2024-05-02T05:51:35,2024-08-19T00:59:19
SHP00009124,ORD00009124,FedEx,2025-08-16,2025-08-20,2025-08-22,26.74,2025-08-16T15:12:10,2025-11-05T17:44:12
SHP00009125,ORD00009125,USPS,2025-08-02,2025-08-05,2025-08-06,18.8,2025-08-02T18:23:26,2025-09-13T22:37:57
SHP00009126,ORD00009126,USPS,2025-06-19,2025-06-23,2025-06-23,8.35,2025-06-19T11:34:12,2025-11-20T15:24:29
SHP00009127,ORD00009127,OnTrac,2026-01-14,2026-01-17,,37.52,2026-01-14T15:05:04,2026-02-23T06:40:22
SHP00009129,ORD00009129,XPO,2024-01-18,2024-01-23,2024-01-22,24.85,2024-01-18T23:38:43,2026-02-05T12:32:38
SHP00009130,ORD00009130,FedEx,2025-08-26,2025-09-01,,37.6,2025-08-26T05:31:40,2025-12-09T11:18:24
SHP00009133,ORD00009133,USPS,2024-06-23,2024-06-28,,5.88,2024-06-23T02:16:17,2024-09-27T19:27:55
SHP00009136,ORD00009136,USPS,2024-04-26,2024-04-28,,7.6,2024-04-26T17:16:20,2025-09-02T22:41:25
SHP00009137,ORD00009137,DHL,2024-03-17,2024-03-20,2024-03-23,11.85,2024-03-17T03:56:02,2025-01-14T15:30:41
SHP00009138,ORD00009138,FedEx,2024-10-11,2024-10-14,,24.86,2024-10-11T19:51:07,2025-06-11T21:32:01
SHP00009139,ORD00009139,OnTrac,2025-10-05,2025-10-10,2025-10-11,26.45,2025-10-05T15:46:30,2025-10-24T23:15:08
SHP00009140,ORD00009140,UPS,2025-06-30,2025-07-06,,13.03,2025-06-30T03:56:13,2025-09-23T07:10:17
SHP00009141,ORD00009141,USPS,2025-12-22,2025-12-24,2025-12-28,39.72,2025-12-22T14:25:43,2026-01-21T01:52:34
SHP00009142,ORD00009142,XPO,2026-02-02,2026-02-04,2026-02-06,32.82,2026-02-02T15:20:07,2026-02-03T21:39:40
SHP00009143,ORD00009143,FedEx,2026-02-27,2026-03-03,,31.56,2026-02-27T09:04:32,2026-02-28T17:34:28
SHP00009149,ORD00009149,XPO,2025-04-12,2025-04-15,2025-04-17,14.14,2025-04-12T10:35:49,2026-01-03T18:28:26
SHP00009154,ORD00009154,OnTrac,2024-05-14,2024-05-18,2024-05-16,22.15,2024-05-14T21:20:12,2025-05-14T20:45:55
SHP00009155,ORD00009155,DHL,2024-06-26,2024-07-01,2024-07-01,10.2,2024-06-26T06:01:34,2025-08-27T15:27:54
SHP00009161,ORD00009161,FedEx,2024-07-16,2024-07-20,2024-07-22,15.55,2024-07-16T22:53:59,2025-10-14T00:41:49
SHP00009162,ORD00009162,FedEx,2024-09-16,2024-09-19,,38.04,2024-09-16T14:29:38,2025-10-26T15:52:58
SHP00009163,ORD00009163,UPS,2025-06-03,2025-06-07,,4.99,2025-06-03T17:45:24,2025-07-16T09:58:37
SHP00009165,ORD00009165,USPS,2025-11-15,2025-11-19,,39.36,2025-11-15T17:32:12,2026-02-09T09:25:49
SHP00009169,ORD00009169,XPO,2025-04-18,2025-04-24,2025-04-21,10.7,2025-04-18T06:07:53,2026-01-08T07:06:57
SHP00009170,ORD00009170,FedEx,2025-12-21,2025-12-23,2025-12-22,7.89,2025-12-21T04:23:05,2026-01-20T21:56:36
SHP00009173,ORD00009173,DHL,2024-04-17,2024-04-23,2024-04-22,21.82,2024-04-17T07:24:37,2025-02-25T03:39:54
SHP00009174,ORD00009174,FedEx,2025-07-28,2025-08-01,2025-08-01,39.06,2025-07-28T15:37:10,2025-11-28T22:46:01
SHP00009177,ORD00009177,XPO,2025-05-30,2025-06-03,2025-06-01,28.04,2025-05-30T21:03:34,2025-11-03T16:42:04
SHP00009179,ORD00009179,XPO,2025-07-22,2025-07-26,2025-07-27,10.28,2025-07-22T17:19:50,2025-10-09T09:14:03
SHP00009181,ORD00009181,UPS,2026-01-25,2026-01-30,2026-01-29,31.76,2026-01-25T06:57:55,2026-02-18T22:55:29
SHP00009183,ORD00009183,OnTrac,2024-03-01,2024-03-05,2024-03-04,32.38,2024-03-01T09:29:32,2025-02-05T21:20:55
SHP00009185,ORD00009185,FedEx,2024-06-02,2024-06-04,,30.38,2024-06-02T04:51:32,2024-12-18T14:31:56
SHP00009187,ORD00009187,OnTrac,2024-12-21,2024-12-23,2024-12-25,20.02,2024-12-21T08:55:07,2026-01-09T14:39:58
SHP00009188,ORD00009188,FedEx,2025-09-04,2025-09-08,2025-09-07,4.45,2025-09-04T06:26:21,2025-11-28T03:03:36
SHP00009193,ORD00009193,UPS,2024-11-29,2024-12-01,2024-12-03,22.23,2024-11-29T04:08:48,2025-02-12T09:00:01
SHP00009195,ORD00009195,FedEx,2026-01-23,2026-01-25,2026-01-28,8.41,2026-01-23T01:06:17,2026-01-26T03:40:59
SHP00009196,ORD00009196,UPS,2025-11-20,2025-11-26,,21.31,2025-11-20T04:11:13,2025-12-20T08:34:57
SHP00009198,ORD00009198,USPS,2024-11-14,2024-11-20,,8.99,2024-11-14T19:50:14,2025-09-22T05:07:45
SHP00009199,ORD00009199,OnTrac,2025-11-08,2025-11-11,,15.16,2025-11-08T22:03:32,2026-01-09T16:33:59
SHP00009200,ORD00009200,DHL,2025-11-20,2025-11-22,2025-11-27,39.41,2025-11-20T07:59:47,2026-02-03T06:17:59
SHP00009201,ORD00009201,UPS,2024-04-10,2024-04-13,2024-04-17,36.05,2024-04-10T05:26:59,2025-01-01T20:27:07
SHP00009202,ORD00009202,UPS,2024-10-21,2024-10-24,2024-10-22,18.56,2024-10-21T03:09:22,2025-10-18T13:06:10
SHP00009203,ORD00009203,FedEx,2024-08-21,2024-08-26,2024-08-26,6.06,2024-08-21T06:19:48,2025-04-28T11:41:41
SHP00009204,ORD00009204,UPS,2025-09-08,2025-09-14,,24.73,2025-09-08T21:33:54,2025-10-20T06:31:01
SHP00009210,ORD00009210,FedEx,2026-02-17,2026-02-23,,33.48,2026-02-17T18:49:41,2026-02-26T17:55:51
SHP00009211,ORD00009211,DHL,2024-11-26,2024-12-02,,26.03,2024-11-26T22:22:23,2026-01-15T08:54:22
SHP00009213,ORD00009213,USPS,2024-10-17,2024-10-21,2024-10-23,25.61,2024-10-17T13:34:17,2025-10-01T10:27:52
SHP00009214,ORD00009214,XPO,2024-11-11,2024-11-14,2024-11-13,27.36,2024-11-11T04:50:33,2025-04-28T09:03:15
SHP00009216,ORD00009216,FedEx,2025-02-25,2025-02-27,2025-03-02,21.42,2025-02-25T12:24:31,2025-02-25T23:16:24
SHP00009217,ORD00009217,OnTrac,2024-05-31,2024-06-03,2024-06-03,27.76,2024-05-31T02:21:37,2024-09-12T14:51:37
SHP00009219,ORD00009219,FedEx,2024-04-02,2024-04-04,,22.06,2024-04-02T19:18:54,2025-03-05T11:33:25
SHP00009221,ORD00009221,XPO,2024-01-23,2024-01-28,2024-01-29,36.38,2024-01-23T09:59:31,2025-11-07T11:25:33
SHP00009226,ORD00009226,OnTrac,2025-03-24,2025-03-26,2025-03-31,22.71,2025-03-24T02:28:22,2025-09-08T18:49:32
SHP00009227,ORD00009227,XPO,2025-08-24,2025-08-30,2025-08-29,31.5,2025-08-24T13:29:07,2025-11-05T19:02:18
SHP00009229,ORD00009229,XPO,2025-08-26,2025-08-29,2025-09-01,10.64,2025-08-26T18:56:12,2025-12-26T00:19:12
SHP00009232,ORD00009232,XPO,2026-03-02,2026-03-07,,38.8,2026-03-02T04:55:09,2026-03-03T12:10:59
SHP00009234,ORD00009234,OnTrac,2024-11-22,2024-11-27,2024-11-27,18.5,2024-11-22T04:37:48,2025-12-13T18:40:58
SHP00009235,ORD00009235,UPS,2025-02-21,2025-02-24,,28.56,2025-02-21T00:36:38,2025-10-19T02:32:25
SHP00009238,ORD00009238,USPS,2024-05-02,2024-05-06,,37.98,2024-05-02T07:16:34,2026-02-21T18:58:28
SHP00009239,ORD00009239,XPO,2024-02-29,2024-03-04,2024-03-05,23.68,2024-02-29T20:58:18,2024-05-10T00:00:27
SHP00009243,ORD00009243,OnTrac,2025-04-13,2025-04-18,2025-04-19,22.13,2025-04-13T03:37:24,2025-10-25T10:08:09
SHP00009244,ORD00009244,FedEx,2024-07-27,2024-08-01,2024-08-02,34.85,2024-07-27T06:46:18,2024-10-24T16:12:42
SHP00009246,ORD00009246,FedEx,2026-02-15,2026-02-19,2026-02-21,7.97,2026-02-15T02:15:03,2026-02-24T09:57:17
SHP00009247,ORD00009247,OnTrac,2024-04-09,2024-04-14,2024-04-10,21.94,2024-04-09T17:17:35,2025-09-23T09:55:20
SHP00009249,ORD00009249,FedEx,2025-05-05,2025-05-07,2025-05-12,33.9,2025-05-05T00:49:53,2025-12-04T13:45:50
SHP00009253,ORD00009253,DHL,2024-08-19,2024-08-24,2024-08-23,19.85,2024-08-19T19:06:40,2024-11-28T10:07:56
SHP00009255,ORD00009255,USPS,2025-02-20,2025-02-24,2025-02-21,11.65,2025-02-20T08:43:55,2025-04-08T23:53:17
SHP00009256,ORD00009256,DHL,2025-04-18,2025-04-23,2025-04-25,6.03,2025-04-18T23:58:08,2025-09-16T15:32:17
SHP00009258,ORD00009258,XPO,2024-09-24,2024-09-26,,15.86,2024-09-24T15:20:23,2025-08-18T02:31:41
SHP00009264,ORD00009264,OnTrac,2025-08-09,2025-08-12,2025-08-15,37.44,2025-08-09T09:27:59,2025-10-26T06:32:13
SHP00009265,ORD00009265,OnTrac,2025-09-23,2025-09-29,2025-09-27,10.86,2025-09-23T14:18:31,2025-09-24T14:19:59
SHP00009271,ORD00009271,USPS,2026-01-31,2026-02-03,,31.64,2026-01-31T18:59:50,2026-02-26T12:56:12
SHP00009273,ORD00009273,DHL,2024-09-21,2024-09-26,2024-09-27,34.23,2024-09-21T07:18:16,2024-11-29T11:43:42
SHP00009274,ORD00009274,OnTrac,2025-05-05,2025-05-11,,26.98,2025-05-05T23:00:37,2025-06-20T19:20:52
SHP00009275,ORD00009275,USPS,2024-09-27,2024-09-29,,12.96,2024-09-27T09:17:26,2025-05-22T23:37:38
SHP00009276,ORD00009276,DHL,2024-08-31,2024-09-03,,8.85,2024-08-31T06:38:55,2024-09-26T10:36:31
SHP00009278,ORD00009278,DHL,2024-08-07,2024-08-11,,35.33,2024-08-07T21:53:02,2024-08-25T06:41:38
SHP00009280,ORD00009280,DHL,2024-07-08,2024-07-13,,14.56,2024-07-08T17:50:18,2024-09-23T10:45:51
SHP00009282,ORD00009282,DHL,2024-04-18,2024-04-21,,13.19,2024-04-18T19:34:51,2024-11-07T19:32:06
SHP00009285,ORD00009285,OnTrac,2024-06-14,2024-06-19,2024-06-16,19.19,2024-06-14T08:27:55,2025-05-23T05:37:00
SHP00009287,ORD00009287,USPS,2024-01-18,2024-01-22,,16.84,2024-01-18T14:31:55,2025-08-27T21:21:47
SHP00009288,ORD00009288,UPS,2024-05-27,2024-05-29,2024-06-02,30.4,2024-05-27T18:02:03,2025-04-14T10:10:44
SHP00009289,ORD00009289,XPO,2025-08-01,2025-08-03,2025-08-07,7.98,2025-08-01T22:31:42,2025-11-23T18:57:20
SHP00009290,ORD00009290,UPS,2025-09-11,2025-09-17,2025-09-15,27.03,2025-09-11T01:38:53,2025-12-06T20:29:41
SHP00009292,ORD00009292,DHL,2026-01-30,2026-02-02,2026-02-05,5.23,2026-01-30T23:34:44,2026-02-14T13:45:34
SHP00009293,ORD00009293,UPS,2025-02-14,2025-02-16,2025-02-15,35.82,2025-02-14T19:20:33,2026-01-13T06:51:18
SHP00009295,ORD00009295,UPS,2024-10-02,2024-10-06,,34.6,2024-10-02T21:38:43,2025-12-15T18:26:49
SHP00009296,ORD00009296,XPO,2025-01-01,2025-01-05,,10.09,2025-01-01T11:07:44,2025-06-20T01:04:18
SHP00009298,ORD00009298,USPS,2025-07-08,2025-07-13,2025-07-15,26.92,2025-07-08T12:06:34,2025-12-23T09:57:56
SHP00009303,ORD00009303,UPS,2024-06-18,2024-06-21,,6.52,2024-06-18T13:08:44,2025-08-10T01:45:00
SHP00009306,ORD00009306,OnTrac,2024-05-08,2024-05-13,,6.41,2024-05-08T01:10:33,2024-08-06T04:40:04
SHP00009307,ORD00009307,FedEx,2025-01-20,2025-01-24,2025-01-23,28.22,2025-01-20T15:30:18,2025-05-10T22:43:21
SHP00009310,ORD00009310,USPS,2024-08-11,2024-08-13,,8.93,2024-08-11T20:14:11,2025-05-31T10:00:05
SHP00009311,ORD00009311,OnTrac,2025-08-07,2025-08-13,,32.35,2025-08-07T09:35:54,2025-09-18T23:01:16
SHP00009316,ORD00009316,XPO,2026-02-19,2026-02-24,2026-02-26,37.82,2026-02-19T16:25:35,2026-02-28T10:19:31
SHP00009317,ORD00009317,XPO,2025-07-26,2025-07-28,,34.46,2025-07-26T04:17:25,2026-02-11T01:10:38
SHP00009318,ORD00009318,USPS,2024-10-17,2024-10-20,,10.7,2024-10-17T09:57:53,2025-11-09T06:09:30
SHP00009319,ORD00009319,USPS,2024-01-15,2024-01-20,2024-01-19,13.76,2024-01-15T14:38:46,2025-08-29T13:44:46
SHP00009320,ORD00009320,DHL,2025-09-20,2025-09-25,2025-09-21,6.18,2025-09-20T01:50:17,2026-02-25T00:28:11
SHP00009321,ORD00009321,OnTrac,2025-12-08,2025-12-12,2025-12-14,20.23,2025-12-08T13:17:17,2026-01-11T10:39:20
SHP00009322,ORD00009322,FedEx,2024-05-15,2024-05-17,,31.47,2024-05-15T01:51:37,2025-06-13T22:26:02
SHP00009325,ORD00009325,OnTrac,2025-11-11,2025-11-17,,21.3,2025-11-11T09:55:55,2025-12-22T11:25:20
SHP00009332,ORD00009332,USPS,2025-06-15,2025-06-20,,17.04,2025-06-15T14:20:05,2025-08-08T20:45:13
SHP00009334,ORD00009334,FedEx,2024-06-16,2024-06-18,2024-06-18,22.89,2024-06-16T17:33:27,2025-08-02T15:09:08
SHP00009336,ORD00009336,OnTrac,2025-08-06,2025-08-12,2025-08-13,17.58,2025-08-06T04:54:29,2026-02-12T10:35:08
SHP00009342,ORD00009342,UPS,2024-11-14,2024-11-19,,26.26,2024-11-14T21:15:18,2025-04-30T07:03:35
SHP00009343,ORD00009343,OnTrac,2025-06-05,2025-06-08,,15.52,2025-06-05T06:23:11,2025-07-01T15:32:11
SHP00009345,ORD00009345,DHL,2024-01-07,2024-01-09,2024-01-13,25.82,2024-01-07T16:55:20,2025-08-27T03:33:16
SHP00009346,ORD00009346,DHL,2025-10-16,2025-10-22,2025-10-22,18.81,2025-10-16T19:45:52,2026-01-20T00:26:27
SHP00009349,ORD00009349,USPS,2024-09-22,2024-09-25,2024-09-28,19.6,2024-09-22T03:00:30,2025-08-11T14:42:06
SHP00009350,ORD00009350,DHL,2025-03-31,2025-04-03,,28.69,2025-03-31T16:41:56,2025-11-17T07:40:30
SHP00009351,ORD00009351,FedEx,2024-08-24,2024-08-26,,6.77,2024-08-24T05:49:51,2025-05-02T06:59:01
SHP00009352,ORD00009352,FedEx,2025-08-15,2025-08-21,,14.71,2025-08-15T04:40:39,2025-10-19T19:46:24
SHP00009353,ORD00009353,FedEx,2026-02-26,2026-03-02,,6.06,2026-02-26T15:15:05,2026-02-27T08:59:42
SHP00009356,ORD00009356,DHL,2024-07-13,2024-07-18,2024-07-20,28.11,2024-07-13T00:53:07,2024-10-05T05:03:43
SHP00009357,ORD00009357,FedEx,2024-11-03,2024-11-06,2024-11-09,5.8,2024-11-03T10:24:09,2026-02-08T16:19:55
SHP00009358,ORD00009358,OnTrac,2024-10-14,2024-10-16,2024-10-16,25.34,2024-10-14T10:30:42,2025-02-21T12:50:50
SHP00009362,ORD00009362,UPS,2024-07-22,2024-07-25,2024-07-27,6.31,2024-07-22T16:29:24,2025-08-23T06:04:51
SHP00009366,ORD00009366,USPS,2024-08-10,2024-08-12,2024-08-12,22.06,2024-08-10T00:28:01,2025-07-19T11:23:36
SHP00009367,ORD00009367,FedEx,2026-02-13,2026-02-16,2026-02-19,11.63,2026-02-13T23:17:56,2026-02-28T09:42:08
SHP00009368,ORD00009368,DHL,2025-10-06,2025-10-08,2025-10-07,18.77,2025-10-06T20:45:37,2025-12-03T01:42:33
SHP00009369,ORD00009369,XPO,2024-08-21,2024-08-23,,14.51,2024-08-21T17:47:51,2024-11-19T02:17:43
SHP00009371,ORD00009371,OnTrac,2025-02-08,2025-02-12,2025-02-12,24.83,2025-02-08T09:53:33,2025-07-07T13:25:57
SHP00009372,ORD00009372,USPS,2024-07-16,2024-07-18,,9.0,2024-07-16T16:32:21,2026-02-02T13:11:06
SHP00009373,ORD00009373,DHL,2024-11-03,2024-11-09,,23.21,2024-11-03T05:11:10,2024-11-22T05:30:14
SHP00009374,ORD00009374,XPO,2025-08-10,2025-08-14,2025-08-13,9.68,2025-08-10T17:10:15,2025-11-15T23:05:45
SHP00009375,ORD00009375,FedEx,2025-01-31,2025-02-02,,34.6,2025-01-31T20:32:21,2025-10-16T05:06:58
SHP00009377,ORD00009377,USPS,2024-09-23,2024-09-27,2024-09-30,39.45,2024-09-23T19:49:12,2025-12-25T10:33:55
SHP00009378,ORD00009378,FedEx,2025-02-24,2025-03-02,2025-03-02,19.2,2025-02-24T21:48:30,2025-07-08T11:27:34
SHP00009382,ORD00009382,USPS,2025-03-24,2025-03-26,2025-03-29,14.87,2025-03-24T05:20:16,2026-01-30T15:50:03
SHP00009384,ORD00009384,OnTrac,2024-03-28,2024-04-02,2024-04-01,19.05,2024-03-28T00:31:58,2024-10-02T23:53:33
SHP00009385,ORD00009385,OnTrac,2025-11-17,2025-11-20,2025-11-22,28.63,2025-11-17T12:09:24,2026-02-11T01:57:52
SHP00009387,ORD00009387,OnTrac,2025-07-21,2025-07-26,,35.15,2025-07-21T03:28:56,2026-01-26T11:09:44
SHP00009393,ORD00009393,USPS,2025-12-29,2025-12-31,2026-01-05,30.92,2025-12-29T20:50:15,2026-01-12T10:12:12
SHP00009394,ORD00009394,XPO,2024-08-05,2024-08-09,2024-08-11,5.93,2024-08-05T23:57:21,2025-06-10T01:20:30
SHP00009395,ORD00009395,XPO,2025-08-12,2025-08-16,2025-08-19,15.82,2025-08-12T07:37:04,2025-10-29T16:46:29
SHP00009396,ORD00009396,DHL,2025-03-27,2025-04-02,2025-03-31,31.03,2025-03-27T23:50:33,2025-07-07T05:16:34
SHP00009397,ORD00009397,OnTrac,2024-01-02,2024-01-04,2024-01-04,33.09,2024-01-02T20:44:22,2025-09-29T12:12:33
SHP00009400,ORD00009400,DHL,2025-06-02,2025-06-05,2025-06-06,9.7,2025-06-02T14:06:54,2025-10-14T13:56:52
SHP00009408,ORD00009408,OnTrac,2025-08-18,2025-08-21,,7.82,2025-08-18T10:25:16,2025-09-27T19:24:17
SHP00009411,ORD00009411,USPS,2024-08-31,2024-09-05,,39.9,2024-08-31T11:20:06,2025-01-27T19:08:12
SHP00009415,ORD00009415,DHL,2025-11-27,2025-11-30,2025-12-02,7.27,2025-11-27T02:40:48,2026-01-07T00:33:03
SHP00009417,ORD00009417,OnTrac,2024-07-28,2024-08-01,2024-07-31,9.75,2024-07-28T23:27:56,2025-02-08T03:11:06
SHP00009418,ORD00009418,XPO,2024-12-31,2025-01-06,2025-01-07,11.81,2024-12-31T13:36:52,2025-05-08T07:14:14
SHP00009422,ORD00009422,FedEx,2025-05-30,2025-06-05,,30.97,2025-05-30T01:29:02,2025-11-02T23:24:07
SHP00009423,ORD00009423,USPS,2025-04-17,2025-04-22,,38.58,2025-04-17T13:39:56,2026-02-07T02:27:41
SHP00009424,ORD00009424,USPS,2026-02-26,2026-03-02,2026-02-28,12.91,2026-02-26T14:27:45,2026-03-01T07:30:23
SHP00009425,ORD00009425,OnTrac,2025-08-12,2025-08-14,2025-08-17,24.93,2025-08-12T17:47:34,2025-10-19T20:51:08
SHP00009427,ORD00009427,UPS,2025-05-13,2025-05-17,,6.96,2025-05-13T14:59:18,2025-08-28T04:53:00
SHP00009430,ORD00009430,XPO,2025-02-14,2025-02-20,2025-02-17,7.23,2025-02-14T08:50:02,2025-09-09T01:23:14
SHP00009434,ORD00009434,XPO,2024-06-05,2024-06-07,2024-06-09,29.51,2024-06-05T21:44:22,2025-12-13T12:58:16
SHP00009435,ORD00009435,DHL,2024-01-07,2024-01-13,2024-01-14,28.63,2024-01-07T19:32:33,2024-12-09T20:58:34
SHP00009438,ORD00009438,UPS,2024-07-17,2024-07-20,2024-07-19,38.06,2024-07-17T01:44:48,2025-10-25T15:56:17
SHP00009439,ORD00009439,XPO,2024-02-26,2024-03-03,,7.74,2024-02-26T23:48:44,2024-12-09T03:16:07
SHP00009442,ORD00009442,UPS,2025-08-03,2025-08-06,,21.45,2025-08-03T17:43:01,2025-12-30T01:06:42
SHP00009443,ORD00009443,XPO,2025-01-22,2025-01-28,2025-01-23,6.49,2025-01-22T13:57:23,2025-02-10T18:29:05
SHP00009444,ORD00009444,USPS,2025-09-22,2025-09-26,,38.64,2025-09-22T16:07:29,2025-12-15T04:39:15
SHP00009446,ORD00009446,XPO,2024-04-20,2024-04-26,2024-04-25,20.65,2024-04-20T19:05:42,2025-08-18T18:34:34
SHP00009448,ORD00009448,DHL,2024-10-04,2024-10-06,2024-10-05,24.81,2024-10-04T18:22:24,2025-04-16T00:19:22
SHP00009454,ORD00009454,FedEx,2024-09-24,2024-09-27,2024-09-28,5.14,2024-09-24T11:26:47,2024-12-02T09:10:01
SHP00009456,ORD00009456,UPS,2025-01-09,2025-01-14,,10.57,2025-01-09T06:28:49,2025-02-16T19:45:14
SHP00009459,ORD00009459,UPS,2024-09-06,2024-09-12,,11.94,2024-09-06T02:13:24,2026-01-26T08:28:29
SHP00009460,ORD00009460,OnTrac,2025-04-19,2025-04-22,2025-04-22,16.37,2025-04-19T12:49:28,2025-08-10T01:40:13
SHP00009461,ORD00009461,USPS,2024-01-15,2024-01-20,2024-01-21,18.37,2024-01-15T11:18:32,2025-10-10T08:45:52
SHP00009463,ORD00009463,UPS,2025-12-25,2025-12-29,2025-12-30,14.16,2025-12-25T15:47:15,2026-02-12T22:32:51
SHP00009467,ORD00009467,OnTrac,2024-07-30,2024-08-03,,15.21,2024-07-30T20:08:10,2025-08-06T04:38:09
SHP00009468,ORD00009468,UPS,2024-08-05,2024-08-08,,5.74,2024-08-05T08:17:45,2025-05-31T16:04:53
SHP00009469,ORD00009469,USPS,2024-05-15,2024-05-21,2024-05-20,37.51,2024-05-15T19:00:15,2026-01-18T16:35:08
SHP00009473,ORD00009473,FedEx,2024-01-19,2024-01-21,,33.34,2024-01-19T12:00:03,2024-02-08T20:58:52
SHP00009477,ORD00009477,USPS,2025-01-04,2025-01-10,,7.0,2025-01-04T06:54:17,2025-06-12T22:01:56
SHP00009478,ORD00009478,XPO,2025-09-22,2025-09-27,2025-09-27,39.75,2025-09-22T00:57:13,2025-12-18T01:50:26
SHP00009479,ORD00009479,XPO,2024-02-12,2024-02-15,2024-02-14,37.5,2024-02-12T13:17:05,2024-08-23T18:09:51
SHP00009482,ORD00009482,UPS,2024-01-05,2024-01-11,,19.57,2024-01-05T21:37:43,2024-05-13T19:35:39
SHP00009484,ORD00009484,XPO,2024-03-11,2024-03-16,,29.83,2024-03-11T00:00:08,2024-05-26T15:52:10
SHP00009485,ORD00009485,OnTrac,2025-04-02,2025-04-05,2025-04-06,20.86,2025-04-02T03:06:46,2025-08-29T03:40:21
SHP00009486,ORD00009486,OnTrac,2024-03-28,2024-04-03,2024-04-02,31.67,2024-03-28T13:36:44,2025-08-25T19:11:35
SHP00009487,ORD00009487,USPS,2026-02-04,2026-02-10,,38.91,2026-02-04T07:29:05,2026-02-16T21:58:59
SHP00009488,ORD00009488,OnTrac,2025-09-06,2025-09-09,,20.43,2025-09-06T02:30:10,2026-01-25T04:31:21
SHP00009489,ORD00009489,XPO,2024-10-20,2024-10-25,2024-10-21,11.17,2024-10-20T12:24:45,2025-11-27T06:47:16
SHP00009490,ORD00009490,OnTrac,2025-08-03,2025-08-08,2025-08-06,33.8,2025-08-03T10:17:38,2025-11-28T02:27:34
SHP00009491,ORD00009491,DHL,2025-05-26,2025-05-31,,4.5,2025-05-26T01:36:23,2025-07-27T09:54:18
SHP00009493,ORD00009493,DHL,2024-12-08,2024-12-11,,28.49,2024-12-08T14:54:45,2025-05-13T19:30:45
SHP00009494,ORD00009494,XPO,2024-02-22,2024-02-24,2024-02-27,38.98,2024-02-22T17:27:17,2024-06-24T15:37:39
SHP00009495,ORD00009495,FedEx,2024-06-09,2024-06-12,,6.49,2024-06-09T19:53:59,2024-11-12T22:56:59
SHP00009496,ORD00009496,DHL,2024-02-01,2024-02-07,,15.86,2024-02-01T19:17:33,2025-02-07T16:39:10
SHP00009497,ORD00009497,OnTrac,2025-03-18,2025-03-23,2025-03-25,18.19,2025-03-18T05:06:12,2025-10-24T15:21:16
SHP00009498,ORD00009498,OnTrac,2026-01-10,2026-01-13,2026-01-14,4.57,2026-01-10T21:06:05,2026-02-21T14:48:01
SHP00009499,ORD00009499,USPS,2026-01-20,2026-01-22,2026-01-26,7.83,2026-01-20T01:27:10,2026-02-13T23:57:45
SHP00009500,ORD00009500,UPS,2026-02-02,2026-02-07,2026-02-08,14.31,2026-02-02T12:41:20,2026-02-02T10:51:43
SHP00009501,ORD00009501,FedEx,2025-05-04,2025-05-10,2025-05-11,14.34,2025-05-04T08:57:46,2025-11-25T22:55:16
SHP00009503,ORD00009503,DHL,2025-03-06,2025-03-11,,29.94,2025-03-06T04:45:07,2025-10-13T16:10:20
SHP00009504,ORD00009504,XPO,2025-01-25,2025-01-28,,31.14,2025-01-25T15:38:52,2025-10-15T02:51:19
SHP00009505,ORD00009505,UPS,2025-06-11,2025-06-15,2025-06-13,22.39,2025-06-11T16:54:58,2025-06-14T07:19:48
SHP00009506,ORD00009506,FedEx,2025-03-02,2025-03-04,2025-03-04,31.3,2025-03-02T13:25:34,2025-04-27T03:42:04
SHP00009507,ORD00009507,XPO,2024-04-17,2024-04-22,2024-04-19,31.41,2024-04-17T15:10:58,2024-10-27T11:21:54
SHP00009509,ORD00009509,USPS,2024-02-18,2024-02-20,,36.14,2024-02-18T14:41:19,2024-05-19T07:21:49
SHP00009511,ORD00009511,DHL,2025-11-04,2025-11-09,2025-11-07,21.0,2025-11-04T11:30:21,2026-01-31T15:22:01
SHP00009514,ORD00009514,XPO,2024-01-02,2024-01-07,,17.05,2024-01-02T21:49:51,2025-03-24T02:18:37
SHP00009516,ORD00009516,FedEx,2025-09-30,2025-10-03,2025-10-03,7.0,2025-09-30T12:07:54,2025-11-14T00:47:08
SHP00009517,ORD00009517,XPO,2024-11-03,2024-11-09,,35.95,2024-11-03T17:41:19,2025-07-08T21:46:21
SHP00009518,ORD00009518,UPS,2024-07-10,2024-07-13,,38.04,2024-07-10T05:23:52,2025-11-30T12:12:13
SHP00009519,ORD00009519,DHL,2025-12-08,2025-12-14,2025-12-13,20.66,2025-12-08T11:49:15,2026-01-02T02:48:22
SHP00009520,ORD00009520,USPS,2025-12-25,2025-12-28,2025-12-30,11.38,2025-12-25T00:00:01,2026-02-18T17:30:12
SHP00009522,ORD00009522,OnTrac,2025-07-30,2025-08-03,2025-08-03,24.71,2025-07-30T13:46:05,2025-08-21T02:40:32
SHP00009525,ORD00009525,USPS,2025-02-16,2025-02-20,2025-02-23,12.48,2025-02-16T03:14:01,2025-12-11T19:06:34
SHP00009526,ORD00009526,OnTrac,2024-07-11,2024-07-16,2024-07-17,28.89,2024-07-11T16:56:00,2025-01-05T18:14:37
SHP00009527,ORD00009527,DHL,2026-01-07,2026-01-11,,28.97,2026-01-07T14:23:21,2026-02-11T20:40:05
SHP00009528,ORD00009528,XPO,2024-07-30,2024-08-05,2024-08-04,20.5,2024-07-30T12:16:10,2025-03-01T19:36:37
SHP00009532,ORD00009532,XPO,2025-03-04,2025-03-10,2025-03-10,39.56,2025-03-04T12:19:44,2026-02-23T05:53:25
SHP00009533,ORD00009533,XPO,2024-11-12,2024-11-16,,11.68,2024-11-12T07:12:00,2025-06-30T05:39:26
SHP00009534,ORD00009534,UPS,2025-11-09,2025-11-11,2025-11-10,37.45,2025-11-09T22:27:33,2026-01-21T21:48:41
SHP00009535,ORD00009535,DHL,2025-06-24,2025-06-27,2025-06-26,20.51,2025-06-24T08:43:41,2025-08-19T19:43:12
SHP00009536,ORD00009536,UPS,2024-03-16,2024-03-22,2024-03-22,35.3,2024-03-16T02:43:59,2026-01-14T01:03:05
SHP00009539,ORD00009539,USPS,2024-06-14,2024-06-19,2024-06-21,15.47,2024-06-14T15:41:15,2025-03-25T23:16:00
SHP00009540,ORD00009540,USPS,2025-05-26,2025-05-28,,37.3,2025-05-26T01:36:19,2026-02-27T20:41:02
SHP00009542,ORD00009542,XPO,2025-11-27,2025-12-01,,27.34,2025-11-27T10:25:12,2025-12-17T10:47:39
SHP00009543,ORD00009543,OnTrac,2025-10-17,2025-10-21,2025-10-23,10.4,2025-10-17T07:11:44,2025-11-16T16:35:14
SHP00009548,ORD00009548,DHL,2024-03-16,2024-03-19,2024-03-23,18.95,2024-03-16T16:54:41,2024-08-13T13:35:09
SHP00009551,ORD00009551,XPO,2024-02-18,2024-02-20,,12.32,2024-02-18T12:49:11,2025-09-23T14:40:06
SHP00009552,ORD00009552,OnTrac,2024-09-25,2024-09-27,2024-09-26,20.62,2024-09-25T08:59:53,2025-02-08T08:34:41
SHP00009553,ORD00009553,DHL,2024-09-29,2024-10-04,,18.17,2024-09-29T18:52:54,2025-02-17T15:01:33
SHP00009554,ORD00009554,FedEx,2025-04-16,2025-04-22,2025-04-22,36.44,2025-04-16T14:15:01,2025-07-17T13:00:00
SHP00009556,ORD00009556,USPS,2025-06-19,2025-06-25,2025-06-24,7.0,2025-06-19T19:25:08,2025-10-21T04:39:19
SHP00009559,ORD00009559,DHL,2025-12-10,2025-12-12,2025-12-16,35.42,2025-12-10T21:10:32,2025-12-29T17:26:24
SHP00009560,ORD00009560,FedEx,2025-10-22,2025-10-28,,7.31,2025-10-22T08:51:56,2026-02-05T21:36:39
SHP00009564,ORD00009564,XPO,2025-06-09,2025-06-12,2025-06-11,8.98,2025-06-09T21:19:50,2025-11-06T02:59:28
SHP00009566,ORD00009566,DHL,2025-11-01,2025-11-03,2025-11-05,18.38,2025-11-01T09:15:12,2025-11-03T15:37:36
SHP00009569,ORD00009569,XPO,2024-08-01,2024-08-04,,16.8,2024-08-01T07:15:25,2025-03-07T09:05:15
SHP00009570,ORD00009570,OnTrac,2025-02-12,2025-02-16,2025-02-15,4.86,2025-02-12T02:58:48,2025-09-22T18:56:32
SHP00009571,ORD00009571,OnTrac,2024-07-10,2024-07-14,2024-07-12,22.75,2024-07-10T07:57:43,2025-10-23T23:35:07
SHP00009572,ORD00009572,DHL,2024-06-13,2024-06-17,,4.22,2024-06-13T19:43:39,2024-07-02T13:07:38
SHP00009574,ORD00009574,USPS,2025-04-13,2025-04-15,,22.78,2025-04-13T08:36:48,2025-09-14T14:46:00
SHP00009575,ORD00009575,USPS,2026-01-22,2026-01-24,2026-01-29,20.6,2026-01-22T08:10:14,2026-02-16T01:32:29
SHP00009576,ORD00009576,USPS,2026-01-27,2026-01-30,2026-01-29,30.53,2026-01-27T07:25:57,2026-02-25T02:59:51
SHP00009578,ORD00009578,XPO,2024-10-27,2024-11-02,2024-11-03,39.59,2024-10-27T17:15:03,2025-09-29T07:17:25
SHP00009579,ORD00009579,XPO,2024-11-18,2024-11-23,,13.27,2024-11-18T16:11:04,2025-10-05T02:38:46
SHP00009581,ORD00009581,OnTrac,2025-12-30,2026-01-01,,35.94,2025-12-30T16:16:14,2026-01-21T09:34:11
SHP00009584,ORD00009584,FedEx,2025-02-25,2025-03-01,2025-03-04,36.63,2025-02-25T03:43:19,2025-06-09T13:16:03
SHP00009587,ORD00009587,OnTrac,2025-07-22,2025-07-24,2025-07-26,23.99,2025-07-22T22:14:46,2025-08-27T13:40:09
SHP00009591,ORD00009591,FedEx,2025-01-29,2025-02-04,,23.04,2025-01-29T09:38:46,2025-09-11T05:51:52
SHP00009593,ORD00009593,OnTrac,2025-04-18,2025-04-23,2025-04-21,4.04,2025-04-18T04:26:28,2025-08-02T04:30:28
SHP00009594,ORD00009594,XPO,2024-09-22,2024-09-26,2024-09-27,7.41,2024-09-22T05:51:14,2025-09-08T08:00:46
SHP00009597,ORD00009597,OnTrac,2024-02-17,2024-02-22,2024-02-24,17.13,2024-02-17T00:50:47,2025-11-14T19:54:17
SHP00009598,ORD00009598,FedEx,2024-07-29,2024-08-03,,19.42,2024-07-29T23:33:55,2026-02-10T14:30:09
SHP00009600,ORD00009600,OnTrac,2025-12-25,2025-12-27,,8.33,2025-12-25T12:09:54,2026-02-21T18:09:03
SHP00009601,ORD00009601,DHL,2024-02-03,2024-02-08,2024-02-07,33.81,2024-02-03T18:02:05,2024-11-07T21:40:24
SHP00009602,ORD00009602,USPS,2025-07-13,2025-07-15,2025-07-18,23.28,2025-07-13T18:29:03,2025-08-29T10:38:46
SHP00009604,ORD00009604,USPS,2025-05-17,2025-05-20,,14.57,2025-05-17T04:50:36,2025-12-14T23:05:23
SHP00009605,ORD00009605,XPO,2025-05-11,2025-05-15,,29.48,2025-05-11T05:18:47,2025-07-31T21:50:11
SHP00009606,ORD00009606,UPS,2025-08-21,2025-08-25,,39.32,2025-08-21T19:11:00,2025-11-16T04:29:10
SHP00009607,ORD00009607,OnTrac,2025-06-04,2025-06-09,2025-06-09,19.18,2025-06-04T02:47:58,2025-08-02T18:12:26
SHP00009608,ORD00009608,FedEx,2024-06-22,2024-06-26,,6.15,2024-06-22T07:21:32,2025-11-09T09:07:34
SHP00009610,ORD00009610,OnTrac,2025-03-28,2025-04-03,,39.42,2025-03-28T13:26:03,2025-05-20T09:12:51
SHP00009611,ORD00009611,DHL,2024-07-21,2024-07-23,,33.23,2024-07-21T15:34:58,2025-10-04T07:38:42
SHP00009613,ORD00009613,XPO,2025-08-28,2025-09-01,,13.73,2025-08-28T05:02:08,2025-12-22T11:23:46
SHP00009614,ORD00009614,OnTrac,2025-01-03,2025-01-09,2025-01-10,20.35,2025-01-03T01:22:22,2025-04-09T17:21:25
SHP00009615,ORD00009615,UPS,2025-07-18,2025-07-20,,35.51,2025-07-18T01:26:14,2025-07-19T00:46:04
SHP00009617,ORD00009617,XPO,2024-03-26,2024-03-29,2024-03-30,39.12,2024-03-26T02:59:39,2025-01-15T22:35:31
SHP00009619,ORD00009619,UPS,2025-10-17,2025-10-21,,27.38,2025-10-17T21:00:10,2026-02-02T09:14:57
SHP00009620,ORD00009620,UPS,2025-04-19,2025-04-22,,16.31,2025-04-19T15:25:36,2025-06-25T10:23:00
SHP00009622,ORD00009622,DHL,2025-08-28,2025-09-03,,7.39,2025-08-28T11:16:29,2026-02-24T23:04:58
SHP00009623,ORD00009623,XPO,2024-03-11,2024-03-14,,30.68,2024-03-11T00:08:20,2025-01-02T18:09:43
SHP00009624,ORD00009624,DHL,2026-01-20,2026-01-26,,29.41,2026-01-20T02:26:04,2026-01-28T10:59:44
SHP00009627,ORD00009627,USPS,2025-12-25,2025-12-31,2025-12-30,12.77,2025-12-25T11:08:38,2026-02-17T22:03:38
SHP00009629,ORD00009629,XPO,2024-06-21,2024-06-26,2024-06-22,39.09,2024-06-21T10:38:04,2025-10-16T15:03:19
SHP00009630,ORD00009630,DHL,2025-10-02,2025-10-04,2025-10-05,22.06,2025-10-02T16:26:02,2026-01-15T00:32:52
SHP00009631,ORD00009631,USPS,2024-12-17,2024-12-21,2024-12-19,18.11,2024-12-17T11:19:56,2026-01-09T02:49:17
SHP00009632,ORD00009632,OnTrac,2024-05-28,2024-05-30,2024-05-31,24.47,2024-05-28T10:36:14,2025-06-27T02:35:38
SHP00009633,ORD00009633,XPO,2025-02-26,2025-03-01,2025-02-28,38.54,2025-02-26T10:51:41,2025-05-31T05:33:32
SHP00009634,ORD00009634,DHL,2024-12-26,2024-12-28,,10.35,2024-12-26T20:33:54,2025-02-06T06:25:29
SHP00009635,ORD00009635,UPS,2025-04-01,2025-04-05,2025-04-07,31.95,2025-04-01T10:23:55,2025-06-28T12:38:52
SHP00009636,ORD00009636,OnTrac,2025-10-31,2025-11-03,2025-11-02,23.69,2025-10-31T21:27:53,2025-11-26T05:18:39
SHP00009638,ORD00009638,XPO,2025-04-03,2025-04-07,,17.21,2025-04-03T19:25:18,2026-01-26T04:08:13
SHP00009639,ORD00009639,XPO,2024-08-07,2024-08-13,2024-08-10,22.24,2024-08-07T02:11:55,2025-09-20T20:36:20
SHP00009642,ORD00009642,DHL,2025-08-06,2025-08-11,2025-08-08,27.66,2025-08-06T12:12:06,2026-02-06T07:13:07
SHP00009644,ORD00009644,FedEx,2024-02-19,2024-02-25,,23.92,2024-02-19T22:52:06,2024-11-14T05:41:10
SHP00009646,ORD00009646,FedEx,2025-06-05,2025-06-07,,13.47,2025-06-05T07:13:46,2025-11-08T22:04:59
SHP00009647,ORD00009647,DHL,2025-04-03,2025-04-08,,22.83,2025-04-03T04:38:40,2025-08-25T11:21:37
SHP00009649,ORD00009649,UPS,2024-11-07,2024-11-12,2024-11-13,12.78,2024-11-07T20:11:51,2025-01-25T01:21:50
SHP00009651,ORD00009651,FedEx,2025-03-11,2025-03-15,2025-03-13,31.99,2025-03-11T05:47:45,2025-03-30T14:22:37
SHP00009652,ORD00009652,UPS,2025-11-03,2025-11-08,2025-11-08,18.75,2025-11-03T18:10:42,2025-11-12T04:15:36
SHP00009653,ORD00009653,FedEx,2025-07-04,2025-07-10,2025-07-08,31.12,2025-07-04T16:03:01,2026-01-26T15:38:07
SHP00009654,ORD00009654,USPS,2026-02-05,2026-02-11,2026-02-09,34.16,2026-02-05T09:51:10,2026-02-23T21:35:07
SHP00009655,ORD00009655,FedEx,2024-04-16,2024-04-20,2024-04-21,20.78,2024-04-16T12:00:44,2024-10-16T04:40:10
SHP00009664,ORD00009664,OnTrac,2024-07-14,2024-07-18,,21.64,2024-07-14T22:58:28,2024-10-09T22:11:48
SHP00009666,ORD00009666,FedEx,2024-07-08,2024-07-11,,7.5,2024-07-08T22:24:23,2024-12-22T23:12:00
SHP00009667,ORD00009667,UPS,2026-02-12,2026-02-15,,20.41,2026-02-12T23:50:58,2026-02-28T07:56:54
SHP00009668,ORD00009668,UPS,2025-11-02,2025-11-07,2025-11-05,26.61,2025-11-02T23:54:00,2025-11-04T02:05:47
SHP00009669,ORD00009669,OnTrac,2024-08-07,2024-08-09,,21.43,2024-08-07T01:10:09,2025-03-08T11:17:31
SHP00009671,ORD00009671,DHL,2024-11-05,2024-11-09,2024-11-11,6.46,2024-11-05T00:48:43,2026-01-17T15:24:29
SHP00009672,ORD00009672,DHL,2025-11-11,2025-11-15,2025-11-18,19.79,2025-11-11T23:46:41,2025-12-13T02:47:06
SHP00009673,ORD00009673,FedEx,2024-04-24,2024-04-30,,23.6,2024-04-24T11:59:35,2025-04-30T10:31:34
SHP00009675,ORD00009675,OnTrac,2024-08-16,2024-08-19,,8.1,2024-08-16T13:08:20,2025-11-14T09:05:44
SHP00009676,ORD00009676,XPO,2026-02-21,2026-02-23,2026-02-25,14.07,2026-02-21T06:49:17,2026-03-01T02:34:35
SHP00009677,ORD00009677,UPS,2024-06-19,2024-06-22,2024-06-21,6.63,2024-06-19T00:27:37,2025-10-26T08:58:10
SHP00009678,ORD00009678,UPS,2024-07-23,2024-07-27,2024-07-24,37.66,2024-07-23T23:40:26,2025-03-08T00:06:12
SHP00009680,ORD00009680,UPS,2025-08-10,2025-08-15,,14.04,2025-08-10T08:00:32,2025-11-02T00:20:18
SHP00009681,ORD00009681,DHL,2025-06-16,2025-06-21,2025-06-17,17.04,2025-06-16T18:12:18,2025-07-29T15:04:54
SHP00009683,ORD00009683,USPS,2025-01-22,2025-01-28,2025-01-28,37.69,2025-01-22T12:55:02,2026-01-25T22:04:13
SHP00009684,ORD00009684,USPS,2025-08-27,2025-09-02,2025-08-31,21.6,2025-08-27T08:37:56,2025-11-30T07:04:15
SHP00009685,ORD00009685,OnTrac,2024-10-08,2024-10-13,,30.07,2024-10-08T09:31:39,2025-08-08T07:45:18
SHP00009686,ORD00009686,UPS,2025-06-23,2025-06-25,2025-06-29,8.35,2025-06-23T10:06:19,2026-02-27T18:40:02
SHP00009687,ORD00009687,XPO,2026-01-29,2026-02-01,,11.39,2026-01-29T22:22:31,2026-01-29T11:22:09
SHP00009688,ORD00009688,UPS,2024-11-07,2024-11-12,2024-11-09,17.61,2024-11-07T05:56:15,2024-12-01T21:53:04
SHP00009689,ORD00009689,USPS,2026-01-16,2026-01-19,,8.96,2026-01-16T20:39:49,2026-02-23T17:33:39
SHP00009690,ORD00009690,OnTrac,2025-02-09,2025-02-12,2025-02-13,38.76,2025-02-09T04:18:14,2025-12-08T09:32:20
SHP00009693,ORD00009693,OnTrac,2024-11-17,2024-11-20,,6.09,2024-11-17T17:37:01,2025-08-18T01:08:20
SHP00009695,ORD00009695,DHL,2025-07-05,2025-07-08,,17.96,2025-07-05T08:10:58,2025-12-26T01:46:36
SHP00009696,ORD00009696,XPO,2025-03-02,2025-03-04,2025-03-09,15.36,2025-03-02T21:12:24,2026-02-02T10:08:55
SHP00009698,ORD00009698,XPO,2025-05-07,2025-05-13,2025-05-12,6.36,2025-05-07T15:51:23,2025-07-22T18:10:26
SHP00009700,ORD00009700,OnTrac,2024-02-19,2024-02-23,2024-02-21,20.55,2024-02-19T21:40:12,2026-01-18T22:23:46
SHP00009703,ORD00009703,XPO,2025-01-21,2025-01-23,2025-01-25,8.58,2025-01-21T09:20:38,2025-04-18T03:45:40
SHP00009708,ORD00009708,XPO,2025-10-28,2025-11-03,,24.1,2025-10-28T07:05:41,2026-01-07T08:37:11
SHP00009709,ORD00009709,USPS,2025-02-06,2025-02-10,2025-02-13,14.08,2025-02-06T09:22:31,2025-02-14T08:31:59
SHP00009710,ORD00009710,USPS,2025-03-31,2025-04-04,2025-04-07,7.86,2025-03-31T22:08:13,2025-09-21T01:13:13
SHP00009711,ORD00009711,USPS,2024-05-30,2024-06-01,2024-06-04,11.79,2024-05-30T21:46:22,2025-08-12T21:08:00
SHP00009712,ORD00009712,UPS,2024-01-26,2024-01-30,2024-02-02,17.5,2024-01-26T00:15:02,2025-02-16T11:37:00
SHP00009713,ORD00009713,USPS,2024-07-14,2024-07-20,,14.07,2024-07-14T10:37:28,2025-09-07T08:57:22
SHP00009714,ORD00009714,FedEx,2024-12-11,2024-12-16,2024-12-16,26.16,2024-12-11T18:18:50,2025-10-05T00:31:03
SHP00009716,ORD00009716,UPS,2025-09-07,2025-09-09,2025-09-09,12.72,2025-09-07T04:06:43,2025-11-04T06:52:13
SHP00009717,ORD00009717,DHL,2025-01-01,2025-01-04,2025-01-02,9.43,2025-01-01T16:16:03,2025-05-22T09:14:35
SHP00009718,ORD00009718,FedEx,2026-02-13,2026-02-15,,9.02,2026-02-13T21:50:12,2026-03-01T23:04:11
SHP00009719,ORD00009719,UPS,2026-02-02,2026-02-05,2026-02-03,20.17,2026-02-02T10:39:01,2026-02-14T10:15:16
SHP00009721,ORD00009721,UPS,2025-10-17,2025-10-19,2025-10-24,18.69,2025-10-17T01:31:28,2025-11-07T20:40:35
SHP00009722,ORD00009722,UPS,2025-02-06,2025-02-12,2025-02-10,16.68,2025-02-06T15:34:33,2025-10-03T23:40:53
SHP00009723,ORD00009723,FedEx,2024-05-03,2024-05-05,2024-05-06,18.4,2024-05-03T19:17:48,2025-03-26T05:39:52
SHP00009724,ORD00009724,OnTrac,2025-07-27,2025-07-29,2025-07-30,6.97,2025-07-27T22:45:24,2025-08-20T07:00:24
SHP00009725,ORD00009725,USPS,2026-01-29,2026-01-31,2026-01-31,39.38,2026-01-29T03:53:13,2026-02-18T00:27:36
SHP00009727,ORD00009727,USPS,2024-10-27,2024-10-30,2024-10-29,11.53,2024-10-27T01:58:55,2026-01-31T13:32:18
SHP00009728,ORD00009728,UPS,2024-01-10,2024-01-16,2024-01-11,19.81,2024-01-10T09:00:05,2024-09-03T21:35:55
SHP00009729,ORD00009729,DHL,2025-10-27,2025-10-31,2025-11-01,21.2,2025-10-27T20:19:06,2026-02-10T10:27:36
SHP00009730,ORD00009730,USPS,2025-06-28,2025-07-01,,12.95,2025-06-28T02:40:55,2025-11-21T02:06:12
SHP00009732,ORD00009732,OnTrac,2024-01-15,2024-01-17,2024-01-20,12.62,2024-01-15T02:58:09,2024-07-07T16:09:03
SHP00009734,ORD00009734,OnTrac,2025-09-16,2025-09-22,2025-09-23,17.12,2025-09-16T22:26:43,2026-02-08T13:03:29
SHP00009736,ORD00009736,USPS,2025-01-17,2025-01-21,2025-01-18,16.6,2025-01-17T18:04:42,2026-01-21T07:02:19
SHP00009738,ORD00009738,FedEx,2025-06-13,2025-06-17,2025-06-19,15.86,2025-06-13T09:31:11,2026-02-24T00:52:47
SHP00009739,ORD00009739,DHL,2024-08-09,2024-08-14,2024-08-10,33.97,2024-08-09T18:21:33,2025-11-09T10:57:06
SHP00009741,ORD00009741,FedEx,2024-10-13,2024-10-19,,11.38,2024-10-13T22:55:55,2024-10-25T19:20:18
SHP00009743,ORD00009743,USPS,2024-02-02,2024-02-08,2024-02-08,34.98,2024-02-02T10:55:37,2025-07-21T13:56:20
SHP00009744,ORD00009744,DHL,2025-02-24,2025-02-28,2025-02-26,34.6,2025-02-24T05:11:29,2025-10-31T21:44:35
SHP00009745,ORD00009745,UPS,2024-05-26,2024-05-28,,16.69,2024-05-26T17:05:14,2024-05-29T06:35:27
SHP00009747,ORD00009747,XPO,2024-06-06,2024-06-09,2024-06-10,12.76,2024-06-06T04:13:09,2024-08-30T22:32:34
SHP00009748,ORD00009748,XPO,2024-05-04,2024-05-08,2024-05-06,32.56,2024-05-04T11:28:32,2025-10-27T05:28:20
SHP00009750,ORD00009750,XPO,2024-03-29,2024-04-01,,9.72,2024-03-29T04:50:37,2025-04-09T20:19:56
SHP00009755,ORD00009755,XPO,2025-09-10,2025-09-14,2025-09-16,21.08,2025-09-10T00:32:43,2026-01-11T16:25:09
SHP00009756,ORD00009756,DHL,2025-04-21,2025-04-27,2025-04-26,30.33,2025-04-21T17:32:26,2025-09-19T18:12:15
SHP00009757,ORD00009757,UPS,2025-08-11,2025-08-14,2025-08-16,11.67,2025-08-11T10:37:37,2026-02-21T13:04:17
SHP00009759,ORD00009759,OnTrac,2025-03-16,2025-03-18,2025-03-20,13.32,2025-03-16T16:52:43,2025-04-24T12:13:32
SHP00009760,ORD00009760,DHL,2025-12-04,2025-12-07,,8.08,2025-12-04T11:01:50,2026-01-06T19:21:04
SHP00009761,ORD00009761,USPS,2025-04-19,2025-04-25,,24.29,2025-04-19T18:41:09,2025-08-08T23:23:28
SHP00009762,ORD00009762,OnTrac,2024-02-19,2024-02-23,,33.95,2024-02-19T01:24:48,2025-12-06T09:59:41
SHP00009763,ORD00009763,XPO,2024-09-21,2024-09-26,2024-09-23,11.16,2024-09-21T12:03:53,2025-08-26T14:15:38
SHP00009770,ORD00009770,OnTrac,2025-12-22,2025-12-25,2025-12-29,28.79,2025-12-22T11:53:27,2026-01-20T23:07:28
SHP00009772,ORD00009772,UPS,2025-11-01,2025-11-04,2025-11-04,8.52,2025-11-01T01:45:57,2025-12-06T13:34:21
SHP00009774,ORD00009774,USPS,2024-11-15,2024-11-19,,32.19,2024-11-15T22:20:40,2025-11-29T20:08:50
SHP00009775,ORD00009775,DHL,2024-05-06,2024-05-11,2024-05-11,36.47,2024-05-06T14:06:14,2024-07-22T20:05:49
SHP00009776,ORD00009776,DHL,2026-02-04,2026-02-06,2026-02-08,36.87,2026-02-04T14:41:06,2026-02-13T00:19:43
SHP00009777,ORD00009777,FedEx,2024-10-08,2024-10-10,2024-10-09,11.0,2024-10-08T18:09:41,2025-06-23T15:19:19
SHP00009778,ORD00009778,USPS,2024-11-10,2024-11-16,2024-11-11,15.96,2024-11-10T22:29:05,2025-10-09T06:21:18
SHP00009782,ORD00009782,FedEx,2025-09-17,2025-09-20,2025-09-19,14.95,2025-09-17T02:19:09,2025-10-18T17:34:50
SHP00009783,ORD00009783,DHL,2025-04-14,2025-04-18,,9.72,2025-04-14T11:32:09,2025-06-30T01:36:40
SHP00009785,ORD00009785,USPS,2025-10-10,2025-10-14,2025-10-16,20.72,2025-10-10T12:44:40,2026-01-12T07:48:33
SHP00009789,ORD00009789,UPS,2025-08-08,2025-08-11,,16.4,2025-08-08T05:36:25,2026-02-10T00:48:24
SHP00009790,ORD00009790,USPS,2025-03-04,2025-03-09,2025-03-09,23.31,2025-03-04T06:06:02,2025-09-29T15:04:12
SHP00009791,ORD00009791,UPS,2025-02-22,2025-02-27,,32.17,2025-02-22T09:27:56,2025-11-20T05:12:06
SHP00009792,ORD00009792,FedEx,2024-01-23,2024-01-29,2024-01-26,21.27,2024-01-23T21:53:46,2024-10-24T00:50:56
SHP00009793,ORD00009793,OnTrac,2025-11-19,2025-11-24,2025-11-23,23.75,2025-11-19T01:15:55,2025-11-21T20:13:14
SHP00009794,ORD00009794,DHL,2025-04-25,2025-04-28,2025-04-28,7.66,2025-04-25T02:43:37,2025-08-14T04:56:12
SHP00009795,ORD00009795,DHL,2024-01-09,2024-01-14,,6.35,2024-01-09T21:43:38,2024-09-19T03:45:07
SHP00009796,ORD00009796,XPO,2025-12-04,2025-12-10,,14.46,2025-12-04T07:00:26,2026-01-08T06:59:24
SHP00009798,ORD00009798,DHL,2025-09-05,2025-09-10,,26.21,2025-09-05T17:25:59,2025-10-21T02:54:55
SHP00009799,ORD00009799,XPO,2024-11-02,2024-11-07,2024-11-09,8.13,2024-11-02T16:10:29,2026-01-18T07:24:52
SHP00009800,ORD00009800,UPS,2024-09-10,2024-09-13,2024-09-16,16.86,2024-09-10T18:38:19,2024-12-31T20:02:10
SHP00009801,ORD00009801,FedEx,2025-08-15,2025-08-21,,29.47,2025-08-15T21:25:22,2025-08-22T15:20:20
SHP00009802,ORD00009802,XPO,2024-02-21,2024-02-26,2024-02-28,14.39,2024-02-21T10:48:11,2024-03-14T14:33:25
SHP00009805,ORD00009805,UPS,2026-02-05,2026-02-09,2026-02-10,33.24,2026-02-05T13:59:28,2026-02-27T13:34:09
SHP00009806,ORD00009806,USPS,2025-06-25,2025-06-28,2025-06-26,19.99,2025-06-25T14:59:56,2026-02-01T16:09:16
SHP00009807,ORD00009807,FedEx,2025-06-24,2025-06-26,2025-07-01,18.37,2025-06-24T12:20:34,2025-12-07T22:16:01
SHP00009808,ORD00009808,OnTrac,2025-06-11,2025-06-17,2025-06-17,35.82,2025-06-11T13:49:38,2025-12-22T08:14:16
SHP00009809,ORD00009809,OnTrac,2024-02-16,2024-02-18,2024-02-19,5.55,2024-02-16T11:00:47,2025-03-21T11:42:50
SHP00009811,ORD00009811,FedEx,2025-08-21,2025-08-25,2025-08-24,20.03,2025-08-21T10:26:28,2026-02-12T05:53:39
SHP00009814,ORD00009814,USPS,2025-03-25,2025-03-31,,10.32,2025-03-25T03:15:02,2025-10-21T02:34:58
SHP00009815,ORD00009815,FedEx,2024-10-21,2024-10-23,2024-10-26,27.32,2024-10-21T19:46:21,2025-04-19T15:50:12
SHP00009818,ORD00009818,USPS,2025-02-02,2025-02-08,2025-02-03,4.41,2025-02-02T06:23:18,2026-01-26T13:24:28
SHP00009819,ORD00009819,OnTrac,2024-10-10,2024-10-14,2024-10-16,35.04,2024-10-10T02:23:06,2025-04-20T10:52:53
SHP00009820,ORD00009820,USPS,2024-01-24,2024-01-27,2024-01-27,18.99,2024-01-24T06:15:52,2024-11-21T02:59:30
SHP00009824,ORD00009824,FedEx,2025-02-02,2025-02-08,2025-02-06,27.65,2025-02-02T06:09:00,2025-10-28T01:52:13
SHP00009825,ORD00009825,UPS,2025-02-08,2025-02-13,2025-02-13,9.18,2025-02-08T23:54:14,2026-01-11T21:56:28
SHP00009826,ORD00009826,UPS,2025-06-17,2025-06-19,,10.56,2025-06-17T21:48:26,2026-01-22T22:03:59
SHP00009827,ORD00009827,DHL,2024-02-12,2024-02-17,2024-02-19,6.0,2024-02-12T05:00:03,2024-09-17T11:30:53
SHP00009828,ORD00009828,USPS,2024-01-12,2024-01-14,,17.84,2024-01-12T18:07:10,2024-09-27T02:36:49
SHP00009830,ORD00009830,USPS,2024-08-28,2024-09-01,2024-09-03,18.6,2024-08-28T15:54:14,2024-12-24T16:30:17
SHP00009831,ORD00009831,OnTrac,2026-02-01,2026-02-07,,38.21,2026-02-01T23:54:40,2026-02-28T21:15:02
SHP00009832,ORD00009832,UPS,2025-08-15,2025-08-17,2025-08-20,33.7,2025-08-15T16:56:01,2025-10-06T18:13:00
SHP00009835,ORD00009835,XPO,2024-01-20,2024-01-25,,15.49,2024-01-20T12:11:30,2026-02-20T06:41:50
SHP00009837,ORD00009837,USPS,2025-07-01,2025-07-06,2025-07-07,14.32,2025-07-01T14:13:40,2025-10-26T03:35:16
SHP00009841,ORD00009841,XPO,2024-12-18,2024-12-21,2024-12-23,39.84,2024-12-18T21:39:01,2025-08-20T20:59:22
SHP00009842,ORD00009842,UPS,2024-11-13,2024-11-17,,26.03,2024-11-13T06:24:42,2024-12-17T09:06:02
SHP00009845,ORD00009845,OnTrac,2025-10-08,2025-10-14,,37.53,2025-10-08T22:18:30,2025-11-22T19:06:13
SHP00009847,ORD00009847,XPO,2025-07-14,2025-07-19,2025-07-17,34.14,2025-07-14T11:50:38,2026-01-10T19:21:47
SHP00009848,ORD00009848,UPS,2026-01-05,2026-01-10,,27.33,2026-01-05T01:48:11,2026-01-06T12:33:43
SHP00009850,ORD00009850,OnTrac,2024-06-12,2024-06-17,2024-06-15,14.93,2024-06-12T20:35:32,2024-11-23T05:16:58
SHP00009851,ORD00009851,FedEx,2026-02-22,2026-02-24,2026-02-23,10.65,2026-02-22T14:50:53,2026-02-25T01:06:55
SHP00009852,ORD00009852,XPO,2025-05-13,2025-05-16,,31.05,2025-05-13T09:56:14,2025-06-30T20:52:56
SHP00009853,ORD00009853,DHL,2024-11-04,2024-11-07,2024-11-05,25.4,2024-11-04T10:46:47,2025-10-14T21:13:01
SHP00009859,ORD00009859,XPO,2025-09-08,2025-09-14,,39.66,2025-09-08T15:33:32,2025-11-28T18:10:59
SHP00009862,ORD00009862,OnTrac,2024-04-24,2024-04-28,,5.53,2024-04-24T14:28:10,2024-06-29T23:51:13
SHP00009863,ORD00009863,FedEx,2026-01-10,2026-01-16,,22.84,2026-01-10T03:56:44,2026-02-27T14:47:08
SHP00009864,ORD00009864,XPO,2025-01-15,2025-01-19,2025-01-18,17.29,2025-01-15T05:48:32,2025-06-07T16:15:13
SHP00009866,ORD00009866,UPS,2024-11-24,2024-11-30,,7.01,2024-11-24T17:33:08,2025-08-01T01:19:40
SHP00009867,ORD00009867,USPS,2024-04-02,2024-04-06,,28.87,2024-04-02T00:32:52,2024-11-14T09:07:12
SHP00009868,ORD00009868,FedEx,2024-08-19,2024-08-23,,24.33,2024-08-19T02:33:31,2024-12-28T19:29:41
SHP00009870,ORD00009870,UPS,2024-03-22,2024-03-25,,38.22,2024-03-22T08:08:16,2025-03-12T09:22:07
SHP00009872,ORD00009872,FedEx,2024-05-09,2024-05-14,,39.67,2024-05-09T20:32:18,2024-05-25T17:10:11
SHP00009873,ORD00009873,FedEx,2024-10-23,2024-10-25,2024-10-24,33.33,2024-10-23T04:58:25,2025-12-30T06:04:48
SHP00009874,ORD00009874,FedEx,2025-04-06,2025-04-08,,14.89,2025-04-06T14:24:07,2025-07-07T14:54:14
SHP00009875,ORD00009875,FedEx,2024-09-01,2024-09-07,2024-09-07,36.28,2024-09-01T22:11:32,2025-08-09T06:22:31
SHP00009876,ORD00009876,UPS,2025-10-25,2025-10-28,,17.86,2025-10-25T07:55:00,2025-12-25T05:39:33
SHP00009877,ORD00009877,DHL,2024-07-12,2024-07-17,2024-07-16,14.16,2024-07-12T21:23:09,2025-03-05T12:46:56
SHP00009878,ORD00009878,OnTrac,2024-11-21,2024-11-24,2024-11-27,6.44,2024-11-21T12:46:25,2026-01-31T00:57:05
SHP00009880,ORD00009880,XPO,2025-04-12,2025-04-15,2025-04-15,28.35,2025-04-12T08:48:16,2025-06-15T01:49:32
SHP00009883,ORD00009883,FedEx,2025-05-12,2025-05-17,2025-05-16,27.28,2025-05-12T19:51:19,2025-08-07T11:52:59
SHP00009885,ORD00009885,UPS,2024-09-29,2024-10-02,2024-09-30,5.71,2024-09-29T15:59:00,2025-03-30T23:41:40
SHP00009887,ORD00009887,OnTrac,2024-04-26,2024-05-02,,27.7,2024-04-26T06:09:49,2025-04-03T13:57:18
SHP00009888,ORD00009888,DHL,2025-11-20,2025-11-26,2025-11-24,16.54,2025-11-20T23:31:38,2025-12-16T02:45:41
SHP00009889,ORD00009889,FedEx,2025-07-19,2025-07-21,2025-07-20,31.81,2025-07-19T01:45:59,2025-08-24T22:00:42
SHP00009893,ORD00009893,XPO,2024-03-25,2024-03-27,,22.18,2024-03-25T06:20:25,2025-03-19T11:45:57
SHP00009894,ORD00009894,UPS,2024-01-04,2024-01-06,2024-01-09,31.2,2024-01-04T13:01:58,2024-04-12T04:16:51
SHP00009895,ORD00009895,XPO,2025-09-29,2025-10-04,2025-10-03,33.64,2025-09-29T09:46:08,2025-11-02T05:27:56
SHP00009896,ORD00009896,XPO,2025-02-01,2025-02-05,,37.35,2025-02-01T02:01:48,2025-11-17T02:35:11
SHP00009900,ORD00009900,XPO,2025-12-30,2026-01-03,,23.69,2025-12-30T16:54:43,2026-02-27T18:37:13
SHP00009903,ORD00009903,UPS,2024-05-10,2024-05-15,,38.49,2024-05-10T23:34:52,2024-07-18T08:07:55
SHP00009906,ORD00009906,OnTrac,2025-07-11,2025-07-15,,27.94,2025-07-11T11:09:43,2025-11-26T23:19:45
SHP00009907,ORD00009907,UPS,2025-04-15,2025-04-21,,36.71,2025-04-15T20:30:38,2025-05-03T21:06:12
SHP00009908,ORD00009908,USPS,2025-07-01,2025-07-06,2025-07-06,16.21,2025-07-01T15:23:35,2026-01-05T11:00:10
SHP00009909,ORD00009909,DHL,2024-09-25,2024-09-30,,24.43,2024-09-25T18:57:33,2024-12-28T09:29:51
SHP00009910,ORD00009910,XPO,2025-04-18,2025-04-24,,34.05,2025-04-18T05:31:14,2025-07-18T10:32:42
SHP00009912,ORD00009912,XPO,2024-10-15,2024-10-21,2024-10-19,23.55,2024-10-15T08:49:33,2025-01-20T17:55:03
SHP00009914,ORD00009914,DHL,2025-01-25,2025-01-31,2025-01-30,12.41,2025-01-25T19:46:35,2025-11-29T08:49:19
SHP00009915,ORD00009915,DHL,2024-07-09,2024-07-15,,15.58,2024-07-09T00:47:55,2025-11-19T03:00:57
SHP00009921,ORD00009921,OnTrac,2024-09-11,2024-09-17,2024-09-15,24.65,2024-09-11T17:21:49,2025-04-28T07:30:42
SHP00009922,ORD00009922,UPS,2025-04-21,2025-04-25,2025-04-22,20.1,2025-04-21T06:32:17,2025-07-26T03:58:07
SHP00009924,ORD00009924,USPS,2025-02-15,2025-02-21,,6.87,2025-02-15T22:39:54,2025-11-03T16:08:24
SHP00009926,ORD00009926,UPS,2025-10-26,2025-10-31,2025-10-28,15.11,2025-10-26T01:46:22,2026-01-14T19:31:45
SHP00009927,ORD00009927,UPS,2024-09-24,2024-09-29,,23.08,2024-09-24T17:48:35,2026-01-15T02:40:14
SHP00009929,ORD00009929,FedEx,2025-10-28,2025-11-02,,32.02,2025-10-28T08:45:44,2026-02-12T00:24:38
SHP00009931,ORD00009931,FedEx,2024-11-24,2024-11-30,,14.55,2024-11-24T04:12:23,2025-11-07T02:28:04
SHP00009933,ORD00009933,USPS,2024-05-01,2024-05-04,,26.79,2024-05-01T18:01:11,2025-05-20T18:56:58
SHP00009935,ORD00009935,UPS,2024-08-09,2024-08-15,2024-08-11,15.32,2024-08-09T04:27:50,2024-10-30T09:50:41
SHP00009936,ORD00009936,UPS,2026-01-16,2026-01-22,2026-01-19,6.03,2026-01-16T11:33:41,2026-02-09T20:45:42
SHP00009937,ORD00009937,USPS,2024-10-26,2024-10-31,2024-10-28,8.8,2024-10-26T22:58:17,2025-10-27T20:50:05
SHP00009938,ORD00009938,DHL,2025-02-06,2025-02-12,2025-02-08,18.48,2025-02-06T08:52:08,2025-03-15T14:10:26
SHP00009939,ORD00009939,DHL,2024-12-24,2024-12-26,2024-12-29,30.42,2024-12-24T18:24:09,2025-02-19T00:32:35
SHP00009940,ORD00009940,XPO,2025-04-30,2025-05-04,,14.64,2025-04-30T23:13:36,2026-02-01T01:35:34
SHP00009943,ORD00009943,OnTrac,2026-03-01,2026-03-03,,13.9,2026-03-01T21:39:03,2026-03-02T15:22:24
SHP00009944,ORD00009944,OnTrac,2024-11-09,2024-11-13,,8.21,2024-11-09T23:04:30,2025-12-16T15:29:52
SHP00009945,ORD00009945,USPS,2024-03-03,2024-03-07,2024-03-10,18.24,2024-03-03T14:33:29,2025-02-02T05:45:33
SHP00009951,ORD00009951,DHL,2025-10-08,2025-10-14,,10.28,2025-10-08T07:52:18,2026-02-05T08:00:52
SHP00009952,ORD00009952,FedEx,2024-01-07,2024-01-10,,25.47,2024-01-07T15:53:32,2025-04-23T14:02:15
SHP00009955,ORD00009955,XPO,2026-01-11,2026-01-17,,22.57,2026-01-11T12:59:59,2026-02-27T13:59:09
SHP00009956,ORD00009956,DHL,2025-03-08,2025-03-13,2025-03-09,33.42,2025-03-08T14:52:02,2025-09-24T02:08:00
SHP00009960,ORD00009960,UPS,2025-04-23,2025-04-26,,23.99,2025-04-23T22:24:15,2025-07-01T17:58:17
SHP00009964,ORD00009964,UPS,2025-12-02,2025-12-06,2025-12-04,21.17,2025-12-02T10:21:49,2025-12-08T08:09:36
SHP00009965,ORD00009965,OnTrac,2024-02-05,2024-02-08,,19.04,2024-02-05T11:03:56,2024-07-25T20:03:35
SHP00009966,ORD00009966,DHL,2024-03-13,2024-03-18,2024-03-17,37.04,2024-03-13T12:19:56,2025-12-26T02:43:48
SHP00009967,ORD00009967,FedEx,2024-06-04,2024-06-07,,20.17,2024-06-04T22:28:33,2025-06-29T12:56:27
SHP00009969,ORD00009969,UPS,2025-08-13,2025-08-18,,28.36,2025-08-13T05:58:59,2026-02-26T12:52:00
SHP00009970,ORD00009970,DHL,2024-05-24,2024-05-27,,10.98,2024-05-24T08:54:45,2025-08-04T20:41:02
SHP00009971,ORD00009971,XPO,2025-12-05,2025-12-09,2025-12-10,36.23,2025-12-05T08:59:05,2026-01-23T00:54:02
SHP00009972,ORD00009972,DHL,2024-07-17,2024-07-19,2024-07-22,22.96,2024-07-17T19:17:41,2025-05-15T12:16:15
SHP00009973,ORD00009973,OnTrac,2024-11-01,2024-11-05,2024-11-03,34.79,2024-11-01T20:58:04,2025-05-10T20:41:55
SHP00009975,ORD00009975,XPO,2025-09-26,2025-09-28,,18.21,2025-09-26T01:15:31,2026-02-13T19:57:14
SHP00009978,ORD00009978,UPS,2025-03-06,2025-03-08,,8.34,2025-03-06T19:52:59,2025-08-17T07:23:05
SHP00009979,ORD00009979,OnTrac,2024-12-16,2024-12-21,,25.57,2024-12-16T05:56:44,2025-03-03T10:54:19
SHP00009981,ORD00009981,DHL,2024-02-16,2024-02-21,2024-02-17,4.06,2024-02-16T02:14:47,2025-12-16T16:03:13
SHP00009982,ORD00009982,OnTrac,2025-12-07,2025-12-09,2025-12-11,24.64,2025-12-07T21:54:54,2026-01-23T10:01:50
SHP00009983,ORD00009983,FedEx,2025-08-28,2025-09-01,,8.61,2025-08-28T08:29:45,2026-02-08T09:49:32
SHP00009987,ORD00009987,DHL,2024-02-02,2024-02-05,,10.66,2024-02-02T02:37:00,2025-07-10T09:34:33
SHP00009989,ORD00009989,XPO,2024-04-29,2024-05-01,2024-05-06,32.83,2024-04-29T05:23:26,2026-02-15T00:37:52
SHP00009990,ORD00009990,XPO,2025-01-30,2025-02-01,,34.98,2025-01-30T20:18:14,2025-03-03T22:41:22
SHP00009992,ORD00009992,DHL,2024-09-02,2024-09-04,2024-09-04,24.53,2024-09-02T00:10:07,2024-10-21T19:28:26
SHP00009993,ORD00009993,FedEx,2025-12-17,2025-12-21,2025-12-23,11.44,2025-12-17T19:50:35,2026-01-19T14:16:04
SHP00009994,ORD00009994,FedEx,2025-09-06,2025-09-09,2025-09-13,10.02,2025-09-06T08:40:34,2025-11-10T14:28:56
SHP00009995,ORD00009995,USPS,2024-12-30,2025-01-04,,30.73,2024-12-30T01:31:34,2025-04-21T22:38:52
SHP00009997,ORD00009997,XPO,2024-11-17,2024-11-20,2024-11-18,39.0,2024-11-17T13:45:33,2025-04-17T17:31:40
SHP00009998,ORD00009998,UPS,2024-01-20,2024-01-23,2024-01-21,22.1,2024-01-20T15:15:27,2024-02-10T08:39:05
SHP00009999,ORD00009999,UPS,2025-02-06,2025-02-12,2025-02-11,21.77,2025-02-06T15:24:14,2025-05-10T08:46:12
SHP00010002,ORD00010002,FedEx,2026-02-06,2026-02-11,2026-02-10,21.5,2026-02-06T02:28:02,2026-02-19T15:18:34
SHP00010004,ORD00010004,OnTrac,2025-10-12,2025-10-16,2025-10-18,8.92,2025-10-12T07:00:45,2026-02-16T04:48:30
SHP00010006,ORD00010006,DHL,2025-02-18,2025-02-22,,35.65,2025-02-18T11:34:06,2026-01-22T18:33:45
SHP00010007,ORD00010007,XPO,2025-03-07,2025-03-09,2025-03-10,18.54,2025-03-07T09:11:21,2025-07-14T03:16:22
SHP00010009,ORD00010009,UPS,2024-01-15,2024-01-21,,36.71,2024-01-15T10:06:46,2024-01-31T19:56:21
SHP00010011,ORD00010011,FedEx,2024-04-28,2024-05-03,2024-04-29,32.8,2024-04-28T11:35:38,2026-02-20T20:06:27
SHP00010012,ORD00010012,OnTrac,2024-10-16,2024-10-21,,19.91,2024-10-16T22:06:23,2025-08-17T01:33:54
SHP00010018,ORD00010018,OnTrac,2024-08-29,2024-09-01,2024-08-31,27.41,2024-08-29T21:02:35,2024-11-10T18:12:39
SHP00010019,ORD00010019,DHL,2024-06-07,2024-06-11,2024-06-13,19.08,2024-06-07T18:42:11,2025-05-09T03:58:59
SHP00010021,ORD00010021,OnTrac,2025-09-01,2025-09-04,2025-09-03,31.61,2025-09-01T14:38:56,2025-11-03T16:04:17
SHP00010024,ORD00010024,OnTrac,2024-05-25,2024-05-29,2024-06-01,39.19,2024-05-25T02:57:08,2025-11-16T17:05:11
SHP00010025,ORD00010025,XPO,2025-10-20,2025-10-25,,22.92,2025-10-20T03:04:46,2025-12-01T03:42:44
SHP00010026,ORD00010026,OnTrac,2024-10-16,2024-10-22,,15.1,2024-10-16T22:08:37,2025-02-02T04:20:21
SHP00010028,ORD00010028,USPS,2025-01-11,2025-01-17,2025-01-13,31.23,2025-01-11T12:07:21,2025-09-25T20:06:08
SHP00010032,ORD00010032,OnTrac,2025-10-20,2025-10-24,2025-10-21,37.79,2025-10-20T23:12:36,2026-01-07T10:39:16
SHP00010034,ORD00010034,USPS,2025-02-12,2025-02-16,2025-02-16,26.08,2025-02-12T18:14:28,2025-09-05T09:43:16
SHP00010037,ORD00010037,DHL,2026-02-16,2026-02-20,,28.4,2026-02-16T10:17:55,2026-02-21T22:32:50
SHP00010039,ORD00010039,DHL,2024-07-02,2024-07-06,2024-07-07,33.7,2024-07-02T19:39:02,2024-08-30T11:11:24
SHP00010040,ORD00010040,UPS,2024-09-07,2024-09-09,,30.18,2024-09-07T05:43:05,2025-08-05T13:33:52
SHP00010041,ORD00010041,DHL,2026-02-18,2026-02-20,2026-02-20,33.71,2026-02-18T15:09:50,2026-02-22T05:21:51
SHP00010044,ORD00010044,DHL,2025-09-11,2025-09-17,2025-09-15,38.98,2025-09-11T12:19:27,2025-10-15T08:08:55
SHP00010045,ORD00010045,XPO,2025-10-07,2025-10-13,,22.1,2025-10-07T08:01:41,2025-10-22T13:16:07
SHP00010046,ORD00010046,UPS,2024-08-19,2024-08-22,2024-08-22,36.37,2024-08-19T02:27:30,2025-05-24T11:59:19
SHP00010047,ORD00010047,FedEx,2025-11-08,2025-11-13,,22.2,2025-11-08T19:35:02,2026-02-03T18:24:21
SHP00010051,ORD00010051,DHL,2025-09-15,2025-09-18,,4.81,2025-09-15T01:43:30,2026-01-02T17:03:50
SHP00010055,ORD00010055,DHL,2025-06-11,2025-06-15,2025-06-16,17.88,2025-06-11T04:05:37,2025-11-18T16:30:39
SHP00010056,ORD00010056,DHL,2024-01-16,2024-01-18,2024-01-18,4.74,2024-01-16T23:31:12,2025-04-17T13:12:49
SHP00010057,ORD00010057,OnTrac,2025-06-28,2025-07-04,2025-07-02,26.57,2025-06-28T13:58:48,2026-01-11T07:24:14
SHP00010058,ORD00010058,USPS,2025-02-05,2025-02-11,2025-02-10,26.13,2025-02-05T06:01:08,2025-08-07T11:52:04
SHP00010060,ORD00010060,DHL,2026-02-18,2026-02-21,2026-02-24,27.19,2026-02-18T00:42:43,2026-02-26T18:55:48
SHP00010062,ORD00010062,UPS,2024-11-04,2024-11-08,,4.17,2024-11-04T03:04:35,2025-01-14T01:23:16
SHP00010063,ORD00010063,USPS,2024-07-31,2024-08-06,2024-08-05,37.76,2024-07-31T09:58:49,2025-07-26T10:49:15
SHP00010064,ORD00010064,FedEx,2025-09-08,2025-09-13,2025-09-15,8.21,2025-09-08T04:28:51,2025-12-04T13:05:27
SHP00010066,ORD00010066,USPS,2025-04-23,2025-04-25,2025-04-24,21.78,2025-04-23T04:54:35,2025-07-02T20:01:30
SHP00010067,ORD00010067,OnTrac,2024-09-07,2024-09-11,2024-09-09,22.44,2024-09-07T13:32:35,2025-10-15T23:38:03
SHP00010069,ORD00010069,USPS,2025-01-30,2025-02-03,,14.55,2025-01-30T16:53:03,2026-01-13T04:51:37
SHP00010070,ORD00010070,USPS,2025-04-16,2025-04-20,,12.94,2025-04-16T11:06:57,2025-10-10T21:59:20
SHP00010071,ORD00010071,UPS,2024-01-10,2024-01-14,2024-01-16,24.28,2024-01-10T19:47:11,2025-01-09T10:40:06
SHP00010074,ORD00010074,FedEx,2025-03-07,2025-03-10,,31.06,2025-03-07T07:03:22,2026-01-18T01:15:21
SHP00010077,ORD00010077,OnTrac,2024-03-08,2024-03-10,2024-03-09,34.17,2024-03-08T01:49:59,2024-08-10T13:19:10
SHP00010078,ORD00010078,XPO,2024-01-20,2024-01-26,2024-01-22,19.81,2024-01-20T15:31:13,2024-05-09T09:40:39
SHP00010080,ORD00010080,DHL,2026-02-22,2026-02-26,2026-02-23,26.16,2026-02-22T17:51:51,2026-02-27T13:02:03
SHP00010081,ORD00010081,FedEx,2026-03-04,2026-03-10,,32.48,2026-03-04T04:45:33,2026-03-05T06:12:17
SHP00010082,ORD00010082,USPS,2024-05-20,2024-05-26,2024-05-24,28.98,2024-05-20T23:14:25,2025-04-02T18:11:41
SHP00010083,ORD00010083,FedEx,2024-06-17,2024-06-21,,28.46,2024-06-17T21:03:57,2025-12-07T17:54:26
SHP00010084,ORD00010084,DHL,2024-12-19,2024-12-22,,37.52,2024-12-19T22:24:47,2026-02-22T04:36:57
SHP00010085,ORD00010085,DHL,2025-12-12,2025-12-15,2025-12-19,39.51,2025-12-12T20:44:57,2026-02-12T02:23:16
SHP00010086,ORD00010086,FedEx,2024-11-04,2024-11-08,2024-11-05,29.15,2024-11-04T14:52:03,2025-03-25T01:13:07
SHP00010094,ORD00010094,OnTrac,2024-04-09,2024-04-12,,12.59,2024-04-09T21:52:29,2024-12-01T07:19:29
SHP00010095,ORD00010095,DHL,2025-09-10,2025-09-16,,24.45,2025-09-10T20:09:54,2025-12-12T12:52:16
SHP00010096,ORD00010096,DHL,2025-07-02,2025-07-05,2025-07-09,35.7,2025-07-02T07:02:51,2025-07-17T04:13:39
SHP00010097,ORD00010097,FedEx,2025-08-21,2025-08-25,2025-08-28,29.59,2025-08-21T21:43:23,2026-01-11T14:44:09
SHP00010100,ORD00010100,XPO,2025-05-01,2025-05-03,2025-05-05,13.32,2025-05-01T23:26:05,2025-10-22T08:52:06
SHP00010101,ORD00010101,XPO,2025-06-03,2025-06-07,2025-06-06,28.15,2025-06-03T07:55:11,2025-09-26T12:36:44
SHP00010102,ORD00010102,USPS,2024-06-13,2024-06-19,,23.16,2024-06-13T09:02:27,2025-10-19T21:18:19
SHP00010104,ORD00010104,XPO,2024-04-13,2024-04-16,,24.7,2024-04-13T17:31:26,2025-09-07T08:48:05
SHP00010107,ORD00010107,OnTrac,2024-07-18,2024-07-21,,19.38,2024-07-18T14:47:29,2025-09-02T18:27:42
SHP00010113,ORD00010113,OnTrac,2024-01-20,2024-01-26,2024-01-21,27.92,2024-01-20T19:39:29,2025-12-22T21:26:06
SHP00010114,ORD00010114,USPS,2025-03-23,2025-03-27,2025-03-24,27.86,2025-03-23T13:51:04,2025-08-12T23:34:01
SHP00010115,ORD00010115,XPO,2025-07-15,2025-07-20,2025-07-16,35.79,2025-07-15T19:00:50,2025-08-21T23:16:25
SHP00010117,ORD00010117,USPS,2025-08-24,2025-08-27,,15.53,2025-08-24T19:50:40,2025-12-06T19:11:28
SHP00010118,ORD00010118,USPS,2024-03-01,2024-03-04,,6.73,2024-03-01T21:44:32,2025-05-14T04:38:16
SHP00010119,ORD00010119,FedEx,2024-11-22,2024-11-27,2024-11-23,29.77,2024-11-22T03:33:50,2025-08-26T07:49:18
SHP00010122,ORD00010122,FedEx,2026-02-27,2026-03-01,2026-03-05,8.89,2026-02-27T09:11:50,2026-02-27T11:08:15
SHP00010123,ORD00010123,UPS,2024-08-27,2024-09-01,,7.77,2024-08-27T14:01:39,2025-08-09T19:20:20
SHP00010124,ORD00010124,OnTrac,2024-10-22,2024-10-25,2024-10-23,7.49,2024-10-22T02:16:55,2025-08-14T03:00:24
SHP00010126,ORD00010126,USPS,2025-02-21,2025-02-23,,7.88,2025-02-21T10:24:21,2025-03-22T11:11:52
SHP00010128,ORD00010128,DHL,2024-05-20,2024-05-23,2024-05-23,13.43,2024-05-20T05:05:54,2025-08-29T12:34:09
SHP00010129,ORD00010129,FedEx,2024-11-21,2024-11-25,2024-11-26,37.78,2024-11-21T09:32:47,2024-12-21T08:21:20
SHP00010133,ORD00010133,DHL,2024-12-11,2024-12-13,2024-12-15,12.6,2024-12-11T00:54:12,2025-09-05T04:27:33
SHP00010134,ORD00010134,XPO,2024-07-08,2024-07-14,2024-07-09,13.5,2024-07-08T13:37:59,2024-08-13T12:56:58
SHP00010137,ORD00010137,UPS,2025-09-28,2025-10-02,,4.13,2025-09-28T08:48:49,2026-01-01T01:58:43
SHP00010138,ORD00010138,OnTrac,2024-06-28,2024-06-30,2024-07-01,28.86,2024-06-28T01:51:57,2025-12-04T12:01:54
SHP00010139,ORD00010139,XPO,2025-05-03,2025-05-06,2025-05-08,23.6,2025-05-03T03:08:43,2026-02-17T07:57:12
SHP00010140,ORD00010140,UPS,2024-07-07,2024-07-12,,24.64,2024-07-07T17:04:08,2025-01-03T07:34:19
SHP00010141,ORD00010141,UPS,2024-01-22,2024-01-26,,29.52,2024-01-22T17:16:50,2024-05-29T14:29:09
SHP00010147,ORD00010147,XPO,2026-02-16,2026-02-18,,30.95,2026-02-16T16:41:11,2026-02-19T00:24:40
SHP00010148,ORD00010148,UPS,2026-01-19,2026-01-23,2026-01-25,16.38,2026-01-19T19:40:21,2026-01-30T10:29:00
SHP00010149,ORD00010149,FedEx,2024-01-17,2024-01-22,,9.76,2024-01-17T18:08:46,2025-05-07T00:48:10
SHP00010150,ORD00010150,OnTrac,2025-09-02,2025-09-07,,24.17,2025-09-02T05:58:50,2026-02-07T03:47:40
SHP00010151,ORD00010151,XPO,2025-09-24,2025-09-29,2025-09-26,26.44,2025-09-24T00:50:43,2025-11-26T08:29:04
SHP00010152,ORD00010152,XPO,2024-11-02,2024-11-05,,29.72,2024-11-02T04:59:27,2025-04-08T16:12:52
SHP00010153,ORD00010153,UPS,2025-12-09,2025-12-11,2025-12-15,11.65,2025-12-09T11:03:05,2026-02-24T02:39:28
SHP00010156,ORD00010156,USPS,2025-11-21,2025-11-27,,39.58,2025-11-21T21:08:45,2026-01-24T07:06:16
SHP00010157,ORD00010157,USPS,2024-11-27,2024-11-29,,24.46,2024-11-27T16:28:00,2025-01-04T19:29:19
SHP00010159,ORD00010159,XPO,2024-06-24,2024-06-27,2024-07-01,29.9,2024-06-24T00:44:26,2026-01-06T08:06:25
SHP00010161,ORD00010161,USPS,2026-01-26,2026-01-29,2026-01-27,9.75,2026-01-26T15:26:24,2026-01-26T05:38:46
SHP00010163,ORD00010163,FedEx,2025-03-24,2025-03-30,2025-03-27,29.5,2025-03-24T20:40:39,2025-04-13T05:39:50
SHP00010164,ORD00010164,USPS,2025-04-21,2025-04-27,2025-04-23,4.31,2025-04-21T15:35:01,2025-12-28T08:24:41
SHP00010166,ORD00010166,USPS,2024-08-05,2024-08-09,2024-08-08,24.79,2024-08-05T20:25:42,2025-09-13T10:53:03
SHP00010167,ORD00010167,OnTrac,2025-12-13,2025-12-15,2025-12-16,20.39,2025-12-13T11:59:29,2026-02-11T21:15:47
SHP00010168,ORD00010168,UPS,2024-07-13,2024-07-16,2024-07-19,29.02,2024-07-13T21:38:14,2025-01-15T03:05:44
SHP00010169,ORD00010169,OnTrac,2024-11-18,2024-11-23,2024-11-21,28.88,2024-11-18T02:54:58,2025-04-26T01:38:09
SHP00010171,ORD00010171,OnTrac,2024-05-10,2024-05-16,,6.69,2024-05-10T13:49:16,2025-07-22T15:16:18
SHP00010173,ORD00010173,UPS,2025-02-09,2025-02-15,,21.25,2025-02-09T15:28:33,2025-11-02T06:25:20
SHP00010174,ORD00010174,FedEx,2024-03-26,2024-03-31,,20.32,2024-03-26T17:26:59,2024-12-31T16:40:49
SHP00010175,ORD00010175,FedEx,2024-09-14,2024-09-18,,13.29,2024-09-14T13:36:17,2025-02-13T03:10:07
SHP00010178,ORD00010178,DHL,2024-01-26,2024-01-31,,13.03,2024-01-26T02:44:23,2025-06-17T09:47:46
SHP00010179,ORD00010179,FedEx,2025-08-25,2025-08-28,,27.2,2025-08-25T16:30:13,2026-03-01T06:16:10
SHP00010181,ORD00010181,DHL,2024-04-04,2024-04-08,2024-04-08,22.26,2024-04-04T14:41:45,2024-05-08T15:30:52
SHP00010182,ORD00010182,FedEx,2024-01-21,2024-01-24,2024-01-28,12.39,2024-01-21T19:21:00,2025-08-24T08:00:07
SHP00010183,ORD00010183,UPS,2024-03-06,2024-03-11,,10.26,2024-03-06T16:31:50,2024-12-27T00:11:57
SHP00010185,ORD00010185,XPO,2024-03-24,2024-03-28,2024-03-26,4.73,2024-03-24T22:13:57,2025-04-24T10:47:40
SHP00010187,ORD00010187,DHL,2024-10-28,2024-11-03,,17.42,2024-10-28T11:19:34,2025-02-27T11:12:18
SHP00010189,ORD00010189,XPO,2024-12-20,2024-12-23,2024-12-26,17.04,2024-12-20T19:10:17,2025-03-21T02:43:21
SHP00010190,ORD00010190,XPO,2025-05-23,2025-05-26,,31.74,2025-05-23T14:16:20,2025-12-05T10:09:41
SHP00010192,ORD00010192,UPS,2024-06-23,2024-06-29,2024-06-28,30.17,2024-06-23T18:03:56,2025-07-19T10:21:55
SHP00010195,ORD00010195,USPS,2025-06-20,2025-06-26,2025-06-27,28.56,2025-06-20T14:07:20,2025-10-04T16:07:51
SHP00010196,ORD00010196,XPO,2025-07-08,2025-07-11,2025-07-15,9.0,2025-07-08T23:13:55,2025-07-08T09:00:58
SHP00010198,ORD00010198,UPS,2026-02-26,2026-02-28,,13.79,2026-02-26T01:43:51,2026-02-26T21:28:57
SHP00010202,ORD00010202,XPO,2025-01-31,2025-02-05,,32.4,2025-01-31T01:12:29,2025-12-20T17:13:27
SHP00010203,ORD00010203,OnTrac,2025-01-14,2025-01-16,2025-01-21,10.72,2025-01-14T05:15:55,2026-01-15T19:19:47
SHP00010204,ORD00010204,USPS,2025-04-30,2025-05-04,2025-05-06,30.27,2025-04-30T07:05:38,2025-06-18T10:07:54
SHP00010207,ORD00010207,USPS,2025-08-23,2025-08-27,,11.32,2025-08-23T00:01:09,2026-02-07T03:57:24
SHP00010208,ORD00010208,UPS,2024-05-01,2024-05-04,,19.8,2024-05-01T12:41:10,2025-02-11T06:02:03
SHP00010210,ORD00010210,FedEx,2026-01-27,2026-02-02,2026-02-03,14.75,2026-01-27T21:29:55,2026-02-15T07:15:27
SHP00010212,ORD00010212,XPO,2025-01-08,2025-01-13,2025-01-09,6.55,2025-01-08T14:18:39,2025-11-13T20:26:34
SHP00010214,ORD00010214,OnTrac,2026-01-21,2026-01-27,,9.39,2026-01-21T05:10:50,2026-02-03T03:54:01
SHP00010216,ORD00010216,USPS,2025-11-22,2025-11-26,2025-11-23,29.79,2025-11-22T12:42:15,2026-02-15T07:55:27
SHP00010218,ORD00010218,XPO,2024-08-17,2024-08-21,2024-08-19,33.57,2024-08-17T02:44:32,2025-07-19T12:37:45
SHP00010219,ORD00010219,UPS,2024-12-19,2024-12-22,,36.67,2024-12-19T07:44:23,2025-08-31T18:15:22
SHP00010220,ORD00010220,FedEx,2024-05-10,2024-05-13,2024-05-16,37.12,2024-05-10T08:47:12,2024-09-16T08:51:44
SHP00010222,ORD00010222,FedEx,2025-11-27,2025-12-02,,33.97,2025-11-27T15:44:11,2025-12-05T09:52:57
SHP00010223,ORD00010223,UPS,2024-11-06,2024-11-12,2024-11-07,39.84,2024-11-06T11:42:52,2025-07-27T03:56:57
SHP00010224,ORD00010224,DHL,2025-10-07,2025-10-13,,7.83,2025-10-07T15:04:10,2025-10-10T11:27:20
SHP00010225,ORD00010225,USPS,2025-12-17,2025-12-22,2025-12-19,9.69,2025-12-17T05:27:43,2026-02-17T17:09:33
SHP00010226,ORD00010226,FedEx,2024-06-21,2024-06-25,2024-06-27,19.67,2024-06-21T21:44:53,2025-04-25T05:39:08
SHP00010228,ORD00010228,XPO,2025-01-23,2025-01-26,,16.2,2025-01-23T21:10:36,2025-04-10T19:13:31
SHP00010230,ORD00010230,DHL,2025-09-01,2025-09-05,2025-09-02,9.81,2025-09-01T12:01:24,2025-12-10T12:48:00
SHP00010232,ORD00010232,XPO,2024-12-24,2024-12-28,,32.04,2024-12-24T00:57:27,2025-03-18T08:46:52
SHP00010233,ORD00010233,FedEx,2025-01-07,2025-01-09,2025-01-14,14.3,2025-01-07T23:36:56,2025-07-22T09:57:56
SHP00010234,ORD00010234,OnTrac,2024-12-22,2024-12-24,2024-12-27,39.37,2024-12-22T08:00:57,2025-11-26T23:15:43
SHP00010236,ORD00010236,OnTrac,2024-09-13,2024-09-18,2024-09-20,12.84,2024-09-13T20:38:48,2025-06-14T13:00:30
SHP00010237,ORD00010237,XPO,2025-04-23,2025-04-26,2025-04-28,12.91,2025-04-23T15:39:37,2025-05-19T17:42:02
SHP00010239,ORD00010239,DHL,2024-03-29,2024-03-31,,37.98,2024-03-29T00:43:25,2025-08-08T19:20:48
SHP00010240,ORD00010240,XPO,2024-02-29,2024-03-04,,23.16,2024-02-29T20:01:17,2024-10-04T13:11:35
SHP00010243,ORD00010243,XPO,2024-06-26,2024-06-28,2024-06-29,7.98,2024-06-26T03:55:21,2026-02-15T21:09:55
SHP00010246,ORD00010246,DHL,2025-03-12,2025-03-15,2025-03-19,32.98,2025-03-12T04:47:03,2025-08-24T21:11:05
SHP00010247,ORD00010247,OnTrac,2024-04-16,2024-04-19,2024-04-19,23.42,2024-04-16T21:27:50,2025-02-03T20:17:54
SHP00010248,ORD00010248,USPS,2026-01-07,2026-01-10,2026-01-09,38.84,2026-01-07T10:47:09,2026-02-04T11:46:33
SHP00010250,ORD00010250,DHL,2025-04-14,2025-04-19,2025-04-17,9.61,2025-04-14T03:44:58,2025-07-21T19:42:32
SHP00010252,ORD00010252,FedEx,2025-05-15,2025-05-18,2025-05-18,23.2,2025-05-15T01:10:46,2025-12-22T21:08:50
SHP00010253,ORD00010253,USPS,2025-10-04,2025-10-07,,26.16,2025-10-04T17:22:33,2025-10-30T11:09:08
SHP00010254,ORD00010254,UPS,2024-01-14,2024-01-16,2024-01-19,17.59,2024-01-14T11:36:02,2024-03-23T15:55:15
SHP00010255,ORD00010255,DHL,2024-04-20,2024-04-26,2024-04-26,15.66,2024-04-20T21:30:35,2025-03-02T01:56:01
SHP00010257,ORD00010257,UPS,2024-11-27,2024-12-01,2024-12-03,27.49,2024-11-27T22:52:38,2025-11-11T17:47:35
SHP00010265,ORD00010265,UPS,2025-03-08,2025-03-13,2025-03-14,9.9,2025-03-08T23:53:16,2026-01-28T17:51:34
SHP00010266,ORD00010266,OnTrac,2024-05-27,2024-05-30,2024-06-01,34.61,2024-05-27T18:43:10,2024-11-30T04:32:15
SHP00010267,ORD00010267,FedEx,2024-11-18,2024-11-23,2024-11-20,13.55,2024-11-18T10:46:06,2025-11-09T10:26:08
SHP00010270,ORD00010270,XPO,2024-12-07,2024-12-09,2024-12-14,29.52,2024-12-07T23:59:13,2025-12-14T07:52:16
SHP00010272,ORD00010272,UPS,2025-12-21,2025-12-27,2025-12-22,35.61,2025-12-21T14:31:12,2026-01-07T04:27:41
SHP00010274,ORD00010274,FedEx,2026-02-19,2026-02-25,2026-02-25,25.11,2026-02-19T06:37:40,2026-02-24T05:50:28
SHP00010276,ORD00010276,OnTrac,2024-11-02,2024-11-04,2024-11-09,5.84,2024-11-02T13:21:55,2025-05-12T22:29:34
SHP00010277,ORD00010277,OnTrac,2025-07-22,2025-07-25,2025-07-23,18.75,2025-07-22T11:11:46,2026-02-05T08:55:07
SHP00010278,ORD00010278,XPO,2024-03-21,2024-03-25,,18.98,2024-03-21T02:39:59,2024-10-04T17:38:30
SHP00010279,ORD00010279,USPS,2024-11-28,2024-12-04,2024-12-04,33.17,2024-11-28T07:40:10,2025-10-12T23:51:46
SHP00010281,ORD00010281,USPS,2025-01-31,2025-02-06,2025-02-07,9.74,2025-01-31T06:24:05,2025-03-22T15:38:55
SHP00010282,ORD00010282,UPS,2025-12-07,2025-12-11,,38.86,2025-12-07T13:36:16,2026-01-20T08:36:41
SHP00010285,ORD00010285,USPS,2024-02-10,2024-02-16,,28.73,2024-02-10T10:08:17,2025-10-03T08:16:41
SHP00010286,ORD00010286,USPS,2024-06-06,2024-06-09,2024-06-13,19.4,2024-06-06T23:00:56,2025-09-02T21:30:50
SHP00010287,ORD00010287,DHL,2025-05-13,2025-05-19,,26.99,2025-05-13T00:30:28,2025-09-28T12:34:29
SHP00010288,ORD00010288,FedEx,2025-10-04,2025-10-09,2025-10-08,34.82,2025-10-04T09:36:06,2025-11-27T10:05:04
SHP00010289,ORD00010289,UPS,2024-07-17,2024-07-21,2024-07-18,29.54,2024-07-17T19:34:58,2024-12-14T18:58:25
SHP00010290,ORD00010290,OnTrac,2025-09-23,2025-09-27,2025-09-25,23.05,2025-09-23T11:32:38,2026-01-26T17:32:05
SHP00010291,ORD00010291,DHL,2024-07-23,2024-07-28,,33.92,2024-07-23T19:10:26,2024-10-12T13:42:16
SHP00010292,ORD00010292,FedEx,2025-03-12,2025-03-18,,18.07,2025-03-12T18:45:39,2025-09-20T08:42:13
SHP00010293,ORD00010293,UPS,2024-09-17,2024-09-21,2024-09-18,5.44,2024-09-17T15:15:26,2025-10-05T19:14:40
SHP00010295,ORD00010295,DHL,2024-10-17,2024-10-20,2024-10-23,35.41,2024-10-17T10:28:46,2025-02-24T17:46:18
SHP00010296,ORD00010296,DHL,2025-08-24,2025-08-30,,27.74,2025-08-24T08:36:33,2025-12-20T20:16:32
SHP00010297,ORD00010297,USPS,2025-05-16,2025-05-21,2025-05-21,14.16,2025-05-16T09:53:55,2025-10-23T06:38:23
SHP00010299,ORD00010299,UPS,2026-01-09,2026-01-11,2026-01-15,34.93,2026-01-09T04:20:19,2026-02-15T22:05:59
SHP00010301,ORD00010301,XPO,2024-07-03,2024-07-09,2024-07-06,18.88,2024-07-03T03:12:56,2025-11-06T07:15:00
SHP00010303,ORD00010303,FedEx,2026-02-22,2026-02-26,,38.15,2026-02-22T09:40:24,2026-02-28T17:24:10
SHP00010306,ORD00010306,XPO,2024-08-08,2024-08-13,,11.53,2024-08-08T02:54:43,2025-08-03T22:06:27
SHP00010307,ORD00010307,FedEx,2024-01-09,2024-01-13,2024-01-16,22.0,2024-01-09T08:10:17,2025-02-08T03:41:28
SHP00010308,ORD00010308,UPS,2025-11-07,2025-11-13,,21.36,2025-11-07T08:35:57,2026-01-03T04:06:51
SHP00010310,ORD00010310,DHL,2025-02-10,2025-02-13,2025-02-12,28.55,2025-02-10T11:20:13,2025-06-06T02:59:41
SHP00010311,ORD00010311,UPS,2024-10-15,2024-10-17,,15.23,2024-10-15T21:19:18,2025-04-02T20:54:49
SHP00010312,ORD00010312,UPS,2024-04-01,2024-04-04,2024-04-04,10.92,2024-04-01T16:47:26,2024-08-07T11:00:02
SHP00010314,ORD00010314,DHL,2024-09-14,2024-09-17,2024-09-17,16.66,2024-09-14T03:06:49,2025-06-11T16:50:50
SHP00010317,ORD00010317,UPS,2024-04-07,2024-04-10,2024-04-08,17.11,2024-04-07T10:40:55,2024-06-28T14:37:57
SHP00010318,ORD00010318,XPO,2026-01-09,2026-01-11,2026-01-11,8.61,2026-01-09T14:08:38,2026-01-26T22:35:39
SHP00010319,ORD00010319,UPS,2024-08-14,2024-08-20,,6.99,2024-08-14T00:21:53,2026-02-24T04:43:38
SHP00010320,ORD00010320,UPS,2024-05-01,2024-05-06,,11.32,2024-05-01T20:53:55,2026-02-11T06:57:44
SHP00010321,ORD00010321,XPO,2024-10-28,2024-11-03,,12.08,2024-10-28T03:13:40,2025-09-24T19:11:42
SHP00010323,ORD00010323,XPO,2024-09-28,2024-10-04,2024-10-01,9.57,2024-09-28T14:45:45,2024-12-10T01:28:05
SHP00010324,ORD00010324,XPO,2025-07-21,2025-07-27,2025-07-27,11.66,2025-07-21T11:30:22,2026-01-01T10:20:35
SHP00010325,ORD00010325,FedEx,2024-05-17,2024-05-21,,11.08,2024-05-17T23:31:14,2026-02-05T11:22:07
SHP00010326,ORD00010326,FedEx,2025-11-13,2025-11-19,2025-11-17,38.8,2025-11-13T16:22:12,2026-03-01T11:59:35
SHP00010327,ORD00010327,UPS,2025-05-31,2025-06-02,2025-06-05,5.81,2025-05-31T04:44:12,2025-08-17T20:58:47
SHP00010328,ORD00010328,USPS,2025-12-08,2025-12-14,,30.98,2025-12-08T20:16:10,2025-12-08T14:43:44
SHP00010329,ORD00010329,DHL,2025-09-04,2025-09-07,2025-09-11,9.09,2025-09-04T01:06:05,2025-10-21T13:42:10
SHP00010331,ORD00010331,OnTrac,2025-08-27,2025-08-31,2025-09-03,15.02,2025-08-27T05:08:25,2025-08-31T14:06:07
SHP00010332,ORD00010332,DHL,2025-04-04,2025-04-09,,8.99,2025-04-04T14:08:59,2025-11-03T14:32:36
SHP00010334,ORD00010334,USPS,2025-08-10,2025-08-13,2025-08-17,17.97,2025-08-10T03:21:20,2025-11-30T22:03:16
SHP00010335,ORD00010335,FedEx,2024-06-11,2024-06-17,,37.87,2024-06-11T10:00:26,2024-09-03T04:56:33
SHP00010336,ORD00010336,FedEx,2025-09-29,2025-10-04,2025-10-05,20.54,2025-09-29T15:30:39,2025-12-07T13:01:42
SHP00010337,ORD00010337,XPO,2025-11-30,2025-12-05,2025-12-07,8.39,2025-11-30T22:55:40,2025-12-09T23:00:06
SHP00010341,ORD00010341,FedEx,2025-08-22,2025-08-24,,19.87,2025-08-22T10:45:36,2025-12-20T19:57:25
SHP00010342,ORD00010342,OnTrac,2024-01-16,2024-01-22,2024-01-19,30.64,2024-01-16T13:26:42,2024-02-28T12:39:19
SHP00010343,ORD00010343,FedEx,2025-02-04,2025-02-09,2025-02-07,4.9,2025-02-04T23:25:54,2026-01-05T13:28:57
SHP00010346,ORD00010346,UPS,2024-06-28,2024-07-02,,38.96,2024-06-28T13:56:42,2024-10-18T20:52:41
SHP00010347,ORD00010347,OnTrac,2024-07-11,2024-07-17,,11.73,2024-07-11T23:01:32,2025-09-20T20:27:09
SHP00010349,ORD00010349,UPS,2025-02-20,2025-02-22,,19.3,2025-02-20T15:45:06,2025-10-25T16:17:26
SHP00010350,ORD00010350,OnTrac,2025-02-25,2025-03-01,,26.76,2025-02-25T10:34:44,2025-12-01T08:49:19
SHP00010352,ORD00010352,DHL,2024-04-16,2024-04-22,2024-04-23,35.45,2024-04-16T15:38:28,2024-07-02T18:28:35
SHP00010353,ORD00010353,USPS,2025-04-16,2025-04-18,,7.49,2025-04-16T14:24:27,2026-01-18T18:15:53
SHP00010354,ORD00010354,FedEx,2025-03-05,2025-03-10,,35.43,2025-03-05T15:31:11,2025-09-18T11:06:55
SHP00010355,ORD00010355,XPO,2024-12-28,2024-12-30,,31.87,2024-12-28T12:11:10,2025-05-20T16:39:50
SHP00010358,ORD00010358,FedEx,2024-11-21,2024-11-25,2024-11-24,13.41,2024-11-21T21:53:06,2025-05-28T06:16:54
SHP00010359,ORD00010359,USPS,2024-04-10,2024-04-12,2024-04-15,29.72,2024-04-10T20:01:53,2025-10-17T01:42:31
SHP00010361,ORD00010361,OnTrac,2025-04-05,2025-04-10,2025-04-08,34.3,2025-04-05T00:42:57,2025-06-29T12:03:56
SHP00010362,ORD00010362,OnTrac,2024-06-20,2024-06-26,,21.96,2024-06-20T13:37:47,2025-05-11T04:11:14
SHP00010363,ORD00010363,USPS,2025-09-18,2025-09-23,,12.53,2025-09-18T15:05:10,2025-10-22T02:37:29
SHP00010364,ORD00010364,FedEx,2025-06-30,2025-07-02,2025-07-06,29.36,2025-06-30T07:36:21,2025-12-06T19:34:27
SHP00010366,ORD00010366,OnTrac,2024-10-25,2024-10-28,,7.92,2024-10-25T19:51:23,2024-11-01T19:01:57
SHP00010367,ORD00010367,FedEx,2024-02-08,2024-02-10,,8.58,2024-02-08T06:45:17,2025-10-16T08:53:22
SHP00010368,ORD00010368,FedEx,2026-02-13,2026-02-16,2026-02-14,33.08,2026-02-13T22:17:32,2026-02-17T08:22:32
SHP00010373,ORD00010373,FedEx,2024-10-29,2024-11-02,2024-11-03,20.56,2024-10-29T22:28:21,2026-02-06T03:59:09
SHP00010375,ORD00010375,DHL,2025-06-17,2025-06-23,,8.42,2025-06-17T07:09:30,2025-08-13T14:28:18
SHP00010378,ORD00010378,FedEx,2024-10-26,2024-10-31,2024-10-28,13.51,2024-10-26T02:34:45,2026-02-01T13:24:46
SHP00010379,ORD00010379,OnTrac,2024-04-19,2024-04-22,,11.61,2024-04-19T14:34:34,2024-09-06T10:50:38
SHP00010380,ORD00010380,OnTrac,2025-09-30,2025-10-03,,39.05,2025-09-30T04:27:03,2026-02-01T01:08:55
SHP00010381,ORD00010381,FedEx,2025-07-14,2025-07-16,2025-07-17,7.62,2025-07-14T23:19:37,2025-12-03T02:18:26
SHP00010383,ORD00010383,FedEx,2024-06-09,2024-06-14,2024-06-13,10.19,2024-06-09T21:12:48,2025-10-16T04:05:35
SHP00010384,ORD00010384,USPS,2024-08-01,2024-08-06,,35.85,2024-08-01T02:57:09,2025-09-11T18:18:23
SHP00010385,ORD00010385,USPS,2025-02-23,2025-02-28,2025-02-26,7.74,2025-02-23T12:01:11,2025-06-02T20:49:54
SHP00010386,ORD00010386,OnTrac,2025-12-23,2025-12-29,,18.97,2025-12-23T17:59:03,2026-01-07T16:02:32
SHP00010389,ORD00010389,OnTrac,2024-10-15,2024-10-21,2024-10-18,32.9,2024-10-15T20:16:37,2025-11-27T00:59:48
SHP00010390,ORD00010390,FedEx,2024-08-05,2024-08-09,2024-08-12,34.05,2024-08-05T01:30:42,2025-11-05T10:55:44
SHP00010393,ORD00010393,XPO,2025-03-14,2025-03-17,2025-03-19,5.59,2025-03-14T13:43:30,2025-10-28T01:39:37
SHP00010395,ORD00010395,XPO,2024-02-13,2024-02-15,2024-02-14,31.48,2024-02-13T07:09:04,2024-03-26T00:25:26
SHP00010400,ORD00010400,UPS,2024-11-20,2024-11-23,2024-11-21,14.17,2024-11-20T21:36:59,2025-04-09T17:41:52
SHP00010401,ORD00010401,DHL,2025-05-12,2025-05-14,,26.47,2025-05-12T05:20:10,2025-08-30T07:02:10
SHP00010402,ORD00010402,FedEx,2024-05-07,2024-05-11,2024-05-14,7.32,2024-05-07T03:54:10,2024-09-17T14:35:01
SHP00010404,ORD00010404,UPS,2024-03-18,2024-03-20,2024-03-24,38.07,2024-03-18T16:28:43,2025-12-25T04:45:01
SHP00010405,ORD00010405,USPS,2025-03-25,2025-03-30,2025-03-31,21.87,2025-03-25T01:36:31,2025-05-11T04:02:29
SHP00010409,ORD00010409,DHL,2025-10-26,2025-10-28,,19.12,2025-10-26T13:55:02,2026-02-22T23:48:10
SHP00010410,ORD00010410,OnTrac,2024-08-09,2024-08-13,2024-08-15,28.96,2024-08-09T20:30:50,2025-10-16T23:23:06
SHP00010411,ORD00010411,UPS,2024-08-24,2024-08-27,2024-08-30,37.82,2024-08-24T09:53:11,2025-01-30T18:34:54
SHP00010412,ORD00010412,OnTrac,2025-02-20,2025-02-22,,11.9,2025-02-20T13:39:24,2025-05-01T00:45:57
SHP00010414,ORD00010414,DHL,2025-08-19,2025-08-22,,39.01,2025-08-19T09:42:53,2025-12-09T20:18:53
SHP00010415,ORD00010415,USPS,2026-01-31,2026-02-03,,10.16,2026-01-31T12:21:59,2026-02-27T19:33:31
SHP00010416,ORD00010416,XPO,2024-07-27,2024-07-30,2024-08-03,24.59,2024-07-27T15:16:22,2026-01-15T09:17:38
SHP00010417,ORD00010417,DHL,2025-04-22,2025-04-24,2025-04-29,27.43,2025-04-22T22:11:40,2025-05-17T13:45:06
SHP00010418,ORD00010418,USPS,2025-05-20,2025-05-25,,37.92,2025-05-20T11:24:13,2025-07-22T04:06:19
SHP00010419,ORD00010419,UPS,2024-07-23,2024-07-28,2024-07-30,19.95,2024-07-23T05:10:33,2025-05-05T04:09:52
SHP00010422,ORD00010422,FedEx,2024-10-13,2024-10-15,2024-10-17,13.62,2024-10-13T22:33:12,2025-05-24T23:31:51
SHP00010425,ORD00010425,OnTrac,2025-03-03,2025-03-07,,20.64,2025-03-03T06:44:15,2026-02-05T05:49:52
SHP00010427,ORD00010427,DHL,2024-08-15,2024-08-19,,33.85,2024-08-15T00:09:43,2025-01-08T15:35:25
SHP00010428,ORD00010428,XPO,2024-07-11,2024-07-17,2024-07-18,22.29,2024-07-11T07:21:56,2024-10-30T18:48:50
SHP00010430,ORD00010430,XPO,2024-03-16,2024-03-20,,20.31,2024-03-16T01:50:22,2025-08-03T21:00:00
SHP00010431,ORD00010431,XPO,2024-06-29,2024-07-03,2024-07-04,18.85,2024-06-29T00:26:10,2025-09-17T12:18:16
SHP00010432,ORD00010432,XPO,2025-03-16,2025-03-18,,30.68,2025-03-16T08:23:23,2025-08-25T06:08:54
SHP00010435,ORD00010435,FedEx,2024-05-30,2024-06-04,,33.76,2024-05-30T17:51:29,2024-12-18T17:56:44
SHP00010439,ORD00010439,USPS,2025-06-27,2025-07-01,2025-07-03,15.52,2025-06-27T00:29:25,2025-12-29T08:31:41
SHP00010441,ORD00010441,USPS,2024-01-06,2024-01-08,,6.29,2024-01-06T19:12:42,2025-06-13T21:45:39
SHP00010442,ORD00010442,DHL,2024-06-18,2024-06-23,2024-06-23,38.48,2024-06-18T03:48:41,2025-02-24T17:26:43
SHP00010446,ORD00010446,UPS,2025-07-05,2025-07-07,2025-07-10,4.96,2025-07-05T15:11:41,2025-08-10T02:34:33
SHP00010449,ORD00010449,OnTrac,2024-02-22,2024-02-28,,18.01,2024-02-22T01:45:04,2025-07-09T08:07:23
SHP00010450,ORD00010450,USPS,2024-07-29,2024-08-04,2024-08-02,33.03,2024-07-29T23:38:28,2026-01-31T05:32:41
SHP00010451,ORD00010451,OnTrac,2025-06-26,2025-07-01,2025-07-03,18.46,2025-06-26T23:26:35,2025-12-29T09:37:44
SHP00010452,ORD00010452,OnTrac,2024-08-27,2024-08-30,2024-08-31,38.88,2024-08-27T14:47:18,2025-12-23T02:56:49
SHP00010453,ORD00010453,FedEx,2024-05-04,2024-05-07,2024-05-05,32.76,2024-05-04T23:50:59,2024-11-22T11:36:09
SHP00010457,ORD00010457,USPS,2024-12-09,2024-12-13,2024-12-15,28.37,2024-12-09T13:19:08,2025-11-18T20:46:56
SHP00010458,ORD00010458,DHL,2026-01-07,2026-01-13,2026-01-13,37.8,2026-01-07T05:40:05,2026-01-30T03:13:31
SHP00010461,ORD00010461,XPO,2025-10-29,2025-10-31,,38.89,2025-10-29T21:44:17,2026-02-09T23:05:02
SHP00010463,ORD00010463,FedEx,2025-02-08,2025-02-11,2025-02-14,36.39,2025-02-08T16:47:58,2025-09-06T04:00:15
SHP00010464,ORD00010464,UPS,2024-06-08,2024-06-10,2024-06-11,25.46,2024-06-08T16:14:32,2025-07-12T18:29:53
SHP00010466,ORD00010466,XPO,2024-06-03,2024-06-08,2024-06-06,7.32,2024-06-03T14:45:39,2025-05-28T01:15:33
SHP00010468,ORD00010468,USPS,2024-07-06,2024-07-12,2024-07-10,31.28,2024-07-06T23:06:33,2024-07-27T22:22:46
SHP00010469,ORD00010469,OnTrac,2024-02-08,2024-02-13,,14.01,2024-02-08T08:29:00,2025-04-13T08:09:59
SHP00010470,ORD00010470,FedEx,2024-02-03,2024-02-07,2024-02-09,35.81,2024-02-03T14:55:15,2024-09-02T02:44:41
SHP00010471,ORD00010471,UPS,2024-11-14,2024-11-19,,8.81,2024-11-14T10:10:33,2025-03-24T01:33:22
SHP00010472,ORD00010472,DHL,2025-05-23,2025-05-29,2025-05-25,15.12,2025-05-23T19:22:38,2025-09-10T07:41:40
SHP00010473,ORD00010473,XPO,2024-10-17,2024-10-19,2024-10-19,11.35,2024-10-17T06:02:55,2025-06-30T21:52:35
SHP00010475,ORD00010475,USPS,2025-06-10,2025-06-15,,13.63,2025-06-10T21:22:06,2026-02-28T07:03:11
SHP00010480,ORD00010480,UPS,2025-04-22,2025-04-27,,28.31,2025-04-22T14:59:39,2025-12-11T01:11:31
SHP00010484,ORD00010484,USPS,2024-05-14,2024-05-19,2024-05-16,10.42,2024-05-14T14:49:05,2024-10-01T04:09:56
SHP00010486,ORD00010486,OnTrac,2024-10-29,2024-11-02,2024-10-31,21.71,2024-10-29T17:50:05,2026-02-21T00:20:17
SHP00010490,ORD00010490,OnTrac,2025-08-07,2025-08-13,2025-08-10,28.02,2025-08-07T13:57:09,2025-09-16T22:59:39
SHP00010491,ORD00010491,UPS,2024-10-19,2024-10-24,2024-10-24,18.23,2024-10-19T00:40:14,2025-12-10T16:05:01
SHP00010492,ORD00010492,FedEx,2024-07-08,2024-07-13,2024-07-11,10.83,2024-07-08T17:58:21,2026-02-20T05:44:48
SHP00010493,ORD00010493,OnTrac,2025-03-07,2025-03-09,2025-03-12,37.51,2025-03-07T08:20:54,2025-11-15T11:49:48
SHP00010495,ORD00010495,OnTrac,2025-09-29,2025-10-02,,27.04,2025-09-29T10:50:31,2026-02-07T05:22:43
SHP00010496,ORD00010496,UPS,2024-03-15,2024-03-21,2024-03-20,26.34,2024-03-15T06:43:14,2024-03-23T19:12:17
SHP00010497,ORD00010497,UPS,2024-12-14,2024-12-16,2024-12-18,11.22,2024-12-14T06:20:23,2025-06-19T16:31:27
SHP00010498,ORD00010498,FedEx,2024-09-23,2024-09-25,,17.33,2024-09-23T08:54:49,2025-05-24T23:46:02
SHP00010499,ORD00010499,XPO,2024-06-20,2024-06-24,2024-06-26,10.91,2024-06-20T14:46:38,2025-03-03T21:42:43
SHP00010501,ORD00010501,XPO,2025-10-22,2025-10-26,,37.8,2025-10-22T10:36:17,2026-02-25T11:33:29
SHP00010502,ORD00010502,UPS,2024-04-27,2024-05-02,2024-05-02,6.85,2024-04-27T01:00:23,2025-01-24T15:32:49
SHP00010506,ORD00010506,XPO,2024-07-17,2024-07-22,,30.67,2024-07-17T19:10:42,2025-06-05T20:09:21
SHP00010508,ORD00010508,XPO,2024-09-23,2024-09-28,,22.1,2024-09-23T20:05:17,2025-11-24T04:22:44
SHP00010509,ORD00010509,FedEx,2025-07-18,2025-07-23,2025-07-23,7.07,2025-07-18T01:52:20,2025-12-28T15:06:44
SHP00010510,ORD00010510,OnTrac,2024-07-15,2024-07-17,2024-07-17,7.76,2024-07-15T19:51:13,2025-09-23T04:54:17
SHP00010511,ORD00010511,DHL,2025-08-16,2025-08-20,2025-08-17,36.91,2025-08-16T22:31:24,2025-12-23T15:13:20
SHP00010513,ORD00010513,DHL,2025-04-05,2025-04-11,2025-04-09,32.07,2025-04-05T04:08:14,2025-11-25T23:51:40
SHP00010516,ORD00010516,UPS,2024-07-07,2024-07-11,2024-07-08,9.98,2024-07-07T21:26:24,2026-02-20T06:02:14
SHP00010519,ORD00010519,DHL,2025-03-24,2025-03-29,,15.25,2025-03-24T23:25:55,2025-11-02T16:11:56
SHP00010520,ORD00010520,XPO,2025-04-16,2025-04-21,2025-04-23,38.42,2025-04-16T14:56:13,2026-01-11T10:26:44
SHP00010521,ORD00010521,USPS,2024-09-10,2024-09-13,2024-09-12,5.88,2024-09-10T22:56:28,2025-05-25T10:35:50
SHP00010522,ORD00010522,FedEx,2024-01-23,2024-01-27,2024-01-28,32.65,2024-01-23T06:03:28,2024-12-24T20:26:21
SHP00010525,ORD00010525,USPS,2024-11-09,2024-11-12,2024-11-14,18.0,2024-11-09T06:14:58,2025-03-25T18:30:01
SHP00010526,ORD00010526,DHL,2025-06-30,2025-07-06,,13.34,2025-06-30T15:11:19,2025-11-24T19:12:28
SHP00010528,ORD00010528,UPS,2025-01-11,2025-01-14,,8.82,2025-01-11T12:44:54,2025-10-11T15:53:03
SHP00010529,ORD00010529,USPS,2024-03-13,2024-03-17,2024-03-19,35.18,2024-03-13T07:48:09,2025-08-17T04:12:35
SHP00010530,ORD00010530,UPS,2024-07-12,2024-07-16,,24.31,2024-07-12T23:32:31,2024-09-13T19:44:23
SHP00010531,ORD00010531,XPO,2024-10-17,2024-10-23,2024-10-19,33.95,2024-10-17T15:48:52,2026-01-27T05:23:31
SHP00010532,ORD00010532,FedEx,2025-03-01,2025-03-03,2025-03-05,27.77,2025-03-01T07:06:07,2026-01-09T14:06:01
SHP00010535,ORD00010535,DHL,2025-07-21,2025-07-25,2025-07-28,6.82,2025-07-21T16:31:21,2026-01-15T02:07:08
SHP00010536,ORD00010536,XPO,2024-08-23,2024-08-29,2024-08-28,10.65,2024-08-23T21:10:23,2025-11-07T15:59:17
SHP00010537,ORD00010537,DHL,2024-02-07,2024-02-09,2024-02-09,9.87,2024-02-07T07:46:47,2024-10-03T16:22:33
SHP00010538,ORD00010538,USPS,2026-02-24,2026-03-02,2026-03-02,8.26,2026-02-24T02:22:50,2026-02-24T02:09:09
SHP00010539,ORD00010539,DHL,2024-02-28,2024-03-03,,14.93,2024-02-28T07:28:11,2026-01-07T07:26:41
SHP00010541,ORD00010541,DHL,2025-08-08,2025-08-14,2025-08-12,5.47,2025-08-08T01:14:14,2025-11-28T07:14:28
SHP00010542,ORD00010542,UPS,2025-10-02,2025-10-07,2025-10-09,25.42,2025-10-02T02:51:03,2026-02-15T04:56:53
SHP00010547,ORD00010547,DHL,2024-02-02,2024-02-06,2024-02-07,13.17,2024-02-02T23:52:40,2024-08-24T02:24:09
SHP00010549,ORD00010549,OnTrac,2024-05-21,2024-05-26,2024-05-22,7.66,2024-05-21T02:56:11,2025-11-19T11:38:26
SHP00010550,ORD00010550,UPS,2025-03-16,2025-03-22,2025-03-23,13.23,2025-03-16T05:09:01,2026-02-21T22:27:45
SHP00010551,ORD00010551,FedEx,2024-03-23,2024-03-25,2024-03-30,38.52,2024-03-23T11:20:42,2026-02-15T13:27:42
SHP00010554,ORD00010554,XPO,2025-04-20,2025-04-25,2025-04-24,12.11,2025-04-20T16:15:34,2025-11-16T00:46:59
SHP00010555,ORD00010555,UPS,2025-04-28,2025-05-01,,29.04,2025-04-28T14:34:14,2025-09-04T06:51:23
SHP00010556,ORD00010556,XPO,2024-09-15,2024-09-20,,20.16,2024-09-15T14:45:19,2025-12-01T05:44:59
SHP00010557,ORD00010557,FedEx,2024-06-17,2024-06-21,2024-06-21,15.0,2024-06-17T01:29:32,2024-09-03T20:33:14
SHP00010560,ORD00010560,FedEx,2024-02-05,2024-02-07,2024-02-07,4.18,2024-02-05T19:46:19,2024-04-16T18:47:45
SHP00010561,ORD00010561,FedEx,2025-02-23,2025-02-26,,25.37,2025-02-23T20:54:07,2026-02-05T16:21:01
SHP00010563,ORD00010563,FedEx,2024-06-11,2024-06-14,2024-06-12,8.69,2024-06-11T16:35:52,2025-04-14T03:01:10
SHP00010566,ORD00010566,USPS,2025-11-13,2025-11-19,,26.49,2025-11-13T10:42:33,2026-01-22T16:31:46
SHP00010567,ORD00010567,DHL,2024-07-27,2024-07-30,2024-07-30,23.06,2024-07-27T21:09:32,2024-09-10T19:20:03
SHP00010569,ORD00010569,USPS,2024-09-03,2024-09-09,2024-09-10,39.9,2024-09-03T17:42:11,2026-02-23T22:43:25
SHP00010571,ORD00010571,OnTrac,2025-12-28,2026-01-02,2026-01-01,36.66,2025-12-28T23:59:37,2026-02-20T08:42:22
SHP00010572,ORD00010572,UPS,2024-09-06,2024-09-08,,20.16,2024-09-06T14:59:03,2025-11-08T03:11:03
SHP00010573,ORD00010573,FedEx,2025-04-03,2025-04-05,2025-04-07,10.38,2025-04-03T09:04:40,2026-02-01T09:35:52
SHP00010574,ORD00010574,UPS,2025-10-07,2025-10-10,2025-10-11,23.51,2025-10-07T14:37:32,2025-12-29T06:18:19
SHP00010576,ORD00010576,OnTrac,2024-07-10,2024-07-14,,20.65,2024-07-10T10:02:41,2024-07-24T18:54:07
SHP00010577,ORD00010577,DHL,2024-01-17,2024-01-20,,35.3,2024-01-17T07:42:14,2024-04-19T08:30:57
SHP00010579,ORD00010579,USPS,2024-05-14,2024-05-17,2024-05-15,18.83,2024-05-14T12:21:56,2024-09-22T06:15:29
SHP00010580,ORD00010580,USPS,2024-08-15,2024-08-19,2024-08-21,15.02,2024-08-15T12:54:53,2025-06-18T06:04:27
SHP00010581,ORD00010581,USPS,2025-05-04,2025-05-10,,35.33,2025-05-04T07:32:41,2025-09-22T12:20:16
SHP00010582,ORD00010582,DHL,2024-02-27,2024-03-02,2024-03-04,8.2,2024-02-27T23:54:26,2026-02-04T03:24:50
SHP00010583,ORD00010583,XPO,2025-03-22,2025-03-26,2025-03-24,20.67,2025-03-22T03:09:12,2025-04-02T15:21:19
SHP00010585,ORD00010585,OnTrac,2026-01-29,2026-02-03,2026-02-04,38.14,2026-01-29T10:21:13,2026-02-09T22:20:40
SHP00010587,ORD00010587,DHL,2024-09-01,2024-09-05,2024-09-07,20.15,2024-09-01T23:48:36,2025-08-28T05:46:56
SHP00010589,ORD00010589,DHL,2026-01-31,2026-02-03,2026-02-03,15.02,2026-01-31T02:10:20,2026-02-21T17:23:11
SHP00010590,ORD00010590,FedEx,2024-03-16,2024-03-18,2024-03-20,7.41,2024-03-16T09:07:33,2024-05-02T18:11:40
SHP00010593,ORD00010593,UPS,2024-01-21,2024-01-25,,12.55,2024-01-21T08:16:56,2026-01-27T11:02:37
SHP00010596,ORD00010596,UPS,2024-03-04,2024-03-07,,9.21,2024-03-04T01:05:58,2026-01-15T15:52:54
SHP00010599,ORD00010599,UPS,2025-10-15,2025-10-20,,37.06,2025-10-15T11:40:00,2026-02-17T18:17:44
SHP00010601,ORD00010601,OnTrac,2024-11-14,2024-11-20,2024-11-15,25.55,2024-11-14T12:47:00,2025-02-04T17:05:13
SHP00010602,ORD00010602,FedEx,2025-10-24,2025-10-26,,20.48,2025-10-24T12:01:48,2026-01-08T23:41:30
SHP00010604,ORD00010604,OnTrac,2025-05-07,2025-05-09,,27.25,2025-05-07T00:06:43,2025-08-14T05:50:37
SHP00010605,ORD00010605,XPO,2024-12-11,2024-12-13,,16.06,2024-12-11T02:32:30,2025-01-22T17:46:41
SHP00010606,ORD00010606,FedEx,2024-08-02,2024-08-05,2024-08-06,10.6,2024-08-02T12:38:36,2025-02-03T19:29:42
SHP00010607,ORD00010607,UPS,2024-03-15,2024-03-17,,14.1,2024-03-15T13:43:01,2025-10-10T18:44:45
SHP00010608,ORD00010608,FedEx,2025-05-19,2025-05-23,2025-05-20,34.89,2025-05-19T03:24:36,2025-09-25T09:56:50
SHP00010610,ORD00010610,DHL,2025-09-23,2025-09-29,2025-09-29,16.7,2025-09-23T01:18:27,2025-10-11T21:18:07
SHP00010613,ORD00010613,USPS,2024-01-28,2024-02-03,2024-02-04,25.0,2024-01-28T15:50:04,2024-08-31T15:19:44
SHP00010615,ORD00010615,USPS,2024-07-13,2024-07-18,2024-07-14,23.68,2024-07-13T21:48:47,2025-08-23T23:26:48
SHP00010616,ORD00010616,FedEx,2025-08-01,2025-08-06,,12.83,2025-08-01T09:20:20,2025-09-08T08:36:38
SHP00010618,ORD00010618,UPS,2024-03-02,2024-03-07,2024-03-05,33.16,2024-03-02T11:01:17,2025-01-01T19:59:46
SHP00010620,ORD00010620,USPS,2025-02-07,2025-02-11,2025-02-08,32.34,2025-02-07T16:07:57,2025-10-18T19:28:15
SHP00010621,ORD00010621,USPS,2024-06-15,2024-06-19,2024-06-22,7.09,2024-06-15T07:13:50,2025-11-10T20:16:04
SHP00010623,ORD00010623,XPO,2025-11-05,2025-11-10,2025-11-07,37.7,2025-11-05T06:56:44,2026-01-08T21:03:57
SHP00010625,ORD00010625,XPO,2025-04-28,2025-05-01,,34.81,2025-04-28T09:24:50,2025-09-26T09:48:00
SHP00010626,ORD00010626,XPO,2026-02-13,2026-02-18,,30.73,2026-02-13T00:00:49,2026-02-17T01:05:03
SHP00010627,ORD00010627,OnTrac,2024-03-14,2024-03-19,2024-03-17,29.17,2024-03-14T15:30:07,2024-05-31T11:16:42
SHP00010628,ORD00010628,USPS,2024-04-18,2024-04-24,,37.09,2024-04-18T08:24:10,2025-08-31T10:31:35
SHP00010629,ORD00010629,USPS,2025-12-25,2025-12-31,,14.83,2025-12-25T04:30:26,2026-02-12T19:20:52
SHP00010631,ORD00010631,DHL,2024-02-25,2024-03-01,,25.54,2024-02-25T02:21:03,2025-05-10T02:27:20
SHP00010632,ORD00010632,UPS,2025-01-25,2025-01-27,,37.83,2025-01-25T09:23:34,2025-11-28T05:00:09
SHP00010633,ORD00010633,UPS,2025-04-17,2025-04-20,,25.14,2025-04-17T09:27:33,2026-02-23T23:00:48
SHP00010634,ORD00010634,UPS,2024-12-25,2024-12-31,,23.61,2024-12-25T09:27:33,2025-04-26T05:23:36
SHP00010635,ORD00010635,DHL,2024-04-21,2024-04-26,2024-04-28,39.56,2024-04-21T21:50:11,2025-05-23T01:42:03
SHP00010638,ORD00010638,DHL,2025-10-07,2025-10-09,2025-10-09,4.91,2025-10-07T00:27:43,2026-01-04T18:14:21
SHP00010639,ORD00010639,USPS,2024-10-20,2024-10-25,2024-10-22,5.87,2024-10-20T06:14:04,2025-06-27T17:53:07
SHP00010641,ORD00010641,OnTrac,2025-05-12,2025-05-15,,28.29,2025-05-12T02:45:33,2026-02-13T12:57:01
SHP00010642,ORD00010642,DHL,2025-02-06,2025-02-08,,11.99,2025-02-06T17:06:54,2025-08-28T06:08:35
SHP00010645,ORD00010645,OnTrac,2026-02-12,2026-02-18,2026-02-17,16.7,2026-02-12T22:16:47,2026-02-18T00:49:38
SHP00010646,ORD00010646,USPS,2024-03-29,2024-04-02,2024-04-02,21.18,2024-03-29T11:41:18,2025-03-05T00:58:46
SHP00010648,ORD00010648,UPS,2024-12-13,2024-12-17,2024-12-18,34.71,2024-12-13T10:13:38,2026-01-05T03:27:32
SHP00010649,ORD00010649,FedEx,2025-01-21,2025-01-25,2025-01-28,37.79,2025-01-21T13:40:33,2025-01-21T14:51:44
SHP00010650,ORD00010650,USPS,2025-11-21,2025-11-26,,29.17,2025-11-21T07:39:54,2026-01-18T10:53:14
SHP00010651,ORD00010651,UPS,2025-11-02,2025-11-06,,34.54,2025-11-02T06:16:47,2026-02-23T01:48:46
SHP00010652,ORD00010652,XPO,2025-03-06,2025-03-12,2025-03-12,17.26,2025-03-06T05:05:18,2025-07-05T13:11:51
SHP00010653,ORD00010653,DHL,2024-10-03,2024-10-09,2024-10-09,39.1,2024-10-03T06:41:29,2025-05-29T14:13:13
SHP00010657,ORD00010657,UPS,2025-07-28,2025-07-30,2025-07-29,7.69,2025-07-28T09:44:23,2026-02-17T16:46:32
SHP00010658,ORD00010658,OnTrac,2024-09-15,2024-09-21,2024-09-16,6.1,2024-09-15T22:39:23,2025-04-25T08:55:09
SHP00010662,ORD00010662,FedEx,2024-02-04,2024-02-08,2024-02-07,11.37,2024-02-04T02:19:19,2024-09-16T09:59:19
SHP00010664,ORD00010664,OnTrac,2024-05-19,2024-05-24,2024-05-22,10.92,2024-05-19T17:14:17,2024-07-07T16:51:57
SHP00010673,ORD00010673,XPO,2024-03-07,2024-03-12,,23.3,2024-03-07T06:00:12,2025-08-28T07:35:08
SHP00010674,ORD00010674,XPO,2026-02-20,2026-02-26,2026-02-27,17.52,2026-02-20T15:11:55,2026-02-20T04:36:13
SHP00010679,ORD00010679,UPS,2025-03-09,2025-03-13,,17.86,2025-03-09T21:06:36,2025-10-29T07:18:08
SHP00010682,ORD00010682,UPS,2025-03-09,2025-03-13,2025-03-13,34.81,2025-03-09T16:39:31,2026-02-23T08:10:49
SHP00010683,ORD00010683,USPS,2024-03-30,2024-04-05,2024-04-03,26.52,2024-03-30T21:32:44,2025-11-29T17:23:19
SHP00010684,ORD00010684,UPS,2024-07-01,2024-07-03,2024-07-07,39.54,2024-07-01T17:22:12,2024-09-15T21:15:07
SHP00010686,ORD00010686,FedEx,2024-04-19,2024-04-24,2024-04-23,25.63,2024-04-19T16:53:27,2025-09-24T00:52:13
SHP00010694,ORD00010694,FedEx,2024-02-22,2024-02-25,2024-02-27,29.3,2024-02-22T10:25:14,2024-06-24T23:25:24
SHP00010695,ORD00010695,FedEx,2024-09-01,2024-09-06,2024-09-03,24.35,2024-09-01T22:12:44,2024-10-23T06:43:42
SHP00010701,ORD00010701,DHL,2024-03-13,2024-03-17,2024-03-16,29.58,2024-03-13T20:50:16,2025-11-04T07:42:32
SHP00010702,ORD00010702,UPS,2024-03-10,2024-03-16,,28.99,2024-03-10T03:21:28,2024-08-25T19:19:09
SHP00010705,ORD00010705,XPO,2025-07-25,2025-07-31,2025-08-01,26.67,2025-07-25T06:41:42,2025-12-13T20:49:44
SHP00010706,ORD00010706,UPS,2025-02-10,2025-02-12,2025-02-15,9.6,2025-02-10T08:41:50,2025-10-06T14:07:33
SHP00010710,ORD00010710,XPO,2025-04-15,2025-04-17,2025-04-21,22.02,2025-04-15T15:26:19,2025-10-03T15:36:45
SHP00010711,ORD00010711,USPS,2025-03-15,2025-03-18,2025-03-21,38.66,2025-03-15T13:02:45,2025-09-16T16:59:48
SHP00010714,ORD00010714,FedEx,2024-06-25,2024-07-01,,18.09,2024-06-25T10:22:15,2024-11-14T11:59:33
SHP00010717,ORD00010717,DHL,2024-02-29,2024-03-04,,8.01,2024-02-29T04:57:45,2025-08-12T16:53:58
SHP00010718,ORD00010718,XPO,2024-01-22,2024-01-26,,12.25,2024-01-22T15:57:29,2025-08-23T13:31:56
SHP00010719,ORD00010719,XPO,2025-05-22,2025-05-27,2025-05-28,40.0,2025-05-22T18:06:22,2025-07-03T09:42:22
SHP00010720,ORD00010720,XPO,2026-01-25,2026-01-28,,31.07,2026-01-25T00:26:12,2026-02-11T02:10:50
SHP00010721,ORD00010721,OnTrac,2025-01-04,2025-01-07,2025-01-10,19.08,2025-01-04T13:19:30,2025-03-12T03:16:33
SHP00010723,ORD00010723,UPS,2025-11-01,2025-11-06,,32.05,2025-11-01T22:57:20,2026-02-27T19:49:34
SHP00010724,ORD00010724,XPO,2024-12-17,2024-12-23,2024-12-19,27.14,2024-12-17T20:11:24,2026-01-15T08:13:45
SHP00010726,ORD00010726,XPO,2024-04-25,2024-04-27,,15.68,2024-04-25T01:09:38,2024-09-21T08:43:02
SHP00010727,ORD00010727,OnTrac,2025-01-16,2025-01-22,2025-01-19,19.98,2025-01-16T16:04:10,2025-04-04T20:24:44
SHP00010728,ORD00010728,XPO,2025-12-20,2025-12-23,2025-12-21,32.76,2025-12-20T17:57:06,2026-02-22T00:59:26
SHP00010730,ORD00010730,DHL,2024-01-29,2024-02-01,2024-02-03,10.11,2024-01-29T06:33:23,2025-07-08T05:56:27
SHP00010732,ORD00010732,USPS,2025-05-07,2025-05-13,2025-05-10,25.4,2025-05-07T13:51:11,2025-12-10T02:11:13
SHP00010733,ORD00010733,UPS,2025-11-30,2025-12-04,2025-12-06,24.01,2025-11-30T23:26:32,2026-02-23T07:24:32
SHP00010734,ORD00010734,USPS,2025-08-05,2025-08-07,2025-08-11,16.6,2025-08-05T11:35:31,2025-09-23T03:46:45
SHP00010735,ORD00010735,UPS,2024-10-04,2024-10-07,,27.36,2024-10-04T16:28:29,2025-10-08T19:08:10
SHP00010736,ORD00010736,UPS,2025-09-11,2025-09-14,,27.06,2025-09-11T07:34:23,2026-01-25T16:36:51
SHP00010737,ORD00010737,OnTrac,2024-11-03,2024-11-05,2024-11-04,28.33,2024-11-03T19:07:58,2025-03-11T07:43:10
SHP00010739,ORD00010739,XPO,2024-01-26,2024-02-01,2024-01-27,15.47,2024-01-26T12:45:15,2024-09-23T13:41:41
SHP00010742,ORD00010742,OnTrac,2025-12-09,2025-12-13,2025-12-15,16.83,2025-12-09T02:18:25,2026-01-17T10:22:59
SHP00010743,ORD00010743,DHL,2024-09-21,2024-09-23,2024-09-22,7.88,2024-09-21T16:48:09,2025-08-07T08:51:54
SHP00010744,ORD00010744,UPS,2024-10-09,2024-10-12,2024-10-12,21.44,2024-10-09T09:41:57,2025-05-18T05:15:41
SHP00010746,ORD00010746,FedEx,2025-12-18,2025-12-24,,27.05,2025-12-18T16:08:37,2026-02-21T21:15:11
SHP00010747,ORD00010747,OnTrac,2024-12-01,2024-12-04,2024-12-02,31.36,2024-12-01T12:54:22,2025-07-24T19:28:10
SHP00010749,ORD00010749,OnTrac,2026-02-05,2026-02-10,,7.47,2026-02-05T05:16:38,2026-02-14T00:53:05
SHP00010750,ORD00010750,FedEx,2025-07-17,2025-07-19,2025-07-23,11.15,2025-07-17T05:40:37,2025-11-20T19:16:06
SHP00010751,ORD00010751,OnTrac,2024-11-17,2024-11-22,,20.68,2024-11-17T12:11:43,2024-12-12T09:57:41
SHP00010752,ORD00010752,DHL,2025-07-08,2025-07-13,,22.32,2025-07-08T19:53:36,2026-02-18T19:04:12
SHP00010753,ORD00010753,OnTrac,2025-05-28,2025-06-01,2025-06-04,39.99,2025-05-28T00:04:49,2025-09-10T13:02:39
SHP00010754,ORD00010754,FedEx,2026-02-08,2026-02-13,2026-02-13,26.07,2026-02-08T21:30:28,2026-02-26T20:31:24
SHP00010755,ORD00010755,XPO,2025-10-10,2025-10-14,2025-10-14,11.52,2025-10-10T18:15:57,2025-11-24T23:27:07
SHP00010758,ORD00010758,FedEx,2024-07-02,2024-07-07,,14.43,2024-07-02T15:20:56,2026-01-31T23:17:27
SHP00010759,ORD00010759,FedEx,2024-03-22,2024-03-27,2024-03-25,21.22,2024-03-22T04:42:06,2024-07-06T18:05:08
SHP00010760,ORD00010760,OnTrac,2024-06-11,2024-06-14,2024-06-14,17.46,2024-06-11T10:39:26,2025-03-09T09:06:57
SHP00010762,ORD00010762,UPS,2025-12-12,2025-12-16,2025-12-17,17.75,2025-12-12T03:28:38,2026-02-25T23:48:40
SHP00010771,ORD00010771,USPS,2025-10-04,2025-10-09,,21.57,2025-10-04T06:20:02,2026-01-20T07:18:52
SHP00010773,ORD00010773,USPS,2025-12-30,2026-01-03,2026-01-01,38.43,2025-12-30T02:58:49,2026-01-07T21:46:15
SHP00010774,ORD00010774,USPS,2024-12-06,2024-12-11,,34.0,2024-12-06T14:07:20,2025-04-20T04:20:28
SHP00010775,ORD00010775,XPO,2024-10-25,2024-10-31,2024-10-30,37.79,2024-10-25T05:37:54,2026-02-02T18:52:04
SHP00010776,ORD00010776,FedEx,2024-04-03,2024-04-05,2024-04-05,13.25,2024-04-03T17:28:11,2025-08-18T21:36:12
SHP00010778,ORD00010778,XPO,2025-12-30,2026-01-03,2026-01-06,31.34,2025-12-30T14:02:59,2026-01-27T02:05:50
SHP00010779,ORD00010779,UPS,2024-05-06,2024-05-09,2024-05-11,28.5,2024-05-06T06:37:02,2025-01-21T18:30:49
SHP00010782,ORD00010782,UPS,2024-09-30,2024-10-04,,28.74,2024-09-30T12:30:36,2025-08-11T07:07:06
SHP00010783,ORD00010783,DHL,2024-05-12,2024-05-18,2024-05-14,27.95,2024-05-12T15:59:59,2025-11-18T08:54:22
SHP00010784,ORD00010784,FedEx,2025-01-09,2025-01-12,2025-01-12,35.79,2025-01-09T00:54:39,2025-04-01T23:10:14
SHP00010785,ORD00010785,XPO,2024-06-03,2024-06-05,2024-06-08,33.27,2024-06-03T09:37:48,2024-10-06T16:54:51
SHP00010786,ORD00010786,UPS,2025-12-04,2025-12-06,2025-12-11,18.96,2025-12-04T17:16:48,2025-12-26T16:47:48
SHP00010787,ORD00010787,FedEx,2025-02-22,2025-02-27,2025-02-23,14.99,2025-02-22T07:32:44,2025-07-28T17:22:41
SHP00010788,ORD00010788,XPO,2024-12-19,2024-12-25,2024-12-20,32.51,2024-12-19T18:24:20,2025-03-26T02:18:39
SHP00010790,ORD00010790,DHL,2024-05-18,2024-05-21,2024-05-19,27.7,2024-05-18T03:28:50,2024-11-13T08:36:02
SHP00010791,ORD00010791,USPS,2024-08-22,2024-08-24,,34.83,2024-08-22T01:37:35,2025-06-24T19:36:58
SHP00010792,ORD00010792,FedEx,2025-11-21,2025-11-26,2025-11-27,31.02,2025-11-21T17:22:10,2025-12-05T15:56:44
SHP00010793,ORD00010793,UPS,2025-10-29,2025-11-03,,37.6,2025-10-29T19:29:00,2026-02-06T15:15:10
SHP00010795,ORD00010795,XPO,2025-05-09,2025-05-15,2025-05-13,14.16,2025-05-09T19:20:01,2026-01-09T15:25:50
SHP00010798,ORD00010798,UPS,2025-06-09,2025-06-12,2025-06-12,29.96,2025-06-09T15:42:04,2025-12-31T15:32:13
SHP00010800,ORD00010800,FedEx,2024-03-19,2024-03-24,,35.51,2024-03-19T14:20:38,2024-07-19T18:15:18
SHP00010802,ORD00010802,USPS,2025-10-24,2025-10-28,2025-10-31,37.6,2025-10-24T00:58:03,2025-11-24T12:47:47
SHP00010803,ORD00010803,DHL,2026-02-16,2026-02-22,2026-02-22,8.36,2026-02-16T03:24:23,2026-02-28T10:46:44
SHP00010804,ORD00010804,USPS,2026-01-04,2026-01-06,2026-01-08,26.64,2026-01-04T22:04:36,2026-01-27T18:09:48
SHP00010805,ORD00010805,FedEx,2025-11-14,2025-11-16,2025-11-16,37.61,2025-11-14T11:13:00,2026-01-17T20:50:30
SHP00010808,ORD00010808,DHL,2024-02-17,2024-02-21,2024-02-21,14.67,2024-02-17T20:55:30,2025-09-20T19:20:41
SHP00010810,ORD00010810,OnTrac,2025-04-06,2025-04-09,2025-04-07,5.48,2025-04-06T02:19:24,2025-05-23T15:37:52
SHP00010812,ORD00010812,OnTrac,2025-06-23,2025-06-28,2025-06-30,26.72,2025-06-23T20:36:40,2026-02-11T03:39:12
SHP00010813,ORD00010813,XPO,2025-04-05,2025-04-08,2025-04-09,11.23,2025-04-05T12:03:06,2025-07-01T20:11:56
SHP00010816,ORD00010816,DHL,2024-10-24,2024-10-29,2024-10-26,24.75,2024-10-24T05:53:07,2025-10-29T18:01:03
SHP00010817,ORD00010817,USPS,2025-04-19,2025-04-24,,14.97,2025-04-19T11:13:10,2026-01-18T17:46:56
SHP00010820,ORD00010820,UPS,2025-07-16,2025-07-22,,19.78,2025-07-16T14:55:03,2025-11-07T09:55:41
SHP00010822,ORD00010822,USPS,2024-09-12,2024-09-17,2024-09-18,20.58,2024-09-12T18:29:21,2025-09-22T17:45:20
SHP00010823,ORD00010823,USPS,2024-08-18,2024-08-23,2024-08-23,15.79,2024-08-18T09:29:08,2025-05-31T17:15:26
SHP00010825,ORD00010825,UPS,2024-07-31,2024-08-06,,15.07,2024-07-31T17:56:29,2025-10-29T18:03:56
SHP00010826,ORD00010826,USPS,2024-11-22,2024-11-24,2024-11-26,29.39,2024-11-22T07:43:36,2025-02-04T03:54:46
SHP00010827,ORD00010827,UPS,2024-06-25,2024-06-30,,36.3,2024-06-25T01:59:57,2025-02-02T00:41:22
SHP00010828,ORD00010828,USPS,2024-07-09,2024-07-14,,8.63,2024-07-09T04:24:48,2024-09-20T09:38:06
SHP00010829,ORD00010829,FedEx,2024-01-14,2024-01-19,2024-01-21,21.63,2024-01-14T14:08:36,2025-01-17T02:33:27
SHP00010830,ORD00010830,XPO,2024-01-16,2024-01-22,2024-01-17,31.38,2024-01-16T04:40:28,2024-03-31T02:08:46
SHP00010833,ORD00010833,USPS,2025-01-24,2025-01-30,2025-01-25,8.21,2025-01-24T08:15:07,2025-02-03T03:58:17
SHP00010838,ORD00010838,XPO,2024-05-16,2024-05-22,,13.13,2024-05-16T07:48:15,2025-04-26T10:16:54
SHP00010839,ORD00010839,USPS,2025-04-03,2025-04-08,,17.77,2025-04-03T12:17:23,2025-05-30T01:51:26
SHP00010840,ORD00010840,USPS,2025-12-15,2025-12-21,2025-12-18,10.38,2025-12-15T02:07:51,2026-02-11T08:06:42
SHP00010841,ORD00010841,FedEx,2024-11-17,2024-11-21,,24.68,2024-11-17T07:30:37,2025-10-02T21:47:08
SHP00010843,ORD00010843,DHL,2025-01-17,2025-01-22,,7.9,2025-01-17T05:34:14,2025-05-31T20:21:42
SHP00010844,ORD00010844,UPS,2024-08-07,2024-08-13,,11.18,2024-08-07T12:39:43,2026-01-07T18:19:50
SHP00010845,ORD00010845,DHL,2026-01-22,2026-01-28,,37.23,2026-01-22T04:08:24,2026-01-31T12:27:58
SHP00010848,ORD00010848,XPO,2024-04-02,2024-04-05,2024-04-06,24.8,2024-04-02T23:45:42,2024-10-25T23:26:16
SHP00010849,ORD00010849,DHL,2025-06-17,2025-06-22,2025-06-18,32.05,2025-06-17T23:50:58,2026-02-17T14:40:50
SHP00010851,ORD00010851,XPO,2024-08-29,2024-09-04,,19.46,2024-08-29T03:54:15,2025-09-26T13:07:03
SHP00010852,ORD00010852,XPO,2025-02-02,2025-02-08,,13.29,2025-02-02T09:32:16,2025-08-05T20:05:45
SHP00010853,ORD00010853,FedEx,2025-06-21,2025-06-25,,17.5,2025-06-21T09:06:07,2025-10-20T09:38:04
SHP00010855,ORD00010855,UPS,2025-09-23,2025-09-27,2025-09-24,24.84,2025-09-23T02:18:22,2026-01-13T15:26:41
SHP00010856,ORD00010856,DHL,2025-07-10,2025-07-13,2025-07-12,28.4,2025-07-10T14:30:21,2026-01-23T22:28:16
SHP00010858,ORD00010858,FedEx,2024-06-07,2024-06-13,2024-06-11,20.6,2024-06-07T00:07:13,2024-06-08T11:52:52
SHP00010860,ORD00010860,USPS,2024-05-23,2024-05-26,,30.82,2024-05-23T07:04:21,2024-08-16T04:37:55
SHP00010861,ORD00010861,USPS,2024-09-04,2024-09-09,,35.21,2024-09-04T22:20:21,2025-04-23T03:50:53
SHP00010862,ORD00010862,OnTrac,2025-12-19,2025-12-21,2025-12-21,20.81,2025-12-19T02:55:47,2026-01-24T04:19:35
SHP00010863,ORD00010863,XPO,2024-05-28,2024-06-01,2024-06-03,32.46,2024-05-28T22:40:44,2024-09-20T03:28:41
SHP00010865,ORD00010865,FedEx,2024-06-25,2024-06-30,2024-06-26,37.36,2024-06-25T07:28:01,2025-10-26T15:50:36
SHP00010867,ORD00010867,FedEx,2025-12-15,2025-12-18,,21.1,2025-12-15T17:54:51,2026-02-15T01:01:30
SHP00010872,ORD00010872,UPS,2025-08-30,2025-09-02,2025-09-02,9.18,2025-08-30T22:50:54,2025-10-12T10:48:41
SHP00010873,ORD00010873,UPS,2026-02-07,2026-02-12,,18.67,2026-02-07T21:12:46,2026-02-16T12:52:06
SHP00010874,ORD00010874,OnTrac,2024-03-25,2024-03-31,2024-04-01,33.51,2024-03-25T05:05:43,2025-04-05T01:11:11
SHP00010875,ORD00010875,XPO,2024-07-01,2024-07-06,2024-07-03,36.3,2024-07-01T00:52:09,2025-12-26T12:10:47
SHP00010880,ORD00010880,OnTrac,2024-07-11,2024-07-16,2024-07-15,31.76,2024-07-11T17:10:01,2025-08-09T12:47:37
SHP00010883,ORD00010883,UPS,2025-01-23,2025-01-29,2025-01-26,7.31,2025-01-23T20:58:24,2025-12-13T22:52:14
SHP00010885,ORD00010885,DHL,2025-03-26,2025-04-01,2025-04-02,31.54,2025-03-26T03:05:27,2025-07-27T03:02:34
SHP00010887,ORD00010887,UPS,2024-05-13,2024-05-16,2024-05-14,19.01,2024-05-13T00:21:19,2024-11-09T07:41:16
SHP00010889,ORD00010889,USPS,2025-12-30,2026-01-03,2026-01-03,11.59,2025-12-30T20:38:48,2026-01-05T12:58:51
SHP00010891,ORD00010891,XPO,2026-01-23,2026-01-26,2026-01-28,37.36,2026-01-23T14:33:11,2026-01-28T18:05:01
SHP00010892,ORD00010892,UPS,2025-02-24,2025-02-27,2025-02-26,18.1,2025-02-24T15:02:40,2025-07-07T07:07:25
SHP00010893,ORD00010893,DHL,2024-02-16,2024-02-20,2024-02-20,8.95,2024-02-16T05:47:01,2024-04-17T10:51:42
SHP00010894,ORD00010894,XPO,2025-10-29,2025-11-02,2025-11-02,18.04,2025-10-29T00:52:46,2025-11-05T21:25:33
SHP00010895,ORD00010895,XPO,2024-08-12,2024-08-18,2024-08-13,16.3,2024-08-12T19:09:04,2024-12-04T23:19:29
SHP00010898,ORD00010898,FedEx,2025-07-14,2025-07-18,2025-07-18,33.52,2025-07-14T02:54:59,2026-01-31T07:42:57
SHP00010900,ORD00010900,USPS,2024-05-14,2024-05-19,2024-05-19,15.84,2024-05-14T16:41:22,2025-10-21T05:44:16
SHP00010901,ORD00010901,DHL,2025-05-26,2025-05-28,,33.96,2025-05-26T09:33:29,2026-01-10T13:02:19
SHP00010903,ORD00010903,FedEx,2024-06-13,2024-06-15,2024-06-15,35.66,2024-06-13T07:17:18,2024-10-01T13:06:26
SHP00010904,ORD00010904,UPS,2025-01-18,2025-01-22,2025-01-19,29.91,2025-01-18T19:24:44,2025-03-04T16:53:53
SHP00010906,ORD00010906,OnTrac,2024-11-10,2024-11-14,,21.67,2024-11-10T08:45:13,2025-04-11T00:27:54
SHP00010909,ORD00010909,USPS,2024-02-21,2024-02-25,2024-02-22,35.63,2024-02-21T21:41:15,2024-09-26T13:14:41
SHP00010911,ORD00010911,FedEx,2024-02-28,2024-03-05,,14.95,2024-02-28T16:49:00,2024-06-18T02:26:21
SHP00010912,ORD00010912,USPS,2024-01-25,2024-01-28,,23.74,2024-01-25T13:35:12,2024-04-03T17:41:28
SHP00010916,ORD00010916,XPO,2025-05-13,2025-05-15,2025-05-18,29.29,2025-05-13T13:28:01,2025-05-30T07:50:45
SHP00010917,ORD00010917,USPS,2024-01-19,2024-01-25,,28.25,2024-01-19T14:29:48,2024-11-24T23:08:19
SHP00010918,ORD00010918,DHL,2024-09-30,2024-10-03,2024-10-07,37.58,2024-09-30T03:46:57,2025-11-05T23:19:52
SHP00010919,ORD00010919,DHL,2025-11-02,2025-11-04,2025-11-05,25.68,2025-11-02T21:51:53,2025-12-20T09:58:57
SHP00010921,ORD00010921,UPS,2025-04-06,2025-04-10,,7.55,2025-04-06T19:01:38,2025-12-27T13:42:37
SHP00010922,ORD00010922,USPS,2024-08-15,2024-08-18,2024-08-22,12.18,2024-08-15T22:03:51,2025-06-21T21:41:30
SHP00010923,ORD00010923,USPS,2026-01-14,2026-01-16,2026-01-18,34.34,2026-01-14T22:57:17,2026-01-24T17:23:11
SHP00010924,ORD00010924,UPS,2024-04-06,2024-04-10,2024-04-07,29.54,2024-04-06T16:27:46,2025-02-01T16:58:34
SHP00010926,ORD00010926,UPS,2024-06-19,2024-06-21,2024-06-22,8.0,2024-06-19T13:03:36,2024-07-14T01:24:32
SHP00010927,ORD00010927,DHL,2026-01-12,2026-01-14,,14.45,2026-01-12T18:21:07,2026-02-25T16:02:32
SHP00010930,ORD00010930,USPS,2025-12-23,2025-12-27,,36.21,2025-12-23T21:58:15,2026-02-19T16:22:35
SHP00010931,ORD00010931,UPS,2024-09-16,2024-09-22,2024-09-22,15.23,2024-09-16T13:59:23,2025-04-30T02:32:59
SHP00010932,ORD00010932,FedEx,2024-09-04,2024-09-09,2024-09-06,25.58,2024-09-04T05:15:33,2025-05-29T19:12:13
SHP00010933,ORD00010933,FedEx,2025-10-07,2025-10-10,2025-10-12,6.57,2025-10-07T13:20:24,2025-12-27T18:26:41
SHP00010934,ORD00010934,DHL,2024-12-01,2024-12-06,2024-12-06,9.77,2024-12-01T03:28:56,2025-06-12T18:03:35
SHP00010937,ORD00010937,USPS,2025-01-15,2025-01-21,2025-01-19,32.13,2025-01-15T15:05:57,2025-12-07T09:57:44
SHP00010940,ORD00010940,OnTrac,2026-02-02,2026-02-07,,31.66,2026-02-02T14:32:29,2026-02-26T09:46:24
SHP00010943,ORD00010943,XPO,2025-07-06,2025-07-12,2025-07-12,34.94,2025-07-06T01:37:22,2025-10-10T02:07:52
SHP00010946,ORD00010946,UPS,2024-11-08,2024-11-13,2024-11-11,33.79,2024-11-08T16:26:56,2026-01-14T08:26:15
SHP00010947,ORD00010947,USPS,2025-01-13,2025-01-18,,4.41,2025-01-13T22:54:49,2025-10-03T09:03:47
SHP00010948,ORD00010948,OnTrac,2025-04-01,2025-04-05,2025-04-04,22.78,2025-04-01T17:47:08,2026-01-31T19:57:14
SHP00010955,ORD00010955,OnTrac,2026-01-05,2026-01-08,,10.09,2026-01-05T05:43:39,2026-02-19T18:46:08
SHP00010956,ORD00010956,UPS,2025-08-17,2025-08-19,2025-08-21,10.45,2025-08-17T12:05:25,2026-02-08T00:37:06
SHP00010961,ORD00010961,DHL,2024-01-29,2024-02-01,2024-02-03,16.14,2024-01-29T12:57:00,2025-07-16T07:37:53
SHP00010962,ORD00010962,XPO,2026-01-04,2026-01-06,,8.08,2026-01-04T17:13:48,2026-01-06T13:00:49
SHP00010965,ORD00010965,USPS,2025-02-06,2025-02-11,2025-02-13,4.39,2025-02-06T21:19:49,2025-02-06T04:58:20
SHP00010967,ORD00010967,OnTrac,2024-04-10,2024-04-16,2024-04-14,31.99,2024-04-10T05:01:46,2026-02-16T01:06:45
SHP00010968,ORD00010968,DHL,2025-09-24,2025-09-29,2025-09-28,12.08,2025-09-24T15:23:38,2025-10-23T15:16:48
SHP00010969,ORD00010969,OnTrac,2026-02-06,2026-02-12,,33.48,2026-02-06T20:10:20,2026-02-08T09:13:58
SHP00010970,ORD00010970,USPS,2024-11-08,2024-11-13,2024-11-10,36.57,2024-11-08T21:57:55,2026-01-16T12:04:18
SHP00010973,ORD00010973,UPS,2024-06-08,2024-06-13,2024-06-14,6.02,2024-06-08T12:10:41,2024-07-09T20:40:44
SHP00010974,ORD00010974,USPS,2024-01-29,2024-02-04,2024-02-02,35.01,2024-01-29T06:21:34,2025-03-30T12:29:59
SHP00010977,ORD00010977,UPS,2025-10-03,2025-10-07,2025-10-08,26.84,2025-10-03T00:20:50,2025-12-11T12:57:20
SHP00010978,ORD00010978,USPS,2024-06-04,2024-06-06,2024-06-07,8.15,2024-06-04T02:05:09,2026-02-20T19:26:35
SHP00010979,ORD00010979,UPS,2025-06-03,2025-06-05,2025-06-05,22.84,2025-06-03T23:00:38,2025-07-21T02:16:00
SHP00010980,ORD00010980,OnTrac,2025-06-29,2025-07-05,,15.0,2025-06-29T13:33:10,2025-07-21T04:39:13
SHP00010981,ORD00010981,OnTrac,2026-01-21,2026-01-25,2026-01-23,38.64,2026-01-21T21:05:43,2026-01-25T13:40:54
SHP00010982,ORD00010982,OnTrac,2024-02-26,2024-03-03,,16.71,2024-02-26T03:17:49,2024-04-11T22:52:11
SHP00010983,ORD00010983,USPS,2024-03-27,2024-04-01,2024-04-03,34.46,2024-03-27T08:02:19,2024-08-13T23:23:16
SHP00010988,ORD00010988,FedEx,2025-07-08,2025-07-11,2025-07-13,39.22,2025-07-08T21:22:41,2025-08-26T11:30:25
SHP00010989,ORD00010989,XPO,2025-06-02,2025-06-05,,29.32,2025-06-02T03:00:53,2025-09-29T21:48:00
SHP00010990,ORD00010990,DHL,2024-06-12,2024-06-18,2024-06-16,33.98,2024-06-12T08:55:10,2025-08-30T16:31:31
SHP00010991,ORD00010991,FedEx,2025-02-15,2025-02-18,2025-02-18,24.83,2025-02-15T00:06:32,2025-05-24T22:32:51
SHP00010992,ORD00010992,DHL,2025-09-18,2025-09-21,,5.51,2025-09-18T02:45:17,2025-11-15T22:32:00
SHP00010993,ORD00010993,OnTrac,2025-04-27,2025-05-01,2025-04-30,38.97,2025-04-27T06:41:02,2025-06-14T02:22:33
SHP00010995,ORD00010995,UPS,2025-06-03,2025-06-05,,34.98,2025-06-03T04:56:54,2025-06-03T06:03:24
SHP00010998,ORD00010998,DHL,2024-12-25,2024-12-27,2025-01-01,23.6,2024-12-25T21:48:17,2025-02-23T02:57:36
SHP00011000,ORD00011000,DHL,2025-09-03,2025-09-05,2025-09-05,34.77,2025-09-03T02:04:57,2025-09-23T01:45:04
SHP00011001,ORD00011001,OnTrac,2025-05-07,2025-05-09,2025-05-09,25.82,2025-05-07T13:30:47,2025-05-25T12:49:38
SHP00011004,ORD00011004,DHL,2025-04-03,2025-04-08,,5.51,2025-04-03T03:12:06,2025-08-23T19:33:33
SHP00011005,ORD00011005,XPO,2025-08-06,2025-08-12,2025-08-10,19.24,2025-08-06T01:18:06,2026-02-13T23:53:27
SHP00011006,ORD00011006,XPO,2024-07-01,2024-07-07,2024-07-06,30.76,2024-07-01T10:14:01,2025-11-30T20:50:31
SHP00011007,ORD00011007,USPS,2024-03-16,2024-03-18,2024-03-20,10.54,2024-03-16T23:30:11,2025-01-17T04:40:09
SHP00011008,ORD00011008,UPS,2024-01-14,2024-01-19,,37.55,2024-01-14T03:14:33,2024-06-20T11:10:44
SHP00011009,ORD00011009,FedEx,2024-03-06,2024-03-11,2024-03-10,12.08,2024-03-06T04:33:15,2025-07-06T02:39:03
SHP00011011,ORD00011011,XPO,2025-08-04,2025-08-06,,33.4,2025-08-04T05:43:58,2025-09-18T00:19:26
SHP00011013,ORD00011013,UPS,2025-12-05,2025-12-07,2025-12-07,8.83,2025-12-05T21:18:24,2026-02-06T06:15:26
SHP00011014,ORD00011014,USPS,2024-04-12,2024-04-17,,10.56,2024-04-12T06:39:56,2025-03-26T19:51:41
SHP00011018,ORD00011018,USPS,2025-08-18,2025-08-22,2025-08-22,15.75,2025-08-18T01:29:37,2025-12-22T23:36:50
SHP00011021,ORD00011021,FedEx,2025-05-24,2025-05-26,2025-05-25,9.46,2025-05-24T14:04:48,2026-01-10T16:07:30
SHP00011022,ORD00011022,DHL,2025-04-10,2025-04-15,2025-04-14,20.81,2025-04-10T05:19:28,2025-05-01T21:03:27
SHP00011027,ORD00011027,UPS,2024-07-22,2024-07-26,,36.37,2024-07-22T09:52:27,2026-02-20T10:50:29
SHP00011028,ORD00011028,DHL,2024-11-21,2024-11-24,2024-11-24,20.77,2024-11-21T14:04:44,2025-07-24T20:38:57
SHP00011029,ORD00011029,OnTrac,2025-08-20,2025-08-23,,23.36,2025-08-20T19:30:29,2025-10-12T04:18:47
SHP00011030,ORD00011030,USPS,2025-08-14,2025-08-20,2025-08-19,7.82,2025-08-14T16:39:33,2025-12-05T02:25:18
SHP00011031,ORD00011031,FedEx,2025-02-26,2025-03-02,2025-03-05,17.65,2025-02-26T09:41:37,2026-02-21T02:41:35
SHP00011032,ORD00011032,XPO,2024-11-15,2024-11-21,2024-11-19,26.47,2024-11-15T13:48:06,2025-03-03T17:01:16
SHP00011033,ORD00011033,UPS,2025-07-08,2025-07-14,2025-07-14,34.75,2025-07-08T04:08:47,2025-12-15T11:26:23
SHP00011034,ORD00011034,DHL,2024-06-19,2024-06-21,2024-06-26,21.82,2024-06-19T11:08:25,2024-09-28T00:47:29
SHP00011035,ORD00011035,DHL,2025-08-16,2025-08-22,,12.39,2025-08-16T04:47:12,2025-09-03T10:46:44
SHP00011036,ORD00011036,FedEx,2025-01-09,2025-01-13,,23.47,2025-01-09T02:50:13,2025-06-15T16:01:07
SHP00011037,ORD00011037,USPS,2025-06-28,2025-07-02,,7.82,2025-06-28T02:47:58,2025-09-03T12:17:39
SHP00011038,ORD00011038,UPS,2026-03-01,2026-03-03,2026-03-03,6.69,2026-03-01T08:53:52,2026-03-02T21:25:01
SHP00011042,ORD00011042,DHL,2025-02-28,2025-03-05,2025-03-03,12.79,2025-02-28T16:38:13,2025-05-09T02:33:16
SHP00011045,ORD00011045,XPO,2026-01-06,2026-01-09,2026-01-07,15.05,2026-01-06T13:28:32,2026-02-24T02:06:04
SHP00011047,ORD00011047,FedEx,2024-11-01,2024-11-06,2024-11-08,39.26,2024-11-01T14:26:51,2025-04-16T20:35:28
SHP00011052,ORD00011052,DHL,2025-07-19,2025-07-24,,13.39,2025-07-19T06:52:05,2025-09-22T13:30:52
SHP00011053,ORD00011053,USPS,2024-10-14,2024-10-20,2024-10-17,38.65,2024-10-14T03:35:08,2025-10-11T08:04:09
SHP00011057,ORD00011057,UPS,2024-07-14,2024-07-17,2024-07-19,25.76,2024-07-14T11:14:44,2025-04-01T10:29:06
SHP00011060,ORD00011060,DHL,2024-01-20,2024-01-26,2024-01-25,31.12,2024-01-20T02:53:28,2025-08-01T00:39:47
SHP00011062,ORD00011062,UPS,2025-04-25,2025-05-01,,38.9,2025-04-25T18:04:41,2026-02-03T20:16:02
SHP00011064,ORD00011064,UPS,2024-11-09,2024-11-13,2024-11-16,38.09,2024-11-09T21:07:49,2025-02-12T09:49:23
SHP00011065,ORD00011065,DHL,2024-03-06,2024-03-08,2024-03-10,29.07,2024-03-06T19:46:59,2025-07-21T11:25:57
SHP00011068,ORD00011068,XPO,2026-02-06,2026-02-08,2026-02-11,18.23,2026-02-06T06:47:56,2026-02-16T11:04:45
SHP00011070,ORD00011070,DHL,2024-03-10,2024-03-12,2024-03-16,26.81,2024-03-10T05:49:00,2026-01-12T02:44:43
SHP00011071,ORD00011071,FedEx,2025-06-13,2025-06-18,,32.73,2025-06-13T22:37:25,2025-08-14T14:31:47
SHP00011073,ORD00011073,XPO,2025-05-08,2025-05-11,2025-05-10,16.2,2025-05-08T06:10:28,2026-01-28T08:52:53
SHP00011074,ORD00011074,OnTrac,2025-12-21,2025-12-27,2025-12-23,36.78,2025-12-21T04:42:42,2026-01-24T19:36:29
SHP00011075,ORD00011075,XPO,2024-03-29,2024-04-01,,38.76,2024-03-29T13:30:58,2024-12-27T14:12:43
SHP00011076,ORD00011076,XPO,2025-10-27,2025-10-30,2025-11-01,32.0,2025-10-27T03:16:54,2025-10-30T01:40:42
SHP00011077,ORD00011077,UPS,2025-10-26,2025-10-28,2025-10-30,21.95,2025-10-26T23:31:07,2025-10-29T00:34:27
SHP00011078,ORD00011078,USPS,2025-12-04,2025-12-08,,27.63,2025-12-04T03:22:54,2026-01-15T17:24:31
SHP00011080,ORD00011080,DHL,2024-11-22,2024-11-25,2024-11-23,10.6,2024-11-22T02:13:53,2025-09-17T18:53:33
SHP00011081,ORD00011081,OnTrac,2025-06-22,2025-06-24,2025-06-26,38.67,2025-06-22T17:59:43,2025-08-16T14:59:16
SHP00011086,ORD00011086,XPO,2024-11-26,2024-11-30,,33.11,2024-11-26T09:54:21,2025-09-28T23:05:27
SHP00011087,ORD00011087,OnTrac,2025-12-27,2025-12-29,,28.61,2025-12-27T22:00:59,2026-01-03T12:36:00
SHP00011090,ORD00011090,OnTrac,2025-09-16,2025-09-20,,24.15,2025-09-16T09:36:07,2025-10-03T12:38:18
SHP00011092,ORD00011092,OnTrac,2026-02-15,2026-02-19,,33.62,2026-02-15T15:52:00,2026-02-17T20:43:08
SHP00011093,ORD00011093,OnTrac,2025-01-20,2025-01-26,,16.54,2025-01-20T22:16:54,2026-02-17T14:20:37
SHP00011094,ORD00011094,USPS,2024-05-29,2024-06-04,,31.57,2024-05-29T11:14:48,2025-04-11T05:32:55
SHP00011095,ORD00011095,DHL,2024-02-25,2024-03-02,,21.35,2024-02-25T23:57:10,2025-08-27T08:23:25
SHP00011096,ORD00011096,USPS,2025-04-05,2025-04-11,,19.47,2025-04-05T22:02:55,2026-01-04T01:55:36
SHP00011097,ORD00011097,DHL,2024-04-04,2024-04-09,2024-04-07,25.04,2024-04-04T05:19:54,2025-01-09T11:48:42
SHP00011098,ORD00011098,OnTrac,2024-10-09,2024-10-15,2024-10-13,8.13,2024-10-09T11:41:54,2025-02-15T02:07:59
SHP00011099,ORD00011099,USPS,2024-10-08,2024-10-10,,31.48,2024-10-08T22:55:07,2025-03-17T03:28:45
SHP00011100,ORD00011100,OnTrac,2025-04-27,2025-04-29,2025-05-03,32.3,2025-04-27T15:27:23,2025-08-04T06:36:20
SHP00011101,ORD00011101,FedEx,2024-12-01,2024-12-03,2024-12-07,35.06,2024-12-01T03:30:11,2025-04-15T13:11:19
SHP00011102,ORD00011102,UPS,2024-03-27,2024-04-02,2024-03-30,22.98,2024-03-27T03:47:42,2025-05-14T01:04:06
SHP00011103,ORD00011103,OnTrac,2024-11-04,2024-11-10,,38.81,2024-11-04T00:49:29,2024-12-25T03:09:52
SHP00011109,ORD00011109,OnTrac,2024-11-12,2024-11-17,2024-11-17,6.31,2024-11-12T05:39:22,2025-12-07T09:33:16
SHP00011110,ORD00011110,USPS,2024-01-24,2024-01-27,2024-01-25,16.73,2024-01-24T02:42:06,2025-10-12T13:45:05
SHP00011111,ORD00011111,XPO,2025-07-27,2025-08-01,2025-08-03,27.12,2025-07-27T10:02:11,2025-10-30T07:31:07
SHP00011113,ORD00011113,UPS,2025-08-04,2025-08-07,2025-08-06,18.06,2025-08-04T20:56:23,2026-01-01T12:54:36
SHP00011115,ORD00011115,DHL,2025-09-27,2025-10-03,,33.63,2025-09-27T09:48:05,2025-12-31T22:15:59
SHP00011116,ORD00011116,DHL,2024-01-22,2024-01-27,,5.02,2024-01-22T16:25:50,2024-08-16T14:38:11
SHP00011119,ORD00011119,OnTrac,2025-05-09,2025-05-15,2025-05-14,35.36,2025-05-09T20:33:53,2026-02-02T01:48:08
SHP00011120,ORD00011120,DHL,2024-04-24,2024-04-26,2024-04-27,30.3,2024-04-24T08:48:29,2024-10-13T10:12:07
SHP00011121,ORD00011121,OnTrac,2025-05-16,2025-05-18,,15.21,2025-05-16T16:00:14,2025-08-27T06:32:36
SHP00011122,ORD00011122,DHL,2024-07-08,2024-07-11,2024-07-12,20.61,2024-07-08T22:28:03,2025-01-29T20:04:06
SHP00011124,ORD00011124,FedEx,2025-07-05,2025-07-07,,34.86,2025-07-05T19:01:41,2025-09-22T09:22:07
SHP00011125,ORD00011125,XPO,2024-09-10,2024-09-15,,34.73,2024-09-10T09:46:00,2025-01-05T12:07:31
SHP00011130,ORD00011130,USPS,2024-06-26,2024-07-02,2024-06-27,15.36,2024-06-26T17:26:26,2025-06-23T03:55:26
SHP00011131,ORD00011131,OnTrac,2025-06-09,2025-06-14,,29.97,2025-06-09T12:31:24,2026-01-08T22:31:57
SHP00011134,ORD00011134,USPS,2024-04-02,2024-04-07,,9.9,2024-04-02T01:29:14,2026-01-11T22:50:35
SHP00011135,ORD00011135,XPO,2024-06-23,2024-06-28,2024-06-24,18.06,2024-06-23T05:30:35,2025-05-19T22:32:24
SHP00011136,ORD00011136,OnTrac,2024-07-09,2024-07-14,2024-07-12,20.39,2024-07-09T14:26:41,2026-01-30T07:04:00
SHP00011137,ORD00011137,OnTrac,2025-05-24,2025-05-27,2025-05-30,21.43,2025-05-24T19:04:14,2025-10-27T15:59:47
SHP00011138,ORD00011138,XPO,2024-01-20,2024-01-26,2024-01-26,8.4,2024-01-20T21:02:43,2025-12-08T14:59:25
SHP00011139,ORD00011139,UPS,2024-09-07,2024-09-10,2024-09-08,37.64,2024-09-07T00:22:35,2024-11-10T00:06:13
SHP00011141,ORD00011141,OnTrac,2024-07-11,2024-07-16,,38.47,2024-07-11T17:20:00,2025-04-16T17:49:02
SHP00011142,ORD00011142,UPS,2025-06-12,2025-06-14,,32.42,2025-06-12T05:28:16,2025-09-25T12:08:52
SHP00011146,ORD00011146,DHL,2025-11-23,2025-11-28,,28.3,2025-11-23T19:04:31,2026-02-07T22:44:30
SHP00011148,ORD00011148,XPO,2024-05-31,2024-06-03,,23.6,2024-05-31T23:40:21,2025-06-23T08:20:26
SHP00011149,ORD00011149,XPO,2024-05-10,2024-05-16,2024-05-14,12.46,2024-05-10T06:16:41,2025-01-20T23:12:51
SHP00011151,ORD00011151,OnTrac,2025-08-19,2025-08-25,2025-08-21,13.68,2025-08-19T06:46:42,2026-01-03T07:54:22
SHP00011152,ORD00011152,OnTrac,2025-11-02,2025-11-04,2025-11-05,24.33,2025-11-02T07:11:28,2025-11-17T05:09:28
SHP00011154,ORD00011154,FedEx,2024-05-30,2024-06-05,2024-06-04,26.06,2024-05-30T17:46:32,2025-04-13T12:53:10
SHP00011156,ORD00011156,DHL,2025-05-21,2025-05-27,,17.71,2025-05-21T13:04:21,2025-11-10T14:17:28
SHP00011158,ORD00011158,XPO,2025-09-23,2025-09-27,2025-09-28,22.53,2025-09-23T01:40:25,2025-11-03T00:26:34
SHP00011159,ORD00011159,FedEx,2024-08-22,2024-08-25,2024-08-27,6.36,2024-08-22T19:06:08,2026-02-02T02:44:17
SHP00011161,ORD00011161,OnTrac,2024-10-21,2024-10-25,2024-10-27,30.76,2024-10-21T14:58:51,2026-01-21T11:58:59
SHP00011162,ORD00011162,DHL,2024-12-26,2024-12-28,,14.15,2024-12-26T15:55:58,2026-01-10T20:08:41
SHP00011164,ORD00011164,UPS,2026-02-25,2026-03-03,2026-03-03,22.97,2026-02-25T18:05:56,2026-02-28T06:29:21
SHP00011167,ORD00011167,USPS,2026-02-07,2026-02-11,2026-02-12,33.29,2026-02-07T02:56:10,2026-02-10T08:14:35
SHP00011168,ORD00011168,USPS,2024-11-11,2024-11-15,,14.72,2024-11-11T11:55:24,2026-02-03T14:45:09
SHP00011170,ORD00011170,XPO,2025-03-03,2025-03-06,2025-03-06,23.66,2025-03-03T18:38:07,2025-04-08T07:26:00
SHP00011178,ORD00011178,UPS,2025-12-20,2025-12-25,,30.23,2025-12-20T02:29:09,2025-12-28T20:51:12
SHP00011179,ORD00011179,FedEx,2024-02-08,2024-02-13,,10.52,2024-02-08T08:37:23,2025-09-08T05:44:43
SHP00011180,ORD00011180,DHL,2025-03-08,2025-03-10,2025-03-15,4.01,2025-03-08T09:13:40,2025-11-28T15:14:43
SHP00011183,ORD00011183,DHL,2025-01-01,2025-01-04,2025-01-04,39.68,2025-01-01T19:31:30,2025-05-11T21:11:40
SHP00011184,ORD00011184,UPS,2024-12-26,2025-01-01,2025-01-02,20.5,2024-12-26T23:25:10,2026-01-26T22:25:49
SHP00011185,ORD00011185,FedEx,2024-08-13,2024-08-17,,28.12,2024-08-13T06:53:35,2025-09-29T07:18:46
SHP00011186,ORD00011186,USPS,2024-09-13,2024-09-17,2024-09-16,36.54,2024-09-13T11:47:47,2025-01-27T02:43:06
SHP00011187,ORD00011187,DHL,2025-04-29,2025-05-05,2025-05-03,22.66,2025-04-29T13:53:48,2025-07-28T04:38:52
SHP00011190,ORD00011190,USPS,2024-09-19,2024-09-21,,38.12,2024-09-19T18:23:16,2024-09-29T18:20:32
SHP00011191,ORD00011191,UPS,2025-05-26,2025-05-30,,34.09,2025-05-26T07:15:19,2025-12-11T03:47:13
SHP00011192,ORD00011192,FedEx,2025-10-21,2025-10-23,2025-10-25,18.0,2025-10-21T08:23:27,2025-11-03T11:54:49
SHP00011194,ORD00011194,FedEx,2024-03-22,2024-03-28,,18.46,2024-03-22T20:03:27,2026-01-04T06:25:23
SHP00011195,ORD00011195,USPS,2026-02-02,2026-02-06,,22.5,2026-02-02T20:12:08,2026-02-27T17:44:23
SHP00011196,ORD00011196,FedEx,2024-08-11,2024-08-16,2024-08-18,32.44,2024-08-11T00:04:05,2025-03-15T00:44:57
SHP00011204,ORD00011204,DHL,2024-01-10,2024-01-12,2024-01-14,7.58,2024-01-10T08:36:09,2025-10-25T08:31:00
SHP00011205,ORD00011205,DHL,2025-08-07,2025-08-11,2025-08-14,26.95,2025-08-07T09:42:57,2025-11-14T05:12:48
SHP00011206,ORD00011206,DHL,2024-01-19,2024-01-24,,24.92,2024-01-19T16:20:08,2024-09-30T00:02:58
SHP00011207,ORD00011207,OnTrac,2024-04-10,2024-04-12,2024-04-14,23.03,2024-04-10T15:36:59,2025-05-20T04:52:15
SHP00011208,ORD00011208,FedEx,2024-10-05,2024-10-07,,33.63,2024-10-05T22:07:04,2025-02-10T12:55:50
SHP00011213,ORD00011213,XPO,2024-04-14,2024-04-20,2024-04-16,32.47,2024-04-14T20:49:14,2024-08-10T21:25:54
SHP00011215,ORD00011215,OnTrac,2025-09-19,2025-09-21,2025-09-21,10.73,2025-09-19T07:47:29,2025-10-17T11:28:06
SHP00011216,ORD00011216,OnTrac,2025-07-20,2025-07-26,2025-07-24,20.69,2025-07-20T03:39:48,2026-01-09T16:41:37
SHP00011218,ORD00011218,FedEx,2026-01-16,2026-01-19,2026-01-23,29.5,2026-01-16T23:50:50,2026-01-19T16:10:58
SHP00011219,ORD00011219,FedEx,2024-05-30,2024-06-04,2024-06-04,28.67,2024-05-30T15:02:45,2025-10-17T04:39:59
SHP00011220,ORD00011220,USPS,2026-01-14,2026-01-16,2026-01-21,31.58,2026-01-14T08:47:53,2026-02-08T11:33:54
SHP00011221,ORD00011221,DHL,2024-02-16,2024-02-20,2024-02-19,20.23,2024-02-16T01:56:04,2024-09-09T18:40:56
SHP00011223,ORD00011223,UPS,2024-12-13,2024-12-19,2024-12-14,9.97,2024-12-13T08:19:12,2025-07-13T05:40:38
SHP00011224,ORD00011224,FedEx,2024-03-11,2024-03-17,2024-03-17,10.93,2024-03-11T14:03:22,2024-06-28T08:01:50
SHP00011225,ORD00011225,FedEx,2025-09-14,2025-09-17,,28.71,2025-09-14T05:07:33,2025-09-27T19:56:33
SHP00011226,ORD00011226,UPS,2024-08-04,2024-08-07,,34.3,2024-08-04T02:12:40,2025-09-20T11:27:32
SHP00011227,ORD00011227,DHL,2025-12-20,2025-12-24,2025-12-23,27.99,2025-12-20T11:32:09,2025-12-22T19:05:43
SHP00011230,ORD00011230,FedEx,2025-04-11,2025-04-14,2025-04-17,4.27,2025-04-11T00:15:49,2026-02-14T03:06:05
SHP00011232,ORD00011232,OnTrac,2025-05-16,2025-05-18,2025-05-17,9.62,2025-05-16T23:08:38,2025-08-17T19:48:36
SHP00011233,ORD00011233,USPS,2025-08-05,2025-08-07,2025-08-09,27.71,2025-08-05T07:04:12,2026-02-09T14:36:30
SHP00011235,ORD00011235,OnTrac,2025-04-06,2025-04-11,2025-04-13,36.54,2025-04-06T12:29:07,2025-11-17T23:30:30
SHP00011238,ORD00011238,XPO,2026-01-23,2026-01-28,2026-01-25,4.28,2026-01-23T19:19:20,2026-02-21T16:07:13
SHP00011240,ORD00011240,XPO,2024-04-02,2024-04-05,,39.05,2024-04-02T06:25:33,2025-10-01T09:25:13
SHP00011242,ORD00011242,OnTrac,2025-01-22,2025-01-28,,34.51,2025-01-22T14:33:23,2025-09-13T21:04:34
SHP00011249,ORD00011249,USPS,2024-05-01,2024-05-03,,22.31,2024-05-01T19:19:14,2025-07-31T03:44:37
SHP00011250,ORD00011250,FedEx,2024-12-06,2024-12-10,,39.54,2024-12-06T06:11:35,2024-12-21T17:47:06
SHP00011251,ORD00011251,USPS,2026-01-08,2026-01-10,2026-01-14,35.52,2026-01-08T13:00:07,2026-02-23T23:12:36
SHP00011253,ORD00011253,XPO,2024-06-29,2024-07-03,2024-07-02,35.03,2024-06-29T20:29:12,2025-09-04T05:02:00
SHP00011254,ORD00011254,XPO,2025-03-16,2025-03-21,2025-03-23,19.77,2025-03-16T06:12:52,2025-09-23T04:41:25
SHP00011255,ORD00011255,UPS,2025-04-05,2025-04-10,2025-04-08,4.12,2025-04-05T02:26:22,2026-02-06T03:20:56
SHP00011256,ORD00011256,USPS,2024-05-28,2024-06-03,2024-06-04,12.96,2024-05-28T15:40:57,2024-11-17T02:14:11
SHP00011259,ORD00011259,OnTrac,2025-01-15,2025-01-19,,37.63,2025-01-15T13:33:57,2025-08-19T23:59:05
SHP00011260,ORD00011260,USPS,2024-10-02,2024-10-04,2024-10-06,17.38,2024-10-02T01:59:58,2025-07-12T20:41:33
SHP00011261,ORD00011261,DHL,2024-10-16,2024-10-22,2024-10-17,29.62,2024-10-16T09:08:02,2025-01-14T13:03:34
SHP00011262,ORD00011262,XPO,2024-08-24,2024-08-28,2024-08-26,7.87,2024-08-24T13:34:29,2025-11-30T08:52:43
SHP00011268,ORD00011268,FedEx,2024-11-23,2024-11-25,2024-11-30,8.56,2024-11-23T08:16:25,2025-07-13T17:45:52
SHP00011270,ORD00011270,XPO,2025-01-22,2025-01-25,,16.62,2025-01-22T06:48:35,2025-10-09T21:08:45
SHP00011272,ORD00011272,FedEx,2024-12-07,2024-12-09,,28.56,2024-12-07T15:20:56,2025-03-23T18:59:14
SHP00011273,ORD00011273,FedEx,2026-02-05,2026-02-11,,31.4,2026-02-05T05:26:43,2026-02-14T14:22:06
SHP00011274,ORD00011274,UPS,2024-07-14,2024-07-20,2024-07-18,26.84,2024-07-14T18:02:14,2024-11-27T00:33:56
SHP00011275,ORD00011275,USPS,2024-11-25,2024-11-27,2024-11-26,24.2,2024-11-25T03:06:07,2025-03-12T11:01:55
SHP00011276,ORD00011276,XPO,2025-01-30,2025-02-01,,8.47,2025-01-30T13:11:32,2025-03-31T04:36:12
SHP00011278,ORD00011278,OnTrac,2025-10-15,2025-10-17,,5.51,2025-10-15T03:41:33,2026-01-16T08:16:47
SHP00011279,ORD00011279,FedEx,2025-05-12,2025-05-18,,32.88,2025-05-12T20:24:23,2025-10-01T22:38:06
SHP00011280,ORD00011280,UPS,2024-07-09,2024-07-11,2024-07-14,20.05,2024-07-09T08:05:48,2025-09-11T09:19:32
SHP00011284,ORD00011284,FedEx,2025-01-03,2025-01-06,2025-01-08,18.24,2025-01-03T20:59:39,2026-02-21T01:18:25
SHP00011285,ORD00011285,FedEx,2025-05-29,2025-06-02,,9.3,2025-05-29T09:37:04,2025-11-29T12:53:13
SHP00011287,ORD00011287,UPS,2024-07-16,2024-07-18,,31.89,2024-07-16T03:02:09,2024-08-29T05:52:38
SHP00011288,ORD00011288,OnTrac,2025-09-14,2025-09-19,2025-09-15,25.37,2025-09-14T12:35:33,2025-12-09T20:52:25
SHP00011289,ORD00011289,XPO,2024-03-01,2024-03-05,2024-03-06,5.11,2024-03-01T07:34:38,2025-06-01T17:18:57
SHP00011290,ORD00011290,XPO,2026-01-01,2026-01-06,2026-01-02,30.69,2026-01-01T19:59:11,2026-02-21T01:56:07
SHP00011293,ORD00011293,OnTrac,2025-06-19,2025-06-25,,29.23,2025-06-19T07:37:51,2025-10-26T06:46:03
SHP00011296,ORD00011296,OnTrac,2024-04-09,2024-04-11,2024-04-14,39.99,2024-04-09T02:49:02,2024-08-20T11:38:16
SHP00011300,ORD00011300,UPS,2025-02-23,2025-02-28,,24.01,2025-02-23T05:49:40,2025-06-21T12:30:18
SHP00011302,ORD00011302,OnTrac,2025-07-14,2025-07-20,,13.43,2025-07-14T11:20:02,2025-11-19T08:17:29
SHP00011303,ORD00011303,XPO,2024-11-23,2024-11-29,,36.08,2024-11-23T23:23:44,2025-03-20T10:11:32
SHP00011313,ORD00011313,USPS,2025-10-29,2025-10-31,,33.08,2025-10-29T06:25:26,2026-02-21T08:55:14
SHP00011314,ORD00011314,UPS,2025-05-30,2025-06-04,,28.66,2025-05-30T05:06:29,2025-12-31T08:20:02
SHP00011316,ORD00011316,FedEx,2025-12-21,2025-12-23,,26.27,2025-12-21T02:37:54,2025-12-26T18:06:25
SHP00011319,ORD00011319,FedEx,2026-01-29,2026-02-02,2026-02-01,32.79,2026-01-29T14:36:13,2026-02-22T20:22:09
SHP00011320,ORD00011320,FedEx,2025-12-04,2025-12-07,,38.3,2025-12-04T15:00:55,2026-01-23T20:49:36
SHP00011321,ORD00011321,XPO,2024-07-30,2024-08-03,,27.68,2024-07-30T19:34:07,2025-02-12T06:25:54
SHP00011322,ORD00011322,XPO,2024-12-02,2024-12-06,2024-12-06,33.29,2024-12-02T22:59:33,2025-05-01T05:42:40
SHP00011325,ORD00011325,XPO,2024-08-25,2024-08-31,2024-08-30,12.11,2024-08-25T14:53:01,2024-09-18T11:53:08
SHP00011329,ORD00011329,DHL,2025-02-17,2025-02-20,2025-02-21,30.6,2025-02-17T19:19:56,2025-04-28T23:00:48
SHP00011330,ORD00011330,OnTrac,2024-02-22,2024-02-25,2024-02-28,15.13,2024-02-22T00:37:58,2024-03-03T22:09:03
SHP00011333,ORD00011333,UPS,2024-02-08,2024-02-14,2024-02-14,12.28,2024-02-08T02:27:00,2024-03-30T10:11:00
SHP00011334,ORD00011334,USPS,2025-02-13,2025-02-17,,30.55,2025-02-13T19:49:38,2025-10-07T14:47:00
SHP00011335,ORD00011335,UPS,2024-09-07,2024-09-13,,14.67,2024-09-07T14:48:52,2025-08-15T17:58:34
SHP00011336,ORD00011336,DHL,2025-05-01,2025-05-05,2025-05-03,4.62,2025-05-01T03:38:04,2025-08-29T16:14:38
SHP00011338,ORD00011338,DHL,2024-08-19,2024-08-25,,32.18,2024-08-19T14:17:38,2024-12-05T19:00:22
SHP00011339,ORD00011339,XPO,2024-10-01,2024-10-05,2024-10-08,23.2,2024-10-01T05:21:36,2025-05-27T01:00:10
SHP00011340,ORD00011340,UPS,2024-07-20,2024-07-22,,30.95,2024-07-20T22:16:48,2025-01-03T08:50:20
SHP00011341,ORD00011341,USPS,2024-08-11,2024-08-16,,9.68,2024-08-11T08:25:28,2025-04-06T06:12:29
SHP00011342,ORD00011342,USPS,2024-03-04,2024-03-08,,26.96,2024-03-04T21:43:21,2025-06-14T09:35:59
SHP00011343,ORD00011343,FedEx,2025-09-11,2025-09-16,,34.43,2025-09-11T12:06:17,2025-11-11T09:51:28
SHP00011346,ORD00011346,OnTrac,2025-09-10,2025-09-13,2025-09-11,20.92,2025-09-10T06:22:29,2026-02-04T17:20:21
SHP00011347,ORD00011347,UPS,2024-12-05,2024-12-07,,6.54,2024-12-05T11:32:26,2026-02-07T19:32:41
SHP00011350,ORD00011350,XPO,2025-03-15,2025-03-18,,25.87,2025-03-15T15:11:51,2025-04-22T14:32:30
SHP00011354,ORD00011354,DHL,2024-05-09,2024-05-14,2024-05-16,13.47,2024-05-09T12:27:37,2025-03-21T13:41:37
SHP00011355,ORD00011355,UPS,2024-10-26,2024-10-28,2024-10-29,18.84,2024-10-26T15:45:42,2025-08-09T08:19:14
SHP00011357,ORD00011357,DHL,2024-09-22,2024-09-28,,21.14,2024-09-22T06:47:13,2026-02-20T12:27:46
SHP00011358,ORD00011358,FedEx,2025-09-23,2025-09-26,,9.29,2025-09-23T20:00:01,2025-12-26T21:17:53
SHP00011360,ORD00011360,OnTrac,2024-12-16,2024-12-18,,20.41,2024-12-16T02:50:35,2025-07-19T02:50:28
SHP00011361,ORD00011361,OnTrac,2025-10-18,2025-10-24,2025-10-22,23.26,2025-10-18T22:09:30,2026-02-18T10:51:55
SHP00011364,ORD00011364,OnTrac,2024-07-11,2024-07-14,2024-07-15,21.07,2024-07-11T02:50:23,2025-07-11T11:31:03
SHP00011366,ORD00011366,FedEx,2024-02-15,2024-02-19,,17.85,2024-02-15T14:14:10,2025-01-08T16:38:28
SHP00011367,ORD00011367,DHL,2024-06-02,2024-06-06,2024-06-08,24.3,2024-06-02T09:11:17,2025-05-11T13:58:25
SHP00011369,ORD00011369,DHL,2026-01-03,2026-01-05,,31.65,2026-01-03T19:02:59,2026-02-14T12:36:50
SHP00011371,ORD00011371,OnTrac,2024-08-26,2024-08-31,,35.11,2024-08-26T07:58:16,2025-01-20T13:03:05
SHP00011372,ORD00011372,USPS,2024-01-16,2024-01-22,,23.7,2024-01-16T22:53:13,2024-05-18T18:45:34
SHP00011376,ORD00011376,FedEx,2024-07-14,2024-07-17,2024-07-17,34.2,2024-07-14T22:24:08,2025-09-30T01:18:32
SHP00011377,ORD00011377,UPS,2025-11-18,2025-11-24,,35.5,2025-11-18T04:48:44,2026-01-26T22:37:10
SHP00011379,ORD00011379,DHL,2024-01-04,2024-01-06,2024-01-08,4.04,2024-01-04T06:08:38,2025-02-02T23:06:41
SHP00011380,ORD00011380,FedEx,2024-01-10,2024-01-14,,23.01,2024-01-10T03:35:49,2025-05-10T14:22:17
SHP00011381,ORD00011381,XPO,2024-11-14,2024-11-19,,12.32,2024-11-14T22:53:08,2025-10-20T04:35:53
SHP00011382,ORD00011382,USPS,2024-01-22,2024-01-27,2024-01-26,33.24,2024-01-22T17:52:56,2025-02-28T22:35:09
SHP00011386,ORD00011386,DHL,2025-05-06,2025-05-12,,9.64,2025-05-06T17:52:15,2025-12-30T05:48:19
SHP00011387,ORD00011387,DHL,2025-12-16,2025-12-22,2025-12-19,9.29,2025-12-16T18:24:06,2026-02-02T04:24:05
SHP00011388,ORD00011388,FedEx,2025-02-24,2025-03-01,,15.86,2025-02-24T15:15:01,2025-12-28T19:38:18
SHP00011390,ORD00011390,FedEx,2025-10-31,2025-11-02,2025-11-04,39.28,2025-10-31T07:26:11,2025-12-03T01:26:38
SHP00011393,ORD00011393,USPS,2024-11-22,2024-11-24,2024-11-24,4.2,2024-11-22T08:52:33,2026-01-29T14:09:24
SHP00011394,ORD00011394,OnTrac,2025-08-08,2025-08-14,,39.1,2025-08-08T19:04:01,2026-02-13T05:01:48
SHP00011396,ORD00011396,OnTrac,2024-09-04,2024-09-08,,12.94,2024-09-04T13:13:37,2025-11-19T04:51:36
SHP00011397,ORD00011397,DHL,2025-01-26,2025-01-30,,26.59,2025-01-26T17:49:40,2025-02-06T08:36:49
SHP00011398,ORD00011398,USPS,2024-12-27,2024-12-30,,9.03,2024-12-27T05:04:03,2025-06-12T03:41:51
SHP00011399,ORD00011399,USPS,2025-06-25,2025-06-29,2025-07-01,15.22,2025-06-25T06:00:47,2025-10-22T22:57:21
SHP00011401,ORD00011401,UPS,2025-01-14,2025-01-18,2025-01-15,27.67,2025-01-14T07:14:39,2025-05-13T18:56:33
SHP00011403,ORD00011403,DHL,2024-10-17,2024-10-21,2024-10-24,4.07,2024-10-17T17:38:41,2025-07-19T19:39:16
SHP00011404,ORD00011404,DHL,2024-04-04,2024-04-09,2024-04-10,8.66,2024-04-04T14:09:11,2026-01-29T05:13:50
SHP00011406,ORD00011406,XPO,2025-03-24,2025-03-27,2025-03-28,26.83,2025-03-24T10:48:20,2025-10-08T00:31:58
SHP00011407,ORD00011407,XPO,2025-07-15,2025-07-20,,25.57,2025-07-15T01:59:05,2026-01-03T00:16:31
SHP00011409,ORD00011409,XPO,2025-11-08,2025-11-14,2025-11-10,35.66,2025-11-08T17:03:04,2025-12-15T14:43:57
SHP00011411,ORD00011411,XPO,2025-10-12,2025-10-17,2025-10-15,28.52,2025-10-12T02:54:43,2025-10-12T16:23:56
SHP00011413,ORD00011413,DHL,2025-06-25,2025-07-01,,5.73,2025-06-25T20:04:35,2025-09-12T22:03:14
SHP00011414,ORD00011414,DHL,2024-07-03,2024-07-06,2024-07-07,29.59,2024-07-03T13:13:03,2025-09-16T08:58:41
SHP00011415,ORD00011415,OnTrac,2025-12-30,2026-01-03,2026-01-03,29.83,2025-12-30T05:49:41,2026-01-05T15:00:25
SHP00011416,ORD00011416,USPS,2024-08-31,2024-09-02,,39.36,2024-08-31T21:24:47,2025-01-20T22:42:55
SHP00011421,ORD00011421,USPS,2025-06-29,2025-07-01,2025-07-01,33.92,2025-06-29T20:45:52,2026-01-07T12:30:54
SHP00011422,ORD00011422,DHL,2024-09-05,2024-09-09,,12.09,2024-09-05T00:39:16,2025-03-30T01:55:08
SHP00011424,ORD00011424,DHL,2025-11-24,2025-11-29,2025-12-01,22.15,2025-11-24T13:59:48,2025-12-07T03:14:33
SHP00011425,ORD00011425,FedEx,2025-01-10,2025-01-12,2025-01-12,7.97,2025-01-10T03:47:55,2025-07-15T10:29:25
SHP00011426,ORD00011426,DHL,2025-04-17,2025-04-21,2025-04-19,7.16,2025-04-17T03:56:27,2025-09-27T06:07:26
SHP00011427,ORD00011427,FedEx,2024-03-20,2024-03-23,,8.31,2024-03-20T22:21:31,2026-02-02T08:11:29
SHP00011430,ORD00011430,FedEx,2024-08-29,2024-09-01,,25.33,2024-08-29T14:28:18,2025-07-06T06:27:07
SHP00011433,ORD00011433,FedEx,2024-03-04,2024-03-08,2024-03-08,24.86,2024-03-04T16:51:57,2026-02-25T00:54:50
SHP00011434,ORD00011434,USPS,2025-01-07,2025-01-09,2025-01-11,31.27,2025-01-07T08:41:15,2026-02-01T01:29:32
SHP00011438,ORD00011438,UPS,2025-01-28,2025-01-31,,29.11,2025-01-28T14:59:21,2025-11-22T13:47:10
SHP00011439,ORD00011439,USPS,2024-10-08,2024-10-14,2024-10-09,21.23,2024-10-08T08:35:44,2025-05-04T23:50:45
SHP00011445,ORD00011445,XPO,2024-10-18,2024-10-23,2024-10-19,23.31,2024-10-18T16:47:47,2025-12-05T04:01:24
SHP00011446,ORD00011446,FedEx,2024-12-27,2025-01-01,2025-01-02,17.82,2024-12-27T21:41:23,2025-10-09T23:10:25
SHP00011447,ORD00011447,UPS,2024-06-19,2024-06-25,,22.38,2024-06-19T15:05:34,2024-08-06T23:54:26
SHP00011449,ORD00011449,FedEx,2026-02-17,2026-02-22,2026-02-21,7.24,2026-02-17T10:34:26,2026-02-23T20:37:22
SHP00011450,ORD00011450,USPS,2025-10-26,2025-10-29,2025-10-30,37.61,2025-10-26T08:58:49,2026-02-22T23:38:31
SHP00011451,ORD00011451,XPO,2024-12-03,2024-12-07,2024-12-06,31.05,2024-12-03T07:21:05,2025-05-23T17:45:15
SHP00011452,ORD00011452,OnTrac,2025-07-18,2025-07-22,,19.51,2025-07-18T09:15:49,2026-02-15T18:04:18
SHP00011453,ORD00011453,DHL,2025-01-08,2025-01-11,2025-01-15,39.84,2025-01-08T21:57:27,2025-12-06T10:33:08
SHP00011454,ORD00011454,UPS,2025-09-14,2025-09-17,2025-09-19,34.78,2025-09-14T05:34:10,2026-02-20T01:25:12
SHP00011455,ORD00011455,XPO,2024-10-13,2024-10-15,2024-10-16,38.95,2024-10-13T03:16:22,2025-03-26T01:24:58
SHP00011457,ORD00011457,XPO,2024-09-12,2024-09-18,2024-09-13,34.86,2024-09-12T04:12:44,2025-07-22T10:16:14
SHP00011458,ORD00011458,FedEx,2024-03-29,2024-03-31,2024-03-31,31.8,2024-03-29T14:30:38,2025-11-14T07:49:55
SHP00011460,ORD00011460,OnTrac,2024-06-26,2024-07-01,,34.89,2024-06-26T15:49:51,2025-06-26T06:33:21
SHP00011461,ORD00011461,USPS,2024-08-15,2024-08-21,2024-08-20,29.02,2024-08-15T13:40:32,2024-10-02T12:02:16
SHP00011464,ORD00011464,DHL,2025-04-14,2025-04-20,2025-04-19,39.4,2025-04-14T18:30:23,2025-10-11T10:18:40
SHP00011465,ORD00011465,USPS,2025-11-22,2025-11-27,,13.99,2025-11-22T00:06:25,2025-12-26T01:33:06
SHP00011466,ORD00011466,UPS,2024-11-06,2024-11-09,,27.37,2024-11-06T04:06:10,2025-02-09T23:02:19
SHP00011467,ORD00011467,UPS,2025-05-20,2025-05-26,,36.57,2025-05-20T16:03:09,2025-09-29T15:07:16
SHP00011469,ORD00011469,UPS,2025-06-26,2025-06-30,2025-07-01,23.53,2025-06-26T02:55:40,2025-08-06T20:21:30
SHP00011471,ORD00011471,OnTrac,2024-06-11,2024-06-13,,13.56,2024-06-11T07:15:00,2025-11-28T02:35:57
SHP00011472,ORD00011472,OnTrac,2025-05-18,2025-05-24,2025-05-24,19.91,2025-05-18T03:44:46,2026-01-08T14:15:01
SHP00011474,ORD00011474,OnTrac,2026-02-03,2026-02-08,2026-02-09,28.68,2026-02-03T15:28:49,2026-02-20T23:42:38
SHP00011475,ORD00011475,UPS,2024-01-25,2024-01-31,2024-01-27,20.53,2024-01-25T12:16:19,2025-03-13T02:13:06
SHP00011476,ORD00011476,UPS,2025-02-20,2025-02-23,2025-02-23,15.41,2025-02-20T21:21:53,2025-11-07T16:56:07
SHP00011478,ORD00011478,DHL,2025-09-28,2025-10-02,,31.95,2025-09-28T00:34:53,2026-02-14T03:24:01
SHP00011479,ORD00011479,OnTrac,2024-09-19,2024-09-22,,14.56,2024-09-19T01:17:56,2024-09-24T06:17:44
SHP00011480,ORD00011480,DHL,2024-04-28,2024-05-02,2024-04-30,23.09,2024-04-28T02:56:23,2025-05-22T16:46:05
SHP00011481,ORD00011481,OnTrac,2024-07-18,2024-07-20,2024-07-24,17.55,2024-07-18T23:52:30,2024-12-14T08:21:21
SHP00011482,ORD00011482,DHL,2024-12-03,2024-12-05,,35.34,2024-12-03T11:43:15,2026-01-23T15:28:14
SHP00011483,ORD00011483,DHL,2026-02-15,2026-02-17,,31.12,2026-02-15T21:26:12,2026-02-19T13:34:04
SHP00011484,ORD00011484,XPO,2025-10-07,2025-10-11,,8.33,2025-10-07T07:08:58,2025-10-12T21:04:29
SHP00011486,ORD00011486,XPO,2025-05-22,2025-05-28,2025-05-27,37.07,2025-05-22T08:14:19,2025-08-27T19:06:14
SHP00011487,ORD00011487,UPS,2024-02-01,2024-02-03,,15.59,2024-02-01T15:47:20,2026-02-08T21:14:28
SHP00011488,ORD00011488,XPO,2025-10-29,2025-11-01,2025-10-31,31.62,2025-10-29T22:24:31,2026-01-11T02:35:32
SHP00011494,ORD00011494,FedEx,2025-01-03,2025-01-05,2025-01-09,23.53,2025-01-03T14:53:04,2025-04-28T21:19:11
SHP00011496,ORD00011496,DHL,2024-10-11,2024-10-16,2024-10-18,14.02,2024-10-11T06:09:59,2025-05-22T14:15:46
SHP00011499,ORD00011499,DHL,2024-07-19,2024-07-21,2024-07-22,5.36,2024-07-19T06:34:20,2025-07-02T07:57:01
SHP00011500,ORD00011500,FedEx,2024-06-09,2024-06-13,2024-06-10,35.95,2024-06-09T07:08:33,2026-01-22T09:32:17
SHP00011501,ORD00011501,FedEx,2025-04-27,2025-05-02,,11.87,2025-04-27T15:48:29,2025-07-12T22:33:16
SHP00011503,ORD00011503,USPS,2024-09-08,2024-09-11,2024-09-12,31.2,2024-09-08T19:10:41,2026-01-15T21:31:11
SHP00011504,ORD00011504,DHL,2025-12-21,2025-12-27,2025-12-22,25.29,2025-12-21T10:15:25,2026-02-20T01:11:56
SHP00011506,ORD00011506,XPO,2024-10-05,2024-10-08,,25.1,2024-10-05T16:02:57,2026-01-05T13:01:44
SHP00011507,ORD00011507,UPS,2026-02-21,2026-02-25,2026-02-22,36.47,2026-02-21T10:50:25,2026-02-25T05:59:01
SHP00011508,ORD00011508,FedEx,2024-10-14,2024-10-19,,24.23,2024-10-14T03:23:51,2025-12-08T23:04:00
SHP00011511,ORD00011511,OnTrac,2024-07-19,2024-07-25,,17.87,2024-07-19T09:31:29,2024-08-26T13:47:32
SHP00011512,ORD00011512,USPS,2025-04-13,2025-04-18,2025-04-20,15.16,2025-04-13T13:23:37,2025-06-13T21:47:05
SHP00011513,ORD00011513,OnTrac,2024-04-24,2024-04-30,,35.55,2024-04-24T16:24:44,2024-11-24T21:56:26
SHP00011514,ORD00011514,USPS,2024-04-19,2024-04-21,,22.64,2024-04-19T18:40:47,2025-06-14T14:28:09
SHP00011515,ORD00011515,DHL,2024-08-23,2024-08-26,2024-08-29,23.02,2024-08-23T04:53:27,2025-01-15T15:55:14
SHP00011516,ORD00011516,DHL,2026-02-21,2026-02-26,,6.09,2026-02-21T18:17:35,2026-02-28T21:05:55
SHP00011517,ORD00011517,OnTrac,2025-08-25,2025-08-31,,15.04,2025-08-25T00:43:48,2025-09-23T18:01:21
SHP00011519,ORD00011519,FedEx,2024-04-19,2024-04-23,,24.22,2024-04-19T04:48:05,2024-07-15T11:48:39
SHP00011520,ORD00011520,OnTrac,2025-11-12,2025-11-14,2025-11-18,14.81,2025-11-12T14:36:41,2026-01-20T15:20:44
SHP00011522,ORD00011522,USPS,2025-11-17,2025-11-23,2025-11-20,26.78,2025-11-17T16:51:21,2025-12-31T23:16:05
SHP00011524,ORD00011524,USPS,2025-07-07,2025-07-11,2025-07-09,36.36,2025-07-07T19:42:54,2025-07-19T21:57:54
SHP00011525,ORD00011525,DHL,2025-02-04,2025-02-08,2025-02-10,36.46,2025-02-04T09:57:54,2025-03-24T05:57:56
SHP00011529,ORD00011529,UPS,2025-09-27,2025-10-01,2025-10-03,6.71,2025-09-27T05:42:20,2025-11-25T14:13:50
SHP00011531,ORD00011531,UPS,2025-12-16,2025-12-22,2025-12-17,28.37,2025-12-16T20:02:05,2026-02-20T22:17:02
SHP00011532,ORD00011532,OnTrac,2025-09-09,2025-09-14,2025-09-13,25.21,2025-09-09T13:22:34,2026-02-17T23:20:23
SHP00011533,ORD00011533,DHL,2024-06-19,2024-06-24,2024-06-23,31.78,2024-06-19T08:19:24,2026-01-26T12:22:46
SHP00011535,ORD00011535,XPO,2024-10-05,2024-10-09,,17.29,2024-10-05T07:59:55,2025-11-21T01:07:54
SHP00011537,ORD00011537,UPS,2024-05-28,2024-06-03,2024-06-04,10.71,2024-05-28T10:54:32,2025-02-24T22:30:55
SHP00011540,ORD00011540,USPS,2024-08-30,2024-09-03,2024-09-02,27.02,2024-08-30T21:56:15,2025-06-19T19:51:43
SHP00011541,ORD00011541,XPO,2025-08-17,2025-08-22,2025-08-24,18.83,2025-08-17T00:13:04,2025-11-08T14:13:56
SHP00011542,ORD00011542,UPS,2024-07-31,2024-08-06,2024-08-06,5.56,2024-07-31T04:57:13,2024-11-15T01:06:20
SHP00011543,ORD00011543,USPS,2024-08-08,2024-08-14,,36.92,2024-08-08T00:45:50,2024-12-27T21:38:38
SHP00011545,ORD00011545,XPO,2026-02-24,2026-02-28,,16.43,2026-02-24T07:03:25,2026-02-26T15:07:20
SHP00011546,ORD00011546,XPO,2024-07-22,2024-07-27,,36.97,2024-07-22T01:03:59,2024-08-04T02:42:01
SHP00011547,ORD00011547,DHL,2024-04-10,2024-04-16,,30.4,2024-04-10T20:33:39,2024-09-28T09:49:31
SHP00011553,ORD00011553,FedEx,2024-05-05,2024-05-09,2024-05-09,36.95,2024-05-05T06:52:03,2024-08-25T00:20:29
SHP00011554,ORD00011554,OnTrac,2025-12-31,2026-01-05,2026-01-05,11.32,2025-12-31T01:34:10,2026-02-18T11:29:17
SHP00011556,ORD00011556,XPO,2024-08-21,2024-08-27,,8.98,2024-08-21T02:09:39,2025-05-09T04:28:24
SHP00011557,ORD00011557,DHL,2024-04-02,2024-04-06,,35.85,2024-04-02T00:57:34,2024-06-21T03:18:11
SHP00011558,ORD00011558,OnTrac,2025-11-07,2025-11-10,,34.41,2025-11-07T11:54:37,2026-01-13T18:38:54
SHP00011560,ORD00011560,OnTrac,2025-08-20,2025-08-25,,39.58,2025-08-20T08:44:40,2025-10-06T16:01:16
SHP00011561,ORD00011561,OnTrac,2024-09-04,2024-09-07,,28.04,2024-09-04T03:59:20,2025-07-12T00:53:48
SHP00011562,ORD00011562,USPS,2024-04-13,2024-04-16,,24.57,2024-04-13T01:38:20,2025-07-22T00:02:34
SHP00011565,ORD00011565,OnTrac,2025-08-03,2025-08-07,2025-08-06,7.83,2025-08-03T06:44:38,2025-11-18T18:45:01
SHP00011567,ORD00011567,UPS,2024-01-04,2024-01-09,2024-01-09,31.79,2024-01-04T17:04:18,2024-05-28T16:01:51
SHP00011569,ORD00011569,USPS,2025-09-20,2025-09-22,,30.17,2025-09-20T12:22:45,2025-12-24T22:29:37
SHP00011571,ORD00011571,UPS,2026-01-01,2026-01-03,,25.71,2026-01-01T22:52:08,2026-03-01T01:14:11
SHP00011572,ORD00011572,XPO,2024-08-11,2024-08-17,,11.15,2024-08-11T10:58:52,2025-10-12T08:52:03
SHP00011576,ORD00011576,DHL,2025-09-17,2025-09-21,,30.69,2025-09-17T03:02:17,2026-01-24T06:28:39
SHP00011577,ORD00011577,USPS,2024-04-12,2024-04-15,,37.7,2024-04-12T03:14:33,2025-05-07T16:20:38
SHP00011580,ORD00011580,OnTrac,2024-03-02,2024-03-05,,15.12,2024-03-02T04:27:33,2024-09-03T04:58:17
SHP00011582,ORD00011582,OnTrac,2025-04-29,2025-05-02,2025-05-04,10.01,2025-04-29T16:59:47,2025-09-18T04:53:22
SHP00011584,ORD00011584,FedEx,2026-02-08,2026-02-12,2026-02-12,28.03,2026-02-08T08:42:55,2026-02-08T04:47:24
SHP00011585,ORD00011585,UPS,2025-07-18,2025-07-21,2025-07-24,5.17,2025-07-18T14:03:30,2025-11-07T09:29:42
SHP00011586,ORD00011586,XPO,2025-12-29,2026-01-03,,24.09,2025-12-29T00:38:25,2026-02-07T21:25:31
SHP00011589,ORD00011589,FedEx,2025-02-02,2025-02-07,2025-02-08,27.56,2025-02-02T08:54:27,2026-02-21T13:48:20
SHP00011590,ORD00011590,USPS,2025-10-06,2025-10-09,2025-10-12,14.07,2025-10-06T11:33:39,2026-02-22T23:20:11
SHP00011591,ORD00011591,OnTrac,2024-02-14,2024-02-19,2024-02-17,33.66,2024-02-14T22:45:56,2024-10-26T06:04:25
SHP00011596,ORD00011596,FedEx,2024-03-27,2024-03-30,2024-03-30,24.8,2024-03-27T22:07:52,2026-02-13T15:29:30
SHP00011598,ORD00011598,XPO,2026-02-25,2026-02-27,2026-03-01,21.74,2026-02-25T00:01:00,2026-02-25T01:49:57
SHP00011599,ORD00011599,FedEx,2025-12-04,2025-12-07,,25.62,2025-12-04T23:31:53,2026-01-02T19:28:00
SHP00011601,ORD00011601,FedEx,2024-12-28,2025-01-01,,6.17,2024-12-28T21:50:31,2025-08-25T14:22:56
SHP00011603,ORD00011603,USPS,2025-05-26,2025-05-30,,36.55,2025-05-26T19:38:10,2025-12-21T07:57:30
SHP00011604,ORD00011604,XPO,2024-06-10,2024-06-16,2024-06-16,34.36,2024-06-10T21:56:25,2025-12-25T06:27:32
SHP00011606,ORD00011606,XPO,2024-02-12,2024-02-14,2024-02-18,25.02,2024-02-12T03:33:59,2025-07-20T23:28:30
SHP00011607,ORD00011607,OnTrac,2024-08-06,2024-08-09,,17.4,2024-08-06T04:50:37,2024-10-03T05:15:17
SHP00011612,ORD00011612,UPS,2025-03-30,2025-04-03,2025-03-31,6.84,2025-03-30T13:14:54,2025-04-07T10:19:41
SHP00011614,ORD00011614,OnTrac,2024-06-12,2024-06-16,2024-06-17,9.47,2024-06-12T20:18:26,2025-12-18T16:16:17
SHP00011617,ORD00011617,USPS,2026-03-01,2026-03-03,2026-03-08,11.51,2026-03-01T19:16:31,2026-03-01T13:23:28
SHP00011618,ORD00011618,USPS,2026-01-12,2026-01-18,2026-01-16,38.4,2026-01-12T18:50:46,2026-02-13T05:26:35
SHP00011619,ORD00011619,DHL,2024-12-09,2024-12-15,,14.68,2024-12-09T10:28:15,2025-11-17T14:23:35
SHP00011620,ORD00011620,FedEx,2024-09-24,2024-09-27,2024-09-26,7.4,2024-09-24T00:41:48,2024-11-04T15:23:23
SHP00011629,ORD00011629,DHL,2024-07-31,2024-08-04,2024-08-05,32.89,2024-07-31T01:06:55,2024-11-10T17:23:23
SHP00011631,ORD00011631,USPS,2025-09-19,2025-09-22,,29.65,2025-09-19T13:06:17,2026-01-20T13:41:54
SHP00011632,ORD00011632,UPS,2024-09-13,2024-09-15,2024-09-14,32.34,2024-09-13T03:21:33,2025-03-03T10:15:18
SHP00011634,ORD00011634,DHL,2024-05-27,2024-05-29,2024-06-02,34.86,2024-05-27T22:22:32,2025-09-26T03:37:13
SHP00011636,ORD00011636,XPO,2024-05-17,2024-05-23,2024-05-21,22.8,2024-05-17T12:25:07,2026-02-19T04:52:13
SHP00011637,ORD00011637,USPS,2025-02-05,2025-02-09,,38.08,2025-02-05T04:42:13,2026-02-09T01:49:55
SHP00011641,ORD00011641,XPO,2025-11-21,2025-11-26,2025-11-25,38.38,2025-11-21T20:11:11,2025-11-23T03:31:37
SHP00011644,ORD00011644,OnTrac,2024-12-22,2024-12-28,,39.39,2024-12-22T08:38:48,2025-06-22T12:05:33
SHP00011646,ORD00011646,XPO,2026-02-28,2026-03-02,2026-03-02,28.57,2026-02-28T23:44:48,2026-02-28T01:08:51
SHP00011647,ORD00011647,FedEx,2025-01-07,2025-01-13,,35.16,2025-01-07T18:19:03,2025-07-16T12:06:34
SHP00011648,ORD00011648,FedEx,2024-06-19,2024-06-25,2024-06-22,17.43,2024-06-19T15:48:35,2025-12-18T07:48:32
SHP00011649,ORD00011649,USPS,2025-02-01,2025-02-06,2025-02-08,38.57,2025-02-01T12:06:59,2025-04-16T02:30:07
SHP00011651,ORD00011651,DHL,2024-03-16,2024-03-22,,5.14,2024-03-16T08:45:36,2024-08-12T01:49:04
SHP00011653,ORD00011653,FedEx,2026-01-09,2026-01-15,2026-01-15,21.94,2026-01-09T17:46:40,2026-02-17T16:13:58
SHP00011654,ORD00011654,USPS,2024-01-25,2024-01-29,2024-01-29,32.63,2024-01-25T18:25:04,2024-05-21T13:15:04
SHP00011659,ORD00011659,FedEx,2025-01-20,2025-01-26,2025-01-25,34.14,2025-01-20T00:02:36,2025-07-29T21:35:16
SHP00011661,ORD00011661,UPS,2025-06-10,2025-06-16,,18.76,2025-06-10T17:29:14,2025-12-17T10:56:15
SHP00011662,ORD00011662,DHL,2024-03-14,2024-03-16,2024-03-18,8.68,2024-03-14T07:10:05,2024-05-12T12:44:55
SHP00011663,ORD00011663,FedEx,2024-10-29,2024-10-31,,19.41,2024-10-29T02:22:58,2025-06-23T11:26:04
SHP00011664,ORD00011664,FedEx,2025-09-08,2025-09-13,2025-09-13,30.54,2025-09-08T00:59:17,2026-02-24T16:23:17
SHP00011665,ORD00011665,FedEx,2026-02-04,2026-02-07,2026-02-07,24.31,2026-02-04T09:45:09,2026-02-12T21:52:41
SHP00011666,ORD00011666,UPS,2025-07-26,2025-07-29,2025-07-27,39.57,2025-07-26T02:25:47,2026-02-17T17:31:25
SHP00011670,ORD00011670,FedEx,2024-09-03,2024-09-06,,37.19,2024-09-03T02:46:36,2025-10-28T20:40:01
SHP00011671,ORD00011671,USPS,2024-11-12,2024-11-16,,28.07,2024-11-12T10:14:57,2025-01-21T13:31:32
SHP00011673,ORD00011673,OnTrac,2024-08-04,2024-08-10,2024-08-07,8.31,2024-08-04T12:46:38,2025-05-16T08:53:23
SHP00011677,ORD00011677,XPO,2024-11-09,2024-11-14,2024-11-13,19.65,2024-11-09T08:36:14,2025-08-12T18:56:11
SHP00011678,ORD00011678,UPS,2025-07-08,2025-07-11,,4.32,2025-07-08T06:17:39,2025-12-22T18:17:11
SHP00011680,ORD00011680,UPS,2026-01-10,2026-01-14,,5.32,2026-01-10T17:57:30,2026-02-13T23:36:29
SHP00011681,ORD00011681,USPS,2025-04-07,2025-04-09,2025-04-14,22.3,2025-04-07T12:20:07,2025-12-25T09:46:45
SHP00011682,ORD00011682,DHL,2025-05-06,2025-05-11,2025-05-07,34.8,2025-05-06T17:50:00,2025-07-15T19:53:23
SHP00011683,ORD00011683,DHL,2025-11-06,2025-11-10,,39.64,2025-11-06T03:16:14,2025-11-22T10:30:53
SHP00011684,ORD00011684,XPO,2025-07-31,2025-08-02,2025-08-04,16.89,2025-07-31T20:31:48,2025-12-29T10:24:46
SHP00011686,ORD00011686,FedEx,2025-03-12,2025-03-15,2025-03-18,15.66,2025-03-12T22:58:56,2025-10-17T22:29:23
SHP00011691,ORD00011691,UPS,2025-11-03,2025-11-09,2025-11-05,18.31,2025-11-03T13:14:15,2026-02-09T03:16:37
SHP00011693,ORD00011693,USPS,2025-05-07,2025-05-12,,19.8,2025-05-07T12:41:13,2025-05-26T19:18:43
SHP00011694,ORD00011694,XPO,2026-02-10,2026-02-14,,7.83,2026-02-10T06:00:58,2026-02-18T16:28:58
SHP00011696,ORD00011696,UPS,2024-08-12,2024-08-16,,10.36,2024-08-12T19:37:51,2025-04-13T17:36:23
SHP00011698,ORD00011698,DHL,2025-03-18,2025-03-24,2025-03-20,20.68,2025-03-18T10:28:36,2025-11-08T20:36:11
SHP00011699,ORD00011699,FedEx,2024-12-25,2024-12-29,2024-12-30,30.39,2024-12-25T14:25:01,2025-07-19T05:35:03
SHP00011701,ORD00011701,XPO,2025-06-19,2025-06-25,2025-06-23,36.38,2025-06-19T12:33:53,2025-11-24T14:03:57
SHP00011702,ORD00011702,UPS,2024-02-15,2024-02-21,2024-02-20,8.48,2024-02-15T06:25:58,2025-12-11T03:47:30
SHP00011703,ORD00011703,UPS,2025-11-11,2025-11-17,2025-11-12,39.84,2025-11-11T14:05:03,2026-01-17T08:41:44
SHP00011705,ORD00011705,DHL,2025-06-02,2025-06-05,2025-06-09,7.87,2025-06-02T12:13:50,2026-02-06T11:53:26
SHP00011707,ORD00011707,OnTrac,2025-08-02,2025-08-06,2025-08-05,9.54,2025-08-02T00:28:33,2025-12-02T04:13:46
SHP00011714,ORD00011714,OnTrac,2025-08-02,2025-08-07,,29.45,2025-08-02T17:35:05,2025-09-30T13:47:38
SHP00011715,ORD00011715,XPO,2024-03-11,2024-03-17,2024-03-14,21.03,2024-03-11T04:58:33,2025-05-22T06:13:50
SHP00011716,ORD00011716,USPS,2024-03-05,2024-03-11,,30.95,2024-03-05T05:10:40,2026-02-07T20:04:21
SHP00011717,ORD00011717,OnTrac,2024-09-23,2024-09-29,,27.07,2024-09-23T19:17:29,2025-03-07T09:03:18
SHP00011718,ORD00011718,UPS,2024-08-17,2024-08-19,2024-08-19,16.84,2024-08-17T20:13:45,2024-09-22T12:00:40
SHP00011721,ORD00011721,XPO,2024-09-18,2024-09-22,2024-09-20,29.5,2024-09-18T05:15:03,2024-10-07T09:22:34
SHP00011722,ORD00011722,XPO,2025-09-09,2025-09-12,,10.19,2025-09-09T13:25:16,2026-01-25T10:21:13
SHP00011723,ORD00011723,DHL,2024-12-13,2024-12-17,2024-12-18,25.37,2024-12-13T16:48:12,2026-01-25T10:10:33
SHP00011728,ORD00011728,FedEx,2025-04-22,2025-04-24,2025-04-24,26.18,2025-04-22T08:18:56,2026-02-21T09:30:30
SHP00011729,ORD00011729,FedEx,2025-02-18,2025-02-23,2025-02-21,39.68,2025-02-18T11:22:07,2025-10-11T02:01:05
SHP00011730,ORD00011730,FedEx,2025-05-25,2025-05-30,2025-05-27,25.8,2025-05-25T03:35:12,2025-09-15T09:21:53
SHP00011732,ORD00011732,UPS,2025-05-21,2025-05-27,,31.22,2025-05-21T10:43:36,2025-07-27T13:08:50
SHP00011735,ORD00011735,XPO,2025-02-18,2025-02-21,,29.64,2025-02-18T00:36:40,2025-07-04T04:08:59
SHP00011738,ORD00011738,OnTrac,2025-11-11,2025-11-17,2025-11-13,39.56,2025-11-11T23:30:01,2025-12-20T02:21:23
SHP00011739,ORD00011739,DHL,2025-03-15,2025-03-18,,27.85,2025-03-15T17:48:59,2025-08-21T19:55:37
SHP00011740,ORD00011740,FedEx,2025-10-12,2025-10-16,2025-10-19,6.19,2025-10-12T03:29:01,2025-11-21T03:43:07
SHP00011741,ORD00011741,OnTrac,2025-04-25,2025-05-01,,24.98,2025-04-25T18:02:12,2026-01-04T09:13:00
SHP00011742,ORD00011742,USPS,2024-09-27,2024-10-02,2024-09-29,39.96,2024-09-27T18:47:02,2025-01-22T05:00:16
SHP00011743,ORD00011743,USPS,2025-11-18,2025-11-24,2025-11-20,10.06,2025-11-18T19:48:46,2026-01-20T09:29:12
SHP00011745,ORD00011745,DHL,2024-06-04,2024-06-06,,8.75,2024-06-04T03:08:53,2024-10-13T12:07:27
SHP00011746,ORD00011746,FedEx,2025-07-06,2025-07-11,,7.12,2025-07-06T05:32:51,2025-11-28T16:09:49
SHP00011751,ORD00011751,OnTrac,2024-07-09,2024-07-11,2024-07-13,12.92,2024-07-09T19:39:44,2024-10-28T19:55:39
SHP00011752,ORD00011752,UPS,2025-12-08,2025-12-11,2025-12-14,28.38,2025-12-08T20:44:38,2025-12-11T17:34:36
SHP00011753,ORD00011753,OnTrac,2024-05-17,2024-05-21,2024-05-22,34.82,2024-05-17T16:27:27,2024-09-06T04:20:51
SHP00011754,ORD00011754,FedEx,2025-11-20,2025-11-24,,9.0,2025-11-20T06:53:05,2025-12-28T18:07:35
SHP00011756,ORD00011756,FedEx,2024-02-03,2024-02-07,,33.97,2024-02-03T09:28:58,2024-06-08T23:22:20
SHP00011757,ORD00011757,DHL,2025-02-01,2025-02-03,2025-02-08,10.03,2025-02-01T02:50:35,2025-09-29T15:59:56
SHP00011760,ORD00011760,USPS,2024-12-03,2024-12-08,2024-12-06,15.25,2024-12-03T13:46:22,2024-12-18T16:59:17
SHP00011761,ORD00011761,USPS,2024-12-19,2024-12-21,2024-12-22,4.49,2024-12-19T06:39:07,2025-11-16T04:37:21
SHP00011762,ORD00011762,UPS,2026-01-25,2026-01-31,,22.98,2026-01-25T19:18:28,2026-02-16T00:17:31
SHP00011765,ORD00011765,FedEx,2025-05-20,2025-05-22,2025-05-23,31.95,2025-05-20T11:43:54,2025-07-17T16:07:42
SHP00011767,ORD00011767,XPO,2025-06-01,2025-06-03,,19.19,2025-06-01T11:34:54,2025-08-29T14:19:24
SHP00011768,ORD00011768,DHL,2025-06-28,2025-07-04,2025-06-30,10.05,2025-06-28T19:24:33,2026-02-25T18:54:09
SHP00011769,ORD00011769,UPS,2024-10-19,2024-10-22,2024-10-20,28.81,2024-10-19T02:11:47,2024-12-01T01:42:33
SHP00011771,ORD00011771,OnTrac,2024-12-11,2024-12-17,,9.68,2024-12-11T07:14:08,2025-02-08T21:56:39
SHP00011774,ORD00011774,USPS,2024-05-11,2024-05-13,2024-05-15,12.97,2024-05-11T15:47:19,2024-09-27T07:28:47
SHP00011777,ORD00011777,FedEx,2024-10-01,2024-10-04,,14.3,2024-10-01T01:06:14,2024-11-12T09:47:45
SHP00011779,ORD00011779,XPO,2024-06-22,2024-06-24,,20.33,2024-06-22T12:00:47,2024-11-22T21:35:24
SHP00011780,ORD00011780,UPS,2024-08-23,2024-08-25,2024-08-26,22.91,2024-08-23T19:22:05,2025-09-01T03:03:52
SHP00011781,ORD00011781,DHL,2024-12-09,2024-12-11,2024-12-14,11.55,2024-12-09T22:34:08,2025-07-14T03:23:51
SHP00011782,ORD00011782,OnTrac,2025-10-26,2025-10-30,2025-10-29,32.98,2025-10-26T07:23:04,2026-02-25T09:30:36
SHP00011783,ORD00011783,USPS,2025-11-16,2025-11-21,,29.33,2025-11-16T09:47:18,2026-01-25T15:04:31
SHP00011784,ORD00011784,UPS,2024-02-20,2024-02-24,2024-02-25,10.37,2024-02-20T20:57:50,2025-01-05T01:55:23
SHP00011785,ORD00011785,UPS,2025-07-03,2025-07-06,2025-07-07,31.27,2025-07-03T20:16:40,2025-08-20T10:27:00
SHP00011786,ORD00011786,DHL,2025-05-21,2025-05-27,,4.14,2025-05-21T05:25:24,2025-11-18T14:12:59
SHP00011788,ORD00011788,FedEx,2024-05-29,2024-06-02,2024-06-04,4.11,2024-05-29T17:44:46,2026-01-07T07:18:44
SHP00011789,ORD00011789,OnTrac,2025-03-23,2025-03-29,2025-03-26,6.29,2025-03-23T20:46:52,2025-11-18T06:45:38
SHP00011791,ORD00011791,FedEx,2025-07-22,2025-07-27,2025-07-23,30.38,2025-07-22T22:59:06,2026-02-27T14:05:26
SHP00011793,ORD00011793,USPS,2024-12-01,2024-12-03,2024-12-06,35.87,2024-12-01T21:44:22,2025-03-25T10:07:51
SHP00011794,ORD00011794,OnTrac,2024-05-16,2024-05-22,2024-05-17,27.06,2024-05-16T18:59:45,2024-08-01T15:24:02
SHP00011795,ORD00011795,FedEx,2024-07-09,2024-07-11,2024-07-14,12.99,2024-07-09T09:37:42,2025-09-07T20:39:43
SHP00011796,ORD00011796,DHL,2025-10-11,2025-10-17,2025-10-15,16.21,2025-10-11T09:56:45,2026-01-24T01:51:26
SHP00011798,ORD00011798,XPO,2024-06-24,2024-06-26,2024-07-01,7.48,2024-06-24T11:56:19,2025-11-14T10:37:28
SHP00011800,ORD00011800,OnTrac,2024-11-23,2024-11-26,,39.64,2024-11-23T14:41:43,2025-04-25T17:45:17
SHP00011801,ORD00011801,FedEx,2026-02-20,2026-02-25,2026-02-21,36.55,2026-02-20T22:16:31,2026-02-20T16:00:32
SHP00011803,ORD00011803,OnTrac,2024-10-26,2024-10-30,2024-10-30,37.04,2024-10-26T00:28:04,2025-01-12T21:33:22
SHP00011804,ORD00011804,USPS,2025-03-17,2025-03-21,2025-03-23,38.69,2025-03-17T14:32:57,2026-02-15T16:32:10
SHP00011805,ORD00011805,XPO,2024-06-14,2024-06-16,2024-06-21,28.44,2024-06-14T23:03:56,2024-07-17T23:59:30
SHP00011806,ORD00011806,USPS,2026-02-24,2026-02-26,2026-03-03,39.03,2026-02-24T02:05:03,2026-03-01T10:10:03
SHP00011807,ORD00011807,OnTrac,2026-02-03,2026-02-08,2026-02-06,28.5,2026-02-03T11:40:13,2026-02-08T23:53:13
SHP00011808,ORD00011808,OnTrac,2025-07-06,2025-07-11,2025-07-07,36.3,2025-07-06T21:43:50,2025-08-30T22:12:21
SHP00011810,ORD00011810,USPS,2024-11-05,2024-11-08,,27.67,2024-11-05T07:54:32,2025-12-02T08:18:23
SHP00011811,ORD00011811,UPS,2024-10-05,2024-10-09,,12.42,2024-10-05T21:21:42,2025-04-23T03:12:49
SHP00011813,ORD00011813,XPO,2025-04-06,2025-04-11,2025-04-08,11.01,2025-04-06T21:45:01,2025-08-21T03:54:04
SHP00011814,ORD00011814,OnTrac,2024-04-30,2024-05-04,2024-05-05,13.59,2024-04-30T13:47:59,2026-01-16T04:40:41
SHP00011819,ORD00011819,UPS,2025-11-05,2025-11-10,2025-11-10,24.98,2025-11-05T09:51:31,2026-02-23T02:29:03
SHP00011820,ORD00011820,UPS,2024-06-16,2024-06-18,2024-06-17,29.08,2024-06-16T23:26:54,2025-09-29T00:45:24
SHP00011823,ORD00011823,XPO,2025-05-20,2025-05-24,2025-05-24,15.0,2025-05-20T11:00:52,2026-02-25T13:54:52
SHP00011824,ORD00011824,UPS,2025-03-25,2025-03-29,2025-03-28,25.56,2025-03-25T21:12:05,2025-06-20T00:52:19
SHP00011826,ORD00011826,FedEx,2024-09-22,2024-09-28,,34.31,2024-09-22T19:34:16,2025-05-20T18:19:24
SHP00011827,ORD00011827,XPO,2025-07-16,2025-07-19,,36.76,2025-07-16T16:15:44,2025-10-14T03:10:49
SHP00011828,ORD00011828,OnTrac,2026-01-10,2026-01-14,,19.44,2026-01-10T03:12:30,2026-02-04T08:48:14
SHP00011830,ORD00011830,OnTrac,2025-10-22,2025-10-26,,27.53,2025-10-22T20:38:56,2026-02-03T23:18:27
SHP00011832,ORD00011832,DHL,2025-09-14,2025-09-17,2025-09-19,14.65,2025-09-14T16:54:47,2025-12-15T16:23:20
SHP00011834,ORD00011834,DHL,2026-02-07,2026-02-10,2026-02-14,32.65,2026-02-07T01:02:34,2026-02-11T18:43:28
SHP00011836,ORD00011836,FedEx,2025-02-14,2025-02-18,2025-02-16,11.08,2025-02-14T11:36:03,2025-05-28T04:31:01
SHP00011838,ORD00011838,DHL,2024-08-13,2024-08-17,2024-08-20,16.56,2024-08-13T14:42:19,2024-10-03T17:19:22
SHP00011839,ORD00011839,USPS,2024-07-29,2024-08-01,,4.12,2024-07-29T14:17:19,2025-03-21T22:54:46
SHP00011840,ORD00011840,DHL,2025-05-08,2025-05-12,2025-05-12,27.53,2025-05-08T18:22:48,2026-01-11T14:06:04
SHP00011842,ORD00011842,FedEx,2025-04-26,2025-05-02,2025-04-29,14.63,2025-04-26T08:28:14,2025-08-16T05:55:55
SHP00011843,ORD00011843,USPS,2026-02-10,2026-02-13,2026-02-12,10.01,2026-02-10T07:28:58,2026-02-14T00:57:41
SHP00011844,ORD00011844,XPO,2024-06-19,2024-06-21,,22.07,2024-06-19T04:06:45,2024-11-23T01:12:40
SHP00011845,ORD00011845,OnTrac,2025-09-30,2025-10-03,2025-10-07,12.0,2025-09-30T05:33:38,2025-11-30T16:28:02
SHP00011846,ORD00011846,XPO,2025-03-27,2025-03-29,2025-04-01,10.64,2025-03-27T03:45:57,2025-10-27T14:11:51
SHP00011847,ORD00011847,DHL,2025-10-29,2025-10-31,2025-11-04,34.76,2025-10-29T18:34:06,2025-10-30T04:59:23
SHP00011849,ORD00011849,DHL,2024-03-27,2024-04-02,2024-03-30,31.42,2024-03-27T03:05:43,2025-04-06T14:52:07
SHP00011850,ORD00011850,XPO,2024-10-06,2024-10-10,,13.14,2024-10-06T06:31:36,2025-07-09T11:11:10
SHP00011851,ORD00011851,DHL,2026-02-28,2026-03-03,,13.83,2026-02-28T04:45:07,2026-03-01T15:00:38
SHP00011852,ORD00011852,OnTrac,2025-04-21,2025-04-25,,13.93,2025-04-21T11:07:40,2025-12-21T00:43:32
SHP00011854,ORD00011854,USPS,2025-02-14,2025-02-16,2025-02-20,30.01,2025-02-14T13:19:41,2025-02-21T14:53:38
SHP00011855,ORD00011855,XPO,2024-09-02,2024-09-07,,24.71,2024-09-02T04:06:52,2025-12-02T04:55:46
SHP00011858,ORD00011858,DHL,2025-11-05,2025-11-10,2025-11-07,9.69,2025-11-05T11:57:49,2025-12-02T16:32:42
SHP00011859,ORD00011859,FedEx,2024-09-08,2024-09-11,,4.51,2024-09-08T09:59:59,2025-09-12T08:44:08
SHP00011865,ORD00011865,XPO,2025-08-25,2025-08-31,,30.5,2025-08-25T22:49:17,2026-01-04T08:49:23
SHP00011866,ORD00011866,USPS,2024-06-01,2024-06-03,2024-06-03,8.33,2024-06-01T12:24:28,2026-02-12T01:35:50
SHP00011867,ORD00011867,USPS,2025-10-01,2025-10-07,,31.07,2025-10-01T04:53:07,2025-10-24T22:59:04
SHP00011868,ORD00011868,OnTrac,2025-01-16,2025-01-19,,30.17,2025-01-16T02:03:11,2026-02-03T09:51:30
SHP00011871,ORD00011871,DHL,2025-10-09,2025-10-14,2025-10-12,15.85,2025-10-09T01:39:40,2025-11-27T10:17:31
SHP00011872,ORD00011872,UPS,2024-12-18,2024-12-22,,11.19,2024-12-18T12:11:31,2025-04-03T22:51:29
SHP00011873,ORD00011873,FedEx,2025-10-07,2025-10-09,2025-10-09,14.66,2025-10-07T04:15:51,2025-10-27T20:42:12
SHP00011874,ORD00011874,DHL,2024-04-19,2024-04-21,,13.72,2024-04-19T19:29:55,2025-06-01T15:37:41
SHP00011876,ORD00011876,USPS,2024-09-17,2024-09-23,2024-09-21,29.25,2024-09-17T23:10:29,2025-03-20T02:55:30
SHP00011877,ORD00011877,XPO,2025-08-26,2025-08-28,,36.07,2025-08-26T11:54:55,2025-10-09T21:41:59
SHP00011879,ORD00011879,OnTrac,2024-03-18,2024-03-20,2024-03-20,30.71,2024-03-18T19:06:06,2026-01-20T21:10:11
SHP00011881,ORD00011881,USPS,2024-01-06,2024-01-10,2024-01-10,10.51,2024-01-06T00:15:18,2025-11-02T15:48:08
SHP00011882,ORD00011882,OnTrac,2024-06-24,2024-06-27,2024-07-01,10.84,2024-06-24T06:08:04,2024-11-03T01:34:52
SHP00011883,ORD00011883,FedEx,2025-03-24,2025-03-26,2025-03-31,35.66,2025-03-24T19:35:16,2025-08-21T05:23:22
SHP00011885,ORD00011885,USPS,2024-10-14,2024-10-18,2024-10-16,30.58,2024-10-14T04:31:13,2025-12-16T10:21:50
SHP00011886,ORD00011886,UPS,2024-02-07,2024-02-12,2024-02-14,25.96,2024-02-07T10:57:22,2024-02-13T12:58:15
SHP00011887,ORD00011887,OnTrac,2025-08-17,2025-08-19,,35.47,2025-08-17T06:58:51,2026-02-18T08:31:00
SHP00011888,ORD00011888,OnTrac,2025-04-16,2025-04-18,,25.75,2025-04-16T01:53:58,2025-05-01T12:53:08
SHP00011889,ORD00011889,UPS,2024-04-05,2024-04-09,2024-04-12,26.64,2024-04-05T01:38:52,2025-06-12T05:42:18
SHP00011894,ORD00011894,OnTrac,2024-01-07,2024-01-13,2024-01-11,15.08,2024-01-07T20:29:37,2025-03-12T06:34:52
SHP00011895,ORD00011895,DHL,2025-05-26,2025-05-30,,28.62,2025-05-26T18:09:13,2025-05-31T14:47:35
SHP00011899,ORD00011899,DHL,2025-09-16,2025-09-18,2025-09-17,23.18,2025-09-16T18:56:57,2025-09-23T17:46:59
SHP00011900,ORD00011900,FedEx,2025-10-14,2025-10-18,2025-10-17,34.69,2025-10-14T06:37:35,2025-11-20T14:58:44
SHP00011904,ORD00011904,XPO,2024-06-14,2024-06-16,,38.95,2024-06-14T13:38:06,2025-02-14T07:49:04
SHP00011905,ORD00011905,OnTrac,2024-08-09,2024-08-15,2024-08-16,39.19,2024-08-09T02:20:40,2025-11-08T15:54:38
SHP00011908,ORD00011908,DHL,2024-03-27,2024-03-30,,19.88,2024-03-27T07:42:00,2025-07-23T18:29:39
SHP00011909,ORD00011909,USPS,2025-12-30,2026-01-01,,18.71,2025-12-30T19:55:27,2026-01-09T21:21:17
SHP00011910,ORD00011910,OnTrac,2024-04-30,2024-05-02,2024-05-07,18.28,2024-04-30T19:17:04,2024-10-19T09:58:41
SHP00011912,ORD00011912,USPS,2025-02-16,2025-02-20,2025-02-21,31.13,2025-02-16T07:03:38,2025-02-18T06:54:54
SHP00011913,ORD00011913,OnTrac,2025-02-27,2025-03-03,2025-03-05,24.68,2025-02-27T11:18:29,2026-02-09T03:32:51
SHP00011914,ORD00011914,FedEx,2024-09-09,2024-09-14,2024-09-15,20.78,2024-09-09T16:27:52,2026-02-09T10:47:24
SHP00011915,ORD00011915,USPS,2025-07-07,2025-07-10,2025-07-13,37.94,2025-07-07T22:31:32,2025-09-19T02:04:47
SHP00011918,ORD00011918,USPS,2025-10-03,2025-10-08,2025-10-10,24.35,2025-10-03T15:59:47,2026-01-28T08:30:25
SHP00011920,ORD00011920,USPS,2025-07-31,2025-08-02,,19.47,2025-07-31T07:32:16,2025-10-26T12:02:39
SHP00011922,ORD00011922,DHL,2025-04-01,2025-04-06,2025-04-08,8.54,2025-04-01T20:14:02,2025-07-18T10:07:57
SHP00011924,ORD00011924,FedEx,2024-12-21,2024-12-23,,28.31,2024-12-21T15:38:59,2025-12-21T20:49:03
SHP00011925,ORD00011925,FedEx,2025-12-29,2026-01-02,2026-01-03,23.91,2025-12-29T19:24:06,2026-02-22T16:48:03
SHP00011926,ORD00011926,USPS,2024-06-04,2024-06-10,2024-06-10,39.54,2024-06-04T16:15:44,2025-11-30T13:53:41
SHP00011927,ORD00011927,XPO,2025-10-13,2025-10-15,,33.54,2025-10-13T18:40:37,2026-02-15T00:58:56
SHP00011928,ORD00011928,UPS,2025-08-23,2025-08-27,,7.78,2025-08-23T10:03:31,2025-12-14T08:17:42
SHP00011929,ORD00011929,USPS,2025-09-07,2025-09-12,2025-09-09,13.29,2025-09-07T17:07:17,2026-02-18T01:41:44
SHP00011932,ORD00011932,FedEx,2024-03-19,2024-03-24,2024-03-26,39.99,2024-03-19T13:31:32,2026-02-28T08:33:19
SHP00011933,ORD00011933,DHL,2024-11-30,2024-12-03,,37.84,2024-11-30T11:30:08,2025-04-22T07:00:31
SHP00011934,ORD00011934,FedEx,2024-05-31,2024-06-03,2024-06-04,15.55,2024-05-31T01:29:56,2025-01-25T20:08:44
SHP00011936,ORD00011936,USPS,2024-11-15,2024-11-18,2024-11-21,14.41,2024-11-15T05:16:29,2025-07-16T13:48:35
SHP00011937,ORD00011937,XPO,2024-12-14,2024-12-17,,17.82,2024-12-14T06:39:13,2025-11-12T20:06:51
SHP00011939,ORD00011939,OnTrac,2024-12-10,2024-12-15,2024-12-12,34.52,2024-12-10T21:12:24,2024-12-20T04:32:12
SHP00011940,ORD00011940,UPS,2024-08-16,2024-08-20,2024-08-22,30.53,2024-08-16T22:04:48,2025-01-11T18:43:33
SHP00011941,ORD00011941,UPS,2025-04-23,2025-04-27,2025-04-25,25.35,2025-04-23T10:07:43,2025-09-11T04:17:48
SHP00011944,ORD00011944,USPS,2025-03-11,2025-03-15,2025-03-12,15.48,2025-03-11T01:54:41,2025-08-20T16:24:34
SHP00011945,ORD00011945,FedEx,2025-01-10,2025-01-12,2025-01-16,12.24,2025-01-10T19:23:33,2025-05-31T04:15:46
SHP00011948,ORD00011948,XPO,2024-07-17,2024-07-23,2024-07-18,5.48,2024-07-17T11:03:13,2024-08-13T21:16:31
SHP00011949,ORD00011949,DHL,2025-06-13,2025-06-15,2025-06-19,16.25,2025-06-13T09:11:29,2025-06-23T04:15:58
SHP00011951,ORD00011951,FedEx,2025-03-06,2025-03-09,,28.85,2025-03-06T18:22:49,2025-09-18T08:35:19
SHP00011953,ORD00011953,XPO,2024-08-05,2024-08-10,2024-08-09,19.7,2024-08-05T20:55:54,2025-07-23T13:54:29
SHP00011958,ORD00011958,UPS,2024-04-22,2024-04-28,2024-04-23,6.72,2024-04-22T13:21:10,2024-07-18T09:24:19
SHP00011959,ORD00011959,UPS,2024-07-02,2024-07-04,2024-07-06,36.75,2024-07-02T21:09:40,2024-11-20T18:58:55
SHP00011960,ORD00011960,OnTrac,2025-05-06,2025-05-11,2025-05-11,16.78,2025-05-06T07:57:22,2025-12-18T18:54:59
SHP00011961,ORD00011961,OnTrac,2026-01-06,2026-01-12,2026-01-07,12.64,2026-01-06T05:04:17,2026-01-29T07:40:34
SHP00011962,ORD00011962,OnTrac,2024-12-28,2024-12-31,2025-01-02,18.56,2024-12-28T04:35:23,2025-06-23T14:08:53
SHP00011963,ORD00011963,UPS,2025-02-06,2025-02-11,,25.0,2025-02-06T14:19:51,2025-10-17T05:23:14
SHP00011964,ORD00011964,UPS,2026-02-07,2026-02-13,2026-02-08,10.65,2026-02-07T13:32:13,2026-02-11T03:47:00
SHP00011965,ORD00011965,DHL,2024-12-23,2024-12-28,2024-12-30,37.65,2024-12-23T05:54:30,2026-02-25T18:25:05
SHP00011966,ORD00011966,DHL,2025-04-18,2025-04-23,2025-04-24,11.66,2025-04-18T01:09:10,2025-06-26T13:05:17
SHP00011968,ORD00011968,UPS,2025-06-15,2025-06-21,2025-06-22,33.69,2025-06-15T22:58:32,2025-08-26T13:21:20
SHP00011969,ORD00011969,DHL,2025-09-06,2025-09-10,2025-09-09,7.32,2025-09-06T02:54:28,2026-01-02T04:47:19
SHP00011976,ORD00011976,DHL,2024-07-12,2024-07-16,2024-07-15,9.54,2024-07-12T15:01:49,2025-11-26T03:56:23
SHP00011978,ORD00011978,USPS,2024-07-07,2024-07-10,2024-07-12,11.95,2024-07-07T06:08:11,2025-12-09T16:37:58
SHP00011979,ORD00011979,OnTrac,2024-06-20,2024-06-25,2024-06-21,32.09,2024-06-20T04:04:02,2025-01-14T08:57:25
SHP00011980,ORD00011980,DHL,2025-03-04,2025-03-10,2025-03-11,21.94,2025-03-04T03:30:54,2025-12-31T06:00:49
SHP00011981,ORD00011981,USPS,2024-01-29,2024-02-02,2024-02-02,7.61,2024-01-29T16:43:00,2024-04-01T19:58:54
SHP00011985,ORD00011985,OnTrac,2024-01-29,2024-02-02,2024-02-03,30.24,2024-01-29T05:39:31,2024-09-03T20:31:26
SHP00011986,ORD00011986,UPS,2024-04-30,2024-05-03,,6.46,2024-04-30T21:23:59,2026-02-13T07:22:45
SHP00011987,ORD00011987,USPS,2024-03-14,2024-03-16,2024-03-20,17.59,2024-03-14T09:57:18,2026-01-02T22:42:49
SHP00011989,ORD00011989,FedEx,2024-05-27,2024-05-31,2024-06-02,9.09,2024-05-27T08:23:57,2024-10-12T07:34:39
SHP00011990,ORD00011990,OnTrac,2024-12-31,2025-01-05,,14.61,2024-12-31T23:14:31,2025-07-21T05:29:46
SHP00011993,ORD00011993,DHL,2025-07-03,2025-07-08,,12.98,2025-07-03T18:41:28,2025-09-27T17:29:49
SHP00011994,ORD00011994,OnTrac,2024-08-29,2024-09-01,2024-09-01,9.3,2024-08-29T13:16:21,2025-08-28T19:27:04
SHP00011996,ORD00011996,DHL,2025-07-31,2025-08-06,2025-08-07,31.06,2025-07-31T11:36:54,2026-01-20T01:03:00
SHP00011997,ORD00011997,DHL,2024-04-23,2024-04-29,,14.37,2024-04-23T23:32:33,2025-12-01T13:05:23
SHP00011998,ORD00011998,OnTrac,2024-01-19,2024-01-22,2024-01-22,29.53,2024-01-19T18:47:24,2025-01-19T16:35:47
SHP00011999,ORD00011999,DHL,2024-05-31,2024-06-06,,18.49,2024-05-31T19:57:30,2026-02-06T22:54:16
SHP00012000,ORD00012000,OnTrac,2024-03-15,2024-03-20,2024-03-22,5.17,2024-03-15T00:07:40,2025-12-06T03:55:03
